SEASON,"Series 
Code",MONTH,REGION,PROVINCE,MUNICIPALITY,BARANGAY,LATTITUDE,LONGITUDE,"CROP 
AFFECTED","DATE
 PLANTED","TOTAL AREA 
PLANTED",VARIETY,"GROWTH
 STAGE ","PEST 
OBSERVED","Monitored/Validated 
(Has.)","TOTAL AREA 
AFFECTED (ha)","PERCENT
 INFESTATION",Severity,"NO. OF INSECTS
 PER HILL","TOTAL AREA 
TREATED (ha)","TOTAL AREA 
UNTREATED (ha)","ACTION
 TAKEN",REMARKS,"DATE 
REPORTED ","NO. OF AFFECTED 
FARMER",YEAR
DS 2021-2022,,November,II,Cagayan,Tuguegarao,Carig Sur,17.6622,121.7483,Eggplant,,5,Fortuner,Fruiting,Fruit borer/ Top Borer/ Aphids,5,5,6,,,5,0,Validated and recommended farmers to spray organic insecticide and Advised Farmers to follow application of BCA's,"November 19, 2021","November 19, 2021",2,2021
DS 2021-2022,,November,II,Cagayan,Tuguegarao,Carig Sur,17.6622,121.7483,Pole Sitao,,,Fortuner,Fruiting,Fruit borer/ Top Borer/ Aphids,5,,,,,,,,,,,2021
DS 2021-2022,,November,ii,Cagayan,Solana,Cadaanan,17.6122,121.6364,Eggplant,,5,Morena,Fruiting,Fruit borer/ Top Borer,5,5,6,,,5,0,Validated and recommended farmers to spray organic insecticide and Advised Farmers to follow application of BCA's,"November 19, 2021","November 19, 2021",3,2021
DS 2021-2022,,February,II,Quirino,Aglipay,Malumin,16.471325,121.602761,Watermelon,,6.5,Sweet 166,Flowering - Fruiting Stage,Blight,6.5,6.5,15,,,6.5,0,Validated and recommended farmers to spray fungicide.,"February 4, 2021","February 4, 2021",9,2021
DS 2021-2022,,February,II,Nueva Vizcaya,Bambang,San Leonardo,16.39329,121.07754,Onion,,1,"Red Pinoy, Red Dragon",50 days,"Cutworm, Armyworm",1,1,60,,,1,0,Validated and recommended farmers to spray Insectice.,"February 4, 2021","February 4, 2021",1,2021
DS 2021-2022,,February,II,Nueva Vizcaya,Dupax del sur,Gabut,16.322343,121.322343,Onion,,8.55,"Red Pinoy, Red Dragon",61 days,"Cutworm, Armyworm",8.55,8.55,10,,,8.55,0,DA provided Insecticide for management,"February 4, 2021","February 4, 2021",14,2021
DS 2021-2022,,February,II,Nueva Vizcaya,Bambang,San Leonardo,16.39329,121.07754,Onion,,5,"Red Pinoy, Red Dragon",50 days,"Cutworm, Armyworm",5,5,30,,,5,0,Validated and recommended farmers to spray Insectice.,"February 12, 2021","February 12, 2021",20,2021
DS 2021-2022,,February,II,Nueva Vizcaya,Bambang,Manamtam,16.401494,121.082322,Onion,,15,"Red Pinoy, Red Dragon",55 days,"Cutworm, Armyworm",15,5,10,,,5,0,Validated and BPI provided chemicals.,"Ferbruary 18, 2022","Ferbruary 18, 2022",13,2021
DS 2021-2022,,February,II,Nueva Vizcaya,Sta Fe,Baliling,16.188028,121.947836,Onion,,10,"Red Pinoy, Red Dragon",54 days,"Cutworm, Armyworm",10,3,10,,,3,0,Validated and BPI provided chemicals.,"Ferbruary 18, 2022","Ferbruary 18, 2022",9,2021
DS 2021-2022,,February,II,Nueva Vizcaya,Ariato,Nagcuartelan,16.272866,121.021173,Onion,,60,"Red Pinoy, Red Dragon",52 days,Twister,60,0.5,20,,,0.5,0,Validated aand recommended farmer to spray fungicide,"Ferbruary 18, 2022","Ferbruary 18, 2022",1,2021
DS 2021-2022,,February,II,Cagayan,Gonzaga,Magrafil,18.287287,122.07193,Water Melon,,2.25,Golden Boy,Vegetative,Melon Worm,2.25,2.25,10,,,2.5,0,Validated aand recommended farmer to spray Insecticide,"February 26, 2022","February 26, 2022",1,2021
DS 2021-2022,,February,II,Nueva Vizcaya,Bambang,Sto Domingo,16.405333,121.099092,Onion,,15,"Red Allium, Red Pinoy, Red Dragon",Reproductive,"Cutworm, Armyworm",15,6,30,,,6,0,DA-NVES and DA-RCPC 02 provided chemicals for initial management,"February 26, 2022","February 26, 2022",1,2021
DS 2021-2022,,February,II,Cagayan,Tuguegarao,Linao Norte,17.655614,121.72653,Eggplant,,2,Bnate king F1,Flowering,Shoot Borer,2,0.75,20,,,0.75,0,Validated and recommended farmer to spray Insecticide,"March 4, 2022","March 4, 2022",1,2021
WS 2023,,May,II,Isabela,Cauayan City,Faustino,16.916766,121.626639,Eggplant,,0.4,"Fortuner F1, Calixto F1",Fruiting Stage,Fruit borer,0.4,0.02,/5,,,0.4,0,Farmers Sprayed insecticide to control fruit borer.,"May 19, 2023","May 19, 2023",1,2023
WS 2023,,May,II,Cagayan,Sta Ana,Sitio Racat Rapuli,18.407023,122.13657,Pineapple,,13,Hawaian,Fruiting phase,White Grub,13,9.3,15,,,_,_,The DA-RCPC advise the farmers to apply insecticide/Farmers already apply management before the validation/Late Reported,"May 10, 2023","May 10, 2023",9,2023
WS 2023,,May,II,Cagayan,Sta. Ana,Sitio Racat Rapuli,18.411359,122.15111,Pineapple,,13,Hawaian,Fruiting Phase,Mealy bug,13,2.5,10,,,_,_,The DA-RCPC advise the farmers to apply insecticide/Farmers already apply management before the validation/Late Reported,"May 10, 2023","May 10, 2023",3,2023
WS 2023,,June,II,Isabela,Burgos,Dalig Viejo,17.0314,121.717,Calamansi,,9,Calamondin,Fruiting,Gummosis,9,9,5,,,,9,Advised farmers to conduct pruning to control the gummosis disease.,"June 7, 2023","June 7, 2023",13,2023
WS 2023,,June,II,Isabela,Burgos,Bacnor East,17.0286,121.7127,Calamansi,,7,Calamondin,Fruiting,Gummosis,7,7,5,,,,7,Advised farmers to conduct pruning to control the gummosis disease.,"June 7, 2023","June 7, 2023",14,2023
WS 2023,,June,II,Isabela,Burgos,Catabban,17.0337,121.7432,Calamansi,,5,Calamondin,Fruiting,Gummosis,5,5,5,,,,5,Advised farmers to conduct pruning to control the gummosis disease.,"June 7, 2023","June 7, 2023",7,2023
WS 2023,,June,II,Isabela,Aurora,Calabaza,16.9781,121.6273,Calamansi,,15,Calamondin,Fruiting,Gummosis,15,15,5,,,,15,Advised farmers to conduct pruning to control the gummosis disease.,"June 7, 2023","June 7, 2023",21,2023
WS 2023,,June,II,Isabela,Aurora,Macatal,16.9649,121.6007,Calamansi,,18,Calamondin,Fruiting,Gummosis,18,18,5,,,,18,Advised farmers to conduct pruning to control the gummosis disease.,"June 7, 2023","June 7, 2023",23,2023
WS 2023,,June,II,Isabela,Aurora,San Andres,16.9649,121.6007,Calamansi,,20,Calamondin,Fruiting,Gummosis,20,20,5,,,,20,Advised farmers to conduct pruning to control the gummosis disease.,"June 7, 2023","June 7, 2023",28,2023
WS 2023,,June,II,Isabela,Aurora,Sili,16.97863,121.6379,Calamansi,,7.5,Calamondin,Fruiting phase,Gummosis,7.5,7.5,5,,,_,7.5,Advised farmer to conduct prunning in the infected parts.,"June 29, 2023","June 29, 2023",9,2023
WS 2023,,June,II,Isabela,Aurora,Kalabaza,16.97742,121.6363,Calamansi,,8,Calamondin,Fruiting phase,Gummosis,8,8,5,,,_,8,Advised farmer to conduct prunning in the infected parts.,"June 29, 2023","June 29, 2023",12,2023
WS 2023,,July,II,Cagayan,Sanchez Mira,Centro 2,18.563034,121.230514,Cacao,,1.6/1000 seedlings,"Uf-18, Pbc123, Br25, W-10",Flowering,White Grub,1.6/1000 seedlings,.75/700 trees,20,,,_,.75/700 trees,DA-RCPC advise tha farmers to apply insecticide (furadan) for the management of white grub.,"July 07,2023","July 07,2023",2,2023
WS 2023,,July,II,Isabela,San Agustin,Panang,16.420645,121.733562,Cacao,,11,Brazilian,Fruting,Black pod rot,11,4,30,,,0,11,During validation we observed their farming practice which is inter cropping. We advised the farmers to conduct pruning to avoid overloping of trees and to minimize the disease and pest incidence. We also advised them to spray BCA for further management.,"July 11, 2023","July 11, 2023",1,2023
WS 2023,,July,II,Isabela,San Agustin,Rang-ay,16.462972,121.770756,Cacao,,0.3,Brazilian,Fruiting,Black pod rot,0.3,0.21,70,,,,0.3,During validation we observed their farming practice which is inter cropping. We advised the farmers to conduct pruning to avoid overloping of trees and to minimize the disease and pest incidence. We also advised them to spray BCA for further management.,"July 11, 2023","July 11, 2023",1,2023
WS 2023,,July,II,Quirino,Cabarroguis,Burgos,16.440342,121.5131,Coffee,,20,"Robusta, Excelsa",Reproductive,Coffee leaf rust,20,20,5,,,_,20,Advised farmers to prune infected leaves and branches to help stop the spread of the disease and promote a new growth. We also advised them to clean its surroundings by removing weeds that host rust.,"July 13, 2023","July 13, 2023",18,2023
WS 2023,,July,II,Quirino,Aglipay,Ligaya,16.488107,121.585095,Cacao,,3,Brazilian,Reproductive,Black pod rot,3,3,15,,,_,3,Advised farmers to remove all cacao pods that shows symptoms of the disease and prune the cacao trees to provide or increase sunlight and airflow in the canopy. We also advised them to clean the soroundings by brushing weeds in the ground to reduce the moisture around the trees and spray Isaria(biocontrol agents) for further management.,"July 11, 2023","July 11, 2023",2,2023
WS 2023,,July,II,Quirino,Cabarroguis,Burgos,16.438715,121.508013,Cacao,,5,Brazilian,Reproductive,Black pod rot,5,5,15,,,_,5,Advised farmers to remove all cacao pods that shows symptoms of the disease and prune the cacao trees to provide or increase sunlight and airflow in the canopy. We also advised them to clean the soroundings by brushing weeds in the ground to reduce the moisture around the trees and spray Isaria(biocontrol agents) for further management.,"July 13, 2023","July 13, 2023",6,2023
WS 2023,,July,II,Quirino,Cabarroguis,Sto. Domingo,16.49513,121.530122,Coffee,,3,"Rubosta, Excelsa",Reproductive,Coffee leaf rust,3,3,5,,,0,3,Advised farmers to prune infected leaves and branches to help stop the spread of the disease and promote a new growth. We also advised them to clean its surroundings by removing weeds that host rust.,"July 19, 2023","July 19, 2023",5,2023
WS 2023,,July,II,Isabela,Jones,Payac,16.57526,121.6917,Cacao,,1.5,"BR25, K Series",Fruiting,Black Pod Rot,1.5,0.5,5,,,_,1.5,We advised the farmers to conduct pruning to avoid overloping of trees and to minimize the disease and pest incidence. We also advised them to spray BCA for further management.,"July 18, 2023","July 18, 2023",1,2023
WS 2023,,July,II,Isabela,Jones,Payac,16.57483,121.6913,Cacao,,1.5,"BR25, K Series, Cm79",Fruiting,Bark Borer,1.5,0.3,5,,,_,1.5,We advised farmers to conduct pruning to avoid excess moisture which attracts borer in order to control pest incidence. We also advised them to spray insecticide to completely eradicate the pest causing diseases.,"July 18, 2023","July 18, 2023",1,2023
WS 2023,,July,II,Isabela,Cabatuan,Sitio Malasin Macalaoat,16.96543,121.6481,Bell pepper,,0.2,Sultan F1,Fruiting,Fruit rot,0.2,0.05,5,,,0.2,_,We advised farmers to spray fungicide and we also advised them to prune excess foliage to avoid the compitition of nutrients which allows the plant to focus on its fruits avoiding calcium deficiency which is one of the reasons that causes rotting of fruit.,"July 17, 2023","July 17, 2023",1,2023
WS 2023,,August,II,Quirino,Diffun,Cajel,16.54858,121.5307,Bush Sitao,,1,Tudo,Reproductive,Aphids,1,1,5,,,1,0,Advised farmers to spray insecticide for management,,,2,2023
WS 2023,,August,II,Quirino,Diffun,Cajel,16.5488,121.5306,Eggplant,,2,"Calixto, Morena",Reproductive,Fruit Borer,2,2,5,,,2,0,Advised farmers to spray insecticide for management,,,3,2023
WS 2023,,September,II,Isabela,Ilagan City,Sindun Maride,17.06801,121.9856,Cassava,,50,Rayong 72,Maturity,Brown spot,50,35,20,,,0,0,Advised farmers to harvest,,,20,2023
WS 2023,,September,II,Isabela,Ilagan City,17-21,17.06878,121.9761,Cassava,,45,Rayong 72,Maturity,Cassava Phytoplasma Disease,45,20,25,,,0,0,Advised farmers to harvest,,,20,2023
WS 2023,,September,II,Isabela,Ilagan City,9-11,17.07166,121.9729,Cassava,,50,KU 50,Maturity,Mealy bug,50,30,10,,,0,0,Advised farmers to harvest,,,20,2023
WS 2023,,September,II,Isabela,Ilagan City,17-21,17.06817,121.983,Cassava,,45,KU 50,Maturity,Mosaic,45,10,5,,,0,0,Advised farmers to harvest,,,12,2023
WS 2023,,September,II,Isabela,Aurora,Bannagao,16.99758,121.639141,Eggplant,,5,Long purple,Fruiting,Shoot Borer,5,5,10,,,5,_,Advised farmers to spray BCAs to manage the infestation of shoot borer.,Continuous monotoring,Continuous monotoring,8,2023
WS 2023,,September,II,Isabela,Jones,Linamanan,16.52697,121.652015,Eggplant,,1,Calixto F1,Fruiting,Shoot Borer,1,3,30,,,1,_,Advised farmers to use appropriate insecticide for the management of shoot borer.,,,6,2023
WS 2023,,September,II,Isabela,Aurora,Bannagao,16.99758,121.639141,Eggplant,,5,Long purple,Fruiting,Fruit borer,5,5,10,,,5,_,Advised farmers to spray BCAs to manage the infestation of fruit borer.,Continuous monotoring,Continuous monotoring,8,2023
WS 2023,,September,II,Isabela,Aurora,Bagong Tanza,16.9811,121.617397,Eggplant,,5,Long purple,Fruiting,Fruit borer,5,3,10,,,3,_,Advised farmers to spray BCAs to manage the infestation of fruit borer.,Continuous monotoring,Continuous monotoring,4,2023
WS 2023,,September,II,Isabela,Aurora,Bagong Tanza,16.97655,121.609242,Calamansi,,30,Calamondin,Fruiting,Gummosis,30,10,5,,,_,10,"Advised farmers to conduct pruning or removing the dark, diseased bark.",,,10,2023
WS 2023,,September,II,Isabela,Aurora,Kalabaza,16.98306,121.646572,Calamansi,,15,Calamondin,Fruiting,Gummosis,15,8,5,,,_,8,"Advised farmers to conduct pruning or removing the dark, diseased bark.",,,10,2023
WS 2023,,September,II,Isabela,Aurora,Macatal,16.9782,121.627251,Calamansi,,25,Calamondin,Fruiting,Gummosis,25,10,5,,,_,10,"Advised farmers to conduct pruning or removing the dark, diseased bark.",,,12,2023
WS 2023,,September,II,Isabela,Aurora,Kalabaza,16.97828,121.627186,Ampalaya,,1,Galaxy,Fruiting,Fruit fly,1,1,5,,,1,_,Advised farmers to put attractant for management.,,,2,2023
WS 2023,,September,II,Nueva Vizcaya,Diadi,Duruarog,16.617225,121.388863,Ginger,,6.06,Hawaii,Vegetative,Bacterial wilt,6.06,1.2,5,,,1.2,,DA provides fungicide for the management of bactereial wilt.,,,12,2023
WS 2023,,September,II,Isabela,Aurora,Bannagao,17.002556,121.693797,Eggplant,,3,Longpurple,Fruiting,Fruit borer,3,3,10,,,3,_,Advised farmers to spray BCAs to manage the infestation of fruit borer.,,,5,2023
WS 2023,,September,II,Isabela,Reina Mercedes,Banquero,17.024747,121.775625,Mungbean,,1,MG 29,Fruiting,Pod borer,1,1,15,,,0.5,_,Advised farmers to spray BCAs to manage the infestation of Pod borer.,,,1,2023
WS 2023,,September,II,Isabela,Luna,Sto. Domingo,17.021724,121.740826,Bottle gourd,,0. 5,Mayumi F1,Fruiting,Fruit fly,0. 5,0.5,15,,,0.5,_,Advised farmers to spray BCAs to manage the infestation of fruit fly.,,,1,2023
WS 2023,,September,II,Isabela,Cabatuan,"Sitio Malasin, Brgy. Macalaoat",16.966277,121.641035,Eggplant,,1,Calixto F1,Fruiting Stage,Fruit Borer,1,0.2,10,,,1,_,Advised farmers to prune the infested parts and spray insecticide to control the infestation of fruit borer.,Continuous monitoring.,Continuous monitoring.,3,2023
WS 2023,,September,II,Isabela,Cabatuan,"Sitio Malasin, Brgy. Macalaoat",16.966343,121.641003,Eggplant,,1,Calixto F1,Fruiting Stage,Shoot Borer,1,0.3,10,,,1,_,Advised farmers to prune the infested parts and spray insecticide to control the infestation of shoot borer.,Continuous monitoring.,Continuous monitoring.,3,2023
WS 2023,,October,II,Isabela,Aurora,Macatal,16.962921,121.596535,Eggplant,,3.5,Longpurple,Fruiting,Shoot Borer,3.5,3.5,10,,,3.5,_,Advised farmers to spray insecticide to manage the infestation of shoot borer.,,,5,2023
WS 2023,,October,II,Isabela,Aurora,Macatal,16.964712,121.605522,String beans,,1.2,Bongga,Fruiting,Aphids,1.2,1.2,15,,,1.2,_,Advised farmers to spray insecticide to manage the infestation of aphids.,,,5,2023
WS 2023,,October,II,Isabela,Aurora,San Andres,16.962643,121.595676,String beans,,0.5,Pantastiko,Fruiting,Aphids,0.5,0.5,15,,,0.5,_,Advised farmers to spray insecticide to manage the infestation of aphids.,,,2,2023
WS 2023,,October,II,Isabela,Aurora,Macatal,16.963181,121.605137,Kalamansi,,5.5,Calamondin,Fruiting,Gummosis,5.5,5.5,5,,,2,3.5,Advised farmers to conduct pruning.,,,5,2023
WS 2023,,October,II,Isabela,Aurora,San Andres,121.962756,121.595242,Kalamansi,,5,Calamondin,Fruiting,Gummosis,5,5,5,,,2,3,Advised farmers to conduct pruning.,,,8,2023
WS 2023,,October,II,Isabela,Aurora,Apiat,16.95969,121.593753,Kalamansi,,10,Calamondin,Fruiting,Gummosis,10,10,5,,,3,7,Advised farmers to conduct pruning.,,,18,2023
WS 2023,,October,II,Isabela,Aurora,Apiat,16.961461,121.596812,Upo,,2.5,Mayumi F1,Fruiting,Fruit fly,2.5,2.5,5,,,1.5,1,Advised farmers to put up insect traps.,,,8,2023
WS 2023,,October,II,Isabela,Aurora,Bagong Tanza,16.97506,121.618914,Ampalaya,,0.5,Galaxy,Fruiting,Fruit fly,0.5,0.5,5,,,0.5,_,Advised farmers to put up insect traps.,,,2,2023
WS 2023,,October,II,Isabela,Aurora,Bagong Tanza,16.971972,121.61322,Eggplant,,3.5,Longpurple,Fruiting,Fruit fly,3.5,3.5,5,,,3.5,_,Advised farmers to spray insecticide for the management of fruit fly.,,,5,2023
WS 2023,,October,II,Isabela,Aurora,Macatal,16.965528,121.601747,Upo,,1.5,Mayumi F1,Fruiting,Fruit fly,1.5,1.5,10,,,1.5,_,Advised farmers to put up insect traps.,,,7,2023
WS 2023,,October,II,Isabela,Roxas,San Pedro,17.1734,121.61605,Luffa Squash(Kabatiti),,0.2,Primera Grande F1,Flowering,Leaf Miner,0.2,0.2,5,,,0.2,0,Advice Farmer to spray insecticide and close monitoring,,,1,2023
WS 2023,,October,II,Isabela,Jones,Payac,16.5759,121.69127,Cacao,,1,k9,Fruiting,Pod borer,1,0.1,10,,,,1,advice farmer spray BIO-control agents for the management pest of cacao,,,1,2023
WS 2023,,October,II,Isabela,Mallig,San Jose sur,17.187995,121.572297,Onion,,3.2,Red Dragon/Golden Pinoy,Vegetative,Onion flies/Mole cricket,3.2,3.2,10,,,3.2,0,Advised farmers to spray insectide and apply BCAs.,,,1,2023
WS 2023,,October,II,Isabela,Mallig,San Jose sur,17.189403,121.57837,Squash,,2.2,Malandi/Sofia,Seedling,Squash Lady Beetle,2.2,2.2,15,,,2.2,0,Advised farmers to spray insectide and apply BCAs.,,,3,2023
WS 2023,,October,II,Isabela,Mallig,San Jose sur,17.188858,121.578608,Bitter Gourd,,1.7,Galaxy Max F1,Vegetative,Fruit fly,1.7,1.7,10,,,1.7,0,Advised farmers to spray insectide and apply BCAs.,,,3,2023
WS 2023,,October,II,Isabela,Ramon,Burgos,16.801795,121.519107,Cacao,,5,"W10,Br25, PBC 123, CF18",Fruiting Stage,Pod rot,5,0.5,10,,,5,,Advised farmer to spray fungicide to control the infection caused by pod rot and we also advised to do a close monitoring.,RCPC distributed fungicide for the management of the disease (rodomil Gold) @ 5 kgs.,RCPC distributed fungicide for the management of the disease (rodomil Gold) @ 5 kgs.,1,2023
WS 2023,,October,II,Isabela,Ramon,Burgos,16.802032,121.519107,Cacao,,5,"W10,Br25, PBC 123, CF18",Fruiting Stage,Aphids,5,0.1,5,,,5,,Advised farmer to spraying insecticide to control the infestation of aphids and we advised to conduct a close monitoring.,,,1,2023
WS 2023,,October,II,Isabela,Reina Mercedes,Binarsang,17.030537,121.74992,Bottle gourd,,0.5,Mayumi,Fruiting,Fruit fly,0.5,0.5,15,,,0.5,0,Advised farmers to spray insecticide to management the incidence of fruit fly.,"Revalidation (October 27, 2023)","Revalidation (October 27, 2023)",2,2023
WS 2023,,October,II,Isabela,Reina Mercedes,Binarsang,17.031391,121.75168,Pole Sitao,,1.5,Fantastico,Fruiting,Aphids,1.5,1.5,15,,,1.5,0,Advised farmers to spray insecticide to management the incidence of aphids..,"Revalidation (October 27, 2023)","Revalidation (October 27, 2023)",7,2023
WS 2023,,October,II,Isabela,Aurora,Diamantina,16.995866,121.655,Eggplant,,1.5,Longpurple,Vegetative,Fruit borer,1.5,1.5,10,,,1.5,0,Advised farmers to spray insecticide to management the incidence of fruit borer.,,,2,2023
WS 2023,,November,II,Isabela,Aurora,Dalig Kalinga,17.004108,121.70049,Eggplant,,2,Longpurple,Fruiting,Fruit borer,2,2,15,,,2,0,Advised farmers to spray insecticide to management the incidence of fruit borer.,,,4,2023
WS 2023,,November,II,Isabela,Roxas,Sinamar,17.175333,121.56104,Sitao,,0.5,Bonga,Fruiting,Leaf Miner,0.5,0.5,30,,,0.5,0,Advised farmers to spray insecticide to manage the infestation of leaf miner.,,,2,2023
WS 2023,,November,II,Isabela,Roxas,Marcos,17.172082,121.59733,Tomato,,2,Diamante Max,Flowering,Fruit fly,2,2,5,,,2,0,DA RCPC 02 provides insecticide (Gold) for the management of fruit fly.,,,2,2023
WS 2023,,November,II,Isabela,Mallig,San Jose Sur,17.188472,121.57318,Onion,,3.2,Red Dragon,Vegetative,Onion Flies,3.2,3.2,3,,,3.2,0,DA-RCPC provides insecticide (Gold insecticide) and 150 cards of Trichogramma for the management of onion flies.,,,2,2023
WS 2023,,November,II,Nueva Vizcaya,Bagabag,Bakir,16.638304,121.22509,Onion,,0.33,Super pinoy,Vegetative,Twister,0.33,0.33,10,,,0.33,0,DA RCPC provides lure for the management of twister.,,,2,2023
WS 2023,,November,II,Nueva Vizcaya,Bagabag,Paniki,16.405285,121.21257,Onion,,6.5,Shallot batanes red,Vegetative,Twister,6.5,6.5,10,,,6.5,0,DA RCPC provides lure for the management of twister.,,,2,2023
WS 2023,,November,II,Nueva Vizcaya,Bagabag,Nangalisan,16.634385,121.19632,Onion,,0.35,Super pinoy,Vegetative,Twister,0.35,0.35,10,,,0.35,0,DA RCPC provides lure for the management of twister.,,,1,2023
DS 2021-2022,,November,II,Cagayan,Tuguegarao City,Carig Sur,17.6622,121.7483,Eggplant,,5,Fortuner,Fruiting Stage,Fruit borer/ Top Borer/ Aphids,,5,6,9,,5,0,Validated and recommended farmers to spray organic insecticide and Advised Farmers to follow application of BCA's,,"November 19, 2021",2,2021
DS 2021-2022,,November,II,Cagayan,Tuguegarao City,Carig Sur,17.6622,121.7483,Pole Sitao,,,Fortuner,Fruiting Stage,Fruit borer/ Top Borer/ Aphids,,,5,9,,,,,,,,2021
DS 2021-2022,,November,ii,Cagayan,Solana,Cadaanan,17.6122,121.6364,Eggplant,,5,Morena,Fruiting Stage,Fruit borer/ Top Borer,,5,6,9,,5,0,Validated and recommended farmers to spray organic insecticide and Advised Farmers to follow application of BCA's,,"November 19, 2021",3,2021
DS 2021-2022,,February,II,Quirino,Aglipay,Malumin,16.471325,121.602761,Water Melon,,6.5,Sweet 166,Flowering,Blight,,6.5,15,9,,6.5,0,Validated and recommended farmers to spray fungicide.,,"February 4, 2021",9,2021
DS 2021-2022,,February,II,Nueva Vizcaya,Bambang,San Leonardo,16.39329,121.07754,Onion,,1,"Red Pinoy, Red Dragon",50 days,"Cutworm, Armyworm",,1,60,9,,1,0,Validated and recommended farmers to spray Insectice.,,"February 4, 2021",1,2021
DS 2021-2022,,February,II,Nueva Vizcaya,Dupax del sur,Gabut,16.322343,121.322343,Onion,,8.55,"Red Pinoy, Red Dragon",61 days,"Cutworm, Armyworm",,8.55,10,9,,8.55,0,DA provided Insecticide for management,,"February 4, 2021",14,2021
DS 2021-2022,,February,II,Nueva Vizcaya,Bambang,San Leonardo,16.39329,121.07754,Onion,,5,"Red Pinoy, Red Dragon",50 days,"Cutworm, Armyworm",,5,30,9,,5,0,Validated and recommended farmers to spray Insectice.,,"February 12, 2021",20,2021
DS 2021-2022,,February,II,Nueva Vizcaya,Bambang,Manamtam,16.401494,121.082322,Onion,,15,"Red Pinoy, Red Dragon",55 days,"Cutworm, Armyworm",,5,10,9,,5,0,Validated and BPI provided chemicals.,,"Ferbruary 18, 2022",13,2021
DS 2021-2022,,February,II,Nueva Vizcaya,Aritao,Nagcuartelan,16.272866,121.021173,Onion,,60,"Red Pinoy, Red Dragon",52 days,Twister,,0.5,20,9,,0.5,0,Validated aand recommended farmer to spray fungicide,,"Ferbruary 18, 2022",1,2021
DS 2021-2022,,February,II,Cagayan,Gonzaga,Magrafil,18.287287,122.07193,Water Melon,,2.25,Golden Boy,Vegetative,Melon Worm,,2.25,10,9,,2.5,0,Validated aand recommended farmer to spray Insecticide,,"February 26, 2022",1,2021
DS 2021-2022,,February,II,Nueva Vizcaya,Bambang,Sto Domingo,16.405333,121.099092,Onion,,15,"Red Allium, Red Pinoy, Red Dragon",Reproductive,"Cutworm, Armyworm",,6,30,9,,6,0,DA-NVES and DA-RCPC 02 provided chemicals for initial management,,"February 26, 2022",1,2021
DS 2021-2022,,February,II,Cagayan,Tuguegarao City,Linao Norte,17.655614,121.72653,Eggplant,,2,Bnate king F1,Flowering,Shoot Borer,,0.75,20,9,,0.75,0,Validated and recommended farmer to spray Insecticide,,"March 4, 2022",1,2021
WS 2023,,May,II,Isabela,Cauayan  City,Faustino,16.916766,121.626639,Eggplant,,0.4,"Fortuner F1, Calixto F1",Fruiting Stage,Fruit borer,,0.02,5,9,,0.4,0,Farmers Sprayed insecticide to control fruit borer.,,"May 19, 2023",1,2021
WS 2023,,May,II,Cagayan,Sta. Ana,Sitio Racat Rapuli,18.407023,122.13657,Pineapple,,13,Hawaian,Fruiting Stage,White Grub,,9.3,15,9,,_,_,The DA-RCPC advise the farmers to apply insecticide/Farmers already apply management before the validation/Late Reported,,"May 10, 2023",9,
WS 2023,,May,II,Cagayan,Sta. Ana,Sitio Racat Rapuli,18.411359,122.15111,Pineapple,,13,Hawaian,Fruiting Stage,Mealy bug,,2.5,10,9,,_,_,The DA-RCPC advise the farmers to apply insecticide/Farmers already apply management before the validation/Late Reported,,"May 10, 2023",3,
WS 2023,,June,II,Isabela,Burgos,Dalig Viejo,17.0314,121.717,Calamansi,,9,Calamondin,Fruiting Stage,Gummosis,,9,5,9,,,9,Advised farmers to conduct pruning to control the gummosis disease.,,"June 7, 2023",13,
WS 2023,,June,II,Isabela,Burgos,Bacnor East,17.0286,121.7127,Calamansi,,7,Calamondin,Fruiting Stage,Gummosis,,7,5,9,,,7,Advised farmers to conduct pruning to control the gummosis disease.,,"June 7, 2023",14,
WS 2023,,June,II,Isabela,Burgos,Catabban,17.0337,121.7432,Calamansi,,5,Calamondin,Fruiting Stage,Gummosis,,5,5,9,,,5,Advised farmers to conduct pruning to control the gummosis disease.,,"June 07, 2023",7,
WS 2023,,June,II,Isabela,Aurora,Calabaza,16.9781,121.6273,Calamansi,,15,Calamondin,Fruiting Stage,Gummosis,,15,5,9,,,15,Advised farmers to conduct pruning to control the gummosis disease.,,"June 7, 2023",21,
WS 2023,,June,II,Isabela,Aurora,Macatal,16.9649,121.6007,Calamansi,,18,Calamondin,Fruiting Stage,Gummosis,,18,5,9,,,18,Advised farmers to conduct pruning to control the gummosis disease.,,"June 7, 2023",23,
WS 2023,,June,II,Isabela,Aurora,San Andres,16.9656,121.5917,Calamansi,,20,Calamondin,Fruiting Stage,Gummosis,,20,5,9,,,20,Advised farmers to conduct pruning to control the gummosis disease.,,"June 7, 2023",28,
WS 2023,,June,II,Isabela,Aurora,Sili,16.97863,121.6379,Calamansi,,7.5,Calamondin,Fruiting Stage,Gummosis,,7.5,5,9,,_,7.5,Advised farmer to conduct prunning in the infected parts.,,"June 29, 2023",9,
WS 2023,,June,II,Isabela,Aurora,Kalabaza,16.97742,121.6363,Calamansi,,8,Calamondin,Fruiting Stage,Gummosis,,8,5,9,,_,8,Advised farmer to conduct prunning in the infected parts.,,"June 29, 2023",12,
WS 2023,,July,II,Cagayan,Sanchez Mira,Centro 2,18.563034,121.230514,Cacao,,1.6/1000 seedlings,"Uf-18, Pbc123, Br25, W-10",Flowering,White Grub,,.75/700 trees,20,9,,_,.75/700 trees,DA-RCPC advise tha farmers to apply insecticide (furadan) for the management of white grub.,,"July 7, 2023",2,
WS 2023,,July,II,Isabela,San Agustin,Panang,16.420645,121.733562,Cacao,,11,Brazilian,Fruiting Stage,Black pod rot,,4,30,9,,0,11,During validation we observed their farming practice which is inter cropping. We advised the farmers to conduct pruning to avoid overloping of trees and to minimize the disease and pest incidence. We also advised them to spray BCA for further management.,,"July 11, 2023",1,
WS 2023,,July,II,Isabela,San Agustin,Rang-ay,16.462972,121.770756,Cacao,,0.3,Brazilian,Fruiting Stage,Black pod rot,,0.21,70,9,,,0.3,During validation we observed their farming practice which is inter cropping. We advised the farmers to conduct pruning to avoid overloping of trees and to minimize the disease and pest incidence. We also advised them to spray BCA for further management.,,"July 11, 2023",1,
WS 2023,,July,II,Quirino,Cabarroguis,Burgos,16.440342,121.5131,Coffee,,20,"Robusta, Excelsa",Reproductive,Coffee leaf rust,,20,5,9,,_,20,Advised farmers to prune infected leaves and branches to help stop the spread of the disease and promote a new growth. We also advised them to clean its surroundings by removing weeds that host rust.,,"July 13, 2023",18,
WS 2023,,July,II,Quirino,Aglipay,Ligaya,16.488107,121.585095,Cacao,,3,Brazilian,Reproductive,Black pod rot,,3,15,9,,_,3,Advised farmers to remove all cacao pods that shows symptoms of the disease and prune the cacao trees to provide or increase sunlight and airflow in the canopy. We also advised them to clean the soroundings by brushing weeds in the ground to reduce the moisture around the trees and spray Isaria(biocontrol agents) for further management.,,"July 11, 2023",2,
WS 2023,,July,II,Quirino,Cabarroguis,Burgos,16.438715,121.508013,Cacao,,5,Brazilian,Reproductive,Black pod rot,,5,15,9,,_,5,Advised farmers to remove all cacao pods that shows symptoms of the disease and prune the cacao trees to provide or increase sunlight and airflow in the canopy. We also advised them to clean the soroundings by brushing weeds in the ground to reduce the moisture around the trees and spray Isaria(biocontrol agents) for further management.,,"July 13, 2023",6,
WS 2023,,July,II,Quirino,Cabarroguis,Sto. Domingo,16.49513,121.530122,Coffee,,3,"Rubosta, Excelsa",Reproductive,Coffee leaf rust,,3,5,9,,0,3,Advised farmers to prune infected leaves and branches to help stop the spread of the disease and promote a new growth. We also advised them to clean its surroundings by removing weeds that host rust.,,"July 19, 2023",5,
WS 2023,,July,II,Isabela,Jones,Payac,16.57526,121.6917,Cacao,,1.5,"BR25, K Series",Fruiting Stage,Black Pod Rot,,0.5,5,9,,_,1.5,We advised the farmers to conduct pruning to avoid overloping of trees and to minimize the disease and pest incidence. We also advised them to spray BCA for further management.,,"July 18, 2023",1,
WS 2023,,July,II,Isabela,Jones,Payac,16.57483,121.6913,Cacao,,1.5,"BR25, K Series, Cm79",Fruiting Stage,Bark Borer,,0.3,5,9,,_,1.5,We advised farmers to conduct pruning to avoid excess moisture which attracts borer in order to control pest incidence. We also advised them to spray insecticide to completely eradicate the pest causing diseases.,,"July 18, 2023",1,
WS 2023,,July,II,Isabela,Cabatuan,Sitio Malasin Macalaoat,16.96543,121.6481,Bell pepper,,0.2,Sultan F1,Fruiting Stage,Fruit rot,,0.05,5,9,,0.2,_,We advised farmers to spray fungicide and we also advised them to prune excess foliage to avoid the compitition of nutrients which allows the plant to focus on its fruits avoiding calcium deficiency which is one of the reasons that causes rotting of fruit.,,"July 17, 2023",1,
WS 2023,,August,II,Quirino,Diffun,Cajel,16.54858,121.5307,Bush Sitao,,1,Tudo,Reproductive,Aphids,,1,5,9,,1,0,Advised farmers to spray insecticide for management,,,2,
WS 2023,,August,II,Quirino,Diffun,Cajel,16.5488,121.5306,Eggplant,,2,"Calixto, Morena",Reproductive,Fruit Borer,,2,5,9,,2,0,Advised farmers to spray insecticide for management,,,3,
WS 2023,,September,II,Isabela,Aurora,Bannagao,16.99758,121.639141,Eggplant,,5,Long purple,Fruiting Stage,Shoot Borer,,5,10,9,,5,_,Advised farmers to spray BCAs to manage the infestation of shoot borer.,,Continuous monotoring,8,
WS 2023,,September,II,Isabela,Jones,Linamanan,16.52697,121.652015,Eggplant,,1,Calixto F1,Fruiting Stage,Shoot Borer,,3,30,9,,1,_,Advised farmers to use appropriate insecticide for the management of shoot borer.,,,6,
WS 2023,,September,II,Isabela,Aurora,Bannagao,16.99758,121.639141,Eggplant,,5,Long purple,Fruiting Stage,Fruit borer,,5,10,9,,5,_,Advised farmers to spray BCAs to manage the infestation of fruit borer.,,Continuous monotoring,8,
WS 2023,,September,II,Isabela,Aurora,Bagong Tanza,16.9811,121.617397,Eggplant,,5,Long purple,Fruiting Stage,Fruit borer,,3,10,9,,3,_,Advised farmers to spray BCAs to manage the infestation of fruit borer.,,Continuous monotoring,4,
WS 2023,,September,II,Isabela,Aurora,Bagong Tanza,16.97655,121.609242,Calamansi,,30,Calamondin,Fruiting Stage,Gummosis,,10,5,9,,_,10,"Advised farmers to conduct pruning or removing the dark, diseased bark.",,,10,
WS 2023,,September,II,Isabela,Aurora,Kalabaza,16.98306,121.646572,Calamansi,,15,Calamondin,Fruiting Stage,Gummosis,,8,5,9,,_,8,"Advised farmers to conduct pruning or removing the dark, diseased bark.",,,10,
WS 2023,,September,II,Isabela,Aurora,Macatal,16.9782,121.627251,Calamansi,,25,Calamondin,Fruiting Stage,Gummosis,,10,5,9,,_,10,"Advised farmers to conduct pruning or removing the dark, diseased bark.",,,12,
WS 2023,,September,II,Isabela,Aurora,Kalabaza,16.97828,121.627186,Bitter gourd,,1,Galaxy,Fruiting Stage,Fruit fly,,1,5,9,,1,_,Advised farmers to put attractant for management.,,,2,
WS 2023,,September,II,Nueva Vizcaya,Diadi,Duruarog,16.617225,121.388863,Ginger,,6.06,Hawaii,Vegetative,Bacterial wilt,,1.2,5,9,,1.2,,DA provides fungicide for the management of bactereial wilt.,,,12,
WS 2023,,September,II,Isabela,Aurora,Bannagao,17.002556,121.693797,Eggplant,,3,Longpurple,Fruiting Stage,Fruit borer,,3,10,9,,3,_,Advised farmers to spray BCAs to manage the infestation of fruit borer.,,,5,
WS 2023,,September,II,Isabela,Reina Mercedes,Banquero,17.024747,121.775625,Mung bean,,1,MG 29,Fruiting Stage,Pod borer,,1,15,9,,0.5,_,Advised farmers to spray BCAs to manage the infestation of Pod borer.,,,1,
WS 2023,,September,II,Isabela,Luna,Sto. Domingo,17.021724,121.740826,Bottle gourd,,0. 5,Mayumi F1,Fruiting Stage,Fruit fly,,0.5,15,9,,0.5,_,Advised farmers to spray BCAs to manage the infestation of fruit fly.,,,1,
WS 2023,,September,II,Isabela,Cabatuan,"Sitio Malasin, Brgy. Macalaoat",16.966277,121.641035,Eggplant,,1,Calixto F1,Fruiting Stage,Fruit Borer,,0.2,10,9,,1,_,Advised farmers to prune the infested parts and spray insecticide to control the infestation of fruit borer.,,Continuous monitoring.,3,
WS 2023,,September,II,Isabela,Cabatuan,"Sitio Malasin, Brgy. Macalaoat",16.966343,121.641003,Eggplant,,1,Calixto F1,Fruiting Stage,Shoot Borer,,0.3,10,9,,1,_,Advised farmers to prune the infested parts and spray insecticide to control the infestation of shoot borer.,,Continuous monitoring.,3,
WS 2023,,October,II,Isabela,Aurora,Macatal,16.962921,121.596535,Eggplant,,3.5,Longpurple,Fruiting Stage,Shoot Borer,,3.5,10,9,,3.5,_,Advised farmers to spray insecticide to manage the infestation of shoot borer.,,,5,
WS 2023,,October,II,Isabela,Aurora,Macatal,16.964712,121.605522,String beans,,1.2,Bongga,Fruiting Stage,Aphids,,1.2,15,9,,1.2,_,Advised farmers to spray insecticide to manage the infestation of aphids.,,,5,
WS 2023,,October,II,Isabela,Aurora,San Andres,16.9656,121.5917,String beans,,0.5,Pantastiko,Fruiting Stage,Aphids,,0.5,15,9,,0.5,_,Advised farmers to spray insecticide to manage the infestation of aphids.,,,2,
WS 2023,,October,II,Isabela,Aurora,Macatal,16.963181,121.605137,Calamansi,,5.5,Calamondin,Fruiting Stage,Gummosis,,5.5,5,9,,2,3.5,Advised farmers to conduct pruning.,,,5,
WS 2023,,October,II,Isabela,Aurora,San Andres,16.9656,121.5917,Calamansi,,5,Calamondin,Fruiting Stage,Gummosis,,5,5,9,,2,3,Advised farmers to conduct pruning.,,,8,
WS 2023,,October,II,Isabela,Aurora,Apiat,16.95969,121.593753,Calamansi,,10,Calamondin,Fruiting Stage,Gummosis,,10,5,9,,3,7,Advised farmers to conduct pruning.,,,18,
WS 2023,,October,II,Isabela,Aurora,Apiat,16.961461,121.596812,Bottle gourd,,2.5,Mayumi F1,Fruiting Stage,Fruit fly,,2.5,5,9,,1.5,1,Advised farmers to put up insect traps.,,,8,
WS 2023,,October,II,Isabela,Aurora,Bagong Tanza,16.97506,121.618914,Bitter gourd,,0.5,Galaxy,Fruiting Stage,Fruit fly,,0.5,5,9,,0.5,_,Advised farmers to put up insect traps.,,,2,
WS 2023,,October,II,Isabela,Aurora,Bagong Tanza,16.971972,121.61322,Eggplant,,3.5,Longpurple,Fruiting Stage,Fruit fly,,3.5,5,9,,3.5,_,Advised farmers to spray insecticide for the management of fruit fly.,,,5,
WS 2023,,October,II,Isabela,Aurora,Macatal,16.965528,121.601747,Bottle gourd,,1.5,Mayumi F1,Fruiting Stage,Fruit fly,,1.5,10,9,,1.5,_,Advised farmers to put up insect traps.,,,7,
WS 2023,,October,II,Isabela,Roxas,San Pedro,17.1734,121.61605,Luffa Squash(Kabatiti),,0.2,Primera Grande F1,Flowering,Leaf Miner,,0.2,5,9,,0.2,0,Advice Farmer to spray insecticide and close monitoring,,,1,
WS 2023,,October,II,Isabela,Jones,Payac,16.5759,121.69127,Cacao,,1,k9,Fruiting Stage,Pod borer,,0.1,10,9,,,1,advice farmer spray BIO-control agents for the management pest of cacao,,,1,
WS 2023,,October,II,Isabela,Mallig,San Jose sur,17.187995,121.572297,Onion,,3.2,Red Dragon/Golden Pinoy,Vegetative,Onion flies/Mole cricket,,3.2,10,9,,3.2,0,Advised farmers to spray insectide and apply BCAs.,,,1,
WS 2023,,October,II,Isabela,Mallig,San Jose sur,17.189403,121.57837,Squash,,2.2,Malandi/Sofia,Seedling,Squash Lady Beetle,,2.2,15,9,,2.2,0,Advised farmers to spray insectide and apply BCAs.,,,3,
WS 2023,,October,II,Isabela,Mallig,San Jose sur,17.188858,121.578608,Bitter gourd,,1.7,Galaxy Max F1,Vegetative,Fruit fly,,1.7,10,9,,1.7,0,Advised farmers to spray insectide and apply BCAs.,,,3,
WS 2023,,October,II,Isabela,Ramon,Burgos,16.801795,121.519107,Cacao,,5,"W10,Br25, PBC 123, CF18",Fruiting Stage,Pod rot,,0.5,10,9,,5,,Advised farmer to spray fungicide to control the infection caused by pod rot and we also advised to do a close monitoring.,,RCPC distributed fungicide for the management of the disease (rodomil Gold) @ 5 kgs.,1,
WS 2023,,October,II,Isabela,Ramon,Burgos,16.802032,121.519107,Cacao,,5,"W10,Br25, PBC 123, CF18",Fruiting Stage,Aphids,,0.1,5,9,,5,,Advised farmer to spraying insecticide to control the infestation of aphids and we advised to conduct a close monitoring.,,,1,
WS 2023,,October,II,Isabela,Reina Mercedes,Binarsang,17.0207,121.734,Bottle gourd,,0.5,Mayumi,Fruiting Stage,Fruit fly,,0.5,15,9,,0.5,0,Advised farmers to spray insecticide to management the incidence of fruit fly.,,"Revalidation (October 27, 2023)",2,
WS 2023,,October,II,Isabela,Reina Mercedes,Binarsang,17.0207,121.734,Pole Sitao,,1.5,Fantastico,Fruiting Stage,Aphids,,1.5,15,9,,1.5,0,Advised farmers to spray insecticide to management the incidence of aphids..,,"Revalidation (October 27, 2023)",7,
WS 2023,,October,II,Isabela,Aurora,Diamantina,16.995866,121.655,Eggplant,,1.5,Longpurple,Vegetative,Fruit borer,,1.5,10,9,,1.5,0,Advised farmers to spray insecticide to management the incidence of fruit borer.,,,2,
WS 2023,,November,II,Isabela,Aurora,Dalig Kalinga,17.004108,121.70049,Eggplant,,2,Longpurple,Fruiting Stage,Fruit borer,,2,15,9,,2,0,Advised farmers to spray insecticide to management the incidence of fruit borer.,,,4,
WS 2023,,November,II,Isabela,Roxas,Sinamar,17.175333,121.56104,Sitao,,0.5,Bonga,Fruiting Stage,Leaf Miner,,0.5,30,9,,0.5,0,Advised farmers to spray insecticide to manage the infestation of leaf miner.,,,2,
WS 2023,,November,II,Isabela,Roxas,Marcos,17.172082,121.59733,Tomato,,2,Diamante Max,Flowering,Fruit fly,,2,5,9,,2,0,DA RCPC 02 provides insecticide (Gold) for the management of fruit fly.,,,2,
WS 2023,,November,II,Isabela,Mallig,San Jose Sur,17.188472,121.57318,Onion,,3.2,Red Dragon,Vegetative,Onion Flies,,3.2,3,9,,3.2,0,DA-RCPC provides insecticide (Gold insecticide) and 150 cards of Trichogramma for the management of onion flies.,,,2,
WS 2023,,November,II,Nueva Vizcaya,Bagabag,Bakir,16.638304,121.22509,Onion,,0.33,Super pinoy,Vegetative,Twister,,0.33,10,9,,0.33,0,DA RCPC provides lure for the management of twister.,,,2,
WS 2023,,November,II,Nueva Vizcaya,Bagabag,Paniki,16.405285,121.21257,Onion,,6.5,Shallot batanes red,Vegetative,Twister,,6.5,10,9,,6.5,0,DA RCPC provides lure for the management of twister.,,,2,
WS 2023,,November,II,Nueva Vizcaya,Bagabag,Nangalisan,16.634385,121.19632,Onion,,0.35,Super pinoy,Vegetative,Twister,,0.35,10,9,,0.35,0,DA RCPC provides lure for the management of twister.,,,1,
DS 2023-2024,,December,II,Isabela,Reina Mercedes,Santor,16.991962,121.737419,Bottle gourd,1/9/2023,1,Mayumi,Fruiting Stage,Fruit borer,,1,10,9,5,1,0,Advised farmers to spray insecticide to management the incidence of fruit borer.,,"December 07, 2023",3,
DS 2023-2024,,December,II,Nueva Vizcaya,Bambang,Sto.Domingo,16.4023111,121.0890484,Onion,11/15/2023,1,Red pinoy,Seedbed,Cutworm,,1,10,9,,,,DA RCPC provides lure and chemicals for the management of cutworm.,,"December 05, 2023",1,2023-2024
DS 2023-2024,,December,II,Nueva Vizcaya,Bambang,Barat,16.36444,121.05011,Garlic,9/18/2023,1,Native,Vegetative,Cutworm,,1,10,9,,,,DA RCPC provides lure and chemicals for the management of cutworm.,,"December 05, 2023",1,2023-2024
DS 2023-2024,,December,II,Isabela,Aurora,Bannagao,16.997532,121.689208,Eggplant,10/10/2023,2,Longpurple,Fruiting Stage,Fruit borer,,2,15,9,,2,0,Advised farmers to spray BCA'S.,,"December 21, 2023",3,2023-2024
DS 2023-2024,,December,II,Isabela,Reina Mercedes,Sallucong,17.030507,121.749812,String beans,1/11/2023,0.5,Yard long,Fruiting Stage,Aphids,,0.5,15,9,,0.5,0,Advised farmers to spray insecticide for management control of aphids.,,"December 21, 2023",2,2023-2024
DS 2023-2024,,January,II,Isabela,Luna,Macugay,17.004316,121.702113,Tobacco,12/27/1923,0.5,,Vegetative,Budworm,,0.5,15,9,3,0,0.5,Advised farmers to spray insecticide to manage the infestation of budworm.,-,"January 18, 2024",1,2023-2024
DS 2023-2024,,January,II,Nueva Vizcaya,Bambang,Santo domingo,16.40376,121.08995,Onion,8/12/2023,15,Red pinoy,Vegetative,Armyworm,,8,13,9,1,8,7,DA-RCPC provides chemical to management the infestation of armyworm.,,"January 17, 2024",16,2023-2024
DS 2023-2024,,January,II,Nueva Vizcaya,Bambang,almaguer,16.362823,121.09392,Onion,4/12/2023,25,Redpinoy,Vegetative,Onion Twister,,16,60,9,2,8,17,DA-RCPC provides chemical to management the infection of onion twister.,,"January 17, 2025",18,2023-2024
DS 2023-2024,,January,II,Isabela,Reina Mercedes,Binarsang,17.0207,121.734,String beans,4/11/2023,0.7,Sierra Madre,Fruiting Stage,Leaf Miner,,0.7,70,9,7,0.5,0.2,Advised farmers to spray insecticide for management control of leafminers.,1-24-24,"January 25, 2024",3,2023-2024
DS 2023-2024,,January,II,Isabela,Reina Mercedes,Sallucong,17.025189,121.746329,Eggplant,10/10/2023,1.5,Longpurple,Fruiting Stage,Fruit borer,,1.5,30,9,5,1.5,1.5,Advised farmers to spray insecticide for management control of fruit borer and followed by the application of metarhizium for further management.,1-24-24,"January 25, 2024",4,2023-2024
DS 2023-2024,,January,II,Nueva Vizcaya,Kayapa,Pinayag,16.41757,121.004605,Onion,10/23/2023,209,Red pinoy,Vegetative,Onion Armyworm,,7,60,9,,7,0,DA RCPC provides chemicals & BCAs for the management of Armyworm.,,"January 12, 2024",29,2023-2024
DS 2023-2024,,January,II,Nueva Vizcaya,Aritao,Bone North,16.264733,121.020928,Onion,,7,Red pinoy,Vegetative,Armyworm/Twister,,7,20,9,,7,0,DA RCPC and NVES provides chemicals for the management of Armyworm and onion twister.,,"January 24, 2024",10,2023-2024
DS 2023-2024,,January,II,Nueva Vizcaya,Aritao,Bone South,16242532,121.003838,Onion,,3.1,Red pinoy,Vegetative,Armyworm/Twister,,3.1,20,9,,3.1,0,DA RCPC and NVES provides chemicals for the management of Armyworm and onion twister.,,"January 24, 2024",8,2023-2024
DS 2023-2024,,January,II,Nueva Vizcaya,Aritao,Calitlitan,16.223702,120.972251,Onion,,0.6,Red pinoy,Vegetative,Armyworm/Twister,,0.6,10,9,,0.6,0,DA RCPC and NVES provides chemicals for the management of Armyworm and onion twister.,,"January 24, 2024",2,2023-2024
DS 2023-2024,,January,II,Nueva Vizcaya,Aritao,Nagcuartelan,16.266407,121.020003,Onion,,2.9,Red pinoy,Vegetative,Armyworm/Twister,,2.9,20,9,,2.9,0,DA RCPC and NVES provides chemicals for the management of Armyworm and onion twister.,,"January 24, 2024",4,2023-2024
DS 2023-2024,,January,II,Nueva Vizcaya,Aritao,Cutar,16.585705,121.033229,Onion,,0.2,Red pinoy,Vegetative,Armyworm/Twister,,0.2,10,9,,0.2,0,DA RCPC and NVES provides chemicals for the management of Armyworm and onion twister.,,"January 24, 2024",1,2023-2024
DS 2023-2024,,January,II,Nueva Vizcaya,Dupax del Sur,Gabut,16.3238984,121.0650599,Onion,4/12/2023,20,Red dragon,Bulb formation,Armyworm,,5,10,9,,5,0,BPI provides chemicals for the management of Armyworm.,,"January 31, 2024",20,2023-2024
DS 2023-2024,,January,II,Nueva Vizcaya,Dupax del Sur,Mangayang,16.322451,121.0665044,Onion,5/12/2023,12,Red pinoy,Vegetative,Armyworm,,2,5,9,,2,0,BPI provides chemicals for the management of Armyworm.,,"January 31, 2024",7,2023-2024
DS 2023-2024,,February,II,Isabela,Roxas,San Pedro,17.16973,121.619947,Onion,8/12/2024,3.4,"Red dragon,Red Pinoy",Vegetative,Onion Armyworm,,3.4,30,9,3,3.4,0,Advised farmers to spray insecticide to manage the infestation of armyworm.,,"February 8, 2024",5,2023-2024
DS 2023-2024,,February,II,Isabela,Roxas,San Placido,17.135373,121.61329,Beans,1/15/2024,1.2,Banahaw,Vegetative,Leaf Miner,,1.2,5,9,1,1.2,0,Farmers already sprayed insecticide. We advised them to monitor the area continuously after the application.,,"February 14, 2024",4,2023-2024
DS 2023-2024,,February,II,Isabela,Roxas,San Placido,17.135373,121.61329,Pepper,1/19/2024,0.3,Diango F1,Vegetative,Aphids,,0.3,2,9,1,0.3,0,Farmers already sprayed insecticide. We advised them to monitor the area continuously after the application.,,"February 14, 2024",2,2023-2024
DS 2023-2024,,February,II,Isabela,City of Ilagan ,Angassian,17.112845,121.911274,Eggplant,1/11/2023,0.3,Fortuner,Fruiting Stage,Fruit Borer,,0.3,60,9,5,0.3,0,Advised the farmer to apply BCA to manage the infestation of fruit borer.,,"February 13, 2024",1,2023-2024
DS 2023-2024,,February,II,Isabela,City of Ilagan ,Angassian,17.112845,121.911274,Eggplant,1/11/2023,0.3,Fortuner,Fruiting Stage,Shoot Borer,,0.3,60,9,5,0.3,0,Advised the farmer to apply BCA to manage the infestation of shoot borer.,,"February 13, 2024",1,2023-2024
DS 2023-2024,,February,II,Nueva Vizcaya,Bambang,Barat,16.363728,121.048627,Onion,12/16/2023,5,Red pinoy,Reproductive,Onion Armyworm,,3,70,9,3,3,0,DA RCPC provides chemicals (1 bottle Parker neem and 1 bottle chix) and lure for the management of onion army worm and thrips.,,"February 16, 2024",10,2023-2024
DS 2023-2024,,February,II,Nueva Vizcaya,Bambang,Barat,16.363728,121.048627,Onion,12/16/2023,5,Red pinoy,Reproductive,Thrips,,3,5,9,3,3,0,,,"February 16, 2024",10,2023-2024
DS 2023-2024,,February,II,Nueva Vizcaya,Bambang,Manamtam,16.40203,121.082923,Onion,12/15/2023,3,Red pinoy,Reproductive,Onion Armyworm,,3,70,9,4,3,0,DA RCPC provides chemical (1 bottle Parker neem) and lures for the management of onion army worm.,,"February 16, 2024",5,2023-2024
DS 2023-2024,,February,II,Isabela,Mallig,San Ramon,17.2289146,121.5597205,Onion,12/11/2023,9.5,Onion Red,Vegetative,Onion Armyworm,,4.4,46,9,,4.4,,Farmers sprayed insecticide to manage the infestation of onion armyworm. Advised them to frequently monitor the area.,,"February 18, 2024",10,2023-2024
DS 2023-2024,,February,II,Isabela,Mallig,San Jose Sur,17.1937183,121.564535,Onion,12/1/2023,0.6,Onion Red,Bulb formation,Onion Armyworm,,0.3,50,9,,0.3,,Farmers sprayed insecticide to manage the infestation of onion armyworm. Advised them to frequently monitor the area.,,"February 18, 2025",1,2023-2024
DS 2023-2024,,February,II,Isabela,Mallig,Rang ayan,17.1871,121.57,Onion,1/25/2024,2,Red Dragon,Vegetative,Onion Armyworm,,2,10,9,2,2,0,Advised farmers to spray recommended insecticide and conduct a follow up application of BCA.,,"February 29, 2024",5,2023-2024
DS 2023-2024,,February,II,Isabela,Mallig,Bimonton,17.2402,121.5783,Onion,1/28/2024,0.7,Red dragon,Vegetative,Onion Armyworm,,0.7,5,9,2,0.7,0,Advised farmers to spray recommended insecticide and conduct a follow up application of BCA.,,"February 29, 2024",2,2023-2024
DS 2023-2024,,February,II,Isabela,Mallig,Maligaya,17.1859,121.6117,Onion,1/30/2024,0.3,Red dragon,Vegetative,Onion Armyworm,,0.3,5,9,3,0.3,0,Advised farmers to spray recommended insecticide and conduct a follow up application of BCA.,,"February 29, 2024",2,2023-2024
DS 2023-2024,,February,II,Isabela,Mallig,San Jose Norte,17.2066,121.5849,Onion,1/28/2024,0.3,Red Dragon,Vegetative,Onion Armyworm,,0.3,10,9,3,0.3,0,Advised farmers to spray recommended insecticide and conduct a follow up application of BCA.,,"February 29, 2024",2,2023-2024
DS 2023-2024,,February,II,Isabela,Santiago City,Gonzaga,16.653403,121.513422,Mango,Century,10 Trees/0.1,Carabao mango,Fruiting Stage,Mango plant hopper,,10 Trees/0.1,10,9,,10 Trees/0.1,0,DA-RCPC distributed parkerneem & BCA for the management the plant hoppers.,,"February 22, 2024",1,2023-2024
DS 2023-2024,,February,II,Isabela,Santiago City,Gonzaga,16.65355,121.513772,Citrus,12-15 years,126 trees/1.0,"pink macao, Davao, Red chandler",Flowering,Gummosis,,126 trees/ 1.0,5,9,,126 trees/ 1.0,0,DA- RCPC distributed ICC for management of the disease.,,"February 22, 2024",1,2023-2024
DS 2023-2024,,February,II,Isabela,Santiago City,Gonzaga,16.65355,121.513772,Citrus,12-15 years,126 trees/1.0,"pink macao, Davao, Red chandler",Flowering,Aphids,,126 trees/1.0,10,9,,127 trees/ 1.0,0,DA-RCPC distributed parkerneem & BCA for the management the aphids.,,"February 22, 2024",1,2023-2024
DS 2023-2024,,March,II,Isabela,Aurora,Panecien,16.95434,121.61875,Eggplant,12/10/2023,3.5,Morena,Fruiting Stage,Fruit borer/shoot borer,,3.5,10,9,,3.5,0,Advised farmers to spray insecticide for management control of shoot and fruit borer and a follow up application of EPF for further management.,,"March 7, 2024",5,2023-2024
DS 2023-2024,,March,II,Isabela,San Mateo,Mapuroc,16.898483,121.577807,Mung bean,1/2/2024,100,Mg12,Seedling,Dumping-off,,10,10,9,,0,10,Advised farmers spray fungicide for the management of the disease.,,"March 7, 2024",15,2023-2024
DS 2023-2024,,March,II,Quirino,Diffun,San Isidro,16.628638,121.507053,Mango,Century,1,Carabao mango,Fruiting Stage,Mango plant hopper,,0.2ha,10,9,Multiple,0.2,,"DA-RCPC 2 distributed parker neem, metarhizium, and Supernet for the management of Fruit Fly.",,"March 7, 2024",1,2023-2024
DS 2023-2024,,March,II,Quirino,Diffun,San Isidro,16.628612,121.50747,Banana,10 years,1,Saba,Vegetative,Panama/Fusarium wilt,,0.1,5,9,,,0.1,DA-RCPC 2 distributed 300 packs redomil gold for the management of the disease. We also advised the farmers to remove the infected plants.,,"March 7, 2024",1,2023-2024
DS 2023-2024,,March,II,Quirino,Diffun,San Isidro,16.627603,121.50646,Pomelo,15 years,100 trees/0.2,Red chandler,Flowering,Gummosis,,20 trees/0.2,5,9,,0,0.2,Advised farmers to spray insecticide and to prune the infected branches.,,"March 7, 2024",1,2023-2024
DS 2023-2024,,March,II,Quirino,Aglipay,San Francisco,16.440163,121.647585,Coconut,,2,Coconut (native),Reproductive,Red Palm weevil,,150 trees/2,20,9,,0,2,Advised farmer to apply actara or sevin for management.,,"March 5, 2024",1,2023-2024
DS 2023-2024,,March,II,Nueva Vizcaya,Bayombong,Paitan,16.460947,121.137287,Onion,12/9/2023,1,Red Pinoy,Bulb formation,Onion armyworm,,1,15,9,2,1,,DA-RCPC provides 2 bottles of parker neem to manage the infestation of onion armyorm.,,"March 5, 2024",1,2023-2024
DS 2023-2024,,March,II,Nueva Vizcaya,Bagabag,Tuao North,16.5721,121.2531,Coconut,,2.5,Native,Reproductive,Scale Insects,,0.1,4,9,,,,Smoking and sanitation was recommended. Requested to DA-RCPC for the provision of BCA.,"Reported by MAO - Bagabag, Nueva Vizcaya","March 1, 2024",1,2023-2024
DS 2023-2024,,March,II,Isabela,Aurora,Kalabaza,16.58361,121.3759,Eggplant,12/20/2023,3.5,Morena,Fruiting Stage,Fruit borer,,3.5,20,9,,3,0,Advised farmers to spray metharizium for management of adult fruit borer.,Revalidated,"March 14, 2024",7,2023-2024
DS 2023-2024,,March,II,Isabela,Burgos,Dalig Viejo,17.03696,121.71793,Eggplant,2/12/2024,2,Morena,Fruiting Stage,Fruit borer,,2,10,9,,1.5,0.5,Advised farmers to spray metharizium for management of adult fruit borer.,,"March 14, 2024",4,2023-2024
DS 2023-2024,,March,II,Isabela,Roxas,San Pedro,17.174092,121.612218,Tomato,1/29/2024,0.3,Diamante Max,Fruiting Stage,White Aphids,,0.3,5,9,3,0.3,0,Farmer sprayed different insecticides. We advised them to spray recommended insecticide in order to manage the infestation of white aphids.,,"March 14, 2024",2,2023-2024
DS 2023-2024,,March,II,Isabela,Roxas,San Pedro,17.174092,121.612218,String beans,1/25/2024,0.3,Chia Tai,Fruiting Stage,Pod borer,,0.3,3,9,2,0.3,0,Advised the farmer to spray recommeded insecticide for the management of pod borers.,,"March 14, 2024",1,2023-2024
DS 2023-2024,,March,II,Isabela,Roxas,San Pedro,17.174092,121.612218,Luffa Squash,2/13/2023,0.5,Primera Grande,Flowering,Leaf Miner,,0.5,3,9,3,0.5,0,Farmers sprayed different types of insecticide. We advised them to spray only the recommended insecticide for the management of leaf miners.,,"March 14, 2024",2,2023-2024
DS 2023-2024,,March,II,Isabela,Cabatuan,Diamantina,16.913965,121.623585,Mung bean,2/16/2024,150,Mg14,Seedling,Dumping-off,,5,15,9,,0,5,Advised farmers to spray fungicide for the management of the disease.,,"March 14, 2024",15,2023-2024
DS 2023-2024,,March,II,Isabela,Cabatuan,Tandul,16.9553,121.6723,Mung bean,2/16/2024,200,Mg14,Seedling,Dumping-off,,5,20,9,,0,5,Advised farmers to spray fungicide for the management of the disease.,,"March 14, 2024",10,2023-2024
DS 2023-2024,,March,II,Isabela,Cabatuan,Caloocan,16.9553,121.6723,Mung bean,2/16/2024,96,Mg14,Seedling,Dumping-off,,5,10,9,,0,5,Advised farmers to spray fungicide for the management of the disease.,,"March 14, 2024",10,2023-2024
DS 2023-2024,,March,II,Nueva Vizcaya,Aritao,Calitlitan,16.223702,120.972251,Onion,,1.5,Red pinoy,Harvestable,Armyworm/Cutworm/Thrips,,1,75,9,,0,1,Farmers applied insecticide for the management of pests.,Pest not controlled,"March 19, 2024",4,2023-2024
DS 2023-2024,,March,II,Nueva Vizcaya,Aritao,Bone South,16242532,121.003838,Onion,,0.7,Red pinoy,Harvestable,Armyworm/Cutworm/Thrips,,0.7,75,9,,,0.7,Farmers applied insecticide for the management of pests.,Pest not controlled,"March 19, 2024",2,2023-2024
DS 2023-2024,,March,II,Nueva Vizcaya,Aritao,Bone North,16.264733,121.020928,Onion,,0.6,Red pinoy,Harvestable,Armyworm/Cutworm/Thrips,,0.6,75,9,,,0.6,Farmers applied insecticide for the management of pests.,Pest not controlled,"March 19, 2024",2,2023-2024
DS 2023-2024,,March,II,Nueva Vizcaya,Aritao,Nagcuartelan,16.266407,121.020003,Onion,,0.3,Red pinoy,Harvestable,Armyworm/Cutworm/Thrips,,0.3,75,9,,,0.3,Farmers applied insecticide for the management of pests.,Pest not controlled,"March 19, 2024",2,2023-2024
DS 2023-2024,,March,II,Nueva Vizcaya,Aritao,Cutar,16.585705,121.033229,Onion,,0.4,Red pinoy,Harvestable,Armyworm/Cutworm/Thrips,,0.4,75,9,,,0.4,Farmers applied insecticide for the management of pests.,Pest not controlled,"March 19, 2024",2,2023-2024
DS 2023-2024,,March,II,Nueva Vizcaya,Aritao,Poblacion,16.2954,121.035,Onion,,0.7,Red pinoy,Harvestable,Armyworm/Cutworm/Thrips,,0.7,75,9,,,0.7,Farmers applied insecticide for the management of pests.,Pest not controlled,"March 19, 2024",4,2023-2024
DS 2023-2024,,March,II,Nueva Vizcaya,Aritao,Kirang,16.294,121.0139,Onion,,0.2,Red pinoy,Harvestable,Armyworm/Cutworm/Thrips,,0.2,75,9,,,0.2,Farmers applied insecticide for the management of pests.,Pest not controlled,"March 19, 2024",2,2023-2024
DS 2023-2024,,March,II,Nueva Vizcaya,Aritao,Banganan,16.300437,121.047843,Onion,,1,Red pinoy,Harvestable,Armyworm/Cutworm/Thrips,,1,75,9,,,1,Farmers applied insecticide for the management of pests.,Pest not controlled,"March 19, 2024",4,2023-2024
DS 2023-2024,,March,II,Nueva Vizcaya,Aritao,Darapidap,16.3145,121.0512,Onion,,4,Red pinoy,Harvestable,Armyworm/Cutworm/Thrips,,4,75,9,,,4,Farmers applied insecticide for the management of pests.,Pest not controlled,March 19. 2024,10,2023-2024
DS 2023-2024,,March,II,Nueva Vizcaya,Aritao,Comon,16.2644,121.0411,Onion,,0.2,Red pinoy,Harvestable,Armyworm/Cutworm/Thrips,,0.2,75,9,,,0.2,Farmers applied insecticide for the management of pests.,Pest not controlled,"March 19, 2024",1,2023-2024
DS 2023-2024,,March,II,Nueva Vizcaya,Aritao,Beti,16.28333,121.03333,Onion,,0.2,Red pinoy,Harvestable,Armyworm/Cutworm/Thrips,,0.2,75,9,,,0.2,Farmers applied insecticide for the management of pests.,Pest not controlled,"March 19, 2024",1,2023-2024
DS 2023-2024,,March,II,Nueva Vizcaya,Aritao,Tucanon,16.2819,121.0571,Onion,,0.2,Red pinoy,Harvestable,Armyworm/Cutworm/Thrips,,0.2,75,9,,,0.2,Farmers applied insecticide for the management of pests.,Pest not controlled,"March 19, 2024",1,2023-2024
DS 2023-2024,,March,II,Isabela,Reina Mercedes,Banguerro,17.025548,121.773941,Bitter gourd,12/20/2023,0.5,Galaxy,Fruiting Stage,Fruit fly,,0.5,20,9,-,0.5,0,Advised farmers to put up fruit fly trap or attractant.,Revalidated,"March 21, 2024",2,2023-2024
DS 2023-2024,,March,II,Isabela,Reina Mercedes,Sallucung,17.031561,121.752769,Bitter gourd,12/15/2023,0.5,Galaxy,Fruiting Stage,Fruit fly,,0.5,30,9,-,0.5,0,Advised farmers to put up fruit fly trap or attractant.,Revalidated,"March 21, 2024",3,2023-2024
DS 2023-2024,,March,II,Isabela,Reina Mercedes,Sallucung,17.027415,121.770105,Bottle gourd,10/12/2023,0.5,Mayumi,Fruiting Stage,Fruit fly,,0.5,30,9,-,0.5,0,Advised farmers to put up fruit fly trap or attractant.,Revalidated,"March 21, 2024",2,2023-2024
DS 2023-2024,,March,II,Isabela,Reina Mercedes,Binarsang,17.0207,121.734,Sponge gourd,12/15/2023,0.5,Primera Grande F1,Fruiting Stage,Leaf Miner,,0.5,30,9,-,0.5,0,Advised farmers to spray insecticide for the management of leaf miners.,Revalidated,"March 21, 2024",3,2023-2024
DS 2023-2024,,March,II,Isabela,Aurora,Dalig Kalinga,17.00436,121.700221,String beans,1/20/2024,0. 2,Sierra Madre,Fruiting Stage,Pod borer,,0.2,15,9,,0.2,0,Advised farmer to spray insecticide for the management of pod borers.,,"March 21, 2024",1,2023-2024
DS 2023-2024,,March,II,Isabela,Aurora,Bannagao,17.011567,121.691766,Eggplant,2/12/2023,1,Aurora Green,Fruiting Stage,Fusarium Wilt,,1,5,9,,1,0,Advised farmers to spray fungicide.,,"March 21, 2024",3,2023-2024
DS 2023-2024,,March,II,Nueva Vizcaya,Bambang,Pallas,16.40969,121.0373143,Onion,12/1/2024,65,Red pinoy,Bulb formation,Onion armyworm,,1,7,9,,1,,BPI provides chemical for the management of FAW.,,"March 14, 2024",1,2023-2024
DS 2023-2024,,April,II,Nueva Vizcaya,Alfoso Castaneda,Lublob,15.815092,121.268357,Onion,,5.5,Pes Allium,Reproductive,Onion Armyworm,,3.5,34,9,,,3.5,Farmers sprayed insecticide to manage the infestation of onion armyworm. Advised them to frequently monitor the area.,,"April 04, 2024",21,2023-2024
DS 2023-2024,,April,II,Nueva Vizcaya,Alfoso Castaneda,Abuyo,15.800323,121.268357,Onion,,167,Pes Allium,Reproductive,Red Spider Mites,,43,26,9,,30,13,Farmers sprayed insecticide to manage the infestation of red spider mites.,,"April 04, 2024",43,2023-2024
DS 2023-2024,,April,II,Nueva Vizcaya,Alfoso Castaneda,Galintuja,15.847724,121.228378,Onion,,17,Sultan F1,Reproductive,Red Spider Mites,,8.5,50,9,,5,3.5,Farmers sprayed insecticide to manage the infestation of red spider mites.,,"April 04, 2024",34,2023-2024
DS 2023-2024,,April,II,Isabela,Reina Mercedes,Sallucong,17.023063,121.743027,Bitter gourd,1/20/2024,0.5,Galaxy,Fruiting Stage,Fruit fly,,0.5,30,9,5,0.5,0,Advised farmers to put up fruit fly trap or attractant.,Revalidated,"April 04, 2024",2,2023-2024
DS 2023-2024,,April,II,Isabela,Burgos,Dalig Viejo,17.028618,121.712503,Calamansi,3/16/2014,5,Calamondin,Fruiting Stage,Gummosis,,5,10,9,3,1,4,Advised farmers to prune the infected parts.,Revalidated,"April 04, 2024",7,2023-2024
DS 2023-2024,,April,2,Isabela,Aurora,Bagong Tanza,16.979485,121.614846,Eggplant,5/12/2023,3.5,Aurora Green,Fruiting Stage,Fruit and shoot borer,,3.5,15,9,5,2,1,Advised farmers to spray insecticide for the management of fruit and shoot borer.,Revalidated,"April 04, 2024",7,2023-2024
DS 2023-2024,,April,II,Isabela,Aurora,Bagong Tanza,16.979163,121.614127,Calamansi,3/15/2015,7,Calamondin,Fruiting Stage,Gummosis,,7,10,9,3,2,5,Advised farmers to prune the infected parts.,Revalidated,"April 04, 2024",10,2023-2024
DS 2023-2024,,April,2,Isabela,Aurora,Macatal,16.974542,121.609721,Eggplant,12/15/2023,2.5,Banate King F1,Fruiting Stage,Phomopsis fruit rot,,2.5,5,9,5,1,1.5,Advised farmers to spray fungicide to control the inection of phomopsis fruit rot.,Revalidated,"April 4,2024",4,2023-2024
DS 2023-2024,,April,2,Isabela,Aurora,Macatal,16.965012,121.605282,Eggplant,12/15/2023,4,Aurora Green,Fruiting Stage,Fruit and shoot borer,,4,10,9,5,2,2,Advised farmers to spray insecticide for the management of fruit and shoot borer.,Revalidated,"April 4,2024",7,2023-2024
DS 2023-2024,,April,II,Isabela,Roxas,San Placido,17.131602,121.596507,Onion,3/3/2024,1,Ramgo seeds,Bulb formation,Onion Armyworm,,1,5,9,2,1,0,Advised farmers to use recommeded insecticide to manage the infestation of onion armyworm.,,"April 4,2024",3,2023-2024
DS 2023-2024,,April,II,Isabela,Roxas,San Placido,17.135418,121.605538,Snow cabbage,7/3/2024,1.2,PAVO,Vegetative,Diamondback moth,,1.2,5,9,3,1.2,0,Advised farmers to use recommeded insecticide to manage the infestation of spider mites.,,"April 4,2024",8,2023-2024
DS 2023-2024,,April,II,Isabela,Aurora,San Andres,16.9656,121.5917,Mung bean,1/3/2024,12,Pag-Asa 7,Fruiting Stage,Pod borer,,12,10,9,3,5,7,Advised farmers to spray insecticide for management of pod borer.,,"April 4,2024",20,2023-2024
DS 2023-2024,,April,II,Nueva Vizcaya,Kayapa,Mapayao,16.3780267,120.981835,Onion,3/14/2024,6,Red pinoy,Vegetative,Onion Armyworm,,3,20,9,2,3,3,Advised farmers to spray insecticide to manage the infestation of onion armyworm.,,2/4/2024,8,2023-2024
DS 2023-2024,,April,II,Isabela,Roxas,Matusalem,17.065367,121.592812,Mango,Year 1990,2,Carabao Mango,Fruiting Stage,Cecid Fly,,2,5,9,5,2,0,Farmers/Contractor conducted fruit bagging (200 Trees) and sprayed insecticide for further management.,,"April 4, 2024",1,2023-2024
DS 2023-2024,,April,II,Isabela,Cabatuan,Culling Centro,16.945163,121.644257,Mung bean,2/26/2024,60,Taiwan Green,Flowering,Aphids,,1.2,2,9,,1.2,0,Farmers already sprayed insecticide and we advised farmers to monitor the area regularly.,,"April 02, 2024",60,2023-2024
DS 2023-2024,,April,II,Isabela,Cabatuan,Culling Centro,16.945163,121.644257,Mung bean,2/26/2024,30,Mg14/Labo,Flowering,Pod borer,,1.5,5,9,,1.5,0,Farmers already sprayed insecticide and we advised farmers to monitor the area regularly.,,"April 2, 2024",30,2023-2024
DS 2023-2024,,April,II,Isabela,Cabatuan,Culling Centro,16.945163,121.644257,Mung bean,2/26/2024,20,Pagasa 7,Flowering,Aphids,,0.4,2,9,,0.4,0,Farmers already sprayed insecticide and we advised farmers to monitor the area regularly.,,"April 2, 2024",10,2023-2024
DS 2023-2024,,April,II,Isabela,Cabatuan,Culling Centro,16.945163,121.644257,Mango,About century,0.2,Carabao,Fruiting Stage,Mango plant hopper,,0.2,5,9,0,0.2,0,Farmers already sprayed insecticide. We advised farmers to conduct a regular monitoring.,,"April 2, 2024",2,2023-2024
DS 2023-2024,,April,II,Isabela,Santiago City,Cabulay,16.704643,121.496615,Mung bean,1/3/2024,20,Pagasa 7,Vegetative,White fly,,1,10,9,,0,1,farmers were advised to spray insecticide for the management of white fly.,,"April 2, 2024",15,2023-2024
DS 2023-2024,,April,II,Isabela,San Manuel,Mararigue,17.001235,121.618826,Mung bean,2/25/2024,25,Pag Asa 7,Fruiting Stage,Pod borer,,25,15,9,3,5,20,Advised farmers to spray insecticide for the management of Pod borer.,Revalidated,"April 10, 2024",50,2023-2024
DS 2023-2024,,April,II,Isabela,San Manuel,Mararigue,17.00038,121.618904,Papaya,10/25/2023,0.1,Red Lady,Fruiting Stage,Mealy bug,,0.1,10,9,5,0,0.1,Advised farmers to spray BCA'S for the management of Mealy bug.,Revalidated,"April 10, 2024",1,2023-2024
DS 2023-2024,,April,II,Isabela,Aurora,Kalabaza,16.976021,121.628339,Bitter gourd,1/2/2024,0.5,Galaxy,Fruiting Stage,Fruit fly,,0.5,10,9,3,0.5,0,Advised farmers to put up fruit fly trap or attractant.,Revalidated,"April 11, 2024",2,2023-2024
DS 2023-2024,,April,II,Isabela,Aurora,Kalabaza,16.978141,121.624314,Calamansi,10/1/2016,5,Calamondin,Fruiting Stage,Gummosis,,5,5,9,7,1,4,Advised farmers to prune the infected parts.,Revalidated,"April 11, 2024",6,2023-2024
DS 2023-2024,,April,II,Isabela,Aurora,Bagong Tanza,16.98015,121.616993,Eggplant,2/1/2024,3,Long purple,Fruiting Stage,Fruit and shoot borer,,3,20,9,3,3,0,Advised farmers to spray insecticide for the management of fruit and shoot borer.,Revalidated,"April 11, 2024",4,2023-2024
DS 2023-2024,,April,II,Isabela,Aurora,Villa Nuesa,16.98515,121.617548,Mung bean,2/15/2024,10,Pag Asa 7,Fruiting Stage,Pod borer,,10,15,9,5,3,7,Advised farmers to spray insecticide for the management of shoot borer.,Revalidated,"April 11, 2024",15,2023-2024
DS 2023-2024,,April,II,Isabela,Roxas,Sinamar,17.166825,121.582225,Tomato,2/20/2024,10,Diamante Max F1,Fruiting Stage,Tomato Mosaic,,5,5,9,3,5,0,Advised farmers to spray insecticide and conduct a regular monitoring.,,"April 11, 2024",7,2023-2024
DS 2023-2024,,April,II,Isabela,Cabatuan,Culling East,16.94592,121.65098,Mung bean,1/2/2024,30,Taiwan Green,Flowering,Aphids,,2,5,9,0,2,0,Farmers already sprayed insecticide and we advised farmers to monitor the area regularly.,,"April 02, 2024",35,2023-2024
DS 2023-2024,,April,II,Isabela,Cabatuan,Culling East,16.94592,121.65098,Mung bean,1/2/2024,30,Mg14/Labo,Flowering,Aphids,,2,5,9,0,2,0,Farmers already sprayed insecticide and we advised farmers to monitor the area regularly.,,"April 2,2024",40,2023-2024
DS 2023-2024,,April,II,Isabela,Cabatuan,Culling East,16.94592,121.65098,Mung bean,1/2/2024,16,Pagasa 7,Flowering,Aphids,,1.5,5,9,0,1.5,0,Farmers already sprayed insecticide and we advised farmers to monitor the area regularly.,,"April 2,2024",15,2023-2024
DS 2023-2024,,April,II,Isabela,Cabatuan,Rang-ay,16.9261,121.6154,Mung bean,1/2/2024,80,Taiwan Green,Fruiting Stage,Pod borer,,4,5,9,,3,1,Farmers sprayed insecticide for the management of pod borer. Advised them for a regular monitoring.,,"April 12, 2024",80,2023-2024
DS 2023-2024,,April,II,Isabela,Cabatuan,Rang-ay,16.9261,121.6154,Mung bean,1/2/2024,70,Mg14,Fruiting Stage,Pod borer,,3.5,5,9,,2,1.5,Farmers sprayed insecticide for the management of pod borer. Advised them for a regular monitoring.,,"April 12, 2024",75,2023-2024
DS 2023-2024,,April,II,Isabela,Cabatuan,Macalaoat,16.651068,121.653819,Mung bean,Feb.2024,70,Mg14,Fruiting Stage,Pod borer,,3.5,5,9,,2,1.5,Farmers sprayed insecticide for the management of pod borer. Advised them for a regular monitoring.,,"April 12, 2024",75,2023-2024
DS 2023-2024,,April,II,Isabela,Cabatuan,Macalaoat,16.651068,121.653819,Mung bean,Feb.2024,30,Pagasa 7,Fruiting Stage,Pod borer,,1.5,5,9,,1,0.5,Farmers sprayed insecticide for the management of pod borer. Advised them for a regular monitoring.,,"April 12, 2024",25,2023-2024
DS 2023-2024,,April,II,Isabela,San Manuel,Babanuang,17.045287,121.62326,Mung bean,2/20/2024,50,Pag Asa 7,Flowering,Pod borer,,50,20,9,4,5,45,Advised farmers to spray insecticide for management of pod borer.,Revalidated,"April 18, 2024",85,2023-2024
DS 2023-2024,,April,II,Isabela,San Manuel,District 1,17.001475,121.627332,Mung bean,2/21/2024,35,Pag Asa 7,Flowering,Pod borer,,35,20,9,3,5,30,Advised farmers to spray insecticide for management of pod borer.,Revalidated,"April 18, 2024",50,2023-2024
DS 2023-2024,,April,II,Isabela,Aurora,Ballesteros,16.990249,121.624665,Mung bean,2/21/2024,20,Pag Asa 7,Flowering,Pod borer,,20,25,9,4,2,18,Advised farmers to spray insecticide for management of pod borer.,Revalidated,"April 18, 2024",30,2023-2024
DS 2023-2024,,April,II,Isabela,Roxas,San Rafael,17.1029,121.608623,Mung bean,2/18/2024,10,,Flowering,Pod borer,,10,5,9,2,10,0,Advised farmers to spray insecticide to manage the incidence of pod borers.,,"April 18, 2024",12,2023-2024
DS 2023-2024,,April,II,Isabela,Roxas,San Antonio,17.0953,121.6162,Mung bean,2/20/2024,5,,Fruiting Stage,Pod borer,,5,5,9,2,5,0,Advised farmers to spray insecticide to manage the incidence of pod borers.,,"April 18, 2024",4,2023-2024
DS 2023-2024,,April,II,Nueva Vizcaya,Diadi,Arwas,16.722087,121.37193,Mango,,13,Carabao mango,Reproductive,Fruit fly,,13,25,9,1,5,8,DA RCPC set up a trap for the management of fruitflies.,,"April 19, 2024",2,2023-2024
DS 2023-2024,,April,II,Isabela,San Manuel,Sta. Cruz,17.025176,121.624505,Mung bean,2/20/2024,35,Pag Asa 7,Flowering,Pod borer,,35,25,9,5,5,30,Advised farmers to spray insecticide to control the infestation of pod borers.,Revalidated,"April 25, 2024",45,2023-2024
DS 2023-2024,,April,II,Isabela,San Manuel,Sandiat West,17.060588,121.6264,Mung bean,2/18/2024,40,Pag Asa 7,Flowering,Pod borer,,40,25,9,5,5,35,Advised farmers to spray insecticide to control the infestation of pod borers.,Revalidated,"April 25, 2024",60,2023-2024
DS 2023-2024,,April,II,Isabela,Luna,Lalog 1,16.98546,121.7225076,Mung bean,2/18/2024,25,Pag Asa 7,Flowering,Pod borer,,25,25,9,5,3,22,Advised farmers to spray insecticide to control the infestation of pod borers.,Revalidated,"April 25, 2024",20,2023-2024
DS 2023-2024,,April,II,Isabela,Luna,Lalog 2,16.991577,121.730921,Mung bean,2/17/2024,20,Pag Asa 7,Flowering,Pod borer,,20,15,9,5,2,18,Advised farmers to spray insecticide to control the infestation of pod borers.,Revalidated,"April 25, 2024",40,2023-2024
DS 2023-2024,,April,II,Isabela,Aurora,Malasin,17.0027,121.6732,Eggplant,1/25/2024,3,Aurora Green,Fruiting Stage,Fruit and shoot borer,,3,20,9,5,1,2,Advised farmers to spray insecticide to manage the iincidence of Fruit and shoot borers.,Revalidated,"April 25, 2024",6,2023-2024
DS 2023-2024,,April,II,Isabela,Aurora,Bolinao,16.988502,121.654766,Eggplant,5/1/2024,2,Long purple,Fruiting Stage,Fruit and shoot borer,,2,30,9,5,1,1,Advised farmers to spray insecticide to manage the iincidence of Fruit and shoot borers.,Revalidated,"April 25, 2024",5,2023-2024
DS 2023-2024,,May,II,Isabela,Echague,San Felipe,16.601128,121.696642,Banana,7/23/2024,5,Lakatan,Vegetative,Banana spider mites,,0.8,50,3,multiple,0,0.8,Advised farmer to spray insecticide to manage/control pest damaged and we alsoadviced the farmer to conduct a close monitoring.,,"May 2, 2024",1,2023-2024
DS 2023-2024,,May,II,Isabela,Reina Mercedes,Binarsang,17.0207,121.734,Eggplant,2/5/2024,2.5,Longpurple,Fruiting Stage,Fruit and shoot borer,,2.5,20,5,-,1,1.5,Advice farmers to spray insecticide for the management of fruit and shoot borer.,Revalidated,"May 2, 2024",5,2023-2024
DS 2023-2024,,May,II,Isabela,Reina Mercedes,Binarsang,17.0207,121.734,Bottle gourd,2/10/2024,1,Mayumi F1,Fruiting Stage,Fruit fly,,1,15,3,-,1,0,Advised farmers to install/put up insect trap for the management of Fruit fly.,Revalidated,"May 2, 2024",2,2023-2024
DS 2023-2024,,May,II,Isabela,Aurora,Bagnos,17.009583,121.680945,Mung bean,2/10/2024,15,PAG ASA 7,Fruiting Stage,Pod borer,,15,15,3,-,5,25,Advised farmers to spray insecticide for the management of pod borer.,Revalidated,"May 2, 2024",30,2023-2024
DS 2023-2024,,May,II,Isabela,Aurora,Diamantina,17.002846,121.653065,Mung bean,2/8/2024,20,PAG ASA 7,Fruiting Stage,Pod borer,,20,15,3,-,5,15,Advised farmers to spray insecticide for the management of pod borer.,Revalidated,"May 2, 2024",40,2023-2024
DS 2023-2024,,May,II,Isabela,Aurora,Sta. Rita,16.99191,121.64142,Mung bean,2/8/2024,10,PAG ASA 7,Fruiting Stage,Pod borer,,10,15,3,-,2,8,Advised farmers to spray insecticide for the management of pod borer.,Revalidated,"May 2, 2024",25,2023-2024
DS 2023-2024,,May,II,Isabela,San Manuel,Dist. 2,17.01992,121.64093,Mung bean,2/20/2024,25,Pag Asa 7,Flowering,Pod borer,,25,20,5,-,5,20,Advised farmers to spray insecticide for the management of pod borer.,Revalidated,"May 2, 2024",50,2023-2024
DS 2023-2024,,May,II,Isabela,San Manuel,Dist. 4,17.02807,121.63954,Mung bean,2/18/2024,20,Pag Asa 7,Flowering,Pod borer,,20,15,3,-,5,15,Advised farmers to spray insecticide for the management of pod borer.,Revalidated,"May 2, 2024",40,2023-2024
DS 2023-2024,,May,II,Isabela,San Manuel,Pisang,17.03711,121.66254,Mung bean,2/20/2024,30,Pag Asa 7,Flowering,Pod borer,,30,15,3,-,10,20,Advised farmers to spray insecticide for the management of pod borer.,Revalidated,"May 2, 2024",55,2023-2024
DS 2023-2024,,May,II,Isabela,San Manuel,Sandiat Centro,17.07065,121.63898,Mung bean,2/17/2024,15,Pag Asa 7,Flowering,Pod borer,,15,15,3,-,5,10,Advised farmers to spray insecticide for the management of pod borer.,Revalidated,"May 2, 2024",30,2023-2024
DS 2023-2024,,May,II,Isabela,San Manuel,Mararigue,17.001137,121.618869,Mung bean,2/20/2024,5,Pag Asa 7,Poding,Green Vegetable bug,,5,25,5,,0,5,Advised farmers to spray insecticide for the management of bugs.,Revalidated,"May 9, 2024",10,2023-2024
DS 2023-2024,,May,II,Isabela,Roxas,Munoz East,17.145352,121.616683,Mung bean,3/26/2024,5,Pag asa 7,Fruiting Stage,Pod borer,,2,5,1,2,5,0,Advised farmers to spray insecticide at early stage when insect occurs.,,"May 9, 2024",4,2023-2024
DS 2023-2024,,May,II,Isabela,City of Ilagan ,Baculud,17.1478,121.8937,Pepper,1/12/2023,0.8,"Aruy-uy, pakbet",Fruiting Stage,Fusarium Wilt,,0.8,5,7,-,0.8,0,Advised farmers to conduct drenching of Fungicide to prevent the spread of Fungal Diseases.,,"May 15, 2024",2,2023-2024
DS 2023-2024,,May,II,Isabela,Roxas,Marcos,17.1673783,121.5810917,Beans,5/18/2024,0.7,Star Premium,Seedling,Aphids,,0.7,5,3,,0.7,0,Advised farmers to spray insecticide and conduct a follow up applicaton of BCA.,,"May 30, 2024",2,2023-2024
DS 2023-2024,,May,II,Quirino,Aglipay,San Leonardo,16.487908,121.58567,Cacao,11/11/2011,1,Cacao,Reproductive,Pod rot,,1,1,1,3,0,1,Advised farmers to remove damaged fruit for disposal and spray biological control agents for management.,,"May 29, 2024",1,2023-2024
WS 2024,PPV-24-0001,June,II,Isabela,Burgos,Culalabo Norte,17.11326,121.7066833,Luffa Gourd,5/29/2024,0.7,Premera F1,Vegetative,Leaf Miner,0.7,0.7,2,1,2,0.7,0,Advised farmer to spray insecticide and apply BCAs.,,"June 6, 2024",1,2023-2024
WS 2024,PPM-24-0002,June,II,Nueva Vizcaya,Kasibu,Binogawan,16.367192,121.40089,Citrus,1/7/1905,30,Satzuma,Reproductive,Rind borer,15,15,5,1,,15,0,Advised farmers to spray EPF or recommended insecticide to manage the infestation of rind borer.,,"June 6, 2024",17,2024
WS 2024,PPM-24-0003,June,II,Nueva Vizcaya,Kasibu,Tadji,16.367192,121.400893,Citrus,1/7/1905,25,Satzuma,Reproductive,Rind borer,10,10,5,1,,10,0,Advised farmers to spray EPF or recommended insecticide to manage the infestation of rind borer.,,"June 6, 2024",12,2024
WS 2024,PPM-24-0004,June,II,Nueva Vizcaya,Kasibu,Malabing,16.367192,121.400893,Citrus,1/7/1905,50,Satzuma,Reproductive,Rind borer,20,20,5,1,,20,0,Advised farmers to spray EPF or recommended insecticide to manage the infestation of rind borer.,,"June 6, 2024",23,2024
WS 2024,PPM-24-0005,June,II,Isabela,Roxas,San Placido,17.15081667,121.5697367,Pomelo,7/13/1905,28,Menzi,Vegetative,Gummosis,28,2,2,9,,2,0,Farmer conducted prunning on the infected plants and DA-RCPC provides Fungicide/Bactericide for the management of the disease.,,"June 24, 2024",1,2024
WS 2024,PPM-24-0006,June,II,Isabela,Roxas,San Placido,17.15081667,121.5697367,Coconut,7/13/1905,2,Coco pandan,Vegetative,Red palm weevil,10,10,3,9,1,10,0,DA RCPC provides insecticide and farmer applied insecticide to manage the infestation of the pest.,,"June 24, 2024",1,2024
WS 2024,PPM-24-0007,June,II,Isabela,Roxas,San Placido,17.15081667,121.5697367,Rambutan,7/13/1905,5,-,Flowering,Anthracnose,5,5,5,9,,5,0,Advised farmer to sprayed Fungicide and continuous monitoring,,"June 24, 2024",1,2024
WS 2024,PPM-24-0008,June,II,Isabela,Burgos,Dalig Viejo,17.0274884,121.710656,Calamansi,1/5/2015,3,Calamondin,Fruiting Stage,Rind borer,3,0.5,17,3,,0.5,0,Advice farmers to spray recommended insecticide for the management of the pest and conduct a regular monitoring.,,"June 27, 2024",2,2024
WS 2024,PPM-24-0009,June,II,Isabela,Aurora,Bagong Tanza,16.977613,121.620035,Bitter gourd,4/25/2024,0.8,Galaxy,Fruiting Stage,Fruit fly,0.8,0.1,12,3,-,0.1,0,Advised farmers to put insect attractant for the management of fruit fly.,,"June 27, 2024",2,2024
WS 2024,PPM-24-0010,June,II,Isabela,Aurora,Kalabaza,16.976711,121.62814,Eggplant,2/4/2024,2.5,Longpurple,Fruiting Stage,Fruit borer,2.5,0.3,12,3,-,0.3,0,Advice farmers to spray recommended insecticide for the management of the pest and conduct a regular monitoring.,,"June 27, 2024",0,2024
WS 2024,PPM-24-0011,June,II,Isabela,Aurora,Bagong Tanza,16.977839,121.6275567,Calamansi,1/5/2016,5,Calamondin,Fruiting Stage,Gummosis,5,0.4,8,3,-,0,0.4,Advised farmers to conduct prunning to manage the infection of the disease.,,,2,2024
WS 2024,PPM-24-0012,July,II,Isabela,Aurora,Kalabaza,16.972597,121.625189,Calamansi,1/7/2016,12,Calamondin,Fruiting Stage,Rind borer,12,3,25,3,-,2,1,Advised farmers to spray recommended insecticide for the management of rind borer and conduct a regular monitoring.,,"July 11, 2024",8,2024
WS 2024,PPM-24-0013,July,II,Isabela,Jones,Barangay 2,16.5515,121.70218,String beans,1/5/2024,0.02,Negro star,Flowering,Aphids,0.02,0.008,40,3,5,0,0.008,Advised farmer to spray botanical pesticides for the management of pest.,,"July 10, 2024",1,2024
WS 2024,PPM-24-0014,July,II,Isabela,Jones,Barangay 2,16.55146,121.70218,Okra,1/5/2024,0.03,Lady Finger,Flowering,GLH,0.03,0.012,40,3,,0,0.012,Advised farmer to spray botanical pesticides for the management of pest.,,"July 10, 2024",2,2024
WS 2024,PPM-24-0015,July,II,Isabela,Jones,Payac,16.5753,12169102,Cacao,Year 2009,1,K9,Fruiting Stage,Cherelle wilt,1,0.2,20,3,,0,0.2,Advised farmer to construct drainage for exces water and spray fungicide to manage the indicence of the disease.,,"July 10, 2024",1,2024
WS 2024,PPM-24-0016,July,II,Isabela,Roxas,Sinamar,17.169765,121.5732133,Squash,6/20/2024,1.2,Suprema F1,Vegetative,Squash Beetle,1.2,0.06,5,3,3,0.06,0,Advised farmer to spray recommended insecticide and follow up application of BCA to manage the pest.,,"July 18, 2024",4,2024
WS 2024,PPM-24-0017,July,II,Isabela,Aurora,Saranay,16.982847,121.653689,Eggplant,1/2/2024,3,Aurora Green,Fruiting Stage,Phomopsis blight,3,0.3,10,3,,0.3,0,Advised farmers to spray fungicide for the management of the disease.,,"July 18, 2024",2,2024
WS 2024,PPM-24-0018,July,II,Isabela,Roxas,San Placido,17.15025167,121.5848017,Pomelo,7/14/1905,3,Menzi Pomelo Davao,Vegetative,Leaf Miner,3,0.15,5,9,,0.15,0,Farmer sprayed insecticide. Advised the farmer to apply BCA and conduct a continuous monitoring.,,"July 26, 2024",1,2024
WS 2024,PPM-24-0019,July,II,Nueva Vizcaya,Bagabag,Villaros,16.608555,121.291845,Pomelo,-,1.5,Sweet Abulug Pomelo,Reproductive,Leaf Miner,1.5,0.75,50,1,,0.75,0,Farmer sprayed insecticide. Advised the farmer to apply BCA and conduct a continuous monitoring.,,"July 19, 2024",1,2024
WS 2024,PPM-24-0020,July,II,Nueva Vizcaya,Diadi,Arwas,16.72219,121.37179,Mango,-,1.5,Carabao mango,Reproductive,Anthracnose,1.5,0.75,50,1,,0.75,0,Advised farmer to conduct a continuous monitoring.,,"July 22, 2024",1,2024
WS 2024,PPV-24-0021,July,II,Nueva Vizcaya,Aritao,Common,16.2608531,121.0410183,Coconut,7/14/1905,1.5,Unknown,-,Weevil,1.5,0.3,20,9,,0.3,0,Advised farmer to spray recommended insecticide for the management of the pest and conduct a regular monitoring.,,"July 26, 2024",1,2024
WS 2024,PPM-24-0021,August,II,Quirino,Maddela,Cofcaville,16.396393,121.697788,Banana,10/21/2022,5,Lacatan,Fruiting Stage,Black sigatoka,5,2,40,3,,2,0,Advised farmers to remove the infected leaves and spray fungicide for the management of the disease.,,"August 1, 2024",2,2024
WS 2024,PPM-24-0022,August,II,Quirino,Maddela,Cofcaville,16.396823,121.698003,Banana,1/11/2022,6,Latondan/Aritondal,Fruiting Stage,Fusarium wilt,6,1.2,20,3,,1.2,0,Advised farmers to remove the infected leaves and spray fungicide for the management of the disease.,,"August 1, 2024",2,2024
WS 2024,PPM-24-0023,August,II,Isabela,Luna,Lalog 1,16.98889,121.720784,Mango,1/6/2017,0.5,Nanduk Mai,Fruiting Stage,Fruit fly,0.5,0.025,3,5,,0.025,0,Advised farmers to put attractant for the management of fruit fly.,,"August 8, 2024",1,2024
WS 2024,PPM-24-0024,August,II,Isabela,Quezon,Minagbag,17.38926833,121.6155,Squash,1/7/2024,1.8,Suprema F1,Vegetative,Squash Beetle,1.8,0.2,2,1,4,0.2,0,DA RCPC provides trichogrmma cards for the management of the pest. Advised farmers to monitor the area regularly.,,"August 8, 2024",4,2024
WS 2024,PPM-24-0025,August,II,Isabela,Quezon,Minagbag,17.38924833,121.6156083,Bitter gourd,1/7/2024,3,Galaxy Max F1,Vegetative,Fruit fly,3,0.4,8,1,,0.4,0,DA RCPC provides trichogrmma cards for the management of the pest. Advised farmers to monitor the area regularly.,,"August 8, 2024",2,2024
WS 2024,PPM-24-0026,August,II,Quirino,Diffun,Cajel,16.54757,121.510882,Eggplant,5/24/2024,0.5,Mojito,Reproductive,Shoot Borer,0.5,0.025,5,3,,0.025,0,Advised farmers to remove the infected shoots and spray BCA for the management of the pest.,,"August 6, 2024",2,2024
WS 2024,PPM-24-0027,August,II,Quirino,Diffun,Cajel,16.547335,121.511002,Pole sitao,5/24/2024,0.3,Negrostar,Reproductive,Leaf Miner,0.3,0.015,5,3,,0.015,0,Advised farmers to spray recommended insecticide and conduct a fallow-up application of BCA for management.,,"August 6, 2024",1,2024
WS 2024,PPM-24-0028,August,II,Quirino,Diffun,Cajel,16.54883,121.530495,Bitter gourd,6/21/2024,0.5,Galaxy Max,Reproductive,Fruit fly,0.5,0.5,5,3,,0.5,0,Farmers applied pheromone trap and biological control agents.,,"August 20, 2024",2,2024
WS 2024,PPM-24-0029,August,II,Quirino,Diffun,Cajel,16.548763,121.530568,Sponge Gourd,6/26/2024,0.2,Aura,Reproductive,Leaf Miner,0.2,0.2,3,3,,0.2,0,Farmers already apply insecticide. Advised them for a regular monitoring.,,"August 20, 2024",1,2024
WS 2024,PPM-24-0030,August,II,Isabela,Roxas,San Placido,17.15061333,121.5696567,Citrus,8/22/2024,8,Menzy Sweet Pomelo,Flowering,Leaf Miner,8,4,15,3,,4,0,Farmer sprayed insecticide and follow up BCA.,,"August 30, 2024",1,2024
WS 2024,PPM-24-0031,August,II,Isabela,Santiago City,Cabulay,16.723317,121.50387,Squash,5/6/2024,0.3,Ibana F1,Flowering,Squash Beetle,0.3,0.015,5,3,,0.3,,Advised farmers to spray recommended insecticide for management.,,"August 28, 2024",2,2024
WS 2024,PPM-24-0032,August,II,Isabela,Santiago City,Cabulay,16.7236,121.504,Eggplant,5/15/2024,0.3,Calixto F1,Fruiting Stage,Shoot Borer,0.3,0.09,30,3,,0.3,,Advised farmers to spray insecticide when monitored adult shoot borer and use pheromone traps for management.,,"August 28, 2024",2,2024
WS 2024,PPM-24-0167,August,II,Quirino,Diffun,Villa Pascua,16.599987,121.538492,Banana,5/23/2024,3,Laccatan,Reproductive,Black sigatoka,3,0.9,30,3,,0,0.9,Advised farmers to remove the infected leaves and spray fungicide for the management of the disease.,,"August 29, 2024",2,2024
WS 2024,PPM-24-0168,August,II,Nueva Vizcaya,Bagabag,Villaros,16.608555,121.291845,Pomelo,,1.5,,Reproductive,Leaf Miner,1.5,1.5,40,1,,1.5,,Already sprayed insecticide,,"August 20, 2024",1,2024
WS 2024,PPM-24-0036,September,II,Nueva Vizcaya,Quezon,Runruno,16.4289853,121.3206451,Ginger,4/15/2024,20,Hawai,Vegetative,Fusarium wilt,10,4,40,5,,0,4,DA-RCPC provides BCA(Trichoderma) for the management of the disease. Advised farmers to remove the infected plants.,,"September 5, 2024",8,2024
WS 2024,PPM-24-0037,September,II,Isabela,Reina Mercedes,Santiago,17.025518,121.774007,Bitter gourd,6/25/2024,0.3,Galaxy,Fruiting Stage,Fruit fly,0.3,0.006,2,3,,0.3,0,Advised farmers to put up fruit fly trap for the management of fruit fly and conduct a continuous monitoring.,,"September 12, 2024",2,2024
WS 2024,PPM-24-0038,September,II,Isabela,Reina Mercedes,Binarsang,17.0207,121.734,Calamansi,5/6/2014,2,Calamondin,Fruiting Stage,Gummosis,2,0.04,2,3,,0.2,0.2,Advice farmers to prune infected parts for the management of gummosis.,,"September 12, 2024",2,2024
WS 2024,PPM-24-0039,September,II,Isabela,Reina Mercedes,Binarsang,17.0207,121.734,Eggplant,2/6/2024,0.5,Longpurple,Fruiting Stage,Shoot Borer,0.5,0.01,2,3,,0.1,0,Advised farmers to spray recommended insecticide for the management of the pest and conduct a continuous monitoring.,,"September 12, 2024",1,2024
WS 2024,PPM-24-0040,September,II,Isabela,Reina Mercedes,Binarsang,17.0207,121.734,Bitter gourd,6/15/2024,0.2,Galaxy,Fruiting Stage,Fruit fly,0.2,0.004,2,3,,0.004,0,Advised farmers to put up fruit fly trap for the management of fruit fly and conduct a continuous monitoring.,,"September 12, 2024",2,2024
WS 2024,PPM-24-0041,September,II,Isabela,Reina Mercedes,Sallucong,17.021967,121.738351,Pole sitao,6/20/2024,0.2,Sierra madre,Fruiting Stage,Aphids,0.2,0.006,2,3,,0.006,0,Advised farmers to spray recmmended insecticide to manage the pest and conduct a continuous monitoring.,,"September 12, 2024",2,2024
WS 2024,PPM-24-0042,September,II,Isabela,Aurora,Macatal,16.964623,121.600258,Calamansi,6/15/2014,2.5,Calamondin,Fruiting Stage,Gummosis,2.5,0.075,3,3,,0,2.5,Advice farmers to prune infected parts for the management of gummosis.,,"September 12, 2024",3,2024
WS 2024,PPM-24-0043,September,II,Isabela,Aurora,Sta. Rosa,16.989585,121.633664,Calamansi,6/6/2025,1,Calamondin,Fruiting Stage,Scab,1,0.05,5,3,,0,1,Advised farmer to conduct a continuous monitoring.,,"September 19, 2024",1,2024
WS 2024,PPM-24-0044,September,II,Isabela,San Mateo,Daramungan Sur,16.89317,121.59332,Eggplant,7/15/2024,0.05,Calixto F1,Flowering,White fly,0.05,0.025,50,1,,0.05,0,Advised farmer to spray recommended insecticide to control white fly infestation.,,"September 12, 2024",1,2024
WS 2024,PPM-24-0045,September,II,Isabela,San Mateo,Daramungan Sur,16.89307,121.59333,Pole Sitao,7/17/2024,0.05,Negro star,Flowering,Leaf Miner,0.05,0.015,30,1,,0.05,0,"Advised farmer to monitor regularly, remove the infected leaves and use traps for adult leaf miner.",,"September 12, 2024",1,2024
WS 2024,PPM-24-0046,September,II,Isabela,Roxas,San Placido,17.132766,121.617322,Beans,4/8/2024,1.3,Bongga,Vegetative,Leaf Miner,1.3,0.13,10,1,1,0.13,0,Advised farmers to apply recommended insecticide and BCA for the management of the pest.,,"September 27, 2024",2,2024
WS 2024,PPM-24-0047,September,II,Isabela,Roxas,San Placido,17.132766,121.617322,Pepper,12/8/2024,0.7,Diango DOS F1,Vegetative,Aphids,0.7,0.07,5,1,,0.07,0,Advised farmers to apply recommended insecticide and BCA for the management of the pest.,,"September 27, 2024",1,2024
WS 2024,PPM-24-0048,October,II,Isabela,City of Ilagan ,Arusip,17.102915,121.841513,Eggplant,2/5/2024,1,Fortuner,Fruiting Stage,Shoot and Fruit borer,1,0.5,10,3,6,0.5,0,Farmers already sprayed insecticide. Advised farmers to use BCAs in managing pest.,,"October 1, 2024",2,2024
WS 2024,PPM-24-0049,October,II,Isabela,Reina Mercedes,Santiago,17.031314,121.751644,Calamansi,9/20/2024,1.5,Calamondin,Fruiting Stage,Gummosis,1.5,0.045,3,3,-,0.045,0,Advised farmer to conduct pruning for management and conduct a regular monitoring.,,"October 3, 2024",1,2024
WS 2024,PPM-24-0050,October,II,Isabela,Reina Mercedes,Santiago,17.028716,121.749307,Bottle gourd,5/7/2024,0.5,Mayumi,Fruiting Stage,Fruit fly,0.5,0.01,2,3,-,0.01,0,Advised farmer to put attractant for the management of fruit fly.,,"October 3, 2024",1,2024
WS 2024,PPM-24-0051,October,II,Quirino,Diffun,San Isidro,16.63245,121.505405,Bitter gourd,,0.3,Galaxy,Reproductive,Fruit fly,0.3,0.015,5,3,-,0.015,0,Advised farmer to apply supernet for management the fruit fly.,,"October 1, 2024",1,2024
WS 2024,PPM-24-0052,October,II,Quirino,Diffun,San Isidro,16.63217,121.50511,Eggplant,7/21/2024,0.2,Fortuner,Flowering,Shoot Borer,0.2,0.006,3,3,-,0.006,0,Advice farmers to remove all the infected shoots.,,"October 1, 2024",1,2024
WS 2024,PPM-24-0053,October,II,Isabela,Burgos,Singson,17.035142,121.744569,Calamansi,1/7/2013,1.2,Calamondin,Fruiting Stage,Gummosis,1.2,0.06,5,3,-,0.06,0,Advised farmers to conduct pruning for the management of gummosis and conduct a continuous monitoring.,,"October 10, 2024",1,2024
WS 2024,PPM-24-0054,October,II,Isabela,Burgos,Catabban,17.033711,121.743143,Calamansi,1/7/2013,2.5,Calamondin,Fruiting Stage,Scab,2.5,0.375,15,3,-,0.375,0,Advised farmers to spray fungicide for the management of scab and conduct a regular monitoring.,,"October 10, 2024",2,2024
WS 2024,PPM-24-0055,October,II,Isabela,Aurora,Dalig Kalinga,17.010352,121.695008,Eggplant,1/8/2024,2.2,Longpurple,Fruiting Stage,Fruit borer,2.2,0.154,7,3,-,0.154,0,Advised farmers to spray recommended insecticide for the management of fruit borer and conduct a continuous monitoring.,,"October 10, 2024",2,2024
WS 2024,PPM-24-0056,October,II,Isabela,Aurora,Esperanza East,17.007143,121.69085,Calamansi,1/6/2014,1,Calamondin,Fruiting Stage,Gummosis,1,0.05,5,3,-,0.05,0,Advised farmers to spray fungicide for the management of gummosis and continuous monitoring.,,"October 10, 2024",1,2024
WS 2024,PPM-24-0057,October,II,Isabela,City of Ilagan ,Baculud,17.15097627,121.903461,Squash,2/9/2024,5,Gracia F1,Vegetative,Squash Beetle,5,3.75,75,3,4,5,0,Farmers sprayed insecticide. Advised farmers to monitor the area regularly.,,14-Oct-24,10,2024
WS 2024,PPM-24-0058,October,II,Isabela,Cabatuan,"Sitio Malasin, Macalaoat",16.933363,121.628302,Eggplant,7/15/2024,0.2,Calixto F1,Fruiting Stage,Shoot Borer,0.2,0.08,40,1,,0.08,0,Advised farmer to conduct pruning to control the infestation and apply insecticide if necessary.,,9-Oct-24,1,2024
WS 2024,PPM-24-0059,October,II,Quirino,Cabarroguis,Villarose,16.502962,121.49407,Banana,6/17/2024,6,Saba,Reproductive,BBTV,6,1.8,30,3,,0,1.8,Advised farmer to remove the infected plants and spray insecticide to manage infection.,,9-Oct-24,1,2024
WS 2024,PPM-24-0060,October,II,Quirino,Cabarroguis,Gomez,16.466368,121.496665,Banana,5/22/2024,3,Laccatan,Fruiting Stage,Black Sigatoka,3,0.9,30,3,,0,0.9,Advised farmer to remove the affected leaves and spray fungicide for the management.,,15-Oct-24,2,2024
WS 2024,PPM-24-0061,October,II,Quirino,Cabarroguis,Gomez,16.466145,121.496643,Banana,10/23/2024,2,Latondan,Fruiting Stage,BBTV,2,0.4,20,1,,0,0.4,Advised farmer to remove the affected plants and sterilize the hole before planting.,,15-Oct-24,1,2024
WS 2024,PPM-24-0062,October,II,Quirino,Aglipay,Cabugao,16.452877,121.56269,Banana,6/16/2024,8,Saba,Reproductive,BBTV,8,1.6,20,1,,0,1.6,Advised farmers to remove the affected plants.,,22-Oct-24,1,2024
WS 2024,PPM-24-0063,October,II,Quirino,Aglipay,Cabugao,16.452627,121.566168,Banana,5/19/2024,3,Laccatan,Reproductive,Black Sigatoka,3,0.9,30,1,,3,0,Advised farmers to remove the affected leaves and spray Fungicide if needed.,,22-Oct-24,2,2024
WS 2024,PPM-24-0064,October,II,Isabela,Echague,San Felipe,16.601003,121.696737,Banana,7/15/2023,1.5,Lakatan,Fruiting Stage,Black Sigatoka,1.5,0.5,33.84,9,,1.5,0,Advised farmers to conduct continuous monitoring and apply insecticide if needed.,,22-Oct-24,1,2024
WS 2024,PPM-24-0065,October,II,Isabela,Echague,San Felipe,16.60125,121.6963,Banana,7/15/2023,1.5,Lakatan,Fruiting Stage,Mealy bug,1.5,0.12,8.33,9,,1.5,0,Advised farmers to conduct continuous monitoring and apply insecticide if needed.,,22-Oct-24,1,2024
WS 2024,PPM-24-0066,November,II,Quirino,Cabarroguis,Banuar,16.505172,121.563102,Coffee,5/24/2024,1,Robusta coffe,Fruiting Stage,Coffe Berry Disease,1,0.35,35,3,,0,0.35,Advised farmers to monitor the area reularly and spray Fungicide if needed.,,4-Nov-24,2,2024
WS 2024,PPM-24-0067,November,II,Isabela,Roxas,Marcos,17.16793667,121.579525,Tomato,3/10/2024,10,Diamante Max F1,Vegetative,Leaf blight,10,0.5,5,3,,0.5,0,Advised farmer to spray fungicide for management and conduct a close monitoring.,,8-Nov-24,3,2024
WS 2024,PPM-24-0068,November,II,Isabela,Roxas,Marcos,17.16793667,121.579525,Squash,4/10/2024,2.5,Malandi,Vegetative,Squash Beetle,2.5,0.7,3,1,3,0.7,0,Advised farmer to spray insecticide for the management of the pest and conduct a close monitoring.,,8-Nov-24,2,2024
WS 2024,PPM-24-0069,November,II,Isabela,Santiago City,Ambalatungan,16.71705,121.525438,Bitter Gourd,10/8/2024,0.05,Galaxy F1,Fruiting Stage,Leaf spot,0.05,0.0045,9,9,,0.05,0,Advised farmer to conduct continuous monitoring and apply fungicide if necessary to management the disease.,,5-Nov-24,1,2024
WS 2024,PPM-24-0070,November,II,Isabela,Santiago City,Ambalatungan,16.716947,121.525468,Bitter Gourd,10/8/2024,0.05,Galaxy F1,Fruiting Stage,Bacterial wilt,0.05,0.005,10,9,,0.05,0,Advised farmer to conduct continuous monitoring and apply fungicide if necessary to management the disease.,,5-Nov-24,1,2024
WS 2024,PPM-24-0071,November,II,Isabela,Santiago City,Ambalatungan,16.719607,121.52668,Bitter Gourd,10/8/2024,0.05,Galaxy F1,Fruiting Stage,Namamarako,0.05,0.0031,6.33,9,,0.05,0,Advised farmer to conduct continuous monitoring and apply fungicide if necessary to management the disease.,,5-Nov-24,1,2024
WS 2024,PPM-24-0072,November,II,Isabela,Santiago City,Ambalatungan,16.7171,121.5253,Eggplant,7/20/2024,0.03,Domino F1,Fruiting Stage,Fruit borer,0.03,0.002,8,9,,0.03,0,Advised farmer to conduct continuous monitoring and apply pesticide if necessary to management the pest.,,5-Nov-24,1,2024
WS 2024,PPM-24-0073,November,II,Quirino,Diffun,San Isidro,16.632422,121.505472,Tomato,9/28/2024,0.2,Diamante,Fruiting Stage,Leaf Miner,0.2,0.016,8,5,,0.016,0,Advised farmer to spray recommended insecticide for the management of the pest.,,5-Nov-24,1,2024
WS 2024,PPM-24-0074,November,II,Quirino,Diffun,San Isidro,16.632467,121.50548,Tomato,9/28/2024,0.2,Diamante,Fruiting Stage,Fruit worm,0.2,0.04,20,3,,0.04,0,Advised farmer to remove the affected fruits and spray insecticide if needed.,,5-Nov-24,1,2024
WS 2024,PPM-24-0075,November,II,Quirino,Diffun,San Isidro,16.632277,121.505267,Eggplant,7/21/2024,0.2,Amor F1,Fruiting Stage,Fruit borer,0.2,0.04,20,1,,0.04,0,Advised farmers to remove the affected fruits and spray insecticide if needed.,,5-Nov-24,2,2024
WS 2024,PPM-24-0076,November,II,Isabela,Gamu,Upi,17.081731,121.852331,Sugarcane,4/1/2024,5,,Maturity,Eye spot,5,1,20,3,,0,5,Advised farmers to harvest.,,8-Nov-24,2,2024
WS 2024,PPM-24-0077,November,II,Isabela,Aurora,Victoria,16.990049,121.671342,Eggplant,10/8/2024,3,Longpurple,Fruiting Stage,Fruit borer,3,0.75,25,3,,0.75,0,Advised farmers to spray insecticide to manage the pest and conduct a follow up application of EPF.,,8-Nov-24,6,2024
WS 2024,PPM-24-0078,November,II,Isabela,Aurora,Macatal,16.603899,121.603899,Bottle gourd,11/8/2024,1.5,,Fruiting Stage,Fruit fly,1.5,0.375,25,3,,0,0.375,Advised farmers to harvest the harvestable fruits and put up trap to mange the incidence of the pest.,,8-Nov-24,4,2024
WS 2024,PPM-24-0079,November,II,Isabela,Aurora,Sili,16.978946,121.64062,Calamansi,1/6/2015,3,Calamondin,Fruiting Stage,Gummosis,3,0.3,10,3,-,0,0.3,Advised farmers to conduct pruning to manage the disease.,,21-Nov-24,5,2024
DS 2024-2025,PPM-24-0080,December,II,Isabela,Burgos,Singson,17.035647,121.7462226,Eggplant,1/10/2024,1.2,Longpurple,Fruiting Stage,Fruit borer,1.2,0.096,8,3,-,0.096,0,Advised farmers to spray insecticide and conduct a follow up application of EPF. Advised for a continuous monitoring.,,4-Dec-24,3,2024
DS 2024-2025,PPM-24-0081,December,II,Isabela,San Mateo,Daramungan Sur,16.889243,121.591015,Coconut,6/17/2025,0.3,Tall Variety,Vegetative,Coconut bud rot,0.3,0.06,20,9,,0,0.06,Advised farmer to apply fungicide to manage the infection of the disease.,,12-Dec-24,1,2024
DS 2024-2025,PPM-24-0082,December,II,Isabela,San Mateo,Daramungan Sur,16.889315,121.591183,Coconut,6/17/2025,0.3,Tall Variety,Vegetative,Bipolaris leaf spot,0.3,0.099,33,9,,0,0.099,Advised farmer to apply fungicide to manage the infection of the disease.,,12-Dec-24,1,2024
DS 2024-2025,PPM-24-0083,December,II,Quirino,Diffun,Cajel,16.55184,121.530203,Bitter gourd,9/15/2024,2,Galaxy Max,Fruiting Stage,Fruit fly,2,0.228,11.4,5,,0.228,0,Advised farmers to conduct acontinuous monitoring and apply supernet for the management of the pest.,,12-Dec-24,8,2024
DS 2024-2025,PPM-24-0084,December,II,Quirino,Diffun,Cajel,16.547262,121.510615,Pole Sitao,2/11/2024,1.5,Negrostar,Flowering,Leaf Miner,1.5,0.11,7.36,3,,0.11,0,Advised farmers to spray insecticide for the management of the pest..,,12-Dec-24,5,2024
DS 2024-2025,PPM-24-0085,December,II,Isabela,Aurora,Bolinao,16.999325,121.659678,Calamansi,1/6/2010,3.5,Calamondin,Fruiting Stage,Gummosis,3.5,0.175,5,3,-,0,0.175,Advised farmers to conduct pruning for the management of the disease.,,19-Dec-24,6,2024
DS 2024-2025,PPM-24-0086,December,II,Isabela,Aurora,Bolinao,16.98844,121.655025,Eggplant,9/15/2024,3.5,Longpurple,Fruiting Stage,Shoot Borer,3.5,0.35,10,3,-,0.35,0,Advised farmers to spray insecticide for management and conduct a follow up application of EPF. Conduct continuous monitoring.,,19-Dec-24,7,2024
DS 2024-2025,PPM-24-0087,December,II,Isabela,Aurora,Victoria,16.991593,121.665418,Eggplant,10/9/2024,4,Longpurple,Fruiting Stage,Fruit borer,4,0.2,5,3,-,0.2,0,Advised farmers to spray insecticide for management and conduct a follow up application of EPF. Conduct continuous monitoring.,,20-Dec-24,10,2024
DS 2024-2025,PPM-24-0088,December,II,Isabela,Aurora,Malasin,17.0027,121.6732,Eggplant,9/15/2024,7,Longpurple,Fruiting Stage,Shoot Borer,7,0.35,5,3,-,0.35,0,Advised farmers to spray insecticide for management and conduct a follow up application of EPF. Conduct continuous monitoring.,,20-Dec-24,10,2024
DS 2024-2025,PPM-24-0089,December,II,Quirino,Diffun,Cajel,16.54567,121.528217,Banana,5/24/2025,3,Laccatan,8months,Black Sigatoka,3,0.206,6.89,5,-,0.206,0,Advised farmers to remove the affected leaves and spray Fungicide/bactericide.,,17-Dec-24,2,2024
DS 2024-2025,PPM-24-0090,December,II,Quirino,Diffun,Cajel,16.55186,121.529972,Eggplant,3/9/2024,0.8,Calixto,Fruiting Stage,Fruit borer,0.8,0.044,5.55,3,-,0.044,0,Advised farmers to remove the affected fruits and spray insecticide to manage the pest.,,17-Dec-24,4,2024
DS 2024-2025,PPM-24-0091,December,II,Isabela,Jones,Payac,16.575848,121.691238,Cacao,9/6/2025,3,K9,Fruiting Stage,Bark borer,3,1.2,40,9,2,1.2,0,Advised farmer to conduct pruning of the unnecessary branches and apply insecticide to control pest incidence.,,17-Dec-24,1,2024
DS 2024-2025,PPM-24-0092,December,II,Isabela,Jones,Payac,16.575428,121.6909,Cacao,9/6/2025,3,K9,Fruiting Stage,Mealy bug,3,0.6,20,9,2,0.6,0,Advised farmer to conduct pruning of the unnecessary branches and apply insecticide to control pest incidence.,,17-Dec-24,1,2024
DS 2024-2025,PPV-25-0093,January,II,Cagayan,Gonzaga,Sta. Clara,18.2374997,122.0483789,Cucumber,12/24/2025,5,Eastwest Lega C F1,Flowering,Bacterial wilt,5,0.7,1,1,-,0.7,0,Advised farmers to spray insecticide to manage the incidence of the pest and avoid the spreading of bacteria.,,14-Jan-25,2,2024
DS 2024-2025,PPM-25-0094,January,II,Isabela,Aurora,Bagnos,17.00736,121.687578,Eggplant,1/10/2024,2.5,Longpurple,Fruiting Stage,Shoot Borer,2.5,0.75,30,3,-,0.75,0,Advised farmers to spray recommended insecticide to control the incidence of shoot borers and conduct continuous monitoring.,,17-Jan-25,8,2025
DS 2024-2025,PPM-25-0095,January,II,Isabela,Cabatuan,Sitio Malasin Macalaoat,16.959708,121.649193,Bush Sitao,5/1/2025,1,Native,Vegetative,Leaf Miner,1,0.07,7.9,9,-,0,0.07,Advised farmers to spray insecticide for the management of leaf miner and conduct continuous monitoring for other pest incidence.,,17-Jan-25,3,2025
DS 2024-2025,PPM-25-0096,January,II,Quirino,Aglipay,Dungo,16.39356,121.654373,Banana,4/23/2025,5,Laccatan,Vegetative,Black Sigatoka,5,6.145,8.7,5,,0.435,0,Advised farmers to remove the affected leaves and apply fungicide/bactericide for the management of the disease.,,21-Jan-25,2,2025
DS 2024-2025,PPM-25-0095,January,II,Cagayan,Gonzaga,Rebecca,18.24255197,121.9517998,String beans,2/1/2025,0.5,EW Bongga,Leaf emergence,Bean leaf beetle,0.5,0.5,3,3,-,0.5,0,Farmer sprayed brudan to manage the pest.,,22-Jan-25,1,2025
DS 2024-2025,PPM-25-0096,January,II,Cagayan,Gonzaga,Rebecca,18.2427878,121.9515862,Squash,12/24/2025,0.5,Suprema11,Flowering,Red pumpkin beetle,0.5,0.5,3,3,-,0.5,0,Farmer sprayed brudan to manage the pest.,,22-Jan-25,1,2025
DS 2024-2025,PPM-25-0097,January,II,Isabela,Aurora,Malasin,17.0027,121.6732,Eggplant,10/25/2024,5,Longpurple,Fruiting Stage,Shoot Borer,5,0.25,5,3,-,0.25,0,Advised farmers to spray recommended insecticide for management of shoot borer and conduct continuous monitoring.,,24-Jan-25,10,2025
DS 2024-2025,PPM-25-0098,January,II,Isabela,Aurora,Kalabaza,16.9724482,121.625297,Calamansi,1/6/2015,5,Calamondin,Fruiting Stage,Scab,5,3,60,5,-,2,1,Advised farmers to spray fungicide for the management of the disease and conduct continuous monitoring.,,27-Jan-25,8,2025
DS 2024-2025,PPM-25-0099,January,II,Isabela,Reina Mercedes,Santiago,17.02281383,121.7612963,Taiwan Sili,7/9/2025,0.7,F1,Maturity,Anthracnose,0.7,0.7,100,3,-,0.7,0,Farmers sprayed fungicide to manage the disease. Advised farmers to conduct continuous monitoring.,,29-Jan-25,3,2025
DS 2024-2025,PPM-25-0100,January,II,Nueva Vizcaya,Dupax Del Sur,Mangayang,16.3156183,121.0710745,Onion,7/1/2025,0.5,Red Pinoy,Vegetative,Cutworm,0.5,0.4,80,9,1,0.4,0,Farmers sprayed insecticide. Advised farmers to conduct continuous monitoring.,,28-Jan-25,2,2025
DS 2024-2025,PPM-25-0101,January,II,Nueva Vizcaya,Aritao,Calitlitan,16.2262998,120.9827708,Onion,12/16/2024,0.5,Red Nirvana,Bulb formation,Cutworm,0.5,0.2,40,9,1,0.2,0,Farmers sprayed insecticide. Advised farmer to conduct continuous monitoring.,,28-Jan-25,1,2025
DS 2024-2025,PPM-25-0102,January,II,Nueva Vizcaya,Aritao,Cutar,16.2912113,121.0349007,Onion,12/24/2025,1.5,Super Pinoy,Bulb formation,Cutworm,1.5,0.5,33,9,1,0.5,0,Farmers sprayed insecticide. Advised farmers to conduct continuous monitoring.,,28-Jan-25,2,2025
DS 2024-2025,PPM-25-0103,January,ll,Nueva Vizcaya,Bambang,San Leonardo,16.3915639,121.0780527,Garlic,11/16/2024,0.3,Batanes White,Vegetative,Cutworm,0.3,0.2,66.66,9,1,0.2,0,Farmers sprayed insecticide. Advised farmer to conduct continuous monitoring.,,30-Jan-25,1,2025
DS 2024-2025,PPV-25-0104,February,II,Nueva Vizcaya,Bagabag,Baretbet,16.5778382,121.296166,Strawberry,10/10/2022,0.3,Australian/ Japanese/ Festival/ Shoga,Vegetative,Armyworm,0.3,0.3,100,9,May-30,0.3,0,Advised farmer to conduct regular monitoring and manual cleaning. Advised also to apply beauveria for further management and conduct light trapping.,,31-Jan-25,1,2025
DS 2024-2025,PPV-25-0105,February,II,Nueva Vizcaya,Aritao,Poblacion,16.2890323,121.034411,Onion,12/12/2024,0.5,Red Pinoy & Red Dragon,Bulb formation,Cutworm,0.5,0.08,16,9,1-Feb,0.08,0,Farmers sprayed insecticide. Advised farmers to conduct continuous monitoring.,,5-Feb-25,4,2025
DS 2024-2025,PPM-25-0106,February,II,Nueva Vizcaya,Aritao,Poblacion,16.2891862,121.034593,Onion,12/21/2024,0.2,Red Pinoy,Bulb formation,Cutworm,0.2,0.03,15,9,1-Feb,0.03,0,Farmers sprayed insecticide. Advised farmers to conduct continuous monitoring.,,5-Feb-25,4,2025
DS 2024-2025,PPM-25-0107,February,II,Nueva Vizcaya,Aritao,Poblacion,16.2893118,121.033566,Onion,10/12/2024,0.5,Red Nirvana,Bulb formation,Cutworm,0.5,0.05,10,9,1-Feb,0.05,0,Farmers sprayed insecticide. Advised farmers to conduct continuous monitoring.,,5-Feb-25,4,2025
DS 2024-2025,PPV-25-0108,February,II,Nueva Vizcaya,Aritao,Poblacion,16.2888997,121.034433,Red onion,12/12/2024,0.3,Red Pinoy,Vegetative,Onion Armyworm,0.3,0.06,20,9,,0.06,0,Farmers applied chemical insecticide to manage the pest.,,11-Feb-25,1,2025
DS 2024-2025,PPV-25-0109,February,II,Nueva Vizcaya,Aritao,Poblacion,16.2888997,121.034433,Red onion,12/12/2024,0.3,Red Pinoy,Vegetative,Cutworm,0.3,0.06,20,9,,0.06,0,Farmers applied chemical insecticide to manage the pest.,,11-Feb-25,1,2025
DS 2024-2025,PPV-25-0110,February,II,Nueva Vizcaya,Aritao,Poblacion,16.28927,121.033584,Red onion,9/12/2024,0.1,Red Nirvana,Vegetative,Onion Armyworm,0.1,0.02,20,9,,0.02,0,Farmers applied chemical insecticide to manage the pest.,,11-Feb-25,1,2025
DS 2024-2025,PPV-25-0111,February,II,Nueva Vizcaya,Aritao,Poblacion,16.28927,121.033584,Red onion,9/12/2024,0.1,Red Nirvana,Vegetative,Cutworm,0.1,0.02,20,9,,0.02,0,Farmers applied chemical insecticide to manage the pest.,,11-Feb-25,1,2025
DS 2024-2025,PPV-25-0112,February,II,Nueva Vizcaya,Aritao,Poblacion,16.289179,121.034529,Red onion,12/15/2024,0.5,Red Pinoy,Vegetative,Onion Armyworm,0.5,0.1,20,9,,0.1,0,Farmers applied chemical insecticide to manage the pest.,,11-Feb-25,1,2025
DS 2024-2025,PPV-25-0113,February,II,Nueva Vizcaya,Aritao,Poblacion,16.289179,121.034529,Red onion,12/15/2024,0.5,Red Pinoy,Vegetative,Cutworm,0.5,0.1,20,9,,0.1,0,Farmers applied chemical insecticide to manage the pest.,,11-Feb-25,1,2025
DS 2024-2025,PPM-25-0114,February,II,Isabela,City of Ilagan ,Capo,17.166152,121.906277,Snow cabbage,8/1/2025,3.5,-,Harvestable,Armyworm,3.5,0.028,8,9,2,0.028,0,Advised farmers to harvest to avoid further damage on the vegetable.,,11-Feb-25,3,2025
DS 2024-2025,PPM-25-0115,February,II,Isabela,Aurora,Diamantina,16.999253,121.659555,Calamansi,6/1/2015,3,Calamondin,Fruiting Stage,Rind borer,3,0.15,5,3,-,0.15,0,Advised farmers to spray recommended insecticide for the management of the pest and conduct continuous monitoring.,,13-Feb-25,5,2025
DS 2024-2025,PPM-25-0116,February,II,Isabela,Aurora,Diamantina,16.999191,121.659615,Calamansi,6/1/2015,3,Calamondin,Fruiting Stage,Scab,3,0.9,30,5,-,0,0.9,Advised farmers to spray recommended fungicide for management and conduct continuous monitoring.,,13-Feb-25,5,2025
DS 2024-2025,PPM-25-0117,February,II,Isabela,Aurora,Bolinao,16.996807,121.656244,Eggplant,12/25/2024,3,Long purple,Fruiting Stage,Fruit borer,3,0.3,10,3,-,0.3,0,Advised farmers to spray recommended insecticide for the management of the pest and conduct continuous monitoring.,,13-Feb-25,8,2025
DS 2024-2025,PPM-25-0118,February,II,Isabela,Roxas,San Placido,17.1329183,121.600018,Tomato,10/1/2025,0.5,Diamante Max F1,Vegetative,Leaf Miner,0.5,0.1,21,1,-,0.1,0,Advised farmer to spray insecticide for management and conduct a regular monitoring.,,13-Feb-25,1,2025
DS 2024-2025,PPM-25-0119,February,II,Isabela,Roxas,San Placido,17.132865,121.599942,Squash,1/15/2025,1,Suprema F1,Vegetative,Squash beetle,1,0.2,15.5,3,-,1,0,Advised farmer to spray insecticide for management and conduct a regular monitoring.,,13-Feb-25,1,2025
DS 2024-2025,PPM-25-0120,February,II,Quirino,Diffun,Cajel,16.545648,121.528332,Banana,1/5/2024,3,Laccatan,9 months,Leaf roll,3,0.205,6.84,5,-,0,0.205,Advised farmers to spray insecticide for the management.,,11-Feb-25,2,2025
DS 2024-2025,PPM-25-0121,February,II,Cagayan,Gonzaga,Cabanbanan,18.2459716,121.936613,String beans,5/1/2025,0.2,Pantastiko`,Flowering,Leaf Miner,0.2,0.1,50,1,-,0.1,0,Advised farmers to apply BCA for management.,,13-Feb-25,1,2025
DS 2024-2025,PPM-25-0122,February,II,Cagayan,Gonzaga,Cabanbanan,18.2459716,121.936613,Eggplant,5/1/2025,0.2,Fortuner F1,Flowering,Verticillium wilt,0.2,0.1,50,1,-,0.1,0,Advised farmer to use fungicide ti manange the disease.,,13-Feb-25,1,2025
DS 2024-2025,PPM-25-0123,February,II,Isabela,Aurora,Malasin,17.0027,121.6732,Eggplant,2/12/2024,3,Longpurple,Fruiting Stage,Fruit borer,3,0.3,10,3,-,0.3,0,Advised farmers to spray insecticide for management of fruit borer and conduct continuous monitoring.,,19-Feb-25,5,2025
DS 2024-2025,PPM-25-0124,February,II,Isabela,Aurora,Bannagao,16.9928281,121.682813,Eggplant,2/12/2024,2,Longpurple,Fruiting Stage,Shoot Borer,2,0.04,2,3,-,0.04,0,Advised farmers to spray insecticide for management of shoot borer and conduct continuous monitoring.,,19-Feb-25,3,2025
DS 2024-2025,PPV-25-0125,February,II,Cagayan,Gonzaga,Callao Katarawan Swisa,18.2952833,122.030122,Squash,1/15/2025,0.8,Gracia f1,Vegetative,Red pumpkin beetle,0.8,0.8,100,8,-,0,0.8,Advised farmer to use organic method of controlling the pest using ashes.,,21-Feb-25,1,2025
DS 2024-2025,PPV-25-0126,February,II,Cagayan,Gonzaga,Callao Katarawan Swisa,18.2959583,122.020158,Sitao,1/15/2025,0.3,,Flowering,Bean common mosaic,0.3,0.3,100,5,-,0,0.3,Advised farmer to use organic method of controlling the pest using ashes.,,21-Feb-25,1,2025
DS 2024-2025,PPM-25-0127,February,II,Quirino,Maddela,Balligui,16.366907,121.63179,Banana,1/4/2016,25,Saba/Dippig,Reproductive,Banana pseudostem weevil,25,1.11,4.44,3,-,0,1.11,Advised farmers to remove and burn the affected plants and spray insecticide to manage the pest. Conduct a regular monitoring.,,18-Feb-25,3,2025
DS 2024-2025,PPV-25-0128,February,ll,Nueva Vizcaya,Aritao,Beti,16.2349857,121.050727,Onion,12/26/2024,1,Red Pinoy,Bulb formation,Thrips,1,1,100,9,,0,1,Advised farmer spray recommended insecticide to manage the pest and conduct continuous monitoring.,,26-Feb-25,1,2025
DS 2024-2025,PPV-25-0129,February,ll,Nueva Vizcaya,Aritao,Beti,16.2349857,121.050727,Onion,12/26/2024,1,Red Pinoy,Bulb formation,Onion Twister,1,1,100,9,,0,1,Advised farmer spray recommended insecticide to manage the pest and conduct continuous monitoring.,,26-Feb-25,1,2025
DS 2024-2025,PPV-25-0130,February,ll,Nueva Vizcaya,Aritao,Beti,16.2349857,121.050727,Onion,12/26/2024,1,Red Pinoy,Bulb formation,Dumping-off,1,1,100,9,,0,1,Advised farmer spray fungicide to manage the disease and conduct continuous monitoring,,26-Feb-25,1,2025
DS 2024-2025,PPV-25-0131,February,ll,Nueva Vizcaya,Aritao,Banganan,16.2349857,121.050311,Onion,12/29/2024,0.2,Red Pinoy,Bulb formation,Dumping-off,0.2,0.1,50,9,,0,0.1,Advised farmer spray fungicide to manage the disease and conduct continuous monitoring,,26-Feb-25,1,2025
DS 2024-2025,PPM-25-0132,February,II,Isabela,San Guillermo,Palawan,16.705225,121.85233,Banana,1/8/2024,3,Lakatan,Vegetative,Black Sigatoka,3,1.6,20,3,,0.6,0,Reminded AEW to advise farmers to conduct continuous monitoring and spraying fungicide if needed.,,25-Feb-25,4,2025
DS 2024-2025,PPM-25-0133,February,II,Isabela,Cabatuan,Del Pilar,16.964418,121.653833,Pole Sitao,1/15/2025,0.25,Negro Star,Flowering,Leaf Miner,0.25,0.075,6,9,,0.075,0,Farmers sprayed insecticide to manage the pest. Advised farmers to monitor the area regularly and conduct a follow-up application if needed.,,26-Feb-25,2,2025
DS 2024-2025,PPM-25-0134,February,II,Isabela,Aurora,Kalabaza,16.971879,121.625779,Calamansi,1/6/2018,3,Calamondin,Fruiting Stage,Scab,3,0.15,5,3,-,0.15,0,Advised farmers to spray recommended fungicide for the management of the disease and conduct continuous monitoring.,,25-Feb-25,6,2025
DS 2024-2025,PPV-25-0135,February,II,Cagayan,Gonzaga,Bagsang Sta Clara,18.2255726,122.06504,Bitter gourd,1/15/2025,0.5,Mestisa,Fruiting Stage,Fruit fly,0.5,0.5,100,1,-,0.5,0,Advised the farmer to spray BCA aside from using insecticide and conduct regular monitoring.,,24-Feb-25,1,2025
DS 2024-2025,PPV-25-0136,March,II,Nueva Vizcaya,Aritao,Poblacion,16.2888997,121.034433,Red onion,12/12/2024,0.3,Red pinoy,Vegetative,Cutworm,0.3,0.06,20,9,,0.06,0,Farmer applied chemical insecticide to manage the pest.,,"March 04, 2025",1,2025
DS 2024-2025,PPV-25-0137,March,II,Nueva Vizcaya,Aritao,Poblacion,16.2888997,121.034433,Red onion,12/12/2024,0.3,Red pinoy,Vegetative,Onion armyworm,0.3,0.06,20,9,,0.06,0,Farmer applied chemical insecticide to manage the pest.,,"March 04, 2025",1,2025
DS 2024-2025,PPV-25-0138,March,II,Nueva Vizcaya,Aritao,Poblacion,16.28927,121.033584,Red onion,12/9/2024,0.1,Red nirvana,Vegetative,Cutworm,0.1,0.02,20,9,,0.02,0,Farmer applied chemical insecticide to manage the pest.,,"March 04, 2025",1,2025
DS 2024-2025,PPV-25-0139,March,II,Nueva Vizcaya,Aritao,Poblacion,16.28927,121.033584,Red onion,12/9/2024,0.1,Red nirvana,Vegetative,Onion armyworm,0.1,0.02,20,9,,0.02,0,Farmer applied chemical insecticide to manage the pest.,,"March 04, 2025",1,2025
DS 2024-2025,PPV-25-0140,March,II,Nueva Vizcaya,Aritao,Poblacion,16.289179,121.034529,Red onion,12/15/2024,0.5,Red pinoy,Vegetative,Cutworm,0.5,0.1,20,9,,0.1,0,Farmer applied chemical insecticide to manage the pest.,,"March 04, 2025",1,2025
DS 2024-2025,PPV-25-0141,March,II,Nueva Vizcaya,Aritao,Poblacion,16.289179,121.034529,Red onion,12/15/2024,0.5,Red pinoy,Vegetative,Onion armyworm,0.5,0.1,20,9,,0.1,0,Farmer applied chemical insecticide to manage the pest.,,"March 04, 2025",1,2025
DS 2024-2025,PPM-25-0142,March,II,Cagayan,Gonzaga,Pateng,18.2586291,121.987976,Bean,5/2/2025,0.5,Sumilag,Flowering,Aphids,0.5,0.5,100,1,-,0.5,0,Advised farmer to apply bio control agents to manage the pest and conduct a regular monitoring.,,"March 05, 2025",1,2025
DS 2024-2025,PPM-25-0143,March,II,Cagayan,Gonzaga,Pateng,18.2586291,121.987976,Bean,6/2/2025,0.6,Sumilag,Flowering,Leaf Miner,0.5,0.5,100,1,-,0.5,0,Advised farmer to apply bio control agents to manage the pest and conduct a regular monitoring.,,"March 06, 2025",1,2025
DS 2024-2025,PPM-25-0144,March,II,Isabela,Burgos,Singson,17.035324,121.744795,Calamansi,7/1/2016,2,Calamondin,Fruiting Stage,Citrus Scab,2,1,50,5,-,0,1,Advised farmers to spray recommended fungicide to manage the incidence of diseases and conduct continuous monitoring.,,"March 04, 2025",4,2025
DS 2024-2025,PPM-25-0145,March,II,Isabela,Aurora,Sta. Rosa,16.98958,121.633615,Calamansi,7/1/2017,1,Calamondin,Fruiting Stage,Citrus mealy bug,1,0.05,5,3,-,0.05,0,Advised farmers to spray recommended insecticide to manage the pests and conduct continuous monitoring.,,"March 06, 2025",2,2025
DS 2024-2025,PPM-25-0146,March,II,Isabela,Aurora,Sta. Rosa,16.98954,121.633633,Calamansi,7/1/2017,1,Calamondin,Fruiting Stage,Citrus Scab,1,0.5,50,5,-,0,0.5,Advised farmers to spray recommended fungicide to manage the incidence of diseases and conduct continuous monitoring.,,"March 06, 2025",2,2025
DS 2024-2025,PPM-25-0147,March,II,Isabela,Roxas,Marcos,17.1701167,121.597637,Tomato,11/1/2025,3,Diamante Max F1,Fruiting Stage,Leaf blight,3,1.4,47,5,,1.4,0,Advised farmers to spray bactericide/fungicide at early symptoms of the disease to control the infection and monitor regularly.,,"March 06, 2025",4,2025
DS 2024-2025,PPM-25-0148,March,II,Isabela,City of Ilagan ,Baculud,17.1498376,121.901518,Eggplant,5/12/2024,4.2,Prolifica F1,Fruiting Stage,Fruit borer,4.2,0.85,20.45,5,3,0.85,0,Advised farmers to remove the infested fruit and shoots to avoid further infestation. Conduct regular monitoring.,,"March 06, 2025",10,2025
DS 2024-2025,PPM-25-0149,March,II,Isabela,City of Ilagan ,Baculud,17.1498376,121.901518,Eggplant,5/12/2024,4.2,Prolifica F1,Fruiting Stage,Shoot Borer,4.2,0.85,20.45,5,3,0.85,0,Advised farmers to remove the infested fruit and shoots to avoid further infestation. Conduct regular monitoring.,,"March 06, 2025",10,2025
DS 2024-2025,PPM-25-0150,March,II,Isabela,Echague,Busililao,16.69061,121.68602,Tomato,7/1/2025,0.2,Diamante F1,Fruiting Stage,Leaf Miner,0.2,0.024,12,3,,0.024,0,"Farmers sprayed insecticide to manage the pest, reminded AEW to advise farmers in conducting a regular monitoring.",,"March 04, 2025",3,2025
DS 2024-2025,PPM-25-0151,March,II,Isabela,Echague,Busililao,16.69075,121.685955,Eggplant,7/1/2025,0.2,Mucho F1,Flowering,Shoot Borer,0.2,0.017,8.5,3,,0.017,0,"Farmers sprayed insecticide to manage the pest, reminded AEW to advise farmers in conducting a regular monitoring.",,"March 04, 2025",3,2025
DS 2024-2025,PPM-25-0152,March,II,Isabela,Echague,Salay,16.704027,121.699122,Eggplant,7/1/2025,0.2,Mucho F1,Flowering,Shoot Borer,0.2,0.013,6.6,3,,0.013,0,"Farmers sprayed insecticide to manage the pest, reminded AEW to advise farmers in conducting a regular monitoring.",,"March 04, 2025",3,2025
DS 2024-2025,PPM-25-0153,March,ll,Nueva Vizcaya,Dupax Del Sur,Mangayang,16.3152794,121.071405,Onion,1/1/2025,1,Red Pinoy,Bulb formation,Leaf Miner,1,0.3,30,9,,0.3,0,Advised farmer spray insecticide to manage the pest and conduct continuous monitoring,,"March 4, 2025",1,2025
DS 2024-2025,PPM-25-0153,March,II,Isabela,Aurora,Kalabaza,16.971866,121.625624,Calamansi,7/2/2015,4,Calamondin,Fruiting Stage,Citrus scab,4,0.8,20,5,-,0.8,0,Advised farmers to spray recommended fungicide for the management of the disease and conduct continuous monitoring.,,"March 10, 2025",8,2025
DS 2024-2025,PPM-25-0154,March,II,Isabela,Aurora,Macatal,16.973107,121.615504,Calamansi,6/1/2015,7,Calamondin,Fruiting Stage,Citrus scab,7,1.75,25,5,-,0,1.75,Advised farmers to spray recommended fungicide for the management of the disease and conduct continuous monitoring.,,"March 12, 2025",15,2025
DS 2024-2025,PPM-25-0155,March,II,Isabela,Aurora,Macatal,16.975691,121.620192,Bitter gourd,12/5/2024,0.5,Galaxy,Fruiting Stage,Fruit fly,0.5,0.05,10,3,-,0.05,0,Advised farmers to spray recommended insecticide for management of fruit fly and conduct continuous monitoring.,,"March 12, 2025",2,2025
DS 2024-2025,PPM-25-0156,March,II,Isabela,Roxas,Simimbaan,17.1338283,121.57119,Onion,2/16/2025,5,Red Pinoy,Vegetative,Onion armyworm,5,1.3,27,3,-,1.3,0,DA RCPC provided BCA for the management of the pest and advised them to monitor regularly.,,"March 12, 2025",10,2025
DS 2024-2025,PPM-25-0157,March,II,Isabela,Roxas,Simimbaan,17.13375,121.571072,Luffa squash,2/24/2025,2,Datu Hava,Vegetative,Leaf Miner,2,0.7,35,3,-,0.7,0,DA RCPC provided BCA for the management of the pest and advised them to monitor regularly.,,"March 12, 2025",2,2025
DS 2024-2025,PPM-25-0158,March,II,Quirino,Cabarroguis,Dibibi,16.414018,121.50316,Banana,9/21/2024,23,Laccatan,6 months,BBTV,23,2.3,10,5,-,0,2.3,Advised farmers to remove the infected plants and monitorthe area regularly.,,"March 11, 2025",2,2025
DS 2024-2025,PPM-25-0159,March,II,Quirino,Cabarroguis,Dibibi,16.416965,121.50963,Banana,9/21/2024,23,Laccatan,6 months,Black Sigatoka,23,8.77,16.4,5,-,3.77,0,Advised farmers to remove the infected leaves and spray fungicide/bactericide to manage the disease.,,"March 11, 2025",4,2025
DS 2024-2025,PPM-25-0160,March,II,Cagayan,Sta. Teresita,Mission,18.2488635,121.934708,Water Melon,1/15/2025,1.5,Sweet venus,Fruiting Stage,Leaf Miner,1.5,0.5,33.33,1,-,0.5,0,Farmer sprayed gold insecticide for the management of the pest. Advised farmer to conduct regular monitoring.,,"March 12, 2025",1,2025
DS 2024-2025,PPM-25-0161,March,II,Cagayan,Sta. Teresita,Mission,18.2488635,121.934708,Water Melon,1/15/2025,1.5,Sweet venus,Fruiting Stage,Gummy stem blight,1.5,0.5,33.33,1,-,0.5,0,Farmer sprayed fungicide for management. Advised for a regular monitoring.,,"March 13, 2025",1,2025
DS 2024-2025,PPM-25-0162,March,II,Cagayan,Sta. Teresita,Mission,18.2488635,121.934708,Water Melon,1/15/2025,1.5,Sweet venus,Fruiting Stage,Pumpkin caterpillar,1.5,0.5,33.33,1,-,0.5,0,Farmer sprayed gold insecticide for the management of the pest. Advised farmer to conduct regular monitoring.,,"March 13, 2025",1,2025
DS 2024-2025,PPM-25-0163,March,II,Isabela,San Manuel,Mararigue,17.000407,121.619017,Pomelo,1/7/2015,0.2,Davao,Fruiting Stage,Fruit fly,0.2,0.01,5,3,-,0.01,0,Advised farmers to spray recommended insecticide to manage the incidence of pests and conduct continuous monitoring.,,"March 17, 2025",1,2025
DS 2024-2025,PPM-25-0164,March,II,Isabela,Aurora,Malasin,17.0027,121.6732,Eggplant,10/12/2024,5,Longpurple,Fruiting Stage,Shoot Borer,5,0.5,10,3,-,0.5,0,Advised farmers to spray recommended insecticide to manage the incidence of pests and conduct continuous monitoring.,,"March 18, 2025",5,2025
DS 2024-2025,PPM-25-0165,March,II,Isabela,Ramon,Villa Marcos,16.760535,121.56548,Pole sitao,12/27/2024,0.1,Negro Star,Fruiting Stage,Leaf Miner,0.1,0.011,11,9,-,0.1,0,"Farmers sprayed before validation, advised them to conduct a regular monitoring.",,"March 07, 2025",3,2025
DS 2024-2025,PPM-25-0166,March,II,Isabela,Cabatuan,Diamantina,16.933548,121.627383,Pole sitao,2/22/2025,0.2,Negro Star,Vegetative,Leaf Miner,0.2,0.014,7,9,-,0.014,0,DA-RCPC distributed sevin for the management of the pest. Advised farmers to conduct regular monitoring.,,"March 11, 2025",3,2025
DS 2024-2025,PPM-25-0167,March,II,Isabela,Cabatuan,Diamantina,16.933548,121.627383,Sili,11/2/2025,0.2,Reward,Vegetative,White fly,0.2,0.016,8,9,-,0.016,0,DA-RCPC distributed sevin for the management of the pest. Advised farmers to conduct regular monitoring.,,"March 11, 2025",3,2025
DS 2024-2025,PPM-25-0168,March,II,Cagayan,Gonzaga,Isca,18.2226629,121.975377,Tomato,7/1/2025,0.4,Jamante,Fruiting Stage,Bacterial spot and speck,0.4,0.4,100,1,-,0,0.4,Advised farmer to spray kocide to manage the disease.,,"March 16, 2025",1,2025
DS 2024-2025,PPM-25-0169,March,II,Cagayan,Gonzaga,Isca,18.2226629,121.975377,Tomato,8/1/2025,0.4,Jamante,Fruiting Stage,Fusarium wilt,0.4,0.4,100,1,-,0,0.4,Advised farmer to spray kocide to manage the disease.,,"March 16, 2025",1,2025
DS 2024-2025,PPM-25-0170,March,II,Cagayan,Gonzaga,Isca,18.2226629,121.975377,Bell pepper,9/1/2025,0.4,Sultan,Fruiting Stage,Anthracnose,0.4,0.4,100,1,-,0,0.4,Advised farmer to spray kocide to manage the disease.,,"March 16, 2025",1,2025
DS 2024-2025,PPM-25-0171,March,II,Cagayan,Gonzaga,Isca,18.2226629,121.975377,Bell pepper,10/1/2025,0.4,Sultan,Fruiting Stage,Tobacco caterpillar,0.4,0.4,100,1,-,0,0.4,Advised farmer to spray insecticide to manage the pest.,,"March 16, 2025",1,2025
DS 2024-2025,PPM-25-0172,March,II,Isabela,Roxas,San Placido,17.1472617,121.569668,Banana,1/12/2024,2,Saba,Vegetative,Black Sigatoka,2,1.1,28,3,,1.1,0,Advised farmer to spray recommended fungicide to control the incidence of disease and conduct regular monitoring.,,"March 18, 2025",1,2025
DS 2024-2025,PPM-25-0173,March,II,Cagayan,Gonzaga,Isca,18.2231218,121.975551,Eggplant,7/1/2025,0.5,Kalixto F1,Fruiting Stage,Thrips,0.5,0.5,100,1,-,0.5,0,Advised farmer to spray EPF or recommended insecticide to manage the pest.,,"March 15, 2025",1,2025
DS 2024-2025,PPM-25-0174,March,II,Cagayan,Gonzaga,Isca,18.2231218,121.975551,Eggplant,8/1/2025,0.5,Kalixto F2,Fruiting Stage,Cercospora leaf spot,0.5,0.5,100,1,-,0.5,0,Advised farmer to spray kocide to maange the incidence of the disease.,,"March 16, 2025",1,2025
DS 2024-2025,PPM-25-0175,March,II,Cagayan,Gonzaga,Isca,18.2234637,1219750522,String beans,7/1/2025,0.3,Vernada,Flowering,Leaf Miner,0.3,0.3,100,1,-,0.3,0,Advised farmer to spray EPF or recommended insecticide to manage the pest.,,"March 16, 2025",1,2025
DS 2024-2025,PPM-25-0176,March,II,Quirino,Aglipay,San Benigno,16.404512,121.555133,Banana,1/24/2025,12,Laccatan,9 months,Black Sigatoka,12,2.09,17.46,5,-,2.09,0,Advised farmers to remove the infected leaves and spray Fungicide to manage the disease.,,"March 26, 2025",2,2025
DS 2024-2025,PPM-25-0177,March,II,Quirino,Aglipay,San Benigno,16.40152,121.559598,Banana,5/5/2019,14,Saba /Dippig,Fruiting Stage,BBTV,14,1.06,7.6,5,-,1.06,0,Advised farmers to remove the affected plants and sterilize the hole before re-planting.,,"March 26, 2025",1,2025
DS 2024-2025,PPM-25-0178,March,II,Quirino,Cabarroguis,Villarose,16.497538,121.48463,Cacao,1/6/2010,0.3,Forastero,Fruiting Stage,Black Pod rot,0.3,0.02,8.9,5,-,0.02,0,Advised farmers to remove the affected fruits and spray Fungicide to manage the disease.,,"March 25, 2025",1,2025
DS 2024-2025,PPM-25-0179,April,II,Isabela,Santiago City,Mabini,16.691733,121.565928,Bush Sitao,1/15/2025,1.5,Turo,Flowering,Aphids,1.5,0.375,25,9,-,0.375,0,Advised farmers to spray recommended insecticide to manage the pest and conduct continuous monitoring.,,"April 1, 2025",2,2025
DS 2024-2025,PPM-25-0180,April,II,Isabela,Aurora,Kalabasa,16.973387,121.627385,Calamansi,2016,10,,Fruiting Stage,Mealy bug,10,4,40,9,-,4,0,Advised farmers to spray recommended insecticide to manage the pest and conduct continuous monitoring.,,"April 1, 2025",5,2025
DS 2024-2025,PPV-25-0181,April,II,Cagayan,Sta. Ana,Rapuli,18.407385,122.141542,Pineapple,9/24/2024,25.25,Hawiian,Vegetative,White Grub,25.25,7.25,28.71,5,-,7.25,0,Advised farmers to use carbomax for the management of the pest and conduct regular monitoring.,,"April 2, 2025",4,2025
DS 2024-2025,PPM-25-0182,April,II,Isabela,Burgos,Singson,17.035126,121.744707,Calamansi,1/7/2014,3,Calamondin,Fruiting Stage,Gummosis,3,0.3,10,5,-,0,0.3,Advised farmers to conduct pruning for management and conduct continuous monitoring.,,"April 1, 2025",6,2025
DS 2024-2025,PPM-25-0183,April,II,Isabela,Reina Mercedes,Santiago,17.02555,121.773937,Bitter gourd,1/28/2025,0.5,Galaxy,Fruiting Stage,Fruit fly,0.5,0.025,5,3,-,0.025,0,Advised farmers to spray recommended insecticide and follow up application of EPF.,,"April 3, 2025",2,2025
DS 2024-2025,PPM-25-0184,April,II,Isabela,Roxas,Sinamar,17.1663233,121.583737,Beans,5/2/2025,1,Pole sitao,Flowering,Leaf Miner,1,1,5,1,,1,0,Advised farmer to apply BCAs to manage the pest and conduct regular monitoring.,,"April 2, 2025",1,2025
DS 2024-2025,PPM-25-0185,April,II,Isabela,Roxas,Marcos,17.1663317,121.583722,Chilli Pepper,11/2/2025,1,Django,Fruiting Stage,Leaf curl virus,1,0.2,20,5,,0.2,0,Advised farmer to spray recommended insecticide and follow up the application of BCAs.,,"April 10, 2025",1,2025
DS 2024-2025,PPM-25-0186,April,ll,Isabela,Aurora,Esperanza West,17.004703,121.69165,Mung bean,1/30/2025,1,MG-9,Poding,Pod borer,1,0.1,5,3,,0.1,0,Advised farmers to spray recommended insecticide for the management of pod borer and conduct continuous monitoring.,,"April 10, 2025",1,2025
DS 2024-2025,PPM-25-0187,April,ll,Isabela,Luna,Lalog 1,16.985544,121.724345,Mung bean,1/28/2025,10,MG-9,Poding,Pod borer,10,1,10,5,,0,1,Advised farmers to spray recommended insecticide for the management of pod borer and conduct continuous monitoring.,,"April 9, 2025",10,2025
DS 2024-2025,PPM-25-0188,April,II,Cagayan,Sta. Teresita,Simpatuyo,18.24315,121.890778,Squash,1/20/2025,0.5,Suprema F1,Fruiting Stage,Leaf Miner,0.5,0.5,100,3,,0.5,0,Advised farmer to apply BCAs to manage the pest and conduct regular monitoring.,,"April 10, 2025",1,2025
DS 2024-2025,PPM-25-0189,April,II,Cagayan,Sta. Teresita,Simpatuyo,18.24315,121.890778,Squash,01/20/2025,0.7,Gracia F1,Fruiting Stage,Red pumpkin beetle,0.7,0.7,100,3,,0.7,0,Advised farmer to apply BCAs to manage the pest and conduct regular monitoring.,,"April 11, 2025",1,2025
DS 2024-2025,PPV-25-0190,April,II,Isabela,Echague,Bacradal,16.62292,121.693225,Banana,10/9/2024,2,Dippig,Leaf emergence,Black Sigatoka,2,0.46,15.5,9,,0.46,0,Advised farmers to remove the infected leaves to avoid further infection and conduct continuous monitoring.,,"April 7, 2025",4,2025
DS 2024-2025,PPV-25-0191,April,II,Isabela,Echague,San Felipe,16.615658,121.703228,Banana,5/7/2024,2,Dippig,Leaf emergence,Black Sigatoka,2,0.57,11.4,9,,0.57,0,Advised farmers to remove the infected leaves to avoid further infection and conduct continuous monitoring.,,"April 7, 2025",3,2025
DS 2024-2025,PPV-25-0192,April,II,Isabela,Echague,San Felipe,16.601048,121.696792,Banana,10/7/2023,1.5,Lakatan,Leaf emergence,Black Sigatoka,1.5,0.12,8.5,9,,0.12,0,Advised farmer to remove the infected leaves to avoid further infection and conduct continuous monitoring.,,"April 7, 2025",1,2025
DS 2024-2025,PPV-25-0193,April,II,Isabela,Echague,San Felipe,16.601087,121.69655,Banana,10/7/2023,1.5,Lakatan,Leaf emergence,Bacterial wilt,1.5,0.3,20,9,,0.3,0,Advised farmer to remove the infected leaves to avoid further infection and conduct continuous monitoring.,,"April 7, 2025",1,2025
DS 2024-2025,PPM-25-0194,April,II,Isabela,Burgos,Singson,17.036245,121.748776,Mung bean,02/15//2025,1,MG 9,Poding,Pod borer,1,0.1,10,3,-,0.1,0,Advised farmers to spray recommended insecticide for the management of the pest and conduct continuous monitoring.,,"April 15, 2025",1,2025
DS 2024-2025,PPM-25-0195,April,II,Isabela,Jones,Payac,16.575193,121.69163,Cacao,6/17/2009,5,K9,Fruiting Stage,Bark borer,5,2,40,3,-,2,0,"Farmers are advised to practice field sanitation, remove weeds, and spray insecticide for effective management of bark borer. RCPC provided DeCis insecticide as assistance.",,"April 15, 2025",2,2025
DS 2024-2025,PPV-25-0196,April,II,Cagayan,Sto. Niño,Palusao,17.8584593,121.5699701,Cabbage,9/12/2024,20,Canseco F1,Early Heading,Black spot,20,20,100,8,-,20,0,The DA-RCPC conducted on-the-spot lectures for disease management in response to late reporting.,,"April 11, 2025",15,2025
DS 2024-2025,PPM-25-0197,April,ll,Isabela,Aurora,Villanuesa,16.985139,121.617559,Mung bean,10/3/2025,5,MG 9,Fruiting Stage,Pod borer,5,0.75,15,3,-,0.75,0,Farmers are advised to apply the recommended insecticide for the effective management of the pest and to maintain continuous monitoring.,,"April 30, 2025",15,2025
DS 2024-2025,PPM-25-0198,April,ll,Isabela,Aurora,Bagong Tanza,16.984841,121.615585,Mung bean,11/3/2025,10,MG 9,Fruiting Stage,Semi-looper,10,2.5,25,5,-,1,1.75,Farmers are advised to apply the recommended insecticide for the effective management of the pest and to maintain continuous monitoring.,,"April 30, 2025",15,2025
DS 2024-2025,PPM-25-0199,April,ll,Quirino,Nagtipunan,Asaklat,16.272808,121.611085,Banana,5/8/2024,3,Laccatan,9 months,Black Sigatoka,3,0.36,12.1,5,-,0,0.36,Advised farmers to remove the infected leaves and spray fungicide/bactericideto manage the disease.,,"April 29, 2025",2,2025
DS 2024-2025,PPV-25-0200,May,II,Cagayan,Gonzaga,Isca,18.2285806,1219754663,Coconut,2/22/2022,2,-,Vegetative,Brontispa,2,2,100,3,-,0,2,Farmer were advised to apply BCAs to manage the pest and conduct regular monitroing.,,"May 05, 2025",1,2025
DS 2024-2025,PPV-25-0201,May,II,Cagayan,Sta. Ana,Diora?Zinungan,18.4572501,122.1421667,Pineapple,3/10/2024,15,Hawaian,Vegetative,White Grub,15,3,20,5,-,0,3,Advised farmer to use carbomax for mangement of the pest.,,"May 05, 2025",1,2025
DS 2024-2025,PPM-25-0202,May,II,Quirino,Maddela,Diduyon,16.308472,121.647015,Banana,5/9/2022,4,Latondan,2 years,Black sigatoka,4,0.33,8.4,5,-,0.33,0,Advised farmers to remove all the infected leaves and spray fungicide/bactericide to manage the disease.,,"May 06, 2025",1,2025
DS 2024-2025,PPM-25-0203,May,II,Quirino,Aglipay,Dumabel,16.4841,121.563122,Banana,4/28/2024,8,Latondan,Reproductive,Black Sigatoka,8,0.48,6,3,-,0,0.48,Advised farmer to remove the affected leaves and spray Fungicide/bactericide to manage the disease.,,"May 14, 2024",1,2025
DS 2024-2025,PPM-25-0204,May,II,Quirino,Aglipay,Cabugao,16.452842,121.562813,Banana,4/4/2022,22,Saba/Dippig,Reproductive,Pseudostem weevil,22,0.49,2.27,3,-,0,0.49,Adviced farmer to remove the affected plants ans spray recommended insecticide to manage pest.,,"May 14, 2024",1,2025
DS 2024-2025,PPM-25-0205,May,II,Cagayan,Sta. Ana,Visitasion,184444834,122.156012,String beans,10/3/2025,0.75,Eastwest,Fruiting Stage,Leaf Miner,0.75,0.75,100,7,,0.75,0,Farmer were advised to apply BCAs to manage the pest and conduct regular monitroing.,,"May 08, 2025",1,2025
DS 2024-2025,PPM-25-0206,May,II,Isabela,Aurora,Diamantina,16.99539,121.650789,Pomelo,1/6/2018,0.3,Davao,Fruiting Stage,Rind borer,0.3,0.09,30,5,-,0.09,0,Advised farmers to spray recommended insecticide for the management of rind borer and conduct continuous monitoring.,-,"May 19, 2025",1,2025
DS 2024-2025,PPM-25-0207,May,II,Isabela,Aurora,Diamantina,16.996464,121.651741,Calamansi,1/6/2019,2,Calamondin,Fruiting Stage,Citrus Scab,2,0.5,25,5,-,0.5,0,Advised farmers to spray recommended fungicide for the management of the disease and conduct regular monitoring.,-,"May 19, 2025",2,2025
DS 2024-2025,PPM-25-0208,May,II,Isabela,Aurora,Diamantina,16.994732,121.651536,Papaya,10/1/2025,0.5,Red lady,Flowering,Papaya Mosaic,0.5,0.1,20,3,-,0.1,0,Advised farmers to spray recommended fungicide for the management of the disease and conduct regular monitoring.,-,"May 19, 2025",1,2025
DS 2024-2025,PPV-25-0209,May,II,Isabela,Reina Mercedes,Salucong,17.031161,121.750903,Calamansi,1/6/2019,3,Calamondin,Fruiting Stage,Citrus Scab,3,0.9,30,5,-,0.9,0,Advised farmers to spray recommended fungicide for the management of the disease and conduct regular monitoring.,,"May 20, 2025",5,2025
DS 2024-2025,PPM-25-0210,May,II,Quirino,Aglipay,Guinalbin,16.481663,121.645002,Banana,4/21/2022,3,Latondan,Reproductive,Black Sigatoka,3,0.23,7.75,5,-,0.23,0,Farmers were advised to remoove infected leaves and spray recommended fungicide to manage thr disease.,,"May 20, 2025",2,2025
DS 2024-2025,PPM-25-0211,May,II,Quirino,Aglipay,Guinalbin,16.480947,121.644763,Cacao,5/6/2021,2,Forastero,Reproductive,Black Pod rot,2,0.2,10,5,-,0,0.2,Advised farmer to remove the damage fruits and spray fungicide/bactericide to manage the disease.,,"May 20, 2025",1,2025
DS 2024-2025,PPM-25-0212,May,II,Nueva Vizcaya,Bayombong,Magapuy,16.4471578,121.121439,Chili,2/4/2025,0.5,Aruyoy Sweet,Fruiting Stage,Leaf curl virus,0.5,0.2,40,3,-,0,0.2,Advised farmer to spray insecticide to manage the pest. Farmer were advised to conduct regular monitoring.,,"May 18, 2025",1,2025
DS 2024-2025,PPV-25-0213,May,II,Cagayan,Sta. Teresita,Palagao,18.2485323,121.891197,Lady's fingers,4/20/2025,0.75,Smooth green,Reproductive,Flea beatles,0.75,0.75,100,5,-,0.75,0,Advised farmer to apply BCA to manage the pest and conduct regular monitoring.,,"May 28, 2025",1,2025
DS 2024-2025,PPM-25-0214,May,ll,Nueva Vizcaya,Aritao,Yaway,16.209065,121.035502,Ginger,1/5/2025,0.8,-,Sprouting,Cutworm,0.8,0.4,50,9,-,0,0.4,Advice farmer to spray insecticide to manage the pest. Farmers were advised to conduct regular monitoring.,,"May 22, 2025",1,2025
WS 2025,PPM-25-0215,June,II,Quirino,Aglipay,Palacian,16.444183,121.620628,Banana,5/3/2021,15,Latondan,Reproductive,Black Sigatoka,15,0.89,5.98,3,-,0,0.89,Advised farmers to remove the infected leaves and spray fungicide/bactericide to manage the disease. Conduct continuous monitoring.,,"June 03, 2025",2,2025
WS 2025,PPM-25-0216,June,II,Quirino,Cabarroguis,Calaocan,16.460438,121.47241,Banana,6/19/2023,18,Laccatan,Reproductive,Black Sigatoka,18,1.25,6.95,3,-,1.25,0,Advised farmers to remove the infected leaves and spray fungicide/bactericide to manage the disease. Conduct continuous monitoring.,,"June 04, 2025",2,2025
WS 2025,PPM-25-0217,June,II,Quirino,Cabarroguis,Gomez,16.463448,121.47968,Banana,4/11/2022,48,Dippig/Saba,Reproductive,BBTV,48,2.05,4.28,3,-,0,2.05,Advised farmers to remove the infected plants and sterilize the hole before planting.,,"June 04, 2025",3,2025
WS 2025,PPM-25-0218,June,II,Quirino,Cabarroguis,Gomez,16.463353,121.479698,Banana,4/18/2022,48,Dippig/Saba,Reproductive,Black Sigatoka,48,3.27,6.83,3,-,0,3.27,Advised farmers to remove the infected leaves and spray fungicide/bactericide to manage the disease. Conduct continuous monitoring.,,"June 04, 2025",5,2025
WS 2025,PPM-25-0219,June,II,Quirino,Cabarroguis,Burgos,16.46605,121.499223,Cacao,5/22/2020,2,Forastero,Reproductive,Black Pod rot,2,0.18,9.37,5,-,0,0.18,Advised farmers to remove infected fruits and spray fungicide/bactericide to manage the disease. Conduct continuous monitoring.,,"June 04, 2025",3,2025
WS 2025,PPM-25-0220,June,II,Isabela,Echague,Bacradal,16.623235,121.692893,Banana,1/6/2024,5,Dippig,Leaf emergence,Black Sigatoka,5,0.67,13.4,9,-,0.67,0,Advise farmers to conduct pruning to the affected leaves and spraying fungicide bactericide for the management of the disease spread,,"June 03, 2025",3,2025
WS 2025,PPM-25-0221,June,II,Isabela,Echague,San Felipe,16.619137,121.69897,Banana,1/4/2024,5,Banangar,Leaf emergence,Black Sigatoka,5,0.71,14.2,9,-,0.71,0,Advised farmers to conduct pruning and spraying fungicide or bactericide to manage the spreading of the disease.,,"June 03, 2025",3,2025
WS 2025,PPM-25-0222,June,II,Isabela,Reina Mercedes,Salucong,17.031072,121.750505,Bitter gourd,3/5/2025,0.5,Galaxy,Fruiting Stage,Fruit fly,0.5,0.125,25,5,-,0.125,0,Advised farmers to spray recommended insecticide the pest and conduct continuous monitoring.,,"June 03, 2025",2,2025
WS 2025,PPV-25-0223,June,II,Isabela,Roxas,San Placido,17.14758167,121.567815,Durian,7/5/2021,10,Musang king,Seedling,Black rot,10,10,8,9,-,10,0,Farmer were advised to spray recommended fungicide to manage the disease and conduct regular monitoring.,,"June 11, 2025",1,2025
WS 2025,PPV-25-0224,June,II,Quirino,Maddela,Balligui,16.365307,121.630327,Coffee,11/17/2025,1,Robusta coffee,Fruiting Stage,Coofe Bark borer,1,0.2,20,1,-,0.2,0,Adviced farmers to remove the affected parts of the plants then spray insecticide if needed.,,"June 24,2025",1,2025
WS 2025,PPM-25-0225,June,II,Isabela,Cabagan,Catabayungan,17.4345689,121.7669213,Coconut,2022,1.8Has/ 192PT,Tall Variety,Vegetative,Rhinoceros Beetle,1.8,1.8,90,9,,1.8,0,"Lack of maintenance of the crop, Weedy area, Farmers already conducted replanting of the damaged plant, also advised control the currently/present pest.",,"June 11, 2025",1,2025
WS 2025,PPM-25-0226,June,II,Isabela,Cabagan,Garita,17.4115126,121.8138726,Coconut,2023,2.2/ 209PT,Dwaft,Vegetative,Bud Rot,2.2,90PT,43,9,,0,2.2,Advised farmers to drench fungicide in the area where planted or soak the seedling before planting of the new tree to prevent the infection. RCPC provided BM20 4kg/packs,,"June 11, 2025",1,2025
WS 2025,PPM-25-0227,July,II,Quirino,Aglipay,Ligaya,16.501083,121.59036,Coconut,12/9/2025,3,Native,Reproductive,Red Palm Weevil,3,0.6,20,1,,0,0.6,Adviced farmers to used actara to inject in the stem of coconut.,,"June 11, 2025",1,2025
WS 2025,PPM-25-0228,July,II,Quirino,Aglipay,Palacian,16.437382,121.619413,Coconut,8/22/2025,2,Native,Vegetative,Red Palm weevil,2,0.7,35,3,,0,0.7,Adviced farmers to spray insecticide for the management.,,"June 11, 2025",5,2025
WS 2025,PPM-25-0229,July,II,Quirino,Aglipay,San Ramon,16.445317,121.672192,Coconut,11/19/2025,1.5,Native,Vegetative,Coconut Leaf bettle,1.5,0.37,25,1,,0,0.37,Adviced farmers to inject actara at the stem.,,"July 07,2025",3,2025
WS 2025,PPM-25-0230,July,II,Quirino,Aglipay,Progreso,16.481942,121.640385,Coconut,10/10/2025,1,Native,Reproductive,Red Palm Weevil,1,0.3,30,1,,0,0.3,Adviced farmers to spray insecticide for the management.,,"July 07,2025",3,2025
WS 2025,PPM-25-0231,July,II,Quirino,Aglipay,Dumabel,16.490158,121.552262,Coconut,7/21/2025,1.2,Native,Vegetative,Coconut leaf bettle,1.2,0.24,20,1,,0,0.24,Adviced farmers to spray insecticide for the management.,,"July 08,2025",2,2025
WS 2025,PPM-25-0232,August,II,Isabela,Aurora,Kalabaza,16.97179,121.625666,Calamansi,1/7/2018,8,Calamondin,Fruiting Stage,Scab,8,2.4,30,3,,2.4,0,Adviced farmers to spray recommended fungicide for management of scab and continued monitoring,,"July 22,2025",12,2025
WS 2025,PPM-25-0233,August,II,Isabela,Aurora,Kalabaza,16.972023,121.625566,Calamansi,1/7/2018,8,Calamondin,Fruiting Stage,White fly,8,0.4,5,3,,0.4,0,Adviced farmers to spray insecticide for management control of white fly and continued monitoring,,"July 22,2025",8,2025
WS 2025,PPM-25-0234,August,II,Isabela,Aurora,Malasin,17.0027,121.6732,Calamansi,1/6/2017,3,Calamondin,Fruiting Stage,Scab,3,0.9,25,5,,0,9,Adviced farmers to continued monitoring,,"July 22,2025",5,2025
WS 2025,PPM-25-0235,August,II,Isabela,Aurora,Malasin,17.0027,121.6732,Sili,1/4/2025,0.5,Lolo Jose,Fruiting Stage,Anthracnose,0.5,0.125,25,5,,0.125,0,Adviced farmers to spray fungicide for management control of antracnose and continued monitoring,,"July 22,2025",3,2025
WS 2025,PPM-25-0236,August,II,Isabela,Aurora,Malasin,17.0027,121.6732,Hot pepper,5/4/2025,0.5,Lolo Jose,Fruiting Stage,Anthracnose,0.5,0.15,30,7,,0.15,0,Advice farmers to fungicide for management control of antracnose and continues monitor,,"August 08, 2025",2,2025
WS 2025,PPM-25-0237,August,II,Isabela,Roxas,Marcos,17.17235,121.5974833,Beans,6/21/2025,1,Makisig,Reproductive,Pod borer,1,1,16,5,,1,0,Advised farmer to spray insecticide for borers after harvesting.,,"July 31,2025",1,2025
WS 2025,PPM-25-0238,August,II,Isabela,Roxas,Lucban,17.10244667,121.6695333,Beans,6/21/2025,1.2,Bush sitao,Reproductive,Aphids,1.2,0.2,19,3,,0.2,,Advised farmer to spray insecticide and follow up BCA.,,"August 27,2025",1,2025
WS 2025,PPM-25-0239,September,II,Isabela,Aurora,Bannagao,16.997634,121.691016,Eggplant,1/6/2025,3,Longpurple,Flowering,Shoot Borer,3,0.3,10,3,,0.3,0,Advice farmers to spray recommended insecticide for management control of shoot borer and continues monitoring,,"August 26,2025",7,2025
WS 2025,PPM-25-0240,September,II,Isabela,Aurora,Victoria,16.990101,121.675037,Eggplant,1/5/2025,3,Longpurple,Fruiting Stage,Shoot Borer,5,0.5,10,3,,0.5,0,Advice farmers to spray recommended insecticide for management control of shoot borer and continues monitoring,,"August 26,2025",8,2025
WS 2025,PPM-25-0241,September,II,Isabela,Aurora,Bolinao,16.993597,121.657076,Eggplant,4/15/2025,4,Aurora Green,Fruiting Stage,Phomopsis blight,4,0.6,15,5,,0,0.6,Advice farmers to spray recommended fungicide for management control of phomopsis blight and continues monitoring,,"August 26,2025",5,2025
WS 2025,PPM-25-0242,September,II,Isabela,Aurora,Malasin,17.0027,121.6732,Calamansi,1/6/2018,10.5,Calamondin,Fruiting Stage,Scab,10.5,2.1,20,5,,2.1,0,Advice farmers to spray recommended fungicide for management control of scab and continues monitoring,,"September 4, 2025",21,2025
WS 2025,PPM-25-0243,September,II,Isabela,Aurora,Diamantina,16.995546,121.6506664,Eggplant,1/5/2025,3,long purple,Fruiting Stage,Shoot Borer,3,0.15,5,3,,0.15,0,Advice farmers to spray insecticide for management control of shoot borer continue monitoring,,"September 16, 2025",5,2025
WS 2025,PPM-25-0244,September,II,Isabela,Aurora,Diamantina,16.99464533,121.6514533,papaya,10/4/2025,0.5,red lady,Fruiting Stage,papaya ring spot,0.5,0.1,20,7,,0.1,0,Advice farmers to spray fungicide for management control of papaya ring spot,,"September 16, 2025",1,2025
WS 2025,PPM-25-0245,September,II,Isabela,Aurora,Sta. rita,16.9952127,121.6509836,pomelo,6/15/2015,0.5,davao pink pomelo,Fruiting Stage,citrus rind borer,0.5,0.25,50,7,,0.25,0,Advice farmers to spray insecticide for management control of rind borer continue monitoring,,"September 16, 2025",1,2025
WS 2025,PPM-25-0246,September,II,Isabela,Reina Mercedes,binarsang,17.0207,121.734,Bottle gourd,1/6/2025,0.5,angela f1,Fruiting Stage,citrus rind borer,0.5,0.025,5,3,,0.025,0,Advice farmers to spray insecticide for management control of fruit fly and continue monitoring,,"September 19, 2025",1,2025
WS 2025,PPM-25-0247,September,II,Isabela,Reina Mercedes,sallucong,17.0256883,121.7479317,Eggplant,1/5/2025,1.5,aurora green,Fruiting Stage,Shoot Borer,1.5,0.075,5,3,,0.075,0,Advice farmers to spray insecticide for management control of shoot borer continue monitoring,,"September 19, 2025",3,2025
WS 2025,PPM-25-0248,September,II,Isabela,Reina Mercedes,sallucong,17.028962,121.749324,Bottle gourd,1/5/2025,0.5,angela f1,Fruiting Stage,Fruit fly,0.5,0.025,5,3,,0.025,0,Advice farmers to spray insecticide for management control of fruit fly continue monitoring,,"September 23, 2025",2,2025
WS 2025,PPM-25-0249,September,II,Isabela,Reina Mercedes,sallucong,17.027905,121.748583,Calamansi,7/3/2019,2.5,calamondin,Fruiting Stage,citrus canker,2.5,0.5,5,5,,2.5,0,Advice farmers to spray fungicide for magement control of citrus canker continue monitoring,,"September 23, 2025",5,2025
WS 2025,PPM-25-0250,September,II,Isabela,Roxas,San Placido,17.145515,121.5707033,Citrus,10/8/2022,3,Menzy Pomelo,Reproductive,Scale Insects,3,3,20,5,,3,0,Advised farmer to spray insecticide and follow up BCA.,,"September 10, 2025",1,2025
WS 2025,PPM-25-0251,September,II,Isabela,Quezon,Dummon,17.27245,121.55426,Okra,11/8/2025,0.2,,Fruiting Stage,Aphids,0.2,0.2,5,1,,0.2,0,Farmers applied BCA and advised them for closed monitoring,,"September 26, 2025",1,2025
WS 2025,PPM-25-0252,September,II,Isabela,Quezon,Dummon,17.27237333,121.55385,Eggplant,9/15/2025,1.3,Calixto F1,Fruiting Stage,Shoot Borer,1.3,0.4,10,3,,0.4,0,Farmers applied BCA and advised them for closed monitoring,,"September 26, 2026",1,2025
WS 2025,PPM-25-0253,September,II,Isabela,Mallig,San Jose Sur,17.18796833,121.57292,Eggplant,2/9/2025,0.5,Fortuner,Fruiting Stage,Shoot Borer,0.5,0.5,5,3,,0.5,0,Advised farmer to spray insecticide and follow up BCAs.,,"September 10, 2025",1,2025
WS 2025,PPM-25-0254,September,II,Isabela,Mallig,San Ramon,17.21954667,121.5628117,Eggplant,6/27/2025,0.2,Condor,Fruiting Stage,Shoot and Fruit borer,0.2,0.2,14,3,,0.2,0,Advised farmer to spray insecticide and follow up BCAs.,,"September 10, 2025",1,2025
WS 2025,PPM-25-0255,October,II,Isabela,Aurora,Bannagao,16.999783,121.69074,String beans,8/25/2025,0.5,yard long,Fruiting Stage,bean rush,0.5,0.075,15,5,,0,0.075,advice farmers to continue monitoring,,"October 09,2025",2,2025
WS 2025,PPM-25-0256,October,II,Isabela,Reina Mercedes,Santiago,17.031846,121.757227,Calamansi,1/5/2020,3.5,calamonding,Fruiting Stage,scub,3.5,0.7,20,5,,3.5,0,advice farmers to spray fungicide for management control and continue monitoring,,"October 09,2025",5,2025
WS 2025,PPM-25-0257,October,II,Isabela,aurora,bannagao,16.9976046,121.690628,Eggplant,5/9/2025,2.5,longpurple,Fruiting Stage,Shoot Borer,2.5,0.25,10,3,,0.25,0,advice farmers to spray recommended insecticide for management control shoot borer and continue monitoring,,"October 16,2025",4,2025
WS 2025,PPM-25-0258,October,II,Isabela,burgos,singson,17.0293417,121.0293417,Eggplant,2/9/2025,1,longpurple,Fruiting Stage,fruit borer,1,0.15,15,1,,0.15,0,advice farmers to spray recommended insecticide for management control fruit borer and continue monitoring,,"October 23,2025",2,2025
WS 2025,PPM-25-0259,October,II,Isabela,Aurora,malasin,17.0027,121.6732,sili,1/9/2025,0.5,Taiwan,Fruiting Stage,Anthracnose,0.5,0.075,15,5,,0.075,0,advice farmers to spray recommended fungicide for management control antracnose and continue monitoring,,"October 28,2025",2,2025
WS 2025,PPM-25-0260,October,II,Isabela,Roxas,Lucban,17.110925,121.6737333,Eggplant,9/24/2025,1,Domino F1,Vegetative,Flea beatles,1,1,15,5,,1,0,Advised farmer to spray insecticide and follow up BCAs.,,"October 27,2025",2,2025
WS 2025,PPM-25-0261,October,II,Isabela,Cabatuan,Sitio malasin,16.9634398,121.6500558,Eggplant,July 20-25,2,Calixto F1,Fruiting Stage,Shoot Borer,2,0.28,14,5,,0.28,,Reminded AEW to advise farmers to conduct spraying insecticide for the management of shotborer and continuous monitoring,,"October 2,2025",3,2025
WS 2025,PPM-25-0262,October,II,Quirino,Aglipay,San Benigno,16.404362,121.555582,Banana,6/21/2025,25,Laccatan,Reproductive,Black Sigatoka,25,3.3,13.2,5,,3.3,0,Adviced farmers to remove the affected leaves then put away to the plants then spray Fungicide/bactericide for the management.,,"October 30,2025",4,2025
WS 2025,PPM-25-0263,October,II,Quirino,Aglipay,Dagupan,16.520347,121.615462,Eggplant,8/15/2025,0.2,Morena F1,Reproductive,Shoot Borer,0.2,0.02,13.8,3,,0.02,0,Adviced farmers to remove the affected shoots then spray insecticide.,,"October 16,2025",2,2023-2024
,,,,,,,,,,,,,,,,,,,,,,,,,,
,,,,,,,,,,,,,,,,,,,,,,,,,,
,,,,,,,,,,,,,,,,,,,,,,,,,,
,,,,,,,,,,,,,,,,,,,,,,,,,,
,,,,,,,,,,,,,,,,,,,,,,,,,,
,,,,,,,,,,,,,,,,,,,,,,,,,,
,,,,,,,,,,,,,,,,,,,,,,,,,,
,,,,,,,,,,,,,,,,,,,,,,,,,,
,,,,,,,,,,,,,,,,,,,,,,,,,,
,,,,,,,,,,,,,,,,,,,,,,,,,,
,,,,,,,,,,,,,,,,,,,,,,,,,,
,,,,,,,,,,,,,,,,,,,,,,,,,,
,,,,,,,,,,,,,,,,,,,,,,,,,,
,,,,,,,,,,,,,,,,,,,,,,,,,,
,,,,,,,,,,,,,,,,,,,,,,,,,,
,,,,,,,,,,,,,,,,,,,,,,,,,,
,,,,,,,,,,,,,,,,,,,,,,,,,,
,,,,,,,,,,,,,,,,,,,,,,,,,,
,,,,,,,,,,,,,,,,,,,,,,,,,,
,,,,,,,,,,,,,,,,,,,,,,,,,,
,,,,,,,,,,,,,,,,,,,,,,,,,,
,,,,,,,,,,,,,,,,,,,,,,,,,,
,,,,,,,,,,,,,,,,,,,,,,,,,,
,,,,,,,,,,,,,,,,,,,,,,,,,,
,,,,,,,,,,,,,,,,,,,,,,,,,,
,,,,,,,,,,,,,,,,,,,,,,,,,,
,,,,,,,,,,,,,,,,,,,,,,,,,,
,,,,,,,,,,,,,,,,,,,,,,,,,,
,,,,,,,,,,,,,,,,,,,,,,,,,,
,,,,,,,,,,,,,,,,,,,,,,,,,,
,,,,,,,,,,,,,,,,,,,,,,,,,,
,,,,,,,,,,,,,,,,,,,,,,,,,,
,,,,,,,,,,,,,,,,,,,,,,,,,,
,,,,,,,,,,,,,,,,,,,,,,,,,,
,,,,,,,,,,,,,,,,,,,,,,,,,,
,,,,,,,,,,,,,,,,,,,,,,,,,,
,,,,,,,,,,,,,,,,,,,,,,,,,,
,,,,,,,,,,,,,,,,,,,,,,,,,,
,,,,,,,,,,,,,,,,,,,,,,,,,,
,,,,,,,,,,,,,,,,,,,,,,,,,,
,,,,,,,,,,,,,,,,,,,,,,,,,,
,,,,,,,,,,,,,,,,,,,,,,,,,,
,,,,,,,,,,,,,,,,,,,,,,,,,,
,,,,,,,,,,,,,,,,,,,,,,,,,,
,,,,,,,,,,,,,,,,,,,,,,,,,,
,,,,,,,,,,,,,,,,,,,,,,,,,,
,,,,,,,,,,,,,,,,,,,,,,,,,,
,,,,,,,,,,,,,,,,,,,,,,,,,,
,,,,,,,,,,,,,,,,,,,,,,,,,,
,,,,,,,,,,,,,,,,,,,,,,,,,,
,,,,,,,,,,,,,,,,,,,,,,,,,,
,,,,,,,,,,,,,,,,,,,,,,,,,,
,,,,,,,,,,,,,,,,,,,,,,,,,,
,,,,,,,,,,,,,,,,,,,,,,,,,,
,,,,,,,,,,,,,,,,,,,,,,,,,,
,,,,,,,,,,,,,,,,,,,,,,,,,,
,,,,,,,,,,,,,,,,,,,,,,,,,,
,,,,,,,,,,,,,,,,,,,,,,,,,,
,,,,,,,,,,,,,,,,,,,,,,,,,,
,,,,,,,,,,,,,,,,,,,,,,,,,,
,,,,,,,,,,,,,,,,,,,,,,,,,,
,,,,,,,,,,,,,,,,,,,,,,,,,,
,,,,,,,,,,,,,,,,,,,,,,,,,,
,,,,,,,,,,,,,,,,,,,,,,,,,,
,,,,,,,,,,,,,,,,,,,,,,,,,,
,,,,,,,,,,,,,,,,,,,,,,,,,,
,,,,,,,,,,,,,,,,,,,,,,,,,,
,,,,,,,,,,,,,,,,,,,,,,,,,,
,,,,,,,,,,,,,,,,,,,,,,,,,,
,,,,,,,,,,,,,,,,,,,,,,,,,,
,,,,,,,,,,,,,,,,,,,,,,,,,,
,,,,,,,,,,,,,,,,,,,,,,,,,,
,,,,,,,,,,,,,,,,,,,,,,,,,,
,,,,,,,,,,,,,,,,,,,,,,,,,,
,,,,,,,,,,,,,,,,,,,,,,,,,,
,,,,,,,,,,,,,,,,,,,,,,,,,,
,,,,,,,,,,,,,,,,,,,,,,,,,,
,,,,,,,,,,,,,,,,,,,,,,,,,,
,,,,,,,,,,,,,,,,,,,,,,,,,,
,,,,,,,,,,,,,,,,,,,,,,,,,,
,,,,,,,,,,,,,,,,,,,,,,,,,,
,,,,,,,,,,,,,,,,,,,,,,,,,,
,,,,,,,,,,,,,,,,,,,,,,,,,,
,,,,,,,,,,,,,,,,,,,,,,,,,,
,,,,,,,,,,,,,,,,,,,,,,,,,,
,,,,,,,,,,,,,,,,,,,,,,,,,,
,,,,,,,,,,,,,,,,,,,,,,,,,,
,,,,,,,,,,,,,,,,,,,,,,,,,,
,,,,,,,,,,,,,,,,,,,,,,,,,,
,,,,,,,,,,,,,,,,,,,,,,,,,,
,,,,,,,,,,,,,,,,,,,,,,,,,,
,,,,,,,,,,,,,,,,,,,,,,,,,,
,,,,,,,,,,,,,,,,,,,,,,,,,,
,,,,,,,,,,,,,,,,,,,,,,,,,,
,,,,,,,,,,,,,,,,,,,,,,,,,,
,,,,,,,,,,,,,,,,,,,,,,,,,,
,,,,,,,,,,,,,,,,,,,,,,,,,,
,,,,,,,,,,,,,,,,,,,,,,,,,,
,,,,,,,,,,,,,,,,,,,,,,,,,,
,,,,,,,,,,,,,,,,,,,,,,,,,,
,,,,,,,,,,,,,,,,,,,,,,,,,,
,,,,,,,,,,,,,,,,,,,,,,,,,,
,,,,,,,,,,,,,,,,,,,,,,,,,,
,,,,,,,,,,,,,,,,,,,,,,,,,,
,,,,,,,,,,,,,,,,,,,,,,,,,,
,,,,,,,,,,,,,,,,,,,,,,,,,,
,,,,,,,,,,,,,,,,,,,,,,,,,,
,,,,,,,,,,,,,,,,,,,,,,,,,,
,,,,,,,,,,,,,,,,,,,,,,,,,,
,,,,,,,,,,,,,,,,,,,,,,,,,,
,,,,,,,,,,,,,,,,,,,,,,,,,,
,,,,,,,,,,,,,,,,,,,,,,,,,,
,,,,,,,,,,,,,,,,,,,,,,,,,,
,,,,,,,,,,,,,,,,,,,,,,,,,,
,,,,,,,,,,,,,,,,,,,,,,,,,,
,,,,,,,,,,,,,,,,,,,,,,,,,,
,,,,,,,,,,,,,,,,,,,,,,,,,,
,,,,,,,,,,,,,,,,,,,,,,,,,,
,,,,,,,,,,,,,,,,,,,,,,,,,,
,,,,,,,,,,,,,,,,,,,,,,,,,,
,,,,,,,,,,,,,,,,,,,,,,,,,,
,,,,,,,,,,,,,,,,,,,,,,,,,,
,,,,,,,,,,,,,,,,,,,,,,,,,,
,,,,,,,,,,,,,,,,,,,,,,,,,,
,,,,,,,,,,,,,,,,,,,,,,,,,,
,,,,,,,,,,,,,,,,,,,,,,,,,,
,,,,,,,,,,,,,,,,,,,,,,,,,,
,,,,,,,,,,,,,,,,,,,,,,,,,,
,,,,,,,,,,,,,,,,,,,,,,,,,,
,,,,,,,,,,,,,,,,,,,,,,,,,,
,,,,,,,,,,,,,,,,,,,,,,,,,,
,,,,,,,,,,,,,,,,,,,,,,,,,,
,,,,,,,,,,,,,,,,,,,,,,,,,,
,,,,,,,,,,,,,,,,,,,,,,,,,,
,,,,,,,,,,,,,,,,,,,,,,,,,,
,,,,,,,,,,,,,,,,,,,,,,,,,,
,,,,,,,,,,,,,,,,,,,,,,,,,,
,,,,,,,,,,,,,,,,,,,,,,,,,,
,,,,,,,,,,,,,,,,,,,,,,,,,,
,,,,,,,,,,,,,,,,,,,,,,,,,,
,,,,,,,,,,,,,,,,,,,,,,,,,,
,,,,,,,,,,,,,,,,,,,,,,,,,,
,,,,,,,,,,,,,,,,,,,,,,,,,,
,,,,,,,,,,,,,,,,,,,,,,,,,,
,,,,,,,,,,,,,,,,,,,,,,,,,,
,,,,,,,,,,,,,,,,,,,,,,,,,,
,,,,,,,,,,,,,,,,,,,,,,,,,,
,,,,,,,,,,,,,,,,,,,,,,,,,,
,,,,,,,,,,,,,,,,,,,,,,,,,,
,,,,,,,,,,,,,,,,,,,,,,,,,,
,,,,,,,,,,,,,,,,,,,,,,,,,,
,,,,,,,,,,,,,,,,,,,,,,,,,,
,,,,,,,,,,,,,,,,,,,,,,,,,,
,,,,,,,,,,,,,,,,,,,,,,,,,,
,,,,,,,,,,,,,,,,,,,,,,,,,,
,,,,,,,,,,,,,,,,,,,,,,,,,,
,,,,,,,,,,,,,,,,,,,,,,,,,,
,,,,,,,,,,,,,,,,,,,,,,,,,,
,,,,,,,,,,,,,,,,,,,,,,,,,,
,,,,,,,,,,,,,,,,,,,,,,,,,,
,,,,,,,,,,,,,,,,,,,,,,,,,,
,,,,,,,,,,,,,,,,,,,,,,,,,,
,,,,,,,,,,,,,,,,,,,,,,,,,,
,,,,,,,,,,,,,,,,,,,,,,,,,,
,,,,,,,,,,,,,,,,,,,,,,,,,,
,,,,,,,,,,,,,,,,,,,,,,,,,,
,,,,,,,,,,,,,,,,,,,,,,,,,,
,,,,,,,,,,,,,,,,,,,,,,,,,,
,,,,,,,,,,,,,,,,,,,,,,,,,,
,,,,,,,,,,,,,,,,,,,,,,,,,,
,,,,,,,,,,,,,,,,,,,,,,,,,,
,,,,,,,,,,,,,,,,,,,,,,,,,,
,,,,,,,,,,,,,,,,,,,,,,,,,,
,,,,,,,,,,,,,,,,,,,,,,,,,,
,,,,,,,,,,,,,,,,,,,,,,,,,,
,,,,,,,,,,,,,,,,,,,,,,,,,,
,,,,,,,,,,,,,,,,,,,,,,,,,,
,,,,,,,,,,,,,,,,,,,,,,,,,,
,,,,,,,,,,,,,,,,,,,,,,,,,,
,,,,,,,,,,,,,,,,,,,,,,,,,,
,,,,,,,,,,,,,,,,,,,,,,,,,,
,,,,,,,,,,,,,,,,,,,,,,,,,,
,,,,,,,,,,,,,,,,,,,,,,,,,,
,,,,,,,,,,,,,,,,,,,,,,,,,,
,,,,,,,,,,,,,,,,,,,,,,,,,,
,,,,,,,,,,,,,,,,,,,,,,,,,,
,,,,,,,,,,,,,,,,,,,,,,,,,,
,,,,,,,,,,,,,,,,,,,,,,,,,,
,,,,,,,,,,,,,,,,,,,,,,,,,,
,,,,,,,,,,,,,,,,,,,,,,,,,,
,,,,,,,,,,,,,,,,,,,,,,,,,,
,,,,,,,,,,,,,,,,,,,,,,,,,,
,,,,,,,,,,,,,,,,,,,,,,,,,,
,,,,,,,,,,,,,,,,,,,,,,,,,,
,,,,,,,,,,,,,,,,,,,,,,,,,,
,,,,,,,,,,,,,,,,,,,,,,,,,,
,,,,,,,,,,,,,,,,,,,,,,,,,,
,,,,,,,,,,,,,,,,,,,,,,,,,,
,,,,,,,,,,,,,,,,,,,,,,,,,,
,,,,,,,,,,,,,,,,,,,,,,,,,,
,,,,,,,,,,,,,,,,,,,,,,,,,,
,,,,,,,,,,,,,,,,,,,,,,,,,,
,,,,,,,,,,,,,,,,,,,,,,,,,,
,,,,,,,,,,,,,,,,,,,,,,,,,,
,,,,,,,,,,,,,,,,,,,,,,,,,,
,,,,,,,,,,,,,,,,,,,,,,,,,,
,,,,,,,,,,,,,,,,,,,,,,,,,,
,,,,,,,,,,,,,,,,,,,,,,,,,,
,,,,,,,,,,,,,,,,,,,,,,,,,,
,,,,,,,,,,,,,,,,,,,,,,,,,,
,,,,,,,,,,,,,,,,,,,,,,,,,,
,,,,,,,,,,,,,,,,,,,,,,,,,,
,,,,,,,,,,,,,,,,,,,,,,,,,,
,,,,,,,,,,,,,,,,,,,,,,,,,,
,,,,,,,,,,,,,,,,,,,,,,,,,,
,,,,,,,,,,,,,,,,,,,,,,,,,,
,,,,,,,,,,,,,,,,,,,,,,,,,,
,,,,,,,,,,,,,,,,,,,,,,,,,,
,,,,,,,,,,,,,,,,,,,,,,,,,,
,,,,,,,,,,,,,,,,,,,,,,,,,,
,,,,,,,,,,,,,,,,,,,,,,,,,,
,,,,,,,,,,,,,,,,,,,,,,,,,,
,,,,,,,,,,,,,,,,,,,,,,,,,,
,,,,,,,,,,,,,,,,,,,,,,,,,,
,,,,,,,,,,,,,,,,,,,,,,,,,,
,,,,,,,,,,,,,,,,,,,,,,,,,,
,,,,,,,,,,,,,,,,,,,,,,,,,,
,,,,,,,,,,,,,,,,,,,,,,,,,,
,,,,,,,,,,,,,,,,,,,,,,,,,,
,,,,,,,,,,,,,,,,,,,,,,,,,,
,,,,,,,,,,,,,,,,,,,,,,,,,,
,,,,,,,,,,,,,,,,,,,,,,,,,,
,,,,,,,,,,,,,,,,,,,,,,,,,,
,,,,,,,,,,,,,,,,,,,,,,,,,,
,,,,,,,,,,,,,,,,,,,,,,,,,,
,,,,,,,,,,,,,,,,,,,,,,,,,,
,,,,,,,,,,,,,,,,,,,,,,,,,,
,,,,,,,,,,,,,,,,,,,,,,,,,,
,,,,,,,,,,,,,,,,,,,,,,,,,,
,,,,,,,,,,,,,,,,,,,,,,,,,,
,,,,,,,,,,,,,,,,,,,,,,,,,,
,,,,,,,,,,,,,,,,,,,,,,,,,,
,,,,,,,,,,,,,,,,,,,,,,,,,,
,,,,,,,,,,,,,,,,,,,,,,,,,,
,,,,,,,,,,,,,,,,,,,,,,,,,,
,,,,,,,,,,,,,,,,,,,,,,,,,,
,,,,,,,,,,,,,,,,,,,,,,,,,,
,,,,,,,,,,,,,,,,,,,,,,,,,,
,,,,,,,,,,,,,,,,,,,,,,,,,,
,,,,,,,,,,,,,,,,,,,,,,,,,,
,,,,,,,,,,,,,,,,,,,,,,,,,,
,,,,,,,,,,,,,,,,,,,,,,,,,,
,,,,,,,,,,,,,,,,,,,,,,,,,,
,,,,,,,,,,,,,,,,,,,,,,,,,,
,,,,,,,,,,,,,,,,,,,,,,,,,,
,,,,,,,,,,,,,,,,,,,,,,,,,,
,,,,,,,,,,,,,,,,,,,,,,,,,,
,,,,,,,,,,,,,,,,,,,,,,,,,,
,,,,,,,,,,,,,,,,,,,,,,,,,,
,,,,,,,,,,,,,,,,,,,,,,,,,,
,,,,,,,,,,,,,,,,,,,,,,,,,,
,,,,,,,,,,,,,,,,,,,,,,,,,,
,,,,,,,,,,,,,,,,,,,,,,,,,,
,,,,,,,,,,,,,,,,,,,,,,,,,,
,,,,,,,,,,,,,,,,,,,,,,,,,,
,,,,,,,,,,,,,,,,,,,,,,,,,,
,,,,,,,,,,,,,,,,,,,,,,,,,,
,,,,,,,,,,,,,,,,,,,,,,,,,,
,,,,,,,,,,,,,,,,,,,,,,,,,,
,,,,,,,,,,,,,,,,,,,,,,,,,,
,,,,,,,,,,,,,,,,,,,,,,,,,,
,,,,,,,,,,,,,,,,,,,,,,,,,,
,,,,,,,,,,,,,,,,,,,,,,,,,,
,,,,,,,,,,,,,,,,,,,,,,,,,,
,,,,,,,,,,,,,,,,,,,,,,,,,,
,,,,,,,,,,,,,,,,,,,,,,,,,,
,,,,,,,,,,,,,,,,,,,,,,,,,,
,,,,,,,,,,,,,,,,,,,,,,,,,,
,,,,,,,,,,,,,,,,,,,,,,,,,,
,,,,,,,,,,,,,,,,,,,,,,,,,,
,,,,,,,,,,,,,,,,,,,,,,,,,,
,,,,,,,,,,,,,,,,,,,,,,,,,,
,,,,,,,,,,,,,,,,,,,,,,,,,,
,,,,,,,,,,,,,,,,,,,,,,,,,,
,,,,,,,,,,,,,,,,,,,,,,,,,,
,,,,,,,,,,,,,,,,,,,,,,,,,,
,,,,,,,,,,,,,,,,,,,,,,,,,,
,,,,,,,,,,,,,,,,,,,,,,,,,,
,,,,,,,,,,,,,,,,,,,,,,,,,,
,,,,,,,,,,,,,,,,,,,,,,,,,,
,,,,,,,,,,,,,,,,,,,,,,,,,,
,,,,,,,,,,,,,,,,,,,,,,,,,,
,,,,,,,,,,,,,,,,,,,,,,,,,,
,,,,,,,,,,,,,,,,,,,,,,,,,,
,,,,,,,,,,,,,,,,,,,,,,,,,,
,,,,,,,,,,,,,,,,,,,,,,,,,,
,,,,,,,,,,,,,,,,,,,,,,,,,,
,,,,,,,,,,,,,,,,,,,,,,,,,,
,,,,,,,,,,,,,,,,,,,,,,,,,,
,,,,,,,,,,,,,,,,,,,,,,,,,,
,,,,,,,,,,,,,,,,,,,,,,,,,,
,,,,,,,,,,,,,,,,,,,,,,,,,,
,,,,,,,,,,,,,,,,,,,,,,,,,,
,,,,,,,,,,,,,,,,,,,,,,,,,,
,,,,,,,,,,,,,,,,,,,,,,,,,,
,,,,,,,,,,,,,,,,,,,,,,,,,,
,,,,,,,,,,,,,,,,,,,,,,,,,,
,,,,,,,,,,,,,,,,,,,,,,,,,,
,,,,,,,,,,,,,,,,,,,,,,,,,,
,,,,,,,,,,,,,,,,,,,,,,,,,,
,,,,,,,,,,,,,,,,,,,,,,,,,,
,,,,,,,,,,,,,,,,,,,,,,,,,,
,,,,,,,,,,,,,,,,,,,,,,,,,,
,,,,,,,,,,,,,,,,,,,,,,,,,,
,,,,,,,,,,,,,,,,,,,,,,,,,,
,,,,,,,,,,,,,,,,,,,,,,,,,,
,,,,,,,,,,,,,,,,,,,,,,,,,,
,,,,,,,,,,,,,,,,,,,,,,,,,,
,,,,,,,,,,,,,,,,,,,,,,,,,,
,,,,,,,,,,,,,,,,,,,,,,,,,,
,,,,,,,,,,,,,,,,,,,,,,,,,,
,,,,,,,,,,,,,,,,,,,,,,,,,,
,,,,,,,,,,,,,,,,,,,,,,,,,,
,,,,,,,,,,,,,,,,,,,,,,,,,,
,,,,,,,,,,,,,,,,,,,,,,,,,,
,,,,,,,,,,,,,,,,,,,,,,,,,,
,,,,,,,,,,,,,,,,,,,,,,,,,,
,,,,,,,,,,,,,,,,,,,,,,,,,,
,,,,,,,,,,,,,,,,,,,,,,,,,,
,,,,,,,,,,,,,,,,,,,,,,,,,,
,,,,,,,,,,,,,,,,,,,,,,,,,,
,,,,,,,,,,,,,,,,,,,,,,,,,,
,,,,,,,,,,,,,,,,,,,,,,,,,,
,,,,,,,,,,,,,,,,,,,,,,,,,,
,,,,,,,,,,,,,,,,,,,,,,,,,,
,,,,,,,,,,,,,,,,,,,,,,,,,,
,,,,,,,,,,,,,,,,,,,,,,,,,,
,,,,,,,,,,,,,,,,,,,,,,,,,,
,,,,,,,,,,,,,,,,,,,,,,,,,,
,,,,,,,,,,,,,,,,,,,,,,,,,,
,,,,,,,,,,,,,,,,,,,,,,,,,,
,,,,,,,,,,,,,,,,,,,,,,,,,,
,,,,,,,,,,,,,,,,,,,,,,,,,,
,,,,,,,,,,,,,,,,,,,,,,,,,,
,,,,,,,,,,,,,,,,,,,,,,,,,,
,,,,,,,,,,,,,,,,,,,,,,,,,,
,,,,,,,,,,,,,,,,,,,,,,,,,,
,,,,,,,,,,,,,,,,,,,,,,,,,,
,,,,,,,,,,,,,,,,,,,,,,,,,,
,,,,,,,,,,,,,,,,,,,,,,,,,,
,,,,,,,,,,,,,,,,,,,,,,,,,,
,,,,,,,,,,,,,,,,,,,,,,,,,,
,,,,,,,,,,,,,,,,,,,,,,,,,,
,,,,,,,,,,,,,,,,,,,,,,,,,,
,,,,,,,,,,,,,,,,,,,,,,,,,,
,,,,,,,,,,,,,,,,,,,,,,,,,,
,,,,,,,,,,,,,,,,,,,,,,,,,,
,,,,,,,,,,,,,,,,,,,,,,,,,,
,,,,,,,,,,,,,,,,,,,,,,,,,,
,,,,,,,,,,,,,,,,,,,,,,,,,,
,,,,,,,,,,,,,,,,,,,,,,,,,,
,,,,,,,,,,,,,,,,,,,,,,,,,,
,,,,,,,,,,,,,,,,,,,,,,,,,,
,,,,,,,,,,,,,,,,,,,,,,,,,,
,,,,,,,,,,,,,,,,,,,,,,,,,,
,,,,,,,,,,,,,,,,,,,,,,,,,,
,,,,,,,,,,,,,,,,,,,,,,,,,,
,,,,,,,,,,,,,,,,,,,,,,,,,,
,,,,,,,,,,,,,,,,,,,,,,,,,,
,,,,,,,,,,,,,,,,,,,,,,,,,,
,,,,,,,,,,,,,,,,,,,,,,,,,,
,,,,,,,,,,,,,,,,,,,,,,,,,,
,,,,,,,,,,,,,,,,,,,,,,,,,,
,,,,,,,,,,,,,,,,,,,,,,,,,,
,,,,,,,,,,,,,,,,,,,,,,,,,,
,,,,,,,,,,,,,,,,,,,,,,,,,,
,,,,,,,,,,,,,,,,,,,,,,,,,,
,,,,,,,,,,,,,,,,,,,,,,,,,,
,,,,,,,,,,,,,,,,,,,,,,,,,,
,,,,,,,,,,,,,,,,,,,,,,,,,,
,,,,,,,,,,,,,,,,,,,,,,,,,,
,,,,,,,,,,,,,,,,,,,,,,,,,,
,,,,,,,,,,,,,,,,,,,,,,,,,,
,,,,,,,,,,,,,,,,,,,,,,,,,,
,,,,,,,,,,,,,,,,,,,,,,,,,,
,,,,,,,,,,,,,,,,,,,,,,,,,,
,,,,,,,,,,,,,,,,,,,,,,,,,,
,,,,,,,,,,,,,,,,,,,,,,,,,,
,,,,,,,,,,,,,,,,,,,,,,,,,,
,,,,,,,,,,,,,,,,,,,,,,,,,,
,,,,,,,,,,,,,,,,,,,,,,,,,,
,,,,,,,,,,,,,,,,,,,,,,,,,,
,,,,,,,,,,,,,,,,,,,,,,,,,,
,,,,,,,,,,,,,,,,,,,,,,,,,,
,,,,,,,,,,,,,,,,,,,,,,,,,,
,,,,,,,,,,,,,,,,,,,,,,,,,,
,,,,,,,,,,,,,,,,,,,,,,,,,,
,,,,,,,,,,,,,,,,,,,,,,,,,,
,,,,,,,,,,,,,,,,,,,,,,,,,,
,,,,,,,,,,,,,,,,,,,,,,,,,,
,,,,,,,,,,,,,,,,,,,,,,,,,,
,,,,,,,,,,,,,,,,,,,,,,,,,,
,,,,,,,,,,,,,,,,,,,,,,,,,,
,,,,,,,,,,,,,,,,,,,,,,,,,,
,,,,,,,,,,,,,,,,,,,,,,,,,,
,,,,,,,,,,,,,,,,,,,,,,,,,,
,,,,,,,,,,,,,,,,,,,,,,,,,,
,,,,,,,,,,,,,,,,,,,,,,,,,,
,,,,,,,,,,,,,,,,,,,,,,,,,,
,,,,,,,,,,,,,,,,,,,,,,,,,,
,,,,,,,,,,,,,,,,,,,,,,,,,,
,,,,,,,,,,,,,,,,,,,,,,,,,,
,,,,,,,,,,,,,,,,,,,,,,,,,,
,,,,,,,,,,,,,,,,,,,,,,,,,,
,,,,,,,,,,,,,,,,,,,,,,,,,,
,,,,,,,,,,,,,,,,,,,,,,,,,,
,,,,,,,,,,,,,,,,,,,,,,,,,,
,,,,,,,,,,,,,,,,,,,,,,,,,,
,,,,,,,,,,,,,,,,,,,,,,,,,,
,,,,,,,,,,,,,,,,,,,,,,,,,,
,,,,,,,,,,,,,,,,,,,,,,,,,,
,,,,,,,,,,,,,,,,,,,,,,,,,,
,,,,,,,,,,,,,,,,,,,,,,,,,,
,,,,,,,,,,,,,,,,,,,,,,,,,,
,,,,,,,,,,,,,,,,,,,,,,,,,,
,,,,,,,,,,,,,,,,,,,,,,,,,,
,,,,,,,,,,,,,,,,,,,,,,,,,,
,,,,,,,,,,,,,,,,,,,,,,,,,,
,,,,,,,,,,,,,,,,,,,,,,,,,,
,,,,,,,,,,,,,,,,,,,,,,,,,,
,,,,,,,,,,,,,,,,,,,,,,,,,,
,,,,,,,,,,,,,,,,,,,,,,,,,,
,,,,,,,,,,,,,,,,,,,,,,,,,,
,,,,,,,,,,,,,,,,,,,,,,,,,,
,,,,,,,,,,,,,,,,,,,,,,,,,,
,,,,,,,,,,,,,,,,,,,,,,,,,,
,,,,,,,,,,,,,,,,,,,,,,,,,,
,,,,,,,,,,,,,,,,,,,,,,,,,,
,,,,,,,,,,,,,,,,,,,,,,,,,,
,,,,,,,,,,,,,,,,,,,,,,,,,,
,,,,,,,,,,,,,,,,,,,,,,,,,,
,,,,,,,,,,,,,,,,,,,,,,,,,,
,,,,,,,,,,,,,,,,,,,,,,,,,,
,,,,,,,,,,,,,,,,,,,,,,,,,,
,,,,,,,,,,,,,,,,,,,,,,,,,,
,,,,,,,,,,,,,,,,,,,,,,,,,,
,,,,,,,,,,,,,,,,,,,,,,,,,,
,,,,,,,,,,,,,,,,,,,,,,,,,,
,,,,,,,,,,,,,,,,,,,,,,,,,,
,,,,,,,,,,,,,,,,,,,,,,,,,,
,,,,,,,,,,,,,,,,,,,,,,,,,,
,,,,,,,,,,,,,,,,,,,,,,,,,,
,,,,,,,,,,,,,,,,,,,,,,,,,,
,,,,,,,,,,,,,,,,,,,,,,,,,,
,,,,,,,,,,,,,,,,,,,,,,,,,,
,,,,,,,,,,,,,,,,,,,,,,,,,,
,,,,,,,,,,,,,,,,,,,,,,,,,,
,,,,,,,,,,,,,,,,,,,,,,,,,,
,,,,,,,,,,,,,,,,,,,,,,,,,,
,,,,,,,,,,,,,,,,,,,,,,,,,,
,,,,,,,,,,,,,,,,,,,,,,,,,,
,,,,,,,,,,,,,,,,,,,,,,,,,,
,,,,,,,,,,,,,,,,,,,,,,,,,,
,,,,,,,,,,,,,,,,,,,,,,,,,,
,,,,,,,,,,,,,,,,,,,,,,,,,,
,,,,,,,,,,,,,,,,,,,,,,,,,,
,,,,,,,,,,,,,,,,,,,,,,,,,,
,,,,,,,,,,,,,,,,,,,,,,,,,,
,,,,,,,,,,,,,,,,,,,,,,,,,,
,,,,,,,,,,,,,,,,,,,,,,,,,,
,,,,,,,,,,,,,,,,,,,,,,,,,,
,,,,,,,,,,,,,,,,,,,,,,,,,,
,,,,,,,,,,,,,,,,,,,,,,,,,,
,,,,,,,,,,,,,,,,,,,,,,,,,,
,,,,,,,,,,,,,,,,,,,,,,,,,,
,,,,,,,,,,,,,,,,,,,,,,,,,,
,,,,,,,,,,,,,,,,,,,,,,,,,,
,,,,,,,,,,,,,,,,,,,,,,,,,,
,,,,,,,,,,,,,,,,,,,,,,,,,,
,,,,,,,,,,,,,,,,,,,,,,,,,,
,,,,,,,,,,,,,,,,,,,,,,,,,,
,,,,,,,,,,,,,,,,,,,,,,,,,,
,,,,,,,,,,,,,,,,,,,,,,,,,,
,,,,,,,,,,,,,,,,,,,,,,,,,,
,,,,,,,,,,,,,,,,,,,,,,,,,,
,,,,,,,,,,,,,,,,,,,,,,,,,,
,,,,,,,,,,,,,,,,,,,,,,,,,,
,,,,,,,,,,,,,,,,,,,,,,,,,,
,,,,,,,,,,,,,,,,,,,,,,,,,,
,,,,,,,,,,,,,,,,,,,,,,,,,,
,,,,,,,,,,,,,,,,,,,,,,,,,,
,,,,,,,,,,,,,,,,,,,,,,,,,,
,,,,,,,,,,,,,,,,,,,,,,,,,,
,,,,,,,,,,,,,,,,,,,,,,,,,,
,,,,,,,,,,,,,,,,,,,,,,,,,,
,,,,,,,,,,,,,,,,,,,,,,,,,,
,,,,,,,,,,,,,,,,,,,,,,,,,,
,,,,,,,,,,,,,,,,,,,,,,,,,,
,,,,,,,,,,,,,,,,,,,,,,,,,,
,,,,,,,,,,,,,,,,,,,,,,,,,,
,,,,,,,,,,,,,,,,,,,,,,,,,,
,,,,,,,,,,,,,,,,,,,,,,,,,,
,,,,,,,,,,,,,,,,,,,,,,,,,,
,,,,,,,,,,,,,,,,,,,,,,,,,,
,,,,,,,,,,,,,,,,,,,,,,,,,,
,,,,,,,,,,,,,,,,,,,,,,,,,,
,,,,,,,,,,,,,,,,,,,,,,,,,,
,,,,,,,,,,,,,,,,,,,,,,,,,,
,,,,,,,,,,,,,,,,,,,,,,,,,,
,,,,,,,,,,,,,,,,,,,,,,,,,,
,,,,,,,,,,,,,,,,,,,,,,,,,,
,,,,,,,,,,,,,,,,,,,,,,,,,,
,,,,,,,,,,,,,,,,,,,,,,,,,,
,,,,,,,,,,,,,,,,,,,,,,,,,,
,,,,,,,,,,,,,,,,,,,,,,,,,,
,,,,,,,,,,,,,,,,,,,,,,,,,,
,,,,,,,,,,,,,,,,,,,,,,,,,,
,,,,,,,,,,,,,,,,,,,,,,,,,,
,,,,,,,,,,,,,,,,,,,,,,,,,,
,,,,,,,,,,,,,,,,,,,,,,,,,,
,,,,,,,,,,,,,,,,,,,,,,,,,,
,,,,,,,,,,,,,,,,,,,,,,,,,,
,,,,,,,,,,,,,,,,,,,,,,,,,,
,,,,,,,,,,,,,,,,,,,,,,,,,,
,,,,,,,,,,,,,,,,,,,,,,,,,,
,,,,,,,,,,,,,,,,,,,,,,,,,,
,,,,,,,,,,,,,,,,,,,,,,,,,,
,,,,,,,,,,,,,,,,,,,,,,,,,,
,,,,,,,,,,,,,,,,,,,,,,,,,,
,,,,,,,,,,,,,,,,,,,,,,,,,,
,,,,,,,,,,,,,,,,,,,,,,,,,,
,,,,,,,,,,,,,,,,,,,,,,,,,,
,,,,,,,,,,,,,,,,,,,,,,,,,,
,,,,,,,,,,,,,,,,,,,,,,,,,,
,,,,,,,,,,,,,,,,,,,,,,,,,,
,,,,,,,,,,,,,,,,,,,,,,,,,,
,,,,,,,,,,,,,,,,,,,,,,,,,,
,,,,,,,,,,,,,,,,,,,,,,,,,,
,,,,,,,,,,,,,,,,,,,,,,,,,,
,,,,,,,,,,,,,,,,,,,,,,,,,,
,,,,,,,,,,,,,,,,,,,,,,,,,,
,,,,,,,,,,,,,,,,,,,,,,,,,,
,,,,,,,,,,,,,,,,,,,,,,,,,,
,,,,,,,,,,,,,,,,,,,,,,,,,,
,,,,,,,,,,,,,,,,,,,,,,,,,,
,,,,,,,,,,,,,,,,,,,,,,,,,,
,,,,,,,,,,,,,,,,,,,,,,,,,,
,,,,,,,,,,,,,,,,,,,,,,,,,,
,,,,,,,,,,,,,,,,,,,,,,,,,,
,,,,,,,,,,,,,,,,,,,,,,,,,,
,,,,,,,,,,,,,,,,,,,,,,,,,,
,,,,,,,,,,,,,,,,,,,,,,,,,,
,,,,,,,,,,,,,,,,,,,,,,,,,,
,,,,,,,,,,,,,,,,,,,,,,,,,,
,,,,,,,,,,,,,,,,,,,,,,,,,,
,,,,,,,,,,,,,,,,,,,,,,,,,,
,,,,,,,,,,,,,,,,,,,,,,,,,,
,,,,,,,,,,,,,,,,,,,,,,,,,,
,,,,,,,,,,,,,,,,,,,,,,,,,,
,,,,,,,,,,,,,,,,,,,,,,,,,,
,,,,,,,,,,,,,,,,,,,,,,,,,,
,,,,,,,,,,,,,,,,,,,,,,,,,,
,,,,,,,,,,,,,,,,,,,,,,,,,,
,,,,,,,,,,,,,,,,,,,,,,,,,,
,,,,,,,,,,,,,,,,,,,,,,,,,,
,,,,,,,,,,,,,,,,,,,,,,,,,,
,,,,,,,,,,,,,,,,,,,,,,,,,,
,,,,,,,,,,,,,,,,,,,,,,,,,,
,,,,,,,,,,,,,,,,,,,,,,,,,,
,,,,,,,,,,,,,,,,,,,,,,,,,,
,,,,,,,,,,,,,,,,,,,,,,,,,,
,,,,,,,,,,,,,,,,,,,,,,,,,,
,,,,,,,,,,,,,,,,,,,,,,,,,,
,,,,,,,,,,,,,,,,,,,,,,,,,,
,,,,,,,,,,,,,,,,,,,,,,,,,,
,,,,,,,,,,,,,,,,,,,,,,,,,,
,,,,,,,,,,,,,,,,,,,,,,,,,,
,,,,,,,,,,,,,,,,,,,,,,,,,,
,,,,,,,,,,,,,,,,,,,,,,,,,,
,,,,,,,,,,,,,,,,,,,,,,,,,,
,,,,,,,,,,,,,,,,,,,,,,,,,,
,,,,,,,,,,,,,,,,,,,,,,,,,,
,,,,,,,,,,,,,,,,,,,,,,,,,,
,,,,,,,,,,,,,,,,,,,,,,,,,,
,,,,,,,,,,,,,,,,,,,,,,,,,,
,,,,,,,,,,,,,,,,,,,,,,,,,,
,,,,,,,,,,,,,,,,,,,,,,,,,,
,,,,,,,,,,,,,,,,,,,,,,,,,,
,,,,,,,,,,,,,,,,,,,,,,,,,,
,,,,,,,,,,,,,,,,,,,,,,,,,,
,,,,,,,,,,,,,,,,,,,,,,,,,,
,,,,,,,,,,,,,,,,,,,,,,,,,,
,,,,,,,,,,,,,,,,,,,,,,,,,,
,,,,,,,,,,,,,,,,,,,,,,,,,,
,,,,,,,,,,,,,,,,,,,,,,,,,,
,,,,,,,,,,,,,,,,,,,,,,,,,,
,,,,,,,,,,,,,,,,,,,,,,,,,,
,,,,,,,,,,,,,,,,,,,,,,,,,,
,,,,,,,,,,,,,,,,,,,,,,,,,,
,,,,,,,,,,,,,,,,,,,,,,,,,,
,,,,,,,,,,,,,,,,,,,,,,,,,,
,,,,,,,,,,,,,,,,,,,,,,,,,,
,,,,,,,,,,,,,,,,,,,,,,,,,,
,,,,,,,,,,,,,,,,,,,,,,,,,,
,,,,,,,,,,,,,,,,,,,,,,,,,,
,,,,,,,,,,,,,,,,,,,,,,,,,,
,,,,,,,,,,,,,,,,,,,,,,,,,,
,,,,,,,,,,,,,,,,,,,,,,,,,,
,,,,,,,,,,,,,,,,,,,,,,,,,,
,,,,,,,,,,,,,,,,,,,,,,,,,,
,,,,,,,,,,,,,,,,,,,,,,,,,,
,,,,,,,,,,,,,,,,,,,,,,,,,,
,,,,,,,,,,,,,,,,,,,,,,,,,,
,,,,,,,,,,,,,,,,,,,,,,,,,,
,,,,,,,,,,,,,,,,,,,,,,,,,,
,,,,,,,,,,,,,,,,,,,,,,,,,,
,,,,,,,,,,,,,,,,,,,,,,,,,,
,,,,,,,,,,,,,,,,,,,,,,,,,,
,,,,,,,,,,,,,,,,,,,,,,,,,,
,,,,,,,,,,,,,,,,,,,,,,,,,,
,,,,,,,,,,,,,,,,,,,,,,,,,,
,,,,,,,,,,,,,,,,,,,,,,,,,,
,,,,,,,,,,,,,,,,,,,,,,,,,,
,,,,,,,,,,,,,,,,,,,,,,,,,,
,,,,,,,,,,,,,,,,,,,,,,,,,,
,,,,,,,,,,,,,,,,,,,,,,,,,,
,,,,,,,,,,,,,,,,,,,,,,,,,,
,,,,,,,,,,,,,,,,,,,,,,,,,,
,,,,,,,,,,,,,,,,,,,,,,,,,,
,,,,,,,,,,,,,,,,,,,,,,,,,,
,,,,,,,,,,,,,,,,,,,,,,,,,,
,,,,,,,,,,,,,,,,,,,,,,,,,,
,,,,,,,,,,,,,,,,,,,,,,,,,,
,,,,,,,,,,,,,,,,,,,,,,,,,,
,,,,,,,,,,,,,,,,,,,,,,,,,,
,,,,,,,,,,,,,,,,,,,,,,,,,,
,,,,,,,,,,,,,,,,,,,,,,,,,,
,,,,,,,,,,,,,,,,,,,,,,,,,,
,,,,,,,,,,,,,,,,,,,,,,,,,,
,,,,,,,,,,,,,,,,,,,,,,,,,,
,,,,,,,,,,,,,,,,,,,,,,,,,,
,,,,,,,,,,,,,,,,,,,,,,,,,,
,,,,,,,,,,,,,,,,,,,,,,,,,,
,,,,,,,,,,,,,,,,,,,,,,,,,,
,,,,,,,,,,,,,,,,,,,,,,,,,,
,,,,,,,,,,,,,,,,,,,,,,,,,,
,,,,,,,,,,,,,,,,,,,,,,,,,,
,,,,,,,,,,,,,,,,,,,,,,,,,,
,,,,,,,,,,,,,,,,,,,,,,,,,,
,,,,,,,,,,,,,,,,,,,,,,,,,,
,,,,,,,,,,,,,,,,,,,,,,,,,,
,,,,,,,,,,,,,,,,,,,,,,,,,,
,,,,,,,,,,,,,,,,,,,,,,,,,,
,,,,,,,,,,,,,,,,,,,,,,,,,,
,,,,,,,,,,,,,,,,,,,,,,,,,,
,,,,,,,,,,,,,,,,,,,,,,,,,,
,,,,,,,,,,,,,,,,,,,,,,,,,,
,,,,,,,,,,,,,,,,,,,,,,,,,,
,,,,,,,,,,,,,,,,,,,,,,,,,,
,,,,,,,,,,,,,,,,,,,,,,,,,,
,,,,,,,,,,,,,,,,,,,,,,,,,,
,,,,,,,,,,,,,,,,,,,,,,,,,,
,,,,,,,,,,,,,,,,,,,,,,,,,,
,,,,,,,,,,,,,,,,,,,,,,,,,,
,,,,,,,,,,,,,,,,,,,,,,,,,,
,,,,,,,,,,,,,,,,,,,,,,,,,,
,,,,,,,,,,,,,,,,,,,,,,,,,,
,,,,,,,,,,,,,,,,,,,,,,,,,,
,,,,,,,,,,,,,,,,,,,,,,,,,,
,,,,,,,,,,,,,,,,,,,,,,,,,,
,,,,,,,,,,,,,,,,,,,,,,,,,,
,,,,,,,,,,,,,,,,,,,,,,,,,,
,,,,,,,,,,,,,,,,,,,,,,,,,,
,,,,,,,,,,,,,,,,,,,,,,,,,,
,,,,,,,,,,,,,,,,,,,,,,,,,,
,,,,,,,,,,,,,,,,,,,,,,,,,,
,,,,,,,,,,,,,,,,,,,,,,,,,,
,,,,,,,,,,,,,,,,,,,,,,,,,,
,,,,,,,,,,,,,,,,,,,,,,,,,,
,,,,,,,,,,,,,,,,,,,,,,,,,,
,,,,,,,,,,,,,,,,,,,,,,,,,,
,,,,,,,,,,,,,,,,,,,,,,,,,,
,,,,,,,,,,,,,,,,,,,,,,,,,,
,,,,,,,,,,,,,,,,,,,,,,,,,,
,,,,,,,,,,,,,,,,,,,,,,,,,,
,,,,,,,,,,,,,,,,,,,,,,,,,,
,,,,,,,,,,,,,,,,,,,,,,,,,,
,,,,,,,,,,,,,,,,,,,,,,,,,,
,,,,,,,,,,,,,,,,,,,,,,,,,,
,,,,,,,,,,,,,,,,,,,,,,,,,,
,,,,,,,,,,,,,,,,,,,,,,,,,,
,,,,,,,,,,,,,,,,,,,,,,,,,,
,,,,,,,,,,,,,,,,,,,,,,,,,,
,,,,,,,,,,,,,,,,,,,,,,,,,,
,,,,,,,,,,,,,,,,,,,,,,,,,,
,,,,,,,,,,,,,,,,,,,,,,,,,,
,,,,,,,,,,,,,,,,,,,,,,,,,,
,,,,,,,,,,,,,,,,,,,,,,,,,,
,,,,,,,,,,,,,,,,,,,,,,,,,,
,,,,,,,,,,,,,,,,,,,,,,,,,,
,,,,,,,,,,,,,,,,,,,,,,,,,,
,,,,,,,,,,,,,,,,,,,,,,,,,,
,,,,,,,,,,,,,,,,,,,,,,,,,,
,,,,,,,,,,,,,,,,,,,,,,,,,,
,,,,,,,,,,,,,,,,,,,,,,,,,,
,,,,,,,,,,,,,,,,,,,,,,,,,,
,,,,,,,,,,,,,,,,,,,,,,,,,,
,,,,,,,,,,,,,,,,,,,,,,,,,,
,,,,,,,,,,,,,,,,,,,,,,,,,,
,,,,,,,,,,,,,,,,,,,,,,,,,,
,,,,,,,,,,,,,,,,,,,,,,,,,,
,,,,,,,,,,,,,,,,,,,,,,,,,,
,,,,,,,,,,,,,,,,,,,,,,,,,,
,,,,,,,,,,,,,,,,,,,,,,,,,,
,,,,,,,,,,,,,,,,,,,,,,,,,,
,,,,,,,,,,,,,,,,,,,,,,,,,,
,,,,,,,,,,,,,,,,,,,,,,,,,,
,,,,,,,,,,,,,,,,,,,,,,,,,,
,,,,,,,,,,,,,,,,,,,,,,,,,,
,,,,,,,,,,,,,,,,,,,,,,,,,,
,,,,,,,,,,,,,,,,,,,,,,,,,,
,,,,,,,,,,,,,,,,,,,,,,,,,,
,,,,,,,,,,,,,,,,,,,,,,,,,,
,,,,,,,,,,,,,,,,,,,,,,,,,,
,,,,,,,,,,,,,,,,,,,,,,,,,,
,,,,,,,,,,,,,,,,,,,,,,,,,,
,,,,,,,,,,,,,,,,,,,,,,,,,,
,,,,,,,,,,,,,,,,,,,,,,,,,,
,,,,,,,,,,,,,,,,,,,,,,,,,,
,,,,,,,,,,,,,,,,,,,,,,,,,,
,,,,,,,,,,,,,,,,,,,,,,,,,,
,,,,,,,,,,,,,,,,,,,,,,,,,,
,,,,,,,,,,,,,,,,,,,,,,,,,,
,,,,,,,,,,,,,,,,,,,,,,,,,,
,,,,,,,,,,,,,,,,,,,,,,,,,,
,,,,,,,,,,,,,,,,,,,,,,,,,,
,,,,,,,,,,,,,,,,,,,,,,,,,,
,,,,,,,,,,,,,,,,,,,,,,,,,,
,,,,,,,,,,,,,,,,,,,,,,,,,,
,,,,,,,,,,,,,,,,,,,,,,,,,,
,,,,,,,,,,,,,,,,,,,,,,,,,,
,,,,,,,,,,,,,,,,,,,,,,,,,,
,,,,,,,,,,,,,,,,,,,,,,,,,,
,,,,,,,,,,,,,,,,,,,,,,,,,,
,,,,,,,,,,,,,,,,,,,,,,,,,,
,,,,,,,,,,,,,,,,,,,,,,,,,,
,,,,,,,,,,,,,,,,,,,,,,,,,,
,,,,,,,,,,,,,,,,,,,,,,,,,,
,,,,,,,,,,,,,,,,,,,,,,,,,,
,,,,,,,,,,,,,,,,,,,,,,,,,,
,,,,,,,,,,,,,,,,,,,,,,,,,,
,,,,,,,,,,,,,,,,,,,,,,,,,,
,,,,,,,,,,,,,,,,,,,,,,,,,,
,,,,,,,,,,,,,,,,,,,,,,,,,,
,,,,,,,,,,,,,,,,,,,,,,,,,,
,,,,,,,,,,,,,,,,,,,,,,,,,,
,,,,,,,,,,,,,,,,,,,,,,,,,,
,,,,,,,,,,,,,,,,,,,,,,,,,,
,,,,,,,,,,,,,,,,,,,,,,,,,,
,,,,,,,,,,,,,,,,,,,,,,,,,,
,,,,,,,,,,,,,,,,,,,,,,,,,,
,,,,,,,,,,,,,,,,,,,,,,,,,,
,,,,,,,,,,,,,,,,,,,,,,,,,,
,,,,,,,,,,,,,,,,,,,,,,,,,,
,,,,,,,,,,,,,,,,,,,,,,,,,,
,,,,,,,,,,,,,,,,,,,,,,,,,,
,,,,,,,,,,,,,,,,,,,,,,,,,,
,,,,,,,,,,,,,,,,,,,,,,,,,,
,,,,,,,,,,,,,,,,,,,,,,,,,,
,,,,,,,,,,,,,,,,,,,,,,,,,,
,,,,,,,,,,,,,,,,,,,,,,,,,,
,,,,,,,,,,,,,,,,,,,,,,,,,,
,,,,,,,,,,,,,,,,,,,,,,,,,,
,,,,,,,,,,,,,,,,,,,,,,,,,,
,,,,,,,,,,,,,,,,,,,,,,,,,,
,,,,,,,,,,,,,,,,,,,,,,,,,,
,,,,,,,,,,,,,,,,,,,,,,,,,,
,,,,,,,,,,,,,,,,,,,,,,,,,,
,,,,,,,,,,,,,,,,,,,,,,,,,,
,,,,,,,,,,,,,,,,,,,,,,,,,,
,,,,,,,,,,,,,,,,,,,,,,,,,,
,,,,,,,,,,,,,,,,,,,,,,,,,,
,,,,,,,,,,,,,,,,,,,,,,,,,,
,,,,,,,,,,,,,,,,,,,,,,,,,,
,,,,,,,,,,,,,,,,,,,,,,,,,,
,,,,,,,,,,,,,,,,,,,,,,,,,,
,,,,,,,,,,,,,,,,,,,,,,,,,,
,,,,,,,,,,,,,,,,,,,,,,,,,,
,,,,,,,,,,,,,,,,,,,,,,,,,,
,,,,,,,,,,,,,,,,,,,,,,,,,,
,,,,,,,,,,,,,,,,,,,,,,,,,,
,,,,,,,,,,,,,,,,,,,,,,,,,,
,,,,,,,,,,,,,,,,,,,,,,,,,,
,,,,,,,,,,,,,,,,,,,,,,,,,,
,,,,,,,,,,,,,,,,,,,,,,,,,,
,,,,,,,,,,,,,,,,,,,,,,,,,,
,,,,,,,,,,,,,,,,,,,,,,,,,,
,,,,,,,,,,,,,,,,,,,,,,,,,,
,,,,,,,,,,,,,,,,,,,,,,,,,,
,,,,,,,,,,,,,,,,,,,,,,,,,,
,,,,,,,,,,,,,,,,,,,,,,,,,,
,,,,,,,,,,,,,,,,,,,,,,,,,,
,,,,,,,,,,,,,,,,,,,,,,,,,,
,,,,,,,,,,,,,,,,,,,,,,,,,,
,,,,,,,,,,,,,,,,,,,,,,,,,,
,,,,,,,,,,,,,,,,,,,,,,,,,,
,,,,,,,,,,,,,,,,,,,,,,,,,,
,,,,,,,,,,,,,,,,,,,,,,,,,,
,,,,,,,,,,,,,,,,,,,,,,,,,,
,,,,,,,,,,,,,,,,,,,,,,,,,,
,,,,,,,,,,,,,,,,,,,,,,,,,,
,,,,,,,,,,,,,,,,,,,,,,,,,,
,,,,,,,,,,,,,,,,,,,,,,,,,,
,,,,,,,,,,,,,,,,,,,,,,,,,,
,,,,,,,,,,,,,,,,,,,,,,,,,,
,,,,,,,,,,,,,,,,,,,,,,,,,,
,,,,,,,,,,,,,,,,,,,,,,,,,,
,,,,,,,,,,,,,,,,,,,,,,,,,,
,,,,,,,,,,,,,,,,,,,,,,,,,,
,,,,,,,,,,,,,,,,,,,,,,,,,,
,,,,,,,,,,,,,,,,,,,,,,,,,,
,,,,,,,,,,,,,,,,,,,,,,,,,,
,,,,,,,,,,,,,,,,,,,,,,,,,,
,,,,,,,,,,,,,,,,,,,,,,,,,,
,,,,,,,,,,,,,,,,,,,,,,,,,,
,,,,,,,,,,,,,,,,,,,,,,,,,,
,,,,,,,,,,,,,,,,,,,,,,,,,,
,,,,,,,,,,,,,,,,,,,,,,,,,,
,,,,,,,,,,,,,,,,,,,,,,,,,,
,,,,,,,,,,,,,,,,,,,,,,,,,,
,,,,,,,,,,,,,,,,,,,,,,,,,,
,,,,,,,,,,,,,,,,,,,,,,,,,,
,,,,,,,,,,,,,,,,,,,,,,,,,,
,,,,,,,,,,,,,,,,,,,,,,,,,,
,,,,,,,,,,,,,,,,,,,,,,,,,,
,,,,,,,,,,,,,,,,,,,,,,,,,,
,,,,,,,,,,,,,,,,,,,,,,,,,,
,,,,,,,,,,,,,,,,,,,,,,,,,,
,,,,,,,,,,,,,,,,,,,,,,,,,,
,,,,,,,,,,,,,,,,,,,,,,,,,,
,,,,,,,,,,,,,,,,,,,,,,,,,,
,,,,,,,,,,,,,,,,,,,,,,,,,,
,,,,,,,,,,,,,,,,,,,,,,,,,,
,,,,,,,,,,,,,,,,,,,,,,,,,,
,,,,,,,,,,,,,,,,,,,,,,,,,,
,,,,,,,,,,,,,,,,,,,,,,,,,,
,,,,,,,,,,,,,,,,,,,,,,,,,,
,,,,,,,,,,,,,,,,,,,,,,,,,,
,,,,,,,,,,,,,,,,,,,,,,,,,,
,,,,,,,,,,,,,,,,,,,,,,,,,,
,,,,,,,,,,,,,,,,,,,,,,,,,,
,,,,,,,,,,,,,,,,,,,,,,,,,,
,,,,,,,,,,,,,,,,,,,,,,,,,,
,,,,,,,,,,,,,,,,,,,,,,,,,,
,,,,,,,,,,,,,,,,,,,,,,,,,,
,,,,,,,,,,,,,,,,,,,,,,,,,,
,,,,,,,,,,,,,,,,,,,,,,,,,,
,,,,,,,,,,,,,,,,,,,,,,,,,,
,,,,,,,,,,,,,,,,,,,,,,,,,,
,,,,,,,,,,,,,,,,,,,,,,,,,,
,,,,,,,,,,,,,,,,,,,,,,,,,,
,,,,,,,,,,,,,,,,,,,,,,,,,,
,,,,,,,,,,,,,,,,,,,,,,,,,,
,,,,,,,,,,,,,,,,,,,,,,,,,,
,,,,,,,,,,,,,,,,,,,,,,,,,,
,,,,,,,,,,,,,,,,,,,,,,,,,,
,,,,,,,,,,,,,,,,,,,,,,,,,,
,,,,,,,,,,,,,,,,,,,,,,,,,,
,,,,,,,,,,,,,,,,,,,,,,,,,,
,,,,,,,,,,,,,,,,,,,,,,,,,,
,,,,,,,,,,,,,,,,,,,,,,,,,,
,,,,,,,,,,,,,,,,,,,,,,,,,,
,,,,,,,,,,,,,,,,,,,,,,,,,,
,,,,,,,,,,,,,,,,,,,,,,,,,,
,,,,,,,,,,,,,,,,,,,,,,,,,,
,,,,,,,,,,,,,,,,,,,,,,,,,,
,,,,,,,,,,,,,,,,,,,,,,,,,,
,,,,,,,,,,,,,,,,,,,,,,,,,,
,,,,,,,,,,,,,,,,,,,,,,,,,,
,,,,,,,,,,,,,,,,,,,,,,,,,,
,,,,,,,,,,,,,,,,,,,,,,,,,,
,,,,,,,,,,,,,,,,,,,,,,,,,,
,,,,,,,,,,,,,,,,,,,,,,,,,,
,,,,,,,,,,,,,,,,,,,,,,,,,,
,,,,,,,,,,,,,,,,,,,,,,,,,,
,,,,,,,,,,,,,,,,,,,,,,,,,,
,,,,,,,,,,,,,,,,,,,,,,,,,,
,,,,,,,,,,,,,,,,,,,,,,,,,,
,,,,,,,,,,,,,,,,,,,,,,,,,,
,,,,,,,,,,,,,,,,,,,,,,,,,,
,,,,,,,,,,,,,,,,,,,,,,,,,,
,,,,,,,,,,,,,,,,,,,,,,,,,,
,,,,,,,,,,,,,,,,,,,,,,,,,,
,,,,,,,,,,,,,,,,,,,,,,,,,,
,,,,,,,,,,,,,,,,,,,,,,,,,,
,,,,,,,,,,,,,,,,,,,,,,,,,,
,,,,,,,,,,,,,,,,,,,,,,,,,,
,,,,,,,,,,,,,,,,,,,,,,,,,,
,,,,,,,,,,,,,,,,,,,,,,,,,,
,,,,,,,,,,,,,,,,,,,,,,,,,,
,,,,,,,,,,,,,,,,,,,,,,,,,,
,,,,,,,,,,,,,,,,,,,,,,,,,,
,,,,,,,,,,,,,,,,,,,,,,,,,,
,,,,,,,,,,,,,,,,,,,,,,,,,,
,,,,,,,,,,,,,,,,,,,,,,,,,,
,,,,,,,,,,,,,,,,,,,,,,,,,,
,,,,,,,,,,,,,,,,,,,,,,,,,,
,,,,,,,,,,,,,,,,,,,,,,,,,,
,,,,,,,,,,,,,,,,,,,,,,,,,,
,,,,,,,,,,,,,,,,,,,,,,,,,,
,,,,,,,,,,,,,,,,,,,,,,,,,,
,,,,,,,,,,,,,,,,,,,,,,,,,,
,,,,,,,,,,,,,,,,,,,,,,,,,,
,,,,,,,,,,,,,,,,,,,,,,,,,,
,,,,,,,,,,,,,,,,,,,,,,,,,,
,,,,,,,,,,,,,,,,,,,,,,,,,,
,,,,,,,,,,,,,,,,,,,,,,,,,,
,,,,,,,,,,,,,,,,,,,,,,,,,,
,,,,,,,,,,,,,,,,,,,,,,,,,,
,,,,,,,,,,,,,,,,,,,,,,,,,,
,,,,,,,,,,,,,,,,,,,,,,,,,,
,,,,,,,,,,,,,,,,,,,,,,,,,,
,,,,,,,,,,,,,,,,,,,,,,,,,,
,,,,,,,,,,,,,,,,,,,,,,,,,,
,,,,,,,,,,,,,,,,,,,,,,,,,,
,,,,,,,,,,,,,,,,,,,,,,,,,,
,,,,,,,,,,,,,,,,,,,,,,,,,,
,,,,,,,,,,,,,,,,,,,,,,,,,,
,,,,,,,,,,,,,,,,,,,,,,,,,,
,,,,,,,,,,,,,,,,,,,,,,,,,,
,,,,,,,,,,,,,,,,,,,,,,,,,,
,,,,,,,,,,,,,,,,,,,,,,,,,,
,,,,,,,,,,,,,,,,,,,,,,,,,,
,,,,,,,,,,,,,,,,,,,,,,,,,,
,,,,,,,,,,,,,,,,,,,,,,,,,,
,,,,,,,,,,,,,,,,,,,,,,,,,,
,,,,,,,,,,,,,,,,,,,,,,,,,,
,,,,,,,,,,,,,,,,,,,,,,,,,,
,,,,,,,,,,,,,,,,,,,,,,,,,,
,,,,,,,,,,,,,,,,,,,,,,,,,,
,,,,,,,,,,,,,,,,,,,,,,,,,,
,,,,,,,,,,,,,,,,,,,,,,,,,,
,,,,,,,,,,,,,,,,,,,,,,,,,,
,,,,,,,,,,,,,,,,,,,,,,,,,,
,,,,,,,,,,,,,,,,,,,,,,,,,,
,,,,,,,,,,,,,,,,,,,,,,,,,,
,,,,,,,,,,,,,,,,,,,,,,,,,,
,,,,,,,,,,,,,,,,,,,,,,,,,,
,,,,,,,,,,,,,,,,,,,,,,,,,,
,,,,,,,,,,,,,,,,,,,,,,,,,,
,,,,,,,,,,,,,,,,,,,,,,,,,,
,,,,,,,,,,,,,,,,,,,,,,,,,,
,,,,,,,,,,,,,,,,,,,,,,,,,,
,,,,,,,,,,,,,,,,,,,,,,,,,,
,,,,,,,,,,,,,,,,,,,,,,,,,,
,,,,,,,,,,,,,,,,,,,,,,,,,,
,,,,,,,,,,,,,,,,,,,,,,,,,,
,,,,,,,,,,,,,,,,,,,,,,,,,,
,,,,,,,,,,,,,,,,,,,,,,,,,,
,,,,,,,,,,,,,,,,,,,,,,,,,,
,,,,,,,,,,,,,,,,,,,,,,,,,,
,,,,,,,,,,,,,,,,,,,,,,,,,,
,,,,,,,,,,,,,,,,,,,,,,,,,,
,,,,,,,,,,,,,,,,,,,,,,,,,,
,,,,,,,,,,,,,,,,,,,,,,,,,,
,,,,,,,,,,,,,,,,,,,,,,,,,,
,,,,,,,,,,,,,,,,,,,,,,,,,,
,,,,,,,,,,,,,,,,,,,,,,,,,,
,,,,,,,,,,,,,,,,,,,,,,,,,,
,,,,,,,,,,,,,,,,,,,,,,,,,,
,,,,,,,,,,,,,,,,,,,,,,,,,,
,,,,,,,,,,,,,,,,,,,,,,,,,,
,,,,,,,,,,,,,,,,,,,,,,,,,,
,,,,,,,,,,,,,,,,,,,,,,,,,,
,,,,,,,,,,,,,,,,,,,,,,,,,,
,,,,,,,,,,,,,,,,,,,,,,,,,,
,,,,,,,,,,,,,,,,,,,,,,,,,,
,,,,,,,,,,,,,,,,,,,,,,,,,,
,,,,,,,,,,,,,,,,,,,,,,,,,,
,,,,,,,,,,,,,,,,,,,,,,,,,,
,,,,,,,,,,,,,,,,,,,,,,,,,,
,,,,,,,,,,,,,,,,,,,,,,,,,,
,,,,,,,,,,,,,,,,,,,,,,,,,,
,,,,,,,,,,,,,,,,,,,,,,,,,,
,,,,,,,,,,,,,,,,,,,,,,,,,,
,,,,,,,,,,,,,,,,,,,,,,,,,,
,,,,,,,,,,,,,,,,,,,,,,,,,,
,,,,,,,,,,,,,,,,,,,,,,,,,,
,,,,,,,,,,,,,,,,,,,,,,,,,,
,,,,,,,,,,,,,,,,,,,,,,,,,,
,,,,,,,,,,,,,,,,,,,,,,,,,,
,,,,,,,,,,,,,,,,,,,,,,,,,,
,,,,,,,,,,,,,,,,,,,,,,,,,,
,,,,,,,,,,,,,,,,,,,,,,,,,,
,,,,,,,,,,,,,,,,,,,,,,,,,,
,,,,,,,,,,,,,,,,,,,,,,,,,,
,,,,,,,,,,,,,,,,,,,,,,,,,,
,,,,,,,,,,,,,,,,,,,,,,,,,,
,,,,,,,,,,,,,,,,,,,,,,,,,,
,,,,,,,,,,,,,,,,,,,,,,,,,,
,,,,,,,,,,,,,,,,,,,,,,,,,,
,,,,,,,,,,,,,,,,,,,,,,,,,,
,,,,,,,,,,,,,,,,,,,,,,,,,,
,,,,,,,,,,,,,,,,,,,,,,,,,,
,,,,,,,,,,,,,,,,,,,,,,,,,,
,,,,,,,,,,,,,,,,,,,,,,,,,,
,,,,,,,,,,,,,,,,,,,,,,,,,,
,,,,,,,,,,,,,,,,,,,,,,,,,,
,,,,,,,,,,,,,,,,,,,,,,,,,,
,,,,,,,,,,,,,,,,,,,,,,,,,,
,,,,,,,,,,,,,,,,,,,,,,,,,,
,,,,,,,,,,,,,,,,,,,,,,,,,,
,,,,,,,,,,,,,,,,,,,,,,,,,,
,,,,,,,,,,,,,,,,,,,,,,,,,,
,,,,,,,,,,,,,,,,,,,,,,,,,,
,,,,,,,,,,,,,,,,,,,,,,,,,,
,,,,,,,,,,,,,,,,,,,,,,,,,,
,,,,,,,,,,,,,,,,,,,,,,,,,,
,,,,,,,,,,,,,,,,,,,,,,,,,,
,,,,,,,,,,,,,,,,,,,,,,,,,,
,,,,,,,,,,,,,,,,,,,,,,,,,,
,,,,,,,,,,,,,,,,,,,,,,,,,,
,,,,,,,,,,,,,,,,,,,,,,,,,,
,,,,,,,,,,,,,,,,,,,,,,,,,,
,,,,,,,,,,,,,,,,,,,,,,,,,,
,,,,,,,,,,,,,,,,,,,,,,,,,,
,,,,,,,,,,,,,,,,,,,,,,,,,,
,,,,,,,,,,,,,,,,,,,,,,,,,,
,,,,,,,,,,,,,,,,,,,,,,,,,,
,,,,,,,,,,,,,,,,,,,,,,,,,,
,,,,,,,,,,,,,,,,,,,,,,,,,,
,,,,,,,,,,,,,,,,,,,,,,,,,,
,,,,,,,,,,,,,,,,,,,,,,,,,,
,,,,,,,,,,,,,,,,,,,,,,,,,,
,,,,,,,,,,,,,,,,,,,,,,,,,,
,,,,,,,,,,,,,,,,,,,,,,,,,,
,,,,,,,,,,,,,,,,,,,,,,,,,,
,,,,,,,,,,,,,,,,,,,,,,,,,,
,,,,,,,,,,,,,,,,,,,,,,,,,,
,,,,,,,,,,,,,,,,,,,,,,,,,,
,,,,,,,,,,,,,,,,,,,,,,,,,,
,,,,,,,,,,,,,,,,,,,,,,,,,,
,,,,,,,,,,,,,,,,,,,,,,,,,,
,,,,,,,,,,,,,,,,,,,,,,,,,,
,,,,,,,,,,,,,,,,,,,,,,,,,,
,,,,,,,,,,,,,,,,,,,,,,,,,,
,,,,,,,,,,,,,,,,,,,,,,,,,,
,,,,,,,,,,,,,,,,,,,,,,,,,,
,,,,,,,,,,,,,,,,,,,,,,,,,,
,,,,,,,,,,,,,,,,,,,,,,,,,,
,,,,,,,,,,,,,,,,,,,,,,,,,,
,,,,,,,,,,,,,,,,,,,,,,,,,,
,,,,,,,,,,,,,,,,,,,,,,,,,,
,,,,,,,,,,,,,,,,,,,,,,,,,,
,,,,,,,,,,,,,,,,,,,,,,,,,,
,,,,,,,,,,,,,,,,,,,,,,,,,,
,,,,,,,,,,,,,,,,,,,,,,,,,,
,,,,,,,,,,,,,,,,,,,,,,,,,,
,,,,,,,,,,,,,,,,,,,,,,,,,,
,,,,,,,,,,,,,,,,,,,,,,,,,,
,,,,,,,,,,,,,,,,,,,,,,,,,,
,,,,,,,,,,,,,,,,,,,,,,,,,,
,,,,,,,,,,,,,,,,,,,,,,,,,,
,,,,,,,,,,,,,,,,,,,,,,,,,,
,,,,,,,,,,,,,,,,,,,,,,,,,,
,,,,,,,,,,,,,,,,,,,,,,,,,,
,,,,,,,,,,,,,,,,,,,,,,,,,,
,,,,,,,,,,,,,,,,,,,,,,,,,,
,,,,,,,,,,,,,,,,,,,,,,,,,,
,,,,,,,,,,,,,,,,,,,,,,,,,,
,,,,,,,,,,,,,,,,,,,,,,,,,,
,,,,,,,,,,,,,,,,,,,,,,,,,,
,,,,,,,,,,,,,,,,,,,,,,,,,,
,,,,,,,,,,,,,,,,,,,,,,,,,,
,,,,,,,,,,,,,,,,,,,,,,,,,,
,,,,,,,,,,,,,,,,,,,,,,,,,,
,,,,,,,,,,,,,,,,,,,,,,,,,,
,,,,,,,,,,,,,,,,,,,,,,,,,,
,,,,,,,,,,,,,,,,,,,,,,,,,,
,,,,,,,,,,,,,,,,,,,,,,,,,,
,,,,,,,,,,,,,,,,,,,,,,,,,,
,,,,,,,,,,,,,,,,,,,,,,,,,,
,,,,,,,,,,,,,,,,,,,,,,,,,,
,,,,,,,,,,,,,,,,,,,,,,,,,,
,,,,,,,,,,,,,,,,,,,,,,,,,,
,,,,,,,,,,,,,,,,,,,,,,,,,,
,,,,,,,,,,,,,,,,,,,,,,,,,,
,,,,,,,,,,,,,,,,,,,,,,,,,,
,,,,,,,,,,,,,,,,,,,,,,,,,,
,,,,,,,,,,,,,,,,,,,,,,,,,,
,,,,,,,,,,,,,,,,,,,,,,,,,,
,,,,,,,,,,,,,,,,,,,,,,,,,,
,,,,,,,,,,,,,,,,,,,,,,,,,,
,,,,,,,,,,,,,,,,,,,,,,,,,,
,,,,,,,,,,,,,,,,,,,,,,,,,,
,,,,,,,,,,,,,,,,,,,,,,,,,,
,,,,,,,,,,,,,,,,,,,,,,,,,,
,,,,,,,,,,,,,,,,,,,,,,,,,,
,,,,,,,,,,,,,,,,,,,,,,,,,,
,,,,,,,,,,,,,,,,,,,,,,,,,,
,,,,,,,,,,,,,,,,,,,,,,,,,,
,,,,,,,,,,,,,,,,,,,,,,,,,,
,,,,,,,,,,,,,,,,,,,,,,,,,,
,,,,,,,,,,,,,,,,,,,,,,,,,,
,,,,,,,,,,,,,,,,,,,,,,,,,,
,,,,,,,,,,,,,,,,,,,,,,,,,,
,,,,,,,,,,,,,,,,,,,,,,,,,,
,,,,,,,,,,,,,,,,,,,,,,,,,,
,,,,,,,,,,,,,,,,,,,,,,,,,,
,,,,,,,,,,,,,,,,,,,,,,,,,,
,,,,,,,,,,,,,,,,,,,,,,,,,,
,,,,,,,,,,,,,,,,,,,,,,,,,,
,,,,,,,,,,,,,,,,,,,,,,,,,,
,,,,,,,,,,,,,,,,,,,,,,,,,,
,,,,,,,,,,,,,,,,,,,,,,,,,,
,,,,,,,,,,,,,,,,,,,,,,,,,,
,,,,,,,,,,,,,,,,,,,,,,,,,,
,,,,,,,,,,,,,,,,,,,,,,,,,,
,,,,,,,,,,,,,,,,,,,,,,,,,,
,,,,,,,,,,,,,,,,,,,,,,,,,,
,,,,,,,,,,,,,,,,,,,,,,,,,,
,,,,,,,,,,,,,,,,,,,,,,,,,,
,,,,,,,,,,,,,,,,,,,,,,,,,,
,,,,,,,,,,,,,,,,,,,,,,,,,,
,,,,,,,,,,,,,,,,,,,,,,,,,,
,,,,,,,,,,,,,,,,,,,,,,,,,,
,,,,,,,,,,,,,,,,,,,,,,,,,,
,,,,,,,,,,,,,,,,,,,,,,,,,,
,,,,,,,,,,,,,,,,,,,,,,,,,,
,,,,,,,,,,,,,,,,,,,,,,,,,,
,,,,,,,,,,,,,,,,,,,,,,,,,,
,,,,,,,,,,,,,,,,,,,,,,,,,,
,,,,,,,,,,,,,,,,,,,,,,,,,,
,,,,,,,,,,,,,,,,,,,,,,,,,,
,,,,,,,,,,,,,,,,,,,,,,,,,,
,,,,,,,,,,,,,,,,,,,,,,,,,,
,,,,,,,,,,,,,,,,,,,,,,,,,,
,,,,,,,,,,,,,,,,,,,,,,,,,,
,,,,,,,,,,,,,,,,,,,,,,,,,,
,,,,,,,,,,,,,,,,,,,,,,,,,,
,,,,,,,,,,,,,,,,,,,,,,,,,,
,,,,,,,,,,,,,,,,,,,,,,,,,,
,,,,,,,,,,,,,,,,,,,,,,,,,,
,,,,,,,,,,,,,,,,,,,,,,,,,,
,,,,,,,,,,,,,,,,,,,,,,,,,,
,,,,,,,,,,,,,,,,,,,,,,,,,,
,,,,,,,,,,,,,,,,,,,,,,,,,,
,,,,,,,,,,,,,,,,,,,,,,,,,,
,,,,,,,,,,,,,,,,,,,,,,,,,,
,,,,,,,,,,,,,,,,,,,,,,,,,,
,,,,,,,,,,,,,,,,,,,,,,,,,,
,,,,,,,,,,,,,,,,,,,,,,,,,,
,,,,,,,,,,,,,,,,,,,,,,,,,,
,,,,,,,,,,,,,,,,,,,,,,,,,,
,,,,,,,,,,,,,,,,,,,,,,,,,,
,,,,,,,,,,,,,,,,,,,,,,,,,,
,,,,,,,,,,,,,,,,,,,,,,,,,,
,,,,,,,,,,,,,,,,,,,,,,,,,,
,,,,,,,,,,,,,,,,,,,,,,,,,,
,,,,,,,,,,,,,,,,,,,,,,,,,,
,,,,,,,,,,,,,,,,,,,,,,,,,,
,,,,,,,,,,,,,,,,,,,,,,,,,,
,,,,,,,,,,,,,,,,,,,,,,,,,,
,,,,,,,,,,,,,,,,,,,,,,,,,,
,,,,,,,,,,,,,,,,,,,,,,,,,,
,,,,,,,,,,,,,,,,,,,,,,,,,,
,,,,,,,,,,,,,,,,,,,,,,,,,,
,,,,,,,,,,,,,,,,,,,,,,,,,,
,,,,,,,,,,,,,,,,,,,,,,,,,,
,,,,,,,,,,,,,,,,,,,,,,,,,,
,,,,,,,,,,,,,,,,,,,,,,,,,,
,,,,,,,,,,,,,,,,,,,,,,,,,,
,,,,,,,,,,,,,,,,,,,,,,,,,,
,,,,,,,,,,,,,,,,,,,,,,,,,,
,,,,,,,,,,,,,,,,,,,,,,,,,,
,,,,,,,,,,,,,,,,,,,,,,,,,,
,,,,,,,,,,,,,,,,,,,,,,,,,,
,,,,,,,,,,,,,,,,,,,,,,,,,,
,,,,,,,,,,,,,,,,,,,,,,,,,,
,,,,,,,,,,,,,,,,,,,,,,,,,,
,,,,,,,,,,,,,,,,,,,,,,,,,,
,,,,,,,,,,,,,,,,,,,,,,,,,,
,,,,,,,,,,,,,,,,,,,,,,,,,,
,,,,,,,,,,,,,,,,,,,,,,,,,,
,,,,,,,,,,,,,,,,,,,,,,,,,,
,,,,,,,,,,,,,,,,,,,,,,,,,,
,,,,,,,,,,,,,,,,,,,,,,,,,,
,,,,,,,,,,,,,,,,,,,,,,,,,,
,,,,,,,,,,,,,,,,,,,,,,,,,,
,,,,,,,,,,,,,,,,,,,,,,,,,,
,,,,,,,,,,,,,,,,,,,,,,,,,,
,,,,,,,,,,,,,,,,,,,,,,,,,,
,,,,,,,,,,,,,,,,,,,,,,,,,,
,,,,,,,,,,,,,,,,,,,,,,,,,,
,,,,,,,,,,,,,,,,,,,,,,,,,,
,,,,,,,,,,,,,,,,,,,,,,,,,,
,,,,,,,,,,,,,,,,,,,,,,,,,,
,,,,,,,,,,,,,,,,,,,,,,,,,,
,,,,,,,,,,,,,,,,,,,,,,,,,,
,,,,,,,,,,,,,,,,,,,,,,,,,,
,,,,,,,,,,,,,,,,,,,,,,,,,,
,,,,,,,,,,,,,,,,,,,,,,,,,,
,,,,,,,,,,,,,,,,,,,,,,,,,,
,,,,,,,,,,,,,,,,,,,,,,,,,,
,,,,,,,,,,,,,,,,,,,,,,,,,,
,,,,,,,,,,,,,,,,,,,,,,,,,,
,,,,,,,,,,,,,,,,,,,,,,,,,,
,,,,,,,,,,,,,,,,,,,,,,,,,,
,,,,,,,,,,,,,,,,,,,,,,,,,,
,,,,,,,,,,,,,,,,,,,,,,,,,,
,,,,,,,,,,,,,,,,,,,,,,,,,,
,,,,,,,,,,,,,,,,,,,,,,,,,,
,,,,,,,,,,,,,,,,,,,,,,,,,,
,,,,,,,,,,,,,,,,,,,,,,,,,,
,,,,,,,,,,,,,,,,,,,,,,,,,,
,,,,,,,,,,,,,,,,,,,,,,,,,,
,,,,,,,,,,,,,,,,,,,,,,,,,,
,,,,,,,,,,,,,,,,,,,,,,,,,,
,,,,,,,,,,,,,,,,,,,,,,,,,,
,,,,,,,,,,,,,,,,,,,,,,,,,,
,,,,,,,,,,,,,,,,,,,,,,,,,,
,,,,,,,,,,,,,,,,,,,,,,,,,,
,,,,,,,,,,,,,,,,,,,,,,,,,,
,,,,,,,,,,,,,,,,,,,,,,,,,,
,,,,,,,,,,,,,,,,,,,,,,,,,,
,,,,,,,,,,,,,,,,,,,,,,,,,,
,,,,,,,,,,,,,,,,,,,,,,,,,,
,,,,,,,,,,,,,,,,,,,,,,,,,,
,,,,,,,,,,,,,,,,,,,,,,,,,,
,,,,,,,,,,,,,,,,,,,,,,,,,,
,,,,,,,,,,,,,,,,,,,,,,,,,,
,,,,,,,,,,,,,,,,,,,,,,,,,,
,,,,,,,,,,,,,,,,,,,,,,,,,,
,,,,,,,,,,,,,,,,,,,,,,,,,,
,,,,,,,,,,,,,,,,,,,,,,,,,,
,,,,,,,,,,,,,,,,,,,,,,,,,,
,,,,,,,,,,,,,,,,,,,,,,,,,,
,,,,,,,,,,,,,,,,,,,,,,,,,,
,,,,,,,,,,,,,,,,,,,,,,,,,,
,,,,,,,,,,,,,,,,,,,,,,,,,,
,,,,,,,,,,,,,,,,,,,,,,,,,,
,,,,,,,,,,,,,,,,,,,,,,,,,,
,,,,,,,,,,,,,,,,,,,,,,,,,,
,,,,,,,,,,,,,,,,,,,,,,,,,,
,,,,,,,,,,,,,,,,,,,,,,,,,,
,,,,,,,,,,,,,,,,,,,,,,,,,,
,,,,,,,,,,,,,,,,,,,,,,,,,,
,,,,,,,,,,,,,,,,,,,,,,,,,,
,,,,,,,,,,,,,,,,,,,,,,,,,,
,,,,,,,,,,,,,,,,,,,,,,,,,,
,,,,,,,,,,,,,,,,,,,,,,,,,,
,,,,,,,,,,,,,,,,,,,,,,,,,,
,,,,,,,,,,,,,,,,,,,,,,,,,,
,,,,,,,,,,,,,,,,,,,,,,,,,,
,,,,,,,,,,,,,,,,,,,,,,,,,,
,,,,,,,,,,,,,,,,,,,,,,,,,,
,,,,,,,,,,,,,,,,,,,,,,,,,,
,,,,,,,,,,,,,,,,,,,,,,,,,,
,,,,,,,,,,,,,,,,,,,,,,,,,,
,,,,,,,,,,,,,,,,,,,,,,,,,,
,,,,,,,,,,,,,,,,,,,,,,,,,,
,,,,,,,,,,,,,,,,,,,,,,,,,,
,,,,,,,,,,,,,,,,,,,,,,,,,,
,,,,,,,,,,,,,,,,,,,,,,,,,,
,,,,,,,,,,,,,,,,,,,,,,,,,,
,,,,,,,,,,,,,,,,,,,,,,,,,,
,,,,,,,,,,,,,,,,,,,,,,,,,,
,,,,,,,,,,,,,,,,,,,,,,,,,,
,,,,,,,,,,,,,,,,,,,,,,,,,,
,,,,,,,,,,,,,,,,,,,,,,,,,,
,,,,,,,,,,,,,,,,,,,,,,,,,,
,,,,,,,,,,,,,,,,,,,,,,,,,,
,,,,,,,,,,,,,,,,,,,,,,,,,,
,,,,,,,,,,,,,,,,,,,,,,,,,,
,,,,,,,,,,,,,,,,,,,,,,,,,,
,,,,,,,,,,,,,,,,,,,,,,,,,,
,,,,,,,,,,,,,,,,,,,,,,,,,,
,,,,,,,,,,,,,,,,,,,,,,,,,,
,,,,,,,,,,,,,,,,,,,,,,,,,,
,,,,,,,,,,,,,,,,,,,,,,,,,,
,,,,,,,,,,,,,,,,,,,,,,,,,,
,,,,,,,,,,,,,,,,,,,,,,,,,,
,,,,,,,,,,,,,,,,,,,,,,,,,,
,,,,,,,,,,,,,,,,,,,,,,,,,,
,,,,,,,,,,,,,,,,,,,,,,,,,,
,,,,,,,,,,,,,,,,,,,,,,,,,,
,,,,,,,,,,,,,,,,,,,,,,,,,,
,,,,,,,,,,,,,,,,,,,,,,,,,,
,,,,,,,,,,,,,,,,,,,,,,,,,,
,,,,,,,,,,,,,,,,,,,,,,,,,,
,,,,,,,,,,,,,,,,,,,,,,,,,,
,,,,,,,,,,,,,,,,,,,,,,,,,,
,,,,,,,,,,,,,,,,,,,,,,,,,,
,,,,,,,,,,,,,,,,,,,,,,,,,,
,,,,,,,,,,,,,,,,,,,,,,,,,,
,,,,,,,,,,,,,,,,,,,,,,,,,,
,,,,,,,,,,,,,,,,,,,,,,,,,,
,,,,,,,,,,,,,,,,,,,,,,,,,,
,,,,,,,,,,,,,,,,,,,,,,,,,,
,,,,,,,,,,,,,,,,,,,,,,,,,,
,,,,,,,,,,,,,,,,,,,,,,,,,,
,,,,,,,,,,,,,,,,,,,,,,,,,,
,,,,,,,,,,,,,,,,,,,,,,,,,,
,,,,,,,,,,,,,,,,,,,,,,,,,,
,,,,,,,,,,,,,,,,,,,,,,,,,,
,,,,,,,,,,,,,,,,,,,,,,,,,,
,,,,,,,,,,,,,,,,,,,,,,,,,,
,,,,,,,,,,,,,,,,,,,,,,,,,,
,,,,,,,,,,,,,,,,,,,,,,,,,,
,,,,,,,,,,,,,,,,,,,,,,,,,,
,,,,,,,,,,,,,,,,,,,,,,,,,,
,,,,,,,,,,,,,,,,,,,,,,,,,,
,,,,,,,,,,,,,,,,,,,,,,,,,,
,,,,,,,,,,,,,,,,,,,,,,,,,,
,,,,,,,,,,,,,,,,,,,,,,,,,,
,,,,,,,,,,,,,,,,,,,,,,,,,,
,,,,,,,,,,,,,,,,,,,,,,,,,,
,,,,,,,,,,,,,,,,,,,,,,,,,,
,,,,,,,,,,,,,,,,,,,,,,,,,,
,,,,,,,,,,,,,,,,,,,,,,,,,,
,,,,,,,,,,,,,,,,,,,,,,,,,,
,,,,,,,,,,,,,,,,,,,,,,,,,,
,,,,,,,,,,,,,,,,,,,,,,,,,,
,,,,,,,,,,,,,,,,,,,,,,,,,,
,,,,,,,,,,,,,,,,,,,,,,,,,,
,,,,,,,,,,,,,,,,,,,,,,,,,,
,,,,,,,,,,,,,,,,,,,,,,,,,,
,,,,,,,,,,,,,,,,,,,,,,,,,,
,,,,,,,,,,,,,,,,,,,,,,,,,,
,,,,,,,,,,,,,,,,,,,,,,,,,,
,,,,,,,,,,,,,,,,,,,,,,,,,,
,,,,,,,,,,,,,,,,,,,,,,,,,,
,,,,,,,,,,,,,,,,,,,,,,,,,,
,,,,,,,,,,,,,,,,,,,,,,,,,,
,,,,,,,,,,,,,,,,,,,,,,,,,,
,,,,,,,,,,,,,,,,,,,,,,,,,,
,,,,,,,,,,,,,,,,,,,,,,,,,,
,,,,,,,,,,,,,,,,,,,,,,,,,,
,,,,,,,,,,,,,,,,,,,,,,,,,,
,,,,,,,,,,,,,,,,,,,,,,,,,,
,,,,,,,,,,,,,,,,,,,,,,,,,,
,,,,,,,,,,,,,,,,,,,,,,,,,,
,,,,,,,,,,,,,,,,,,,,,,,,,,
,,,,,,,,,,,,,,,,,,,,,,,,,,
,,,,,,,,,,,,,,,,,,,,,,,,,,
,,,,,,,,,,,,,,,,,,,,,,,,,,
,,,,,,,,,,,,,,,,,,,,,,,,,,
,,,,,,,,,,,,,,,,,,,,,,,,,,
,,,,,,,,,,,,,,,,,,,,,,,,,,
,,,,,,,,,,,,,,,,,,,,,,,,,,
,,,,,,,,,,,,,,,,,,,,,,,,,,
,,,,,,,,,,,,,,,,,,,,,,,,,,
,,,,,,,,,,,,,,,,,,,,,,,,,,
,,,,,,,,,,,,,,,,,,,,,,,,,,
,,,,,,,,,,,,,,,,,,,,,,,,,,
,,,,,,,,,,,,,,,,,,,,,,,,,,
,,,,,,,,,,,,,,,,,,,,,,,,,,
,,,,,,,,,,,,,,,,,,,,,,,,,,
,,,,,,,,,,,,,,,,,,,,,,,,,,
,,,,,,,,,,,,,,,,,,,,,,,,,,
,,,,,,,,,,,,,,,,,,,,,,,,,,
,,,,,,,,,,,,,,,,,,,,,,,,,,
,,,,,,,,,,,,,,,,,,,,,,,,,,
,,,,,,,,,,,,,,,,,,,,,,,,,,
,,,,,,,,,,,,,,,,,,,,,,,,,,
,,,,,,,,,,,,,,,,,,,,,,,,,,
,,,,,,,,,,,,,,,,,,,,,,,,,,
,,,,,,,,,,,,,,,,,,,,,,,,,,
,,,,,,,,,,,,,,,,,,,,,,,,,,
,,,,,,,,,,,,,,,,,,,,,,,,,,
,,,,,,,,,,,,,,,,,,,,,,,,,,
,,,,,,,,,,,,,,,,,,,,,,,,,,
,,,,,,,,,,,,,,,,,,,,,,,,,,
,,,,,,,,,,,,,,,,,,,,,,,,,,
,,,,,,,,,,,,,,,,,,,,,,,,,,
,,,,,,,,,,,,,,,,,,,,,,,,,,
,,,,,,,,,,,,,,,,,,,,,,,,,,
,,,,,,,,,,,,,,,,,,,,,,,,,,
,,,,,,,,,,,,,,,,,,,,,,,,,,
,,,,,,,,,,,,,,,,,,,,,,,,,,
,,,,,,,,,,,,,,,,,,,,,,,,,,
,,,,,,,,,,,,,,,,,,,,,,,,,,
,,,,,,,,,,,,,,,,,,,,,,,,,,
,,,,,,,,,,,,,,,,,,,,,,,,,,
,,,,,,,,,,,,,,,,,,,,,,,,,,
,,,,,,,,,,,,,,,,,,,,,,,,,,
,,,,,,,,,,,,,,,,,,,,,,,,,,
,,,,,,,,,,,,,,,,,,,,,,,,,,
,,,,,,,,,,,,,,,,,,,,,,,,,,
,,,,,,,,,,,,,,,,,,,,,,,,,,
,,,,,,,,,,,,,,,,,,,,,,,,,,
,,,,,,,,,,,,,,,,,,,,,,,,,,
,,,,,,,,,,,,,,,,,,,,,,,,,,
,,,,,,,,,,,,,,,,,,,,,,,,,,
,,,,,,,,,,,,,,,,,,,,,,,,,,
,,,,,,,,,,,,,,,,,,,,,,,,,,
,,,,,,,,,,,,,,,,,,,,,,,,,,
,,,,,,,,,,,,,,,,,,,,,,,,,,
,,,,,,,,,,,,,,,,,,,,,,,,,,
,,,,,,,,,,,,,,,,,,,,,,,,,,
,,,,,,,,,,,,,,,,,,,,,,,,,,
,,,,,,,,,,,,,,,,,,,,,,,,,,
,,,,,,,,,,,,,,,,,,,,,,,,,,
,,,,,,,,,,,,,,,,,,,,,,,,,,
,,,,,,,,,,,,,,,,,,,,,,,,,,
,,,,,,,,,,,,,,,,,,,,,,,,,,
,,,,,,,,,,,,,,,,,,,,,,,,,,
,,,,,,,,,,,,,,,,,,,,,,,,,,
,,,,,,,,,,,,,,,,,,,,,,,,,,
,,,,,,,,,,,,,,,,,,,,,,,,,,
,,,,,,,,,,,,,,,,,,,,,,,,,,
,,,,,,,,,,,,,,,,,,,,,,,,,,
,,,,,,,,,,,,,,,,,,,,,,,,,,
,,,,,,,,,,,,,,,,,,,,,,,,,,
,,,,,,,,,,,,,,,,,,,,,,,,,,
,,,,,,,,,,,,,,,,,,,,,,,,,,
,,,,,,,,,,,,,,,,,,,,,,,,,,
,,,,,,,,,,,,,,,,,,,,,,,,,,
,,,,,,,,,,,,,,,,,,,,,,,,,,
,,,,,,,,,,,,,,,,,,,,,,,,,,
,,,,,,,,,,,,,,,,,,,,,,,,,,
,,,,,,,,,,,,,,,,,,,,,,,,,,
,,,,,,,,,,,,,,,,,,,,,,,,,,
,,,,,,,,,,,,,,,,,,,,,,,,,,
,,,,,,,,,,,,,,,,,,,,,,,,,,
,,,,,,,,,,,,,,,,,,,,,,,,,,
,,,,,,,,,,,,,,,,,,,,,,,,,,
,,,,,,,,,,,,,,,,,,,,,,,,,,
,,,,,,,,,,,,,,,,,,,,,,,,,,
,,,,,,,,,,,,,,,,,,,,,,,,,,
,,,,,,,,,,,,,,,,,,,,,,,,,,
,,,,,,,,,,,,,,,,,,,,,,,,,,
,,,,,,,,,,,,,,,,,,,,,,,,,,
,,,,,,,,,,,,,,,,,,,,,,,,,,
,,,,,,,,,,,,,,,,,,,,,,,,,,
,,,,,,,,,,,,,,,,,,,,,,,,,,
,,,,,,,,,,,,,,,,,,,,,,,,,,
,,,,,,,,,,,,,,,,,,,,,,,,,,
,,,,,,,,,,,,,,,,,,,,,,,,,,
,,,,,,,,,,,,,,,,,,,,,,,,,,
,,,,,,,,,,,,,,,,,,,,,,,,,,
,,,,,,,,,,,,,,,,,,,,,,,,,,
,,,,,,,,,,,,,,,,,,,,,,,,,,
,,,,,,,,,,,,,,,,,,,,,,,,,,
,,,,,,,,,,,,,,,,,,,,,,,,,,
,,,,,,,,,,,,,,,,,,,,,,,,,,
,,,,,,,,,,,,,,,,,,,,,,,,,,
,,,,,,,,,,,,,,,,,,,,,,,,,,
,,,,,,,,,,,,,,,,,,,,,,,,,,
,,,,,,,,,,,,,,,,,,,,,,,,,,
,,,,,,,,,,,,,,,,,,,,,,,,,,
,,,,,,,,,,,,,,,,,,,,,,,,,,
,,,,,,,,,,,,,,,,,,,,,,,,,,
,,,,,,,,,,,,,,,,,,,,,,,,,,
,,,,,,,,,,,,,,,,,,,,,,,,,,
,,,,,,,,,,,,,,,,,,,,,,,,,,
,,,,,,,,,,,,,,,,,,,,,,,,,,
,,,,,,,,,,,,,,,,,,,,,,,,,,
,,,,,,,,,,,,,,,,,,,,,,,,,,
,,,,,,,,,,,,,,,,,,,,,,,,,,
,,,,,,,,,,,,,,,,,,,,,,,,,,
,,,,,,,,,,,,,,,,,,,,,,,,,,
,,,,,,,,,,,,,,,,,,,,,,,,,,
,,,,,,,,,,,,,,,,,,,,,,,,,,
,,,,,,,,,,,,,,,,,,,,,,,,,,
,,,,,,,,,,,,,,,,,,,,,,,,,,
,,,,,,,,,,,,,,,,,,,,,,,,,,
,,,,,,,,,,,,,,,,,,,,,,,,,,
,,,,,,,,,,,,,,,,,,,,,,,,,,
,,,,,,,,,,,,,,,,,,,,,,,,,,
,,,,,,,,,,,,,,,,,,,,,,,,,,
,,,,,,,,,,,,,,,,,,,,,,,,,,
,,,,,,,,,,,,,,,,,,,,,,,,,,
,,,,,,,,,,,,,,,,,,,,,,,,,,
,,,,,,,,,,,,,,,,,,,,,,,,,,
,,,,,,,,,,,,,,,,,,,,,,,,,,
,,,,,,,,,,,,,,,,,,,,,,,,,,
,,,,,,,,,,,,,,,,,,,,,,,,,,
,,,,,,,,,,,,,,,,,,,,,,,,,,
,,,,,,,,,,,,,,,,,,,,,,,,,,
,,,,,,,,,,,,,,,,,,,,,,,,,,
,,,,,,,,,,,,,,,,,,,,,,,,,,
,,,,,,,,,,,,,,,,,,,,,,,,,,
,,,,,,,,,,,,,,,,,,,,,,,,,,
,,,,,,,,,,,,,,,,,,,,,,,,,,
,,,,,,,,,,,,,,,,,,,,,,,,,,
,,,,,,,,,,,,,,,,,,,,,,,,,,
,,,,,,,,,,,,,,,,,,,,,,,,,,
,,,,,,,,,,,,,,,,,,,,,,,,,,
,,,,,,,,,,,,,,,,,,,,,,,,,,
,,,,,,,,,,,,,,,,,,,,,,,,,,
,,,,,,,,,,,,,,,,,,,,,,,,,,
,,,,,,,,,,,,,,,,,,,,,,,,,,
,,,,,,,,,,,,,,,,,,,,,,,,,,
,,,,,,,,,,,,,,,,,,,,,,,,,,
,,,,,,,,,,,,,,,,,,,,,,,,,,
,,,,,,,,,,,,,,,,,,,,,,,,,,
,,,,,,,,,,,,,,,,,,,,,,,,,,
,,,,,,,,,,,,,,,,,,,,,,,,,,
,,,,,,,,,,,,,,,,,,,,,,,,,,
,,,,,,,,,,,,,,,,,,,,,,,,,,
,,,,,,,,,,,,,,,,,,,,,,,,,,
,,,,,,,,,,,,,,,,,,,,,,,,,,
,,,,,,,,,,,,,,,,,,,,,,,,,,
,,,,,,,,,,,,,,,,,,,,,,,,,,
,,,,,,,,,,,,,,,,,,,,,,,,,,
,,,,,,,,,,,,,,,,,,,,,,,,,,
,,,,,,,,,,,,,,,,,,,,,,,,,,
,,,,,,,,,,,,,,,,,,,,,,,,,,
,,,,,,,,,,,,,,,,,,,,,,,,,,
,,,,,,,,,,,,,,,,,,,,,,,,,,
,,,,,,,,,,,,,,,,,,,,,,,,,,
,,,,,,,,,,,,,,,,,,,,,,,,,,
,,,,,,,,,,,,,,,,,,,,,,,,,,
,,,,,,,,,,,,,,,,,,,,,,,,,,
,,,,,,,,,,,,,,,,,,,,,,,,,,
,,,,,,,,,,,,,,,,,,,,,,,,,,
,,,,,,,,,,,,,,,,,,,,,,,,,,
,,,,,,,,,,,,,,,,,,,,,,,,,,
,,,,,,,,,,,,,,,,,,,,,,,,,,
,,,,,,,,,,,,,,,,,,,,,,,,,,
,,,,,,,,,,,,,,,,,,,,,,,,,,
,,,,,,,,,,,,,,,,,,,,,,,,,,
,,,,,,,,,,,,,,,,,,,,,,,,,,
,,,,,,,,,,,,,,,,,,,,,,,,,,
,,,,,,,,,,,,,,,,,,,,,,,,,,
,,,,,,,,,,,,,,,,,,,,,,,,,,
,,,,,,,,,,,,,,,,,,,,,,,,,,
,,,,,,,,,,,,,,,,,,,,,,,,,,
,,,,,,,,,,,,,,,,,,,,,,,,,,
,,,,,,,,,,,,,,,,,,,,,,,,,,
,,,,,,,,,,,,,,,,,,,,,,,,,,
,,,,,,,,,,,,,,,,,,,,,,,,,,
,,,,,,,,,,,,,,,,,,,,,,,,,,
,,,,,,,,,,,,,,,,,,,,,,,,,,
,,,,,,,,,,,,,,,,,,,,,,,,,,
,,,,,,,,,,,,,,,,,,,,,,,,,,
,,,,,,,,,,,,,,,,,,,,,,,,,,
,,,,,,,,,,,,,,,,,,,,,,,,,,
,,,,,,,,,,,,,,,,,,,,,,,,,,
,,,,,,,,,,,,,,,,,,,,,,,,,,
,,,,,,,,,,,,,,,,,,,,,,,,,,
,,,,,,,,,,,,,,,,,,,,,,,,,,
,,,,,,,,,,,,,,,,,,,,,,,,,,
,,,,,,,,,,,,,,,,,,,,,,,,,,
,,,,,,,,,,,,,,,,,,,,,,,,,,
,,,,,,,,,,,,,,,,,,,,,,,,,,
,,,,,,,,,,,,,,,,,,,,,,,,,,
,,,,,,,,,,,,,,,,,,,,,,,,,,
,,,,,,,,,,,,,,,,,,,,,,,,,,
,,,,,,,,,,,,,,,,,,,,,,,,,,
,,,,,,,,,,,,,,,,,,,,,,,,,,
,,,,,,,,,,,,,,,,,,,,,,,,,,
,,,,,,,,,,,,,,,,,,,,,,,,,,
,,,,,,,,,,,,,,,,,,,,,,,,,,
,,,,,,,,,,,,,,,,,,,,,,,,,,
,,,,,,,,,,,,,,,,,,,,,,,,,,
,,,,,,,,,,,,,,,,,,,,,,,,,,
,,,,,,,,,,,,,,,,,,,,,,,,,,
,,,,,,,,,,,,,,,,,,,,,,,,,,
,,,,,,,,,,,,,,,,,,,,,,,,,,
,,,,,,,,,,,,,,,,,,,,,,,,,,
,,,,,,,,,,,,,,,,,,,,,,,,,,
,,,,,,,,,,,,,,,,,,,,,,,,,,
,,,,,,,,,,,,,,,,,,,,,,,,,,
,,,,,,,,,,,,,,,,,,,,,,,,,,
,,,,,,,,,,,,,,,,,,,,,,,,,,
,,,,,,,,,,,,,,,,,,,,,,,,,,
,,,,,,,,,,,,,,,,,,,,,,,,,,
,,,,,,,,,,,,,,,,,,,,,,,,,,
,,,,,,,,,,,,,,,,,,,,,,,,,,
,,,,,,,,,,,,,,,,,,,,,,,,,,
,,,,,,,,,,,,,,,,,,,,,,,,,,
,,,,,,,,,,,,,,,,,,,,,,,,,,
,,,,,,,,,,,,,,,,,,,,,,,,,,
,,,,,,,,,,,,,,,,,,,,,,,,,,
,,,,,,,,,,,,,,,,,,,,,,,,,,
,,,,,,,,,,,,,,,,,,,,,,,,,,
,,,,,,,,,,,,,,,,,,,,,,,,,,
,,,,,,,,,,,,,,,,,,,,,,,,,,
,,,,,,,,,,,,,,,,,,,,,,,,,,
,,,,,,,,,,,,,,,,,,,,,,,,,,
,,,,,,,,,,,,,,,,,,,,,,,,,,
,,,,,,,,,,,,,,,,,,,,,,,,,,
,,,,,,,,,,,,,,,,,,,,,,,,,,
,,,,,,,,,,,,,,,,,,,,,,,,,,
,,,,,,,,,,,,,,,,,,,,,,,,,,
,,,,,,,,,,,,,,,,,,,,,,,,,,
,,,,,,,,,,,,,,,,,,,,,,,,,,
,,,,,,,,,,,,,,,,,,,,,,,,,,
,,,,,,,,,,,,,,,,,,,,,,,,,,
,,,,,,,,,,,,,,,,,,,,,,,,,,
,,,,,,,,,,,,,,,,,,,,,,,,,,
,,,,,,,,,,,,,,,,,,,,,,,,,,
,,,,,,,,,,,,,,,,,,,,,,,,,,
,,,,,,,,,,,,,,,,,,,,,,,,,,
,,,,,,,,,,,,,,,,,,,,,,,,,,
,,,,,,,,,,,,,,,,,,,,,,,,,,
,,,,,,,,,,,,,,,,,,,,,,,,,,
,,,,,,,,,,,,,,,,,,,,,,,,,,
,,,,,,,,,,,,,,,,,,,,,,,,,,
,,,,,,,,,,,,,,,,,,,,,,,,,,
,,,,,,,,,,,,,,,,,,,,,,,,,,
,,,,,,,,,,,,,,,,,,,,,,,,,,
,,,,,,,,,,,,,,,,,,,,,,,,,,
,,,,,,,,,,,,,,,,,,,,,,,,,,
,,,,,,,,,,,,,,,,,,,,,,,,,,
,,,,,,,,,,,,,,,,,,,,,,,,,,
,,,,,,,,,,,,,,,,,,,,,,,,,,
,,,,,,,,,,,,,,,,,,,,,,,,,,
,,,,,,,,,,,,,,,,,,,,,,,,,,
,,,,,,,,,,,,,,,,,,,,,,,,,,
,,,,,,,,,,,,,,,,,,,,,,,,,,
,,,,,,,,,,,,,,,,,,,,,,,,,,
,,,,,,,,,,,,,,,,,,,,,,,,,,
,,,,,,,,,,,,,,,,,,,,,,,,,,
,,,,,,,,,,,,,,,,,,,,,,,,,,
,,,,,,,,,,,,,,,,,,,,,,,,,,
,,,,,,,,,,,,,,,,,,,,,,,,,,
,,,,,,,,,,,,,,,,,,,,,,,,,,
,,,,,,,,,,,,,,,,,,,,,,,,,,
,,,,,,,,,,,,,,,,,,,,,,,,,,
,,,,,,,,,,,,,,,,,,,,,,,,,,
,,,,,,,,,,,,,,,,,,,,,,,,,,
,,,,,,,,,,,,,,,,,,,,,,,,,,
,,,,,,,,,,,,,,,,,,,,,,,,,,
,,,,,,,,,,,,,,,,,,,,,,,,,,
,,,,,,,,,,,,,,,,,,,,,,,,,,
,,,,,,,,,,,,,,,,,,,,,,,,,,
,,,,,,,,,,,,,,,,,,,,,,,,,,
,,,,,,,,,,,,,,,,,,,,,,,,,,
,,,,,,,,,,,,,,,,,,,,,,,,,,
,,,,,,,,,,,,,,,,,,,,,,,,,,
,,,,,,,,,,,,,,,,,,,,,,,,,,
,,,,,,,,,,,,,,,,,,,,,,,,,,
,,,,,,,,,,,,,,,,,,,,,,,,,,
,,,,,,,,,,,,,,,,,,,,,,,,,,
,,,,,,,,,,,,,,,,,,,,,,,,,,
,,,,,,,,,,,,,,,,,,,,,,,,,,
,,,,,,,,,,,,,,,,,,,,,,,,,,
,,,,,,,,,,,,,,,,,,,,,,,,,,
,,,,,,,,,,,,,,,,,,,,,,,,,,
,,,,,,,,,,,,,,,,,,,,,,,,,,
,,,,,,,,,,,,,,,,,,,,,,,,,,
,,,,,,,,,,,,,,,,,,,,,,,,,,
,,,,,,,,,,,,,,,,,,,,,,,,,,
,,,,,,,,,,,,,,,,,,,,,,,,,,
,,,,,,,,,,,,,,,,,,,,,,,,,,
,,,,,,,,,,,,,,,,,,,,,,,,,,
,,,,,,,,,,,,,,,,,,,,,,,,,,
,,,,,,,,,,,,,,,,,,,,,,,,,,
,,,,,,,,,,,,,,,,,,,,,,,,,,
,,,,,,,,,,,,,,,,,,,,,,,,,,
,,,,,,,,,,,,,,,,,,,,,,,,,,
,,,,,,,,,,,,,,,,,,,,,,,,,,
,,,,,,,,,,,,,,,,,,,,,,,,,,
,,,,,,,,,,,,,,,,,,,,,,,,,,
,,,,,,,,,,,,,,,,,,,,,,,,,,
,,,,,,,,,,,,,,,,,,,,,,,,,,
,,,,,,,,,,,,,,,,,,,,,,,,,,
,,,,,,,,,,,,,,,,,,,,,,,,,,
,,,,,,,,,,,,,,,,,,,,,,,,,,
,,,,,,,,,,,,,,,,,,,,,,,,,,
,,,,,,,,,,,,,,,,,,,,,,,,,,
,,,,,,,,,,,,,,,,,,,,,,,,,,
,,,,,,,,,,,,,,,,,,,,,,,,,,
,,,,,,,,,,,,,,,,,,,,,,,,,,
,,,,,,,,,,,,,,,,,,,,,,,,,,
,,,,,,,,,,,,,,,,,,,,,,,,,,
,,,,,,,,,,,,,,,,,,,,,,,,,,
,,,,,,,,,,,,,,,,,,,,,,,,,,
,,,,,,,,,,,,,,,,,,,,,,,,,,
,,,,,,,,,,,,,,,,,,,,,,,,,,
,,,,,,,,,,,,,,,,,,,,,,,,,,
,,,,,,,,,,,,,,,,,,,,,,,,,,
,,,,,,,,,,,,,,,,,,,,,,,,,,
,,,,,,,,,,,,,,,,,,,,,,,,,,
,,,,,,,,,,,,,,,,,,,,,,,,,,
,,,,,,,,,,,,,,,,,,,,,,,,,,
,,,,,,,,,,,,,,,,,,,,,,,,,,
,,,,,,,,,,,,,,,,,,,,,,,,,,
,,,,,,,,,,,,,,,,,,,,,,,,,,
,,,,,,,,,,,,,,,,,,,,,,,,,,
,,,,,,,,,,,,,,,,,,,,,,,,,,
,,,,,,,,,,,,,,,,,,,,,,,,,,
,,,,,,,,,,,,,,,,,,,,,,,,,,
,,,,,,,,,,,,,,,,,,,,,,,,,,
,,,,,,,,,,,,,,,,,,,,,,,,,,
,,,,,,,,,,,,,,,,,,,,,,,,,,
,,,,,,,,,,,,,,,,,,,,,,,,,,
,,,,,,,,,,,,,,,,,,,,,,,,,,
,,,,,,,,,,,,,,,,,,,,,,,,,,
,,,,,,,,,,,,,,,,,,,,,,,,,,
,,,,,,,,,,,,,,,,,,,,,,,,,,
,,,,,,,,,,,,,,,,,,,,,,,,,,
,,,,,,,,,,,,,,,,,,,,,,,,,,
,,,,,,,,,,,,,,,,,,,,,,,,,,
,,,,,,,,,,,,,,,,,,,,,,,,,,
,,,,,,,,,,,,,,,,,,,,,,,,,,
,,,,,,,,,,,,,,,,,,,,,,,,,,
,,,,,,,,,,,,,,,,,,,,,,,,,,
,,,,,,,,,,,,,,,,,,,,,,,,,,
,,,,,,,,,,,,,,,,,,,,,,,,,,
,,,,,,,,,,,,,,,,,,,,,,,,,,
,,,,,,,,,,,,,,,,,,,,,,,,,,
,,,,,,,,,,,,,,,,,,,,,,,,,,
,,,,,,,,,,,,,,,,,,,,,,,,,,
,,,,,,,,,,,,,,,,,,,,,,,,,,
,,,,,,,,,,,,,,,,,,,,,,,,,,
,,,,,,,,,,,,,,,,,,,,,,,,,,
,,,,,,,,,,,,,,,,,,,,,,,,,,
,,,,,,,,,,,,,,,,,,,,,,,,,,
,,,,,,,,,,,,,,,,,,,,,,,,,,
,,,,,,,,,,,,,,,,,,,,,,,,,,
,,,,,,,,,,,,,,,,,,,,,,,,,,
,,,,,,,,,,,,,,,,,,,,,,,,,,
,,,,,,,,,,,,,,,,,,,,,,,,,,
,,,,,,,,,,,,,,,,,,,,,,,,,,
,,,,,,,,,,,,,,,,,,,,,,,,,,
,,,,,,,,,,,,,,,,,,,,,,,,,,
,,,,,,,,,,,,,,,,,,,,,,,,,,
,,,,,,,,,,,,,,,,,,,,,,,,,,
,,,,,,,,,,,,,,,,,,,,,,,,,,
,,,,,,,,,,,,,,,,,,,,,,,,,,
,,,,,,,,,,,,,,,,,,,,,,,,,,
,,,,,,,,,,,,,,,,,,,,,,,,,,
,,,,,,,,,,,,,,,,,,,,,,,,,,
,,,,,,,,,,,,,,,,,,,,,,,,,,
,,,,,,,,,,,,,,,,,,,,,,,,,,
,,,,,,,,,,,,,,,,,,,,,,,,,,
,,,,,,,,,,,,,,,,,,,,,,,,,,
,,,,,,,,,,,,,,,,,,,,,,,,,,
,,,,,,,,,,,,,,,,,,,,,,,,,,
,,,,,,,,,,,,,,,,,,,,,,,,,,
,,,,,,,,,,,,,,,,,,,,,,,,,,
,,,,,,,,,,,,,,,,,,,,,,,,,,
,,,,,,,,,,,,,,,,,,,,,,,,,,
,,,,,,,,,,,,,,,,,,,,,,,,,,
,,,,,,,,,,,,,,,,,,,,,,,,,,
,,,,,,,,,,,,,,,,,,,,,,,,,,
,,,,,,,,,,,,,,,,,,,,,,,,,,
,,,,,,,,,,,,,,,,,,,,,,,,,,
,,,,,,,,,,,,,,,,,,,,,,,,,,
,,,,,,,,,,,,,,,,,,,,,,,,,,
,,,,,,,,,,,,,,,,,,,,,,,,,,
,,,,,,,,,,,,,,,,,,,,,,,,,,
,,,,,,,,,,,,,,,,,,,,,,,,,,
,,,,,,,,,,,,,,,,,,,,,,,,,,
,,,,,,,,,,,,,,,,,,,,,,,,,,
,,,,,,,,,,,,,,,,,,,,,,,,,,
,,,,,,,,,,,,,,,,,,,,,,,,,,
,,,,,,,,,,,,,,,,,,,,,,,,,,
,,,,,,,,,,,,,,,,,,,,,,,,,,
,,,,,,,,,,,,,,,,,,,,,,,,,,
,,,,,,,,,,,,,,,,,,,,,,,,,,
,,,,,,,,,,,,,,,,,,,,,,,,,,
,,,,,,,,,,,,,,,,,,,,,,,,,,
,,,,,,,,,,,,,,,,,,,,,,,,,,
,,,,,,,,,,,,,,,,,,,,,,,,,,
,,,,,,,,,,,,,,,,,,,,,,,,,,
,,,,,,,,,,,,,,,,,,,,,,,,,,
,,,,,,,,,,,,,,,,,,,,,,,,,,
,,,,,,,,,,,,,,,,,,,,,,,,,,
,,,,,,,,,,,,,,,,,,,,,,,,,,
,,,,,,,,,,,,,,,,,,,,,,,,,,
,,,,,,,,,,,,,,,,,,,,,,,,,,
,,,,,,,,,,,,,,,,,,,,,,,,,,
,,,,,,,,,,,,,,,,,,,,,,,,,,
,,,,,,,,,,,,,,,,,,,,,,,,,,
,,,,,,,,,,,,,,,,,,,,,,,,,,
,,,,,,,,,,,,,,,,,,,,,,,,,,
,,,,,,,,,,,,,,,,,,,,,,,,,,
,,,,,,,,,,,,,,,,,,,,,,,,,,
,,,,,,,,,,,,,,,,,,,,,,,,,,
,,,,,,,,,,,,,,,,,,,,,,,,,,
,,,,,,,,,,,,,,,,,,,,,,,,,,
,,,,,,,,,,,,,,,,,,,,,,,,,,
,,,,,,,,,,,,,,,,,,,,,,,,,,
,,,,,,,,,,,,,,,,,,,,,,,,,,
,,,,,,,,,,,,,,,,,,,,,,,,,,
,,,,,,,,,,,,,,,,,,,,,,,,,,
,,,,,,,,,,,,,,,,,,,,,,,,,,
,,,,,,,,,,,,,,,,,,,,,,,,,,
,,,,,,,,,,,,,,,,,,,,,,,,,,
,,,,,,,,,,,,,,,,,,,,,,,,,,
,,,,,,,,,,,,,,,,,,,,,,,,,,
,,,,,,,,,,,,,,,,,,,,,,,,,,
,,,,,,,,,,,,,,,,,,,,,,,,,,
,,,,,,,,,,,,,,,,,,,,,,,,,,
,,,,,,,,,,,,,,,,,,,,,,,,,,
,,,,,,,,,,,,,,,,,,,,,,,,,,
,,,,,,,,,,,,,,,,,,,,,,,,,,
,,,,,,,,,,,,,,,,,,,,,,,,,,
,,,,,,,,,,,,,,,,,,,,,,,,,,
,,,,,,,,,,,,,,,,,,,,,,,,,,
,,,,,,,,,,,,,,,,,,,,,,,,,,
,,,,,,,,,,,,,,,,,,,,,,,,,,
,,,,,,,,,,,,,,,,,,,,,,,,,,
,,,,,,,,,,,,,,,,,,,,,,,,,,
,,,,,,,,,,,,,,,,,,,,,,,,,,
,,,,,,,,,,,,,,,,,,,,,,,,,,
,,,,,,,,,,,,,,,,,,,,,,,,,,
,,,,,,,,,,,,,,,,,,,,,,,,,,
,,,,,,,,,,,,,,,,,,,,,,,,,,
,,,,,,,,,,,,,,,,,,,,,,,,,,
,,,,,,,,,,,,,,,,,,,,,,,,,,
,,,,,,,,,,,,,,,,,,,,,,,,,,
,,,,,,,,,,,,,,,,,,,,,,,,,,
,,,,,,,,,,,,,,,,,,,,,,,,,,
,,,,,,,,,,,,,,,,,,,,,,,,,,
,,,,,,,,,,,,,,,,,,,,,,,,,,
,,,,,,,,,,,,,,,,,,,,,,,,,,
,,,,,,,,,,,,,,,,,,,,,,,,,,
,,,,,,,,,,,,,,,,,,,,,,,,,,
,,,,,,,,,,,,,,,,,,,,,,,,,,
,,,,,,,,,,,,,,,,,,,,,,,,,,
,,,,,,,,,,,,,,,,,,,,,,,,,,
,,,,,,,,,,,,,,,,,,,,,,,,,,
,,,,,,,,,,,,,,,,,,,,,,,,,,
,,,,,,,,,,,,,,,,,,,,,,,,,,
,,,,,,,,,,,,,,,,,,,,,,,,,,
,,,,,,,,,,,,,,,,,,,,,,,,,,
,,,,,,,,,,,,,,,,,,,,,,,,,,
,,,,,,,,,,,,,,,,,,,,,,,,,,
,,,,,,,,,,,,,,,,,,,,,,,,,,
,,,,,,,,,,,,,,,,,,,,,,,,,,
,,,,,,,,,,,,,,,,,,,,,,,,,,
,,,,,,,,,,,,,,,,,,,,,,,,,,
,,,,,,,,,,,,,,,,,,,,,,,,,,
,,,,,,,,,,,,,,,,,,,,,,,,,,
,,,,,,,,,,,,,,,,,,,,,,,,,,
,,,,,,,,,,,,,,,,,,,,,,,,,,
,,,,,,,,,,,,,,,,,,,,,,,,,,
,,,,,,,,,,,,,,,,,,,,,,,,,,
,,,,,,,,,,,,,,,,,,,,,,,,,,
,,,,,,,,,,,,,,,,,,,,,,,,,,
,,,,,,,,,,,,,,,,,,,,,,,,,,
,,,,,,,,,,,,,,,,,,,,,,,,,,
,,,,,,,,,,,,,,,,,,,,,,,,,,
,,,,,,,,,,,,,,,,,,,,,,,,,,
,,,,,,,,,,,,,,,,,,,,,,,,,,
,,,,,,,,,,,,,,,,,,,,,,,,,,
,,,,,,,,,,,,,,,,,,,,,,,,,,
,,,,,,,,,,,,,,,,,,,,,,,,,,
,,,,,,,,,,,,,,,,,,,,,,,,,,
,,,,,,,,,,,,,,,,,,,,,,,,,,
,,,,,,,,,,,,,,,,,,,,,,,,,,
,,,,,,,,,,,,,,,,,,,,,,,,,,
,,,,,,,,,,,,,,,,,,,,,,,,,,
,,,,,,,,,,,,,,,,,,,,,,,,,,
,,,,,,,,,,,,,,,,,,,,,,,,,,
,,,,,,,,,,,,,,,,,,,,,,,,,,
,,,,,,,,,,,,,,,,,,,,,,,,,,
,,,,,,,,,,,,,,,,,,,,,,,,,,
,,,,,,,,,,,,,,,,,,,,,,,,,,
,,,,,,,,,,,,,,,,,,,,,,,,,,
,,,,,,,,,,,,,,,,,,,,,,,,,,
,,,,,,,,,,,,,,,,,,,,,,,,,,
,,,,,,,,,,,,,,,,,,,,,,,,,,
,,,,,,,,,,,,,,,,,,,,,,,,,,
,,,,,,,,,,,,,,,,,,,,,,,,,,
,,,,,,,,,,,,,,,,,,,,,,,,,,
,,,,,,,,,,,,,,,,,,,,,,,,,,
,,,,,,,,,,,,,,,,,,,,,,,,,,
,,,,,,,,,,,,,,,,,,,,,,,,,,
,,,,,,,,,,,,,,,,,,,,,,,,,,
,,,,,,,,,,,,,,,,,,,,,,,,,,
,,,,,,,,,,,,,,,,,,,,,,,,,,
,,,,,,,,,,,,,,,,,,,,,,,,,,
,,,,,,,,,,,,,,,,,,,,,,,,,,
,,,,,,,,,,,,,,,,,,,,,,,,,,
,,,,,,,,,,,,,,,,,,,,,,,,,,
,,,,,,,,,,,,,,,,,,,,,,,,,,
,,,,,,,,,,,,,,,,,,,,,,,,,,
,,,,,,,,,,,,,,,,,,,,,,,,,,
,,,,,,,,,,,,,,,,,,,,,,,,,,
,,,,,,,,,,,,,,,,,,,,,,,,,,
,,,,,,,,,,,,,,,,,,,,,,,,,,
,,,,,,,,,,,,,,,,,,,,,,,,,,
,,,,,,,,,,,,,,,,,,,,,,,,,,
,,,,,,,,,,,,,,,,,,,,,,,,,,
,,,,,,,,,,,,,,,,,,,,,,,,,,
,,,,,,,,,,,,,,,,,,,,,,,,,,
,,,,,,,,,,,,,,,,,,,,,,,,,,
,,,,,,,,,,,,,,,,,,,,,,,,,,
,,,,,,,,,,,,,,,,,,,,,,,,,,
,,,,,,,,,,,,,,,,,,,,,,,,,,
,,,,,,,,,,,,,,,,,,,,,,,,,,
,,,,,,,,,,,,,,,,,,,,,,,,,,
,,,,,,,,,,,,,,,,,,,,,,,,,,
,,,,,,,,,,,,,,,,,,,,,,,,,,
,,,,,,,,,,,,,,,,,,,,,,,,,,
,,,,,,,,,,,,,,,,,,,,,,,,,,
,,,,,,,,,,,,,,,,,,,,,,,,,,
,,,,,,,,,,,,,,,,,,,,,,,,,,
,,,,,,,,,,,,,,,,,,,,,,,,,,
,,,,,,,,,,,,,,,,,,,,,,,,,,
,,,,,,,,,,,,,,,,,,,,,,,,,,
,,,,,,,,,,,,,,,,,,,,,,,,,,
,,,,,,,,,,,,,,,,,,,,,,,,,,
,,,,,,,,,,,,,,,,,,,,,,,,,,
,,,,,,,,,,,,,,,,,,,,,,,,,,
,,,,,,,,,,,,,,,,,,,,,,,,,,
,,,,,,,,,,,,,,,,,,,,,,,,,,
,,,,,,,,,,,,,,,,,,,,,,,,,,
,,,,,,,,,,,,,,,,,,,,,,,,,,
,,,,,,,,,,,,,,,,,,,,,,,,,,
,,,,,,,,,,,,,,,,,,,,,,,,,,
,,,,,,,,,,,,,,,,,,,,,,,,,,
,,,,,,,,,,,,,,,,,,,,,,,,,,
,,,,,,,,,,,,,,,,,,,,,,,,,,
,,,,,,,,,,,,,,,,,,,,,,,,,,
,,,,,,,,,,,,,,,,,,,,,,,,,,
,,,,,,,,,,,,,,,,,,,,,,,,,,
,,,,,,,,,,,,,,,,,,,,,,,,,,
,,,,,,,,,,,,,,,,,,,,,,,,,,
,,,,,,,,,,,,,,,,,,,,,,,,,,
,,,,,,,,,,,,,,,,,,,,,,,,,,
,,,,,,,,,,,,,,,,,,,,,,,,,,
,,,,,,,,,,,,,,,,,,,,,,,,,,
,,,,,,,,,,,,,,,,,,,,,,,,,,
,,,,,,,,,,,,,,,,,,,,,,,,,,
,,,,,,,,,,,,,,,,,,,,,,,,,,
,,,,,,,,,,,,,,,,,,,,,,,,,,
,,,,,,,,,,,,,,,,,,,,,,,,,,
,,,,,,,,,,,,,,,,,,,,,,,,,,
,,,,,,,,,,,,,,,,,,,,,,,,,,
,,,,,,,,,,,,,,,,,,,,,,,,,,
,,,,,,,,,,,,,,,,,,,,,,,,,,
,,,,,,,,,,,,,,,,,,,,,,,,,,
,,,,,,,,,,,,,,,,,,,,,,,,,,
,,,,,,,,,,,,,,,,,,,,,,,,,,
,,,,,,,,,,,,,,,,,,,,,,,,,,
,,,,,,,,,,,,,,,,,,,,,,,,,,
,,,,,,,,,,,,,,,,,,,,,,,,,,
,,,,,,,,,,,,,,,,,,,,,,,,,,
,,,,,,,,,,,,,,,,,,,,,,,,,,
,,,,,,,,,,,,,,,,,,,,,,,,,,
,,,,,,,,,,,,,,,,,,,,,,,,,,
,,,,,,,,,,,,,,,,,,,,,,,,,,
,,,,,,,,,,,,,,,,,,,,,,,,,,
,,,,,,,,,,,,,,,,,,,,,,,,,,
,,,,,,,,,,,,,,,,,,,,,,,,,,
,,,,,,,,,,,,,,,,,,,,,,,,,,
,,,,,,,,,,,,,,,,,,,,,,,,,,
,,,,,,,,,,,,,,,,,,,,,,,,,,
,,,,,,,,,,,,,,,,,,,,,,,,,,
,,,,,,,,,,,,,,,,,,,,,,,,,,
,,,,,,,,,,,,,,,,,,,,,,,,,,
,,,,,,,,,,,,,,,,,,,,,,,,,,
,,,,,,,,,,,,,,,,,,,,,,,,,,
,,,,,,,,,,,,,,,,,,,,,,,,,,
,,,,,,,,,,,,,,,,,,,,,,,,,,
,,,,,,,,,,,,,,,,,,,,,,,,,,
,,,,,,,,,,,,,,,,,,,,,,,,,,
,,,,,,,,,,,,,,,,,,,,,,,,,,
,,,,,,,,,,,,,,,,,,,,,,,,,,
,,,,,,,,,,,,,,,,,,,,,,,,,,
,,,,,,,,,,,,,,,,,,,,,,,,,,
,,,,,,,,,,,,,,,,,,,,,,,,,,
,,,,,,,,,,,,,,,,,,,,,,,,,,
,,,,,,,,,,,,,,,,,,,,,,,,,,
,,,,,,,,,,,,,,,,,,,,,,,,,,
,,,,,,,,,,,,,,,,,,,,,,,,,,
,,,,,,,,,,,,,,,,,,,,,,,,,,
,,,,,,,,,,,,,,,,,,,,,,,,,,
,,,,,,,,,,,,,,,,,,,,,,,,,,
,,,,,,,,,,,,,,,,,,,,,,,,,,
,,,,,,,,,,,,,,,,,,,,,,,,,,
,,,,,,,,,,,,,,,,,,,,,,,,,,
,,,,,,,,,,,,,,,,,,,,,,,,,,
,,,,,,,,,,,,,,,,,,,,,,,,,,
,,,,,,,,,,,,,,,,,,,,,,,,,,
,,,,,,,,,,,,,,,,,,,,,,,,,,
,,,,,,,,,,,,,,,,,,,,,,,,,,
,,,,,,,,,,,,,,,,,,,,,,,,,,
,,,,,,,,,,,,,,,,,,,,,,,,,,
,,,,,,,,,,,,,,,,,,,,,,,,,,
,,,,,,,,,,,,,,,,,,,,,,,,,,
,,,,,,,,,,,,,,,,,,,,,,,,,,
,,,,,,,,,,,,,,,,,,,,,,,,,,
,,,,,,,,,,,,,,,,,,,,,,,,,,
,,,,,,,,,,,,,,,,,,,,,,,,,,
,,,,,,,,,,,,,,,,,,,,,,,,,,
,,,,,,,,,,,,,,,,,,,,,,,,,,
,,,,,,,,,,,,,,,,,,,,,,,,,,
,,,,,,,,,,,,,,,,,,,,,,,,,,
,,,,,,,,,,,,,,,,,,,,,,,,,,
,,,,,,,,,,,,,,,,,,,,,,,,,,
,,,,,,,,,,,,,,,,,,,,,,,,,,
,,,,,,,,,,,,,,,,,,,,,,,,,,
,,,,,,,,,,,,,,,,,,,,,,,,,,
,,,,,,,,,,,,,,,,,,,,,,,,,,
,,,,,,,,,,,,,,,,,,,,,,,,,,
,,,,,,,,,,,,,,,,,,,,,,,,,,
,,,,,,,,,,,,,,,,,,,,,,,,,,
,,,,,,,,,,,,,,,,,,,,,,,,,,
,,,,,,,,,,,,,,,,,,,,,,,,,,
,,,,,,,,,,,,,,,,,,,,,,,,,,
,,,,,,,,,,,,,,,,,,,,,,,,,,
,,,,,,,,,,,,,,,,,,,,,,,,,,
,,,,,,,,,,,,,,,,,,,,,,,,,,
,,,,,,,,,,,,,,,,,,,,,,,,,,
,,,,,,,,,,,,,,,,,,,,,,,,,,
,,,,,,,,,,,,,,,,,,,,,,,,,,
,,,,,,,,,,,,,,,,,,,,,,,,,,
,,,,,,,,,,,,,,,,,,,,,,,,,,
,,,,,,,,,,,,,,,,,,,,,,,,,,
,,,,,,,,,,,,,,,,,,,,,,,,,,
,,,,,,,,,,,,,,,,,,,,,,,,,,
,,,,,,,,,,,,,,,,,,,,,,,,,,
,,,,,,,,,,,,,,,,,,,,,,,,,,
,,,,,,,,,,,,,,,,,,,,,,,,,,
,,,,,,,,,,,,,,,,,,,,,,,,,,
,,,,,,,,,,,,,,,,,,,,,,,,,,
,,,,,,,,,,,,,,,,,,,,,,,,,,
,,,,,,,,,,,,,,,,,,,,,,,,,,
,,,,,,,,,,,,,,,,,,,,,,,,,,
,,,,,,,,,,,,,,,,,,,,,,,,,,
,,,,,,,,,,,,,,,,,,,,,,,,,,
,,,,,,,,,,,,,,,,,,,,,,,,,,
,,,,,,,,,,,,,,,,,,,,,,,,,,
,,,,,,,,,,,,,,,,,,,,,,,,,,
,,,,,,,,,,,,,,,,,,,,,,,,,,
,,,,,,,,,,,,,,,,,,,,,,,,,,
,,,,,,,,,,,,,,,,,,,,,,,,,,
,,,,,,,,,,,,,,,,,,,,,,,,,,
,,,,,,,,,,,,,,,,,,,,,,,,,,
,,,,,,,,,,,,,,,,,,,,,,,,,,
,,,,,,,,,,,,,,,,,,,,,,,,,,
,,,,,,,,,,,,,,,,,,,,,,,,,,
,,,,,,,,,,,,,,,,,,,,,,,,,,
,,,,,,,,,,,,,,,,,,,,,,,,,,
,,,,,,,,,,,,,,,,,,,,,,,,,,
,,,,,,,,,,,,,,,,,,,,,,,,,,
,,,,,,,,,,,,,,,,,,,,,,,,,,
,,,,,,,,,,,,,,,,,,,,,,,,,,
,,,,,,,,,,,,,,,,,,,,,,,,,,
,,,,,,,,,,,,,,,,,,,,,,,,,,
,,,,,,,,,,,,,,,,,,,,,,,,,,
,,,,,,,,,,,,,,,,,,,,,,,,,,
,,,,,,,,,,,,,,,,,,,,,,,,,,
,,,,,,,,,,,,,,,,,,,,,,,,,,
,,,,,,,,,,,,,,,,,,,,,,,,,,
,,,,,,,,,,,,,,,,,,,,,,,,,,
,,,,,,,,,,,,,,,,,,,,,,,,,,
,,,,,,,,,,,,,,,,,,,,,,,,,,
,,,,,,,,,,,,,,,,,,,,,,,,,,
,,,,,,,,,,,,,,,,,,,,,,,,,,
,,,,,,,,,,,,,,,,,,,,,,,,,,
,,,,,,,,,,,,,,,,,,,,,,,,,,
,,,,,,,,,,,,,,,,,,,,,,,,,,
,,,,,,,,,,,,,,,,,,,,,,,,,,
,,,,,,,,,,,,,,,,,,,,,,,,,,
,,,,,,,,,,,,,,,,,,,,,,,,,,
,,,,,,,,,,,,,,,,,,,,,,,,,,
,,,,,,,,,,,,,,,,,,,,,,,,,,
,,,,,,,,,,,,,,,,,,,,,,,,,,
,,,,,,,,,,,,,,,,,,,,,,,,,,
,,,,,,,,,,,,,,,,,,,,,,,,,,
,,,,,,,,,,,,,,,,,,,,,,,,,,
,,,,,,,,,,,,,,,,,,,,,,,,,,
,,,,,,,,,,,,,,,,,,,,,,,,,,
,,,,,,,,,,,,,,,,,,,,,,,,,,
,,,,,,,,,,,,,,,,,,,,,,,,,,
,,,,,,,,,,,,,,,,,,,,,,,,,,
,,,,,,,,,,,,,,,,,,,,,,,,,,
,,,,,,,,,,,,,,,,,,,,,,,,,,
,,,,,,,,,,,,,,,,,,,,,,,,,,
,,,,,,,,,,,,,,,,,,,,,,,,,,
,,,,,,,,,,,,,,,,,,,,,,,,,,
,,,,,,,,,,,,,,,,,,,,,,,,,,
,,,,,,,,,,,,,,,,,,,,,,,,,,
,,,,,,,,,,,,,,,,,,,,,,,,,,
,,,,,,,,,,,,,,,,,,,,,,,,,,
,,,,,,,,,,,,,,,,,,,,,,,,,,
,,,,,,,,,,,,,,,,,,,,,,,,,,
,,,,,,,,,,,,,,,,,,,,,,,,,,
,,,,,,,,,,,,,,,,,,,,,,,,,,
,,,,,,,,,,,,,,,,,,,,,,,,,,
,,,,,,,,,,,,,,,,,,,,,,,,,,
,,,,,,,,,,,,,,,,,,,,,,,,,,
,,,,,,,,,,,,,,,,,,,,,,,,,,
,,,,,,,,,,,,,,,,,,,,,,,,,,
,,,,,,,,,,,,,,,,,,,,,,,,,,
,,,,,,,,,,,,,,,,,,,,,,,,,,
,,,,,,,,,,,,,,,,,,,,,,,,,,
,,,,,,,,,,,,,,,,,,,,,,,,,,
,,,,,,,,,,,,,,,,,,,,,,,,,,
,,,,,,,,,,,,,,,,,,,,,,,,,,
,,,,,,,,,,,,,,,,,,,,,,,,,,
,,,,,,,,,,,,,,,,,,,,,,,,,,
,,,,,,,,,,,,,,,,,,,,,,,,,,
,,,,,,,,,,,,,,,,,,,,,,,,,,
,,,,,,,,,,,,,,,,,,,,,,,,,,
,,,,,,,,,,,,,,,,,,,,,,,,,,
,,,,,,,,,,,,,,,,,,,,,,,,,,
,,,,,,,,,,,,,,,,,,,,,,,,,,
,,,,,,,,,,,,,,,,,,,,,,,,,,
,,,,,,,,,,,,,,,,,,,,,,,,,,
,,,,,,,,,,,,,,,,,,,,,,,,,,
,,,,,,,,,,,,,,,,,,,,,,,,,,
,,,,,,,,,,,,,,,,,,,,,,,,,,
,,,,,,,,,,,,,,,,,,,,,,,,,,
,,,,,,,,,,,,,,,,,,,,,,,,,,
,,,,,,,,,,,,,,,,,,,,,,,,,,
,,,,,,,,,,,,,,,,,,,,,,,,,,
,,,,,,,,,,,,,,,,,,,,,,,,,,
,,,,,,,,,,,,,,,,,,,,,,,,,,
,,,,,,,,,,,,,,,,,,,,,,,,,,
,,,,,,,,,,,,,,,,,,,,,,,,,,
,,,,,,,,,,,,,,,,,,,,,,,,,,
,,,,,,,,,,,,,,,,,,,,,,,,,,
,,,,,,,,,,,,,,,,,,,,,,,,,,
,,,,,,,,,,,,,,,,,,,,,,,,,,
,,,,,,,,,,,,,,,,,,,,,,,,,,
,,,,,,,,,,,,,,,,,,,,,,,,,,
,,,,,,,,,,,,,,,,,,,,,,,,,,
,,,,,,,,,,,,,,,,,,,,,,,,,,
,,,,,,,,,,,,,,,,,,,,,,,,,,
,,,,,,,,,,,,,,,,,,,,,,,,,,
,,,,,,,,,,,,,,,,,,,,,,,,,,
,,,,,,,,,,,,,,,,,,,,,,,,,,
,,,,,,,,,,,,,,,,,,,,,,,,,,
,,,,,,,,,,,,,,,,,,,,,,,,,,
,,,,,,,,,,,,,,,,,,,,,,,,,,
,,,,,,,,,,,,,,,,,,,,,,,,,,
,,,,,,,,,,,,,,,,,,,,,,,,,,
,,,,,,,,,,,,,,,,,,,,,,,,,,
,,,,,,,,,,,,,,,,,,,,,,,,,,
,,,,,,,,,,,,,,,,,,,,,,,,,,
,,,,,,,,,,,,,,,,,,,,,,,,,,
,,,,,,,,,,,,,,,,,,,,,,,,,,
,,,,,,,,,,,,,,,,,,,,,,,,,,
,,,,,,,,,,,,,,,,,,,,,,,,,,
,,,,,,,,,,,,,,,,,,,,,,,,,,
,,,,,,,,,,,,,,,,,,,,,,,,,,
,,,,,,,,,,,,,,,,,,,,,,,,,,
,,,,,,,,,,,,,,,,,,,,,,,,,,
,,,,,,,,,,,,,,,,,,,,,,,,,,
,,,,,,,,,,,,,,,,,,,,,,,,,,
,,,,,,,,,,,,,,,,,,,,,,,,,,
,,,,,,,,,,,,,,,,,,,,,,,,,,
,,,,,,,,,,,,,,,,,,,,,,,,,,
,,,,,,,,,,,,,,,,,,,,,,,,,,
,,,,,,,,,,,,,,,,,,,,,,,,,,
,,,,,,,,,,,,,,,,,,,,,,,,,,
,,,,,,,,,,,,,,,,,,,,,,,,,,
,,,,,,,,,,,,,,,,,,,,,,,,,,
,,,,,,,,,,,,,,,,,,,,,,,,,,
,,,,,,,,,,,,,,,,,,,,,,,,,,
,,,,,,,,,,,,,,,,,,,,,,,,,,
,,,,,,,,,,,,,,,,,,,,,,,,,,
,,,,,,,,,,,,,,,,,,,,,,,,,,
,,,,,,,,,,,,,,,,,,,,,,,,,,
,,,,,,,,,,,,,,,,,,,,,,,,,,
,,,,,,,,,,,,,,,,,,,,,,,,,,
,,,,,,,,,,,,,,,,,,,,,,,,,,
,,,,,,,,,,,,,,,,,,,,,,,,,,
,,,,,,,,,,,,,,,,,,,,,,,,,,
,,,,,,,,,,,,,,,,,,,,,,,,,,
,,,,,,,,,,,,,,,,,,,,,,,,,,
,,,,,,,,,,,,,,,,,,,,,,,,,,
,,,,,,,,,,,,,,,,,,,,,,,,,,
,,,,,,,,,,,,,,,,,,,,,,,,,,
,,,,,,,,,,,,,,,,,,,,,,,,,,
,,,,,,,,,,,,,,,,,,,,,,,,,,
,,,,,,,,,,,,,,,,,,,,,,,,,,
,,,,,,,,,,,,,,,,,,,,,,,,,,
,,,,,,,,,,,,,,,,,,,,,,,,,,
,,,,,,,,,,,,,,,,,,,,,,,,,,
,,,,,,,,,,,,,,,,,,,,,,,,,,
,,,,,,,,,,,,,,,,,,,,,,,,,,
,,,,,,,,,,,,,,,,,,,,,,,,,,
,,,,,,,,,,,,,,,,,,,,,,,,,,
,,,,,,,,,,,,,,,,,,,,,,,,,,
,,,,,,,,,,,,,,,,,,,,,,,,,,
,,,,,,,,,,,,,,,,,,,,,,,,,,
,,,,,,,,,,,,,,,,,,,,,,,,,,
,,,,,,,,,,,,,,,,,,,,,,,,,,
,,,,,,,,,,,,,,,,,,,,,,,,,,
,,,,,,,,,,,,,,,,,,,,,,,,,,
,,,,,,,,,,,,,,,,,,,,,,,,,,
,,,,,,,,,,,,,,,,,,,,,,,,,,
,,,,,,,,,,,,,,,,,,,,,,,,,,
,,,,,,,,,,,,,,,,,,,,,,,,,,
,,,,,,,,,,,,,,,,,,,,,,,,,,
,,,,,,,,,,,,,,,,,,,,,,,,,,
,,,,,,,,,,,,,,,,,,,,,,,,,,
,,,,,,,,,,,,,,,,,,,,,,,,,,
,,,,,,,,,,,,,,,,,,,,,,,,,,
,,,,,,,,,,,,,,,,,,,,,,,,,,
,,,,,,,,,,,,,,,,,,,,,,,,,,
,,,,,,,,,,,,,,,,,,,,,,,,,,
,,,,,,,,,,,,,,,,,,,,,,,,,,
,,,,,,,,,,,,,,,,,,,,,,,,,,
,,,,,,,,,,,,,,,,,,,,,,,,,,
,,,,,,,,,,,,,,,,,,,,,,,,,,
,,,,,,,,,,,,,,,,,,,,,,,,,,
,,,,,,,,,,,,,,,,,,,,,,,,,,
,,,,,,,,,,,,,,,,,,,,,,,,,,
,,,,,,,,,,,,,,,,,,,,,,,,,,
,,,,,,,,,,,,,,,,,,,,,,,,,,
,,,,,,,,,,,,,,,,,,,,,,,,,,
,,,,,,,,,,,,,,,,,,,,,,,,,,
,,,,,,,,,,,,,,,,,,,,,,,,,,
,,,,,,,,,,,,,,,,,,,,,,,,,,
,,,,,,,,,,,,,,,,,,,,,,,,,,
,,,,,,,,,,,,,,,,,,,,,,,,,,
,,,,,,,,,,,,,,,,,,,,,,,,,,
,,,,,,,,,,,,,,,,,,,,,,,,,,
,,,,,,,,,,,,,,,,,,,,,,,,,,
,,,,,,,,,,,,,,,,,,,,,,,,,,
,,,,,,,,,,,,,,,,,,,,,,,,,,
,,,,,,,,,,,,,,,,,,,,,,,,,,
,,,,,,,,,,,,,,,,,,,,,,,,,,
,,,,,,,,,,,,,,,,,,,,,,,,,,
,,,,,,,,,,,,,,,,,,,,,,,,,,
,,,,,,,,,,,,,,,,,,,,,,,,,,
,,,,,,,,,,,,,,,,,,,,,,,,,,
,,,,,,,,,,,,,,,,,,,,,,,,,,
,,,,,,,,,,,,,,,,,,,,,,,,,,
,,,,,,,,,,,,,,,,,,,,,,,,,,
,,,,,,,,,,,,,,,,,,,,,,,,,,
,,,,,,,,,,,,,,,,,,,,,,,,,,
,,,,,,,,,,,,,,,,,,,,,,,,,,
,,,,,,,,,,,,,,,,,,,,,,,,,,
,,,,,,,,,,,,,,,,,,,,,,,,,,
,,,,,,,,,,,,,,,,,,,,,,,,,,
,,,,,,,,,,,,,,,,,,,,,,,,,,
,,,,,,,,,,,,,,,,,,,,,,,,,,
,,,,,,,,,,,,,,,,,,,,,,,,,,
,,,,,,,,,,,,,,,,,,,,,,,,,,
,,,,,,,,,,,,,,,,,,,,,,,,,,
,,,,,,,,,,,,,,,,,,,,,,,,,,
,,,,,,,,,,,,,,,,,,,,,,,,,,
,,,,,,,,,,,,,,,,,,,,,,,,,,
,,,,,,,,,,,,,,,,,,,,,,,,,,
,,,,,,,,,,,,,,,,,,,,,,,,,,
,,,,,,,,,,,,,,,,,,,,,,,,,,
,,,,,,,,,,,,,,,,,,,,,,,,,,
,,,,,,,,,,,,,,,,,,,,,,,,,,
,,,,,,,,,,,,,,,,,,,,,,,,,,
,,,,,,,,,,,,,,,,,,,,,,,,,,
,,,,,,,,,,,,,,,,,,,,,,,,,,
,,,,,,,,,,,,,,,,,,,,,,,,,,
,,,,,,,,,,,,,,,,,,,,,,,,,,
,,,,,,,,,,,,,,,,,,,,,,,,,,
,,,,,,,,,,,,,,,,,,,,,,,,,,
,,,,,,,,,,,,,,,,,,,,,,,,,,
,,,,,,,,,,,,,,,,,,,,,,,,,,
,,,,,,,,,,,,,,,,,,,,,,,,,,
,,,,,,,,,,,,,,,,,,,,,,,,,,
,,,,,,,,,,,,,,,,,,,,,,,,,,
,,,,,,,,,,,,,,,,,,,,,,,,,,
,,,,,,,,,,,,,,,,,,,,,,,,,,
,,,,,,,,,,,,,,,,,,,,,,,,,,
,,,,,,,,,,,,,,,,,,,,,,,,,,
,,,,,,,,,,,,,,,,,,,,,,,,,,
,,,,,,,,,,,,,,,,,,,,,,,,,,
,,,,,,,,,,,,,,,,,,,,,,,,,,
,,,,,,,,,,,,,,,,,,,,,,,,,,
,,,,,,,,,,,,,,,,,,,,,,,,,,
,,,,,,,,,,,,,,,,,,,,,,,,,,
,,,,,,,,,,,,,,,,,,,,,,,,,,
,,,,,,,,,,,,,,,,,,,,,,,,,,
,,,,,,,,,,,,,,,,,,,,,,,,,,
,,,,,,,,,,,,,,,,,,,,,,,,,,
,,,,,,,,,,,,,,,,,,,,,,,,,,
,,,,,,,,,,,,,,,,,,,,,,,,,,
,,,,,,,,,,,,,,,,,,,,,,,,,,
,,,,,,,,,,,,,,,,,,,,,,,,,,
,,,,,,,,,,,,,,,,,,,,,,,,,,
,,,,,,,,,,,,,,,,,,,,,,,,,,
,,,,,,,,,,,,,,,,,,,,,,,,,,
,,,,,,,,,,,,,,,,,,,,,,,,,,
,,,,,,,,,,,,,,,,,,,,,,,,,,
,,,,,,,,,,,,,,,,,,,,,,,,,,
,,,,,,,,,,,,,,,,,,,,,,,,,,
,,,,,,,,,,,,,,,,,,,,,,,,,,
,,,,,,,,,,,,,,,,,,,,,,,,,,
,,,,,,,,,,,,,,,,,,,,,,,,,,
,,,,,,,,,,,,,,,,,,,,,,,,,,
,,,,,,,,,,,,,,,,,,,,,,,,,,
,,,,,,,,,,,,,,,,,,,,,,,,,,
,,,,,,,,,,,,,,,,,,,,,,,,,,
,,,,,,,,,,,,,,,,,,,,,,,,,,
,,,,,,,,,,,,,,,,,,,,,,,,,,
,,,,,,,,,,,,,,,,,,,,,,,,,,
,,,,,,,,,,,,,,,,,,,,,,,,,,
,,,,,,,,,,,,,,,,,,,,,,,,,,
,,,,,,,,,,,,,,,,,,,,,,,,,,
,,,,,,,,,,,,,,,,,,,,,,,,,,
,,,,,,,,,,,,,,,,,,,,,,,,,,
,,,,,,,,,,,,,,,,,,,,,,,,,,
,,,,,,,,,,,,,,,,,,,,,,,,,,
,,,,,,,,,,,,,,,,,,,,,,,,,,
,,,,,,,,,,,,,,,,,,,,,,,,,,
,,,,,,,,,,,,,,,,,,,,,,,,,,
,,,,,,,,,,,,,,,,,,,,,,,,,,
,,,,,,,,,,,,,,,,,,,,,,,,,,
,,,,,,,,,,,,,,,,,,,,,,,,,,
,,,,,,,,,,,,,,,,,,,,,,,,,,
,,,,,,,,,,,,,,,,,,,,,,,,,,
,,,,,,,,,,,,,,,,,,,,,,,,,,
,,,,,,,,,,,,,,,,,,,,,,,,,,
,,,,,,,,,,,,,,,,,,,,,,,,,,
,,,,,,,,,,,,,,,,,,,,,,,,,,
,,,,,,,,,,,,,,,,,,,,,,,,,,
,,,,,,,,,,,,,,,,,,,,,,,,,,
,,,,,,,,,,,,,,,,,,,,,,,,,,
,,,,,,,,,,,,,,,,,,,,,,,,,,
,,,,,,,,,,,,,,,,,,,,,,,,,,
,,,,,,,,,,,,,,,,,,,,,,,,,,
,,,,,,,,,,,,,,,,,,,,,,,,,,
,,,,,,,,,,,,,,,,,,,,,,,,,,
,,,,,,,,,,,,,,,,,,,,,,,,,,
,,,,,,,,,,,,,,,,,,,,,,,,,,
,,,,,,,,,,,,,,,,,,,,,,,,,,
,,,,,,,,,,,,,,,,,,,,,,,,,,
,,,,,,,,,,,,,,,,,,,,,,,,,,
,,,,,,,,,,,,,,,,,,,,,,,,,,
,,,,,,,,,,,,,,,,,,,,,,,,,,
,,,,,,,,,,,,,,,,,,,,,,,,,,
,,,,,,,,,,,,,,,,,,,,,,,,,,
,,,,,,,,,,,,,,,,,,,,,,,,,,
,,,,,,,,,,,,,,,,,,,,,,,,,,
,,,,,,,,,,,,,,,,,,,,,,,,,,
,,,,,,,,,,,,,,,,,,,,,,,,,,
,,,,,,,,,,,,,,,,,,,,,,,,,,
,,,,,,,,,,,,,,,,,,,,,,,,,,
,,,,,,,,,,,,,,,,,,,,,,,,,,
,,,,,,,,,,,,,,,,,,,,,,,,,,
,,,,,,,,,,,,,,,,,,,,,,,,,,
,,,,,,,,,,,,,,,,,,,,,,,,,,
,,,,,,,,,,,,,,,,,,,,,,,,,,
,,,,,,,,,,,,,,,,,,,,,,,,,,
,,,,,,,,,,,,,,,,,,,,,,,,,,
,,,,,,,,,,,,,,,,,,,,,,,,,,
,,,,,,,,,,,,,,,,,,,,,,,,,,
,,,,,,,,,,,,,,,,,,,,,,,,,,
,,,,,,,,,,,,,,,,,,,,,,,,,,
,,,,,,,,,,,,,,,,,,,,,,,,,,
,,,,,,,,,,,,,,,,,,,,,,,,,,
,,,,,,,,,,,,,,,,,,,,,,,,,,
,,,,,,,,,,,,,,,,,,,,,,,,,,
,,,,,,,,,,,,,,,,,,,,,,,,,,
,,,,,,,,,,,,,,,,,,,,,,,,,,
,,,,,,,,,,,,,,,,,,,,,,,,,,
,,,,,,,,,,,,,,,,,,,,,,,,,,
,,,,,,,,,,,,,,,,,,,,,,,,,,
,,,,,,,,,,,,,,,,,,,,,,,,,,
,,,,,,,,,,,,,,,,,,,,,,,,,,
,,,,,,,,,,,,,,,,,,,,,,,,,,
,,,,,,,,,,,,,,,,,,,,,,,,,,
,,,,,,,,,,,,,,,,,,,,,,,,,,
,,,,,,,,,,,,,,,,,,,,,,,,,,
,,,,,,,,,,,,,,,,,,,,,,,,,,
,,,,,,,,,,,,,,,,,,,,,,,,,,
,,,,,,,,,,,,,,,,,,,,,,,,,,
,,,,,,,,,,,,,,,,,,,,,,,,,,
,,,,,,,,,,,,,,,,,,,,,,,,,,
,,,,,,,,,,,,,,,,,,,,,,,,,,
,,,,,,,,,,,,,,,,,,,,,,,,,,
,,,,,,,,,,,,,,,,,,,,,,,,,,
,,,,,,,,,,,,,,,,,,,,,,,,,,
,,,,,,,,,,,,,,,,,,,,,,,,,,
,,,,,,,,,,,,,,,,,,,,,,,,,,
,,,,,,,,,,,,,,,,,,,,,,,,,,
,,,,,,,,,,,,,,,,,,,,,,,,,,
,,,,,,,,,,,,,,,,,,,,,,,,,,
,,,,,,,,,,,,,,,,,,,,,,,,,,
,,,,,,,,,,,,,,,,,,,,,,,,,,
,,,,,,,,,,,,,,,,,,,,,,,,,,
,,,,,,,,,,,,,,,,,,,,,,,,,,
,,,,,,,,,,,,,,,,,,,,,,,,,,
,,,,,,,,,,,,,,,,,,,,,,,,,,
,,,,,,,,,,,,,,,,,,,,,,,,,,
,,,,,,,,,,,,,,,,,,,,,,,,,,
,,,,,,,,,,,,,,,,,,,,,,,,,,
,,,,,,,,,,,,,,,,,,,,,,,,,,
,,,,,,,,,,,,,,,,,,,,,,,,,,
,,,,,,,,,,,,,,,,,,,,,,,,,,
,,,,,,,,,,,,,,,,,,,,,,,,,,
,,,,,,,,,,,,,,,,,,,,,,,,,,
,,,,,,,,,,,,,,,,,,,,,,,,,,
,,,,,,,,,,,,,,,,,,,,,,,,,,
,,,,,,,,,,,,,,,,,,,,,,,,,,
,,,,,,,,,,,,,,,,,,,,,,,,,,
,,,,,,,,,,,,,,,,,,,,,,,,,,
,,,,,,,,,,,,,,,,,,,,,,,,,,
,,,,,,,,,,,,,,,,,,,,,,,,,,
,,,,,,,,,,,,,,,,,,,,,,,,,,
,,,,,,,,,,,,,,,,,,,,,,,,,,
,,,,,,,,,,,,,,,,,,,,,,,,,,
,,,,,,,,,,,,,,,,,,,,,,,,,,
,,,,,,,,,,,,,,,,,,,,,,,,,,
,,,,,,,,,,,,,,,,,,,,,,,,,,
,,,,,,,,,,,,,,,,,,,,,,,,,,
,,,,,,,,,,,,,,,,,,,,,,,,,,
,,,,,,,,,,,,,,,,,,,,,,,,,,
,,,,,,,,,,,,,,,,,,,,,,,,,,
,,,,,,,,,,,,,,,,,,,,,,,,,,
,,,,,,,,,,,,,,,,,,,,,,,,,,
,,,,,,,,,,,,,,,,,,,,,,,,,,
,,,,,,,,,,,,,,,,,,,,,,,,,,
,,,,,,,,,,,,,,,,,,,,,,,,,,
,,,,,,,,,,,,,,,,,,,,,,,,,,
,,,,,,,,,,,,,,,,,,,,,,,,,,
,,,,,,,,,,,,,,,,,,,,,,,,,,
,,,,,,,,,,,,,,,,,,,,,,,,,,
,,,,,,,,,,,,,,,,,,,,,,,,,,
,,,,,,,,,,,,,,,,,,,,,,,,,,
,,,,,,,,,,,,,,,,,,,,,,,,,,
,,,,,,,,,,,,,,,,,,,,,,,,,,
,,,,,,,,,,,,,,,,,,,,,,,,,,
,,,,,,,,,,,,,,,,,,,,,,,,,,
,,,,,,,,,,,,,,,,,,,,,,,,,,
,,,,,,,,,,,,,,,,,,,,,,,,,,
,,,,,,,,,,,,,,,,,,,,,,,,,,
,,,,,,,,,,,,,,,,,,,,,,,,,,
,,,,,,,,,,,,,,,,,,,,,,,,,,
,,,,,,,,,,,,,,,,,,,,,,,,,,
,,,,,,,,,,,,,,,,,,,,,,,,,,
,,,,,,,,,,,,,,,,,,,,,,,,,,
,,,,,,,,,,,,,,,,,,,,,,,,,,
,,,,,,,,,,,,,,,,,,,,,,,,,,
,,,,,,,,,,,,,,,,,,,,,,,,,,
,,,,,,,,,,,,,,,,,,,,,,,,,,
,,,,,,,,,,,,,,,,,,,,,,,,,,
,,,,,,,,,,,,,,,,,,,,,,,,,,
,,,,,,,,,,,,,,,,,,,,,,,,,,
,,,,,,,,,,,,,,,,,,,,,,,,,,
,,,,,,,,,,,,,,,,,,,,,,,,,,
,,,,,,,,,,,,,,,,,,,,,,,,,,
,,,,,,,,,,,,,,,,,,,,,,,,,,
,,,,,,,,,,,,,,,,,,,,,,,,,,
,,,,,,,,,,,,,,,,,,,,,,,,,,
,,,,,,,,,,,,,,,,,,,,,,,,,,
,,,,,,,,,,,,,,,,,,,,,,,,,,
,,,,,,,,,,,,,,,,,,,,,,,,,,
,,,,,,,,,,,,,,,,,,,,,,,,,,
,,,,,,,,,,,,,,,,,,,,,,,,,,
,,,,,,,,,,,,,,,,,,,,,,,,,,
,,,,,,,,,,,,,,,,,,,,,,,,,,
,,,,,,,,,,,,,,,,,,,,,,,,,,
,,,,,,,,,,,,,,,,,,,,,,,,,,
,,,,,,,,,,,,,,,,,,,,,,,,,,
,,,,,,,,,,,,,,,,,,,,,,,,,,
,,,,,,,,,,,,,,,,,,,,,,,,,,
,,,,,,,,,,,,,,,,,,,,,,,,,,
,,,,,,,,,,,,,,,,,,,,,,,,,,
,,,,,,,,,,,,,,,,,,,,,,,,,,
,,,,,,,,,,,,,,,,,,,,,,,,,,
,,,,,,,,,,,,,,,,,,,,,,,,,,
,,,,,,,,,,,,,,,,,,,,,,,,,,
,,,,,,,,,,,,,,,,,,,,,,,,,,
,,,,,,,,,,,,,,,,,,,,,,,,,,
,,,,,,,,,,,,,,,,,,,,,,,,,,
,,,,,,,,,,,,,,,,,,,,,,,,,,
,,,,,,,,,,,,,,,,,,,,,,,,,,
,,,,,,,,,,,,,,,,,,,,,,,,,,
,,,,,,,,,,,,,,,,,,,,,,,,,,
,,,,,,,,,,,,,,,,,,,,,,,,,,
,,,,,,,,,,,,,,,,,,,,,,,,,,
,,,,,,,,,,,,,,,,,,,,,,,,,,
,,,,,,,,,,,,,,,,,,,,,,,,,,
,,,,,,,,,,,,,,,,,,,,,,,,,,
,,,,,,,,,,,,,,,,,,,,,,,,,,
,,,,,,,,,,,,,,,,,,,,,,,,,,
,,,,,,,,,,,,,,,,,,,,,,,,,,
,,,,,,,,,,,,,,,,,,,,,,,,,,
,,,,,,,,,,,,,,,,,,,,,,,,,,
,,,,,,,,,,,,,,,,,,,,,,,,,,
,,,,,,,,,,,,,,,,,,,,,,,,,,
,,,,,,,,,,,,,,,,,,,,,,,,,,
,,,,,,,,,,,,,,,,,,,,,,,,,,
,,,,,,,,,,,,,,,,,,,,,,,,,,
,,,,,,,,,,,,,,,,,,,,,,,,,,
,,,,,,,,,,,,,,,,,,,,,,,,,,
,,,,,,,,,,,,,,,,,,,,,,,,,,
,,,,,,,,,,,,,,,,,,,,,,,,,,
,,,,,,,,,,,,,,,,,,,,,,,,,,
,,,,,,,,,,,,,,,,,,,,,,,,,,
,,,,,,,,,,,,,,,,,,,,,,,,,,
,,,,,,,,,,,,,,,,,,,,,,,,,,
,,,,,,,,,,,,,,,,,,,,,,,,,,
,,,,,,,,,,,,,,,,,,,,,,,,,,
,,,,,,,,,,,,,,,,,,,,,,,,,,
,,,,,,,,,,,,,,,,,,,,,,,,,,
,,,,,,,,,,,,,,,,,,,,,,,,,,
,,,,,,,,,,,,,,,,,,,,,,,,,,
,,,,,,,,,,,,,,,,,,,,,,,,,,
,,,,,,,,,,,,,,,,,,,,,,,,,,
,,,,,,,,,,,,,,,,,,,,,,,,,,
,,,,,,,,,,,,,,,,,,,,,,,,,,
,,,,,,,,,,,,,,,,,,,,,,,,,,
,,,,,,,,,,,,,,,,,,,,,,,,,,
,,,,,,,,,,,,,,,,,,,,,,,,,,
,,,,,,,,,,,,,,,,,,,,,,,,,,
,,,,,,,,,,,,,,,,,,,,,,,,,,
,,,,,,,,,,,,,,,,,,,,,,,,,,
,,,,,,,,,,,,,,,,,,,,,,,,,,
,,,,,,,,,,,,,,,,,,,,,,,,,,
,,,,,,,,,,,,,,,,,,,,,,,,,,
,,,,,,,,,,,,,,,,,,,,,,,,,,
,,,,,,,,,,,,,,,,,,,,,,,,,,
,,,,,,,,,,,,,,,,,,,,,,,,,,
,,,,,,,,,,,,,,,,,,,,,,,,,,
,,,,,,,,,,,,,,,,,,,,,,,,,,
,,,,,,,,,,,,,,,,,,,,,,,,,,
,,,,,,,,,,,,,,,,,,,,,,,,,,
,,,,,,,,,,,,,,,,,,,,,,,,,,
,,,,,,,,,,,,,,,,,,,,,,,,,,
,,,,,,,,,,,,,,,,,,,,,,,,,,
,,,,,,,,,,,,,,,,,,,,,,,,,,
,,,,,,,,,,,,,,,,,,,,,,,,,,
,,,,,,,,,,,,,,,,,,,,,,,,,,
,,,,,,,,,,,,,,,,,,,,,,,,,,
,,,,,,,,,,,,,,,,,,,,,,,,,,
DS 2021-2022,,November,II,Cagayan,Tuguegarao City,Carig Sur,17.6622,121.7483,Eggplant,,5,Fortuner,Fruiting Stage,Fruit borer/ Top Borer/ Aphids,,5,6,9,,5,0,Validated and recommended farmers to spray organic insecticide and Advised Farmers to follow application of BCA's,,"November 19, 2021",2,2021
DS 2021-2022,,November,II,Cagayan,Tuguegarao City,Carig Sur,17.6622,121.7483,Pole Sitao,,,Fortuner,Fruiting Stage,Fruit borer/ Top Borer/ Aphids,,,5,9,,,,,,,,2021
DS 2021-2022,,November,ii,Cagayan,Solana,Cadaanan,17.6122,121.6364,Eggplant,,5,Morena,Fruiting Stage,Fruit borer/ Top Borer,,5,6,9,,5,0,Validated and recommended farmers to spray organic insecticide and Advised Farmers to follow application of BCA's,,"November 19, 2021",3,2021
DS 2021-2022,,February,II,Quirino,Aglipay,Malumin,16.471325,121.602761,Water Melon,,6.5,Sweet 166,Flowering,Blight,,6.5,15,9,,6.5,0,Validated and recommended farmers to spray fungicide.,,"February 4, 2021",9,2021
DS 2021-2022,,February,II,Nueva Vizcaya,Bambang,San Leonardo,16.39329,121.07754,Onion,,1,"Red Pinoy, Red Dragon",50 days,"Cutworm, Armyworm",,1,60,9,,1,0,Validated and recommended farmers to spray Insectice.,,"February 4, 2021",1,2021
DS 2021-2022,,February,II,Nueva Vizcaya,Dupax del sur,Gabut,16.322343,121.322343,Onion,,8.55,"Red Pinoy, Red Dragon",61 days,"Cutworm, Armyworm",,8.55,10,9,,8.55,0,DA provided Insecticide for management,,"February 4, 2021",14,2021
DS 2021-2022,,February,II,Nueva Vizcaya,Bambang,San Leonardo,16.39329,121.07754,Onion,,5,"Red Pinoy, Red Dragon",50 days,"Cutworm, Armyworm",,5,30,9,,5,0,Validated and recommended farmers to spray Insectice.,,"February 12, 2021",20,2021
DS 2021-2022,,February,II,Nueva Vizcaya,Bambang,Manamtam,16.401494,121.082322,Onion,,15,"Red Pinoy, Red Dragon",55 days,"Cutworm, Armyworm",,5,10,9,,5,0,Validated and BPI provided chemicals.,,"Ferbruary 18, 2022",13,2021
DS 2021-2022,,February,II,Nueva Vizcaya,Aritao,Nagcuartelan,16.272866,121.021173,Onion,,60,"Red Pinoy, Red Dragon",52 days,Twister,,0.5,20,9,,0.5,0,Validated aand recommended farmer to spray fungicide,,"Ferbruary 18, 2022",1,2021
DS 2021-2022,,February,II,Cagayan,Gonzaga,Magrafil,18.287287,122.07193,Water Melon,,2.25,Golden Boy,Vegetative,Melon Worm,,2.25,10,9,,2.5,0,Validated aand recommended farmer to spray Insecticide,,"February 26, 2022",1,2021
DS 2021-2022,,February,II,Nueva Vizcaya,Bambang,Sto Domingo,16.405333,121.099092,Onion,,15,"Red Allium, Red Pinoy, Red Dragon",Reproductive,"Cutworm, Armyworm",,6,30,9,,6,0,DA-NVES and DA-RCPC 02 provided chemicals for initial management,,"February 26, 2022",1,2021
DS 2021-2022,,February,II,Cagayan,Tuguegarao City,Linao Norte,17.655614,121.72653,Eggplant,,2,Bnate king F1,Flowering,Shoot Borer,,0.75,20,9,,0.75,0,Validated and recommended farmer to spray Insecticide,,"March 4, 2022",1,2021
WS 2023,,May,II,Isabela,Cauayan  City,Faustino,16.916766,121.626639,Eggplant,,0.4,"Fortuner F1, Calixto F1",Fruiting Stage,Fruit borer,,0.02,5,9,,0.4,0,Farmers Sprayed insecticide to control fruit borer.,,"May 19, 2023",1,2021
WS 2023,,May,II,Cagayan,Sta. Ana,Sitio Racat Rapuli,18.407023,122.13657,Pineapple,,13,Hawaian,Fruiting Stage,White Grub,,9.3,15,9,,_,_,The DA-RCPC advise the farmers to apply insecticide/Farmers already apply management before the validation/Late Reported,,"May 10, 2023",9,
WS 2023,,May,II,Cagayan,Sta. Ana,Sitio Racat Rapuli,18.411359,122.15111,Pineapple,,13,Hawaian,Fruiting Stage,Mealy bug,,2.5,10,9,,_,_,The DA-RCPC advise the farmers to apply insecticide/Farmers already apply management before the validation/Late Reported,,"May 10, 2023",3,
WS 2023,,June,II,Isabela,Burgos,Dalig Viejo,17.0314,121.717,Calamansi,,9,Calamondin,Fruiting Stage,Gummosis,,9,5,9,,,9,Advised farmers to conduct pruning to control the gummosis disease.,,"June 7, 2023",13,
WS 2023,,June,II,Isabela,Burgos,Bacnor East,17.0286,121.7127,Calamansi,,7,Calamondin,Fruiting Stage,Gummosis,,7,5,9,,,7,Advised farmers to conduct pruning to control the gummosis disease.,,"June 7, 2023",14,
WS 2023,,June,II,Isabela,Burgos,Catabban,17.0337,121.7432,Calamansi,,5,Calamondin,Fruiting Stage,Gummosis,,5,5,9,,,5,Advised farmers to conduct pruning to control the gummosis disease.,,"June 07, 2023",7,
WS 2023,,June,II,Isabela,Aurora,Calabaza,16.9781,121.6273,Calamansi,,15,Calamondin,Fruiting Stage,Gummosis,,15,5,9,,,15,Advised farmers to conduct pruning to control the gummosis disease.,,"June 7, 2023",21,
WS 2023,,June,II,Isabela,Aurora,Macatal,16.9649,121.6007,Calamansi,,18,Calamondin,Fruiting Stage,Gummosis,,18,5,9,,,18,Advised farmers to conduct pruning to control the gummosis disease.,,"June 7, 2023",23,
WS 2023,,June,II,Isabela,Aurora,San Andres,16.9656,121.5917,Calamansi,,20,Calamondin,Fruiting Stage,Gummosis,,20,5,9,,,20,Advised farmers to conduct pruning to control the gummosis disease.,,"June 7, 2023",28,
WS 2023,,June,II,Isabela,Aurora,Sili,16.97863,121.6379,Calamansi,,7.5,Calamondin,Fruiting Stage,Gummosis,,7.5,5,9,,_,7.5,Advised farmer to conduct prunning in the infected parts.,,"June 29, 2023",9,
WS 2023,,June,II,Isabela,Aurora,Kalabaza,16.97742,121.6363,Calamansi,,8,Calamondin,Fruiting Stage,Gummosis,,8,5,9,,_,8,Advised farmer to conduct prunning in the infected parts.,,"June 29, 2023",12,
WS 2023,,July,II,Cagayan,Sanchez Mira,Centro 2,18.563034,121.230514,Cacao,,1.6/1000 seedlings,"Uf-18, Pbc123, Br25, W-10",Flowering,White Grub,,.75/700 trees,20,9,,_,.75/700 trees,DA-RCPC advise tha farmers to apply insecticide (furadan) for the management of white grub.,,"July 7, 2023",2,
WS 2023,,July,II,Isabela,San Agustin,Panang,16.420645,121.733562,Cacao,,11,Brazilian,Fruiting Stage,Black pod rot,,4,30,9,,0,11,During validation we observed their farming practice which is inter cropping. We advised the farmers to conduct pruning to avoid overloping of trees and to minimize the disease and pest incidence. We also advised them to spray BCA for further management.,,"July 11, 2023",1,
WS 2023,,July,II,Isabela,San Agustin,Rang-ay,16.462972,121.770756,Cacao,,0.3,Brazilian,Fruiting Stage,Black pod rot,,0.21,70,9,,,0.3,During validation we observed their farming practice which is inter cropping. We advised the farmers to conduct pruning to avoid overloping of trees and to minimize the disease and pest incidence. We also advised them to spray BCA for further management.,,"July 11, 2023",1,
WS 2023,,July,II,Quirino,Cabarroguis,Burgos,16.440342,121.5131,Coffee,,20,"Robusta, Excelsa",Reproductive,Coffee leaf rust,,20,5,9,,_,20,Advised farmers to prune infected leaves and branches to help stop the spread of the disease and promote a new growth. We also advised them to clean its surroundings by removing weeds that host rust.,,"July 13, 2023",18,
WS 2023,,July,II,Quirino,Aglipay,Ligaya,16.488107,121.585095,Cacao,,3,Brazilian,Reproductive,Black pod rot,,3,15,9,,_,3,Advised farmers to remove all cacao pods that shows symptoms of the disease and prune the cacao trees to provide or increase sunlight and airflow in the canopy. We also advised them to clean the soroundings by brushing weeds in the ground to reduce the moisture around the trees and spray Isaria(biocontrol agents) for further management.,,"July 11, 2023",2,
WS 2023,,July,II,Quirino,Cabarroguis,Burgos,16.438715,121.508013,Cacao,,5,Brazilian,Reproductive,Black pod rot,,5,15,9,,_,5,Advised farmers to remove all cacao pods that shows symptoms of the disease and prune the cacao trees to provide or increase sunlight and airflow in the canopy. We also advised them to clean the soroundings by brushing weeds in the ground to reduce the moisture around the trees and spray Isaria(biocontrol agents) for further management.,,"July 13, 2023",6,
WS 2023,,July,II,Quirino,Cabarroguis,Sto. Domingo,16.49513,121.530122,Coffee,,3,"Rubosta, Excelsa",Reproductive,Coffee leaf rust,,3,5,9,,0,3,Advised farmers to prune infected leaves and branches to help stop the spread of the disease and promote a new growth. We also advised them to clean its surroundings by removing weeds that host rust.,,"July 19, 2023",5,
WS 2023,,July,II,Isabela,Jones,Payac,16.57526,121.6917,Cacao,,1.5,"BR25, K Series",Fruiting Stage,Black Pod Rot,,0.5,5,9,,_,1.5,We advised the farmers to conduct pruning to avoid overloping of trees and to minimize the disease and pest incidence. We also advised them to spray BCA for further management.,,"July 18, 2023",1,
WS 2023,,July,II,Isabela,Jones,Payac,16.57483,121.6913,Cacao,,1.5,"BR25, K Series, Cm79",Fruiting Stage,Bark Borer,,0.3,5,9,,_,1.5,We advised farmers to conduct pruning to avoid excess moisture which attracts borer in order to control pest incidence. We also advised them to spray insecticide to completely eradicate the pest causing diseases.,,"July 18, 2023",1,
WS 2023,,July,II,Isabela,Cabatuan,Sitio Malasin Macalaoat,16.96543,121.6481,Bell pepper,,0.2,Sultan F1,Fruiting Stage,Fruit rot,,0.05,5,9,,0.2,_,We advised farmers to spray fungicide and we also advised them to prune excess foliage to avoid the compitition of nutrients which allows the plant to focus on its fruits avoiding calcium deficiency which is one of the reasons that causes rotting of fruit.,,"July 17, 2023",1,
WS 2023,,August,II,Quirino,Diffun,Cajel,16.54858,121.5307,Bush Sitao,,1,Tudo,Reproductive,Aphids,,1,5,9,,1,0,Advised farmers to spray insecticide for management,,,2,
WS 2023,,August,II,Quirino,Diffun,Cajel,16.5488,121.5306,Eggplant,,2,"Calixto, Morena",Reproductive,Fruit Borer,,2,5,9,,2,0,Advised farmers to spray insecticide for management,,,3,
WS 2023,,September,II,Isabela,City of Ilagan ,Sindun Maride,17.06801,121.9856,Cassava,,50,Rayong 72,Maturity,Brown spot,,35,20,9,,0,0,Advised farmers to harvest,,,20,
WS 2023,,September,II,Isabela,City of Ilagan ,17-21,17.06878,121.9761,Cassava,,45,Rayong 72,Maturity,Cassava Phytoplasma Disease,,20,25,9,,0,0,Advised farmers to harvest,,,20,
WS 2023,,September,II,Isabela,City of Ilagan ,9-Nov,17.07166,121.9729,Cassava,,50,KU 50,Maturity,Mealybug,,30,10,9,,0,0,Advised farmers to harvest,,,20,
WS 2023,,September,II,Isabela,City of Ilagan ,17-21,17.06817,121.983,Cassava,,45,KU 50,Maturity,Mosaic,,10,5,9,,0,0,Advised farmers to harvest,,,12,
WS 2023,,September,II,Isabela,Aurora,Bannagao,16.99758,121.639141,Eggplant,,5,Long purple,Fruiting Stage,Shoot borer,,5,10,9,,5,_,Advised farmers to spray BCAs to manage the infestation of shoot borer.,,Continuous monotoring,8,
WS 2023,,September,II,Isabela,Jones,Linamanan,16.52697,121.652015,Eggplant,,1,Calixto F1,Fruiting Stage,shoot borer,,3,30,9,,1,_,Advised farmers to use appropriate insecticide for the management of shoot borer.,,,6,
WS 2023,,September,II,Isabela,Aurora,Bannagao,16.99758,121.639141,Eggplant,,5,Long purple,Fruiting Stage,Fruit borer,,5,10,9,,5,_,Advised farmers to spray BCAs to manage the infestation of fruit borer.,,Continuous monotoring,8,
WS 2023,,September,II,Isabela,Aurora,Bagong Tanza,16.9811,121.617397,Eggplant,,5,Long purple,Fruiting Stage,Fruit borer,,3,10,9,,3,_,Advised farmers to spray BCAs to manage the infestation of fruit borer.,,Continuous monotoring,4,
WS 2023,,September,II,Isabela,Aurora,Bagong Tanza,16.97655,121.609242,Calamansi,,30,Calamondin,Fruiting Stage,Gummosis,,10,5,9,,_,10,"Advised farmers to conduct pruning or removing the dark, diseased bark.",,,10,
WS 2023,,September,II,Isabela,Aurora,Kalabaza,16.98306,121.646572,Calamansi,,15,Calamondin,Fruiting Stage,Gummosis,,8,5,9,,_,8,"Advised farmers to conduct pruning or removing the dark, diseased bark.",,,10,
WS 2023,,September,II,Isabela,Aurora,Macatal,16.9782,121.627251,Calamansi,,25,Calamondin,Fruiting Stage,Gummosis,,10,5,9,,_,10,"Advised farmers to conduct pruning or removing the dark, diseased bark.",,,12,
WS 2023,,September,II,Isabela,Aurora,Kalabaza,16.97828,121.627186,Bitter gourd,,1,Galaxy,Fruiting Stage,Fruit fly,,1,5,9,,1,_,Advised farmers to put attractant for management.,,,2,
WS 2023,,September,II,Nueva Vizcaya,Diadi,Duruarog,16.617225,121.388863,Ginger,,6.06,Hawaii,Vegetative,Bacterial wilt,,1.2,5,9,,1.2,,DA provides fungicide for the management of bactereial wilt.,,,12,
WS 2023,,September,II,Isabela,Aurora,Bannagao,17.002556,121.693797,Eggplant,,3,Longpurple,Fruiting Stage,Fruit borer,,3,10,9,,3,_,Advised farmers to spray BCAs to manage the infestation of fruit borer.,,,5,
WS 2023,,September,II,Isabela,Reina Mercedes,Banquero,17.024747,121.775625,Mung bean,,1,MG 29,Fruiting Stage,Pod borer,,1,15,9,,0.5,_,Advised farmers to spray BCAs to manage the infestation of Pod borer.,,,1,
WS 2023,,September,II,Isabela,Luna,Sto. Domingo,17.021724,121.740826,Bottle gourd,,0. 5,Mayumi F1,Fruiting Stage,Fruit fly,,0.5,15,9,,0.5,_,Advised farmers to spray BCAs to manage the infestation of fruit fly.,,,1,
WS 2023,,September,II,Isabela,Cabatuan,"Sitio Malasin, Brgy. Macalaoat",16.966277,121.641035,Eggplant,,1,Calixto F1,Fruiting Stage,Fruit Borer,,0.2,10,9,,1,_,Advised farmers to prune the infested parts and spray insecticide to control the infestation of fruit borer.,,Continuous monitoring.,3,
WS 2023,,September,II,Isabela,Cabatuan,"Sitio Malasin, Brgy. Macalaoat",16.966343,121.641003,Eggplant,,1,Calixto F1,Fruiting Stage,Shoot borer,,0.3,10,9,,1,_,Advised farmers to prune the infested parts and spray insecticide to control the infestation of shoot borer.,,Continuous monitoring.,3,
WS 2023,,October,II,Isabela,Aurora,Macatal,16.962921,121.596535,Eggplant,,3.5,Longpurple,Fruiting Stage,Shoot borer,,3.5,10,9,,3.5,_,Advised farmers to spray insecticide to manage the infestation of shoot borer.,,,5,
WS 2023,,October,II,Isabela,Aurora,Macatal,16.964712,121.605522,String beans,,1.2,Bongga,Fruiting Stage,Aphids,,1.2,15,9,,1.2,_,Advised farmers to spray insecticide to manage the infestation of aphids.,,,5,
WS 2023,,October,II,Isabela,Aurora,San Andres,16.9656,121.5917,String beans,,0.5,Pantastiko,Fruiting Stage,Aphids,,0.5,15,9,,0.5,_,Advised farmers to spray insecticide to manage the infestation of aphids.,,,2,
WS 2023,,October,II,Isabela,Aurora,Macatal,16.963181,121.605137,Calamansi,,5.5,Calamondin,Fruiting Stage,Gomosis,,5.5,5,9,,2,3.5,Advised farmers to conduct pruning.,,,5,
WS 2023,,October,II,Isabela,Aurora,San Andres,16.9656,121.5917,Calamansi,,5,Calamondin,Fruiting Stage,Gomosis,,5,5,9,,2,3,Advised farmers to conduct pruning.,,,8,
WS 2023,,October,II,Isabela,Aurora,Apiat,16.95969,121.593753,Calamansi,,10,Calamondin,Fruiting Stage,Gomosis,,10,5,9,,3,7,Advised farmers to conduct pruning.,,,18,
WS 2023,,October,II,Isabela,Aurora,Apiat,16.961461,121.596812,Bottle gourd,,2.5,Mayumi F1,Fruiting Stage,Fruit fly,,2.5,5,9,,1.5,1,Advised farmers to put up insect traps.,,,8,
WS 2023,,October,II,Isabela,Aurora,Bagong Tanza,16.97506,121.618914,Bitter gourd,,0.5,Galaxy,Fruiting Stage,Fruit fly,,0.5,5,9,,0.5,_,Advised farmers to put up insect traps.,,,2,
WS 2023,,October,II,Isabela,Aurora,Bagong Tanza,16.971972,121.61322,Eggplant,,3.5,Longpurple,Fruiting Stage,Fruit fly,,3.5,5,9,,3.5,_,Advised farmers to spray insecticide for the management of fruit fly.,,,5,
WS 2023,,October,II,Isabela,Aurora,Macatal,16.965528,121.601747,Bottle gourd,,1.5,Mayumi F1,Fruiting Stage,Fruit fly,,1.5,10,9,,1.5,_,Advised farmers to put up insect traps.,,,7,
WS 2023,,October,II,Isabela,Roxas,San Pedro,17.1734,121.61605,Luffa Squash(Kabatiti),,0.2,Primera Grande F1,Flowering,Leaf Miner,,0.2,5,9,,0.2,0,Advice Farmer to spray insecticide and close monitoring,,,1,
WS 2023,,October,II,Isabela,Jones,Payac,16.5759,121.69127,Cacao,,1,k9,Fruiting Stage,Pod borrer,,0.1,10,9,,,1,advice farmer spray BIO-control agents for the management pest of cacao,,,1,
WS 2023,,October,II,Isabela,Mallig,San Jose sur,17.187995,121.572297,Onion,,3.2,Red Dragon/Golden Pinoy,Vegetative,Onion flies/Mole cricket,,3.2,10,9,,3.2,0,Advised farmers to spray insectide and apply BCAs.,,,1,
WS 2023,,October,II,Isabela,Mallig,San Jose sur,17.189403,121.57837,Squash,,2.2,Malandi/Sofia,Seedling,Squash Lady Beetle,,2.2,15,9,,2.2,0,Advised farmers to spray insectide and apply BCAs.,,,3,
WS 2023,,October,II,Isabela,Mallig,San Jose sur,17.188858,121.578608,Bitter gourd,,1.7,Galaxy Max F1,Vegetative,Fruit fly,,1.7,10,9,,1.7,0,Advised farmers to spray insectide and apply BCAs.,,,3,
WS 2023,,October,II,Isabela,Ramon,Burgos,16.801795,121.519107,Cacao,,5,"W10,Br25, PBC 123, CF18",Fruiting Stage,Pod rot,,0.5,10,9,,5,,Advised farmer to spray fungicide to control the infection caused by pod rot and we also advised to do a close monitoring.,,RCPC distributed fungicide for the management of the disease (rodomil Gold) @ 5 kgs.,1,
WS 2023,,October,II,Isabela,Ramon,Burgos,16.802032,121.519107,Cacao,,5,"W10,Br25, PBC 123, CF18",Fruiting Stage,Aphids,,0.1,5,9,,5,,Advised farmer to spraying insecticide to control the infestation of aphids and we advised to conduct a close monitoring.,,,1,
WS 2023,,October,II,Isabela,Reina Mercedes,Binarsang,17.0207,121.734,Bottle gourd,,0.5,Mayumi,Fruiting Stage,Fruit fly,,0.5,15,9,,0.5,0,Advised farmers to spray insecticide to management the incidence of fruit fly.,,"Revalidation (October 27, 2023)",2,
WS 2023,,October,II,Isabela,Reina Mercedes,Binarsang,17.0207,121.734,Pole Sitao,,1.5,Fantastico,Fruiting Stage,Aphids,,1.5,15,9,,1.5,0,Advised farmers to spray insecticide to management the incidence of aphids..,,"Revalidation (October 27, 2023)",7,
WS 2023,,October,II,Isabela,Aurora,Diamantina,16.995866,121.655,Eggplant,,1.5,Longpurple,Vegetative,Fruit borer,,1.5,10,9,,1.5,0,Advised farmers to spray insecticide to management the incidence of fruit borer.,,,2,
WS 2023,,November,II,Isabela,Aurora,Dalig Kalinga,17.004108,121.70049,Eggplant,,2,Longpurple,Fruiting Stage,Fruit borer,,2,15,9,,2,0,Advised farmers to spray insecticide to management the incidence of fruit borer.,,,4,
WS 2023,,November,II,Isabela,Roxas,Sinamar,17.175333,121.56104,Sitao,,0.5,Bonga,Fruiting Stage,Leaf Miner,,0.5,30,9,,0.5,0,Advised farmers to spray insecticide to manage the infestation of leaf miner.,,,2,
WS 2023,,November,II,Isabela,Roxas,Marcos,17.172082,121.59733,Tomato,,2,Diamante Max,Flowering,Fruit fly,,2,5,9,,2,0,DA RCPC 02 provides insecticide (Gold) for the management of fruit fly.,,,2,
WS 2023,,November,II,Isabela,Mallig,San Jose Sur,17.188472,121.57318,Onion,,3.2,Red Dragon,Vegetative,Onion Flies,,3.2,3,9,,3.2,0,DA-RCPC provides insecticide (Gold insecticide) and 150 cards of Trichogramma for the management of onion flies.,,,2,
WS 2023,,November,II,Nueva Vizcaya,Bagabag,Bakir,16.638304,121.22509,Onion,,0.33,Super pinoy,Vegetative,Twister,,0.33,10,9,,0.33,0,DA RCPC provides lure for the management of twister.,,,2,
WS 2023,,November,II,Nueva Vizcaya,Bagabag,Paniki,16.405285,121.21257,Onion,,6.5,Shallot batanes red,Vegetative,Twister,,6.5,10,9,,6.5,0,DA RCPC provides lure for the management of twister.,,,2,
WS 2023,,November,II,Nueva Vizcaya,Bagabag,Nangalisan,16.634385,121.19632,Onion,,0.35,Super pinoy,Vegetative,Twister,,0.35,10,9,,0.35,0,DA RCPC provides lure for the management of twister.,,,1,
DS 2023-2024,,December,II,Isabela,Reina Mercedes,Santor,16.991962,121.737419,Bottle gourd,1/9/2023,1,Mayumi,Fruiting Stage,Fruit borer,,1,10,9,5,1,0,Advised farmers to spray insecticide to management the incidence of fruit borer.,,"December 07, 2023",3,
DS 2023-2024,,December,II,Nueva Vizcaya,Bambang,Sto.Domingo,16.4023111,121.0890484,Onion,11/15/2023,1,Red pinoy,Seedbed,Cutworm,,1,10,9,,,,DA RCPC provides lure and chemicals for the management of cutworm.,,"December 05, 2023",1,2023-2024
DS 2023-2024,,December,II,Nueva Vizcaya,Bambang,Barat,16.36444,121.05011,Garlic,9/18/2023,1,Native,Vegetative,Cutworm,,1,10,9,,,,DA RCPC provides lure and chemicals for the management of cutworm.,,"December 05, 2023",1,2023-2024
DS 2023-2024,,December,II,Isabela,Aurora,Bannagao,16.997532,121.689208,Eggplant,10/10/2023,2,Longpurple,Fruiting Stage,Fruit borer,,2,15,9,,2,0,Advised farmers to spray BCA'S.,,"December 21, 2023",3,2023-2024
DS 2023-2024,,December,II,Isabela,Reina Mercedes,Sallucong,17.030507,121.749812,String beans,1/11/2023,0.5,Yard long,Fruiting Stage,Aphids,,0.5,15,9,,0.5,0,Advised farmers to spray insecticide for management control of aphids.,,"December 21, 2023",2,2023-2024
DS 2023-2024,,January,II,Isabela,Luna,Macugay,17.004316,121.702113,Tobacco,12/27/1923,0.5,,Vegetative,Budworm,,0.5,15,9,3,0,0.5,Advised farmers to spray insecticide to manage the infestation of budworm.,-,"January 18, 2024",1,2023-2024
DS 2023-2024,,January,II,Nueva Vizcaya,Bambang,Santo domingo,16.40376,121.08995,Onion,8/12/2023,15,Red pinoy,Vegetative,Armyworm,,8,13,9,1,8,7,DA-RCPC provides chemical to management the infestation of armyworm.,,"January 17, 2024",16,2023-2024
DS 2023-2024,,January,II,Nueva Vizcaya,Bambang,almaguer,16.362823,121.09392,Onion,4/12/2023,25,Redpinoy,Vegetative,Onion Twister,,16,60,9,2,8,17,DA-RCPC provides chemical to management the infection of onion twister.,,"January 17, 2025",18,2023-2024
DS 2023-2024,,January,II,Isabela,Reina Mercedes,Binarsang,17.0207,121.734,String beans,4/11/2023,0.7,Sierra Madre,Fruiting Stage,Leaf miner,,0.7,70,9,7,0.5,0.2,Advised farmers to spray insecticide for management control of leafminers.,1-24-24,"January 25, 2024",3,2023-2024
DS 2023-2024,,January,II,Isabela,Reina Mercedes,Sallucong,17.025189,121.746329,Eggplant,10/10/2023,1.5,Longpurple,Fruiting Stage,Fruit borer,,1.5,30,9,5,1.5,1.5,Advised farmers to spray insecticide for management control of fruit borer and followed by the application of metarhizium for further management.,1-24-24,"January 25, 2024",4,2023-2024
DS 2023-2024,,January,II,Nueva Vizcaya,Kayapa,Pinayag,16.41757,121.004605,Onion,10/23/2023,209,Red pinoy,Vegetative,Onion Armyworm,,7,60,9,,7,0,DA RCPC provides chemicals & BCAs for the management of Armyworm.,,"January 12, 2024",29,2023-2024
DS 2023-2024,,January,II,Nueva Vizcaya,Aritao,Bone North,16.264733,121.020928,Onion,,7,Red pinoy,Vegetative,Armyworm/Twister,,7,20,9,,7,0,DA RCPC and NVES provides chemicals for the management of Armyworm and onion twister.,,"January 24, 2024",10,2023-2024
DS 2023-2024,,January,II,Nueva Vizcaya,Aritao,Bone South,16242532,121.003838,Onion,,3.1,Red pinoy,Vegetative,Armyworm/Twister,,3.1,20,9,,3.1,0,DA RCPC and NVES provides chemicals for the management of Armyworm and onion twister.,,"January 24, 2024",8,2023-2024
DS 2023-2024,,January,II,Nueva Vizcaya,Aritao,Calitlitan,16.223702,120.972251,Onion,,0.6,Red pinoy,Vegetative,Armyworm/Twister,,0.6,10,9,,0.6,0,DA RCPC and NVES provides chemicals for the management of Armyworm and onion twister.,,"January 24, 2024",2,2023-2024
DS 2023-2024,,January,II,Nueva Vizcaya,Aritao,Nagcuartelan,16.266407,121.020003,Onion,,2.9,Red pinoy,Vegetative,Armyworm/Twister,,2.9,20,9,,2.9,0,DA RCPC and NVES provides chemicals for the management of Armyworm and onion twister.,,"January 24, 2024",4,2023-2024
DS 2023-2024,,January,II,Nueva Vizcaya,Aritao,Cutar,16.585705,121.033229,Onion,,0.2,Red pinoy,Vegetative,Armyworm/Twister,,0.2,10,9,,0.2,0,DA RCPC and NVES provides chemicals for the management of Armyworm and onion twister.,,"January 24, 2024",1,2023-2024
DS 2023-2024,,January,II,Nueva Vizcaya,Dupax del Sur,Gabut,16.3238984,121.0650599,Onion,4/12/2023,20,Red dragon,Bulb formation,Armyworm,,5,10,9,,5,0,BPI provides chemicals for the management of Armyworm.,,"January 31, 2024",20,2023-2024
DS 2023-2024,,January,II,Nueva Vizcaya,Dupax del Sur,Mangayang,16.322451,121.0665044,Onion,5/12/2023,12,Red pinoy,Vegetative,Armyworm,,2,5,9,,2,0,BPI provides chemicals for the management of Armyworm.,,"January 31, 2024",7,2023-2024
DS 2023-2024,,February,II,Isabela,Roxas,San Pedro,17.16973,121.619947,Onion,8/12/2024,3.4,"Red dragon,Red Pinoy",Vegetative,Onion Armyworm,,3.4,30,9,3,3.4,0,Advised farmers to spray insecticide to manage the infestation of armyworm.,,"February 8, 2024",5,2023-2024
DS 2023-2024,,February,II,Isabela,Roxas,San Placido,17.135373,121.61329,Beans,1/15/2024,1.2,Banahaw,Vegetative,Leaf Miner,,1.2,5,9,1,1.2,0,Farmers already sprayed insecticide. We advised them to monitor the area continuously after the application.,,"February 14, 2024",4,2023-2024
DS 2023-2024,,February,II,Isabela,Roxas,San Placido,17.135373,121.61329,Pepper,1/19/2024,0.3,Diango F1,Vegetative,Aphids,,0.3,2,9,1,0.3,0,Farmers already sprayed insecticide. We advised them to monitor the area continuously after the application.,,"February 14, 2024",2,2023-2024
DS 2023-2024,,February,II,Isabela,City of Ilagan ,Angassian,17.112845,121.911274,Eggplant,1/11/2023,0.3,Fortuner,Fruiting Stage,Fruit Borer,,0.3,60,9,5,0.3,0,Advised the farmer to apply BCA to manage the infestation of fruit borer.,,"February 13, 2024",1,2023-2024
DS 2023-2024,,February,II,Isabela,City of Ilagan ,Angassian,17.112845,121.911274,Eggplant,1/11/2023,0.3,Fortuner,Fruiting Stage,Shoot Borer,,0.3,60,9,5,0.3,0,Advised the farmer to apply BCA to manage the infestation of shoot borer.,,"February 13, 2024",1,2023-2024
DS 2023-2024,,February,II,Nueva Vizcaya,Bambang,Barat,16.363728,121.048627,Onion,12/16/2023,5,Red pinoy,Reproductive,Onion Armyworm,,3,70,9,3,3,0,DA RCPC provides chemicals (1 bottle Parker neem and 1 bottle chix) and lure for the management of onion army worm and thrips.,,"February 16, 2024",10,2023-2024
DS 2023-2024,,February,II,Nueva Vizcaya,Bambang,Barat,16.363728,121.048627,Onion,12/16/2023,5,Red pinoy,Reproductive,Thrips,,3,5,9,3,3,0,,,"February 16, 2024",10,2023-2024
DS 2023-2024,,February,II,Nueva Vizcaya,Bambang,Manamtam,16.40203,121.082923,Onion,12/15/2023,3,Red pinoy,Reproductive,Onion Armyworm,,3,70,9,4,3,0,DA RCPC provides chemical (1 bottle Parker neem) and lures for the management of onion army worm.,,"February 16, 2024",5,2023-2024
DS 2023-2024,,February,II,Isabela,Mallig,San Ramon,17.2289146,121.5597205,Onion,12/11/2023,9.5,Onion Red,Vegetative,Onion Armyworm,,4.4,46,9,,4.4,,Farmers sprayed insecticide to manage the infestation of onion armyworm. Advised them to frequently monitor the area.,,"February 18, 2024",10,2023-2024
DS 2023-2024,,February,II,Isabela,Mallig,San Jose Sur,17.1937183,121.564535,Onion,12/1/2023,0.6,Onion Red,Bulb formation,Onion Armyworm,,0.3,50,9,,0.3,,Farmers sprayed insecticide to manage the infestation of onion armyworm. Advised them to frequently monitor the area.,,"February 18, 2025",1,2023-2024
DS 2023-2024,,February,II,Isabela,Mallig,Rang ayan,17.1871,121.57,Onion,1/25/2024,2,Red Dragon,Vegetative,Onion Armyworm,,2,10,9,2,2,0,Advised farmers to spray recommended insecticide and conduct a follow up application of BCA.,,"February 29, 2024",5,2023-2024
DS 2023-2024,,February,II,Isabela,Mallig,Bimonton,17.2402,121.5783,Onion,1/28/2024,0.7,Red dragon,Vegetative,Onion Armyworm,,0.7,5,9,2,0.7,0,Advised farmers to spray recommended insecticide and conduct a follow up application of BCA.,,"February 29, 2024",2,2023-2024
DS 2023-2024,,February,II,Isabela,Mallig,Maligaya,17.1859,121.6117,Onion,1/30/2024,0.3,Red dragon,Vegetative,Onion Armyworm,,0.3,5,9,3,0.3,0,Advised farmers to spray recommended insecticide and conduct a follow up application of BCA.,,"February 29, 2024",2,2023-2024
DS 2023-2024,,February,II,Isabela,Mallig,San Jose Norte,17.2066,121.5849,Onion,1/28/2024,0.3,Red Dragon,Vegetative,Onion Armyworm,,0.3,10,9,3,0.3,0,Advised farmers to spray recommended insecticide and conduct a follow up application of BCA.,,"February 29, 2024",2,2023-2024
DS 2023-2024,,February,II,Isabela,Santiago City,Gonzaga,16.653403,121.513422,Mango,Century,10 Trees/0.1,Carabao mango,Fruiting Stage,Mango plant hopper,,10 Trees/0.1,10,9,,10 Trees/0.1,0,DA-RCPC distributed parkerneem & BCA for the management the plant hoppers.,,"February 22, 2024",1,2023-2024
DS 2023-2024,,February,II,Isabela,Santiago City,Gonzaga,16.65355,121.513772,Citrus,12-15 years,126 trees/1.0,"pink macao, Davao, Red chandler",Flowering,Gummosis,,126 trees/ 1.0,5,9,,126 trees/ 1.0,0,DA- RCPC distributed ICC for management of the disease.,,"February 22, 2024",1,2023-2024
DS 2023-2024,,February,II,Isabela,Santiago City,Gonzaga,16.65355,121.513772,Citrus,12-15 years,126 trees/1.0,"pink macao, Davao, Red chandler",Flowering,Aphids,,126 trees/1.0,10,9,,127 trees/ 1.0,0,DA-RCPC distributed parkerneem & BCA for the management the aphids.,,"February 22, 2024",1,2023-2024
DS 2023-2024,,March,II,Isabela,Aurora,Panecien,16.95434,121.61875,Eggplant,12/10/2023,3.5,Morena,Fruiting Stage,Fruit borer/shoot borer,,3.5,10,9,,3.5,0,Advised farmers to spray insecticide for management control of shoot and fruit borer and a follow up application of EPF for further management.,,"March 7, 2024",5,2023-2024
DS 2023-2024,,March,II,Isabela,San Mateo,Mapuroc,16.898483,121.577807,Mung bean,1/2/2024,100,Mg12,Seedling,Dumping-off,,10,10,9,,0,10,Advised farmers spray fungicide for the management of the disease.,,"March 7, 2024",15,2023-2024
DS 2023-2024,,March,II,Quirino,Diffun,San Isidro,16.628638,121.507053,Mango,Century,1,Carabao mango,Fruiting Stage,Mango hopper,,0.2ha,10,9,Multiple,0.2,,"DA-RCPC 2 distributed parker neem, metarhizium, and Supernet for the management of Fruit Fly.",,"March 7, 2024",1,2023-2024
DS 2023-2024,,March,II,Quirino,Diffun,San Isidro,16.628612,121.50747,Banana,10 years,1,Saba,Vegetative,Panama/Fusarium wilt,,0.1,5,9,,,0.1,DA-RCPC 2 distributed 300 packs redomil gold for the management of the disease. We also advised the farmers to remove the infected plants.,,"March 7, 2024",1,2023-2024
DS 2023-2024,,March,II,Quirino,Diffun,San Isidro,16.627603,121.50646,Pomelo,15 years,100 trees/0.2,Red chandler,Flowering,Gummosis,,20 trees/0.2,5,9,,0,0.2,Advised farmers to spray insecticide and to prune the infected branches.,,"March 7, 2024",1,2023-2024
DS 2023-2024,,March,II,Quirino,Aglipay,San Francisco,16.440163,121.647585,Coconut,,2,Coconut (native),Reproductive,Red Palm weevil,,150 trees/2,20,9,,0,2,Advised farmer to apply actara or sevin for management.,,"March 5, 2024",1,2023-2024
DS 2023-2024,,March,II,Nueva Vizcaya,Bayombong,Paitan,16.460947,121.137287,Onion,12/9/2023,1,Red Pinoy,Bulb formation,Onion armyworm,,1,15,9,2,1,,DA-RCPC provides 2 bottles of parker neem to manage the infestation of onion armyorm.,,"March 5, 2024",1,2023-2024
DS 2023-2024,,March,II,Nueva Vizcaya,Bagabag,Tuao North,16.5721,121.2531,Coconut,,2.5,Native,Reproductive,Scale Insects,,0.1,4,9,,,,Smoking and sanitation was recommended. Requested to DA-RCPC for the provision of BCA.,"Reported by MAO - Bagabag, Nueva Vizcaya","March 1, 2024",1,2023-2024
DS 2023-2024,,March,II,Isabela,Aurora,Kalabaza,16.58361,121.3759,Eggplant,12/20/2023,3.5,Morena,Fruiting Stage,Fruit borer,,3.5,20,9,,3,0,Advised farmers to spray metharizium for management of adult fruit borer.,Revalidated,"March 14, 2024",7,2023-2024
DS 2023-2024,,March,II,Isabela,Burgos,Dalig Viejo,17.03696,121.71793,Eggplant,2/12/2024,2,Morena,Fruiting Stage,Fruit borer,,2,10,9,,1.5,0.5,Advised farmers to spray metharizium for management of adult fruit borer.,,"March 14, 2024",4,2023-2024
DS 2023-2024,,March,II,Isabela,Roxas,San Pedro,17.174092,121.612218,Tomato,1/29/2024,0.3,Diamante Max,Fruiting Stage,White Aphids,,0.3,5,9,3,0.3,0,Farmer sprayed different insecticides. We advised them to spray recommended insecticide in order to manage the infestation of white aphids.,,"March 14, 2024",2,2023-2024
DS 2023-2024,,March,II,Isabela,Roxas,San Pedro,17.174092,121.612218,String beans,1/25/2024,0.3,Chia Tai,Fruiting Stage,Pod borer,,0.3,3,9,2,0.3,0,Advised the farmer to spray recommeded insecticide for the management of pod borers.,,"March 14, 2024",1,2023-2024
DS 2023-2024,,March,II,Isabela,Roxas,San Pedro,17.174092,121.612218,Luffa Squash,2/13/2023,0.5,Primera Grande,Flowering,Leaf Miner,,0.5,3,9,3,0.5,0,Farmers sprayed different types of insecticide. We advised them to spray only the recommended insecticide for the management of leaf miners.,,"March 14, 2024",2,2023-2024
DS 2023-2024,,March,II,Isabela,Cabatuan,Diamantina,16.913965,121.623585,Mung bean,2/16/2024,150,Mg14,Seedling,Dumping-off,,5,15,9,,0,5,Advised farmers to spray fungicide for the management of the disease.,,"March 14, 2024",15,2023-2024
DS 2023-2024,,March,II,Isabela,Cabatuan,Tandul,16.9553,121.6723,Mung bean,2/16/2024,200,Mg14,Seedling,Dumping-off,,5,20,9,,0,5,Advised farmers to spray fungicide for the management of the disease.,,"March 14, 2024",10,2023-2024
DS 2023-2024,,March,II,Isabela,Cabatuan,Caloocan,16.9553,121.6723,Mung bean,2/16/2024,96,Mg14,Seedling,Dumping-off,,5,10,9,,0,5,Advised farmers to spray fungicide for the management of the disease.,,"March 14, 2024",10,2023-2024
DS 2023-2024,,March,II,Nueva Vizcaya,Aritao,Calitlitan,16.223702,120.972251,Onion,,1.5,Red pinoy,Harvestable,Armyworm/Cutworm/Thrips,,1,75,9,,0,1,Farmers applied insecticide for the management of pests.,Pest not controlled,"March 19, 2024",4,2023-2024
DS 2023-2024,,March,II,Nueva Vizcaya,Aritao,Bone South,16242532,121.003838,Onion,,0.7,Red pinoy,Harvestable,Armyworm/Cutworm/Thrips,,0.7,75,9,,,0.7,Farmers applied insecticide for the management of pests.,Pest not controlled,"March 19, 2024",2,2023-2024
DS 2023-2024,,March,II,Nueva Vizcaya,Aritao,Bone North,16.264733,121.020928,Onion,,0.6,Red pinoy,Harvestable,Armyworm/Cutworm/Thrips,,0.6,75,9,,,0.6,Farmers applied insecticide for the management of pests.,Pest not controlled,"March 19, 2024",2,2023-2024
DS 2023-2024,,March,II,Nueva Vizcaya,Aritao,Nagcuartelan,16.266407,121.020003,Onion,,0.3,Red pinoy,Harvestable,Armyworm/Cutworm/Thrips,,0.3,75,9,,,0.3,Farmers applied insecticide for the management of pests.,Pest not controlled,"March 19, 2024",2,2023-2024
DS 2023-2024,,March,II,Nueva Vizcaya,Aritao,Cutar,16.585705,121.033229,Onion,,0.4,Red pinoy,Harvestable,Armyworm/Cutworm/Thrips,,0.4,75,9,,,0.4,Farmers applied insecticide for the management of pests.,Pest not controlled,"March 19, 2024",2,2023-2024
DS 2023-2024,,March,II,Nueva Vizcaya,Aritao,Poblacion,16.2954,121.035,Onion,,0.7,Red pinoy,Harvestable,Armyworm/Cutworm/Thrips,,0.7,75,9,,,0.7,Farmers applied insecticide for the management of pests.,Pest not controlled,"March 19, 2024",4,2023-2024
DS 2023-2024,,March,II,Nueva Vizcaya,Aritao,Kirang,16.294,121.0139,Onion,,0.2,Red pinoy,Harvestable,Armyworm/Cutworm/Thrips,,0.2,75,9,,,0.2,Farmers applied insecticide for the management of pests.,Pest not controlled,"March 19, 2024",2,2023-2024
DS 2023-2024,,March,II,Nueva Vizcaya,Aritao,Banganan,16.300437,121.047843,Onion,,1,Red pinoy,Harvestable,Armyworm/Cutworm/Thrips,,1,75,9,,,1,Farmers applied insecticide for the management of pests.,Pest not controlled,"March 19, 2024",4,2023-2024
DS 2023-2024,,March,II,Nueva Vizcaya,Aritao,Darapidap,16.3145,121.0512,Onion,,4,Red pinoy,Harvestable,Armyworm/Cutworm/Thrips,,4,75,9,,,4,Farmers applied insecticide for the management of pests.,Pest not controlled,March 19. 2024,10,2023-2024
DS 2023-2024,,March,II,Nueva Vizcaya,Aritao,Comon,16.2644,121.0411,Onion,,0.2,Red pinoy,Harvestable,Armyworm/Cutworm/Thrips,,0.2,75,9,,,0.2,Farmers applied insecticide for the management of pests.,Pest not controlled,"March 19, 2024",1,2023-2024
DS 2023-2024,,March,II,Nueva Vizcaya,Aritao,Beti,16.28333,121.03333,Onion,,0.2,Red pinoy,Harvestable,Armyworm/Cutworm/Thrips,,0.2,75,9,,,0.2,Farmers applied insecticide for the management of pests.,Pest not controlled,"March 19, 2024",1,2023-2024
DS 2023-2024,,March,II,Nueva Vizcaya,Aritao,Tucanon,16.2819,121.0571,Onion,,0.2,Red pinoy,Harvestable,Armyworm/Cutworm/Thrips,,0.2,75,9,,,0.2,Farmers applied insecticide for the management of pests.,Pest not controlled,"March 19, 2024",1,2023-2024
DS 2023-2024,,March,II,Isabela,Reina Mercedes,Banguerro,17.025548,121.773941,Bitter gourd,12/20/2023,0.5,Galaxy,Fruiting Stage,Fruit fly,,0.5,20,9,-,0.5,0,Advised farmers to put up fruit fly trap or attractant.,Revalidated,"March 21, 2024",2,2023-2024
DS 2023-2024,,March,II,Isabela,Reina Mercedes,Sallucung,17.031561,121.752769,Bitter gourd,12/15/2023,0.5,Galaxy,Fruiting Stage,Fruit fly,,0.5,30,9,-,0.5,0,Advised farmers to put up fruit fly trap or attractant.,Revalidated,"March 21, 2024",3,2023-2024
DS 2023-2024,,March,II,Isabela,Reina Mercedes,Sallucung,17.027415,121.770105,Bottle gourd,10/12/2023,0.5,Mayumi,Fruiting Stage,Fruit fly,,0.5,30,9,-,0.5,0,Advised farmers to put up fruit fly trap or attractant.,Revalidated,"March 21, 2024",2,2023-2024
DS 2023-2024,,March,II,Isabela,Reina Mercedes,Binarsang,17.0207,121.734,Sponge gourd,12/15/2023,0.5,Primera Grande F1,Fruiting Stage,Leaf Miner,,0.5,30,9,-,0.5,0,Advised farmers to spray insecticide for the management of leaf miners.,Revalidated,"March 21, 2024",3,2023-2024
DS 2023-2024,,March,II,Isabela,Aurora,Dalig Kalinga,17.00436,121.700221,String beans,1/20/2024,0. 2,Sierra Madre,Fruiting Stage,Pod borer,,0.2,15,9,,0.2,0,Advised farmer to spray insecticide for the management of pod borers.,,"March 21, 2024",1,2023-2024
DS 2023-2024,,March,II,Isabela,Aurora,Bannagao,17.011567,121.691766,Eggplant,2/12/2023,1,Aurora Green,Fruiting Stage,Fusarium Wilt,,1,5,9,,1,0,Advised farmers to spray fungicide.,,"March 21, 2024",3,2023-2024
DS 2023-2024,,March,II,Nueva Vizcaya,Bambang,Pallas,16.40969,121.0373143,Onion,12/1/2024,65,Red pinoy,Bulb formation,Onion armyworm,,1,7,9,,1,,BPI provides chemical for the management of FAW.,,"March 14, 2024",1,2023-2024
DS 2023-2024,,April,II,Nueva Vizcaya,Alfoso Castaneda,Lublob,15.815092,121.268357,Onion,,5.5,Pes Allium,Reproductive,Onion Armyworm,,3.5,34,9,,,3.5,Farmers sprayed insecticide to manage the infestation of onion armyworm. Advised them to frequently monitor the area.,,"April 04, 2024",21,2023-2024
DS 2023-2024,,April,II,Nueva Vizcaya,Alfoso Castaneda,Abuyo,15.800323,121.268357,Onion,,167,Pes Allium,Reproductive,Red Spider Mites,,43,26,9,,30,13,Farmers sprayed insecticide to manage the infestation of red spider mites.,,"April 04, 2024",43,2023-2024
DS 2023-2024,,April,II,Nueva Vizcaya,Alfoso Castaneda,Galintuja,15.847724,121.228378,Onion,,17,Sultan F1,Reproductive,Red Spider Mites,,8.5,50,9,,5,3.5,Farmers sprayed insecticide to manage the infestation of red spider mites.,,"April 04, 2024",34,2023-2024
DS 2023-2024,,April,II,Isabela,Reina Mercedes,Sallucong,17.023063,121.743027,Bitter gourd,1/20/2024,0.5,Galaxy,Fruiting Stage,Fruit fly,,0.5,30,9,5,0.5,0,Advised farmers to put up fruit fly trap or attractant.,Revalidated,"April 04, 2024",2,2023-2024
DS 2023-2024,,April,II,Isabela,Burgos,Dalig Viejo,17.028618,121.712503,Calamansi,3/16/2014,5,Calamondin,Fruiting Stage,Gummosis,,5,10,9,3,1,4,Advised farmers to prune the infected parts.,Revalidated,"April 04, 2024",7,2023-2024
DS 2023-2024,,April,2,Isabela,Aurora,Bagong Tanza,16.979485,121.614846,Eggplant,5/12/2023,3.5,Aurora Green,Fruiting Stage,Fruit and shoot borer,,3.5,15,9,5,2,1,Advised farmers to spray insecticide for the management of fruit and shoot borer.,Revalidated,"April 04, 2024",7,2023-2024
DS 2023-2024,,April,II,Isabela,Aurora,Bagong Tanza,16.979163,121.614127,Calamansi,3/15/2015,7,Calamondin,Fruiting Stage,Gummosis,,7,10,9,3,2,5,Advised farmers to prune the infected parts.,Revalidated,"April 04, 2024",10,2023-2024
DS 2023-2024,,April,2,Isabela,Aurora,Macatal,16.974542,121.609721,Eggplant,12/15/2023,2.5,Banate King F1,Fruiting Stage,Phomopsis fruit rot,,2.5,5,9,5,1,1.5,Advised farmers to spray fungicide to control the inection of phomopsis fruit rot.,Revalidated,"April 4,2024",4,2023-2024
DS 2023-2024,,April,2,Isabela,Aurora,Macatal,16.965012,121.605282,Eggplant,12/15/2023,4,Aurora Green,Fruiting Stage,Fruit and shoot borer,,4,10,9,5,2,2,Advised farmers to spray insecticide for the management of fruit and shoot borer.,Revalidated,"April 4,2024",7,2023-2024
DS 2023-2024,,April,II,Isabela,Roxas,San Placido,17.131602,121.596507,Onion,3/3/2024,1,Ramgo seeds,Bulb formation,Onion Armyworm,,1,5,9,2,1,0,Advised farmers to use recommeded insecticide to manage the infestation of onion armyworm.,,"April 4,2024",3,2023-2024
DS 2023-2024,,April,II,Isabela,Roxas,San Placido,17.135418,121.605538,Snow cabbage,7/3/2024,1.2,PAVO,Vegetative,Diamondback moth,,1.2,5,9,3,1.2,0,Advised farmers to use recommeded insecticide to manage the infestation of spider mites.,,"April 4,2024",8,2023-2024
DS 2023-2024,,April,II,Isabela,Aurora,San Andres,16.9656,121.5917,Mung bean,1/3/2024,12,Pag-Asa 7,Fruiting Stage,Pod borer,,12,10,9,3,5,7,Advised farmers to spray insecticide for management of pod borer.,,"April 4,2024",20,2023-2024
DS 2023-2024,,April,II,Nueva Vizcaya,Kayapa,Mapayao,16.3780267,120.981835,Onion,3/14/2024,6,Red pinoy,Vegetative,Onion Armyworm,,3,20,9,2,3,3,Advised farmers to spray insecticide to manage the infestation of onion armyworm.,,2/4/2024,8,2023-2024
DS 2023-2024,,April,II,Isabela,Roxas,Matusalem,17.065367,121.592812,Mango,Year 1990,2,Carabao Mango,Fruiting Stage,Cecid Fly,,2,5,9,5,2,0,Farmers/Contractor conducted fruit bagging (200 Trees) and sprayed insecticide for further management.,,"April 4, 2024",1,2023-2024
DS 2023-2024,,April,II,Isabela,Cabatuan,Culling Centro,16.945163,121.644257,Mung bean,2/26/2024,60,Taiwan Green,Flowering,Aphids,,1.2,2,9,,1.2,0,Farmers already sprayed insecticide and we advised farmers to monitor the area regularly.,,"April 02, 2024",60,2023-2024
DS 2023-2024,,April,II,Isabela,Cabatuan,Culling Centro,16.945163,121.644257,Mung bean,2/26/2024,30,Mg14/Labo,Flowering,Pod borer,,1.5,5,9,,1.5,0,Farmers already sprayed insecticide and we advised farmers to monitor the area regularly.,,"April 2, 2024",30,2023-2024
DS 2023-2024,,April,II,Isabela,Cabatuan,Culling Centro,16.945163,121.644257,Mung bean,2/26/2024,20,Pagasa 7,Flowering,Aphids,,0.4,2,9,,0.4,0,Farmers already sprayed insecticide and we advised farmers to monitor the area regularly.,,"April 2, 2024",10,2023-2024
DS 2023-2024,,April,II,Isabela,Cabatuan,Culling Centro,16.945163,121.644257,Mango,About century,0.2,Carabao,Fruiting Stage,Mango Hopper,,0.2,5,9,0,0.2,0,Farmers already sprayed insecticide. We advised farmers to conduct a regular monitoring.,,"April 2, 2024",2,2023-2024
DS 2023-2024,,April,II,Isabela,Santiago City,Cabulay,16.704643,121.496615,Mung bean,1/3/2024,20,Pagasa 7,Vegetative,White fly,,1,10,9,,0,1,farmers were advised to spray insecticide for the management of white fly.,,"April 2, 2024",15,2023-2024
DS 2023-2024,,April,II,Isabela,San Manuel,Mararigue,17.001235,121.618826,Mung bean,2/25/2024,25,Pag Asa 7,Fruiting Stage,Pod borer,,25,15,9,3,5,20,Advised farmers to spray insecticide for the management of Pod borer.,Revalidated,"April 10, 2024",50,2023-2024
DS 2023-2024,,April,II,Isabela,San Manuel,Mararigue,17.00038,121.618904,Papaya,10/25/2023,0.1,Red Lady,Fruiting Stage,Mealy bug,,0.1,10,9,5,0,0.1,Advised farmers to spray BCA'S for the management of Mealy bug.,Revalidated,"April 10, 2024",1,2023-2024
DS 2023-2024,,April,II,Isabela,Aurora,Kalabaza,16.976021,121.628339,Bitter gourd,1/2/2024,0.5,Galaxy,Fruiting Stage,Fruit fly,,0.5,10,9,3,0.5,0,Advised farmers to put up fruit fly trap or attractant.,Revalidated,"April 11, 2024",2,2023-2024
DS 2023-2024,,April,II,Isabela,Aurora,Kalabaza,16.978141,121.624314,Calamansi,10/1/2016,5,Calamondin,Fruiting Stage,Gummosis,,5,5,9,7,1,4,Advised farmers to prune the infected parts.,Revalidated,"April 11, 2024",6,2023-2024
DS 2023-2024,,April,II,Isabela,Aurora,Bagong Tanza,16.98015,121.616993,Eggplant,2/1/2024,3,Long purple,Fruiting Stage,Fruit and shoot borer,,3,20,9,3,3,0,Advised farmers to spray insecticide for the management of fruit and shoot borer.,Revalidated,"April 11, 2024",4,2023-2024
DS 2023-2024,,April,II,Isabela,Aurora,Villa Nuesa,16.98515,121.617548,Mung bean,2/15/2024,10,Pag Asa 7,Fruiting Stage,Pod borer,,10,15,9,5,3,7,Advised farmers to spray insecticide for the management of shoot borer.,Revalidated,"April 11, 2024",15,2023-2024
DS 2023-2024,,April,II,Isabela,Roxas,Sinamar,17.166825,121.582225,Tomato,2/20/2024,10,Diamante Max F1,Fruiting Stage,Tomato Mosaic,,5,5,9,3,5,0,Advised farmers to spray insecticide and conduct a regular monitoring.,,"April 11, 2024",7,2023-2024
DS 2023-2024,,April,II,Isabela,Cabatuan,Culling East,16.94592,121.65098,Mung bean,1/2/2024,30,Taiwan Green,Flowering,Aphids,,2,5,9,0,2,0,Farmers already sprayed insecticide and we advised farmers to monitor the area regularly.,,"April 02, 2024",35,2023-2024
DS 2023-2024,,April,II,Isabela,Cabatuan,Culling East,16.94592,121.65098,Mung bean,1/2/2024,30,Mg14/Labo,Flowering,Aphids,,2,5,9,0,2,0,Farmers already sprayed insecticide and we advised farmers to monitor the area regularly.,,"April 2,2024",40,2023-2024
DS 2023-2024,,April,II,Isabela,Cabatuan,Culling East,16.94592,121.65098,Mung bean,1/2/2024,16,Pagasa 7,Flowering,Aphids,,1.5,5,9,0,1.5,0,Farmers already sprayed insecticide and we advised farmers to monitor the area regularly.,,"April 2,2024",15,2023-2024
DS 2023-2024,,April,II,Isabela,Cabatuan,Rang-ay,16.9261,121.6154,Mung bean,1/2/2024,80,Taiwan Green,Fruiting Stage,Pod borer,,4,5,9,,3,1,Farmers sprayed insecticide for the management of pod borer. Advised them for a regular monitoring.,,"April 12, 2024",80,2023-2024
DS 2023-2024,,April,II,Isabela,Cabatuan,Rang-ay,16.9261,121.6154,Mung bean,1/2/2024,70,Mg14,Fruiting Stage,Pod borer,,3.5,5,9,,2,1.5,Farmers sprayed insecticide for the management of pod borer. Advised them for a regular monitoring.,,"April 12, 2024",75,2023-2024
DS 2023-2024,,April,II,Isabela,Cabatuan,Macalaoat,16.651068,121.653819,Mung bean,Feb.2024,70,Mg14,Fruiting Stage,Pod borer,,3.5,5,9,,2,1.5,Farmers sprayed insecticide for the management of pod borer. Advised them for a regular monitoring.,,"April 12, 2024",75,2023-2024
DS 2023-2024,,April,II,Isabela,Cabatuan,Macalaoat,16.651068,121.653819,Mung bean,Feb.2024,30,Pagasa 7,Fruiting Stage,Pod borer,,1.5,5,9,,1,0.5,Farmers sprayed insecticide for the management of pod borer. Advised them for a regular monitoring.,,"April 12, 2024",25,2023-2024
DS 2023-2024,,April,II,Isabela,San Manuel,Babanuang,17.045287,121.62326,Mung bean,2/20/2024,50,Pag Asa 7,Flowering,Pod borer,,50,20,9,4,5,45,Advised farmers to spray insecticide for management of pod borer.,Revalidated,"April 18, 2024",85,2023-2024
DS 2023-2024,,April,II,Isabela,San Manuel,District 1,17.001475,121.627332,Mung bean,2/21/2024,35,Pag Asa 7,Flowering,Pod borer,,35,20,9,3,5,30,Advised farmers to spray insecticide for management of pod borer.,Revalidated,"April 18, 2024",50,2023-2024
DS 2023-2024,,April,II,Isabela,Aurora,Ballesteros,16.990249,121.624665,Mung bean,2/21/2024,20,Pag Asa 7,Flowering,Pod borer,,20,25,9,4,2,18,Advised farmers to spray insecticide for management of pod borer.,Revalidated,"April 18, 2024",30,2023-2024
DS 2023-2024,,April,II,Isabela,Roxas,San Rafael,17.1029,121.608623,Mung bean,2/18/2024,10,,Flowering,Pod borer,,10,5,9,2,10,0,Advised farmers to spray insecticide to manage the incidence of pod borers.,,"April 18, 2024",12,2023-2024
DS 2023-2024,,April,II,Isabela,Roxas,San Antonio,17.0953,121.6162,Mung bean,2/20/2024,5,,Fruiting Stage,Pod borer,,5,5,9,2,5,0,Advised farmers to spray insecticide to manage the incidence of pod borers.,,"April 18, 2024",4,2023-2024
DS 2023-2024,,April,II,Nueva Vizcaya,Diadi,Arwas,16.722087,121.37193,Mango,,13,Carabao mango,Reproductive,Fruit fly,,13,25,9,1,5,8,DA RCPC set up a trap for the management of fruitflies.,,"April 19, 2024",2,2023-2024
DS 2023-2024,,April,II,Isabela,San Manuel,Sta. Cruz,17.025176,121.624505,Mung bean,2/20/2024,35,Pag Asa 7,Flowering,Pod borer,,35,25,9,5,5,30,Advised farmers to spray insecticide to control the infestation of pod borers.,Revalidated,"April 25, 2024",45,2023-2024
DS 2023-2024,,April,II,Isabela,San Manuel,Sandiat West,17.060588,121.6264,Mung bean,2/18/2024,40,Pag Asa 7,Flowering,Pod borer,,40,25,9,5,5,35,Advised farmers to spray insecticide to control the infestation of pod borers.,Revalidated,"April 25, 2024",60,2023-2024
DS 2023-2024,,April,II,Isabela,Luna,Lalog 1,16.98546,121.7225076,Mung bean,2/18/2024,25,Pag Asa 7,Flowering,Pod borer,,25,25,9,5,3,22,Advised farmers to spray insecticide to control the infestation of pod borers.,Revalidated,"April 25, 2024",20,2023-2024
DS 2023-2024,,April,II,Isabela,Luna,Lalog 2,16.991577,121.730921,Mung bean,2/17/2024,20,Pag Asa 7,Flowering,Pod borer,,20,15,9,5,2,18,Advised farmers to spray insecticide to control the infestation of pod borers.,Revalidated,"April 25, 2024",40,2023-2024
DS 2023-2024,,April,II,Isabela,Aurora,Malasin,17.0027,121.6732,Eggplant,1/25/2024,3,Aurora Green,Fruiting Stage,Fruit and shoot borer,,3,20,9,5,1,2,Advised farmers to spray insecticide to manage the iincidence of Fruit and shoot borers.,Revalidated,"April 25, 2024",6,2023-2024
DS 2023-2024,,April,II,Isabela,Aurora,Bolinao,16.988502,121.654766,Eggplant,5/1/2024,2,Long purple,Fruiting Stage,Fruit and shoot borer,,2,30,9,5,1,1,Advised farmers to spray insecticide to manage the iincidence of Fruit and shoot borers.,Revalidated,"April 25, 2024",5,2023-2024
DS 2023-2024,,May,II,Isabela,Echague,San Felipe,16.601128,121.696642,Banana,7/23/2024,5,Lakatan,Vegetative,Banana spider mites,,0.8,50,3,multiple,0,0.8,Advised farmer to spray insecticide to manage/control pest damaged and we alsoadviced the farmer to conduct a close monitoring.,,"May 2, 2024",1,2023-2024
DS 2023-2024,,May,II,Isabela,Reina Mercedes,Binarsang,17.0207,121.734,Eggplant,2/5/2024,2.5,Longpurple,Fruiting Stage,Fruit and shoot borer,,2.5,20,5,-,1,1.5,Advice farmers to spray insecticide for the management of fruit and shoot borer.,Revalidated,"May 2, 2024",5,2023-2024
DS 2023-2024,,May,II,Isabela,Reina Mercedes,Binarsang,17.0207,121.734,Bottle gourd,2/10/2024,1,Mayumi F1,Fruiting Stage,Fruit fly,,1,15,3,-,1,0,Advised farmers to install/put up insect trap for the management of Fruit fly.,Revalidated,"May 2, 2024",2,2023-2024
DS 2023-2024,,May,II,Isabela,Aurora,Bagnos,17.009583,121.680945,Mung bean,2/10/2024,15,PAG ASA 7,Fruiting Stage,Pod borer,,15,15,3,-,5,25,Advised farmers to spray insecticide for the management of pod borer.,Revalidated,"May 2, 2024",30,2023-2024
DS 2023-2024,,May,II,Isabela,Aurora,Diamantina,17.002846,121.653065,Mung bean,2/8/2024,20,PAG ASA 7,Fruiting Stage,Pod borer,,20,15,3,-,5,15,Advised farmers to spray insecticide for the management of pod borer.,Revalidated,"May 2, 2024",40,2023-2024
DS 2023-2024,,May,II,Isabela,Aurora,Sta. Rita,16.99191,121.64142,Mung bean,2/8/2024,10,PAG ASA 7,Fruiting Stage,Pod borer,,10,15,3,-,2,8,Advised farmers to spray insecticide for the management of pod borer.,Revalidated,"May 2, 2024",25,2023-2024
DS 2023-2024,,May,II,Isabela,San Manuel,Dist. 2,17.01992,121.64093,Mung bean,2/20/2024,25,Pag Asa 7,Flowering,Pod borer,,25,20,5,-,5,20,Advised farmers to spray insecticide for the management of pod borer.,Revalidated,"May 2, 2024",50,2023-2024
DS 2023-2024,,May,II,Isabela,San Manuel,Dist. 4,17.02807,121.63954,Mung bean,2/18/2024,20,Pag Asa 7,Flowering,Pod borer,,20,15,3,-,5,15,Advised farmers to spray insecticide for the management of pod borer.,Revalidated,"May 2, 2024",40,2023-2024
DS 2023-2024,,May,II,Isabela,San Manuel,Pisang,17.03711,121.66254,Mung bean,2/20/2024,30,Pag Asa 7,Flowering,Pod borer,,30,15,3,-,10,20,Advised farmers to spray insecticide for the management of pod borer.,Revalidated,"May 2, 2024",55,2023-2024
DS 2023-2024,,May,II,Isabela,San Manuel,Sandiat Centro,17.07065,121.63898,Mung bean,2/17/2024,15,Pag Asa 7,Flowering,Pod borer,,15,15,3,-,5,10,Advised farmers to spray insecticide for the management of pod borer.,Revalidated,"May 2, 2024",30,2023-2024
DS 2023-2024,,May,II,Isabela,San Manuel,Mararigue,17.001137,121.618869,Mung bean,2/20/2024,5,Pag Asa 7,Poding,Green Vegetable bug,,5,25,5,,0,5,Advised farmers to spray insecticide for the management of bugs.,Revalidated,"May 9, 2024",10,2023-2024
DS 2023-2024,,May,II,Isabela,Roxas,Munoz East,17.145352,121.616683,Mung bean,3/26/2024,5,Pag asa 7,Fruiting Stage,Pod borer,,2,5,1,2,5,0,Advised farmers to spray insecticide at early stage when insect occurs.,,"May 9, 2024",4,2023-2024
DS 2023-2024,,May,II,Isabela,City of Ilagan ,Baculud,17.1478,121.8937,Pepper,1/12/2023,0.8,"Aruy-uy, pakbet",Fruiting Stage,Fusarium Wilt,,0.8,5,7,-,0.8,0,Advised farmers to conduct drenching of Fungicide to prevent the spread of Fungal Diseases.,,"May 15, 2024",2,2023-2024
DS 2023-2024,,May,II,Isabela,Roxas,Marcos,17.1673783,121.5810917,Beans,5/18/2024,0.7,Star Premium,Seedling,Aphids,,0.7,5,3,,0.7,0,Advised farmers to spray insecticide and conduct a follow up applicaton of BCA.,,"May 30, 2024",2,2023-2024
DS 2023-2024,,May,II,Quirino,Aglipay,San Leonardo,16.487908,121.58567,Cacao,11/11/2011,1,Cacao,Reproductive,Pod rot,,1,1,1,3,0,1,Advised farmers to remove damaged fruit for disposal and spray biological control agents for management.,,"May 29, 2024",1,2023-2024
WS 2024,PPV-24-0001,June,II,Isabela,Burgos,Culalabo Norte,17.11326,121.7066833,Luffa Gourd,5/29/2024,0.7,Premera F1,Vegetative,Leaf Miner,0.7,0.7,2,1,2,0.7,0,Advised farmer to spray insecticide and apply BCAs.,,"June 6, 2024",1,2023-2024
WS 2024,PPM-24-0002,June,II,Nueva Vizcaya,Kasibu,Binogawan,16.367192,121.40089,Citrus,1/7/1905,30,Satzuma,Reproductive,Rind borer,15,15,5,1,,15,0,Advised farmers to spray EPF or recommended insecticide to manage the infestation of rind borer.,,"June 6, 2024",17,2024
WS 2024,PPM-24-0003,June,II,Nueva Vizcaya,Kasibu,Tadji,16.367192,121.400893,Citrus,1/7/1905,25,Satzuma,Reproductive,Rind borer,10,10,5,1,,10,0,Advised farmers to spray EPF or recommended insecticide to manage the infestation of rind borer.,,"June 6, 2024",12,2024
WS 2024,PPM-24-0004,June,II,Nueva Vizcaya,Kasibu,Malabing,16.367192,121.400893,Citrus,1/7/1905,50,Satzuma,Reproductive,Rind borer,20,20,5,1,,20,0,Advised farmers to spray EPF or recommended insecticide to manage the infestation of rind borer.,,"June 6, 2024",23,2024
WS 2024,PPM-24-0005,June,II,Isabela,Roxas,San Placido,17.15081667,121.5697367,Pomelo,7/13/1905,28,Menzi,Vegetative,Gummosis,28,2,2,9,,2,0,Farmer conducted prunning on the infected plants and DA-RCPC provides Fungicide/Bactericide for the management of the disease.,,"June 24, 2024",1,2024
WS 2024,PPM-24-0006,June,II,Isabela,Roxas,San Placido,17.15081667,121.5697367,Coconut,7/13/1905,2,Coco pandan,Vegetative,Red palm weevil,10,10,3,9,1,10,0,DA RCPC provides insecticide and farmer applied insecticide to manage the infestation of the pest.,,"June 24, 2024",1,2024
WS 2024,PPM-24-0007,June,II,Isabela,Roxas,San Placido,17.15081667,121.5697367,Rambutan,7/13/1905,5,-,Flowering,Anthracnose,5,5,5,9,,5,0,Advised farmer to sprayed Fungicide and continuous monitoring,,"June 24, 2024",1,2024
WS 2024,PPM-24-0008,June,II,Isabela,Burgos,Dalig Viejo,17.0274884,121.710656,Calamansi,1/5/2015,3,Calamondin,Fruiting Stage,Rind borer,3,0.5,17,3,,0.5,0,Advice farmers to spray recommended insecticide for the management of the pest and conduct a regular monitoring.,,"June 27, 2024",2,2024
WS 2024,PPM-24-0009,June,II,Isabela,Aurora,Bagong Tanza,16.977613,121.620035,Bitter gourd,4/25/2024,0.8,Galaxy,Fruiting Stage,Fruit fly,0.8,0.1,12,3,-,0.1,0,Advised farmers to put insect attractant for the management of fruit fly.,,"June 27, 2024",2,2024
WS 2024,PPM-24-0010,June,II,Isabela,Aurora,Kalabaza,16.976711,121.62814,Eggplant,2/4/2024,2.5,Longpurple,Fruiting Stage,Fruit borer,2.5,0.3,12,3,-,0.3,0,Advice farmers to spray recommended insecticide for the management of the pest and conduct a regular monitoring.,,"June 27, 2024",0,2024
WS 2024,PPM-24-0011,June,II,Isabela,Aurora,Bagong Tanza,16.977839,121.6275567,Calamansi,1/5/2016,5,Calamondin,Fruiting Stage,Gummosis,5,0.4,8,3,-,0,0.4,Advised farmers to conduct prunning to manage the infection of the disease.,,,2,2024
WS 2024,PPM-24-0012,July,II,Isabela,Aurora,Kalabaza,16.972597,121.625189,Calamansi,1/7/2016,12,Calamondin,Fruiting Stage,Rind borer,12,3,25,3,-,2,1,Advised farmers to spray recommended insecticide for the management of rind borer and conduct a regular monitoring.,,"July 11, 2024",8,2024
WS 2024,PPM-24-0013,July,II,Isabela,Jones,Barangay 2,16.5515,121.70218,String beans,1/5/2024,0.02,Negro star,Flowering,Aphids,0.02,0.008,40,3,5,0,0.008,Advised farmer to spray botanical pesticides for the management of pest.,,"July 10, 2024",1,2024
WS 2024,PPM-24-0014,July,II,Isabela,Jones,Barangay 2,16.55146,121.70218,Okra,1/5/2024,0.03,Lady Finger,Flowering,GLH,0.03,0.012,40,3,,0,0.012,Advised farmer to spray botanical pesticides for the management of pest.,,"July 10, 2024",2,2024
WS 2024,PPM-24-0015,July,II,Isabela,Jones,Payac,16.5753,12169102,Cacao,Year 2009,1,K9,Fruiting Stage,Cherelle wilt,1,0.2,20,3,,0,0.2,Advised farmer to construct drainage for exces water and spray fungicide to manage the indicence of the disease.,,"July 10, 2024",1,2024
WS 2024,PPM-24-0016,July,II,Isabela,Roxas,Sinamar,17.169765,121.5732133,Squash,6/20/2024,1.2,Suprema F1,Vegetative,Squash Beetle,1.2,0.06,5,3,3,0.06,0,Advised farmer to spray recommended insecticide and follow up application of BCA to manage the pest.,,"July 18, 2024",4,2024
WS 2024,PPM-24-0017,July,II,Isabela,Aurora,Saranay,16.982847,121.653689,Eggplant,1/2/2024,3,Aurora Green,Fruiting Stage,Phomopsis blight,3,0.3,10,3,,0.3,0,Advised farmers to spray fungicide for the management of the disease.,,"July 18, 2024",2,2024
WS 2024,PPM-24-0018,July,II,Isabela,Roxas,San Placido,17.15025167,121.5848017,Pomelo,7/14/1905,3,Menzi Pomelo Davao,Vegetative,Leaf Miner,3,0.15,5,9,,0.15,0,Farmer sprayed insecticide. Advised the farmer to apply BCA and conduct a continuous monitoring.,,"July 26, 2024",1,2024
WS 2024,PPM-24-0019,July,II,Nueva Vizcaya,Bagabag,Villaros,16.608555,121.291845,Pomelo,-,1.5,Sweet Abulug Pomelo,Reproductive,Leaf Miner,1.5,0.75,50,1,,0.75,0,Farmer sprayed insecticide. Advised the farmer to apply BCA and conduct a continuous monitoring.,,"July 19, 2024",1,2024
WS 2024,PPM-24-0020,July,II,Nueva Vizcaya,Diadi,Arwas,16.72219,121.37179,Mango,-,1.5,Carabao mango,Reproductive,Anthracnose,1.5,0.75,50,1,,0.75,0,Advised farmer to conduct a continuous monitoring.,,"July 22, 2024",1,2024
WS 2024,PPV-24-0021,July,II,Nueva Vizcaya,Aritao,Common,16.2608531,121.0410183,Coconut,7/14/1905,1.5,Unknown,-,Weevil,1.5,0.3,20,9,,0.3,0,Advised farmer to spray recommended insecticide for the management of the pest and conduct a regular monitoring.,,"July 26, 2024",1,2024
WS 2024,PPM-24-0021,August,II,Quirino,Maddela,Cofcaville,16.396393,121.697788,Banana,10/21/2022,5,Lacatan,Fruiting Stage,Black sigatoka,5,2,40,3,,2,0,Advised farmers to remove the infected leaves and spray fungicide for the management of the disease.,,"August 1, 2024",2,2024
WS 2024,PPM-24-0022,August,II,Quirino,Maddela,Cofcaville,16.396823,121.698003,Banana,1/11/2022,6,Latondan/Aritondal,Fruiting Stage,Fusarium wilt,6,1.2,20,3,,1.2,0,Advised farmers to remove the infected leaves and spray fungicide for the management of the disease.,,"August 1, 2024",2,2024
WS 2024,PPM-24-0023,August,II,Isabela,Luna,Lalog 1,16.98889,121.720784,Mango,1/6/2017,0.5,Nanduk Mai,Fruiting Stage,Fruit fly,0.5,0.025,3,5,,0.025,0,Advised farmers to put attractant for the management of fruit fly.,,"August 8, 2024",1,2024
WS 2024,PPM-24-0024,August,II,Isabela,Quezon,Minagbag,17.38926833,121.6155,Squash,1/7/2024,1.8,Suprema F1,Vegetative,Squash Beetle,1.8,0.2,2,1,4,0.2,0,DA RCPC provides trichogrmma cards for the management of the pest. Advised farmers to monitor the area regularly.,,"August 8, 2024",4,2024
WS 2024,PPM-24-0025,August,II,Isabela,Quezon,Minagbag,17.38924833,121.6156083,Bitter gourd,1/7/2024,3,Galaxy Max F1,Vegetative,Fruit fly,3,0.4,8,1,,0.4,0,DA RCPC provides trichogrmma cards for the management of the pest. Advised farmers to monitor the area regularly.,,"August 8, 2024",2,2024
WS 2024,PPM-24-0026,August,II,Quirino,Diffun,Cajel,16.54757,121.510882,Eggplant,5/24/2024,0.5,Mojito,Reproductive,Shoot Borer,0.5,0.025,5,3,,0.025,0,Advised farmers to remove the infected shoots and spray BCA for the management of the pest.,,"August 6, 2024",2,2024
WS 2024,PPM-24-0027,August,II,Quirino,Diffun,Cajel,16.547335,121.511002,Pole sitao,5/24/2024,0.3,Negrostar,Reproductive,Leaf miner,0.3,0.015,5,3,,0.015,0,Advised farmers to spray recommended insecticide and conduct a fallow-up application of BCA for management.,,"August 6, 2024",1,2024
WS 2024,PPM-24-0028,August,II,Quirino,Diffun,Cajel,16.54883,121.530495,Bitter gourd,6/21/2024,0.5,Galaxy Max,Reproductive,Fruit fly,0.5,0.5,5,3,,0.5,0,Farmers applied pheromone trap and biological control agents.,,"August 20, 2024",2,2024
WS 2024,PPM-24-0029,August,II,Quirino,Diffun,Cajel,16.548763,121.530568,Sponge Gourd,6/26/2024,0.2,Aura,Reproductive,Leaf miner,0.2,0.2,3,3,,0.2,0,Farmers already apply insecticide. Advised them for a regular monitoring.,,"August 20, 2024",1,2024
WS 2024,PPM-24-0030,August,II,Isabela,Roxas,San Placido,17.15061333,121.5696567,Citrus,8/22/2024,8,Menzy Sweet Pomelo,Flowering,Leaf miner,8,4,15,3,,4,0,Farmer sprayed insecticide and follow up BCA.,,"August 30, 2024",1,2024
WS 2024,PPM-24-0031,August,II,Isabela,Santiago City,Cabulay,16.723317,121.50387,Squash,5/6/2024,0.3,Ibana F1,Flowering,Squash Beetle,0.3,0.015,5,3,,0.3,,Advised farmers to spray recommended insecticide for management.,,"August 28, 2024",2,2024
WS 2024,PPM-24-0032,August,II,Isabela,Santiago City,Cabulay,16.7236,121.504,Eggplant,5/15/2024,0.3,Calixto F1,Fruiting Stage,Shoot borer,0.3,0.09,30,3,,0.3,,Advised farmers to spray insecticide when monitored adult shoot borer and use pheromone traps for management.,,"August 28, 2024",2,2024
WS 2024,PPM-24-0167,August,II,Quirino,Diffun,Villa Pascua,16.599987,121.538492,Banana,5/23/2024,3,Laccatan,Reproductive,Black sigatoka,3,0.9,30,3,,0,0.9,Advised farmers to remove the infected leaves and spray fungicide for the management of the disease.,,"August 29, 2024",2,2024
WS 2024,PPM-24-0168,August,II,Nueva Vizcaya,Bagabag,Villaros,16.608555,121.291845,Pomelo,,1.5,,Reproductive,Leaf miner,1.5,1.5,40,1,,1.5,,Already sprayed insecticide,,"August 20, 2024",1,2024
WS 2024,PPM-24-0036,September,II,Nueva Vizcaya,Quezon,Runruno,16.4289853,121.3206451,Ginger,4/15/2024,20,Hawai,Vegetative,Fusarium wilt,10,4,40,5,,0,4,DA-RCPC provides BCA(Trichoderma) for the management of the disease. Advised farmers to remove the infected plants.,,"September 5, 2024",8,2024
WS 2024,PPM-24-0037,September,II,Isabela,Reina Mercedes,Santiago,17.025518,121.774007,Bitter gourd,6/25/2024,0.3,Galaxy,Fruiting Stage,Fruit fly,0.3,0.006,2,3,,0.3,0,Advised farmers to put up fruit fly trap for the management of fruit fly and conduct a continuous monitoring.,,"September 12, 2024",2,2024
WS 2024,PPM-24-0038,September,II,Isabela,Reina Mercedes,Binarsang,17.0207,121.734,Calamansi,5/6/2014,2,Calamondin,Fruiting Stage,Gummosis,2,0.04,2,3,,0.2,0.2,Advice farmers to prune infected parts for the management of gummosis.,,"September 12, 2024",2,2024
WS 2024,PPM-24-0039,September,II,Isabela,Reina Mercedes,Binarsang,17.0207,121.734,Eggplant,2/6/2024,0.5,Longpurple,Fruiting Stage,Shoot borer,0.5,0.01,2,3,,0.1,0,Advised farmers to spray recommended insecticide for the management of the pest and conduct a continuous monitoring.,,"September 12, 2024",1,2024
WS 2024,PPM-24-0040,September,II,Isabela,Reina Mercedes,Binarsang,17.0207,121.734,Bitter gourd,6/15/2024,0.2,Galaxy,Fruiting Stage,Fruit fly,0.2,0.004,2,3,,0.004,0,Advised farmers to put up fruit fly trap for the management of fruit fly and conduct a continuous monitoring.,,"September 12, 2024",2,2024
WS 2024,PPM-24-0041,September,II,Isabela,Reina Mercedes,Sallucong,17.021967,121.738351,Pole sitao,6/20/2024,0.2,Sierra madre,Fruiting Stage,Aphids,0.2,0.006,2,3,,0.006,0,Advised farmers to spray recmmended insecticide to manage the pest and conduct a continuous monitoring.,,"September 12, 2024",2,2024
WS 2024,PPM-24-0042,September,II,Isabela,Aurora,Macatal,16.964623,121.600258,Calamansi,6/15/2014,2.5,Calamondin,Fruiting Stage,Gummosis,2.5,0.075,3,3,,0,2.5,Advice farmers to prune infected parts for the management of gummosis.,,"September 12, 2024",3,2024
WS 2024,PPM-24-0043,September,II,Isabela,Aurora,Sta. Rosa,16.989585,121.633664,Calamansi,6/6/2025,1,Calamondin,Fruiting Stage,Scab,1,0.05,5,3,,0,1,Advised farmer to conduct a continuous monitoring.,,"September 19, 2024",1,2024
WS 2024,PPM-24-0044,September,II,Isabela,San Mateo,Daramungan Sur,16.89317,121.59332,Eggplant,7/15/2024,0.05,Calixto F1,Flowering,White fly,0.05,0.025,50,1,,0.05,0,Advised farmer to spray recommended insecticide to control white fly infestation.,,"September 12, 2024",1,2024
WS 2024,PPM-24-0045,September,II,Isabela,San Mateo,Daramungan Sur,16.89307,121.59333,Pole Sitao,7/17/2024,0.05,Negro star,Flowering,Leaf miner,0.05,0.015,30,1,,0.05,0,"Advised farmer to monitor regularly, remove the infected leaves and use traps for adult leaf miner.",,"September 12, 2024",1,2024
WS 2024,PPM-24-0046,September,II,Isabela,Roxas,San Placido,17.132766,121.617322,Beans,4/8/2024,1.3,Bongga,Vegetative,Leaf Miner,1.3,0.13,10,1,1,0.13,0,Advised farmers to apply recommended insecticide and BCA for the management of the pest.,,"September 27, 2024",2,2024
WS 2024,PPM-24-0047,September,II,Isabela,Roxas,San Placido,17.132766,121.617322,Pepper,12/8/2024,0.7,Diango DOS F1,Vegetative,Aphids,0.7,0.07,5,1,,0.07,0,Advised farmers to apply recommended insecticide and BCA for the management of the pest.,,"September 27, 2024",1,2024
WS 2024,PPM-24-0048,October,II,Isabela,City of Ilagan ,Arusip,17.102915,121.841513,Eggplant,2/5/2024,1,Fortuner,Fruiting Stage,Shoot and Fruit borer,1,0.5,10,3,6,0.5,0,Farmers already sprayed insecticide. Advised farmers to use BCAs in managing pest.,,"October 1, 2024",2,2024
WS 2024,PPM-24-0049,October,II,Isabela,Reina Mercedes,Santiago,17.031314,121.751644,Calamansi,9/20/2024,1.5,Calamondin,Fruiting Stage,Gummosis,1.5,0.045,3,3,-,0.045,0,Advised farmer to conduct pruning for management and conduct a regular monitoring.,,"October 3, 2024",1,2024
WS 2024,PPM-24-0050,October,II,Isabela,Reina Mercedes,Santiago,17.028716,121.749307,Bottle gourd,5/7/2024,0.5,Mayumi,Fruiting Stage,Fruit fly,0.5,0.01,2,3,-,0.01,0,Advised farmer to put attractant for the management of fruit fly.,,"October 3, 2024",1,2024
WS 2024,PPM-24-0051,October,II,Quirino,Diffun,San Isidro,16.63245,121.505405,Bitter gourd,,0.3,Galaxy,Reproductive,Fruit fly,0.3,0.015,5,3,-,0.015,0,Advised farmer to apply supernet for management the fruit fly.,,"October 1, 2024",1,2024
WS 2024,PPM-24-0052,October,II,Quirino,Diffun,San Isidro,16.63217,121.50511,Eggplant,7/21/2024,0.2,Fortuner,Flowering,Shoot borer,0.2,0.006,3,3,-,0.006,0,Advice farmers to remove all the infected shoots.,,"October 1, 2024",1,2024
WS 2024,PPM-24-0053,October,II,Isabela,Burgos,Singson,17.035142,121.744569,Calamansi,1/7/2013,1.2,Calamondin,Fruiting Stage,Gummosis,1.2,0.06,5,3,-,0.06,0,Advised farmers to conduct pruning for the management of gummosis and conduct a continuous monitoring.,,"October 10, 2024",1,2024
WS 2024,PPM-24-0054,October,II,Isabela,Burgos,Catabban,17.033711,121.743143,Calamansi,1/7/2013,2.5,Calamondin,Fruiting Stage,Scab,2.5,0.375,15,3,-,0.375,0,Advised farmers to spray fungicide for the management of scab and conduct a regular monitoring.,,"October 10, 2024",2,2024
WS 2024,PPM-24-0055,October,II,Isabela,Aurora,Dalig Kalinga,17.010352,121.695008,Eggplant,1/8/2024,2.2,Longpurple,Fruiting Stage,Fruit borer,2.2,0.154,7,3,-,0.154,0,Advised farmers to spray recommended insecticide for the management of fruit borer and conduct a continuous monitoring.,,"October 10, 2024",2,2024
WS 2024,PPM-24-0056,October,II,Isabela,Aurora,Esperanza East,17.007143,121.69085,Calamansi,1/6/2014,1,Calamondin,Fruiting Stage,Gummosis,1,0.05,5,3,-,0.05,0,Advised farmers to spray fungicide for the management of gummosis and continuous monitoring.,,"October 10, 2024",1,2024
WS 2024,PPM-24-0057,October,II,Isabela,City of Ilagan ,Baculud,17.15097627,121.903461,Squash,2/9/2024,5,Gracia F1,Vegetative,Squash Beetle,5,3.75,75,3,4,5,0,Farmers sprayed insecticide. Advised farmers to monitor the area regularly.,,14-Oct-24,10,2024
WS 2024,PPM-24-0058,October,II,Isabela,Cabatuan,"Sitio Malasin, Macalaoat",16.933363,121.628302,Eggplant,7/15/2024,0.2,Calixto F1,Fruiting Stage,Shoot borer,0.2,0.08,40,1,,0.08,0,Advised farmer to conduct pruning to control the infestation and apply insecticide if necessary.,,9-Oct-24,1,2024
WS 2024,PPM-24-0059,October,II,Quirino,Cabarroguis,Villarose,16.502962,121.49407,Banana,6/17/2024,6,Saba,Reproductive,BBTV,6,1.8,30,3,,0,1.8,Advised farmer to remove the infected plants and spray insecticide to manage infection.,,9-Oct-24,1,2024
WS 2024,PPM-24-0060,October,II,Quirino,Cabarroguis,Gomez,16.466368,121.496665,Banana,5/22/2024,3,Laccatan,Fruiting Stage,Black Sigatoka,3,0.9,30,3,,0,0.9,Advised farmer to remove the affected leaves and spray fungicide for the management.,,15-Oct-24,2,2024
WS 2024,PPM-24-0061,October,II,Quirino,Cabarroguis,Gomez,16.466145,121.496643,Banana,10/23/2024,2,Latondan,Fruiting Stage,BBTV,2,0.4,20,1,,0,0.4,Advised farmer to remove the affected plants and sterilize the hole before planting.,,15-Oct-24,1,2024
WS 2024,PPM-24-0062,October,II,Quirino,Aglipay,Cabugao,16.452877,121.56269,Banana,6/16/2024,8,Saba,Reproductive,BBTV,8,1.6,20,1,,0,1.6,Advised farmers to remove the affected plants.,,22-Oct-24,1,2024
WS 2024,PPM-24-0063,October,II,Quirino,Aglipay,Cabugao,16.452627,121.566168,Banana,5/19/2024,3,Laccatan,Reproductive,Black Sigatoka,3,0.9,30,1,,3,0,Advised farmers to remove the affected leaves and spray Fungicide if needed.,,22-Oct-24,2,2024
WS 2024,PPM-24-0064,October,II,Isabela,Echague,San Felipe,16.601003,121.696737,Banana,7/15/2023,1.5,Lakatan,Fruiting Stage,Black Sigatoka,1.5,0.5,33.84,9,,1.5,0,Advised farmers to conduct continuous monitoring and apply insecticide if needed.,,22-Oct-24,1,2024
WS 2024,PPM-24-0065,October,II,Isabela,Echague,San Felipe,16.60125,121.6963,Banana,7/15/2023,1.5,Lakatan,Fruiting Stage,Mealy bug,1.5,0.12,8.33,9,,1.5,0,Advised farmers to conduct continuous monitoring and apply insecticide if needed.,,22-Oct-24,1,2024
WS 2024,PPM-24-0066,November,II,Quirino,Cabarroguis,Banuar,16.505172,121.563102,Coffee,5/24/2024,1,Robusta coffe,Fruiting Stage,Coffe Berry Disease,1,0.35,35,3,,0,0.35,Advised farmers to monitor the area reularly and spray Fungicide if needed.,,4-Nov-24,2,2024
WS 2024,PPM-24-0067,November,II,Isabela,Roxas,Marcos,17.16793667,121.579525,Tomato,3/10/2024,10,Diamante Max F1,Vegetative,Late blight,10,0.5,5,3,,0.5,0,Advised farmer to spray fungicide for management and conduct a close monitoring.,,8-Nov-24,3,2024
WS 2024,PPM-24-0068,November,II,Isabela,Roxas,Marcos,17.16793667,121.579525,Squash,4/10/2024,2.5,Malandi,Vegetative,Squash Beetle,2.5,0.7,3,1,3,0.7,0,Advised farmer to spray insecticide for the management of the pest and conduct a close monitoring.,,8-Nov-24,2,2024
WS 2024,PPM-24-0069,November,II,Isabela,Santiago City,Ambalatungan,16.71705,121.525438,Bitter Gourd,10/8/2024,0.05,Galaxy F1,Fruiting Stage,Leaf spot,0.05,0.0045,9,9,,0.05,0,Advised farmer to conduct continuous monitoring and apply fungicide if necessary to management the disease.,,5-Nov-24,1,2024
WS 2024,PPM-24-0070,November,II,Isabela,Santiago City,Ambalatungan,16.716947,121.525468,Bitter Gourd,10/8/2024,0.05,Galaxy F1,Fruiting Stage,Bacterial wilt,0.05,0.005,10,9,,0.05,0,Advised farmer to conduct continuous monitoring and apply fungicide if necessary to management the disease.,,5-Nov-24,1,2024
WS 2024,PPM-24-0071,November,II,Isabela,Santiago City,Ambalatungan,16.719607,121.52668,Bitter Gourd,10/8/2024,0.05,Galaxy F1,Fruiting Stage,Namamarako,0.05,0.0031,6.33,9,,0.05,0,Advised farmer to conduct continuous monitoring and apply fungicide if necessary to management the disease.,,5-Nov-24,1,2024
WS 2024,PPM-24-0072,November,II,Isabela,Santiago City,Ambalatungan,16.7171,121.5253,Eggplant,7/20/2024,0.03,Domino F1,Fruiting Stage,Fruit borer,0.03,0.002,8,9,,0.03,0,Advised farmer to conduct continuous monitoring and apply pesticide if necessary to management the pest.,,5-Nov-24,1,2024
WS 2024,PPM-24-0073,November,II,Quirino,Diffun,San Isidro,16.632422,121.505472,Tomato,9/28/2024,0.2,Diamante,Fruiting Stage,Leaf miner,0.2,0.016,8,5,,0.016,0,Advised farmer to spray recommended insecticide for the management of the pest.,,5-Nov-24,1,2024
WS 2024,PPM-24-0074,November,II,Quirino,Diffun,San Isidro,16.632467,121.50548,Tomato,9/28/2024,0.2,Diamante,Fruiting Stage,Fruit worm,0.2,0.04,20,3,,0.04,0,Advised farmer to remove the affected fruits and spray insecticide if needed.,,5-Nov-24,1,2024
WS 2024,PPM-24-0075,November,II,Quirino,Diffun,San Isidro,16.632277,121.505267,Eggplant,7/21/2024,0.2,Amor F1,Fruiting Stage,Fruit borer,0.2,0.04,20,1,,0.04,0,Advised farmers to remove the affected fruits and spray insecticide if needed.,,5-Nov-24,2,2024
WS 2024,PPM-24-0076,November,II,Isabela,Gamu,Upi,17.081731,121.852331,Sugarcane,4/1/2024,5,,Maturity,Eye spot,5,1,20,3,,0,5,Advised farmers to harvest.,,8-Nov-24,2,2024
WS 2024,PPM-24-0077,November,II,Isabela,Aurora,Victoria,16.990049,121.671342,Eggplant,10/8/2024,3,Longpurple,Fruiting Stage,Fruit borer,3,0.75,25,3,,0.75,0,Advised farmers to spray insecticide to manage the pest and conduct a follow up application of EPF.,,8-Nov-24,6,2024
WS 2024,PPM-24-0078,November,II,Isabela,Aurora,Macatal,16.603899,121.603899,Bottle gourd,11/8/2024,1.5,,Fruiting Stage,Fruit fly,1.5,0.375,25,3,,0,0.375,Advised farmers to harvest the harvestable fruits and put up trap to mange the incidence of the pest.,,8-Nov-24,4,2024
WS 2024,PPM-24-0079,November,II,Isabela,Aurora,Sili,16.978946,121.64062,Calamansi,1/6/2015,3,Calamondin,Fruiting Stage,Gummosis,3,0.3,10,3,-,0,0.3,Advised farmers to conduct pruning to manage the disease.,,21-Nov-24,5,2024
DS 2024-2025,PPM-24-0080,December,II,Isabela,Burgos,Singson,17.035647,121.7462226,Eggplant,1/10/2024,1.2,Longpurple,Fruiting Stage,Fruit borer,1.2,0.096,8,3,-,0.096,0,Advised farmers to spray insecticide and conduct a follow up application of EPF. Advised for a continuous monitoring.,,4-Dec-24,3,2024
DS 2024-2025,PPM-24-0081,December,II,Isabela,San Mateo,Daramungan Sur,16.889243,121.591015,Coconut,6/17/2025,0.3,Tall Variety,Vegetative,Coconut bud rot,0.3,0.06,20,9,,0,0.06,Advised farmer to apply fungicide to manage the infection of the disease.,,12-Dec-24,1,2024
DS 2024-2025,PPM-24-0082,December,II,Isabela,San Mateo,Daramungan Sur,16.889315,121.591183,Coconut,6/17/2025,0.3,Tall Variety,Vegetative,Bipolaris leaf spot,0.3,0.099,33,9,,0,0.099,Advised farmer to apply fungicide to manage the infection of the disease.,,12-Dec-24,1,2024
DS 2024-2025,PPM-24-0083,December,II,Quirino,Diffun,Cajel,16.55184,121.530203,Bitter gourd,9/15/2024,2,Galaxy Max,Fruiting Stage,Fruit fly,2,0.228,11.4,5,,0.228,0,Advised farmers to conduct acontinuous monitoring and apply supernet for the management of the pest.,,12-Dec-24,8,2024
DS 2024-2025,PPM-24-0084,December,II,Quirino,Diffun,Cajel,16.547262,121.510615,Pole Sitao,2/11/2024,1.5,Negrostar,Flowering,Leaf miner,1.5,0.11,7.36,3,,0.11,0,Advised farmers to spray insecticide for the management of the pest..,,12-Dec-24,5,2024
DS 2024-2025,PPM-24-0085,December,II,Isabela,Aurora,Bolinao,16.999325,121.659678,Calamansi,1/6/2010,3.5,Calamondin,Fruiting Stage,Gummosis,3.5,0.175,5,3,-,0,0.175,Advised farmers to conduct pruning for the management of the disease.,,19-Dec-24,6,2024
DS 2024-2025,PPM-24-0086,December,II,Isabela,Aurora,Bolinao,16.98844,121.655025,Eggplant,9/15/2024,3.5,Longpurple,Fruiting Stage,Shoot borer,3.5,0.35,10,3,-,0.35,0,Advised farmers to spray insecticide for management and conduct a follow up application of EPF. Conduct continuous monitoring.,,19-Dec-24,7,2024
DS 2024-2025,PPM-24-0087,December,II,Isabela,Aurora,Victoria,16.991593,121.665418,Eggplant,10/9/2024,4,Longpurple,Fruiting Stage,Fruit borer,4,0.2,5,3,-,0.2,0,Advised farmers to spray insecticide for management and conduct a follow up application of EPF. Conduct continuous monitoring.,,20-Dec-24,10,2024
DS 2024-2025,PPM-24-0088,December,II,Isabela,Aurora,Malasin,17.0027,121.6732,Eggplant,9/15/2024,7,Longpurple,Fruiting Stage,Shoot borer,7,0.35,5,3,-,0.35,0,Advised farmers to spray insecticide for management and conduct a follow up application of EPF. Conduct continuous monitoring.,,20-Dec-24,10,2024
DS 2024-2025,PPM-24-0089,December,II,Quirino,Diffun,Cajel,16.54567,121.528217,Banana,5/24/2025,3,Laccatan,8months,Black Sigatoka,3,0.206,6.89,5,-,0.206,0,Advised farmers to remove the affected leaves and spray Fungicide/bactericide.,,17-Dec-24,2,2024
DS 2024-2025,PPM-24-0090,December,II,Quirino,Diffun,Cajel,16.55186,121.529972,Eggplant,3/9/2024,0.8,Calixto,Fruiting Stage,Fruit borer,0.8,0.044,5.55,3,-,0.044,0,Advised farmers to remove the affected fruits and spray insecticide to manage the pest.,,17-Dec-24,4,2024
DS 2024-2025,PPM-24-0091,December,II,Isabela,Jones,Payac,16.575848,121.691238,Cacao,9/6/2025,3,K9,Fruiting Stage,Bark borer,3,1.2,40,9,2,1.2,0,Advised farmer to conduct pruning of the unnecessary branches and apply insecticide to control pest incidence.,,17-Dec-24,1,2024
DS 2024-2025,PPM-24-0092,December,II,Isabela,Jones,Payac,16.575428,121.6909,Cacao,9/6/2025,3,K9,Fruiting Stage,Mealy bug,3,0.6,20,9,2,0.6,0,Advised farmer to conduct pruning of the unnecessary branches and apply insecticide to control pest incidence.,,17-Dec-24,1,2024
DS 2024-2025,PPV-25-0093,January,II,Cagayan,Gonzaga,Sta. Clara,18.2374997,122.0483789,Cucumber,12/24/2025,5,Eastwest Lega C F1,Flowering,Bacterial wilt,5,0.7,1,1,-,0.7,0,Advised farmers to spray insecticide to manage the incidence of the pest and avoid the spreading of bacteria.,,14-Jan-25,2,2024
DS 2024-2025,PPM-25-0094,January,II,Isabela,Aurora,Bagnos,17.00736,121.687578,Eggplant,1/10/2024,2.5,Longpurple,Fruiting Stage,Shoot borer,2.5,0.75,30,3,-,0.75,0,Advised farmers to spray recommended insecticide to control the incidence of shoot borers and conduct continuous monitoring.,,17-Jan-25,8,2025
DS 2024-2025,PPM-25-0095,January,II,Isabela,Cabatuan,Sitio Malasin Macalaoat,16.959708,121.649193,Bush Sitao,5/1/2025,1,Native,Vegetative,Leaf miner,1,0.07,7.9,9,-,0,0.07,Advised farmers to spray insecticide for the management of leaf miner and conduct continuous monitoring for other pest incidence.,,17-Jan-25,3,2025
DS 2024-2025,PPM-25-0096,January,II,Quirino,Aglipay,Dungo,16.39356,121.654373,Banana,4/23/2025,5,Laccatan,Vegetative,Black Sigatoka,5,6.145,8.7,5,,0.435,0,Advised farmers to remove the affected leaves and apply fungicide/bactericide for the management of the disease.,,21-Jan-25,2,2025
DS 2024-2025,PPM-25-0095,January,II,Cagayan,Gonzaga,Rebecca,18.24255197,121.9517998,String beans,2/1/2025,0.5,EW Bongga,Leaf emergence,Bean leaf beetle,0.5,0.5,3,3,-,0.5,0,Farmer sprayed brudan to manage the pest.,,22-Jan-25,1,2025
DS 2024-2025,PPM-25-0096,January,II,Cagayan,Gonzaga,Rebecca,18.2427878,121.9515862,Squash,12/24/2025,0.5,Suprema11,Flowering,Red pumpkin beetle,0.5,0.5,3,3,-,0.5,0,Farmer sprayed brudan to manage the pest.,,22-Jan-25,1,2025
DS 2024-2025,PPM-25-0097,January,II,Isabela,Aurora,Malasin,17.0027,121.6732,Eggplant,10/25/2024,5,Longpurple,Fruiting Stage,Shoot borer,5,0.25,5,3,-,0.25,0,Advised farmers to spray recommended insecticide for management of shoot borer and conduct continuous monitoring.,,24-Jan-25,10,2025
DS 2024-2025,PPM-25-0098,January,II,Isabela,Aurora,Kalabaza,16.9724482,121.625297,Calamansi,1/6/2015,5,Calamondin,Fruiting Stage,Scab,5,3,60,5,-,2,1,Advised farmers to spray fungicide for the management of the disease and conduct continuous monitoring.,,27-Jan-25,8,2025
DS 2024-2025,PPM-25-0099,January,II,Isabela,Reina Mercedes,Santiago,17.02281383,121.7612963,Taiwan Sili,7/9/2025,0.7,F1,Maturity,Anthracnose,0.7,0.7,100,3,-,0.7,0,Farmers sprayed fungicide to manage the disease. Advised farmers to conduct continuous monitoring.,,29-Jan-25,3,2025
DS 2024-2025,PPM-25-0100,January,II,Nueva Vizcaya,Dupax Del Sur,Mangayang,16.3156183,121.0710745,Onion,7/1/2025,0.5,Red Pinoy,Vegetative,Cutworm,0.5,0.4,80,9,1,0.4,0,Farmers sprayed insecticide. Advised farmers to conduct continuous monitoring.,,28-Jan-25,2,2025
DS 2024-2025,PPM-25-0101,January,II,Nueva Vizcaya,Aritao,Calitlitan,16.2262998,120.9827708,Onion,12/16/2024,0.5,Red Nirvana,Bulb formation,Cutworm,0.5,0.2,40,9,1,0.2,0,Farmers sprayed insecticide. Advised farmer to conduct continuous monitoring.,,28-Jan-25,1,2025
DS 2024-2025,PPM-25-0102,January,II,Nueva Vizcaya,Aritao,Cutar,16.2912113,121.0349007,Onion,12/24/2025,1.5,Super Pinoy,Bulb formation,Cutworm,1.5,0.5,33,9,1,0.5,0,Farmers sprayed insecticide. Advised farmers to conduct continuous monitoring.,,28-Jan-25,2,2025
DS 2024-2025,PPM-25-0103,January,ll,Nueva Vizcaya,Bambang,San Leonardo,16.3915639,121.0780527,Garlic,11/16/2024,0.3,Batanes White,Vegetative,Cutworm,0.3,0.2,66.66,9,1,0.2,0,Farmers sprayed insecticide. Advised farmer to conduct continuous monitoring.,,30-Jan-25,1,2025
DS 2024-2025,PPV-25-0104,February,II,Nueva Vizcaya,Bagabag,Baretbet,16.5778382,121.296166,Strawberry,10/10/2022,0.3,Australian/ Japanese/ Festival/ Shoga,Vegetative,Armyworm,0.3,0.3,100,9,May-30,0.3,0,Advised farmer to conduct regular monitoring and manual cleaning. Advised also to apply beauveria for further management and conduct light trapping.,,31-Jan-25,1,2025
DS 2024-2025,PPV-25-0105,February,II,Nueva Vizcaya,Aritao,Poblacion,16.2890323,121.034411,Onion,12/12/2024,0.5,Red Pinoy & Red Dragon,Bulb formation,Cutworm,0.5,0.08,16,9,1-Feb,0.08,0,Farmers sprayed insecticide. Advised farmers to conduct continuous monitoring.,,5-Feb-25,4,2025
DS 2024-2025,PPM-25-0106,February,II,Nueva Vizcaya,Aritao,Poblacion,16.2891862,121.034593,Onion,12/21/2024,0.2,Red Pinoy,Bulb formation,Cutworm,0.2,0.03,15,9,1-Feb,0.03,0,Farmers sprayed insecticide. Advised farmers to conduct continuous monitoring.,,5-Feb-25,4,2025
DS 2024-2025,PPM-25-0107,February,II,Nueva Vizcaya,Aritao,Poblacion,16.2893118,121.033566,Onion,10/12/2024,0.5,Red Nirvana,Bulb formation,Cutworm,0.5,0.05,10,9,1-Feb,0.05,0,Farmers sprayed insecticide. Advised farmers to conduct continuous monitoring.,,5-Feb-25,4,2025
DS 2024-2025,PPV-25-0108,February,II,Nueva Vizcaya,Aritao,Poblacion,16.2888997,121.034433,Red onion,12/12/2024,0.3,Red Pinoy,Vegetative,Onion Armyworm,0.3,0.06,20,9,,0.06,0,Farmers applied chemical insecticide to manage the pest.,,11-Feb-25,1,2025
DS 2024-2025,PPV-25-0109,February,II,Nueva Vizcaya,Aritao,Poblacion,16.2888997,121.034433,Red onion,12/12/2024,0.3,Red Pinoy,Vegetative,Cutworm,0.3,0.06,20,9,,0.06,0,Farmers applied chemical insecticide to manage the pest.,,11-Feb-25,1,2025
DS 2024-2025,PPV-25-0110,February,II,Nueva Vizcaya,Aritao,Poblacion,16.28927,121.033584,Red onion,9/12/2024,0.1,Red Nirvana,Vegetative,Onion Armyworm,0.1,0.02,20,9,,0.02,0,Farmers applied chemical insecticide to manage the pest.,,11-Feb-25,1,2025
DS 2024-2025,PPV-25-0111,February,II,Nueva Vizcaya,Aritao,Poblacion,16.28927,121.033584,Red onion,9/12/2024,0.1,Red Nirvana,Vegetative,Cutworm,0.1,0.02,20,9,,0.02,0,Farmers applied chemical insecticide to manage the pest.,,11-Feb-25,1,2025
DS 2024-2025,PPV-25-0112,February,II,Nueva Vizcaya,Aritao,Poblacion,16.289179,121.034529,Red onion,12/15/2024,0.5,Red Pinoy,Vegetative,Onion Armyworm,0.5,0.1,20,9,,0.1,0,Farmers applied chemical insecticide to manage the pest.,,11-Feb-25,1,2025
DS 2024-2025,PPV-25-0113,February,II,Nueva Vizcaya,Aritao,Poblacion,16.289179,121.034529,Red onion,12/15/2024,0.5,Red Pinoy,Vegetative,Cutworm,0.5,0.1,20,9,,0.1,0,Farmers applied chemical insecticide to manage the pest.,,11-Feb-25,1,2025
DS 2024-2025,PPM-25-0114,February,II,Isabela,City of Ilagan ,Capo,17.166152,121.906277,Snow cabbage,8/1/2025,3.5,-,Harvestable,Armyworm,3.5,0.028,8,9,2,0.028,0,Advised farmers to harvest to avoid further damage on the vegetable.,,11-Feb-25,3,2025
DS 2024-2025,PPM-25-0115,February,II,Isabela,Aurora,Diamantina,16.999253,121.659555,Calamansi,6/1/2015,3,Calamondin,Fruiting Stage,Rind borer,3,0.15,5,3,-,0.15,0,Advised farmers to spray recommended insecticide for the management of the pest and conduct continuous monitoring.,,13-Feb-25,5,2025
DS 2024-2025,PPM-25-0116,February,II,Isabela,Aurora,Diamantina,16.999191,121.659615,Calamansi,6/1/2015,3,Calamondin,Fruiting Stage,Scab,3,0.9,30,5,-,0,0.9,Advised farmers to spray recommended fungicide for management and conduct continuous monitoring.,,13-Feb-25,5,2025
DS 2024-2025,PPM-25-0117,February,II,Isabela,Aurora,Bolinao,16.996807,121.656244,Eggplant,12/25/2024,3,Long purple,Fruiting Stage,Fruit borer,3,0.3,10,3,-,0.3,0,Advised farmers to spray recommended insecticide for the management of the pest and conduct continuous monitoring.,,13-Feb-25,8,2025
DS 2024-2025,PPM-25-0118,February,II,Isabela,Roxas,San Placido,17.1329183,121.600018,Tomato,10/1/2025,0.5,Diamante Max F1,Vegetative,Leaf miner,0.5,0.1,21,1,-,0.1,0,Advised farmer to spray insecticide for management and conduct a regular monitoring.,,13-Feb-25,1,2025
DS 2024-2025,PPM-25-0119,February,II,Isabela,Roxas,San Placido,17.132865,121.599942,Squash,1/15/2025,1,Suprema F1,Vegetative,Squash beetle,1,0.2,15.5,3,-,1,0,Advised farmer to spray insecticide for management and conduct a regular monitoring.,,13-Feb-25,1,2025
DS 2024-2025,PPM-25-0120,February,II,Quirino,Diffun,Cajel,16.545648,121.528332,Banana,1/5/2024,3,Laccatan,9 months,Leaf roll,3,0.205,6.84,5,-,0,0.205,Advised farmers to spray insecticide for the management.,,11-Feb-25,2,2025
DS 2024-2025,PPM-25-0121,February,II,Cagayan,Gonzaga,Cabanbanan,18.2459716,121.936613,String beans,5/1/2025,0.2,Pantastiko`,Flowering,Leaf miner flies,0.2,0.1,50,1,-,0.1,0,Advised farmers to apply BCA for management.,,13-Feb-25,1,2025
DS 2024-2025,PPM-25-0122,February,II,Cagayan,Gonzaga,Cabanbanan,18.2459716,121.936613,Eggplant,5/1/2025,0.2,Fortuner F1,Flowering,Verticillium wilt,0.2,0.1,50,1,-,0.1,0,Advised farmer to use fungicide ti manange the disease.,,13-Feb-25,1,2025
DS 2024-2025,PPM-25-0123,February,II,Isabela,Aurora,Malasin,17.0027,121.6732,Eggplant,2/12/2024,3,Longpurple,Fruiting Stage,Fruit borer,3,0.3,10,3,-,0.3,0,Advised farmers to spray insecticide for management of fruit borer and conduct continuous monitoring.,,19-Feb-25,5,2025
DS 2024-2025,PPM-25-0124,February,II,Isabela,Aurora,Bannagao,16.9928281,121.682813,Eggplant,2/12/2024,2,Longpurple,Fruiting Stage,Shoot borer,2,0.04,2,3,-,0.04,0,Advised farmers to spray insecticide for management of shoot borer and conduct continuous monitoring.,,19-Feb-25,3,2025
DS 2024-2025,PPV-25-0125,February,II,Cagayan,Gonzaga,Callao Katarawan Swisa,18.2952833,122.030122,Squash,1/15/2025,0.8,Gracia f1,Vegetative,Red pumpkin beetle,0.8,0.8,100,8,-,0,0.8,Advised farmer to use organic method of controlling the pest using ashes.,,21-Feb-25,1,2025
DS 2024-2025,PPV-25-0126,February,II,Cagayan,Gonzaga,Callao Katarawan Swisa,18.2959583,122.020158,Sitao,1/15/2025,0.3,,Flowering,Bean common mosaic,0.3,0.3,100,5,-,0,0.3,Advised farmer to use organic method of controlling the pest using ashes.,,21-Feb-25,1,2025
DS 2024-2025,PPM-25-0127,February,II,Quirino,Maddela,Balligui,16.366907,121.63179,Banana,1/4/2016,25,Saba/Dippig,Reproductive,Banana pseudostem weevil,25,1.11,4.44,3,-,0,1.11,Advised farmers to remove and burn the affected plants and spray insecticide to manage the pest. Conduct a regular monitoring.,,18-Feb-25,3,2025
DS 2024-2025,PPV-25-0128,February,ll,Nueva Vizcaya,Aritao,Beti,16.2349857,121.050727,Onion,12/26/2024,1,Red Pinoy,Bulb formation,Thrips,1,1,100,9,,0,1,Advised farmer spray recommended insecticide to manage the pest and conduct continuous monitoring.,,26-Feb-25,1,2025
DS 2024-2025,PPV-25-0129,February,ll,Nueva Vizcaya,Aritao,Beti,16.2349857,121.050727,Onion,12/26/2024,1,Red Pinoy,Bulb formation,Onion Twister,1,1,100,9,,0,1,Advised farmer spray recommended insecticide to manage the pest and conduct continuous monitoring.,,26-Feb-25,1,2025
DS 2024-2025,PPV-25-0130,February,ll,Nueva Vizcaya,Aritao,Beti,16.2349857,121.050727,Onion,12/26/2024,1,Red Pinoy,Bulb formation,Dumping-off,1,1,100,9,,0,1,Advised farmer spray fungicide to manage the disease and conduct continuous monitoring,,26-Feb-25,1,2025
DS 2024-2025,PPV-25-0131,February,ll,Nueva Vizcaya,Aritao,Banganan,16.2349857,121.050311,Onion,12/29/2024,0.2,Red Pinoy,Bulb formation,Dumping-off,0.2,0.1,50,9,,0,0.1,Advised farmer spray fungicide to manage the disease and conduct continuous monitoring,,26-Feb-25,1,2025
DS 2024-2025,PPM-25-0132,February,II,Isabela,San Guillermo,Palawan,16.705225,121.85233,Banana,1/8/2024,3,Lakatan,Vegetative,Black Sigatoka,3,1.6,20,3,,0.6,0,Reminded AEW to advise farmers to conduct continuous monitoring and spraying fungicide if needed.,,25-Feb-25,4,2025
DS 2024-2025,PPM-25-0133,February,II,Isabela,Cabatuan,Del Pilar,16.964418,121.653833,Pole Sitao,1/15/2025,0.25,Negro Star,Flowering,Leaf miner,0.25,0.075,6,9,,0.075,0,Farmers sprayed insecticide to manage the pest. Advised farmers to monitor the area regularly and conduct a follow-up application if needed.,,26-Feb-25,2,2025
DS 2024-2025,PPM-25-0134,February,II,Isabela,Aurora,Kalabaza,16.971879,121.625779,Calamansi,1/6/2018,3,Calamondin,Fruiting Stage,Scab,3,0.15,5,3,-,0.15,0,Advised farmers to spray recommended fungicide for the management of the disease and conduct continuous monitoring.,,25-Feb-25,6,2025
DS 2024-2025,PPV-25-0135,February,II,Cagayan,Gonzaga,Bagsang Sta Clara,18.2255726,122.06504,Bitter gourd,1/15/2025,0.5,Mestisa,Fruiting Stage,Fruit fly,0.5,0.5,100,1,-,0.5,0,Advised the farmer to spray BCA aside from using insecticide and conduct regular monitoring.,,24-Feb-25,1,2025
DS 2024-2025,PPV-25-0136,March,II,Nueva Vizcaya,Aritao,Poblacion,16.2888997,121.034433,Red onion,12/12/2024,0.3,Red pinoy,Vegetative,Cutworm,0.3,0.06,20,9,,0.06,0,Farmer applied chemical insecticide to manage the pest.,,"March 04, 2025",1,2025
DS 2024-2025,PPV-25-0137,March,II,Nueva Vizcaya,Aritao,Poblacion,16.2888997,121.034433,Red onion,12/12/2024,0.3,Red pinoy,Vegetative,Onion armyworm,0.3,0.06,20,9,,0.06,0,Farmer applied chemical insecticide to manage the pest.,,"March 04, 2025",1,2025
DS 2024-2025,PPV-25-0138,March,II,Nueva Vizcaya,Aritao,Poblacion,16.28927,121.033584,Red onion,12/9/2024,0.1,Red nirvana,Vegetative,Cutworm,0.1,0.02,20,9,,0.02,0,Farmer applied chemical insecticide to manage the pest.,,"March 04, 2025",1,2025
DS 2024-2025,PPV-25-0139,March,II,Nueva Vizcaya,Aritao,Poblacion,16.28927,121.033584,Red onion,12/9/2024,0.1,Red nirvana,Vegetative,Onion armyworm,0.1,0.02,20,9,,0.02,0,Farmer applied chemical insecticide to manage the pest.,,"March 04, 2025",1,2025
DS 2024-2025,PPV-25-0140,March,II,Nueva Vizcaya,Aritao,Poblacion,16.289179,121.034529,Red onion,12/15/2024,0.5,Red pinoy,Vegetative,Cutworm,0.5,0.1,20,9,,0.1,0,Farmer applied chemical insecticide to manage the pest.,,"March 04, 2025",1,2025
DS 2024-2025,PPV-25-0141,March,II,Nueva Vizcaya,Aritao,Poblacion,16.289179,121.034529,Red onion,12/15/2024,0.5,Red pinoy,Vegetative,Onion armyworm,0.5,0.1,20,9,,0.1,0,Farmer applied chemical insecticide to manage the pest.,,"March 04, 2025",1,2025
DS 2024-2025,PPM-25-0142,March,II,Cagayan,Gonzaga,Pateng,18.2586291,121.987976,Bean,5/2/2025,0.5,Sumilag,Flowering,Aphids,0.5,0.5,100,1,-,0.5,0,Advised farmer to apply bio control agents to manage the pest and conduct a regular monitoring.,,"March 05, 2025",1,2025
DS 2024-2025,PPM-25-0143,March,II,Cagayan,Gonzaga,Pateng,18.2586291,121.987976,Bean,6/2/2025,0.6,Sumilag,Flowering,Leaf miners,0.5,0.5,100,1,-,0.5,0,Advised farmer to apply bio control agents to manage the pest and conduct a regular monitoring.,,"March 06, 2025",1,2025
DS 2024-2025,PPM-25-0144,March,II,Isabela,Burgos,Singson,17.035324,121.744795,Calamansi,7/1/2016,2,Calamondin,Fruiting Stage,Citrus Scab,2,1,50,5,-,0,1,Advised farmers to spray recommended fungicide to manage the incidence of diseases and conduct continuous monitoring.,,"March 04, 2025",4,2025
DS 2024-2025,PPM-25-0145,March,II,Isabela,Aurora,Sta. Rosa,16.98958,121.633615,Calamansi,7/1/2017,1,Calamondin,Fruiting Stage,Citrus mealy bug,1,0.05,5,3,-,0.05,0,Advised farmers to spray recommended insecticide to manage the pests and conduct continuous monitoring.,,"March 06, 2025",2,2025
DS 2024-2025,PPM-25-0146,March,II,Isabela,Aurora,Sta. Rosa,16.98954,121.633633,Calamansi,7/1/2017,1,Calamondin,Fruiting Stage,Citrus Scab,1,0.5,50,5,-,0,0.5,Advised farmers to spray recommended fungicide to manage the incidence of diseases and conduct continuous monitoring.,,"March 06, 2025",2,2025
DS 2024-2025,PPM-25-0147,March,II,Isabela,Roxas,Marcos,17.1701167,121.597637,Tomato,11/1/2025,3,Diamante Max F1,Fruiting Stage,Leaf blight,3,1.4,47,5,,1.4,0,Advised farmers to spray bactericide/fungicide at early symptoms of the disease to control the infection and monitor regularly.,,"March 06, 2025",4,2025
DS 2024-2025,PPM-25-0148,March,II,Isabela,City of Ilagan ,Baculud,17.1498376,121.901518,Eggplant,5/12/2024,4.2,Prolifica F1,Fruiting Stage,Fruit borer,4.2,0.85,20.45,5,3,0.85,0,Advised farmers to remove the infested fruit and shoots to avoid further infestation. Conduct regular monitoring.,,"March 06, 2025",10,2025
DS 2024-2025,PPM-25-0149,March,II,Isabela,City of Ilagan ,Baculud,17.1498376,121.901518,Eggplant,5/12/2024,4.2,Prolifica F1,Fruiting Stage,Shoot borer,4.2,0.85,20.45,5,3,0.85,0,Advised farmers to remove the infested fruit and shoots to avoid further infestation. Conduct regular monitoring.,,"March 06, 2025",10,2025
DS 2024-2025,PPM-25-0150,March,II,Isabela,Echague,Busililao,16.69061,121.68602,Tomato,7/1/2025,0.2,Diamante F1,Fruiting Stage,Leaf miner,0.2,0.024,12,3,,0.024,0,"Farmers sprayed insecticide to manage the pest, reminded AEW to advise farmers in conducting a regular monitoring.",,"March 04, 2025",3,2025
DS 2024-2025,PPM-25-0151,March,II,Isabela,Echague,Busililao,16.69075,121.685955,Eggplant,7/1/2025,0.2,Mucho F1,Flowering,Shoot borer,0.2,0.017,8.5,3,,0.017,0,"Farmers sprayed insecticide to manage the pest, reminded AEW to advise farmers in conducting a regular monitoring.",,"March 04, 2025",3,2025
DS 2024-2025,PPM-25-0152,March,II,Isabela,Echague,Salay,16.704027,121.699122,Eggplant,7/1/2025,0.2,Mucho F1,Flowering,Shoot borer,0.2,0.013,6.6,3,,0.013,0,"Farmers sprayed insecticide to manage the pest, reminded AEW to advise farmers in conducting a regular monitoring.",,"March 04, 2025",3,2025
DS 2024-2025,PPM-25-0153,March,ll,Nueva Vizcaya,Dupax Del Sur,Mangayang,16.3152794,121.071405,Onion,1/1/2025,1,Red Pinoy,Bulb formation,Leaf miner,1,0.3,30,9,,0.3,0,Advised farmer spray insecticide to manage the pest and conduct continuous monitoring,,"March 4, 2025",1,2025
DS 2024-2025,PPM-25-0153,March,II,Isabela,Aurora,Kalabaza,16.971866,121.625624,Calamansi,7/2/2015,4,Calamondin,Fruiting Stage,Citrus scab,4,0.8,20,5,-,0.8,0,Advised farmers to spray recommended fungicide for the management of the disease and conduct continuous monitoring.,,"March 10, 2025",8,2025
DS 2024-2025,PPM-25-0154,March,II,Isabela,Aurora,Macatal,16.973107,121.615504,Calamansi,6/1/2015,7,Calamondin,Fruiting Stage,Citrus scab,7,1.75,25,5,-,0,1.75,Advised farmers to spray recommended fungicide for the management of the disease and conduct continuous monitoring.,,"March 12, 2025",15,2025
DS 2024-2025,PPM-25-0155,March,II,Isabela,Aurora,Macatal,16.975691,121.620192,Bitter gourd,12/5/2024,0.5,Galaxy,Fruiting Stage,Fruit fly,0.5,0.05,10,3,-,0.05,0,Advised farmers to spray recommended insecticide for management of fruit fly and conduct continuous monitoring.,,"March 12, 2025",2,2025
DS 2024-2025,PPM-25-0156,March,II,Isabela,Roxas,Simimbaan,17.1338283,121.57119,Onion,2/16/2025,5,Red Pinoy,Vegetative,Onion armyworm,5,1.3,27,3,-,1.3,0,DA RCPC provided BCA for the management of the pest and advised them to monitor regularly.,,"March 12, 2025",10,2025
DS 2024-2025,PPM-25-0157,March,II,Isabela,Roxas,Simimbaan,17.13375,121.571072,Luffa squash,2/24/2025,2,Datu Hava,Vegetative,Leaf miner,2,0.7,35,3,-,0.7,0,DA RCPC provided BCA for the management of the pest and advised them to monitor regularly.,,"March 12, 2025",2,2025
DS 2024-2025,PPM-25-0158,March,II,Quirino,Cabarroguis,Dibibi,16.414018,121.50316,Banana,9/21/2024,23,Laccatan,6 months,BBTV,23,2.3,10,5,-,0,2.3,Advised farmers to remove the infected plants and monitorthe area regularly.,,"March 11, 2025",2,2025
DS 2024-2025,PPM-25-0159,March,II,Quirino,Cabarroguis,Dibibi,16.416965,121.50963,Banana,9/21/2024,23,Laccatan,6 months,Black Sigatoka,23,8.77,16.4,5,-,3.77,0,Advised farmers to remove the infected leaves and spray fungicide/bactericide to manage the disease.,,"March 11, 2025",4,2025
DS 2024-2025,PPM-25-0160,March,II,Cagayan,Sta. Teresita,Mission,18.2488635,121.934708,Water Melon,1/15/2025,1.5,Sweet venus,Fruiting Stage,Leaf miner flies,1.5,0.5,33.33,1,-,0.5,0,Farmer sprayed gold insecticide for the management of the pest. Advised farmer to conduct regular monitoring.,,"March 12, 2025",1,2025
DS 2024-2025,PPM-25-0161,March,II,Cagayan,Sta. Teresita,Mission,18.2488635,121.934708,Water Melon,1/15/2025,1.5,Sweet venus,Fruiting Stage,Gummy stem blight,1.5,0.5,33.33,1,-,0.5,0,Farmer sprayed fungicide for management. Advised for a regular monitoring.,,"March 13, 2025",1,2025
DS 2024-2025,PPM-25-0162,March,II,Cagayan,Sta. Teresita,Mission,18.2488635,121.934708,Water Melon,1/15/2025,1.5,Sweet venus,Fruiting Stage,Pumpkin caterpillar,1.5,0.5,33.33,1,-,0.5,0,Farmer sprayed gold insecticide for the management of the pest. Advised farmer to conduct regular monitoring.,,"March 13, 2025",1,2025
DS 2024-2025,PPM-25-0163,March,II,Isabela,San Manuel,Mararigue,17.000407,121.619017,Pomelo,1/7/2015,0.2,Davao,Fruiting Stage,Fruit fly,0.2,0.01,5,3,-,0.01,0,Advised farmers to spray recommended insecticide to manage the incidence of pests and conduct continuous monitoring.,,"March 17, 2025",1,2025
DS 2024-2025,PPM-25-0164,March,II,Isabela,Aurora,Malasin,17.0027,121.6732,Eggplant,10/12/2024,5,Longpurple,Fruiting Stage,Shoot borer,5,0.5,10,3,-,0.5,0,Advised farmers to spray recommended insecticide to manage the incidence of pests and conduct continuous monitoring.,,"March 18, 2025",5,2025
DS 2024-2025,PPM-25-0165,March,II,Isabela,Ramon,Villa Marcos,16.760535,121.56548,Pole sitao,12/27/2024,0.1,Negro Star,Fruiting Stage,Leaf miner,0.1,0.011,11,9,-,0.1,0,"Farmers sprayed before validation, advised them to conduct a regular monitoring.",,"March 07, 2025",3,2025
DS 2024-2025,PPM-25-0166,March,II,Isabela,Cabatuan,Diamantina,16.933548,121.627383,Pole sitao,2/22/2025,0.2,Negro Star,Vegetative,Leaf miner,0.2,0.014,7,9,-,0.014,0,DA-RCPC distributed sevin for the management of the pest. Advised farmers to conduct regular monitoring.,,"March 11, 2025",3,2025
DS 2024-2025,PPM-25-0167,March,II,Isabela,Cabatuan,Diamantina,16.933548,121.627383,Sili,11/2/2025,0.2,Reward,Vegetative,white flies,0.2,0.016,8,9,-,0.016,0,DA-RCPC distributed sevin for the management of the pest. Advised farmers to conduct regular monitoring.,,"March 11, 2025",3,2025
DS 2024-2025,PPM-25-0168,March,II,Cagayan,Gonzaga,Isca,18.2226629,121.975377,Tomato,7/1/2025,0.4,Jamante,Fruiting Stage,Bacterial spot and speck,0.4,0.4,100,1,-,0,0.4,Advised farmer to spray kocide to manage the disease.,,"March 16, 2025",1,2025
DS 2024-2025,PPM-25-0169,March,II,Cagayan,Gonzaga,Isca,18.2226629,121.975377,Tomato,8/1/2025,0.4,Jamante,Fruiting Stage,Fusarium wilt,0.4,0.4,100,1,-,0,0.4,Advised farmer to spray kocide to manage the disease.,,"March 16, 2025",1,2025
DS 2024-2025,PPM-25-0170,March,II,Cagayan,Gonzaga,Isca,18.2226629,121.975377,Bell pepper,9/1/2025,0.4,Sultan,Fruiting Stage,Anthracnose,0.4,0.4,100,1,-,0,0.4,Advised farmer to spray kocide to manage the disease.,,"March 16, 2025",1,2025
DS 2024-2025,PPM-25-0171,March,II,Cagayan,Gonzaga,Isca,18.2226629,121.975377,Bell pepper,10/1/2025,0.4,Sultan,Fruiting Stage,Tobacco caterpillar,0.4,0.4,100,1,-,0,0.4,Advised farmer to spray insecticide to manage the pest.,,"March 16, 2025",1,2025
DS 2024-2025,PPM-25-0172,March,II,Isabela,Roxas,San Placido,17.1472617,121.569668,Banana,1/12/2024,2,Saba,Vegetative,Black Sigatoka,2,1.1,28,3,,1.1,0,Advised farmer to spray recommended fungicide to control the incidence of disease and conduct regular monitoring.,,"March 18, 2025",1,2025
DS 2024-2025,PPM-25-0173,March,II,Cagayan,Gonzaga,Isca,18.2231218,121.975551,Eggplant,7/1/2025,0.5,Kalixto F1,Fruiting Stage,Thrips,0.5,0.5,100,1,-,0.5,0,Advised farmer to spray EPF or recommended insecticide to manage the pest.,,"March 15, 2025",1,2025
DS 2024-2025,PPM-25-0174,March,II,Cagayan,Gonzaga,Isca,18.2231218,121.975551,Eggplant,8/1/2025,0.5,Kalixto F2,Fruiting Stage,Cercospora leaf spot,0.5,0.5,100,1,-,0.5,0,Advised farmer to spray kocide to maange the incidence of the disease.,,"March 16, 2025",1,2025
DS 2024-2025,PPM-25-0175,March,II,Cagayan,Gonzaga,Isca,18.2234637,1219750522,String beans,7/1/2025,0.3,Vernada,Flowering,Leaf miner,0.3,0.3,100,1,-,0.3,0,Advised farmer to spray EPF or recommended insecticide to manage the pest.,,"March 16, 2025",1,2025
DS 2024-2025,PPM-25-0176,March,II,Quirino,Aglipay,San Benigno,16.404512,121.555133,Banana,1/24/2025,12,Laccatan,9 months,Black Sigatoka,12,2.09,17.46,5,-,2.09,0,Advised farmers to remove the infected leaves and spray Fungicide to manage the disease.,,"March 26, 2025",2,2025
DS 2024-2025,PPM-25-0177,March,II,Quirino,Aglipay,San Benigno,16.40152,121.559598,Banana,5/5/2019,14,Saba /Dippig,Fruiting Stage,BBTV,14,1.06,7.6,5,-,1.06,0,Advised farmers to remove the affected plants and sterilize the hole before re-planting.,,"March 26, 2025",1,2025
DS 2024-2025,PPM-25-0178,March,II,Quirino,Cabarroguis,Villarose,16.497538,121.48463,Cacao,1/6/2010,0.3,Forastero,Fruiting Stage,Black Pod rot,0.3,0.02,8.9,5,-,0.02,0,Advised farmers to remove the affected fruits and spray Fungicide to manage the disease.,,"March 25, 2025",1,2025
DS 2024-2025,PPM-25-0179,April,II,Isabela,Santiago City,Mabini,16.691733,121.565928,Bush Sitao,1/15/2025,1.5,Turo,Flowering,Aphids,1.5,0.375,25,9,-,0.375,0,Advised farmers to spray recommended insecticide to manage the pest and conduct continuous monitoring.,,"April 1, 2025",2,2025
DS 2024-2025,PPM-25-0180,April,II,Isabela,Aurora,Kalabasa,16.973387,121.627385,Calamansi,2016,10,,Fruiting Stage,Mealy bug,10,4,40,9,-,4,0,Advised farmers to spray recommended insecticide to manage the pest and conduct continuous monitoring.,,"April 1, 2025",5,2025
DS 2024-2025,PPV-25-0181,April,II,Cagayan,Sta. Ana,Rapuli,18.407385,122.141542,Pineapple,9/24/2024,25.25,Hawiian,Vegetative,White grubs,25.25,7.25,28.71,5,-,7.25,0,Advised farmers to use carbomax for the management of the pest and conduct regular monitoring.,,"April 2, 2025",4,2025
DS 2024-2025,PPM-25-0182,April,II,Isabela,Burgos,Singson,17.035126,121.744707,Calamansi,1/7/2014,3,Calamondin,Fruiting Stage,Gummosis,3,0.3,10,5,-,0,0.3,Advised farmers to conduct pruning for management and conduct continuous monitoring.,,"April 1, 2025",6,2025
DS 2024-2025,PPM-25-0183,April,II,Isabela,Reina Mercedes,Santiago,17.02555,121.773937,Bitter gourd,1/28/2025,0.5,Galaxy,Fruiting Stage,Fruit fly,0.5,0.025,5,3,-,0.025,0,Advised farmers to spray recommended insecticide and follow up application of EPF.,,"April 3, 2025",2,2025
DS 2024-2025,PPM-25-0184,April,II,Isabela,Roxas,Sinamar,17.1663233,121.583737,Beans,5/2/2025,1,Pole sitao,Flowering,Leaf miner,1,1,5,1,,1,0,Advised farmer to apply BCAs to manage the pest and conduct regular monitoring.,,"April 2, 2025",1,2025
DS 2024-2025,PPM-25-0185,April,II,Isabela,Roxas,Marcos,17.1663317,121.583722,Chilli Pepper,11/2/2025,1,Django,Fruiting Stage,Leaf curl virus,1,0.2,20,5,,0.2,0,Advised farmer to spray recommended insecticide and follow up the application of BCAs.,,"April 10, 2025",1,2025
DS 2024-2025,PPM-25-0186,April,ll,Isabela,Aurora,Esperanza West,17.004703,121.69165,Mung bean,1/30/2025,1,MG-9,Poding,Pod borer,1,0.1,5,3,,0.1,0,Advised farmers to spray recommended insecticide for the management of pod borer and conduct continuous monitoring.,,"April 10, 2025",1,2025
DS 2024-2025,PPM-25-0187,April,ll,Isabela,Luna,Lalog 1,16.985544,121.724345,Mung bean,1/28/2025,10,MG-9,Poding,Pod borer,10,1,10,5,,0,1,Advised farmers to spray recommended insecticide for the management of pod borer and conduct continuous monitoring.,,"April 9, 2025",10,2025
DS 2024-2025,PPM-25-0188,April,II,Cagayan,Sta. Teresita,Simpatuyo,18.24315,121.890778,Squash,1/20/2025,0.5,Suprema F1,Fruiting Stage,Leaf miner Flies,0.5,0.5,100,3,,0.5,0,Advised farmer to apply BCAs to manage the pest and conduct regular monitoring.,,"April 10, 2025",1,2025
DS 2024-2025,PPM-25-0189,April,II,Cagayan,Sta. Teresita,Simpatuyo,18.24315,121.890778,Squash,01/20/2025,0.7,Gracia F1,Fruiting Stage,Red pumpkin beetle,0.7,0.7,100,3,,0.7,0,Advised farmer to apply BCAs to manage the pest and conduct regular monitoring.,,"April 11, 2025",1,2025
DS 2024-2025,PPV-25-0190,April,II,Isabela,Echague,Bacradal,16.62292,121.693225,Banana,10/9/2024,2,Dippig,Leaf emergence,Black Sigatoka,2,0.46,15.5,9,,0.46,0,Advised farmers to remove the infected leaves to avoid further infection and conduct continuous monitoring.,,"April 7, 2025",4,2025
DS 2024-2025,PPV-25-0191,April,II,Isabela,Echague,San Felipe,16.615658,121.703228,Banana,5/7/2024,2,Dippig,Leaf emergence,Black Sigatoka,2,0.57,11.4,9,,0.57,0,Advised farmers to remove the infected leaves to avoid further infection and conduct continuous monitoring.,,"April 7, 2025",3,2025
DS 2024-2025,PPV-25-0192,April,II,Isabela,Echague,San Felipe,16.601048,121.696792,Banana,10/7/2023,1.5,Lakatan,Leaf emergence,Black Sigatoka,1.5,0.12,8.5,9,,0.12,0,Advised farmer to remove the infected leaves to avoid further infection and conduct continuous monitoring.,,"April 7, 2025",1,2025
DS 2024-2025,PPV-25-0193,April,II,Isabela,Echague,San Felipe,16.601087,121.69655,Banana,10/7/2023,1.5,Lakatan,Leaf emergence,Bacterial wilt,1.5,0.3,20,9,,0.3,0,Advised farmer to remove the infected leaves to avoid further infection and conduct continuous monitoring.,,"April 7, 2025",1,2025
DS 2024-2025,PPM-25-0194,April,II,Isabela,Burgos,Singson,17.036245,121.748776,Mung bean,02/15//2025,1,MG 9,Poding,Pod borer,1,0.1,10,3,-,0.1,0,Advised farmers to spray recommended insecticide for the management of the pest and conduct continuous monitoring.,,"April 15, 2025",1,2025
DS 2024-2025,PPM-25-0195,April,II,Isabela,Jones,Payac,16.575193,121.69163,Cacao,6/17/2009,5,K9,Fruiting Stage,Bark borer,5,2,40,3,-,2,0,"Farmers are advised to practice field sanitation, remove weeds, and spray insecticide for effective management of bark borer. RCPC provided DeCis insecticide as assistance.",,"April 15, 2025",2,2025
DS 2024-2025,PPV-25-0196,April,II,Cagayan,Sto. Niño,Palusao,17.8584593,121.5699701,Cabbage,9/12/2024,20,Canseco F1,Early Heading,Black spot,20,20,100,8,-,20,0,The DA-RCPC conducted on-the-spot lectures for disease management in response to late reporting.,,"April 11, 2025",15,2025
DS 2024-2025,PPM-25-0197,April,ll,Isabela,Aurora,Villanuesa,16.985139,121.617559,Mung bean,10/3/2025,5,MG 9,Fruiting Stage,Pod borer,5,0.75,15,3,-,0.75,0,Farmers are advised to apply the recommended insecticide for the effective management of the pest and to maintain continuous monitoring.,,"April 30, 2025",15,2025
DS 2024-2025,PPM-25-0198,April,ll,Isabela,Aurora,Bagong Tanza,16.984841,121.615585,Mung bean,11/3/2025,10,MG 9,Fruiting Stage,Semi-looper,10,2.5,25,5,-,1,1.75,Farmers are advised to apply the recommended insecticide for the effective management of the pest and to maintain continuous monitoring.,,"April 30, 2025",15,2025
DS 2024-2025,PPM-25-0199,April,ll,Quirino,Nagtipunan,Asaklat,16.272808,121.611085,Banana,5/8/2024,3,Laccatan,9 months,Black Sigatoka,3,0.36,12.1,5,-,0,0.36,Advised farmers to remove the infected leaves and spray fungicide/bactericideto manage the disease.,,"April 29, 2025",2,2025
DS 2024-2025,PPV-25-0200,May,II,Cagayan,Gonzaga,Isca,18.2285806,1219754663,Coconut,2/22/2022,2,-,Vegetative,Brontispa,2,2,100,3,-,0,2,Farmer were advised to apply BCAs to manage the pest and conduct regular monitroing.,,"May 05, 2025",1,2025
DS 2024-2025,PPV-25-0201,May,II,Cagayan,Sta. Ana,Diora?Zinungan,18.4572501,122.1421667,Pineapple,3/10/2024,15,Hawaian,Vegetative,White grabs,15,3,20,5,-,0,3,Advised farmer to use carbomax for mangement of the pest.,,"May 05, 2025",1,2025
DS 2024-2025,PPM-25-0202,May,II,Quirino,Maddela,Diduyon,16.308472,121.647015,Banana,5/9/2022,4,Latondan,2 years,Black sigatoka,4,0.33,8.4,5,-,0.33,0,Advised farmers to remove all the infected leaves and spray fungicide/bactericide to manage the disease.,,"May 06, 2025",1,2025
DS 2024-2025,PPM-25-0203,May,II,Quirino,Aglipay,Dumabel,16.4841,121.563122,Banana,4/28/2024,8,Latondan,Reproductive,Black Sigatoka,8,0.48,6,3,-,0,0.48,Advised farmer to remove the affected leaves and spray Fungicide/bactericide to manage the disease.,,"May 14, 2024",1,2025
DS 2024-2025,PPM-25-0204,May,II,Quirino,Aglipay,Cabugao,16.452842,121.562813,Banana,4/4/2022,22,Saba/Dippig,Reproductive,Pseudostem weevil,22,0.49,2.27,3,-,0,0.49,Adviced farmer to remove the affected plants ans spray recommended insecticide to manage pest.,,"May 14, 2024",1,2025
DS 2024-2025,PPM-25-0205,May,II,Cagayan,Sta. Ana,Visitasion,184444834,122.156012,String beans,10/3/2025,0.75,Eastwest,Fruiting Stage,Leaf miner,0.75,0.75,100,7,,0.75,0,Farmer were advised to apply BCAs to manage the pest and conduct regular monitroing.,,"May 08, 2025",1,2025
DS 2024-2025,PPM-25-0206,May,II,Isabela,Aurora,Diamantina,16.99539,121.650789,Pomelo,1/6/2018,0.3,Davao,Fruiting Stage,Rind borer,0.3,0.09,30,5,-,0.09,0,Advised farmers to spray recommended insecticide for the management of rind borer and conduct continuous monitoring.,-,"May 19, 2025",1,2025
DS 2024-2025,PPM-25-0207,May,II,Isabela,Aurora,Diamantina,16.996464,121.651741,Calamansi,1/6/2019,2,Calamondin,Fruiting Stage,Citrus Scab,2,0.5,25,5,-,0.5,0,Advised farmers to spray recommended fungicide for the management of the disease and conduct regular monitoring.,-,"May 19, 2025",2,2025
DS 2024-2025,PPM-25-0208,May,II,Isabela,Aurora,Diamantina,16.994732,121.651536,Papaya,10/1/2025,0.5,Red lady,Flowering,Papaya Mosaic,0.5,0.1,20,3,-,0.1,0,Advised farmers to spray recommended fungicide for the management of the disease and conduct regular monitoring.,-,"May 19, 2025",1,2025
DS 2024-2025,PPV-25-0209,May,II,Isabela,Reina Mercedes,Salucong,17.031161,121.750903,Calamansi,1/6/2019,3,Calamondin,Fruiting Stage,Citrus Scab,3,0.9,30,5,-,0.9,0,Advised farmers to spray recommended fungicide for the management of the disease and conduct regular monitoring.,,"May 20, 2025",5,2025
DS 2024-2025,PPM-25-0210,May,II,Quirino,Aglipay,Guinalbin,16.481663,121.645002,Banana,4/21/2022,3,Latondan,Reproductive,Black Sigatoka,3,0.23,7.75,5,-,0.23,0,Farmers were advised to remoove infected leaves and spray recommended fungicide to manage thr disease.,,"May 20, 2025",2,2025
DS 2024-2025,PPM-25-0211,May,II,Quirino,Aglipay,Guinalbin,16.480947,121.644763,Cacao,5/6/2021,2,Forastero,Reproductive,Black Pod rot,2,0.2,10,5,-,0,0.2,Advised farmer to remove the damage fruits and spray fungicide/bactericide to manage the disease.,,"May 20, 2025",1,2025
DS 2024-2025,PPM-25-0212,May,II,Nueva Vizcaya,Bayombong,Magapuy,16.4471578,121.121439,Chili,2/4/2025,0.5,Aruyoy Sweet,Fruiting Stage,Leaf curling,0.5,0.2,40,3,-,0,0.2,Advised farmer to spray insecticide to manage the pest. Farmer were advised to conduct regular monitoring.,,"May 18, 2025",1,2025
DS 2024-2025,PPV-25-0213,May,II,Cagayan,Sta. Teresita,Palagao,18.2485323,121.891197,Lady's fingers,4/20/2025,0.75,Smooth green,Reproductive,Flea beatles,0.75,0.75,100,5,-,0.75,0,Advised farmer to apply BCA to manage the pest and conduct regular monitoring.,,"May 28, 2025",1,2025
DS 2024-2025,PPM-25-0214,May,ll,Nueva Vizcaya,Aritao,Yaway,16.209065,121.035502,Ginger,1/5/2025,0.8,-,Sprouting,Cutworm,0.8,0.4,50,9,-,0,0.4,Advice farmer to spray insecticide to manage the pest. Farmers were advised to conduct regular monitoring.,,"May 22, 2025",1,2025
WS 2025,PPM-25-0215,June,II,Quirino,Aglipay,Palacian,16.444183,121.620628,Banana,5/3/2021,15,Latondan,Reproductive,Black Sigatoka,15,0.89,5.98,3,-,0,0.89,Advised farmers to remove the infected leaves and spray fungicide/bactericide to manage the disease. Conduct continuous monitoring.,,"June 03, 2025",2,2025
WS 2025,PPM-25-0216,June,II,Quirino,Cabarroguis,Calaocan,16.460438,121.47241,Banana,6/19/2023,18,Laccatan,Reproductive,Black Sigatoka,18,1.25,6.95,3,-,1.25,0,Advised farmers to remove the infected leaves and spray fungicide/bactericide to manage the disease. Conduct continuous monitoring.,,"June 04, 2025",2,2025
WS 2025,PPM-25-0217,June,II,Quirino,Cabarroguis,Gomez,16.463448,121.47968,Banana,4/11/2022,48,Dippig/Saba,Reproductive,BBTV,48,2.05,4.28,3,-,0,2.05,Advised farmers to remove the infected plants and sterilize the hole before planting.,,"June 04, 2025",3,2025
WS 2025,PPM-25-0218,June,II,Quirino,Cabarroguis,Gomez,16.463353,121.479698,Banana,4/18/2022,48,Dippig/Saba,Reproductive,Black Sigatoka,48,3.27,6.83,3,-,0,3.27,Advised farmers to remove the infected leaves and spray fungicide/bactericide to manage the disease. Conduct continuous monitoring.,,"June 04, 2025",5,2025
WS 2025,PPM-25-0219,June,II,Quirino,Cabarroguis,Burgos,16.46605,121.499223,Cacao,5/22/2020,2,Forastero,Reproductive,Black Pod rot,2,0.18,9.37,5,-,0,0.18,Advised farmers to remove infected fruits and spray fungicide/bactericide to manage the disease. Conduct continuous monitoring.,,"June 04, 2025",3,2025
WS 2025,PPM-25-0220,June,II,Isabela,Echague,Bacradal,16.623235,121.692893,Banana,1/6/2024,5,Dippig,Leaf emergence,Black Sigatoka,5,0.67,13.4,9,-,0.67,0,Advise farmers to conduct pruning to the affected leaves and spraying fungicide bactericide for the management of the disease spread,,"June 03, 2025",3,2025
WS 2025,PPM-25-0221,June,II,Isabela,Echague,San Felipe,16.619137,121.69897,Banana,1/4/2024,5,Banangar,Leaf emergence,Black Sigatoka,5,0.71,14.2,9,-,0.71,0,Advised farmers to conduct pruning and spraying fungicide or bactericide to manage the spreading of the disease.,,"June 03, 2025",3,2025
WS 2025,PPM-25-0222,June,II,Isabela,Reina Mercedes,Salucong,17.031072,121.750505,Bitter gourd,3/5/2025,0.5,Galaxy,Fruiting Stage,Fruit fly,0.5,0.125,25,5,-,0.125,0,Advised farmers to spray recommended insecticide the pest and conduct continuous monitoring.,,"June 03, 2025",2,2025
WS 2025,PPV-25-0223,June,II,Isabela,Roxas,San Placido,17.14758167,121.567815,Durian,7/5/2021,10,Musang king,Seedling,Black rot,10,10,8,9,-,10,0,Farmer were advised to spray recommended fungicide to manage the disease and conduct regular monitoring.,,"June 11, 2025",1,2025
WS 2025,PPV-25-0224,June,II,Quirino,Maddela,Balligui,16.365307,121.630327,Coffee,11/17/2025,1,Robusta coffee,Fruiting Stage,Coofe Bark borer,1,0.2,20,1,-,0.2,0,Adviced farmers to remove the affected parts of the plants then spray insecticide if needed.,,"June 24,2025",1,2025
WS 2025,PPM-25-0225,June,II,Isabela,Cabagan,Catabayungan,17.4345689,121.7669213,Coconut,2022,1.8Has/ 192PT,Tall Variety,Vegetative,Rhinoceros Beetle,1.8,1.8,90,9,,1.8,0,"Lack of maintenance of the crop, Weedy area, Farmers already conducted replanting of the damaged plant, also advised control the currently/present pest.",,"June 11, 2025",1,2025
WS 2025,PPM-25-0226,June,II,Isabela,Cabagan,Garita,17.4115126,121.8138726,Coconut,2023,2.2/ 209PT,Dwaft,Vegetative,Bud Rot,2.2,90PT,43,9,,0,2.2,Advised farmers to drench fungicide in the area where planted or soak the seedling before planting of the new tree to prevent the infection. RCPC provided BM20 4kg/packs,,"June 11, 2025",1,2025
WS 2025,PPM-25-0227,July,II,Quirino,Aglipay,Ligaya,16.501083,121.59036,Coconut,12/9/2025,3,Native,Reproductive,Red Palm Weevil,3,0.6,20,1,,0,0.6,Adviced farmers to used actara to inject in the stem of coconut.,,"June 11, 2025",1,2025
WS 2025,PPM-25-0228,July,II,Quirino,Aglipay,Palacian,16.437382,121.619413,Coconut,8/22/2025,2,Native,Vegetative,Red Palm weevil,2,0.7,35,3,,0,0.7,Adviced farmers to spray insecticide for the management.,,"June 11, 2025",5,2025
WS 2025,PPM-25-0229,July,II,Quirino,Aglipay,San Ramon,16.445317,121.672192,Coconut,11/19/2025,1.5,Native,Vegetative,Coconut Leaf bettle,1.5,0.37,25,1,,0,0.37,Adviced farmers to inject actara at the stem.,,"July 07,2025",3,2025
WS 2025,PPM-25-0230,July,II,Quirino,Aglipay,Progreso,16.481942,121.640385,Coconut,10/10/2025,1,Native,Reproductive,Red Palm Weevil,1,0.3,30,1,,0,0.3,Adviced farmers to spray insecticide for the management.,,"July 07,2025",3,2025
WS 2025,PPM-25-0231,July,II,Quirino,Aglipay,Dumabel,16.490158,121.552262,Coconut,7/21/2025,1.2,Native,Vegetative,Coconut leaf bettle,1.2,0.24,20,1,,0,0.24,Adviced farmers to spray insecticide for the management.,,"July 08,2025",2,2025
WS 2025,PPM-25-0232,August,II,Isabela,Aurora,Kalabaza,16.97179,121.625666,Calamansi,1/7/2018,8,Calamondin,Fruiting Stage,Scab,8,2.4,30,3,,2.4,0,Adviced farmers to spray recommended fungicide for management of scab and continued monitoring,,"July 22,2025",12,2025
WS 2025,PPM-25-0233,August,II,Isabela,Aurora,Kalabaza,16.972023,121.625566,Calamansi,1/7/2018,8,Calamondin,Fruiting Stage,White fly,8,0.4,5,3,,0.4,0,Adviced farmers to spray insecticide for management control of white fly and continued monitoring,,"July 22,2025",8,2025
WS 2025,PPM-25-0234,August,II,Isabela,Aurora,Malasin,17.0027,121.6732,Calamansi,1/6/2017,3,Calamondin,Fruiting Stage,Scab,3,0.9,25,5,,0,9,Adviced farmers to continued monitoring,,"July 22,2025",5,2025
WS 2025,PPM-25-0235,August,II,Isabela,Aurora,Malasin,17.0027,121.6732,Sili,1/4/2025,0.5,Lolo Jose,Fruiting Stage,Antracnose,0.5,0.125,25,5,,0.125,0,Adviced farmers to spray fungicide for management control of antracnose and continued monitoring,,"July 22,2025",3,2025
WS 2025,PPM-25-0236,August,II,Isabela,Aurora,Malasin,17.0027,121.6732,Hot pepper,5/4/2025,0.5,Lolo Jose,Fruiting Stage,Antracnose,0.5,0.15,30,7,,0.15,0,Advice farmers to fungicide for management control of antracnose and continues monitor,,"August 08, 2025",2,2025
WS 2025,PPM-25-0237,August,II,Isabela,Roxas,Marcos,17.17235,121.5974833,Beans,6/21/2025,1,Makisig,Reproductive,Pod borer,1,1,16,5,,1,0,Advised farmer to spray insecticide for borers after harvesting.,,"July 31,2025",1,2025
WS 2025,PPM-25-0238,August,II,Isabela,Roxas,Lucban,17.10244667,121.6695333,Beans,6/21/2025,1.2,Bush sitao,Reproductive,Aphids,1.2,0.2,19,3,,0.2,,Advised farmer to spray insecticide and follow up BCA.,,"August 27,2025",1,2025
WS 2025,PPM-25-0239,September,II,Isabela,Aurora,Bannagao,16.997634,121.691016,Eggplant,1/6/2025,3,Longpurple,Flowering,Shoot borer,3,0.3,10,3,,0.3,0,Advice farmers to spray recommended insecticide for management control of shoot borer and continues monitoring,,"August 26,2025",7,2025
WS 2025,PPM-25-0240,September,II,Isabela,Aurora,Victoria,16.990101,121.675037,Eggplant,1/5/2025,3,Longpurple,Fruiting Stage,Shoot borer,5,0.5,10,3,,0.5,0,Advice farmers to spray recommended insecticide for management control of shoot borer and continues monitoring,,"August 26,2025",8,2025
WS 2025,PPM-25-0241,September,II,Isabela,Aurora,Bolinao,16.993597,121.657076,Eggplant,4/15/2025,4,Aurora Green,Fruiting Stage,Phomopsis blight,4,0.6,15,5,,0,0.6,Advice farmers to spray recommended fungicide for management control of phomopsis blight and continues monitoring,,"August 26,2025",5,2025
WS 2025,PPM-25-0242,September,II,Isabela,Aurora,Malasin,17.0027,121.6732,Calamansi,1/6/2018,10.5,Calamondin,Fruiting Stage,Scab,10.5,2.1,20,5,,2.1,0,Advice farmers to spray recommended fungicide for management control of scab and continues monitoring,,"September 4, 2025",21,2025
WS 2025,PPM-25-0243,September,II,Isabela,Aurora,Diamantina,16.995546,121.6506664,Eggplant,1/5/2025,3,long purple,Fruiting Stage,shoot borer,3,0.15,5,3,,0.15,0,Advice farmers to spray insecticide for management control of shoot borer continue monitoring,,"September 16, 2025",5,2025
WS 2025,PPM-25-0244,September,II,Isabela,Aurora,Diamantina,16.99464533,121.6514533,papaya,10/4/2025,0.5,red lady,Fruiting Stage,papaya ring spot,0.5,0.1,20,7,,0.1,0,Advice farmers to spray fungicide for management control of papaya ring spot,,"September 16, 2025",1,2025
WS 2025,PPM-25-0245,September,II,Isabela,Aurora,Sta. rita,16.9952127,121.6509836,pomelo,6/15/2015,0.5,davao pink pomelo,Fruiting Stage,citrus rind borer,0.5,0.25,50,7,,0.25,0,Advice farmers to spray insecticide for management control of rind borer continue monitoring,,"September 16, 2025",1,2025
WS 2025,PPM-25-0246,September,II,Isabela,Reina Mercedes,binarsang,17.0207,121.734,Bottle gourd,1/6/2025,0.5,angela f1,Fruiting Stage,citrus rind borer,0.5,0.025,5,3,,0.025,0,Advice farmers to spray insecticide for management control of fruit fly and continue monitoring,,"September 19, 2025",1,2025
WS 2025,PPM-25-0247,September,II,Isabela,Reina Mercedes,sallucong,17.0256883,121.7479317,Eggplant,1/5/2025,1.5,aurora green,Fruiting Stage,shoot borer,1.5,0.075,5,3,,0.075,0,Advice farmers to spray insecticide for management control of shoot borer continue monitoring,,"September 19, 2025",3,2025
WS 2025,PPM-25-0248,September,II,Isabela,Reina Mercedes,sallucong,17.028962,121.749324,Bottle gourd,1/5/2025,0.5,angela f1,Fruiting Stage,fruit fly,0.5,0.025,5,3,,0.025,0,Advice farmers to spray insecticide for management control of fruit fly continue monitoring,,"September 23, 2025",2,2025
WS 2025,PPM-25-0249,September,II,Isabela,Reina Mercedes,sallucong,17.027905,121.748583,Calamansi,7/3/2019,2.5,calamondin,Fruiting Stage,citrus canker,2.5,0.5,5,5,,2.5,0,Advice farmers to spray fungicide for magement control of citrus canker continue monitoring,,"September 23, 2025",5,2025
WS 2025,PPM-25-0250,September,II,Isabela,Roxas,San Placido,17.145515,121.5707033,Citrus,10/8/2022,3,Menzy Pomelo,Reproductive,Scale insect,3,3,20,5,,3,0,Advised farmer to spray insecticide and follow up BCA.,,"September 10, 2025",1,2025
WS 2025,PPM-25-0251,September,II,Isabela,Quezon,Dummon,17.27245,121.55426,Okra,11/8/2025,0.2,,Fruiting Stage,Aphids,0.2,0.2,5,1,,0.2,0,Farmers applied BCA and advised them for closed monitoring,,"September 26, 2025",1,2025
WS 2025,PPM-25-0252,September,II,Isabela,Quezon,Dummon,17.27237333,121.55385,Eggplant,9/15/2025,1.3,Calixto F1,Fruiting Stage,Shootborer,1.3,0.4,10,3,,0.4,0,Farmers applied BCA and advised them for closed monitoring,,"September 26, 2026",1,2025
WS 2025,PPM-25-0253,September,II,Isabela,Mallig,San Jose Sur,17.18796833,121.57292,Eggplant,2/9/2025,0.5,Fortuner,Fruiting Stage,Shootborer,0.5,0.5,5,3,,0.5,0,Advised farmer to spray insecticide and follow up BCAs.,,"September 10, 2025",1,2025
WS 2025,PPM-25-0254,September,II,Isabela,Mallig,San Ramon,17.21954667,121.5628117,Eggplant,6/27/2025,0.2,Condor,Fruiting Stage,Shoot/Fruit borer,0.2,0.2,14,3,,0.2,0,Advised farmer to spray insecticide and follow up BCAs.,,"September 10, 2025",1,2025
WS 2025,PPM-25-0255,October,II,Isabela,Aurora,Bannagao,16.999783,121.69074,String beans,8/25/2025,0.5,yard long,Fruiting Stage,bean rush,0.5,0.075,15,5,,0,0.075,advice farmers to continue monitoring,,"October 09,2025",2,2025
WS 2025,PPM-25-0256,October,II,Isabela,Reina Mercedes,Santiago,17.031846,121.757227,Calamansi,1/5/2020,3.5,calamonding,Fruiting Stage,scub,3.5,0.7,20,5,,3.5,0,advice farmers to spray fungicide for management control and continue monitoring,,"October 09,2025",5,2025
WS 2025,PPM-25-0257,October,II,Isabela,aurora,bannagao,16.9976046,121.690628,Eggplant,5/9/2025,2.5,longpurple,Fruiting Stage,shoot borer,2.5,0.25,10,3,,0.25,0,advice farmers to spray recommended insecticide for management control shoot borer and continue monitoring,,"October 16,2025",4,2025
WS 2025,PPM-25-0258,October,II,Isabela,burgos,singson,17.0293417,121.0293417,Eggplant,2/9/2025,1,longpurple,Fruiting Stage,fruit borer,1,0.15,15,1,,0.15,0,advice farmers to spray recommended insecticide for management control fruit borer and continue monitoring,,"October 23,2025",2,2025
WS 2025,PPM-25-0259,October,II,Isabela,Aurora,malasin,17.0027,121.6732,sili,1/9/2025,0.5,Taiwan,Fruiting Stage,antrachnose,0.5,0.075,15,5,,0.075,0,advice farmers to spray recommended fungicide for management control antracnose and continue monitoring,,"October 28,2025",2,2025
WS 2025,PPM-25-0260,October,II,Isabela,Roxas,Lucban,17.110925,121.6737333,Eggplant,9/24/2025,1,Domino F1,Vegetative,Flea beetle damage,1,1,15,5,,1,0,Advised farmer to spray insecticide and follow up BCAs.,,"October 27,2025",2,2025
WS 2025,PPM-25-0261,October,II,Isabela,Cabatuan,Sitio malasin,16.9634398,121.6500558,Eggplant,July 20-25,2,Calixto F1,Fruiting Stage,Shotborer,2,0.28,14,5,,0.28,,Reminded AEW to advise farmers to conduct spraying insecticide for the management of shotborer and continuous monitoring,,"October 2,2025",3,2025
WS 2025,PPM-25-0262,October,II,Quirino,Aglipay,San Benigno,16.404362,121.555582,Banana,6/21/2025,25,Laccatan,Reproductive,Black Sigatoka,25,3.3,13.2,5,,3.3,0,Adviced farmers to remove the affected leaves then put away to the plants then spray Fungicide/bactericide for the management.,,"October 30,2025",4,2025
WS 2025,PPM-25-0263,October,II,Quirino,Aglipay,Dagupan,16.520347,121.615462,Eggplant,8/15/2025,0.2,Morena F1,Reproductive,Shoot Borer,0.2,0.02,13.8,3,,0.02,0,Adviced farmers to remove the affected shoots then spray insecticide.,,"October 16,2025",2,2023-2024
DS 2023-2024,,December,II,Isabela,Naguilian,Cabaruan,16.932652,121.87402,Cassava,1/2/2023,20,Rayong 72,Harvestable,CPD,,20,30,9,0,0,20,Advised farmers to harvest and select a healthier planting materials for the next planting.,,"December 07, 2023",25,2023-2024
DS 2023-2024,,December,II,Isabela,Naguilian,Flores,16.959346,121.857531,Cassava,2/25/2023,15,Rayong 72,Harvestable,CPD,,15,35,9,0,0,15,Advised farmers to harvest and select a healthier planting materials for the next planting.,,"December 07, 2023",20,2023-2024
DS 2023-2024,,December,II,Isabela,Naguilian,Quimalabasa,16.939076,121.863403,Cassava,10/2/2023,30,Rayong 72,Harvestable,CPD,,30,50,9,0,0,30,Advised farmers to harvest and select a healthier planting materials for the next planting.,,"December 07, 2023",42,2023-2024
DS 2023-2024,,February,II,Isabela,Cauayan  City,Cabugao,16.89964,121.848751,Cassava,1/8/2023,50,Rayong 72,Harvestable,CPD,,50,80,9,7,5,45,Advised farmers to harvest and select a healthier planting materials for the next planting.,,"February 15, 2024",20,2023-2024
DS 2023-2024,,February,II,Isabela,Cauayan  City,Cassat Fierra,16.90359,121.8346693,Cassava,4/8/2023,45,Rayong 72,Harvestable,CPD,,45,70,9,7,5,40,Advised farmers to harvest and select a healthier planting materials for the next planting.,,"February 15, 2024",25,2023-2024
DS 2023-2024,,February,II,Isabela,Cauayan  City,San Pablo,16.903562,121.83461,Cassava,6/8/2023,32,Rayong 72,Harvestable,CPD,,32,50,9,7,2,30,Advised farmers to harvest and select a healthier planting materials for the next planting.,,"February 15, 2024",20,2023-2024
DS 2023-2024,,February,II,Isabela,Angadanan,Bonifacio,16.785482,121.895487,Cassava,5/6/2023,30,Rayong 72,Maturity,CPD,,6,20,9,,2,4,Advised farmers to practice sanitation on farm tools in order to control the spread of the disease.,,"February 06, 2024",10,2023-2024
DS 2023-2024,,February,II,Isabela,Cauayan  City,Maligaya,16.857776,121.874232,Cassava,8/2/2023,150,Rayong 72,7 months,CPD,,140,70,9,5,5,145,Advised farmers to harvest early and select a healthier planting materials for the next planting.,,"February 28, 2024",75,2023-2024
DS 2023-2024,,February,II,Isabela,Cauayan  City,Villa Concepcion,16.8357,121.9215,Cassava,7/7/2023,90,Rayong 72,10 months,CPD,,70,65,9,7,10,60,Advised farmers to harvest early and select a healthier planting materials for the next planting.,,"February 28, 2024",50,2023-2024
DS 2023-2024,,February,II,Isabela,Cauayan  City,Sta. Maria,16.849257,121.906663,Cassava,7/10/2023,115,Rayong 72,10 months,CPD,,90,60,9,7,5,85,Advised farmers to harvest early and select a healthier planting materials for the next planting.,,"February 28, 2024",82,2023-2024
DS 2023-2024,,February,II,Isabela,Cauayan  City,Baculod,16.8633,121.8674,Cassava,7/2/2023,95,Rayong 72,8 months,Leaf Blight,,50,30,9,5,5,45,Advised farmers to spray fungicide for the management of blight.,,"February 28, 2024",35,2023-2024
DS 2023-2024,,February,II,Isabela,Cauayan  City,Gappal,16.888797,121.848834,Cassava,12/5/2023,60,Rayong 72,2 months,CPD,,30,15,9,5,5,25,Advised farmers to spray fungicide for management of the disease.,,"February 28, 2024",25,2023-2024
DS 2023-2024,,March,II,Isabela,Cauayan  City,Cabugao,16.890476,121.847733,Cassava,10/10/2023,25,Rayong 72,Maturity,CPD,,25,80,9,,0,25,Advised farmers to Harvest early.,,"March 07,2024",20,2023-2024
DS 2023-2024,,March,II,Isabela,Cauayan  City,Casalatan,16.888797,121.84834,Cassava,2/1/2024,20,Rayong 72,2 months,CPD,,10,10,9,,2,18,Advised farmers to spray fungicide for the management of CPD.,,"March 07,2024",8,2023-2024
DS 2023-2024,,March,II,Isabela,Cauayan  City,San Pablo,16.5431,121.4948,Cassava,4/1/2024,30,Rayong 72,2 months,CPD,,15,10,9,,5,25,Advised farmers to spray fungicide for the management of CPD.,,"March 07,2024",10,2023-2024
DS 2023-2024,,March,II,Isabela,City of Ilagan ,Arusip,17.100485,121.839516,Cassava,12/22/2022,0.5,Rayong 72,15 months,CPD,,0.5,75,9,-,0,0.5,Farmer harvested late. We advised him to select a healthy planting materials for the next planting.,,"March 12, 2024",1,2023-2024
DS 2023-2024,,March,II,Isabela,Naguilian,Sta. Victoria,16.90566,121.889701,Cassava,10/12/2023,72,Rayong 72,4 months,CPD,,50,25,9,,10,40,Advised farmers to spray Funguran OH to control the disease.,,"March 21, 2024",65,2023-2024
DS 2023-2024,,March,II,Isabela,Naguilian,Quinalabasa,16.92116,121.88101,Cassava,12/15/2023,70,Rayong 72,4 months,CPD,,55,30,9,,5,50,Advised farmers to spray Funguran OH to control the disease.,,"March 21, 2024",50,2023-2024
DS 2023-2024,,March,II,Quirino,Cabarroguis,Banuar,16.494142,121.560372,Cassava,7/21/2023,6,Rayong 72,9 months,CPD,,6,15,9,,0,6,Advised farmers to spray fungicide to manage the disease. We also advised them to select a healthy planting materials for the nest planting.,,"March 20, 2024",3,2023-2024
DS 2023-2024,,April,II,Quirino,Aglipay,San Francisco,16.445395,121.66212,Cassava,6/7/2023,10,Rayong 72,9 months,CPD,,10,15,9,,10,0,Advised farmers to select a healthy stalk as planting materials for the next planting.,,"April 03, 2024",6,2023-2024
DS 2023-2024,,April,II,Quirino,Aglipay,San Francisco,16.445395,121.66212,Cassava,6/7/2023,5,KU 50,9 months,CPD,,5,10,9,,5,0,Advised farmers to select a healthy stalk as planting materials for the next planting.,,"April 03, 2024",3,2023-2024
DS 2023-2024,,April,II,Quirino,Aglipay,Ramos,16.475463,121.66355,Cassava,6/27/2023,300,Rayong 72,10months,CPD,,130,20,9,,130,0,Advised farmers to select a healthy stalk as planting materials for the next planting.,,"April 03, 2024",98,2023-2024
DS 2023-2024,,April,II,Isabela,Cauayan  City,Naganacan,16.88756,121.849272,Cassava,12/28/2023,120,Rayong 72,5 months,CPD,,120,30,9,,10,110,Advised farmer to roguing infected plants and harvest early.,Revalidated,"April 18, 2024",105,2023-2024
DS 2023-2024,,April,II,Isabela,Cauayan  City,Baculod,16.8633,121.8674,Cassava,9/15/2023,45,Rayong 72,8 months,CPD,,45,70,9,,5,40,Advised farmer to roguing infected plants and harvest early.,Revalidated,"April 18, 2024",51,2023-2024
DS 2023-2024,,April,II,Isabela,Cauayan  City,Gappal,16.820803,121.836024,Cassava,8/28/2023,60,Rayong 72,9 months,CPD,,60,70,9,,5,55,Advised farmer to roguing infected plants and harvest early.,Revalidated,"April 18, 2024",105,2023-2024
DS 2023-2024,,April,II,Isabela,Cauayan  City,Manaoag,16.82028,121.834589,Cassava,8/25/2023,160,Rayong 72,9 months,CPD,,160,70,9,,15,145,Advised farmer to roguing infected plants and harvest early.,Revalidated,"April 18, 2024",100,2023-2024
DS 2023-2024,,April,II,Isabela,Cauayan  City,Naganacan,16.88756,121.849272,Cassava,8/20/2023,70,Rayong 72,9 months,CPD,,70,30,9,,10,60,Advised farmer to roguing infected plants and harvest early.,Revalidated,"April 18, 2024",50,2023-2024
DS 2023-2024,,April,II,Quirino,Aglipay,Ligaya,16.507468,121.597247,Cassava,8/21/2023,6,Rayong 72,9months,CPD,,6,10,9,,0,6,Advised farmers to harvest early and select a healthy stalk as planting materials.,,"April 16, 2024",4,2023-2024
DS 2023-2024,,April,II,Quirino,Aglipay,Cabugao,16.455263,121.56516,Cassava,6/7/2023,35,Rayong 72,10months,CPD,,35,15,9,,35,0,Advised farmers to harvest early and select a healthy stalk as planting materials.,,"April 17, 2024",30,2023-2024
DS 2023-2024,,April,II,Quirino,Aglipay,Cabugao,16.455263,121.56516,Cassava,6/7/2023,15,KU 50,10months,CPD,,15,15,9,,0,15,Advised farmers to harvest early and select a healthy stalk as planting materials.,,"April 17, 2024",10,2023-2024
DS 2023-2024,,April,II,Quirino,Cabarroguis,Eden,16.44661,121.553503,Cassava,7/15/2023,9,Rayong 72,10months,CPD,,9,10,9,,9,0,Advised farmers to harvest early and select a healthy stalk as planting materials.,,"April 17, 2024",6,2023-2024
DS 2023-2024,,April,II,Quirino,Cabarroguis,Banuar,16.494142,121.560372,Cassava,7/21/2023,6,Rayong 72,9months,CPD,,6,15,9,,6,6,Advised farmers to select the healthy stalk as planting materials for the next planting..,Farmers sprayed fungicide but not recovered.,"April 24, 2024",3,2023-2024
DS 2023-2024,,April,II,Quirino,Diffun,Doña Imelda,16.514745,121.476538,Cassava,8/13/2023,8,Rayong 72,9months,CPD,,8,15,9,,0,8,Advised farmers to select the healthy stalk as planting materials for the next planting..,Farmers sprayed fungicide but not recovered.,"April 25, 2024",9,2023-2024
DS 2023-2024,,April,II,Quirino,Diffun,Doña Imelda,16.514745,121.476538,Cassava,8/13/2023,6,KU 50,9months,CPD,,6,10,9,,0,6,Advised farmers to select the healthy stalk as planting materials for the next planting..,,"April 25, 2024",5,2023-2024
DS 2023-2024,,April,II,Quirino,Cabarroguis,Villa Peña,16.449117,121.519467,Cassava,8/25/2023,9,Rayong 72,9months,CPD,,9,15,9,,0,9,Advised farmers to select the healthy stalk as planting materials for the next planting..,,"April 25, 2024",11,2023-2024
DS 2023-2024,,April,II,Quirino,Cabarroguis,Villa Peña,16.449117,121.519467,Cassava,,8,KU 50,9months,CPD,,8,10,9,,0,8,Advised farmers to select the healthy stalk as planting materials for the next planting..,,"April 25, 2024",5,2023-2024
DS 2023-2024,,May,II,Quirino,Aglipay,Ramos,16.475403,121.663313,Cassava,6/27/2023,300,Rayong 72,11 months,CPD,,300,20,3,,130,170,Advised farmers to select healthy stalk for planting materials or select resistant variety.,Revalidated(05/02/24). Not recovered. Plants is ready to harvest.,"May 02, 2024",98,2023-2024
DS 2023-2024,,May,II,Quirino,Aglipay,San Ramon,16.448588,121.678203,Cassava,7/15/2023,8,KU 50,10 months,CPD,,8,10,3,,0,8,Advised farmers to select healthy stalk for planting materials or select resistant variety.,,"May 08, 2024",5,2023-2024
DS 2023-2024,,May,II,Quirino,Aglipay,San Ramon,16.448588,121.678203,Cassava,7/15/2023,7,Rayong 72,10 months,CPD,,7,10,3,,0,7,Advised farmers to select healthy stalk for planting materials or select resistant variety.,,"May 08, 2024",5,2023-2024
DS 2023-2024,,May,II,Quirino,Aglipay,San Antonio,16.466005,121.655695,Cassava,7/5/2023,46,Rayong 72,11 months,CPD,,46,36,9,,0,46,Advised farmers to select healthy stalk as planting materials for the next cropping.,,"May 21, 2024",48,2023-2024
DS 2023-2024,,May,II,Quirino,Aglipay,San Antonio,16.446599,121.655627,Cassava,7/5/2023,14,KU 50,11 months,CPD,,14,33,9,,0,14,Advised farmers to select healthy stalk as planting materials for the next cropping.,,"May 21, 2024",12,2023-2024
DS 2023-2024,,May,II,Quirino,Aglipay,Guinalbin,16.482528,121.64501,Cassava,7/10/2023,11,Golden yellow,11 months,CPD,,11,23,9,,0,11,Advised farmers to select healthy stalk as planting materials for the next cropping.,,"May 21, 2024",9,2024
WS 2024,PPM-24-0001,June,II,Isabela,Cauayan  City,Cabaruan,16.892184,121.846557,Cassava,5/1/2024,2,Rayong 72,5 months,Scale insect,2,1,50,7,3-May,0,1,Advised farmers to spray insecticide for the management of scale insects.,,"June 06, 2024",2,2024
WS 2024,PPM-24-0002,June,II,Isabela,Cauayan  City,Baculod,16.8633,121.8674,Cassava,4/1/2023,3,Rayong 72,Harvesting,Brown spot,3,1,33,7,-,0,1,Advised farmers to spray fungicide for the management of brown spot.,,"June 06, 2024",2,2024
WS 2024,PPM-24-0003,July,II,Isabela,San Mariano,Gangalan,16.905466,122.05787,Cassava,5/5/2024,15,Rayong 5,3 months,Cassava Mosaic,15,0.75,5,3,,0.75,0,Advised farmers to spray fungicide and uproot infected plants for the management of the disease.,,"July 18, 2024",5,2024
WS 2024,PPM-24-0004,July,II,Isabela,San Mariano,Libertad,16.86639,122.081586,Cassava,,15,Rayong 72,10 months / harvestable,CPD,15,3,20,5,,1,2,Advised farmers to harvest.,,"July 18, 2024",9,2024
WS 2024,PPM-24-0005,July,II,Isabela,San Mariano,Daragutan East,16.908002,122.022989,Cassava,4/1/2024,10,Rayong 72,8 months,Brown spot,10,1.5,15,3,,1,0.5,Advised farmers to spray fungicide and uproot infected plants for the management of the disease.,,"July 18, 2024",6,2024
WS 2024,PPM-24-0006,July,II,Isabela,Cauayan  City,Baculod,16.8633,121.8674,Cassava,1/20/2024,28,Rayong 72,7 months,Brown spot,28,7,25,5,-,0,7,Advised farmers to conduct a continuous monitoring.,,"July 25,2024",9,2024
WS 2024,PPM-24-0007,July,II,Isabela,Cauayan  City,Disimuray,16.868548,121.873636,Cassava,1/22/2024,35,Rayong 72,7 months,Spider mites,35,5.25,15,5,1,0,5.25,Advised farmers to conduct a continuous monitoring.,,"July 25,2024",7,2024
WS 2024,PPM-24-0008,July,II,Isabela,San Mariano,Libertad,16.866262,122.081592,Cassava,10/5/2023,15,Rayong 5,1 Year,CPD,15,4.05,27,7,-,0,4.05,Advised farmers to select healthy planting materials for next planting/Cropping.,,"July 23,2024",3,2024
WS 2024,PPM-24-0009,July,II,Isabela,San Mariano,Daragutan East,16.908009,122.022816,Cassava,5/15/2023,23,Rayong 72,1 Year,CPD,23,2.07,8.69,7,-,0,2.07,Advised farmers to select healthy planting materials for next planting/Cropping.,,"July 23,2024",2,2024
WS 2024,PPM-24-0010,August,II,Isabela,Naguilian,Santa Victoria,16.90566,121.88978,Cassava,5/2/2024,15,Rayong 72,6 months,Brown spot,15,2.25,15,3,-,1,14,Advised farmers to conduct a continuous monitoring.,,"August 29,2024",9,2024
WS 2024,PPM-24-0011,August,II,Isabela,Naguilian,Quimalabasa,16.92095,121.88044,Cassava,5/1/2024,15,Rayong 72,7 months,Brown spot,25,5,20,5,-,2,23,Advised farmers to conduct a continuous monitoring.,,"August 29,2024",12,2024
WS 2024,PPM-24-0012,August,II,Isabela,Naguilian,Cabaruan,16.94467,121.85547,Cassava,1/2/2024,12,Rayong 72,7 months,Brown spot,12,3.75,15,3,-,1,11,Advised farmers to conduct a continuous monitoring.,,"August 29,2024",7,2024
WS 2024,PPM-24-0013,September,II,Quirino,Aglipay,San Francisco,16.445172,121.662057,Cassava,12/11/2023,8,Rayong 72,11 months,CPD,8,3.2,40,1,,0,3.2,Advised farmers to select healthy planting materials for the next cropping.,,"September 19, 2024",4,2024
WS 2024,PPM-24-0014,September,II,Quirino,Aglipay,San Antonio,16.465997,121.6586,Cassava,1/11/2023,4,Rayong 72,11 months,CPD,4,2,50,3,,0,2,Advised farmers to select healthy planting materials for the next cropping.,,"September 25, 2024",2,2024
WS 2024,PPM-24-0015,October,II,Isabela,Naguilian,Sta. Victoria,16.90566,121.889755,Cassava,1/25/2024,2,Rayong 72,Harvestable,Brown spot,2,1.2,60,7,-,0,1.2,Advised farmers to harvest early and select a healthier planting materials for the next planting.,,"October 17, 2024",1,2024
WS 2024,PPM-24-0016,October,II,Isabela,Naguilian,Quinalabasa,16.920988,121.880476,Cassava,10/1/2024,3,Rayong 72,Harvestable,Brown spot,3,1.65,60,7,-,0,1.65,Advised farmers to harvest early and select a healthier planting materials for the next planting.,,"October 17, 2024",2,2024
WS 2024,PPM-24-0017,October,II,Quirino,Aglipay,Cabugao,16.451832,121.565395,Cassava,4/24/2024,5,Rayong 72,7 months,Brown spot,5,2,40,1,-,0,5,Advised farmers to spray Fungicide/bactericide for management.,,"October 22, 2024",2,2024
WS 2024,PPM-24-0018,November,II,Quirino,Aglipay,Cabugao,16.451862,121.565312,Cassava,4/24/2024,5,Rayong 72,7 months,Mosaic virus,5,0.39,7.8,5,,0,5,Advised farmer to remove the affected plants and spray insecticide if needed.,,"November 6, 2024",1,2024
WS 2024,PPM-24-0019,November,II,Quirino,Aglipay,San Antonio,16.474062,121.655242,Cassava,4/24/2024,24,Rayong 72,7 months,Mosaic virus,24,2.2,9.4,3,,0,2.2,Advised farmers to remove the affected plants t and spray insecticide. Selection of resistant variety for the next cropping.,,"November 6, 2024",2,2024
WS 2024,PPM-24-0020,November,II,Quirino,Aglipay,Ramos,16.47568,121.663893,Cassava,3/24/2024,73,Rayong 72,8 months,Brown spot,73,25.5,35,1,,0,25.5,Advised farmers to remove the affected leaves and spray Fungicide/bactericide for the management of the disease.,,"November 6, 2024",30,2024
DS 2024-2025,PPM-24-0021,December,II,Isabela,Naguilian,Quimalabasa,16.933429,121.869377,Cassava,1/7/2024,10,Rayong 72,6 months,Brown spot,10,2,20,5,-,0,2,Advised farmers to conduct a continuous monitoring.,,"December 24, 2024",15,2024
DS 2024-2025,PPM-24-0022,December,II,Isabela,Naguilian,Cabaruan,16.939668,121.863316,Cassava,1/8/2024,5,KU 50,5 months,Brown spot,5,1,20,5,-,0,1,Advised farmers to conduct a continuous monitoring.,,"December 24, 2024",7,2024
DS 2024-2025,PPM-24-0023,December,II,Isabela,Cauayan  City,Dianao,16.83875,121.856712,Cassava,1/7/2024,15,Rayong 72,6 months,Brown spot,15,3,20,5,-,0,3,Advised farmers to conduct a continuous monitoring.,,"December 24, 2024",18,2024
DS 2024-2025,PPM-24-0024,December,II,Isabela,Cauayan  City,Manaoag,16.82032,121.834593,Cassava,1/6/2024,25,KU 50,6 months,Brown spot,25,3.75,15,3,-,0,3.75,Advised farmers to conduct a continuous monitoring.,,"December 24, 2024",30,2025
DS 2024-2025,PPV-24-0025,April,II,Isabela,Echague,Bacradal,16.630332,121.69226,Cassava,5/10/2024,2,Rayong,Canopy establishment,Brown spot,2,0.13,6.5,9,,0.13,0,Advised farmers to conduct continuous monitoring.,,"April 7, 2025",2,2025
DS 2024-2025,PPM-24-0026,April,II,Quirino,Aglipay,San Antonio,16.466875,121.656783,Cassava,9/15/2024,65,Rayong 72,7 months,Brown spot,65,3.91,6.02,3,-,0,3.91,Advised farmers to spray fungicide/bactericide for the management of the disease and conduct continuous monitoring.,,"April 15, 2025",4,2025
DS 2024-2025,PPM-24-0027,April,II,Quirino,Aglipay,Ramos,16.477245,121.661938,Cassava,7/28/2024,82,Rayong 72,10 months,Brown spot,82,4.18,5.1,3,-,4.18,0,Advised farmers to spray fungicide/bactericide for the management of the disease and conduct continuous monitoring.,,"April 15, 2025",5,2025
DS 2024-2025,PPM-24-0028,May,II,Quirino,Cabarroguis,Banuar,16.494185,121.560417,Cassava,12/8/2024,14,Rayong 72,9 months,Leaf spot,14,0.81,5.8,3,-,0,0.81,Advised farmers to harvest early or remove the affected leaves and burn.,,"May 14, 2024",2,2025
DS 2024-2025,PPM-24-0029,May,II,Quirino,Aglipay,Guinalbin,16.481622,121.6449,Cassava,5/8/2024,10,Rayong 72,9 months,Leaf spot,10,0.54,5.4,3,-,0,0.54,Advised farmers to select resistant variety or healthier planting materialas for the next cropping.,,"May 20, 2025",2,2025
DS 2024-2025,PPM-24-0030,May,II,Quirino,Aglipay,San Francisco,16.447153,121.656487,Cassava,8/6/2024,15,Rayong 72,10 months,Leaf spot,15,0.75,5,3,-,0,0.75,Advised farmers to harvestand select better varieties for next cropping.,,"May 20, 2025",2,2025
