station,province,latitude,longitude,year,season_type,season,months,rainfall_mm,available_months,source_url
Aparri,Cagayan,18.35,121.6167,1991,climatological,DJF,Dec-Jan-Feb,188.5,3,https://app.powerbi.com/view?r=eyJrIjoiOTJkN2U4MjUtYWE1Ny00NzA4LWExMzctMDBiYjQ2NjZiZWVjIiwidCI6ImJkMDNhNzM1LTJhYTMtNGNjYS05NzIyLTJhZTQ5MjlhYjNlYyIsImMiOjEwfQ%3D%3D&pageName=adfba30c52355c5b1631
Aparri,Cagayan,18.35,121.6167,1991,climatological,JJA,Jun-Jul-Aug,756.6,3,https://app.powerbi.com/view?r=eyJrIjoiOTJkN2U4MjUtYWE1Ny00NzA4LWExMzctMDBiYjQ2NjZiZWVjIiwidCI6ImJkMDNhNzM1LTJhYTMtNGNjYS05NzIyLTJhZTQ5MjlhYjNlYyIsImMiOjEwfQ%3D%3D&pageName=adfba30c52355c5b1631
Aparri,Cagayan,18.35,121.6167,1991,climatological,MAM,Mar-Apr-May,38,3,https://app.powerbi.com/view?r=eyJrIjoiOTJkN2U4MjUtYWE1Ny00NzA4LWExMzctMDBiYjQ2NjZiZWVjIiwidCI6ImJkMDNhNzM1LTJhYTMtNGNjYS05NzIyLTJhZTQ5MjlhYjNlYyIsImMiOjEwfQ%3D%3D&pageName=adfba30c52355c5b1631
Aparri,Cagayan,18.35,121.6167,1991,climatological,SON,Sep-Oct-Nov,902.1,3,https://app.powerbi.com/view?r=eyJrIjoiOTJkN2U4MjUtYWE1Ny00NzA4LWExMzctMDBiYjQ2NjZiZWVjIiwidCI6ImJkMDNhNzM1LTJhYTMtNGNjYS05NzIyLTJhZTQ5MjlhYjNlYyIsImMiOjEwfQ%3D%3D&pageName=adfba30c52355c5b1631
Aparri,Cagayan,18.35,121.6167,1991,philippine,Dry Season,Nov-Dec-Jan-Feb-Mar-Apr,496,6,https://app.powerbi.com/view?r=eyJrIjoiOTJkN2U4MjUtYWE1Ny00NzA4LWExMzctMDBiYjQ2NjZiZWVjIiwidCI6ImJkMDNhNzM1LTJhYTMtNGNjYS05NzIyLTJhZTQ5MjlhYjNlYyIsImMiOjEwfQ%3D%3D&pageName=adfba30c52355c5b1631
Aparri,Cagayan,18.35,121.6167,1991,philippine,Wet Season,May-Jun-Jul-Aug-Sep-Oct,1389.2,6,https://app.powerbi.com/view?r=eyJrIjoiOTJkN2U4MjUtYWE1Ny00NzA4LWExMzctMDBiYjQ2NjZiZWVjIiwidCI6ImJkMDNhNzM1LTJhYTMtNGNjYS05NzIyLTJhZTQ5MjlhYjNlYyIsImMiOjEwfQ%3D%3D&pageName=adfba30c52355c5b1631
Aparri,Cagayan,18.35,121.6167,1992,climatological,DJF,Dec-Jan-Feb,223.6,3,https://app.powerbi.com/view?r=eyJrIjoiOTJkN2U4MjUtYWE1Ny00NzA4LWExMzctMDBiYjQ2NjZiZWVjIiwidCI6ImJkMDNhNzM1LTJhYTMtNGNjYS05NzIyLTJhZTQ5MjlhYjNlYyIsImMiOjEwfQ%3D%3D&pageName=adfba30c52355c5b1631
Aparri,Cagayan,18.35,121.6167,1992,climatological,JJA,Jun-Jul-Aug,404.1,3,https://app.powerbi.com/view?r=eyJrIjoiOTJkN2U4MjUtYWE1Ny00NzA4LWExMzctMDBiYjQ2NjZiZWVjIiwidCI6ImJkMDNhNzM1LTJhYTMtNGNjYS05NzIyLTJhZTQ5MjlhYjNlYyIsImMiOjEwfQ%3D%3D&pageName=adfba30c52355c5b1631
Aparri,Cagayan,18.35,121.6167,1992,climatological,MAM,Mar-Apr-May,181.4,3,https://app.powerbi.com/view?r=eyJrIjoiOTJkN2U4MjUtYWE1Ny00NzA4LWExMzctMDBiYjQ2NjZiZWVjIiwidCI6ImJkMDNhNzM1LTJhYTMtNGNjYS05NzIyLTJhZTQ5MjlhYjNlYyIsImMiOjEwfQ%3D%3D&pageName=adfba30c52355c5b1631
Aparri,Cagayan,18.35,121.6167,1992,climatological,SON,Sep-Oct-Nov,787,3,https://app.powerbi.com/view?r=eyJrIjoiOTJkN2U4MjUtYWE1Ny00NzA4LWExMzctMDBiYjQ2NjZiZWVjIiwidCI6ImJkMDNhNzM1LTJhYTMtNGNjYS05NzIyLTJhZTQ5MjlhYjNlYyIsImMiOjEwfQ%3D%3D&pageName=adfba30c52355c5b1631
Aparri,Cagayan,18.35,121.6167,1992,philippine,Dry Season,Nov-Dec-Jan-Feb-Mar-Apr,485.9,6,https://app.powerbi.com/view?r=eyJrIjoiOTJkN2U4MjUtYWE1Ny00NzA4LWExMzctMDBiYjQ2NjZiZWVjIiwidCI6ImJkMDNhNzM1LTJhYTMtNGNjYS05NzIyLTJhZTQ5MjlhYjNlYyIsImMiOjEwfQ%3D%3D&pageName=adfba30c52355c5b1631
Aparri,Cagayan,18.35,121.6167,1992,philippine,Wet Season,May-Jun-Jul-Aug-Sep-Oct,1110.2,6,https://app.powerbi.com/view?r=eyJrIjoiOTJkN2U4MjUtYWE1Ny00NzA4LWExMzctMDBiYjQ2NjZiZWVjIiwidCI6ImJkMDNhNzM1LTJhYTMtNGNjYS05NzIyLTJhZTQ5MjlhYjNlYyIsImMiOjEwfQ%3D%3D&pageName=adfba30c52355c5b1631
Aparri,Cagayan,18.35,121.6167,1993,climatological,DJF,Dec-Jan-Feb,355.9,3,https://app.powerbi.com/view?r=eyJrIjoiOTJkN2U4MjUtYWE1Ny00NzA4LWExMzctMDBiYjQ2NjZiZWVjIiwidCI6ImJkMDNhNzM1LTJhYTMtNGNjYS05NzIyLTJhZTQ5MjlhYjNlYyIsImMiOjEwfQ%3D%3D&pageName=adfba30c52355c5b1631
Aparri,Cagayan,18.35,121.6167,1993,climatological,JJA,Jun-Jul-Aug,245.9,3,https://app.powerbi.com/view?r=eyJrIjoiOTJkN2U4MjUtYWE1Ny00NzA4LWExMzctMDBiYjQ2NjZiZWVjIiwidCI6ImJkMDNhNzM1LTJhYTMtNGNjYS05NzIyLTJhZTQ5MjlhYjNlYyIsImMiOjEwfQ%3D%3D&pageName=adfba30c52355c5b1631
Aparri,Cagayan,18.35,121.6167,1993,climatological,MAM,Mar-Apr-May,26.8,3,https://app.powerbi.com/view?r=eyJrIjoiOTJkN2U4MjUtYWE1Ny00NzA4LWExMzctMDBiYjQ2NjZiZWVjIiwidCI6ImJkMDNhNzM1LTJhYTMtNGNjYS05NzIyLTJhZTQ5MjlhYjNlYyIsImMiOjEwfQ%3D%3D&pageName=adfba30c52355c5b1631
Aparri,Cagayan,18.35,121.6167,1993,climatological,SON,Sep-Oct-Nov,662.7,3,https://app.powerbi.com/view?r=eyJrIjoiOTJkN2U4MjUtYWE1Ny00NzA4LWExMzctMDBiYjQ2NjZiZWVjIiwidCI6ImJkMDNhNzM1LTJhYTMtNGNjYS05NzIyLTJhZTQ5MjlhYjNlYyIsImMiOjEwfQ%3D%3D&pageName=adfba30c52355c5b1631
Aparri,Cagayan,18.35,121.6167,1993,philippine,Dry Season,Nov-Dec-Jan-Feb-Mar-Apr,507,6,https://app.powerbi.com/view?r=eyJrIjoiOTJkN2U4MjUtYWE1Ny00NzA4LWExMzctMDBiYjQ2NjZiZWVjIiwidCI6ImJkMDNhNzM1LTJhYTMtNGNjYS05NzIyLTJhZTQ5MjlhYjNlYyIsImMiOjEwfQ%3D%3D&pageName=adfba30c52355c5b1631
Aparri,Cagayan,18.35,121.6167,1993,philippine,Wet Season,May-Jun-Jul-Aug-Sep-Oct,784.3,6,https://app.powerbi.com/view?r=eyJrIjoiOTJkN2U4MjUtYWE1Ny00NzA4LWExMzctMDBiYjQ2NjZiZWVjIiwidCI6ImJkMDNhNzM1LTJhYTMtNGNjYS05NzIyLTJhZTQ5MjlhYjNlYyIsImMiOjEwfQ%3D%3D&pageName=adfba30c52355c5b1631
Aparri,Cagayan,18.35,121.6167,1994,climatological,DJF,Dec-Jan-Feb,104.2,3,https://app.powerbi.com/view?r=eyJrIjoiOTJkN2U4MjUtYWE1Ny00NzA4LWExMzctMDBiYjQ2NjZiZWVjIiwidCI6ImJkMDNhNzM1LTJhYTMtNGNjYS05NzIyLTJhZTQ5MjlhYjNlYyIsImMiOjEwfQ%3D%3D&pageName=adfba30c52355c5b1631
Aparri,Cagayan,18.35,121.6167,1994,climatological,JJA,Jun-Jul-Aug,475.1,3,https://app.powerbi.com/view?r=eyJrIjoiOTJkN2U4MjUtYWE1Ny00NzA4LWExMzctMDBiYjQ2NjZiZWVjIiwidCI6ImJkMDNhNzM1LTJhYTMtNGNjYS05NzIyLTJhZTQ5MjlhYjNlYyIsImMiOjEwfQ%3D%3D&pageName=adfba30c52355c5b1631
Aparri,Cagayan,18.35,121.6167,1994,climatological,MAM,Mar-Apr-May,162.6,3,https://app.powerbi.com/view?r=eyJrIjoiOTJkN2U4MjUtYWE1Ny00NzA4LWExMzctMDBiYjQ2NjZiZWVjIiwidCI6ImJkMDNhNzM1LTJhYTMtNGNjYS05NzIyLTJhZTQ5MjlhYjNlYyIsImMiOjEwfQ%3D%3D&pageName=adfba30c52355c5b1631
Aparri,Cagayan,18.35,121.6167,1994,climatological,SON,Sep-Oct-Nov,443,3,https://app.powerbi.com/view?r=eyJrIjoiOTJkN2U4MjUtYWE1Ny00NzA4LWExMzctMDBiYjQ2NjZiZWVjIiwidCI6ImJkMDNhNzM1LTJhYTMtNGNjYS05NzIyLTJhZTQ5MjlhYjNlYyIsImMiOjEwfQ%3D%3D&pageName=adfba30c52355c5b1631
Aparri,Cagayan,18.35,121.6167,1994,philippine,Dry Season,Nov-Dec-Jan-Feb-Mar-Apr,263.3,6,https://app.powerbi.com/view?r=eyJrIjoiOTJkN2U4MjUtYWE1Ny00NzA4LWExMzctMDBiYjQ2NjZiZWVjIiwidCI6ImJkMDNhNzM1LTJhYTMtNGNjYS05NzIyLTJhZTQ5MjlhYjNlYyIsImMiOjEwfQ%3D%3D&pageName=adfba30c52355c5b1631
Aparri,Cagayan,18.35,121.6167,1994,philippine,Wet Season,May-Jun-Jul-Aug-Sep-Oct,921.6,6,https://app.powerbi.com/view?r=eyJrIjoiOTJkN2U4MjUtYWE1Ny00NzA4LWExMzctMDBiYjQ2NjZiZWVjIiwidCI6ImJkMDNhNzM1LTJhYTMtNGNjYS05NzIyLTJhZTQ5MjlhYjNlYyIsImMiOjEwfQ%3D%3D&pageName=adfba30c52355c5b1631
Aparri,Cagayan,18.35,121.6167,1995,climatological,DJF,Dec-Jan-Feb,422.6,3,https://app.powerbi.com/view?r=eyJrIjoiOTJkN2U4MjUtYWE1Ny00NzA4LWExMzctMDBiYjQ2NjZiZWVjIiwidCI6ImJkMDNhNzM1LTJhYTMtNGNjYS05NzIyLTJhZTQ5MjlhYjNlYyIsImMiOjEwfQ%3D%3D&pageName=adfba30c52355c5b1631
Aparri,Cagayan,18.35,121.6167,1995,climatological,JJA,Jun-Jul-Aug,629.1,3,https://app.powerbi.com/view?r=eyJrIjoiOTJkN2U4MjUtYWE1Ny00NzA4LWExMzctMDBiYjQ2NjZiZWVjIiwidCI6ImJkMDNhNzM1LTJhYTMtNGNjYS05NzIyLTJhZTQ5MjlhYjNlYyIsImMiOjEwfQ%3D%3D&pageName=adfba30c52355c5b1631
Aparri,Cagayan,18.35,121.6167,1995,climatological,MAM,Mar-Apr-May,137.2,3,https://app.powerbi.com/view?r=eyJrIjoiOTJkN2U4MjUtYWE1Ny00NzA4LWExMzctMDBiYjQ2NjZiZWVjIiwidCI6ImJkMDNhNzM1LTJhYTMtNGNjYS05NzIyLTJhZTQ5MjlhYjNlYyIsImMiOjEwfQ%3D%3D&pageName=adfba30c52355c5b1631
Aparri,Cagayan,18.35,121.6167,1995,climatological,SON,Sep-Oct-Nov,803.5,3,https://app.powerbi.com/view?r=eyJrIjoiOTJkN2U4MjUtYWE1Ny00NzA4LWExMzctMDBiYjQ2NjZiZWVjIiwidCI6ImJkMDNhNzM1LTJhYTMtNGNjYS05NzIyLTJhZTQ5MjlhYjNlYyIsImMiOjEwfQ%3D%3D&pageName=adfba30c52355c5b1631
Aparri,Cagayan,18.35,121.6167,1995,philippine,Dry Season,Nov-Dec-Jan-Feb-Mar-Apr,784.1,6,https://app.powerbi.com/view?r=eyJrIjoiOTJkN2U4MjUtYWE1Ny00NzA4LWExMzctMDBiYjQ2NjZiZWVjIiwidCI6ImJkMDNhNzM1LTJhYTMtNGNjYS05NzIyLTJhZTQ5MjlhYjNlYyIsImMiOjEwfQ%3D%3D&pageName=adfba30c52355c5b1631
Aparri,Cagayan,18.35,121.6167,1995,philippine,Wet Season,May-Jun-Jul-Aug-Sep-Oct,1208.3,6,https://app.powerbi.com/view?r=eyJrIjoiOTJkN2U4MjUtYWE1Ny00NzA4LWExMzctMDBiYjQ2NjZiZWVjIiwidCI6ImJkMDNhNzM1LTJhYTMtNGNjYS05NzIyLTJhZTQ5MjlhYjNlYyIsImMiOjEwfQ%3D%3D&pageName=adfba30c52355c5b1631
Aparri,Cagayan,18.35,121.6167,1996,climatological,DJF,Dec-Jan-Feb,246.5,3,https://app.powerbi.com/view?r=eyJrIjoiOTJkN2U4MjUtYWE1Ny00NzA4LWExMzctMDBiYjQ2NjZiZWVjIiwidCI6ImJkMDNhNzM1LTJhYTMtNGNjYS05NzIyLTJhZTQ5MjlhYjNlYyIsImMiOjEwfQ%3D%3D&pageName=adfba30c52355c5b1631
Aparri,Cagayan,18.35,121.6167,1996,climatological,JJA,Jun-Jul-Aug,357,3,https://app.powerbi.com/view?r=eyJrIjoiOTJkN2U4MjUtYWE1Ny00NzA4LWExMzctMDBiYjQ2NjZiZWVjIiwidCI6ImJkMDNhNzM1LTJhYTMtNGNjYS05NzIyLTJhZTQ5MjlhYjNlYyIsImMiOjEwfQ%3D%3D&pageName=adfba30c52355c5b1631
Aparri,Cagayan,18.35,121.6167,1996,climatological,MAM,Mar-Apr-May,230,3,https://app.powerbi.com/view?r=eyJrIjoiOTJkN2U4MjUtYWE1Ny00NzA4LWExMzctMDBiYjQ2NjZiZWVjIiwidCI6ImJkMDNhNzM1LTJhYTMtNGNjYS05NzIyLTJhZTQ5MjlhYjNlYyIsImMiOjEwfQ%3D%3D&pageName=adfba30c52355c5b1631
Aparri,Cagayan,18.35,121.6167,1996,climatological,SON,Sep-Oct-Nov,1448,3,https://app.powerbi.com/view?r=eyJrIjoiOTJkN2U4MjUtYWE1Ny00NzA4LWExMzctMDBiYjQ2NjZiZWVjIiwidCI6ImJkMDNhNzM1LTJhYTMtNGNjYS05NzIyLTJhZTQ5MjlhYjNlYyIsImMiOjEwfQ%3D%3D&pageName=adfba30c52355c5b1631
Aparri,Cagayan,18.35,121.6167,1996,philippine,Dry Season,Nov-Dec-Jan-Feb-Mar-Apr,830.5,6,https://app.powerbi.com/view?r=eyJrIjoiOTJkN2U4MjUtYWE1Ny00NzA4LWExMzctMDBiYjQ2NjZiZWVjIiwidCI6ImJkMDNhNzM1LTJhYTMtNGNjYS05NzIyLTJhZTQ5MjlhYjNlYyIsImMiOjEwfQ%3D%3D&pageName=adfba30c52355c5b1631
Aparri,Cagayan,18.35,121.6167,1996,philippine,Wet Season,May-Jun-Jul-Aug-Sep-Oct,1451,6,https://app.powerbi.com/view?r=eyJrIjoiOTJkN2U4MjUtYWE1Ny00NzA4LWExMzctMDBiYjQ2NjZiZWVjIiwidCI6ImJkMDNhNzM1LTJhYTMtNGNjYS05NzIyLTJhZTQ5MjlhYjNlYyIsImMiOjEwfQ%3D%3D&pageName=adfba30c52355c5b1631
Aparri,Cagayan,18.35,121.6167,1997,climatological,DJF,Dec-Jan-Feb,295.5,3,https://app.powerbi.com/view?r=eyJrIjoiOTJkN2U4MjUtYWE1Ny00NzA4LWExMzctMDBiYjQ2NjZiZWVjIiwidCI6ImJkMDNhNzM1LTJhYTMtNGNjYS05NzIyLTJhZTQ5MjlhYjNlYyIsImMiOjEwfQ%3D%3D&pageName=adfba30c52355c5b1631
Aparri,Cagayan,18.35,121.6167,1997,climatological,JJA,Jun-Jul-Aug,136,3,https://app.powerbi.com/view?r=eyJrIjoiOTJkN2U4MjUtYWE1Ny00NzA4LWExMzctMDBiYjQ2NjZiZWVjIiwidCI6ImJkMDNhNzM1LTJhYTMtNGNjYS05NzIyLTJhZTQ5MjlhYjNlYyIsImMiOjEwfQ%3D%3D&pageName=adfba30c52355c5b1631
Aparri,Cagayan,18.35,121.6167,1997,climatological,MAM,Mar-Apr-May,126.5,3,https://app.powerbi.com/view?r=eyJrIjoiOTJkN2U4MjUtYWE1Ny00NzA4LWExMzctMDBiYjQ2NjZiZWVjIiwidCI6ImJkMDNhNzM1LTJhYTMtNGNjYS05NzIyLTJhZTQ5MjlhYjNlYyIsImMiOjEwfQ%3D%3D&pageName=adfba30c52355c5b1631
Aparri,Cagayan,18.35,121.6167,1997,climatological,SON,Sep-Oct-Nov,532,3,https://app.powerbi.com/view?r=eyJrIjoiOTJkN2U4MjUtYWE1Ny00NzA4LWExMzctMDBiYjQ2NjZiZWVjIiwidCI6ImJkMDNhNzM1LTJhYTMtNGNjYS05NzIyLTJhZTQ5MjlhYjNlYyIsImMiOjEwfQ%3D%3D&pageName=adfba30c52355c5b1631
Aparri,Cagayan,18.35,121.6167,1997,philippine,Dry Season,Nov-Dec-Jan-Feb-Mar-Apr,454.5,6,https://app.powerbi.com/view?r=eyJrIjoiOTJkN2U4MjUtYWE1Ny00NzA4LWExMzctMDBiYjQ2NjZiZWVjIiwidCI6ImJkMDNhNzM1LTJhYTMtNGNjYS05NzIyLTJhZTQ5MjlhYjNlYyIsImMiOjEwfQ%3D%3D&pageName=adfba30c52355c5b1631
Aparri,Cagayan,18.35,121.6167,1997,philippine,Wet Season,May-Jun-Jul-Aug-Sep-Oct,635.5,6,https://app.powerbi.com/view?r=eyJrIjoiOTJkN2U4MjUtYWE1Ny00NzA4LWExMzctMDBiYjQ2NjZiZWVjIiwidCI6ImJkMDNhNzM1LTJhYTMtNGNjYS05NzIyLTJhZTQ5MjlhYjNlYyIsImMiOjEwfQ%3D%3D&pageName=adfba30c52355c5b1631
Aparri,Cagayan,18.35,121.6167,1998,climatological,DJF,Dec-Jan-Feb,529.6,3,https://app.powerbi.com/view?r=eyJrIjoiOTJkN2U4MjUtYWE1Ny00NzA4LWExMzctMDBiYjQ2NjZiZWVjIiwidCI6ImJkMDNhNzM1LTJhYTMtNGNjYS05NzIyLTJhZTQ5MjlhYjNlYyIsImMiOjEwfQ%3D%3D&pageName=adfba30c52355c5b1631
Aparri,Cagayan,18.35,121.6167,1998,climatological,JJA,Jun-Jul-Aug,356.9,3,https://app.powerbi.com/view?r=eyJrIjoiOTJkN2U4MjUtYWE1Ny00NzA4LWExMzctMDBiYjQ2NjZiZWVjIiwidCI6ImJkMDNhNzM1LTJhYTMtNGNjYS05NzIyLTJhZTQ5MjlhYjNlYyIsImMiOjEwfQ%3D%3D&pageName=adfba30c52355c5b1631
Aparri,Cagayan,18.35,121.6167,1998,climatological,MAM,Mar-Apr-May,176.5,3,https://app.powerbi.com/view?r=eyJrIjoiOTJkN2U4MjUtYWE1Ny00NzA4LWExMzctMDBiYjQ2NjZiZWVjIiwidCI6ImJkMDNhNzM1LTJhYTMtNGNjYS05NzIyLTJhZTQ5MjlhYjNlYyIsImMiOjEwfQ%3D%3D&pageName=adfba30c52355c5b1631
Aparri,Cagayan,18.35,121.6167,1998,climatological,SON,Sep-Oct-Nov,1009.6,3,https://app.powerbi.com/view?r=eyJrIjoiOTJkN2U4MjUtYWE1Ny00NzA4LWExMzctMDBiYjQ2NjZiZWVjIiwidCI6ImJkMDNhNzM1LTJhYTMtNGNjYS05NzIyLTJhZTQ5MjlhYjNlYyIsImMiOjEwfQ%3D%3D&pageName=adfba30c52355c5b1631
Aparri,Cagayan,18.35,121.6167,1998,philippine,Dry Season,Nov-Dec-Jan-Feb-Mar-Apr,1266.1,6,https://app.powerbi.com/view?r=eyJrIjoiOTJkN2U4MjUtYWE1Ny00NzA4LWExMzctMDBiYjQ2NjZiZWVjIiwidCI6ImJkMDNhNzM1LTJhYTMtNGNjYS05NzIyLTJhZTQ5MjlhYjNlYyIsImMiOjEwfQ%3D%3D&pageName=adfba30c52355c5b1631
Aparri,Cagayan,18.35,121.6167,1998,philippine,Wet Season,May-Jun-Jul-Aug-Sep-Oct,806.5,6,https://app.powerbi.com/view?r=eyJrIjoiOTJkN2U4MjUtYWE1Ny00NzA4LWExMzctMDBiYjQ2NjZiZWVjIiwidCI6ImJkMDNhNzM1LTJhYTMtNGNjYS05NzIyLTJhZTQ5MjlhYjNlYyIsImMiOjEwfQ%3D%3D&pageName=adfba30c52355c5b1631
Aparri,Cagayan,18.35,121.6167,1999,climatological,DJF,Dec-Jan-Feb,679,3,https://app.powerbi.com/view?r=eyJrIjoiOTJkN2U4MjUtYWE1Ny00NzA4LWExMzctMDBiYjQ2NjZiZWVjIiwidCI6ImJkMDNhNzM1LTJhYTMtNGNjYS05NzIyLTJhZTQ5MjlhYjNlYyIsImMiOjEwfQ%3D%3D&pageName=adfba30c52355c5b1631
Aparri,Cagayan,18.35,121.6167,1999,climatological,JJA,Jun-Jul-Aug,701,3,https://app.powerbi.com/view?r=eyJrIjoiOTJkN2U4MjUtYWE1Ny00NzA4LWExMzctMDBiYjQ2NjZiZWVjIiwidCI6ImJkMDNhNzM1LTJhYTMtNGNjYS05NzIyLTJhZTQ5MjlhYjNlYyIsImMiOjEwfQ%3D%3D&pageName=adfba30c52355c5b1631
Aparri,Cagayan,18.35,121.6167,1999,climatological,MAM,Mar-Apr-May,393,3,https://app.powerbi.com/view?r=eyJrIjoiOTJkN2U4MjUtYWE1Ny00NzA4LWExMzctMDBiYjQ2NjZiZWVjIiwidCI6ImJkMDNhNzM1LTJhYTMtNGNjYS05NzIyLTJhZTQ5MjlhYjNlYyIsImMiOjEwfQ%3D%3D&pageName=adfba30c52355c5b1631
Aparri,Cagayan,18.35,121.6167,1999,climatological,SON,Sep-Oct-Nov,1277,3,https://app.powerbi.com/view?r=eyJrIjoiOTJkN2U4MjUtYWE1Ny00NzA4LWExMzctMDBiYjQ2NjZiZWVjIiwidCI6ImJkMDNhNzM1LTJhYTMtNGNjYS05NzIyLTJhZTQ5MjlhYjNlYyIsImMiOjEwfQ%3D%3D&pageName=adfba30c52355c5b1631
Aparri,Cagayan,18.35,121.6167,1999,philippine,Dry Season,Nov-Dec-Jan-Feb-Mar-Apr,1133,6,https://app.powerbi.com/view?r=eyJrIjoiOTJkN2U4MjUtYWE1Ny00NzA4LWExMzctMDBiYjQ2NjZiZWVjIiwidCI6ImJkMDNhNzM1LTJhYTMtNGNjYS05NzIyLTJhZTQ5MjlhYjNlYyIsImMiOjEwfQ%3D%3D&pageName=adfba30c52355c5b1631
Aparri,Cagayan,18.35,121.6167,1999,philippine,Wet Season,May-Jun-Jul-Aug-Sep-Oct,1917,6,https://app.powerbi.com/view?r=eyJrIjoiOTJkN2U4MjUtYWE1Ny00NzA4LWExMzctMDBiYjQ2NjZiZWVjIiwidCI6ImJkMDNhNzM1LTJhYTMtNGNjYS05NzIyLTJhZTQ5MjlhYjNlYyIsImMiOjEwfQ%3D%3D&pageName=adfba30c52355c5b1631
Aparri,Cagayan,18.35,121.6167,2000,climatological,DJF,Dec-Jan-Feb,501.5,3,https://app.powerbi.com/view?r=eyJrIjoiOTJkN2U4MjUtYWE1Ny00NzA4LWExMzctMDBiYjQ2NjZiZWVjIiwidCI6ImJkMDNhNzM1LTJhYTMtNGNjYS05NzIyLTJhZTQ5MjlhYjNlYyIsImMiOjEwfQ%3D%3D&pageName=adfba30c52355c5b1631
Aparri,Cagayan,18.35,121.6167,2000,climatological,JJA,Jun-Jul-Aug,402.4,3,https://app.powerbi.com/view?r=eyJrIjoiOTJkN2U4MjUtYWE1Ny00NzA4LWExMzctMDBiYjQ2NjZiZWVjIiwidCI6ImJkMDNhNzM1LTJhYTMtNGNjYS05NzIyLTJhZTQ5MjlhYjNlYyIsImMiOjEwfQ%3D%3D&pageName=adfba30c52355c5b1631
Aparri,Cagayan,18.35,121.6167,2000,climatological,MAM,Mar-Apr-May,227.2,3,https://app.powerbi.com/view?r=eyJrIjoiOTJkN2U4MjUtYWE1Ny00NzA4LWExMzctMDBiYjQ2NjZiZWVjIiwidCI6ImJkMDNhNzM1LTJhYTMtNGNjYS05NzIyLTJhZTQ5MjlhYjNlYyIsImMiOjEwfQ%3D%3D&pageName=adfba30c52355c5b1631
Aparri,Cagayan,18.35,121.6167,2000,climatological,SON,Sep-Oct-Nov,932.4,3,https://app.powerbi.com/view?r=eyJrIjoiOTJkN2U4MjUtYWE1Ny00NzA4LWExMzctMDBiYjQ2NjZiZWVjIiwidCI6ImJkMDNhNzM1LTJhYTMtNGNjYS05NzIyLTJhZTQ5MjlhYjNlYyIsImMiOjEwfQ%3D%3D&pageName=adfba30c52355c5b1631
Aparri,Cagayan,18.35,121.6167,2000,philippine,Dry Season,Nov-Dec-Jan-Feb-Mar-Apr,1008.6,6,https://app.powerbi.com/view?r=eyJrIjoiOTJkN2U4MjUtYWE1Ny00NzA4LWExMzctMDBiYjQ2NjZiZWVjIiwidCI6ImJkMDNhNzM1LTJhYTMtNGNjYS05NzIyLTJhZTQ5MjlhYjNlYyIsImMiOjEwfQ%3D%3D&pageName=adfba30c52355c5b1631
Aparri,Cagayan,18.35,121.6167,2000,philippine,Wet Season,May-Jun-Jul-Aug-Sep-Oct,1054.9,6,https://app.powerbi.com/view?r=eyJrIjoiOTJkN2U4MjUtYWE1Ny00NzA4LWExMzctMDBiYjQ2NjZiZWVjIiwidCI6ImJkMDNhNzM1LTJhYTMtNGNjYS05NzIyLTJhZTQ5MjlhYjNlYyIsImMiOjEwfQ%3D%3D&pageName=adfba30c52355c5b1631
Aparri,Cagayan,18.35,121.6167,2001,climatological,DJF,Dec-Jan-Feb,577.2,3,https://app.powerbi.com/view?r=eyJrIjoiOTJkN2U4MjUtYWE1Ny00NzA4LWExMzctMDBiYjQ2NjZiZWVjIiwidCI6ImJkMDNhNzM1LTJhYTMtNGNjYS05NzIyLTJhZTQ5MjlhYjNlYyIsImMiOjEwfQ%3D%3D&pageName=adfba30c52355c5b1631
Aparri,Cagayan,18.35,121.6167,2001,climatological,JJA,Jun-Jul-Aug,1026,3,https://app.powerbi.com/view?r=eyJrIjoiOTJkN2U4MjUtYWE1Ny00NzA4LWExMzctMDBiYjQ2NjZiZWVjIiwidCI6ImJkMDNhNzM1LTJhYTMtNGNjYS05NzIyLTJhZTQ5MjlhYjNlYyIsImMiOjEwfQ%3D%3D&pageName=adfba30c52355c5b1631
Aparri,Cagayan,18.35,121.6167,2001,climatological,MAM,Mar-Apr-May,265,3,https://app.powerbi.com/view?r=eyJrIjoiOTJkN2U4MjUtYWE1Ny00NzA4LWExMzctMDBiYjQ2NjZiZWVjIiwidCI6ImJkMDNhNzM1LTJhYTMtNGNjYS05NzIyLTJhZTQ5MjlhYjNlYyIsImMiOjEwfQ%3D%3D&pageName=adfba30c52355c5b1631
Aparri,Cagayan,18.35,121.6167,2001,climatological,SON,Sep-Oct-Nov,814.4,3,https://app.powerbi.com/view?r=eyJrIjoiOTJkN2U4MjUtYWE1Ny00NzA4LWExMzctMDBiYjQ2NjZiZWVjIiwidCI6ImJkMDNhNzM1LTJhYTMtNGNjYS05NzIyLTJhZTQ5MjlhYjNlYyIsImMiOjEwfQ%3D%3D&pageName=adfba30c52355c5b1631
Aparri,Cagayan,18.35,121.6167,2001,philippine,Dry Season,Nov-Dec-Jan-Feb-Mar-Apr,1079.7,6,https://app.powerbi.com/view?r=eyJrIjoiOTJkN2U4MjUtYWE1Ny00NzA4LWExMzctMDBiYjQ2NjZiZWVjIiwidCI6ImJkMDNhNzM1LTJhYTMtNGNjYS05NzIyLTJhZTQ5MjlhYjNlYyIsImMiOjEwfQ%3D%3D&pageName=adfba30c52355c5b1631
Aparri,Cagayan,18.35,121.6167,2001,philippine,Wet Season,May-Jun-Jul-Aug-Sep-Oct,1602.9,6,https://app.powerbi.com/view?r=eyJrIjoiOTJkN2U4MjUtYWE1Ny00NzA4LWExMzctMDBiYjQ2NjZiZWVjIiwidCI6ImJkMDNhNzM1LTJhYTMtNGNjYS05NzIyLTJhZTQ5MjlhYjNlYyIsImMiOjEwfQ%3D%3D&pageName=adfba30c52355c5b1631
Aparri,Cagayan,18.35,121.6167,2002,climatological,DJF,Dec-Jan-Feb,179,3,https://app.powerbi.com/view?r=eyJrIjoiOTJkN2U4MjUtYWE1Ny00NzA4LWExMzctMDBiYjQ2NjZiZWVjIiwidCI6ImJkMDNhNzM1LTJhYTMtNGNjYS05NzIyLTJhZTQ5MjlhYjNlYyIsImMiOjEwfQ%3D%3D&pageName=adfba30c52355c5b1631
Aparri,Cagayan,18.35,121.6167,2002,climatological,JJA,Jun-Jul-Aug,442.3,3,https://app.powerbi.com/view?r=eyJrIjoiOTJkN2U4MjUtYWE1Ny00NzA4LWExMzctMDBiYjQ2NjZiZWVjIiwidCI6ImJkMDNhNzM1LTJhYTMtNGNjYS05NzIyLTJhZTQ5MjlhYjNlYyIsImMiOjEwfQ%3D%3D&pageName=adfba30c52355c5b1631
Aparri,Cagayan,18.35,121.6167,2002,climatological,MAM,Mar-Apr-May,146.5,3,https://app.powerbi.com/view?r=eyJrIjoiOTJkN2U4MjUtYWE1Ny00NzA4LWExMzctMDBiYjQ2NjZiZWVjIiwidCI6ImJkMDNhNzM1LTJhYTMtNGNjYS05NzIyLTJhZTQ5MjlhYjNlYyIsImMiOjEwfQ%3D%3D&pageName=adfba30c52355c5b1631
Aparri,Cagayan,18.35,121.6167,2002,climatological,SON,Sep-Oct-Nov,354.2,3,https://app.powerbi.com/view?r=eyJrIjoiOTJkN2U4MjUtYWE1Ny00NzA4LWExMzctMDBiYjQ2NjZiZWVjIiwidCI6ImJkMDNhNzM1LTJhYTMtNGNjYS05NzIyLTJhZTQ5MjlhYjNlYyIsImMiOjEwfQ%3D%3D&pageName=adfba30c52355c5b1631
Aparri,Cagayan,18.35,121.6167,2002,philippine,Dry Season,Nov-Dec-Jan-Feb-Mar-Apr,386.1,6,https://app.powerbi.com/view?r=eyJrIjoiOTJkN2U4MjUtYWE1Ny00NzA4LWExMzctMDBiYjQ2NjZiZWVjIiwidCI6ImJkMDNhNzM1LTJhYTMtNGNjYS05NzIyLTJhZTQ5MjlhYjNlYyIsImMiOjEwfQ%3D%3D&pageName=adfba30c52355c5b1631
Aparri,Cagayan,18.35,121.6167,2002,philippine,Wet Season,May-Jun-Jul-Aug-Sep-Oct,735.9,6,https://app.powerbi.com/view?r=eyJrIjoiOTJkN2U4MjUtYWE1Ny00NzA4LWExMzctMDBiYjQ2NjZiZWVjIiwidCI6ImJkMDNhNzM1LTJhYTMtNGNjYS05NzIyLTJhZTQ5MjlhYjNlYyIsImMiOjEwfQ%3D%3D&pageName=adfba30c52355c5b1631
Aparri,Cagayan,18.35,121.6167,2003,climatological,DJF,Dec-Jan-Feb,265.7,3,https://app.powerbi.com/view?r=eyJrIjoiOTJkN2U4MjUtYWE1Ny00NzA4LWExMzctMDBiYjQ2NjZiZWVjIiwidCI6ImJkMDNhNzM1LTJhYTMtNGNjYS05NzIyLTJhZTQ5MjlhYjNlYyIsImMiOjEwfQ%3D%3D&pageName=adfba30c52355c5b1631
Aparri,Cagayan,18.35,121.6167,2003,climatological,JJA,Jun-Jul-Aug,453,3,https://app.powerbi.com/view?r=eyJrIjoiOTJkN2U4MjUtYWE1Ny00NzA4LWExMzctMDBiYjQ2NjZiZWVjIiwidCI6ImJkMDNhNzM1LTJhYTMtNGNjYS05NzIyLTJhZTQ5MjlhYjNlYyIsImMiOjEwfQ%3D%3D&pageName=adfba30c52355c5b1631
Aparri,Cagayan,18.35,121.6167,2003,climatological,MAM,Mar-Apr-May,343.7,3,https://app.powerbi.com/view?r=eyJrIjoiOTJkN2U4MjUtYWE1Ny00NzA4LWExMzctMDBiYjQ2NjZiZWVjIiwidCI6ImJkMDNhNzM1LTJhYTMtNGNjYS05NzIyLTJhZTQ5MjlhYjNlYyIsImMiOjEwfQ%3D%3D&pageName=adfba30c52355c5b1631
Aparri,Cagayan,18.35,121.6167,2003,climatological,SON,Sep-Oct-Nov,630.7,3,https://app.powerbi.com/view?r=eyJrIjoiOTJkN2U4MjUtYWE1Ny00NzA4LWExMzctMDBiYjQ2NjZiZWVjIiwidCI6ImJkMDNhNzM1LTJhYTMtNGNjYS05NzIyLTJhZTQ5MjlhYjNlYyIsImMiOjEwfQ%3D%3D&pageName=adfba30c52355c5b1631
Aparri,Cagayan,18.35,121.6167,2003,philippine,Dry Season,Nov-Dec-Jan-Feb-Mar-Apr,531.8,6,https://app.powerbi.com/view?r=eyJrIjoiOTJkN2U4MjUtYWE1Ny00NzA4LWExMzctMDBiYjQ2NjZiZWVjIiwidCI6ImJkMDNhNzM1LTJhYTMtNGNjYS05NzIyLTJhZTQ5MjlhYjNlYyIsImMiOjEwfQ%3D%3D&pageName=adfba30c52355c5b1631
Aparri,Cagayan,18.35,121.6167,2003,philippine,Wet Season,May-Jun-Jul-Aug-Sep-Oct,1161.3,6,https://app.powerbi.com/view?r=eyJrIjoiOTJkN2U4MjUtYWE1Ny00NzA4LWExMzctMDBiYjQ2NjZiZWVjIiwidCI6ImJkMDNhNzM1LTJhYTMtNGNjYS05NzIyLTJhZTQ5MjlhYjNlYyIsImMiOjEwfQ%3D%3D&pageName=adfba30c52355c5b1631
Aparri,Cagayan,18.35,121.6167,2004,climatological,DJF,Dec-Jan-Feb,262.7,3,https://app.powerbi.com/view?r=eyJrIjoiOTJkN2U4MjUtYWE1Ny00NzA4LWExMzctMDBiYjQ2NjZiZWVjIiwidCI6ImJkMDNhNzM1LTJhYTMtNGNjYS05NzIyLTJhZTQ5MjlhYjNlYyIsImMiOjEwfQ%3D%3D&pageName=adfba30c52355c5b1631
Aparri,Cagayan,18.35,121.6167,2004,climatological,JJA,Jun-Jul-Aug,593.5,3,https://app.powerbi.com/view?r=eyJrIjoiOTJkN2U4MjUtYWE1Ny00NzA4LWExMzctMDBiYjQ2NjZiZWVjIiwidCI6ImJkMDNhNzM1LTJhYTMtNGNjYS05NzIyLTJhZTQ5MjlhYjNlYyIsImMiOjEwfQ%3D%3D&pageName=adfba30c52355c5b1631
Aparri,Cagayan,18.35,121.6167,2004,climatological,MAM,Mar-Apr-May,126.6,3,https://app.powerbi.com/view?r=eyJrIjoiOTJkN2U4MjUtYWE1Ny00NzA4LWExMzctMDBiYjQ2NjZiZWVjIiwidCI6ImJkMDNhNzM1LTJhYTMtNGNjYS05NzIyLTJhZTQ5MjlhYjNlYyIsImMiOjEwfQ%3D%3D&pageName=adfba30c52355c5b1631
Aparri,Cagayan,18.35,121.6167,2004,climatological,SON,Sep-Oct-Nov,353.4,3,https://app.powerbi.com/view?r=eyJrIjoiOTJkN2U4MjUtYWE1Ny00NzA4LWExMzctMDBiYjQ2NjZiZWVjIiwidCI6ImJkMDNhNzM1LTJhYTMtNGNjYS05NzIyLTJhZTQ5MjlhYjNlYyIsImMiOjEwfQ%3D%3D&pageName=adfba30c52355c5b1631
Aparri,Cagayan,18.35,121.6167,2004,philippine,Dry Season,Nov-Dec-Jan-Feb-Mar-Apr,546.8,6,https://app.powerbi.com/view?r=eyJrIjoiOTJkN2U4MjUtYWE1Ny00NzA4LWExMzctMDBiYjQ2NjZiZWVjIiwidCI6ImJkMDNhNzM1LTJhYTMtNGNjYS05NzIyLTJhZTQ5MjlhYjNlYyIsImMiOjEwfQ%3D%3D&pageName=adfba30c52355c5b1631
Aparri,Cagayan,18.35,121.6167,2004,philippine,Wet Season,May-Jun-Jul-Aug-Sep-Oct,789.4,6,https://app.powerbi.com/view?r=eyJrIjoiOTJkN2U4MjUtYWE1Ny00NzA4LWExMzctMDBiYjQ2NjZiZWVjIiwidCI6ImJkMDNhNzM1LTJhYTMtNGNjYS05NzIyLTJhZTQ5MjlhYjNlYyIsImMiOjEwfQ%3D%3D&pageName=adfba30c52355c5b1631
Aparri,Cagayan,18.35,121.6167,2005,climatological,DJF,Dec-Jan-Feb,246.4,3,https://app.powerbi.com/view?r=eyJrIjoiOTJkN2U4MjUtYWE1Ny00NzA4LWExMzctMDBiYjQ2NjZiZWVjIiwidCI6ImJkMDNhNzM1LTJhYTMtNGNjYS05NzIyLTJhZTQ5MjlhYjNlYyIsImMiOjEwfQ%3D%3D&pageName=adfba30c52355c5b1631
Aparri,Cagayan,18.35,121.6167,2005,climatological,JJA,Jun-Jul-Aug,392.5,3,https://app.powerbi.com/view?r=eyJrIjoiOTJkN2U4MjUtYWE1Ny00NzA4LWExMzctMDBiYjQ2NjZiZWVjIiwidCI6ImJkMDNhNzM1LTJhYTMtNGNjYS05NzIyLTJhZTQ5MjlhYjNlYyIsImMiOjEwfQ%3D%3D&pageName=adfba30c52355c5b1631
Aparri,Cagayan,18.35,121.6167,2005,climatological,MAM,Mar-Apr-May,213.5,3,https://app.powerbi.com/view?r=eyJrIjoiOTJkN2U4MjUtYWE1Ny00NzA4LWExMzctMDBiYjQ2NjZiZWVjIiwidCI6ImJkMDNhNzM1LTJhYTMtNGNjYS05NzIyLTJhZTQ5MjlhYjNlYyIsImMiOjEwfQ%3D%3D&pageName=adfba30c52355c5b1631
Aparri,Cagayan,18.35,121.6167,2005,climatological,SON,Sep-Oct-Nov,808.7,3,https://app.powerbi.com/view?r=eyJrIjoiOTJkN2U4MjUtYWE1Ny00NzA4LWExMzctMDBiYjQ2NjZiZWVjIiwidCI6ImJkMDNhNzM1LTJhYTMtNGNjYS05NzIyLTJhZTQ5MjlhYjNlYyIsImMiOjEwfQ%3D%3D&pageName=adfba30c52355c5b1631
Aparri,Cagayan,18.35,121.6167,2005,philippine,Dry Season,Nov-Dec-Jan-Feb-Mar-Apr,654.7,6,https://app.powerbi.com/view?r=eyJrIjoiOTJkN2U4MjUtYWE1Ny00NzA4LWExMzctMDBiYjQ2NjZiZWVjIiwidCI6ImJkMDNhNzM1LTJhYTMtNGNjYS05NzIyLTJhZTQ5MjlhYjNlYyIsImMiOjEwfQ%3D%3D&pageName=adfba30c52355c5b1631
Aparri,Cagayan,18.35,121.6167,2005,philippine,Wet Season,May-Jun-Jul-Aug-Sep-Oct,1006.4,6,https://app.powerbi.com/view?r=eyJrIjoiOTJkN2U4MjUtYWE1Ny00NzA4LWExMzctMDBiYjQ2NjZiZWVjIiwidCI6ImJkMDNhNzM1LTJhYTMtNGNjYS05NzIyLTJhZTQ5MjlhYjNlYyIsImMiOjEwfQ%3D%3D&pageName=adfba30c52355c5b1631
Aparri,Cagayan,18.35,121.6167,2006,climatological,DJF,Dec-Jan-Feb,456.7,3,https://app.powerbi.com/view?r=eyJrIjoiOTJkN2U4MjUtYWE1Ny00NzA4LWExMzctMDBiYjQ2NjZiZWVjIiwidCI6ImJkMDNhNzM1LTJhYTMtNGNjYS05NzIyLTJhZTQ5MjlhYjNlYyIsImMiOjEwfQ%3D%3D&pageName=adfba30c52355c5b1631
Aparri,Cagayan,18.35,121.6167,2006,climatological,JJA,Jun-Jul-Aug,448.2,3,https://app.powerbi.com/view?r=eyJrIjoiOTJkN2U4MjUtYWE1Ny00NzA4LWExMzctMDBiYjQ2NjZiZWVjIiwidCI6ImJkMDNhNzM1LTJhYTMtNGNjYS05NzIyLTJhZTQ5MjlhYjNlYyIsImMiOjEwfQ%3D%3D&pageName=adfba30c52355c5b1631
Aparri,Cagayan,18.35,121.6167,2006,climatological,MAM,Mar-Apr-May,89.4,3,https://app.powerbi.com/view?r=eyJrIjoiOTJkN2U4MjUtYWE1Ny00NzA4LWExMzctMDBiYjQ2NjZiZWVjIiwidCI6ImJkMDNhNzM1LTJhYTMtNGNjYS05NzIyLTJhZTQ5MjlhYjNlYyIsImMiOjEwfQ%3D%3D&pageName=adfba30c52355c5b1631
Aparri,Cagayan,18.35,121.6167,2006,climatological,SON,Sep-Oct-Nov,525.6,3,https://app.powerbi.com/view?r=eyJrIjoiOTJkN2U4MjUtYWE1Ny00NzA4LWExMzctMDBiYjQ2NjZiZWVjIiwidCI6ImJkMDNhNzM1LTJhYTMtNGNjYS05NzIyLTJhZTQ5MjlhYjNlYyIsImMiOjEwfQ%3D%3D&pageName=adfba30c52355c5b1631
Aparri,Cagayan,18.35,121.6167,2006,philippine,Dry Season,Nov-Dec-Jan-Feb-Mar-Apr,619.3,6,https://app.powerbi.com/view?r=eyJrIjoiOTJkN2U4MjUtYWE1Ny00NzA4LWExMzctMDBiYjQ2NjZiZWVjIiwidCI6ImJkMDNhNzM1LTJhYTMtNGNjYS05NzIyLTJhZTQ5MjlhYjNlYyIsImMiOjEwfQ%3D%3D&pageName=adfba30c52355c5b1631
Aparri,Cagayan,18.35,121.6167,2006,philippine,Wet Season,May-Jun-Jul-Aug-Sep-Oct,900.6,6,https://app.powerbi.com/view?r=eyJrIjoiOTJkN2U4MjUtYWE1Ny00NzA4LWExMzctMDBiYjQ2NjZiZWVjIiwidCI6ImJkMDNhNzM1LTJhYTMtNGNjYS05NzIyLTJhZTQ5MjlhYjNlYyIsImMiOjEwfQ%3D%3D&pageName=adfba30c52355c5b1631
Aparri,Cagayan,18.35,121.6167,2007,climatological,DJF,Dec-Jan-Feb,219.2,3,https://app.powerbi.com/view?r=eyJrIjoiOTJkN2U4MjUtYWE1Ny00NzA4LWExMzctMDBiYjQ2NjZiZWVjIiwidCI6ImJkMDNhNzM1LTJhYTMtNGNjYS05NzIyLTJhZTQ5MjlhYjNlYyIsImMiOjEwfQ%3D%3D&pageName=adfba30c52355c5b1631
Aparri,Cagayan,18.35,121.6167,2007,climatological,JJA,Jun-Jul-Aug,355,3,https://app.powerbi.com/view?r=eyJrIjoiOTJkN2U4MjUtYWE1Ny00NzA4LWExMzctMDBiYjQ2NjZiZWVjIiwidCI6ImJkMDNhNzM1LTJhYTMtNGNjYS05NzIyLTJhZTQ5MjlhYjNlYyIsImMiOjEwfQ%3D%3D&pageName=adfba30c52355c5b1631
Aparri,Cagayan,18.35,121.6167,2007,climatological,MAM,Mar-Apr-May,88.3,3,https://app.powerbi.com/view?r=eyJrIjoiOTJkN2U4MjUtYWE1Ny00NzA4LWExMzctMDBiYjQ2NjZiZWVjIiwidCI6ImJkMDNhNzM1LTJhYTMtNGNjYS05NzIyLTJhZTQ5MjlhYjNlYyIsImMiOjEwfQ%3D%3D&pageName=adfba30c52355c5b1631
Aparri,Cagayan,18.35,121.6167,2007,climatological,SON,Sep-Oct-Nov,756.8,3,https://app.powerbi.com/view?r=eyJrIjoiOTJkN2U4MjUtYWE1Ny00NzA4LWExMzctMDBiYjQ2NjZiZWVjIiwidCI6ImJkMDNhNzM1LTJhYTMtNGNjYS05NzIyLTJhZTQ5MjlhYjNlYyIsImMiOjEwfQ%3D%3D&pageName=adfba30c52355c5b1631
Aparri,Cagayan,18.35,121.6167,2007,philippine,Dry Season,Nov-Dec-Jan-Feb-Mar-Apr,546.1,6,https://app.powerbi.com/view?r=eyJrIjoiOTJkN2U4MjUtYWE1Ny00NzA4LWExMzctMDBiYjQ2NjZiZWVjIiwidCI6ImJkMDNhNzM1LTJhYTMtNGNjYS05NzIyLTJhZTQ5MjlhYjNlYyIsImMiOjEwfQ%3D%3D&pageName=adfba30c52355c5b1631
Aparri,Cagayan,18.35,121.6167,2007,philippine,Wet Season,May-Jun-Jul-Aug-Sep-Oct,873.2,6,https://app.powerbi.com/view?r=eyJrIjoiOTJkN2U4MjUtYWE1Ny00NzA4LWExMzctMDBiYjQ2NjZiZWVjIiwidCI6ImJkMDNhNzM1LTJhYTMtNGNjYS05NzIyLTJhZTQ5MjlhYjNlYyIsImMiOjEwfQ%3D%3D&pageName=adfba30c52355c5b1631
Aparri,Cagayan,18.35,121.6167,2008,climatological,DJF,Dec-Jan-Feb,304.8,3,https://app.powerbi.com/view?r=eyJrIjoiOTJkN2U4MjUtYWE1Ny00NzA4LWExMzctMDBiYjQ2NjZiZWVjIiwidCI6ImJkMDNhNzM1LTJhYTMtNGNjYS05NzIyLTJhZTQ5MjlhYjNlYyIsImMiOjEwfQ%3D%3D&pageName=adfba30c52355c5b1631
Aparri,Cagayan,18.35,121.6167,2008,climatological,JJA,Jun-Jul-Aug,777.5,3,https://app.powerbi.com/view?r=eyJrIjoiOTJkN2U4MjUtYWE1Ny00NzA4LWExMzctMDBiYjQ2NjZiZWVjIiwidCI6ImJkMDNhNzM1LTJhYTMtNGNjYS05NzIyLTJhZTQ5MjlhYjNlYyIsImMiOjEwfQ%3D%3D&pageName=adfba30c52355c5b1631
Aparri,Cagayan,18.35,121.6167,2008,climatological,MAM,Mar-Apr-May,181,3,https://app.powerbi.com/view?r=eyJrIjoiOTJkN2U4MjUtYWE1Ny00NzA4LWExMzctMDBiYjQ2NjZiZWVjIiwidCI6ImJkMDNhNzM1LTJhYTMtNGNjYS05NzIyLTJhZTQ5MjlhYjNlYyIsImMiOjEwfQ%3D%3D&pageName=adfba30c52355c5b1631
Aparri,Cagayan,18.35,121.6167,2008,climatological,SON,Sep-Oct-Nov,922.1,3,https://app.powerbi.com/view?r=eyJrIjoiOTJkN2U4MjUtYWE1Ny00NzA4LWExMzctMDBiYjQ2NjZiZWVjIiwidCI6ImJkMDNhNzM1LTJhYTMtNGNjYS05NzIyLTJhZTQ5MjlhYjNlYyIsImMiOjEwfQ%3D%3D&pageName=adfba30c52355c5b1631
Aparri,Cagayan,18.35,121.6167,2008,philippine,Dry Season,Nov-Dec-Jan-Feb-Mar-Apr,776.8,6,https://app.powerbi.com/view?r=eyJrIjoiOTJkN2U4MjUtYWE1Ny00NzA4LWExMzctMDBiYjQ2NjZiZWVjIiwidCI6ImJkMDNhNzM1LTJhYTMtNGNjYS05NzIyLTJhZTQ5MjlhYjNlYyIsImMiOjEwfQ%3D%3D&pageName=adfba30c52355c5b1631
Aparri,Cagayan,18.35,121.6167,2008,philippine,Wet Season,May-Jun-Jul-Aug-Sep-Oct,1408.6,6,https://app.powerbi.com/view?r=eyJrIjoiOTJkN2U4MjUtYWE1Ny00NzA4LWExMzctMDBiYjQ2NjZiZWVjIiwidCI6ImJkMDNhNzM1LTJhYTMtNGNjYS05NzIyLTJhZTQ5MjlhYjNlYyIsImMiOjEwfQ%3D%3D&pageName=adfba30c52355c5b1631
Aparri,Cagayan,18.35,121.6167,2009,climatological,DJF,Dec-Jan-Feb,278.1,3,https://app.powerbi.com/view?r=eyJrIjoiOTJkN2U4MjUtYWE1Ny00NzA4LWExMzctMDBiYjQ2NjZiZWVjIiwidCI6ImJkMDNhNzM1LTJhYTMtNGNjYS05NzIyLTJhZTQ5MjlhYjNlYyIsImMiOjEwfQ%3D%3D&pageName=adfba30c52355c5b1631
Aparri,Cagayan,18.35,121.6167,2009,climatological,JJA,Jun-Jul-Aug,669.6,3,https://app.powerbi.com/view?r=eyJrIjoiOTJkN2U4MjUtYWE1Ny00NzA4LWExMzctMDBiYjQ2NjZiZWVjIiwidCI6ImJkMDNhNzM1LTJhYTMtNGNjYS05NzIyLTJhZTQ5MjlhYjNlYyIsImMiOjEwfQ%3D%3D&pageName=adfba30c52355c5b1631
Aparri,Cagayan,18.35,121.6167,2009,climatological,MAM,Mar-Apr-May,325.1,3,https://app.powerbi.com/view?r=eyJrIjoiOTJkN2U4MjUtYWE1Ny00NzA4LWExMzctMDBiYjQ2NjZiZWVjIiwidCI6ImJkMDNhNzM1LTJhYTMtNGNjYS05NzIyLTJhZTQ5MjlhYjNlYyIsImMiOjEwfQ%3D%3D&pageName=adfba30c52355c5b1631
Aparri,Cagayan,18.35,121.6167,2009,climatological,SON,Sep-Oct-Nov,834.9,3,https://app.powerbi.com/view?r=eyJrIjoiOTJkN2U4MjUtYWE1Ny00NzA4LWExMzctMDBiYjQ2NjZiZWVjIiwidCI6ImJkMDNhNzM1LTJhYTMtNGNjYS05NzIyLTJhZTQ5MjlhYjNlYyIsImMiOjEwfQ%3D%3D&pageName=adfba30c52355c5b1631
Aparri,Cagayan,18.35,121.6167,2009,philippine,Dry Season,Nov-Dec-Jan-Feb-Mar-Apr,681,6,https://app.powerbi.com/view?r=eyJrIjoiOTJkN2U4MjUtYWE1Ny00NzA4LWExMzctMDBiYjQ2NjZiZWVjIiwidCI6ImJkMDNhNzM1LTJhYTMtNGNjYS05NzIyLTJhZTQ5MjlhYjNlYyIsImMiOjEwfQ%3D%3D&pageName=adfba30c52355c5b1631
Aparri,Cagayan,18.35,121.6167,2009,philippine,Wet Season,May-Jun-Jul-Aug-Sep-Oct,1426.7,6,https://app.powerbi.com/view?r=eyJrIjoiOTJkN2U4MjUtYWE1Ny00NzA4LWExMzctMDBiYjQ2NjZiZWVjIiwidCI6ImJkMDNhNzM1LTJhYTMtNGNjYS05NzIyLTJhZTQ5MjlhYjNlYyIsImMiOjEwfQ%3D%3D&pageName=adfba30c52355c5b1631
Aparri,Cagayan,18.35,121.6167,2010,climatological,DJF,Dec-Jan-Feb,309.8,3,https://app.powerbi.com/view?r=eyJrIjoiOTJkN2U4MjUtYWE1Ny00NzA4LWExMzctMDBiYjQ2NjZiZWVjIiwidCI6ImJkMDNhNzM1LTJhYTMtNGNjYS05NzIyLTJhZTQ5MjlhYjNlYyIsImMiOjEwfQ%3D%3D&pageName=adfba30c52355c5b1631
Aparri,Cagayan,18.35,121.6167,2010,climatological,JJA,Jun-Jul-Aug,318.8,3,https://app.powerbi.com/view?r=eyJrIjoiOTJkN2U4MjUtYWE1Ny00NzA4LWExMzctMDBiYjQ2NjZiZWVjIiwidCI6ImJkMDNhNzM1LTJhYTMtNGNjYS05NzIyLTJhZTQ5MjlhYjNlYyIsImMiOjEwfQ%3D%3D&pageName=adfba30c52355c5b1631
Aparri,Cagayan,18.35,121.6167,2010,climatological,MAM,Mar-Apr-May,117.1,3,https://app.powerbi.com/view?r=eyJrIjoiOTJkN2U4MjUtYWE1Ny00NzA4LWExMzctMDBiYjQ2NjZiZWVjIiwidCI6ImJkMDNhNzM1LTJhYTMtNGNjYS05NzIyLTJhZTQ5MjlhYjNlYyIsImMiOjEwfQ%3D%3D&pageName=adfba30c52355c5b1631
Aparri,Cagayan,18.35,121.6167,2010,climatological,SON,Sep-Oct-Nov,1143.1,3,https://app.powerbi.com/view?r=eyJrIjoiOTJkN2U4MjUtYWE1Ny00NzA4LWExMzctMDBiYjQ2NjZiZWVjIiwidCI6ImJkMDNhNzM1LTJhYTMtNGNjYS05NzIyLTJhZTQ5MjlhYjNlYyIsImMiOjEwfQ%3D%3D&pageName=adfba30c52355c5b1631
Aparri,Cagayan,18.35,121.6167,2010,philippine,Dry Season,Nov-Dec-Jan-Feb-Mar-Apr,1140.4,6,https://app.powerbi.com/view?r=eyJrIjoiOTJkN2U4MjUtYWE1Ny00NzA4LWExMzctMDBiYjQ2NjZiZWVjIiwidCI6ImJkMDNhNzM1LTJhYTMtNGNjYS05NzIyLTJhZTQ5MjlhYjNlYyIsImMiOjEwfQ%3D%3D&pageName=adfba30c52355c5b1631
Aparri,Cagayan,18.35,121.6167,2010,philippine,Wet Season,May-Jun-Jul-Aug-Sep-Oct,748.4,6,https://app.powerbi.com/view?r=eyJrIjoiOTJkN2U4MjUtYWE1Ny00NzA4LWExMzctMDBiYjQ2NjZiZWVjIiwidCI6ImJkMDNhNzM1LTJhYTMtNGNjYS05NzIyLTJhZTQ5MjlhYjNlYyIsImMiOjEwfQ%3D%3D&pageName=adfba30c52355c5b1631
Aparri,Cagayan,18.35,121.6167,2011,climatological,DJF,Dec-Jan-Feb,768.2,3,https://app.powerbi.com/view?r=eyJrIjoiOTJkN2U4MjUtYWE1Ny00NzA4LWExMzctMDBiYjQ2NjZiZWVjIiwidCI6ImJkMDNhNzM1LTJhYTMtNGNjYS05NzIyLTJhZTQ5MjlhYjNlYyIsImMiOjEwfQ%3D%3D&pageName=adfba30c52355c5b1631
Aparri,Cagayan,18.35,121.6167,2011,climatological,JJA,Jun-Jul-Aug,476.5,3,https://app.powerbi.com/view?r=eyJrIjoiOTJkN2U4MjUtYWE1Ny00NzA4LWExMzctMDBiYjQ2NjZiZWVjIiwidCI6ImJkMDNhNzM1LTJhYTMtNGNjYS05NzIyLTJhZTQ5MjlhYjNlYyIsImMiOjEwfQ%3D%3D&pageName=adfba30c52355c5b1631
Aparri,Cagayan,18.35,121.6167,2011,climatological,MAM,Mar-Apr-May,360.9,3,https://app.powerbi.com/view?r=eyJrIjoiOTJkN2U4MjUtYWE1Ny00NzA4LWExMzctMDBiYjQ2NjZiZWVjIiwidCI6ImJkMDNhNzM1LTJhYTMtNGNjYS05NzIyLTJhZTQ5MjlhYjNlYyIsImMiOjEwfQ%3D%3D&pageName=adfba30c52355c5b1631
Aparri,Cagayan,18.35,121.6167,2011,climatological,SON,Sep-Oct-Nov,981.5,3,https://app.powerbi.com/view?r=eyJrIjoiOTJkN2U4MjUtYWE1Ny00NzA4LWExMzctMDBiYjQ2NjZiZWVjIiwidCI6ImJkMDNhNzM1LTJhYTMtNGNjYS05NzIyLTJhZTQ5MjlhYjNlYyIsImMiOjEwfQ%3D%3D&pageName=adfba30c52355c5b1631
Aparri,Cagayan,18.35,121.6167,2011,philippine,Dry Season,Nov-Dec-Jan-Feb-Mar-Apr,1315.6,6,https://app.powerbi.com/view?r=eyJrIjoiOTJkN2U4MjUtYWE1Ny00NzA4LWExMzctMDBiYjQ2NjZiZWVjIiwidCI6ImJkMDNhNzM1LTJhYTMtNGNjYS05NzIyLTJhZTQ5MjlhYjNlYyIsImMiOjEwfQ%3D%3D&pageName=adfba30c52355c5b1631
Aparri,Cagayan,18.35,121.6167,2011,philippine,Wet Season,May-Jun-Jul-Aug-Sep-Oct,1271.5,6,https://app.powerbi.com/view?r=eyJrIjoiOTJkN2U4MjUtYWE1Ny00NzA4LWExMzctMDBiYjQ2NjZiZWVjIiwidCI6ImJkMDNhNzM1LTJhYTMtNGNjYS05NzIyLTJhZTQ5MjlhYjNlYyIsImMiOjEwfQ%3D%3D&pageName=adfba30c52355c5b1631
Aparri,Cagayan,18.35,121.6167,2012,climatological,DJF,Dec-Jan-Feb,312.8,3,https://app.powerbi.com/view?r=eyJrIjoiOTJkN2U4MjUtYWE1Ny00NzA4LWExMzctMDBiYjQ2NjZiZWVjIiwidCI6ImJkMDNhNzM1LTJhYTMtNGNjYS05NzIyLTJhZTQ5MjlhYjNlYyIsImMiOjEwfQ%3D%3D&pageName=adfba30c52355c5b1631
Aparri,Cagayan,18.35,121.6167,2012,climatological,JJA,Jun-Jul-Aug,672.5,3,https://app.powerbi.com/view?r=eyJrIjoiOTJkN2U4MjUtYWE1Ny00NzA4LWExMzctMDBiYjQ2NjZiZWVjIiwidCI6ImJkMDNhNzM1LTJhYTMtNGNjYS05NzIyLTJhZTQ5MjlhYjNlYyIsImMiOjEwfQ%3D%3D&pageName=adfba30c52355c5b1631
Aparri,Cagayan,18.35,121.6167,2012,climatological,MAM,Mar-Apr-May,300,3,https://app.powerbi.com/view?r=eyJrIjoiOTJkN2U4MjUtYWE1Ny00NzA4LWExMzctMDBiYjQ2NjZiZWVjIiwidCI6ImJkMDNhNzM1LTJhYTMtNGNjYS05NzIyLTJhZTQ5MjlhYjNlYyIsImMiOjEwfQ%3D%3D&pageName=adfba30c52355c5b1631
Aparri,Cagayan,18.35,121.6167,2012,climatological,SON,Sep-Oct-Nov,616.5,3,https://app.powerbi.com/view?r=eyJrIjoiOTJkN2U4MjUtYWE1Ny00NzA4LWExMzctMDBiYjQ2NjZiZWVjIiwidCI6ImJkMDNhNzM1LTJhYTMtNGNjYS05NzIyLTJhZTQ5MjlhYjNlYyIsImMiOjEwfQ%3D%3D&pageName=adfba30c52355c5b1631
Aparri,Cagayan,18.35,121.6167,2012,philippine,Dry Season,Nov-Dec-Jan-Feb-Mar-Apr,710.8,6,https://app.powerbi.com/view?r=eyJrIjoiOTJkN2U4MjUtYWE1Ny00NzA4LWExMzctMDBiYjQ2NjZiZWVjIiwidCI6ImJkMDNhNzM1LTJhYTMtNGNjYS05NzIyLTJhZTQ5MjlhYjNlYyIsImMiOjEwfQ%3D%3D&pageName=adfba30c52355c5b1631
Aparri,Cagayan,18.35,121.6167,2012,philippine,Wet Season,May-Jun-Jul-Aug-Sep-Oct,1191,6,https://app.powerbi.com/view?r=eyJrIjoiOTJkN2U4MjUtYWE1Ny00NzA4LWExMzctMDBiYjQ2NjZiZWVjIiwidCI6ImJkMDNhNzM1LTJhYTMtNGNjYS05NzIyLTJhZTQ5MjlhYjNlYyIsImMiOjEwfQ%3D%3D&pageName=adfba30c52355c5b1631
Aparri,Cagayan,18.35,121.6167,2013,climatological,DJF,Dec-Jan-Feb,244.5,3,https://app.powerbi.com/view?r=eyJrIjoiOTJkN2U4MjUtYWE1Ny00NzA4LWExMzctMDBiYjQ2NjZiZWVjIiwidCI6ImJkMDNhNzM1LTJhYTMtNGNjYS05NzIyLTJhZTQ5MjlhYjNlYyIsImMiOjEwfQ%3D%3D&pageName=adfba30c52355c5b1631
Aparri,Cagayan,18.35,121.6167,2013,climatological,JJA,Jun-Jul-Aug,270.3,3,https://app.powerbi.com/view?r=eyJrIjoiOTJkN2U4MjUtYWE1Ny00NzA4LWExMzctMDBiYjQ2NjZiZWVjIiwidCI6ImJkMDNhNzM1LTJhYTMtNGNjYS05NzIyLTJhZTQ5MjlhYjNlYyIsImMiOjEwfQ%3D%3D&pageName=adfba30c52355c5b1631
Aparri,Cagayan,18.35,121.6167,2013,climatological,MAM,Mar-Apr-May,108,3,https://app.powerbi.com/view?r=eyJrIjoiOTJkN2U4MjUtYWE1Ny00NzA4LWExMzctMDBiYjQ2NjZiZWVjIiwidCI6ImJkMDNhNzM1LTJhYTMtNGNjYS05NzIyLTJhZTQ5MjlhYjNlYyIsImMiOjEwfQ%3D%3D&pageName=adfba30c52355c5b1631
Aparri,Cagayan,18.35,121.6167,2013,climatological,SON,Sep-Oct-Nov,1028.5,3,https://app.powerbi.com/view?r=eyJrIjoiOTJkN2U4MjUtYWE1Ny00NzA4LWExMzctMDBiYjQ2NjZiZWVjIiwidCI6ImJkMDNhNzM1LTJhYTMtNGNjYS05NzIyLTJhZTQ5MjlhYjNlYyIsImMiOjEwfQ%3D%3D&pageName=adfba30c52355c5b1631
Aparri,Cagayan,18.35,121.6167,2013,philippine,Dry Season,Nov-Dec-Jan-Feb-Mar-Apr,474,6,https://app.powerbi.com/view?r=eyJrIjoiOTJkN2U4MjUtYWE1Ny00NzA4LWExMzctMDBiYjQ2NjZiZWVjIiwidCI6ImJkMDNhNzM1LTJhYTMtNGNjYS05NzIyLTJhZTQ5MjlhYjNlYyIsImMiOjEwfQ%3D%3D&pageName=adfba30c52355c5b1631
Aparri,Cagayan,18.35,121.6167,2013,philippine,Wet Season,May-Jun-Jul-Aug-Sep-Oct,1177.3,6,https://app.powerbi.com/view?r=eyJrIjoiOTJkN2U4MjUtYWE1Ny00NzA4LWExMzctMDBiYjQ2NjZiZWVjIiwidCI6ImJkMDNhNzM1LTJhYTMtNGNjYS05NzIyLTJhZTQ5MjlhYjNlYyIsImMiOjEwfQ%3D%3D&pageName=adfba30c52355c5b1631
Aparri,Cagayan,18.35,121.6167,2014,climatological,DJF,Dec-Jan-Feb,291,3,https://app.powerbi.com/view?r=eyJrIjoiOTJkN2U4MjUtYWE1Ny00NzA4LWExMzctMDBiYjQ2NjZiZWVjIiwidCI6ImJkMDNhNzM1LTJhYTMtNGNjYS05NzIyLTJhZTQ5MjlhYjNlYyIsImMiOjEwfQ%3D%3D&pageName=adfba30c52355c5b1631
Aparri,Cagayan,18.35,121.6167,2014,climatological,JJA,Jun-Jul-Aug,693.5,3,https://app.powerbi.com/view?r=eyJrIjoiOTJkN2U4MjUtYWE1Ny00NzA4LWExMzctMDBiYjQ2NjZiZWVjIiwidCI6ImJkMDNhNzM1LTJhYTMtNGNjYS05NzIyLTJhZTQ5MjlhYjNlYyIsImMiOjEwfQ%3D%3D&pageName=adfba30c52355c5b1631
Aparri,Cagayan,18.35,121.6167,2014,climatological,MAM,Mar-Apr-May,42.5,3,https://app.powerbi.com/view?r=eyJrIjoiOTJkN2U4MjUtYWE1Ny00NzA4LWExMzctMDBiYjQ2NjZiZWVjIiwidCI6ImJkMDNhNzM1LTJhYTMtNGNjYS05NzIyLTJhZTQ5MjlhYjNlYyIsImMiOjEwfQ%3D%3D&pageName=adfba30c52355c5b1631
Aparri,Cagayan,18.35,121.6167,2014,climatological,SON,Sep-Oct-Nov,394.5,3,https://app.powerbi.com/view?r=eyJrIjoiOTJkN2U4MjUtYWE1Ny00NzA4LWExMzctMDBiYjQ2NjZiZWVjIiwidCI6ImJkMDNhNzM1LTJhYTMtNGNjYS05NzIyLTJhZTQ5MjlhYjNlYyIsImMiOjEwfQ%3D%3D&pageName=adfba30c52355c5b1631
Aparri,Cagayan,18.35,121.6167,2014,philippine,Dry Season,Nov-Dec-Jan-Feb-Mar-Apr,342,6,https://app.powerbi.com/view?r=eyJrIjoiOTJkN2U4MjUtYWE1Ny00NzA4LWExMzctMDBiYjQ2NjZiZWVjIiwidCI6ImJkMDNhNzM1LTJhYTMtNGNjYS05NzIyLTJhZTQ5MjlhYjNlYyIsImMiOjEwfQ%3D%3D&pageName=adfba30c52355c5b1631
Aparri,Cagayan,18.35,121.6167,2014,philippine,Wet Season,May-Jun-Jul-Aug-Sep-Oct,1079.5,6,https://app.powerbi.com/view?r=eyJrIjoiOTJkN2U4MjUtYWE1Ny00NzA4LWExMzctMDBiYjQ2NjZiZWVjIiwidCI6ImJkMDNhNzM1LTJhYTMtNGNjYS05NzIyLTJhZTQ5MjlhYjNlYyIsImMiOjEwfQ%3D%3D&pageName=adfba30c52355c5b1631
Aparri,Cagayan,18.35,121.6167,2015,climatological,DJF,Dec-Jan-Feb,449.8,3,https://app.powerbi.com/view?r=eyJrIjoiOTJkN2U4MjUtYWE1Ny00NzA4LWExMzctMDBiYjQ2NjZiZWVjIiwidCI6ImJkMDNhNzM1LTJhYTMtNGNjYS05NzIyLTJhZTQ5MjlhYjNlYyIsImMiOjEwfQ%3D%3D&pageName=adfba30c52355c5b1631
Aparri,Cagayan,18.35,121.6167,2015,climatological,JJA,Jun-Jul-Aug,663.8,3,https://app.powerbi.com/view?r=eyJrIjoiOTJkN2U4MjUtYWE1Ny00NzA4LWExMzctMDBiYjQ2NjZiZWVjIiwidCI6ImJkMDNhNzM1LTJhYTMtNGNjYS05NzIyLTJhZTQ5MjlhYjNlYyIsImMiOjEwfQ%3D%3D&pageName=adfba30c52355c5b1631
Aparri,Cagayan,18.35,121.6167,2015,climatological,MAM,Mar-Apr-May,170.3,3,https://app.powerbi.com/view?r=eyJrIjoiOTJkN2U4MjUtYWE1Ny00NzA4LWExMzctMDBiYjQ2NjZiZWVjIiwidCI6ImJkMDNhNzM1LTJhYTMtNGNjYS05NzIyLTJhZTQ5MjlhYjNlYyIsImMiOjEwfQ%3D%3D&pageName=adfba30c52355c5b1631
Aparri,Cagayan,18.35,121.6167,2015,climatological,SON,Sep-Oct-Nov,522.7,3,https://app.powerbi.com/view?r=eyJrIjoiOTJkN2U4MjUtYWE1Ny00NzA4LWExMzctMDBiYjQ2NjZiZWVjIiwidCI6ImJkMDNhNzM1LTJhYTMtNGNjYS05NzIyLTJhZTQ5MjlhYjNlYyIsImMiOjEwfQ%3D%3D&pageName=adfba30c52355c5b1631
Aparri,Cagayan,18.35,121.6167,2015,philippine,Dry Season,Nov-Dec-Jan-Feb-Mar-Apr,595.5,6,https://app.powerbi.com/view?r=eyJrIjoiOTJkN2U4MjUtYWE1Ny00NzA4LWExMzctMDBiYjQ2NjZiZWVjIiwidCI6ImJkMDNhNzM1LTJhYTMtNGNjYS05NzIyLTJhZTQ5MjlhYjNlYyIsImMiOjEwfQ%3D%3D&pageName=adfba30c52355c5b1631
Aparri,Cagayan,18.35,121.6167,2015,philippine,Wet Season,May-Jun-Jul-Aug-Sep-Oct,1211.1,6,https://app.powerbi.com/view?r=eyJrIjoiOTJkN2U4MjUtYWE1Ny00NzA4LWExMzctMDBiYjQ2NjZiZWVjIiwidCI6ImJkMDNhNzM1LTJhYTMtNGNjYS05NzIyLTJhZTQ5MjlhYjNlYyIsImMiOjEwfQ%3D%3D&pageName=adfba30c52355c5b1631
Aparri,Cagayan,18.35,121.6167,2016,climatological,DJF,Dec-Jan-Feb,558.8,3,https://app.powerbi.com/view?r=eyJrIjoiOTJkN2U4MjUtYWE1Ny00NzA4LWExMzctMDBiYjQ2NjZiZWVjIiwidCI6ImJkMDNhNzM1LTJhYTMtNGNjYS05NzIyLTJhZTQ5MjlhYjNlYyIsImMiOjEwfQ%3D%3D&pageName=adfba30c52355c5b1631
Aparri,Cagayan,18.35,121.6167,2016,climatological,JJA,Jun-Jul-Aug,506.9,3,https://app.powerbi.com/view?r=eyJrIjoiOTJkN2U4MjUtYWE1Ny00NzA4LWExMzctMDBiYjQ2NjZiZWVjIiwidCI6ImJkMDNhNzM1LTJhYTMtNGNjYS05NzIyLTJhZTQ5MjlhYjNlYyIsImMiOjEwfQ%3D%3D&pageName=adfba30c52355c5b1631
Aparri,Cagayan,18.35,121.6167,2016,climatological,MAM,Mar-Apr-May,156.5,3,https://app.powerbi.com/view?r=eyJrIjoiOTJkN2U4MjUtYWE1Ny00NzA4LWExMzctMDBiYjQ2NjZiZWVjIiwidCI6ImJkMDNhNzM1LTJhYTMtNGNjYS05NzIyLTJhZTQ5MjlhYjNlYyIsImMiOjEwfQ%3D%3D&pageName=adfba30c52355c5b1631
Aparri,Cagayan,18.35,121.6167,2016,climatological,SON,Sep-Oct-Nov,819.3,3,https://app.powerbi.com/view?r=eyJrIjoiOTJkN2U4MjUtYWE1Ny00NzA4LWExMzctMDBiYjQ2NjZiZWVjIiwidCI6ImJkMDNhNzM1LTJhYTMtNGNjYS05NzIyLTJhZTQ5MjlhYjNlYyIsImMiOjEwfQ%3D%3D&pageName=adfba30c52355c5b1631
Aparri,Cagayan,18.35,121.6167,2016,philippine,Dry Season,Nov-Dec-Jan-Feb-Mar-Apr,934,6,https://app.powerbi.com/view?r=eyJrIjoiOTJkN2U4MjUtYWE1Ny00NzA4LWExMzctMDBiYjQ2NjZiZWVjIiwidCI6ImJkMDNhNzM1LTJhYTMtNGNjYS05NzIyLTJhZTQ5MjlhYjNlYyIsImMiOjEwfQ%3D%3D&pageName=adfba30c52355c5b1631
Aparri,Cagayan,18.35,121.6167,2016,philippine,Wet Season,May-Jun-Jul-Aug-Sep-Oct,1107.5,6,https://app.powerbi.com/view?r=eyJrIjoiOTJkN2U4MjUtYWE1Ny00NzA4LWExMzctMDBiYjQ2NjZiZWVjIiwidCI6ImJkMDNhNzM1LTJhYTMtNGNjYS05NzIyLTJhZTQ5MjlhYjNlYyIsImMiOjEwfQ%3D%3D&pageName=adfba30c52355c5b1631
Aparri,Cagayan,18.35,121.6167,2017,climatological,DJF,Dec-Jan-Feb,401.6,3,https://app.powerbi.com/view?r=eyJrIjoiOTJkN2U4MjUtYWE1Ny00NzA4LWExMzctMDBiYjQ2NjZiZWVjIiwidCI6ImJkMDNhNzM1LTJhYTMtNGNjYS05NzIyLTJhZTQ5MjlhYjNlYyIsImMiOjEwfQ%3D%3D&pageName=adfba30c52355c5b1631
Aparri,Cagayan,18.35,121.6167,2017,climatological,JJA,Jun-Jul-Aug,498.5,3,https://app.powerbi.com/view?r=eyJrIjoiOTJkN2U4MjUtYWE1Ny00NzA4LWExMzctMDBiYjQ2NjZiZWVjIiwidCI6ImJkMDNhNzM1LTJhYTMtNGNjYS05NzIyLTJhZTQ5MjlhYjNlYyIsImMiOjEwfQ%3D%3D&pageName=adfba30c52355c5b1631
Aparri,Cagayan,18.35,121.6167,2017,climatological,MAM,Mar-Apr-May,249.9,3,https://app.powerbi.com/view?r=eyJrIjoiOTJkN2U4MjUtYWE1Ny00NzA4LWExMzctMDBiYjQ2NjZiZWVjIiwidCI6ImJkMDNhNzM1LTJhYTMtNGNjYS05NzIyLTJhZTQ5MjlhYjNlYyIsImMiOjEwfQ%3D%3D&pageName=adfba30c52355c5b1631
Aparri,Cagayan,18.35,121.6167,2017,climatological,SON,Sep-Oct-Nov,1117.7,3,https://app.powerbi.com/view?r=eyJrIjoiOTJkN2U4MjUtYWE1Ny00NzA4LWExMzctMDBiYjQ2NjZiZWVjIiwidCI6ImJkMDNhNzM1LTJhYTMtNGNjYS05NzIyLTJhZTQ5MjlhYjNlYyIsImMiOjEwfQ%3D%3D&pageName=adfba30c52355c5b1631
Aparri,Cagayan,18.35,121.6167,2017,philippine,Dry Season,Nov-Dec-Jan-Feb-Mar-Apr,913.5,6,https://app.powerbi.com/view?r=eyJrIjoiOTJkN2U4MjUtYWE1Ny00NzA4LWExMzctMDBiYjQ2NjZiZWVjIiwidCI6ImJkMDNhNzM1LTJhYTMtNGNjYS05NzIyLTJhZTQ5MjlhYjNlYyIsImMiOjEwfQ%3D%3D&pageName=adfba30c52355c5b1631
Aparri,Cagayan,18.35,121.6167,2017,philippine,Wet Season,May-Jun-Jul-Aug-Sep-Oct,1354.2,6,https://app.powerbi.com/view?r=eyJrIjoiOTJkN2U4MjUtYWE1Ny00NzA4LWExMzctMDBiYjQ2NjZiZWVjIiwidCI6ImJkMDNhNzM1LTJhYTMtNGNjYS05NzIyLTJhZTQ5MjlhYjNlYyIsImMiOjEwfQ%3D%3D&pageName=adfba30c52355c5b1631
Aparri,Cagayan,18.35,121.6167,2018,climatological,DJF,Dec-Jan-Feb,529.8,3,https://app.powerbi.com/view?r=eyJrIjoiOTJkN2U4MjUtYWE1Ny00NzA4LWExMzctMDBiYjQ2NjZiZWVjIiwidCI6ImJkMDNhNzM1LTJhYTMtNGNjYS05NzIyLTJhZTQ5MjlhYjNlYyIsImMiOjEwfQ%3D%3D&pageName=adfba30c52355c5b1631
Aparri,Cagayan,18.35,121.6167,2018,climatological,JJA,Jun-Jul-Aug,372.2,3,https://app.powerbi.com/view?r=eyJrIjoiOTJkN2U4MjUtYWE1Ny00NzA4LWExMzctMDBiYjQ2NjZiZWVjIiwidCI6ImJkMDNhNzM1LTJhYTMtNGNjYS05NzIyLTJhZTQ5MjlhYjNlYyIsImMiOjEwfQ%3D%3D&pageName=adfba30c52355c5b1631
Aparri,Cagayan,18.35,121.6167,2018,climatological,MAM,Mar-Apr-May,97.1,3,https://app.powerbi.com/view?r=eyJrIjoiOTJkN2U4MjUtYWE1Ny00NzA4LWExMzctMDBiYjQ2NjZiZWVjIiwidCI6ImJkMDNhNzM1LTJhYTMtNGNjYS05NzIyLTJhZTQ5MjlhYjNlYyIsImMiOjEwfQ%3D%3D&pageName=adfba30c52355c5b1631
Aparri,Cagayan,18.35,121.6167,2018,climatological,SON,Sep-Oct-Nov,642.5,3,https://app.powerbi.com/view?r=eyJrIjoiOTJkN2U4MjUtYWE1Ny00NzA4LWExMzctMDBiYjQ2NjZiZWVjIiwidCI6ImJkMDNhNzM1LTJhYTMtNGNjYS05NzIyLTJhZTQ5MjlhYjNlYyIsImMiOjEwfQ%3D%3D&pageName=adfba30c52355c5b1631
Aparri,Cagayan,18.35,121.6167,2018,philippine,Dry Season,Nov-Dec-Jan-Feb-Mar-Apr,695,6,https://app.powerbi.com/view?r=eyJrIjoiOTJkN2U4MjUtYWE1Ny00NzA4LWExMzctMDBiYjQ2NjZiZWVjIiwidCI6ImJkMDNhNzM1LTJhYTMtNGNjYS05NzIyLTJhZTQ5MjlhYjNlYyIsImMiOjEwfQ%3D%3D&pageName=adfba30c52355c5b1631
Aparri,Cagayan,18.35,121.6167,2018,philippine,Wet Season,May-Jun-Jul-Aug-Sep-Oct,946.6,6,https://app.powerbi.com/view?r=eyJrIjoiOTJkN2U4MjUtYWE1Ny00NzA4LWExMzctMDBiYjQ2NjZiZWVjIiwidCI6ImJkMDNhNzM1LTJhYTMtNGNjYS05NzIyLTJhZTQ5MjlhYjNlYyIsImMiOjEwfQ%3D%3D&pageName=adfba30c52355c5b1631
Aparri,Cagayan,18.35,121.6167,2019,climatological,DJF,Dec-Jan-Feb,619.7,3,https://app.powerbi.com/view?r=eyJrIjoiOTJkN2U4MjUtYWE1Ny00NzA4LWExMzctMDBiYjQ2NjZiZWVjIiwidCI6ImJkMDNhNzM1LTJhYTMtNGNjYS05NzIyLTJhZTQ5MjlhYjNlYyIsImMiOjEwfQ%3D%3D&pageName=adfba30c52355c5b1631
Aparri,Cagayan,18.35,121.6167,2019,climatological,JJA,Jun-Jul-Aug,772,3,https://app.powerbi.com/view?r=eyJrIjoiOTJkN2U4MjUtYWE1Ny00NzA4LWExMzctMDBiYjQ2NjZiZWVjIiwidCI6ImJkMDNhNzM1LTJhYTMtNGNjYS05NzIyLTJhZTQ5MjlhYjNlYyIsImMiOjEwfQ%3D%3D&pageName=adfba30c52355c5b1631
Aparri,Cagayan,18.35,121.6167,2019,climatological,MAM,Mar-Apr-May,268.7,3,https://app.powerbi.com/view?r=eyJrIjoiOTJkN2U4MjUtYWE1Ny00NzA4LWExMzctMDBiYjQ2NjZiZWVjIiwidCI6ImJkMDNhNzM1LTJhYTMtNGNjYS05NzIyLTJhZTQ5MjlhYjNlYyIsImMiOjEwfQ%3D%3D&pageName=adfba30c52355c5b1631
Aparri,Cagayan,18.35,121.6167,2019,climatological,SON,Sep-Oct-Nov,1278.8,3,https://app.powerbi.com/view?r=eyJrIjoiOTJkN2U4MjUtYWE1Ny00NzA4LWExMzctMDBiYjQ2NjZiZWVjIiwidCI6ImJkMDNhNzM1LTJhYTMtNGNjYS05NzIyLTJhZTQ5MjlhYjNlYyIsImMiOjEwfQ%3D%3D&pageName=adfba30c52355c5b1631
Aparri,Cagayan,18.35,121.6167,2019,philippine,Dry Season,Nov-Dec-Jan-Feb-Mar-Apr,1536.2,6,https://app.powerbi.com/view?r=eyJrIjoiOTJkN2U4MjUtYWE1Ny00NzA4LWExMzctMDBiYjQ2NjZiZWVjIiwidCI6ImJkMDNhNzM1LTJhYTMtNGNjYS05NzIyLTJhZTQ5MjlhYjNlYyIsImMiOjEwfQ%3D%3D&pageName=adfba30c52355c5b1631
Aparri,Cagayan,18.35,121.6167,2019,philippine,Wet Season,May-Jun-Jul-Aug-Sep-Oct,1403,6,https://app.powerbi.com/view?r=eyJrIjoiOTJkN2U4MjUtYWE1Ny00NzA4LWExMzctMDBiYjQ2NjZiZWVjIiwidCI6ImJkMDNhNzM1LTJhYTMtNGNjYS05NzIyLTJhZTQ5MjlhYjNlYyIsImMiOjEwfQ%3D%3D&pageName=adfba30c52355c5b1631
Aparri,Cagayan,18.35,121.6167,2020,climatological,DJF,Dec-Jan-Feb,811.4,3,https://app.powerbi.com/view?r=eyJrIjoiOTJkN2U4MjUtYWE1Ny00NzA4LWExMzctMDBiYjQ2NjZiZWVjIiwidCI6ImJkMDNhNzM1LTJhYTMtNGNjYS05NzIyLTJhZTQ5MjlhYjNlYyIsImMiOjEwfQ%3D%3D&pageName=adfba30c52355c5b1631
Aparri,Cagayan,18.35,121.6167,2020,climatological,JJA,Jun-Jul-Aug,409.4,3,https://app.powerbi.com/view?r=eyJrIjoiOTJkN2U4MjUtYWE1Ny00NzA4LWExMzctMDBiYjQ2NjZiZWVjIiwidCI6ImJkMDNhNzM1LTJhYTMtNGNjYS05NzIyLTJhZTQ5MjlhYjNlYyIsImMiOjEwfQ%3D%3D&pageName=adfba30c52355c5b1631
Aparri,Cagayan,18.35,121.6167,2020,climatological,MAM,Mar-Apr-May,108,3,https://app.powerbi.com/view?r=eyJrIjoiOTJkN2U4MjUtYWE1Ny00NzA4LWExMzctMDBiYjQ2NjZiZWVjIiwidCI6ImJkMDNhNzM1LTJhYTMtNGNjYS05NzIyLTJhZTQ5MjlhYjNlYyIsImMiOjEwfQ%3D%3D&pageName=adfba30c52355c5b1631
Aparri,Cagayan,18.35,121.6167,2020,climatological,SON,Sep-Oct-Nov,1229.5,3,https://app.powerbi.com/view?r=eyJrIjoiOTJkN2U4MjUtYWE1Ny00NzA4LWExMzctMDBiYjQ2NjZiZWVjIiwidCI6ImJkMDNhNzM1LTJhYTMtNGNjYS05NzIyLTJhZTQ5MjlhYjNlYyIsImMiOjEwfQ%3D%3D&pageName=adfba30c52355c5b1631
Aparri,Cagayan,18.35,121.6167,2020,philippine,Dry Season,Nov-Dec-Jan-Feb-Mar-Apr,1504.3,6,https://app.powerbi.com/view?r=eyJrIjoiOTJkN2U4MjUtYWE1Ny00NzA4LWExMzctMDBiYjQ2NjZiZWVjIiwidCI6ImJkMDNhNzM1LTJhYTMtNGNjYS05NzIyLTJhZTQ5MjlhYjNlYyIsImMiOjEwfQ%3D%3D&pageName=adfba30c52355c5b1631
Aparri,Cagayan,18.35,121.6167,2020,philippine,Wet Season,May-Jun-Jul-Aug-Sep-Oct,1054,6,https://app.powerbi.com/view?r=eyJrIjoiOTJkN2U4MjUtYWE1Ny00NzA4LWExMzctMDBiYjQ2NjZiZWVjIiwidCI6ImJkMDNhNzM1LTJhYTMtNGNjYS05NzIyLTJhZTQ5MjlhYjNlYyIsImMiOjEwfQ%3D%3D&pageName=adfba30c52355c5b1631
Basco,Batanes,20.4167,121.9667,2000,climatological,DJF,Dec-Jan-Feb,703.7,3,https://app.powerbi.com/view?r=eyJrIjoiOTJkN2U4MjUtYWE1Ny00NzA4LWExMzctMDBiYjQ2NjZiZWVjIiwidCI6ImJkMDNhNzM1LTJhYTMtNGNjYS05NzIyLTJhZTQ5MjlhYjNlYyIsImMiOjEwfQ%3D%3D&pageName=adfba30c52355c5b1631
Basco,Batanes,20.4167,121.9667,2000,climatological,JJA,Jun-Jul-Aug,945.2,3,https://app.powerbi.com/view?r=eyJrIjoiOTJkN2U4MjUtYWE1Ny00NzA4LWExMzctMDBiYjQ2NjZiZWVjIiwidCI6ImJkMDNhNzM1LTJhYTMtNGNjYS05NzIyLTJhZTQ5MjlhYjNlYyIsImMiOjEwfQ%3D%3D&pageName=adfba30c52355c5b1631
Basco,Batanes,20.4167,121.9667,2000,climatological,MAM,Mar-Apr-May,609,3,https://app.powerbi.com/view?r=eyJrIjoiOTJkN2U4MjUtYWE1Ny00NzA4LWExMzctMDBiYjQ2NjZiZWVjIiwidCI6ImJkMDNhNzM1LTJhYTMtNGNjYS05NzIyLTJhZTQ5MjlhYjNlYyIsImMiOjEwfQ%3D%3D&pageName=adfba30c52355c5b1631
Basco,Batanes,20.4167,121.9667,2000,climatological,SON,Sep-Oct-Nov,1336.6,3,https://app.powerbi.com/view?r=eyJrIjoiOTJkN2U4MjUtYWE1Ny00NzA4LWExMzctMDBiYjQ2NjZiZWVjIiwidCI6ImJkMDNhNzM1LTJhYTMtNGNjYS05NzIyLTJhZTQ5MjlhYjNlYyIsImMiOjEwfQ%3D%3D&pageName=adfba30c52355c5b1631
Basco,Batanes,20.4167,121.9667,2000,philippine,Dry Season,Nov-Dec-Jan-Feb-Mar-Apr,1290.6,6,https://app.powerbi.com/view?r=eyJrIjoiOTJkN2U4MjUtYWE1Ny00NzA4LWExMzctMDBiYjQ2NjZiZWVjIiwidCI6ImJkMDNhNzM1LTJhYTMtNGNjYS05NzIyLTJhZTQ5MjlhYjNlYyIsImMiOjEwfQ%3D%3D&pageName=adfba30c52355c5b1631
Basco,Batanes,20.4167,121.9667,2000,philippine,Wet Season,May-Jun-Jul-Aug-Sep-Oct,2303.9,6,https://app.powerbi.com/view?r=eyJrIjoiOTJkN2U4MjUtYWE1Ny00NzA4LWExMzctMDBiYjQ2NjZiZWVjIiwidCI6ImJkMDNhNzM1LTJhYTMtNGNjYS05NzIyLTJhZTQ5MjlhYjNlYyIsImMiOjEwfQ%3D%3D&pageName=adfba30c52355c5b1631
Basco,Batanes,20.4167,121.9667,2001,climatological,DJF,Dec-Jan-Feb,594.7,3,https://app.powerbi.com/view?r=eyJrIjoiOTJkN2U4MjUtYWE1Ny00NzA4LWExMzctMDBiYjQ2NjZiZWVjIiwidCI6ImJkMDNhNzM1LTJhYTMtNGNjYS05NzIyLTJhZTQ5MjlhYjNlYyIsImMiOjEwfQ%3D%3D&pageName=adfba30c52355c5b1631
Basco,Batanes,20.4167,121.9667,2001,climatological,JJA,Jun-Jul-Aug,840.6,3,https://app.powerbi.com/view?r=eyJrIjoiOTJkN2U4MjUtYWE1Ny00NzA4LWExMzctMDBiYjQ2NjZiZWVjIiwidCI6ImJkMDNhNzM1LTJhYTMtNGNjYS05NzIyLTJhZTQ5MjlhYjNlYyIsImMiOjEwfQ%3D%3D&pageName=adfba30c52355c5b1631
Basco,Batanes,20.4167,121.9667,2001,climatological,MAM,Mar-Apr-May,831.6,3,https://app.powerbi.com/view?r=eyJrIjoiOTJkN2U4MjUtYWE1Ny00NzA4LWExMzctMDBiYjQ2NjZiZWVjIiwidCI6ImJkMDNhNzM1LTJhYTMtNGNjYS05NzIyLTJhZTQ5MjlhYjNlYyIsImMiOjEwfQ%3D%3D&pageName=adfba30c52355c5b1631
Basco,Batanes,20.4167,121.9667,2001,climatological,SON,Sep-Oct-Nov,1121,3,https://app.powerbi.com/view?r=eyJrIjoiOTJkN2U4MjUtYWE1Ny00NzA4LWExMzctMDBiYjQ2NjZiZWVjIiwidCI6ImJkMDNhNzM1LTJhYTMtNGNjYS05NzIyLTJhZTQ5MjlhYjNlYyIsImMiOjEwfQ%3D%3D&pageName=adfba30c52355c5b1631
Basco,Batanes,20.4167,121.9667,2001,philippine,Dry Season,Nov-Dec-Jan-Feb-Mar-Apr,969.5,6,https://app.powerbi.com/view?r=eyJrIjoiOTJkN2U4MjUtYWE1Ny00NzA4LWExMzctMDBiYjQ2NjZiZWVjIiwidCI6ImJkMDNhNzM1LTJhYTMtNGNjYS05NzIyLTJhZTQ5MjlhYjNlYyIsImMiOjEwfQ%3D%3D&pageName=adfba30c52355c5b1631
Basco,Batanes,20.4167,121.9667,2001,philippine,Wet Season,May-Jun-Jul-Aug-Sep-Oct,2418.4,6,https://app.powerbi.com/view?r=eyJrIjoiOTJkN2U4MjUtYWE1Ny00NzA4LWExMzctMDBiYjQ2NjZiZWVjIiwidCI6ImJkMDNhNzM1LTJhYTMtNGNjYS05NzIyLTJhZTQ5MjlhYjNlYyIsImMiOjEwfQ%3D%3D&pageName=adfba30c52355c5b1631
Basco,Batanes,20.4167,121.9667,2002,climatological,DJF,Dec-Jan-Feb,362.3,3,https://app.powerbi.com/view?r=eyJrIjoiOTJkN2U4MjUtYWE1Ny00NzA4LWExMzctMDBiYjQ2NjZiZWVjIiwidCI6ImJkMDNhNzM1LTJhYTMtNGNjYS05NzIyLTJhZTQ5MjlhYjNlYyIsImMiOjEwfQ%3D%3D&pageName=adfba30c52355c5b1631
Basco,Batanes,20.4167,121.9667,2002,climatological,JJA,Jun-Jul-Aug,779,3,https://app.powerbi.com/view?r=eyJrIjoiOTJkN2U4MjUtYWE1Ny00NzA4LWExMzctMDBiYjQ2NjZiZWVjIiwidCI6ImJkMDNhNzM1LTJhYTMtNGNjYS05NzIyLTJhZTQ5MjlhYjNlYyIsImMiOjEwfQ%3D%3D&pageName=adfba30c52355c5b1631
Basco,Batanes,20.4167,121.9667,2002,climatological,MAM,Mar-Apr-May,255.8,3,https://app.powerbi.com/view?r=eyJrIjoiOTJkN2U4MjUtYWE1Ny00NzA4LWExMzctMDBiYjQ2NjZiZWVjIiwidCI6ImJkMDNhNzM1LTJhYTMtNGNjYS05NzIyLTJhZTQ5MjlhYjNlYyIsImMiOjEwfQ%3D%3D&pageName=adfba30c52355c5b1631
Basco,Batanes,20.4167,121.9667,2002,climatological,SON,Sep-Oct-Nov,1022.7,3,https://app.powerbi.com/view?r=eyJrIjoiOTJkN2U4MjUtYWE1Ny00NzA4LWExMzctMDBiYjQ2NjZiZWVjIiwidCI6ImJkMDNhNzM1LTJhYTMtNGNjYS05NzIyLTJhZTQ5MjlhYjNlYyIsImMiOjEwfQ%3D%3D&pageName=adfba30c52355c5b1631
Basco,Batanes,20.4167,121.9667,2002,philippine,Dry Season,Nov-Dec-Jan-Feb-Mar-Apr,771.3,6,https://app.powerbi.com/view?r=eyJrIjoiOTJkN2U4MjUtYWE1Ny00NzA4LWExMzctMDBiYjQ2NjZiZWVjIiwidCI6ImJkMDNhNzM1LTJhYTMtNGNjYS05NzIyLTJhZTQ5MjlhYjNlYyIsImMiOjEwfQ%3D%3D&pageName=adfba30c52355c5b1631
Basco,Batanes,20.4167,121.9667,2002,philippine,Wet Season,May-Jun-Jul-Aug-Sep-Oct,1648.5,6,https://app.powerbi.com/view?r=eyJrIjoiOTJkN2U4MjUtYWE1Ny00NzA4LWExMzctMDBiYjQ2NjZiZWVjIiwidCI6ImJkMDNhNzM1LTJhYTMtNGNjYS05NzIyLTJhZTQ5MjlhYjNlYyIsImMiOjEwfQ%3D%3D&pageName=adfba30c52355c5b1631
Basco,Batanes,20.4167,121.9667,2003,climatological,DJF,Dec-Jan-Feb,247.5,3,https://app.powerbi.com/view?r=eyJrIjoiOTJkN2U4MjUtYWE1Ny00NzA4LWExMzctMDBiYjQ2NjZiZWVjIiwidCI6ImJkMDNhNzM1LTJhYTMtNGNjYS05NzIyLTJhZTQ5MjlhYjNlYyIsImMiOjEwfQ%3D%3D&pageName=adfba30c52355c5b1631
Basco,Batanes,20.4167,121.9667,2003,climatological,JJA,Jun-Jul-Aug,687.6,3,https://app.powerbi.com/view?r=eyJrIjoiOTJkN2U4MjUtYWE1Ny00NzA4LWExMzctMDBiYjQ2NjZiZWVjIiwidCI6ImJkMDNhNzM1LTJhYTMtNGNjYS05NzIyLTJhZTQ5MjlhYjNlYyIsImMiOjEwfQ%3D%3D&pageName=adfba30c52355c5b1631
Basco,Batanes,20.4167,121.9667,2003,climatological,MAM,Mar-Apr-May,160.9,3,https://app.powerbi.com/view?r=eyJrIjoiOTJkN2U4MjUtYWE1Ny00NzA4LWExMzctMDBiYjQ2NjZiZWVjIiwidCI6ImJkMDNhNzM1LTJhYTMtNGNjYS05NzIyLTJhZTQ5MjlhYjNlYyIsImMiOjEwfQ%3D%3D&pageName=adfba30c52355c5b1631
Basco,Batanes,20.4167,121.9667,2003,climatological,SON,Sep-Oct-Nov,1142.6,3,https://app.powerbi.com/view?r=eyJrIjoiOTJkN2U4MjUtYWE1Ny00NzA4LWExMzctMDBiYjQ2NjZiZWVjIiwidCI6ImJkMDNhNzM1LTJhYTMtNGNjYS05NzIyLTJhZTQ5MjlhYjNlYyIsImMiOjEwfQ%3D%3D&pageName=adfba30c52355c5b1631
Basco,Batanes,20.4167,121.9667,2003,philippine,Dry Season,Nov-Dec-Jan-Feb-Mar-Apr,570.3,6,https://app.powerbi.com/view?r=eyJrIjoiOTJkN2U4MjUtYWE1Ny00NzA4LWExMzctMDBiYjQ2NjZiZWVjIiwidCI6ImJkMDNhNzM1LTJhYTMtNGNjYS05NzIyLTJhZTQ5MjlhYjNlYyIsImMiOjEwfQ%3D%3D&pageName=adfba30c52355c5b1631
Basco,Batanes,20.4167,121.9667,2003,philippine,Wet Season,May-Jun-Jul-Aug-Sep-Oct,1668.3,6,https://app.powerbi.com/view?r=eyJrIjoiOTJkN2U4MjUtYWE1Ny00NzA4LWExMzctMDBiYjQ2NjZiZWVjIiwidCI6ImJkMDNhNzM1LTJhYTMtNGNjYS05NzIyLTJhZTQ5MjlhYjNlYyIsImMiOjEwfQ%3D%3D&pageName=adfba30c52355c5b1631
Basco,Batanes,20.4167,121.9667,2004,climatological,DJF,Dec-Jan-Feb,295.8,3,https://app.powerbi.com/view?r=eyJrIjoiOTJkN2U4MjUtYWE1Ny00NzA4LWExMzctMDBiYjQ2NjZiZWVjIiwidCI6ImJkMDNhNzM1LTJhYTMtNGNjYS05NzIyLTJhZTQ5MjlhYjNlYyIsImMiOjEwfQ%3D%3D&pageName=adfba30c52355c5b1631
Basco,Batanes,20.4167,121.9667,2004,climatological,JJA,Jun-Jul-Aug,539.3,3,https://app.powerbi.com/view?r=eyJrIjoiOTJkN2U4MjUtYWE1Ny00NzA4LWExMzctMDBiYjQ2NjZiZWVjIiwidCI6ImJkMDNhNzM1LTJhYTMtNGNjYS05NzIyLTJhZTQ5MjlhYjNlYyIsImMiOjEwfQ%3D%3D&pageName=adfba30c52355c5b1631
Basco,Batanes,20.4167,121.9667,2004,climatological,MAM,Mar-Apr-May,541.3,3,https://app.powerbi.com/view?r=eyJrIjoiOTJkN2U4MjUtYWE1Ny00NzA4LWExMzctMDBiYjQ2NjZiZWVjIiwidCI6ImJkMDNhNzM1LTJhYTMtNGNjYS05NzIyLTJhZTQ5MjlhYjNlYyIsImMiOjEwfQ%3D%3D&pageName=adfba30c52355c5b1631
Basco,Batanes,20.4167,121.9667,2004,climatological,SON,Sep-Oct-Nov,315.9,3,https://app.powerbi.com/view?r=eyJrIjoiOTJkN2U4MjUtYWE1Ny00NzA4LWExMzctMDBiYjQ2NjZiZWVjIiwidCI6ImJkMDNhNzM1LTJhYTMtNGNjYS05NzIyLTJhZTQ5MjlhYjNlYyIsImMiOjEwfQ%3D%3D&pageName=adfba30c52355c5b1631
Basco,Batanes,20.4167,121.9667,2004,philippine,Dry Season,Nov-Dec-Jan-Feb-Mar-Apr,535.7,6,https://app.powerbi.com/view?r=eyJrIjoiOTJkN2U4MjUtYWE1Ny00NzA4LWExMzctMDBiYjQ2NjZiZWVjIiwidCI6ImJkMDNhNzM1LTJhYTMtNGNjYS05NzIyLTJhZTQ5MjlhYjNlYyIsImMiOjEwfQ%3D%3D&pageName=adfba30c52355c5b1631
Basco,Batanes,20.4167,121.9667,2004,philippine,Wet Season,May-Jun-Jul-Aug-Sep-Oct,1156.6,6,https://app.powerbi.com/view?r=eyJrIjoiOTJkN2U4MjUtYWE1Ny00NzA4LWExMzctMDBiYjQ2NjZiZWVjIiwidCI6ImJkMDNhNzM1LTJhYTMtNGNjYS05NzIyLTJhZTQ5MjlhYjNlYyIsImMiOjEwfQ%3D%3D&pageName=adfba30c52355c5b1631
Basco,Batanes,20.4167,121.9667,2005,climatological,DJF,Dec-Jan-Feb,337.4,3,https://app.powerbi.com/view?r=eyJrIjoiOTJkN2U4MjUtYWE1Ny00NzA4LWExMzctMDBiYjQ2NjZiZWVjIiwidCI6ImJkMDNhNzM1LTJhYTMtNGNjYS05NzIyLTJhZTQ5MjlhYjNlYyIsImMiOjEwfQ%3D%3D&pageName=adfba30c52355c5b1631
Basco,Batanes,20.4167,121.9667,2005,climatological,JJA,Jun-Jul-Aug,516,3,https://app.powerbi.com/view?r=eyJrIjoiOTJkN2U4MjUtYWE1Ny00NzA4LWExMzctMDBiYjQ2NjZiZWVjIiwidCI6ImJkMDNhNzM1LTJhYTMtNGNjYS05NzIyLTJhZTQ5MjlhYjNlYyIsImMiOjEwfQ%3D%3D&pageName=adfba30c52355c5b1631
Basco,Batanes,20.4167,121.9667,2005,climatological,MAM,Mar-Apr-May,319.9,3,https://app.powerbi.com/view?r=eyJrIjoiOTJkN2U4MjUtYWE1Ny00NzA4LWExMzctMDBiYjQ2NjZiZWVjIiwidCI6ImJkMDNhNzM1LTJhYTMtNGNjYS05NzIyLTJhZTQ5MjlhYjNlYyIsImMiOjEwfQ%3D%3D&pageName=adfba30c52355c5b1631
Basco,Batanes,20.4167,121.9667,2005,climatological,SON,Sep-Oct-Nov,743.4,3,https://app.powerbi.com/view?r=eyJrIjoiOTJkN2U4MjUtYWE1Ny00NzA4LWExMzctMDBiYjQ2NjZiZWVjIiwidCI6ImJkMDNhNzM1LTJhYTMtNGNjYS05NzIyLTJhZTQ5MjlhYjNlYyIsImMiOjEwfQ%3D%3D&pageName=adfba30c52355c5b1631
Basco,Batanes,20.4167,121.9667,2005,philippine,Dry Season,Nov-Dec-Jan-Feb-Mar-Apr,693.3,6,https://app.powerbi.com/view?r=eyJrIjoiOTJkN2U4MjUtYWE1Ny00NzA4LWExMzctMDBiYjQ2NjZiZWVjIiwidCI6ImJkMDNhNzM1LTJhYTMtNGNjYS05NzIyLTJhZTQ5MjlhYjNlYyIsImMiOjEwfQ%3D%3D&pageName=adfba30c52355c5b1631
Basco,Batanes,20.4167,121.9667,2005,philippine,Wet Season,May-Jun-Jul-Aug-Sep-Oct,1223.4,6,https://app.powerbi.com/view?r=eyJrIjoiOTJkN2U4MjUtYWE1Ny00NzA4LWExMzctMDBiYjQ2NjZiZWVjIiwidCI6ImJkMDNhNzM1LTJhYTMtNGNjYS05NzIyLTJhZTQ5MjlhYjNlYyIsImMiOjEwfQ%3D%3D&pageName=adfba30c52355c5b1631
Basco,Batanes,20.4167,121.9667,2006,climatological,DJF,Dec-Jan-Feb,430.5,3,https://app.powerbi.com/view?r=eyJrIjoiOTJkN2U4MjUtYWE1Ny00NzA4LWExMzctMDBiYjQ2NjZiZWVjIiwidCI6ImJkMDNhNzM1LTJhYTMtNGNjYS05NzIyLTJhZTQ5MjlhYjNlYyIsImMiOjEwfQ%3D%3D&pageName=adfba30c52355c5b1631
Basco,Batanes,20.4167,121.9667,2006,climatological,JJA,Jun-Jul-Aug,892.1,3,https://app.powerbi.com/view?r=eyJrIjoiOTJkN2U4MjUtYWE1Ny00NzA4LWExMzctMDBiYjQ2NjZiZWVjIiwidCI6ImJkMDNhNzM1LTJhYTMtNGNjYS05NzIyLTJhZTQ5MjlhYjNlYyIsImMiOjEwfQ%3D%3D&pageName=adfba30c52355c5b1631
Basco,Batanes,20.4167,121.9667,2006,climatological,MAM,Mar-Apr-May,263.8,3,https://app.powerbi.com/view?r=eyJrIjoiOTJkN2U4MjUtYWE1Ny00NzA4LWExMzctMDBiYjQ2NjZiZWVjIiwidCI6ImJkMDNhNzM1LTJhYTMtNGNjYS05NzIyLTJhZTQ5MjlhYjNlYyIsImMiOjEwfQ%3D%3D&pageName=adfba30c52355c5b1631
Basco,Batanes,20.4167,121.9667,2006,climatological,SON,Sep-Oct-Nov,445,3,https://app.powerbi.com/view?r=eyJrIjoiOTJkN2U4MjUtYWE1Ny00NzA4LWExMzctMDBiYjQ2NjZiZWVjIiwidCI6ImJkMDNhNzM1LTJhYTMtNGNjYS05NzIyLTJhZTQ5MjlhYjNlYyIsImMiOjEwfQ%3D%3D&pageName=adfba30c52355c5b1631
Basco,Batanes,20.4167,121.9667,2006,philippine,Dry Season,Nov-Dec-Jan-Feb-Mar-Apr,631.3,6,https://app.powerbi.com/view?r=eyJrIjoiOTJkN2U4MjUtYWE1Ny00NzA4LWExMzctMDBiYjQ2NjZiZWVjIiwidCI6ImJkMDNhNzM1LTJhYTMtNGNjYS05NzIyLTJhZTQ5MjlhYjNlYyIsImMiOjEwfQ%3D%3D&pageName=adfba30c52355c5b1631
Basco,Batanes,20.4167,121.9667,2006,philippine,Wet Season,May-Jun-Jul-Aug-Sep-Oct,1400.1,6,https://app.powerbi.com/view?r=eyJrIjoiOTJkN2U4MjUtYWE1Ny00NzA4LWExMzctMDBiYjQ2NjZiZWVjIiwidCI6ImJkMDNhNzM1LTJhYTMtNGNjYS05NzIyLTJhZTQ5MjlhYjNlYyIsImMiOjEwfQ%3D%3D&pageName=adfba30c52355c5b1631
Basco,Batanes,20.4167,121.9667,2007,climatological,DJF,Dec-Jan-Feb,311.9,3,https://app.powerbi.com/view?r=eyJrIjoiOTJkN2U4MjUtYWE1Ny00NzA4LWExMzctMDBiYjQ2NjZiZWVjIiwidCI6ImJkMDNhNzM1LTJhYTMtNGNjYS05NzIyLTJhZTQ5MjlhYjNlYyIsImMiOjEwfQ%3D%3D&pageName=adfba30c52355c5b1631
Basco,Batanes,20.4167,121.9667,2007,climatological,JJA,Jun-Jul-Aug,463.4,3,https://app.powerbi.com/view?r=eyJrIjoiOTJkN2U4MjUtYWE1Ny00NzA4LWExMzctMDBiYjQ2NjZiZWVjIiwidCI6ImJkMDNhNzM1LTJhYTMtNGNjYS05NzIyLTJhZTQ5MjlhYjNlYyIsImMiOjEwfQ%3D%3D&pageName=adfba30c52355c5b1631
Basco,Batanes,20.4167,121.9667,2007,climatological,MAM,Mar-Apr-May,146.2,3,https://app.powerbi.com/view?r=eyJrIjoiOTJkN2U4MjUtYWE1Ny00NzA4LWExMzctMDBiYjQ2NjZiZWVjIiwidCI6ImJkMDNhNzM1LTJhYTMtNGNjYS05NzIyLTJhZTQ5MjlhYjNlYyIsImMiOjEwfQ%3D%3D&pageName=adfba30c52355c5b1631
Basco,Batanes,20.4167,121.9667,2007,climatological,SON,Sep-Oct-Nov,1253.5,3,https://app.powerbi.com/view?r=eyJrIjoiOTJkN2U4MjUtYWE1Ny00NzA4LWExMzctMDBiYjQ2NjZiZWVjIiwidCI6ImJkMDNhNzM1LTJhYTMtNGNjYS05NzIyLTJhZTQ5MjlhYjNlYyIsImMiOjEwfQ%3D%3D&pageName=adfba30c52355c5b1631
Basco,Batanes,20.4167,121.9667,2007,philippine,Dry Season,Nov-Dec-Jan-Feb-Mar-Apr,828.7,6,https://app.powerbi.com/view?r=eyJrIjoiOTJkN2U4MjUtYWE1Ny00NzA4LWExMzctMDBiYjQ2NjZiZWVjIiwidCI6ImJkMDNhNzM1LTJhYTMtNGNjYS05NzIyLTJhZTQ5MjlhYjNlYyIsImMiOjEwfQ%3D%3D&pageName=adfba30c52355c5b1631
Basco,Batanes,20.4167,121.9667,2007,philippine,Wet Season,May-Jun-Jul-Aug-Sep-Oct,1346.3,6,https://app.powerbi.com/view?r=eyJrIjoiOTJkN2U4MjUtYWE1Ny00NzA4LWExMzctMDBiYjQ2NjZiZWVjIiwidCI6ImJkMDNhNzM1LTJhYTMtNGNjYS05NzIyLTJhZTQ5MjlhYjNlYyIsImMiOjEwfQ%3D%3D&pageName=adfba30c52355c5b1631
Basco,Batanes,20.4167,121.9667,2008,climatological,DJF,Dec-Jan-Feb,638,3,https://app.powerbi.com/view?r=eyJrIjoiOTJkN2U4MjUtYWE1Ny00NzA4LWExMzctMDBiYjQ2NjZiZWVjIiwidCI6ImJkMDNhNzM1LTJhYTMtNGNjYS05NzIyLTJhZTQ5MjlhYjNlYyIsImMiOjEwfQ%3D%3D&pageName=adfba30c52355c5b1631
Basco,Batanes,20.4167,121.9667,2008,climatological,JJA,Jun-Jul-Aug,826.5,3,https://app.powerbi.com/view?r=eyJrIjoiOTJkN2U4MjUtYWE1Ny00NzA4LWExMzctMDBiYjQ2NjZiZWVjIiwidCI6ImJkMDNhNzM1LTJhYTMtNGNjYS05NzIyLTJhZTQ5MjlhYjNlYyIsImMiOjEwfQ%3D%3D&pageName=adfba30c52355c5b1631
Basco,Batanes,20.4167,121.9667,2008,climatological,MAM,Mar-Apr-May,205.4,3,https://app.powerbi.com/view?r=eyJrIjoiOTJkN2U4MjUtYWE1Ny00NzA4LWExMzctMDBiYjQ2NjZiZWVjIiwidCI6ImJkMDNhNzM1LTJhYTMtNGNjYS05NzIyLTJhZTQ5MjlhYjNlYyIsImMiOjEwfQ%3D%3D&pageName=adfba30c52355c5b1631
Basco,Batanes,20.4167,121.9667,2008,climatological,SON,Sep-Oct-Nov,881.8,3,https://app.powerbi.com/view?r=eyJrIjoiOTJkN2U4MjUtYWE1Ny00NzA4LWExMzctMDBiYjQ2NjZiZWVjIiwidCI6ImJkMDNhNzM1LTJhYTMtNGNjYS05NzIyLTJhZTQ5MjlhYjNlYyIsImMiOjEwfQ%3D%3D&pageName=adfba30c52355c5b1631
Basco,Batanes,20.4167,121.9667,2008,philippine,Dry Season,Nov-Dec-Jan-Feb-Mar-Apr,929.8,6,https://app.powerbi.com/view?r=eyJrIjoiOTJkN2U4MjUtYWE1Ny00NzA4LWExMzctMDBiYjQ2NjZiZWVjIiwidCI6ImJkMDNhNzM1LTJhYTMtNGNjYS05NzIyLTJhZTQ5MjlhYjNlYyIsImMiOjEwfQ%3D%3D&pageName=adfba30c52355c5b1631
Basco,Batanes,20.4167,121.9667,2008,philippine,Wet Season,May-Jun-Jul-Aug-Sep-Oct,1621.9,6,https://app.powerbi.com/view?r=eyJrIjoiOTJkN2U4MjUtYWE1Ny00NzA4LWExMzctMDBiYjQ2NjZiZWVjIiwidCI6ImJkMDNhNzM1LTJhYTMtNGNjYS05NzIyLTJhZTQ5MjlhYjNlYyIsImMiOjEwfQ%3D%3D&pageName=adfba30c52355c5b1631
Basco,Batanes,20.4167,121.9667,2009,climatological,DJF,Dec-Jan-Feb,74.7,3,https://app.powerbi.com/view?r=eyJrIjoiOTJkN2U4MjUtYWE1Ny00NzA4LWExMzctMDBiYjQ2NjZiZWVjIiwidCI6ImJkMDNhNzM1LTJhYTMtNGNjYS05NzIyLTJhZTQ5MjlhYjNlYyIsImMiOjEwfQ%3D%3D&pageName=adfba30c52355c5b1631
Basco,Batanes,20.4167,121.9667,2009,climatological,JJA,Jun-Jul-Aug,626.6,3,https://app.powerbi.com/view?r=eyJrIjoiOTJkN2U4MjUtYWE1Ny00NzA4LWExMzctMDBiYjQ2NjZiZWVjIiwidCI6ImJkMDNhNzM1LTJhYTMtNGNjYS05NzIyLTJhZTQ5MjlhYjNlYyIsImMiOjEwfQ%3D%3D&pageName=adfba30c52355c5b1631
Basco,Batanes,20.4167,121.9667,2009,climatological,MAM,Mar-Apr-May,275,3,https://app.powerbi.com/view?r=eyJrIjoiOTJkN2U4MjUtYWE1Ny00NzA4LWExMzctMDBiYjQ2NjZiZWVjIiwidCI6ImJkMDNhNzM1LTJhYTMtNGNjYS05NzIyLTJhZTQ5MjlhYjNlYyIsImMiOjEwfQ%3D%3D&pageName=adfba30c52355c5b1631
Basco,Batanes,20.4167,121.9667,2009,climatological,SON,Sep-Oct-Nov,887.1,3,https://app.powerbi.com/view?r=eyJrIjoiOTJkN2U4MjUtYWE1Ny00NzA4LWExMzctMDBiYjQ2NjZiZWVjIiwidCI6ImJkMDNhNzM1LTJhYTMtNGNjYS05NzIyLTJhZTQ5MjlhYjNlYyIsImMiOjEwfQ%3D%3D&pageName=adfba30c52355c5b1631
Basco,Batanes,20.4167,121.9667,2009,philippine,Dry Season,Nov-Dec-Jan-Feb-Mar-Apr,397.5,6,https://app.powerbi.com/view?r=eyJrIjoiOTJkN2U4MjUtYWE1Ny00NzA4LWExMzctMDBiYjQ2NjZiZWVjIiwidCI6ImJkMDNhNzM1LTJhYTMtNGNjYS05NzIyLTJhZTQ5MjlhYjNlYyIsImMiOjEwfQ%3D%3D&pageName=adfba30c52355c5b1631
Basco,Batanes,20.4167,121.9667,2009,philippine,Wet Season,May-Jun-Jul-Aug-Sep-Oct,1465.9,6,https://app.powerbi.com/view?r=eyJrIjoiOTJkN2U4MjUtYWE1Ny00NzA4LWExMzctMDBiYjQ2NjZiZWVjIiwidCI6ImJkMDNhNzM1LTJhYTMtNGNjYS05NzIyLTJhZTQ5MjlhYjNlYyIsImMiOjEwfQ%3D%3D&pageName=adfba30c52355c5b1631
Basco,Batanes,20.4167,121.9667,2010,climatological,DJF,Dec-Jan-Feb,209.5,3,https://app.powerbi.com/view?r=eyJrIjoiOTJkN2U4MjUtYWE1Ny00NzA4LWExMzctMDBiYjQ2NjZiZWVjIiwidCI6ImJkMDNhNzM1LTJhYTMtNGNjYS05NzIyLTJhZTQ5MjlhYjNlYyIsImMiOjEwfQ%3D%3D&pageName=adfba30c52355c5b1631
Basco,Batanes,20.4167,121.9667,2010,climatological,JJA,Jun-Jul-Aug,1037.9,3,https://app.powerbi.com/view?r=eyJrIjoiOTJkN2U4MjUtYWE1Ny00NzA4LWExMzctMDBiYjQ2NjZiZWVjIiwidCI6ImJkMDNhNzM1LTJhYTMtNGNjYS05NzIyLTJhZTQ5MjlhYjNlYyIsImMiOjEwfQ%3D%3D&pageName=adfba30c52355c5b1631
Basco,Batanes,20.4167,121.9667,2010,climatological,MAM,Mar-Apr-May,304.6,3,https://app.powerbi.com/view?r=eyJrIjoiOTJkN2U4MjUtYWE1Ny00NzA4LWExMzctMDBiYjQ2NjZiZWVjIiwidCI6ImJkMDNhNzM1LTJhYTMtNGNjYS05NzIyLTJhZTQ5MjlhYjNlYyIsImMiOjEwfQ%3D%3D&pageName=adfba30c52355c5b1631
Basco,Batanes,20.4167,121.9667,2010,climatological,SON,Sep-Oct-Nov,1226.8,3,https://app.powerbi.com/view?r=eyJrIjoiOTJkN2U4MjUtYWE1Ny00NzA4LWExMzctMDBiYjQ2NjZiZWVjIiwidCI6ImJkMDNhNzM1LTJhYTMtNGNjYS05NzIyLTJhZTQ5MjlhYjNlYyIsImMiOjEwfQ%3D%3D&pageName=adfba30c52355c5b1631
Basco,Batanes,20.4167,121.9667,2010,philippine,Dry Season,Nov-Dec-Jan-Feb-Mar-Apr,953.6,6,https://app.powerbi.com/view?r=eyJrIjoiOTJkN2U4MjUtYWE1Ny00NzA4LWExMzctMDBiYjQ2NjZiZWVjIiwidCI6ImJkMDNhNzM1LTJhYTMtNGNjYS05NzIyLTJhZTQ5MjlhYjNlYyIsImMiOjEwfQ%3D%3D&pageName=adfba30c52355c5b1631
Basco,Batanes,20.4167,121.9667,2010,philippine,Wet Season,May-Jun-Jul-Aug-Sep-Oct,1825.2,6,https://app.powerbi.com/view?r=eyJrIjoiOTJkN2U4MjUtYWE1Ny00NzA4LWExMzctMDBiYjQ2NjZiZWVjIiwidCI6ImJkMDNhNzM1LTJhYTMtNGNjYS05NzIyLTJhZTQ5MjlhYjNlYyIsImMiOjEwfQ%3D%3D&pageName=adfba30c52355c5b1631
Basco,Batanes,20.4167,121.9667,2011,climatological,DJF,Dec-Jan-Feb,792.2,3,https://app.powerbi.com/view?r=eyJrIjoiOTJkN2U4MjUtYWE1Ny00NzA4LWExMzctMDBiYjQ2NjZiZWVjIiwidCI6ImJkMDNhNzM1LTJhYTMtNGNjYS05NzIyLTJhZTQ5MjlhYjNlYyIsImMiOjEwfQ%3D%3D&pageName=adfba30c52355c5b1631
Basco,Batanes,20.4167,121.9667,2011,climatological,JJA,Jun-Jul-Aug,576,3,https://app.powerbi.com/view?r=eyJrIjoiOTJkN2U4MjUtYWE1Ny00NzA4LWExMzctMDBiYjQ2NjZiZWVjIiwidCI6ImJkMDNhNzM1LTJhYTMtNGNjYS05NzIyLTJhZTQ5MjlhYjNlYyIsImMiOjEwfQ%3D%3D&pageName=adfba30c52355c5b1631
Basco,Batanes,20.4167,121.9667,2011,climatological,MAM,Mar-Apr-May,350.6,3,https://app.powerbi.com/view?r=eyJrIjoiOTJkN2U4MjUtYWE1Ny00NzA4LWExMzctMDBiYjQ2NjZiZWVjIiwidCI6ImJkMDNhNzM1LTJhYTMtNGNjYS05NzIyLTJhZTQ5MjlhYjNlYyIsImMiOjEwfQ%3D%3D&pageName=adfba30c52355c5b1631
Basco,Batanes,20.4167,121.9667,2011,climatological,SON,Sep-Oct-Nov,1388,3,https://app.powerbi.com/view?r=eyJrIjoiOTJkN2U4MjUtYWE1Ny00NzA4LWExMzctMDBiYjQ2NjZiZWVjIiwidCI6ImJkMDNhNzM1LTJhYTMtNGNjYS05NzIyLTJhZTQ5MjlhYjNlYyIsImMiOjEwfQ%3D%3D&pageName=adfba30c52355c5b1631
Basco,Batanes,20.4167,121.9667,2011,philippine,Dry Season,Nov-Dec-Jan-Feb-Mar-Apr,1349.9,6,https://app.powerbi.com/view?r=eyJrIjoiOTJkN2U4MjUtYWE1Ny00NzA4LWExMzctMDBiYjQ2NjZiZWVjIiwidCI6ImJkMDNhNzM1LTJhYTMtNGNjYS05NzIyLTJhZTQ5MjlhYjNlYyIsImMiOjEwfQ%3D%3D&pageName=adfba30c52355c5b1631
Basco,Batanes,20.4167,121.9667,2011,philippine,Wet Season,May-Jun-Jul-Aug-Sep-Oct,1756.9,6,https://app.powerbi.com/view?r=eyJrIjoiOTJkN2U4MjUtYWE1Ny00NzA4LWExMzctMDBiYjQ2NjZiZWVjIiwidCI6ImJkMDNhNzM1LTJhYTMtNGNjYS05NzIyLTJhZTQ5MjlhYjNlYyIsImMiOjEwfQ%3D%3D&pageName=adfba30c52355c5b1631
Basco,Batanes,20.4167,121.9667,2012,climatological,DJF,Dec-Jan-Feb,429.2,3,https://app.powerbi.com/view?r=eyJrIjoiOTJkN2U4MjUtYWE1Ny00NzA4LWExMzctMDBiYjQ2NjZiZWVjIiwidCI6ImJkMDNhNzM1LTJhYTMtNGNjYS05NzIyLTJhZTQ5MjlhYjNlYyIsImMiOjEwfQ%3D%3D&pageName=adfba30c52355c5b1631
Basco,Batanes,20.4167,121.9667,2012,climatological,JJA,Jun-Jul-Aug,1039.7,3,https://app.powerbi.com/view?r=eyJrIjoiOTJkN2U4MjUtYWE1Ny00NzA4LWExMzctMDBiYjQ2NjZiZWVjIiwidCI6ImJkMDNhNzM1LTJhYTMtNGNjYS05NzIyLTJhZTQ5MjlhYjNlYyIsImMiOjEwfQ%3D%3D&pageName=adfba30c52355c5b1631
Basco,Batanes,20.4167,121.9667,2012,climatological,MAM,Mar-Apr-May,494.3,3,https://app.powerbi.com/view?r=eyJrIjoiOTJkN2U4MjUtYWE1Ny00NzA4LWExMzctMDBiYjQ2NjZiZWVjIiwidCI6ImJkMDNhNzM1LTJhYTMtNGNjYS05NzIyLTJhZTQ5MjlhYjNlYyIsImMiOjEwfQ%3D%3D&pageName=adfba30c52355c5b1631
Basco,Batanes,20.4167,121.9667,2012,climatological,SON,Sep-Oct-Nov,457,3,https://app.powerbi.com/view?r=eyJrIjoiOTJkN2U4MjUtYWE1Ny00NzA4LWExMzctMDBiYjQ2NjZiZWVjIiwidCI6ImJkMDNhNzM1LTJhYTMtNGNjYS05NzIyLTJhZTQ5MjlhYjNlYyIsImMiOjEwfQ%3D%3D&pageName=adfba30c52355c5b1631
Basco,Batanes,20.4167,121.9667,2012,philippine,Dry Season,Nov-Dec-Jan-Feb-Mar-Apr,805.5,6,https://app.powerbi.com/view?r=eyJrIjoiOTJkN2U4MjUtYWE1Ny00NzA4LWExMzctMDBiYjQ2NjZiZWVjIiwidCI6ImJkMDNhNzM1LTJhYTMtNGNjYS05NzIyLTJhZTQ5MjlhYjNlYyIsImMiOjEwfQ%3D%3D&pageName=adfba30c52355c5b1631
Basco,Batanes,20.4167,121.9667,2012,philippine,Wet Season,May-Jun-Jul-Aug-Sep-Oct,1614.7,6,https://app.powerbi.com/view?r=eyJrIjoiOTJkN2U4MjUtYWE1Ny00NzA4LWExMzctMDBiYjQ2NjZiZWVjIiwidCI6ImJkMDNhNzM1LTJhYTMtNGNjYS05NzIyLTJhZTQ5MjlhYjNlYyIsImMiOjEwfQ%3D%3D&pageName=adfba30c52355c5b1631
Basco,Batanes,20.4167,121.9667,2013,climatological,DJF,Dec-Jan-Feb,422.9,3,https://app.powerbi.com/view?r=eyJrIjoiOTJkN2U4MjUtYWE1Ny00NzA4LWExMzctMDBiYjQ2NjZiZWVjIiwidCI6ImJkMDNhNzM1LTJhYTMtNGNjYS05NzIyLTJhZTQ5MjlhYjNlYyIsImMiOjEwfQ%3D%3D&pageName=adfba30c52355c5b1631
Basco,Batanes,20.4167,121.9667,2013,climatological,JJA,Jun-Jul-Aug,621.8,3,https://app.powerbi.com/view?r=eyJrIjoiOTJkN2U4MjUtYWE1Ny00NzA4LWExMzctMDBiYjQ2NjZiZWVjIiwidCI6ImJkMDNhNzM1LTJhYTMtNGNjYS05NzIyLTJhZTQ5MjlhYjNlYyIsImMiOjEwfQ%3D%3D&pageName=adfba30c52355c5b1631
Basco,Batanes,20.4167,121.9667,2013,climatological,MAM,Mar-Apr-May,243.2,3,https://app.powerbi.com/view?r=eyJrIjoiOTJkN2U4MjUtYWE1Ny00NzA4LWExMzctMDBiYjQ2NjZiZWVjIiwidCI6ImJkMDNhNzM1LTJhYTMtNGNjYS05NzIyLTJhZTQ5MjlhYjNlYyIsImMiOjEwfQ%3D%3D&pageName=adfba30c52355c5b1631
Basco,Batanes,20.4167,121.9667,2013,climatological,SON,Sep-Oct-Nov,815.1,3,https://app.powerbi.com/view?r=eyJrIjoiOTJkN2U4MjUtYWE1Ny00NzA4LWExMzctMDBiYjQ2NjZiZWVjIiwidCI6ImJkMDNhNzM1LTJhYTMtNGNjYS05NzIyLTJhZTQ5MjlhYjNlYyIsImMiOjEwfQ%3D%3D&pageName=adfba30c52355c5b1631
Basco,Batanes,20.4167,121.9667,2013,philippine,Dry Season,Nov-Dec-Jan-Feb-Mar-Apr,692.9,6,https://app.powerbi.com/view?r=eyJrIjoiOTJkN2U4MjUtYWE1Ny00NzA4LWExMzctMDBiYjQ2NjZiZWVjIiwidCI6ImJkMDNhNzM1LTJhYTMtNGNjYS05NzIyLTJhZTQ5MjlhYjNlYyIsImMiOjEwfQ%3D%3D&pageName=adfba30c52355c5b1631
Basco,Batanes,20.4167,121.9667,2013,philippine,Wet Season,May-Jun-Jul-Aug-Sep-Oct,1410.1,6,https://app.powerbi.com/view?r=eyJrIjoiOTJkN2U4MjUtYWE1Ny00NzA4LWExMzctMDBiYjQ2NjZiZWVjIiwidCI6ImJkMDNhNzM1LTJhYTMtNGNjYS05NzIyLTJhZTQ5MjlhYjNlYyIsImMiOjEwfQ%3D%3D&pageName=adfba30c52355c5b1631
Basco,Batanes,20.4167,121.9667,2014,climatological,DJF,Dec-Jan-Feb,215.8,3,https://app.powerbi.com/view?r=eyJrIjoiOTJkN2U4MjUtYWE1Ny00NzA4LWExMzctMDBiYjQ2NjZiZWVjIiwidCI6ImJkMDNhNzM1LTJhYTMtNGNjYS05NzIyLTJhZTQ5MjlhYjNlYyIsImMiOjEwfQ%3D%3D&pageName=adfba30c52355c5b1631
Basco,Batanes,20.4167,121.9667,2014,climatological,JJA,Jun-Jul-Aug,653.1,3,https://app.powerbi.com/view?r=eyJrIjoiOTJkN2U4MjUtYWE1Ny00NzA4LWExMzctMDBiYjQ2NjZiZWVjIiwidCI6ImJkMDNhNzM1LTJhYTMtNGNjYS05NzIyLTJhZTQ5MjlhYjNlYyIsImMiOjEwfQ%3D%3D&pageName=adfba30c52355c5b1631
Basco,Batanes,20.4167,121.9667,2014,climatological,MAM,Mar-Apr-May,156.1,3,https://app.powerbi.com/view?r=eyJrIjoiOTJkN2U4MjUtYWE1Ny00NzA4LWExMzctMDBiYjQ2NjZiZWVjIiwidCI6ImJkMDNhNzM1LTJhYTMtNGNjYS05NzIyLTJhZTQ5MjlhYjNlYyIsImMiOjEwfQ%3D%3D&pageName=adfba30c52355c5b1631
Basco,Batanes,20.4167,121.9667,2014,climatological,SON,Sep-Oct-Nov,344.2,3,https://app.powerbi.com/view?r=eyJrIjoiOTJkN2U4MjUtYWE1Ny00NzA4LWExMzctMDBiYjQ2NjZiZWVjIiwidCI6ImJkMDNhNzM1LTJhYTMtNGNjYS05NzIyLTJhZTQ5MjlhYjNlYyIsImMiOjEwfQ%3D%3D&pageName=adfba30c52355c5b1631
Basco,Batanes,20.4167,121.9667,2014,philippine,Dry Season,Nov-Dec-Jan-Feb-Mar-Apr,423.1,6,https://app.powerbi.com/view?r=eyJrIjoiOTJkN2U4MjUtYWE1Ny00NzA4LWExMzctMDBiYjQ2NjZiZWVjIiwidCI6ImJkMDNhNzM1LTJhYTMtNGNjYS05NzIyLTJhZTQ5MjlhYjNlYyIsImMiOjEwfQ%3D%3D&pageName=adfba30c52355c5b1631
Basco,Batanes,20.4167,121.9667,2014,philippine,Wet Season,May-Jun-Jul-Aug-Sep-Oct,946.1,6,https://app.powerbi.com/view?r=eyJrIjoiOTJkN2U4MjUtYWE1Ny00NzA4LWExMzctMDBiYjQ2NjZiZWVjIiwidCI6ImJkMDNhNzM1LTJhYTMtNGNjYS05NzIyLTJhZTQ5MjlhYjNlYyIsImMiOjEwfQ%3D%3D&pageName=adfba30c52355c5b1631
Basco,Batanes,20.4167,121.9667,2015,climatological,DJF,Dec-Jan-Feb,222.5,3,https://app.powerbi.com/view?r=eyJrIjoiOTJkN2U4MjUtYWE1Ny00NzA4LWExMzctMDBiYjQ2NjZiZWVjIiwidCI6ImJkMDNhNzM1LTJhYTMtNGNjYS05NzIyLTJhZTQ5MjlhYjNlYyIsImMiOjEwfQ%3D%3D&pageName=adfba30c52355c5b1631
Basco,Batanes,20.4167,121.9667,2015,climatological,JJA,Jun-Jul-Aug,353.2,3,https://app.powerbi.com/view?r=eyJrIjoiOTJkN2U4MjUtYWE1Ny00NzA4LWExMzctMDBiYjQ2NjZiZWVjIiwidCI6ImJkMDNhNzM1LTJhYTMtNGNjYS05NzIyLTJhZTQ5MjlhYjNlYyIsImMiOjEwfQ%3D%3D&pageName=adfba30c52355c5b1631
Basco,Batanes,20.4167,121.9667,2015,climatological,MAM,Mar-Apr-May,346,3,https://app.powerbi.com/view?r=eyJrIjoiOTJkN2U4MjUtYWE1Ny00NzA4LWExMzctMDBiYjQ2NjZiZWVjIiwidCI6ImJkMDNhNzM1LTJhYTMtNGNjYS05NzIyLTJhZTQ5MjlhYjNlYyIsImMiOjEwfQ%3D%3D&pageName=adfba30c52355c5b1631
Basco,Batanes,20.4167,121.9667,2015,climatological,SON,Sep-Oct-Nov,594.5,3,https://app.powerbi.com/view?r=eyJrIjoiOTJkN2U4MjUtYWE1Ny00NzA4LWExMzctMDBiYjQ2NjZiZWVjIiwidCI6ImJkMDNhNzM1LTJhYTMtNGNjYS05NzIyLTJhZTQ5MjlhYjNlYyIsImMiOjEwfQ%3D%3D&pageName=adfba30c52355c5b1631
Basco,Batanes,20.4167,121.9667,2015,philippine,Dry Season,Nov-Dec-Jan-Feb-Mar-Apr,517,6,https://app.powerbi.com/view?r=eyJrIjoiOTJkN2U4MjUtYWE1Ny00NzA4LWExMzctMDBiYjQ2NjZiZWVjIiwidCI6ImJkMDNhNzM1LTJhYTMtNGNjYS05NzIyLTJhZTQ5MjlhYjNlYyIsImMiOjEwfQ%3D%3D&pageName=adfba30c52355c5b1631
Basco,Batanes,20.4167,121.9667,2015,philippine,Wet Season,May-Jun-Jul-Aug-Sep-Oct,999.2,6,https://app.powerbi.com/view?r=eyJrIjoiOTJkN2U4MjUtYWE1Ny00NzA4LWExMzctMDBiYjQ2NjZiZWVjIiwidCI6ImJkMDNhNzM1LTJhYTMtNGNjYS05NzIyLTJhZTQ5MjlhYjNlYyIsImMiOjEwfQ%3D%3D&pageName=adfba30c52355c5b1631
Basco,Batanes,20.4167,121.9667,2016,climatological,DJF,Dec-Jan-Feb,451.6,3,https://app.powerbi.com/view?r=eyJrIjoiOTJkN2U4MjUtYWE1Ny00NzA4LWExMzctMDBiYjQ2NjZiZWVjIiwidCI6ImJkMDNhNzM1LTJhYTMtNGNjYS05NzIyLTJhZTQ5MjlhYjNlYyIsImMiOjEwfQ%3D%3D&pageName=adfba30c52355c5b1631
Basco,Batanes,20.4167,121.9667,2016,climatological,JJA,Jun-Jul-Aug,847.1,3,https://app.powerbi.com/view?r=eyJrIjoiOTJkN2U4MjUtYWE1Ny00NzA4LWExMzctMDBiYjQ2NjZiZWVjIiwidCI6ImJkMDNhNzM1LTJhYTMtNGNjYS05NzIyLTJhZTQ5MjlhYjNlYyIsImMiOjEwfQ%3D%3D&pageName=adfba30c52355c5b1631
Basco,Batanes,20.4167,121.9667,2016,climatological,MAM,Mar-Apr-May,248.6,3,https://app.powerbi.com/view?r=eyJrIjoiOTJkN2U4MjUtYWE1Ny00NzA4LWExMzctMDBiYjQ2NjZiZWVjIiwidCI6ImJkMDNhNzM1LTJhYTMtNGNjYS05NzIyLTJhZTQ5MjlhYjNlYyIsImMiOjEwfQ%3D%3D&pageName=adfba30c52355c5b1631
Basco,Batanes,20.4167,121.9667,2016,climatological,SON,Sep-Oct-Nov,1301.8,3,https://app.powerbi.com/view?r=eyJrIjoiOTJkN2U4MjUtYWE1Ny00NzA4LWExMzctMDBiYjQ2NjZiZWVjIiwidCI6ImJkMDNhNzM1LTJhYTMtNGNjYS05NzIyLTJhZTQ5MjlhYjNlYyIsImMiOjEwfQ%3D%3D&pageName=adfba30c52355c5b1631
Basco,Batanes,20.4167,121.9667,2016,philippine,Dry Season,Nov-Dec-Jan-Feb-Mar-Apr,806.5,6,https://app.powerbi.com/view?r=eyJrIjoiOTJkN2U4MjUtYWE1Ny00NzA4LWExMzctMDBiYjQ2NjZiZWVjIiwidCI6ImJkMDNhNzM1LTJhYTMtNGNjYS05NzIyLTJhZTQ5MjlhYjNlYyIsImMiOjEwfQ%3D%3D&pageName=adfba30c52355c5b1631
Basco,Batanes,20.4167,121.9667,2016,philippine,Wet Season,May-Jun-Jul-Aug-Sep-Oct,2042.6,6,https://app.powerbi.com/view?r=eyJrIjoiOTJkN2U4MjUtYWE1Ny00NzA4LWExMzctMDBiYjQ2NjZiZWVjIiwidCI6ImJkMDNhNzM1LTJhYTMtNGNjYS05NzIyLTJhZTQ5MjlhYjNlYyIsImMiOjEwfQ%3D%3D&pageName=adfba30c52355c5b1631
Basco,Batanes,20.4167,121.9667,2017,climatological,DJF,Dec-Jan-Feb,533.7,3,https://app.powerbi.com/view?r=eyJrIjoiOTJkN2U4MjUtYWE1Ny00NzA4LWExMzctMDBiYjQ2NjZiZWVjIiwidCI6ImJkMDNhNzM1LTJhYTMtNGNjYS05NzIyLTJhZTQ5MjlhYjNlYyIsImMiOjEwfQ%3D%3D&pageName=adfba30c52355c5b1631
Basco,Batanes,20.4167,121.9667,2017,climatological,JJA,Jun-Jul-Aug,719.3,3,https://app.powerbi.com/view?r=eyJrIjoiOTJkN2U4MjUtYWE1Ny00NzA4LWExMzctMDBiYjQ2NjZiZWVjIiwidCI6ImJkMDNhNzM1LTJhYTMtNGNjYS05NzIyLTJhZTQ5MjlhYjNlYyIsImMiOjEwfQ%3D%3D&pageName=adfba30c52355c5b1631
Basco,Batanes,20.4167,121.9667,2017,climatological,MAM,Mar-Apr-May,517.2,3,https://app.powerbi.com/view?r=eyJrIjoiOTJkN2U4MjUtYWE1Ny00NzA4LWExMzctMDBiYjQ2NjZiZWVjIiwidCI6ImJkMDNhNzM1LTJhYTMtNGNjYS05NzIyLTJhZTQ5MjlhYjNlYyIsImMiOjEwfQ%3D%3D&pageName=adfba30c52355c5b1631
Basco,Batanes,20.4167,121.9667,2017,climatological,SON,Sep-Oct-Nov,1205.2,3,https://app.powerbi.com/view?r=eyJrIjoiOTJkN2U4MjUtYWE1Ny00NzA4LWExMzctMDBiYjQ2NjZiZWVjIiwidCI6ImJkMDNhNzM1LTJhYTMtNGNjYS05NzIyLTJhZTQ5MjlhYjNlYyIsImMiOjEwfQ%3D%3D&pageName=adfba30c52355c5b1631
Basco,Batanes,20.4167,121.9667,2017,philippine,Dry Season,Nov-Dec-Jan-Feb-Mar-Apr,1333.9,6,https://app.powerbi.com/view?r=eyJrIjoiOTJkN2U4MjUtYWE1Ny00NzA4LWExMzctMDBiYjQ2NjZiZWVjIiwidCI6ImJkMDNhNzM1LTJhYTMtNGNjYS05NzIyLTJhZTQ5MjlhYjNlYyIsImMiOjEwfQ%3D%3D&pageName=adfba30c52355c5b1631
Basco,Batanes,20.4167,121.9667,2017,philippine,Wet Season,May-Jun-Jul-Aug-Sep-Oct,1641.5,6,https://app.powerbi.com/view?r=eyJrIjoiOTJkN2U4MjUtYWE1Ny00NzA4LWExMzctMDBiYjQ2NjZiZWVjIiwidCI6ImJkMDNhNzM1LTJhYTMtNGNjYS05NzIyLTJhZTQ5MjlhYjNlYyIsImMiOjEwfQ%3D%3D&pageName=adfba30c52355c5b1631
Basco,Batanes,20.4167,121.9667,2018,climatological,DJF,Dec-Jan-Feb,573.4,3,https://app.powerbi.com/view?r=eyJrIjoiOTJkN2U4MjUtYWE1Ny00NzA4LWExMzctMDBiYjQ2NjZiZWVjIiwidCI6ImJkMDNhNzM1LTJhYTMtNGNjYS05NzIyLTJhZTQ5MjlhYjNlYyIsImMiOjEwfQ%3D%3D&pageName=adfba30c52355c5b1631
Basco,Batanes,20.4167,121.9667,2018,climatological,JJA,Jun-Jul-Aug,1300,3,https://app.powerbi.com/view?r=eyJrIjoiOTJkN2U4MjUtYWE1Ny00NzA4LWExMzctMDBiYjQ2NjZiZWVjIiwidCI6ImJkMDNhNzM1LTJhYTMtNGNjYS05NzIyLTJhZTQ5MjlhYjNlYyIsImMiOjEwfQ%3D%3D&pageName=adfba30c52355c5b1631
Basco,Batanes,20.4167,121.9667,2018,climatological,MAM,Mar-Apr-May,56.4,3,https://app.powerbi.com/view?r=eyJrIjoiOTJkN2U4MjUtYWE1Ny00NzA4LWExMzctMDBiYjQ2NjZiZWVjIiwidCI6ImJkMDNhNzM1LTJhYTMtNGNjYS05NzIyLTJhZTQ5MjlhYjNlYyIsImMiOjEwfQ%3D%3D&pageName=adfba30c52355c5b1631
Basco,Batanes,20.4167,121.9667,2018,climatological,SON,Sep-Oct-Nov,632,3,https://app.powerbi.com/view?r=eyJrIjoiOTJkN2U4MjUtYWE1Ny00NzA4LWExMzctMDBiYjQ2NjZiZWVjIiwidCI6ImJkMDNhNzM1LTJhYTMtNGNjYS05NzIyLTJhZTQ5MjlhYjNlYyIsImMiOjEwfQ%3D%3D&pageName=adfba30c52355c5b1631
Basco,Batanes,20.4167,121.9667,2018,philippine,Dry Season,Nov-Dec-Jan-Feb-Mar-Apr,710.7,6,https://app.powerbi.com/view?r=eyJrIjoiOTJkN2U4MjUtYWE1Ny00NzA4LWExMzctMDBiYjQ2NjZiZWVjIiwidCI6ImJkMDNhNzM1LTJhYTMtNGNjYS05NzIyLTJhZTQ5MjlhYjNlYyIsImMiOjEwfQ%3D%3D&pageName=adfba30c52355c5b1631
Basco,Batanes,20.4167,121.9667,2018,philippine,Wet Season,May-Jun-Jul-Aug-Sep-Oct,1851.1,6,https://app.powerbi.com/view?r=eyJrIjoiOTJkN2U4MjUtYWE1Ny00NzA4LWExMzctMDBiYjQ2NjZiZWVjIiwidCI6ImJkMDNhNzM1LTJhYTMtNGNjYS05NzIyLTJhZTQ5MjlhYjNlYyIsImMiOjEwfQ%3D%3D&pageName=adfba30c52355c5b1631
Basco,Batanes,20.4167,121.9667,2019,climatological,DJF,Dec-Jan-Feb,304.5,3,https://app.powerbi.com/view?r=eyJrIjoiOTJkN2U4MjUtYWE1Ny00NzA4LWExMzctMDBiYjQ2NjZiZWVjIiwidCI6ImJkMDNhNzM1LTJhYTMtNGNjYS05NzIyLTJhZTQ5MjlhYjNlYyIsImMiOjEwfQ%3D%3D&pageName=adfba30c52355c5b1631
Basco,Batanes,20.4167,121.9667,2019,climatological,JJA,Jun-Jul-Aug,962.9,3,https://app.powerbi.com/view?r=eyJrIjoiOTJkN2U4MjUtYWE1Ny00NzA4LWExMzctMDBiYjQ2NjZiZWVjIiwidCI6ImJkMDNhNzM1LTJhYTMtNGNjYS05NzIyLTJhZTQ5MjlhYjNlYyIsImMiOjEwfQ%3D%3D&pageName=adfba30c52355c5b1631
Basco,Batanes,20.4167,121.9667,2019,climatological,MAM,Mar-Apr-May,486.2,3,https://app.powerbi.com/view?r=eyJrIjoiOTJkN2U4MjUtYWE1Ny00NzA4LWExMzctMDBiYjQ2NjZiZWVjIiwidCI6ImJkMDNhNzM1LTJhYTMtNGNjYS05NzIyLTJhZTQ5MjlhYjNlYyIsImMiOjEwfQ%3D%3D&pageName=adfba30c52355c5b1631
Basco,Batanes,20.4167,121.9667,2019,climatological,SON,Sep-Oct-Nov,1105.4,3,https://app.powerbi.com/view?r=eyJrIjoiOTJkN2U4MjUtYWE1Ny00NzA4LWExMzctMDBiYjQ2NjZiZWVjIiwidCI6ImJkMDNhNzM1LTJhYTMtNGNjYS05NzIyLTJhZTQ5MjlhYjNlYyIsImMiOjEwfQ%3D%3D&pageName=adfba30c52355c5b1631
Basco,Batanes,20.4167,121.9667,2019,philippine,Dry Season,Nov-Dec-Jan-Feb-Mar-Apr,788.1,6,https://app.powerbi.com/view?r=eyJrIjoiOTJkN2U4MjUtYWE1Ny00NzA4LWExMzctMDBiYjQ2NjZiZWVjIiwidCI6ImJkMDNhNzM1LTJhYTMtNGNjYS05NzIyLTJhZTQ5MjlhYjNlYyIsImMiOjEwfQ%3D%3D&pageName=adfba30c52355c5b1631
Basco,Batanes,20.4167,121.9667,2019,philippine,Wet Season,May-Jun-Jul-Aug-Sep-Oct,2070.9,6,https://app.powerbi.com/view?r=eyJrIjoiOTJkN2U4MjUtYWE1Ny00NzA4LWExMzctMDBiYjQ2NjZiZWVjIiwidCI6ImJkMDNhNzM1LTJhYTMtNGNjYS05NzIyLTJhZTQ5MjlhYjNlYyIsImMiOjEwfQ%3D%3D&pageName=adfba30c52355c5b1631
Basco,Batanes,20.4167,121.9667,2020,climatological,DJF,Dec-Jan-Feb,413,3,https://app.powerbi.com/view?r=eyJrIjoiOTJkN2U4MjUtYWE1Ny00NzA4LWExMzctMDBiYjQ2NjZiZWVjIiwidCI6ImJkMDNhNzM1LTJhYTMtNGNjYS05NzIyLTJhZTQ5MjlhYjNlYyIsImMiOjEwfQ%3D%3D&pageName=adfba30c52355c5b1631
Basco,Batanes,20.4167,121.9667,2020,climatological,JJA,Jun-Jul-Aug,416.5,3,https://app.powerbi.com/view?r=eyJrIjoiOTJkN2U4MjUtYWE1Ny00NzA4LWExMzctMDBiYjQ2NjZiZWVjIiwidCI6ImJkMDNhNzM1LTJhYTMtNGNjYS05NzIyLTJhZTQ5MjlhYjNlYyIsImMiOjEwfQ%3D%3D&pageName=adfba30c52355c5b1631
Basco,Batanes,20.4167,121.9667,2020,climatological,MAM,Mar-Apr-May,370.9,3,https://app.powerbi.com/view?r=eyJrIjoiOTJkN2U4MjUtYWE1Ny00NzA4LWExMzctMDBiYjQ2NjZiZWVjIiwidCI6ImJkMDNhNzM1LTJhYTMtNGNjYS05NzIyLTJhZTQ5MjlhYjNlYyIsImMiOjEwfQ%3D%3D&pageName=adfba30c52355c5b1631
Basco,Batanes,20.4167,121.9667,2020,climatological,SON,Sep-Oct-Nov,603.3,3,https://app.powerbi.com/view?r=eyJrIjoiOTJkN2U4MjUtYWE1Ny00NzA4LWExMzctMDBiYjQ2NjZiZWVjIiwidCI6ImJkMDNhNzM1LTJhYTMtNGNjYS05NzIyLTJhZTQ5MjlhYjNlYyIsImMiOjEwfQ%3D%3D&pageName=adfba30c52355c5b1631
Basco,Batanes,20.4167,121.9667,2020,philippine,Dry Season,Nov-Dec-Jan-Feb-Mar-Apr,783.3,6,https://app.powerbi.com/view?r=eyJrIjoiOTJkN2U4MjUtYWE1Ny00NzA4LWExMzctMDBiYjQ2NjZiZWVjIiwidCI6ImJkMDNhNzM1LTJhYTMtNGNjYS05NzIyLTJhZTQ5MjlhYjNlYyIsImMiOjEwfQ%3D%3D&pageName=adfba30c52355c5b1631
Basco,Batanes,20.4167,121.9667,2020,philippine,Wet Season,May-Jun-Jul-Aug-Sep-Oct,1020.4,6,https://app.powerbi.com/view?r=eyJrIjoiOTJkN2U4MjUtYWE1Ny00NzA4LWExMzctMDBiYjQ2NjZiZWVjIiwidCI6ImJkMDNhNzM1LTJhYTMtNGNjYS05NzIyLTJhZTQ5MjlhYjNlYyIsImMiOjEwfQ%3D%3D&pageName=adfba30c52355c5b1631
Calayan,Cagayan,19.263465,121.477261,1991,climatological,MAM,Mar-Apr-May,36.2,1,https://app.powerbi.com/view?r=eyJrIjoiOTJkN2U4MjUtYWE1Ny00NzA4LWExMzctMDBiYjQ2NjZiZWVjIiwidCI6ImJkMDNhNzM1LTJhYTMtNGNjYS05NzIyLTJhZTQ5MjlhYjNlYyIsImMiOjEwfQ%3D%3D&pageName=adfba30c52355c5b1631
Calayan,Cagayan,19.263465,121.477261,1991,philippine,Dry Season,Nov-Dec-Jan-Feb-Mar-Apr,36.2,1,https://app.powerbi.com/view?r=eyJrIjoiOTJkN2U4MjUtYWE1Ny00NzA4LWExMzctMDBiYjQ2NjZiZWVjIiwidCI6ImJkMDNhNzM1LTJhYTMtNGNjYS05NzIyLTJhZTQ5MjlhYjNlYyIsImMiOjEwfQ%3D%3D&pageName=adfba30c52355c5b1631
Calayan,Cagayan,19.263465,121.477261,1994,climatological,JJA,Jun-Jul-Aug,69.6,1,https://app.powerbi.com/view?r=eyJrIjoiOTJkN2U4MjUtYWE1Ny00NzA4LWExMzctMDBiYjQ2NjZiZWVjIiwidCI6ImJkMDNhNzM1LTJhYTMtNGNjYS05NzIyLTJhZTQ5MjlhYjNlYyIsImMiOjEwfQ%3D%3D&pageName=adfba30c52355c5b1631
Calayan,Cagayan,19.263465,121.477261,1994,philippine,Wet Season,May-Jun-Jul-Aug-Sep-Oct,69.6,1,https://app.powerbi.com/view?r=eyJrIjoiOTJkN2U4MjUtYWE1Ny00NzA4LWExMzctMDBiYjQ2NjZiZWVjIiwidCI6ImJkMDNhNzM1LTJhYTMtNGNjYS05NzIyLTJhZTQ5MjlhYjNlYyIsImMiOjEwfQ%3D%3D&pageName=adfba30c52355c5b1631
Calayan,Cagayan,19.263465,121.477261,1995,climatological,JJA,Jun-Jul-Aug,23.4,1,https://app.powerbi.com/view?r=eyJrIjoiOTJkN2U4MjUtYWE1Ny00NzA4LWExMzctMDBiYjQ2NjZiZWVjIiwidCI6ImJkMDNhNzM1LTJhYTMtNGNjYS05NzIyLTJhZTQ5MjlhYjNlYyIsImMiOjEwfQ%3D%3D&pageName=adfba30c52355c5b1631
Calayan,Cagayan,19.263465,121.477261,1995,philippine,Wet Season,May-Jun-Jul-Aug-Sep-Oct,23.4,1,https://app.powerbi.com/view?r=eyJrIjoiOTJkN2U4MjUtYWE1Ny00NzA4LWExMzctMDBiYjQ2NjZiZWVjIiwidCI6ImJkMDNhNzM1LTJhYTMtNGNjYS05NzIyLTJhZTQ5MjlhYjNlYyIsImMiOjEwfQ%3D%3D&pageName=adfba30c52355c5b1631
Calayan,Cagayan,19.263465,121.477261,1996,climatological,DJF,Dec-Jan-Feb,97,2,https://app.powerbi.com/view?r=eyJrIjoiOTJkN2U4MjUtYWE1Ny00NzA4LWExMzctMDBiYjQ2NjZiZWVjIiwidCI6ImJkMDNhNzM1LTJhYTMtNGNjYS05NzIyLTJhZTQ5MjlhYjNlYyIsImMiOjEwfQ%3D%3D&pageName=adfba30c52355c5b1631
Calayan,Cagayan,19.263465,121.477261,1996,climatological,SON,Sep-Oct-Nov,18.8,1,https://app.powerbi.com/view?r=eyJrIjoiOTJkN2U4MjUtYWE1Ny00NzA4LWExMzctMDBiYjQ2NjZiZWVjIiwidCI6ImJkMDNhNzM1LTJhYTMtNGNjYS05NzIyLTJhZTQ5MjlhYjNlYyIsImMiOjEwfQ%3D%3D&pageName=adfba30c52355c5b1631
Calayan,Cagayan,19.263465,121.477261,1996,philippine,Dry Season,Nov-Dec-Jan-Feb-Mar-Apr,97,2,https://app.powerbi.com/view?r=eyJrIjoiOTJkN2U4MjUtYWE1Ny00NzA4LWExMzctMDBiYjQ2NjZiZWVjIiwidCI6ImJkMDNhNzM1LTJhYTMtNGNjYS05NzIyLTJhZTQ5MjlhYjNlYyIsImMiOjEwfQ%3D%3D&pageName=adfba30c52355c5b1631
Calayan,Cagayan,19.263465,121.477261,1996,philippine,Wet Season,May-Jun-Jul-Aug-Sep-Oct,18.8,1,https://app.powerbi.com/view?r=eyJrIjoiOTJkN2U4MjUtYWE1Ny00NzA4LWExMzctMDBiYjQ2NjZiZWVjIiwidCI6ImJkMDNhNzM1LTJhYTMtNGNjYS05NzIyLTJhZTQ5MjlhYjNlYyIsImMiOjEwfQ%3D%3D&pageName=adfba30c52355c5b1631
Calayan,Cagayan,19.263465,121.477261,2001,climatological,DJF,Dec-Jan-Feb,893.6,3,https://app.powerbi.com/view?r=eyJrIjoiOTJkN2U4MjUtYWE1Ny00NzA4LWExMzctMDBiYjQ2NjZiZWVjIiwidCI6ImJkMDNhNzM1LTJhYTMtNGNjYS05NzIyLTJhZTQ5MjlhYjNlYyIsImMiOjEwfQ%3D%3D&pageName=adfba30c52355c5b1631
Calayan,Cagayan,19.263465,121.477261,2001,climatological,JJA,Jun-Jul-Aug,693.1,3,https://app.powerbi.com/view?r=eyJrIjoiOTJkN2U4MjUtYWE1Ny00NzA4LWExMzctMDBiYjQ2NjZiZWVjIiwidCI6ImJkMDNhNzM1LTJhYTMtNGNjYS05NzIyLTJhZTQ5MjlhYjNlYyIsImMiOjEwfQ%3D%3D&pageName=adfba30c52355c5b1631
Calayan,Cagayan,19.263465,121.477261,2001,climatological,MAM,Mar-Apr-May,268.8,3,https://app.powerbi.com/view?r=eyJrIjoiOTJkN2U4MjUtYWE1Ny00NzA4LWExMzctMDBiYjQ2NjZiZWVjIiwidCI6ImJkMDNhNzM1LTJhYTMtNGNjYS05NzIyLTJhZTQ5MjlhYjNlYyIsImMiOjEwfQ%3D%3D&pageName=adfba30c52355c5b1631
Calayan,Cagayan,19.263465,121.477261,2001,climatological,SON,Sep-Oct-Nov,1448.2,3,https://app.powerbi.com/view?r=eyJrIjoiOTJkN2U4MjUtYWE1Ny00NzA4LWExMzctMDBiYjQ2NjZiZWVjIiwidCI6ImJkMDNhNzM1LTJhYTMtNGNjYS05NzIyLTJhZTQ5MjlhYjNlYyIsImMiOjEwfQ%3D%3D&pageName=adfba30c52355c5b1631
Calayan,Cagayan,19.263465,121.477261,2001,philippine,Dry Season,Nov-Dec-Jan-Feb-Mar-Apr,1322.4,6,https://app.powerbi.com/view?r=eyJrIjoiOTJkN2U4MjUtYWE1Ny00NzA4LWExMzctMDBiYjQ2NjZiZWVjIiwidCI6ImJkMDNhNzM1LTJhYTMtNGNjYS05NzIyLTJhZTQ5MjlhYjNlYyIsImMiOjEwfQ%3D%3D&pageName=adfba30c52355c5b1631
Calayan,Cagayan,19.263465,121.477261,2001,philippine,Wet Season,May-Jun-Jul-Aug-Sep-Oct,1981.3,6,https://app.powerbi.com/view?r=eyJrIjoiOTJkN2U4MjUtYWE1Ny00NzA4LWExMzctMDBiYjQ2NjZiZWVjIiwidCI6ImJkMDNhNzM1LTJhYTMtNGNjYS05NzIyLTJhZTQ5MjlhYjNlYyIsImMiOjEwfQ%3D%3D&pageName=adfba30c52355c5b1631
Calayan,Cagayan,19.263465,121.477261,2002,climatological,DJF,Dec-Jan-Feb,354.7,3,https://app.powerbi.com/view?r=eyJrIjoiOTJkN2U4MjUtYWE1Ny00NzA4LWExMzctMDBiYjQ2NjZiZWVjIiwidCI6ImJkMDNhNzM1LTJhYTMtNGNjYS05NzIyLTJhZTQ5MjlhYjNlYyIsImMiOjEwfQ%3D%3D&pageName=adfba30c52355c5b1631
Calayan,Cagayan,19.263465,121.477261,2002,climatological,JJA,Jun-Jul-Aug,786.4,3,https://app.powerbi.com/view?r=eyJrIjoiOTJkN2U4MjUtYWE1Ny00NzA4LWExMzctMDBiYjQ2NjZiZWVjIiwidCI6ImJkMDNhNzM1LTJhYTMtNGNjYS05NzIyLTJhZTQ5MjlhYjNlYyIsImMiOjEwfQ%3D%3D&pageName=adfba30c52355c5b1631
Calayan,Cagayan,19.263465,121.477261,2002,climatological,MAM,Mar-Apr-May,119.6,3,https://app.powerbi.com/view?r=eyJrIjoiOTJkN2U4MjUtYWE1Ny00NzA4LWExMzctMDBiYjQ2NjZiZWVjIiwidCI6ImJkMDNhNzM1LTJhYTMtNGNjYS05NzIyLTJhZTQ5MjlhYjNlYyIsImMiOjEwfQ%3D%3D&pageName=adfba30c52355c5b1631
Calayan,Cagayan,19.263465,121.477261,2002,climatological,SON,Sep-Oct-Nov,1054.5,3,https://app.powerbi.com/view?r=eyJrIjoiOTJkN2U4MjUtYWE1Ny00NzA4LWExMzctMDBiYjQ2NjZiZWVjIiwidCI6ImJkMDNhNzM1LTJhYTMtNGNjYS05NzIyLTJhZTQ5MjlhYjNlYyIsImMiOjEwfQ%3D%3D&pageName=adfba30c52355c5b1631
Calayan,Cagayan,19.263465,121.477261,2002,philippine,Dry Season,Nov-Dec-Jan-Feb-Mar-Apr,769.1,6,https://app.powerbi.com/view?r=eyJrIjoiOTJkN2U4MjUtYWE1Ny00NzA4LWExMzctMDBiYjQ2NjZiZWVjIiwidCI6ImJkMDNhNzM1LTJhYTMtNGNjYS05NzIyLTJhZTQ5MjlhYjNlYyIsImMiOjEwfQ%3D%3D&pageName=adfba30c52355c5b1631
Calayan,Cagayan,19.263465,121.477261,2002,philippine,Wet Season,May-Jun-Jul-Aug-Sep-Oct,1546.1,6,https://app.powerbi.com/view?r=eyJrIjoiOTJkN2U4MjUtYWE1Ny00NzA4LWExMzctMDBiYjQ2NjZiZWVjIiwidCI6ImJkMDNhNzM1LTJhYTMtNGNjYS05NzIyLTJhZTQ5MjlhYjNlYyIsImMiOjEwfQ%3D%3D&pageName=adfba30c52355c5b1631
Calayan,Cagayan,19.263465,121.477261,2003,climatological,DJF,Dec-Jan-Feb,426.2,3,https://app.powerbi.com/view?r=eyJrIjoiOTJkN2U4MjUtYWE1Ny00NzA4LWExMzctMDBiYjQ2NjZiZWVjIiwidCI6ImJkMDNhNzM1LTJhYTMtNGNjYS05NzIyLTJhZTQ5MjlhYjNlYyIsImMiOjEwfQ%3D%3D&pageName=adfba30c52355c5b1631
Calayan,Cagayan,19.263465,121.477261,2003,climatological,JJA,Jun-Jul-Aug,848.6,3,https://app.powerbi.com/view?r=eyJrIjoiOTJkN2U4MjUtYWE1Ny00NzA4LWExMzctMDBiYjQ2NjZiZWVjIiwidCI6ImJkMDNhNzM1LTJhYTMtNGNjYS05NzIyLTJhZTQ5MjlhYjNlYyIsImMiOjEwfQ%3D%3D&pageName=adfba30c52355c5b1631
Calayan,Cagayan,19.263465,121.477261,2003,climatological,MAM,Mar-Apr-May,258.8,3,https://app.powerbi.com/view?r=eyJrIjoiOTJkN2U4MjUtYWE1Ny00NzA4LWExMzctMDBiYjQ2NjZiZWVjIiwidCI6ImJkMDNhNzM1LTJhYTMtNGNjYS05NzIyLTJhZTQ5MjlhYjNlYyIsImMiOjEwfQ%3D%3D&pageName=adfba30c52355c5b1631
Calayan,Cagayan,19.263465,121.477261,2003,climatological,SON,Sep-Oct-Nov,1413.6,3,https://app.powerbi.com/view?r=eyJrIjoiOTJkN2U4MjUtYWE1Ny00NzA4LWExMzctMDBiYjQ2NjZiZWVjIiwidCI6ImJkMDNhNzM1LTJhYTMtNGNjYS05NzIyLTJhZTQ5MjlhYjNlYyIsImMiOjEwfQ%3D%3D&pageName=adfba30c52355c5b1631
Calayan,Cagayan,19.263465,121.477261,2003,philippine,Dry Season,Nov-Dec-Jan-Feb-Mar-Apr,1090.9,6,https://app.powerbi.com/view?r=eyJrIjoiOTJkN2U4MjUtYWE1Ny00NzA4LWExMzctMDBiYjQ2NjZiZWVjIiwidCI6ImJkMDNhNzM1LTJhYTMtNGNjYS05NzIyLTJhZTQ5MjlhYjNlYyIsImMiOjEwfQ%3D%3D&pageName=adfba30c52355c5b1631
Calayan,Cagayan,19.263465,121.477261,2003,philippine,Wet Season,May-Jun-Jul-Aug-Sep-Oct,1856.3,6,https://app.powerbi.com/view?r=eyJrIjoiOTJkN2U4MjUtYWE1Ny00NzA4LWExMzctMDBiYjQ2NjZiZWVjIiwidCI6ImJkMDNhNzM1LTJhYTMtNGNjYS05NzIyLTJhZTQ5MjlhYjNlYyIsImMiOjEwfQ%3D%3D&pageName=adfba30c52355c5b1631
Calayan,Cagayan,19.263465,121.477261,2004,climatological,DJF,Dec-Jan-Feb,436.6,3,https://app.powerbi.com/view?r=eyJrIjoiOTJkN2U4MjUtYWE1Ny00NzA4LWExMzctMDBiYjQ2NjZiZWVjIiwidCI6ImJkMDNhNzM1LTJhYTMtNGNjYS05NzIyLTJhZTQ5MjlhYjNlYyIsImMiOjEwfQ%3D%3D&pageName=adfba30c52355c5b1631
Calayan,Cagayan,19.263465,121.477261,2004,climatological,JJA,Jun-Jul-Aug,953.2,3,https://app.powerbi.com/view?r=eyJrIjoiOTJkN2U4MjUtYWE1Ny00NzA4LWExMzctMDBiYjQ2NjZiZWVjIiwidCI6ImJkMDNhNzM1LTJhYTMtNGNjYS05NzIyLTJhZTQ5MjlhYjNlYyIsImMiOjEwfQ%3D%3D&pageName=adfba30c52355c5b1631
Calayan,Cagayan,19.263465,121.477261,2004,climatological,MAM,Mar-Apr-May,182,3,https://app.powerbi.com/view?r=eyJrIjoiOTJkN2U4MjUtYWE1Ny00NzA4LWExMzctMDBiYjQ2NjZiZWVjIiwidCI6ImJkMDNhNzM1LTJhYTMtNGNjYS05NzIyLTJhZTQ5MjlhYjNlYyIsImMiOjEwfQ%3D%3D&pageName=adfba30c52355c5b1631
Calayan,Cagayan,19.263465,121.477261,2004,climatological,SON,Sep-Oct-Nov,352.8,3,https://app.powerbi.com/view?r=eyJrIjoiOTJkN2U4MjUtYWE1Ny00NzA4LWExMzctMDBiYjQ2NjZiZWVjIiwidCI6ImJkMDNhNzM1LTJhYTMtNGNjYS05NzIyLTJhZTQ5MjlhYjNlYyIsImMiOjEwfQ%3D%3D&pageName=adfba30c52355c5b1631
Calayan,Cagayan,19.263465,121.477261,2004,philippine,Dry Season,Nov-Dec-Jan-Feb-Mar-Apr,697.9,6,https://app.powerbi.com/view?r=eyJrIjoiOTJkN2U4MjUtYWE1Ny00NzA4LWExMzctMDBiYjQ2NjZiZWVjIiwidCI6ImJkMDNhNzM1LTJhYTMtNGNjYS05NzIyLTJhZTQ5MjlhYjNlYyIsImMiOjEwfQ%3D%3D&pageName=adfba30c52355c5b1631
Calayan,Cagayan,19.263465,121.477261,2004,philippine,Wet Season,May-Jun-Jul-Aug-Sep-Oct,1226.7,6,https://app.powerbi.com/view?r=eyJrIjoiOTJkN2U4MjUtYWE1Ny00NzA4LWExMzctMDBiYjQ2NjZiZWVjIiwidCI6ImJkMDNhNzM1LTJhYTMtNGNjYS05NzIyLTJhZTQ5MjlhYjNlYyIsImMiOjEwfQ%3D%3D&pageName=adfba30c52355c5b1631
Calayan,Cagayan,19.263465,121.477261,2005,climatological,DJF,Dec-Jan-Feb,477.8,3,https://app.powerbi.com/view?r=eyJrIjoiOTJkN2U4MjUtYWE1Ny00NzA4LWExMzctMDBiYjQ2NjZiZWVjIiwidCI6ImJkMDNhNzM1LTJhYTMtNGNjYS05NzIyLTJhZTQ5MjlhYjNlYyIsImMiOjEwfQ%3D%3D&pageName=adfba30c52355c5b1631
Calayan,Cagayan,19.263465,121.477261,2005,climatological,JJA,Jun-Jul-Aug,335,3,https://app.powerbi.com/view?r=eyJrIjoiOTJkN2U4MjUtYWE1Ny00NzA4LWExMzctMDBiYjQ2NjZiZWVjIiwidCI6ImJkMDNhNzM1LTJhYTMtNGNjYS05NzIyLTJhZTQ5MjlhYjNlYyIsImMiOjEwfQ%3D%3D&pageName=adfba30c52355c5b1631
Calayan,Cagayan,19.263465,121.477261,2005,climatological,MAM,Mar-Apr-May,291.4,3,https://app.powerbi.com/view?r=eyJrIjoiOTJkN2U4MjUtYWE1Ny00NzA4LWExMzctMDBiYjQ2NjZiZWVjIiwidCI6ImJkMDNhNzM1LTJhYTMtNGNjYS05NzIyLTJhZTQ5MjlhYjNlYyIsImMiOjEwfQ%3D%3D&pageName=adfba30c52355c5b1631
Calayan,Cagayan,19.263465,121.477261,2005,climatological,SON,Sep-Oct-Nov,1160,3,https://app.powerbi.com/view?r=eyJrIjoiOTJkN2U4MjUtYWE1Ny00NzA4LWExMzctMDBiYjQ2NjZiZWVjIiwidCI6ImJkMDNhNzM1LTJhYTMtNGNjYS05NzIyLTJhZTQ5MjlhYjNlYyIsImMiOjEwfQ%3D%3D&pageName=adfba30c52355c5b1631
Calayan,Cagayan,19.263465,121.477261,2005,philippine,Dry Season,Nov-Dec-Jan-Feb-Mar-Apr,1065.4,6,https://app.powerbi.com/view?r=eyJrIjoiOTJkN2U4MjUtYWE1Ny00NzA4LWExMzctMDBiYjQ2NjZiZWVjIiwidCI6ImJkMDNhNzM1LTJhYTMtNGNjYS05NzIyLTJhZTQ5MjlhYjNlYyIsImMiOjEwfQ%3D%3D&pageName=adfba30c52355c5b1631
Calayan,Cagayan,19.263465,121.477261,2005,philippine,Wet Season,May-Jun-Jul-Aug-Sep-Oct,1198.8,6,https://app.powerbi.com/view?r=eyJrIjoiOTJkN2U4MjUtYWE1Ny00NzA4LWExMzctMDBiYjQ2NjZiZWVjIiwidCI6ImJkMDNhNzM1LTJhYTMtNGNjYS05NzIyLTJhZTQ5MjlhYjNlYyIsImMiOjEwfQ%3D%3D&pageName=adfba30c52355c5b1631
Calayan,Cagayan,19.263465,121.477261,2006,climatological,DJF,Dec-Jan-Feb,798.2,3,https://app.powerbi.com/view?r=eyJrIjoiOTJkN2U4MjUtYWE1Ny00NzA4LWExMzctMDBiYjQ2NjZiZWVjIiwidCI6ImJkMDNhNzM1LTJhYTMtNGNjYS05NzIyLTJhZTQ5MjlhYjNlYyIsImMiOjEwfQ%3D%3D&pageName=adfba30c52355c5b1631
Calayan,Cagayan,19.263465,121.477261,2006,climatological,JJA,Jun-Jul-Aug,689.2,3,https://app.powerbi.com/view?r=eyJrIjoiOTJkN2U4MjUtYWE1Ny00NzA4LWExMzctMDBiYjQ2NjZiZWVjIiwidCI6ImJkMDNhNzM1LTJhYTMtNGNjYS05NzIyLTJhZTQ5MjlhYjNlYyIsImMiOjEwfQ%3D%3D&pageName=adfba30c52355c5b1631
Calayan,Cagayan,19.263465,121.477261,2006,climatological,MAM,Mar-Apr-May,180.6,3,https://app.powerbi.com/view?r=eyJrIjoiOTJkN2U4MjUtYWE1Ny00NzA4LWExMzctMDBiYjQ2NjZiZWVjIiwidCI6ImJkMDNhNzM1LTJhYTMtNGNjYS05NzIyLTJhZTQ5MjlhYjNlYyIsImMiOjEwfQ%3D%3D&pageName=adfba30c52355c5b1631
Calayan,Cagayan,19.263465,121.477261,2006,climatological,SON,Sep-Oct-Nov,486,3,https://app.powerbi.com/view?r=eyJrIjoiOTJkN2U4MjUtYWE1Ny00NzA4LWExMzctMDBiYjQ2NjZiZWVjIiwidCI6ImJkMDNhNzM1LTJhYTMtNGNjYS05NzIyLTJhZTQ5MjlhYjNlYyIsImMiOjEwfQ%3D%3D&pageName=adfba30c52355c5b1631
Calayan,Cagayan,19.263465,121.477261,2006,philippine,Dry Season,Nov-Dec-Jan-Feb-Mar-Apr,965.8,6,https://app.powerbi.com/view?r=eyJrIjoiOTJkN2U4MjUtYWE1Ny00NzA4LWExMzctMDBiYjQ2NjZiZWVjIiwidCI6ImJkMDNhNzM1LTJhYTMtNGNjYS05NzIyLTJhZTQ5MjlhYjNlYyIsImMiOjEwfQ%3D%3D&pageName=adfba30c52355c5b1631
Calayan,Cagayan,19.263465,121.477261,2006,philippine,Wet Season,May-Jun-Jul-Aug-Sep-Oct,1188.2,6,https://app.powerbi.com/view?r=eyJrIjoiOTJkN2U4MjUtYWE1Ny00NzA4LWExMzctMDBiYjQ2NjZiZWVjIiwidCI6ImJkMDNhNzM1LTJhYTMtNGNjYS05NzIyLTJhZTQ5MjlhYjNlYyIsImMiOjEwfQ%3D%3D&pageName=adfba30c52355c5b1631
Calayan,Cagayan,19.263465,121.477261,2007,climatological,DJF,Dec-Jan-Feb,564.2,3,https://app.powerbi.com/view?r=eyJrIjoiOTJkN2U4MjUtYWE1Ny00NzA4LWExMzctMDBiYjQ2NjZiZWVjIiwidCI6ImJkMDNhNzM1LTJhYTMtNGNjYS05NzIyLTJhZTQ5MjlhYjNlYyIsImMiOjEwfQ%3D%3D&pageName=adfba30c52355c5b1631
Calayan,Cagayan,19.263465,121.477261,2007,climatological,JJA,Jun-Jul-Aug,711.2,3,https://app.powerbi.com/view?r=eyJrIjoiOTJkN2U4MjUtYWE1Ny00NzA4LWExMzctMDBiYjQ2NjZiZWVjIiwidCI6ImJkMDNhNzM1LTJhYTMtNGNjYS05NzIyLTJhZTQ5MjlhYjNlYyIsImMiOjEwfQ%3D%3D&pageName=adfba30c52355c5b1631
Calayan,Cagayan,19.263465,121.477261,2007,climatological,MAM,Mar-Apr-May,417.6,3,https://app.powerbi.com/view?r=eyJrIjoiOTJkN2U4MjUtYWE1Ny00NzA4LWExMzctMDBiYjQ2NjZiZWVjIiwidCI6ImJkMDNhNzM1LTJhYTMtNGNjYS05NzIyLTJhZTQ5MjlhYjNlYyIsImMiOjEwfQ%3D%3D&pageName=adfba30c52355c5b1631
Calayan,Cagayan,19.263465,121.477261,2007,climatological,SON,Sep-Oct-Nov,1300.8,3,https://app.powerbi.com/view?r=eyJrIjoiOTJkN2U4MjUtYWE1Ny00NzA4LWExMzctMDBiYjQ2NjZiZWVjIiwidCI6ImJkMDNhNzM1LTJhYTMtNGNjYS05NzIyLTJhZTQ5MjlhYjNlYyIsImMiOjEwfQ%3D%3D&pageName=adfba30c52355c5b1631
Calayan,Cagayan,19.263465,121.477261,2007,philippine,Dry Season,Nov-Dec-Jan-Feb-Mar-Apr,923.6,6,https://app.powerbi.com/view?r=eyJrIjoiOTJkN2U4MjUtYWE1Ny00NzA4LWExMzctMDBiYjQ2NjZiZWVjIiwidCI6ImJkMDNhNzM1LTJhYTMtNGNjYS05NzIyLTJhZTQ5MjlhYjNlYyIsImMiOjEwfQ%3D%3D&pageName=adfba30c52355c5b1631
Calayan,Cagayan,19.263465,121.477261,2007,philippine,Wet Season,May-Jun-Jul-Aug-Sep-Oct,2070.2,6,https://app.powerbi.com/view?r=eyJrIjoiOTJkN2U4MjUtYWE1Ny00NzA4LWExMzctMDBiYjQ2NjZiZWVjIiwidCI6ImJkMDNhNzM1LTJhYTMtNGNjYS05NzIyLTJhZTQ5MjlhYjNlYyIsImMiOjEwfQ%3D%3D&pageName=adfba30c52355c5b1631
Calayan,Cagayan,19.263465,121.477261,2008,climatological,DJF,Dec-Jan-Feb,665.5,3,https://app.powerbi.com/view?r=eyJrIjoiOTJkN2U4MjUtYWE1Ny00NzA4LWExMzctMDBiYjQ2NjZiZWVjIiwidCI6ImJkMDNhNzM1LTJhYTMtNGNjYS05NzIyLTJhZTQ5MjlhYjNlYyIsImMiOjEwfQ%3D%3D&pageName=adfba30c52355c5b1631
Calayan,Cagayan,19.263465,121.477261,2008,climatological,JJA,Jun-Jul-Aug,61.2,1,https://app.powerbi.com/view?r=eyJrIjoiOTJkN2U4MjUtYWE1Ny00NzA4LWExMzctMDBiYjQ2NjZiZWVjIiwidCI6ImJkMDNhNzM1LTJhYTMtNGNjYS05NzIyLTJhZTQ5MjlhYjNlYyIsImMiOjEwfQ%3D%3D&pageName=adfba30c52355c5b1631
Calayan,Cagayan,19.263465,121.477261,2008,climatological,MAM,Mar-Apr-May,225.2,3,https://app.powerbi.com/view?r=eyJrIjoiOTJkN2U4MjUtYWE1Ny00NzA4LWExMzctMDBiYjQ2NjZiZWVjIiwidCI6ImJkMDNhNzM1LTJhYTMtNGNjYS05NzIyLTJhZTQ5MjlhYjNlYyIsImMiOjEwfQ%3D%3D&pageName=adfba30c52355c5b1631
Calayan,Cagayan,19.263465,121.477261,2008,climatological,SON,Sep-Oct-Nov,846.8,2,https://app.powerbi.com/view?r=eyJrIjoiOTJkN2U4MjUtYWE1Ny00NzA4LWExMzctMDBiYjQ2NjZiZWVjIiwidCI6ImJkMDNhNzM1LTJhYTMtNGNjYS05NzIyLTJhZTQ5MjlhYjNlYyIsImMiOjEwfQ%3D%3D&pageName=adfba30c52355c5b1631
Calayan,Cagayan,19.263465,121.477261,2008,philippine,Dry Season,Nov-Dec-Jan-Feb-Mar-Apr,1177.5,6,https://app.powerbi.com/view?r=eyJrIjoiOTJkN2U4MjUtYWE1Ny00NzA4LWExMzctMDBiYjQ2NjZiZWVjIiwidCI6ImJkMDNhNzM1LTJhYTMtNGNjYS05NzIyLTJhZTQ5MjlhYjNlYyIsImMiOjEwfQ%3D%3D&pageName=adfba30c52355c5b1631
Calayan,Cagayan,19.263465,121.477261,2008,philippine,Wet Season,May-Jun-Jul-Aug-Sep-Oct,621.2,3,https://app.powerbi.com/view?r=eyJrIjoiOTJkN2U4MjUtYWE1Ny00NzA4LWExMzctMDBiYjQ2NjZiZWVjIiwidCI6ImJkMDNhNzM1LTJhYTMtNGNjYS05NzIyLTJhZTQ5MjlhYjNlYyIsImMiOjEwfQ%3D%3D&pageName=adfba30c52355c5b1631
Calayan,Cagayan,19.263465,121.477261,2009,climatological,DJF,Dec-Jan-Feb,231.6,3,https://app.powerbi.com/view?r=eyJrIjoiOTJkN2U4MjUtYWE1Ny00NzA4LWExMzctMDBiYjQ2NjZiZWVjIiwidCI6ImJkMDNhNzM1LTJhYTMtNGNjYS05NzIyLTJhZTQ5MjlhYjNlYyIsImMiOjEwfQ%3D%3D&pageName=adfba30c52355c5b1631
Calayan,Cagayan,19.263465,121.477261,2009,climatological,JJA,Jun-Jul-Aug,445.4,3,https://app.powerbi.com/view?r=eyJrIjoiOTJkN2U4MjUtYWE1Ny00NzA4LWExMzctMDBiYjQ2NjZiZWVjIiwidCI6ImJkMDNhNzM1LTJhYTMtNGNjYS05NzIyLTJhZTQ5MjlhYjNlYyIsImMiOjEwfQ%3D%3D&pageName=adfba30c52355c5b1631
Calayan,Cagayan,19.263465,121.477261,2009,climatological,MAM,Mar-Apr-May,415,3,https://app.powerbi.com/view?r=eyJrIjoiOTJkN2U4MjUtYWE1Ny00NzA4LWExMzctMDBiYjQ2NjZiZWVjIiwidCI6ImJkMDNhNzM1LTJhYTMtNGNjYS05NzIyLTJhZTQ5MjlhYjNlYyIsImMiOjEwfQ%3D%3D&pageName=adfba30c52355c5b1631
Calayan,Cagayan,19.263465,121.477261,2009,climatological,SON,Sep-Oct-Nov,964.6,3,https://app.powerbi.com/view?r=eyJrIjoiOTJkN2U4MjUtYWE1Ny00NzA4LWExMzctMDBiYjQ2NjZiZWVjIiwidCI6ImJkMDNhNzM1LTJhYTMtNGNjYS05NzIyLTJhZTQ5MjlhYjNlYyIsImMiOjEwfQ%3D%3D&pageName=adfba30c52355c5b1631
Calayan,Cagayan,19.263465,121.477261,2009,philippine,Dry Season,Nov-Dec-Jan-Feb-Mar-Apr,699.2,6,https://app.powerbi.com/view?r=eyJrIjoiOTJkN2U4MjUtYWE1Ny00NzA4LWExMzctMDBiYjQ2NjZiZWVjIiwidCI6ImJkMDNhNzM1LTJhYTMtNGNjYS05NzIyLTJhZTQ5MjlhYjNlYyIsImMiOjEwfQ%3D%3D&pageName=adfba30c52355c5b1631
Calayan,Cagayan,19.263465,121.477261,2009,philippine,Wet Season,May-Jun-Jul-Aug-Sep-Oct,1357.4,6,https://app.powerbi.com/view?r=eyJrIjoiOTJkN2U4MjUtYWE1Ny00NzA4LWExMzctMDBiYjQ2NjZiZWVjIiwidCI6ImJkMDNhNzM1LTJhYTMtNGNjYS05NzIyLTJhZTQ5MjlhYjNlYyIsImMiOjEwfQ%3D%3D&pageName=adfba30c52355c5b1631
Calayan,Cagayan,19.263465,121.477261,2010,climatological,DJF,Dec-Jan-Feb,192.7,3,https://app.powerbi.com/view?r=eyJrIjoiOTJkN2U4MjUtYWE1Ny00NzA4LWExMzctMDBiYjQ2NjZiZWVjIiwidCI6ImJkMDNhNzM1LTJhYTMtNGNjYS05NzIyLTJhZTQ5MjlhYjNlYyIsImMiOjEwfQ%3D%3D&pageName=adfba30c52355c5b1631
Calayan,Cagayan,19.263465,121.477261,2010,climatological,JJA,Jun-Jul-Aug,776.4,3,https://app.powerbi.com/view?r=eyJrIjoiOTJkN2U4MjUtYWE1Ny00NzA4LWExMzctMDBiYjQ2NjZiZWVjIiwidCI6ImJkMDNhNzM1LTJhYTMtNGNjYS05NzIyLTJhZTQ5MjlhYjNlYyIsImMiOjEwfQ%3D%3D&pageName=adfba30c52355c5b1631
Calayan,Cagayan,19.263465,121.477261,2010,climatological,MAM,Mar-Apr-May,303.4,3,https://app.powerbi.com/view?r=eyJrIjoiOTJkN2U4MjUtYWE1Ny00NzA4LWExMzctMDBiYjQ2NjZiZWVjIiwidCI6ImJkMDNhNzM1LTJhYTMtNGNjYS05NzIyLTJhZTQ5MjlhYjNlYyIsImMiOjEwfQ%3D%3D&pageName=adfba30c52355c5b1631
Calayan,Cagayan,19.263465,121.477261,2010,climatological,SON,Sep-Oct-Nov,925.3,3,https://app.powerbi.com/view?r=eyJrIjoiOTJkN2U4MjUtYWE1Ny00NzA4LWExMzctMDBiYjQ2NjZiZWVjIiwidCI6ImJkMDNhNzM1LTJhYTMtNGNjYS05NzIyLTJhZTQ5MjlhYjNlYyIsImMiOjEwfQ%3D%3D&pageName=adfba30c52355c5b1631
Calayan,Cagayan,19.263465,121.477261,2010,philippine,Dry Season,Nov-Dec-Jan-Feb-Mar-Apr,850.3,6,https://app.powerbi.com/view?r=eyJrIjoiOTJkN2U4MjUtYWE1Ny00NzA4LWExMzctMDBiYjQ2NjZiZWVjIiwidCI6ImJkMDNhNzM1LTJhYTMtNGNjYS05NzIyLTJhZTQ5MjlhYjNlYyIsImMiOjEwfQ%3D%3D&pageName=adfba30c52355c5b1631
Calayan,Cagayan,19.263465,121.477261,2010,philippine,Wet Season,May-Jun-Jul-Aug-Sep-Oct,1347.5,6,https://app.powerbi.com/view?r=eyJrIjoiOTJkN2U4MjUtYWE1Ny00NzA4LWExMzctMDBiYjQ2NjZiZWVjIiwidCI6ImJkMDNhNzM1LTJhYTMtNGNjYS05NzIyLTJhZTQ5MjlhYjNlYyIsImMiOjEwfQ%3D%3D&pageName=adfba30c52355c5b1631
Calayan,Cagayan,19.263465,121.477261,2011,climatological,DJF,Dec-Jan-Feb,985.6,3,https://app.powerbi.com/view?r=eyJrIjoiOTJkN2U4MjUtYWE1Ny00NzA4LWExMzctMDBiYjQ2NjZiZWVjIiwidCI6ImJkMDNhNzM1LTJhYTMtNGNjYS05NzIyLTJhZTQ5MjlhYjNlYyIsImMiOjEwfQ%3D%3D&pageName=adfba30c52355c5b1631
Calayan,Cagayan,19.263465,121.477261,2011,climatological,JJA,Jun-Jul-Aug,691.7,3,https://app.powerbi.com/view?r=eyJrIjoiOTJkN2U4MjUtYWE1Ny00NzA4LWExMzctMDBiYjQ2NjZiZWVjIiwidCI6ImJkMDNhNzM1LTJhYTMtNGNjYS05NzIyLTJhZTQ5MjlhYjNlYyIsImMiOjEwfQ%3D%3D&pageName=adfba30c52355c5b1631
Calayan,Cagayan,19.263465,121.477261,2011,climatological,MAM,Mar-Apr-May,310.8,3,https://app.powerbi.com/view?r=eyJrIjoiOTJkN2U4MjUtYWE1Ny00NzA4LWExMzctMDBiYjQ2NjZiZWVjIiwidCI6ImJkMDNhNzM1LTJhYTMtNGNjYS05NzIyLTJhZTQ5MjlhYjNlYyIsImMiOjEwfQ%3D%3D&pageName=adfba30c52355c5b1631
Calayan,Cagayan,19.263465,121.477261,2011,climatological,SON,Sep-Oct-Nov,1192.6,3,https://app.powerbi.com/view?r=eyJrIjoiOTJkN2U4MjUtYWE1Ny00NzA4LWExMzctMDBiYjQ2NjZiZWVjIiwidCI6ImJkMDNhNzM1LTJhYTMtNGNjYS05NzIyLTJhZTQ5MjlhYjNlYyIsImMiOjEwfQ%3D%3D&pageName=adfba30c52355c5b1631
Calayan,Cagayan,19.263465,121.477261,2011,philippine,Dry Season,Nov-Dec-Jan-Feb-Mar-Apr,1432.8,6,https://app.powerbi.com/view?r=eyJrIjoiOTJkN2U4MjUtYWE1Ny00NzA4LWExMzctMDBiYjQ2NjZiZWVjIiwidCI6ImJkMDNhNzM1LTJhYTMtNGNjYS05NzIyLTJhZTQ5MjlhYjNlYyIsImMiOjEwfQ%3D%3D&pageName=adfba30c52355c5b1631
Calayan,Cagayan,19.263465,121.477261,2011,philippine,Wet Season,May-Jun-Jul-Aug-Sep-Oct,1747.9,6,https://app.powerbi.com/view?r=eyJrIjoiOTJkN2U4MjUtYWE1Ny00NzA4LWExMzctMDBiYjQ2NjZiZWVjIiwidCI6ImJkMDNhNzM1LTJhYTMtNGNjYS05NzIyLTJhZTQ5MjlhYjNlYyIsImMiOjEwfQ%3D%3D&pageName=adfba30c52355c5b1631
Calayan,Cagayan,19.263465,121.477261,2012,climatological,DJF,Dec-Jan-Feb,649.6,3,https://app.powerbi.com/view?r=eyJrIjoiOTJkN2U4MjUtYWE1Ny00NzA4LWExMzctMDBiYjQ2NjZiZWVjIiwidCI6ImJkMDNhNzM1LTJhYTMtNGNjYS05NzIyLTJhZTQ5MjlhYjNlYyIsImMiOjEwfQ%3D%3D&pageName=adfba30c52355c5b1631
Calayan,Cagayan,19.263465,121.477261,2012,climatological,JJA,Jun-Jul-Aug,818,3,https://app.powerbi.com/view?r=eyJrIjoiOTJkN2U4MjUtYWE1Ny00NzA4LWExMzctMDBiYjQ2NjZiZWVjIiwidCI6ImJkMDNhNzM1LTJhYTMtNGNjYS05NzIyLTJhZTQ5MjlhYjNlYyIsImMiOjEwfQ%3D%3D&pageName=adfba30c52355c5b1631
Calayan,Cagayan,19.263465,121.477261,2012,climatological,MAM,Mar-Apr-May,471,3,https://app.powerbi.com/view?r=eyJrIjoiOTJkN2U4MjUtYWE1Ny00NzA4LWExMzctMDBiYjQ2NjZiZWVjIiwidCI6ImJkMDNhNzM1LTJhYTMtNGNjYS05NzIyLTJhZTQ5MjlhYjNlYyIsImMiOjEwfQ%3D%3D&pageName=adfba30c52355c5b1631
Calayan,Cagayan,19.263465,121.477261,2012,climatological,SON,Sep-Oct-Nov,338.8,3,https://app.powerbi.com/view?r=eyJrIjoiOTJkN2U4MjUtYWE1Ny00NzA4LWExMzctMDBiYjQ2NjZiZWVjIiwidCI6ImJkMDNhNzM1LTJhYTMtNGNjYS05NzIyLTJhZTQ5MjlhYjNlYyIsImMiOjEwfQ%3D%3D&pageName=adfba30c52355c5b1631
Calayan,Cagayan,19.263465,121.477261,2012,philippine,Dry Season,Nov-Dec-Jan-Feb-Mar-Apr,986.6,6,https://app.powerbi.com/view?r=eyJrIjoiOTJkN2U4MjUtYWE1Ny00NzA4LWExMzctMDBiYjQ2NjZiZWVjIiwidCI6ImJkMDNhNzM1LTJhYTMtNGNjYS05NzIyLTJhZTQ5MjlhYjNlYyIsImMiOjEwfQ%3D%3D&pageName=adfba30c52355c5b1631
Calayan,Cagayan,19.263465,121.477261,2012,philippine,Wet Season,May-Jun-Jul-Aug-Sep-Oct,1290.8,6,https://app.powerbi.com/view?r=eyJrIjoiOTJkN2U4MjUtYWE1Ny00NzA4LWExMzctMDBiYjQ2NjZiZWVjIiwidCI6ImJkMDNhNzM1LTJhYTMtNGNjYS05NzIyLTJhZTQ5MjlhYjNlYyIsImMiOjEwfQ%3D%3D&pageName=adfba30c52355c5b1631
Calayan,Cagayan,19.263465,121.477261,2013,climatological,DJF,Dec-Jan-Feb,553.1,3,https://app.powerbi.com/view?r=eyJrIjoiOTJkN2U4MjUtYWE1Ny00NzA4LWExMzctMDBiYjQ2NjZiZWVjIiwidCI6ImJkMDNhNzM1LTJhYTMtNGNjYS05NzIyLTJhZTQ5MjlhYjNlYyIsImMiOjEwfQ%3D%3D&pageName=adfba30c52355c5b1631
Calayan,Cagayan,19.263465,121.477261,2013,climatological,JJA,Jun-Jul-Aug,712,3,https://app.powerbi.com/view?r=eyJrIjoiOTJkN2U4MjUtYWE1Ny00NzA4LWExMzctMDBiYjQ2NjZiZWVjIiwidCI6ImJkMDNhNzM1LTJhYTMtNGNjYS05NzIyLTJhZTQ5MjlhYjNlYyIsImMiOjEwfQ%3D%3D&pageName=adfba30c52355c5b1631
Calayan,Cagayan,19.263465,121.477261,2013,climatological,MAM,Mar-Apr-May,194.8,3,https://app.powerbi.com/view?r=eyJrIjoiOTJkN2U4MjUtYWE1Ny00NzA4LWExMzctMDBiYjQ2NjZiZWVjIiwidCI6ImJkMDNhNzM1LTJhYTMtNGNjYS05NzIyLTJhZTQ5MjlhYjNlYyIsImMiOjEwfQ%3D%3D&pageName=adfba30c52355c5b1631
Calayan,Cagayan,19.263465,121.477261,2013,climatological,SON,Sep-Oct-Nov,1558.6,3,https://app.powerbi.com/view?r=eyJrIjoiOTJkN2U4MjUtYWE1Ny00NzA4LWExMzctMDBiYjQ2NjZiZWVjIiwidCI6ImJkMDNhNzM1LTJhYTMtNGNjYS05NzIyLTJhZTQ5MjlhYjNlYyIsImMiOjEwfQ%3D%3D&pageName=adfba30c52355c5b1631
Calayan,Cagayan,19.263465,121.477261,2013,philippine,Dry Season,Nov-Dec-Jan-Feb-Mar-Apr,740.9,6,https://app.powerbi.com/view?r=eyJrIjoiOTJkN2U4MjUtYWE1Ny00NzA4LWExMzctMDBiYjQ2NjZiZWVjIiwidCI6ImJkMDNhNzM1LTJhYTMtNGNjYS05NzIyLTJhZTQ5MjlhYjNlYyIsImMiOjEwfQ%3D%3D&pageName=adfba30c52355c5b1631
Calayan,Cagayan,19.263465,121.477261,2013,philippine,Wet Season,May-Jun-Jul-Aug-Sep-Oct,2277.6,6,https://app.powerbi.com/view?r=eyJrIjoiOTJkN2U4MjUtYWE1Ny00NzA4LWExMzctMDBiYjQ2NjZiZWVjIiwidCI6ImJkMDNhNzM1LTJhYTMtNGNjYS05NzIyLTJhZTQ5MjlhYjNlYyIsImMiOjEwfQ%3D%3D&pageName=adfba30c52355c5b1631
Calayan,Cagayan,19.263465,121.477261,2014,climatological,DJF,Dec-Jan-Feb,554.6,3,https://app.powerbi.com/view?r=eyJrIjoiOTJkN2U4MjUtYWE1Ny00NzA4LWExMzctMDBiYjQ2NjZiZWVjIiwidCI6ImJkMDNhNzM1LTJhYTMtNGNjYS05NzIyLTJhZTQ5MjlhYjNlYyIsImMiOjEwfQ%3D%3D&pageName=adfba30c52355c5b1631
Calayan,Cagayan,19.263465,121.477261,2014,climatological,JJA,Jun-Jul-Aug,554.3,3,https://app.powerbi.com/view?r=eyJrIjoiOTJkN2U4MjUtYWE1Ny00NzA4LWExMzctMDBiYjQ2NjZiZWVjIiwidCI6ImJkMDNhNzM1LTJhYTMtNGNjYS05NzIyLTJhZTQ5MjlhYjNlYyIsImMiOjEwfQ%3D%3D&pageName=adfba30c52355c5b1631
Calayan,Cagayan,19.263465,121.477261,2014,climatological,MAM,Mar-Apr-May,47.9,3,https://app.powerbi.com/view?r=eyJrIjoiOTJkN2U4MjUtYWE1Ny00NzA4LWExMzctMDBiYjQ2NjZiZWVjIiwidCI6ImJkMDNhNzM1LTJhYTMtNGNjYS05NzIyLTJhZTQ5MjlhYjNlYyIsImMiOjEwfQ%3D%3D&pageName=adfba30c52355c5b1631
Calayan,Cagayan,19.263465,121.477261,2014,climatological,SON,Sep-Oct-Nov,382.4,3,https://app.powerbi.com/view?r=eyJrIjoiOTJkN2U4MjUtYWE1Ny00NzA4LWExMzctMDBiYjQ2NjZiZWVjIiwidCI6ImJkMDNhNzM1LTJhYTMtNGNjYS05NzIyLTJhZTQ5MjlhYjNlYyIsImMiOjEwfQ%3D%3D&pageName=adfba30c52355c5b1631
Calayan,Cagayan,19.263465,121.477261,2014,philippine,Dry Season,Nov-Dec-Jan-Feb-Mar-Apr,731.3,6,https://app.powerbi.com/view?r=eyJrIjoiOTJkN2U4MjUtYWE1Ny00NzA4LWExMzctMDBiYjQ2NjZiZWVjIiwidCI6ImJkMDNhNzM1LTJhYTMtNGNjYS05NzIyLTJhZTQ5MjlhYjNlYyIsImMiOjEwfQ%3D%3D&pageName=adfba30c52355c5b1631
Calayan,Cagayan,19.263465,121.477261,2014,philippine,Wet Season,May-Jun-Jul-Aug-Sep-Oct,807.9,6,https://app.powerbi.com/view?r=eyJrIjoiOTJkN2U4MjUtYWE1Ny00NzA4LWExMzctMDBiYjQ2NjZiZWVjIiwidCI6ImJkMDNhNzM1LTJhYTMtNGNjYS05NzIyLTJhZTQ5MjlhYjNlYyIsImMiOjEwfQ%3D%3D&pageName=adfba30c52355c5b1631
Calayan,Cagayan,19.263465,121.477261,2015,climatological,DJF,Dec-Jan-Feb,506.9,3,https://app.powerbi.com/view?r=eyJrIjoiOTJkN2U4MjUtYWE1Ny00NzA4LWExMzctMDBiYjQ2NjZiZWVjIiwidCI6ImJkMDNhNzM1LTJhYTMtNGNjYS05NzIyLTJhZTQ5MjlhYjNlYyIsImMiOjEwfQ%3D%3D&pageName=adfba30c52355c5b1631
Calayan,Cagayan,19.263465,121.477261,2015,climatological,JJA,Jun-Jul-Aug,969.2,3,https://app.powerbi.com/view?r=eyJrIjoiOTJkN2U4MjUtYWE1Ny00NzA4LWExMzctMDBiYjQ2NjZiZWVjIiwidCI6ImJkMDNhNzM1LTJhYTMtNGNjYS05NzIyLTJhZTQ5MjlhYjNlYyIsImMiOjEwfQ%3D%3D&pageName=adfba30c52355c5b1631
Calayan,Cagayan,19.263465,121.477261,2015,climatological,MAM,Mar-Apr-May,162.9,3,https://app.powerbi.com/view?r=eyJrIjoiOTJkN2U4MjUtYWE1Ny00NzA4LWExMzctMDBiYjQ2NjZiZWVjIiwidCI6ImJkMDNhNzM1LTJhYTMtNGNjYS05NzIyLTJhZTQ5MjlhYjNlYyIsImMiOjEwfQ%3D%3D&pageName=adfba30c52355c5b1631
Calayan,Cagayan,19.263465,121.477261,2015,climatological,SON,Sep-Oct-Nov,488.4,3,https://app.powerbi.com/view?r=eyJrIjoiOTJkN2U4MjUtYWE1Ny00NzA4LWExMzctMDBiYjQ2NjZiZWVjIiwidCI6ImJkMDNhNzM1LTJhYTMtNGNjYS05NzIyLTJhZTQ5MjlhYjNlYyIsImMiOjEwfQ%3D%3D&pageName=adfba30c52355c5b1631
Calayan,Cagayan,19.263465,121.477261,2015,philippine,Dry Season,Nov-Dec-Jan-Feb-Mar-Apr,685.8,6,https://app.powerbi.com/view?r=eyJrIjoiOTJkN2U4MjUtYWE1Ny00NzA4LWExMzctMDBiYjQ2NjZiZWVjIiwidCI6ImJkMDNhNzM1LTJhYTMtNGNjYS05NzIyLTJhZTQ5MjlhYjNlYyIsImMiOjEwfQ%3D%3D&pageName=adfba30c52355c5b1631
Calayan,Cagayan,19.263465,121.477261,2015,philippine,Wet Season,May-Jun-Jul-Aug-Sep-Oct,1441.6,6,https://app.powerbi.com/view?r=eyJrIjoiOTJkN2U4MjUtYWE1Ny00NzA4LWExMzctMDBiYjQ2NjZiZWVjIiwidCI6ImJkMDNhNzM1LTJhYTMtNGNjYS05NzIyLTJhZTQ5MjlhYjNlYyIsImMiOjEwfQ%3D%3D&pageName=adfba30c52355c5b1631
Calayan,Cagayan,19.263465,121.477261,2016,climatological,DJF,Dec-Jan-Feb,956.8,3,https://app.powerbi.com/view?r=eyJrIjoiOTJkN2U4MjUtYWE1Ny00NzA4LWExMzctMDBiYjQ2NjZiZWVjIiwidCI6ImJkMDNhNzM1LTJhYTMtNGNjYS05NzIyLTJhZTQ5MjlhYjNlYyIsImMiOjEwfQ%3D%3D&pageName=adfba30c52355c5b1631
Calayan,Cagayan,19.263465,121.477261,2016,climatological,JJA,Jun-Jul-Aug,698.8,3,https://app.powerbi.com/view?r=eyJrIjoiOTJkN2U4MjUtYWE1Ny00NzA4LWExMzctMDBiYjQ2NjZiZWVjIiwidCI6ImJkMDNhNzM1LTJhYTMtNGNjYS05NzIyLTJhZTQ5MjlhYjNlYyIsImMiOjEwfQ%3D%3D&pageName=adfba30c52355c5b1631
Calayan,Cagayan,19.263465,121.477261,2016,climatological,MAM,Mar-Apr-May,198.2,3,https://app.powerbi.com/view?r=eyJrIjoiOTJkN2U4MjUtYWE1Ny00NzA4LWExMzctMDBiYjQ2NjZiZWVjIiwidCI6ImJkMDNhNzM1LTJhYTMtNGNjYS05NzIyLTJhZTQ5MjlhYjNlYyIsImMiOjEwfQ%3D%3D&pageName=adfba30c52355c5b1631
Calayan,Cagayan,19.263465,121.477261,2016,climatological,SON,Sep-Oct-Nov,1087.9,3,https://app.powerbi.com/view?r=eyJrIjoiOTJkN2U4MjUtYWE1Ny00NzA4LWExMzctMDBiYjQ2NjZiZWVjIiwidCI6ImJkMDNhNzM1LTJhYTMtNGNjYS05NzIyLTJhZTQ5MjlhYjNlYyIsImMiOjEwfQ%3D%3D&pageName=adfba30c52355c5b1631
Calayan,Cagayan,19.263465,121.477261,2016,philippine,Dry Season,Nov-Dec-Jan-Feb-Mar-Apr,1538.6,6,https://app.powerbi.com/view?r=eyJrIjoiOTJkN2U4MjUtYWE1Ny00NzA4LWExMzctMDBiYjQ2NjZiZWVjIiwidCI6ImJkMDNhNzM1LTJhYTMtNGNjYS05NzIyLTJhZTQ5MjlhYjNlYyIsImMiOjEwfQ%3D%3D&pageName=adfba30c52355c5b1631
Calayan,Cagayan,19.263465,121.477261,2016,philippine,Wet Season,May-Jun-Jul-Aug-Sep-Oct,1403.1,6,https://app.powerbi.com/view?r=eyJrIjoiOTJkN2U4MjUtYWE1Ny00NzA4LWExMzctMDBiYjQ2NjZiZWVjIiwidCI6ImJkMDNhNzM1LTJhYTMtNGNjYS05NzIyLTJhZTQ5MjlhYjNlYyIsImMiOjEwfQ%3D%3D&pageName=adfba30c52355c5b1631
Calayan,Cagayan,19.263465,121.477261,2017,climatological,DJF,Dec-Jan-Feb,903.4,3,https://app.powerbi.com/view?r=eyJrIjoiOTJkN2U4MjUtYWE1Ny00NzA4LWExMzctMDBiYjQ2NjZiZWVjIiwidCI6ImJkMDNhNzM1LTJhYTMtNGNjYS05NzIyLTJhZTQ5MjlhYjNlYyIsImMiOjEwfQ%3D%3D&pageName=adfba30c52355c5b1631
Calayan,Cagayan,19.263465,121.477261,2017,climatological,JJA,Jun-Jul-Aug,786.2,3,https://app.powerbi.com/view?r=eyJrIjoiOTJkN2U4MjUtYWE1Ny00NzA4LWExMzctMDBiYjQ2NjZiZWVjIiwidCI6ImJkMDNhNzM1LTJhYTMtNGNjYS05NzIyLTJhZTQ5MjlhYjNlYyIsImMiOjEwfQ%3D%3D&pageName=adfba30c52355c5b1631
Calayan,Cagayan,19.263465,121.477261,2017,climatological,MAM,Mar-Apr-May,384.2,3,https://app.powerbi.com/view?r=eyJrIjoiOTJkN2U4MjUtYWE1Ny00NzA4LWExMzctMDBiYjQ2NjZiZWVjIiwidCI6ImJkMDNhNzM1LTJhYTMtNGNjYS05NzIyLTJhZTQ5MjlhYjNlYyIsImMiOjEwfQ%3D%3D&pageName=adfba30c52355c5b1631
Calayan,Cagayan,19.263465,121.477261,2017,climatological,SON,Sep-Oct-Nov,1507.8,3,https://app.powerbi.com/view?r=eyJrIjoiOTJkN2U4MjUtYWE1Ny00NzA4LWExMzctMDBiYjQ2NjZiZWVjIiwidCI6ImJkMDNhNzM1LTJhYTMtNGNjYS05NzIyLTJhZTQ5MjlhYjNlYyIsImMiOjEwfQ%3D%3D&pageName=adfba30c52355c5b1631
Calayan,Cagayan,19.263465,121.477261,2017,philippine,Dry Season,Nov-Dec-Jan-Feb-Mar-Apr,1733,6,https://app.powerbi.com/view?r=eyJrIjoiOTJkN2U4MjUtYWE1Ny00NzA4LWExMzctMDBiYjQ2NjZiZWVjIiwidCI6ImJkMDNhNzM1LTJhYTMtNGNjYS05NzIyLTJhZTQ5MjlhYjNlYyIsImMiOjEwfQ%3D%3D&pageName=adfba30c52355c5b1631
Calayan,Cagayan,19.263465,121.477261,2017,philippine,Wet Season,May-Jun-Jul-Aug-Sep-Oct,1848.6,6,https://app.powerbi.com/view?r=eyJrIjoiOTJkN2U4MjUtYWE1Ny00NzA4LWExMzctMDBiYjQ2NjZiZWVjIiwidCI6ImJkMDNhNzM1LTJhYTMtNGNjYS05NzIyLTJhZTQ5MjlhYjNlYyIsImMiOjEwfQ%3D%3D&pageName=adfba30c52355c5b1631
Calayan,Cagayan,19.263465,121.477261,2018,climatological,DJF,Dec-Jan-Feb,745.2,3,https://app.powerbi.com/view?r=eyJrIjoiOTJkN2U4MjUtYWE1Ny00NzA4LWExMzctMDBiYjQ2NjZiZWVjIiwidCI6ImJkMDNhNzM1LTJhYTMtNGNjYS05NzIyLTJhZTQ5MjlhYjNlYyIsImMiOjEwfQ%3D%3D&pageName=adfba30c52355c5b1631
Calayan,Cagayan,19.263465,121.477261,2018,climatological,JJA,Jun-Jul-Aug,837.6,3,https://app.powerbi.com/view?r=eyJrIjoiOTJkN2U4MjUtYWE1Ny00NzA4LWExMzctMDBiYjQ2NjZiZWVjIiwidCI6ImJkMDNhNzM1LTJhYTMtNGNjYS05NzIyLTJhZTQ5MjlhYjNlYyIsImMiOjEwfQ%3D%3D&pageName=adfba30c52355c5b1631
Calayan,Cagayan,19.263465,121.477261,2018,climatological,MAM,Mar-Apr-May,74.2,3,https://app.powerbi.com/view?r=eyJrIjoiOTJkN2U4MjUtYWE1Ny00NzA4LWExMzctMDBiYjQ2NjZiZWVjIiwidCI6ImJkMDNhNzM1LTJhYTMtNGNjYS05NzIyLTJhZTQ5MjlhYjNlYyIsImMiOjEwfQ%3D%3D&pageName=adfba30c52355c5b1631
Calayan,Cagayan,19.263465,121.477261,2018,climatological,SON,Sep-Oct-Nov,491.4,3,https://app.powerbi.com/view?r=eyJrIjoiOTJkN2U4MjUtYWE1Ny00NzA4LWExMzctMDBiYjQ2NjZiZWVjIiwidCI6ImJkMDNhNzM1LTJhYTMtNGNjYS05NzIyLTJhZTQ5MjlhYjNlYyIsImMiOjEwfQ%3D%3D&pageName=adfba30c52355c5b1631
Calayan,Cagayan,19.263465,121.477261,2018,philippine,Dry Season,Nov-Dec-Jan-Feb-Mar-Apr,942.8,6,https://app.powerbi.com/view?r=eyJrIjoiOTJkN2U4MjUtYWE1Ny00NzA4LWExMzctMDBiYjQ2NjZiZWVjIiwidCI6ImJkMDNhNzM1LTJhYTMtNGNjYS05NzIyLTJhZTQ5MjlhYjNlYyIsImMiOjEwfQ%3D%3D&pageName=adfba30c52355c5b1631
Calayan,Cagayan,19.263465,121.477261,2018,philippine,Wet Season,May-Jun-Jul-Aug-Sep-Oct,1205.6,6,https://app.powerbi.com/view?r=eyJrIjoiOTJkN2U4MjUtYWE1Ny00NzA4LWExMzctMDBiYjQ2NjZiZWVjIiwidCI6ImJkMDNhNzM1LTJhYTMtNGNjYS05NzIyLTJhZTQ5MjlhYjNlYyIsImMiOjEwfQ%3D%3D&pageName=adfba30c52355c5b1631
Calayan,Cagayan,19.263465,121.477261,2019,climatological,DJF,Dec-Jan-Feb,680.6,3,https://app.powerbi.com/view?r=eyJrIjoiOTJkN2U4MjUtYWE1Ny00NzA4LWExMzctMDBiYjQ2NjZiZWVjIiwidCI6ImJkMDNhNzM1LTJhYTMtNGNjYS05NzIyLTJhZTQ5MjlhYjNlYyIsImMiOjEwfQ%3D%3D&pageName=adfba30c52355c5b1631
Calayan,Cagayan,19.263465,121.477261,2019,climatological,JJA,Jun-Jul-Aug,620.3,3,https://app.powerbi.com/view?r=eyJrIjoiOTJkN2U4MjUtYWE1Ny00NzA4LWExMzctMDBiYjQ2NjZiZWVjIiwidCI6ImJkMDNhNzM1LTJhYTMtNGNjYS05NzIyLTJhZTQ5MjlhYjNlYyIsImMiOjEwfQ%3D%3D&pageName=adfba30c52355c5b1631
Calayan,Cagayan,19.263465,121.477261,2019,climatological,MAM,Mar-Apr-May,321.8,3,https://app.powerbi.com/view?r=eyJrIjoiOTJkN2U4MjUtYWE1Ny00NzA4LWExMzctMDBiYjQ2NjZiZWVjIiwidCI6ImJkMDNhNzM1LTJhYTMtNGNjYS05NzIyLTJhZTQ5MjlhYjNlYyIsImMiOjEwfQ%3D%3D&pageName=adfba30c52355c5b1631
Calayan,Cagayan,19.263465,121.477261,2019,climatological,SON,Sep-Oct-Nov,1140.7,3,https://app.powerbi.com/view?r=eyJrIjoiOTJkN2U4MjUtYWE1Ny00NzA4LWExMzctMDBiYjQ2NjZiZWVjIiwidCI6ImJkMDNhNzM1LTJhYTMtNGNjYS05NzIyLTJhZTQ5MjlhYjNlYyIsImMiOjEwfQ%3D%3D&pageName=adfba30c52355c5b1631
Calayan,Cagayan,19.263465,121.477261,2019,philippine,Dry Season,Nov-Dec-Jan-Feb-Mar-Apr,1275.3,6,https://app.powerbi.com/view?r=eyJrIjoiOTJkN2U4MjUtYWE1Ny00NzA4LWExMzctMDBiYjQ2NjZiZWVjIiwidCI6ImJkMDNhNzM1LTJhYTMtNGNjYS05NzIyLTJhZTQ5MjlhYjNlYyIsImMiOjEwfQ%3D%3D&pageName=adfba30c52355c5b1631
Calayan,Cagayan,19.263465,121.477261,2019,philippine,Wet Season,May-Jun-Jul-Aug-Sep-Oct,1488.1,6,https://app.powerbi.com/view?r=eyJrIjoiOTJkN2U4MjUtYWE1Ny00NzA4LWExMzctMDBiYjQ2NjZiZWVjIiwidCI6ImJkMDNhNzM1LTJhYTMtNGNjYS05NzIyLTJhZTQ5MjlhYjNlYyIsImMiOjEwfQ%3D%3D&pageName=adfba30c52355c5b1631
Calayan,Cagayan,19.263465,121.477261,2020,climatological,DJF,Dec-Jan-Feb,661.4,3,https://app.powerbi.com/view?r=eyJrIjoiOTJkN2U4MjUtYWE1Ny00NzA4LWExMzctMDBiYjQ2NjZiZWVjIiwidCI6ImJkMDNhNzM1LTJhYTMtNGNjYS05NzIyLTJhZTQ5MjlhYjNlYyIsImMiOjEwfQ%3D%3D&pageName=adfba30c52355c5b1631
Calayan,Cagayan,19.263465,121.477261,2020,climatological,JJA,Jun-Jul-Aug,481.6,3,https://app.powerbi.com/view?r=eyJrIjoiOTJkN2U4MjUtYWE1Ny00NzA4LWExMzctMDBiYjQ2NjZiZWVjIiwidCI6ImJkMDNhNzM1LTJhYTMtNGNjYS05NzIyLTJhZTQ5MjlhYjNlYyIsImMiOjEwfQ%3D%3D&pageName=adfba30c52355c5b1631
Calayan,Cagayan,19.263465,121.477261,2020,climatological,MAM,Mar-Apr-May,208.6,3,https://app.powerbi.com/view?r=eyJrIjoiOTJkN2U4MjUtYWE1Ny00NzA4LWExMzctMDBiYjQ2NjZiZWVjIiwidCI6ImJkMDNhNzM1LTJhYTMtNGNjYS05NzIyLTJhZTQ5MjlhYjNlYyIsImMiOjEwfQ%3D%3D&pageName=adfba30c52355c5b1631
Calayan,Cagayan,19.263465,121.477261,2020,climatological,SON,Sep-Oct-Nov,1001.8,3,https://app.powerbi.com/view?r=eyJrIjoiOTJkN2U4MjUtYWE1Ny00NzA4LWExMzctMDBiYjQ2NjZiZWVjIiwidCI6ImJkMDNhNzM1LTJhYTMtNGNjYS05NzIyLTJhZTQ5MjlhYjNlYyIsImMiOjEwfQ%3D%3D&pageName=adfba30c52355c5b1631
Calayan,Cagayan,19.263465,121.477261,2020,philippine,Dry Season,Nov-Dec-Jan-Feb-Mar-Apr,1270.8,6,https://app.powerbi.com/view?r=eyJrIjoiOTJkN2U4MjUtYWE1Ny00NzA4LWExMzctMDBiYjQ2NjZiZWVjIiwidCI6ImJkMDNhNzM1LTJhYTMtNGNjYS05NzIyLTJhZTQ5MjlhYjNlYyIsImMiOjEwfQ%3D%3D&pageName=adfba30c52355c5b1631
Calayan,Cagayan,19.263465,121.477261,2020,philippine,Wet Season,May-Jun-Jul-Aug-Sep-Oct,1082.6,6,https://app.powerbi.com/view?r=eyJrIjoiOTJkN2U4MjUtYWE1Ny00NzA4LWExMzctMDBiYjQ2NjZiZWVjIiwidCI6ImJkMDNhNzM1LTJhYTMtNGNjYS05NzIyLTJhZTQ5MjlhYjNlYyIsImMiOjEwfQ%3D%3D&pageName=adfba30c52355c5b1631
Casiguran,Aurora,16.25,122.1667,1991,climatological,DJF,Dec-Jan-Feb,644.6,3,https://app.powerbi.com/view?r=eyJrIjoiOTJkN2U4MjUtYWE1Ny00NzA4LWExMzctMDBiYjQ2NjZiZWVjIiwidCI6ImJkMDNhNzM1LTJhYTMtNGNjYS05NzIyLTJhZTQ5MjlhYjNlYyIsImMiOjEwfQ%3D%3D&pageName=adfba30c52355c5b1631
Casiguran,Aurora,16.25,122.1667,1991,climatological,JJA,Jun-Jul-Aug,972.1,3,https://app.powerbi.com/view?r=eyJrIjoiOTJkN2U4MjUtYWE1Ny00NzA4LWExMzctMDBiYjQ2NjZiZWVjIiwidCI6ImJkMDNhNzM1LTJhYTMtNGNjYS05NzIyLTJhZTQ5MjlhYjNlYyIsImMiOjEwfQ%3D%3D&pageName=adfba30c52355c5b1631
Casiguran,Aurora,16.25,122.1667,1991,climatological,MAM,Mar-Apr-May,625.9,3,https://app.powerbi.com/view?r=eyJrIjoiOTJkN2U4MjUtYWE1Ny00NzA4LWExMzctMDBiYjQ2NjZiZWVjIiwidCI6ImJkMDNhNzM1LTJhYTMtNGNjYS05NzIyLTJhZTQ5MjlhYjNlYyIsImMiOjEwfQ%3D%3D&pageName=adfba30c52355c5b1631
Casiguran,Aurora,16.25,122.1667,1991,climatological,SON,Sep-Oct-Nov,892.2,3,https://app.powerbi.com/view?r=eyJrIjoiOTJkN2U4MjUtYWE1Ny00NzA4LWExMzctMDBiYjQ2NjZiZWVjIiwidCI6ImJkMDNhNzM1LTJhYTMtNGNjYS05NzIyLTJhZTQ5MjlhYjNlYyIsImMiOjEwfQ%3D%3D&pageName=adfba30c52355c5b1631
Casiguran,Aurora,16.25,122.1667,1991,philippine,Dry Season,Nov-Dec-Jan-Feb-Mar-Apr,1503.8,6,https://app.powerbi.com/view?r=eyJrIjoiOTJkN2U4MjUtYWE1Ny00NzA4LWExMzctMDBiYjQ2NjZiZWVjIiwidCI6ImJkMDNhNzM1LTJhYTMtNGNjYS05NzIyLTJhZTQ5MjlhYjNlYyIsImMiOjEwfQ%3D%3D&pageName=adfba30c52355c5b1631
Casiguran,Aurora,16.25,122.1667,1991,philippine,Wet Season,May-Jun-Jul-Aug-Sep-Oct,1631,6,https://app.powerbi.com/view?r=eyJrIjoiOTJkN2U4MjUtYWE1Ny00NzA4LWExMzctMDBiYjQ2NjZiZWVjIiwidCI6ImJkMDNhNzM1LTJhYTMtNGNjYS05NzIyLTJhZTQ5MjlhYjNlYyIsImMiOjEwfQ%3D%3D&pageName=adfba30c52355c5b1631
Casiguran,Aurora,16.25,122.1667,1992,climatological,DJF,Dec-Jan-Feb,719.4,3,https://app.powerbi.com/view?r=eyJrIjoiOTJkN2U4MjUtYWE1Ny00NzA4LWExMzctMDBiYjQ2NjZiZWVjIiwidCI6ImJkMDNhNzM1LTJhYTMtNGNjYS05NzIyLTJhZTQ5MjlhYjNlYyIsImMiOjEwfQ%3D%3D&pageName=adfba30c52355c5b1631
Casiguran,Aurora,16.25,122.1667,1992,climatological,JJA,Jun-Jul-Aug,682,3,https://app.powerbi.com/view?r=eyJrIjoiOTJkN2U4MjUtYWE1Ny00NzA4LWExMzctMDBiYjQ2NjZiZWVjIiwidCI6ImJkMDNhNzM1LTJhYTMtNGNjYS05NzIyLTJhZTQ5MjlhYjNlYyIsImMiOjEwfQ%3D%3D&pageName=adfba30c52355c5b1631
Casiguran,Aurora,16.25,122.1667,1992,climatological,MAM,Mar-Apr-May,227.5,3,https://app.powerbi.com/view?r=eyJrIjoiOTJkN2U4MjUtYWE1Ny00NzA4LWExMzctMDBiYjQ2NjZiZWVjIiwidCI6ImJkMDNhNzM1LTJhYTMtNGNjYS05NzIyLTJhZTQ5MjlhYjNlYyIsImMiOjEwfQ%3D%3D&pageName=adfba30c52355c5b1631
Casiguran,Aurora,16.25,122.1667,1992,climatological,SON,Sep-Oct-Nov,1137.7,3,https://app.powerbi.com/view?r=eyJrIjoiOTJkN2U4MjUtYWE1Ny00NzA4LWExMzctMDBiYjQ2NjZiZWVjIiwidCI6ImJkMDNhNzM1LTJhYTMtNGNjYS05NzIyLTJhZTQ5MjlhYjNlYyIsImMiOjEwfQ%3D%3D&pageName=adfba30c52355c5b1631
Casiguran,Aurora,16.25,122.1667,1992,philippine,Dry Season,Nov-Dec-Jan-Feb-Mar-Apr,1156.9,6,https://app.powerbi.com/view?r=eyJrIjoiOTJkN2U4MjUtYWE1Ny00NzA4LWExMzctMDBiYjQ2NjZiZWVjIiwidCI6ImJkMDNhNzM1LTJhYTMtNGNjYS05NzIyLTJhZTQ5MjlhYjNlYyIsImMiOjEwfQ%3D%3D&pageName=adfba30c52355c5b1631
Casiguran,Aurora,16.25,122.1667,1992,philippine,Wet Season,May-Jun-Jul-Aug-Sep-Oct,1609.7,6,https://app.powerbi.com/view?r=eyJrIjoiOTJkN2U4MjUtYWE1Ny00NzA4LWExMzctMDBiYjQ2NjZiZWVjIiwidCI6ImJkMDNhNzM1LTJhYTMtNGNjYS05NzIyLTJhZTQ5MjlhYjNlYyIsImMiOjEwfQ%3D%3D&pageName=adfba30c52355c5b1631
Casiguran,Aurora,16.25,122.1667,1993,climatological,DJF,Dec-Jan-Feb,1247,3,https://app.powerbi.com/view?r=eyJrIjoiOTJkN2U4MjUtYWE1Ny00NzA4LWExMzctMDBiYjQ2NjZiZWVjIiwidCI6ImJkMDNhNzM1LTJhYTMtNGNjYS05NzIyLTJhZTQ5MjlhYjNlYyIsImMiOjEwfQ%3D%3D&pageName=adfba30c52355c5b1631
Casiguran,Aurora,16.25,122.1667,1993,climatological,JJA,Jun-Jul-Aug,562,3,https://app.powerbi.com/view?r=eyJrIjoiOTJkN2U4MjUtYWE1Ny00NzA4LWExMzctMDBiYjQ2NjZiZWVjIiwidCI6ImJkMDNhNzM1LTJhYTMtNGNjYS05NzIyLTJhZTQ5MjlhYjNlYyIsImMiOjEwfQ%3D%3D&pageName=adfba30c52355c5b1631
Casiguran,Aurora,16.25,122.1667,1993,climatological,MAM,Mar-Apr-May,444.6,3,https://app.powerbi.com/view?r=eyJrIjoiOTJkN2U4MjUtYWE1Ny00NzA4LWExMzctMDBiYjQ2NjZiZWVjIiwidCI6ImJkMDNhNzM1LTJhYTMtNGNjYS05NzIyLTJhZTQ5MjlhYjNlYyIsImMiOjEwfQ%3D%3D&pageName=adfba30c52355c5b1631
Casiguran,Aurora,16.25,122.1667,1993,climatological,SON,Sep-Oct-Nov,1548.6,3,https://app.powerbi.com/view?r=eyJrIjoiOTJkN2U4MjUtYWE1Ny00NzA4LWExMzctMDBiYjQ2NjZiZWVjIiwidCI6ImJkMDNhNzM1LTJhYTMtNGNjYS05NzIyLTJhZTQ5MjlhYjNlYyIsImMiOjEwfQ%3D%3D&pageName=adfba30c52355c5b1631
Casiguran,Aurora,16.25,122.1667,1993,philippine,Dry Season,Nov-Dec-Jan-Feb-Mar-Apr,2089.1,6,https://app.powerbi.com/view?r=eyJrIjoiOTJkN2U4MjUtYWE1Ny00NzA4LWExMzctMDBiYjQ2NjZiZWVjIiwidCI6ImJkMDNhNzM1LTJhYTMtNGNjYS05NzIyLTJhZTQ5MjlhYjNlYyIsImMiOjEwfQ%3D%3D&pageName=adfba30c52355c5b1631
Casiguran,Aurora,16.25,122.1667,1993,philippine,Wet Season,May-Jun-Jul-Aug-Sep-Oct,1713.1,6,https://app.powerbi.com/view?r=eyJrIjoiOTJkN2U4MjUtYWE1Ny00NzA4LWExMzctMDBiYjQ2NjZiZWVjIiwidCI6ImJkMDNhNzM1LTJhYTMtNGNjYS05NzIyLTJhZTQ5MjlhYjNlYyIsImMiOjEwfQ%3D%3D&pageName=adfba30c52355c5b1631
Casiguran,Aurora,16.25,122.1667,1994,climatological,DJF,Dec-Jan-Feb,892.4,3,https://app.powerbi.com/view?r=eyJrIjoiOTJkN2U4MjUtYWE1Ny00NzA4LWExMzctMDBiYjQ2NjZiZWVjIiwidCI6ImJkMDNhNzM1LTJhYTMtNGNjYS05NzIyLTJhZTQ5MjlhYjNlYyIsImMiOjEwfQ%3D%3D&pageName=adfba30c52355c5b1631
Casiguran,Aurora,16.25,122.1667,1994,climatological,JJA,Jun-Jul-Aug,542.1,3,https://app.powerbi.com/view?r=eyJrIjoiOTJkN2U4MjUtYWE1Ny00NzA4LWExMzctMDBiYjQ2NjZiZWVjIiwidCI6ImJkMDNhNzM1LTJhYTMtNGNjYS05NzIyLTJhZTQ5MjlhYjNlYyIsImMiOjEwfQ%3D%3D&pageName=adfba30c52355c5b1631
Casiguran,Aurora,16.25,122.1667,1994,climatological,MAM,Mar-Apr-May,683.1,3,https://app.powerbi.com/view?r=eyJrIjoiOTJkN2U4MjUtYWE1Ny00NzA4LWExMzctMDBiYjQ2NjZiZWVjIiwidCI6ImJkMDNhNzM1LTJhYTMtNGNjYS05NzIyLTJhZTQ5MjlhYjNlYyIsImMiOjEwfQ%3D%3D&pageName=adfba30c52355c5b1631
Casiguran,Aurora,16.25,122.1667,1994,climatological,SON,Sep-Oct-Nov,1002.1,3,https://app.powerbi.com/view?r=eyJrIjoiOTJkN2U4MjUtYWE1Ny00NzA4LWExMzctMDBiYjQ2NjZiZWVjIiwidCI6ImJkMDNhNzM1LTJhYTMtNGNjYS05NzIyLTJhZTQ5MjlhYjNlYyIsImMiOjEwfQ%3D%3D&pageName=adfba30c52355c5b1631
Casiguran,Aurora,16.25,122.1667,1994,philippine,Dry Season,Nov-Dec-Jan-Feb-Mar-Apr,1627.5,6,https://app.powerbi.com/view?r=eyJrIjoiOTJkN2U4MjUtYWE1Ny00NzA4LWExMzctMDBiYjQ2NjZiZWVjIiwidCI6ImJkMDNhNzM1LTJhYTMtNGNjYS05NzIyLTJhZTQ5MjlhYjNlYyIsImMiOjEwfQ%3D%3D&pageName=adfba30c52355c5b1631
Casiguran,Aurora,16.25,122.1667,1994,philippine,Wet Season,May-Jun-Jul-Aug-Sep-Oct,1492.2,6,https://app.powerbi.com/view?r=eyJrIjoiOTJkN2U4MjUtYWE1Ny00NzA4LWExMzctMDBiYjQ2NjZiZWVjIiwidCI6ImJkMDNhNzM1LTJhYTMtNGNjYS05NzIyLTJhZTQ5MjlhYjNlYyIsImMiOjEwfQ%3D%3D&pageName=adfba30c52355c5b1631
Casiguran,Aurora,16.25,122.1667,1995,climatological,DJF,Dec-Jan-Feb,1790.5,3,https://app.powerbi.com/view?r=eyJrIjoiOTJkN2U4MjUtYWE1Ny00NzA4LWExMzctMDBiYjQ2NjZiZWVjIiwidCI6ImJkMDNhNzM1LTJhYTMtNGNjYS05NzIyLTJhZTQ5MjlhYjNlYyIsImMiOjEwfQ%3D%3D&pageName=adfba30c52355c5b1631
Casiguran,Aurora,16.25,122.1667,1995,climatological,JJA,Jun-Jul-Aug,828.4,3,https://app.powerbi.com/view?r=eyJrIjoiOTJkN2U4MjUtYWE1Ny00NzA4LWExMzctMDBiYjQ2NjZiZWVjIiwidCI6ImJkMDNhNzM1LTJhYTMtNGNjYS05NzIyLTJhZTQ5MjlhYjNlYyIsImMiOjEwfQ%3D%3D&pageName=adfba30c52355c5b1631
Casiguran,Aurora,16.25,122.1667,1995,climatological,MAM,Mar-Apr-May,451.4,3,https://app.powerbi.com/view?r=eyJrIjoiOTJkN2U4MjUtYWE1Ny00NzA4LWExMzctMDBiYjQ2NjZiZWVjIiwidCI6ImJkMDNhNzM1LTJhYTMtNGNjYS05NzIyLTJhZTQ5MjlhYjNlYyIsImMiOjEwfQ%3D%3D&pageName=adfba30c52355c5b1631
Casiguran,Aurora,16.25,122.1667,1995,climatological,SON,Sep-Oct-Nov,1643.4,3,https://app.powerbi.com/view?r=eyJrIjoiOTJkN2U4MjUtYWE1Ny00NzA4LWExMzctMDBiYjQ2NjZiZWVjIiwidCI6ImJkMDNhNzM1LTJhYTMtNGNjYS05NzIyLTJhZTQ5MjlhYjNlYyIsImMiOjEwfQ%3D%3D&pageName=adfba30c52355c5b1631
Casiguran,Aurora,16.25,122.1667,1995,philippine,Dry Season,Nov-Dec-Jan-Feb-Mar-Apr,2324.4,6,https://app.powerbi.com/view?r=eyJrIjoiOTJkN2U4MjUtYWE1Ny00NzA4LWExMzctMDBiYjQ2NjZiZWVjIiwidCI6ImJkMDNhNzM1LTJhYTMtNGNjYS05NzIyLTJhZTQ5MjlhYjNlYyIsImMiOjEwfQ%3D%3D&pageName=adfba30c52355c5b1631
Casiguran,Aurora,16.25,122.1667,1995,philippine,Wet Season,May-Jun-Jul-Aug-Sep-Oct,2389.3,6,https://app.powerbi.com/view?r=eyJrIjoiOTJkN2U4MjUtYWE1Ny00NzA4LWExMzctMDBiYjQ2NjZiZWVjIiwidCI6ImJkMDNhNzM1LTJhYTMtNGNjYS05NzIyLTJhZTQ5MjlhYjNlYyIsImMiOjEwfQ%3D%3D&pageName=adfba30c52355c5b1631
Casiguran,Aurora,16.25,122.1667,1996,climatological,DJF,Dec-Jan-Feb,732.2,3,https://app.powerbi.com/view?r=eyJrIjoiOTJkN2U4MjUtYWE1Ny00NzA4LWExMzctMDBiYjQ2NjZiZWVjIiwidCI6ImJkMDNhNzM1LTJhYTMtNGNjYS05NzIyLTJhZTQ5MjlhYjNlYyIsImMiOjEwfQ%3D%3D&pageName=adfba30c52355c5b1631
Casiguran,Aurora,16.25,122.1667,1996,climatological,JJA,Jun-Jul-Aug,745.7,3,https://app.powerbi.com/view?r=eyJrIjoiOTJkN2U4MjUtYWE1Ny00NzA4LWExMzctMDBiYjQ2NjZiZWVjIiwidCI6ImJkMDNhNzM1LTJhYTMtNGNjYS05NzIyLTJhZTQ5MjlhYjNlYyIsImMiOjEwfQ%3D%3D&pageName=adfba30c52355c5b1631
Casiguran,Aurora,16.25,122.1667,1996,climatological,MAM,Mar-Apr-May,701.4,3,https://app.powerbi.com/view?r=eyJrIjoiOTJkN2U4MjUtYWE1Ny00NzA4LWExMzctMDBiYjQ2NjZiZWVjIiwidCI6ImJkMDNhNzM1LTJhYTMtNGNjYS05NzIyLTJhZTQ5MjlhYjNlYyIsImMiOjEwfQ%3D%3D&pageName=adfba30c52355c5b1631
Casiguran,Aurora,16.25,122.1667,1996,climatological,SON,Sep-Oct-Nov,1783.9,3,https://app.powerbi.com/view?r=eyJrIjoiOTJkN2U4MjUtYWE1Ny00NzA4LWExMzctMDBiYjQ2NjZiZWVjIiwidCI6ImJkMDNhNzM1LTJhYTMtNGNjYS05NzIyLTJhZTQ5MjlhYjNlYyIsImMiOjEwfQ%3D%3D&pageName=adfba30c52355c5b1631
Casiguran,Aurora,16.25,122.1667,1996,philippine,Dry Season,Nov-Dec-Jan-Feb-Mar-Apr,2015.9,6,https://app.powerbi.com/view?r=eyJrIjoiOTJkN2U4MjUtYWE1Ny00NzA4LWExMzctMDBiYjQ2NjZiZWVjIiwidCI6ImJkMDNhNzM1LTJhYTMtNGNjYS05NzIyLTJhZTQ5MjlhYjNlYyIsImMiOjEwfQ%3D%3D&pageName=adfba30c52355c5b1631
Casiguran,Aurora,16.25,122.1667,1996,philippine,Wet Season,May-Jun-Jul-Aug-Sep-Oct,1947.3,6,https://app.powerbi.com/view?r=eyJrIjoiOTJkN2U4MjUtYWE1Ny00NzA4LWExMzctMDBiYjQ2NjZiZWVjIiwidCI6ImJkMDNhNzM1LTJhYTMtNGNjYS05NzIyLTJhZTQ5MjlhYjNlYyIsImMiOjEwfQ%3D%3D&pageName=adfba30c52355c5b1631
Casiguran,Aurora,16.25,122.1667,1997,climatological,DJF,Dec-Jan-Feb,652.3,3,https://app.powerbi.com/view?r=eyJrIjoiOTJkN2U4MjUtYWE1Ny00NzA4LWExMzctMDBiYjQ2NjZiZWVjIiwidCI6ImJkMDNhNzM1LTJhYTMtNGNjYS05NzIyLTJhZTQ5MjlhYjNlYyIsImMiOjEwfQ%3D%3D&pageName=adfba30c52355c5b1631
Casiguran,Aurora,16.25,122.1667,1997,climatological,JJA,Jun-Jul-Aug,775.5,3,https://app.powerbi.com/view?r=eyJrIjoiOTJkN2U4MjUtYWE1Ny00NzA4LWExMzctMDBiYjQ2NjZiZWVjIiwidCI6ImJkMDNhNzM1LTJhYTMtNGNjYS05NzIyLTJhZTQ5MjlhYjNlYyIsImMiOjEwfQ%3D%3D&pageName=adfba30c52355c5b1631
Casiguran,Aurora,16.25,122.1667,1997,climatological,MAM,Mar-Apr-May,318.7,3,https://app.powerbi.com/view?r=eyJrIjoiOTJkN2U4MjUtYWE1Ny00NzA4LWExMzctMDBiYjQ2NjZiZWVjIiwidCI6ImJkMDNhNzM1LTJhYTMtNGNjYS05NzIyLTJhZTQ5MjlhYjNlYyIsImMiOjEwfQ%3D%3D&pageName=adfba30c52355c5b1631
Casiguran,Aurora,16.25,122.1667,1997,climatological,SON,Sep-Oct-Nov,537.7,3,https://app.powerbi.com/view?r=eyJrIjoiOTJkN2U4MjUtYWE1Ny00NzA4LWExMzctMDBiYjQ2NjZiZWVjIiwidCI6ImJkMDNhNzM1LTJhYTMtNGNjYS05NzIyLTJhZTQ5MjlhYjNlYyIsImMiOjEwfQ%3D%3D&pageName=adfba30c52355c5b1631
Casiguran,Aurora,16.25,122.1667,1997,philippine,Dry Season,Nov-Dec-Jan-Feb-Mar-Apr,991.3,6,https://app.powerbi.com/view?r=eyJrIjoiOTJkN2U4MjUtYWE1Ny00NzA4LWExMzctMDBiYjQ2NjZiZWVjIiwidCI6ImJkMDNhNzM1LTJhYTMtNGNjYS05NzIyLTJhZTQ5MjlhYjNlYyIsImMiOjEwfQ%3D%3D&pageName=adfba30c52355c5b1631
Casiguran,Aurora,16.25,122.1667,1997,philippine,Wet Season,May-Jun-Jul-Aug-Sep-Oct,1292.9,6,https://app.powerbi.com/view?r=eyJrIjoiOTJkN2U4MjUtYWE1Ny00NzA4LWExMzctMDBiYjQ2NjZiZWVjIiwidCI6ImJkMDNhNzM1LTJhYTMtNGNjYS05NzIyLTJhZTQ5MjlhYjNlYyIsImMiOjEwfQ%3D%3D&pageName=adfba30c52355c5b1631
Casiguran,Aurora,16.25,122.1667,1998,climatological,DJF,Dec-Jan-Feb,1548.5,3,https://app.powerbi.com/view?r=eyJrIjoiOTJkN2U4MjUtYWE1Ny00NzA4LWExMzctMDBiYjQ2NjZiZWVjIiwidCI6ImJkMDNhNzM1LTJhYTMtNGNjYS05NzIyLTJhZTQ5MjlhYjNlYyIsImMiOjEwfQ%3D%3D&pageName=adfba30c52355c5b1631
Casiguran,Aurora,16.25,122.1667,1998,climatological,JJA,Jun-Jul-Aug,725.6,3,https://app.powerbi.com/view?r=eyJrIjoiOTJkN2U4MjUtYWE1Ny00NzA4LWExMzctMDBiYjQ2NjZiZWVjIiwidCI6ImJkMDNhNzM1LTJhYTMtNGNjYS05NzIyLTJhZTQ5MjlhYjNlYyIsImMiOjEwfQ%3D%3D&pageName=adfba30c52355c5b1631
Casiguran,Aurora,16.25,122.1667,1998,climatological,MAM,Mar-Apr-May,665.2,3,https://app.powerbi.com/view?r=eyJrIjoiOTJkN2U4MjUtYWE1Ny00NzA4LWExMzctMDBiYjQ2NjZiZWVjIiwidCI6ImJkMDNhNzM1LTJhYTMtNGNjYS05NzIyLTJhZTQ5MjlhYjNlYyIsImMiOjEwfQ%3D%3D&pageName=adfba30c52355c5b1631
Casiguran,Aurora,16.25,122.1667,1998,climatological,SON,Sep-Oct-Nov,1362.7,3,https://app.powerbi.com/view?r=eyJrIjoiOTJkN2U4MjUtYWE1Ny00NzA4LWExMzctMDBiYjQ2NjZiZWVjIiwidCI6ImJkMDNhNzM1LTJhYTMtNGNjYS05NzIyLTJhZTQ5MjlhYjNlYyIsImMiOjEwfQ%3D%3D&pageName=adfba30c52355c5b1631
Casiguran,Aurora,16.25,122.1667,1998,philippine,Dry Season,Nov-Dec-Jan-Feb-Mar-Apr,2393.9,6,https://app.powerbi.com/view?r=eyJrIjoiOTJkN2U4MjUtYWE1Ny00NzA4LWExMzctMDBiYjQ2NjZiZWVjIiwidCI6ImJkMDNhNzM1LTJhYTMtNGNjYS05NzIyLTJhZTQ5MjlhYjNlYyIsImMiOjEwfQ%3D%3D&pageName=adfba30c52355c5b1631
Casiguran,Aurora,16.25,122.1667,1998,philippine,Wet Season,May-Jun-Jul-Aug-Sep-Oct,1908.1,6,https://app.powerbi.com/view?r=eyJrIjoiOTJkN2U4MjUtYWE1Ny00NzA4LWExMzctMDBiYjQ2NjZiZWVjIiwidCI6ImJkMDNhNzM1LTJhYTMtNGNjYS05NzIyLTJhZTQ5MjlhYjNlYyIsImMiOjEwfQ%3D%3D&pageName=adfba30c52355c5b1631
Casiguran,Aurora,16.25,122.1667,1999,climatological,DJF,Dec-Jan-Feb,1870.6,3,https://app.powerbi.com/view?r=eyJrIjoiOTJkN2U4MjUtYWE1Ny00NzA4LWExMzctMDBiYjQ2NjZiZWVjIiwidCI6ImJkMDNhNzM1LTJhYTMtNGNjYS05NzIyLTJhZTQ5MjlhYjNlYyIsImMiOjEwfQ%3D%3D&pageName=adfba30c52355c5b1631
Casiguran,Aurora,16.25,122.1667,1999,climatological,JJA,Jun-Jul-Aug,593,3,https://app.powerbi.com/view?r=eyJrIjoiOTJkN2U4MjUtYWE1Ny00NzA4LWExMzctMDBiYjQ2NjZiZWVjIiwidCI6ImJkMDNhNzM1LTJhYTMtNGNjYS05NzIyLTJhZTQ5MjlhYjNlYyIsImMiOjEwfQ%3D%3D&pageName=adfba30c52355c5b1631
Casiguran,Aurora,16.25,122.1667,1999,climatological,MAM,Mar-Apr-May,1396.8,3,https://app.powerbi.com/view?r=eyJrIjoiOTJkN2U4MjUtYWE1Ny00NzA4LWExMzctMDBiYjQ2NjZiZWVjIiwidCI6ImJkMDNhNzM1LTJhYTMtNGNjYS05NzIyLTJhZTQ5MjlhYjNlYyIsImMiOjEwfQ%3D%3D&pageName=adfba30c52355c5b1631
Casiguran,Aurora,16.25,122.1667,1999,climatological,SON,Sep-Oct-Nov,1711.9,3,https://app.powerbi.com/view?r=eyJrIjoiOTJkN2U4MjUtYWE1Ny00NzA4LWExMzctMDBiYjQ2NjZiZWVjIiwidCI6ImJkMDNhNzM1LTJhYTMtNGNjYS05NzIyLTJhZTQ5MjlhYjNlYyIsImMiOjEwfQ%3D%3D&pageName=adfba30c52355c5b1631
Casiguran,Aurora,16.25,122.1667,1999,philippine,Dry Season,Nov-Dec-Jan-Feb-Mar-Apr,4044.7,6,https://app.powerbi.com/view?r=eyJrIjoiOTJkN2U4MjUtYWE1Ny00NzA4LWExMzctMDBiYjQ2NjZiZWVjIiwidCI6ImJkMDNhNzM1LTJhYTMtNGNjYS05NzIyLTJhZTQ5MjlhYjNlYyIsImMiOjEwfQ%3D%3D&pageName=adfba30c52355c5b1631
Casiguran,Aurora,16.25,122.1667,1999,philippine,Wet Season,May-Jun-Jul-Aug-Sep-Oct,1527.6,6,https://app.powerbi.com/view?r=eyJrIjoiOTJkN2U4MjUtYWE1Ny00NzA4LWExMzctMDBiYjQ2NjZiZWVjIiwidCI6ImJkMDNhNzM1LTJhYTMtNGNjYS05NzIyLTJhZTQ5MjlhYjNlYyIsImMiOjEwfQ%3D%3D&pageName=adfba30c52355c5b1631
Casiguran,Aurora,16.25,122.1667,2000,climatological,DJF,Dec-Jan-Feb,2323.9,3,https://app.powerbi.com/view?r=eyJrIjoiOTJkN2U4MjUtYWE1Ny00NzA4LWExMzctMDBiYjQ2NjZiZWVjIiwidCI6ImJkMDNhNzM1LTJhYTMtNGNjYS05NzIyLTJhZTQ5MjlhYjNlYyIsImMiOjEwfQ%3D%3D&pageName=adfba30c52355c5b1631
Casiguran,Aurora,16.25,122.1667,2000,climatological,JJA,Jun-Jul-Aug,634,3,https://app.powerbi.com/view?r=eyJrIjoiOTJkN2U4MjUtYWE1Ny00NzA4LWExMzctMDBiYjQ2NjZiZWVjIiwidCI6ImJkMDNhNzM1LTJhYTMtNGNjYS05NzIyLTJhZTQ5MjlhYjNlYyIsImMiOjEwfQ%3D%3D&pageName=adfba30c52355c5b1631
Casiguran,Aurora,16.25,122.1667,2000,climatological,MAM,Mar-Apr-May,719.8,3,https://app.powerbi.com/view?r=eyJrIjoiOTJkN2U4MjUtYWE1Ny00NzA4LWExMzctMDBiYjQ2NjZiZWVjIiwidCI6ImJkMDNhNzM1LTJhYTMtNGNjYS05NzIyLTJhZTQ5MjlhYjNlYyIsImMiOjEwfQ%3D%3D&pageName=adfba30c52355c5b1631
Casiguran,Aurora,16.25,122.1667,2000,climatological,SON,Sep-Oct-Nov,2062.1,3,https://app.powerbi.com/view?r=eyJrIjoiOTJkN2U4MjUtYWE1Ny00NzA4LWExMzctMDBiYjQ2NjZiZWVjIiwidCI6ImJkMDNhNzM1LTJhYTMtNGNjYS05NzIyLTJhZTQ5MjlhYjNlYyIsImMiOjEwfQ%3D%3D&pageName=adfba30c52355c5b1631
Casiguran,Aurora,16.25,122.1667,2000,philippine,Dry Season,Nov-Dec-Jan-Feb-Mar-Apr,3867.3,6,https://app.powerbi.com/view?r=eyJrIjoiOTJkN2U4MjUtYWE1Ny00NzA4LWExMzctMDBiYjQ2NjZiZWVjIiwidCI6ImJkMDNhNzM1LTJhYTMtNGNjYS05NzIyLTJhZTQ5MjlhYjNlYyIsImMiOjEwfQ%3D%3D&pageName=adfba30c52355c5b1631
Casiguran,Aurora,16.25,122.1667,2000,philippine,Wet Season,May-Jun-Jul-Aug-Sep-Oct,1872.5,6,https://app.powerbi.com/view?r=eyJrIjoiOTJkN2U4MjUtYWE1Ny00NzA4LWExMzctMDBiYjQ2NjZiZWVjIiwidCI6ImJkMDNhNzM1LTJhYTMtNGNjYS05NzIyLTJhZTQ5MjlhYjNlYyIsImMiOjEwfQ%3D%3D&pageName=adfba30c52355c5b1631
Casiguran,Aurora,16.25,122.1667,2001,climatological,DJF,Dec-Jan-Feb,1505.3,3,https://app.powerbi.com/view?r=eyJrIjoiOTJkN2U4MjUtYWE1Ny00NzA4LWExMzctMDBiYjQ2NjZiZWVjIiwidCI6ImJkMDNhNzM1LTJhYTMtNGNjYS05NzIyLTJhZTQ5MjlhYjNlYyIsImMiOjEwfQ%3D%3D&pageName=adfba30c52355c5b1631
Casiguran,Aurora,16.25,122.1667,2001,climatological,JJA,Jun-Jul-Aug,808,3,https://app.powerbi.com/view?r=eyJrIjoiOTJkN2U4MjUtYWE1Ny00NzA4LWExMzctMDBiYjQ2NjZiZWVjIiwidCI6ImJkMDNhNzM1LTJhYTMtNGNjYS05NzIyLTJhZTQ5MjlhYjNlYyIsImMiOjEwfQ%3D%3D&pageName=adfba30c52355c5b1631
Casiguran,Aurora,16.25,122.1667,2001,climatological,MAM,Mar-Apr-May,1031.8,3,https://app.powerbi.com/view?r=eyJrIjoiOTJkN2U4MjUtYWE1Ny00NzA4LWExMzctMDBiYjQ2NjZiZWVjIiwidCI6ImJkMDNhNzM1LTJhYTMtNGNjYS05NzIyLTJhZTQ5MjlhYjNlYyIsImMiOjEwfQ%3D%3D&pageName=adfba30c52355c5b1631
Casiguran,Aurora,16.25,122.1667,2001,climatological,SON,Sep-Oct-Nov,835.4,3,https://app.powerbi.com/view?r=eyJrIjoiOTJkN2U4MjUtYWE1Ny00NzA4LWExMzctMDBiYjQ2NjZiZWVjIiwidCI6ImJkMDNhNzM1LTJhYTMtNGNjYS05NzIyLTJhZTQ5MjlhYjNlYyIsImMiOjEwfQ%3D%3D&pageName=adfba30c52355c5b1631
Casiguran,Aurora,16.25,122.1667,2001,philippine,Dry Season,Nov-Dec-Jan-Feb-Mar-Apr,2481.4,6,https://app.powerbi.com/view?r=eyJrIjoiOTJkN2U4MjUtYWE1Ny00NzA4LWExMzctMDBiYjQ2NjZiZWVjIiwidCI6ImJkMDNhNzM1LTJhYTMtNGNjYS05NzIyLTJhZTQ5MjlhYjNlYyIsImMiOjEwfQ%3D%3D&pageName=adfba30c52355c5b1631
Casiguran,Aurora,16.25,122.1667,2001,philippine,Wet Season,May-Jun-Jul-Aug-Sep-Oct,1699.1,6,https://app.powerbi.com/view?r=eyJrIjoiOTJkN2U4MjUtYWE1Ny00NzA4LWExMzctMDBiYjQ2NjZiZWVjIiwidCI6ImJkMDNhNzM1LTJhYTMtNGNjYS05NzIyLTJhZTQ5MjlhYjNlYyIsImMiOjEwfQ%3D%3D&pageName=adfba30c52355c5b1631
Casiguran,Aurora,16.25,122.1667,2002,climatological,DJF,Dec-Jan-Feb,687.7,3,https://app.powerbi.com/view?r=eyJrIjoiOTJkN2U4MjUtYWE1Ny00NzA4LWExMzctMDBiYjQ2NjZiZWVjIiwidCI6ImJkMDNhNzM1LTJhYTMtNGNjYS05NzIyLTJhZTQ5MjlhYjNlYyIsImMiOjEwfQ%3D%3D&pageName=adfba30c52355c5b1631
Casiguran,Aurora,16.25,122.1667,2002,climatological,JJA,Jun-Jul-Aug,560.8,3,https://app.powerbi.com/view?r=eyJrIjoiOTJkN2U4MjUtYWE1Ny00NzA4LWExMzctMDBiYjQ2NjZiZWVjIiwidCI6ImJkMDNhNzM1LTJhYTMtNGNjYS05NzIyLTJhZTQ5MjlhYjNlYyIsImMiOjEwfQ%3D%3D&pageName=adfba30c52355c5b1631
Casiguran,Aurora,16.25,122.1667,2002,climatological,MAM,Mar-Apr-May,443.7,3,https://app.powerbi.com/view?r=eyJrIjoiOTJkN2U4MjUtYWE1Ny00NzA4LWExMzctMDBiYjQ2NjZiZWVjIiwidCI6ImJkMDNhNzM1LTJhYTMtNGNjYS05NzIyLTJhZTQ5MjlhYjNlYyIsImMiOjEwfQ%3D%3D&pageName=adfba30c52355c5b1631
Casiguran,Aurora,16.25,122.1667,2002,climatological,SON,Sep-Oct-Nov,1688.9,3,https://app.powerbi.com/view?r=eyJrIjoiOTJkN2U4MjUtYWE1Ny00NzA4LWExMzctMDBiYjQ2NjZiZWVjIiwidCI6ImJkMDNhNzM1LTJhYTMtNGNjYS05NzIyLTJhZTQ5MjlhYjNlYyIsImMiOjEwfQ%3D%3D&pageName=adfba30c52355c5b1631
Casiguran,Aurora,16.25,122.1667,2002,philippine,Dry Season,Nov-Dec-Jan-Feb-Mar-Apr,2014.8,6,https://app.powerbi.com/view?r=eyJrIjoiOTJkN2U4MjUtYWE1Ny00NzA4LWExMzctMDBiYjQ2NjZiZWVjIiwidCI6ImJkMDNhNzM1LTJhYTMtNGNjYS05NzIyLTJhZTQ5MjlhYjNlYyIsImMiOjEwfQ%3D%3D&pageName=adfba30c52355c5b1631
Casiguran,Aurora,16.25,122.1667,2002,philippine,Wet Season,May-Jun-Jul-Aug-Sep-Oct,1366.3,6,https://app.powerbi.com/view?r=eyJrIjoiOTJkN2U4MjUtYWE1Ny00NzA4LWExMzctMDBiYjQ2NjZiZWVjIiwidCI6ImJkMDNhNzM1LTJhYTMtNGNjYS05NzIyLTJhZTQ5MjlhYjNlYyIsImMiOjEwfQ%3D%3D&pageName=adfba30c52355c5b1631
Casiguran,Aurora,16.25,122.1667,2003,climatological,DJF,Dec-Jan-Feb,701.5,3,https://app.powerbi.com/view?r=eyJrIjoiOTJkN2U4MjUtYWE1Ny00NzA4LWExMzctMDBiYjQ2NjZiZWVjIiwidCI6ImJkMDNhNzM1LTJhYTMtNGNjYS05NzIyLTJhZTQ5MjlhYjNlYyIsImMiOjEwfQ%3D%3D&pageName=adfba30c52355c5b1631
Casiguran,Aurora,16.25,122.1667,2003,climatological,JJA,Jun-Jul-Aug,868.4,3,https://app.powerbi.com/view?r=eyJrIjoiOTJkN2U4MjUtYWE1Ny00NzA4LWExMzctMDBiYjQ2NjZiZWVjIiwidCI6ImJkMDNhNzM1LTJhYTMtNGNjYS05NzIyLTJhZTQ5MjlhYjNlYyIsImMiOjEwfQ%3D%3D&pageName=adfba30c52355c5b1631
Casiguran,Aurora,16.25,122.1667,2003,climatological,MAM,Mar-Apr-May,696.2,3,https://app.powerbi.com/view?r=eyJrIjoiOTJkN2U4MjUtYWE1Ny00NzA4LWExMzctMDBiYjQ2NjZiZWVjIiwidCI6ImJkMDNhNzM1LTJhYTMtNGNjYS05NzIyLTJhZTQ5MjlhYjNlYyIsImMiOjEwfQ%3D%3D&pageName=adfba30c52355c5b1631
Casiguran,Aurora,16.25,122.1667,2003,climatological,SON,Sep-Oct-Nov,976.4,3,https://app.powerbi.com/view?r=eyJrIjoiOTJkN2U4MjUtYWE1Ny00NzA4LWExMzctMDBiYjQ2NjZiZWVjIiwidCI6ImJkMDNhNzM1LTJhYTMtNGNjYS05NzIyLTJhZTQ5MjlhYjNlYyIsImMiOjEwfQ%3D%3D&pageName=adfba30c52355c5b1631
Casiguran,Aurora,16.25,122.1667,2003,philippine,Dry Season,Nov-Dec-Jan-Feb-Mar-Apr,1473.1,6,https://app.powerbi.com/view?r=eyJrIjoiOTJkN2U4MjUtYWE1Ny00NzA4LWExMzctMDBiYjQ2NjZiZWVjIiwidCI6ImJkMDNhNzM1LTJhYTMtNGNjYS05NzIyLTJhZTQ5MjlhYjNlYyIsImMiOjEwfQ%3D%3D&pageName=adfba30c52355c5b1631
Casiguran,Aurora,16.25,122.1667,2003,philippine,Wet Season,May-Jun-Jul-Aug-Sep-Oct,1769.4,6,https://app.powerbi.com/view?r=eyJrIjoiOTJkN2U4MjUtYWE1Ny00NzA4LWExMzctMDBiYjQ2NjZiZWVjIiwidCI6ImJkMDNhNzM1LTJhYTMtNGNjYS05NzIyLTJhZTQ5MjlhYjNlYyIsImMiOjEwfQ%3D%3D&pageName=adfba30c52355c5b1631
Casiguran,Aurora,16.25,122.1667,2004,climatological,DJF,Dec-Jan-Feb,703.9,3,https://app.powerbi.com/view?r=eyJrIjoiOTJkN2U4MjUtYWE1Ny00NzA4LWExMzctMDBiYjQ2NjZiZWVjIiwidCI6ImJkMDNhNzM1LTJhYTMtNGNjYS05NzIyLTJhZTQ5MjlhYjNlYyIsImMiOjEwfQ%3D%3D&pageName=adfba30c52355c5b1631
Casiguran,Aurora,16.25,122.1667,2004,climatological,JJA,Jun-Jul-Aug,846.6,3,https://app.powerbi.com/view?r=eyJrIjoiOTJkN2U4MjUtYWE1Ny00NzA4LWExMzctMDBiYjQ2NjZiZWVjIiwidCI6ImJkMDNhNzM1LTJhYTMtNGNjYS05NzIyLTJhZTQ5MjlhYjNlYyIsImMiOjEwfQ%3D%3D&pageName=adfba30c52355c5b1631
Casiguran,Aurora,16.25,122.1667,2004,climatological,MAM,Mar-Apr-May,356.8,3,https://app.powerbi.com/view?r=eyJrIjoiOTJkN2U4MjUtYWE1Ny00NzA4LWExMzctMDBiYjQ2NjZiZWVjIiwidCI6ImJkMDNhNzM1LTJhYTMtNGNjYS05NzIyLTJhZTQ5MjlhYjNlYyIsImMiOjEwfQ%3D%3D&pageName=adfba30c52355c5b1631
Casiguran,Aurora,16.25,122.1667,2004,climatological,SON,Sep-Oct-Nov,1139.2,3,https://app.powerbi.com/view?r=eyJrIjoiOTJkN2U4MjUtYWE1Ny00NzA4LWExMzctMDBiYjQ2NjZiZWVjIiwidCI6ImJkMDNhNzM1LTJhYTMtNGNjYS05NzIyLTJhZTQ5MjlhYjNlYyIsImMiOjEwfQ%3D%3D&pageName=adfba30c52355c5b1631
Casiguran,Aurora,16.25,122.1667,2004,philippine,Dry Season,Nov-Dec-Jan-Feb-Mar-Apr,1604.3,6,https://app.powerbi.com/view?r=eyJrIjoiOTJkN2U4MjUtYWE1Ny00NzA4LWExMzctMDBiYjQ2NjZiZWVjIiwidCI6ImJkMDNhNzM1LTJhYTMtNGNjYS05NzIyLTJhZTQ5MjlhYjNlYyIsImMiOjEwfQ%3D%3D&pageName=adfba30c52355c5b1631
Casiguran,Aurora,16.25,122.1667,2004,philippine,Wet Season,May-Jun-Jul-Aug-Sep-Oct,1442.2,6,https://app.powerbi.com/view?r=eyJrIjoiOTJkN2U4MjUtYWE1Ny00NzA4LWExMzctMDBiYjQ2NjZiZWVjIiwidCI6ImJkMDNhNzM1LTJhYTMtNGNjYS05NzIyLTJhZTQ5MjlhYjNlYyIsImMiOjEwfQ%3D%3D&pageName=adfba30c52355c5b1631
Casiguran,Aurora,16.25,122.1667,2005,climatological,DJF,Dec-Jan-Feb,1415.3,3,https://app.powerbi.com/view?r=eyJrIjoiOTJkN2U4MjUtYWE1Ny00NzA4LWExMzctMDBiYjQ2NjZiZWVjIiwidCI6ImJkMDNhNzM1LTJhYTMtNGNjYS05NzIyLTJhZTQ5MjlhYjNlYyIsImMiOjEwfQ%3D%3D&pageName=adfba30c52355c5b1631
Casiguran,Aurora,16.25,122.1667,2005,climatological,JJA,Jun-Jul-Aug,807.6,3,https://app.powerbi.com/view?r=eyJrIjoiOTJkN2U4MjUtYWE1Ny00NzA4LWExMzctMDBiYjQ2NjZiZWVjIiwidCI6ImJkMDNhNzM1LTJhYTMtNGNjYS05NzIyLTJhZTQ5MjlhYjNlYyIsImMiOjEwfQ%3D%3D&pageName=adfba30c52355c5b1631
Casiguran,Aurora,16.25,122.1667,2005,climatological,MAM,Mar-Apr-May,669.2,3,https://app.powerbi.com/view?r=eyJrIjoiOTJkN2U4MjUtYWE1Ny00NzA4LWExMzctMDBiYjQ2NjZiZWVjIiwidCI6ImJkMDNhNzM1LTJhYTMtNGNjYS05NzIyLTJhZTQ5MjlhYjNlYyIsImMiOjEwfQ%3D%3D&pageName=adfba30c52355c5b1631
Casiguran,Aurora,16.25,122.1667,2005,climatological,SON,Sep-Oct-Nov,1824.3,3,https://app.powerbi.com/view?r=eyJrIjoiOTJkN2U4MjUtYWE1Ny00NzA4LWExMzctMDBiYjQ2NjZiZWVjIiwidCI6ImJkMDNhNzM1LTJhYTMtNGNjYS05NzIyLTJhZTQ5MjlhYjNlYyIsImMiOjEwfQ%3D%3D&pageName=adfba30c52355c5b1631
Casiguran,Aurora,16.25,122.1667,2005,philippine,Dry Season,Nov-Dec-Jan-Feb-Mar-Apr,2804,6,https://app.powerbi.com/view?r=eyJrIjoiOTJkN2U4MjUtYWE1Ny00NzA4LWExMzctMDBiYjQ2NjZiZWVjIiwidCI6ImJkMDNhNzM1LTJhYTMtNGNjYS05NzIyLTJhZTQ5MjlhYjNlYyIsImMiOjEwfQ%3D%3D&pageName=adfba30c52355c5b1631
Casiguran,Aurora,16.25,122.1667,2005,philippine,Wet Season,May-Jun-Jul-Aug-Sep-Oct,1912.4,6,https://app.powerbi.com/view?r=eyJrIjoiOTJkN2U4MjUtYWE1Ny00NzA4LWExMzctMDBiYjQ2NjZiZWVjIiwidCI6ImJkMDNhNzM1LTJhYTMtNGNjYS05NzIyLTJhZTQ5MjlhYjNlYyIsImMiOjEwfQ%3D%3D&pageName=adfba30c52355c5b1631
Casiguran,Aurora,16.25,122.1667,2006,climatological,DJF,Dec-Jan-Feb,1343.4,3,https://app.powerbi.com/view?r=eyJrIjoiOTJkN2U4MjUtYWE1Ny00NzA4LWExMzctMDBiYjQ2NjZiZWVjIiwidCI6ImJkMDNhNzM1LTJhYTMtNGNjYS05NzIyLTJhZTQ5MjlhYjNlYyIsImMiOjEwfQ%3D%3D&pageName=adfba30c52355c5b1631
Casiguran,Aurora,16.25,122.1667,2006,climatological,JJA,Jun-Jul-Aug,960.7,3,https://app.powerbi.com/view?r=eyJrIjoiOTJkN2U4MjUtYWE1Ny00NzA4LWExMzctMDBiYjQ2NjZiZWVjIiwidCI6ImJkMDNhNzM1LTJhYTMtNGNjYS05NzIyLTJhZTQ5MjlhYjNlYyIsImMiOjEwfQ%3D%3D&pageName=adfba30c52355c5b1631
Casiguran,Aurora,16.25,122.1667,2006,climatological,MAM,Mar-Apr-May,1068.2,3,https://app.powerbi.com/view?r=eyJrIjoiOTJkN2U4MjUtYWE1Ny00NzA4LWExMzctMDBiYjQ2NjZiZWVjIiwidCI6ImJkMDNhNzM1LTJhYTMtNGNjYS05NzIyLTJhZTQ5MjlhYjNlYyIsImMiOjEwfQ%3D%3D&pageName=adfba30c52355c5b1631
Casiguran,Aurora,16.25,122.1667,2006,climatological,SON,Sep-Oct-Nov,1604.1,3,https://app.powerbi.com/view?r=eyJrIjoiOTJkN2U4MjUtYWE1Ny00NzA4LWExMzctMDBiYjQ2NjZiZWVjIiwidCI6ImJkMDNhNzM1LTJhYTMtNGNjYS05NzIyLTJhZTQ5MjlhYjNlYyIsImMiOjEwfQ%3D%3D&pageName=adfba30c52355c5b1631
Casiguran,Aurora,16.25,122.1667,2006,philippine,Dry Season,Nov-Dec-Jan-Feb-Mar-Apr,2654,6,https://app.powerbi.com/view?r=eyJrIjoiOTJkN2U4MjUtYWE1Ny00NzA4LWExMzctMDBiYjQ2NjZiZWVjIiwidCI6ImJkMDNhNzM1LTJhYTMtNGNjYS05NzIyLTJhZTQ5MjlhYjNlYyIsImMiOjEwfQ%3D%3D&pageName=adfba30c52355c5b1631
Casiguran,Aurora,16.25,122.1667,2006,philippine,Wet Season,May-Jun-Jul-Aug-Sep-Oct,2322.4,6,https://app.powerbi.com/view?r=eyJrIjoiOTJkN2U4MjUtYWE1Ny00NzA4LWExMzctMDBiYjQ2NjZiZWVjIiwidCI6ImJkMDNhNzM1LTJhYTMtNGNjYS05NzIyLTJhZTQ5MjlhYjNlYyIsImMiOjEwfQ%3D%3D&pageName=adfba30c52355c5b1631
Casiguran,Aurora,16.25,122.1667,2007,climatological,DJF,Dec-Jan-Feb,850.8,3,https://app.powerbi.com/view?r=eyJrIjoiOTJkN2U4MjUtYWE1Ny00NzA4LWExMzctMDBiYjQ2NjZiZWVjIiwidCI6ImJkMDNhNzM1LTJhYTMtNGNjYS05NzIyLTJhZTQ5MjlhYjNlYyIsImMiOjEwfQ%3D%3D&pageName=adfba30c52355c5b1631
Casiguran,Aurora,16.25,122.1667,2007,climatological,JJA,Jun-Jul-Aug,715.6,3,https://app.powerbi.com/view?r=eyJrIjoiOTJkN2U4MjUtYWE1Ny00NzA4LWExMzctMDBiYjQ2NjZiZWVjIiwidCI6ImJkMDNhNzM1LTJhYTMtNGNjYS05NzIyLTJhZTQ5MjlhYjNlYyIsImMiOjEwfQ%3D%3D&pageName=adfba30c52355c5b1631
Casiguran,Aurora,16.25,122.1667,2007,climatological,MAM,Mar-Apr-May,598.4,3,https://app.powerbi.com/view?r=eyJrIjoiOTJkN2U4MjUtYWE1Ny00NzA4LWExMzctMDBiYjQ2NjZiZWVjIiwidCI6ImJkMDNhNzM1LTJhYTMtNGNjYS05NzIyLTJhZTQ5MjlhYjNlYyIsImMiOjEwfQ%3D%3D&pageName=adfba30c52355c5b1631
Casiguran,Aurora,16.25,122.1667,2007,climatological,SON,Sep-Oct-Nov,1354.6,3,https://app.powerbi.com/view?r=eyJrIjoiOTJkN2U4MjUtYWE1Ny00NzA4LWExMzctMDBiYjQ2NjZiZWVjIiwidCI6ImJkMDNhNzM1LTJhYTMtNGNjYS05NzIyLTJhZTQ5MjlhYjNlYyIsImMiOjEwfQ%3D%3D&pageName=adfba30c52355c5b1631
Casiguran,Aurora,16.25,122.1667,2007,philippine,Dry Season,Nov-Dec-Jan-Feb-Mar-Apr,1895.1,6,https://app.powerbi.com/view?r=eyJrIjoiOTJkN2U4MjUtYWE1Ny00NzA4LWExMzctMDBiYjQ2NjZiZWVjIiwidCI6ImJkMDNhNzM1LTJhYTMtNGNjYS05NzIyLTJhZTQ5MjlhYjNlYyIsImMiOjEwfQ%3D%3D&pageName=adfba30c52355c5b1631
Casiguran,Aurora,16.25,122.1667,2007,philippine,Wet Season,May-Jun-Jul-Aug-Sep-Oct,1624.3,6,https://app.powerbi.com/view?r=eyJrIjoiOTJkN2U4MjUtYWE1Ny00NzA4LWExMzctMDBiYjQ2NjZiZWVjIiwidCI6ImJkMDNhNzM1LTJhYTMtNGNjYS05NzIyLTJhZTQ5MjlhYjNlYyIsImMiOjEwfQ%3D%3D&pageName=adfba30c52355c5b1631
Casiguran,Aurora,16.25,122.1667,2008,climatological,DJF,Dec-Jan-Feb,1155.9,3,https://app.powerbi.com/view?r=eyJrIjoiOTJkN2U4MjUtYWE1Ny00NzA4LWExMzctMDBiYjQ2NjZiZWVjIiwidCI6ImJkMDNhNzM1LTJhYTMtNGNjYS05NzIyLTJhZTQ5MjlhYjNlYyIsImMiOjEwfQ%3D%3D&pageName=adfba30c52355c5b1631
Casiguran,Aurora,16.25,122.1667,2008,climatological,JJA,Jun-Jul-Aug,595.9,3,https://app.powerbi.com/view?r=eyJrIjoiOTJkN2U4MjUtYWE1Ny00NzA4LWExMzctMDBiYjQ2NjZiZWVjIiwidCI6ImJkMDNhNzM1LTJhYTMtNGNjYS05NzIyLTJhZTQ5MjlhYjNlYyIsImMiOjEwfQ%3D%3D&pageName=adfba30c52355c5b1631
Casiguran,Aurora,16.25,122.1667,2008,climatological,MAM,Mar-Apr-May,680,3,https://app.powerbi.com/view?r=eyJrIjoiOTJkN2U4MjUtYWE1Ny00NzA4LWExMzctMDBiYjQ2NjZiZWVjIiwidCI6ImJkMDNhNzM1LTJhYTMtNGNjYS05NzIyLTJhZTQ5MjlhYjNlYyIsImMiOjEwfQ%3D%3D&pageName=adfba30c52355c5b1631
Casiguran,Aurora,16.25,122.1667,2008,climatological,SON,Sep-Oct-Nov,2395.6,3,https://app.powerbi.com/view?r=eyJrIjoiOTJkN2U4MjUtYWE1Ny00NzA4LWExMzctMDBiYjQ2NjZiZWVjIiwidCI6ImJkMDNhNzM1LTJhYTMtNGNjYS05NzIyLTJhZTQ5MjlhYjNlYyIsImMiOjEwfQ%3D%3D&pageName=adfba30c52355c5b1631
Casiguran,Aurora,16.25,122.1667,2008,philippine,Dry Season,Nov-Dec-Jan-Feb-Mar-Apr,2907.8,6,https://app.powerbi.com/view?r=eyJrIjoiOTJkN2U4MjUtYWE1Ny00NzA4LWExMzctMDBiYjQ2NjZiZWVjIiwidCI6ImJkMDNhNzM1LTJhYTMtNGNjYS05NzIyLTJhZTQ5MjlhYjNlYyIsImMiOjEwfQ%3D%3D&pageName=adfba30c52355c5b1631
Casiguran,Aurora,16.25,122.1667,2008,philippine,Wet Season,May-Jun-Jul-Aug-Sep-Oct,1919.6,6,https://app.powerbi.com/view?r=eyJrIjoiOTJkN2U4MjUtYWE1Ny00NzA4LWExMzctMDBiYjQ2NjZiZWVjIiwidCI6ImJkMDNhNzM1LTJhYTMtNGNjYS05NzIyLTJhZTQ5MjlhYjNlYyIsImMiOjEwfQ%3D%3D&pageName=adfba30c52355c5b1631
Casiguran,Aurora,16.25,122.1667,2009,climatological,DJF,Dec-Jan-Feb,750,3,https://app.powerbi.com/view?r=eyJrIjoiOTJkN2U4MjUtYWE1Ny00NzA4LWExMzctMDBiYjQ2NjZiZWVjIiwidCI6ImJkMDNhNzM1LTJhYTMtNGNjYS05NzIyLTJhZTQ5MjlhYjNlYyIsImMiOjEwfQ%3D%3D&pageName=adfba30c52355c5b1631
Casiguran,Aurora,16.25,122.1667,2009,climatological,JJA,Jun-Jul-Aug,793,3,https://app.powerbi.com/view?r=eyJrIjoiOTJkN2U4MjUtYWE1Ny00NzA4LWExMzctMDBiYjQ2NjZiZWVjIiwidCI6ImJkMDNhNzM1LTJhYTMtNGNjYS05NzIyLTJhZTQ5MjlhYjNlYyIsImMiOjEwfQ%3D%3D&pageName=adfba30c52355c5b1631
Casiguran,Aurora,16.25,122.1667,2009,climatological,MAM,Mar-Apr-May,1204.9,3,https://app.powerbi.com/view?r=eyJrIjoiOTJkN2U4MjUtYWE1Ny00NzA4LWExMzctMDBiYjQ2NjZiZWVjIiwidCI6ImJkMDNhNzM1LTJhYTMtNGNjYS05NzIyLTJhZTQ5MjlhYjNlYyIsImMiOjEwfQ%3D%3D&pageName=adfba30c52355c5b1631
Casiguran,Aurora,16.25,122.1667,2009,climatological,SON,Sep-Oct-Nov,1238,3,https://app.powerbi.com/view?r=eyJrIjoiOTJkN2U4MjUtYWE1Ny00NzA4LWExMzctMDBiYjQ2NjZiZWVjIiwidCI6ImJkMDNhNzM1LTJhYTMtNGNjYS05NzIyLTJhZTQ5MjlhYjNlYyIsImMiOjEwfQ%3D%3D&pageName=adfba30c52355c5b1631
Casiguran,Aurora,16.25,122.1667,2009,philippine,Dry Season,Nov-Dec-Jan-Feb-Mar-Apr,1926.6,6,https://app.powerbi.com/view?r=eyJrIjoiOTJkN2U4MjUtYWE1Ny00NzA4LWExMzctMDBiYjQ2NjZiZWVjIiwidCI6ImJkMDNhNzM1LTJhYTMtNGNjYS05NzIyLTJhZTQ5MjlhYjNlYyIsImMiOjEwfQ%3D%3D&pageName=adfba30c52355c5b1631
Casiguran,Aurora,16.25,122.1667,2009,philippine,Wet Season,May-Jun-Jul-Aug-Sep-Oct,2059.3,6,https://app.powerbi.com/view?r=eyJrIjoiOTJkN2U4MjUtYWE1Ny00NzA4LWExMzctMDBiYjQ2NjZiZWVjIiwidCI6ImJkMDNhNzM1LTJhYTMtNGNjYS05NzIyLTJhZTQ5MjlhYjNlYyIsImMiOjEwfQ%3D%3D&pageName=adfba30c52355c5b1631
Casiguran,Aurora,16.25,122.1667,2010,climatological,DJF,Dec-Jan-Feb,570.8,3,https://app.powerbi.com/view?r=eyJrIjoiOTJkN2U4MjUtYWE1Ny00NzA4LWExMzctMDBiYjQ2NjZiZWVjIiwidCI6ImJkMDNhNzM1LTJhYTMtNGNjYS05NzIyLTJhZTQ5MjlhYjNlYyIsImMiOjEwfQ%3D%3D&pageName=adfba30c52355c5b1631
Casiguran,Aurora,16.25,122.1667,2010,climatological,JJA,Jun-Jul-Aug,912.4,3,https://app.powerbi.com/view?r=eyJrIjoiOTJkN2U4MjUtYWE1Ny00NzA4LWExMzctMDBiYjQ2NjZiZWVjIiwidCI6ImJkMDNhNzM1LTJhYTMtNGNjYS05NzIyLTJhZTQ5MjlhYjNlYyIsImMiOjEwfQ%3D%3D&pageName=adfba30c52355c5b1631
Casiguran,Aurora,16.25,122.1667,2010,climatological,MAM,Mar-Apr-May,537,3,https://app.powerbi.com/view?r=eyJrIjoiOTJkN2U4MjUtYWE1Ny00NzA4LWExMzctMDBiYjQ2NjZiZWVjIiwidCI6ImJkMDNhNzM1LTJhYTMtNGNjYS05NzIyLTJhZTQ5MjlhYjNlYyIsImMiOjEwfQ%3D%3D&pageName=adfba30c52355c5b1631
Casiguran,Aurora,16.25,122.1667,2010,climatological,SON,Sep-Oct-Nov,1693.7,3,https://app.powerbi.com/view?r=eyJrIjoiOTJkN2U4MjUtYWE1Ny00NzA4LWExMzctMDBiYjQ2NjZiZWVjIiwidCI6ImJkMDNhNzM1LTJhYTMtNGNjYS05NzIyLTJhZTQ5MjlhYjNlYyIsImMiOjEwfQ%3D%3D&pageName=adfba30c52355c5b1631
Casiguran,Aurora,16.25,122.1667,2010,philippine,Dry Season,Nov-Dec-Jan-Feb-Mar-Apr,2119.3,6,https://app.powerbi.com/view?r=eyJrIjoiOTJkN2U4MjUtYWE1Ny00NzA4LWExMzctMDBiYjQ2NjZiZWVjIiwidCI6ImJkMDNhNzM1LTJhYTMtNGNjYS05NzIyLTJhZTQ5MjlhYjNlYyIsImMiOjEwfQ%3D%3D&pageName=adfba30c52355c5b1631
Casiguran,Aurora,16.25,122.1667,2010,philippine,Wet Season,May-Jun-Jul-Aug-Sep-Oct,1594.6,6,https://app.powerbi.com/view?r=eyJrIjoiOTJkN2U4MjUtYWE1Ny00NzA4LWExMzctMDBiYjQ2NjZiZWVjIiwidCI6ImJkMDNhNzM1LTJhYTMtNGNjYS05NzIyLTJhZTQ5MjlhYjNlYyIsImMiOjEwfQ%3D%3D&pageName=adfba30c52355c5b1631
Casiguran,Aurora,16.25,122.1667,2011,climatological,DJF,Dec-Jan-Feb,1660.1,3,https://app.powerbi.com/view?r=eyJrIjoiOTJkN2U4MjUtYWE1Ny00NzA4LWExMzctMDBiYjQ2NjZiZWVjIiwidCI6ImJkMDNhNzM1LTJhYTMtNGNjYS05NzIyLTJhZTQ5MjlhYjNlYyIsImMiOjEwfQ%3D%3D&pageName=adfba30c52355c5b1631
Casiguran,Aurora,16.25,122.1667,2011,climatological,JJA,Jun-Jul-Aug,902.3,3,https://app.powerbi.com/view?r=eyJrIjoiOTJkN2U4MjUtYWE1Ny00NzA4LWExMzctMDBiYjQ2NjZiZWVjIiwidCI6ImJkMDNhNzM1LTJhYTMtNGNjYS05NzIyLTJhZTQ5MjlhYjNlYyIsImMiOjEwfQ%3D%3D&pageName=adfba30c52355c5b1631
Casiguran,Aurora,16.25,122.1667,2011,climatological,MAM,Mar-Apr-May,1036.8,3,https://app.powerbi.com/view?r=eyJrIjoiOTJkN2U4MjUtYWE1Ny00NzA4LWExMzctMDBiYjQ2NjZiZWVjIiwidCI6ImJkMDNhNzM1LTJhYTMtNGNjYS05NzIyLTJhZTQ5MjlhYjNlYyIsImMiOjEwfQ%3D%3D&pageName=adfba30c52355c5b1631
Casiguran,Aurora,16.25,122.1667,2011,climatological,SON,Sep-Oct-Nov,2149.7,3,https://app.powerbi.com/view?r=eyJrIjoiOTJkN2U4MjUtYWE1Ny00NzA4LWExMzctMDBiYjQ2NjZiZWVjIiwidCI6ImJkMDNhNzM1LTJhYTMtNGNjYS05NzIyLTJhZTQ5MjlhYjNlYyIsImMiOjEwfQ%3D%3D&pageName=adfba30c52355c5b1631
Casiguran,Aurora,16.25,122.1667,2011,philippine,Dry Season,Nov-Dec-Jan-Feb-Mar-Apr,3368.5,6,https://app.powerbi.com/view?r=eyJrIjoiOTJkN2U4MjUtYWE1Ny00NzA4LWExMzctMDBiYjQ2NjZiZWVjIiwidCI6ImJkMDNhNzM1LTJhYTMtNGNjYS05NzIyLTJhZTQ5MjlhYjNlYyIsImMiOjEwfQ%3D%3D&pageName=adfba30c52355c5b1631
Casiguran,Aurora,16.25,122.1667,2011,philippine,Wet Season,May-Jun-Jul-Aug-Sep-Oct,2380.4,6,https://app.powerbi.com/view?r=eyJrIjoiOTJkN2U4MjUtYWE1Ny00NzA4LWExMzctMDBiYjQ2NjZiZWVjIiwidCI6ImJkMDNhNzM1LTJhYTMtNGNjYS05NzIyLTJhZTQ5MjlhYjNlYyIsImMiOjEwfQ%3D%3D&pageName=adfba30c52355c5b1631
Casiguran,Aurora,16.25,122.1667,2012,climatological,DJF,Dec-Jan-Feb,1536.5,3,https://app.powerbi.com/view?r=eyJrIjoiOTJkN2U4MjUtYWE1Ny00NzA4LWExMzctMDBiYjQ2NjZiZWVjIiwidCI6ImJkMDNhNzM1LTJhYTMtNGNjYS05NzIyLTJhZTQ5MjlhYjNlYyIsImMiOjEwfQ%3D%3D&pageName=adfba30c52355c5b1631
Casiguran,Aurora,16.25,122.1667,2012,climatological,JJA,Jun-Jul-Aug,547,3,https://app.powerbi.com/view?r=eyJrIjoiOTJkN2U4MjUtYWE1Ny00NzA4LWExMzctMDBiYjQ2NjZiZWVjIiwidCI6ImJkMDNhNzM1LTJhYTMtNGNjYS05NzIyLTJhZTQ5MjlhYjNlYyIsImMiOjEwfQ%3D%3D&pageName=adfba30c52355c5b1631
Casiguran,Aurora,16.25,122.1667,2012,climatological,MAM,Mar-Apr-May,974.5,3,https://app.powerbi.com/view?r=eyJrIjoiOTJkN2U4MjUtYWE1Ny00NzA4LWExMzctMDBiYjQ2NjZiZWVjIiwidCI6ImJkMDNhNzM1LTJhYTMtNGNjYS05NzIyLTJhZTQ5MjlhYjNlYyIsImMiOjEwfQ%3D%3D&pageName=adfba30c52355c5b1631
Casiguran,Aurora,16.25,122.1667,2012,climatological,SON,Sep-Oct-Nov,1008.2,3,https://app.powerbi.com/view?r=eyJrIjoiOTJkN2U4MjUtYWE1Ny00NzA4LWExMzctMDBiYjQ2NjZiZWVjIiwidCI6ImJkMDNhNzM1LTJhYTMtNGNjYS05NzIyLTJhZTQ5MjlhYjNlYyIsImMiOjEwfQ%3D%3D&pageName=adfba30c52355c5b1631
Casiguran,Aurora,16.25,122.1667,2012,philippine,Dry Season,Nov-Dec-Jan-Feb-Mar-Apr,2611.3,6,https://app.powerbi.com/view?r=eyJrIjoiOTJkN2U4MjUtYWE1Ny00NzA4LWExMzctMDBiYjQ2NjZiZWVjIiwidCI6ImJkMDNhNzM1LTJhYTMtNGNjYS05NzIyLTJhZTQ5MjlhYjNlYyIsImMiOjEwfQ%3D%3D&pageName=adfba30c52355c5b1631
Casiguran,Aurora,16.25,122.1667,2012,philippine,Wet Season,May-Jun-Jul-Aug-Sep-Oct,1454.9,6,https://app.powerbi.com/view?r=eyJrIjoiOTJkN2U4MjUtYWE1Ny00NzA4LWExMzctMDBiYjQ2NjZiZWVjIiwidCI6ImJkMDNhNzM1LTJhYTMtNGNjYS05NzIyLTJhZTQ5MjlhYjNlYyIsImMiOjEwfQ%3D%3D&pageName=adfba30c52355c5b1631
Casiguran,Aurora,16.25,122.1667,2013,climatological,DJF,Dec-Jan-Feb,2030.6,3,https://app.powerbi.com/view?r=eyJrIjoiOTJkN2U4MjUtYWE1Ny00NzA4LWExMzctMDBiYjQ2NjZiZWVjIiwidCI6ImJkMDNhNzM1LTJhYTMtNGNjYS05NzIyLTJhZTQ5MjlhYjNlYyIsImMiOjEwfQ%3D%3D&pageName=adfba30c52355c5b1631
Casiguran,Aurora,16.25,122.1667,2013,climatological,JJA,Jun-Jul-Aug,1484,3,https://app.powerbi.com/view?r=eyJrIjoiOTJkN2U4MjUtYWE1Ny00NzA4LWExMzctMDBiYjQ2NjZiZWVjIiwidCI6ImJkMDNhNzM1LTJhYTMtNGNjYS05NzIyLTJhZTQ5MjlhYjNlYyIsImMiOjEwfQ%3D%3D&pageName=adfba30c52355c5b1631
Casiguran,Aurora,16.25,122.1667,2013,climatological,MAM,Mar-Apr-May,469.3,3,https://app.powerbi.com/view?r=eyJrIjoiOTJkN2U4MjUtYWE1Ny00NzA4LWExMzctMDBiYjQ2NjZiZWVjIiwidCI6ImJkMDNhNzM1LTJhYTMtNGNjYS05NzIyLTJhZTQ5MjlhYjNlYyIsImMiOjEwfQ%3D%3D&pageName=adfba30c52355c5b1631
Casiguran,Aurora,16.25,122.1667,2013,climatological,SON,Sep-Oct-Nov,1459.7,3,https://app.powerbi.com/view?r=eyJrIjoiOTJkN2U4MjUtYWE1Ny00NzA4LWExMzctMDBiYjQ2NjZiZWVjIiwidCI6ImJkMDNhNzM1LTJhYTMtNGNjYS05NzIyLTJhZTQ5MjlhYjNlYyIsImMiOjEwfQ%3D%3D&pageName=adfba30c52355c5b1631
Casiguran,Aurora,16.25,122.1667,2013,philippine,Dry Season,Nov-Dec-Jan-Feb-Mar-Apr,3335,6,https://app.powerbi.com/view?r=eyJrIjoiOTJkN2U4MjUtYWE1Ny00NzA4LWExMzctMDBiYjQ2NjZiZWVjIiwidCI6ImJkMDNhNzM1LTJhYTMtNGNjYS05NzIyLTJhZTQ5MjlhYjNlYyIsImMiOjEwfQ%3D%3D&pageName=adfba30c52355c5b1631
Casiguran,Aurora,16.25,122.1667,2013,philippine,Wet Season,May-Jun-Jul-Aug-Sep-Oct,2108.6,6,https://app.powerbi.com/view?r=eyJrIjoiOTJkN2U4MjUtYWE1Ny00NzA4LWExMzctMDBiYjQ2NjZiZWVjIiwidCI6ImJkMDNhNzM1LTJhYTMtNGNjYS05NzIyLTJhZTQ5MjlhYjNlYyIsImMiOjEwfQ%3D%3D&pageName=adfba30c52355c5b1631
Casiguran,Aurora,16.25,122.1667,2014,climatological,DJF,Dec-Jan-Feb,764.1,3,https://app.powerbi.com/view?r=eyJrIjoiOTJkN2U4MjUtYWE1Ny00NzA4LWExMzctMDBiYjQ2NjZiZWVjIiwidCI6ImJkMDNhNzM1LTJhYTMtNGNjYS05NzIyLTJhZTQ5MjlhYjNlYyIsImMiOjEwfQ%3D%3D&pageName=adfba30c52355c5b1631
Casiguran,Aurora,16.25,122.1667,2014,climatological,JJA,Jun-Jul-Aug,543.9,3,https://app.powerbi.com/view?r=eyJrIjoiOTJkN2U4MjUtYWE1Ny00NzA4LWExMzctMDBiYjQ2NjZiZWVjIiwidCI6ImJkMDNhNzM1LTJhYTMtNGNjYS05NzIyLTJhZTQ5MjlhYjNlYyIsImMiOjEwfQ%3D%3D&pageName=adfba30c52355c5b1631
Casiguran,Aurora,16.25,122.1667,2014,climatological,MAM,Mar-Apr-May,520.4,3,https://app.powerbi.com/view?r=eyJrIjoiOTJkN2U4MjUtYWE1Ny00NzA4LWExMzctMDBiYjQ2NjZiZWVjIiwidCI6ImJkMDNhNzM1LTJhYTMtNGNjYS05NzIyLTJhZTQ5MjlhYjNlYyIsImMiOjEwfQ%3D%3D&pageName=adfba30c52355c5b1631
Casiguran,Aurora,16.25,122.1667,2014,climatological,SON,Sep-Oct-Nov,1275.9,3,https://app.powerbi.com/view?r=eyJrIjoiOTJkN2U4MjUtYWE1Ny00NzA4LWExMzctMDBiYjQ2NjZiZWVjIiwidCI6ImJkMDNhNzM1LTJhYTMtNGNjYS05NzIyLTJhZTQ5MjlhYjNlYyIsImMiOjEwfQ%3D%3D&pageName=adfba30c52355c5b1631
Casiguran,Aurora,16.25,122.1667,2014,philippine,Dry Season,Nov-Dec-Jan-Feb-Mar-Apr,1726.4,6,https://app.powerbi.com/view?r=eyJrIjoiOTJkN2U4MjUtYWE1Ny00NzA4LWExMzctMDBiYjQ2NjZiZWVjIiwidCI6ImJkMDNhNzM1LTJhYTMtNGNjYS05NzIyLTJhZTQ5MjlhYjNlYyIsImMiOjEwfQ%3D%3D&pageName=adfba30c52355c5b1631
Casiguran,Aurora,16.25,122.1667,2014,philippine,Wet Season,May-Jun-Jul-Aug-Sep-Oct,1377.9,6,https://app.powerbi.com/view?r=eyJrIjoiOTJkN2U4MjUtYWE1Ny00NzA4LWExMzctMDBiYjQ2NjZiZWVjIiwidCI6ImJkMDNhNzM1LTJhYTMtNGNjYS05NzIyLTJhZTQ5MjlhYjNlYyIsImMiOjEwfQ%3D%3D&pageName=adfba30c52355c5b1631
Casiguran,Aurora,16.25,122.1667,2015,climatological,DJF,Dec-Jan-Feb,1468,3,https://app.powerbi.com/view?r=eyJrIjoiOTJkN2U4MjUtYWE1Ny00NzA4LWExMzctMDBiYjQ2NjZiZWVjIiwidCI6ImJkMDNhNzM1LTJhYTMtNGNjYS05NzIyLTJhZTQ5MjlhYjNlYyIsImMiOjEwfQ%3D%3D&pageName=adfba30c52355c5b1631
Casiguran,Aurora,16.25,122.1667,2015,climatological,JJA,Jun-Jul-Aug,322.9,3,https://app.powerbi.com/view?r=eyJrIjoiOTJkN2U4MjUtYWE1Ny00NzA4LWExMzctMDBiYjQ2NjZiZWVjIiwidCI6ImJkMDNhNzM1LTJhYTMtNGNjYS05NzIyLTJhZTQ5MjlhYjNlYyIsImMiOjEwfQ%3D%3D&pageName=adfba30c52355c5b1631
Casiguran,Aurora,16.25,122.1667,2015,climatological,MAM,Mar-Apr-May,508,3,https://app.powerbi.com/view?r=eyJrIjoiOTJkN2U4MjUtYWE1Ny00NzA4LWExMzctMDBiYjQ2NjZiZWVjIiwidCI6ImJkMDNhNzM1LTJhYTMtNGNjYS05NzIyLTJhZTQ5MjlhYjNlYyIsImMiOjEwfQ%3D%3D&pageName=adfba30c52355c5b1631
Casiguran,Aurora,16.25,122.1667,2015,climatological,SON,Sep-Oct-Nov,954.3,3,https://app.powerbi.com/view?r=eyJrIjoiOTJkN2U4MjUtYWE1Ny00NzA4LWExMzctMDBiYjQ2NjZiZWVjIiwidCI6ImJkMDNhNzM1LTJhYTMtNGNjYS05NzIyLTJhZTQ5MjlhYjNlYyIsImMiOjEwfQ%3D%3D&pageName=adfba30c52355c5b1631
Casiguran,Aurora,16.25,122.1667,2015,philippine,Dry Season,Nov-Dec-Jan-Feb-Mar-Apr,2117,6,https://app.powerbi.com/view?r=eyJrIjoiOTJkN2U4MjUtYWE1Ny00NzA4LWExMzctMDBiYjQ2NjZiZWVjIiwidCI6ImJkMDNhNzM1LTJhYTMtNGNjYS05NzIyLTJhZTQ5MjlhYjNlYyIsImMiOjEwfQ%3D%3D&pageName=adfba30c52355c5b1631
Casiguran,Aurora,16.25,122.1667,2015,philippine,Wet Season,May-Jun-Jul-Aug-Sep-Oct,1136.2,6,https://app.powerbi.com/view?r=eyJrIjoiOTJkN2U4MjUtYWE1Ny00NzA4LWExMzctMDBiYjQ2NjZiZWVjIiwidCI6ImJkMDNhNzM1LTJhYTMtNGNjYS05NzIyLTJhZTQ5MjlhYjNlYyIsImMiOjEwfQ%3D%3D&pageName=adfba30c52355c5b1631
Casiguran,Aurora,16.25,122.1667,2016,climatological,DJF,Dec-Jan-Feb,1304.6,3,https://app.powerbi.com/view?r=eyJrIjoiOTJkN2U4MjUtYWE1Ny00NzA4LWExMzctMDBiYjQ2NjZiZWVjIiwidCI6ImJkMDNhNzM1LTJhYTMtNGNjYS05NzIyLTJhZTQ5MjlhYjNlYyIsImMiOjEwfQ%3D%3D&pageName=adfba30c52355c5b1631
Casiguran,Aurora,16.25,122.1667,2016,climatological,JJA,Jun-Jul-Aug,466.2,3,https://app.powerbi.com/view?r=eyJrIjoiOTJkN2U4MjUtYWE1Ny00NzA4LWExMzctMDBiYjQ2NjZiZWVjIiwidCI6ImJkMDNhNzM1LTJhYTMtNGNjYS05NzIyLTJhZTQ5MjlhYjNlYyIsImMiOjEwfQ%3D%3D&pageName=adfba30c52355c5b1631
Casiguran,Aurora,16.25,122.1667,2016,climatological,MAM,Mar-Apr-May,405.4,3,https://app.powerbi.com/view?r=eyJrIjoiOTJkN2U4MjUtYWE1Ny00NzA4LWExMzctMDBiYjQ2NjZiZWVjIiwidCI6ImJkMDNhNzM1LTJhYTMtNGNjYS05NzIyLTJhZTQ5MjlhYjNlYyIsImMiOjEwfQ%3D%3D&pageName=adfba30c52355c5b1631
Casiguran,Aurora,16.25,122.1667,2016,climatological,SON,Sep-Oct-Nov,1601.7,3,https://app.powerbi.com/view?r=eyJrIjoiOTJkN2U4MjUtYWE1Ny00NzA4LWExMzctMDBiYjQ2NjZiZWVjIiwidCI6ImJkMDNhNzM1LTJhYTMtNGNjYS05NzIyLTJhZTQ5MjlhYjNlYyIsImMiOjEwfQ%3D%3D&pageName=adfba30c52355c5b1631
Casiguran,Aurora,16.25,122.1667,2016,philippine,Dry Season,Nov-Dec-Jan-Feb-Mar-Apr,2323.6,6,https://app.powerbi.com/view?r=eyJrIjoiOTJkN2U4MjUtYWE1Ny00NzA4LWExMzctMDBiYjQ2NjZiZWVjIiwidCI6ImJkMDNhNzM1LTJhYTMtNGNjYS05NzIyLTJhZTQ5MjlhYjNlYyIsImMiOjEwfQ%3D%3D&pageName=adfba30c52355c5b1631
Casiguran,Aurora,16.25,122.1667,2016,philippine,Wet Season,May-Jun-Jul-Aug-Sep-Oct,1454.3,6,https://app.powerbi.com/view?r=eyJrIjoiOTJkN2U4MjUtYWE1Ny00NzA4LWExMzctMDBiYjQ2NjZiZWVjIiwidCI6ImJkMDNhNzM1LTJhYTMtNGNjYS05NzIyLTJhZTQ5MjlhYjNlYyIsImMiOjEwfQ%3D%3D&pageName=adfba30c52355c5b1631
Casiguran,Aurora,16.25,122.1667,2017,climatological,DJF,Dec-Jan-Feb,1847.6,3,https://app.powerbi.com/view?r=eyJrIjoiOTJkN2U4MjUtYWE1Ny00NzA4LWExMzctMDBiYjQ2NjZiZWVjIiwidCI6ImJkMDNhNzM1LTJhYTMtNGNjYS05NzIyLTJhZTQ5MjlhYjNlYyIsImMiOjEwfQ%3D%3D&pageName=adfba30c52355c5b1631
Casiguran,Aurora,16.25,122.1667,2017,climatological,JJA,Jun-Jul-Aug,814.7,3,https://app.powerbi.com/view?r=eyJrIjoiOTJkN2U4MjUtYWE1Ny00NzA4LWExMzctMDBiYjQ2NjZiZWVjIiwidCI6ImJkMDNhNzM1LTJhYTMtNGNjYS05NzIyLTJhZTQ5MjlhYjNlYyIsImMiOjEwfQ%3D%3D&pageName=adfba30c52355c5b1631
Casiguran,Aurora,16.25,122.1667,2017,climatological,MAM,Mar-Apr-May,578.4,3,https://app.powerbi.com/view?r=eyJrIjoiOTJkN2U4MjUtYWE1Ny00NzA4LWExMzctMDBiYjQ2NjZiZWVjIiwidCI6ImJkMDNhNzM1LTJhYTMtNGNjYS05NzIyLTJhZTQ5MjlhYjNlYyIsImMiOjEwfQ%3D%3D&pageName=adfba30c52355c5b1631
Casiguran,Aurora,16.25,122.1667,2017,climatological,SON,Sep-Oct-Nov,1765.1,3,https://app.powerbi.com/view?r=eyJrIjoiOTJkN2U4MjUtYWE1Ny00NzA4LWExMzctMDBiYjQ2NjZiZWVjIiwidCI6ImJkMDNhNzM1LTJhYTMtNGNjYS05NzIyLTJhZTQ5MjlhYjNlYyIsImMiOjEwfQ%3D%3D&pageName=adfba30c52355c5b1631
Casiguran,Aurora,16.25,122.1667,2017,philippine,Dry Season,Nov-Dec-Jan-Feb-Mar-Apr,3135.9,6,https://app.powerbi.com/view?r=eyJrIjoiOTJkN2U4MjUtYWE1Ny00NzA4LWExMzctMDBiYjQ2NjZiZWVjIiwidCI6ImJkMDNhNzM1LTJhYTMtNGNjYS05NzIyLTJhZTQ5MjlhYjNlYyIsImMiOjEwfQ%3D%3D&pageName=adfba30c52355c5b1631
Casiguran,Aurora,16.25,122.1667,2017,philippine,Wet Season,May-Jun-Jul-Aug-Sep-Oct,1869.9,6,https://app.powerbi.com/view?r=eyJrIjoiOTJkN2U4MjUtYWE1Ny00NzA4LWExMzctMDBiYjQ2NjZiZWVjIiwidCI6ImJkMDNhNzM1LTJhYTMtNGNjYS05NzIyLTJhZTQ5MjlhYjNlYyIsImMiOjEwfQ%3D%3D&pageName=adfba30c52355c5b1631
Casiguran,Aurora,16.25,122.1667,2018,climatological,DJF,Dec-Jan-Feb,1000,3,https://app.powerbi.com/view?r=eyJrIjoiOTJkN2U4MjUtYWE1Ny00NzA4LWExMzctMDBiYjQ2NjZiZWVjIiwidCI6ImJkMDNhNzM1LTJhYTMtNGNjYS05NzIyLTJhZTQ5MjlhYjNlYyIsImMiOjEwfQ%3D%3D&pageName=adfba30c52355c5b1631
Casiguran,Aurora,16.25,122.1667,2018,climatological,JJA,Jun-Jul-Aug,672.5,3,https://app.powerbi.com/view?r=eyJrIjoiOTJkN2U4MjUtYWE1Ny00NzA4LWExMzctMDBiYjQ2NjZiZWVjIiwidCI6ImJkMDNhNzM1LTJhYTMtNGNjYS05NzIyLTJhZTQ5MjlhYjNlYyIsImMiOjEwfQ%3D%3D&pageName=adfba30c52355c5b1631
Casiguran,Aurora,16.25,122.1667,2018,climatological,MAM,Mar-Apr-May,283.9,3,https://app.powerbi.com/view?r=eyJrIjoiOTJkN2U4MjUtYWE1Ny00NzA4LWExMzctMDBiYjQ2NjZiZWVjIiwidCI6ImJkMDNhNzM1LTJhYTMtNGNjYS05NzIyLTJhZTQ5MjlhYjNlYyIsImMiOjEwfQ%3D%3D&pageName=adfba30c52355c5b1631
Casiguran,Aurora,16.25,122.1667,2018,climatological,SON,Sep-Oct-Nov,651.8,3,https://app.powerbi.com/view?r=eyJrIjoiOTJkN2U4MjUtYWE1Ny00NzA4LWExMzctMDBiYjQ2NjZiZWVjIiwidCI6ImJkMDNhNzM1LTJhYTMtNGNjYS05NzIyLTJhZTQ5MjlhYjNlYyIsImMiOjEwfQ%3D%3D&pageName=adfba30c52355c5b1631
Casiguran,Aurora,16.25,122.1667,2018,philippine,Dry Season,Nov-Dec-Jan-Feb-Mar-Apr,1456,6,https://app.powerbi.com/view?r=eyJrIjoiOTJkN2U4MjUtYWE1Ny00NzA4LWExMzctMDBiYjQ2NjZiZWVjIiwidCI6ImJkMDNhNzM1LTJhYTMtNGNjYS05NzIyLTJhZTQ5MjlhYjNlYyIsImMiOjEwfQ%3D%3D&pageName=adfba30c52355c5b1631
Casiguran,Aurora,16.25,122.1667,2018,philippine,Wet Season,May-Jun-Jul-Aug-Sep-Oct,1152.2,6,https://app.powerbi.com/view?r=eyJrIjoiOTJkN2U4MjUtYWE1Ny00NzA4LWExMzctMDBiYjQ2NjZiZWVjIiwidCI6ImJkMDNhNzM1LTJhYTMtNGNjYS05NzIyLTJhZTQ5MjlhYjNlYyIsImMiOjEwfQ%3D%3D&pageName=adfba30c52355c5b1631
Casiguran,Aurora,16.25,122.1667,2019,climatological,DJF,Dec-Jan-Feb,925.9,3,https://app.powerbi.com/view?r=eyJrIjoiOTJkN2U4MjUtYWE1Ny00NzA4LWExMzctMDBiYjQ2NjZiZWVjIiwidCI6ImJkMDNhNzM1LTJhYTMtNGNjYS05NzIyLTJhZTQ5MjlhYjNlYyIsImMiOjEwfQ%3D%3D&pageName=adfba30c52355c5b1631
Casiguran,Aurora,16.25,122.1667,2019,climatological,JJA,Jun-Jul-Aug,561.5,3,https://app.powerbi.com/view?r=eyJrIjoiOTJkN2U4MjUtYWE1Ny00NzA4LWExMzctMDBiYjQ2NjZiZWVjIiwidCI6ImJkMDNhNzM1LTJhYTMtNGNjYS05NzIyLTJhZTQ5MjlhYjNlYyIsImMiOjEwfQ%3D%3D&pageName=adfba30c52355c5b1631
Casiguran,Aurora,16.25,122.1667,2019,climatological,MAM,Mar-Apr-May,571.5,3,https://app.powerbi.com/view?r=eyJrIjoiOTJkN2U4MjUtYWE1Ny00NzA4LWExMzctMDBiYjQ2NjZiZWVjIiwidCI6ImJkMDNhNzM1LTJhYTMtNGNjYS05NzIyLTJhZTQ5MjlhYjNlYyIsImMiOjEwfQ%3D%3D&pageName=adfba30c52355c5b1631
Casiguran,Aurora,16.25,122.1667,2019,climatological,SON,Sep-Oct-Nov,588.5,3,https://app.powerbi.com/view?r=eyJrIjoiOTJkN2U4MjUtYWE1Ny00NzA4LWExMzctMDBiYjQ2NjZiZWVjIiwidCI6ImJkMDNhNzM1LTJhYTMtNGNjYS05NzIyLTJhZTQ5MjlhYjNlYyIsImMiOjEwfQ%3D%3D&pageName=adfba30c52355c5b1631
Casiguran,Aurora,16.25,122.1667,2019,philippine,Dry Season,Nov-Dec-Jan-Feb-Mar-Apr,1414.6,6,https://app.powerbi.com/view?r=eyJrIjoiOTJkN2U4MjUtYWE1Ny00NzA4LWExMzctMDBiYjQ2NjZiZWVjIiwidCI6ImJkMDNhNzM1LTJhYTMtNGNjYS05NzIyLTJhZTQ5MjlhYjNlYyIsImMiOjEwfQ%3D%3D&pageName=adfba30c52355c5b1631
Casiguran,Aurora,16.25,122.1667,2019,philippine,Wet Season,May-Jun-Jul-Aug-Sep-Oct,1232.8,6,https://app.powerbi.com/view?r=eyJrIjoiOTJkN2U4MjUtYWE1Ny00NzA4LWExMzctMDBiYjQ2NjZiZWVjIiwidCI6ImJkMDNhNzM1LTJhYTMtNGNjYS05NzIyLTJhZTQ5MjlhYjNlYyIsImMiOjEwfQ%3D%3D&pageName=adfba30c52355c5b1631
Casiguran,Aurora,16.25,122.1667,2020,climatological,DJF,Dec-Jan-Feb,1301.1,3,https://app.powerbi.com/view?r=eyJrIjoiOTJkN2U4MjUtYWE1Ny00NzA4LWExMzctMDBiYjQ2NjZiZWVjIiwidCI6ImJkMDNhNzM1LTJhYTMtNGNjYS05NzIyLTJhZTQ5MjlhYjNlYyIsImMiOjEwfQ%3D%3D&pageName=adfba30c52355c5b1631
Casiguran,Aurora,16.25,122.1667,2020,climatological,JJA,Jun-Jul-Aug,729.3,3,https://app.powerbi.com/view?r=eyJrIjoiOTJkN2U4MjUtYWE1Ny00NzA4LWExMzctMDBiYjQ2NjZiZWVjIiwidCI6ImJkMDNhNzM1LTJhYTMtNGNjYS05NzIyLTJhZTQ5MjlhYjNlYyIsImMiOjEwfQ%3D%3D&pageName=adfba30c52355c5b1631
Casiguran,Aurora,16.25,122.1667,2020,climatological,MAM,Mar-Apr-May,627.4,3,https://app.powerbi.com/view?r=eyJrIjoiOTJkN2U4MjUtYWE1Ny00NzA4LWExMzctMDBiYjQ2NjZiZWVjIiwidCI6ImJkMDNhNzM1LTJhYTMtNGNjYS05NzIyLTJhZTQ5MjlhYjNlYyIsImMiOjEwfQ%3D%3D&pageName=adfba30c52355c5b1631
Casiguran,Aurora,16.25,122.1667,2020,climatological,SON,Sep-Oct-Nov,2086.1,3,https://app.powerbi.com/view?r=eyJrIjoiOTJkN2U4MjUtYWE1Ny00NzA4LWExMzctMDBiYjQ2NjZiZWVjIiwidCI6ImJkMDNhNzM1LTJhYTMtNGNjYS05NzIyLTJhZTQ5MjlhYjNlYyIsImMiOjEwfQ%3D%3D&pageName=adfba30c52355c5b1631
Casiguran,Aurora,16.25,122.1667,2020,philippine,Dry Season,Nov-Dec-Jan-Feb-Mar-Apr,2380.3,6,https://app.powerbi.com/view?r=eyJrIjoiOTJkN2U4MjUtYWE1Ny00NzA4LWExMzctMDBiYjQ2NjZiZWVjIiwidCI6ImJkMDNhNzM1LTJhYTMtNGNjYS05NzIyLTJhZTQ5MjlhYjNlYyIsImMiOjEwfQ%3D%3D&pageName=adfba30c52355c5b1631
Casiguran,Aurora,16.25,122.1667,2020,philippine,Wet Season,May-Jun-Jul-Aug-Sep-Oct,2363.6,6,https://app.powerbi.com/view?r=eyJrIjoiOTJkN2U4MjUtYWE1Ny00NzA4LWExMzctMDBiYjQ2NjZiZWVjIiwidCI6ImJkMDNhNzM1LTJhYTMtNGNjYS05NzIyLTJhZTQ5MjlhYjNlYyIsImMiOjEwfQ%3D%3D&pageName=adfba30c52355c5b1631
Itbayat,Batanes,20.7833,121.8333,1991,climatological,DJF,Dec-Jan-Feb,545.7,3,https://app.powerbi.com/view?r=eyJrIjoiOTJkN2U4MjUtYWE1Ny00NzA4LWExMzctMDBiYjQ2NjZiZWVjIiwidCI6ImJkMDNhNzM1LTJhYTMtNGNjYS05NzIyLTJhZTQ5MjlhYjNlYyIsImMiOjEwfQ%3D%3D&pageName=adfba30c52355c5b1631
Itbayat,Batanes,20.7833,121.8333,1991,climatological,JJA,Jun-Jul-Aug,953.5,3,https://app.powerbi.com/view?r=eyJrIjoiOTJkN2U4MjUtYWE1Ny00NzA4LWExMzctMDBiYjQ2NjZiZWVjIiwidCI6ImJkMDNhNzM1LTJhYTMtNGNjYS05NzIyLTJhZTQ5MjlhYjNlYyIsImMiOjEwfQ%3D%3D&pageName=adfba30c52355c5b1631
Itbayat,Batanes,20.7833,121.8333,1991,climatological,MAM,Mar-Apr-May,128,3,https://app.powerbi.com/view?r=eyJrIjoiOTJkN2U4MjUtYWE1Ny00NzA4LWExMzctMDBiYjQ2NjZiZWVjIiwidCI6ImJkMDNhNzM1LTJhYTMtNGNjYS05NzIyLTJhZTQ5MjlhYjNlYyIsImMiOjEwfQ%3D%3D&pageName=adfba30c52355c5b1631
Itbayat,Batanes,20.7833,121.8333,1991,climatological,SON,Sep-Oct-Nov,927.5,3,https://app.powerbi.com/view?r=eyJrIjoiOTJkN2U4MjUtYWE1Ny00NzA4LWExMzctMDBiYjQ2NjZiZWVjIiwidCI6ImJkMDNhNzM1LTJhYTMtNGNjYS05NzIyLTJhZTQ5MjlhYjNlYyIsImMiOjEwfQ%3D%3D&pageName=adfba30c52355c5b1631
Itbayat,Batanes,20.7833,121.8333,1991,philippine,Dry Season,Nov-Dec-Jan-Feb-Mar-Apr,932.8,6,https://app.powerbi.com/view?r=eyJrIjoiOTJkN2U4MjUtYWE1Ny00NzA4LWExMzctMDBiYjQ2NjZiZWVjIiwidCI6ImJkMDNhNzM1LTJhYTMtNGNjYS05NzIyLTJhZTQ5MjlhYjNlYyIsImMiOjEwfQ%3D%3D&pageName=adfba30c52355c5b1631
Itbayat,Batanes,20.7833,121.8333,1991,philippine,Wet Season,May-Jun-Jul-Aug-Sep-Oct,1621.9,6,https://app.powerbi.com/view?r=eyJrIjoiOTJkN2U4MjUtYWE1Ny00NzA4LWExMzctMDBiYjQ2NjZiZWVjIiwidCI6ImJkMDNhNzM1LTJhYTMtNGNjYS05NzIyLTJhZTQ5MjlhYjNlYyIsImMiOjEwfQ%3D%3D&pageName=adfba30c52355c5b1631
Itbayat,Batanes,20.7833,121.8333,1992,climatological,DJF,Dec-Jan-Feb,403.8,3,https://app.powerbi.com/view?r=eyJrIjoiOTJkN2U4MjUtYWE1Ny00NzA4LWExMzctMDBiYjQ2NjZiZWVjIiwidCI6ImJkMDNhNzM1LTJhYTMtNGNjYS05NzIyLTJhZTQ5MjlhYjNlYyIsImMiOjEwfQ%3D%3D&pageName=adfba30c52355c5b1631
Itbayat,Batanes,20.7833,121.8333,1992,climatological,JJA,Jun-Jul-Aug,841.8,3,https://app.powerbi.com/view?r=eyJrIjoiOTJkN2U4MjUtYWE1Ny00NzA4LWExMzctMDBiYjQ2NjZiZWVjIiwidCI6ImJkMDNhNzM1LTJhYTMtNGNjYS05NzIyLTJhZTQ5MjlhYjNlYyIsImMiOjEwfQ%3D%3D&pageName=adfba30c52355c5b1631
Itbayat,Batanes,20.7833,121.8333,1992,climatological,MAM,Mar-Apr-May,287.1,3,https://app.powerbi.com/view?r=eyJrIjoiOTJkN2U4MjUtYWE1Ny00NzA4LWExMzctMDBiYjQ2NjZiZWVjIiwidCI6ImJkMDNhNzM1LTJhYTMtNGNjYS05NzIyLTJhZTQ5MjlhYjNlYyIsImMiOjEwfQ%3D%3D&pageName=adfba30c52355c5b1631
Itbayat,Batanes,20.7833,121.8333,1992,climatological,SON,Sep-Oct-Nov,890.6,3,https://app.powerbi.com/view?r=eyJrIjoiOTJkN2U4MjUtYWE1Ny00NzA4LWExMzctMDBiYjQ2NjZiZWVjIiwidCI6ImJkMDNhNzM1LTJhYTMtNGNjYS05NzIyLTJhZTQ5MjlhYjNlYyIsImMiOjEwfQ%3D%3D&pageName=adfba30c52355c5b1631
Itbayat,Batanes,20.7833,121.8333,1992,philippine,Dry Season,Nov-Dec-Jan-Feb-Mar-Apr,553.6,6,https://app.powerbi.com/view?r=eyJrIjoiOTJkN2U4MjUtYWE1Ny00NzA4LWExMzctMDBiYjQ2NjZiZWVjIiwidCI6ImJkMDNhNzM1LTJhYTMtNGNjYS05NzIyLTJhZTQ5MjlhYjNlYyIsImMiOjEwfQ%3D%3D&pageName=adfba30c52355c5b1631
Itbayat,Batanes,20.7833,121.8333,1992,philippine,Wet Season,May-Jun-Jul-Aug-Sep-Oct,1869.7,6,https://app.powerbi.com/view?r=eyJrIjoiOTJkN2U4MjUtYWE1Ny00NzA4LWExMzctMDBiYjQ2NjZiZWVjIiwidCI6ImJkMDNhNzM1LTJhYTMtNGNjYS05NzIyLTJhZTQ5MjlhYjNlYyIsImMiOjEwfQ%3D%3D&pageName=adfba30c52355c5b1631
Itbayat,Batanes,20.7833,121.8333,1993,climatological,DJF,Dec-Jan-Feb,456.2,3,https://app.powerbi.com/view?r=eyJrIjoiOTJkN2U4MjUtYWE1Ny00NzA4LWExMzctMDBiYjQ2NjZiZWVjIiwidCI6ImJkMDNhNzM1LTJhYTMtNGNjYS05NzIyLTJhZTQ5MjlhYjNlYyIsImMiOjEwfQ%3D%3D&pageName=adfba30c52355c5b1631
Itbayat,Batanes,20.7833,121.8333,1993,climatological,JJA,Jun-Jul-Aug,251,3,https://app.powerbi.com/view?r=eyJrIjoiOTJkN2U4MjUtYWE1Ny00NzA4LWExMzctMDBiYjQ2NjZiZWVjIiwidCI6ImJkMDNhNzM1LTJhYTMtNGNjYS05NzIyLTJhZTQ5MjlhYjNlYyIsImMiOjEwfQ%3D%3D&pageName=adfba30c52355c5b1631
Itbayat,Batanes,20.7833,121.8333,1993,climatological,MAM,Mar-Apr-May,192,3,https://app.powerbi.com/view?r=eyJrIjoiOTJkN2U4MjUtYWE1Ny00NzA4LWExMzctMDBiYjQ2NjZiZWVjIiwidCI6ImJkMDNhNzM1LTJhYTMtNGNjYS05NzIyLTJhZTQ5MjlhYjNlYyIsImMiOjEwfQ%3D%3D&pageName=adfba30c52355c5b1631
Itbayat,Batanes,20.7833,121.8333,1993,climatological,SON,Sep-Oct-Nov,1100,3,https://app.powerbi.com/view?r=eyJrIjoiOTJkN2U4MjUtYWE1Ny00NzA4LWExMzctMDBiYjQ2NjZiZWVjIiwidCI6ImJkMDNhNzM1LTJhYTMtNGNjYS05NzIyLTJhZTQ5MjlhYjNlYyIsImMiOjEwfQ%3D%3D&pageName=adfba30c52355c5b1631
Itbayat,Batanes,20.7833,121.8333,1993,philippine,Dry Season,Nov-Dec-Jan-Feb-Mar-Apr,814.8,6,https://app.powerbi.com/view?r=eyJrIjoiOTJkN2U4MjUtYWE1Ny00NzA4LWExMzctMDBiYjQ2NjZiZWVjIiwidCI6ImJkMDNhNzM1LTJhYTMtNGNjYS05NzIyLTJhZTQ5MjlhYjNlYyIsImMiOjEwfQ%3D%3D&pageName=adfba30c52355c5b1631
Itbayat,Batanes,20.7833,121.8333,1993,philippine,Wet Season,May-Jun-Jul-Aug-Sep-Oct,1184.4,6,https://app.powerbi.com/view?r=eyJrIjoiOTJkN2U4MjUtYWE1Ny00NzA4LWExMzctMDBiYjQ2NjZiZWVjIiwidCI6ImJkMDNhNzM1LTJhYTMtNGNjYS05NzIyLTJhZTQ5MjlhYjNlYyIsImMiOjEwfQ%3D%3D&pageName=adfba30c52355c5b1631
Itbayat,Batanes,20.7833,121.8333,1994,climatological,DJF,Dec-Jan-Feb,328,3,https://app.powerbi.com/view?r=eyJrIjoiOTJkN2U4MjUtYWE1Ny00NzA4LWExMzctMDBiYjQ2NjZiZWVjIiwidCI6ImJkMDNhNzM1LTJhYTMtNGNjYS05NzIyLTJhZTQ5MjlhYjNlYyIsImMiOjEwfQ%3D%3D&pageName=adfba30c52355c5b1631
Itbayat,Batanes,20.7833,121.8333,1994,climatological,JJA,Jun-Jul-Aug,1140.5,3,https://app.powerbi.com/view?r=eyJrIjoiOTJkN2U4MjUtYWE1Ny00NzA4LWExMzctMDBiYjQ2NjZiZWVjIiwidCI6ImJkMDNhNzM1LTJhYTMtNGNjYS05NzIyLTJhZTQ5MjlhYjNlYyIsImMiOjEwfQ%3D%3D&pageName=adfba30c52355c5b1631
Itbayat,Batanes,20.7833,121.8333,1994,climatological,MAM,Mar-Apr-May,317.5,3,https://app.powerbi.com/view?r=eyJrIjoiOTJkN2U4MjUtYWE1Ny00NzA4LWExMzctMDBiYjQ2NjZiZWVjIiwidCI6ImJkMDNhNzM1LTJhYTMtNGNjYS05NzIyLTJhZTQ5MjlhYjNlYyIsImMiOjEwfQ%3D%3D&pageName=adfba30c52355c5b1631
Itbayat,Batanes,20.7833,121.8333,1994,climatological,SON,Sep-Oct-Nov,246,3,https://app.powerbi.com/view?r=eyJrIjoiOTJkN2U4MjUtYWE1Ny00NzA4LWExMzctMDBiYjQ2NjZiZWVjIiwidCI6ImJkMDNhNzM1LTJhYTMtNGNjYS05NzIyLTJhZTQ5MjlhYjNlYyIsImMiOjEwfQ%3D%3D&pageName=adfba30c52355c5b1631
Itbayat,Batanes,20.7833,121.8333,1994,philippine,Dry Season,Nov-Dec-Jan-Feb-Mar-Apr,454.2,6,https://app.powerbi.com/view?r=eyJrIjoiOTJkN2U4MjUtYWE1Ny00NzA4LWExMzctMDBiYjQ2NjZiZWVjIiwidCI6ImJkMDNhNzM1LTJhYTMtNGNjYS05NzIyLTJhZTQ5MjlhYjNlYyIsImMiOjEwfQ%3D%3D&pageName=adfba30c52355c5b1631
Itbayat,Batanes,20.7833,121.8333,1994,philippine,Wet Season,May-Jun-Jul-Aug-Sep-Oct,1577.8,6,https://app.powerbi.com/view?r=eyJrIjoiOTJkN2U4MjUtYWE1Ny00NzA4LWExMzctMDBiYjQ2NjZiZWVjIiwidCI6ImJkMDNhNzM1LTJhYTMtNGNjYS05NzIyLTJhZTQ5MjlhYjNlYyIsImMiOjEwfQ%3D%3D&pageName=adfba30c52355c5b1631
Itbayat,Batanes,20.7833,121.8333,1995,climatological,DJF,Dec-Jan-Feb,234.2,3,https://app.powerbi.com/view?r=eyJrIjoiOTJkN2U4MjUtYWE1Ny00NzA4LWExMzctMDBiYjQ2NjZiZWVjIiwidCI6ImJkMDNhNzM1LTJhYTMtNGNjYS05NzIyLTJhZTQ5MjlhYjNlYyIsImMiOjEwfQ%3D%3D&pageName=adfba30c52355c5b1631
Itbayat,Batanes,20.7833,121.8333,1995,climatological,JJA,Jun-Jul-Aug,1045,3,https://app.powerbi.com/view?r=eyJrIjoiOTJkN2U4MjUtYWE1Ny00NzA4LWExMzctMDBiYjQ2NjZiZWVjIiwidCI6ImJkMDNhNzM1LTJhYTMtNGNjYS05NzIyLTJhZTQ5MjlhYjNlYyIsImMiOjEwfQ%3D%3D&pageName=adfba30c52355c5b1631
Itbayat,Batanes,20.7833,121.8333,1995,climatological,MAM,Mar-Apr-May,234.5,3,https://app.powerbi.com/view?r=eyJrIjoiOTJkN2U4MjUtYWE1Ny00NzA4LWExMzctMDBiYjQ2NjZiZWVjIiwidCI6ImJkMDNhNzM1LTJhYTMtNGNjYS05NzIyLTJhZTQ5MjlhYjNlYyIsImMiOjEwfQ%3D%3D&pageName=adfba30c52355c5b1631
Itbayat,Batanes,20.7833,121.8333,1995,climatological,SON,Sep-Oct-Nov,970.7,3,https://app.powerbi.com/view?r=eyJrIjoiOTJkN2U4MjUtYWE1Ny00NzA4LWExMzctMDBiYjQ2NjZiZWVjIiwidCI6ImJkMDNhNzM1LTJhYTMtNGNjYS05NzIyLTJhZTQ5MjlhYjNlYyIsImMiOjEwfQ%3D%3D&pageName=adfba30c52355c5b1631
Itbayat,Batanes,20.7833,121.8333,1995,philippine,Dry Season,Nov-Dec-Jan-Feb-Mar-Apr,459.7,6,https://app.powerbi.com/view?r=eyJrIjoiOTJkN2U4MjUtYWE1Ny00NzA4LWExMzctMDBiYjQ2NjZiZWVjIiwidCI6ImJkMDNhNzM1LTJhYTMtNGNjYS05NzIyLTJhZTQ5MjlhYjNlYyIsImMiOjEwfQ%3D%3D&pageName=adfba30c52355c5b1631
Itbayat,Batanes,20.7833,121.8333,1995,philippine,Wet Season,May-Jun-Jul-Aug-Sep-Oct,2024.7,6,https://app.powerbi.com/view?r=eyJrIjoiOTJkN2U4MjUtYWE1Ny00NzA4LWExMzctMDBiYjQ2NjZiZWVjIiwidCI6ImJkMDNhNzM1LTJhYTMtNGNjYS05NzIyLTJhZTQ5MjlhYjNlYyIsImMiOjEwfQ%3D%3D&pageName=adfba30c52355c5b1631
Itbayat,Batanes,20.7833,121.8333,1996,climatological,DJF,Dec-Jan-Feb,276.9,3,https://app.powerbi.com/view?r=eyJrIjoiOTJkN2U4MjUtYWE1Ny00NzA4LWExMzctMDBiYjQ2NjZiZWVjIiwidCI6ImJkMDNhNzM1LTJhYTMtNGNjYS05NzIyLTJhZTQ5MjlhYjNlYyIsImMiOjEwfQ%3D%3D&pageName=adfba30c52355c5b1631
Itbayat,Batanes,20.7833,121.8333,1996,climatological,JJA,Jun-Jul-Aug,568.4,3,https://app.powerbi.com/view?r=eyJrIjoiOTJkN2U4MjUtYWE1Ny00NzA4LWExMzctMDBiYjQ2NjZiZWVjIiwidCI6ImJkMDNhNzM1LTJhYTMtNGNjYS05NzIyLTJhZTQ5MjlhYjNlYyIsImMiOjEwfQ%3D%3D&pageName=adfba30c52355c5b1631
Itbayat,Batanes,20.7833,121.8333,1996,climatological,MAM,Mar-Apr-May,742.2,3,https://app.powerbi.com/view?r=eyJrIjoiOTJkN2U4MjUtYWE1Ny00NzA4LWExMzctMDBiYjQ2NjZiZWVjIiwidCI6ImJkMDNhNzM1LTJhYTMtNGNjYS05NzIyLTJhZTQ5MjlhYjNlYyIsImMiOjEwfQ%3D%3D&pageName=adfba30c52355c5b1631
Itbayat,Batanes,20.7833,121.8333,1996,climatological,SON,Sep-Oct-Nov,880.2,3,https://app.powerbi.com/view?r=eyJrIjoiOTJkN2U4MjUtYWE1Ny00NzA4LWExMzctMDBiYjQ2NjZiZWVjIiwidCI6ImJkMDNhNzM1LTJhYTMtNGNjYS05NzIyLTJhZTQ5MjlhYjNlYyIsImMiOjEwfQ%3D%3D&pageName=adfba30c52355c5b1631
Itbayat,Batanes,20.7833,121.8333,1996,philippine,Dry Season,Nov-Dec-Jan-Feb-Mar-Apr,960.1,6,https://app.powerbi.com/view?r=eyJrIjoiOTJkN2U4MjUtYWE1Ny00NzA4LWExMzctMDBiYjQ2NjZiZWVjIiwidCI6ImJkMDNhNzM1LTJhYTMtNGNjYS05NzIyLTJhZTQ5MjlhYjNlYyIsImMiOjEwfQ%3D%3D&pageName=adfba30c52355c5b1631
Itbayat,Batanes,20.7833,121.8333,1996,philippine,Wet Season,May-Jun-Jul-Aug-Sep-Oct,1507.6,6,https://app.powerbi.com/view?r=eyJrIjoiOTJkN2U4MjUtYWE1Ny00NzA4LWExMzctMDBiYjQ2NjZiZWVjIiwidCI6ImJkMDNhNzM1LTJhYTMtNGNjYS05NzIyLTJhZTQ5MjlhYjNlYyIsImMiOjEwfQ%3D%3D&pageName=adfba30c52355c5b1631
Itbayat,Batanes,20.7833,121.8333,1997,climatological,DJF,Dec-Jan-Feb,445.5,3,https://app.powerbi.com/view?r=eyJrIjoiOTJkN2U4MjUtYWE1Ny00NzA4LWExMzctMDBiYjQ2NjZiZWVjIiwidCI6ImJkMDNhNzM1LTJhYTMtNGNjYS05NzIyLTJhZTQ5MjlhYjNlYyIsImMiOjEwfQ%3D%3D&pageName=adfba30c52355c5b1631
Itbayat,Batanes,20.7833,121.8333,1997,climatological,JJA,Jun-Jul-Aug,774.2,3,https://app.powerbi.com/view?r=eyJrIjoiOTJkN2U4MjUtYWE1Ny00NzA4LWExMzctMDBiYjQ2NjZiZWVjIiwidCI6ImJkMDNhNzM1LTJhYTMtNGNjYS05NzIyLTJhZTQ5MjlhYjNlYyIsImMiOjEwfQ%3D%3D&pageName=adfba30c52355c5b1631
Itbayat,Batanes,20.7833,121.8333,1997,climatological,MAM,Mar-Apr-May,288.2,3,https://app.powerbi.com/view?r=eyJrIjoiOTJkN2U4MjUtYWE1Ny00NzA4LWExMzctMDBiYjQ2NjZiZWVjIiwidCI6ImJkMDNhNzM1LTJhYTMtNGNjYS05NzIyLTJhZTQ5MjlhYjNlYyIsImMiOjEwfQ%3D%3D&pageName=adfba30c52355c5b1631
Itbayat,Batanes,20.7833,121.8333,1997,climatological,SON,Sep-Oct-Nov,375.5,3,https://app.powerbi.com/view?r=eyJrIjoiOTJkN2U4MjUtYWE1Ny00NzA4LWExMzctMDBiYjQ2NjZiZWVjIiwidCI6ImJkMDNhNzM1LTJhYTMtNGNjYS05NzIyLTJhZTQ5MjlhYjNlYyIsImMiOjEwfQ%3D%3D&pageName=adfba30c52355c5b1631
Itbayat,Batanes,20.7833,121.8333,1997,philippine,Dry Season,Nov-Dec-Jan-Feb-Mar-Apr,617,6,https://app.powerbi.com/view?r=eyJrIjoiOTJkN2U4MjUtYWE1Ny00NzA4LWExMzctMDBiYjQ2NjZiZWVjIiwidCI6ImJkMDNhNzM1LTJhYTMtNGNjYS05NzIyLTJhZTQ5MjlhYjNlYyIsImMiOjEwfQ%3D%3D&pageName=adfba30c52355c5b1631
Itbayat,Batanes,20.7833,121.8333,1997,philippine,Wet Season,May-Jun-Jul-Aug-Sep-Oct,1266.4,6,https://app.powerbi.com/view?r=eyJrIjoiOTJkN2U4MjUtYWE1Ny00NzA4LWExMzctMDBiYjQ2NjZiZWVjIiwidCI6ImJkMDNhNzM1LTJhYTMtNGNjYS05NzIyLTJhZTQ5MjlhYjNlYyIsImMiOjEwfQ%3D%3D&pageName=adfba30c52355c5b1631
Itbayat,Batanes,20.7833,121.8333,1998,climatological,DJF,Dec-Jan-Feb,181.8,3,https://app.powerbi.com/view?r=eyJrIjoiOTJkN2U4MjUtYWE1Ny00NzA4LWExMzctMDBiYjQ2NjZiZWVjIiwidCI6ImJkMDNhNzM1LTJhYTMtNGNjYS05NzIyLTJhZTQ5MjlhYjNlYyIsImMiOjEwfQ%3D%3D&pageName=adfba30c52355c5b1631
Itbayat,Batanes,20.7833,121.8333,1998,climatological,JJA,Jun-Jul-Aug,881.9,3,https://app.powerbi.com/view?r=eyJrIjoiOTJkN2U4MjUtYWE1Ny00NzA4LWExMzctMDBiYjQ2NjZiZWVjIiwidCI6ImJkMDNhNzM1LTJhYTMtNGNjYS05NzIyLTJhZTQ5MjlhYjNlYyIsImMiOjEwfQ%3D%3D&pageName=adfba30c52355c5b1631
Itbayat,Batanes,20.7833,121.8333,1998,climatological,MAM,Mar-Apr-May,266.3,3,https://app.powerbi.com/view?r=eyJrIjoiOTJkN2U4MjUtYWE1Ny00NzA4LWExMzctMDBiYjQ2NjZiZWVjIiwidCI6ImJkMDNhNzM1LTJhYTMtNGNjYS05NzIyLTJhZTQ5MjlhYjNlYyIsImMiOjEwfQ%3D%3D&pageName=adfba30c52355c5b1631
Itbayat,Batanes,20.7833,121.8333,1998,climatological,SON,Sep-Oct-Nov,1864.5,3,https://app.powerbi.com/view?r=eyJrIjoiOTJkN2U4MjUtYWE1Ny00NzA4LWExMzctMDBiYjQ2NjZiZWVjIiwidCI6ImJkMDNhNzM1LTJhYTMtNGNjYS05NzIyLTJhZTQ5MjlhYjNlYyIsImMiOjEwfQ%3D%3D&pageName=adfba30c52355c5b1631
Itbayat,Batanes,20.7833,121.8333,1998,philippine,Dry Season,Nov-Dec-Jan-Feb-Mar-Apr,1151.4,6,https://app.powerbi.com/view?r=eyJrIjoiOTJkN2U4MjUtYWE1Ny00NzA4LWExMzctMDBiYjQ2NjZiZWVjIiwidCI6ImJkMDNhNzM1LTJhYTMtNGNjYS05NzIyLTJhZTQ5MjlhYjNlYyIsImMiOjEwfQ%3D%3D&pageName=adfba30c52355c5b1631
Itbayat,Batanes,20.7833,121.8333,1998,philippine,Wet Season,May-Jun-Jul-Aug-Sep-Oct,2043.1,6,https://app.powerbi.com/view?r=eyJrIjoiOTJkN2U4MjUtYWE1Ny00NzA4LWExMzctMDBiYjQ2NjZiZWVjIiwidCI6ImJkMDNhNzM1LTJhYTMtNGNjYS05NzIyLTJhZTQ5MjlhYjNlYyIsImMiOjEwfQ%3D%3D&pageName=adfba30c52355c5b1631
Itbayat,Batanes,20.7833,121.8333,1999,climatological,DJF,Dec-Jan-Feb,578.2,3,https://app.powerbi.com/view?r=eyJrIjoiOTJkN2U4MjUtYWE1Ny00NzA4LWExMzctMDBiYjQ2NjZiZWVjIiwidCI6ImJkMDNhNzM1LTJhYTMtNGNjYS05NzIyLTJhZTQ5MjlhYjNlYyIsImMiOjEwfQ%3D%3D&pageName=adfba30c52355c5b1631
Itbayat,Batanes,20.7833,121.8333,1999,climatological,JJA,Jun-Jul-Aug,899.7,3,https://app.powerbi.com/view?r=eyJrIjoiOTJkN2U4MjUtYWE1Ny00NzA4LWExMzctMDBiYjQ2NjZiZWVjIiwidCI6ImJkMDNhNzM1LTJhYTMtNGNjYS05NzIyLTJhZTQ5MjlhYjNlYyIsImMiOjEwfQ%3D%3D&pageName=adfba30c52355c5b1631
Itbayat,Batanes,20.7833,121.8333,1999,climatological,MAM,Mar-Apr-May,336.4,3,https://app.powerbi.com/view?r=eyJrIjoiOTJkN2U4MjUtYWE1Ny00NzA4LWExMzctMDBiYjQ2NjZiZWVjIiwidCI6ImJkMDNhNzM1LTJhYTMtNGNjYS05NzIyLTJhZTQ5MjlhYjNlYyIsImMiOjEwfQ%3D%3D&pageName=adfba30c52355c5b1631
Itbayat,Batanes,20.7833,121.8333,1999,climatological,SON,Sep-Oct-Nov,846,3,https://app.powerbi.com/view?r=eyJrIjoiOTJkN2U4MjUtYWE1Ny00NzA4LWExMzctMDBiYjQ2NjZiZWVjIiwidCI6ImJkMDNhNzM1LTJhYTMtNGNjYS05NzIyLTJhZTQ5MjlhYjNlYyIsImMiOjEwfQ%3D%3D&pageName=adfba30c52355c5b1631
Itbayat,Batanes,20.7833,121.8333,1999,philippine,Dry Season,Nov-Dec-Jan-Feb-Mar-Apr,906.5,6,https://app.powerbi.com/view?r=eyJrIjoiOTJkN2U4MjUtYWE1Ny00NzA4LWExMzctMDBiYjQ2NjZiZWVjIiwidCI6ImJkMDNhNzM1LTJhYTMtNGNjYS05NzIyLTJhZTQ5MjlhYjNlYyIsImMiOjEwfQ%3D%3D&pageName=adfba30c52355c5b1631
Itbayat,Batanes,20.7833,121.8333,1999,philippine,Wet Season,May-Jun-Jul-Aug-Sep-Oct,1753.8,6,https://app.powerbi.com/view?r=eyJrIjoiOTJkN2U4MjUtYWE1Ny00NzA4LWExMzctMDBiYjQ2NjZiZWVjIiwidCI6ImJkMDNhNzM1LTJhYTMtNGNjYS05NzIyLTJhZTQ5MjlhYjNlYyIsImMiOjEwfQ%3D%3D&pageName=adfba30c52355c5b1631
Itbayat,Batanes,20.7833,121.8333,2000,climatological,DJF,Dec-Jan-Feb,494.1,3,https://app.powerbi.com/view?r=eyJrIjoiOTJkN2U4MjUtYWE1Ny00NzA4LWExMzctMDBiYjQ2NjZiZWVjIiwidCI6ImJkMDNhNzM1LTJhYTMtNGNjYS05NzIyLTJhZTQ5MjlhYjNlYyIsImMiOjEwfQ%3D%3D&pageName=adfba30c52355c5b1631
Itbayat,Batanes,20.7833,121.8333,2000,climatological,JJA,Jun-Jul-Aug,1004.2,3,https://app.powerbi.com/view?r=eyJrIjoiOTJkN2U4MjUtYWE1Ny00NzA4LWExMzctMDBiYjQ2NjZiZWVjIiwidCI6ImJkMDNhNzM1LTJhYTMtNGNjYS05NzIyLTJhZTQ5MjlhYjNlYyIsImMiOjEwfQ%3D%3D&pageName=adfba30c52355c5b1631
Itbayat,Batanes,20.7833,121.8333,2000,climatological,MAM,Mar-Apr-May,284.7,3,https://app.powerbi.com/view?r=eyJrIjoiOTJkN2U4MjUtYWE1Ny00NzA4LWExMzctMDBiYjQ2NjZiZWVjIiwidCI6ImJkMDNhNzM1LTJhYTMtNGNjYS05NzIyLTJhZTQ5MjlhYjNlYyIsImMiOjEwfQ%3D%3D&pageName=adfba30c52355c5b1631
Itbayat,Batanes,20.7833,121.8333,2000,climatological,SON,Sep-Oct-Nov,1048.4,3,https://app.powerbi.com/view?r=eyJrIjoiOTJkN2U4MjUtYWE1Ny00NzA4LWExMzctMDBiYjQ2NjZiZWVjIiwidCI6ImJkMDNhNzM1LTJhYTMtNGNjYS05NzIyLTJhZTQ5MjlhYjNlYyIsImMiOjEwfQ%3D%3D&pageName=adfba30c52355c5b1631
Itbayat,Batanes,20.7833,121.8333,2000,philippine,Dry Season,Nov-Dec-Jan-Feb-Mar-Apr,971.4,6,https://app.powerbi.com/view?r=eyJrIjoiOTJkN2U4MjUtYWE1Ny00NzA4LWExMzctMDBiYjQ2NjZiZWVjIiwidCI6ImJkMDNhNzM1LTJhYTMtNGNjYS05NzIyLTJhZTQ5MjlhYjNlYyIsImMiOjEwfQ%3D%3D&pageName=adfba30c52355c5b1631
Itbayat,Batanes,20.7833,121.8333,2000,philippine,Wet Season,May-Jun-Jul-Aug-Sep-Oct,1860,6,https://app.powerbi.com/view?r=eyJrIjoiOTJkN2U4MjUtYWE1Ny00NzA4LWExMzctMDBiYjQ2NjZiZWVjIiwidCI6ImJkMDNhNzM1LTJhYTMtNGNjYS05NzIyLTJhZTQ5MjlhYjNlYyIsImMiOjEwfQ%3D%3D&pageName=adfba30c52355c5b1631
Itbayat,Batanes,20.7833,121.8333,2001,climatological,DJF,Dec-Jan-Feb,288.5,3,https://app.powerbi.com/view?r=eyJrIjoiOTJkN2U4MjUtYWE1Ny00NzA4LWExMzctMDBiYjQ2NjZiZWVjIiwidCI6ImJkMDNhNzM1LTJhYTMtNGNjYS05NzIyLTJhZTQ5MjlhYjNlYyIsImMiOjEwfQ%3D%3D&pageName=adfba30c52355c5b1631
Itbayat,Batanes,20.7833,121.8333,2001,climatological,JJA,Jun-Jul-Aug,1058.4,3,https://app.powerbi.com/view?r=eyJrIjoiOTJkN2U4MjUtYWE1Ny00NzA4LWExMzctMDBiYjQ2NjZiZWVjIiwidCI6ImJkMDNhNzM1LTJhYTMtNGNjYS05NzIyLTJhZTQ5MjlhYjNlYyIsImMiOjEwfQ%3D%3D&pageName=adfba30c52355c5b1631
Itbayat,Batanes,20.7833,121.8333,2001,climatological,MAM,Mar-Apr-May,751.7,3,https://app.powerbi.com/view?r=eyJrIjoiOTJkN2U4MjUtYWE1Ny00NzA4LWExMzctMDBiYjQ2NjZiZWVjIiwidCI6ImJkMDNhNzM1LTJhYTMtNGNjYS05NzIyLTJhZTQ5MjlhYjNlYyIsImMiOjEwfQ%3D%3D&pageName=adfba30c52355c5b1631
Itbayat,Batanes,20.7833,121.8333,2001,climatological,SON,Sep-Oct-Nov,1301.8,3,https://app.powerbi.com/view?r=eyJrIjoiOTJkN2U4MjUtYWE1Ny00NzA4LWExMzctMDBiYjQ2NjZiZWVjIiwidCI6ImJkMDNhNzM1LTJhYTMtNGNjYS05NzIyLTJhZTQ5MjlhYjNlYyIsImMiOjEwfQ%3D%3D&pageName=adfba30c52355c5b1631
Itbayat,Batanes,20.7833,121.8333,2001,philippine,Dry Season,Nov-Dec-Jan-Feb-Mar-Apr,514.4,6,https://app.powerbi.com/view?r=eyJrIjoiOTJkN2U4MjUtYWE1Ny00NzA4LWExMzctMDBiYjQ2NjZiZWVjIiwidCI6ImJkMDNhNzM1LTJhYTMtNGNjYS05NzIyLTJhZTQ5MjlhYjNlYyIsImMiOjEwfQ%3D%3D&pageName=adfba30c52355c5b1631
Itbayat,Batanes,20.7833,121.8333,2001,philippine,Wet Season,May-Jun-Jul-Aug-Sep-Oct,2886,6,https://app.powerbi.com/view?r=eyJrIjoiOTJkN2U4MjUtYWE1Ny00NzA4LWExMzctMDBiYjQ2NjZiZWVjIiwidCI6ImJkMDNhNzM1LTJhYTMtNGNjYS05NzIyLTJhZTQ5MjlhYjNlYyIsImMiOjEwfQ%3D%3D&pageName=adfba30c52355c5b1631
Itbayat,Batanes,20.7833,121.8333,2002,climatological,DJF,Dec-Jan-Feb,249.2,3,https://app.powerbi.com/view?r=eyJrIjoiOTJkN2U4MjUtYWE1Ny00NzA4LWExMzctMDBiYjQ2NjZiZWVjIiwidCI6ImJkMDNhNzM1LTJhYTMtNGNjYS05NzIyLTJhZTQ5MjlhYjNlYyIsImMiOjEwfQ%3D%3D&pageName=adfba30c52355c5b1631
Itbayat,Batanes,20.7833,121.8333,2002,climatological,JJA,Jun-Jul-Aug,886.1,3,https://app.powerbi.com/view?r=eyJrIjoiOTJkN2U4MjUtYWE1Ny00NzA4LWExMzctMDBiYjQ2NjZiZWVjIiwidCI6ImJkMDNhNzM1LTJhYTMtNGNjYS05NzIyLTJhZTQ5MjlhYjNlYyIsImMiOjEwfQ%3D%3D&pageName=adfba30c52355c5b1631
Itbayat,Batanes,20.7833,121.8333,2002,climatological,MAM,Mar-Apr-May,259.7,3,https://app.powerbi.com/view?r=eyJrIjoiOTJkN2U4MjUtYWE1Ny00NzA4LWExMzctMDBiYjQ2NjZiZWVjIiwidCI6ImJkMDNhNzM1LTJhYTMtNGNjYS05NzIyLTJhZTQ5MjlhYjNlYyIsImMiOjEwfQ%3D%3D&pageName=adfba30c52355c5b1631
Itbayat,Batanes,20.7833,121.8333,2002,climatological,SON,Sep-Oct-Nov,605.9,3,https://app.powerbi.com/view?r=eyJrIjoiOTJkN2U4MjUtYWE1Ny00NzA4LWExMzctMDBiYjQ2NjZiZWVjIiwidCI6ImJkMDNhNzM1LTJhYTMtNGNjYS05NzIyLTJhZTQ5MjlhYjNlYyIsImMiOjEwfQ%3D%3D&pageName=adfba30c52355c5b1631
Itbayat,Batanes,20.7833,121.8333,2002,philippine,Dry Season,Nov-Dec-Jan-Feb-Mar-Apr,557.8,6,https://app.powerbi.com/view?r=eyJrIjoiOTJkN2U4MjUtYWE1Ny00NzA4LWExMzctMDBiYjQ2NjZiZWVjIiwidCI6ImJkMDNhNzM1LTJhYTMtNGNjYS05NzIyLTJhZTQ5MjlhYjNlYyIsImMiOjEwfQ%3D%3D&pageName=adfba30c52355c5b1631
Itbayat,Batanes,20.7833,121.8333,2002,philippine,Wet Season,May-Jun-Jul-Aug-Sep-Oct,1443.1,6,https://app.powerbi.com/view?r=eyJrIjoiOTJkN2U4MjUtYWE1Ny00NzA4LWExMzctMDBiYjQ2NjZiZWVjIiwidCI6ImJkMDNhNzM1LTJhYTMtNGNjYS05NzIyLTJhZTQ5MjlhYjNlYyIsImMiOjEwfQ%3D%3D&pageName=adfba30c52355c5b1631
Itbayat,Batanes,20.7833,121.8333,2003,climatological,DJF,Dec-Jan-Feb,245,3,https://app.powerbi.com/view?r=eyJrIjoiOTJkN2U4MjUtYWE1Ny00NzA4LWExMzctMDBiYjQ2NjZiZWVjIiwidCI6ImJkMDNhNzM1LTJhYTMtNGNjYS05NzIyLTJhZTQ5MjlhYjNlYyIsImMiOjEwfQ%3D%3D&pageName=adfba30c52355c5b1631
Itbayat,Batanes,20.7833,121.8333,2003,climatological,JJA,Jun-Jul-Aug,1008.5,3,https://app.powerbi.com/view?r=eyJrIjoiOTJkN2U4MjUtYWE1Ny00NzA4LWExMzctMDBiYjQ2NjZiZWVjIiwidCI6ImJkMDNhNzM1LTJhYTMtNGNjYS05NzIyLTJhZTQ5MjlhYjNlYyIsImMiOjEwfQ%3D%3D&pageName=adfba30c52355c5b1631
Itbayat,Batanes,20.7833,121.8333,2003,climatological,MAM,Mar-Apr-May,171.7,3,https://app.powerbi.com/view?r=eyJrIjoiOTJkN2U4MjUtYWE1Ny00NzA4LWExMzctMDBiYjQ2NjZiZWVjIiwidCI6ImJkMDNhNzM1LTJhYTMtNGNjYS05NzIyLTJhZTQ5MjlhYjNlYyIsImMiOjEwfQ%3D%3D&pageName=adfba30c52355c5b1631
Itbayat,Batanes,20.7833,121.8333,2003,climatological,SON,Sep-Oct-Nov,1259,3,https://app.powerbi.com/view?r=eyJrIjoiOTJkN2U4MjUtYWE1Ny00NzA4LWExMzctMDBiYjQ2NjZiZWVjIiwidCI6ImJkMDNhNzM1LTJhYTMtNGNjYS05NzIyLTJhZTQ5MjlhYjNlYyIsImMiOjEwfQ%3D%3D&pageName=adfba30c52355c5b1631
Itbayat,Batanes,20.7833,121.8333,2003,philippine,Dry Season,Nov-Dec-Jan-Feb-Mar-Apr,640.2,6,https://app.powerbi.com/view?r=eyJrIjoiOTJkN2U4MjUtYWE1Ny00NzA4LWExMzctMDBiYjQ2NjZiZWVjIiwidCI6ImJkMDNhNzM1LTJhYTMtNGNjYS05NzIyLTJhZTQ5MjlhYjNlYyIsImMiOjEwfQ%3D%3D&pageName=adfba30c52355c5b1631
Itbayat,Batanes,20.7833,121.8333,2003,philippine,Wet Season,May-Jun-Jul-Aug-Sep-Oct,2044,6,https://app.powerbi.com/view?r=eyJrIjoiOTJkN2U4MjUtYWE1Ny00NzA4LWExMzctMDBiYjQ2NjZiZWVjIiwidCI6ImJkMDNhNzM1LTJhYTMtNGNjYS05NzIyLTJhZTQ5MjlhYjNlYyIsImMiOjEwfQ%3D%3D&pageName=adfba30c52355c5b1631
Itbayat,Batanes,20.7833,121.8333,2004,climatological,DJF,Dec-Jan-Feb,325.9,3,https://app.powerbi.com/view?r=eyJrIjoiOTJkN2U4MjUtYWE1Ny00NzA4LWExMzctMDBiYjQ2NjZiZWVjIiwidCI6ImJkMDNhNzM1LTJhYTMtNGNjYS05NzIyLTJhZTQ5MjlhYjNlYyIsImMiOjEwfQ%3D%3D&pageName=adfba30c52355c5b1631
Itbayat,Batanes,20.7833,121.8333,2004,climatological,JJA,Jun-Jul-Aug,639.8,3,https://app.powerbi.com/view?r=eyJrIjoiOTJkN2U4MjUtYWE1Ny00NzA4LWExMzctMDBiYjQ2NjZiZWVjIiwidCI6ImJkMDNhNzM1LTJhYTMtNGNjYS05NzIyLTJhZTQ5MjlhYjNlYyIsImMiOjEwfQ%3D%3D&pageName=adfba30c52355c5b1631
Itbayat,Batanes,20.7833,121.8333,2004,climatological,MAM,Mar-Apr-May,765.8,3,https://app.powerbi.com/view?r=eyJrIjoiOTJkN2U4MjUtYWE1Ny00NzA4LWExMzctMDBiYjQ2NjZiZWVjIiwidCI6ImJkMDNhNzM1LTJhYTMtNGNjYS05NzIyLTJhZTQ5MjlhYjNlYyIsImMiOjEwfQ%3D%3D&pageName=adfba30c52355c5b1631
Itbayat,Batanes,20.7833,121.8333,2004,climatological,SON,Sep-Oct-Nov,339.6,3,https://app.powerbi.com/view?r=eyJrIjoiOTJkN2U4MjUtYWE1Ny00NzA4LWExMzctMDBiYjQ2NjZiZWVjIiwidCI6ImJkMDNhNzM1LTJhYTMtNGNjYS05NzIyLTJhZTQ5MjlhYjNlYyIsImMiOjEwfQ%3D%3D&pageName=adfba30c52355c5b1631
Itbayat,Batanes,20.7833,121.8333,2004,philippine,Dry Season,Nov-Dec-Jan-Feb-Mar-Apr,494.1,6,https://app.powerbi.com/view?r=eyJrIjoiOTJkN2U4MjUtYWE1Ny00NzA4LWExMzctMDBiYjQ2NjZiZWVjIiwidCI6ImJkMDNhNzM1LTJhYTMtNGNjYS05NzIyLTJhZTQ5MjlhYjNlYyIsImMiOjEwfQ%3D%3D&pageName=adfba30c52355c5b1631
Itbayat,Batanes,20.7833,121.8333,2004,philippine,Wet Season,May-Jun-Jul-Aug-Sep-Oct,1577,6,https://app.powerbi.com/view?r=eyJrIjoiOTJkN2U4MjUtYWE1Ny00NzA4LWExMzctMDBiYjQ2NjZiZWVjIiwidCI6ImJkMDNhNzM1LTJhYTMtNGNjYS05NzIyLTJhZTQ5MjlhYjNlYyIsImMiOjEwfQ%3D%3D&pageName=adfba30c52355c5b1631
Itbayat,Batanes,20.7833,121.8333,2005,climatological,DJF,Dec-Jan-Feb,300.1,3,https://app.powerbi.com/view?r=eyJrIjoiOTJkN2U4MjUtYWE1Ny00NzA4LWExMzctMDBiYjQ2NjZiZWVjIiwidCI6ImJkMDNhNzM1LTJhYTMtNGNjYS05NzIyLTJhZTQ5MjlhYjNlYyIsImMiOjEwfQ%3D%3D&pageName=adfba30c52355c5b1631
Itbayat,Batanes,20.7833,121.8333,2005,climatological,JJA,Jun-Jul-Aug,905.2,3,https://app.powerbi.com/view?r=eyJrIjoiOTJkN2U4MjUtYWE1Ny00NzA4LWExMzctMDBiYjQ2NjZiZWVjIiwidCI6ImJkMDNhNzM1LTJhYTMtNGNjYS05NzIyLTJhZTQ5MjlhYjNlYyIsImMiOjEwfQ%3D%3D&pageName=adfba30c52355c5b1631
Itbayat,Batanes,20.7833,121.8333,2005,climatological,MAM,Mar-Apr-May,295.9,3,https://app.powerbi.com/view?r=eyJrIjoiOTJkN2U4MjUtYWE1Ny00NzA4LWExMzctMDBiYjQ2NjZiZWVjIiwidCI6ImJkMDNhNzM1LTJhYTMtNGNjYS05NzIyLTJhZTQ5MjlhYjNlYyIsImMiOjEwfQ%3D%3D&pageName=adfba30c52355c5b1631
Itbayat,Batanes,20.7833,121.8333,2005,climatological,SON,Sep-Oct-Nov,950.5,3,https://app.powerbi.com/view?r=eyJrIjoiOTJkN2U4MjUtYWE1Ny00NzA4LWExMzctMDBiYjQ2NjZiZWVjIiwidCI6ImJkMDNhNzM1LTJhYTMtNGNjYS05NzIyLTJhZTQ5MjlhYjNlYyIsImMiOjEwfQ%3D%3D&pageName=adfba30c52355c5b1631
Itbayat,Batanes,20.7833,121.8333,2005,philippine,Dry Season,Nov-Dec-Jan-Feb-Mar-Apr,579,6,https://app.powerbi.com/view?r=eyJrIjoiOTJkN2U4MjUtYWE1Ny00NzA4LWExMzctMDBiYjQ2NjZiZWVjIiwidCI6ImJkMDNhNzM1LTJhYTMtNGNjYS05NzIyLTJhZTQ5MjlhYjNlYyIsImMiOjEwfQ%3D%3D&pageName=adfba30c52355c5b1631
Itbayat,Batanes,20.7833,121.8333,2005,philippine,Wet Season,May-Jun-Jul-Aug-Sep-Oct,1872.7,6,https://app.powerbi.com/view?r=eyJrIjoiOTJkN2U4MjUtYWE1Ny00NzA4LWExMzctMDBiYjQ2NjZiZWVjIiwidCI6ImJkMDNhNzM1LTJhYTMtNGNjYS05NzIyLTJhZTQ5MjlhYjNlYyIsImMiOjEwfQ%3D%3D&pageName=adfba30c52355c5b1631
Itbayat,Batanes,20.7833,121.8333,2006,climatological,DJF,Dec-Jan-Feb,389,3,https://app.powerbi.com/view?r=eyJrIjoiOTJkN2U4MjUtYWE1Ny00NzA4LWExMzctMDBiYjQ2NjZiZWVjIiwidCI6ImJkMDNhNzM1LTJhYTMtNGNjYS05NzIyLTJhZTQ5MjlhYjNlYyIsImMiOjEwfQ%3D%3D&pageName=adfba30c52355c5b1631
Itbayat,Batanes,20.7833,121.8333,2006,climatological,JJA,Jun-Jul-Aug,723.5,3,https://app.powerbi.com/view?r=eyJrIjoiOTJkN2U4MjUtYWE1Ny00NzA4LWExMzctMDBiYjQ2NjZiZWVjIiwidCI6ImJkMDNhNzM1LTJhYTMtNGNjYS05NzIyLTJhZTQ5MjlhYjNlYyIsImMiOjEwfQ%3D%3D&pageName=adfba30c52355c5b1631
Itbayat,Batanes,20.7833,121.8333,2006,climatological,MAM,Mar-Apr-May,216.4,3,https://app.powerbi.com/view?r=eyJrIjoiOTJkN2U4MjUtYWE1Ny00NzA4LWExMzctMDBiYjQ2NjZiZWVjIiwidCI6ImJkMDNhNzM1LTJhYTMtNGNjYS05NzIyLTJhZTQ5MjlhYjNlYyIsImMiOjEwfQ%3D%3D&pageName=adfba30c52355c5b1631
Itbayat,Batanes,20.7833,121.8333,2006,climatological,SON,Sep-Oct-Nov,429,3,https://app.powerbi.com/view?r=eyJrIjoiOTJkN2U4MjUtYWE1Ny00NzA4LWExMzctMDBiYjQ2NjZiZWVjIiwidCI6ImJkMDNhNzM1LTJhYTMtNGNjYS05NzIyLTJhZTQ5MjlhYjNlYyIsImMiOjEwfQ%3D%3D&pageName=adfba30c52355c5b1631
Itbayat,Batanes,20.7833,121.8333,2006,philippine,Dry Season,Nov-Dec-Jan-Feb-Mar-Apr,696.2,6,https://app.powerbi.com/view?r=eyJrIjoiOTJkN2U4MjUtYWE1Ny00NzA4LWExMzctMDBiYjQ2NjZiZWVjIiwidCI6ImJkMDNhNzM1LTJhYTMtNGNjYS05NzIyLTJhZTQ5MjlhYjNlYyIsImMiOjEwfQ%3D%3D&pageName=adfba30c52355c5b1631
Itbayat,Batanes,20.7833,121.8333,2006,philippine,Wet Season,May-Jun-Jul-Aug-Sep-Oct,1061.7,6,https://app.powerbi.com/view?r=eyJrIjoiOTJkN2U4MjUtYWE1Ny00NzA4LWExMzctMDBiYjQ2NjZiZWVjIiwidCI6ImJkMDNhNzM1LTJhYTMtNGNjYS05NzIyLTJhZTQ5MjlhYjNlYyIsImMiOjEwfQ%3D%3D&pageName=adfba30c52355c5b1631
Itbayat,Batanes,20.7833,121.8333,2007,climatological,DJF,Dec-Jan-Feb,206,3,https://app.powerbi.com/view?r=eyJrIjoiOTJkN2U4MjUtYWE1Ny00NzA4LWExMzctMDBiYjQ2NjZiZWVjIiwidCI6ImJkMDNhNzM1LTJhYTMtNGNjYS05NzIyLTJhZTQ5MjlhYjNlYyIsImMiOjEwfQ%3D%3D&pageName=adfba30c52355c5b1631
Itbayat,Batanes,20.7833,121.8333,2007,climatological,JJA,Jun-Jul-Aug,706.1,3,https://app.powerbi.com/view?r=eyJrIjoiOTJkN2U4MjUtYWE1Ny00NzA4LWExMzctMDBiYjQ2NjZiZWVjIiwidCI6ImJkMDNhNzM1LTJhYTMtNGNjYS05NzIyLTJhZTQ5MjlhYjNlYyIsImMiOjEwfQ%3D%3D&pageName=adfba30c52355c5b1631
Itbayat,Batanes,20.7833,121.8333,2007,climatological,MAM,Mar-Apr-May,430.6,3,https://app.powerbi.com/view?r=eyJrIjoiOTJkN2U4MjUtYWE1Ny00NzA4LWExMzctMDBiYjQ2NjZiZWVjIiwidCI6ImJkMDNhNzM1LTJhYTMtNGNjYS05NzIyLTJhZTQ5MjlhYjNlYyIsImMiOjEwfQ%3D%3D&pageName=adfba30c52355c5b1631
Itbayat,Batanes,20.7833,121.8333,2007,climatological,SON,Sep-Oct-Nov,1435.5,3,https://app.powerbi.com/view?r=eyJrIjoiOTJkN2U4MjUtYWE1Ny00NzA4LWExMzctMDBiYjQ2NjZiZWVjIiwidCI6ImJkMDNhNzM1LTJhYTMtNGNjYS05NzIyLTJhZTQ5MjlhYjNlYyIsImMiOjEwfQ%3D%3D&pageName=adfba30c52355c5b1631
Itbayat,Batanes,20.7833,121.8333,2007,philippine,Dry Season,Nov-Dec-Jan-Feb-Mar-Apr,816.3,6,https://app.powerbi.com/view?r=eyJrIjoiOTJkN2U4MjUtYWE1Ny00NzA4LWExMzctMDBiYjQ2NjZiZWVjIiwidCI6ImJkMDNhNzM1LTJhYTMtNGNjYS05NzIyLTJhZTQ5MjlhYjNlYyIsImMiOjEwfQ%3D%3D&pageName=adfba30c52355c5b1631
Itbayat,Batanes,20.7833,121.8333,2007,philippine,Wet Season,May-Jun-Jul-Aug-Sep-Oct,1961.9,6,https://app.powerbi.com/view?r=eyJrIjoiOTJkN2U4MjUtYWE1Ny00NzA4LWExMzctMDBiYjQ2NjZiZWVjIiwidCI6ImJkMDNhNzM1LTJhYTMtNGNjYS05NzIyLTJhZTQ5MjlhYjNlYyIsImMiOjEwfQ%3D%3D&pageName=adfba30c52355c5b1631
Itbayat,Batanes,20.7833,121.8333,2008,climatological,DJF,Dec-Jan-Feb,518.1,3,https://app.powerbi.com/view?r=eyJrIjoiOTJkN2U4MjUtYWE1Ny00NzA4LWExMzctMDBiYjQ2NjZiZWVjIiwidCI6ImJkMDNhNzM1LTJhYTMtNGNjYS05NzIyLTJhZTQ5MjlhYjNlYyIsImMiOjEwfQ%3D%3D&pageName=adfba30c52355c5b1631
Itbayat,Batanes,20.7833,121.8333,2008,climatological,JJA,Jun-Jul-Aug,1257.3,3,https://app.powerbi.com/view?r=eyJrIjoiOTJkN2U4MjUtYWE1Ny00NzA4LWExMzctMDBiYjQ2NjZiZWVjIiwidCI6ImJkMDNhNzM1LTJhYTMtNGNjYS05NzIyLTJhZTQ5MjlhYjNlYyIsImMiOjEwfQ%3D%3D&pageName=adfba30c52355c5b1631
Itbayat,Batanes,20.7833,121.8333,2008,climatological,MAM,Mar-Apr-May,121.2,3,https://app.powerbi.com/view?r=eyJrIjoiOTJkN2U4MjUtYWE1Ny00NzA4LWExMzctMDBiYjQ2NjZiZWVjIiwidCI6ImJkMDNhNzM1LTJhYTMtNGNjYS05NzIyLTJhZTQ5MjlhYjNlYyIsImMiOjEwfQ%3D%3D&pageName=adfba30c52355c5b1631
Itbayat,Batanes,20.7833,121.8333,2008,climatological,SON,Sep-Oct-Nov,833.5,3,https://app.powerbi.com/view?r=eyJrIjoiOTJkN2U4MjUtYWE1Ny00NzA4LWExMzctMDBiYjQ2NjZiZWVjIiwidCI6ImJkMDNhNzM1LTJhYTMtNGNjYS05NzIyLTJhZTQ5MjlhYjNlYyIsImMiOjEwfQ%3D%3D&pageName=adfba30c52355c5b1631
Itbayat,Batanes,20.7833,121.8333,2008,philippine,Dry Season,Nov-Dec-Jan-Feb-Mar-Apr,856.3,6,https://app.powerbi.com/view?r=eyJrIjoiOTJkN2U4MjUtYWE1Ny00NzA4LWExMzctMDBiYjQ2NjZiZWVjIiwidCI6ImJkMDNhNzM1LTJhYTMtNGNjYS05NzIyLTJhZTQ5MjlhYjNlYyIsImMiOjEwfQ%3D%3D&pageName=adfba30c52355c5b1631
Itbayat,Batanes,20.7833,121.8333,2008,philippine,Wet Season,May-Jun-Jul-Aug-Sep-Oct,1873.8,6,https://app.powerbi.com/view?r=eyJrIjoiOTJkN2U4MjUtYWE1Ny00NzA4LWExMzctMDBiYjQ2NjZiZWVjIiwidCI6ImJkMDNhNzM1LTJhYTMtNGNjYS05NzIyLTJhZTQ5MjlhYjNlYyIsImMiOjEwfQ%3D%3D&pageName=adfba30c52355c5b1631
Itbayat,Batanes,20.7833,121.8333,2009,climatological,DJF,Dec-Jan-Feb,83.6,3,https://app.powerbi.com/view?r=eyJrIjoiOTJkN2U4MjUtYWE1Ny00NzA4LWExMzctMDBiYjQ2NjZiZWVjIiwidCI6ImJkMDNhNzM1LTJhYTMtNGNjYS05NzIyLTJhZTQ5MjlhYjNlYyIsImMiOjEwfQ%3D%3D&pageName=adfba30c52355c5b1631
Itbayat,Batanes,20.7833,121.8333,2009,climatological,JJA,Jun-Jul-Aug,641.8,3,https://app.powerbi.com/view?r=eyJrIjoiOTJkN2U4MjUtYWE1Ny00NzA4LWExMzctMDBiYjQ2NjZiZWVjIiwidCI6ImJkMDNhNzM1LTJhYTMtNGNjYS05NzIyLTJhZTQ5MjlhYjNlYyIsImMiOjEwfQ%3D%3D&pageName=adfba30c52355c5b1631
Itbayat,Batanes,20.7833,121.8333,2009,climatological,MAM,Mar-Apr-May,301.4,3,https://app.powerbi.com/view?r=eyJrIjoiOTJkN2U4MjUtYWE1Ny00NzA4LWExMzctMDBiYjQ2NjZiZWVjIiwidCI6ImJkMDNhNzM1LTJhYTMtNGNjYS05NzIyLTJhZTQ5MjlhYjNlYyIsImMiOjEwfQ%3D%3D&pageName=adfba30c52355c5b1631
Itbayat,Batanes,20.7833,121.8333,2009,climatological,SON,Sep-Oct-Nov,836.4,3,https://app.powerbi.com/view?r=eyJrIjoiOTJkN2U4MjUtYWE1Ny00NzA4LWExMzctMDBiYjQ2NjZiZWVjIiwidCI6ImJkMDNhNzM1LTJhYTMtNGNjYS05NzIyLTJhZTQ5MjlhYjNlYyIsImMiOjEwfQ%3D%3D&pageName=adfba30c52355c5b1631
Itbayat,Batanes,20.7833,121.8333,2009,philippine,Dry Season,Nov-Dec-Jan-Feb-Mar-Apr,407.9,6,https://app.powerbi.com/view?r=eyJrIjoiOTJkN2U4MjUtYWE1Ny00NzA4LWExMzctMDBiYjQ2NjZiZWVjIiwidCI6ImJkMDNhNzM1LTJhYTMtNGNjYS05NzIyLTJhZTQ5MjlhYjNlYyIsImMiOjEwfQ%3D%3D&pageName=adfba30c52355c5b1631
Itbayat,Batanes,20.7833,121.8333,2009,philippine,Wet Season,May-Jun-Jul-Aug-Sep-Oct,1455.3,6,https://app.powerbi.com/view?r=eyJrIjoiOTJkN2U4MjUtYWE1Ny00NzA4LWExMzctMDBiYjQ2NjZiZWVjIiwidCI6ImJkMDNhNzM1LTJhYTMtNGNjYS05NzIyLTJhZTQ5MjlhYjNlYyIsImMiOjEwfQ%3D%3D&pageName=adfba30c52355c5b1631
Itbayat,Batanes,20.7833,121.8333,2010,climatological,DJF,Dec-Jan-Feb,283.8,3,https://app.powerbi.com/view?r=eyJrIjoiOTJkN2U4MjUtYWE1Ny00NzA4LWExMzctMDBiYjQ2NjZiZWVjIiwidCI6ImJkMDNhNzM1LTJhYTMtNGNjYS05NzIyLTJhZTQ5MjlhYjNlYyIsImMiOjEwfQ%3D%3D&pageName=adfba30c52355c5b1631
Itbayat,Batanes,20.7833,121.8333,2010,climatological,JJA,Jun-Jul-Aug,826.6,3,https://app.powerbi.com/view?r=eyJrIjoiOTJkN2U4MjUtYWE1Ny00NzA4LWExMzctMDBiYjQ2NjZiZWVjIiwidCI6ImJkMDNhNzM1LTJhYTMtNGNjYS05NzIyLTJhZTQ5MjlhYjNlYyIsImMiOjEwfQ%3D%3D&pageName=adfba30c52355c5b1631
Itbayat,Batanes,20.7833,121.8333,2010,climatological,MAM,Mar-Apr-May,516.4,3,https://app.powerbi.com/view?r=eyJrIjoiOTJkN2U4MjUtYWE1Ny00NzA4LWExMzctMDBiYjQ2NjZiZWVjIiwidCI6ImJkMDNhNzM1LTJhYTMtNGNjYS05NzIyLTJhZTQ5MjlhYjNlYyIsImMiOjEwfQ%3D%3D&pageName=adfba30c52355c5b1631
Itbayat,Batanes,20.7833,121.8333,2010,climatological,SON,Sep-Oct-Nov,901.4,3,https://app.powerbi.com/view?r=eyJrIjoiOTJkN2U4MjUtYWE1Ny00NzA4LWExMzctMDBiYjQ2NjZiZWVjIiwidCI6ImJkMDNhNzM1LTJhYTMtNGNjYS05NzIyLTJhZTQ5MjlhYjNlYyIsImMiOjEwfQ%3D%3D&pageName=adfba30c52355c5b1631
Itbayat,Batanes,20.7833,121.8333,2010,philippine,Dry Season,Nov-Dec-Jan-Feb-Mar-Apr,814.6,6,https://app.powerbi.com/view?r=eyJrIjoiOTJkN2U4MjUtYWE1Ny00NzA4LWExMzctMDBiYjQ2NjZiZWVjIiwidCI6ImJkMDNhNzM1LTJhYTMtNGNjYS05NzIyLTJhZTQ5MjlhYjNlYyIsImMiOjEwfQ%3D%3D&pageName=adfba30c52355c5b1631
Itbayat,Batanes,20.7833,121.8333,2010,philippine,Wet Season,May-Jun-Jul-Aug-Sep-Oct,1713.6,6,https://app.powerbi.com/view?r=eyJrIjoiOTJkN2U4MjUtYWE1Ny00NzA4LWExMzctMDBiYjQ2NjZiZWVjIiwidCI6ImJkMDNhNzM1LTJhYTMtNGNjYS05NzIyLTJhZTQ5MjlhYjNlYyIsImMiOjEwfQ%3D%3D&pageName=adfba30c52355c5b1631
Itbayat,Batanes,20.7833,121.8333,2011,climatological,DJF,Dec-Jan-Feb,635,3,https://app.powerbi.com/view?r=eyJrIjoiOTJkN2U4MjUtYWE1Ny00NzA4LWExMzctMDBiYjQ2NjZiZWVjIiwidCI6ImJkMDNhNzM1LTJhYTMtNGNjYS05NzIyLTJhZTQ5MjlhYjNlYyIsImMiOjEwfQ%3D%3D&pageName=adfba30c52355c5b1631
Itbayat,Batanes,20.7833,121.8333,2011,climatological,JJA,Jun-Jul-Aug,751.1,3,https://app.powerbi.com/view?r=eyJrIjoiOTJkN2U4MjUtYWE1Ny00NzA4LWExMzctMDBiYjQ2NjZiZWVjIiwidCI6ImJkMDNhNzM1LTJhYTMtNGNjYS05NzIyLTJhZTQ5MjlhYjNlYyIsImMiOjEwfQ%3D%3D&pageName=adfba30c52355c5b1631
Itbayat,Batanes,20.7833,121.8333,2011,climatological,MAM,Mar-Apr-May,217.9,3,https://app.powerbi.com/view?r=eyJrIjoiOTJkN2U4MjUtYWE1Ny00NzA4LWExMzctMDBiYjQ2NjZiZWVjIiwidCI6ImJkMDNhNzM1LTJhYTMtNGNjYS05NzIyLTJhZTQ5MjlhYjNlYyIsImMiOjEwfQ%3D%3D&pageName=adfba30c52355c5b1631
Itbayat,Batanes,20.7833,121.8333,2011,climatological,SON,Sep-Oct-Nov,1066.2,3,https://app.powerbi.com/view?r=eyJrIjoiOTJkN2U4MjUtYWE1Ny00NzA4LWExMzctMDBiYjQ2NjZiZWVjIiwidCI6ImJkMDNhNzM1LTJhYTMtNGNjYS05NzIyLTJhZTQ5MjlhYjNlYyIsImMiOjEwfQ%3D%3D&pageName=adfba30c52355c5b1631
Itbayat,Batanes,20.7833,121.8333,2011,philippine,Dry Season,Nov-Dec-Jan-Feb-Mar-Apr,1081.7,6,https://app.powerbi.com/view?r=eyJrIjoiOTJkN2U4MjUtYWE1Ny00NzA4LWExMzctMDBiYjQ2NjZiZWVjIiwidCI6ImJkMDNhNzM1LTJhYTMtNGNjYS05NzIyLTJhZTQ5MjlhYjNlYyIsImMiOjEwfQ%3D%3D&pageName=adfba30c52355c5b1631
Itbayat,Batanes,20.7833,121.8333,2011,philippine,Wet Season,May-Jun-Jul-Aug-Sep-Oct,1588.5,6,https://app.powerbi.com/view?r=eyJrIjoiOTJkN2U4MjUtYWE1Ny00NzA4LWExMzctMDBiYjQ2NjZiZWVjIiwidCI6ImJkMDNhNzM1LTJhYTMtNGNjYS05NzIyLTJhZTQ5MjlhYjNlYyIsImMiOjEwfQ%3D%3D&pageName=adfba30c52355c5b1631
Itbayat,Batanes,20.7833,121.8333,2012,climatological,DJF,Dec-Jan-Feb,427.6,3,https://app.powerbi.com/view?r=eyJrIjoiOTJkN2U4MjUtYWE1Ny00NzA4LWExMzctMDBiYjQ2NjZiZWVjIiwidCI6ImJkMDNhNzM1LTJhYTMtNGNjYS05NzIyLTJhZTQ5MjlhYjNlYyIsImMiOjEwfQ%3D%3D&pageName=adfba30c52355c5b1631
Itbayat,Batanes,20.7833,121.8333,2012,climatological,JJA,Jun-Jul-Aug,1009.1,3,https://app.powerbi.com/view?r=eyJrIjoiOTJkN2U4MjUtYWE1Ny00NzA4LWExMzctMDBiYjQ2NjZiZWVjIiwidCI6ImJkMDNhNzM1LTJhYTMtNGNjYS05NzIyLTJhZTQ5MjlhYjNlYyIsImMiOjEwfQ%3D%3D&pageName=adfba30c52355c5b1631
Itbayat,Batanes,20.7833,121.8333,2012,climatological,MAM,Mar-Apr-May,414.7,3,https://app.powerbi.com/view?r=eyJrIjoiOTJkN2U4MjUtYWE1Ny00NzA4LWExMzctMDBiYjQ2NjZiZWVjIiwidCI6ImJkMDNhNzM1LTJhYTMtNGNjYS05NzIyLTJhZTQ5MjlhYjNlYyIsImMiOjEwfQ%3D%3D&pageName=adfba30c52355c5b1631
Itbayat,Batanes,20.7833,121.8333,2012,climatological,SON,Sep-Oct-Nov,333.5,3,https://app.powerbi.com/view?r=eyJrIjoiOTJkN2U4MjUtYWE1Ny00NzA4LWExMzctMDBiYjQ2NjZiZWVjIiwidCI6ImJkMDNhNzM1LTJhYTMtNGNjYS05NzIyLTJhZTQ5MjlhYjNlYyIsImMiOjEwfQ%3D%3D&pageName=adfba30c52355c5b1631
Itbayat,Batanes,20.7833,121.8333,2012,philippine,Dry Season,Nov-Dec-Jan-Feb-Mar-Apr,830.2,6,https://app.powerbi.com/view?r=eyJrIjoiOTJkN2U4MjUtYWE1Ny00NzA4LWExMzctMDBiYjQ2NjZiZWVjIiwidCI6ImJkMDNhNzM1LTJhYTMtNGNjYS05NzIyLTJhZTQ5MjlhYjNlYyIsImMiOjEwfQ%3D%3D&pageName=adfba30c52355c5b1631
Itbayat,Batanes,20.7833,121.8333,2012,philippine,Wet Season,May-Jun-Jul-Aug-Sep-Oct,1354.7,6,https://app.powerbi.com/view?r=eyJrIjoiOTJkN2U4MjUtYWE1Ny00NzA4LWExMzctMDBiYjQ2NjZiZWVjIiwidCI6ImJkMDNhNzM1LTJhYTMtNGNjYS05NzIyLTJhZTQ5MjlhYjNlYyIsImMiOjEwfQ%3D%3D&pageName=adfba30c52355c5b1631
Itbayat,Batanes,20.7833,121.8333,2013,climatological,DJF,Dec-Jan-Feb,418.2,3,https://app.powerbi.com/view?r=eyJrIjoiOTJkN2U4MjUtYWE1Ny00NzA4LWExMzctMDBiYjQ2NjZiZWVjIiwidCI6ImJkMDNhNzM1LTJhYTMtNGNjYS05NzIyLTJhZTQ5MjlhYjNlYyIsImMiOjEwfQ%3D%3D&pageName=adfba30c52355c5b1631
Itbayat,Batanes,20.7833,121.8333,2013,climatological,JJA,Jun-Jul-Aug,729.5,3,https://app.powerbi.com/view?r=eyJrIjoiOTJkN2U4MjUtYWE1Ny00NzA4LWExMzctMDBiYjQ2NjZiZWVjIiwidCI6ImJkMDNhNzM1LTJhYTMtNGNjYS05NzIyLTJhZTQ5MjlhYjNlYyIsImMiOjEwfQ%3D%3D&pageName=adfba30c52355c5b1631
Itbayat,Batanes,20.7833,121.8333,2013,climatological,MAM,Mar-Apr-May,216.5,3,https://app.powerbi.com/view?r=eyJrIjoiOTJkN2U4MjUtYWE1Ny00NzA4LWExMzctMDBiYjQ2NjZiZWVjIiwidCI6ImJkMDNhNzM1LTJhYTMtNGNjYS05NzIyLTJhZTQ5MjlhYjNlYyIsImMiOjEwfQ%3D%3D&pageName=adfba30c52355c5b1631
Itbayat,Batanes,20.7833,121.8333,2013,climatological,SON,Sep-Oct-Nov,589.8,3,https://app.powerbi.com/view?r=eyJrIjoiOTJkN2U4MjUtYWE1Ny00NzA4LWExMzctMDBiYjQ2NjZiZWVjIiwidCI6ImJkMDNhNzM1LTJhYTMtNGNjYS05NzIyLTJhZTQ5MjlhYjNlYyIsImMiOjEwfQ%3D%3D&pageName=adfba30c52355c5b1631
Itbayat,Batanes,20.7833,121.8333,2013,philippine,Dry Season,Nov-Dec-Jan-Feb-Mar-Apr,625.2,6,https://app.powerbi.com/view?r=eyJrIjoiOTJkN2U4MjUtYWE1Ny00NzA4LWExMzctMDBiYjQ2NjZiZWVjIiwidCI6ImJkMDNhNzM1LTJhYTMtNGNjYS05NzIyLTJhZTQ5MjlhYjNlYyIsImMiOjEwfQ%3D%3D&pageName=adfba30c52355c5b1631
Itbayat,Batanes,20.7833,121.8333,2013,philippine,Wet Season,May-Jun-Jul-Aug-Sep-Oct,1328.8,6,https://app.powerbi.com/view?r=eyJrIjoiOTJkN2U4MjUtYWE1Ny00NzA4LWExMzctMDBiYjQ2NjZiZWVjIiwidCI6ImJkMDNhNzM1LTJhYTMtNGNjYS05NzIyLTJhZTQ5MjlhYjNlYyIsImMiOjEwfQ%3D%3D&pageName=adfba30c52355c5b1631
Itbayat,Batanes,20.7833,121.8333,2014,climatological,DJF,Dec-Jan-Feb,181.3,3,https://app.powerbi.com/view?r=eyJrIjoiOTJkN2U4MjUtYWE1Ny00NzA4LWExMzctMDBiYjQ2NjZiZWVjIiwidCI6ImJkMDNhNzM1LTJhYTMtNGNjYS05NzIyLTJhZTQ5MjlhYjNlYyIsImMiOjEwfQ%3D%3D&pageName=adfba30c52355c5b1631
Itbayat,Batanes,20.7833,121.8333,2014,climatological,JJA,Jun-Jul-Aug,655.4,3,https://app.powerbi.com/view?r=eyJrIjoiOTJkN2U4MjUtYWE1Ny00NzA4LWExMzctMDBiYjQ2NjZiZWVjIiwidCI6ImJkMDNhNzM1LTJhYTMtNGNjYS05NzIyLTJhZTQ5MjlhYjNlYyIsImMiOjEwfQ%3D%3D&pageName=adfba30c52355c5b1631
Itbayat,Batanes,20.7833,121.8333,2014,climatological,MAM,Mar-Apr-May,122.4,3,https://app.powerbi.com/view?r=eyJrIjoiOTJkN2U4MjUtYWE1Ny00NzA4LWExMzctMDBiYjQ2NjZiZWVjIiwidCI6ImJkMDNhNzM1LTJhYTMtNGNjYS05NzIyLTJhZTQ5MjlhYjNlYyIsImMiOjEwfQ%3D%3D&pageName=adfba30c52355c5b1631
Itbayat,Batanes,20.7833,121.8333,2014,climatological,SON,Sep-Oct-Nov,543.6,3,https://app.powerbi.com/view?r=eyJrIjoiOTJkN2U4MjUtYWE1Ny00NzA4LWExMzctMDBiYjQ2NjZiZWVjIiwidCI6ImJkMDNhNzM1LTJhYTMtNGNjYS05NzIyLTJhZTQ5MjlhYjNlYyIsImMiOjEwfQ%3D%3D&pageName=adfba30c52355c5b1631
Itbayat,Batanes,20.7833,121.8333,2014,philippine,Dry Season,Nov-Dec-Jan-Feb-Mar-Apr,316.4,6,https://app.powerbi.com/view?r=eyJrIjoiOTJkN2U4MjUtYWE1Ny00NzA4LWExMzctMDBiYjQ2NjZiZWVjIiwidCI6ImJkMDNhNzM1LTJhYTMtNGNjYS05NzIyLTJhZTQ5MjlhYjNlYyIsImMiOjEwfQ%3D%3D&pageName=adfba30c52355c5b1631
Itbayat,Batanes,20.7833,121.8333,2014,philippine,Wet Season,May-Jun-Jul-Aug-Sep-Oct,1186.3,6,https://app.powerbi.com/view?r=eyJrIjoiOTJkN2U4MjUtYWE1Ny00NzA4LWExMzctMDBiYjQ2NjZiZWVjIiwidCI6ImJkMDNhNzM1LTJhYTMtNGNjYS05NzIyLTJhZTQ5MjlhYjNlYyIsImMiOjEwfQ%3D%3D&pageName=adfba30c52355c5b1631
Itbayat,Batanes,20.7833,121.8333,2015,climatological,DJF,Dec-Jan-Feb,199.2,3,https://app.powerbi.com/view?r=eyJrIjoiOTJkN2U4MjUtYWE1Ny00NzA4LWExMzctMDBiYjQ2NjZiZWVjIiwidCI6ImJkMDNhNzM1LTJhYTMtNGNjYS05NzIyLTJhZTQ5MjlhYjNlYyIsImMiOjEwfQ%3D%3D&pageName=adfba30c52355c5b1631
Itbayat,Batanes,20.7833,121.8333,2015,climatological,JJA,Jun-Jul-Aug,532.4,3,https://app.powerbi.com/view?r=eyJrIjoiOTJkN2U4MjUtYWE1Ny00NzA4LWExMzctMDBiYjQ2NjZiZWVjIiwidCI6ImJkMDNhNzM1LTJhYTMtNGNjYS05NzIyLTJhZTQ5MjlhYjNlYyIsImMiOjEwfQ%3D%3D&pageName=adfba30c52355c5b1631
Itbayat,Batanes,20.7833,121.8333,2015,climatological,MAM,Mar-Apr-May,519.9,3,https://app.powerbi.com/view?r=eyJrIjoiOTJkN2U4MjUtYWE1Ny00NzA4LWExMzctMDBiYjQ2NjZiZWVjIiwidCI6ImJkMDNhNzM1LTJhYTMtNGNjYS05NzIyLTJhZTQ5MjlhYjNlYyIsImMiOjEwfQ%3D%3D&pageName=adfba30c52355c5b1631
Itbayat,Batanes,20.7833,121.8333,2015,climatological,SON,Sep-Oct-Nov,554.4,3,https://app.powerbi.com/view?r=eyJrIjoiOTJkN2U4MjUtYWE1Ny00NzA4LWExMzctMDBiYjQ2NjZiZWVjIiwidCI6ImJkMDNhNzM1LTJhYTMtNGNjYS05NzIyLTJhZTQ5MjlhYjNlYyIsImMiOjEwfQ%3D%3D&pageName=adfba30c52355c5b1631
Itbayat,Batanes,20.7833,121.8333,2015,philippine,Dry Season,Nov-Dec-Jan-Feb-Mar-Apr,587.9,6,https://app.powerbi.com/view?r=eyJrIjoiOTJkN2U4MjUtYWE1Ny00NzA4LWExMzctMDBiYjQ2NjZiZWVjIiwidCI6ImJkMDNhNzM1LTJhYTMtNGNjYS05NzIyLTJhZTQ5MjlhYjNlYyIsImMiOjEwfQ%3D%3D&pageName=adfba30c52355c5b1631
Itbayat,Batanes,20.7833,121.8333,2015,philippine,Wet Season,May-Jun-Jul-Aug-Sep-Oct,1218,6,https://app.powerbi.com/view?r=eyJrIjoiOTJkN2U4MjUtYWE1Ny00NzA4LWExMzctMDBiYjQ2NjZiZWVjIiwidCI6ImJkMDNhNzM1LTJhYTMtNGNjYS05NzIyLTJhZTQ5MjlhYjNlYyIsImMiOjEwfQ%3D%3D&pageName=adfba30c52355c5b1631
Itbayat,Batanes,20.7833,121.8333,2016,climatological,DJF,Dec-Jan-Feb,598.5,3,https://app.powerbi.com/view?r=eyJrIjoiOTJkN2U4MjUtYWE1Ny00NzA4LWExMzctMDBiYjQ2NjZiZWVjIiwidCI6ImJkMDNhNzM1LTJhYTMtNGNjYS05NzIyLTJhZTQ5MjlhYjNlYyIsImMiOjEwfQ%3D%3D&pageName=adfba30c52355c5b1631
Itbayat,Batanes,20.7833,121.8333,2016,climatological,JJA,Jun-Jul-Aug,857.9,3,https://app.powerbi.com/view?r=eyJrIjoiOTJkN2U4MjUtYWE1Ny00NzA4LWExMzctMDBiYjQ2NjZiZWVjIiwidCI6ImJkMDNhNzM1LTJhYTMtNGNjYS05NzIyLTJhZTQ5MjlhYjNlYyIsImMiOjEwfQ%3D%3D&pageName=adfba30c52355c5b1631
Itbayat,Batanes,20.7833,121.8333,2016,climatological,MAM,Mar-Apr-May,195.4,3,https://app.powerbi.com/view?r=eyJrIjoiOTJkN2U4MjUtYWE1Ny00NzA4LWExMzctMDBiYjQ2NjZiZWVjIiwidCI6ImJkMDNhNzM1LTJhYTMtNGNjYS05NzIyLTJhZTQ5MjlhYjNlYyIsImMiOjEwfQ%3D%3D&pageName=adfba30c52355c5b1631
Itbayat,Batanes,20.7833,121.8333,2016,climatological,SON,Sep-Oct-Nov,1482.9,3,https://app.powerbi.com/view?r=eyJrIjoiOTJkN2U4MjUtYWE1Ny00NzA4LWExMzctMDBiYjQ2NjZiZWVjIiwidCI6ImJkMDNhNzM1LTJhYTMtNGNjYS05NzIyLTJhZTQ5MjlhYjNlYyIsImMiOjEwfQ%3D%3D&pageName=adfba30c52355c5b1631
Itbayat,Batanes,20.7833,121.8333,2016,philippine,Dry Season,Nov-Dec-Jan-Feb-Mar-Apr,899,6,https://app.powerbi.com/view?r=eyJrIjoiOTJkN2U4MjUtYWE1Ny00NzA4LWExMzctMDBiYjQ2NjZiZWVjIiwidCI6ImJkMDNhNzM1LTJhYTMtNGNjYS05NzIyLTJhZTQ5MjlhYjNlYyIsImMiOjEwfQ%3D%3D&pageName=adfba30c52355c5b1631
Itbayat,Batanes,20.7833,121.8333,2016,philippine,Wet Season,May-Jun-Jul-Aug-Sep-Oct,2235.7,6,https://app.powerbi.com/view?r=eyJrIjoiOTJkN2U4MjUtYWE1Ny00NzA4LWExMzctMDBiYjQ2NjZiZWVjIiwidCI6ImJkMDNhNzM1LTJhYTMtNGNjYS05NzIyLTJhZTQ5MjlhYjNlYyIsImMiOjEwfQ%3D%3D&pageName=adfba30c52355c5b1631
Itbayat,Batanes,20.7833,121.8333,2017,climatological,DJF,Dec-Jan-Feb,289.3,3,https://app.powerbi.com/view?r=eyJrIjoiOTJkN2U4MjUtYWE1Ny00NzA4LWExMzctMDBiYjQ2NjZiZWVjIiwidCI6ImJkMDNhNzM1LTJhYTMtNGNjYS05NzIyLTJhZTQ5MjlhYjNlYyIsImMiOjEwfQ%3D%3D&pageName=adfba30c52355c5b1631
Itbayat,Batanes,20.7833,121.8333,2017,climatological,JJA,Jun-Jul-Aug,717.2,3,https://app.powerbi.com/view?r=eyJrIjoiOTJkN2U4MjUtYWE1Ny00NzA4LWExMzctMDBiYjQ2NjZiZWVjIiwidCI6ImJkMDNhNzM1LTJhYTMtNGNjYS05NzIyLTJhZTQ5MjlhYjNlYyIsImMiOjEwfQ%3D%3D&pageName=adfba30c52355c5b1631
Itbayat,Batanes,20.7833,121.8333,2017,climatological,MAM,Mar-Apr-May,579.7,3,https://app.powerbi.com/view?r=eyJrIjoiOTJkN2U4MjUtYWE1Ny00NzA4LWExMzctMDBiYjQ2NjZiZWVjIiwidCI6ImJkMDNhNzM1LTJhYTMtNGNjYS05NzIyLTJhZTQ5MjlhYjNlYyIsImMiOjEwfQ%3D%3D&pageName=adfba30c52355c5b1631
Itbayat,Batanes,20.7833,121.8333,2017,climatological,SON,Sep-Oct-Nov,735.9,3,https://app.powerbi.com/view?r=eyJrIjoiOTJkN2U4MjUtYWE1Ny00NzA4LWExMzctMDBiYjQ2NjZiZWVjIiwidCI6ImJkMDNhNzM1LTJhYTMtNGNjYS05NzIyLTJhZTQ5MjlhYjNlYyIsImMiOjEwfQ%3D%3D&pageName=adfba30c52355c5b1631
Itbayat,Batanes,20.7833,121.8333,2017,philippine,Dry Season,Nov-Dec-Jan-Feb-Mar-Apr,682.9,6,https://app.powerbi.com/view?r=eyJrIjoiOTJkN2U4MjUtYWE1Ny00NzA4LWExMzctMDBiYjQ2NjZiZWVjIiwidCI6ImJkMDNhNzM1LTJhYTMtNGNjYS05NzIyLTJhZTQ5MjlhYjNlYyIsImMiOjEwfQ%3D%3D&pageName=adfba30c52355c5b1631
Itbayat,Batanes,20.7833,121.8333,2017,philippine,Wet Season,May-Jun-Jul-Aug-Sep-Oct,1639.2,6,https://app.powerbi.com/view?r=eyJrIjoiOTJkN2U4MjUtYWE1Ny00NzA4LWExMzctMDBiYjQ2NjZiZWVjIiwidCI6ImJkMDNhNzM1LTJhYTMtNGNjYS05NzIyLTJhZTQ5MjlhYjNlYyIsImMiOjEwfQ%3D%3D&pageName=adfba30c52355c5b1631
Itbayat,Batanes,20.7833,121.8333,2018,climatological,DJF,Dec-Jan-Feb,395.7,3,https://app.powerbi.com/view?r=eyJrIjoiOTJkN2U4MjUtYWE1Ny00NzA4LWExMzctMDBiYjQ2NjZiZWVjIiwidCI6ImJkMDNhNzM1LTJhYTMtNGNjYS05NzIyLTJhZTQ5MjlhYjNlYyIsImMiOjEwfQ%3D%3D&pageName=adfba30c52355c5b1631
Itbayat,Batanes,20.7833,121.8333,2018,climatological,JJA,Jun-Jul-Aug,1538.2,3,https://app.powerbi.com/view?r=eyJrIjoiOTJkN2U4MjUtYWE1Ny00NzA4LWExMzctMDBiYjQ2NjZiZWVjIiwidCI6ImJkMDNhNzM1LTJhYTMtNGNjYS05NzIyLTJhZTQ5MjlhYjNlYyIsImMiOjEwfQ%3D%3D&pageName=adfba30c52355c5b1631
Itbayat,Batanes,20.7833,121.8333,2018,climatological,MAM,Mar-Apr-May,39.1,3,https://app.powerbi.com/view?r=eyJrIjoiOTJkN2U4MjUtYWE1Ny00NzA4LWExMzctMDBiYjQ2NjZiZWVjIiwidCI6ImJkMDNhNzM1LTJhYTMtNGNjYS05NzIyLTJhZTQ5MjlhYjNlYyIsImMiOjEwfQ%3D%3D&pageName=adfba30c52355c5b1631
Itbayat,Batanes,20.7833,121.8333,2018,climatological,SON,Sep-Oct-Nov,496.6,3,https://app.powerbi.com/view?r=eyJrIjoiOTJkN2U4MjUtYWE1Ny00NzA4LWExMzctMDBiYjQ2NjZiZWVjIiwidCI6ImJkMDNhNzM1LTJhYTMtNGNjYS05NzIyLTJhZTQ5MjlhYjNlYyIsImMiOjEwfQ%3D%3D&pageName=adfba30c52355c5b1631
Itbayat,Batanes,20.7833,121.8333,2018,philippine,Dry Season,Nov-Dec-Jan-Feb-Mar-Apr,474.7,6,https://app.powerbi.com/view?r=eyJrIjoiOTJkN2U4MjUtYWE1Ny00NzA4LWExMzctMDBiYjQ2NjZiZWVjIiwidCI6ImJkMDNhNzM1LTJhYTMtNGNjYS05NzIyLTJhZTQ5MjlhYjNlYyIsImMiOjEwfQ%3D%3D&pageName=adfba30c52355c5b1631
Itbayat,Batanes,20.7833,121.8333,2018,philippine,Wet Season,May-Jun-Jul-Aug-Sep-Oct,1994.9,6,https://app.powerbi.com/view?r=eyJrIjoiOTJkN2U4MjUtYWE1Ny00NzA4LWExMzctMDBiYjQ2NjZiZWVjIiwidCI6ImJkMDNhNzM1LTJhYTMtNGNjYS05NzIyLTJhZTQ5MjlhYjNlYyIsImMiOjEwfQ%3D%3D&pageName=adfba30c52355c5b1631
Itbayat,Batanes,20.7833,121.8333,2019,climatological,DJF,Dec-Jan-Feb,355.1,3,https://app.powerbi.com/view?r=eyJrIjoiOTJkN2U4MjUtYWE1Ny00NzA4LWExMzctMDBiYjQ2NjZiZWVjIiwidCI6ImJkMDNhNzM1LTJhYTMtNGNjYS05NzIyLTJhZTQ5MjlhYjNlYyIsImMiOjEwfQ%3D%3D&pageName=adfba30c52355c5b1631
Itbayat,Batanes,20.7833,121.8333,2019,climatological,JJA,Jun-Jul-Aug,868.5,3,https://app.powerbi.com/view?r=eyJrIjoiOTJkN2U4MjUtYWE1Ny00NzA4LWExMzctMDBiYjQ2NjZiZWVjIiwidCI6ImJkMDNhNzM1LTJhYTMtNGNjYS05NzIyLTJhZTQ5MjlhYjNlYyIsImMiOjEwfQ%3D%3D&pageName=adfba30c52355c5b1631
Itbayat,Batanes,20.7833,121.8333,2019,climatological,MAM,Mar-Apr-May,472.2,3,https://app.powerbi.com/view?r=eyJrIjoiOTJkN2U4MjUtYWE1Ny00NzA4LWExMzctMDBiYjQ2NjZiZWVjIiwidCI6ImJkMDNhNzM1LTJhYTMtNGNjYS05NzIyLTJhZTQ5MjlhYjNlYyIsImMiOjEwfQ%3D%3D&pageName=adfba30c52355c5b1631
Itbayat,Batanes,20.7833,121.8333,2019,climatological,SON,Sep-Oct-Nov,925.3,3,https://app.powerbi.com/view?r=eyJrIjoiOTJkN2U4MjUtYWE1Ny00NzA4LWExMzctMDBiYjQ2NjZiZWVjIiwidCI6ImJkMDNhNzM1LTJhYTMtNGNjYS05NzIyLTJhZTQ5MjlhYjNlYyIsImMiOjEwfQ%3D%3D&pageName=adfba30c52355c5b1631
Itbayat,Batanes,20.7833,121.8333,2019,philippine,Dry Season,Nov-Dec-Jan-Feb-Mar-Apr,646.7,6,https://app.powerbi.com/view?r=eyJrIjoiOTJkN2U4MjUtYWE1Ny00NzA4LWExMzctMDBiYjQ2NjZiZWVjIiwidCI6ImJkMDNhNzM1LTJhYTMtNGNjYS05NzIyLTJhZTQ5MjlhYjNlYyIsImMiOjEwfQ%3D%3D&pageName=adfba30c52355c5b1631
Itbayat,Batanes,20.7833,121.8333,2019,philippine,Wet Season,May-Jun-Jul-Aug-Sep-Oct,1974.4,6,https://app.powerbi.com/view?r=eyJrIjoiOTJkN2U4MjUtYWE1Ny00NzA4LWExMzctMDBiYjQ2NjZiZWVjIiwidCI6ImJkMDNhNzM1LTJhYTMtNGNjYS05NzIyLTJhZTQ5MjlhYjNlYyIsImMiOjEwfQ%3D%3D&pageName=adfba30c52355c5b1631
Itbayat,Batanes,20.7833,121.8333,2020,climatological,DJF,Dec-Jan-Feb,290.4,3,https://app.powerbi.com/view?r=eyJrIjoiOTJkN2U4MjUtYWE1Ny00NzA4LWExMzctMDBiYjQ2NjZiZWVjIiwidCI6ImJkMDNhNzM1LTJhYTMtNGNjYS05NzIyLTJhZTQ5MjlhYjNlYyIsImMiOjEwfQ%3D%3D&pageName=adfba30c52355c5b1631
Itbayat,Batanes,20.7833,121.8333,2020,climatological,JJA,Jun-Jul-Aug,342.9,3,https://app.powerbi.com/view?r=eyJrIjoiOTJkN2U4MjUtYWE1Ny00NzA4LWExMzctMDBiYjQ2NjZiZWVjIiwidCI6ImJkMDNhNzM1LTJhYTMtNGNjYS05NzIyLTJhZTQ5MjlhYjNlYyIsImMiOjEwfQ%3D%3D&pageName=adfba30c52355c5b1631
Itbayat,Batanes,20.7833,121.8333,2020,climatological,MAM,Mar-Apr-May,275.6,3,https://app.powerbi.com/view?r=eyJrIjoiOTJkN2U4MjUtYWE1Ny00NzA4LWExMzctMDBiYjQ2NjZiZWVjIiwidCI6ImJkMDNhNzM1LTJhYTMtNGNjYS05NzIyLTJhZTQ5MjlhYjNlYyIsImMiOjEwfQ%3D%3D&pageName=adfba30c52355c5b1631
Itbayat,Batanes,20.7833,121.8333,2020,climatological,SON,Sep-Oct-Nov,553.3,3,https://app.powerbi.com/view?r=eyJrIjoiOTJkN2U4MjUtYWE1Ny00NzA4LWExMzctMDBiYjQ2NjZiZWVjIiwidCI6ImJkMDNhNzM1LTJhYTMtNGNjYS05NzIyLTJhZTQ5MjlhYjNlYyIsImMiOjEwfQ%3D%3D&pageName=adfba30c52355c5b1631
Itbayat,Batanes,20.7833,121.8333,2020,philippine,Dry Season,Nov-Dec-Jan-Feb-Mar-Apr,615.5,6,https://app.powerbi.com/view?r=eyJrIjoiOTJkN2U4MjUtYWE1Ny00NzA4LWExMzctMDBiYjQ2NjZiZWVjIiwidCI6ImJkMDNhNzM1LTJhYTMtNGNjYS05NzIyLTJhZTQ5MjlhYjNlYyIsImMiOjEwfQ%3D%3D&pageName=adfba30c52355c5b1631
Itbayat,Batanes,20.7833,121.8333,2020,philippine,Wet Season,May-Jun-Jul-Aug-Sep-Oct,846.7,6,https://app.powerbi.com/view?r=eyJrIjoiOTJkN2U4MjUtYWE1Ny00NzA4LWExMzctMDBiYjQ2NjZiZWVjIiwidCI6ImJkMDNhNzM1LTJhYTMtNGNjYS05NzIyLTJhZTQ5MjlhYjNlYyIsImMiOjEwfQ%3D%3D&pageName=adfba30c52355c5b1631
Tuguegarao,Cagayan,17.6333,121.75,1991,climatological,DJF,Dec-Jan-Feb,66.4,3,https://app.powerbi.com/view?r=eyJrIjoiOTJkN2U4MjUtYWE1Ny00NzA4LWExMzctMDBiYjQ2NjZiZWVjIiwidCI6ImJkMDNhNzM1LTJhYTMtNGNjYS05NzIyLTJhZTQ5MjlhYjNlYyIsImMiOjEwfQ%3D%3D&pageName=adfba30c52355c5b1631
Tuguegarao,Cagayan,17.6333,121.75,1991,climatological,JJA,Jun-Jul-Aug,724.8,3,https://app.powerbi.com/view?r=eyJrIjoiOTJkN2U4MjUtYWE1Ny00NzA4LWExMzctMDBiYjQ2NjZiZWVjIiwidCI6ImJkMDNhNzM1LTJhYTMtNGNjYS05NzIyLTJhZTQ5MjlhYjNlYyIsImMiOjEwfQ%3D%3D&pageName=adfba30c52355c5b1631
Tuguegarao,Cagayan,17.6333,121.75,1991,climatological,MAM,Mar-Apr-May,181.2,3,https://app.powerbi.com/view?r=eyJrIjoiOTJkN2U4MjUtYWE1Ny00NzA4LWExMzctMDBiYjQ2NjZiZWVjIiwidCI6ImJkMDNhNzM1LTJhYTMtNGNjYS05NzIyLTJhZTQ5MjlhYjNlYyIsImMiOjEwfQ%3D%3D&pageName=adfba30c52355c5b1631
Tuguegarao,Cagayan,17.6333,121.75,1991,climatological,SON,Sep-Oct-Nov,549.1,3,https://app.powerbi.com/view?r=eyJrIjoiOTJkN2U4MjUtYWE1Ny00NzA4LWExMzctMDBiYjQ2NjZiZWVjIiwidCI6ImJkMDNhNzM1LTJhYTMtNGNjYS05NzIyLTJhZTQ5MjlhYjNlYyIsImMiOjEwfQ%3D%3D&pageName=adfba30c52355c5b1631
Tuguegarao,Cagayan,17.6333,121.75,1991,philippine,Dry Season,Nov-Dec-Jan-Feb-Mar-Apr,360.6,6,https://app.powerbi.com/view?r=eyJrIjoiOTJkN2U4MjUtYWE1Ny00NzA4LWExMzctMDBiYjQ2NjZiZWVjIiwidCI6ImJkMDNhNzM1LTJhYTMtNGNjYS05NzIyLTJhZTQ5MjlhYjNlYyIsImMiOjEwfQ%3D%3D&pageName=adfba30c52355c5b1631
Tuguegarao,Cagayan,17.6333,121.75,1991,philippine,Wet Season,May-Jun-Jul-Aug-Sep-Oct,1160.9,6,https://app.powerbi.com/view?r=eyJrIjoiOTJkN2U4MjUtYWE1Ny00NzA4LWExMzctMDBiYjQ2NjZiZWVjIiwidCI6ImJkMDNhNzM1LTJhYTMtNGNjYS05NzIyLTJhZTQ5MjlhYjNlYyIsImMiOjEwfQ%3D%3D&pageName=adfba30c52355c5b1631
Tuguegarao,Cagayan,17.6333,121.75,1992,climatological,DJF,Dec-Jan-Feb,46.3,3,https://app.powerbi.com/view?r=eyJrIjoiOTJkN2U4MjUtYWE1Ny00NzA4LWExMzctMDBiYjQ2NjZiZWVjIiwidCI6ImJkMDNhNzM1LTJhYTMtNGNjYS05NzIyLTJhZTQ5MjlhYjNlYyIsImMiOjEwfQ%3D%3D&pageName=adfba30c52355c5b1631
Tuguegarao,Cagayan,17.6333,121.75,1992,climatological,JJA,Jun-Jul-Aug,421.8,3,https://app.powerbi.com/view?r=eyJrIjoiOTJkN2U4MjUtYWE1Ny00NzA4LWExMzctMDBiYjQ2NjZiZWVjIiwidCI6ImJkMDNhNzM1LTJhYTMtNGNjYS05NzIyLTJhZTQ5MjlhYjNlYyIsImMiOjEwfQ%3D%3D&pageName=adfba30c52355c5b1631
Tuguegarao,Cagayan,17.6333,121.75,1992,climatological,MAM,Mar-Apr-May,159.8,3,https://app.powerbi.com/view?r=eyJrIjoiOTJkN2U4MjUtYWE1Ny00NzA4LWExMzctMDBiYjQ2NjZiZWVjIiwidCI6ImJkMDNhNzM1LTJhYTMtNGNjYS05NzIyLTJhZTQ5MjlhYjNlYyIsImMiOjEwfQ%3D%3D&pageName=adfba30c52355c5b1631
Tuguegarao,Cagayan,17.6333,121.75,1992,climatological,SON,Sep-Oct-Nov,906.5,3,https://app.powerbi.com/view?r=eyJrIjoiOTJkN2U4MjUtYWE1Ny00NzA4LWExMzctMDBiYjQ2NjZiZWVjIiwidCI6ImJkMDNhNzM1LTJhYTMtNGNjYS05NzIyLTJhZTQ5MjlhYjNlYyIsImMiOjEwfQ%3D%3D&pageName=adfba30c52355c5b1631
Tuguegarao,Cagayan,17.6333,121.75,1992,philippine,Dry Season,Nov-Dec-Jan-Feb-Mar-Apr,195.9,6,https://app.powerbi.com/view?r=eyJrIjoiOTJkN2U4MjUtYWE1Ny00NzA4LWExMzctMDBiYjQ2NjZiZWVjIiwidCI6ImJkMDNhNzM1LTJhYTMtNGNjYS05NzIyLTJhZTQ5MjlhYjNlYyIsImMiOjEwfQ%3D%3D&pageName=adfba30c52355c5b1631
Tuguegarao,Cagayan,17.6333,121.75,1992,philippine,Wet Season,May-Jun-Jul-Aug-Sep-Oct,1338.5,6,https://app.powerbi.com/view?r=eyJrIjoiOTJkN2U4MjUtYWE1Ny00NzA4LWExMzctMDBiYjQ2NjZiZWVjIiwidCI6ImJkMDNhNzM1LTJhYTMtNGNjYS05NzIyLTJhZTQ5MjlhYjNlYyIsImMiOjEwfQ%3D%3D&pageName=adfba30c52355c5b1631
Tuguegarao,Cagayan,17.6333,121.75,1993,climatological,DJF,Dec-Jan-Feb,198.7,3,https://app.powerbi.com/view?r=eyJrIjoiOTJkN2U4MjUtYWE1Ny00NzA4LWExMzctMDBiYjQ2NjZiZWVjIiwidCI6ImJkMDNhNzM1LTJhYTMtNGNjYS05NzIyLTJhZTQ5MjlhYjNlYyIsImMiOjEwfQ%3D%3D&pageName=adfba30c52355c5b1631
Tuguegarao,Cagayan,17.6333,121.75,1993,climatological,JJA,Jun-Jul-Aug,599.4,3,https://app.powerbi.com/view?r=eyJrIjoiOTJkN2U4MjUtYWE1Ny00NzA4LWExMzctMDBiYjQ2NjZiZWVjIiwidCI6ImJkMDNhNzM1LTJhYTMtNGNjYS05NzIyLTJhZTQ5MjlhYjNlYyIsImMiOjEwfQ%3D%3D&pageName=adfba30c52355c5b1631
Tuguegarao,Cagayan,17.6333,121.75,1993,climatological,MAM,Mar-Apr-May,68.4,3,https://app.powerbi.com/view?r=eyJrIjoiOTJkN2U4MjUtYWE1Ny00NzA4LWExMzctMDBiYjQ2NjZiZWVjIiwidCI6ImJkMDNhNzM1LTJhYTMtNGNjYS05NzIyLTJhZTQ5MjlhYjNlYyIsImMiOjEwfQ%3D%3D&pageName=adfba30c52355c5b1631
Tuguegarao,Cagayan,17.6333,121.75,1993,climatological,SON,Sep-Oct-Nov,883.6,3,https://app.powerbi.com/view?r=eyJrIjoiOTJkN2U4MjUtYWE1Ny00NzA4LWExMzctMDBiYjQ2NjZiZWVjIiwidCI6ImJkMDNhNzM1LTJhYTMtNGNjYS05NzIyLTJhZTQ5MjlhYjNlYyIsImMiOjEwfQ%3D%3D&pageName=adfba30c52355c5b1631
Tuguegarao,Cagayan,17.6333,121.75,1993,philippine,Dry Season,Nov-Dec-Jan-Feb-Mar-Apr,447.7,6,https://app.powerbi.com/view?r=eyJrIjoiOTJkN2U4MjUtYWE1Ny00NzA4LWExMzctMDBiYjQ2NjZiZWVjIiwidCI6ImJkMDNhNzM1LTJhYTMtNGNjYS05NzIyLTJhZTQ5MjlhYjNlYyIsImMiOjEwfQ%3D%3D&pageName=adfba30c52355c5b1631
Tuguegarao,Cagayan,17.6333,121.75,1993,philippine,Wet Season,May-Jun-Jul-Aug-Sep-Oct,1302.4,6,https://app.powerbi.com/view?r=eyJrIjoiOTJkN2U4MjUtYWE1Ny00NzA4LWExMzctMDBiYjQ2NjZiZWVjIiwidCI6ImJkMDNhNzM1LTJhYTMtNGNjYS05NzIyLTJhZTQ5MjlhYjNlYyIsImMiOjEwfQ%3D%3D&pageName=adfba30c52355c5b1631
Tuguegarao,Cagayan,17.6333,121.75,1994,climatological,DJF,Dec-Jan-Feb,46.9,3,https://app.powerbi.com/view?r=eyJrIjoiOTJkN2U4MjUtYWE1Ny00NzA4LWExMzctMDBiYjQ2NjZiZWVjIiwidCI6ImJkMDNhNzM1LTJhYTMtNGNjYS05NzIyLTJhZTQ5MjlhYjNlYyIsImMiOjEwfQ%3D%3D&pageName=adfba30c52355c5b1631
Tuguegarao,Cagayan,17.6333,121.75,1994,climatological,JJA,Jun-Jul-Aug,647.9,3,https://app.powerbi.com/view?r=eyJrIjoiOTJkN2U4MjUtYWE1Ny00NzA4LWExMzctMDBiYjQ2NjZiZWVjIiwidCI6ImJkMDNhNzM1LTJhYTMtNGNjYS05NzIyLTJhZTQ5MjlhYjNlYyIsImMiOjEwfQ%3D%3D&pageName=adfba30c52355c5b1631
Tuguegarao,Cagayan,17.6333,121.75,1994,climatological,MAM,Mar-Apr-May,105.3,3,https://app.powerbi.com/view?r=eyJrIjoiOTJkN2U4MjUtYWE1Ny00NzA4LWExMzctMDBiYjQ2NjZiZWVjIiwidCI6ImJkMDNhNzM1LTJhYTMtNGNjYS05NzIyLTJhZTQ5MjlhYjNlYyIsImMiOjEwfQ%3D%3D&pageName=adfba30c52355c5b1631
Tuguegarao,Cagayan,17.6333,121.75,1994,climatological,SON,Sep-Oct-Nov,517.1,3,https://app.powerbi.com/view?r=eyJrIjoiOTJkN2U4MjUtYWE1Ny00NzA4LWExMzctMDBiYjQ2NjZiZWVjIiwidCI6ImJkMDNhNzM1LTJhYTMtNGNjYS05NzIyLTJhZTQ5MjlhYjNlYyIsImMiOjEwfQ%3D%3D&pageName=adfba30c52355c5b1631
Tuguegarao,Cagayan,17.6333,121.75,1994,philippine,Dry Season,Nov-Dec-Jan-Feb-Mar-Apr,158.8,6,https://app.powerbi.com/view?r=eyJrIjoiOTJkN2U4MjUtYWE1Ny00NzA4LWExMzctMDBiYjQ2NjZiZWVjIiwidCI6ImJkMDNhNzM1LTJhYTMtNGNjYS05NzIyLTJhZTQ5MjlhYjNlYyIsImMiOjEwfQ%3D%3D&pageName=adfba30c52355c5b1631
Tuguegarao,Cagayan,17.6333,121.75,1994,philippine,Wet Season,May-Jun-Jul-Aug-Sep-Oct,1158.4,6,https://app.powerbi.com/view?r=eyJrIjoiOTJkN2U4MjUtYWE1Ny00NzA4LWExMzctMDBiYjQ2NjZiZWVjIiwidCI6ImJkMDNhNzM1LTJhYTMtNGNjYS05NzIyLTJhZTQ5MjlhYjNlYyIsImMiOjEwfQ%3D%3D&pageName=adfba30c52355c5b1631
Tuguegarao,Cagayan,17.6333,121.75,1995,climatological,DJF,Dec-Jan-Feb,233,3,https://app.powerbi.com/view?r=eyJrIjoiOTJkN2U4MjUtYWE1Ny00NzA4LWExMzctMDBiYjQ2NjZiZWVjIiwidCI6ImJkMDNhNzM1LTJhYTMtNGNjYS05NzIyLTJhZTQ5MjlhYjNlYyIsImMiOjEwfQ%3D%3D&pageName=adfba30c52355c5b1631
Tuguegarao,Cagayan,17.6333,121.75,1995,climatological,JJA,Jun-Jul-Aug,532.4,3,https://app.powerbi.com/view?r=eyJrIjoiOTJkN2U4MjUtYWE1Ny00NzA4LWExMzctMDBiYjQ2NjZiZWVjIiwidCI6ImJkMDNhNzM1LTJhYTMtNGNjYS05NzIyLTJhZTQ5MjlhYjNlYyIsImMiOjEwfQ%3D%3D&pageName=adfba30c52355c5b1631
Tuguegarao,Cagayan,17.6333,121.75,1995,climatological,MAM,Mar-Apr-May,119.9,3,https://app.powerbi.com/view?r=eyJrIjoiOTJkN2U4MjUtYWE1Ny00NzA4LWExMzctMDBiYjQ2NjZiZWVjIiwidCI6ImJkMDNhNzM1LTJhYTMtNGNjYS05NzIyLTJhZTQ5MjlhYjNlYyIsImMiOjEwfQ%3D%3D&pageName=adfba30c52355c5b1631
Tuguegarao,Cagayan,17.6333,121.75,1995,climatological,SON,Sep-Oct-Nov,638.4,3,https://app.powerbi.com/view?r=eyJrIjoiOTJkN2U4MjUtYWE1Ny00NzA4LWExMzctMDBiYjQ2NjZiZWVjIiwidCI6ImJkMDNhNzM1LTJhYTMtNGNjYS05NzIyLTJhZTQ5MjlhYjNlYyIsImMiOjEwfQ%3D%3D&pageName=adfba30c52355c5b1631
Tuguegarao,Cagayan,17.6333,121.75,1995,philippine,Dry Season,Nov-Dec-Jan-Feb-Mar-Apr,393.5,6,https://app.powerbi.com/view?r=eyJrIjoiOTJkN2U4MjUtYWE1Ny00NzA4LWExMzctMDBiYjQ2NjZiZWVjIiwidCI6ImJkMDNhNzM1LTJhYTMtNGNjYS05NzIyLTJhZTQ5MjlhYjNlYyIsImMiOjEwfQ%3D%3D&pageName=adfba30c52355c5b1631
Tuguegarao,Cagayan,17.6333,121.75,1995,philippine,Wet Season,May-Jun-Jul-Aug-Sep-Oct,1130.2,6,https://app.powerbi.com/view?r=eyJrIjoiOTJkN2U4MjUtYWE1Ny00NzA4LWExMzctMDBiYjQ2NjZiZWVjIiwidCI6ImJkMDNhNzM1LTJhYTMtNGNjYS05NzIyLTJhZTQ5MjlhYjNlYyIsImMiOjEwfQ%3D%3D&pageName=adfba30c52355c5b1631
Tuguegarao,Cagayan,17.6333,121.75,1996,climatological,DJF,Dec-Jan-Feb,80.2,3,https://app.powerbi.com/view?r=eyJrIjoiOTJkN2U4MjUtYWE1Ny00NzA4LWExMzctMDBiYjQ2NjZiZWVjIiwidCI6ImJkMDNhNzM1LTJhYTMtNGNjYS05NzIyLTJhZTQ5MjlhYjNlYyIsImMiOjEwfQ%3D%3D&pageName=adfba30c52355c5b1631
Tuguegarao,Cagayan,17.6333,121.75,1996,climatological,JJA,Jun-Jul-Aug,654.1,3,https://app.powerbi.com/view?r=eyJrIjoiOTJkN2U4MjUtYWE1Ny00NzA4LWExMzctMDBiYjQ2NjZiZWVjIiwidCI6ImJkMDNhNzM1LTJhYTMtNGNjYS05NzIyLTJhZTQ5MjlhYjNlYyIsImMiOjEwfQ%3D%3D&pageName=adfba30c52355c5b1631
Tuguegarao,Cagayan,17.6333,121.75,1996,climatological,MAM,Mar-Apr-May,349.8,3,https://app.powerbi.com/view?r=eyJrIjoiOTJkN2U4MjUtYWE1Ny00NzA4LWExMzctMDBiYjQ2NjZiZWVjIiwidCI6ImJkMDNhNzM1LTJhYTMtNGNjYS05NzIyLTJhZTQ5MjlhYjNlYyIsImMiOjEwfQ%3D%3D&pageName=adfba30c52355c5b1631
Tuguegarao,Cagayan,17.6333,121.75,1996,climatological,SON,Sep-Oct-Nov,1294.1,3,https://app.powerbi.com/view?r=eyJrIjoiOTJkN2U4MjUtYWE1Ny00NzA4LWExMzctMDBiYjQ2NjZiZWVjIiwidCI6ImJkMDNhNzM1LTJhYTMtNGNjYS05NzIyLTJhZTQ5MjlhYjNlYyIsImMiOjEwfQ%3D%3D&pageName=adfba30c52355c5b1631
Tuguegarao,Cagayan,17.6333,121.75,1996,philippine,Dry Season,Nov-Dec-Jan-Feb-Mar-Apr,454.6,6,https://app.powerbi.com/view?r=eyJrIjoiOTJkN2U4MjUtYWE1Ny00NzA4LWExMzctMDBiYjQ2NjZiZWVjIiwidCI6ImJkMDNhNzM1LTJhYTMtNGNjYS05NzIyLTJhZTQ5MjlhYjNlYyIsImMiOjEwfQ%3D%3D&pageName=adfba30c52355c5b1631
Tuguegarao,Cagayan,17.6333,121.75,1996,philippine,Wet Season,May-Jun-Jul-Aug-Sep-Oct,1923.6,6,https://app.powerbi.com/view?r=eyJrIjoiOTJkN2U4MjUtYWE1Ny00NzA4LWExMzctMDBiYjQ2NjZiZWVjIiwidCI6ImJkMDNhNzM1LTJhYTMtNGNjYS05NzIyLTJhZTQ5MjlhYjNlYyIsImMiOjEwfQ%3D%3D&pageName=adfba30c52355c5b1631
Tuguegarao,Cagayan,17.6333,121.75,1997,climatological,DJF,Dec-Jan-Feb,67.7,3,https://app.powerbi.com/view?r=eyJrIjoiOTJkN2U4MjUtYWE1Ny00NzA4LWExMzctMDBiYjQ2NjZiZWVjIiwidCI6ImJkMDNhNzM1LTJhYTMtNGNjYS05NzIyLTJhZTQ5MjlhYjNlYyIsImMiOjEwfQ%3D%3D&pageName=adfba30c52355c5b1631
Tuguegarao,Cagayan,17.6333,121.75,1997,climatological,JJA,Jun-Jul-Aug,362.4,3,https://app.powerbi.com/view?r=eyJrIjoiOTJkN2U4MjUtYWE1Ny00NzA4LWExMzctMDBiYjQ2NjZiZWVjIiwidCI6ImJkMDNhNzM1LTJhYTMtNGNjYS05NzIyLTJhZTQ5MjlhYjNlYyIsImMiOjEwfQ%3D%3D&pageName=adfba30c52355c5b1631
Tuguegarao,Cagayan,17.6333,121.75,1997,climatological,MAM,Mar-Apr-May,308.5,3,https://app.powerbi.com/view?r=eyJrIjoiOTJkN2U4MjUtYWE1Ny00NzA4LWExMzctMDBiYjQ2NjZiZWVjIiwidCI6ImJkMDNhNzM1LTJhYTMtNGNjYS05NzIyLTJhZTQ5MjlhYjNlYyIsImMiOjEwfQ%3D%3D&pageName=adfba30c52355c5b1631
Tuguegarao,Cagayan,17.6333,121.75,1997,climatological,SON,Sep-Oct-Nov,941.5,3,https://app.powerbi.com/view?r=eyJrIjoiOTJkN2U4MjUtYWE1Ny00NzA4LWExMzctMDBiYjQ2NjZiZWVjIiwidCI6ImJkMDNhNzM1LTJhYTMtNGNjYS05NzIyLTJhZTQ5MjlhYjNlYyIsImMiOjEwfQ%3D%3D&pageName=adfba30c52355c5b1631
Tuguegarao,Cagayan,17.6333,121.75,1997,philippine,Dry Season,Nov-Dec-Jan-Feb-Mar-Apr,400.1,6,https://app.powerbi.com/view?r=eyJrIjoiOTJkN2U4MjUtYWE1Ny00NzA4LWExMzctMDBiYjQ2NjZiZWVjIiwidCI6ImJkMDNhNzM1LTJhYTMtNGNjYS05NzIyLTJhZTQ5MjlhYjNlYyIsImMiOjEwfQ%3D%3D&pageName=adfba30c52355c5b1631
Tuguegarao,Cagayan,17.6333,121.75,1997,philippine,Wet Season,May-Jun-Jul-Aug-Sep-Oct,1280,6,https://app.powerbi.com/view?r=eyJrIjoiOTJkN2U4MjUtYWE1Ny00NzA4LWExMzctMDBiYjQ2NjZiZWVjIiwidCI6ImJkMDNhNzM1LTJhYTMtNGNjYS05NzIyLTJhZTQ5MjlhYjNlYyIsImMiOjEwfQ%3D%3D&pageName=adfba30c52355c5b1631
Tuguegarao,Cagayan,17.6333,121.75,1998,climatological,DJF,Dec-Jan-Feb,461.6,3,https://app.powerbi.com/view?r=eyJrIjoiOTJkN2U4MjUtYWE1Ny00NzA4LWExMzctMDBiYjQ2NjZiZWVjIiwidCI6ImJkMDNhNzM1LTJhYTMtNGNjYS05NzIyLTJhZTQ5MjlhYjNlYyIsImMiOjEwfQ%3D%3D&pageName=adfba30c52355c5b1631
Tuguegarao,Cagayan,17.6333,121.75,1998,climatological,JJA,Jun-Jul-Aug,402.4,3,https://app.powerbi.com/view?r=eyJrIjoiOTJkN2U4MjUtYWE1Ny00NzA4LWExMzctMDBiYjQ2NjZiZWVjIiwidCI6ImJkMDNhNzM1LTJhYTMtNGNjYS05NzIyLTJhZTQ5MjlhYjNlYyIsImMiOjEwfQ%3D%3D&pageName=adfba30c52355c5b1631
Tuguegarao,Cagayan,17.6333,121.75,1998,climatological,MAM,Mar-Apr-May,154.1,3,https://app.powerbi.com/view?r=eyJrIjoiOTJkN2U4MjUtYWE1Ny00NzA4LWExMzctMDBiYjQ2NjZiZWVjIiwidCI6ImJkMDNhNzM1LTJhYTMtNGNjYS05NzIyLTJhZTQ5MjlhYjNlYyIsImMiOjEwfQ%3D%3D&pageName=adfba30c52355c5b1631
Tuguegarao,Cagayan,17.6333,121.75,1998,climatological,SON,Sep-Oct-Nov,939.1,3,https://app.powerbi.com/view?r=eyJrIjoiOTJkN2U4MjUtYWE1Ny00NzA4LWExMzctMDBiYjQ2NjZiZWVjIiwidCI6ImJkMDNhNzM1LTJhYTMtNGNjYS05NzIyLTJhZTQ5MjlhYjNlYyIsImMiOjEwfQ%3D%3D&pageName=adfba30c52355c5b1631
Tuguegarao,Cagayan,17.6333,121.75,1998,philippine,Dry Season,Nov-Dec-Jan-Feb-Mar-Apr,679.6,6,https://app.powerbi.com/view?r=eyJrIjoiOTJkN2U4MjUtYWE1Ny00NzA4LWExMzctMDBiYjQ2NjZiZWVjIiwidCI6ImJkMDNhNzM1LTJhYTMtNGNjYS05NzIyLTJhZTQ5MjlhYjNlYyIsImMiOjEwfQ%3D%3D&pageName=adfba30c52355c5b1631
Tuguegarao,Cagayan,17.6333,121.75,1998,philippine,Wet Season,May-Jun-Jul-Aug-Sep-Oct,1277.6,6,https://app.powerbi.com/view?r=eyJrIjoiOTJkN2U4MjUtYWE1Ny00NzA4LWExMzctMDBiYjQ2NjZiZWVjIiwidCI6ImJkMDNhNzM1LTJhYTMtNGNjYS05NzIyLTJhZTQ5MjlhYjNlYyIsImMiOjEwfQ%3D%3D&pageName=adfba30c52355c5b1631
Tuguegarao,Cagayan,17.6333,121.75,1999,climatological,DJF,Dec-Jan-Feb,472.9,3,https://app.powerbi.com/view?r=eyJrIjoiOTJkN2U4MjUtYWE1Ny00NzA4LWExMzctMDBiYjQ2NjZiZWVjIiwidCI6ImJkMDNhNzM1LTJhYTMtNGNjYS05NzIyLTJhZTQ5MjlhYjNlYyIsImMiOjEwfQ%3D%3D&pageName=adfba30c52355c5b1631
Tuguegarao,Cagayan,17.6333,121.75,1999,climatological,JJA,Jun-Jul-Aug,621.6,3,https://app.powerbi.com/view?r=eyJrIjoiOTJkN2U4MjUtYWE1Ny00NzA4LWExMzctMDBiYjQ2NjZiZWVjIiwidCI6ImJkMDNhNzM1LTJhYTMtNGNjYS05NzIyLTJhZTQ5MjlhYjNlYyIsImMiOjEwfQ%3D%3D&pageName=adfba30c52355c5b1631
Tuguegarao,Cagayan,17.6333,121.75,1999,climatological,MAM,Mar-Apr-May,319.9,3,https://app.powerbi.com/view?r=eyJrIjoiOTJkN2U4MjUtYWE1Ny00NzA4LWExMzctMDBiYjQ2NjZiZWVjIiwidCI6ImJkMDNhNzM1LTJhYTMtNGNjYS05NzIyLTJhZTQ5MjlhYjNlYyIsImMiOjEwfQ%3D%3D&pageName=adfba30c52355c5b1631
Tuguegarao,Cagayan,17.6333,121.75,1999,climatological,SON,Sep-Oct-Nov,851.9,3,https://app.powerbi.com/view?r=eyJrIjoiOTJkN2U4MjUtYWE1Ny00NzA4LWExMzctMDBiYjQ2NjZiZWVjIiwidCI6ImJkMDNhNzM1LTJhYTMtNGNjYS05NzIyLTJhZTQ5MjlhYjNlYyIsImMiOjEwfQ%3D%3D&pageName=adfba30c52355c5b1631
Tuguegarao,Cagayan,17.6333,121.75,1999,philippine,Dry Season,Nov-Dec-Jan-Feb-Mar-Apr,834.4,6,https://app.powerbi.com/view?r=eyJrIjoiOTJkN2U4MjUtYWE1Ny00NzA4LWExMzctMDBiYjQ2NjZiZWVjIiwidCI6ImJkMDNhNzM1LTJhYTMtNGNjYS05NzIyLTJhZTQ5MjlhYjNlYyIsImMiOjEwfQ%3D%3D&pageName=adfba30c52355c5b1631
Tuguegarao,Cagayan,17.6333,121.75,1999,philippine,Wet Season,May-Jun-Jul-Aug-Sep-Oct,1431.9,6,https://app.powerbi.com/view?r=eyJrIjoiOTJkN2U4MjUtYWE1Ny00NzA4LWExMzctMDBiYjQ2NjZiZWVjIiwidCI6ImJkMDNhNzM1LTJhYTMtNGNjYS05NzIyLTJhZTQ5MjlhYjNlYyIsImMiOjEwfQ%3D%3D&pageName=adfba30c52355c5b1631
Tuguegarao,Cagayan,17.6333,121.75,2000,climatological,DJF,Dec-Jan-Feb,378.2,3,https://app.powerbi.com/view?r=eyJrIjoiOTJkN2U4MjUtYWE1Ny00NzA4LWExMzctMDBiYjQ2NjZiZWVjIiwidCI6ImJkMDNhNzM1LTJhYTMtNGNjYS05NzIyLTJhZTQ5MjlhYjNlYyIsImMiOjEwfQ%3D%3D&pageName=adfba30c52355c5b1631
Tuguegarao,Cagayan,17.6333,121.75,2000,climatological,JJA,Jun-Jul-Aug,318.6,3,https://app.powerbi.com/view?r=eyJrIjoiOTJkN2U4MjUtYWE1Ny00NzA4LWExMzctMDBiYjQ2NjZiZWVjIiwidCI6ImJkMDNhNzM1LTJhYTMtNGNjYS05NzIyLTJhZTQ5MjlhYjNlYyIsImMiOjEwfQ%3D%3D&pageName=adfba30c52355c5b1631
Tuguegarao,Cagayan,17.6333,121.75,2000,climatological,MAM,Mar-Apr-May,260,3,https://app.powerbi.com/view?r=eyJrIjoiOTJkN2U4MjUtYWE1Ny00NzA4LWExMzctMDBiYjQ2NjZiZWVjIiwidCI6ImJkMDNhNzM1LTJhYTMtNGNjYS05NzIyLTJhZTQ5MjlhYjNlYyIsImMiOjEwfQ%3D%3D&pageName=adfba30c52355c5b1631
Tuguegarao,Cagayan,17.6333,121.75,2000,climatological,SON,Sep-Oct-Nov,672.3,3,https://app.powerbi.com/view?r=eyJrIjoiOTJkN2U4MjUtYWE1Ny00NzA4LWExMzctMDBiYjQ2NjZiZWVjIiwidCI6ImJkMDNhNzM1LTJhYTMtNGNjYS05NzIyLTJhZTQ5MjlhYjNlYyIsImMiOjEwfQ%3D%3D&pageName=adfba30c52355c5b1631
Tuguegarao,Cagayan,17.6333,121.75,2000,philippine,Dry Season,Nov-Dec-Jan-Feb-Mar-Apr,585,6,https://app.powerbi.com/view?r=eyJrIjoiOTJkN2U4MjUtYWE1Ny00NzA4LWExMzctMDBiYjQ2NjZiZWVjIiwidCI6ImJkMDNhNzM1LTJhYTMtNGNjYS05NzIyLTJhZTQ5MjlhYjNlYyIsImMiOjEwfQ%3D%3D&pageName=adfba30c52355c5b1631
Tuguegarao,Cagayan,17.6333,121.75,2000,philippine,Wet Season,May-Jun-Jul-Aug-Sep-Oct,1044.1,6,https://app.powerbi.com/view?r=eyJrIjoiOTJkN2U4MjUtYWE1Ny00NzA4LWExMzctMDBiYjQ2NjZiZWVjIiwidCI6ImJkMDNhNzM1LTJhYTMtNGNjYS05NzIyLTJhZTQ5MjlhYjNlYyIsImMiOjEwfQ%3D%3D&pageName=adfba30c52355c5b1631
Tuguegarao,Cagayan,17.6333,121.75,2001,climatological,DJF,Dec-Jan-Feb,1046.7,3,https://app.powerbi.com/view?r=eyJrIjoiOTJkN2U4MjUtYWE1Ny00NzA4LWExMzctMDBiYjQ2NjZiZWVjIiwidCI6ImJkMDNhNzM1LTJhYTMtNGNjYS05NzIyLTJhZTQ5MjlhYjNlYyIsImMiOjEwfQ%3D%3D&pageName=adfba30c52355c5b1631
Tuguegarao,Cagayan,17.6333,121.75,2001,climatological,JJA,Jun-Jul-Aug,1403.6,3,https://app.powerbi.com/view?r=eyJrIjoiOTJkN2U4MjUtYWE1Ny00NzA4LWExMzctMDBiYjQ2NjZiZWVjIiwidCI6ImJkMDNhNzM1LTJhYTMtNGNjYS05NzIyLTJhZTQ5MjlhYjNlYyIsImMiOjEwfQ%3D%3D&pageName=adfba30c52355c5b1631
Tuguegarao,Cagayan,17.6333,121.75,2001,climatological,MAM,Mar-Apr-May,1699.7,3,https://app.powerbi.com/view?r=eyJrIjoiOTJkN2U4MjUtYWE1Ny00NzA4LWExMzctMDBiYjQ2NjZiZWVjIiwidCI6ImJkMDNhNzM1LTJhYTMtNGNjYS05NzIyLTJhZTQ5MjlhYjNlYyIsImMiOjEwfQ%3D%3D&pageName=adfba30c52355c5b1631
Tuguegarao,Cagayan,17.6333,121.75,2001,climatological,SON,Sep-Oct-Nov,953.4,3,https://app.powerbi.com/view?r=eyJrIjoiOTJkN2U4MjUtYWE1Ny00NzA4LWExMzctMDBiYjQ2NjZiZWVjIiwidCI6ImJkMDNhNzM1LTJhYTMtNGNjYS05NzIyLTJhZTQ5MjlhYjNlYyIsImMiOjEwfQ%3D%3D&pageName=adfba30c52355c5b1631
Tuguegarao,Cagayan,17.6333,121.75,2001,philippine,Dry Season,Nov-Dec-Jan-Feb-Mar-Apr,2806.8,6,https://app.powerbi.com/view?r=eyJrIjoiOTJkN2U4MjUtYWE1Ny00NzA4LWExMzctMDBiYjQ2NjZiZWVjIiwidCI6ImJkMDNhNzM1LTJhYTMtNGNjYS05NzIyLTJhZTQ5MjlhYjNlYyIsImMiOjEwfQ%3D%3D&pageName=adfba30c52355c5b1631
Tuguegarao,Cagayan,17.6333,121.75,2001,philippine,Wet Season,May-Jun-Jul-Aug-Sep-Oct,2296.6,6,https://app.powerbi.com/view?r=eyJrIjoiOTJkN2U4MjUtYWE1Ny00NzA4LWExMzctMDBiYjQ2NjZiZWVjIiwidCI6ImJkMDNhNzM1LTJhYTMtNGNjYS05NzIyLTJhZTQ5MjlhYjNlYyIsImMiOjEwfQ%3D%3D&pageName=adfba30c52355c5b1631
Tuguegarao,Cagayan,17.6333,121.75,2002,climatological,DJF,Dec-Jan-Feb,93.2,3,https://app.powerbi.com/view?r=eyJrIjoiOTJkN2U4MjUtYWE1Ny00NzA4LWExMzctMDBiYjQ2NjZiZWVjIiwidCI6ImJkMDNhNzM1LTJhYTMtNGNjYS05NzIyLTJhZTQ5MjlhYjNlYyIsImMiOjEwfQ%3D%3D&pageName=adfba30c52355c5b1631
Tuguegarao,Cagayan,17.6333,121.75,2002,climatological,JJA,Jun-Jul-Aug,523.3,3,https://app.powerbi.com/view?r=eyJrIjoiOTJkN2U4MjUtYWE1Ny00NzA4LWExMzctMDBiYjQ2NjZiZWVjIiwidCI6ImJkMDNhNzM1LTJhYTMtNGNjYS05NzIyLTJhZTQ5MjlhYjNlYyIsImMiOjEwfQ%3D%3D&pageName=adfba30c52355c5b1631
Tuguegarao,Cagayan,17.6333,121.75,2002,climatological,MAM,Mar-Apr-May,79.1,3,https://app.powerbi.com/view?r=eyJrIjoiOTJkN2U4MjUtYWE1Ny00NzA4LWExMzctMDBiYjQ2NjZiZWVjIiwidCI6ImJkMDNhNzM1LTJhYTMtNGNjYS05NzIyLTJhZTQ5MjlhYjNlYyIsImMiOjEwfQ%3D%3D&pageName=adfba30c52355c5b1631
Tuguegarao,Cagayan,17.6333,121.75,2002,climatological,SON,Sep-Oct-Nov,705.3,3,https://app.powerbi.com/view?r=eyJrIjoiOTJkN2U4MjUtYWE1Ny00NzA4LWExMzctMDBiYjQ2NjZiZWVjIiwidCI6ImJkMDNhNzM1LTJhYTMtNGNjYS05NzIyLTJhZTQ5MjlhYjNlYyIsImMiOjEwfQ%3D%3D&pageName=adfba30c52355c5b1631
Tuguegarao,Cagayan,17.6333,121.75,2002,philippine,Dry Season,Nov-Dec-Jan-Feb-Mar-Apr,588.8,6,https://app.powerbi.com/view?r=eyJrIjoiOTJkN2U4MjUtYWE1Ny00NzA4LWExMzctMDBiYjQ2NjZiZWVjIiwidCI6ImJkMDNhNzM1LTJhYTMtNGNjYS05NzIyLTJhZTQ5MjlhYjNlYyIsImMiOjEwfQ%3D%3D&pageName=adfba30c52355c5b1631
Tuguegarao,Cagayan,17.6333,121.75,2002,philippine,Wet Season,May-Jun-Jul-Aug-Sep-Oct,812.1,6,https://app.powerbi.com/view?r=eyJrIjoiOTJkN2U4MjUtYWE1Ny00NzA4LWExMzctMDBiYjQ2NjZiZWVjIiwidCI6ImJkMDNhNzM1LTJhYTMtNGNjYS05NzIyLTJhZTQ5MjlhYjNlYyIsImMiOjEwfQ%3D%3D&pageName=adfba30c52355c5b1631
Tuguegarao,Cagayan,17.6333,121.75,2003,climatological,DJF,Dec-Jan-Feb,33.4,3,https://app.powerbi.com/view?r=eyJrIjoiOTJkN2U4MjUtYWE1Ny00NzA4LWExMzctMDBiYjQ2NjZiZWVjIiwidCI6ImJkMDNhNzM1LTJhYTMtNGNjYS05NzIyLTJhZTQ5MjlhYjNlYyIsImMiOjEwfQ%3D%3D&pageName=adfba30c52355c5b1631
Tuguegarao,Cagayan,17.6333,121.75,2003,climatological,JJA,Jun-Jul-Aug,915.8,3,https://app.powerbi.com/view?r=eyJrIjoiOTJkN2U4MjUtYWE1Ny00NzA4LWExMzctMDBiYjQ2NjZiZWVjIiwidCI6ImJkMDNhNzM1LTJhYTMtNGNjYS05NzIyLTJhZTQ5MjlhYjNlYyIsImMiOjEwfQ%3D%3D&pageName=adfba30c52355c5b1631
Tuguegarao,Cagayan,17.6333,121.75,2003,climatological,MAM,Mar-Apr-May,230.5,3,https://app.powerbi.com/view?r=eyJrIjoiOTJkN2U4MjUtYWE1Ny00NzA4LWExMzctMDBiYjQ2NjZiZWVjIiwidCI6ImJkMDNhNzM1LTJhYTMtNGNjYS05NzIyLTJhZTQ5MjlhYjNlYyIsImMiOjEwfQ%3D%3D&pageName=adfba30c52355c5b1631
Tuguegarao,Cagayan,17.6333,121.75,2003,climatological,SON,Sep-Oct-Nov,617,3,https://app.powerbi.com/view?r=eyJrIjoiOTJkN2U4MjUtYWE1Ny00NzA4LWExMzctMDBiYjQ2NjZiZWVjIiwidCI6ImJkMDNhNzM1LTJhYTMtNGNjYS05NzIyLTJhZTQ5MjlhYjNlYyIsImMiOjEwfQ%3D%3D&pageName=adfba30c52355c5b1631
Tuguegarao,Cagayan,17.6333,121.75,2003,philippine,Dry Season,Nov-Dec-Jan-Feb-Mar-Apr,315.6,6,https://app.powerbi.com/view?r=eyJrIjoiOTJkN2U4MjUtYWE1Ny00NzA4LWExMzctMDBiYjQ2NjZiZWVjIiwidCI6ImJkMDNhNzM1LTJhYTMtNGNjYS05NzIyLTJhZTQ5MjlhYjNlYyIsImMiOjEwfQ%3D%3D&pageName=adfba30c52355c5b1631
Tuguegarao,Cagayan,17.6333,121.75,2003,philippine,Wet Season,May-Jun-Jul-Aug-Sep-Oct,1481.1,6,https://app.powerbi.com/view?r=eyJrIjoiOTJkN2U4MjUtYWE1Ny00NzA4LWExMzctMDBiYjQ2NjZiZWVjIiwidCI6ImJkMDNhNzM1LTJhYTMtNGNjYS05NzIyLTJhZTQ5MjlhYjNlYyIsImMiOjEwfQ%3D%3D&pageName=adfba30c52355c5b1631
Tuguegarao,Cagayan,17.6333,121.75,2004,climatological,DJF,Dec-Jan-Feb,124.7,3,https://app.powerbi.com/view?r=eyJrIjoiOTJkN2U4MjUtYWE1Ny00NzA4LWExMzctMDBiYjQ2NjZiZWVjIiwidCI6ImJkMDNhNzM1LTJhYTMtNGNjYS05NzIyLTJhZTQ5MjlhYjNlYyIsImMiOjEwfQ%3D%3D&pageName=adfba30c52355c5b1631
Tuguegarao,Cagayan,17.6333,121.75,2004,climatological,JJA,Jun-Jul-Aug,592.6,3,https://app.powerbi.com/view?r=eyJrIjoiOTJkN2U4MjUtYWE1Ny00NzA4LWExMzctMDBiYjQ2NjZiZWVjIiwidCI6ImJkMDNhNzM1LTJhYTMtNGNjYS05NzIyLTJhZTQ5MjlhYjNlYyIsImMiOjEwfQ%3D%3D&pageName=adfba30c52355c5b1631
Tuguegarao,Cagayan,17.6333,121.75,2004,climatological,MAM,Mar-Apr-May,103.5,3,https://app.powerbi.com/view?r=eyJrIjoiOTJkN2U4MjUtYWE1Ny00NzA4LWExMzctMDBiYjQ2NjZiZWVjIiwidCI6ImJkMDNhNzM1LTJhYTMtNGNjYS05NzIyLTJhZTQ5MjlhYjNlYyIsImMiOjEwfQ%3D%3D&pageName=adfba30c52355c5b1631
Tuguegarao,Cagayan,17.6333,121.75,2004,climatological,SON,Sep-Oct-Nov,467,3,https://app.powerbi.com/view?r=eyJrIjoiOTJkN2U4MjUtYWE1Ny00NzA4LWExMzctMDBiYjQ2NjZiZWVjIiwidCI6ImJkMDNhNzM1LTJhYTMtNGNjYS05NzIyLTJhZTQ5MjlhYjNlYyIsImMiOjEwfQ%3D%3D&pageName=adfba30c52355c5b1631
Tuguegarao,Cagayan,17.6333,121.75,2004,philippine,Dry Season,Nov-Dec-Jan-Feb-Mar-Apr,394,6,https://app.powerbi.com/view?r=eyJrIjoiOTJkN2U4MjUtYWE1Ny00NzA4LWExMzctMDBiYjQ2NjZiZWVjIiwidCI6ImJkMDNhNzM1LTJhYTMtNGNjYS05NzIyLTJhZTQ5MjlhYjNlYyIsImMiOjEwfQ%3D%3D&pageName=adfba30c52355c5b1631
Tuguegarao,Cagayan,17.6333,121.75,2004,philippine,Wet Season,May-Jun-Jul-Aug-Sep-Oct,893.8,6,https://app.powerbi.com/view?r=eyJrIjoiOTJkN2U4MjUtYWE1Ny00NzA4LWExMzctMDBiYjQ2NjZiZWVjIiwidCI6ImJkMDNhNzM1LTJhYTMtNGNjYS05NzIyLTJhZTQ5MjlhYjNlYyIsImMiOjEwfQ%3D%3D&pageName=adfba30c52355c5b1631
Tuguegarao,Cagayan,17.6333,121.75,2005,climatological,DJF,Dec-Jan-Feb,399.8,3,https://app.powerbi.com/view?r=eyJrIjoiOTJkN2U4MjUtYWE1Ny00NzA4LWExMzctMDBiYjQ2NjZiZWVjIiwidCI6ImJkMDNhNzM1LTJhYTMtNGNjYS05NzIyLTJhZTQ5MjlhYjNlYyIsImMiOjEwfQ%3D%3D&pageName=adfba30c52355c5b1631
Tuguegarao,Cagayan,17.6333,121.75,2005,climatological,JJA,Jun-Jul-Aug,890.6,3,https://app.powerbi.com/view?r=eyJrIjoiOTJkN2U4MjUtYWE1Ny00NzA4LWExMzctMDBiYjQ2NjZiZWVjIiwidCI6ImJkMDNhNzM1LTJhYTMtNGNjYS05NzIyLTJhZTQ5MjlhYjNlYyIsImMiOjEwfQ%3D%3D&pageName=adfba30c52355c5b1631
Tuguegarao,Cagayan,17.6333,121.75,2005,climatological,MAM,Mar-Apr-May,255.9,3,https://app.powerbi.com/view?r=eyJrIjoiOTJkN2U4MjUtYWE1Ny00NzA4LWExMzctMDBiYjQ2NjZiZWVjIiwidCI6ImJkMDNhNzM1LTJhYTMtNGNjYS05NzIyLTJhZTQ5MjlhYjNlYyIsImMiOjEwfQ%3D%3D&pageName=adfba30c52355c5b1631
Tuguegarao,Cagayan,17.6333,121.75,2005,climatological,SON,Sep-Oct-Nov,827.6,3,https://app.powerbi.com/view?r=eyJrIjoiOTJkN2U4MjUtYWE1Ny00NzA4LWExMzctMDBiYjQ2NjZiZWVjIiwidCI6ImJkMDNhNzM1LTJhYTMtNGNjYS05NzIyLTJhZTQ5MjlhYjNlYyIsImMiOjEwfQ%3D%3D&pageName=adfba30c52355c5b1631
Tuguegarao,Cagayan,17.6333,121.75,2005,philippine,Dry Season,Nov-Dec-Jan-Feb-Mar-Apr,716.1,6,https://app.powerbi.com/view?r=eyJrIjoiOTJkN2U4MjUtYWE1Ny00NzA4LWExMzctMDBiYjQ2NjZiZWVjIiwidCI6ImJkMDNhNzM1LTJhYTMtNGNjYS05NzIyLTJhZTQ5MjlhYjNlYyIsImMiOjEwfQ%3D%3D&pageName=adfba30c52355c5b1631
Tuguegarao,Cagayan,17.6333,121.75,2005,philippine,Wet Season,May-Jun-Jul-Aug-Sep-Oct,1657.8,6,https://app.powerbi.com/view?r=eyJrIjoiOTJkN2U4MjUtYWE1Ny00NzA4LWExMzctMDBiYjQ2NjZiZWVjIiwidCI6ImJkMDNhNzM1LTJhYTMtNGNjYS05NzIyLTJhZTQ5MjlhYjNlYyIsImMiOjEwfQ%3D%3D&pageName=adfba30c52355c5b1631
Tuguegarao,Cagayan,17.6333,121.75,2006,climatological,DJF,Dec-Jan-Feb,899,3,https://app.powerbi.com/view?r=eyJrIjoiOTJkN2U4MjUtYWE1Ny00NzA4LWExMzctMDBiYjQ2NjZiZWVjIiwidCI6ImJkMDNhNzM1LTJhYTMtNGNjYS05NzIyLTJhZTQ5MjlhYjNlYyIsImMiOjEwfQ%3D%3D&pageName=adfba30c52355c5b1631
Tuguegarao,Cagayan,17.6333,121.75,2006,climatological,JJA,Jun-Jul-Aug,452.9,3,https://app.powerbi.com/view?r=eyJrIjoiOTJkN2U4MjUtYWE1Ny00NzA4LWExMzctMDBiYjQ2NjZiZWVjIiwidCI6ImJkMDNhNzM1LTJhYTMtNGNjYS05NzIyLTJhZTQ5MjlhYjNlYyIsImMiOjEwfQ%3D%3D&pageName=adfba30c52355c5b1631
Tuguegarao,Cagayan,17.6333,121.75,2006,climatological,MAM,Mar-Apr-May,124.9,3,https://app.powerbi.com/view?r=eyJrIjoiOTJkN2U4MjUtYWE1Ny00NzA4LWExMzctMDBiYjQ2NjZiZWVjIiwidCI6ImJkMDNhNzM1LTJhYTMtNGNjYS05NzIyLTJhZTQ5MjlhYjNlYyIsImMiOjEwfQ%3D%3D&pageName=adfba30c52355c5b1631
Tuguegarao,Cagayan,17.6333,121.75,2006,climatological,SON,Sep-Oct-Nov,658,3,https://app.powerbi.com/view?r=eyJrIjoiOTJkN2U4MjUtYWE1Ny00NzA4LWExMzctMDBiYjQ2NjZiZWVjIiwidCI6ImJkMDNhNzM1LTJhYTMtNGNjYS05NzIyLTJhZTQ5MjlhYjNlYyIsImMiOjEwfQ%3D%3D&pageName=adfba30c52355c5b1631
Tuguegarao,Cagayan,17.6333,121.75,2006,philippine,Dry Season,Nov-Dec-Jan-Feb-Mar-Apr,1055.6,6,https://app.powerbi.com/view?r=eyJrIjoiOTJkN2U4MjUtYWE1Ny00NzA4LWExMzctMDBiYjQ2NjZiZWVjIiwidCI6ImJkMDNhNzM1LTJhYTMtNGNjYS05NzIyLTJhZTQ5MjlhYjNlYyIsImMiOjEwfQ%3D%3D&pageName=adfba30c52355c5b1631
Tuguegarao,Cagayan,17.6333,121.75,2006,philippine,Wet Season,May-Jun-Jul-Aug-Sep-Oct,1079.2,6,https://app.powerbi.com/view?r=eyJrIjoiOTJkN2U4MjUtYWE1Ny00NzA4LWExMzctMDBiYjQ2NjZiZWVjIiwidCI6ImJkMDNhNzM1LTJhYTMtNGNjYS05NzIyLTJhZTQ5MjlhYjNlYyIsImMiOjEwfQ%3D%3D&pageName=adfba30c52355c5b1631
Tuguegarao,Cagayan,17.6333,121.75,2007,climatological,DJF,Dec-Jan-Feb,98.4,3,https://app.powerbi.com/view?r=eyJrIjoiOTJkN2U4MjUtYWE1Ny00NzA4LWExMzctMDBiYjQ2NjZiZWVjIiwidCI6ImJkMDNhNzM1LTJhYTMtNGNjYS05NzIyLTJhZTQ5MjlhYjNlYyIsImMiOjEwfQ%3D%3D&pageName=adfba30c52355c5b1631
Tuguegarao,Cagayan,17.6333,121.75,2007,climatological,JJA,Jun-Jul-Aug,526.5,3,https://app.powerbi.com/view?r=eyJrIjoiOTJkN2U4MjUtYWE1Ny00NzA4LWExMzctMDBiYjQ2NjZiZWVjIiwidCI6ImJkMDNhNzM1LTJhYTMtNGNjYS05NzIyLTJhZTQ5MjlhYjNlYyIsImMiOjEwfQ%3D%3D&pageName=adfba30c52355c5b1631
Tuguegarao,Cagayan,17.6333,121.75,2007,climatological,MAM,Mar-Apr-May,175.1,3,https://app.powerbi.com/view?r=eyJrIjoiOTJkN2U4MjUtYWE1Ny00NzA4LWExMzctMDBiYjQ2NjZiZWVjIiwidCI6ImJkMDNhNzM1LTJhYTMtNGNjYS05NzIyLTJhZTQ5MjlhYjNlYyIsImMiOjEwfQ%3D%3D&pageName=adfba30c52355c5b1631
Tuguegarao,Cagayan,17.6333,121.75,2007,climatological,SON,Sep-Oct-Nov,746.1,3,https://app.powerbi.com/view?r=eyJrIjoiOTJkN2U4MjUtYWE1Ny00NzA4LWExMzctMDBiYjQ2NjZiZWVjIiwidCI6ImJkMDNhNzM1LTJhYTMtNGNjYS05NzIyLTJhZTQ5MjlhYjNlYyIsImMiOjEwfQ%3D%3D&pageName=adfba30c52355c5b1631
Tuguegarao,Cagayan,17.6333,121.75,2007,philippine,Dry Season,Nov-Dec-Jan-Feb-Mar-Apr,475.9,6,https://app.powerbi.com/view?r=eyJrIjoiOTJkN2U4MjUtYWE1Ny00NzA4LWExMzctMDBiYjQ2NjZiZWVjIiwidCI6ImJkMDNhNzM1LTJhYTMtNGNjYS05NzIyLTJhZTQ5MjlhYjNlYyIsImMiOjEwfQ%3D%3D&pageName=adfba30c52355c5b1631
Tuguegarao,Cagayan,17.6333,121.75,2007,philippine,Wet Season,May-Jun-Jul-Aug-Sep-Oct,1070.2,6,https://app.powerbi.com/view?r=eyJrIjoiOTJkN2U4MjUtYWE1Ny00NzA4LWExMzctMDBiYjQ2NjZiZWVjIiwidCI6ImJkMDNhNzM1LTJhYTMtNGNjYS05NzIyLTJhZTQ5MjlhYjNlYyIsImMiOjEwfQ%3D%3D&pageName=adfba30c52355c5b1631
Tuguegarao,Cagayan,17.6333,121.75,2008,climatological,DJF,Dec-Jan-Feb,138.7,3,https://app.powerbi.com/view?r=eyJrIjoiOTJkN2U4MjUtYWE1Ny00NzA4LWExMzctMDBiYjQ2NjZiZWVjIiwidCI6ImJkMDNhNzM1LTJhYTMtNGNjYS05NzIyLTJhZTQ5MjlhYjNlYyIsImMiOjEwfQ%3D%3D&pageName=adfba30c52355c5b1631
Tuguegarao,Cagayan,17.6333,121.75,2008,climatological,JJA,Jun-Jul-Aug,680.7,3,https://app.powerbi.com/view?r=eyJrIjoiOTJkN2U4MjUtYWE1Ny00NzA4LWExMzctMDBiYjQ2NjZiZWVjIiwidCI6ImJkMDNhNzM1LTJhYTMtNGNjYS05NzIyLTJhZTQ5MjlhYjNlYyIsImMiOjEwfQ%3D%3D&pageName=adfba30c52355c5b1631
Tuguegarao,Cagayan,17.6333,121.75,2008,climatological,MAM,Mar-Apr-May,245.6,3,https://app.powerbi.com/view?r=eyJrIjoiOTJkN2U4MjUtYWE1Ny00NzA4LWExMzctMDBiYjQ2NjZiZWVjIiwidCI6ImJkMDNhNzM1LTJhYTMtNGNjYS05NzIyLTJhZTQ5MjlhYjNlYyIsImMiOjEwfQ%3D%3D&pageName=adfba30c52355c5b1631
Tuguegarao,Cagayan,17.6333,121.75,2008,climatological,SON,Sep-Oct-Nov,875.3,3,https://app.powerbi.com/view?r=eyJrIjoiOTJkN2U4MjUtYWE1Ny00NzA4LWExMzctMDBiYjQ2NjZiZWVjIiwidCI6ImJkMDNhNzM1LTJhYTMtNGNjYS05NzIyLTJhZTQ5MjlhYjNlYyIsImMiOjEwfQ%3D%3D&pageName=adfba30c52355c5b1631
Tuguegarao,Cagayan,17.6333,121.75,2008,philippine,Dry Season,Nov-Dec-Jan-Feb-Mar-Apr,801.7,6,https://app.powerbi.com/view?r=eyJrIjoiOTJkN2U4MjUtYWE1Ny00NzA4LWExMzctMDBiYjQ2NjZiZWVjIiwidCI6ImJkMDNhNzM1LTJhYTMtNGNjYS05NzIyLTJhZTQ5MjlhYjNlYyIsImMiOjEwfQ%3D%3D&pageName=adfba30c52355c5b1631
Tuguegarao,Cagayan,17.6333,121.75,2008,philippine,Wet Season,May-Jun-Jul-Aug-Sep-Oct,1138.6,6,https://app.powerbi.com/view?r=eyJrIjoiOTJkN2U4MjUtYWE1Ny00NzA4LWExMzctMDBiYjQ2NjZiZWVjIiwidCI6ImJkMDNhNzM1LTJhYTMtNGNjYS05NzIyLTJhZTQ5MjlhYjNlYyIsImMiOjEwfQ%3D%3D&pageName=adfba30c52355c5b1631
Tuguegarao,Cagayan,17.6333,121.75,2009,climatological,DJF,Dec-Jan-Feb,185.6,3,https://app.powerbi.com/view?r=eyJrIjoiOTJkN2U4MjUtYWE1Ny00NzA4LWExMzctMDBiYjQ2NjZiZWVjIiwidCI6ImJkMDNhNzM1LTJhYTMtNGNjYS05NzIyLTJhZTQ5MjlhYjNlYyIsImMiOjEwfQ%3D%3D&pageName=adfba30c52355c5b1631
Tuguegarao,Cagayan,17.6333,121.75,2009,climatological,JJA,Jun-Jul-Aug,599.2,3,https://app.powerbi.com/view?r=eyJrIjoiOTJkN2U4MjUtYWE1Ny00NzA4LWExMzctMDBiYjQ2NjZiZWVjIiwidCI6ImJkMDNhNzM1LTJhYTMtNGNjYS05NzIyLTJhZTQ5MjlhYjNlYyIsImMiOjEwfQ%3D%3D&pageName=adfba30c52355c5b1631
Tuguegarao,Cagayan,17.6333,121.75,2009,climatological,MAM,Mar-Apr-May,383.9,3,https://app.powerbi.com/view?r=eyJrIjoiOTJkN2U4MjUtYWE1Ny00NzA4LWExMzctMDBiYjQ2NjZiZWVjIiwidCI6ImJkMDNhNzM1LTJhYTMtNGNjYS05NzIyLTJhZTQ5MjlhYjNlYyIsImMiOjEwfQ%3D%3D&pageName=adfba30c52355c5b1631
Tuguegarao,Cagayan,17.6333,121.75,2009,climatological,SON,Sep-Oct-Nov,1138,3,https://app.powerbi.com/view?r=eyJrIjoiOTJkN2U4MjUtYWE1Ny00NzA4LWExMzctMDBiYjQ2NjZiZWVjIiwidCI6ImJkMDNhNzM1LTJhYTMtNGNjYS05NzIyLTJhZTQ5MjlhYjNlYyIsImMiOjEwfQ%3D%3D&pageName=adfba30c52355c5b1631
Tuguegarao,Cagayan,17.6333,121.75,2009,philippine,Dry Season,Nov-Dec-Jan-Feb-Mar-Apr,571.3,6,https://app.powerbi.com/view?r=eyJrIjoiOTJkN2U4MjUtYWE1Ny00NzA4LWExMzctMDBiYjQ2NjZiZWVjIiwidCI6ImJkMDNhNzM1LTJhYTMtNGNjYS05NzIyLTJhZTQ5MjlhYjNlYyIsImMiOjEwfQ%3D%3D&pageName=adfba30c52355c5b1631
Tuguegarao,Cagayan,17.6333,121.75,2009,philippine,Wet Season,May-Jun-Jul-Aug-Sep-Oct,1735.4,6,https://app.powerbi.com/view?r=eyJrIjoiOTJkN2U4MjUtYWE1Ny00NzA4LWExMzctMDBiYjQ2NjZiZWVjIiwidCI6ImJkMDNhNzM1LTJhYTMtNGNjYS05NzIyLTJhZTQ5MjlhYjNlYyIsImMiOjEwfQ%3D%3D&pageName=adfba30c52355c5b1631
Tuguegarao,Cagayan,17.6333,121.75,2010,climatological,DJF,Dec-Jan-Feb,64.7,3,https://app.powerbi.com/view?r=eyJrIjoiOTJkN2U4MjUtYWE1Ny00NzA4LWExMzctMDBiYjQ2NjZiZWVjIiwidCI6ImJkMDNhNzM1LTJhYTMtNGNjYS05NzIyLTJhZTQ5MjlhYjNlYyIsImMiOjEwfQ%3D%3D&pageName=adfba30c52355c5b1631
Tuguegarao,Cagayan,17.6333,121.75,2010,climatological,JJA,Jun-Jul-Aug,375.2,3,https://app.powerbi.com/view?r=eyJrIjoiOTJkN2U4MjUtYWE1Ny00NzA4LWExMzctMDBiYjQ2NjZiZWVjIiwidCI6ImJkMDNhNzM1LTJhYTMtNGNjYS05NzIyLTJhZTQ5MjlhYjNlYyIsImMiOjEwfQ%3D%3D&pageName=adfba30c52355c5b1631
Tuguegarao,Cagayan,17.6333,121.75,2010,climatological,MAM,Mar-Apr-May,154.7,3,https://app.powerbi.com/view?r=eyJrIjoiOTJkN2U4MjUtYWE1Ny00NzA4LWExMzctMDBiYjQ2NjZiZWVjIiwidCI6ImJkMDNhNzM1LTJhYTMtNGNjYS05NzIyLTJhZTQ5MjlhYjNlYyIsImMiOjEwfQ%3D%3D&pageName=adfba30c52355c5b1631
Tuguegarao,Cagayan,17.6333,121.75,2010,climatological,SON,Sep-Oct-Nov,1117.4,3,https://app.powerbi.com/view?r=eyJrIjoiOTJkN2U4MjUtYWE1Ny00NzA4LWExMzctMDBiYjQ2NjZiZWVjIiwidCI6ImJkMDNhNzM1LTJhYTMtNGNjYS05NzIyLTJhZTQ5MjlhYjNlYyIsImMiOjEwfQ%3D%3D&pageName=adfba30c52355c5b1631
Tuguegarao,Cagayan,17.6333,121.75,2010,philippine,Dry Season,Nov-Dec-Jan-Feb-Mar-Apr,862.2,6,https://app.powerbi.com/view?r=eyJrIjoiOTJkN2U4MjUtYWE1Ny00NzA4LWExMzctMDBiYjQ2NjZiZWVjIiwidCI6ImJkMDNhNzM1LTJhYTMtNGNjYS05NzIyLTJhZTQ5MjlhYjNlYyIsImMiOjEwfQ%3D%3D&pageName=adfba30c52355c5b1631
Tuguegarao,Cagayan,17.6333,121.75,2010,philippine,Wet Season,May-Jun-Jul-Aug-Sep-Oct,849.8,6,https://app.powerbi.com/view?r=eyJrIjoiOTJkN2U4MjUtYWE1Ny00NzA4LWExMzctMDBiYjQ2NjZiZWVjIiwidCI6ImJkMDNhNzM1LTJhYTMtNGNjYS05NzIyLTJhZTQ5MjlhYjNlYyIsImMiOjEwfQ%3D%3D&pageName=adfba30c52355c5b1631
Tuguegarao,Cagayan,17.6333,121.75,2011,climatological,DJF,Dec-Jan-Feb,405.2,3,https://app.powerbi.com/view?r=eyJrIjoiOTJkN2U4MjUtYWE1Ny00NzA4LWExMzctMDBiYjQ2NjZiZWVjIiwidCI6ImJkMDNhNzM1LTJhYTMtNGNjYS05NzIyLTJhZTQ5MjlhYjNlYyIsImMiOjEwfQ%3D%3D&pageName=adfba30c52355c5b1631
Tuguegarao,Cagayan,17.6333,121.75,2011,climatological,JJA,Jun-Jul-Aug,574.6,3,https://app.powerbi.com/view?r=eyJrIjoiOTJkN2U4MjUtYWE1Ny00NzA4LWExMzctMDBiYjQ2NjZiZWVjIiwidCI6ImJkMDNhNzM1LTJhYTMtNGNjYS05NzIyLTJhZTQ5MjlhYjNlYyIsImMiOjEwfQ%3D%3D&pageName=adfba30c52355c5b1631
Tuguegarao,Cagayan,17.6333,121.75,2011,climatological,MAM,Mar-Apr-May,331.1,3,https://app.powerbi.com/view?r=eyJrIjoiOTJkN2U4MjUtYWE1Ny00NzA4LWExMzctMDBiYjQ2NjZiZWVjIiwidCI6ImJkMDNhNzM1LTJhYTMtNGNjYS05NzIyLTJhZTQ5MjlhYjNlYyIsImMiOjEwfQ%3D%3D&pageName=adfba30c52355c5b1631
Tuguegarao,Cagayan,17.6333,121.75,2011,climatological,SON,Sep-Oct-Nov,967.7,3,https://app.powerbi.com/view?r=eyJrIjoiOTJkN2U4MjUtYWE1Ny00NzA4LWExMzctMDBiYjQ2NjZiZWVjIiwidCI6ImJkMDNhNzM1LTJhYTMtNGNjYS05NzIyLTJhZTQ5MjlhYjNlYyIsImMiOjEwfQ%3D%3D&pageName=adfba30c52355c5b1631
Tuguegarao,Cagayan,17.6333,121.75,2011,philippine,Dry Season,Nov-Dec-Jan-Feb-Mar-Apr,834,6,https://app.powerbi.com/view?r=eyJrIjoiOTJkN2U4MjUtYWE1Ny00NzA4LWExMzctMDBiYjQ2NjZiZWVjIiwidCI6ImJkMDNhNzM1LTJhYTMtNGNjYS05NzIyLTJhZTQ5MjlhYjNlYyIsImMiOjEwfQ%3D%3D&pageName=adfba30c52355c5b1631
Tuguegarao,Cagayan,17.6333,121.75,2011,philippine,Wet Season,May-Jun-Jul-Aug-Sep-Oct,1444.6,6,https://app.powerbi.com/view?r=eyJrIjoiOTJkN2U4MjUtYWE1Ny00NzA4LWExMzctMDBiYjQ2NjZiZWVjIiwidCI6ImJkMDNhNzM1LTJhYTMtNGNjYS05NzIyLTJhZTQ5MjlhYjNlYyIsImMiOjEwfQ%3D%3D&pageName=adfba30c52355c5b1631
Tuguegarao,Cagayan,17.6333,121.75,2012,climatological,DJF,Dec-Jan-Feb,247.8,3,https://app.powerbi.com/view?r=eyJrIjoiOTJkN2U4MjUtYWE1Ny00NzA4LWExMzctMDBiYjQ2NjZiZWVjIiwidCI6ImJkMDNhNzM1LTJhYTMtNGNjYS05NzIyLTJhZTQ5MjlhYjNlYyIsImMiOjEwfQ%3D%3D&pageName=adfba30c52355c5b1631
Tuguegarao,Cagayan,17.6333,121.75,2012,climatological,JJA,Jun-Jul-Aug,841.8,3,https://app.powerbi.com/view?r=eyJrIjoiOTJkN2U4MjUtYWE1Ny00NzA4LWExMzctMDBiYjQ2NjZiZWVjIiwidCI6ImJkMDNhNzM1LTJhYTMtNGNjYS05NzIyLTJhZTQ5MjlhYjNlYyIsImMiOjEwfQ%3D%3D&pageName=adfba30c52355c5b1631
Tuguegarao,Cagayan,17.6333,121.75,2012,climatological,MAM,Mar-Apr-May,249.6,3,https://app.powerbi.com/view?r=eyJrIjoiOTJkN2U4MjUtYWE1Ny00NzA4LWExMzctMDBiYjQ2NjZiZWVjIiwidCI6ImJkMDNhNzM1LTJhYTMtNGNjYS05NzIyLTJhZTQ5MjlhYjNlYyIsImMiOjEwfQ%3D%3D&pageName=adfba30c52355c5b1631
Tuguegarao,Cagayan,17.6333,121.75,2012,climatological,SON,Sep-Oct-Nov,467.9,3,https://app.powerbi.com/view?r=eyJrIjoiOTJkN2U4MjUtYWE1Ny00NzA4LWExMzctMDBiYjQ2NjZiZWVjIiwidCI6ImJkMDNhNzM1LTJhYTMtNGNjYS05NzIyLTJhZTQ5MjlhYjNlYyIsImMiOjEwfQ%3D%3D&pageName=adfba30c52355c5b1631
Tuguegarao,Cagayan,17.6333,121.75,2012,philippine,Dry Season,Nov-Dec-Jan-Feb-Mar-Apr,419.3,6,https://app.powerbi.com/view?r=eyJrIjoiOTJkN2U4MjUtYWE1Ny00NzA4LWExMzctMDBiYjQ2NjZiZWVjIiwidCI6ImJkMDNhNzM1LTJhYTMtNGNjYS05NzIyLTJhZTQ5MjlhYjNlYyIsImMiOjEwfQ%3D%3D&pageName=adfba30c52355c5b1631
Tuguegarao,Cagayan,17.6333,121.75,2012,philippine,Wet Season,May-Jun-Jul-Aug-Sep-Oct,1387.8,6,https://app.powerbi.com/view?r=eyJrIjoiOTJkN2U4MjUtYWE1Ny00NzA4LWExMzctMDBiYjQ2NjZiZWVjIiwidCI6ImJkMDNhNzM1LTJhYTMtNGNjYS05NzIyLTJhZTQ5MjlhYjNlYyIsImMiOjEwfQ%3D%3D&pageName=adfba30c52355c5b1631
Tuguegarao,Cagayan,17.6333,121.75,2013,climatological,DJF,Dec-Jan-Feb,173.2,3,https://app.powerbi.com/view?r=eyJrIjoiOTJkN2U4MjUtYWE1Ny00NzA4LWExMzctMDBiYjQ2NjZiZWVjIiwidCI6ImJkMDNhNzM1LTJhYTMtNGNjYS05NzIyLTJhZTQ5MjlhYjNlYyIsImMiOjEwfQ%3D%3D&pageName=adfba30c52355c5b1631
Tuguegarao,Cagayan,17.6333,121.75,2013,climatological,JJA,Jun-Jul-Aug,455.1,3,https://app.powerbi.com/view?r=eyJrIjoiOTJkN2U4MjUtYWE1Ny00NzA4LWExMzctMDBiYjQ2NjZiZWVjIiwidCI6ImJkMDNhNzM1LTJhYTMtNGNjYS05NzIyLTJhZTQ5MjlhYjNlYyIsImMiOjEwfQ%3D%3D&pageName=adfba30c52355c5b1631
Tuguegarao,Cagayan,17.6333,121.75,2013,climatological,MAM,Mar-Apr-May,341.6,3,https://app.powerbi.com/view?r=eyJrIjoiOTJkN2U4MjUtYWE1Ny00NzA4LWExMzctMDBiYjQ2NjZiZWVjIiwidCI6ImJkMDNhNzM1LTJhYTMtNGNjYS05NzIyLTJhZTQ5MjlhYjNlYyIsImMiOjEwfQ%3D%3D&pageName=adfba30c52355c5b1631
Tuguegarao,Cagayan,17.6333,121.75,2013,climatological,SON,Sep-Oct-Nov,708.2,3,https://app.powerbi.com/view?r=eyJrIjoiOTJkN2U4MjUtYWE1Ny00NzA4LWExMzctMDBiYjQ2NjZiZWVjIiwidCI6ImJkMDNhNzM1LTJhYTMtNGNjYS05NzIyLTJhZTQ5MjlhYjNlYyIsImMiOjEwfQ%3D%3D&pageName=adfba30c52355c5b1631
Tuguegarao,Cagayan,17.6333,121.75,2013,philippine,Dry Season,Nov-Dec-Jan-Feb-Mar-Apr,733.6,6,https://app.powerbi.com/view?r=eyJrIjoiOTJkN2U4MjUtYWE1Ny00NzA4LWExMzctMDBiYjQ2NjZiZWVjIiwidCI6ImJkMDNhNzM1LTJhYTMtNGNjYS05NzIyLTJhZTQ5MjlhYjNlYyIsImMiOjEwfQ%3D%3D&pageName=adfba30c52355c5b1631
Tuguegarao,Cagayan,17.6333,121.75,2013,philippine,Wet Season,May-Jun-Jul-Aug-Sep-Oct,944.5,6,https://app.powerbi.com/view?r=eyJrIjoiOTJkN2U4MjUtYWE1Ny00NzA4LWExMzctMDBiYjQ2NjZiZWVjIiwidCI6ImJkMDNhNzM1LTJhYTMtNGNjYS05NzIyLTJhZTQ5MjlhYjNlYyIsImMiOjEwfQ%3D%3D&pageName=adfba30c52355c5b1631
Tuguegarao,Cagayan,17.6333,121.75,2014,climatological,DJF,Dec-Jan-Feb,125.8,3,https://app.powerbi.com/view?r=eyJrIjoiOTJkN2U4MjUtYWE1Ny00NzA4LWExMzctMDBiYjQ2NjZiZWVjIiwidCI6ImJkMDNhNzM1LTJhYTMtNGNjYS05NzIyLTJhZTQ5MjlhYjNlYyIsImMiOjEwfQ%3D%3D&pageName=adfba30c52355c5b1631
Tuguegarao,Cagayan,17.6333,121.75,2014,climatological,JJA,Jun-Jul-Aug,483.4,3,https://app.powerbi.com/view?r=eyJrIjoiOTJkN2U4MjUtYWE1Ny00NzA4LWExMzctMDBiYjQ2NjZiZWVjIiwidCI6ImJkMDNhNzM1LTJhYTMtNGNjYS05NzIyLTJhZTQ5MjlhYjNlYyIsImMiOjEwfQ%3D%3D&pageName=adfba30c52355c5b1631
Tuguegarao,Cagayan,17.6333,121.75,2014,climatological,MAM,Mar-Apr-May,145.2,3,https://app.powerbi.com/view?r=eyJrIjoiOTJkN2U4MjUtYWE1Ny00NzA4LWExMzctMDBiYjQ2NjZiZWVjIiwidCI6ImJkMDNhNzM1LTJhYTMtNGNjYS05NzIyLTJhZTQ5MjlhYjNlYyIsImMiOjEwfQ%3D%3D&pageName=adfba30c52355c5b1631
Tuguegarao,Cagayan,17.6333,121.75,2014,climatological,SON,Sep-Oct-Nov,581.6,3,https://app.powerbi.com/view?r=eyJrIjoiOTJkN2U4MjUtYWE1Ny00NzA4LWExMzctMDBiYjQ2NjZiZWVjIiwidCI6ImJkMDNhNzM1LTJhYTMtNGNjYS05NzIyLTJhZTQ5MjlhYjNlYyIsImMiOjEwfQ%3D%3D&pageName=adfba30c52355c5b1631
Tuguegarao,Cagayan,17.6333,121.75,2014,philippine,Dry Season,Nov-Dec-Jan-Feb-Mar-Apr,310.4,6,https://app.powerbi.com/view?r=eyJrIjoiOTJkN2U4MjUtYWE1Ny00NzA4LWExMzctMDBiYjQ2NjZiZWVjIiwidCI6ImJkMDNhNzM1LTJhYTMtNGNjYS05NzIyLTJhZTQ5MjlhYjNlYyIsImMiOjEwfQ%3D%3D&pageName=adfba30c52355c5b1631
Tuguegarao,Cagayan,17.6333,121.75,2014,philippine,Wet Season,May-Jun-Jul-Aug-Sep-Oct,1025.6,6,https://app.powerbi.com/view?r=eyJrIjoiOTJkN2U4MjUtYWE1Ny00NzA4LWExMzctMDBiYjQ2NjZiZWVjIiwidCI6ImJkMDNhNzM1LTJhYTMtNGNjYS05NzIyLTJhZTQ5MjlhYjNlYyIsImMiOjEwfQ%3D%3D&pageName=adfba30c52355c5b1631
Tuguegarao,Cagayan,17.6333,121.75,2015,climatological,DJF,Dec-Jan-Feb,302.9,3,https://app.powerbi.com/view?r=eyJrIjoiOTJkN2U4MjUtYWE1Ny00NzA4LWExMzctMDBiYjQ2NjZiZWVjIiwidCI6ImJkMDNhNzM1LTJhYTMtNGNjYS05NzIyLTJhZTQ5MjlhYjNlYyIsImMiOjEwfQ%3D%3D&pageName=adfba30c52355c5b1631
Tuguegarao,Cagayan,17.6333,121.75,2015,climatological,JJA,Jun-Jul-Aug,508,3,https://app.powerbi.com/view?r=eyJrIjoiOTJkN2U4MjUtYWE1Ny00NzA4LWExMzctMDBiYjQ2NjZiZWVjIiwidCI6ImJkMDNhNzM1LTJhYTMtNGNjYS05NzIyLTJhZTQ5MjlhYjNlYyIsImMiOjEwfQ%3D%3D&pageName=adfba30c52355c5b1631
Tuguegarao,Cagayan,17.6333,121.75,2015,climatological,MAM,Mar-Apr-May,263.7,3,https://app.powerbi.com/view?r=eyJrIjoiOTJkN2U4MjUtYWE1Ny00NzA4LWExMzctMDBiYjQ2NjZiZWVjIiwidCI6ImJkMDNhNzM1LTJhYTMtNGNjYS05NzIyLTJhZTQ5MjlhYjNlYyIsImMiOjEwfQ%3D%3D&pageName=adfba30c52355c5b1631
Tuguegarao,Cagayan,17.6333,121.75,2015,climatological,SON,Sep-Oct-Nov,377.3,3,https://app.powerbi.com/view?r=eyJrIjoiOTJkN2U4MjUtYWE1Ny00NzA4LWExMzctMDBiYjQ2NjZiZWVjIiwidCI6ImJkMDNhNzM1LTJhYTMtNGNjYS05NzIyLTJhZTQ5MjlhYjNlYyIsImMiOjEwfQ%3D%3D&pageName=adfba30c52355c5b1631
Tuguegarao,Cagayan,17.6333,121.75,2015,philippine,Dry Season,Nov-Dec-Jan-Feb-Mar-Apr,419.4,6,https://app.powerbi.com/view?r=eyJrIjoiOTJkN2U4MjUtYWE1Ny00NzA4LWExMzctMDBiYjQ2NjZiZWVjIiwidCI6ImJkMDNhNzM1LTJhYTMtNGNjYS05NzIyLTJhZTQ5MjlhYjNlYyIsImMiOjEwfQ%3D%3D&pageName=adfba30c52355c5b1631
Tuguegarao,Cagayan,17.6333,121.75,2015,philippine,Wet Season,May-Jun-Jul-Aug-Sep-Oct,1032.5,6,https://app.powerbi.com/view?r=eyJrIjoiOTJkN2U4MjUtYWE1Ny00NzA4LWExMzctMDBiYjQ2NjZiZWVjIiwidCI6ImJkMDNhNzM1LTJhYTMtNGNjYS05NzIyLTJhZTQ5MjlhYjNlYyIsImMiOjEwfQ%3D%3D&pageName=adfba30c52355c5b1631
Tuguegarao,Cagayan,17.6333,121.75,2016,climatological,DJF,Dec-Jan-Feb,265,3,https://app.powerbi.com/view?r=eyJrIjoiOTJkN2U4MjUtYWE1Ny00NzA4LWExMzctMDBiYjQ2NjZiZWVjIiwidCI6ImJkMDNhNzM1LTJhYTMtNGNjYS05NzIyLTJhZTQ5MjlhYjNlYyIsImMiOjEwfQ%3D%3D&pageName=adfba30c52355c5b1631
Tuguegarao,Cagayan,17.6333,121.75,2016,climatological,JJA,Jun-Jul-Aug,674.8,3,https://app.powerbi.com/view?r=eyJrIjoiOTJkN2U4MjUtYWE1Ny00NzA4LWExMzctMDBiYjQ2NjZiZWVjIiwidCI6ImJkMDNhNzM1LTJhYTMtNGNjYS05NzIyLTJhZTQ5MjlhYjNlYyIsImMiOjEwfQ%3D%3D&pageName=adfba30c52355c5b1631
Tuguegarao,Cagayan,17.6333,121.75,2016,climatological,MAM,Mar-Apr-May,111.3,3,https://app.powerbi.com/view?r=eyJrIjoiOTJkN2U4MjUtYWE1Ny00NzA4LWExMzctMDBiYjQ2NjZiZWVjIiwidCI6ImJkMDNhNzM1LTJhYTMtNGNjYS05NzIyLTJhZTQ5MjlhYjNlYyIsImMiOjEwfQ%3D%3D&pageName=adfba30c52355c5b1631
Tuguegarao,Cagayan,17.6333,121.75,2016,climatological,SON,Sep-Oct-Nov,942.9,3,https://app.powerbi.com/view?r=eyJrIjoiOTJkN2U4MjUtYWE1Ny00NzA4LWExMzctMDBiYjQ2NjZiZWVjIiwidCI6ImJkMDNhNzM1LTJhYTMtNGNjYS05NzIyLTJhZTQ5MjlhYjNlYyIsImMiOjEwfQ%3D%3D&pageName=adfba30c52355c5b1631
Tuguegarao,Cagayan,17.6333,121.75,2016,philippine,Dry Season,Nov-Dec-Jan-Feb-Mar-Apr,685.8,6,https://app.powerbi.com/view?r=eyJrIjoiOTJkN2U4MjUtYWE1Ny00NzA4LWExMzctMDBiYjQ2NjZiZWVjIiwidCI6ImJkMDNhNzM1LTJhYTMtNGNjYS05NzIyLTJhZTQ5MjlhYjNlYyIsImMiOjEwfQ%3D%3D&pageName=adfba30c52355c5b1631
Tuguegarao,Cagayan,17.6333,121.75,2016,philippine,Wet Season,May-Jun-Jul-Aug-Sep-Oct,1308.2,6,https://app.powerbi.com/view?r=eyJrIjoiOTJkN2U4MjUtYWE1Ny00NzA4LWExMzctMDBiYjQ2NjZiZWVjIiwidCI6ImJkMDNhNzM1LTJhYTMtNGNjYS05NzIyLTJhZTQ5MjlhYjNlYyIsImMiOjEwfQ%3D%3D&pageName=adfba30c52355c5b1631
Tuguegarao,Cagayan,17.6333,121.75,2017,climatological,DJF,Dec-Jan-Feb,219.3,3,https://app.powerbi.com/view?r=eyJrIjoiOTJkN2U4MjUtYWE1Ny00NzA4LWExMzctMDBiYjQ2NjZiZWVjIiwidCI6ImJkMDNhNzM1LTJhYTMtNGNjYS05NzIyLTJhZTQ5MjlhYjNlYyIsImMiOjEwfQ%3D%3D&pageName=adfba30c52355c5b1631
Tuguegarao,Cagayan,17.6333,121.75,2017,climatological,JJA,Jun-Jul-Aug,244.2,3,https://app.powerbi.com/view?r=eyJrIjoiOTJkN2U4MjUtYWE1Ny00NzA4LWExMzctMDBiYjQ2NjZiZWVjIiwidCI6ImJkMDNhNzM1LTJhYTMtNGNjYS05NzIyLTJhZTQ5MjlhYjNlYyIsImMiOjEwfQ%3D%3D&pageName=adfba30c52355c5b1631
Tuguegarao,Cagayan,17.6333,121.75,2017,climatological,MAM,Mar-Apr-May,310,3,https://app.powerbi.com/view?r=eyJrIjoiOTJkN2U4MjUtYWE1Ny00NzA4LWExMzctMDBiYjQ2NjZiZWVjIiwidCI6ImJkMDNhNzM1LTJhYTMtNGNjYS05NzIyLTJhZTQ5MjlhYjNlYyIsImMiOjEwfQ%3D%3D&pageName=adfba30c52355c5b1631
Tuguegarao,Cagayan,17.6333,121.75,2017,climatological,SON,Sep-Oct-Nov,753.6,3,https://app.powerbi.com/view?r=eyJrIjoiOTJkN2U4MjUtYWE1Ny00NzA4LWExMzctMDBiYjQ2NjZiZWVjIiwidCI6ImJkMDNhNzM1LTJhYTMtNGNjYS05NzIyLTJhZTQ5MjlhYjNlYyIsImMiOjEwfQ%3D%3D&pageName=adfba30c52355c5b1631
Tuguegarao,Cagayan,17.6333,121.75,2017,philippine,Dry Season,Nov-Dec-Jan-Feb-Mar-Apr,639.8,6,https://app.powerbi.com/view?r=eyJrIjoiOTJkN2U4MjUtYWE1Ny00NzA4LWExMzctMDBiYjQ2NjZiZWVjIiwidCI6ImJkMDNhNzM1LTJhYTMtNGNjYS05NzIyLTJhZTQ5MjlhYjNlYyIsImMiOjEwfQ%3D%3D&pageName=adfba30c52355c5b1631
Tuguegarao,Cagayan,17.6333,121.75,2017,philippine,Wet Season,May-Jun-Jul-Aug-Sep-Oct,887.3,6,https://app.powerbi.com/view?r=eyJrIjoiOTJkN2U4MjUtYWE1Ny00NzA4LWExMzctMDBiYjQ2NjZiZWVjIiwidCI6ImJkMDNhNzM1LTJhYTMtNGNjYS05NzIyLTJhZTQ5MjlhYjNlYyIsImMiOjEwfQ%3D%3D&pageName=adfba30c52355c5b1631
Tuguegarao,Cagayan,17.6333,121.75,2018,climatological,DJF,Dec-Jan-Feb,161.7,3,https://app.powerbi.com/view?r=eyJrIjoiOTJkN2U4MjUtYWE1Ny00NzA4LWExMzctMDBiYjQ2NjZiZWVjIiwidCI6ImJkMDNhNzM1LTJhYTMtNGNjYS05NzIyLTJhZTQ5MjlhYjNlYyIsImMiOjEwfQ%3D%3D&pageName=adfba30c52355c5b1631
Tuguegarao,Cagayan,17.6333,121.75,2018,climatological,JJA,Jun-Jul-Aug,536.9,3,https://app.powerbi.com/view?r=eyJrIjoiOTJkN2U4MjUtYWE1Ny00NzA4LWExMzctMDBiYjQ2NjZiZWVjIiwidCI6ImJkMDNhNzM1LTJhYTMtNGNjYS05NzIyLTJhZTQ5MjlhYjNlYyIsImMiOjEwfQ%3D%3D&pageName=adfba30c52355c5b1631
Tuguegarao,Cagayan,17.6333,121.75,2018,climatological,MAM,Mar-Apr-May,59.6,3,https://app.powerbi.com/view?r=eyJrIjoiOTJkN2U4MjUtYWE1Ny00NzA4LWExMzctMDBiYjQ2NjZiZWVjIiwidCI6ImJkMDNhNzM1LTJhYTMtNGNjYS05NzIyLTJhZTQ5MjlhYjNlYyIsImMiOjEwfQ%3D%3D&pageName=adfba30c52355c5b1631
Tuguegarao,Cagayan,17.6333,121.75,2018,climatological,SON,Sep-Oct-Nov,475.2,3,https://app.powerbi.com/view?r=eyJrIjoiOTJkN2U4MjUtYWE1Ny00NzA4LWExMzctMDBiYjQ2NjZiZWVjIiwidCI6ImJkMDNhNzM1LTJhYTMtNGNjYS05NzIyLTJhZTQ5MjlhYjNlYyIsImMiOjEwfQ%3D%3D&pageName=adfba30c52355c5b1631
Tuguegarao,Cagayan,17.6333,121.75,2018,philippine,Dry Season,Nov-Dec-Jan-Feb-Mar-Apr,224.8,6,https://app.powerbi.com/view?r=eyJrIjoiOTJkN2U4MjUtYWE1Ny00NzA4LWExMzctMDBiYjQ2NjZiZWVjIiwidCI6ImJkMDNhNzM1LTJhYTMtNGNjYS05NzIyLTJhZTQ5MjlhYjNlYyIsImMiOjEwfQ%3D%3D&pageName=adfba30c52355c5b1631
Tuguegarao,Cagayan,17.6333,121.75,2018,philippine,Wet Season,May-Jun-Jul-Aug-Sep-Oct,1008.6,6,https://app.powerbi.com/view?r=eyJrIjoiOTJkN2U4MjUtYWE1Ny00NzA4LWExMzctMDBiYjQ2NjZiZWVjIiwidCI6ImJkMDNhNzM1LTJhYTMtNGNjYS05NzIyLTJhZTQ5MjlhYjNlYyIsImMiOjEwfQ%3D%3D&pageName=adfba30c52355c5b1631
Tuguegarao,Cagayan,17.6333,121.75,2019,climatological,DJF,Dec-Jan-Feb,328.1,3,https://app.powerbi.com/view?r=eyJrIjoiOTJkN2U4MjUtYWE1Ny00NzA4LWExMzctMDBiYjQ2NjZiZWVjIiwidCI6ImJkMDNhNzM1LTJhYTMtNGNjYS05NzIyLTJhZTQ5MjlhYjNlYyIsImMiOjEwfQ%3D%3D&pageName=adfba30c52355c5b1631
Tuguegarao,Cagayan,17.6333,121.75,2019,climatological,JJA,Jun-Jul-Aug,579,3,https://app.powerbi.com/view?r=eyJrIjoiOTJkN2U4MjUtYWE1Ny00NzA4LWExMzctMDBiYjQ2NjZiZWVjIiwidCI6ImJkMDNhNzM1LTJhYTMtNGNjYS05NzIyLTJhZTQ5MjlhYjNlYyIsImMiOjEwfQ%3D%3D&pageName=adfba30c52355c5b1631
Tuguegarao,Cagayan,17.6333,121.75,2019,climatological,MAM,Mar-Apr-May,334.5,3,https://app.powerbi.com/view?r=eyJrIjoiOTJkN2U4MjUtYWE1Ny00NzA4LWExMzctMDBiYjQ2NjZiZWVjIiwidCI6ImJkMDNhNzM1LTJhYTMtNGNjYS05NzIyLTJhZTQ5MjlhYjNlYyIsImMiOjEwfQ%3D%3D&pageName=adfba30c52355c5b1631
Tuguegarao,Cagayan,17.6333,121.75,2019,climatological,SON,Sep-Oct-Nov,764.3,3,https://app.powerbi.com/view?r=eyJrIjoiOTJkN2U4MjUtYWE1Ny00NzA4LWExMzctMDBiYjQ2NjZiZWVjIiwidCI6ImJkMDNhNzM1LTJhYTMtNGNjYS05NzIyLTJhZTQ5MjlhYjNlYyIsImMiOjEwfQ%3D%3D&pageName=adfba30c52355c5b1631
Tuguegarao,Cagayan,17.6333,121.75,2019,philippine,Dry Season,Nov-Dec-Jan-Feb-Mar-Apr,823.1,6,https://app.powerbi.com/view?r=eyJrIjoiOTJkN2U4MjUtYWE1Ny00NzA4LWExMzctMDBiYjQ2NjZiZWVjIiwidCI6ImJkMDNhNzM1LTJhYTMtNGNjYS05NzIyLTJhZTQ5MjlhYjNlYyIsImMiOjEwfQ%3D%3D&pageName=adfba30c52355c5b1631
Tuguegarao,Cagayan,17.6333,121.75,2019,philippine,Wet Season,May-Jun-Jul-Aug-Sep-Oct,1182.8,6,https://app.powerbi.com/view?r=eyJrIjoiOTJkN2U4MjUtYWE1Ny00NzA4LWExMzctMDBiYjQ2NjZiZWVjIiwidCI6ImJkMDNhNzM1LTJhYTMtNGNjYS05NzIyLTJhZTQ5MjlhYjNlYyIsImMiOjEwfQ%3D%3D&pageName=adfba30c52355c5b1631
Tuguegarao,Cagayan,17.6333,121.75,2020,climatological,DJF,Dec-Jan-Feb,413,3,https://app.powerbi.com/view?r=eyJrIjoiOTJkN2U4MjUtYWE1Ny00NzA4LWExMzctMDBiYjQ2NjZiZWVjIiwidCI6ImJkMDNhNzM1LTJhYTMtNGNjYS05NzIyLTJhZTQ5MjlhYjNlYyIsImMiOjEwfQ%3D%3D&pageName=adfba30c52355c5b1631
Tuguegarao,Cagayan,17.6333,121.75,2020,climatological,JJA,Jun-Jul-Aug,383.5,3,https://app.powerbi.com/view?r=eyJrIjoiOTJkN2U4MjUtYWE1Ny00NzA4LWExMzctMDBiYjQ2NjZiZWVjIiwidCI6ImJkMDNhNzM1LTJhYTMtNGNjYS05NzIyLTJhZTQ5MjlhYjNlYyIsImMiOjEwfQ%3D%3D&pageName=adfba30c52355c5b1631
Tuguegarao,Cagayan,17.6333,121.75,2020,climatological,MAM,Mar-Apr-May,345.2,3,https://app.powerbi.com/view?r=eyJrIjoiOTJkN2U4MjUtYWE1Ny00NzA4LWExMzctMDBiYjQ2NjZiZWVjIiwidCI6ImJkMDNhNzM1LTJhYTMtNGNjYS05NzIyLTJhZTQ5MjlhYjNlYyIsImMiOjEwfQ%3D%3D&pageName=adfba30c52355c5b1631
Tuguegarao,Cagayan,17.6333,121.75,2020,climatological,SON,Sep-Oct-Nov,1093.6,3,https://app.powerbi.com/view?r=eyJrIjoiOTJkN2U4MjUtYWE1Ny00NzA4LWExMzctMDBiYjQ2NjZiZWVjIiwidCI6ImJkMDNhNzM1LTJhYTMtNGNjYS05NzIyLTJhZTQ5MjlhYjNlYyIsImMiOjEwfQ%3D%3D&pageName=adfba30c52355c5b1631
Tuguegarao,Cagayan,17.6333,121.75,2020,philippine,Dry Season,Nov-Dec-Jan-Feb-Mar-Apr,1002.9,6,https://app.powerbi.com/view?r=eyJrIjoiOTJkN2U4MjUtYWE1Ny00NzA4LWExMzctMDBiYjQ2NjZiZWVjIiwidCI6ImJkMDNhNzM1LTJhYTMtNGNjYS05NzIyLTJhZTQ5MjlhYjNlYyIsImMiOjEwfQ%3D%3D&pageName=adfba30c52355c5b1631
Tuguegarao,Cagayan,17.6333,121.75,2020,philippine,Wet Season,May-Jun-Jul-Aug-Sep-Oct,1232.4,6,https://app.powerbi.com/view?r=eyJrIjoiOTJkN2U4MjUtYWE1Ny00NzA4LWExMzctMDBiYjQ2NjZiZWVjIiwidCI6ImJkMDNhNzM1LTJhYTMtNGNjYS05NzIyLTJhZTQ5MjlhYjNlYyIsImMiOjEwfQ%3D%3D&pageName=adfba30c52355c5b1631
