source_file,sheet,province,district,municipality,year,program,commodity,office_function,tier_1,tier_2,activity,unit,physical_target,budget,length_km,allocation_method,source_note
all_programs_2027.xlsx,IES,Isabela,,Gamu,2027,Rice Program,Rice Seed System,Production Support Services,Technical Support Services,Production Support Services,Tunnel-Type Solar Dryer,4 unit,4.00,1200.00,,ALL PROGRAMS 2027 municipality split,"A tunnel-type solar dryer is a semi-cylindrical (greenhouse-shaped) enclosed drying structure that uses solar energy to dry agricultural products efficiently and hygienically. It is widely used for rice seeds, grains, fruits, vegetables, fish, and other high-value crops—especially suitable for seed production systems where controlled drying is critical. | ✅ No additional infrastructure required ✅ Shovel-ready | 📌Improving seed quality 📌 Reduces postharvest losses | ✅ Support seed security program"
all_programs_2027.xlsx,IES,Isabela,,Gamu,2027,Rice Program,Rice Seed System,Production Support Services,Technical Support Services,Production Support Services,Solar-powered irrigation System,1unit,1.00,2000.00,,ALL PROGRAMS 2027 municipality split,"An Automated Solar-Powered Water Management System for Inbred Rice Seed Production is a smart irrigation setup designed to provide precise, reliable, and energy-efficient water control tailored to the strict requirements of seed production fields. Because inbred rice seed production requires uniform plant growth, controlled flowering, and genetic purity, water management must be highly accurate. Even small moisture stress can reduce seed quality, yield, and purity. | ✅ Technical Feasibility Study (target completion by 2026) ✅ | Continous water supply ,Precision Irrigation,Improved seed yield and qualituy | ✅ Support seed security program"
all_programs_2027.xlsx,IES,Isabela,,Gamu,2027,Rice Program,Rice Seed System,Production Support Services,Technical Support Services,Production Support Services,Improvement of Road Network from Rice Seed Production Sites,200 li. m,200.00,2000.00,,ALL PROGRAMS 2027 municipality split,"The proposed project involves the construction/improvement of a 200-linear-meter farm-to-market road (FMR) connecting the rice seed production area (IES or seed cluster) to the nearest barangay or municipal road. The road will provide all-weather access for transporting harvested rice seeds, farm inputs, and agricultural equipment. | ✅ Plans, Designs and Cost estimate already prepared ✅ Standard rural concrete road design applicable | 📌Easy access for trucks during peak harvest 📌 Improves access for seed certification personnel Lower transport time and fuel use | ✅ Support seed security program"
all_programs_2027.xlsx,SCRC_SEED SYSTEM _HIGH IMPACT,Cagayan,,Tuao,2027,Research and Development (R4),Rice and Vegetable Seed System,Production Support Services,Technical Support Services,Production Support Services,Rice Processing Center,1 unit,1.00,324000.00,,ALL PROGRAMS 2027 municipality split,"A state-of-the art processing facility with set of drying and milling equipment that aims to reduce postharvest losses, increase milling recovery and ultimately boost farmers' income. | ✅ Technical Feasibility Study (target completion by 2026) ✅ LGU Support thru MOA (target by 2026) | 📌 Poverty Reduction 📌 Increasing Income for Farmers & Fisherfolk 📌 Enhancing productivity 📌 Improving Food Security and Proper Nutrition 📌 Reducing Import Dependency | ✅ Local Agriculture and Fishery Mechanization Plan ✅ Food Security Plan ✅ Provincial Commodity Investment Plan"
all_programs_2027.xlsx,SCRC_SEED SYSTEM _HIGH IMPACT,Cagayan,,Solana,2027,Research and Development (R4),Rice and Vegetable Seed System,Production Support Services,Technical Support Services,Production Support Services,Automated Multi Commodity Vegetable Seed sorter,1 unit,1.00,2000.00,,ALL PROGRAMS 2027 municipality split,"installation of an automated seed sorting machine capable of handling multiple vegetable crops (tomato, ampalaya, bell pepper, eggplant, etc) to ensure high-quality, uniform, and marketable seeds. Produce high-quality, uniform vegetable seeds efficiently through automated sorting, supporting local seed production/system . | Existing seed processing facility ready | Improving seed quality | supports local seed system and high-value crop program"
all_programs_2027.xlsx,SCRC_SEED SYSTEM _HIGH IMPACT,Cagayan,,Solana,2027,Research and Development (R4),Rice and Vegetable Seed System,Production Support Services,Technical Support Services,Production Support Services,Smart Irrigation and Fertigation System for Seed Production/Seed system,2 unit,2.00,2000.00,,ALL PROGRAMS 2027 municipality split,"Installation of an automated irrigation system integrated with fertigation technology to ensure precise and efficient delivery of water and nutrients for rice/vegetable seed production and research plots, improving seed yield, quality, and resource efficiency. | Existing Solar Irrigation /water source | Water and nutreint use efficiency , cost reduction and operational efficiency | supports local seed system and high-value crop program"
all_programs_2027.xlsx,SCRC_SEED SYSTEM _HIGH IMPACT,Cagayan,1,Amulung,2027,Research and Development (R4),Rice and Vegetable Seed System,Production Support Services,Technical Support Services,Production Support Services,Hybrid irrigation System,2unit,1.00,1250.00,,ALL PROGRAMS 2027 municipality split,"Combines conventional irrigation (canals, pumps, sluices) with automated soil moisture-controlled irrigation for rice seed production plots and research trial areas. Ensures efficient and continuous water supply for both seed multiplication and research activities. | Existing facilities and irrigated land available | Continous water supply ,Precision Irrigation,Improved seed yield and qualituy | Support seed security program"
all_programs_2027.xlsx,SCRC_SEED SYSTEM _HIGH IMPACT,Cagayan,1,Iguig,2027,Research and Development (R4),Rice and Vegetable Seed System,Production Support Services,Technical Support Services,Production Support Services,Hybrid irrigation System,2unit,1.00,1250.00,,ALL PROGRAMS 2027 municipality split,"Combines conventional irrigation (canals, pumps, sluices) with automated soil moisture-controlled irrigation for rice seed production plots and research trial areas. Ensures efficient and continuous water supply for both seed multiplication and research activities. | Existing facilities and irrigated land available | Continous water supply ,Precision Irrigation,Improved seed yield and qualituy | Support seed security program"
all_programs_2027.xlsx,SCRC_SEED SYSTEM _HIGH IMPACT,Cagayan,,Iguig,2027,Research and Development (R4),Rice and Vegetable Seed System,Production Support Services,Technical Support Services,Production Support Services,Mushroom House Production: Environmental Control System,1 unit,1.00,1200.00,,ALL PROGRAMS 2027 municipality split,"Mushroom Production System a design and control system for monitoring and managing the environmental conditions in mushroom production. This allows producers to monitor, temperature, humidity, light intensity and/even carbon dioxide concentration using sensor. Mushroom house ventilation, water system and cooling system . | Existing facilities available | Enhance productivity and increase income of farmers | Food security program"
all_programs_2027.xlsx,RICE,Cagayan,1,Alcala,2027,Rice Program,RICE,Production Support Services,Technical Support Services,Production Support Services,1. Hybrid Seeds and Inorganic Fertilizers,67278,6727.80,60550.60,,ALL PROGRAMS 2027 municipality split,Promotion of High Quality Seeds of Recommended Hybrid Rice Varieties and Adoptive Balanced Fertilization to Rice Farmers | Hybrid Seeds NSIC Registered Varieties Preferred by Farmers and with good eating quality Tested in Research Trials and Technology Fora in Region 02 Inorganic Fertilizers FPA Regsistered for Rice Tested in Research Trials and Technology Fora in Region 02 | 📌 Poverty Reduction 📌 Increasing Income for Farmers & Fisherfolk 📌 Enhancing productivity 📌 Improving Food Security and Proper Nutrition 📌 Reducing Import Dependency | Food Security Plan
all_programs_2027.xlsx,RICE,Cagayan,1,Aparri,2027,Rice Program,RICE,Production Support Services,Technical Support Services,Production Support Services,1. Hybrid Seeds and Inorganic Fertilizers,67278,6727.80,60550.60,,ALL PROGRAMS 2027 municipality split,Promotion of High Quality Seeds of Recommended Hybrid Rice Varieties and Adoptive Balanced Fertilization to Rice Farmers | Hybrid Seeds NSIC Registered Varieties Preferred by Farmers and with good eating quality Tested in Research Trials and Technology Fora in Region 02 Inorganic Fertilizers FPA Regsistered for Rice Tested in Research Trials and Technology Fora in Region 02 | 📌 Poverty Reduction 📌 Increasing Income for Farmers & Fisherfolk 📌 Enhancing productivity 📌 Improving Food Security and Proper Nutrition 📌 Reducing Import Dependency | Food Security Plan
all_programs_2027.xlsx,RICE,Cagayan,1,Baggao,2027,Rice Program,RICE,Production Support Services,Technical Support Services,Production Support Services,1. Hybrid Seeds and Inorganic Fertilizers,67278,6727.80,60550.60,,ALL PROGRAMS 2027 municipality split,Promotion of High Quality Seeds of Recommended Hybrid Rice Varieties and Adoptive Balanced Fertilization to Rice Farmers | Hybrid Seeds NSIC Registered Varieties Preferred by Farmers and with good eating quality Tested in Research Trials and Technology Fora in Region 02 Inorganic Fertilizers FPA Regsistered for Rice Tested in Research Trials and Technology Fora in Region 02 | 📌 Poverty Reduction 📌 Increasing Income for Farmers & Fisherfolk 📌 Enhancing productivity 📌 Improving Food Security and Proper Nutrition 📌 Reducing Import Dependency | Food Security Plan
all_programs_2027.xlsx,RICE,Cagayan,1,Buguey,2027,Rice Program,RICE,Production Support Services,Technical Support Services,Production Support Services,1. Hybrid Seeds and Inorganic Fertilizers,67278,6727.80,60550.60,,ALL PROGRAMS 2027 municipality split,Promotion of High Quality Seeds of Recommended Hybrid Rice Varieties and Adoptive Balanced Fertilization to Rice Farmers | Hybrid Seeds NSIC Registered Varieties Preferred by Farmers and with good eating quality Tested in Research Trials and Technology Fora in Region 02 Inorganic Fertilizers FPA Regsistered for Rice Tested in Research Trials and Technology Fora in Region 02 | 📌 Poverty Reduction 📌 Increasing Income for Farmers & Fisherfolk 📌 Enhancing productivity 📌 Improving Food Security and Proper Nutrition 📌 Reducing Import Dependency | Food Security Plan
all_programs_2027.xlsx,RICE,Cagayan,1,Camalaniugan,2027,Rice Program,RICE,Production Support Services,Technical Support Services,Production Support Services,1. Hybrid Seeds and Inorganic Fertilizers,67278,6727.80,60550.60,,ALL PROGRAMS 2027 municipality split,Promotion of High Quality Seeds of Recommended Hybrid Rice Varieties and Adoptive Balanced Fertilization to Rice Farmers | Hybrid Seeds NSIC Registered Varieties Preferred by Farmers and with good eating quality Tested in Research Trials and Technology Fora in Region 02 Inorganic Fertilizers FPA Regsistered for Rice Tested in Research Trials and Technology Fora in Region 02 | 📌 Poverty Reduction 📌 Increasing Income for Farmers & Fisherfolk 📌 Enhancing productivity 📌 Improving Food Security and Proper Nutrition 📌 Reducing Import Dependency | Food Security Plan
all_programs_2027.xlsx,RICE,Cagayan,1,Gattaran,2027,Rice Program,RICE,Production Support Services,Technical Support Services,Production Support Services,1. Hybrid Seeds and Inorganic Fertilizers,67278,6727.80,60550.60,,ALL PROGRAMS 2027 municipality split,Promotion of High Quality Seeds of Recommended Hybrid Rice Varieties and Adoptive Balanced Fertilization to Rice Farmers | Hybrid Seeds NSIC Registered Varieties Preferred by Farmers and with good eating quality Tested in Research Trials and Technology Fora in Region 02 Inorganic Fertilizers FPA Regsistered for Rice Tested in Research Trials and Technology Fora in Region 02 | 📌 Poverty Reduction 📌 Increasing Income for Farmers & Fisherfolk 📌 Enhancing productivity 📌 Improving Food Security and Proper Nutrition 📌 Reducing Import Dependency | Food Security Plan
all_programs_2027.xlsx,RICE,Cagayan,1,Gonzaga,2027,Rice Program,RICE,Production Support Services,Technical Support Services,Production Support Services,1. Hybrid Seeds and Inorganic Fertilizers,67278,6727.80,60550.60,,ALL PROGRAMS 2027 municipality split,Promotion of High Quality Seeds of Recommended Hybrid Rice Varieties and Adoptive Balanced Fertilization to Rice Farmers | Hybrid Seeds NSIC Registered Varieties Preferred by Farmers and with good eating quality Tested in Research Trials and Technology Fora in Region 02 Inorganic Fertilizers FPA Regsistered for Rice Tested in Research Trials and Technology Fora in Region 02 | 📌 Poverty Reduction 📌 Increasing Income for Farmers & Fisherfolk 📌 Enhancing productivity 📌 Improving Food Security and Proper Nutrition 📌 Reducing Import Dependency | Food Security Plan
all_programs_2027.xlsx,RICE,Cagayan,1,Lal-lo,2027,Rice Program,RICE,Production Support Services,Technical Support Services,Production Support Services,1. Hybrid Seeds and Inorganic Fertilizers,67278,6727.80,60550.60,,ALL PROGRAMS 2027 municipality split,Promotion of High Quality Seeds of Recommended Hybrid Rice Varieties and Adoptive Balanced Fertilization to Rice Farmers | Hybrid Seeds NSIC Registered Varieties Preferred by Farmers and with good eating quality Tested in Research Trials and Technology Fora in Region 02 Inorganic Fertilizers FPA Regsistered for Rice Tested in Research Trials and Technology Fora in Region 02 | 📌 Poverty Reduction 📌 Increasing Income for Farmers & Fisherfolk 📌 Enhancing productivity 📌 Improving Food Security and Proper Nutrition 📌 Reducing Import Dependency | Food Security Plan
all_programs_2027.xlsx,RICE,Cagayan,1,Santa Ana,2027,Rice Program,RICE,Production Support Services,Technical Support Services,Production Support Services,1. Hybrid Seeds and Inorganic Fertilizers,67278,6727.80,60550.60,,ALL PROGRAMS 2027 municipality split,Promotion of High Quality Seeds of Recommended Hybrid Rice Varieties and Adoptive Balanced Fertilization to Rice Farmers | Hybrid Seeds NSIC Registered Varieties Preferred by Farmers and with good eating quality Tested in Research Trials and Technology Fora in Region 02 Inorganic Fertilizers FPA Regsistered for Rice Tested in Research Trials and Technology Fora in Region 02 | 📌 Poverty Reduction 📌 Increasing Income for Farmers & Fisherfolk 📌 Enhancing productivity 📌 Improving Food Security and Proper Nutrition 📌 Reducing Import Dependency | Food Security Plan
all_programs_2027.xlsx,RICE,Cagayan,1,Santa Teresita,2027,Rice Program,RICE,Production Support Services,Technical Support Services,Production Support Services,1. Hybrid Seeds and Inorganic Fertilizers,67278,6727.80,60550.60,,ALL PROGRAMS 2027 municipality split,Promotion of High Quality Seeds of Recommended Hybrid Rice Varieties and Adoptive Balanced Fertilization to Rice Farmers | Hybrid Seeds NSIC Registered Varieties Preferred by Farmers and with good eating quality Tested in Research Trials and Technology Fora in Region 02 Inorganic Fertilizers FPA Regsistered for Rice Tested in Research Trials and Technology Fora in Region 02 | 📌 Poverty Reduction 📌 Increasing Income for Farmers & Fisherfolk 📌 Enhancing productivity 📌 Improving Food Security and Proper Nutrition 📌 Reducing Import Dependency | Food Security Plan
all_programs_2027.xlsx,RICE,Cagayan,1,Alcala,2027,Rice Program,RICE,Production Support Services,Technical Support Services,Production Support Services,2. Inorganic Fertilizers for Inbred Rice,20024.56,2002.46,4004.91,,ALL PROGRAMS 2027 municipality split,Promotion of Adoptive Balanced Fertilization to Inbred Rice Farmers | FPA Regsistered for Rice Tested in Research Trials and Technology Fora in Region 02 | 📌 Poverty Reduction 📌 Increasing Income for Farmers & Fisherfolk 📌 Enhancing productivity 📌 Improving Food Security and Proper Nutrition 📌 Reducing Import Dependency | Food Security Plan
all_programs_2027.xlsx,RICE,Cagayan,1,Aparri,2027,Rice Program,RICE,Production Support Services,Technical Support Services,Production Support Services,2. Inorganic Fertilizers for Inbred Rice,20024.56,2002.46,4004.91,,ALL PROGRAMS 2027 municipality split,Promotion of Adoptive Balanced Fertilization to Inbred Rice Farmers | FPA Regsistered for Rice Tested in Research Trials and Technology Fora in Region 02 | 📌 Poverty Reduction 📌 Increasing Income for Farmers & Fisherfolk 📌 Enhancing productivity 📌 Improving Food Security and Proper Nutrition 📌 Reducing Import Dependency | Food Security Plan
all_programs_2027.xlsx,RICE,Cagayan,1,Baggao,2027,Rice Program,RICE,Production Support Services,Technical Support Services,Production Support Services,2. Inorganic Fertilizers for Inbred Rice,20024.56,2002.46,4004.91,,ALL PROGRAMS 2027 municipality split,Promotion of Adoptive Balanced Fertilization to Inbred Rice Farmers | FPA Regsistered for Rice Tested in Research Trials and Technology Fora in Region 02 | 📌 Poverty Reduction 📌 Increasing Income for Farmers & Fisherfolk 📌 Enhancing productivity 📌 Improving Food Security and Proper Nutrition 📌 Reducing Import Dependency | Food Security Plan
all_programs_2027.xlsx,RICE,Cagayan,1,Buguey,2027,Rice Program,RICE,Production Support Services,Technical Support Services,Production Support Services,2. Inorganic Fertilizers for Inbred Rice,20024.56,2002.46,4004.91,,ALL PROGRAMS 2027 municipality split,Promotion of Adoptive Balanced Fertilization to Inbred Rice Farmers | FPA Regsistered for Rice Tested in Research Trials and Technology Fora in Region 02 | 📌 Poverty Reduction 📌 Increasing Income for Farmers & Fisherfolk 📌 Enhancing productivity 📌 Improving Food Security and Proper Nutrition 📌 Reducing Import Dependency | Food Security Plan
all_programs_2027.xlsx,RICE,Cagayan,1,Camalaniugan,2027,Rice Program,RICE,Production Support Services,Technical Support Services,Production Support Services,2. Inorganic Fertilizers for Inbred Rice,20024.56,2002.46,4004.91,,ALL PROGRAMS 2027 municipality split,Promotion of Adoptive Balanced Fertilization to Inbred Rice Farmers | FPA Regsistered for Rice Tested in Research Trials and Technology Fora in Region 02 | 📌 Poverty Reduction 📌 Increasing Income for Farmers & Fisherfolk 📌 Enhancing productivity 📌 Improving Food Security and Proper Nutrition 📌 Reducing Import Dependency | Food Security Plan
all_programs_2027.xlsx,RICE,Cagayan,1,Gattaran,2027,Rice Program,RICE,Production Support Services,Technical Support Services,Production Support Services,2. Inorganic Fertilizers for Inbred Rice,20024.56,2002.46,4004.91,,ALL PROGRAMS 2027 municipality split,Promotion of Adoptive Balanced Fertilization to Inbred Rice Farmers | FPA Regsistered for Rice Tested in Research Trials and Technology Fora in Region 02 | 📌 Poverty Reduction 📌 Increasing Income for Farmers & Fisherfolk 📌 Enhancing productivity 📌 Improving Food Security and Proper Nutrition 📌 Reducing Import Dependency | Food Security Plan
all_programs_2027.xlsx,RICE,Cagayan,1,Gonzaga,2027,Rice Program,RICE,Production Support Services,Technical Support Services,Production Support Services,2. Inorganic Fertilizers for Inbred Rice,20024.56,2002.46,4004.91,,ALL PROGRAMS 2027 municipality split,Promotion of Adoptive Balanced Fertilization to Inbred Rice Farmers | FPA Regsistered for Rice Tested in Research Trials and Technology Fora in Region 02 | 📌 Poverty Reduction 📌 Increasing Income for Farmers & Fisherfolk 📌 Enhancing productivity 📌 Improving Food Security and Proper Nutrition 📌 Reducing Import Dependency | Food Security Plan
all_programs_2027.xlsx,RICE,Cagayan,1,Lal-lo,2027,Rice Program,RICE,Production Support Services,Technical Support Services,Production Support Services,2. Inorganic Fertilizers for Inbred Rice,20024.56,2002.46,4004.91,,ALL PROGRAMS 2027 municipality split,Promotion of Adoptive Balanced Fertilization to Inbred Rice Farmers | FPA Regsistered for Rice Tested in Research Trials and Technology Fora in Region 02 | 📌 Poverty Reduction 📌 Increasing Income for Farmers & Fisherfolk 📌 Enhancing productivity 📌 Improving Food Security and Proper Nutrition 📌 Reducing Import Dependency | Food Security Plan
all_programs_2027.xlsx,RICE,Cagayan,1,Santa Ana,2027,Rice Program,RICE,Production Support Services,Technical Support Services,Production Support Services,2. Inorganic Fertilizers for Inbred Rice,20024.56,2002.46,4004.91,,ALL PROGRAMS 2027 municipality split,Promotion of Adoptive Balanced Fertilization to Inbred Rice Farmers | FPA Regsistered for Rice Tested in Research Trials and Technology Fora in Region 02 | 📌 Poverty Reduction 📌 Increasing Income for Farmers & Fisherfolk 📌 Enhancing productivity 📌 Improving Food Security and Proper Nutrition 📌 Reducing Import Dependency | Food Security Plan
all_programs_2027.xlsx,RICE,Cagayan,1,Santa Teresita,2027,Rice Program,RICE,Production Support Services,Technical Support Services,Production Support Services,2. Inorganic Fertilizers for Inbred Rice,20024.56,2002.46,4004.91,,ALL PROGRAMS 2027 municipality split,Promotion of Adoptive Balanced Fertilization to Inbred Rice Farmers | FPA Regsistered for Rice Tested in Research Trials and Technology Fora in Region 02 | 📌 Poverty Reduction 📌 Increasing Income for Farmers & Fisherfolk 📌 Enhancing productivity 📌 Improving Food Security and Proper Nutrition 📌 Reducing Import Dependency | Food Security Plan
all_programs_2027.xlsx,RICE,Cagayan,2,Abulug,2027,Rice Program,RICE,"Extension Support, Education and Training Services",Technical Support Services,"Extension Support, Education and Training Services",Rice Farm Cluster Establishment,3,1.00,6400.00,,ALL PROGRAMS 2027 municipality split,"Support to Farmer Cooperatives and Associations in the production, processing and marketing of Well Milled Rice, Low GI Rice and Mabango Rice at Php35.00/kg or lower with the followin components: 1) Trading Capital-Php18.00/kg 2) Production Incentive-Php2.00/kg 3) Drying Incentive-Php1.00/kg 4) Milling Incentive-Php2.00/kg 5) Packaging Support-Php1.00/kg | FCA Cooperators are organizationally and financially capable and with existing and drying capacities | 📌 Poverty Reduction 📌 Increasing Income for Farmers & Fisherfolk 📌 Enhancing productivity 📌 Improving Food Security and Proper Nutrition 📌 Reducing Import Dependency"""" "" | Food Security Plan"
all_programs_2027.xlsx,RICE,Cagayan,2,Claveria,2027,Rice Program,RICE,"Extension Support, Education and Training Services",Technical Support Services,"Extension Support, Education and Training Services",Rice Farm Cluster Establishment,3,1.00,6400.00,,ALL PROGRAMS 2027 municipality split,"Support to Farmer Cooperatives and Associations in the production, processing and marketing of Well Milled Rice, Low GI Rice and Mabango Rice at Php35.00/kg or lower with the followin components: 1) Trading Capital-Php18.00/kg 2) Production Incentive-Php2.00/kg 3) Drying Incentive-Php1.00/kg 4) Milling Incentive-Php2.00/kg 5) Packaging Support-Php1.00/kg | FCA Cooperators are organizationally and financially capable and with existing and drying capacities | 📌 Poverty Reduction 📌 Increasing Income for Farmers & Fisherfolk 📌 Enhancing productivity 📌 Improving Food Security and Proper Nutrition 📌 Reducing Import Dependency"""" "" | Food Security Plan"
all_programs_2027.xlsx,RICE,Cagayan,2,Sanchez Mira,2027,Rice Program,RICE,"Extension Support, Education and Training Services",Technical Support Services,"Extension Support, Education and Training Services",Rice Farm Cluster Establishment,3,1.00,6400.00,,ALL PROGRAMS 2027 municipality split,"Support to Farmer Cooperatives and Associations in the production, processing and marketing of Well Milled Rice, Low GI Rice and Mabango Rice at Php35.00/kg or lower with the followin components: 1) Trading Capital-Php18.00/kg 2) Production Incentive-Php2.00/kg 3) Drying Incentive-Php1.00/kg 4) Milling Incentive-Php2.00/kg 5) Packaging Support-Php1.00/kg | FCA Cooperators are organizationally and financially capable and with existing and drying capacities | 📌 Poverty Reduction 📌 Increasing Income for Farmers & Fisherfolk 📌 Enhancing productivity 📌 Improving Food Security and Proper Nutrition 📌 Reducing Import Dependency"""" "" | Food Security Plan"
all_programs_2027.xlsx,CORN,Cagayan,1,Alcala,2027,Corn Program,CORN,Production Support Services,Technical Support Services,Production Support Services,WHITE CORN PRODUCTION ENHANCEMENT PROJECT,100 ha,100.00,550.00,,ALL PROGRAMS 2027 municipality split,"Provision of 20 kg OPV Glutonous corn seeds and 2 bags inorganic fertilizers per hectare to white corn cluster areas. A total of 1,500 ha target to be distributed during the wet season 2027 and dry season 2027-2028. | OPV Glutinous Seeds - NSIC Registered Varieties Inorganic Fertilizers - FPA Regsistered - Tested in Research Trials and Technology Fora in Region 02 | 📌 Poverty Reduction 📌 Increasing Income for Farmers & Fisherfolk 📌 Enhancing productivity 📌 Improving Food Security and Proper Nutrition 📌 Reducing Import Dependency | Food Security Plan"
all_programs_2027.xlsx,CORN,Cagayan,1,Alcala,2027,Corn Program,CORN,Production Support Services,Technical Support Services,Production Support Services,RECOMMENDED CORN PRODUCTION TECHNOLOGIES (RCPT),100 ha,100.00,3107.50,,ALL PROGRAMS 2027 municipality split,"Provision of 25 kg OPV Glutinous corn seeds, 11 bags inorganic fertilizers, 6 packs Bio-N and 10 bags agricultural lime per hectare to white corn cluster areas. A total of 300 ha target to be established during the dry season 2027-2028. | OPV Glutinous Seeds - NSIC Registered Varieties Inorganic Fertilizers - FPA Regsistered - Tested in Research Trials and Technology Fora in Region 02 | Food Security Plan"
all_programs_2027.xlsx,CORN,Cagayan,2,Lasam,2027,Corn Program,CORN,Production Support Services,Technical Support Services,Production Support Services,RECOMMENDED CORN PRODUCTION TECHNOLOGIES (RCPT),300 ha,300.00,14610.00,,ALL PROGRAMS 2027 municipality split,"Provision of 27 kg GM Hybrid corn seeds, 11 bags inorganic fertilizers, 6 packs Bio-N and 10 bags agricultural lime per hectare to yellow corn cluster areas. A total of 300 ha target to be established during the dry season 2027-2028. | GM Hybrid Seeds - NSIC Registered Varieties - Preferred by farmers and resistant to FAW - Tested in Region 02 thru corn derby Inorganic Fertilizers - Tested in Research Trials and Technology Fora in Region 02 | Food Security Plan"
all_programs_2027.xlsx,CORN,Cagayan,1,Alcala,2027,Corn Program,CORN,Production Support Services,Technical Support Services,Production Support Services,YELLOW CORN PRODUCTION ENHANCEMENT PROJECT,455 ha,75.83,1137.50,,ALL PROGRAMS 2027 municipality split,"Provision of 18 kg GM Hybrid corn seeds and 1 bag inorganic fertilizers per hectare to yellow corn areas. A total of 3,600 ha in the Provinces of Cagayan, Isabela, Nueva Vizcaya and Quirino | GM Hybrid Seeds - NSIC Registered Varieties - Preferred by farmers and resistant to FAW - Tested in Region 02 thru corn derby Inorganic Fertilizers - FPA Regsistered - Tested in Research Trials and Technology Fora in Region 02 | Food Security Plan"
all_programs_2027.xlsx,CORN,Cagayan,1,Aparri,2027,Corn Program,CORN,Production Support Services,Technical Support Services,Production Support Services,YELLOW CORN PRODUCTION ENHANCEMENT PROJECT,455 ha,75.83,1137.50,,ALL PROGRAMS 2027 municipality split,"Provision of 18 kg GM Hybrid corn seeds and 1 bag inorganic fertilizers per hectare to yellow corn areas. A total of 3,600 ha in the Provinces of Cagayan, Isabela, Nueva Vizcaya and Quirino | GM Hybrid Seeds - NSIC Registered Varieties - Preferred by farmers and resistant to FAW - Tested in Region 02 thru corn derby Inorganic Fertilizers - FPA Regsistered - Tested in Research Trials and Technology Fora in Region 02 | Food Security Plan"
all_programs_2027.xlsx,CORN,Cagayan,1,Baggao,2027,Corn Program,CORN,Production Support Services,Technical Support Services,Production Support Services,YELLOW CORN PRODUCTION ENHANCEMENT PROJECT,455 ha,75.83,1137.50,,ALL PROGRAMS 2027 municipality split,"Provision of 18 kg GM Hybrid corn seeds and 1 bag inorganic fertilizers per hectare to yellow corn areas. A total of 3,600 ha in the Provinces of Cagayan, Isabela, Nueva Vizcaya and Quirino | GM Hybrid Seeds - NSIC Registered Varieties - Preferred by farmers and resistant to FAW - Tested in Region 02 thru corn derby Inorganic Fertilizers - FPA Regsistered - Tested in Research Trials and Technology Fora in Region 02 | Food Security Plan"
all_programs_2027.xlsx,CORN,Cagayan,1,Camalaniugan,2027,Corn Program,CORN,Production Support Services,Technical Support Services,Production Support Services,YELLOW CORN PRODUCTION ENHANCEMENT PROJECT,455 ha,75.83,1137.50,,ALL PROGRAMS 2027 municipality split,"Provision of 18 kg GM Hybrid corn seeds and 1 bag inorganic fertilizers per hectare to yellow corn areas. A total of 3,600 ha in the Provinces of Cagayan, Isabela, Nueva Vizcaya and Quirino | GM Hybrid Seeds - NSIC Registered Varieties - Preferred by farmers and resistant to FAW - Tested in Region 02 thru corn derby Inorganic Fertilizers - FPA Regsistered - Tested in Research Trials and Technology Fora in Region 02 | Food Security Plan"
all_programs_2027.xlsx,CORN,Cagayan,1,Gattaran,2027,Corn Program,CORN,Production Support Services,Technical Support Services,Production Support Services,YELLOW CORN PRODUCTION ENHANCEMENT PROJECT,455 ha,75.83,1137.50,,ALL PROGRAMS 2027 municipality split,"Provision of 18 kg GM Hybrid corn seeds and 1 bag inorganic fertilizers per hectare to yellow corn areas. A total of 3,600 ha in the Provinces of Cagayan, Isabela, Nueva Vizcaya and Quirino | GM Hybrid Seeds - NSIC Registered Varieties - Preferred by farmers and resistant to FAW - Tested in Region 02 thru corn derby Inorganic Fertilizers - FPA Regsistered - Tested in Research Trials and Technology Fora in Region 02 | Food Security Plan"
all_programs_2027.xlsx,CORN,Cagayan,1,Lal-lo,2027,Corn Program,CORN,Production Support Services,Technical Support Services,Production Support Services,YELLOW CORN PRODUCTION ENHANCEMENT PROJECT,455 ha,75.83,1137.50,,ALL PROGRAMS 2027 municipality split,"Provision of 18 kg GM Hybrid corn seeds and 1 bag inorganic fertilizers per hectare to yellow corn areas. A total of 3,600 ha in the Provinces of Cagayan, Isabela, Nueva Vizcaya and Quirino | GM Hybrid Seeds - NSIC Registered Varieties - Preferred by farmers and resistant to FAW - Tested in Region 02 thru corn derby Inorganic Fertilizers - FPA Regsistered - Tested in Research Trials and Technology Fora in Region 02 | Food Security Plan"
all_programs_2027.xlsx,CORN,Cagayan,1,Alcala,2027,Corn Program,CORN,Production Support Services,Technical Support Services,Production Support Services,YELLOW CORN PRODUCTION ENHANCEMENT PROJECT,304 ha,50.67,841.07,,ALL PROGRAMS 2027 municipality split,"Provision of 18 kg Conventional Hybrid corn seeds, 3 bags inorganic fertilizers and 1 bag agricultural gypsum per hectare to sloping corn areas. A total of 2,400 ha in the Provinces of Cagayan, Isabela, Nueva Vizcaya and Quirino | Conventional Hybrid Seeds - NSIC Registered Varieties - Preferred by farmers - Tested in Region 02 thru corn derby Inorganic Fertilizers - FPA Regsistered - Tested in Research Trials and Technology Fora in Region 02 | Food Security Plan"
all_programs_2027.xlsx,CORN,Cagayan,1,Aparri,2027,Corn Program,CORN,Production Support Services,Technical Support Services,Production Support Services,YELLOW CORN PRODUCTION ENHANCEMENT PROJECT,304 ha,50.67,841.07,,ALL PROGRAMS 2027 municipality split,"Provision of 18 kg Conventional Hybrid corn seeds, 3 bags inorganic fertilizers and 1 bag agricultural gypsum per hectare to sloping corn areas. A total of 2,400 ha in the Provinces of Cagayan, Isabela, Nueva Vizcaya and Quirino | Conventional Hybrid Seeds - NSIC Registered Varieties - Preferred by farmers - Tested in Region 02 thru corn derby Inorganic Fertilizers - FPA Regsistered - Tested in Research Trials and Technology Fora in Region 02 | Food Security Plan"
all_programs_2027.xlsx,CORN,Cagayan,1,Baggao,2027,Corn Program,CORN,Production Support Services,Technical Support Services,Production Support Services,YELLOW CORN PRODUCTION ENHANCEMENT PROJECT,304 ha,50.67,841.07,,ALL PROGRAMS 2027 municipality split,"Provision of 18 kg Conventional Hybrid corn seeds, 3 bags inorganic fertilizers and 1 bag agricultural gypsum per hectare to sloping corn areas. A total of 2,400 ha in the Provinces of Cagayan, Isabela, Nueva Vizcaya and Quirino | Conventional Hybrid Seeds - NSIC Registered Varieties - Preferred by farmers - Tested in Region 02 thru corn derby Inorganic Fertilizers - FPA Regsistered - Tested in Research Trials and Technology Fora in Region 02 | Food Security Plan"
all_programs_2027.xlsx,CORN,Cagayan,1,Camalaniugan,2027,Corn Program,CORN,Production Support Services,Technical Support Services,Production Support Services,YELLOW CORN PRODUCTION ENHANCEMENT PROJECT,304 ha,50.67,841.07,,ALL PROGRAMS 2027 municipality split,"Provision of 18 kg Conventional Hybrid corn seeds, 3 bags inorganic fertilizers and 1 bag agricultural gypsum per hectare to sloping corn areas. A total of 2,400 ha in the Provinces of Cagayan, Isabela, Nueva Vizcaya and Quirino | Conventional Hybrid Seeds - NSIC Registered Varieties - Preferred by farmers - Tested in Region 02 thru corn derby Inorganic Fertilizers - FPA Regsistered - Tested in Research Trials and Technology Fora in Region 02 | Food Security Plan"
all_programs_2027.xlsx,CORN,Cagayan,1,Gattaran,2027,Corn Program,CORN,Production Support Services,Technical Support Services,Production Support Services,YELLOW CORN PRODUCTION ENHANCEMENT PROJECT,304 ha,50.67,841.07,,ALL PROGRAMS 2027 municipality split,"Provision of 18 kg Conventional Hybrid corn seeds, 3 bags inorganic fertilizers and 1 bag agricultural gypsum per hectare to sloping corn areas. A total of 2,400 ha in the Provinces of Cagayan, Isabela, Nueva Vizcaya and Quirino | Conventional Hybrid Seeds - NSIC Registered Varieties - Preferred by farmers - Tested in Region 02 thru corn derby Inorganic Fertilizers - FPA Regsistered - Tested in Research Trials and Technology Fora in Region 02 | Food Security Plan"
all_programs_2027.xlsx,CORN,Cagayan,1,Lal-lo,2027,Corn Program,CORN,Production Support Services,Technical Support Services,Production Support Services,YELLOW CORN PRODUCTION ENHANCEMENT PROJECT,304 ha,50.67,841.07,,ALL PROGRAMS 2027 municipality split,"Provision of 18 kg Conventional Hybrid corn seeds, 3 bags inorganic fertilizers and 1 bag agricultural gypsum per hectare to sloping corn areas. A total of 2,400 ha in the Provinces of Cagayan, Isabela, Nueva Vizcaya and Quirino | Conventional Hybrid Seeds - NSIC Registered Varieties - Preferred by farmers - Tested in Region 02 thru corn derby Inorganic Fertilizers - FPA Regsistered - Tested in Research Trials and Technology Fora in Region 02 | Food Security Plan"
all_programs_2027.xlsx,CORN,Cagayan,1,Aparri,2027,Corn Program,CORN,Production Support Services,Technical Support Services,Production Support Services,CASSAVA PRODUCTION ENHANCEMENT PROJECT,55 ha,27.50,660.00,,ALL PROGRAMS 2027 municipality split,"Provision of 13,000 pcs planting materials and 2 bags inorganic fertilizers per hectare to cassava cluster areas. | Cassava Planting Materials - High Yielding Varieties (HYV) - Preferred by farmers - Disease-free planting materials Inorganic Fertilizers - FPA Regsistered - Tested in Research Trials and Technology Fora in Region 02 | Food Security Plan"
all_programs_2027.xlsx,CORN,Cagayan,1,Buguey,2027,Corn Program,CORN,Production Support Services,Technical Support Services,Production Support Services,CASSAVA PRODUCTION ENHANCEMENT PROJECT,55 ha,27.50,660.00,,ALL PROGRAMS 2027 municipality split,"Provision of 13,000 pcs planting materials and 2 bags inorganic fertilizers per hectare to cassava cluster areas. | Cassava Planting Materials - High Yielding Varieties (HYV) - Preferred by farmers - Disease-free planting materials Inorganic Fertilizers - FPA Regsistered - Tested in Research Trials and Technology Fora in Region 02 | Food Security Plan"
all_programs_2027.xlsx,CORN,Isabela,1,Ilagan City (Capital),2027,Corn Program,CORN,Production Support Services,Technical Support Services,Production Support Services,SORGHUM PRODUCTION ENHANCEMENT PROJECT,100 ha,33.33,333.33,,ALL PROGRAMS 2027 municipality split,"Provision of 10kg sorghum seeds and 2 bags inorganic fertilizers per hectare to sorghum areas. | Sorghum Hybrid Seeds - Grain sorghum - Sorghum G4 & G5 - Intended for grain, forage and silage Inorganic Fertilizers - FPA Regsistered - Tested in Research Trials and Technology Fora in Region 02 | Food Security Plan"
all_programs_2027.xlsx,CORN,Isabela,1,San Pablo,2027,Corn Program,CORN,Production Support Services,Technical Support Services,Production Support Services,SORGHUM PRODUCTION ENHANCEMENT PROJECT,100 ha,33.33,333.33,,ALL PROGRAMS 2027 municipality split,"Provision of 10kg sorghum seeds and 2 bags inorganic fertilizers per hectare to sorghum areas. | Sorghum Hybrid Seeds - Grain sorghum - Sorghum G4 & G5 - Intended for grain, forage and silage Inorganic Fertilizers - FPA Regsistered - Tested in Research Trials and Technology Fora in Region 02 | Food Security Plan"
all_programs_2027.xlsx,CORN,Isabela,1,Tumauini,2027,Corn Program,CORN,Production Support Services,Technical Support Services,Production Support Services,SORGHUM PRODUCTION ENHANCEMENT PROJECT,100 ha,33.33,333.33,,ALL PROGRAMS 2027 municipality split,"Provision of 10kg sorghum seeds and 2 bags inorganic fertilizers per hectare to sorghum areas. | Sorghum Hybrid Seeds - Grain sorghum - Sorghum G4 & G5 - Intended for grain, forage and silage Inorganic Fertilizers - FPA Regsistered - Tested in Research Trials and Technology Fora in Region 02 | Food Security Plan"
all_programs_2027.xlsx,CORN,Cagayan,1,Baggao,2027,Corn Program,CORN,Production Support Services,Technical Support Services,Production Support Services,SOYBEAN PRODUCTION ENHANCEMENT PROJECT,10 ha,10.00,60.83,,ALL PROGRAMS 2027 municipality split,Provision of 25kg soyben seeds and 2 bags inorganic fertilizers per hectare to soybean areas. | OPV Seeds - NSIC Registered Variety (PSB Sy2) Tiwala 6 and CL Soy 1 - Adaptable and performed well in Region 02 condition. Inorganic Fertilizers - FPA Regsistered - Tested in Research Trials and Technology Fora in Region 02 | Food Security Plan
all_programs_2027.xlsx,CORN,Quirino,LONE,Nagtipunan,2027,Corn Program,CORN,"Extension Support, Education and Training Services",Technical Support Services,"Extension Support, Education and Training Services",Sustainable Land Management in Corn-based Sloping Areas (SLM-Corn),20 ha,20.00,3500.00,,ALL PROGRAMS 2027 municipality split,"To showcase crop diversification, contour farming. The use of hedgerows like banana, lemon, guyabano, pummelo, calamansi and vegetative barrier like pineapple strips and flemingia. | GM Hybrid Seeds - NSIC Registered Varieties - Preferred by farmers and resistant to FAW Inorganic Fertilizers - FPA Regsistered - Tested in Research Trials and Technology Fora in Region 02 Hedgerows - Readily-available | 📌 Poverty Reduction 📌 Increasing Income for Farmers & Fisherfolk 📌 Enhancing productivity 📌 Improving Food Security and Proper Nutrition 📌 Reducing Import Dependency | Food Security Plan"
all_programs_2027.xlsx,CORN,Isabela,6,City of Cauayan,2027,Corn Program,CORN,"Extension Support, Education and Training Services",Technical Support Services,"Extension Support, Education and Training Services",CASSAVA MODEL FARM,20 ha,20.00,800.00,,ALL PROGRAMS 2027 municipality split,Package of technology using SSNM and high yielding varieties (HYV) | Cassava Planting Materials - High Yielding Varieties (HYV) - Preferred by farmers - Disease-free planting materials Inorganic Fertilizers - FPA Regsistered - Tested in Research Trials and Technology Fora in Region 02 | Food Security Plan
all_programs_2027.xlsx,CORN,Cagayan,2,Lasam,2027,Corn Program,CORN,"Extension Support, Education and Training Services",Technical Support Services,"Extension Support, Education and Training Services",SORGHUM MODEL FARM,10 ha,10.00,400.00,,ALL PROGRAMS 2027 municipality split,"Package of technology using soil analysis and high yielding varieties (HYV) | Sorghum Hybrid Seeds - Grain sorghum - Sorghum G4 & G5 - Intended for grain, forage and silage Inorganic Fertilizers - FPA Regsistered - Tested in Research Trials and Technology Fora in Region 02 | Food Security Plan"
all_programs_2027.xlsx,CORN,Cagayan,1,Baggao,2027,Corn Program,CORN,"Extension Support, Education and Training Services",Technical Support Services,"Extension Support, Education and Training Services",SOYBEAN MODEL FARM,10 ha,10.00,400.00,,ALL PROGRAMS 2027 municipality split,Package of technology using rhizobium inoculant and spraying of foliar fertilizer using carrageenan (plant growth promoter) | OPV Seeds - NSIC Registered Variety (PSB Sy2) Tiwala 6 and CL Soy 1 - Adaptable and performed well in Region 02 condition. Inorganic Fertilizers - FPA Regsistered - Tested in Research Trials and Technology Fora in Region 02 | Food Security Plan
all_programs_2027.xlsx,HVCDP,Cagayan,1,Aparri,2027,High Value Crops,"Legumes, Spices, Vegetable, Bamboo",Production Support Services,Technical Support Services,Production Support Services,Mungbean - Seeds,3000,1500.00,375.00,,ALL PROGRAMS 2027 municipality split,Certified/Good Seeds NSIC Registered Varieties Inorganic Fertilizers FPA Regsistered for Rice Tested in Research Trials and Technology Fora in Region 02 FCAs as beneficiary will undergo validation if they are capable in implementing the project | - Poverty Reduction - Increase Income for Farmers and Fisherfolk - Enhancing Productivity - Improving Food Security and Proper Nutrition - Reduce Import Dependency
all_programs_2027.xlsx,HVCDP,Cagayan,1,Lal-lo,2027,High Value Crops,"Legumes, Spices, Vegetable, Bamboo",Production Support Services,Technical Support Services,Production Support Services,Mungbean - Seeds,3000,1500.00,375.00,,ALL PROGRAMS 2027 municipality split,Certified/Good Seeds NSIC Registered Varieties Inorganic Fertilizers FPA Regsistered for Rice Tested in Research Trials and Technology Fora in Region 02 FCAs as beneficiary will undergo validation if they are capable in implementing the project | - Poverty Reduction - Increase Income for Farmers and Fisherfolk - Enhancing Productivity - Improving Food Security and Proper Nutrition - Reduce Import Dependency
all_programs_2027.xlsx,HVCDP,Cagayan,1,Aparri,2027,High Value Crops,"Legumes, Spices, Vegetable, Bamboo",Production Support Services,Technical Support Services,Production Support Services,Mungbean - Liquid Fertizer,728,364.00,154.75,,ALL PROGRAMS 2027 municipality split,
all_programs_2027.xlsx,HVCDP,Cagayan,1,Lal-lo,2027,High Value Crops,"Legumes, Spices, Vegetable, Bamboo",Production Support Services,Technical Support Services,Production Support Services,Mungbean - Liquid Fertizer,728,364.00,154.75,,ALL PROGRAMS 2027 municipality split,
all_programs_2027.xlsx,HVCDP,Cagayan,2,Abulug,2027,High Value Crops,"Legumes, Spices, Vegetable, Bamboo",Production Support Services,Technical Support Services,Production Support Services,Mungbean - Seeds,5000,2500.00,625.00,,ALL PROGRAMS 2027 municipality split,
all_programs_2027.xlsx,HVCDP,Cagayan,2,Ballesteros,2027,High Value Crops,"Legumes, Spices, Vegetable, Bamboo",Production Support Services,Technical Support Services,Production Support Services,Mungbean - Seeds,5000,2500.00,625.00,,ALL PROGRAMS 2027 municipality split,
all_programs_2027.xlsx,HVCDP,Cagayan,2,Abulug,2027,High Value Crops,"Legumes, Spices, Vegetable, Bamboo",Production Support Services,Technical Support Services,Production Support Services,Mungbean - Liquid Fertizer,1213,606.50,257.91,,ALL PROGRAMS 2027 municipality split,
all_programs_2027.xlsx,HVCDP,Cagayan,2,Ballesteros,2027,High Value Crops,"Legumes, Spices, Vegetable, Bamboo",Production Support Services,Technical Support Services,Production Support Services,Mungbean - Liquid Fertizer,1213,606.50,257.91,,ALL PROGRAMS 2027 municipality split,
all_programs_2027.xlsx,HVCDP,Cagayan,3,Iguig,2027,High Value Crops,"Legumes, Spices, Vegetable, Bamboo",Production Support Services,Technical Support Services,Production Support Services,Mungbean - Seeds,12000,4000.00,1000.00,,ALL PROGRAMS 2027 municipality split,
all_programs_2027.xlsx,HVCDP,Cagayan,3,Pe?ablanca,2027,High Value Crops,"Legumes, Spices, Vegetable, Bamboo",Production Support Services,Technical Support Services,Production Support Services,Mungbean - Seeds,12000,4000.00,1000.00,,ALL PROGRAMS 2027 municipality split,
all_programs_2027.xlsx,HVCDP,Cagayan,3,Solana,2027,High Value Crops,"Legumes, Spices, Vegetable, Bamboo",Production Support Services,Technical Support Services,Production Support Services,Mungbean - Seeds,12000,4000.00,1000.00,,ALL PROGRAMS 2027 municipality split,
all_programs_2027.xlsx,HVCDP,Cagayan,3,Iguig,2027,High Value Crops,"Legumes, Spices, Vegetable, Bamboo",Production Support Services,Technical Support Services,Production Support Services,Mungbean - Liquid Fertizer,2911,970.33,412.65,,ALL PROGRAMS 2027 municipality split,
all_programs_2027.xlsx,HVCDP,Cagayan,3,Pe?ablanca,2027,High Value Crops,"Legumes, Spices, Vegetable, Bamboo",Production Support Services,Technical Support Services,Production Support Services,Mungbean - Liquid Fertizer,2911,970.33,412.65,,ALL PROGRAMS 2027 municipality split,
all_programs_2027.xlsx,HVCDP,Cagayan,3,Solana,2027,High Value Crops,"Legumes, Spices, Vegetable, Bamboo",Production Support Services,Technical Support Services,Production Support Services,Mungbean - Liquid Fertizer,2911,970.33,412.65,,ALL PROGRAMS 2027 municipality split,
all_programs_2027.xlsx,HVCDP,Cagayan,3,Pe?ablanca,2027,High Value Crops,"Legumes, Spices, Vegetable, Bamboo",Production Support Services,Technical Support Services,Production Support Services,Hermetic Bag (Grain Pro Bag),200,100.00,80.00,,ALL PROGRAMS 2027 municipality split,
all_programs_2027.xlsx,HVCDP,Cagayan,3,Solana,2027,High Value Crops,"Legumes, Spices, Vegetable, Bamboo",Production Support Services,Technical Support Services,Production Support Services,Hermetic Bag (Grain Pro Bag),200,100.00,80.00,,ALL PROGRAMS 2027 municipality split,
all_programs_2027.xlsx,HVCDP,Isabela,1,Ilagan City (Capital),2027,High Value Crops,"Legumes, Spices, Vegetable, Bamboo",Production Support Services,Technical Support Services,Production Support Services,Mungbean - Seeds,6000,3000.00,750.00,,ALL PROGRAMS 2027 municipality split,
all_programs_2027.xlsx,HVCDP,Isabela,1,Tumauini,2027,High Value Crops,"Legumes, Spices, Vegetable, Bamboo",Production Support Services,Technical Support Services,Production Support Services,Mungbean - Seeds,6000,3000.00,750.00,,ALL PROGRAMS 2027 municipality split,
all_programs_2027.xlsx,HVCDP,Isabela,1,Ilagan City (Capital),2027,High Value Crops,"Legumes, Spices, Vegetable, Bamboo",Production Support Services,Technical Support Services,Production Support Services,Mungbean - Liquid Fertizer,1456,728.00,309.49,,ALL PROGRAMS 2027 municipality split,
all_programs_2027.xlsx,HVCDP,Isabela,1,Tumauini,2027,High Value Crops,"Legumes, Spices, Vegetable, Bamboo",Production Support Services,Technical Support Services,Production Support Services,Mungbean - Liquid Fertizer,1456,728.00,309.49,,ALL PROGRAMS 2027 municipality split,
all_programs_2027.xlsx,HVCDP,Isabela,1,Tumauini,2027,High Value Crops,"Legumes, Spices, Vegetable, Bamboo",Production Support Services,Technical Support Services,Production Support Services,Hermetic Bag (Grain Pro Bag),100,100.00,80.00,,ALL PROGRAMS 2027 municipality split,
all_programs_2027.xlsx,HVCDP,Isabela,2,Reina Mercedes,2027,High Value Crops,"Legumes, Spices, Vegetable, Bamboo",Production Support Services,Technical Support Services,Production Support Services,Mungbean - Seeds,2000,2000.00,500.00,,ALL PROGRAMS 2027 municipality split,
all_programs_2027.xlsx,HVCDP,Isabela,2,Reina Mercedes,2027,High Value Crops,"Legumes, Spices, Vegetable, Bamboo",Production Support Services,Technical Support Services,Production Support Services,Mungbean - Liquid Fertizer,485,485.00,206.33,,ALL PROGRAMS 2027 municipality split,
all_programs_2027.xlsx,HVCDP,Isabela,3,Cabatuan,2027,High Value Crops,"Legumes, Spices, Vegetable, Bamboo",Production Support Services,Technical Support Services,Production Support Services,Mungbean - Seeds,60000,20000.00,5000.00,,ALL PROGRAMS 2027 municipality split,
all_programs_2027.xlsx,HVCDP,Isabela,3,San Manuel,2027,High Value Crops,"Legumes, Spices, Vegetable, Bamboo",Production Support Services,Technical Support Services,Production Support Services,Mungbean - Seeds,60000,20000.00,5000.00,,ALL PROGRAMS 2027 municipality split,
all_programs_2027.xlsx,HVCDP,Isabela,3,San Mateo,2027,High Value Crops,"Legumes, Spices, Vegetable, Bamboo",Production Support Services,Technical Support Services,Production Support Services,Mungbean - Seeds,60000,20000.00,5000.00,,ALL PROGRAMS 2027 municipality split,
all_programs_2027.xlsx,HVCDP,Isabela,3,Cabatuan,2027,High Value Crops,"Legumes, Spices, Vegetable, Bamboo",Production Support Services,Technical Support Services,Production Support Services,Mungbean - Liquid Fertizer,14555,4851.67,2063.27,,ALL PROGRAMS 2027 municipality split,
all_programs_2027.xlsx,HVCDP,Isabela,3,San Manuel,2027,High Value Crops,"Legumes, Spices, Vegetable, Bamboo",Production Support Services,Technical Support Services,Production Support Services,Mungbean - Liquid Fertizer,14555,4851.67,2063.27,,ALL PROGRAMS 2027 municipality split,
all_programs_2027.xlsx,HVCDP,Isabela,3,San Mateo,2027,High Value Crops,"Legumes, Spices, Vegetable, Bamboo",Production Support Services,Technical Support Services,Production Support Services,Mungbean - Liquid Fertizer,14555,4851.67,2063.27,,ALL PROGRAMS 2027 municipality split,
all_programs_2027.xlsx,HVCDP,Isabela,3,Cabatuan,2027,High Value Crops,"Legumes, Spices, Vegetable, Bamboo",Production Support Services,Technical Support Services,Production Support Services,Hermetic Bag (Grain Pro Bag),1050,350.00,280.00,,ALL PROGRAMS 2027 municipality split,
all_programs_2027.xlsx,HVCDP,Isabela,3,San Manuel,2027,High Value Crops,"Legumes, Spices, Vegetable, Bamboo",Production Support Services,Technical Support Services,Production Support Services,Hermetic Bag (Grain Pro Bag),1050,350.00,280.00,,ALL PROGRAMS 2027 municipality split,
all_programs_2027.xlsx,HVCDP,Isabela,3,San Mateo,2027,High Value Crops,"Legumes, Spices, Vegetable, Bamboo",Production Support Services,Technical Support Services,Production Support Services,Hermetic Bag (Grain Pro Bag),1050,350.00,280.00,,ALL PROGRAMS 2027 municipality split,
all_programs_2027.xlsx,HVCDP,Isabela,4,City of Santiago,2027,High Value Crops,"Legumes, Spices, Vegetable, Bamboo",Production Support Services,Technical Support Services,Production Support Services,Mungbean - Seeds,4000,4000.00,1000.00,,ALL PROGRAMS 2027 municipality split,
all_programs_2027.xlsx,HVCDP,Isabela,4,City of Santiago,2027,High Value Crops,"Legumes, Spices, Vegetable, Bamboo",Production Support Services,Technical Support Services,Production Support Services,Mungbean - Liquid Fertizer,970,970.00,412.65,,ALL PROGRAMS 2027 municipality split,
all_programs_2027.xlsx,HVCDP,Isabela,4,City of Santiago,2027,High Value Crops,"Legumes, Spices, Vegetable, Bamboo",Production Support Services,Technical Support Services,Production Support Services,Hermetic Bag (Grain Pro Bag),100,100.00,80.00,,ALL PROGRAMS 2027 municipality split,
all_programs_2027.xlsx,HVCDP,Isabela,5,Aurora,2027,High Value Crops,"Legumes, Spices, Vegetable, Bamboo",Production Support Services,Technical Support Services,Production Support Services,Mungbean - Seeds,12900,3225.00,806.25,,ALL PROGRAMS 2027 municipality split,
all_programs_2027.xlsx,HVCDP,Isabela,5,Luna,2027,High Value Crops,"Legumes, Spices, Vegetable, Bamboo",Production Support Services,Technical Support Services,Production Support Services,Mungbean - Seeds,12900,3225.00,806.25,,ALL PROGRAMS 2027 municipality split,
all_programs_2027.xlsx,HVCDP,Isabela,5,Mallig,2027,High Value Crops,"Legumes, Spices, Vegetable, Bamboo",Production Support Services,Technical Support Services,Production Support Services,Mungbean - Seeds,12900,3225.00,806.25,,ALL PROGRAMS 2027 municipality split,
all_programs_2027.xlsx,HVCDP,Isabela,5,Roxas,2027,High Value Crops,"Legumes, Spices, Vegetable, Bamboo",Production Support Services,Technical Support Services,Production Support Services,Mungbean - Seeds,12900,3225.00,806.25,,ALL PROGRAMS 2027 municipality split,
all_programs_2027.xlsx,HVCDP,Isabela,5,Aurora,2027,High Value Crops,"Legumes, Spices, Vegetable, Bamboo",Production Support Services,Technical Support Services,Production Support Services,Mungbean - Liquid Fertizer,3130,782.50,332.70,,ALL PROGRAMS 2027 municipality split,
all_programs_2027.xlsx,HVCDP,Isabela,5,Luna,2027,High Value Crops,"Legumes, Spices, Vegetable, Bamboo",Production Support Services,Technical Support Services,Production Support Services,Mungbean - Liquid Fertizer,3130,782.50,332.70,,ALL PROGRAMS 2027 municipality split,
all_programs_2027.xlsx,HVCDP,Isabela,5,Mallig,2027,High Value Crops,"Legumes, Spices, Vegetable, Bamboo",Production Support Services,Technical Support Services,Production Support Services,Mungbean - Liquid Fertizer,3130,782.50,332.70,,ALL PROGRAMS 2027 municipality split,
all_programs_2027.xlsx,HVCDP,Isabela,5,Roxas,2027,High Value Crops,"Legumes, Spices, Vegetable, Bamboo",Production Support Services,Technical Support Services,Production Support Services,Mungbean - Liquid Fertizer,3130,782.50,332.70,,ALL PROGRAMS 2027 municipality split,
all_programs_2027.xlsx,HVCDP,Isabela,6,City of Cauayan,2027,High Value Crops,"Legumes, Spices, Vegetable, Bamboo",Production Support Services,Technical Support Services,Production Support Services,Mungbean - Seeds,4000,4000.00,1000.00,,ALL PROGRAMS 2027 municipality split,
all_programs_2027.xlsx,HVCDP,Isabela,6,City of Cauayan,2027,High Value Crops,"Legumes, Spices, Vegetable, Bamboo",Production Support Services,Technical Support Services,Production Support Services,Mungbean - Liquid Fertizer,970,970.00,412.65,,ALL PROGRAMS 2027 municipality split,
all_programs_2027.xlsx,HVCDP,Nueva Vizcaya,1,Bagabag,2027,High Value Crops,"Legumes, Spices, Vegetable, Bamboo",Production Support Services,Technical Support Services,Production Support Services,Mungbean - Seeds,1000,500.00,125.00,,ALL PROGRAMS 2027 municipality split,
all_programs_2027.xlsx,HVCDP,Nueva Vizcaya,1,Bambang,2027,High Value Crops,"Legumes, Spices, Vegetable, Bamboo",Production Support Services,Technical Support Services,Production Support Services,Mungbean - Seeds,1000,500.00,125.00,,ALL PROGRAMS 2027 municipality split,
all_programs_2027.xlsx,HVCDP,Nueva Vizcaya,1,Bagabag,2027,High Value Crops,"Legumes, Spices, Vegetable, Bamboo",Production Support Services,Technical Support Services,Production Support Services,Mungbean - Liquid Fertizer,243,81.00,34.39,,ALL PROGRAMS 2027 municipality split,
all_programs_2027.xlsx,HVCDP,Nueva Vizcaya,1,Bambang,2027,High Value Crops,"Legumes, Spices, Vegetable, Bamboo",Production Support Services,Technical Support Services,Production Support Services,Mungbean - Liquid Fertizer,243,81.00,34.39,,ALL PROGRAMS 2027 municipality split,
all_programs_2027.xlsx,HVCDP,Nueva Vizcaya,1,Villaverde,2027,High Value Crops,"Legumes, Spices, Vegetable, Bamboo",Production Support Services,Technical Support Services,Production Support Services,Mungbean - Liquid Fertizer,243,81.00,34.39,,ALL PROGRAMS 2027 municipality split,
all_programs_2027.xlsx,HVCDP,Nueva Vizcaya,1,Bagabag,2027,High Value Crops,"Legumes, Spices, Vegetable, Bamboo",Production Support Services,Technical Support Services,Production Support Services,Hermetic Bag (Grain Pro Bag),50,50.00,40.00,,ALL PROGRAMS 2027 municipality split,
all_programs_2027.xlsx,HVCDP,Quirino,1,Saguday,2027,High Value Crops,"Legumes, Spices, Vegetable, Bamboo",Production Support Services,Technical Support Services,Production Support Services,Mungbean - Seeds,100,100.00,25.00,,ALL PROGRAMS 2027 municipality split,
all_programs_2027.xlsx,HVCDP,Quirino,1,Saguday,2027,High Value Crops,"Legumes, Spices, Vegetable, Bamboo",Production Support Services,Technical Support Services,Production Support Services,Mungbean - Liquid Fertizer,24,24.00,10.32,,ALL PROGRAMS 2027 municipality split,
all_programs_2027.xlsx,HVCDP,Cagayan,1,Alcala,2027,High Value Crops,"Legumes, Spices, Vegetable, Bamboo",Production Support Services,Technical Support Services,Production Support Services,Peanutt - Seeds,3000,1500.00,375.00,,ALL PROGRAMS 2027 municipality split,
all_programs_2027.xlsx,HVCDP,Cagayan,1,Lal-lo,2027,High Value Crops,"Legumes, Spices, Vegetable, Bamboo",Production Support Services,Technical Support Services,Production Support Services,Peanutt - Seeds,3000,1500.00,375.00,,ALL PROGRAMS 2027 municipality split,
all_programs_2027.xlsx,HVCDP,Cagayan,1,Alcala,2027,High Value Crops,"Legumes, Spices, Vegetable, Bamboo",Production Support Services,Technical Support Services,Production Support Services,Inorganic Fertizer,30,15.00,159.38,,ALL PROGRAMS 2027 municipality split,
all_programs_2027.xlsx,HVCDP,Cagayan,1,Lal-lo,2027,High Value Crops,"Legumes, Spices, Vegetable, Bamboo",Production Support Services,Technical Support Services,Production Support Services,Inorganic Fertizer,30,15.00,159.38,,ALL PROGRAMS 2027 municipality split,
all_programs_2027.xlsx,HVCDP,Cagayan,3,Enrile,2027,High Value Crops,"Legumes, Spices, Vegetable, Bamboo",Production Support Services,Technical Support Services,Production Support Services,Peanutt - Seeds,2000,2000.00,500.00,,ALL PROGRAMS 2027 municipality split,
all_programs_2027.xlsx,HVCDP,Cagayan,3,Enrile,2027,High Value Crops,"Legumes, Spices, Vegetable, Bamboo",Production Support Services,Technical Support Services,Production Support Services,Inorganic Fertizer,20,20.00,212.50,,ALL PROGRAMS 2027 municipality split,
all_programs_2027.xlsx,HVCDP,Isabela,2,Angadanan,2027,High Value Crops,"Legumes, Spices, Vegetable, Bamboo",Production Support Services,Technical Support Services,Production Support Services,Peanutt - Seeds,1000,1000.00,250.00,,ALL PROGRAMS 2027 municipality split,
all_programs_2027.xlsx,HVCDP,Isabela,2,Angadanan,2027,High Value Crops,"Legumes, Spices, Vegetable, Bamboo",Production Support Services,Technical Support Services,Production Support Services,Inorganic Fertizer,10,10.00,106.25,,ALL PROGRAMS 2027 municipality split,
all_programs_2027.xlsx,HVCDP,Isabela,3,Angadanan,2027,High Value Crops,"Legumes, Spices, Vegetable, Bamboo",Production Support Services,Technical Support Services,Production Support Services,Peanutt - Seeds,1000,1000.00,250.00,,ALL PROGRAMS 2027 municipality split,
all_programs_2027.xlsx,HVCDP,Isabela,3,Angadanan,2027,High Value Crops,"Legumes, Spices, Vegetable, Bamboo",Production Support Services,Technical Support Services,Production Support Services,Inorganic Fertizer,10,10.00,106.25,,ALL PROGRAMS 2027 municipality split,
all_programs_2027.xlsx,HVCDP,Isabela,4,Jones,2027,High Value Crops,"Legumes, Spices, Vegetable, Bamboo",Production Support Services,Technical Support Services,Production Support Services,Peanutt - Seeds,1000,1000.00,250.00,,ALL PROGRAMS 2027 municipality split,
all_programs_2027.xlsx,HVCDP,Isabela,4,Jones,2027,High Value Crops,"Legumes, Spices, Vegetable, Bamboo",Production Support Services,Technical Support Services,Production Support Services,Inorganic Fertizer,10,10.00,106.25,,ALL PROGRAMS 2027 municipality split,
all_programs_2027.xlsx,HVCDP,Batanes,1,Basco (Capital),2027,High Value Crops,"Legumes, Spices, Vegetable, Bamboo",Production Support Services,Technical Support Services,Production Support Services,Garlic - Seeds,28000,9333.33,2333.33,,ALL PROGRAMS 2027 municipality split,
all_programs_2027.xlsx,HVCDP,Batanes,1,Itbayat,2027,High Value Crops,"Legumes, Spices, Vegetable, Bamboo",Production Support Services,Technical Support Services,Production Support Services,Garlic - Seeds,28000,9333.33,2333.33,,ALL PROGRAMS 2027 municipality split,
all_programs_2027.xlsx,HVCDP,Batanes,1,Uyugan,2027,High Value Crops,"Legumes, Spices, Vegetable, Bamboo",Production Support Services,Technical Support Services,Production Support Services,Garlic - Seeds,28000,9333.33,2333.33,,ALL PROGRAMS 2027 municipality split,
all_programs_2027.xlsx,HVCDP,Batanes,1,Basco (Capital),2027,High Value Crops,"Legumes, Spices, Vegetable, Bamboo",Production Support Services,Technical Support Services,Production Support Services,Organic Fertizer,1200,400.00,40.00,,ALL PROGRAMS 2027 municipality split,
all_programs_2027.xlsx,HVCDP,Batanes,1,Itbayat,2027,High Value Crops,"Legumes, Spices, Vegetable, Bamboo",Production Support Services,Technical Support Services,Production Support Services,Organic Fertizer,1200,400.00,40.00,,ALL PROGRAMS 2027 municipality split,
all_programs_2027.xlsx,HVCDP,Batanes,1,Uyugan,2027,High Value Crops,"Legumes, Spices, Vegetable, Bamboo",Production Support Services,Technical Support Services,Production Support Services,Organic Fertizer,1200,400.00,40.00,,ALL PROGRAMS 2027 municipality split,
all_programs_2027.xlsx,HVCDP,Nueva Vizcaya,1,Bambang,2027,High Value Crops,"Legumes, Spices, Vegetable, Bamboo",Production Support Services,Technical Support Services,Production Support Services,Garlic - Seeds,12000,12000.00,3000.00,,ALL PROGRAMS 2027 municipality split,
all_programs_2027.xlsx,HVCDP,Nueva Vizcaya,1,Bambang,2027,High Value Crops,"Legumes, Spices, Vegetable, Bamboo",Production Support Services,Technical Support Services,Production Support Services,Organic Fertizer,514.29,514.29,51.00,,ALL PROGRAMS 2027 municipality split,
all_programs_2027.xlsx,HVCDP,Nueva Vizcaya,1,Alfonso Castaneda,2027,High Value Crops,"Legumes, Spices, Vegetable, Bamboo",Production Support Services,Technical Support Services,Production Support Services,Yellow Onion - Seeds,100,25.00,625.00,,ALL PROGRAMS 2027 municipality split,
all_programs_2027.xlsx,HVCDP,Nueva Vizcaya,1,Aritao,2027,High Value Crops,"Legumes, Spices, Vegetable, Bamboo",Production Support Services,Technical Support Services,Production Support Services,Yellow Onion - Seeds,100,25.00,625.00,,ALL PROGRAMS 2027 municipality split,
all_programs_2027.xlsx,HVCDP,Nueva Vizcaya,1,Bambang,2027,High Value Crops,"Legumes, Spices, Vegetable, Bamboo",Production Support Services,Technical Support Services,Production Support Services,Yellow Onion - Seeds,100,25.00,625.00,,ALL PROGRAMS 2027 municipality split,
all_programs_2027.xlsx,HVCDP,Nueva Vizcaya,1,Dupax del Sur,2027,High Value Crops,"Legumes, Spices, Vegetable, Bamboo",Production Support Services,Technical Support Services,Production Support Services,Yellow Onion - Seeds,100,25.00,625.00,,ALL PROGRAMS 2027 municipality split,
all_programs_2027.xlsx,HVCDP,Nueva Vizcaya,1,Alfonso Castaneda,2027,High Value Crops,"Legumes, Spices, Vegetable, Bamboo",Production Support Services,Technical Support Services,Production Support Services,Organic Fertilizer,750,187.50,18.75,,ALL PROGRAMS 2027 municipality split,
all_programs_2027.xlsx,HVCDP,Nueva Vizcaya,1,Aritao,2027,High Value Crops,"Legumes, Spices, Vegetable, Bamboo",Production Support Services,Technical Support Services,Production Support Services,Organic Fertilizer,750,187.50,18.75,,ALL PROGRAMS 2027 municipality split,
all_programs_2027.xlsx,HVCDP,Nueva Vizcaya,1,Bambang,2027,High Value Crops,"Legumes, Spices, Vegetable, Bamboo",Production Support Services,Technical Support Services,Production Support Services,Organic Fertilizer,750,187.50,18.75,,ALL PROGRAMS 2027 municipality split,
all_programs_2027.xlsx,HVCDP,Nueva Vizcaya,1,Dupax del Sur,2027,High Value Crops,"Legumes, Spices, Vegetable, Bamboo",Production Support Services,Technical Support Services,Production Support Services,Organic Fertilizer,750,187.50,18.75,,ALL PROGRAMS 2027 municipality split,
all_programs_2027.xlsx,HVCDP,Nueva Vizcaya,1,Alfonso Castaneda,2027,High Value Crops,"Legumes, Spices, Vegetable, Bamboo",Production Support Services,Technical Support Services,Production Support Services,Shallot - Seeds,150,37.50,337.50,,ALL PROGRAMS 2027 municipality split,
all_programs_2027.xlsx,HVCDP,Nueva Vizcaya,1,Aritao,2027,High Value Crops,"Legumes, Spices, Vegetable, Bamboo",Production Support Services,Technical Support Services,Production Support Services,Shallot - Seeds,150,37.50,337.50,,ALL PROGRAMS 2027 municipality split,
all_programs_2027.xlsx,HVCDP,Nueva Vizcaya,1,Bambang,2027,High Value Crops,"Legumes, Spices, Vegetable, Bamboo",Production Support Services,Technical Support Services,Production Support Services,Shallot - Seeds,150,37.50,337.50,,ALL PROGRAMS 2027 municipality split,
all_programs_2027.xlsx,HVCDP,Nueva Vizcaya,1,Kayapa,2027,High Value Crops,"Legumes, Spices, Vegetable, Bamboo",Production Support Services,Technical Support Services,Production Support Services,Shallot - Seeds,150,37.50,337.50,,ALL PROGRAMS 2027 municipality split,
all_programs_2027.xlsx,HVCDP,Nueva Vizcaya,1,Alfonso Castaneda,2027,High Value Crops,"Legumes, Spices, Vegetable, Bamboo",Production Support Services,Technical Support Services,Production Support Services,Organic Fertilizer,1125,281.25,28.12,,ALL PROGRAMS 2027 municipality split,
all_programs_2027.xlsx,HVCDP,Nueva Vizcaya,1,Aritao,2027,High Value Crops,"Legumes, Spices, Vegetable, Bamboo",Production Support Services,Technical Support Services,Production Support Services,Organic Fertilizer,1125,281.25,28.12,,ALL PROGRAMS 2027 municipality split,
all_programs_2027.xlsx,HVCDP,Nueva Vizcaya,1,Bambang,2027,High Value Crops,"Legumes, Spices, Vegetable, Bamboo",Production Support Services,Technical Support Services,Production Support Services,Organic Fertilizer,1125,281.25,28.12,,ALL PROGRAMS 2027 municipality split,
all_programs_2027.xlsx,HVCDP,Nueva Vizcaya,1,Kayapa,2027,High Value Crops,"Legumes, Spices, Vegetable, Bamboo",Production Support Services,Technical Support Services,Production Support Services,Organic Fertilizer,1125,281.25,28.12,,ALL PROGRAMS 2027 municipality split,
all_programs_2027.xlsx,HVCDP,Cagayan,2,Piat,2027,High Value Crops,"Legumes, Spices, Vegetable, Bamboo",Production Support Services,Technical Support Services,Production Support Services,Red Onion - Seeds,150,75.00,750.00,,ALL PROGRAMS 2027 municipality split,
all_programs_2027.xlsx,HVCDP,Cagayan,2,Santo Ni?o (Faire),2027,High Value Crops,"Legumes, Spices, Vegetable, Bamboo",Production Support Services,Technical Support Services,Production Support Services,Red Onion - Seeds,150,75.00,750.00,,ALL PROGRAMS 2027 municipality split,
all_programs_2027.xlsx,HVCDP,Cagayan,2,Piat,2027,High Value Crops,"Legumes, Spices, Vegetable, Bamboo",Production Support Services,Technical Support Services,Production Support Services,Organic Fertilizer,1669.3785,834.69,83.47,,ALL PROGRAMS 2027 municipality split,
all_programs_2027.xlsx,HVCDP,Cagayan,2,Santo Ni?o (Faire),2027,High Value Crops,"Legumes, Spices, Vegetable, Bamboo",Production Support Services,Technical Support Services,Production Support Services,Organic Fertilizer,1669.3785,834.69,83.47,,ALL PROGRAMS 2027 municipality split,
all_programs_2027.xlsx,HVCDP,Isabela,3,Ramon,2027,High Value Crops,"Legumes, Spices, Vegetable, Bamboo",Production Support Services,Technical Support Services,Production Support Services,Red Onion - Seeds,50,50.00,500.00,,ALL PROGRAMS 2027 municipality split,
all_programs_2027.xlsx,HVCDP,Isabela,3,Ramon,2027,High Value Crops,"Legumes, Spices, Vegetable, Bamboo",Production Support Services,Technical Support Services,Production Support Services,Organic Fertilizer,556.4595,556.46,55.65,,ALL PROGRAMS 2027 municipality split,
all_programs_2027.xlsx,HVCDP,Isabela,5,Aurora,2027,High Value Crops,"Legumes, Spices, Vegetable, Bamboo",Production Support Services,Technical Support Services,Production Support Services,Red Onion - Seeds,300,75.00,750.00,,ALL PROGRAMS 2027 municipality split,
all_programs_2027.xlsx,HVCDP,Isabela,5,Mallig,2027,High Value Crops,"Legumes, Spices, Vegetable, Bamboo",Production Support Services,Technical Support Services,Production Support Services,Red Onion - Seeds,300,75.00,750.00,,ALL PROGRAMS 2027 municipality split,
all_programs_2027.xlsx,HVCDP,Isabela,5,Quezon,2027,High Value Crops,"Legumes, Spices, Vegetable, Bamboo",Production Support Services,Technical Support Services,Production Support Services,Red Onion - Seeds,300,75.00,750.00,,ALL PROGRAMS 2027 municipality split,
all_programs_2027.xlsx,HVCDP,Isabela,5,Roxas,2027,High Value Crops,"Legumes, Spices, Vegetable, Bamboo",Production Support Services,Technical Support Services,Production Support Services,Red Onion - Seeds,300,75.00,750.00,,ALL PROGRAMS 2027 municipality split,
all_programs_2027.xlsx,HVCDP,Isabela,5,Aurora,2027,High Value Crops,"Legumes, Spices, Vegetable, Bamboo",Production Support Services,Technical Support Services,Production Support Services,Organic Fertilizer,3338.757,834.69,83.47,,ALL PROGRAMS 2027 municipality split,
all_programs_2027.xlsx,HVCDP,Isabela,5,Mallig,2027,High Value Crops,"Legumes, Spices, Vegetable, Bamboo",Production Support Services,Technical Support Services,Production Support Services,Organic Fertilizer,3338.757,834.69,83.47,,ALL PROGRAMS 2027 municipality split,
all_programs_2027.xlsx,HVCDP,Isabela,5,Quezon,2027,High Value Crops,"Legumes, Spices, Vegetable, Bamboo",Production Support Services,Technical Support Services,Production Support Services,Organic Fertilizer,3338.757,834.69,83.47,,ALL PROGRAMS 2027 municipality split,
all_programs_2027.xlsx,HVCDP,Isabela,5,Roxas,2027,High Value Crops,"Legumes, Spices, Vegetable, Bamboo",Production Support Services,Technical Support Services,Production Support Services,Organic Fertilizer,3338.757,834.69,83.47,,ALL PROGRAMS 2027 municipality split,
all_programs_2027.xlsx,HVCDP,Nueva Vizcaya,1,Alfonso Castaneda,2027,High Value Crops,"Legumes, Spices, Vegetable, Bamboo",Production Support Services,Technical Support Services,Production Support Services,Red Onion - Seeds,1095.89,219.18,2191.80,,ALL PROGRAMS 2027 municipality split,
all_programs_2027.xlsx,HVCDP,Nueva Vizcaya,1,Aritao,2027,High Value Crops,"Legumes, Spices, Vegetable, Bamboo",Production Support Services,Technical Support Services,Production Support Services,Red Onion - Seeds,1095.89,219.18,2191.80,,ALL PROGRAMS 2027 municipality split,
all_programs_2027.xlsx,HVCDP,Nueva Vizcaya,1,Bambang,2027,High Value Crops,"Legumes, Spices, Vegetable, Bamboo",Production Support Services,Technical Support Services,Production Support Services,Red Onion - Seeds,1095.89,219.18,2191.80,,ALL PROGRAMS 2027 municipality split,
all_programs_2027.xlsx,HVCDP,Nueva Vizcaya,1,Dupax del Sur,2027,High Value Crops,"Legumes, Spices, Vegetable, Bamboo",Production Support Services,Technical Support Services,Production Support Services,Red Onion - Seeds,1095.89,219.18,2191.80,,ALL PROGRAMS 2027 municipality split,
all_programs_2027.xlsx,HVCDP,Nueva Vizcaya,1,Kayapa,2027,High Value Crops,"Legumes, Spices, Vegetable, Bamboo",Production Support Services,Technical Support Services,Production Support Services,Red Onion - Seeds,1095.89,219.18,2191.80,,ALL PROGRAMS 2027 municipality split,
all_programs_2027.xlsx,HVCDP,Nueva Vizcaya,1,Alfonso Castaneda,2027,High Value Crops,"Legumes, Spices, Vegetable, Bamboo",Production Support Services,Technical Support Services,Production Support Services,Organic Fertilizer,12196.36803,2439.27,244.01,,ALL PROGRAMS 2027 municipality split,
all_programs_2027.xlsx,HVCDP,Nueva Vizcaya,1,Aritao,2027,High Value Crops,"Legumes, Spices, Vegetable, Bamboo",Production Support Services,Technical Support Services,Production Support Services,Organic Fertilizer,12196.36803,2439.27,244.01,,ALL PROGRAMS 2027 municipality split,
all_programs_2027.xlsx,HVCDP,Nueva Vizcaya,1,Bambang,2027,High Value Crops,"Legumes, Spices, Vegetable, Bamboo",Production Support Services,Technical Support Services,Production Support Services,Organic Fertilizer,12196.36803,2439.27,244.01,,ALL PROGRAMS 2027 municipality split,
all_programs_2027.xlsx,HVCDP,Nueva Vizcaya,1,Dupax del Sur,2027,High Value Crops,"Legumes, Spices, Vegetable, Bamboo",Production Support Services,Technical Support Services,Production Support Services,Organic Fertilizer,12196.36803,2439.27,244.01,,ALL PROGRAMS 2027 municipality split,
all_programs_2027.xlsx,HVCDP,Nueva Vizcaya,1,Kayapa,2027,High Value Crops,"Legumes, Spices, Vegetable, Bamboo",Production Support Services,Technical Support Services,Production Support Services,Organic Fertilizer,12196.36803,2439.27,244.01,,ALL PROGRAMS 2027 municipality split,
all_programs_2027.xlsx,HVCDP,Cagayan,1,Alcala,2027,High Value Crops,"Legumes, Spices, Vegetable, Bamboo",Production Support Services,Technical Support Services,Production Support Services,Lowland Vegetable - Seeds,75,75.00,1125.00,,ALL PROGRAMS 2027 municipality split,
all_programs_2027.xlsx,HVCDP,Cagayan,1,Alcala,2027,High Value Crops,"Legumes, Spices, Vegetable, Bamboo",Production Support Services,Technical Support Services,Production Support Services,Organic Fertilizer,900,900.00,90.00,,ALL PROGRAMS 2027 municipality split,
all_programs_2027.xlsx,HVCDP,Cagayan,3,Pe?ablanca,2027,High Value Crops,"Legumes, Spices, Vegetable, Bamboo",Production Support Services,Technical Support Services,Production Support Services,Lowland Vegetable - Seeds,75,75.00,1125.00,,ALL PROGRAMS 2027 municipality split,
all_programs_2027.xlsx,HVCDP,Cagayan,3,Pe?ablanca,2027,High Value Crops,"Legumes, Spices, Vegetable, Bamboo",Production Support Services,Technical Support Services,Production Support Services,Organic Fertilizer,900,900.00,90.00,,ALL PROGRAMS 2027 municipality split,
all_programs_2027.xlsx,HVCDP,Isabela,1,Cabagan,2027,High Value Crops,"Legumes, Spices, Vegetable, Bamboo",Production Support Services,Technical Support Services,Production Support Services,Lowland Vegetable - Seeds,200,100.00,1500.00,,ALL PROGRAMS 2027 municipality split,
all_programs_2027.xlsx,HVCDP,Isabela,1,Ilagan City (Capital),2027,High Value Crops,"Legumes, Spices, Vegetable, Bamboo",Production Support Services,Technical Support Services,Production Support Services,Lowland Vegetable - Seeds,200,100.00,1500.00,,ALL PROGRAMS 2027 municipality split,
all_programs_2027.xlsx,HVCDP,Isabela,1,Cabagan,2027,High Value Crops,"Legumes, Spices, Vegetable, Bamboo",Production Support Services,Technical Support Services,Production Support Services,Organic Fertilizer,2400,1200.00,120.00,,ALL PROGRAMS 2027 municipality split,
all_programs_2027.xlsx,HVCDP,Isabela,1,Ilagan City (Capital),2027,High Value Crops,"Legumes, Spices, Vegetable, Bamboo",Production Support Services,Technical Support Services,Production Support Services,Organic Fertilizer,2400,1200.00,120.00,,ALL PROGRAMS 2027 municipality split,
all_programs_2027.xlsx,HVCDP,Quirino,1,Maddela,2027,High Value Crops,"Legumes, Spices, Vegetable, Bamboo",Production Support Services,Technical Support Services,Production Support Services,Lowland Vegetable - Seeds,50,50.00,750.00,,ALL PROGRAMS 2027 municipality split,
all_programs_2027.xlsx,HVCDP,Quirino,1,Maddela,2027,High Value Crops,"Legumes, Spices, Vegetable, Bamboo",Production Support Services,Technical Support Services,Production Support Services,Organic Fertilizer,600,600.00,60.00,,ALL PROGRAMS 2027 municipality split,
all_programs_2027.xlsx,HVCDP,Batanes,1,Basco (Capital),2027,High Value Crops,"Legumes, Spices, Vegetable, Bamboo",Production Support Services,Technical Support Services,Production Support Services,Gulayan sa Bayan,6,1.00,150.00,,ALL PROGRAMS 2027 municipality split,
all_programs_2027.xlsx,HVCDP,Batanes,1,Itbayat,2027,High Value Crops,"Legumes, Spices, Vegetable, Bamboo",Production Support Services,Technical Support Services,Production Support Services,Gulayan sa Bayan,6,1.00,150.00,,ALL PROGRAMS 2027 municipality split,
all_programs_2027.xlsx,HVCDP,Batanes,1,Ivana,2027,High Value Crops,"Legumes, Spices, Vegetable, Bamboo",Production Support Services,Technical Support Services,Production Support Services,Gulayan sa Bayan,6,1.00,150.00,,ALL PROGRAMS 2027 municipality split,
all_programs_2027.xlsx,HVCDP,Batanes,1,Mahatao,2027,High Value Crops,"Legumes, Spices, Vegetable, Bamboo",Production Support Services,Technical Support Services,Production Support Services,Gulayan sa Bayan,6,1.00,150.00,,ALL PROGRAMS 2027 municipality split,
all_programs_2027.xlsx,HVCDP,Batanes,1,Sabtang,2027,High Value Crops,"Legumes, Spices, Vegetable, Bamboo",Production Support Services,Technical Support Services,Production Support Services,Gulayan sa Bayan,6,1.00,150.00,,ALL PROGRAMS 2027 municipality split,
all_programs_2027.xlsx,HVCDP,Batanes,1,Uyugan,2027,High Value Crops,"Legumes, Spices, Vegetable, Bamboo",Production Support Services,Technical Support Services,Production Support Services,Gulayan sa Bayan,6,1.00,150.00,,ALL PROGRAMS 2027 municipality split,
all_programs_2027.xlsx,HVCDP,Cagayan,1,Abulug,2027,High Value Crops,"Legumes, Spices, Vegetable, Bamboo",Production Support Services,Technical Support Services,Production Support Services,Gulayan sa Bayan,10,0.34,51.72,,ALL PROGRAMS 2027 municipality split,
all_programs_2027.xlsx,HVCDP,Cagayan,1,Alcala,2027,High Value Crops,"Legumes, Spices, Vegetable, Bamboo",Production Support Services,Technical Support Services,Production Support Services,Gulayan sa Bayan,10,0.34,51.72,,ALL PROGRAMS 2027 municipality split,
all_programs_2027.xlsx,HVCDP,Cagayan,1,Allacapan,2027,High Value Crops,"Legumes, Spices, Vegetable, Bamboo",Production Support Services,Technical Support Services,Production Support Services,Gulayan sa Bayan,10,0.34,51.72,,ALL PROGRAMS 2027 municipality split,
all_programs_2027.xlsx,HVCDP,Cagayan,1,Amulung,2027,High Value Crops,"Legumes, Spices, Vegetable, Bamboo",Production Support Services,Technical Support Services,Production Support Services,Gulayan sa Bayan,10,0.34,51.72,,ALL PROGRAMS 2027 municipality split,
all_programs_2027.xlsx,HVCDP,Cagayan,1,Aparri,2027,High Value Crops,"Legumes, Spices, Vegetable, Bamboo",Production Support Services,Technical Support Services,Production Support Services,Gulayan sa Bayan,10,0.34,51.72,,ALL PROGRAMS 2027 municipality split,
all_programs_2027.xlsx,HVCDP,Cagayan,1,Baggao,2027,High Value Crops,"Legumes, Spices, Vegetable, Bamboo",Production Support Services,Technical Support Services,Production Support Services,Gulayan sa Bayan,10,0.34,51.72,,ALL PROGRAMS 2027 municipality split,
all_programs_2027.xlsx,HVCDP,Cagayan,1,Ballesteros,2027,High Value Crops,"Legumes, Spices, Vegetable, Bamboo",Production Support Services,Technical Support Services,Production Support Services,Gulayan sa Bayan,10,0.34,51.72,,ALL PROGRAMS 2027 municipality split,
all_programs_2027.xlsx,HVCDP,Cagayan,1,Buguey,2027,High Value Crops,"Legumes, Spices, Vegetable, Bamboo",Production Support Services,Technical Support Services,Production Support Services,Gulayan sa Bayan,10,0.34,51.72,,ALL PROGRAMS 2027 municipality split,
all_programs_2027.xlsx,HVCDP,Cagayan,1,Calayan,2027,High Value Crops,"Legumes, Spices, Vegetable, Bamboo",Production Support Services,Technical Support Services,Production Support Services,Gulayan sa Bayan,10,0.34,51.72,,ALL PROGRAMS 2027 municipality split,
all_programs_2027.xlsx,HVCDP,Cagayan,1,Camalaniugan,2027,High Value Crops,"Legumes, Spices, Vegetable, Bamboo",Production Support Services,Technical Support Services,Production Support Services,Gulayan sa Bayan,10,0.34,51.72,,ALL PROGRAMS 2027 municipality split,
all_programs_2027.xlsx,HVCDP,Cagayan,1,Claveria,2027,High Value Crops,"Legumes, Spices, Vegetable, Bamboo",Production Support Services,Technical Support Services,Production Support Services,Gulayan sa Bayan,10,0.34,51.72,,ALL PROGRAMS 2027 municipality split,
all_programs_2027.xlsx,HVCDP,Cagayan,1,Enrile,2027,High Value Crops,"Legumes, Spices, Vegetable, Bamboo",Production Support Services,Technical Support Services,Production Support Services,Gulayan sa Bayan,10,0.34,51.72,,ALL PROGRAMS 2027 municipality split,
all_programs_2027.xlsx,HVCDP,Cagayan,1,Gattaran,2027,High Value Crops,"Legumes, Spices, Vegetable, Bamboo",Production Support Services,Technical Support Services,Production Support Services,Gulayan sa Bayan,10,0.34,51.72,,ALL PROGRAMS 2027 municipality split,
all_programs_2027.xlsx,HVCDP,Cagayan,1,Gonzaga,2027,High Value Crops,"Legumes, Spices, Vegetable, Bamboo",Production Support Services,Technical Support Services,Production Support Services,Gulayan sa Bayan,10,0.34,51.72,,ALL PROGRAMS 2027 municipality split,
all_programs_2027.xlsx,HVCDP,Cagayan,1,Iguig,2027,High Value Crops,"Legumes, Spices, Vegetable, Bamboo",Production Support Services,Technical Support Services,Production Support Services,Gulayan sa Bayan,10,0.34,51.72,,ALL PROGRAMS 2027 municipality split,
all_programs_2027.xlsx,HVCDP,Cagayan,1,Lal-lo,2027,High Value Crops,"Legumes, Spices, Vegetable, Bamboo",Production Support Services,Technical Support Services,Production Support Services,Gulayan sa Bayan,10,0.34,51.72,,ALL PROGRAMS 2027 municipality split,
all_programs_2027.xlsx,HVCDP,Cagayan,1,Lasam,2027,High Value Crops,"Legumes, Spices, Vegetable, Bamboo",Production Support Services,Technical Support Services,Production Support Services,Gulayan sa Bayan,10,0.34,51.72,,ALL PROGRAMS 2027 municipality split,
all_programs_2027.xlsx,HVCDP,Cagayan,1,Pamplona,2027,High Value Crops,"Legumes, Spices, Vegetable, Bamboo",Production Support Services,Technical Support Services,Production Support Services,Gulayan sa Bayan,10,0.34,51.72,,ALL PROGRAMS 2027 municipality split,
all_programs_2027.xlsx,HVCDP,Cagayan,1,Pe?ablanca,2027,High Value Crops,"Legumes, Spices, Vegetable, Bamboo",Production Support Services,Technical Support Services,Production Support Services,Gulayan sa Bayan,10,0.34,51.72,,ALL PROGRAMS 2027 municipality split,
all_programs_2027.xlsx,HVCDP,Cagayan,1,Piat,2027,High Value Crops,"Legumes, Spices, Vegetable, Bamboo",Production Support Services,Technical Support Services,Production Support Services,Gulayan sa Bayan,10,0.34,51.72,,ALL PROGRAMS 2027 municipality split,
all_programs_2027.xlsx,HVCDP,Cagayan,1,Rizal,2027,High Value Crops,"Legumes, Spices, Vegetable, Bamboo",Production Support Services,Technical Support Services,Production Support Services,Gulayan sa Bayan,10,0.34,51.72,,ALL PROGRAMS 2027 municipality split,
all_programs_2027.xlsx,HVCDP,Cagayan,1,Sanchez Mira,2027,High Value Crops,"Legumes, Spices, Vegetable, Bamboo",Production Support Services,Technical Support Services,Production Support Services,Gulayan sa Bayan,10,0.34,51.72,,ALL PROGRAMS 2027 municipality split,
all_programs_2027.xlsx,HVCDP,Cagayan,1,Santa Ana,2027,High Value Crops,"Legumes, Spices, Vegetable, Bamboo",Production Support Services,Technical Support Services,Production Support Services,Gulayan sa Bayan,10,0.34,51.72,,ALL PROGRAMS 2027 municipality split,
all_programs_2027.xlsx,HVCDP,Cagayan,1,Santa Praxedes,2027,High Value Crops,"Legumes, Spices, Vegetable, Bamboo",Production Support Services,Technical Support Services,Production Support Services,Gulayan sa Bayan,10,0.34,51.72,,ALL PROGRAMS 2027 municipality split,
all_programs_2027.xlsx,HVCDP,Cagayan,1,Santa Teresita,2027,High Value Crops,"Legumes, Spices, Vegetable, Bamboo",Production Support Services,Technical Support Services,Production Support Services,Gulayan sa Bayan,10,0.34,51.72,,ALL PROGRAMS 2027 municipality split,
all_programs_2027.xlsx,HVCDP,Cagayan,1,Santo Ni?o (Faire),2027,High Value Crops,"Legumes, Spices, Vegetable, Bamboo",Production Support Services,Technical Support Services,Production Support Services,Gulayan sa Bayan,10,0.34,51.72,,ALL PROGRAMS 2027 municipality split,
all_programs_2027.xlsx,HVCDP,Cagayan,1,Solana,2027,High Value Crops,"Legumes, Spices, Vegetable, Bamboo",Production Support Services,Technical Support Services,Production Support Services,Gulayan sa Bayan,10,0.34,51.72,,ALL PROGRAMS 2027 municipality split,
all_programs_2027.xlsx,HVCDP,Cagayan,1,Tuao,2027,High Value Crops,"Legumes, Spices, Vegetable, Bamboo",Production Support Services,Technical Support Services,Production Support Services,Gulayan sa Bayan,10,0.34,51.72,,ALL PROGRAMS 2027 municipality split,
all_programs_2027.xlsx,HVCDP,Cagayan,1,Tuguegarao City (Capital),2027,High Value Crops,"Legumes, Spices, Vegetable, Bamboo",Production Support Services,Technical Support Services,Production Support Services,Gulayan sa Bayan,10,0.34,51.72,,ALL PROGRAMS 2027 municipality split,
all_programs_2027.xlsx,HVCDP,Cagayan,2,Abulug,2027,High Value Crops,"Legumes, Spices, Vegetable, Bamboo",Production Support Services,Technical Support Services,Production Support Services,Gulayan sa Bayan,12,0.41,62.07,,ALL PROGRAMS 2027 municipality split,
all_programs_2027.xlsx,HVCDP,Cagayan,2,Alcala,2027,High Value Crops,"Legumes, Spices, Vegetable, Bamboo",Production Support Services,Technical Support Services,Production Support Services,Gulayan sa Bayan,12,0.41,62.07,,ALL PROGRAMS 2027 municipality split,
all_programs_2027.xlsx,HVCDP,Cagayan,2,Allacapan,2027,High Value Crops,"Legumes, Spices, Vegetable, Bamboo",Production Support Services,Technical Support Services,Production Support Services,Gulayan sa Bayan,12,0.41,62.07,,ALL PROGRAMS 2027 municipality split,
all_programs_2027.xlsx,HVCDP,Cagayan,2,Amulung,2027,High Value Crops,"Legumes, Spices, Vegetable, Bamboo",Production Support Services,Technical Support Services,Production Support Services,Gulayan sa Bayan,12,0.41,62.07,,ALL PROGRAMS 2027 municipality split,
all_programs_2027.xlsx,HVCDP,Cagayan,2,Aparri,2027,High Value Crops,"Legumes, Spices, Vegetable, Bamboo",Production Support Services,Technical Support Services,Production Support Services,Gulayan sa Bayan,12,0.41,62.07,,ALL PROGRAMS 2027 municipality split,
all_programs_2027.xlsx,HVCDP,Cagayan,2,Baggao,2027,High Value Crops,"Legumes, Spices, Vegetable, Bamboo",Production Support Services,Technical Support Services,Production Support Services,Gulayan sa Bayan,12,0.41,62.07,,ALL PROGRAMS 2027 municipality split,
all_programs_2027.xlsx,HVCDP,Cagayan,2,Ballesteros,2027,High Value Crops,"Legumes, Spices, Vegetable, Bamboo",Production Support Services,Technical Support Services,Production Support Services,Gulayan sa Bayan,12,0.41,62.07,,ALL PROGRAMS 2027 municipality split,
all_programs_2027.xlsx,HVCDP,Cagayan,2,Buguey,2027,High Value Crops,"Legumes, Spices, Vegetable, Bamboo",Production Support Services,Technical Support Services,Production Support Services,Gulayan sa Bayan,12,0.41,62.07,,ALL PROGRAMS 2027 municipality split,
all_programs_2027.xlsx,HVCDP,Cagayan,2,Calayan,2027,High Value Crops,"Legumes, Spices, Vegetable, Bamboo",Production Support Services,Technical Support Services,Production Support Services,Gulayan sa Bayan,12,0.41,62.07,,ALL PROGRAMS 2027 municipality split,
all_programs_2027.xlsx,HVCDP,Cagayan,2,Camalaniugan,2027,High Value Crops,"Legumes, Spices, Vegetable, Bamboo",Production Support Services,Technical Support Services,Production Support Services,Gulayan sa Bayan,12,0.41,62.07,,ALL PROGRAMS 2027 municipality split,
all_programs_2027.xlsx,HVCDP,Cagayan,2,Claveria,2027,High Value Crops,"Legumes, Spices, Vegetable, Bamboo",Production Support Services,Technical Support Services,Production Support Services,Gulayan sa Bayan,12,0.41,62.07,,ALL PROGRAMS 2027 municipality split,
all_programs_2027.xlsx,HVCDP,Cagayan,2,Enrile,2027,High Value Crops,"Legumes, Spices, Vegetable, Bamboo",Production Support Services,Technical Support Services,Production Support Services,Gulayan sa Bayan,12,0.41,62.07,,ALL PROGRAMS 2027 municipality split,
all_programs_2027.xlsx,HVCDP,Cagayan,2,Gattaran,2027,High Value Crops,"Legumes, Spices, Vegetable, Bamboo",Production Support Services,Technical Support Services,Production Support Services,Gulayan sa Bayan,12,0.41,62.07,,ALL PROGRAMS 2027 municipality split,
all_programs_2027.xlsx,HVCDP,Cagayan,2,Gonzaga,2027,High Value Crops,"Legumes, Spices, Vegetable, Bamboo",Production Support Services,Technical Support Services,Production Support Services,Gulayan sa Bayan,12,0.41,62.07,,ALL PROGRAMS 2027 municipality split,
all_programs_2027.xlsx,HVCDP,Cagayan,2,Iguig,2027,High Value Crops,"Legumes, Spices, Vegetable, Bamboo",Production Support Services,Technical Support Services,Production Support Services,Gulayan sa Bayan,12,0.41,62.07,,ALL PROGRAMS 2027 municipality split,
all_programs_2027.xlsx,HVCDP,Cagayan,2,Lal-lo,2027,High Value Crops,"Legumes, Spices, Vegetable, Bamboo",Production Support Services,Technical Support Services,Production Support Services,Gulayan sa Bayan,12,0.41,62.07,,ALL PROGRAMS 2027 municipality split,
all_programs_2027.xlsx,HVCDP,Cagayan,2,Lasam,2027,High Value Crops,"Legumes, Spices, Vegetable, Bamboo",Production Support Services,Technical Support Services,Production Support Services,Gulayan sa Bayan,12,0.41,62.07,,ALL PROGRAMS 2027 municipality split,
all_programs_2027.xlsx,HVCDP,Cagayan,2,Pamplona,2027,High Value Crops,"Legumes, Spices, Vegetable, Bamboo",Production Support Services,Technical Support Services,Production Support Services,Gulayan sa Bayan,12,0.41,62.07,,ALL PROGRAMS 2027 municipality split,
all_programs_2027.xlsx,HVCDP,Cagayan,2,Pe?ablanca,2027,High Value Crops,"Legumes, Spices, Vegetable, Bamboo",Production Support Services,Technical Support Services,Production Support Services,Gulayan sa Bayan,12,0.41,62.07,,ALL PROGRAMS 2027 municipality split,
all_programs_2027.xlsx,HVCDP,Cagayan,2,Piat,2027,High Value Crops,"Legumes, Spices, Vegetable, Bamboo",Production Support Services,Technical Support Services,Production Support Services,Gulayan sa Bayan,12,0.41,62.07,,ALL PROGRAMS 2027 municipality split,
all_programs_2027.xlsx,HVCDP,Cagayan,2,Rizal,2027,High Value Crops,"Legumes, Spices, Vegetable, Bamboo",Production Support Services,Technical Support Services,Production Support Services,Gulayan sa Bayan,12,0.41,62.07,,ALL PROGRAMS 2027 municipality split,
all_programs_2027.xlsx,HVCDP,Cagayan,2,Sanchez Mira,2027,High Value Crops,"Legumes, Spices, Vegetable, Bamboo",Production Support Services,Technical Support Services,Production Support Services,Gulayan sa Bayan,12,0.41,62.07,,ALL PROGRAMS 2027 municipality split,
all_programs_2027.xlsx,HVCDP,Cagayan,2,Santa Ana,2027,High Value Crops,"Legumes, Spices, Vegetable, Bamboo",Production Support Services,Technical Support Services,Production Support Services,Gulayan sa Bayan,12,0.41,62.07,,ALL PROGRAMS 2027 municipality split,
all_programs_2027.xlsx,HVCDP,Cagayan,2,Santa Praxedes,2027,High Value Crops,"Legumes, Spices, Vegetable, Bamboo",Production Support Services,Technical Support Services,Production Support Services,Gulayan sa Bayan,12,0.41,62.07,,ALL PROGRAMS 2027 municipality split,
all_programs_2027.xlsx,HVCDP,Cagayan,2,Santa Teresita,2027,High Value Crops,"Legumes, Spices, Vegetable, Bamboo",Production Support Services,Technical Support Services,Production Support Services,Gulayan sa Bayan,12,0.41,62.07,,ALL PROGRAMS 2027 municipality split,
all_programs_2027.xlsx,HVCDP,Cagayan,2,Santo Ni?o (Faire),2027,High Value Crops,"Legumes, Spices, Vegetable, Bamboo",Production Support Services,Technical Support Services,Production Support Services,Gulayan sa Bayan,12,0.41,62.07,,ALL PROGRAMS 2027 municipality split,
all_programs_2027.xlsx,HVCDP,Cagayan,2,Solana,2027,High Value Crops,"Legumes, Spices, Vegetable, Bamboo",Production Support Services,Technical Support Services,Production Support Services,Gulayan sa Bayan,12,0.41,62.07,,ALL PROGRAMS 2027 municipality split,
all_programs_2027.xlsx,HVCDP,Cagayan,2,Tuao,2027,High Value Crops,"Legumes, Spices, Vegetable, Bamboo",Production Support Services,Technical Support Services,Production Support Services,Gulayan sa Bayan,12,0.41,62.07,,ALL PROGRAMS 2027 municipality split,
all_programs_2027.xlsx,HVCDP,Cagayan,2,Tuguegarao City (Capital),2027,High Value Crops,"Legumes, Spices, Vegetable, Bamboo",Production Support Services,Technical Support Services,Production Support Services,Gulayan sa Bayan,12,0.41,62.07,,ALL PROGRAMS 2027 municipality split,
all_programs_2027.xlsx,HVCDP,Cagayan,3,Abulug,2027,High Value Crops,"Legumes, Spices, Vegetable, Bamboo",Production Support Services,Technical Support Services,Production Support Services,Gulayan sa Bayan,6,0.21,32.14,,ALL PROGRAMS 2027 municipality split,
all_programs_2027.xlsx,HVCDP,Cagayan,3,Alcala,2027,High Value Crops,"Legumes, Spices, Vegetable, Bamboo",Production Support Services,Technical Support Services,Production Support Services,Gulayan sa Bayan,6,0.21,32.14,,ALL PROGRAMS 2027 municipality split,
all_programs_2027.xlsx,HVCDP,Cagayan,3,Allacapan,2027,High Value Crops,"Legumes, Spices, Vegetable, Bamboo",Production Support Services,Technical Support Services,Production Support Services,Gulayan sa Bayan,6,0.21,32.14,,ALL PROGRAMS 2027 municipality split,
all_programs_2027.xlsx,HVCDP,Cagayan,3,Amulung,2027,High Value Crops,"Legumes, Spices, Vegetable, Bamboo",Production Support Services,Technical Support Services,Production Support Services,Gulayan sa Bayan,6,0.21,32.14,,ALL PROGRAMS 2027 municipality split,
all_programs_2027.xlsx,HVCDP,Cagayan,3,Aparri,2027,High Value Crops,"Legumes, Spices, Vegetable, Bamboo",Production Support Services,Technical Support Services,Production Support Services,Gulayan sa Bayan,6,0.21,32.14,,ALL PROGRAMS 2027 municipality split,
all_programs_2027.xlsx,HVCDP,Cagayan,3,Baggao,2027,High Value Crops,"Legumes, Spices, Vegetable, Bamboo",Production Support Services,Technical Support Services,Production Support Services,Gulayan sa Bayan,6,0.21,32.14,,ALL PROGRAMS 2027 municipality split,
all_programs_2027.xlsx,HVCDP,Cagayan,3,Ballesteros,2027,High Value Crops,"Legumes, Spices, Vegetable, Bamboo",Production Support Services,Technical Support Services,Production Support Services,Gulayan sa Bayan,6,0.21,32.14,,ALL PROGRAMS 2027 municipality split,
all_programs_2027.xlsx,HVCDP,Cagayan,3,Buguey,2027,High Value Crops,"Legumes, Spices, Vegetable, Bamboo",Production Support Services,Technical Support Services,Production Support Services,Gulayan sa Bayan,6,0.21,32.14,,ALL PROGRAMS 2027 municipality split,
all_programs_2027.xlsx,HVCDP,Cagayan,3,Calayan,2027,High Value Crops,"Legumes, Spices, Vegetable, Bamboo",Production Support Services,Technical Support Services,Production Support Services,Gulayan sa Bayan,6,0.21,32.14,,ALL PROGRAMS 2027 municipality split,
all_programs_2027.xlsx,HVCDP,Cagayan,3,Camalaniugan,2027,High Value Crops,"Legumes, Spices, Vegetable, Bamboo",Production Support Services,Technical Support Services,Production Support Services,Gulayan sa Bayan,6,0.21,32.14,,ALL PROGRAMS 2027 municipality split,
all_programs_2027.xlsx,HVCDP,Cagayan,3,Claveria,2027,High Value Crops,"Legumes, Spices, Vegetable, Bamboo",Production Support Services,Technical Support Services,Production Support Services,Gulayan sa Bayan,6,0.21,32.14,,ALL PROGRAMS 2027 municipality split,
all_programs_2027.xlsx,HVCDP,Cagayan,3,Enrile,2027,High Value Crops,"Legumes, Spices, Vegetable, Bamboo",Production Support Services,Technical Support Services,Production Support Services,Gulayan sa Bayan,6,0.21,32.14,,ALL PROGRAMS 2027 municipality split,
all_programs_2027.xlsx,HVCDP,Cagayan,3,Gattaran,2027,High Value Crops,"Legumes, Spices, Vegetable, Bamboo",Production Support Services,Technical Support Services,Production Support Services,Gulayan sa Bayan,6,0.21,32.14,,ALL PROGRAMS 2027 municipality split,
all_programs_2027.xlsx,HVCDP,Cagayan,3,Gonzaga,2027,High Value Crops,"Legumes, Spices, Vegetable, Bamboo",Production Support Services,Technical Support Services,Production Support Services,Gulayan sa Bayan,6,0.21,32.14,,ALL PROGRAMS 2027 municipality split,
all_programs_2027.xlsx,HVCDP,Cagayan,3,Iguig,2027,High Value Crops,"Legumes, Spices, Vegetable, Bamboo",Production Support Services,Technical Support Services,Production Support Services,Gulayan sa Bayan,6,0.21,32.14,,ALL PROGRAMS 2027 municipality split,
all_programs_2027.xlsx,HVCDP,Cagayan,3,Lal-lo,2027,High Value Crops,"Legumes, Spices, Vegetable, Bamboo",Production Support Services,Technical Support Services,Production Support Services,Gulayan sa Bayan,6,0.21,32.14,,ALL PROGRAMS 2027 municipality split,
all_programs_2027.xlsx,HVCDP,Cagayan,3,Lasam,2027,High Value Crops,"Legumes, Spices, Vegetable, Bamboo",Production Support Services,Technical Support Services,Production Support Services,Gulayan sa Bayan,6,0.21,32.14,,ALL PROGRAMS 2027 municipality split,
all_programs_2027.xlsx,HVCDP,Cagayan,3,Pamplona,2027,High Value Crops,"Legumes, Spices, Vegetable, Bamboo",Production Support Services,Technical Support Services,Production Support Services,Gulayan sa Bayan,6,0.21,32.14,,ALL PROGRAMS 2027 municipality split,
all_programs_2027.xlsx,HVCDP,Cagayan,3,Pe?ablanca,2027,High Value Crops,"Legumes, Spices, Vegetable, Bamboo",Production Support Services,Technical Support Services,Production Support Services,Gulayan sa Bayan,6,0.21,32.14,,ALL PROGRAMS 2027 municipality split,
all_programs_2027.xlsx,HVCDP,Cagayan,3,Piat,2027,High Value Crops,"Legumes, Spices, Vegetable, Bamboo",Production Support Services,Technical Support Services,Production Support Services,Gulayan sa Bayan,6,0.21,32.14,,ALL PROGRAMS 2027 municipality split,
all_programs_2027.xlsx,HVCDP,Cagayan,3,Rizal,2027,High Value Crops,"Legumes, Spices, Vegetable, Bamboo",Production Support Services,Technical Support Services,Production Support Services,Gulayan sa Bayan,6,0.21,32.14,,ALL PROGRAMS 2027 municipality split,
all_programs_2027.xlsx,HVCDP,Cagayan,3,Sanchez Mira,2027,High Value Crops,"Legumes, Spices, Vegetable, Bamboo",Production Support Services,Technical Support Services,Production Support Services,Gulayan sa Bayan,6,0.21,32.14,,ALL PROGRAMS 2027 municipality split,
all_programs_2027.xlsx,HVCDP,Cagayan,3,Santa Ana,2027,High Value Crops,"Legumes, Spices, Vegetable, Bamboo",Production Support Services,Technical Support Services,Production Support Services,Gulayan sa Bayan,6,0.21,32.14,,ALL PROGRAMS 2027 municipality split,
all_programs_2027.xlsx,HVCDP,Cagayan,3,Santa Praxedes,2027,High Value Crops,"Legumes, Spices, Vegetable, Bamboo",Production Support Services,Technical Support Services,Production Support Services,Gulayan sa Bayan,6,0.21,32.14,,ALL PROGRAMS 2027 municipality split,
all_programs_2027.xlsx,HVCDP,Cagayan,3,Santa Teresita,2027,High Value Crops,"Legumes, Spices, Vegetable, Bamboo",Production Support Services,Technical Support Services,Production Support Services,Gulayan sa Bayan,6,0.21,32.14,,ALL PROGRAMS 2027 municipality split,
all_programs_2027.xlsx,HVCDP,Cagayan,3,Santo Ni?o (Faire),2027,High Value Crops,"Legumes, Spices, Vegetable, Bamboo",Production Support Services,Technical Support Services,Production Support Services,Gulayan sa Bayan,6,0.21,32.14,,ALL PROGRAMS 2027 municipality split,
all_programs_2027.xlsx,HVCDP,Cagayan,3,Solana,2027,High Value Crops,"Legumes, Spices, Vegetable, Bamboo",Production Support Services,Technical Support Services,Production Support Services,Gulayan sa Bayan,6,0.21,32.14,,ALL PROGRAMS 2027 municipality split,
all_programs_2027.xlsx,HVCDP,Cagayan,3,Tuao,2027,High Value Crops,"Legumes, Spices, Vegetable, Bamboo",Production Support Services,Technical Support Services,Production Support Services,Gulayan sa Bayan,6,0.21,32.14,,ALL PROGRAMS 2027 municipality split,
all_programs_2027.xlsx,HVCDP,Isabela,1,Alicia,2027,High Value Crops,"Legumes, Spices, Vegetable, Bamboo",Production Support Services,Technical Support Services,Production Support Services,Gulayan sa Bayan,8,0.24,35.29,,ALL PROGRAMS 2027 municipality split,
all_programs_2027.xlsx,HVCDP,Isabela,1,Angadanan,2027,High Value Crops,"Legumes, Spices, Vegetable, Bamboo",Production Support Services,Technical Support Services,Production Support Services,Gulayan sa Bayan,8,0.24,35.29,,ALL PROGRAMS 2027 municipality split,
all_programs_2027.xlsx,HVCDP,Isabela,1,Aurora,2027,High Value Crops,"Legumes, Spices, Vegetable, Bamboo",Production Support Services,Technical Support Services,Production Support Services,Gulayan sa Bayan,8,0.24,35.29,,ALL PROGRAMS 2027 municipality split,
all_programs_2027.xlsx,HVCDP,Isabela,1,Benito Soliven,2027,High Value Crops,"Legumes, Spices, Vegetable, Bamboo",Production Support Services,Technical Support Services,Production Support Services,Gulayan sa Bayan,8,0.24,35.29,,ALL PROGRAMS 2027 municipality split,
all_programs_2027.xlsx,HVCDP,Isabela,1,Burgos,2027,High Value Crops,"Legumes, Spices, Vegetable, Bamboo",Production Support Services,Technical Support Services,Production Support Services,Gulayan sa Bayan,8,0.24,35.29,,ALL PROGRAMS 2027 municipality split,
all_programs_2027.xlsx,HVCDP,Isabela,1,Cabagan,2027,High Value Crops,"Legumes, Spices, Vegetable, Bamboo",Production Support Services,Technical Support Services,Production Support Services,Gulayan sa Bayan,8,0.24,35.29,,ALL PROGRAMS 2027 municipality split,
all_programs_2027.xlsx,HVCDP,Isabela,1,Cabatuan,2027,High Value Crops,"Legumes, Spices, Vegetable, Bamboo",Production Support Services,Technical Support Services,Production Support Services,Gulayan sa Bayan,8,0.24,35.29,,ALL PROGRAMS 2027 municipality split,
all_programs_2027.xlsx,HVCDP,Isabela,1,Cordon,2027,High Value Crops,"Legumes, Spices, Vegetable, Bamboo",Production Support Services,Technical Support Services,Production Support Services,Gulayan sa Bayan,8,0.24,35.29,,ALL PROGRAMS 2027 municipality split,
all_programs_2027.xlsx,HVCDP,Isabela,1,Delfin Albano (Magsaysay),2027,High Value Crops,"Legumes, Spices, Vegetable, Bamboo",Production Support Services,Technical Support Services,Production Support Services,Gulayan sa Bayan,8,0.24,35.29,,ALL PROGRAMS 2027 municipality split,
all_programs_2027.xlsx,HVCDP,Isabela,1,Dinapigue,2027,High Value Crops,"Legumes, Spices, Vegetable, Bamboo",Production Support Services,Technical Support Services,Production Support Services,Gulayan sa Bayan,8,0.24,35.29,,ALL PROGRAMS 2027 municipality split,
all_programs_2027.xlsx,HVCDP,Isabela,1,Divilacan,2027,High Value Crops,"Legumes, Spices, Vegetable, Bamboo",Production Support Services,Technical Support Services,Production Support Services,Gulayan sa Bayan,8,0.24,35.29,,ALL PROGRAMS 2027 municipality split,
all_programs_2027.xlsx,HVCDP,Isabela,1,Echague,2027,High Value Crops,"Legumes, Spices, Vegetable, Bamboo",Production Support Services,Technical Support Services,Production Support Services,Gulayan sa Bayan,8,0.24,35.29,,ALL PROGRAMS 2027 municipality split,
all_programs_2027.xlsx,HVCDP,Isabela,1,Gamu,2027,High Value Crops,"Legumes, Spices, Vegetable, Bamboo",Production Support Services,Technical Support Services,Production Support Services,Gulayan sa Bayan,8,0.24,35.29,,ALL PROGRAMS 2027 municipality split,
all_programs_2027.xlsx,HVCDP,Isabela,1,Jones,2027,High Value Crops,"Legumes, Spices, Vegetable, Bamboo",Production Support Services,Technical Support Services,Production Support Services,Gulayan sa Bayan,8,0.24,35.29,,ALL PROGRAMS 2027 municipality split,
all_programs_2027.xlsx,HVCDP,Isabela,1,Luna,2027,High Value Crops,"Legumes, Spices, Vegetable, Bamboo",Production Support Services,Technical Support Services,Production Support Services,Gulayan sa Bayan,8,0.24,35.29,,ALL PROGRAMS 2027 municipality split,
all_programs_2027.xlsx,HVCDP,Isabela,1,Maconacon,2027,High Value Crops,"Legumes, Spices, Vegetable, Bamboo",Production Support Services,Technical Support Services,Production Support Services,Gulayan sa Bayan,8,0.24,35.29,,ALL PROGRAMS 2027 municipality split,
all_programs_2027.xlsx,HVCDP,Isabela,1,Mallig,2027,High Value Crops,"Legumes, Spices, Vegetable, Bamboo",Production Support Services,Technical Support Services,Production Support Services,Gulayan sa Bayan,8,0.24,35.29,,ALL PROGRAMS 2027 municipality split,
all_programs_2027.xlsx,HVCDP,Isabela,1,Naguilian,2027,High Value Crops,"Legumes, Spices, Vegetable, Bamboo",Production Support Services,Technical Support Services,Production Support Services,Gulayan sa Bayan,8,0.24,35.29,,ALL PROGRAMS 2027 municipality split,
all_programs_2027.xlsx,HVCDP,Isabela,1,Palanan,2027,High Value Crops,"Legumes, Spices, Vegetable, Bamboo",Production Support Services,Technical Support Services,Production Support Services,Gulayan sa Bayan,8,0.24,35.29,,ALL PROGRAMS 2027 municipality split,
all_programs_2027.xlsx,HVCDP,Isabela,1,Quezon,2027,High Value Crops,"Legumes, Spices, Vegetable, Bamboo",Production Support Services,Technical Support Services,Production Support Services,Gulayan sa Bayan,8,0.24,35.29,,ALL PROGRAMS 2027 municipality split,
all_programs_2027.xlsx,HVCDP,Isabela,1,Quirino,2027,High Value Crops,"Legumes, Spices, Vegetable, Bamboo",Production Support Services,Technical Support Services,Production Support Services,Gulayan sa Bayan,8,0.24,35.29,,ALL PROGRAMS 2027 municipality split,
all_programs_2027.xlsx,HVCDP,Isabela,1,Ramon,2027,High Value Crops,"Legumes, Spices, Vegetable, Bamboo",Production Support Services,Technical Support Services,Production Support Services,Gulayan sa Bayan,8,0.24,35.29,,ALL PROGRAMS 2027 municipality split,
all_programs_2027.xlsx,HVCDP,Isabela,1,Reina Mercedes,2027,High Value Crops,"Legumes, Spices, Vegetable, Bamboo",Production Support Services,Technical Support Services,Production Support Services,Gulayan sa Bayan,8,0.24,35.29,,ALL PROGRAMS 2027 municipality split,
all_programs_2027.xlsx,HVCDP,Isabela,1,Roxas,2027,High Value Crops,"Legumes, Spices, Vegetable, Bamboo",Production Support Services,Technical Support Services,Production Support Services,Gulayan sa Bayan,8,0.24,35.29,,ALL PROGRAMS 2027 municipality split,
all_programs_2027.xlsx,HVCDP,Isabela,1,San Agustin,2027,High Value Crops,"Legumes, Spices, Vegetable, Bamboo",Production Support Services,Technical Support Services,Production Support Services,Gulayan sa Bayan,8,0.24,35.29,,ALL PROGRAMS 2027 municipality split,
all_programs_2027.xlsx,HVCDP,Isabela,1,San Guillermo,2027,High Value Crops,"Legumes, Spices, Vegetable, Bamboo",Production Support Services,Technical Support Services,Production Support Services,Gulayan sa Bayan,8,0.24,35.29,,ALL PROGRAMS 2027 municipality split,
all_programs_2027.xlsx,HVCDP,Isabela,1,San Isidro,2027,High Value Crops,"Legumes, Spices, Vegetable, Bamboo",Production Support Services,Technical Support Services,Production Support Services,Gulayan sa Bayan,8,0.24,35.29,,ALL PROGRAMS 2027 municipality split,
all_programs_2027.xlsx,HVCDP,Isabela,1,San Manuel,2027,High Value Crops,"Legumes, Spices, Vegetable, Bamboo",Production Support Services,Technical Support Services,Production Support Services,Gulayan sa Bayan,8,0.24,35.29,,ALL PROGRAMS 2027 municipality split,
all_programs_2027.xlsx,HVCDP,Isabela,1,San Mariano,2027,High Value Crops,"Legumes, Spices, Vegetable, Bamboo",Production Support Services,Technical Support Services,Production Support Services,Gulayan sa Bayan,8,0.24,35.29,,ALL PROGRAMS 2027 municipality split,
all_programs_2027.xlsx,HVCDP,Isabela,1,San Mateo,2027,High Value Crops,"Legumes, Spices, Vegetable, Bamboo",Production Support Services,Technical Support Services,Production Support Services,Gulayan sa Bayan,8,0.24,35.29,,ALL PROGRAMS 2027 municipality split,
all_programs_2027.xlsx,HVCDP,Isabela,1,San Pablo,2027,High Value Crops,"Legumes, Spices, Vegetable, Bamboo",Production Support Services,Technical Support Services,Production Support Services,Gulayan sa Bayan,8,0.24,35.29,,ALL PROGRAMS 2027 municipality split,
all_programs_2027.xlsx,HVCDP,Isabela,1,Santa Maria,2027,High Value Crops,"Legumes, Spices, Vegetable, Bamboo",Production Support Services,Technical Support Services,Production Support Services,Gulayan sa Bayan,8,0.24,35.29,,ALL PROGRAMS 2027 municipality split,
all_programs_2027.xlsx,HVCDP,Isabela,1,Santo Tomas,2027,High Value Crops,"Legumes, Spices, Vegetable, Bamboo",Production Support Services,Technical Support Services,Production Support Services,Gulayan sa Bayan,8,0.24,35.29,,ALL PROGRAMS 2027 municipality split,
all_programs_2027.xlsx,HVCDP,Isabela,1,Tumauini,2027,High Value Crops,"Legumes, Spices, Vegetable, Bamboo",Production Support Services,Technical Support Services,Production Support Services,Gulayan sa Bayan,8,0.24,35.29,,ALL PROGRAMS 2027 municipality split,
all_programs_2027.xlsx,HVCDP,Isabela,2,Alicia,2027,High Value Crops,"Legumes, Spices, Vegetable, Bamboo",Production Support Services,Technical Support Services,Production Support Services,Gulayan sa Bayan,6,0.18,26.47,,ALL PROGRAMS 2027 municipality split,
all_programs_2027.xlsx,HVCDP,Isabela,2,Angadanan,2027,High Value Crops,"Legumes, Spices, Vegetable, Bamboo",Production Support Services,Technical Support Services,Production Support Services,Gulayan sa Bayan,6,0.18,26.47,,ALL PROGRAMS 2027 municipality split,
all_programs_2027.xlsx,HVCDP,Isabela,2,Aurora,2027,High Value Crops,"Legumes, Spices, Vegetable, Bamboo",Production Support Services,Technical Support Services,Production Support Services,Gulayan sa Bayan,6,0.18,26.47,,ALL PROGRAMS 2027 municipality split,
all_programs_2027.xlsx,HVCDP,Isabela,2,Benito Soliven,2027,High Value Crops,"Legumes, Spices, Vegetable, Bamboo",Production Support Services,Technical Support Services,Production Support Services,Gulayan sa Bayan,6,0.18,26.47,,ALL PROGRAMS 2027 municipality split,
all_programs_2027.xlsx,HVCDP,Isabela,2,Burgos,2027,High Value Crops,"Legumes, Spices, Vegetable, Bamboo",Production Support Services,Technical Support Services,Production Support Services,Gulayan sa Bayan,6,0.18,26.47,,ALL PROGRAMS 2027 municipality split,
all_programs_2027.xlsx,HVCDP,Isabela,2,Cabagan,2027,High Value Crops,"Legumes, Spices, Vegetable, Bamboo",Production Support Services,Technical Support Services,Production Support Services,Gulayan sa Bayan,6,0.18,26.47,,ALL PROGRAMS 2027 municipality split,
all_programs_2027.xlsx,HVCDP,Isabela,2,Cabatuan,2027,High Value Crops,"Legumes, Spices, Vegetable, Bamboo",Production Support Services,Technical Support Services,Production Support Services,Gulayan sa Bayan,6,0.18,26.47,,ALL PROGRAMS 2027 municipality split,
all_programs_2027.xlsx,HVCDP,Isabela,2,Cordon,2027,High Value Crops,"Legumes, Spices, Vegetable, Bamboo",Production Support Services,Technical Support Services,Production Support Services,Gulayan sa Bayan,6,0.18,26.47,,ALL PROGRAMS 2027 municipality split,
all_programs_2027.xlsx,HVCDP,Isabela,2,Delfin Albano (Magsaysay),2027,High Value Crops,"Legumes, Spices, Vegetable, Bamboo",Production Support Services,Technical Support Services,Production Support Services,Gulayan sa Bayan,6,0.18,26.47,,ALL PROGRAMS 2027 municipality split,
all_programs_2027.xlsx,HVCDP,Isabela,2,Dinapigue,2027,High Value Crops,"Legumes, Spices, Vegetable, Bamboo",Production Support Services,Technical Support Services,Production Support Services,Gulayan sa Bayan,6,0.18,26.47,,ALL PROGRAMS 2027 municipality split,
all_programs_2027.xlsx,HVCDP,Isabela,2,Divilacan,2027,High Value Crops,"Legumes, Spices, Vegetable, Bamboo",Production Support Services,Technical Support Services,Production Support Services,Gulayan sa Bayan,6,0.18,26.47,,ALL PROGRAMS 2027 municipality split,
all_programs_2027.xlsx,HVCDP,Isabela,2,Echague,2027,High Value Crops,"Legumes, Spices, Vegetable, Bamboo",Production Support Services,Technical Support Services,Production Support Services,Gulayan sa Bayan,6,0.18,26.47,,ALL PROGRAMS 2027 municipality split,
all_programs_2027.xlsx,HVCDP,Isabela,2,Gamu,2027,High Value Crops,"Legumes, Spices, Vegetable, Bamboo",Production Support Services,Technical Support Services,Production Support Services,Gulayan sa Bayan,6,0.18,26.47,,ALL PROGRAMS 2027 municipality split,
all_programs_2027.xlsx,HVCDP,Isabela,2,Jones,2027,High Value Crops,"Legumes, Spices, Vegetable, Bamboo",Production Support Services,Technical Support Services,Production Support Services,Gulayan sa Bayan,6,0.18,26.47,,ALL PROGRAMS 2027 municipality split,
all_programs_2027.xlsx,HVCDP,Isabela,2,Luna,2027,High Value Crops,"Legumes, Spices, Vegetable, Bamboo",Production Support Services,Technical Support Services,Production Support Services,Gulayan sa Bayan,6,0.18,26.47,,ALL PROGRAMS 2027 municipality split,
all_programs_2027.xlsx,HVCDP,Isabela,2,Maconacon,2027,High Value Crops,"Legumes, Spices, Vegetable, Bamboo",Production Support Services,Technical Support Services,Production Support Services,Gulayan sa Bayan,6,0.18,26.47,,ALL PROGRAMS 2027 municipality split,
all_programs_2027.xlsx,HVCDP,Isabela,2,Mallig,2027,High Value Crops,"Legumes, Spices, Vegetable, Bamboo",Production Support Services,Technical Support Services,Production Support Services,Gulayan sa Bayan,6,0.18,26.47,,ALL PROGRAMS 2027 municipality split,
all_programs_2027.xlsx,HVCDP,Isabela,2,Naguilian,2027,High Value Crops,"Legumes, Spices, Vegetable, Bamboo",Production Support Services,Technical Support Services,Production Support Services,Gulayan sa Bayan,6,0.18,26.47,,ALL PROGRAMS 2027 municipality split,
all_programs_2027.xlsx,HVCDP,Isabela,2,Palanan,2027,High Value Crops,"Legumes, Spices, Vegetable, Bamboo",Production Support Services,Technical Support Services,Production Support Services,Gulayan sa Bayan,6,0.18,26.47,,ALL PROGRAMS 2027 municipality split,
all_programs_2027.xlsx,HVCDP,Isabela,2,Quezon,2027,High Value Crops,"Legumes, Spices, Vegetable, Bamboo",Production Support Services,Technical Support Services,Production Support Services,Gulayan sa Bayan,6,0.18,26.47,,ALL PROGRAMS 2027 municipality split,
all_programs_2027.xlsx,HVCDP,Isabela,2,Quirino,2027,High Value Crops,"Legumes, Spices, Vegetable, Bamboo",Production Support Services,Technical Support Services,Production Support Services,Gulayan sa Bayan,6,0.18,26.47,,ALL PROGRAMS 2027 municipality split,
all_programs_2027.xlsx,HVCDP,Isabela,2,Ramon,2027,High Value Crops,"Legumes, Spices, Vegetable, Bamboo",Production Support Services,Technical Support Services,Production Support Services,Gulayan sa Bayan,6,0.18,26.47,,ALL PROGRAMS 2027 municipality split,
all_programs_2027.xlsx,HVCDP,Isabela,2,Reina Mercedes,2027,High Value Crops,"Legumes, Spices, Vegetable, Bamboo",Production Support Services,Technical Support Services,Production Support Services,Gulayan sa Bayan,6,0.18,26.47,,ALL PROGRAMS 2027 municipality split,
all_programs_2027.xlsx,HVCDP,Isabela,2,Roxas,2027,High Value Crops,"Legumes, Spices, Vegetable, Bamboo",Production Support Services,Technical Support Services,Production Support Services,Gulayan sa Bayan,6,0.18,26.47,,ALL PROGRAMS 2027 municipality split,
all_programs_2027.xlsx,HVCDP,Isabela,2,San Agustin,2027,High Value Crops,"Legumes, Spices, Vegetable, Bamboo",Production Support Services,Technical Support Services,Production Support Services,Gulayan sa Bayan,6,0.18,26.47,,ALL PROGRAMS 2027 municipality split,
all_programs_2027.xlsx,HVCDP,Isabela,2,San Guillermo,2027,High Value Crops,"Legumes, Spices, Vegetable, Bamboo",Production Support Services,Technical Support Services,Production Support Services,Gulayan sa Bayan,6,0.18,26.47,,ALL PROGRAMS 2027 municipality split,
all_programs_2027.xlsx,HVCDP,Isabela,2,San Isidro,2027,High Value Crops,"Legumes, Spices, Vegetable, Bamboo",Production Support Services,Technical Support Services,Production Support Services,Gulayan sa Bayan,6,0.18,26.47,,ALL PROGRAMS 2027 municipality split,
all_programs_2027.xlsx,HVCDP,Isabela,2,San Manuel,2027,High Value Crops,"Legumes, Spices, Vegetable, Bamboo",Production Support Services,Technical Support Services,Production Support Services,Gulayan sa Bayan,6,0.18,26.47,,ALL PROGRAMS 2027 municipality split,
all_programs_2027.xlsx,HVCDP,Isabela,2,San Mariano,2027,High Value Crops,"Legumes, Spices, Vegetable, Bamboo",Production Support Services,Technical Support Services,Production Support Services,Gulayan sa Bayan,6,0.18,26.47,,ALL PROGRAMS 2027 municipality split,
all_programs_2027.xlsx,HVCDP,Isabela,2,San Mateo,2027,High Value Crops,"Legumes, Spices, Vegetable, Bamboo",Production Support Services,Technical Support Services,Production Support Services,Gulayan sa Bayan,6,0.18,26.47,,ALL PROGRAMS 2027 municipality split,
all_programs_2027.xlsx,HVCDP,Isabela,2,San Pablo,2027,High Value Crops,"Legumes, Spices, Vegetable, Bamboo",Production Support Services,Technical Support Services,Production Support Services,Gulayan sa Bayan,6,0.18,26.47,,ALL PROGRAMS 2027 municipality split,
all_programs_2027.xlsx,HVCDP,Isabela,2,Santa Maria,2027,High Value Crops,"Legumes, Spices, Vegetable, Bamboo",Production Support Services,Technical Support Services,Production Support Services,Gulayan sa Bayan,6,0.18,26.47,,ALL PROGRAMS 2027 municipality split,
all_programs_2027.xlsx,HVCDP,Isabela,2,Santo Tomas,2027,High Value Crops,"Legumes, Spices, Vegetable, Bamboo",Production Support Services,Technical Support Services,Production Support Services,Gulayan sa Bayan,6,0.18,26.47,,ALL PROGRAMS 2027 municipality split,
all_programs_2027.xlsx,HVCDP,Isabela,2,Tumauini,2027,High Value Crops,"Legumes, Spices, Vegetable, Bamboo",Production Support Services,Technical Support Services,Production Support Services,Gulayan sa Bayan,6,0.18,26.47,,ALL PROGRAMS 2027 municipality split,
all_programs_2027.xlsx,HVCDP,Isabela,3,Alicia,2027,High Value Crops,"Legumes, Spices, Vegetable, Bamboo",Production Support Services,Technical Support Services,Production Support Services,Gulayan sa Bayan,5,0.15,22.06,,ALL PROGRAMS 2027 municipality split,
all_programs_2027.xlsx,HVCDP,Isabela,3,Angadanan,2027,High Value Crops,"Legumes, Spices, Vegetable, Bamboo",Production Support Services,Technical Support Services,Production Support Services,Gulayan sa Bayan,5,0.15,22.06,,ALL PROGRAMS 2027 municipality split,
all_programs_2027.xlsx,HVCDP,Isabela,3,Aurora,2027,High Value Crops,"Legumes, Spices, Vegetable, Bamboo",Production Support Services,Technical Support Services,Production Support Services,Gulayan sa Bayan,5,0.15,22.06,,ALL PROGRAMS 2027 municipality split,
all_programs_2027.xlsx,HVCDP,Isabela,3,Benito Soliven,2027,High Value Crops,"Legumes, Spices, Vegetable, Bamboo",Production Support Services,Technical Support Services,Production Support Services,Gulayan sa Bayan,5,0.15,22.06,,ALL PROGRAMS 2027 municipality split,
all_programs_2027.xlsx,HVCDP,Isabela,3,Burgos,2027,High Value Crops,"Legumes, Spices, Vegetable, Bamboo",Production Support Services,Technical Support Services,Production Support Services,Gulayan sa Bayan,5,0.15,22.06,,ALL PROGRAMS 2027 municipality split,
all_programs_2027.xlsx,HVCDP,Isabela,3,Cabagan,2027,High Value Crops,"Legumes, Spices, Vegetable, Bamboo",Production Support Services,Technical Support Services,Production Support Services,Gulayan sa Bayan,5,0.15,22.06,,ALL PROGRAMS 2027 municipality split,
all_programs_2027.xlsx,HVCDP,Isabela,3,Cabatuan,2027,High Value Crops,"Legumes, Spices, Vegetable, Bamboo",Production Support Services,Technical Support Services,Production Support Services,Gulayan sa Bayan,5,0.15,22.06,,ALL PROGRAMS 2027 municipality split,
all_programs_2027.xlsx,HVCDP,Isabela,3,Cordon,2027,High Value Crops,"Legumes, Spices, Vegetable, Bamboo",Production Support Services,Technical Support Services,Production Support Services,Gulayan sa Bayan,5,0.15,22.06,,ALL PROGRAMS 2027 municipality split,
all_programs_2027.xlsx,HVCDP,Isabela,3,Delfin Albano (Magsaysay),2027,High Value Crops,"Legumes, Spices, Vegetable, Bamboo",Production Support Services,Technical Support Services,Production Support Services,Gulayan sa Bayan,5,0.15,22.06,,ALL PROGRAMS 2027 municipality split,
all_programs_2027.xlsx,HVCDP,Isabela,3,Dinapigue,2027,High Value Crops,"Legumes, Spices, Vegetable, Bamboo",Production Support Services,Technical Support Services,Production Support Services,Gulayan sa Bayan,5,0.15,22.06,,ALL PROGRAMS 2027 municipality split,
all_programs_2027.xlsx,HVCDP,Isabela,3,Divilacan,2027,High Value Crops,"Legumes, Spices, Vegetable, Bamboo",Production Support Services,Technical Support Services,Production Support Services,Gulayan sa Bayan,5,0.15,22.06,,ALL PROGRAMS 2027 municipality split,
all_programs_2027.xlsx,HVCDP,Isabela,3,Echague,2027,High Value Crops,"Legumes, Spices, Vegetable, Bamboo",Production Support Services,Technical Support Services,Production Support Services,Gulayan sa Bayan,5,0.15,22.06,,ALL PROGRAMS 2027 municipality split,
all_programs_2027.xlsx,HVCDP,Isabela,3,Gamu,2027,High Value Crops,"Legumes, Spices, Vegetable, Bamboo",Production Support Services,Technical Support Services,Production Support Services,Gulayan sa Bayan,5,0.15,22.06,,ALL PROGRAMS 2027 municipality split,
all_programs_2027.xlsx,HVCDP,Isabela,3,Jones,2027,High Value Crops,"Legumes, Spices, Vegetable, Bamboo",Production Support Services,Technical Support Services,Production Support Services,Gulayan sa Bayan,5,0.15,22.06,,ALL PROGRAMS 2027 municipality split,
all_programs_2027.xlsx,HVCDP,Isabela,3,Luna,2027,High Value Crops,"Legumes, Spices, Vegetable, Bamboo",Production Support Services,Technical Support Services,Production Support Services,Gulayan sa Bayan,5,0.15,22.06,,ALL PROGRAMS 2027 municipality split,
all_programs_2027.xlsx,HVCDP,Isabela,3,Maconacon,2027,High Value Crops,"Legumes, Spices, Vegetable, Bamboo",Production Support Services,Technical Support Services,Production Support Services,Gulayan sa Bayan,5,0.15,22.06,,ALL PROGRAMS 2027 municipality split,
all_programs_2027.xlsx,HVCDP,Isabela,3,Mallig,2027,High Value Crops,"Legumes, Spices, Vegetable, Bamboo",Production Support Services,Technical Support Services,Production Support Services,Gulayan sa Bayan,5,0.15,22.06,,ALL PROGRAMS 2027 municipality split,
all_programs_2027.xlsx,HVCDP,Isabela,3,Naguilian,2027,High Value Crops,"Legumes, Spices, Vegetable, Bamboo",Production Support Services,Technical Support Services,Production Support Services,Gulayan sa Bayan,5,0.15,22.06,,ALL PROGRAMS 2027 municipality split,
all_programs_2027.xlsx,HVCDP,Isabela,3,Palanan,2027,High Value Crops,"Legumes, Spices, Vegetable, Bamboo",Production Support Services,Technical Support Services,Production Support Services,Gulayan sa Bayan,5,0.15,22.06,,ALL PROGRAMS 2027 municipality split,
all_programs_2027.xlsx,HVCDP,Isabela,3,Quezon,2027,High Value Crops,"Legumes, Spices, Vegetable, Bamboo",Production Support Services,Technical Support Services,Production Support Services,Gulayan sa Bayan,5,0.15,22.06,,ALL PROGRAMS 2027 municipality split,
all_programs_2027.xlsx,HVCDP,Isabela,3,Quirino,2027,High Value Crops,"Legumes, Spices, Vegetable, Bamboo",Production Support Services,Technical Support Services,Production Support Services,Gulayan sa Bayan,5,0.15,22.06,,ALL PROGRAMS 2027 municipality split,
all_programs_2027.xlsx,HVCDP,Isabela,3,Ramon,2027,High Value Crops,"Legumes, Spices, Vegetable, Bamboo",Production Support Services,Technical Support Services,Production Support Services,Gulayan sa Bayan,5,0.15,22.06,,ALL PROGRAMS 2027 municipality split,
all_programs_2027.xlsx,HVCDP,Isabela,3,Reina Mercedes,2027,High Value Crops,"Legumes, Spices, Vegetable, Bamboo",Production Support Services,Technical Support Services,Production Support Services,Gulayan sa Bayan,5,0.15,22.06,,ALL PROGRAMS 2027 municipality split,
all_programs_2027.xlsx,HVCDP,Isabela,3,Roxas,2027,High Value Crops,"Legumes, Spices, Vegetable, Bamboo",Production Support Services,Technical Support Services,Production Support Services,Gulayan sa Bayan,5,0.15,22.06,,ALL PROGRAMS 2027 municipality split,
all_programs_2027.xlsx,HVCDP,Isabela,3,San Agustin,2027,High Value Crops,"Legumes, Spices, Vegetable, Bamboo",Production Support Services,Technical Support Services,Production Support Services,Gulayan sa Bayan,5,0.15,22.06,,ALL PROGRAMS 2027 municipality split,
all_programs_2027.xlsx,HVCDP,Isabela,3,San Guillermo,2027,High Value Crops,"Legumes, Spices, Vegetable, Bamboo",Production Support Services,Technical Support Services,Production Support Services,Gulayan sa Bayan,5,0.15,22.06,,ALL PROGRAMS 2027 municipality split,
all_programs_2027.xlsx,HVCDP,Isabela,3,San Isidro,2027,High Value Crops,"Legumes, Spices, Vegetable, Bamboo",Production Support Services,Technical Support Services,Production Support Services,Gulayan sa Bayan,5,0.15,22.06,,ALL PROGRAMS 2027 municipality split,
all_programs_2027.xlsx,HVCDP,Isabela,3,San Manuel,2027,High Value Crops,"Legumes, Spices, Vegetable, Bamboo",Production Support Services,Technical Support Services,Production Support Services,Gulayan sa Bayan,5,0.15,22.06,,ALL PROGRAMS 2027 municipality split,
all_programs_2027.xlsx,HVCDP,Isabela,3,San Mariano,2027,High Value Crops,"Legumes, Spices, Vegetable, Bamboo",Production Support Services,Technical Support Services,Production Support Services,Gulayan sa Bayan,5,0.15,22.06,,ALL PROGRAMS 2027 municipality split,
all_programs_2027.xlsx,HVCDP,Isabela,3,San Mateo,2027,High Value Crops,"Legumes, Spices, Vegetable, Bamboo",Production Support Services,Technical Support Services,Production Support Services,Gulayan sa Bayan,5,0.15,22.06,,ALL PROGRAMS 2027 municipality split,
all_programs_2027.xlsx,HVCDP,Isabela,3,San Pablo,2027,High Value Crops,"Legumes, Spices, Vegetable, Bamboo",Production Support Services,Technical Support Services,Production Support Services,Gulayan sa Bayan,5,0.15,22.06,,ALL PROGRAMS 2027 municipality split,
all_programs_2027.xlsx,HVCDP,Isabela,3,Santa Maria,2027,High Value Crops,"Legumes, Spices, Vegetable, Bamboo",Production Support Services,Technical Support Services,Production Support Services,Gulayan sa Bayan,5,0.15,22.06,,ALL PROGRAMS 2027 municipality split,
all_programs_2027.xlsx,HVCDP,Isabela,3,Santo Tomas,2027,High Value Crops,"Legumes, Spices, Vegetable, Bamboo",Production Support Services,Technical Support Services,Production Support Services,Gulayan sa Bayan,5,0.15,22.06,,ALL PROGRAMS 2027 municipality split,
all_programs_2027.xlsx,HVCDP,Isabela,3,Tumauini,2027,High Value Crops,"Legumes, Spices, Vegetable, Bamboo",Production Support Services,Technical Support Services,Production Support Services,Gulayan sa Bayan,5,0.15,22.06,,ALL PROGRAMS 2027 municipality split,
all_programs_2027.xlsx,HVCDP,Isabela,4,Alicia,2027,High Value Crops,"Legumes, Spices, Vegetable, Bamboo",Production Support Services,Technical Support Services,Production Support Services,Gulayan sa Bayan,4,0.12,17.65,,ALL PROGRAMS 2027 municipality split,
all_programs_2027.xlsx,HVCDP,Isabela,4,Angadanan,2027,High Value Crops,"Legumes, Spices, Vegetable, Bamboo",Production Support Services,Technical Support Services,Production Support Services,Gulayan sa Bayan,4,0.12,17.65,,ALL PROGRAMS 2027 municipality split,
all_programs_2027.xlsx,HVCDP,Isabela,4,Aurora,2027,High Value Crops,"Legumes, Spices, Vegetable, Bamboo",Production Support Services,Technical Support Services,Production Support Services,Gulayan sa Bayan,4,0.12,17.65,,ALL PROGRAMS 2027 municipality split,
all_programs_2027.xlsx,HVCDP,Isabela,4,Benito Soliven,2027,High Value Crops,"Legumes, Spices, Vegetable, Bamboo",Production Support Services,Technical Support Services,Production Support Services,Gulayan sa Bayan,4,0.12,17.65,,ALL PROGRAMS 2027 municipality split,
all_programs_2027.xlsx,HVCDP,Isabela,4,Burgos,2027,High Value Crops,"Legumes, Spices, Vegetable, Bamboo",Production Support Services,Technical Support Services,Production Support Services,Gulayan sa Bayan,4,0.12,17.65,,ALL PROGRAMS 2027 municipality split,
all_programs_2027.xlsx,HVCDP,Isabela,4,Cabagan,2027,High Value Crops,"Legumes, Spices, Vegetable, Bamboo",Production Support Services,Technical Support Services,Production Support Services,Gulayan sa Bayan,4,0.12,17.65,,ALL PROGRAMS 2027 municipality split,
all_programs_2027.xlsx,HVCDP,Isabela,4,Cabatuan,2027,High Value Crops,"Legumes, Spices, Vegetable, Bamboo",Production Support Services,Technical Support Services,Production Support Services,Gulayan sa Bayan,4,0.12,17.65,,ALL PROGRAMS 2027 municipality split,
all_programs_2027.xlsx,HVCDP,Isabela,4,Cordon,2027,High Value Crops,"Legumes, Spices, Vegetable, Bamboo",Production Support Services,Technical Support Services,Production Support Services,Gulayan sa Bayan,4,0.12,17.65,,ALL PROGRAMS 2027 municipality split,
all_programs_2027.xlsx,HVCDP,Isabela,4,Delfin Albano (Magsaysay),2027,High Value Crops,"Legumes, Spices, Vegetable, Bamboo",Production Support Services,Technical Support Services,Production Support Services,Gulayan sa Bayan,4,0.12,17.65,,ALL PROGRAMS 2027 municipality split,
all_programs_2027.xlsx,HVCDP,Isabela,4,Dinapigue,2027,High Value Crops,"Legumes, Spices, Vegetable, Bamboo",Production Support Services,Technical Support Services,Production Support Services,Gulayan sa Bayan,4,0.12,17.65,,ALL PROGRAMS 2027 municipality split,
all_programs_2027.xlsx,HVCDP,Isabela,4,Divilacan,2027,High Value Crops,"Legumes, Spices, Vegetable, Bamboo",Production Support Services,Technical Support Services,Production Support Services,Gulayan sa Bayan,4,0.12,17.65,,ALL PROGRAMS 2027 municipality split,
all_programs_2027.xlsx,HVCDP,Isabela,4,Echague,2027,High Value Crops,"Legumes, Spices, Vegetable, Bamboo",Production Support Services,Technical Support Services,Production Support Services,Gulayan sa Bayan,4,0.12,17.65,,ALL PROGRAMS 2027 municipality split,
all_programs_2027.xlsx,HVCDP,Isabela,4,Gamu,2027,High Value Crops,"Legumes, Spices, Vegetable, Bamboo",Production Support Services,Technical Support Services,Production Support Services,Gulayan sa Bayan,4,0.12,17.65,,ALL PROGRAMS 2027 municipality split,
all_programs_2027.xlsx,HVCDP,Isabela,4,Jones,2027,High Value Crops,"Legumes, Spices, Vegetable, Bamboo",Production Support Services,Technical Support Services,Production Support Services,Gulayan sa Bayan,4,0.12,17.65,,ALL PROGRAMS 2027 municipality split,
all_programs_2027.xlsx,HVCDP,Isabela,4,Luna,2027,High Value Crops,"Legumes, Spices, Vegetable, Bamboo",Production Support Services,Technical Support Services,Production Support Services,Gulayan sa Bayan,4,0.12,17.65,,ALL PROGRAMS 2027 municipality split,
all_programs_2027.xlsx,HVCDP,Isabela,4,Maconacon,2027,High Value Crops,"Legumes, Spices, Vegetable, Bamboo",Production Support Services,Technical Support Services,Production Support Services,Gulayan sa Bayan,4,0.12,17.65,,ALL PROGRAMS 2027 municipality split,
all_programs_2027.xlsx,HVCDP,Isabela,4,Mallig,2027,High Value Crops,"Legumes, Spices, Vegetable, Bamboo",Production Support Services,Technical Support Services,Production Support Services,Gulayan sa Bayan,4,0.12,17.65,,ALL PROGRAMS 2027 municipality split,
all_programs_2027.xlsx,HVCDP,Isabela,4,Naguilian,2027,High Value Crops,"Legumes, Spices, Vegetable, Bamboo",Production Support Services,Technical Support Services,Production Support Services,Gulayan sa Bayan,4,0.12,17.65,,ALL PROGRAMS 2027 municipality split,
all_programs_2027.xlsx,HVCDP,Isabela,4,Palanan,2027,High Value Crops,"Legumes, Spices, Vegetable, Bamboo",Production Support Services,Technical Support Services,Production Support Services,Gulayan sa Bayan,4,0.12,17.65,,ALL PROGRAMS 2027 municipality split,
all_programs_2027.xlsx,HVCDP,Isabela,4,Quezon,2027,High Value Crops,"Legumes, Spices, Vegetable, Bamboo",Production Support Services,Technical Support Services,Production Support Services,Gulayan sa Bayan,4,0.12,17.65,,ALL PROGRAMS 2027 municipality split,
all_programs_2027.xlsx,HVCDP,Isabela,4,Quirino,2027,High Value Crops,"Legumes, Spices, Vegetable, Bamboo",Production Support Services,Technical Support Services,Production Support Services,Gulayan sa Bayan,4,0.12,17.65,,ALL PROGRAMS 2027 municipality split,
all_programs_2027.xlsx,HVCDP,Isabela,4,Ramon,2027,High Value Crops,"Legumes, Spices, Vegetable, Bamboo",Production Support Services,Technical Support Services,Production Support Services,Gulayan sa Bayan,4,0.12,17.65,,ALL PROGRAMS 2027 municipality split,
all_programs_2027.xlsx,HVCDP,Isabela,4,Reina Mercedes,2027,High Value Crops,"Legumes, Spices, Vegetable, Bamboo",Production Support Services,Technical Support Services,Production Support Services,Gulayan sa Bayan,4,0.12,17.65,,ALL PROGRAMS 2027 municipality split,
all_programs_2027.xlsx,HVCDP,Isabela,4,Roxas,2027,High Value Crops,"Legumes, Spices, Vegetable, Bamboo",Production Support Services,Technical Support Services,Production Support Services,Gulayan sa Bayan,4,0.12,17.65,,ALL PROGRAMS 2027 municipality split,
all_programs_2027.xlsx,HVCDP,Isabela,4,San Agustin,2027,High Value Crops,"Legumes, Spices, Vegetable, Bamboo",Production Support Services,Technical Support Services,Production Support Services,Gulayan sa Bayan,4,0.12,17.65,,ALL PROGRAMS 2027 municipality split,
all_programs_2027.xlsx,HVCDP,Isabela,4,San Guillermo,2027,High Value Crops,"Legumes, Spices, Vegetable, Bamboo",Production Support Services,Technical Support Services,Production Support Services,Gulayan sa Bayan,4,0.12,17.65,,ALL PROGRAMS 2027 municipality split,
all_programs_2027.xlsx,HVCDP,Isabela,4,San Isidro,2027,High Value Crops,"Legumes, Spices, Vegetable, Bamboo",Production Support Services,Technical Support Services,Production Support Services,Gulayan sa Bayan,4,0.12,17.65,,ALL PROGRAMS 2027 municipality split,
all_programs_2027.xlsx,HVCDP,Isabela,4,San Manuel,2027,High Value Crops,"Legumes, Spices, Vegetable, Bamboo",Production Support Services,Technical Support Services,Production Support Services,Gulayan sa Bayan,4,0.12,17.65,,ALL PROGRAMS 2027 municipality split,
all_programs_2027.xlsx,HVCDP,Isabela,4,San Mariano,2027,High Value Crops,"Legumes, Spices, Vegetable, Bamboo",Production Support Services,Technical Support Services,Production Support Services,Gulayan sa Bayan,4,0.12,17.65,,ALL PROGRAMS 2027 municipality split,
all_programs_2027.xlsx,HVCDP,Isabela,4,San Mateo,2027,High Value Crops,"Legumes, Spices, Vegetable, Bamboo",Production Support Services,Technical Support Services,Production Support Services,Gulayan sa Bayan,4,0.12,17.65,,ALL PROGRAMS 2027 municipality split,
all_programs_2027.xlsx,HVCDP,Isabela,4,San Pablo,2027,High Value Crops,"Legumes, Spices, Vegetable, Bamboo",Production Support Services,Technical Support Services,Production Support Services,Gulayan sa Bayan,4,0.12,17.65,,ALL PROGRAMS 2027 municipality split,
all_programs_2027.xlsx,HVCDP,Isabela,4,Santa Maria,2027,High Value Crops,"Legumes, Spices, Vegetable, Bamboo",Production Support Services,Technical Support Services,Production Support Services,Gulayan sa Bayan,4,0.12,17.65,,ALL PROGRAMS 2027 municipality split,
all_programs_2027.xlsx,HVCDP,Isabela,4,Santo Tomas,2027,High Value Crops,"Legumes, Spices, Vegetable, Bamboo",Production Support Services,Technical Support Services,Production Support Services,Gulayan sa Bayan,4,0.12,17.65,,ALL PROGRAMS 2027 municipality split,
all_programs_2027.xlsx,HVCDP,Isabela,4,Tumauini,2027,High Value Crops,"Legumes, Spices, Vegetable, Bamboo",Production Support Services,Technical Support Services,Production Support Services,Gulayan sa Bayan,4,0.12,17.65,,ALL PROGRAMS 2027 municipality split,
all_programs_2027.xlsx,HVCDP,Isabela,5,Alicia,2027,High Value Crops,"Legumes, Spices, Vegetable, Bamboo",Production Support Services,Technical Support Services,Production Support Services,Gulayan sa Bayan,8,0.24,35.29,,ALL PROGRAMS 2027 municipality split,
all_programs_2027.xlsx,HVCDP,Isabela,5,Angadanan,2027,High Value Crops,"Legumes, Spices, Vegetable, Bamboo",Production Support Services,Technical Support Services,Production Support Services,Gulayan sa Bayan,8,0.24,35.29,,ALL PROGRAMS 2027 municipality split,
all_programs_2027.xlsx,HVCDP,Isabela,5,Aurora,2027,High Value Crops,"Legumes, Spices, Vegetable, Bamboo",Production Support Services,Technical Support Services,Production Support Services,Gulayan sa Bayan,8,0.24,35.29,,ALL PROGRAMS 2027 municipality split,
all_programs_2027.xlsx,HVCDP,Isabela,5,Benito Soliven,2027,High Value Crops,"Legumes, Spices, Vegetable, Bamboo",Production Support Services,Technical Support Services,Production Support Services,Gulayan sa Bayan,8,0.24,35.29,,ALL PROGRAMS 2027 municipality split,
all_programs_2027.xlsx,HVCDP,Isabela,5,Burgos,2027,High Value Crops,"Legumes, Spices, Vegetable, Bamboo",Production Support Services,Technical Support Services,Production Support Services,Gulayan sa Bayan,8,0.24,35.29,,ALL PROGRAMS 2027 municipality split,
all_programs_2027.xlsx,HVCDP,Isabela,5,Cabagan,2027,High Value Crops,"Legumes, Spices, Vegetable, Bamboo",Production Support Services,Technical Support Services,Production Support Services,Gulayan sa Bayan,8,0.24,35.29,,ALL PROGRAMS 2027 municipality split,
all_programs_2027.xlsx,HVCDP,Isabela,5,Cabatuan,2027,High Value Crops,"Legumes, Spices, Vegetable, Bamboo",Production Support Services,Technical Support Services,Production Support Services,Gulayan sa Bayan,8,0.24,35.29,,ALL PROGRAMS 2027 municipality split,
all_programs_2027.xlsx,HVCDP,Isabela,5,Cordon,2027,High Value Crops,"Legumes, Spices, Vegetable, Bamboo",Production Support Services,Technical Support Services,Production Support Services,Gulayan sa Bayan,8,0.24,35.29,,ALL PROGRAMS 2027 municipality split,
all_programs_2027.xlsx,HVCDP,Isabela,5,Delfin Albano (Magsaysay),2027,High Value Crops,"Legumes, Spices, Vegetable, Bamboo",Production Support Services,Technical Support Services,Production Support Services,Gulayan sa Bayan,8,0.24,35.29,,ALL PROGRAMS 2027 municipality split,
all_programs_2027.xlsx,HVCDP,Isabela,5,Dinapigue,2027,High Value Crops,"Legumes, Spices, Vegetable, Bamboo",Production Support Services,Technical Support Services,Production Support Services,Gulayan sa Bayan,8,0.24,35.29,,ALL PROGRAMS 2027 municipality split,
all_programs_2027.xlsx,HVCDP,Isabela,5,Divilacan,2027,High Value Crops,"Legumes, Spices, Vegetable, Bamboo",Production Support Services,Technical Support Services,Production Support Services,Gulayan sa Bayan,8,0.24,35.29,,ALL PROGRAMS 2027 municipality split,
all_programs_2027.xlsx,HVCDP,Isabela,5,Echague,2027,High Value Crops,"Legumes, Spices, Vegetable, Bamboo",Production Support Services,Technical Support Services,Production Support Services,Gulayan sa Bayan,8,0.24,35.29,,ALL PROGRAMS 2027 municipality split,
all_programs_2027.xlsx,HVCDP,Isabela,5,Gamu,2027,High Value Crops,"Legumes, Spices, Vegetable, Bamboo",Production Support Services,Technical Support Services,Production Support Services,Gulayan sa Bayan,8,0.24,35.29,,ALL PROGRAMS 2027 municipality split,
all_programs_2027.xlsx,HVCDP,Isabela,5,Jones,2027,High Value Crops,"Legumes, Spices, Vegetable, Bamboo",Production Support Services,Technical Support Services,Production Support Services,Gulayan sa Bayan,8,0.24,35.29,,ALL PROGRAMS 2027 municipality split,
all_programs_2027.xlsx,HVCDP,Isabela,5,Luna,2027,High Value Crops,"Legumes, Spices, Vegetable, Bamboo",Production Support Services,Technical Support Services,Production Support Services,Gulayan sa Bayan,8,0.24,35.29,,ALL PROGRAMS 2027 municipality split,
all_programs_2027.xlsx,HVCDP,Isabela,5,Maconacon,2027,High Value Crops,"Legumes, Spices, Vegetable, Bamboo",Production Support Services,Technical Support Services,Production Support Services,Gulayan sa Bayan,8,0.24,35.29,,ALL PROGRAMS 2027 municipality split,
all_programs_2027.xlsx,HVCDP,Isabela,5,Mallig,2027,High Value Crops,"Legumes, Spices, Vegetable, Bamboo",Production Support Services,Technical Support Services,Production Support Services,Gulayan sa Bayan,8,0.24,35.29,,ALL PROGRAMS 2027 municipality split,
all_programs_2027.xlsx,HVCDP,Isabela,5,Naguilian,2027,High Value Crops,"Legumes, Spices, Vegetable, Bamboo",Production Support Services,Technical Support Services,Production Support Services,Gulayan sa Bayan,8,0.24,35.29,,ALL PROGRAMS 2027 municipality split,
all_programs_2027.xlsx,HVCDP,Isabela,5,Palanan,2027,High Value Crops,"Legumes, Spices, Vegetable, Bamboo",Production Support Services,Technical Support Services,Production Support Services,Gulayan sa Bayan,8,0.24,35.29,,ALL PROGRAMS 2027 municipality split,
all_programs_2027.xlsx,HVCDP,Isabela,5,Quezon,2027,High Value Crops,"Legumes, Spices, Vegetable, Bamboo",Production Support Services,Technical Support Services,Production Support Services,Gulayan sa Bayan,8,0.24,35.29,,ALL PROGRAMS 2027 municipality split,
all_programs_2027.xlsx,HVCDP,Isabela,5,Quirino,2027,High Value Crops,"Legumes, Spices, Vegetable, Bamboo",Production Support Services,Technical Support Services,Production Support Services,Gulayan sa Bayan,8,0.24,35.29,,ALL PROGRAMS 2027 municipality split,
all_programs_2027.xlsx,HVCDP,Isabela,5,Ramon,2027,High Value Crops,"Legumes, Spices, Vegetable, Bamboo",Production Support Services,Technical Support Services,Production Support Services,Gulayan sa Bayan,8,0.24,35.29,,ALL PROGRAMS 2027 municipality split,
all_programs_2027.xlsx,HVCDP,Isabela,5,Reina Mercedes,2027,High Value Crops,"Legumes, Spices, Vegetable, Bamboo",Production Support Services,Technical Support Services,Production Support Services,Gulayan sa Bayan,8,0.24,35.29,,ALL PROGRAMS 2027 municipality split,
all_programs_2027.xlsx,HVCDP,Isabela,5,Roxas,2027,High Value Crops,"Legumes, Spices, Vegetable, Bamboo",Production Support Services,Technical Support Services,Production Support Services,Gulayan sa Bayan,8,0.24,35.29,,ALL PROGRAMS 2027 municipality split,
all_programs_2027.xlsx,HVCDP,Isabela,5,San Agustin,2027,High Value Crops,"Legumes, Spices, Vegetable, Bamboo",Production Support Services,Technical Support Services,Production Support Services,Gulayan sa Bayan,8,0.24,35.29,,ALL PROGRAMS 2027 municipality split,
all_programs_2027.xlsx,HVCDP,Isabela,5,San Guillermo,2027,High Value Crops,"Legumes, Spices, Vegetable, Bamboo",Production Support Services,Technical Support Services,Production Support Services,Gulayan sa Bayan,8,0.24,35.29,,ALL PROGRAMS 2027 municipality split,
all_programs_2027.xlsx,HVCDP,Isabela,5,San Isidro,2027,High Value Crops,"Legumes, Spices, Vegetable, Bamboo",Production Support Services,Technical Support Services,Production Support Services,Gulayan sa Bayan,8,0.24,35.29,,ALL PROGRAMS 2027 municipality split,
all_programs_2027.xlsx,HVCDP,Isabela,5,San Manuel,2027,High Value Crops,"Legumes, Spices, Vegetable, Bamboo",Production Support Services,Technical Support Services,Production Support Services,Gulayan sa Bayan,8,0.24,35.29,,ALL PROGRAMS 2027 municipality split,
all_programs_2027.xlsx,HVCDP,Isabela,5,San Mariano,2027,High Value Crops,"Legumes, Spices, Vegetable, Bamboo",Production Support Services,Technical Support Services,Production Support Services,Gulayan sa Bayan,8,0.24,35.29,,ALL PROGRAMS 2027 municipality split,
all_programs_2027.xlsx,HVCDP,Isabela,5,San Mateo,2027,High Value Crops,"Legumes, Spices, Vegetable, Bamboo",Production Support Services,Technical Support Services,Production Support Services,Gulayan sa Bayan,8,0.24,35.29,,ALL PROGRAMS 2027 municipality split,
all_programs_2027.xlsx,HVCDP,Isabela,5,San Pablo,2027,High Value Crops,"Legumes, Spices, Vegetable, Bamboo",Production Support Services,Technical Support Services,Production Support Services,Gulayan sa Bayan,8,0.24,35.29,,ALL PROGRAMS 2027 municipality split,
all_programs_2027.xlsx,HVCDP,Isabela,5,Santa Maria,2027,High Value Crops,"Legumes, Spices, Vegetable, Bamboo",Production Support Services,Technical Support Services,Production Support Services,Gulayan sa Bayan,8,0.24,35.29,,ALL PROGRAMS 2027 municipality split,
all_programs_2027.xlsx,HVCDP,Isabela,5,Santo Tomas,2027,High Value Crops,"Legumes, Spices, Vegetable, Bamboo",Production Support Services,Technical Support Services,Production Support Services,Gulayan sa Bayan,8,0.24,35.29,,ALL PROGRAMS 2027 municipality split,
all_programs_2027.xlsx,HVCDP,Isabela,5,Tumauini,2027,High Value Crops,"Legumes, Spices, Vegetable, Bamboo",Production Support Services,Technical Support Services,Production Support Services,Gulayan sa Bayan,8,0.24,35.29,,ALL PROGRAMS 2027 municipality split,
all_programs_2027.xlsx,HVCDP,Isabela,6,Alicia,2027,High Value Crops,"Legumes, Spices, Vegetable, Bamboo",Production Support Services,Technical Support Services,Production Support Services,Gulayan sa Bayan,3,0.09,13.24,,ALL PROGRAMS 2027 municipality split,
all_programs_2027.xlsx,HVCDP,Isabela,6,Angadanan,2027,High Value Crops,"Legumes, Spices, Vegetable, Bamboo",Production Support Services,Technical Support Services,Production Support Services,Gulayan sa Bayan,3,0.09,13.24,,ALL PROGRAMS 2027 municipality split,
all_programs_2027.xlsx,HVCDP,Isabela,6,Aurora,2027,High Value Crops,"Legumes, Spices, Vegetable, Bamboo",Production Support Services,Technical Support Services,Production Support Services,Gulayan sa Bayan,3,0.09,13.24,,ALL PROGRAMS 2027 municipality split,
all_programs_2027.xlsx,HVCDP,Isabela,6,Benito Soliven,2027,High Value Crops,"Legumes, Spices, Vegetable, Bamboo",Production Support Services,Technical Support Services,Production Support Services,Gulayan sa Bayan,3,0.09,13.24,,ALL PROGRAMS 2027 municipality split,
all_programs_2027.xlsx,HVCDP,Isabela,6,Burgos,2027,High Value Crops,"Legumes, Spices, Vegetable, Bamboo",Production Support Services,Technical Support Services,Production Support Services,Gulayan sa Bayan,3,0.09,13.24,,ALL PROGRAMS 2027 municipality split,
all_programs_2027.xlsx,HVCDP,Isabela,6,Cabagan,2027,High Value Crops,"Legumes, Spices, Vegetable, Bamboo",Production Support Services,Technical Support Services,Production Support Services,Gulayan sa Bayan,3,0.09,13.24,,ALL PROGRAMS 2027 municipality split,
all_programs_2027.xlsx,HVCDP,Isabela,6,Cabatuan,2027,High Value Crops,"Legumes, Spices, Vegetable, Bamboo",Production Support Services,Technical Support Services,Production Support Services,Gulayan sa Bayan,3,0.09,13.24,,ALL PROGRAMS 2027 municipality split,
all_programs_2027.xlsx,HVCDP,Isabela,6,Cordon,2027,High Value Crops,"Legumes, Spices, Vegetable, Bamboo",Production Support Services,Technical Support Services,Production Support Services,Gulayan sa Bayan,3,0.09,13.24,,ALL PROGRAMS 2027 municipality split,
all_programs_2027.xlsx,HVCDP,Isabela,6,Delfin Albano (Magsaysay),2027,High Value Crops,"Legumes, Spices, Vegetable, Bamboo",Production Support Services,Technical Support Services,Production Support Services,Gulayan sa Bayan,3,0.09,13.24,,ALL PROGRAMS 2027 municipality split,
all_programs_2027.xlsx,HVCDP,Isabela,6,Dinapigue,2027,High Value Crops,"Legumes, Spices, Vegetable, Bamboo",Production Support Services,Technical Support Services,Production Support Services,Gulayan sa Bayan,3,0.09,13.24,,ALL PROGRAMS 2027 municipality split,
all_programs_2027.xlsx,HVCDP,Isabela,6,Divilacan,2027,High Value Crops,"Legumes, Spices, Vegetable, Bamboo",Production Support Services,Technical Support Services,Production Support Services,Gulayan sa Bayan,3,0.09,13.24,,ALL PROGRAMS 2027 municipality split,
all_programs_2027.xlsx,HVCDP,Isabela,6,Echague,2027,High Value Crops,"Legumes, Spices, Vegetable, Bamboo",Production Support Services,Technical Support Services,Production Support Services,Gulayan sa Bayan,3,0.09,13.24,,ALL PROGRAMS 2027 municipality split,
all_programs_2027.xlsx,HVCDP,Isabela,6,Gamu,2027,High Value Crops,"Legumes, Spices, Vegetable, Bamboo",Production Support Services,Technical Support Services,Production Support Services,Gulayan sa Bayan,3,0.09,13.24,,ALL PROGRAMS 2027 municipality split,
all_programs_2027.xlsx,HVCDP,Isabela,6,Jones,2027,High Value Crops,"Legumes, Spices, Vegetable, Bamboo",Production Support Services,Technical Support Services,Production Support Services,Gulayan sa Bayan,3,0.09,13.24,,ALL PROGRAMS 2027 municipality split,
all_programs_2027.xlsx,HVCDP,Isabela,6,Luna,2027,High Value Crops,"Legumes, Spices, Vegetable, Bamboo",Production Support Services,Technical Support Services,Production Support Services,Gulayan sa Bayan,3,0.09,13.24,,ALL PROGRAMS 2027 municipality split,
all_programs_2027.xlsx,HVCDP,Isabela,6,Maconacon,2027,High Value Crops,"Legumes, Spices, Vegetable, Bamboo",Production Support Services,Technical Support Services,Production Support Services,Gulayan sa Bayan,3,0.09,13.24,,ALL PROGRAMS 2027 municipality split,
all_programs_2027.xlsx,HVCDP,Isabela,6,Mallig,2027,High Value Crops,"Legumes, Spices, Vegetable, Bamboo",Production Support Services,Technical Support Services,Production Support Services,Gulayan sa Bayan,3,0.09,13.24,,ALL PROGRAMS 2027 municipality split,
all_programs_2027.xlsx,HVCDP,Isabela,6,Naguilian,2027,High Value Crops,"Legumes, Spices, Vegetable, Bamboo",Production Support Services,Technical Support Services,Production Support Services,Gulayan sa Bayan,3,0.09,13.24,,ALL PROGRAMS 2027 municipality split,
all_programs_2027.xlsx,HVCDP,Isabela,6,Palanan,2027,High Value Crops,"Legumes, Spices, Vegetable, Bamboo",Production Support Services,Technical Support Services,Production Support Services,Gulayan sa Bayan,3,0.09,13.24,,ALL PROGRAMS 2027 municipality split,
all_programs_2027.xlsx,HVCDP,Isabela,6,Quezon,2027,High Value Crops,"Legumes, Spices, Vegetable, Bamboo",Production Support Services,Technical Support Services,Production Support Services,Gulayan sa Bayan,3,0.09,13.24,,ALL PROGRAMS 2027 municipality split,
all_programs_2027.xlsx,HVCDP,Isabela,6,Quirino,2027,High Value Crops,"Legumes, Spices, Vegetable, Bamboo",Production Support Services,Technical Support Services,Production Support Services,Gulayan sa Bayan,3,0.09,13.24,,ALL PROGRAMS 2027 municipality split,
all_programs_2027.xlsx,HVCDP,Isabela,6,Ramon,2027,High Value Crops,"Legumes, Spices, Vegetable, Bamboo",Production Support Services,Technical Support Services,Production Support Services,Gulayan sa Bayan,3,0.09,13.24,,ALL PROGRAMS 2027 municipality split,
all_programs_2027.xlsx,HVCDP,Isabela,6,Reina Mercedes,2027,High Value Crops,"Legumes, Spices, Vegetable, Bamboo",Production Support Services,Technical Support Services,Production Support Services,Gulayan sa Bayan,3,0.09,13.24,,ALL PROGRAMS 2027 municipality split,
all_programs_2027.xlsx,HVCDP,Isabela,6,Roxas,2027,High Value Crops,"Legumes, Spices, Vegetable, Bamboo",Production Support Services,Technical Support Services,Production Support Services,Gulayan sa Bayan,3,0.09,13.24,,ALL PROGRAMS 2027 municipality split,
all_programs_2027.xlsx,HVCDP,Isabela,6,San Agustin,2027,High Value Crops,"Legumes, Spices, Vegetable, Bamboo",Production Support Services,Technical Support Services,Production Support Services,Gulayan sa Bayan,3,0.09,13.24,,ALL PROGRAMS 2027 municipality split,
all_programs_2027.xlsx,HVCDP,Isabela,6,San Guillermo,2027,High Value Crops,"Legumes, Spices, Vegetable, Bamboo",Production Support Services,Technical Support Services,Production Support Services,Gulayan sa Bayan,3,0.09,13.24,,ALL PROGRAMS 2027 municipality split,
all_programs_2027.xlsx,HVCDP,Isabela,6,San Isidro,2027,High Value Crops,"Legumes, Spices, Vegetable, Bamboo",Production Support Services,Technical Support Services,Production Support Services,Gulayan sa Bayan,3,0.09,13.24,,ALL PROGRAMS 2027 municipality split,
all_programs_2027.xlsx,HVCDP,Isabela,6,San Manuel,2027,High Value Crops,"Legumes, Spices, Vegetable, Bamboo",Production Support Services,Technical Support Services,Production Support Services,Gulayan sa Bayan,3,0.09,13.24,,ALL PROGRAMS 2027 municipality split,
all_programs_2027.xlsx,HVCDP,Isabela,6,San Mariano,2027,High Value Crops,"Legumes, Spices, Vegetable, Bamboo",Production Support Services,Technical Support Services,Production Support Services,Gulayan sa Bayan,3,0.09,13.24,,ALL PROGRAMS 2027 municipality split,
all_programs_2027.xlsx,HVCDP,Isabela,6,San Mateo,2027,High Value Crops,"Legumes, Spices, Vegetable, Bamboo",Production Support Services,Technical Support Services,Production Support Services,Gulayan sa Bayan,3,0.09,13.24,,ALL PROGRAMS 2027 municipality split,
all_programs_2027.xlsx,HVCDP,Isabela,6,San Pablo,2027,High Value Crops,"Legumes, Spices, Vegetable, Bamboo",Production Support Services,Technical Support Services,Production Support Services,Gulayan sa Bayan,3,0.09,13.24,,ALL PROGRAMS 2027 municipality split,
all_programs_2027.xlsx,HVCDP,Isabela,6,Santa Maria,2027,High Value Crops,"Legumes, Spices, Vegetable, Bamboo",Production Support Services,Technical Support Services,Production Support Services,Gulayan sa Bayan,3,0.09,13.24,,ALL PROGRAMS 2027 municipality split,
all_programs_2027.xlsx,HVCDP,Isabela,6,Santo Tomas,2027,High Value Crops,"Legumes, Spices, Vegetable, Bamboo",Production Support Services,Technical Support Services,Production Support Services,Gulayan sa Bayan,3,0.09,13.24,,ALL PROGRAMS 2027 municipality split,
all_programs_2027.xlsx,HVCDP,Isabela,6,Tumauini,2027,High Value Crops,"Legumes, Spices, Vegetable, Bamboo",Production Support Services,Technical Support Services,Production Support Services,Gulayan sa Bayan,3,0.09,13.24,,ALL PROGRAMS 2027 municipality split,
all_programs_2027.xlsx,HVCDP,Nueva Vizcaya,1,Alfonso Castaneda,2027,High Value Crops,"Legumes, Spices, Vegetable, Bamboo",Production Support Services,Technical Support Services,Production Support Services,Gulayan sa Bayan,15,1.00,150.00,,ALL PROGRAMS 2027 municipality split,
all_programs_2027.xlsx,HVCDP,Nueva Vizcaya,1,Ambaguio,2027,High Value Crops,"Legumes, Spices, Vegetable, Bamboo",Production Support Services,Technical Support Services,Production Support Services,Gulayan sa Bayan,15,1.00,150.00,,ALL PROGRAMS 2027 municipality split,
all_programs_2027.xlsx,HVCDP,Nueva Vizcaya,1,Aritao,2027,High Value Crops,"Legumes, Spices, Vegetable, Bamboo",Production Support Services,Technical Support Services,Production Support Services,Gulayan sa Bayan,15,1.00,150.00,,ALL PROGRAMS 2027 municipality split,
all_programs_2027.xlsx,HVCDP,Nueva Vizcaya,1,Bagabag,2027,High Value Crops,"Legumes, Spices, Vegetable, Bamboo",Production Support Services,Technical Support Services,Production Support Services,Gulayan sa Bayan,15,1.00,150.00,,ALL PROGRAMS 2027 municipality split,
all_programs_2027.xlsx,HVCDP,Nueva Vizcaya,1,Bambang,2027,High Value Crops,"Legumes, Spices, Vegetable, Bamboo",Production Support Services,Technical Support Services,Production Support Services,Gulayan sa Bayan,15,1.00,150.00,,ALL PROGRAMS 2027 municipality split,
all_programs_2027.xlsx,HVCDP,Nueva Vizcaya,1,Bayombong (Capital),2027,High Value Crops,"Legumes, Spices, Vegetable, Bamboo",Production Support Services,Technical Support Services,Production Support Services,Gulayan sa Bayan,15,1.00,150.00,,ALL PROGRAMS 2027 municipality split,
all_programs_2027.xlsx,HVCDP,Nueva Vizcaya,1,Diadi,2027,High Value Crops,"Legumes, Spices, Vegetable, Bamboo",Production Support Services,Technical Support Services,Production Support Services,Gulayan sa Bayan,15,1.00,150.00,,ALL PROGRAMS 2027 municipality split,
all_programs_2027.xlsx,HVCDP,Nueva Vizcaya,1,Dupax del Norte,2027,High Value Crops,"Legumes, Spices, Vegetable, Bamboo",Production Support Services,Technical Support Services,Production Support Services,Gulayan sa Bayan,15,1.00,150.00,,ALL PROGRAMS 2027 municipality split,
all_programs_2027.xlsx,HVCDP,Nueva Vizcaya,1,Dupax del Sur,2027,High Value Crops,"Legumes, Spices, Vegetable, Bamboo",Production Support Services,Technical Support Services,Production Support Services,Gulayan sa Bayan,15,1.00,150.00,,ALL PROGRAMS 2027 municipality split,
all_programs_2027.xlsx,HVCDP,Nueva Vizcaya,1,Kasibu,2027,High Value Crops,"Legumes, Spices, Vegetable, Bamboo",Production Support Services,Technical Support Services,Production Support Services,Gulayan sa Bayan,15,1.00,150.00,,ALL PROGRAMS 2027 municipality split,
all_programs_2027.xlsx,HVCDP,Nueva Vizcaya,1,Kayapa,2027,High Value Crops,"Legumes, Spices, Vegetable, Bamboo",Production Support Services,Technical Support Services,Production Support Services,Gulayan sa Bayan,15,1.00,150.00,,ALL PROGRAMS 2027 municipality split,
all_programs_2027.xlsx,HVCDP,Nueva Vizcaya,1,Quezon,2027,High Value Crops,"Legumes, Spices, Vegetable, Bamboo",Production Support Services,Technical Support Services,Production Support Services,Gulayan sa Bayan,15,1.00,150.00,,ALL PROGRAMS 2027 municipality split,
all_programs_2027.xlsx,HVCDP,Nueva Vizcaya,1,Santa Fe,2027,High Value Crops,"Legumes, Spices, Vegetable, Bamboo",Production Support Services,Technical Support Services,Production Support Services,Gulayan sa Bayan,15,1.00,150.00,,ALL PROGRAMS 2027 municipality split,
all_programs_2027.xlsx,HVCDP,Nueva Vizcaya,1,Solano,2027,High Value Crops,"Legumes, Spices, Vegetable, Bamboo",Production Support Services,Technical Support Services,Production Support Services,Gulayan sa Bayan,15,1.00,150.00,,ALL PROGRAMS 2027 municipality split,
all_programs_2027.xlsx,HVCDP,Nueva Vizcaya,1,Villaverde,2027,High Value Crops,"Legumes, Spices, Vegetable, Bamboo",Production Support Services,Technical Support Services,Production Support Services,Gulayan sa Bayan,15,1.00,150.00,,ALL PROGRAMS 2027 municipality split,
all_programs_2027.xlsx,HVCDP,Quirino,1,Aglipay,2027,High Value Crops,"Legumes, Spices, Vegetable, Bamboo",Production Support Services,Technical Support Services,Production Support Services,Gulayan sa Bayan,6,1.00,150.00,,ALL PROGRAMS 2027 municipality split,
all_programs_2027.xlsx,HVCDP,Quirino,1,Cabarroguis (Capital),2027,High Value Crops,"Legumes, Spices, Vegetable, Bamboo",Production Support Services,Technical Support Services,Production Support Services,Gulayan sa Bayan,6,1.00,150.00,,ALL PROGRAMS 2027 municipality split,
all_programs_2027.xlsx,HVCDP,Quirino,1,Diffun,2027,High Value Crops,"Legumes, Spices, Vegetable, Bamboo",Production Support Services,Technical Support Services,Production Support Services,Gulayan sa Bayan,6,1.00,150.00,,ALL PROGRAMS 2027 municipality split,
all_programs_2027.xlsx,HVCDP,Quirino,1,Maddela,2027,High Value Crops,"Legumes, Spices, Vegetable, Bamboo",Production Support Services,Technical Support Services,Production Support Services,Gulayan sa Bayan,6,1.00,150.00,,ALL PROGRAMS 2027 municipality split,
all_programs_2027.xlsx,HVCDP,Quirino,1,Nagtipunan,2027,High Value Crops,"Legumes, Spices, Vegetable, Bamboo",Production Support Services,Technical Support Services,Production Support Services,Gulayan sa Bayan,6,1.00,150.00,,ALL PROGRAMS 2027 municipality split,
all_programs_2027.xlsx,HVCDP,Quirino,1,Saguday,2027,High Value Crops,"Legumes, Spices, Vegetable, Bamboo",Production Support Services,Technical Support Services,Production Support Services,Gulayan sa Bayan,6,1.00,150.00,,ALL PROGRAMS 2027 municipality split,
all_programs_2027.xlsx,HVCDP,Nueva Vizcaya,1,Dupax del Sur,2027,High Value Crops,"Legumes, Spices, Vegetable, Bamboo",Production Support Services,Technical Support Services,Production Support Services,Highland Vegetable - Seeds,663.33,221.11,3316.67,,ALL PROGRAMS 2027 municipality split,
all_programs_2027.xlsx,HVCDP,Nueva Vizcaya,1,Kayapa,2027,High Value Crops,"Legumes, Spices, Vegetable, Bamboo",Production Support Services,Technical Support Services,Production Support Services,Highland Vegetable - Seeds,663.33,221.11,3316.67,,ALL PROGRAMS 2027 municipality split,
all_programs_2027.xlsx,HVCDP,Nueva Vizcaya,1,Santa Fe,2027,High Value Crops,"Legumes, Spices, Vegetable, Bamboo",Production Support Services,Technical Support Services,Production Support Services,Highland Vegetable - Seeds,663.33,221.11,3316.67,,ALL PROGRAMS 2027 municipality split,
all_programs_2027.xlsx,HVCDP,Nueva Vizcaya,1,Dupax del Sur,2027,High Value Crops,"Legumes, Spices, Vegetable, Bamboo",Production Support Services,Technical Support Services,Production Support Services,Organic Fertilizer,7200,2400.00,240.00,,ALL PROGRAMS 2027 municipality split,
all_programs_2027.xlsx,HVCDP,Nueva Vizcaya,1,Kayapa,2027,High Value Crops,"Legumes, Spices, Vegetable, Bamboo",Production Support Services,Technical Support Services,Production Support Services,Organic Fertilizer,7200,2400.00,240.00,,ALL PROGRAMS 2027 municipality split,
all_programs_2027.xlsx,HVCDP,Nueva Vizcaya,1,Santa Fe,2027,High Value Crops,"Legumes, Spices, Vegetable, Bamboo",Production Support Services,Technical Support Services,Production Support Services,Organic Fertilizer,7200,2400.00,240.00,,ALL PROGRAMS 2027 municipality split,
all_programs_2027.xlsx,HVCDP,Isabela,5,Roxas,2027,High Value Crops,"Legumes, Spices, Vegetable, Bamboo",Production Support Services,Technical Support Services,Production Support Services,Planting Materials,1000,1000.00,500.00,,ALL PROGRAMS 2027 municipality split,
all_programs_2027.xlsx,HVCDP,Nueva Vizcaya,1,Dupax del Sur,2027,High Value Crops,"Legumes, Spices, Vegetable, Bamboo",Production Support Services,Technical Support Services,Production Support Services,Planting Materials,1000,1000.00,500.00,,ALL PROGRAMS 2027 municipality split,
all_programs_2027.xlsx,HVCDP,Isabela,5,Roxas,2027,High Value Crops,"Legumes, Spices, Vegetable, Bamboo","Extension Support, Education and Training Services",Technical Support Services,"Extension Support, Education and Training Services",Specialized Training (Bamboo),1,1.00,150.00,,ALL PROGRAMS 2027 municipality split,
all_programs_2027.xlsx,HVCDP,Batanes,LONE,Basco (Capital),2027,High Value Crops,"Legumes, Spices, Vegetable, Bamboo","Extension Support, Education and Training Services",Technical Support Services,"Extension Support, Education and Training Services",HVC Assessment (1st Quarter),1,0.17,333.33,,ALL PROGRAMS 2027 municipality split,
all_programs_2027.xlsx,HVCDP,Batanes,LONE,Itbayat,2027,High Value Crops,"Legumes, Spices, Vegetable, Bamboo","Extension Support, Education and Training Services",Technical Support Services,"Extension Support, Education and Training Services",HVC Assessment (1st Quarter),1,0.17,333.33,,ALL PROGRAMS 2027 municipality split,
all_programs_2027.xlsx,HVCDP,Batanes,LONE,Ivana,2027,High Value Crops,"Legumes, Spices, Vegetable, Bamboo","Extension Support, Education and Training Services",Technical Support Services,"Extension Support, Education and Training Services",HVC Assessment (1st Quarter),1,0.17,333.33,,ALL PROGRAMS 2027 municipality split,
all_programs_2027.xlsx,HVCDP,Batanes,LONE,Mahatao,2027,High Value Crops,"Legumes, Spices, Vegetable, Bamboo","Extension Support, Education and Training Services",Technical Support Services,"Extension Support, Education and Training Services",HVC Assessment (1st Quarter),1,0.17,333.33,,ALL PROGRAMS 2027 municipality split,
all_programs_2027.xlsx,HVCDP,Batanes,LONE,Sabtang,2027,High Value Crops,"Legumes, Spices, Vegetable, Bamboo","Extension Support, Education and Training Services",Technical Support Services,"Extension Support, Education and Training Services",HVC Assessment (1st Quarter),1,0.17,333.33,,ALL PROGRAMS 2027 municipality split,
all_programs_2027.xlsx,HVCDP,Batanes,LONE,Uyugan,2027,High Value Crops,"Legumes, Spices, Vegetable, Bamboo","Extension Support, Education and Training Services",Technical Support Services,"Extension Support, Education and Training Services",HVC Assessment (1st Quarter),1,0.17,333.33,,ALL PROGRAMS 2027 municipality split,
all_programs_2027.xlsx,HVCDP,Isabela,5,Roxas,2027,High Value Crops,"Legumes, Spices, Vegetable, Bamboo",AMEFIP,Other Functions,AMEFIP,Screenhouse/Greenhouse,4,4.00,16000.00,,ALL PROGRAMS 2027 municipality split,- Enhancing productivity - Improving Food Security and Proper Nutrition
all_programs_2027.xlsx,HVCDP,Cagayan,2,Pamplona,2027,High Value Crops,"Legumes, Spices, Vegetable, Bamboo",AMEFIP,Other Functions,AMEFIP,Nursery,1,1.00,2000.00,,ALL PROGRAMS 2027 municipality split,- Enhancing productivity - Improving Food Security and Proper Nutrition
all_programs_2027.xlsx,HVCDP,Isabela,1,Tumauini,2027,High Value Crops,"Legumes, Spices, Vegetable, Bamboo",AMEFIP,Other Functions,AMEFIP,Mungbean Harvester,1,1.00,500.00,,ALL PROGRAMS 2027 municipality split,- Increasing Income for Farmers & Fisherfolk
all_programs_2027.xlsx,HVCDP,Isabela,1,Tumauini,2027,High Value Crops,"Legumes, Spices, Vegetable, Bamboo",AMEFIP,Other Functions,AMEFIP,Seed Sorter,1,1.00,1000.00,,ALL PROGRAMS 2027 municipality split,- Increasing Income for Farmers & Fisherfolk
all_programs_2027.xlsx,HVCDP,Nueva Vizcaya,1,Aritao,2027,High Value Crops,"Legumes, Spices, Vegetable, Bamboo",AMEFIP,Other Functions,AMEFIP,Packaging House Facility / Consolidation Shed,3,1.50,6750.00,,ALL PROGRAMS 2027 municipality split,- Improving Food Security and Proper Nutrition
all_programs_2027.xlsx,HVCDP,Nueva Vizcaya,1,Dupax del Sur,2027,High Value Crops,"Legumes, Spices, Vegetable, Bamboo",AMEFIP,Other Functions,AMEFIP,Packaging House Facility / Consolidation Shed,3,1.50,6750.00,,ALL PROGRAMS 2027 municipality split,- Improving Food Security and Proper Nutrition
all_programs_2027.xlsx,HVCDP,Cagayan,1,Lal-lo,2027,High Value Crops,"Legumes, Spices, Vegetable, Bamboo",AMEFIP,Other Functions,AMEFIP,ZECC,2,2.00,200.00,,ALL PROGRAMS 2027 municipality split,
all_programs_2027.xlsx,HVCDP,Isabela,5,Roxas,2027,High Value Crops,"Legumes, Spices, Vegetable, Bamboo",AMEFIP,Other Functions,AMEFIP,Vegetable / Onion Sorter Facility,1,1.00,6000.00,,ALL PROGRAMS 2027 municipality split,- Improving Food Security and Proper Nutrition
all_programs_2027.xlsx,HVCDP,Isabela,5,Quezon,2027,High Value Crops,"Legumes, Spices, Vegetable, Bamboo",AMEFIP,Other Functions,AMEFIP,Solar-Powered Irrigation System,2,1.00,1400.00,,ALL PROGRAMS 2027 municipality split,- Enhamcing Productivity - Improving Food Security and Proper Nutrition
all_programs_2027.xlsx,HVCDP,Isabela,5,Roxas,2027,High Value Crops,"Legumes, Spices, Vegetable, Bamboo",AMEFIP,Other Functions,AMEFIP,Solar-Powered Irrigation System,2,1.00,1400.00,,ALL PROGRAMS 2027 municipality split,- Enhamcing Productivity - Improving Food Security and Proper Nutrition
all_programs_2027.xlsx,HVCDP Export,Isabela,1,Tumauini,2027,High Value Crops,"UBE, DRAGON FRUIT, OKRA, BANANA","Extension Support, Education and Training Services",Technical Support Services,"Extension Support, Education and Training Services",Establishment of Dragon Fruit Demo Farm,1,1.00,1600.00,,ALL PROGRAMS 2027 municipality split,- Enhancing productivity - Improving Food Security and Proper Nutrition - Reduce Import Dependency
all_programs_2027.xlsx,HVCDP Export,Cagayan,1,Baggao,2027,High Value Crops,"UBE, DRAGON FRUIT, OKRA, BANANA","Extension Support, Education and Training Services",Technical Support Services,"Extension Support, Education and Training Services",Establishment of Ube Demo Farm,1,1.00,2000.00,,ALL PROGRAMS 2027 municipality split,- Enhancing productivity - Improving Food Security and Proper Nutrition - Reduce Import Dependency
all_programs_2027.xlsx,HVCDP Export,Isabela,5,Roxas,2027,High Value Crops,"UBE, DRAGON FRUIT, OKRA, BANANA","Extension Support, Education and Training Services",Technical Support Services,"Extension Support, Education and Training Services",Establishment of Okra Demo Farm,1,1.00,15000.00,,ALL PROGRAMS 2027 municipality split,- Enhancing productivity - Improving Food Security and Proper Nutrition - Reduce Import Dependency
all_programs_2027.xlsx,HVCDP Export,Cagayan,1,Pe?ablanca,2027,High Value Crops,"UBE, DRAGON FRUIT, OKRA, BANANA","Extension Support, Education and Training Services",Technical Support Services,"Extension Support, Education and Training Services",Establishment of Banana (Cardaba) Demo Farm,1,1.00,3750.00,,ALL PROGRAMS 2027 municipality split,- Enhancing productivity - Improving Food Security and Proper Nutrition - Reduce Import Dependency
all_programs_2027.xlsx,HVCDP Coffee,Nueva Vizcaya,LONE,Ambaguio,2027,High Value Crops,COFFEE,Production Support Services,Technical Support Services,Production Support Services,Provision of Organic Fertilizer,18460,3692.00,368.92,,ALL PROGRAMS 2027 municipality split,- Enhancing productivity - Reduce Import Dependency
all_programs_2027.xlsx,HVCDP Coffee,Nueva Vizcaya,LONE,Dupax del Sur,2027,High Value Crops,COFFEE,Production Support Services,Technical Support Services,Production Support Services,Provision of Organic Fertilizer,18460,3692.00,368.92,,ALL PROGRAMS 2027 municipality split,- Enhancing productivity - Reduce Import Dependency
all_programs_2027.xlsx,HVCDP Coffee,Nueva Vizcaya,LONE,Kasibu,2027,High Value Crops,COFFEE,Production Support Services,Technical Support Services,Production Support Services,Provision of Organic Fertilizer,18460,3692.00,368.92,,ALL PROGRAMS 2027 municipality split,- Enhancing productivity - Reduce Import Dependency
all_programs_2027.xlsx,HVCDP Coffee,Nueva Vizcaya,LONE,Kayapa,2027,High Value Crops,COFFEE,Production Support Services,Technical Support Services,Production Support Services,Provision of Organic Fertilizer,18460,3692.00,368.92,,ALL PROGRAMS 2027 municipality split,- Enhancing productivity - Reduce Import Dependency
all_programs_2027.xlsx,HVCDP Coffee,Nueva Vizcaya,LONE,Santa Fe,2027,High Value Crops,COFFEE,Production Support Services,Technical Support Services,Production Support Services,Provision of Organic Fertilizer,18460,3692.00,368.92,,ALL PROGRAMS 2027 municipality split,- Enhancing productivity - Reduce Import Dependency
all_programs_2027.xlsx,HVCDP Coffee,Nueva Vizcaya,LONE,Ambaguio,2027,High Value Crops,COFFEE,Production Support Services,Technical Support Services,Production Support Services,Provision of Inorganic Fertilizer,7700,1540.00,541.08,,ALL PROGRAMS 2027 municipality split,
all_programs_2027.xlsx,HVCDP Coffee,Nueva Vizcaya,LONE,Dupax del Sur,2027,High Value Crops,COFFEE,Production Support Services,Technical Support Services,Production Support Services,Provision of Inorganic Fertilizer,7700,1540.00,541.08,,ALL PROGRAMS 2027 municipality split,
all_programs_2027.xlsx,HVCDP Coffee,Nueva Vizcaya,LONE,Kasibu,2027,High Value Crops,COFFEE,Production Support Services,Technical Support Services,Production Support Services,Provision of Inorganic Fertilizer,7700,1540.00,541.08,,ALL PROGRAMS 2027 municipality split,
all_programs_2027.xlsx,HVCDP Coffee,Nueva Vizcaya,LONE,Kayapa,2027,High Value Crops,COFFEE,Production Support Services,Technical Support Services,Production Support Services,Provision of Inorganic Fertilizer,7700,1540.00,541.08,,ALL PROGRAMS 2027 municipality split,
all_programs_2027.xlsx,HVCDP Coffee,Nueva Vizcaya,LONE,Santa Fe,2027,High Value Crops,COFFEE,Production Support Services,Technical Support Services,Production Support Services,Provision of Inorganic Fertilizer,7700,1540.00,541.08,,ALL PROGRAMS 2027 municipality split,
all_programs_2027.xlsx,HVCDP Coffee,Isabela,3,Gamu,2027,High Value Crops,COFFEE,AMEFIP,Other Functions,AMEFIP,Establishment of Nursery,2,1.00,5000.00,,ALL PROGRAMS 2027 municipality split,
all_programs_2027.xlsx,HVCDP Coffee,Isabela,3,Roxas,2027,High Value Crops,COFFEE,AMEFIP,Other Functions,AMEFIP,Establishment of Nursery,2,1.00,5000.00,,ALL PROGRAMS 2027 municipality split,
all_programs_2027.xlsx,HVCDP Coffee,Nueva Vizcaya,LONE,Dupax del Sur,2027,High Value Crops,COFFEE,AMEFIP,Other Functions,AMEFIP,Establishment of Nursery,1,1.00,2000.00,,ALL PROGRAMS 2027 municipality split,
all_programs_2027.xlsx,HVCDP Coffee,Nueva Vizcaya,LONE,Kayapa,2027,High Value Crops,COFFEE,AMEFIP,Other Functions,AMEFIP,Provision of Irrigation Tank with Pipes,1,1.00,1400.00,,ALL PROGRAMS 2027 municipality split,
all_programs_2027.xlsx,LIVESTOCK,Cagayan,1,Gonzaga,2027,LIVESTOCK,Livestock,Production Support Services,Technical Support Services,Production Support Services,Cattle Multiplier Farm under the Livestock Economic Developmet Project,3,1.00,2700.00,,ALL PROGRAMS 2027 municipality split,"This provides cattle breeder stock, forage choppers, feeds, drugs and biologics as liveslihood of Farmers Cooperative and Associations | Beneficiaries will be subjected to thorough validation in terms of capacity to ventures in animal production. These include enough pasture areas, housing facilities and financial capability. Beneficiaries will also undergo training on relation livestock production and manangement | 📌 Poverty Reduction 📌 Increasing Income for Farmers & Fisherfolk 📌 Enhancing productivity 📌 Improving Food Security and Proper Nutrition 📌 Reducing Import Dependency | Cattle Roadmap"
all_programs_2027.xlsx,LIVESTOCK,Cagayan,1,Santa Ana,2027,LIVESTOCK,Livestock,Production Support Services,Technical Support Services,Production Support Services,Cattle Multiplier Farm under the Livestock Economic Developmet Project,3,1.00,2700.00,,ALL PROGRAMS 2027 municipality split,"This provides cattle breeder stock, forage choppers, feeds, drugs and biologics as liveslihood of Farmers Cooperative and Associations | Beneficiaries will be subjected to thorough validation in terms of capacity to ventures in animal production. These include enough pasture areas, housing facilities and financial capability. Beneficiaries will also undergo training on relation livestock production and manangement | 📌 Poverty Reduction 📌 Increasing Income for Farmers & Fisherfolk 📌 Enhancing productivity 📌 Improving Food Security and Proper Nutrition 📌 Reducing Import Dependency | Cattle Roadmap"
all_programs_2027.xlsx,LIVESTOCK,Cagayan,1,Santa Teresita,2027,LIVESTOCK,Livestock,Production Support Services,Technical Support Services,Production Support Services,Cattle Multiplier Farm under the Livestock Economic Developmet Project,3,1.00,2700.00,,ALL PROGRAMS 2027 municipality split,"This provides cattle breeder stock, forage choppers, feeds, drugs and biologics as liveslihood of Farmers Cooperative and Associations | Beneficiaries will be subjected to thorough validation in terms of capacity to ventures in animal production. These include enough pasture areas, housing facilities and financial capability. Beneficiaries will also undergo training on relation livestock production and manangement | 📌 Poverty Reduction 📌 Increasing Income for Farmers & Fisherfolk 📌 Enhancing productivity 📌 Improving Food Security and Proper Nutrition 📌 Reducing Import Dependency | Cattle Roadmap"
all_programs_2027.xlsx,LIVESTOCK,Cagayan,1,Alcala,2027,LIVESTOCK,Livestock,Production Support Services,Technical Support Services,Production Support Services,Carabao Multiplier Farm under the Livestock Economic Developmet Project,2,1.00,2700.00,,ALL PROGRAMS 2027 municipality split,"This provides cattle breeder stock, forage choppers, feeds, drugs and biologics as liveslihood of Farmers Cooperative and Associations | Beneficiaries will be subjected to thorough validation in terms of capacity to ventures in animal production. These include enough pasture areas, housing facilities and financial capability. Beneficiaries will also undergo training on relation livestock production and manangement | 📌 Poverty Reduction 📌 Increasing Income for Farmers & Fisherfolk 📌 Enhancing productivity 📌 Improving Food Security and Proper Nutrition 📌 Reducing Import Dependency | Carabao Roadmap"
all_programs_2027.xlsx,LIVESTOCK,Cagayan,1,Baggao,2027,LIVESTOCK,Livestock,Production Support Services,Technical Support Services,Production Support Services,Carabao Multiplier Farm under the Livestock Economic Developmet Project,2,1.00,2700.00,,ALL PROGRAMS 2027 municipality split,"This provides cattle breeder stock, forage choppers, feeds, drugs and biologics as liveslihood of Farmers Cooperative and Associations | Beneficiaries will be subjected to thorough validation in terms of capacity to ventures in animal production. These include enough pasture areas, housing facilities and financial capability. Beneficiaries will also undergo training on relation livestock production and manangement | 📌 Poverty Reduction 📌 Increasing Income for Farmers & Fisherfolk 📌 Enhancing productivity 📌 Improving Food Security and Proper Nutrition 📌 Reducing Import Dependency | Carabao Roadmap"
all_programs_2027.xlsx,LIVESTOCK,Cagayan,1,Abulug,2027,LIVESTOCK,Livestock,Production Support Services,Technical Support Services,Production Support Services,Cattle Multiplier Farm under the Livestock Economic Developmet Project,3,1.00,2700.00,,ALL PROGRAMS 2027 municipality split,"This provides cattle breeder stock, forage choppers, feeds, drugs and biologics as liveslihood of Farmers Cooperative and Associations | Beneficiaries will be subjected to thorough validation in terms of capacity to ventures in animal production. These include enough pasture areas, housing facilities and financial capability. Beneficiaries will also undergo training on relation livestock production and manangement | 📌 Poverty Reduction 📌 Increasing Income for Farmers & Fisherfolk 📌 Enhancing productivity 📌 Improving Food Security and Proper Nutrition 📌 Reducing Import Dependency | Cattle Roadmap"
all_programs_2027.xlsx,LIVESTOCK,Cagayan,1,Ballesteros,2027,LIVESTOCK,Livestock,Production Support Services,Technical Support Services,Production Support Services,Cattle Multiplier Farm under the Livestock Economic Developmet Project,3,1.00,2700.00,,ALL PROGRAMS 2027 municipality split,"This provides cattle breeder stock, forage choppers, feeds, drugs and biologics as liveslihood of Farmers Cooperative and Associations | Beneficiaries will be subjected to thorough validation in terms of capacity to ventures in animal production. These include enough pasture areas, housing facilities and financial capability. Beneficiaries will also undergo training on relation livestock production and manangement | 📌 Poverty Reduction 📌 Increasing Income for Farmers & Fisherfolk 📌 Enhancing productivity 📌 Improving Food Security and Proper Nutrition 📌 Reducing Import Dependency | Cattle Roadmap"
all_programs_2027.xlsx,LIVESTOCK,Cagayan,1,Claveria,2027,LIVESTOCK,Livestock,Production Support Services,Technical Support Services,Production Support Services,Cattle Multiplier Farm under the Livestock Economic Developmet Project,3,1.00,2700.00,,ALL PROGRAMS 2027 municipality split,"This provides cattle breeder stock, forage choppers, feeds, drugs and biologics as liveslihood of Farmers Cooperative and Associations | Beneficiaries will be subjected to thorough validation in terms of capacity to ventures in animal production. These include enough pasture areas, housing facilities and financial capability. Beneficiaries will also undergo training on relation livestock production and manangement | 📌 Poverty Reduction 📌 Increasing Income for Farmers & Fisherfolk 📌 Enhancing productivity 📌 Improving Food Security and Proper Nutrition 📌 Reducing Import Dependency | Cattle Roadmap"
all_programs_2027.xlsx,LIVESTOCK,Cagayan,1,Pamplona,2027,LIVESTOCK,Livestock,Production Support Services,Technical Support Services,Production Support Services,Carabao Multiplier Farm under the Livestock Economic Developmet Project,2,1.00,2700.00,,ALL PROGRAMS 2027 municipality split,"This provides cattle breeder stock, forage choppers, feeds, drugs and biologics as liveslihood of Farmers Cooperative and Associations | Beneficiaries will be subjected to thorough validation in terms of capacity to ventures in animal production. These include enough pasture areas, housing facilities and financial capability. Beneficiaries will also undergo training on relation livestock production and manangement | 📌 Poverty Reduction 📌 Increasing Income for Farmers & Fisherfolk 📌 Enhancing productivity 📌 Improving Food Security and Proper Nutrition 📌 Reducing Import Dependency | Carabao Roadmap"
all_programs_2027.xlsx,LIVESTOCK,Cagayan,1,Sanchez Mira,2027,LIVESTOCK,Livestock,Production Support Services,Technical Support Services,Production Support Services,Carabao Multiplier Farm under the Livestock Economic Developmet Project,2,1.00,2700.00,,ALL PROGRAMS 2027 municipality split,"This provides cattle breeder stock, forage choppers, feeds, drugs and biologics as liveslihood of Farmers Cooperative and Associations | Beneficiaries will be subjected to thorough validation in terms of capacity to ventures in animal production. These include enough pasture areas, housing facilities and financial capability. Beneficiaries will also undergo training on relation livestock production and manangement | 📌 Poverty Reduction 📌 Increasing Income for Farmers & Fisherfolk 📌 Enhancing productivity 📌 Improving Food Security and Proper Nutrition 📌 Reducing Import Dependency | Carabao Roadmap"
all_programs_2027.xlsx,LIVESTOCK,Cagayan,1,Solana,2027,LIVESTOCK,Livestock,Production Support Services,Technical Support Services,Production Support Services,Cattle Multiplier Farm under the Livestock Economic Developmet Project,2,1.00,2700.00,,ALL PROGRAMS 2027 municipality split,"This provides cattle breeder stock, forage choppers, feeds, drugs and biologics as liveslihood of Farmers Cooperative and Associations | Beneficiaries will be subjected to thorough validation in terms of capacity to ventures in animal production. These include enough pasture areas, housing facilities and financial capability. Beneficiaries will also undergo training on relation livestock production and manangement | 📌 Poverty Reduction 📌 Increasing Income for Farmers & Fisherfolk 📌 Enhancing productivity 📌 Improving Food Security and Proper Nutrition 📌 Reducing Import Dependency | Cattle Roadmap"
all_programs_2027.xlsx,LIVESTOCK,Cagayan,1,Tuguegarao City (Capital),2027,LIVESTOCK,Livestock,Production Support Services,Technical Support Services,Production Support Services,Cattle Multiplier Farm under the Livestock Economic Developmet Project,2,1.00,2700.00,,ALL PROGRAMS 2027 municipality split,"This provides cattle breeder stock, forage choppers, feeds, drugs and biologics as liveslihood of Farmers Cooperative and Associations | Beneficiaries will be subjected to thorough validation in terms of capacity to ventures in animal production. These include enough pasture areas, housing facilities and financial capability. Beneficiaries will also undergo training on relation livestock production and manangement | 📌 Poverty Reduction 📌 Increasing Income for Farmers & Fisherfolk 📌 Enhancing productivity 📌 Improving Food Security and Proper Nutrition 📌 Reducing Import Dependency | Cattle Roadmap"
all_programs_2027.xlsx,LIVESTOCK,Cagayan,1,Enrile,2027,LIVESTOCK,Livestock,Production Support Services,Technical Support Services,Production Support Services,Carabao Multiplier Farm under the Livestock Economic Developmet Project,2,1.00,2700.00,,ALL PROGRAMS 2027 municipality split,"This provides cattle breeder stock, forage choppers, feeds, drugs and biologics as liveslihood of Farmers Cooperative and Associations | Beneficiaries will be subjected to thorough validation in terms of capacity to ventures in animal production. These include enough pasture areas, housing facilities and financial capability. Beneficiaries will also undergo training on relation livestock production and manangement | 📌 Poverty Reduction 📌 Increasing Income for Farmers & Fisherfolk 📌 Enhancing productivity 📌 Improving Food Security and Proper Nutrition 📌 Reducing Import Dependency | Carabao Roadmap"
all_programs_2027.xlsx,LIVESTOCK,Cagayan,1,Solana,2027,LIVESTOCK,Livestock,Production Support Services,Technical Support Services,Production Support Services,Carabao Multiplier Farm under the Livestock Economic Developmet Project,2,1.00,2700.00,,ALL PROGRAMS 2027 municipality split,"This provides cattle breeder stock, forage choppers, feeds, drugs and biologics as liveslihood of Farmers Cooperative and Associations | Beneficiaries will be subjected to thorough validation in terms of capacity to ventures in animal production. These include enough pasture areas, housing facilities and financial capability. Beneficiaries will also undergo training on relation livestock production and manangement | 📌 Poverty Reduction 📌 Increasing Income for Farmers & Fisherfolk 📌 Enhancing productivity 📌 Improving Food Security and Proper Nutrition 📌 Reducing Import Dependency | Carabao Roadmap"
all_programs_2027.xlsx,LIVESTOCK,Isabela,1,Mallig,2027,LIVESTOCK,Livestock,Production Support Services,Technical Support Services,Production Support Services,Carabao Multiplier Farm under the Livestock Economic Developmet Project,3,1.50,4050.00,,ALL PROGRAMS 2027 municipality split,"This provides cattle breeder stock, forage choppers, feeds, drugs and biologics as liveslihood of Farmers Cooperative and Associations"
all_programs_2027.xlsx,LIVESTOCK,Isabela,1,San Pablo,2027,LIVESTOCK,Livestock,Production Support Services,Technical Support Services,Production Support Services,Carabao Multiplier Farm under the Livestock Economic Developmet Project,3,1.50,4050.00,,ALL PROGRAMS 2027 municipality split,"This provides cattle breeder stock, forage choppers, feeds, drugs and biologics as liveslihood of Farmers Cooperative and Associations"
all_programs_2027.xlsx,LIVESTOCK,Isabela,2,San Mariano,2027,LIVESTOCK,Livestock,Production Support Services,Technical Support Services,Production Support Services,Cattle Multiplier Farm under the Livestock Economic Developmet Project,1,1.00,2700.00,,ALL PROGRAMS 2027 municipality split,"This provides cattle breeder stock, forage choppers, feeds, drugs and biologics as liveslihood of Farmers Cooperative and Associations | Beneficiaries will be subjected to thorough validation in terms of capacity to ventures in animal production. These include enough pasture areas, housing facilities and financial capability. Beneficiaries will also undergo training on relation livestock production and manangement | 📌 Poverty Reduction 📌 Increasing Income for Farmers & Fisherfolk 📌 Enhancing productivity 📌 Improving Food Security and Proper Nutrition 📌 Reducing Import Dependency | Cattle Roadmap"
all_programs_2027.xlsx,LIVESTOCK,Isabela,2,Naguilian,2027,LIVESTOCK,Livestock,Production Support Services,Technical Support Services,Production Support Services,Carabao Multiplier Farm under the Livestock Economic Developmet Project,1,1.00,2700.00,,ALL PROGRAMS 2027 municipality split,"This provides cattle breeder stock, forage choppers, feeds, drugs and biologics as liveslihood of Farmers Cooperative and Associations | Beneficiaries will be subjected to thorough validation in terms of capacity to ventures in animal production. These include enough pasture areas, housing facilities and financial capability. Beneficiaries will also undergo training on relation livestock production and manangement | 📌 Poverty Reduction 📌 Increasing Income for Farmers & Fisherfolk 📌 Enhancing productivity 📌 Improving Food Security and Proper Nutrition 📌 Reducing Import Dependency | Carabao Roadmap"
all_programs_2027.xlsx,LIVESTOCK,Isabela,3,Angadanan,2027,LIVESTOCK,Livestock,Production Support Services,Technical Support Services,Production Support Services,Cattle Multiplier Farm under the Livestock Economic Developmet Project,1,1.00,2700.00,,ALL PROGRAMS 2027 municipality split,"This provides cattle breeder stock, forage choppers, feeds, drugs and biologics as liveslihood of Farmers Cooperative and Associations | Beneficiaries will be subjected to thorough validation in terms of capacity to ventures in animal production. These include enough pasture areas, housing facilities and financial capability. Beneficiaries will also undergo training on relation livestock production and manangement | 📌 Poverty Reduction 📌 Increasing Income for Farmers & Fisherfolk 📌 Enhancing productivity 📌 Improving Food Security and Proper Nutrition 📌 Reducing Import Dependency | Cattle Roadmap"
all_programs_2027.xlsx,LIVESTOCK,Isabela,3,Cabatuan,2027,LIVESTOCK,Livestock,Production Support Services,Technical Support Services,Production Support Services,Carabao Multiplier Farm under the Livestock Economic Developmet Project,2,1.00,2700.00,,ALL PROGRAMS 2027 municipality split,"This provides cattle breeder stock, forage choppers, feeds, drugs and biologics as liveslihood of Farmers Cooperative and Associations | Beneficiaries will be subjected to thorough validation in terms of capacity to ventures in animal production. These include enough pasture areas, housing facilities and financial capability. Beneficiaries will also undergo training on relation livestock production and manangement | 📌 Poverty Reduction 📌 Increasing Income for Farmers & Fisherfolk 📌 Enhancing productivity 📌 Improving Food Security and Proper Nutrition 📌 Reducing Import Dependency | Carabao Roadmap"
all_programs_2027.xlsx,LIVESTOCK,Isabela,3,Ramon,2027,LIVESTOCK,Livestock,Production Support Services,Technical Support Services,Production Support Services,Carabao Multiplier Farm under the Livestock Economic Developmet Project,2,1.00,2700.00,,ALL PROGRAMS 2027 municipality split,"This provides cattle breeder stock, forage choppers, feeds, drugs and biologics as liveslihood of Farmers Cooperative and Associations | Beneficiaries will be subjected to thorough validation in terms of capacity to ventures in animal production. These include enough pasture areas, housing facilities and financial capability. Beneficiaries will also undergo training on relation livestock production and manangement | 📌 Poverty Reduction 📌 Increasing Income for Farmers & Fisherfolk 📌 Enhancing productivity 📌 Improving Food Security and Proper Nutrition 📌 Reducing Import Dependency | Carabao Roadmap"
all_programs_2027.xlsx,LIVESTOCK,Isabela,4,Jones,2027,LIVESTOCK,Livestock,Production Support Services,Technical Support Services,Production Support Services,Cattle Multiplier Farm under the Livestock Economic Developmet Project,1,1.00,2700.00,,ALL PROGRAMS 2027 municipality split,"This provides cattle breeder stock, forage choppers, feeds, drugs and biologics as liveslihood of Farmers Cooperative and Associations | Beneficiaries will be subjected to thorough validation in terms of capacity to ventures in animal production. These include enough pasture areas, housing facilities and financial capability. Beneficiaries will also undergo training on relation livestock production and manangement | 📌 Poverty Reduction 📌 Increasing Income for Farmers & Fisherfolk 📌 Enhancing productivity 📌 Improving Food Security and Proper Nutrition 📌 Reducing Import Dependency | Cattle Roadmap"
all_programs_2027.xlsx,LIVESTOCK,Isabela,4,City of Santiago,2027,LIVESTOCK,Livestock,Production Support Services,Technical Support Services,Production Support Services,Carabao Multiplier Farm under the Livestock Economic Developmet Project,2,1.00,2700.00,,ALL PROGRAMS 2027 municipality split,"This provides cattle breeder stock, forage choppers, feeds, drugs and biologics as liveslihood of Farmers Cooperative and Associations | Beneficiaries will be subjected to thorough validation in terms of capacity to ventures in animal production. These include enough pasture areas, housing facilities and financial capability. Beneficiaries will also undergo training on relation livestock production and manangement | 📌 Poverty Reduction 📌 Increasing Income for Farmers & Fisherfolk 📌 Enhancing productivity 📌 Improving Food Security and Proper Nutrition 📌 Reducing Import Dependency | Carabao Roadmap"
all_programs_2027.xlsx,LIVESTOCK,Isabela,4,San Agustin,2027,LIVESTOCK,Livestock,Production Support Services,Technical Support Services,Production Support Services,Carabao Multiplier Farm under the Livestock Economic Developmet Project,2,1.00,2700.00,,ALL PROGRAMS 2027 municipality split,"This provides cattle breeder stock, forage choppers, feeds, drugs and biologics as liveslihood of Farmers Cooperative and Associations | Beneficiaries will be subjected to thorough validation in terms of capacity to ventures in animal production. These include enough pasture areas, housing facilities and financial capability. Beneficiaries will also undergo training on relation livestock production and manangement | 📌 Poverty Reduction 📌 Increasing Income for Farmers & Fisherfolk 📌 Enhancing productivity 📌 Improving Food Security and Proper Nutrition 📌 Reducing Import Dependency | Carabao Roadmap"
all_programs_2027.xlsx,LIVESTOCK,Isabela,5,Aurora,2027,LIVESTOCK,Livestock,Production Support Services,Technical Support Services,Production Support Services,Cattle Multiplier Farm under the Livestock Economic Developmet Project,2,1.00,2700.00,,ALL PROGRAMS 2027 municipality split,"This provides cattle breeder stock, forage choppers, feeds, drugs and biologics as liveslihood of Farmers Cooperative and Associations | Beneficiaries will be subjected to thorough validation in terms of capacity to ventures in animal production. These include enough pasture areas, housing facilities and financial capability. Beneficiaries will also undergo training on relation livestock production and manangement | 📌 Poverty Reduction 📌 Increasing Income for Farmers & Fisherfolk 📌 Enhancing productivity 📌 Improving Food Security and Proper Nutrition 📌 Reducing Import Dependency | Cattle Roadmap"
all_programs_2027.xlsx,LIVESTOCK,Isabela,5,Burgos,2027,LIVESTOCK,Livestock,Production Support Services,Technical Support Services,Production Support Services,Cattle Multiplier Farm under the Livestock Economic Developmet Project,2,1.00,2700.00,,ALL PROGRAMS 2027 municipality split,"This provides cattle breeder stock, forage choppers, feeds, drugs and biologics as liveslihood of Farmers Cooperative and Associations | Beneficiaries will be subjected to thorough validation in terms of capacity to ventures in animal production. These include enough pasture areas, housing facilities and financial capability. Beneficiaries will also undergo training on relation livestock production and manangement | 📌 Poverty Reduction 📌 Increasing Income for Farmers & Fisherfolk 📌 Enhancing productivity 📌 Improving Food Security and Proper Nutrition 📌 Reducing Import Dependency | Cattle Roadmap"
all_programs_2027.xlsx,LIVESTOCK,Isabela,5,Roxas,2027,LIVESTOCK,Livestock,Production Support Services,Technical Support Services,Production Support Services,Carabao Multiplier Farm under the Livestock Economic Developmet Project,2,1.00,2700.00,,ALL PROGRAMS 2027 municipality split,"This provides cattle breeder stock, forage choppers, feeds, drugs and biologics as liveslihood of Farmers Cooperative and Associations | Beneficiaries will be subjected to thorough validation in terms of capacity to ventures in animal production. These include enough pasture areas, housing facilities and financial capability. Beneficiaries will also undergo training on relation livestock production and manangement | 📌 Poverty Reduction 📌 Increasing Income for Farmers & Fisherfolk 📌 Enhancing productivity 📌 Improving Food Security and Proper Nutrition 📌 Reducing Import Dependency | Carabao Roadmap"
all_programs_2027.xlsx,LIVESTOCK,Isabela,5,San Manuel,2027,LIVESTOCK,Livestock,Production Support Services,Technical Support Services,Production Support Services,Carabao Multiplier Farm under the Livestock Economic Developmet Project,2,1.00,2700.00,,ALL PROGRAMS 2027 municipality split,"This provides cattle breeder stock, forage choppers, feeds, drugs and biologics as liveslihood of Farmers Cooperative and Associations | Beneficiaries will be subjected to thorough validation in terms of capacity to ventures in animal production. These include enough pasture areas, housing facilities and financial capability. Beneficiaries will also undergo training on relation livestock production and manangement | 📌 Poverty Reduction 📌 Increasing Income for Farmers & Fisherfolk 📌 Enhancing productivity 📌 Improving Food Security and Proper Nutrition 📌 Reducing Import Dependency | Carabao Roadmap"
all_programs_2027.xlsx,LIVESTOCK,Isabela,6,Echague,2027,LIVESTOCK,Livestock,Production Support Services,Technical Support Services,Production Support Services,Cattle Multiplier Farm under the Livestock Economic Developmet Project,2,1.00,2700.00,,ALL PROGRAMS 2027 municipality split,"This provides cattle breeder stock, forage choppers, feeds, drugs and biologics as liveslihood of Farmers Cooperative and Associations | Beneficiaries will be subjected to thorough validation in terms of capacity to ventures in animal production. These include enough pasture areas, housing facilities and financial capability. Beneficiaries will also undergo training on relation livestock production and manangement | 📌 Poverty Reduction 📌 Increasing Income for Farmers & Fisherfolk 📌 Enhancing productivity 📌 Improving Food Security and Proper Nutrition 📌 Reducing Import Dependency | Cattle Roadmap"
all_programs_2027.xlsx,LIVESTOCK,Isabela,6,San Guillermo,2027,LIVESTOCK,Livestock,Production Support Services,Technical Support Services,Production Support Services,Cattle Multiplier Farm under the Livestock Economic Developmet Project,2,1.00,2700.00,,ALL PROGRAMS 2027 municipality split,"This provides cattle breeder stock, forage choppers, feeds, drugs and biologics as liveslihood of Farmers Cooperative and Associations | Beneficiaries will be subjected to thorough validation in terms of capacity to ventures in animal production. These include enough pasture areas, housing facilities and financial capability. Beneficiaries will also undergo training on relation livestock production and manangement | 📌 Poverty Reduction 📌 Increasing Income for Farmers & Fisherfolk 📌 Enhancing productivity 📌 Improving Food Security and Proper Nutrition 📌 Reducing Import Dependency | Cattle Roadmap"
all_programs_2027.xlsx,LIVESTOCK,Isabela,6,City of Cauayan,2027,LIVESTOCK,Livestock,Production Support Services,Technical Support Services,Production Support Services,Carabao Multiplier Farm under the Livestock Economic Developmet Project,2,1.00,2700.00,,ALL PROGRAMS 2027 municipality split,"This provides cattle breeder stock, forage choppers, feeds, drugs and biologics as liveslihood of Farmers Cooperative and Associations | Beneficiaries will be subjected to thorough validation in terms of capacity to ventures in animal production. These include enough pasture areas, housing facilities and financial capability. Beneficiaries will also undergo training on relation livestock production and manangement | 📌 Poverty Reduction 📌 Increasing Income for Farmers & Fisherfolk 📌 Enhancing productivity 📌 Improving Food Security and Proper Nutrition 📌 Reducing Import Dependency | Carabao Roadmap"
all_programs_2027.xlsx,LIVESTOCK,Isabela,6,San Isidro,2027,LIVESTOCK,Livestock,Production Support Services,Technical Support Services,Production Support Services,Carabao Multiplier Farm under the Livestock Economic Developmet Project,2,1.00,2700.00,,ALL PROGRAMS 2027 municipality split,"This provides cattle breeder stock, forage choppers, feeds, drugs and biologics as liveslihood of Farmers Cooperative and Associations | Beneficiaries will be subjected to thorough validation in terms of capacity to ventures in animal production. These include enough pasture areas, housing facilities and financial capability. Beneficiaries will also undergo training on relation livestock production and manangement | 📌 Poverty Reduction 📌 Increasing Income for Farmers & Fisherfolk 📌 Enhancing productivity 📌 Improving Food Security and Proper Nutrition 📌 Reducing Import Dependency | Carabao Roadmap"
all_programs_2027.xlsx,LIVESTOCK,Cagayan,1,Gonzaga,2027,LIVESTOCK,Livestock,Production Support Services,Technical Support Services,Production Support Services,Procurement of Animal Hauling Trucks,1,1.00,2500.00,,ALL PROGRAMS 2027 municipality split,This is in support to INSPIRE and LEED program to facilitate hauling of products to local markets | Ensure the beneficiaries has an operation projects such as INSPIRE and LEED in order that the hauling trucks will be utilized immediately. Shed shall be provided by the beneficiary | 📌 Poverty Reduction 📌 Increasing Income for Farmers & Fisherfolk 📌 Enhancing productivity | Swine Road Map
all_programs_2027.xlsx,LIVESTOCK,Cagayan,1,Camalaniugan,2027,LIVESTOCK,Livestock,Production Support Services,Technical Support Services,Production Support Services,Complete Solar set up,2,1.00,1500.00,,ALL PROGRAMS 2027 municipality split,This is in support to INSPIRE and LEED program to reduce high electricity cost | Ensure that the beneficiary is operational in full capacity and maximun heads in order achieve production efficiency | 📌 Poverty Reduction 📌 Increasing Income for Farmers & Fisherfolk 📌 Enhancing productivity | Swine Road Map
all_programs_2027.xlsx,LIVESTOCK,Cagayan,1,Lal-lo,2027,LIVESTOCK,Livestock,Production Support Services,Technical Support Services,Production Support Services,Complete Solar set up,2,1.00,1500.00,,ALL PROGRAMS 2027 municipality split,This is in support to INSPIRE and LEED program to reduce high electricity cost | Ensure that the beneficiary is operational in full capacity and maximun heads in order achieve production efficiency | 📌 Poverty Reduction 📌 Increasing Income for Farmers & Fisherfolk 📌 Enhancing productivity | Swine Road Map
all_programs_2027.xlsx,LIVESTOCK,Cagayan,1,Santo Ni?o (Faire),2027,LIVESTOCK,Livestock,Production Support Services,Technical Support Services,Production Support Services,Procurement of Animal Hauling Trucks,1,1.00,2500.00,,ALL PROGRAMS 2027 municipality split,This is in support to INSPIRE and LEED program to facilitate hauling of products to local markets | Ensure the beneficiaries has an operation projects such as INSPIRE and LEED in order that the hauling trucks will be utilized immediately. Shed shall be provided by the beneficiary | 📌 Poverty Reduction 📌 Increasing Income for Farmers & Fisherfolk 📌 Enhancing productivity | Swine Road Map
all_programs_2027.xlsx,LIVESTOCK,Cagayan,1,Enrile,2027,LIVESTOCK,Livestock,Production Support Services,Technical Support Services,Production Support Services,Procurement of Animal Hauling Trucks,1,1.00,2500.00,,ALL PROGRAMS 2027 municipality split,This is in support to INSPIRE and LEED program to facilitate hauling of products to local markets | Ensure the beneficiaries has an operation projects such as INSPIRE and LEED in order that the hauling trucks will be utilized immediately. Shed shall be provided by the beneficiary | 📌 Poverty Reduction 📌 Increasing Income for Farmers & Fisherfolk 📌 Enhancing productivity | Swine Road Map
all_programs_2027.xlsx,LIVESTOCK,Cagayan,1,Pe?ablanca,2027,LIVESTOCK,Livestock,Production Support Services,Technical Support Services,Production Support Services,Complete Solar set up,2,1.00,1500.00,,ALL PROGRAMS 2027 municipality split,This is in support to INSPIRE and LEED program to reduce high electricity cost | Ensure that the beneficiary is operational in full capacity and maximun heads in order achieve production efficiency | 📌 Poverty Reduction 📌 Increasing Income for Farmers & Fisherfolk 📌 Enhancing productivity | Swine Road Map
all_programs_2027.xlsx,LIVESTOCK,Cagayan,1,Tuao,2027,LIVESTOCK,Livestock,Production Support Services,Technical Support Services,Production Support Services,Complete Solar set up,2,1.00,1500.00,,ALL PROGRAMS 2027 municipality split,This is in support to INSPIRE and LEED program to reduce high electricity cost | Ensure that the beneficiary is operational in full capacity and maximun heads in order achieve production efficiency | 📌 Poverty Reduction 📌 Increasing Income for Farmers & Fisherfolk 📌 Enhancing productivity | Swine Road Map
all_programs_2027.xlsx,LIVESTOCK,Isabela,1,Tumauini,2027,LIVESTOCK,Livestock,Production Support Services,Technical Support Services,Production Support Services,Complete Solar set up,4,4.00,6000.00,,ALL PROGRAMS 2027 municipality split,This is in support to INSPIRE and LEED program to reduce high electricity cost | Ensure that the beneficiary is operational in full capacity and maximun heads in order achieve production efficiency | 📌 Poverty Reduction 📌 Increasing Income for Farmers & Fisherfolk 📌 Enhancing productivity | Swine Road Map
all_programs_2027.xlsx,LIVESTOCK,Isabela,1,Cabagan,2027,LIVESTOCK,Livestock,Production Support Services,Technical Support Services,Production Support Services,Procurement of Animal Hauling Trucks,1,1.00,2500.00,,ALL PROGRAMS 2027 municipality split,This is in support to INSPIRE and LEED program to facilitate hauling of products to local markets | Ensure the beneficiaries has an operation projects such as INSPIRE and LEED in order that the hauling trucks will be utilized immediately. Shed shall be provided by the beneficiary | 📌 Poverty Reduction 📌 Increasing Income for Farmers & Fisherfolk 📌 Enhancing productivity | Swine Road Map
all_programs_2027.xlsx,LIVESTOCK,Isabela,3,Alicia,2027,LIVESTOCK,Livestock,Production Support Services,Technical Support Services,Production Support Services,Procurement of Animal Hauling Trucks,2,1.00,2500.00,,ALL PROGRAMS 2027 municipality split,This is in support to INSPIRE and LEED program to facilitate hauling of products to local markets | Ensure the beneficiaries has an operation projects such as INSPIRE and LEED in order that the hauling trucks will be utilized immediately. Shed shall be provided by the beneficiary | 📌 Poverty Reduction 📌 Increasing Income for Farmers & Fisherfolk 📌 Enhancing productivity | Swine Road Map
all_programs_2027.xlsx,LIVESTOCK,Isabela,3,Ramon,2027,LIVESTOCK,Livestock,Production Support Services,Technical Support Services,Production Support Services,Procurement of Animal Hauling Trucks,2,1.00,2500.00,,ALL PROGRAMS 2027 municipality split,This is in support to INSPIRE and LEED program to facilitate hauling of products to local markets | Ensure the beneficiaries has an operation projects such as INSPIRE and LEED in order that the hauling trucks will be utilized immediately. Shed shall be provided by the beneficiary | 📌 Poverty Reduction 📌 Increasing Income for Farmers & Fisherfolk 📌 Enhancing productivity | Swine Road Map
all_programs_2027.xlsx,LIVESTOCK,Isabela,3,Cabatuan,2027,LIVESTOCK,Livestock,Production Support Services,Technical Support Services,Production Support Services,Complete Solar set up,2,1.00,1500.00,,ALL PROGRAMS 2027 municipality split,This is in support to INSPIRE and LEED program to reduce high electricity cost | Ensure that the beneficiary is operational in full capacity and maximun heads in order achieve production efficiency | 📌 Poverty Reduction 📌 Increasing Income for Farmers & Fisherfolk 📌 Enhancing productivity | Swine Road Map
all_programs_2027.xlsx,LIVESTOCK,Isabela,3,San Mateo,2027,LIVESTOCK,Livestock,Production Support Services,Technical Support Services,Production Support Services,Complete Solar set up,2,1.00,1500.00,,ALL PROGRAMS 2027 municipality split,This is in support to INSPIRE and LEED program to reduce high electricity cost | Ensure that the beneficiary is operational in full capacity and maximun heads in order achieve production efficiency | 📌 Poverty Reduction 📌 Increasing Income for Farmers & Fisherfolk 📌 Enhancing productivity | Swine Road Map
all_programs_2027.xlsx,LIVESTOCK,Isabela,5,Quezon,2027,LIVESTOCK,Livestock,Production Support Services,Technical Support Services,Production Support Services,Procurement of Animal Hauling Trucks,2,2.00,5000.00,,ALL PROGRAMS 2027 municipality split,This is in support to INSPIRE and LEED program to facilitate hauling of products to local markets | Ensure the beneficiaries has an operation projects such as INSPIRE and LEED in order that the hauling trucks will be utilized immediately. Shed shall be provided by the beneficiary | 📌 Poverty Reduction 📌 Increasing Income for Farmers & Fisherfolk 📌 Enhancing productivity | Swine Road Map
all_programs_2027.xlsx,LIVESTOCK,Isabela,5,Mallig,2027,LIVESTOCK,Livestock,Production Support Services,Technical Support Services,Production Support Services,Complete Solar set up,1,1.00,1500.00,,ALL PROGRAMS 2027 municipality split,This is in support to INSPIRE and LEED program to reduce high electricity cost | Ensure that the beneficiary is operational in full capacity and maximun heads in order achieve production efficiency | 📌 Poverty Reduction 📌 Increasing Income for Farmers & Fisherfolk 📌 Enhancing productivity | Swine Road Map
all_programs_2027.xlsx,LIVESTOCK,Isabela,6,San Guillermo,2027,LIVESTOCK,Livestock,Production Support Services,Technical Support Services,Production Support Services,Procurement of Animal Hauling Trucks,1,1.00,2500.00,,ALL PROGRAMS 2027 municipality split,This is in support to INSPIRE and LEED program to facilitate hauling of products to local markets | Ensure the beneficiaries has an operation projects such as INSPIRE and LEED in order that the hauling trucks will be utilized immediately. Shed shall be provided by the beneficiary | 📌 Poverty Reduction 📌 Increasing Income for Farmers & Fisherfolk 📌 Enhancing productivity | Swine Road Map
all_programs_2027.xlsx,LIVESTOCK,Nueva Vizcaya,LONE,Bayombong (Capital),2027,LIVESTOCK,Livestock,Production Support Services,Technical Support Services,Production Support Services,Complete Solar set up,1,1.00,1500.00,,ALL PROGRAMS 2027 municipality split,This is in support to INSPIRE and LEED program to reduce high electricity cost | Ensure that the beneficiary is operational in full capacity and maximun heads in order achieve production efficiency | 📌 Poverty Reduction 📌 Increasing Income for Farmers & Fisherfolk 📌 Enhancing productivity | Swine Road Map
all_programs_2027.xlsx,LIVESTOCK,Quirino,LONE,Cabarroguis (Capital),2027,LIVESTOCK,Livestock,Production Support Services,Technical Support Services,Production Support Services,Complete Solar set up,1,1.00,1500.00,,ALL PROGRAMS 2027 municipality split,This is in support to INSPIRE and LEED program to reduce high electricity cost | Ensure that the beneficiary is operational in full capacity and maximun heads in order achieve production efficiency | 📌 Poverty Reduction 📌 Increasing Income for Farmers & Fisherfolk 📌 Enhancing productivity | Swine Road Map
all_programs_2027.xlsx,LIVESTOCK,Quirino,LONE,Diffun,2027,LIVESTOCK,Livestock,Production Support Services,Technical Support Services,Production Support Services,Procurement of Animal Hauling Trucks,1,1.00,2500.00,,ALL PROGRAMS 2027 municipality split,This is in support to INSPIRE and LEED program to facilitate hauling of products to local markets | Ensure the beneficiaries has an operation projects such as INSPIRE and LEED in order that the hauling trucks will be utilized immediately. Shed shall be provided by the beneficiary | 📌 Poverty Reduction 📌 Increasing Income for Farmers & Fisherfolk 📌 Enhancing productivity | Swine Road Map
all_programs_2027.xlsx,OAP,Cagayan,2,Abulug,2027,OAP,Organic Agriculture,Production Support Services,Technical Support Services,Production Support Services,On-station seed production and distribution of organic assorted vegetable seeds,50 kg,4.17,50.00,,ALL PROGRAMS 2027 municipality split,"Ensure the availability of quality organic seeds and planting materials in the Region | Third Party Certified Production farms | ""📌 Poverty Reduction 📌 Increasing Income for Farmers & Fisherfolk 📌 Enhancing productivity 📌 Improving Food Security and Proper Nutrition 📌 Reducing Import Dependency "" | Food Security Plan"
all_programs_2027.xlsx,OAP,Cagayan,2,Allacapan,2027,OAP,Organic Agriculture,Production Support Services,Technical Support Services,Production Support Services,On-station seed production and distribution of organic assorted vegetable seeds,50 kg,4.17,50.00,,ALL PROGRAMS 2027 municipality split,"Ensure the availability of quality organic seeds and planting materials in the Region | Third Party Certified Production farms | ""📌 Poverty Reduction 📌 Increasing Income for Farmers & Fisherfolk 📌 Enhancing productivity 📌 Improving Food Security and Proper Nutrition 📌 Reducing Import Dependency "" | Food Security Plan"
all_programs_2027.xlsx,OAP,Cagayan,2,Ballesteros,2027,OAP,Organic Agriculture,Production Support Services,Technical Support Services,Production Support Services,On-station seed production and distribution of organic assorted vegetable seeds,50 kg,4.17,50.00,,ALL PROGRAMS 2027 municipality split,"Ensure the availability of quality organic seeds and planting materials in the Region | Third Party Certified Production farms | ""📌 Poverty Reduction 📌 Increasing Income for Farmers & Fisherfolk 📌 Enhancing productivity 📌 Improving Food Security and Proper Nutrition 📌 Reducing Import Dependency "" | Food Security Plan"
all_programs_2027.xlsx,OAP,Cagayan,2,Calayan,2027,OAP,Organic Agriculture,Production Support Services,Technical Support Services,Production Support Services,On-station seed production and distribution of organic assorted vegetable seeds,50 kg,4.17,50.00,,ALL PROGRAMS 2027 municipality split,"Ensure the availability of quality organic seeds and planting materials in the Region | Third Party Certified Production farms | ""📌 Poverty Reduction 📌 Increasing Income for Farmers & Fisherfolk 📌 Enhancing productivity 📌 Improving Food Security and Proper Nutrition 📌 Reducing Import Dependency "" | Food Security Plan"
all_programs_2027.xlsx,OAP,Cagayan,2,Claveria,2027,OAP,Organic Agriculture,Production Support Services,Technical Support Services,Production Support Services,On-station seed production and distribution of organic assorted vegetable seeds,50 kg,4.17,50.00,,ALL PROGRAMS 2027 municipality split,"Ensure the availability of quality organic seeds and planting materials in the Region | Third Party Certified Production farms | ""📌 Poverty Reduction 📌 Increasing Income for Farmers & Fisherfolk 📌 Enhancing productivity 📌 Improving Food Security and Proper Nutrition 📌 Reducing Import Dependency "" | Food Security Plan"
all_programs_2027.xlsx,OAP,Cagayan,2,Lasam,2027,OAP,Organic Agriculture,Production Support Services,Technical Support Services,Production Support Services,On-station seed production and distribution of organic assorted vegetable seeds,50 kg,4.17,50.00,,ALL PROGRAMS 2027 municipality split,"Ensure the availability of quality organic seeds and planting materials in the Region | Third Party Certified Production farms | ""📌 Poverty Reduction 📌 Increasing Income for Farmers & Fisherfolk 📌 Enhancing productivity 📌 Improving Food Security and Proper Nutrition 📌 Reducing Import Dependency "" | Food Security Plan"
all_programs_2027.xlsx,OAP,Cagayan,2,Pamplona,2027,OAP,Organic Agriculture,Production Support Services,Technical Support Services,Production Support Services,On-station seed production and distribution of organic assorted vegetable seeds,50 kg,4.17,50.00,,ALL PROGRAMS 2027 municipality split,"Ensure the availability of quality organic seeds and planting materials in the Region | Third Party Certified Production farms | ""📌 Poverty Reduction 📌 Increasing Income for Farmers & Fisherfolk 📌 Enhancing productivity 📌 Improving Food Security and Proper Nutrition 📌 Reducing Import Dependency "" | Food Security Plan"
all_programs_2027.xlsx,OAP,Cagayan,2,Piat,2027,OAP,Organic Agriculture,Production Support Services,Technical Support Services,Production Support Services,On-station seed production and distribution of organic assorted vegetable seeds,50 kg,4.17,50.00,,ALL PROGRAMS 2027 municipality split,"Ensure the availability of quality organic seeds and planting materials in the Region | Third Party Certified Production farms | ""📌 Poverty Reduction 📌 Increasing Income for Farmers & Fisherfolk 📌 Enhancing productivity 📌 Improving Food Security and Proper Nutrition 📌 Reducing Import Dependency "" | Food Security Plan"
all_programs_2027.xlsx,OAP,Cagayan,2,Rizal,2027,OAP,Organic Agriculture,Production Support Services,Technical Support Services,Production Support Services,On-station seed production and distribution of organic assorted vegetable seeds,50 kg,4.17,50.00,,ALL PROGRAMS 2027 municipality split,"Ensure the availability of quality organic seeds and planting materials in the Region | Third Party Certified Production farms | ""📌 Poverty Reduction 📌 Increasing Income for Farmers & Fisherfolk 📌 Enhancing productivity 📌 Improving Food Security and Proper Nutrition 📌 Reducing Import Dependency "" | Food Security Plan"
all_programs_2027.xlsx,OAP,Cagayan,2,Sanchez Mira,2027,OAP,Organic Agriculture,Production Support Services,Technical Support Services,Production Support Services,On-station seed production and distribution of organic assorted vegetable seeds,50 kg,4.17,50.00,,ALL PROGRAMS 2027 municipality split,"Ensure the availability of quality organic seeds and planting materials in the Region | Third Party Certified Production farms | ""📌 Poverty Reduction 📌 Increasing Income for Farmers & Fisherfolk 📌 Enhancing productivity 📌 Improving Food Security and Proper Nutrition 📌 Reducing Import Dependency "" | Food Security Plan"
all_programs_2027.xlsx,OAP,Cagayan,2,Santa Praxedes,2027,OAP,Organic Agriculture,Production Support Services,Technical Support Services,Production Support Services,On-station seed production and distribution of organic assorted vegetable seeds,50 kg,4.17,50.00,,ALL PROGRAMS 2027 municipality split,"Ensure the availability of quality organic seeds and planting materials in the Region | Third Party Certified Production farms | ""📌 Poverty Reduction 📌 Increasing Income for Farmers & Fisherfolk 📌 Enhancing productivity 📌 Improving Food Security and Proper Nutrition 📌 Reducing Import Dependency "" | Food Security Plan"
all_programs_2027.xlsx,OAP,Cagayan,2,Santo Ni?o (Faire),2027,OAP,Organic Agriculture,Production Support Services,Technical Support Services,Production Support Services,On-station seed production and distribution of organic assorted vegetable seeds,50 kg,4.17,50.00,,ALL PROGRAMS 2027 municipality split,"Ensure the availability of quality organic seeds and planting materials in the Region | Third Party Certified Production farms | ""📌 Poverty Reduction 📌 Increasing Income for Farmers & Fisherfolk 📌 Enhancing productivity 📌 Improving Food Security and Proper Nutrition 📌 Reducing Import Dependency "" | Food Security Plan"
all_programs_2027.xlsx,OAP,Cagayan,2,Abulug,2027,OAP,Organic Agriculture,Production Support Services,Technical Support Services,Production Support Services,On-station seed production and distribution of upland rice seeds,"2,000 kg",68.97,34.48,,ALL PROGRAMS 2027 municipality split,"Ensure the availability of quality organic seeds and planting materials in the Region | Third Party Certified Production farms | ""📌 Poverty Reduction 📌 Increasing Income for Farmers & Fisherfolk 📌 Enhancing productivity 📌 Improving Food Security and Proper Nutrition 📌 Reducing Import Dependency """
all_programs_2027.xlsx,OAP,Cagayan,2,Alcala,2027,OAP,Organic Agriculture,Production Support Services,Technical Support Services,Production Support Services,On-station seed production and distribution of upland rice seeds,"2,000 kg",68.97,34.48,,ALL PROGRAMS 2027 municipality split,"Ensure the availability of quality organic seeds and planting materials in the Region | Third Party Certified Production farms | ""📌 Poverty Reduction 📌 Increasing Income for Farmers & Fisherfolk 📌 Enhancing productivity 📌 Improving Food Security and Proper Nutrition 📌 Reducing Import Dependency """
all_programs_2027.xlsx,OAP,Cagayan,2,Allacapan,2027,OAP,Organic Agriculture,Production Support Services,Technical Support Services,Production Support Services,On-station seed production and distribution of upland rice seeds,"2,000 kg",68.97,34.48,,ALL PROGRAMS 2027 municipality split,"Ensure the availability of quality organic seeds and planting materials in the Region | Third Party Certified Production farms | ""📌 Poverty Reduction 📌 Increasing Income for Farmers & Fisherfolk 📌 Enhancing productivity 📌 Improving Food Security and Proper Nutrition 📌 Reducing Import Dependency """
all_programs_2027.xlsx,OAP,Cagayan,2,Amulung,2027,OAP,Organic Agriculture,Production Support Services,Technical Support Services,Production Support Services,On-station seed production and distribution of upland rice seeds,"2,000 kg",68.97,34.48,,ALL PROGRAMS 2027 municipality split,"Ensure the availability of quality organic seeds and planting materials in the Region | Third Party Certified Production farms | ""📌 Poverty Reduction 📌 Increasing Income for Farmers & Fisherfolk 📌 Enhancing productivity 📌 Improving Food Security and Proper Nutrition 📌 Reducing Import Dependency """
all_programs_2027.xlsx,OAP,Cagayan,2,Aparri,2027,OAP,Organic Agriculture,Production Support Services,Technical Support Services,Production Support Services,On-station seed production and distribution of upland rice seeds,"2,000 kg",68.97,34.48,,ALL PROGRAMS 2027 municipality split,"Ensure the availability of quality organic seeds and planting materials in the Region | Third Party Certified Production farms | ""📌 Poverty Reduction 📌 Increasing Income for Farmers & Fisherfolk 📌 Enhancing productivity 📌 Improving Food Security and Proper Nutrition 📌 Reducing Import Dependency """
all_programs_2027.xlsx,OAP,Cagayan,2,Baggao,2027,OAP,Organic Agriculture,Production Support Services,Technical Support Services,Production Support Services,On-station seed production and distribution of upland rice seeds,"2,000 kg",68.97,34.48,,ALL PROGRAMS 2027 municipality split,"Ensure the availability of quality organic seeds and planting materials in the Region | Third Party Certified Production farms | ""📌 Poverty Reduction 📌 Increasing Income for Farmers & Fisherfolk 📌 Enhancing productivity 📌 Improving Food Security and Proper Nutrition 📌 Reducing Import Dependency """
all_programs_2027.xlsx,OAP,Cagayan,2,Ballesteros,2027,OAP,Organic Agriculture,Production Support Services,Technical Support Services,Production Support Services,On-station seed production and distribution of upland rice seeds,"2,000 kg",68.97,34.48,,ALL PROGRAMS 2027 municipality split,"Ensure the availability of quality organic seeds and planting materials in the Region | Third Party Certified Production farms | ""📌 Poverty Reduction 📌 Increasing Income for Farmers & Fisherfolk 📌 Enhancing productivity 📌 Improving Food Security and Proper Nutrition 📌 Reducing Import Dependency """
all_programs_2027.xlsx,OAP,Cagayan,2,Buguey,2027,OAP,Organic Agriculture,Production Support Services,Technical Support Services,Production Support Services,On-station seed production and distribution of upland rice seeds,"2,000 kg",68.97,34.48,,ALL PROGRAMS 2027 municipality split,"Ensure the availability of quality organic seeds and planting materials in the Region | Third Party Certified Production farms | ""📌 Poverty Reduction 📌 Increasing Income for Farmers & Fisherfolk 📌 Enhancing productivity 📌 Improving Food Security and Proper Nutrition 📌 Reducing Import Dependency """
all_programs_2027.xlsx,OAP,Cagayan,2,Calayan,2027,OAP,Organic Agriculture,Production Support Services,Technical Support Services,Production Support Services,On-station seed production and distribution of upland rice seeds,"2,000 kg",68.97,34.48,,ALL PROGRAMS 2027 municipality split,"Ensure the availability of quality organic seeds and planting materials in the Region | Third Party Certified Production farms | ""📌 Poverty Reduction 📌 Increasing Income for Farmers & Fisherfolk 📌 Enhancing productivity 📌 Improving Food Security and Proper Nutrition 📌 Reducing Import Dependency """
all_programs_2027.xlsx,OAP,Cagayan,2,Camalaniugan,2027,OAP,Organic Agriculture,Production Support Services,Technical Support Services,Production Support Services,On-station seed production and distribution of upland rice seeds,"2,000 kg",68.97,34.48,,ALL PROGRAMS 2027 municipality split,"Ensure the availability of quality organic seeds and planting materials in the Region | Third Party Certified Production farms | ""📌 Poverty Reduction 📌 Increasing Income for Farmers & Fisherfolk 📌 Enhancing productivity 📌 Improving Food Security and Proper Nutrition 📌 Reducing Import Dependency """
all_programs_2027.xlsx,OAP,Cagayan,2,Claveria,2027,OAP,Organic Agriculture,Production Support Services,Technical Support Services,Production Support Services,On-station seed production and distribution of upland rice seeds,"2,000 kg",68.97,34.48,,ALL PROGRAMS 2027 municipality split,"Ensure the availability of quality organic seeds and planting materials in the Region | Third Party Certified Production farms | ""📌 Poverty Reduction 📌 Increasing Income for Farmers & Fisherfolk 📌 Enhancing productivity 📌 Improving Food Security and Proper Nutrition 📌 Reducing Import Dependency """
all_programs_2027.xlsx,OAP,Cagayan,2,Enrile,2027,OAP,Organic Agriculture,Production Support Services,Technical Support Services,Production Support Services,On-station seed production and distribution of upland rice seeds,"2,000 kg",68.97,34.48,,ALL PROGRAMS 2027 municipality split,"Ensure the availability of quality organic seeds and planting materials in the Region | Third Party Certified Production farms | ""📌 Poverty Reduction 📌 Increasing Income for Farmers & Fisherfolk 📌 Enhancing productivity 📌 Improving Food Security and Proper Nutrition 📌 Reducing Import Dependency """
all_programs_2027.xlsx,OAP,Cagayan,2,Gattaran,2027,OAP,Organic Agriculture,Production Support Services,Technical Support Services,Production Support Services,On-station seed production and distribution of upland rice seeds,"2,000 kg",68.97,34.48,,ALL PROGRAMS 2027 municipality split,"Ensure the availability of quality organic seeds and planting materials in the Region | Third Party Certified Production farms | ""📌 Poverty Reduction 📌 Increasing Income for Farmers & Fisherfolk 📌 Enhancing productivity 📌 Improving Food Security and Proper Nutrition 📌 Reducing Import Dependency """
all_programs_2027.xlsx,OAP,Cagayan,2,Gonzaga,2027,OAP,Organic Agriculture,Production Support Services,Technical Support Services,Production Support Services,On-station seed production and distribution of upland rice seeds,"2,000 kg",68.97,34.48,,ALL PROGRAMS 2027 municipality split,"Ensure the availability of quality organic seeds and planting materials in the Region | Third Party Certified Production farms | ""📌 Poverty Reduction 📌 Increasing Income for Farmers & Fisherfolk 📌 Enhancing productivity 📌 Improving Food Security and Proper Nutrition 📌 Reducing Import Dependency """
all_programs_2027.xlsx,OAP,Cagayan,2,Iguig,2027,OAP,Organic Agriculture,Production Support Services,Technical Support Services,Production Support Services,On-station seed production and distribution of upland rice seeds,"2,000 kg",68.97,34.48,,ALL PROGRAMS 2027 municipality split,"Ensure the availability of quality organic seeds and planting materials in the Region | Third Party Certified Production farms | ""📌 Poverty Reduction 📌 Increasing Income for Farmers & Fisherfolk 📌 Enhancing productivity 📌 Improving Food Security and Proper Nutrition 📌 Reducing Import Dependency """
all_programs_2027.xlsx,OAP,Cagayan,2,Lal-lo,2027,OAP,Organic Agriculture,Production Support Services,Technical Support Services,Production Support Services,On-station seed production and distribution of upland rice seeds,"2,000 kg",68.97,34.48,,ALL PROGRAMS 2027 municipality split,"Ensure the availability of quality organic seeds and planting materials in the Region | Third Party Certified Production farms | ""📌 Poverty Reduction 📌 Increasing Income for Farmers & Fisherfolk 📌 Enhancing productivity 📌 Improving Food Security and Proper Nutrition 📌 Reducing Import Dependency """
all_programs_2027.xlsx,OAP,Cagayan,2,Lasam,2027,OAP,Organic Agriculture,Production Support Services,Technical Support Services,Production Support Services,On-station seed production and distribution of upland rice seeds,"2,000 kg",68.97,34.48,,ALL PROGRAMS 2027 municipality split,"Ensure the availability of quality organic seeds and planting materials in the Region | Third Party Certified Production farms | ""📌 Poverty Reduction 📌 Increasing Income for Farmers & Fisherfolk 📌 Enhancing productivity 📌 Improving Food Security and Proper Nutrition 📌 Reducing Import Dependency """
all_programs_2027.xlsx,OAP,Cagayan,2,Pamplona,2027,OAP,Organic Agriculture,Production Support Services,Technical Support Services,Production Support Services,On-station seed production and distribution of upland rice seeds,"2,000 kg",68.97,34.48,,ALL PROGRAMS 2027 municipality split,"Ensure the availability of quality organic seeds and planting materials in the Region | Third Party Certified Production farms | ""📌 Poverty Reduction 📌 Increasing Income for Farmers & Fisherfolk 📌 Enhancing productivity 📌 Improving Food Security and Proper Nutrition 📌 Reducing Import Dependency """
all_programs_2027.xlsx,OAP,Cagayan,2,Pe?ablanca,2027,OAP,Organic Agriculture,Production Support Services,Technical Support Services,Production Support Services,On-station seed production and distribution of upland rice seeds,"2,000 kg",68.97,34.48,,ALL PROGRAMS 2027 municipality split,"Ensure the availability of quality organic seeds and planting materials in the Region | Third Party Certified Production farms | ""📌 Poverty Reduction 📌 Increasing Income for Farmers & Fisherfolk 📌 Enhancing productivity 📌 Improving Food Security and Proper Nutrition 📌 Reducing Import Dependency """
all_programs_2027.xlsx,OAP,Cagayan,2,Piat,2027,OAP,Organic Agriculture,Production Support Services,Technical Support Services,Production Support Services,On-station seed production and distribution of upland rice seeds,"2,000 kg",68.97,34.48,,ALL PROGRAMS 2027 municipality split,"Ensure the availability of quality organic seeds and planting materials in the Region | Third Party Certified Production farms | ""📌 Poverty Reduction 📌 Increasing Income for Farmers & Fisherfolk 📌 Enhancing productivity 📌 Improving Food Security and Proper Nutrition 📌 Reducing Import Dependency """
all_programs_2027.xlsx,OAP,Cagayan,2,Rizal,2027,OAP,Organic Agriculture,Production Support Services,Technical Support Services,Production Support Services,On-station seed production and distribution of upland rice seeds,"2,000 kg",68.97,34.48,,ALL PROGRAMS 2027 municipality split,"Ensure the availability of quality organic seeds and planting materials in the Region | Third Party Certified Production farms | ""📌 Poverty Reduction 📌 Increasing Income for Farmers & Fisherfolk 📌 Enhancing productivity 📌 Improving Food Security and Proper Nutrition 📌 Reducing Import Dependency """
all_programs_2027.xlsx,OAP,Cagayan,2,Sanchez Mira,2027,OAP,Organic Agriculture,Production Support Services,Technical Support Services,Production Support Services,On-station seed production and distribution of upland rice seeds,"2,000 kg",68.97,34.48,,ALL PROGRAMS 2027 municipality split,"Ensure the availability of quality organic seeds and planting materials in the Region | Third Party Certified Production farms | ""📌 Poverty Reduction 📌 Increasing Income for Farmers & Fisherfolk 📌 Enhancing productivity 📌 Improving Food Security and Proper Nutrition 📌 Reducing Import Dependency """
all_programs_2027.xlsx,OAP,Cagayan,2,Santa Ana,2027,OAP,Organic Agriculture,Production Support Services,Technical Support Services,Production Support Services,On-station seed production and distribution of upland rice seeds,"2,000 kg",68.97,34.48,,ALL PROGRAMS 2027 municipality split,"Ensure the availability of quality organic seeds and planting materials in the Region | Third Party Certified Production farms | ""📌 Poverty Reduction 📌 Increasing Income for Farmers & Fisherfolk 📌 Enhancing productivity 📌 Improving Food Security and Proper Nutrition 📌 Reducing Import Dependency """
all_programs_2027.xlsx,OAP,Cagayan,2,Santa Praxedes,2027,OAP,Organic Agriculture,Production Support Services,Technical Support Services,Production Support Services,On-station seed production and distribution of upland rice seeds,"2,000 kg",68.97,34.48,,ALL PROGRAMS 2027 municipality split,"Ensure the availability of quality organic seeds and planting materials in the Region | Third Party Certified Production farms | ""📌 Poverty Reduction 📌 Increasing Income for Farmers & Fisherfolk 📌 Enhancing productivity 📌 Improving Food Security and Proper Nutrition 📌 Reducing Import Dependency """
all_programs_2027.xlsx,OAP,Cagayan,2,Santa Teresita,2027,OAP,Organic Agriculture,Production Support Services,Technical Support Services,Production Support Services,On-station seed production and distribution of upland rice seeds,"2,000 kg",68.97,34.48,,ALL PROGRAMS 2027 municipality split,"Ensure the availability of quality organic seeds and planting materials in the Region | Third Party Certified Production farms | ""📌 Poverty Reduction 📌 Increasing Income for Farmers & Fisherfolk 📌 Enhancing productivity 📌 Improving Food Security and Proper Nutrition 📌 Reducing Import Dependency """
all_programs_2027.xlsx,OAP,Cagayan,2,Santo Ni?o (Faire),2027,OAP,Organic Agriculture,Production Support Services,Technical Support Services,Production Support Services,On-station seed production and distribution of upland rice seeds,"2,000 kg",68.97,34.48,,ALL PROGRAMS 2027 municipality split,"Ensure the availability of quality organic seeds and planting materials in the Region | Third Party Certified Production farms | ""📌 Poverty Reduction 📌 Increasing Income for Farmers & Fisherfolk 📌 Enhancing productivity 📌 Improving Food Security and Proper Nutrition 📌 Reducing Import Dependency """
all_programs_2027.xlsx,OAP,Cagayan,2,Solana,2027,OAP,Organic Agriculture,Production Support Services,Technical Support Services,Production Support Services,On-station seed production and distribution of upland rice seeds,"2,000 kg",68.97,34.48,,ALL PROGRAMS 2027 municipality split,"Ensure the availability of quality organic seeds and planting materials in the Region | Third Party Certified Production farms | ""📌 Poverty Reduction 📌 Increasing Income for Farmers & Fisherfolk 📌 Enhancing productivity 📌 Improving Food Security and Proper Nutrition 📌 Reducing Import Dependency """
all_programs_2027.xlsx,OAP,Cagayan,2,Tuao,2027,OAP,Organic Agriculture,Production Support Services,Technical Support Services,Production Support Services,On-station seed production and distribution of upland rice seeds,"2,000 kg",68.97,34.48,,ALL PROGRAMS 2027 municipality split,"Ensure the availability of quality organic seeds and planting materials in the Region | Third Party Certified Production farms | ""📌 Poverty Reduction 📌 Increasing Income for Farmers & Fisherfolk 📌 Enhancing productivity 📌 Improving Food Security and Proper Nutrition 📌 Reducing Import Dependency """
all_programs_2027.xlsx,OAP,Cagayan,2,Tuguegarao City (Capital),2027,OAP,Organic Agriculture,Production Support Services,Technical Support Services,Production Support Services,On-station seed production and distribution of upland rice seeds,"2,000 kg",68.97,34.48,,ALL PROGRAMS 2027 municipality split,"Ensure the availability of quality organic seeds and planting materials in the Region | Third Party Certified Production farms | ""📌 Poverty Reduction 📌 Increasing Income for Farmers & Fisherfolk 📌 Enhancing productivity 📌 Improving Food Security and Proper Nutrition 📌 Reducing Import Dependency """
all_programs_2027.xlsx,OAP,Nueva Vizcaya,LONE,Alfonso Castaneda,2027,OAP,Organic Agriculture,Production Support Services,Technical Support Services,Production Support Services,On-station seed production and distribution of peanut seeds,200 Kg,13.33,33.33,,ALL PROGRAMS 2027 municipality split,"Ensure the availability of quality organic seeds and planting materials in the Region | Third Party Certified Production farms | """"""📌 Poverty Reduction 📌 Increasing Income for Farmers & Fisherfolk 📌 Enhancing productivity 📌 Improving Food Security and Proper Nutrition 📌 Reducing Import Dependency """""""
all_programs_2027.xlsx,OAP,Nueva Vizcaya,LONE,Ambaguio,2027,OAP,Organic Agriculture,Production Support Services,Technical Support Services,Production Support Services,On-station seed production and distribution of peanut seeds,200 Kg,13.33,33.33,,ALL PROGRAMS 2027 municipality split,"Ensure the availability of quality organic seeds and planting materials in the Region | Third Party Certified Production farms | """"""📌 Poverty Reduction 📌 Increasing Income for Farmers & Fisherfolk 📌 Enhancing productivity 📌 Improving Food Security and Proper Nutrition 📌 Reducing Import Dependency """""""
all_programs_2027.xlsx,OAP,Nueva Vizcaya,LONE,Aritao,2027,OAP,Organic Agriculture,Production Support Services,Technical Support Services,Production Support Services,On-station seed production and distribution of peanut seeds,200 Kg,13.33,33.33,,ALL PROGRAMS 2027 municipality split,"Ensure the availability of quality organic seeds and planting materials in the Region | Third Party Certified Production farms | """"""📌 Poverty Reduction 📌 Increasing Income for Farmers & Fisherfolk 📌 Enhancing productivity 📌 Improving Food Security and Proper Nutrition 📌 Reducing Import Dependency """""""
all_programs_2027.xlsx,OAP,Nueva Vizcaya,LONE,Bagabag,2027,OAP,Organic Agriculture,Production Support Services,Technical Support Services,Production Support Services,On-station seed production and distribution of peanut seeds,200 Kg,13.33,33.33,,ALL PROGRAMS 2027 municipality split,"Ensure the availability of quality organic seeds and planting materials in the Region | Third Party Certified Production farms | """"""📌 Poverty Reduction 📌 Increasing Income for Farmers & Fisherfolk 📌 Enhancing productivity 📌 Improving Food Security and Proper Nutrition 📌 Reducing Import Dependency """""""
all_programs_2027.xlsx,OAP,Nueva Vizcaya,LONE,Bambang,2027,OAP,Organic Agriculture,Production Support Services,Technical Support Services,Production Support Services,On-station seed production and distribution of peanut seeds,200 Kg,13.33,33.33,,ALL PROGRAMS 2027 municipality split,"Ensure the availability of quality organic seeds and planting materials in the Region | Third Party Certified Production farms | """"""📌 Poverty Reduction 📌 Increasing Income for Farmers & Fisherfolk 📌 Enhancing productivity 📌 Improving Food Security and Proper Nutrition 📌 Reducing Import Dependency """""""
all_programs_2027.xlsx,OAP,Nueva Vizcaya,LONE,Bayombong (Capital),2027,OAP,Organic Agriculture,Production Support Services,Technical Support Services,Production Support Services,On-station seed production and distribution of peanut seeds,200 Kg,13.33,33.33,,ALL PROGRAMS 2027 municipality split,"Ensure the availability of quality organic seeds and planting materials in the Region | Third Party Certified Production farms | """"""📌 Poverty Reduction 📌 Increasing Income for Farmers & Fisherfolk 📌 Enhancing productivity 📌 Improving Food Security and Proper Nutrition 📌 Reducing Import Dependency """""""
all_programs_2027.xlsx,OAP,Nueva Vizcaya,LONE,Diadi,2027,OAP,Organic Agriculture,Production Support Services,Technical Support Services,Production Support Services,On-station seed production and distribution of peanut seeds,200 Kg,13.33,33.33,,ALL PROGRAMS 2027 municipality split,"Ensure the availability of quality organic seeds and planting materials in the Region | Third Party Certified Production farms | """"""📌 Poverty Reduction 📌 Increasing Income for Farmers & Fisherfolk 📌 Enhancing productivity 📌 Improving Food Security and Proper Nutrition 📌 Reducing Import Dependency """""""
all_programs_2027.xlsx,OAP,Nueva Vizcaya,LONE,Dupax del Norte,2027,OAP,Organic Agriculture,Production Support Services,Technical Support Services,Production Support Services,On-station seed production and distribution of peanut seeds,200 Kg,13.33,33.33,,ALL PROGRAMS 2027 municipality split,"Ensure the availability of quality organic seeds and planting materials in the Region | Third Party Certified Production farms | """"""📌 Poverty Reduction 📌 Increasing Income for Farmers & Fisherfolk 📌 Enhancing productivity 📌 Improving Food Security and Proper Nutrition 📌 Reducing Import Dependency """""""
all_programs_2027.xlsx,OAP,Nueva Vizcaya,LONE,Dupax del Sur,2027,OAP,Organic Agriculture,Production Support Services,Technical Support Services,Production Support Services,On-station seed production and distribution of peanut seeds,200 Kg,13.33,33.33,,ALL PROGRAMS 2027 municipality split,"Ensure the availability of quality organic seeds and planting materials in the Region | Third Party Certified Production farms | """"""📌 Poverty Reduction 📌 Increasing Income for Farmers & Fisherfolk 📌 Enhancing productivity 📌 Improving Food Security and Proper Nutrition 📌 Reducing Import Dependency """""""
all_programs_2027.xlsx,OAP,Nueva Vizcaya,LONE,Kasibu,2027,OAP,Organic Agriculture,Production Support Services,Technical Support Services,Production Support Services,On-station seed production and distribution of peanut seeds,200 Kg,13.33,33.33,,ALL PROGRAMS 2027 municipality split,"Ensure the availability of quality organic seeds and planting materials in the Region | Third Party Certified Production farms | """"""📌 Poverty Reduction 📌 Increasing Income for Farmers & Fisherfolk 📌 Enhancing productivity 📌 Improving Food Security and Proper Nutrition 📌 Reducing Import Dependency """""""
all_programs_2027.xlsx,OAP,Nueva Vizcaya,LONE,Kayapa,2027,OAP,Organic Agriculture,Production Support Services,Technical Support Services,Production Support Services,On-station seed production and distribution of peanut seeds,200 Kg,13.33,33.33,,ALL PROGRAMS 2027 municipality split,"Ensure the availability of quality organic seeds and planting materials in the Region | Third Party Certified Production farms | """"""📌 Poverty Reduction 📌 Increasing Income for Farmers & Fisherfolk 📌 Enhancing productivity 📌 Improving Food Security and Proper Nutrition 📌 Reducing Import Dependency """""""
all_programs_2027.xlsx,OAP,Nueva Vizcaya,LONE,Quezon,2027,OAP,Organic Agriculture,Production Support Services,Technical Support Services,Production Support Services,On-station seed production and distribution of peanut seeds,200 Kg,13.33,33.33,,ALL PROGRAMS 2027 municipality split,"Ensure the availability of quality organic seeds and planting materials in the Region | Third Party Certified Production farms | """"""📌 Poverty Reduction 📌 Increasing Income for Farmers & Fisherfolk 📌 Enhancing productivity 📌 Improving Food Security and Proper Nutrition 📌 Reducing Import Dependency """""""
all_programs_2027.xlsx,OAP,Nueva Vizcaya,LONE,Santa Fe,2027,OAP,Organic Agriculture,Production Support Services,Technical Support Services,Production Support Services,On-station seed production and distribution of peanut seeds,200 Kg,13.33,33.33,,ALL PROGRAMS 2027 municipality split,"Ensure the availability of quality organic seeds and planting materials in the Region | Third Party Certified Production farms | """"""📌 Poverty Reduction 📌 Increasing Income for Farmers & Fisherfolk 📌 Enhancing productivity 📌 Improving Food Security and Proper Nutrition 📌 Reducing Import Dependency """""""
all_programs_2027.xlsx,OAP,Nueva Vizcaya,LONE,Solano,2027,OAP,Organic Agriculture,Production Support Services,Technical Support Services,Production Support Services,On-station seed production and distribution of peanut seeds,200 Kg,13.33,33.33,,ALL PROGRAMS 2027 municipality split,"Ensure the availability of quality organic seeds and planting materials in the Region | Third Party Certified Production farms | """"""📌 Poverty Reduction 📌 Increasing Income for Farmers & Fisherfolk 📌 Enhancing productivity 📌 Improving Food Security and Proper Nutrition 📌 Reducing Import Dependency """""""
all_programs_2027.xlsx,OAP,Nueva Vizcaya,LONE,Villaverde,2027,OAP,Organic Agriculture,Production Support Services,Technical Support Services,Production Support Services,On-station seed production and distribution of peanut seeds,200 Kg,13.33,33.33,,ALL PROGRAMS 2027 municipality split,"Ensure the availability of quality organic seeds and planting materials in the Region | Third Party Certified Production farms | """"""📌 Poverty Reduction 📌 Increasing Income for Farmers & Fisherfolk 📌 Enhancing productivity 📌 Improving Food Security and Proper Nutrition 📌 Reducing Import Dependency """""""
all_programs_2027.xlsx,OAP,Cagayan,3,Abulug,2027,OAP,Organic Agriculture,Production Support Services,Technical Support Services,Production Support Services,On-station seed production and distribution of Assorted vegetable seedlings,30000 Pcs,1034.48,10.34,,ALL PROGRAMS 2027 municipality split,"Ensure the availability of quality organic seeds and planting materials in the Region | Third Party Certified Production farms | """"""📌 Poverty Reduction 📌 Increasing Income for Farmers & Fisherfolk 📌 Enhancing productivity 📌 Improving Food Security and Proper Nutrition 📌 Reducing Import Dependency """""""
all_programs_2027.xlsx,OAP,Cagayan,3,Alcala,2027,OAP,Organic Agriculture,Production Support Services,Technical Support Services,Production Support Services,On-station seed production and distribution of Assorted vegetable seedlings,30000 Pcs,1034.48,10.34,,ALL PROGRAMS 2027 municipality split,"Ensure the availability of quality organic seeds and planting materials in the Region | Third Party Certified Production farms | """"""📌 Poverty Reduction 📌 Increasing Income for Farmers & Fisherfolk 📌 Enhancing productivity 📌 Improving Food Security and Proper Nutrition 📌 Reducing Import Dependency """""""
all_programs_2027.xlsx,OAP,Cagayan,3,Allacapan,2027,OAP,Organic Agriculture,Production Support Services,Technical Support Services,Production Support Services,On-station seed production and distribution of Assorted vegetable seedlings,30000 Pcs,1034.48,10.34,,ALL PROGRAMS 2027 municipality split,"Ensure the availability of quality organic seeds and planting materials in the Region | Third Party Certified Production farms | """"""📌 Poverty Reduction 📌 Increasing Income for Farmers & Fisherfolk 📌 Enhancing productivity 📌 Improving Food Security and Proper Nutrition 📌 Reducing Import Dependency """""""
all_programs_2027.xlsx,OAP,Cagayan,3,Amulung,2027,OAP,Organic Agriculture,Production Support Services,Technical Support Services,Production Support Services,On-station seed production and distribution of Assorted vegetable seedlings,30000 Pcs,1034.48,10.34,,ALL PROGRAMS 2027 municipality split,"Ensure the availability of quality organic seeds and planting materials in the Region | Third Party Certified Production farms | """"""📌 Poverty Reduction 📌 Increasing Income for Farmers & Fisherfolk 📌 Enhancing productivity 📌 Improving Food Security and Proper Nutrition 📌 Reducing Import Dependency """""""
all_programs_2027.xlsx,OAP,Cagayan,3,Aparri,2027,OAP,Organic Agriculture,Production Support Services,Technical Support Services,Production Support Services,On-station seed production and distribution of Assorted vegetable seedlings,30000 Pcs,1034.48,10.34,,ALL PROGRAMS 2027 municipality split,"Ensure the availability of quality organic seeds and planting materials in the Region | Third Party Certified Production farms | """"""📌 Poverty Reduction 📌 Increasing Income for Farmers & Fisherfolk 📌 Enhancing productivity 📌 Improving Food Security and Proper Nutrition 📌 Reducing Import Dependency """""""
all_programs_2027.xlsx,OAP,Cagayan,3,Baggao,2027,OAP,Organic Agriculture,Production Support Services,Technical Support Services,Production Support Services,On-station seed production and distribution of Assorted vegetable seedlings,30000 Pcs,1034.48,10.34,,ALL PROGRAMS 2027 municipality split,"Ensure the availability of quality organic seeds and planting materials in the Region | Third Party Certified Production farms | """"""📌 Poverty Reduction 📌 Increasing Income for Farmers & Fisherfolk 📌 Enhancing productivity 📌 Improving Food Security and Proper Nutrition 📌 Reducing Import Dependency """""""
all_programs_2027.xlsx,OAP,Cagayan,3,Ballesteros,2027,OAP,Organic Agriculture,Production Support Services,Technical Support Services,Production Support Services,On-station seed production and distribution of Assorted vegetable seedlings,30000 Pcs,1034.48,10.34,,ALL PROGRAMS 2027 municipality split,"Ensure the availability of quality organic seeds and planting materials in the Region | Third Party Certified Production farms | """"""📌 Poverty Reduction 📌 Increasing Income for Farmers & Fisherfolk 📌 Enhancing productivity 📌 Improving Food Security and Proper Nutrition 📌 Reducing Import Dependency """""""
all_programs_2027.xlsx,OAP,Cagayan,3,Buguey,2027,OAP,Organic Agriculture,Production Support Services,Technical Support Services,Production Support Services,On-station seed production and distribution of Assorted vegetable seedlings,30000 Pcs,1034.48,10.34,,ALL PROGRAMS 2027 municipality split,"Ensure the availability of quality organic seeds and planting materials in the Region | Third Party Certified Production farms | """"""📌 Poverty Reduction 📌 Increasing Income for Farmers & Fisherfolk 📌 Enhancing productivity 📌 Improving Food Security and Proper Nutrition 📌 Reducing Import Dependency """""""
all_programs_2027.xlsx,OAP,Cagayan,3,Calayan,2027,OAP,Organic Agriculture,Production Support Services,Technical Support Services,Production Support Services,On-station seed production and distribution of Assorted vegetable seedlings,30000 Pcs,1034.48,10.34,,ALL PROGRAMS 2027 municipality split,"Ensure the availability of quality organic seeds and planting materials in the Region | Third Party Certified Production farms | """"""📌 Poverty Reduction 📌 Increasing Income for Farmers & Fisherfolk 📌 Enhancing productivity 📌 Improving Food Security and Proper Nutrition 📌 Reducing Import Dependency """""""
all_programs_2027.xlsx,OAP,Cagayan,3,Camalaniugan,2027,OAP,Organic Agriculture,Production Support Services,Technical Support Services,Production Support Services,On-station seed production and distribution of Assorted vegetable seedlings,30000 Pcs,1034.48,10.34,,ALL PROGRAMS 2027 municipality split,"Ensure the availability of quality organic seeds and planting materials in the Region | Third Party Certified Production farms | """"""📌 Poverty Reduction 📌 Increasing Income for Farmers & Fisherfolk 📌 Enhancing productivity 📌 Improving Food Security and Proper Nutrition 📌 Reducing Import Dependency """""""
all_programs_2027.xlsx,OAP,Cagayan,3,Claveria,2027,OAP,Organic Agriculture,Production Support Services,Technical Support Services,Production Support Services,On-station seed production and distribution of Assorted vegetable seedlings,30000 Pcs,1034.48,10.34,,ALL PROGRAMS 2027 municipality split,"Ensure the availability of quality organic seeds and planting materials in the Region | Third Party Certified Production farms | """"""📌 Poverty Reduction 📌 Increasing Income for Farmers & Fisherfolk 📌 Enhancing productivity 📌 Improving Food Security and Proper Nutrition 📌 Reducing Import Dependency """""""
all_programs_2027.xlsx,OAP,Cagayan,3,Enrile,2027,OAP,Organic Agriculture,Production Support Services,Technical Support Services,Production Support Services,On-station seed production and distribution of Assorted vegetable seedlings,30000 Pcs,1034.48,10.34,,ALL PROGRAMS 2027 municipality split,"Ensure the availability of quality organic seeds and planting materials in the Region | Third Party Certified Production farms | """"""📌 Poverty Reduction 📌 Increasing Income for Farmers & Fisherfolk 📌 Enhancing productivity 📌 Improving Food Security and Proper Nutrition 📌 Reducing Import Dependency """""""
all_programs_2027.xlsx,OAP,Cagayan,3,Gattaran,2027,OAP,Organic Agriculture,Production Support Services,Technical Support Services,Production Support Services,On-station seed production and distribution of Assorted vegetable seedlings,30000 Pcs,1034.48,10.34,,ALL PROGRAMS 2027 municipality split,"Ensure the availability of quality organic seeds and planting materials in the Region | Third Party Certified Production farms | """"""📌 Poverty Reduction 📌 Increasing Income for Farmers & Fisherfolk 📌 Enhancing productivity 📌 Improving Food Security and Proper Nutrition 📌 Reducing Import Dependency """""""
all_programs_2027.xlsx,OAP,Cagayan,3,Gonzaga,2027,OAP,Organic Agriculture,Production Support Services,Technical Support Services,Production Support Services,On-station seed production and distribution of Assorted vegetable seedlings,30000 Pcs,1034.48,10.34,,ALL PROGRAMS 2027 municipality split,"Ensure the availability of quality organic seeds and planting materials in the Region | Third Party Certified Production farms | """"""📌 Poverty Reduction 📌 Increasing Income for Farmers & Fisherfolk 📌 Enhancing productivity 📌 Improving Food Security and Proper Nutrition 📌 Reducing Import Dependency """""""
all_programs_2027.xlsx,OAP,Cagayan,3,Iguig,2027,OAP,Organic Agriculture,Production Support Services,Technical Support Services,Production Support Services,On-station seed production and distribution of Assorted vegetable seedlings,30000 Pcs,1034.48,10.34,,ALL PROGRAMS 2027 municipality split,"Ensure the availability of quality organic seeds and planting materials in the Region | Third Party Certified Production farms | """"""📌 Poverty Reduction 📌 Increasing Income for Farmers & Fisherfolk 📌 Enhancing productivity 📌 Improving Food Security and Proper Nutrition 📌 Reducing Import Dependency """""""
all_programs_2027.xlsx,OAP,Cagayan,3,Lal-lo,2027,OAP,Organic Agriculture,Production Support Services,Technical Support Services,Production Support Services,On-station seed production and distribution of Assorted vegetable seedlings,30000 Pcs,1034.48,10.34,,ALL PROGRAMS 2027 municipality split,"Ensure the availability of quality organic seeds and planting materials in the Region | Third Party Certified Production farms | """"""📌 Poverty Reduction 📌 Increasing Income for Farmers & Fisherfolk 📌 Enhancing productivity 📌 Improving Food Security and Proper Nutrition 📌 Reducing Import Dependency """""""
all_programs_2027.xlsx,OAP,Cagayan,3,Lasam,2027,OAP,Organic Agriculture,Production Support Services,Technical Support Services,Production Support Services,On-station seed production and distribution of Assorted vegetable seedlings,30000 Pcs,1034.48,10.34,,ALL PROGRAMS 2027 municipality split,"Ensure the availability of quality organic seeds and planting materials in the Region | Third Party Certified Production farms | """"""📌 Poverty Reduction 📌 Increasing Income for Farmers & Fisherfolk 📌 Enhancing productivity 📌 Improving Food Security and Proper Nutrition 📌 Reducing Import Dependency """""""
all_programs_2027.xlsx,OAP,Cagayan,3,Pamplona,2027,OAP,Organic Agriculture,Production Support Services,Technical Support Services,Production Support Services,On-station seed production and distribution of Assorted vegetable seedlings,30000 Pcs,1034.48,10.34,,ALL PROGRAMS 2027 municipality split,"Ensure the availability of quality organic seeds and planting materials in the Region | Third Party Certified Production farms | """"""📌 Poverty Reduction 📌 Increasing Income for Farmers & Fisherfolk 📌 Enhancing productivity 📌 Improving Food Security and Proper Nutrition 📌 Reducing Import Dependency """""""
all_programs_2027.xlsx,OAP,Cagayan,3,Pe?ablanca,2027,OAP,Organic Agriculture,Production Support Services,Technical Support Services,Production Support Services,On-station seed production and distribution of Assorted vegetable seedlings,30000 Pcs,1034.48,10.34,,ALL PROGRAMS 2027 municipality split,"Ensure the availability of quality organic seeds and planting materials in the Region | Third Party Certified Production farms | """"""📌 Poverty Reduction 📌 Increasing Income for Farmers & Fisherfolk 📌 Enhancing productivity 📌 Improving Food Security and Proper Nutrition 📌 Reducing Import Dependency """""""
all_programs_2027.xlsx,OAP,Cagayan,3,Piat,2027,OAP,Organic Agriculture,Production Support Services,Technical Support Services,Production Support Services,On-station seed production and distribution of Assorted vegetable seedlings,30000 Pcs,1034.48,10.34,,ALL PROGRAMS 2027 municipality split,"Ensure the availability of quality organic seeds and planting materials in the Region | Third Party Certified Production farms | """"""📌 Poverty Reduction 📌 Increasing Income for Farmers & Fisherfolk 📌 Enhancing productivity 📌 Improving Food Security and Proper Nutrition 📌 Reducing Import Dependency """""""
all_programs_2027.xlsx,OAP,Cagayan,3,Rizal,2027,OAP,Organic Agriculture,Production Support Services,Technical Support Services,Production Support Services,On-station seed production and distribution of Assorted vegetable seedlings,30000 Pcs,1034.48,10.34,,ALL PROGRAMS 2027 municipality split,"Ensure the availability of quality organic seeds and planting materials in the Region | Third Party Certified Production farms | """"""📌 Poverty Reduction 📌 Increasing Income for Farmers & Fisherfolk 📌 Enhancing productivity 📌 Improving Food Security and Proper Nutrition 📌 Reducing Import Dependency """""""
all_programs_2027.xlsx,OAP,Cagayan,3,Sanchez Mira,2027,OAP,Organic Agriculture,Production Support Services,Technical Support Services,Production Support Services,On-station seed production and distribution of Assorted vegetable seedlings,30000 Pcs,1034.48,10.34,,ALL PROGRAMS 2027 municipality split,"Ensure the availability of quality organic seeds and planting materials in the Region | Third Party Certified Production farms | """"""📌 Poverty Reduction 📌 Increasing Income for Farmers & Fisherfolk 📌 Enhancing productivity 📌 Improving Food Security and Proper Nutrition 📌 Reducing Import Dependency """""""
all_programs_2027.xlsx,OAP,Cagayan,3,Santa Ana,2027,OAP,Organic Agriculture,Production Support Services,Technical Support Services,Production Support Services,On-station seed production and distribution of Assorted vegetable seedlings,30000 Pcs,1034.48,10.34,,ALL PROGRAMS 2027 municipality split,"Ensure the availability of quality organic seeds and planting materials in the Region | Third Party Certified Production farms | """"""📌 Poverty Reduction 📌 Increasing Income for Farmers & Fisherfolk 📌 Enhancing productivity 📌 Improving Food Security and Proper Nutrition 📌 Reducing Import Dependency """""""
all_programs_2027.xlsx,OAP,Cagayan,3,Santa Praxedes,2027,OAP,Organic Agriculture,Production Support Services,Technical Support Services,Production Support Services,On-station seed production and distribution of Assorted vegetable seedlings,30000 Pcs,1034.48,10.34,,ALL PROGRAMS 2027 municipality split,"Ensure the availability of quality organic seeds and planting materials in the Region | Third Party Certified Production farms | """"""📌 Poverty Reduction 📌 Increasing Income for Farmers & Fisherfolk 📌 Enhancing productivity 📌 Improving Food Security and Proper Nutrition 📌 Reducing Import Dependency """""""
all_programs_2027.xlsx,OAP,Cagayan,3,Santa Teresita,2027,OAP,Organic Agriculture,Production Support Services,Technical Support Services,Production Support Services,On-station seed production and distribution of Assorted vegetable seedlings,30000 Pcs,1034.48,10.34,,ALL PROGRAMS 2027 municipality split,"Ensure the availability of quality organic seeds and planting materials in the Region | Third Party Certified Production farms | """"""📌 Poverty Reduction 📌 Increasing Income for Farmers & Fisherfolk 📌 Enhancing productivity 📌 Improving Food Security and Proper Nutrition 📌 Reducing Import Dependency """""""
all_programs_2027.xlsx,OAP,Cagayan,3,Santo Ni?o (Faire),2027,OAP,Organic Agriculture,Production Support Services,Technical Support Services,Production Support Services,On-station seed production and distribution of Assorted vegetable seedlings,30000 Pcs,1034.48,10.34,,ALL PROGRAMS 2027 municipality split,"Ensure the availability of quality organic seeds and planting materials in the Region | Third Party Certified Production farms | """"""📌 Poverty Reduction 📌 Increasing Income for Farmers & Fisherfolk 📌 Enhancing productivity 📌 Improving Food Security and Proper Nutrition 📌 Reducing Import Dependency """""""
all_programs_2027.xlsx,OAP,Cagayan,3,Solana,2027,OAP,Organic Agriculture,Production Support Services,Technical Support Services,Production Support Services,On-station seed production and distribution of Assorted vegetable seedlings,30000 Pcs,1034.48,10.34,,ALL PROGRAMS 2027 municipality split,"Ensure the availability of quality organic seeds and planting materials in the Region | Third Party Certified Production farms | """"""📌 Poverty Reduction 📌 Increasing Income for Farmers & Fisherfolk 📌 Enhancing productivity 📌 Improving Food Security and Proper Nutrition 📌 Reducing Import Dependency """""""
all_programs_2027.xlsx,OAP,Cagayan,3,Tuao,2027,OAP,Organic Agriculture,Production Support Services,Technical Support Services,Production Support Services,On-station seed production and distribution of Assorted vegetable seedlings,30000 Pcs,1034.48,10.34,,ALL PROGRAMS 2027 municipality split,"Ensure the availability of quality organic seeds and planting materials in the Region | Third Party Certified Production farms | """"""📌 Poverty Reduction 📌 Increasing Income for Farmers & Fisherfolk 📌 Enhancing productivity 📌 Improving Food Security and Proper Nutrition 📌 Reducing Import Dependency """""""
all_programs_2027.xlsx,OAP,Cagayan,3,Tuguegarao City (Capital),2027,OAP,Organic Agriculture,Production Support Services,Technical Support Services,Production Support Services,On-station seed production and distribution of Assorted vegetable seedlings,30000 Pcs,1034.48,10.34,,ALL PROGRAMS 2027 municipality split,"Ensure the availability of quality organic seeds and planting materials in the Region | Third Party Certified Production farms | """"""📌 Poverty Reduction 📌 Increasing Income for Farmers & Fisherfolk 📌 Enhancing productivity 📌 Improving Food Security and Proper Nutrition 📌 Reducing Import Dependency """""""
all_programs_2027.xlsx,NUPAP,Isabela,5,Roxas,2027,NUPAP,Urban and Peri-Urban Agriculture,AMEFIP,Other Functions,AMEFIP,Greenhouse with Drip Irrigation,1,1.00,2200.00,,ALL PROGRAMS 2027 municipality split,- Enhancing productivity - Improving Food Security and Proper Nutrition
all_programs_2027.xlsx,NUPAP,Cagayan,2,Pamplona,2027,NUPAP,Urban and Peri-Urban Agriculture,AMEFIP,Other Functions,AMEFIP,Nursery,1,1.00,2180.00,,ALL PROGRAMS 2027 municipality split,- Enhancing productivity - Improving Food Security and Proper Nutrition
all_programs_2027.xlsx,MCRA,Isabela,2,San Mariano,2027,MCRA,MCRA,Production Support Services,Technical Support Services,Production Support Services,"Sloping Agricultural Land Technology (1) Provision of 18 kg Conventional Hybrid Corn Seeds , Inorganic fertilizer, Organic Fertilizer, Bio-N, Pigeon Peas, Fruit Bearing Trees",1,1.00,615.00,,ALL PROGRAMS 2027 municipality split,Promotion of sustainable corn production on a slopping areas of AMIA Village | 📌Poverty Reduction 📌Increasing Income for Farmers & Fisherfolk 📌Enhancing Productivity 📌Improving Food Security and Proper Nutrition 📌Reducing Import Dependency
all_programs_2027.xlsx,MCRA,Quirino,LONE,Nagtipunan,2027,MCRA,MCRA,Production Support Services,Technical Support Services,Production Support Services,"Sloping Agricultural Land Technology (4) Provision of Fruit Bearing Trees, Inorganic Fertilizer and Vegetable Seeds",1,1.00,375.00,,ALL PROGRAMS 2027 municipality split,Promotion of fruits and vegetable priduction on slopping areas of AMIA Villages | 📌Poverty Reduction 📌Increasing Income for Farmers & Fisherfolk 📌Enhancing Productivity 📌Improving Food Security and Proper Nutrition 📌Reducing Import Dependency
all_programs_2027.xlsx,MCRA,Isabela,1,Ilagan City (Capital),2027,MCRA,MCRA,Production Support Services,Technical Support Services,Production Support Services,"Palayamanan Provision of Inorganic Fertilizer, Organic Fertilizer, Mungbean seeds, Vegetable Seeds, Free-Ranged Chicken",1,0.50,164.00,,ALL PROGRAMS 2027 municipality split,📌Poverty Reduction 📌Increasing Income for Farmers & Fisherfolk 📌Enhancing Productivity 📌Improving Food Security and Proper Nutrition 📌Reducing Import Dependency
all_programs_2027.xlsx,MCRA,Isabela,1,Naguilian,2027,MCRA,MCRA,Production Support Services,Technical Support Services,Production Support Services,"Palayamanan Provision of Inorganic Fertilizer, Organic Fertilizer, Mungbean seeds, Vegetable Seeds, Free-Ranged Chicken",1,0.50,164.00,,ALL PROGRAMS 2027 municipality split,📌Poverty Reduction 📌Increasing Income for Farmers & Fisherfolk 📌Enhancing Productivity 📌Improving Food Security and Proper Nutrition 📌Reducing Import Dependency
all_programs_2027.xlsx,MCRA,Isabela,2,Benito Soliven,2027,MCRA,MCRA,Production Support Services,Technical Support Services,Production Support Services,"Crop-Livestock Diversification Provision of RTL, Feeds, Biologics and Vegetable Seeds",3,1.50,690.05,,ALL PROGRAMS 2027 municipality split,📌Poverty Reduction 📌Increasing Income for Farmers & Fisherfolk 📌Enhancing Productivity 📌Improving Food Security and Proper Nutrition 📌Reducing Import Dependency
all_programs_2027.xlsx,MCRA,Isabela,2,San Mariano,2027,MCRA,MCRA,Production Support Services,Technical Support Services,Production Support Services,"Crop-Livestock Diversification Provision of RTL, Feeds, Biologics and Vegetable Seeds",3,1.50,690.05,,ALL PROGRAMS 2027 municipality split,📌Poverty Reduction 📌Increasing Income for Farmers & Fisherfolk 📌Enhancing Productivity 📌Improving Food Security and Proper Nutrition 📌Reducing Import Dependency
all_programs_2027.xlsx,MCRA,Isabela,6,City of Cauayan,2027,MCRA,MCRA,Production Support Services,Technical Support Services,Production Support Services,"Crop-Livestock Diversification Provision of RTL, Feeds, Biologics and Vegetable Seeds",1,1.00,460.04,,ALL PROGRAMS 2027 municipality split,📌Poverty Reduction 📌Increasing Income for Farmers & Fisherfolk 📌Enhancing Productivity 📌Improving Food Security and Proper Nutrition 📌Reducing Import Dependency
all_programs_2027.xlsx,MCRA,Isabela,1,Cabagan,2027,MCRA,MCRA,Production Support Services,Technical Support Services,Production Support Services,"Crop-Livestock Diversification Provision of Swine, Feeds, Biologics and Vegetable Seeds",2,1.00,144.28,,ALL PROGRAMS 2027 municipality split,📌Poverty Reduction 📌Increasing Income for Farmers & Fisherfolk 📌Enhancing Productivity 📌Improving Food Security and Proper Nutrition 📌Reducing Import Dependency
all_programs_2027.xlsx,MCRA,Isabela,1,Ilagan City (Capital),2027,MCRA,MCRA,Production Support Services,Technical Support Services,Production Support Services,"Crop-Livestock Diversification Provision of Swine, Feeds, Biologics and Vegetable Seeds",2,1.00,144.28,,ALL PROGRAMS 2027 municipality split,📌Poverty Reduction 📌Increasing Income for Farmers & Fisherfolk 📌Enhancing Productivity 📌Improving Food Security and Proper Nutrition 📌Reducing Import Dependency
all_programs_2027.xlsx,MCRA,Isabela,2,Benito Soliven,2027,MCRA,MCRA,Production Support Services,Technical Support Services,Production Support Services,"Crop-Livestock Diversification Provision of Swine, Feeds, Biologics and Vegetable Seeds",2,1.00,144.28,,ALL PROGRAMS 2027 municipality split,📌Poverty Reduction 📌Increasing Income for Farmers & Fisherfolk 📌Enhancing Productivity 📌Improving Food Security and Proper Nutrition 📌Reducing Import Dependency
all_programs_2027.xlsx,MCRA,Isabela,2,Reina Mercedes,2027,MCRA,MCRA,Production Support Services,Technical Support Services,Production Support Services,"Crop-Livestock Diversification Provision of Swine, Feeds, Biologics and Vegetable Seeds",2,1.00,144.28,,ALL PROGRAMS 2027 municipality split,📌Poverty Reduction 📌Increasing Income for Farmers & Fisherfolk 📌Enhancing Productivity 📌Improving Food Security and Proper Nutrition 📌Reducing Import Dependency
all_programs_2027.xlsx,MCRA,Isabela,6,City of Cauayan,2027,MCRA,MCRA,Production Support Services,Technical Support Services,Production Support Services,"Crop-Livestock Diversification Provision of Swine, Feeds, Biologics and Vegetable Seeds",1,1.00,144.28,,ALL PROGRAMS 2027 municipality split,📌Poverty Reduction 📌Increasing Income for Farmers & Fisherfolk 📌Enhancing Productivity 📌Improving Food Security and Proper Nutrition 📌Reducing Import Dependency
all_programs_2027.xlsx,MCRA,Isabela,1,Benito Soliven,2027,MCRA,MCRA,Production Support Services,Technical Support Services,Production Support Services,Provision of Cattle,1,1.00,500.00,,ALL PROGRAMS 2027 municipality split,📌Poverty Reduction 📌Increasing Income for Farmers & Fisherfolk 📌Enhancing Productivity 📌Improving Food Security and Proper Nutrition 📌Reducing Import Dependency
all_programs_2027.xlsx,MCRA,Isabela,2,San Mariano,2027,MCRA,MCRA,Production Support Services,Technical Support Services,Production Support Services,Provision of Upgraded Carabao,1,1.00,500.00,,ALL PROGRAMS 2027 municipality split,📌Poverty Reduction 📌Increasing Income for Farmers & Fisherfolk 📌Enhancing Productivity 📌Improving Food Security and Proper Nutrition 📌Reducing Import Dependency
all_programs_2027.xlsx,MCRA,Quirino,LONE,Nagtipunan,2027,MCRA,MCRA,Production Support Services,Technical Support Services,Production Support Services,Provision of Upgraded Carabao,1,1.00,500.00,,ALL PROGRAMS 2027 municipality split,📌Poverty Reduction 📌Increasing Income for Farmers & Fisherfolk 📌Enhancing Productivity 📌Improving Food Security and Proper Nutrition 📌Reducing Import Dependency
all_programs_2027.xlsx,MCRA,Isabela,2,San Mariano,2027,MCRA,MCRA,"Extension Support, Education and Training Services",Technical Support Services,"Extension Support, Education and Training Services",Technical Training on SALT,1,1.00,80.00,,ALL PROGRAMS 2027 municipality split,
batanes.xlsx,FMR,Batanes,LONE,Itbayat,2025,Farm-to-Market Roads,,,,,Concreting of Viewdeck- Sitio Pasduxan FMR,Sta. Rosa,,15000.00,1.00,direct municipality row,Concreting of Viewdeck- Sitio Pasduxan FMR
batanes.xlsx,FMR,Batanes,LONE,Uyugan,2025,Farm-to-Market Roads,,,,,Concreting of Gi- Arani- Vadinaran FMR,Kayuganan,,15000.00,1.00,direct municipality row,Concreting of Gi- Arani- Vadinaran FMR
batanes.xlsx,FMR,Batanes,LONE,Ivana,2026,Farm-to-Market Roads,,,,,"Concreting of Vatang-Matu FMR, Brgy. San Vicente, Ivana, Batanes",San Vicente,,20000.00,1.33,direct municipality row,"Concreting of Vatang-Matu FMR, Brgy. San Vicente, Ivana, Batanes"
batanes.xlsx,FMR,Batanes,LONE,Itbayat,2026,Farm-to-Market Roads,,,,,"Concreting of Katuyan, Sta. Rosa FMR, Itbayat, Batanes",Sta. Rosa,,20000.00,1.00,direct municipality row,"Concreting of Katuyan, Sta. Rosa FMR, Itbayat, Batanes"
batanes.xlsx,FMR,Batanes,LONE,Mahatao,2026,Farm-to-Market Roads,,,,,"Concreting of Chaina-Tayaran-Gidem FMR, Phase III Brgy. Panatayan, Mahatao, Batanes",Panatayan,,10000.00,0.50,direct municipality row,"Concreting of Chaina-Tayaran-Gidem FMR, Phase III Brgy. Panatayan, Mahatao, Batanes"
batanes.xlsx,FMR,Batanes,LONE,Basco (Capital),2026,Farm-to-Market Roads,,,,,"Construction of Diajang to Divia FMR, Phase I , Brgy. San Antonio, Basco, Batanes",San Antonio,,15000.00,0.50,direct municipality row,"Construction of Diajang to Divia FMR, Phase I , Brgy. San Antonio, Basco, Batanes"
batanes.xlsx,FMR,Batanes,LONE,Basco (Capital),2027,Farm-to-Market Roads,,,,,"Construction of Charatayan-San Miguel Phase II FMR, Brgy. Kayvaluganan, Basco, Batanes",Kayvaluganan,,7500.00,0.30,direct municipality row,"Construction of Charatayan-San Miguel Phase II FMR, Brgy. Kayvaluganan, Basco, Batanes"
batanes.xlsx,FMR,Batanes,LONE,Basco (Capital),2027,Farm-to-Market Roads,,,,,"Construction of Vahangsien-Nayep Phase II FMR, Brgy. Kayhuvukan, Basco, Batanes",Kayhuvukan,,12500.00,0.50,direct municipality row,"Construction of Vahangsien-Nayep Phase II FMR, Brgy. Kayhuvukan, Basco, Batanes"
batanes.xlsx,FMR,Batanes,LONE,Basco (Capital),2027,Farm-to-Market Roads,,,,,"Construction of Diuran-Satuvang FMR, Brgy. Kayhuvukan, Basco, Batanes",Kayhuvukan,,12500.00,0.50,direct municipality row,"Construction of Diuran-Satuvang FMR, Brgy. Kayhuvukan, Basco, Batanes"
batanes.xlsx,FMR,Batanes,LONE,Mahatao,2027,Farm-to-Market Roads,,,,,"Construction of Diseb-Tavadang FMR, Uvoy, Mahatao, Batanes",Uvoy,,12500.00,0.50,direct municipality row,"Construction of Diseb-Tavadang FMR, Uvoy, Mahatao, Batanes"
batanes.xlsx,FMR,Batanes,LONE,Ivana,2027,Farm-to-Market Roads,,,,,"Construction of San Felix-Racuj FMR, Brgy. Radiwan, Ivana, Batanes",Radiwan,,12500.00,0.50,direct municipality row,"Construction of San Felix-Racuj FMR, Brgy. Radiwan, Ivana, Batanes"
batanes.xlsx,FMR,Batanes,LONE,Uyugan,2027,Farm-to-Market Roads,,,,,"Construction of Sumanga-Chavuan FMR, Brgy. Kayvaluganan, Uyugan, Batanes",Kayvaluganan,,16500.00,0.65,direct municipality row,"Construction of Sumanga-Chavuan FMR, Brgy. Kayvaluganan, Uyugan, Batanes"
batanes.xlsx,FMR,Batanes,LONE,Uyugan,2027,Farm-to-Market Roads,,,,,"Construction of Chingteb-Babal FMR Phase III FMR, Brgy. Imnajbu, Uyugan, Isabela",Imnajbu,,21000.00,0.84,direct municipality row,"Construction of Chingteb-Babal FMR Phase III FMR, Brgy. Imnajbu, Uyugan, Isabela"
batanes.xlsx,FMR,Batanes,LONE,Itbayat,2027,Farm-to-Market Roads,,,,,"Construction of Iñas-Vugayong FMR, Brgy. Sta. Maria, Itbayat, Batanes",Sta. Maria,,22500.00,0.90,direct municipality row,"Construction of Iñas-Vugayong FMR, Brgy. Sta. Maria, Itbayat, Batanes"
batanes.xlsx,FMR,Batanes,LONE,Sabtang,2027,Farm-to-Market Roads,,,,,"Concreting of Supi-Iraya FMR, Brgy. Sinakan, Sabtang, Batanes",Sinakan,,25000.00,1.00,direct municipality row,"Concreting of Supi-Iraya FMR, Brgy. Sinakan, Sabtang, Batanes"
batanes.xlsx,FMR,Batanes,LONE,Itbayat,2027,Farm-to-Market Roads,,,,,"Construction of Yawran-Riñwan FMR, Brgy. San Rafael, Itbayat, Batanes",San Rafael,,12500.00,0.50,direct municipality row,"Construction of Yawran-Riñwan FMR, Brgy. San Rafael, Itbayat, Batanes"
batanes.xlsx,FMR,Batanes,LONE,Sabtang,2027,Farm-to-Market Roads,,,,,"Construction of Satuvang-Chaninu, Brgy. Savidug FMR Phase III, Brgy. Savidug, Sabtang, Batanes",Savidug,,16000.00,0.50,direct municipality row,"Construction of Satuvang-Chaninu, Brgy. Savidug FMR Phase III, Brgy. Savidug, Sabtang, Batanes"
batanes.xlsx,FMR,Batanes,LONE,Sabtang,2027,Farm-to-Market Roads,,,,,"Construction of Sitio Riwas-Roro Port, Brgy. Malakdang FMR, Brgy. Malakdang, Sabtang, Batanes",Malakdang,,13500.00,0.50,direct municipality row,"Construction of Sitio Riwas-Roro Port, Brgy. Malakdang FMR, Brgy. Malakdang, Sabtang, Batanes"
batanes.xlsx,FMR,Batanes,LONE,Itbayat,2027,Farm-to-Market Roads,,,,,"Construction of Aran-an-Kaysaysakan, Raele FMR, Brgy. Raele, Itbayat, Batanes",Raele,,23400.00,1.00,direct municipality row,"Construction of Aran-an-Kaysaysakan, Raele FMR, Brgy. Raele, Itbayat, Batanes"
batanes.xlsx,FMR,Batanes,LONE,Itbayat,2027,Farm-to-Market Roads,,,,,"Construction of Camaya-Ripused, Sta. Lucia FMR, Brgy. Sta. Lucia, Itbayat, Batanes",Sta. Lucia,,25700.00,1.10,direct municipality row,"Construction of Camaya-Ripused, Sta. Lucia FMR, Brgy. Sta. Lucia, Itbayat, Batanes"
batanes.xlsx,FMR,Batanes,LONE,Uyugan,2027,Farm-to-Market Roads,,,,,"Construction of Chanalan-Mahedhed, Brgy. Kayvaluganan FMR, Brgy. Kayvaluganan, Uyugan, Batanes",Kayvaluganan,,49000.00,0.77,direct municipality row,"Construction of Chanalan-Mahedhed, Brgy. Kayvaluganan FMR, Brgy. Kayvaluganan, Uyugan, Batanes"
batanes.xlsx,FMR,Batanes,LONE,Basco (Capital),2027,Farm-to-Market Roads,,,,,"Construction of Chinteb-Chahayan FMR, Brgy. San Antonio, Basco, Batanes",San Antonio,,19500.00,0.50,direct municipality row,"Construction of Chinteb-Chahayan FMR, Brgy. San Antonio, Basco, Batanes"
batanes.xlsx,FMR,Batanes,LONE,Basco (Capital),2027,Farm-to-Market Roads,,,,,"Construction of Sapuno-Malakdang FMR, Brgy. Kayvaluganan, Basco, Batanes",Kayvaluganan,,21500.00,0.50,direct municipality row,"Construction of Sapuno-Malakdang FMR, Brgy. Kayvaluganan, Basco, Batanes"
batanes.xlsx,FMR,Batanes,LONE,Uyugan,2027,Farm-to-Market Roads,,,,,"Construction of Chingteb-Babal FMR Phase III, Brgy Imnajbu, Uyugan, Batanes",Imnajbu,,46200.00,0.84,direct municipality row,"Construction of Chingteb-Babal FMR Phase III, Brgy Imnajbu, Uyugan, Batanes"
batanes.xlsx,FMR,Batanes,LONE,Ivana,2027,Farm-to-Market Roads,,,,,"Construction of Nakurang-Tukon-Chatujian, Brgy Radiwan FMR Phase IV, Brgy. Radiwan, Ivana, Batanes",Radiwan,,48000.00,1.00,direct municipality row,"Construction of Nakurang-Tukon-Chatujian, Brgy Radiwan FMR Phase IV, Brgy. Radiwan, Ivana, Batanes"
batanes.xlsx,FMR,Batanes,LONE,Ivana,2027,Farm-to-Market Roads,,,,,"Construction of Sivukot-Aramain, Brgy Tuhel FMR, Brgy. Tubel, Ivana, Batanes",Tuhel,,39120.00,0.82,direct municipality row,"Construction of Sivukot-Aramain, Brgy Tuhel FMR, Brgy. Tubel, Ivana, Batanes"
batanes.xlsx,SAAD,Batanes,LONE,Itbayat,2027,SAAD,,,,,c.1 Beneficiary Profiling conducted,group,1.00,0.00,,remarks municipality split,"Basco, Ivana, Itbayat, Uyugan           "
batanes.xlsx,SAAD,Batanes,LONE,Uyugan,2027,SAAD,,,,,c.1 Beneficiary Profiling conducted,group,1.00,0.00,,remarks municipality split,"Basco, Ivana, Itbayat, Uyugan           "
batanes.xlsx,SAAD,Batanes,LONE,Ivana,2027,SAAD,,,,,c.1 Beneficiary Profiling conducted,group,1.00,0.00,,remarks municipality split,"Basco, Ivana, Itbayat, Uyugan           "
batanes.xlsx,SAAD,Batanes,LONE,Basco (Capital),2027,SAAD,,,,,c.1 Beneficiary Profiling conducted,group,1.00,0.00,,remarks municipality split,"Basco, Ivana, Itbayat, Uyugan           "
batanes.xlsx,SAAD,Batanes,LONE,Itbayat,2027,SAAD,,,,,c.2 Database Uploading conducted,group,1.00,0.00,,remarks municipality split,"Basco, Ivana, Itbayat, Uyugan           "
batanes.xlsx,SAAD,Batanes,LONE,Uyugan,2027,SAAD,,,,,c.2 Database Uploading conducted,group,1.00,0.00,,remarks municipality split,"Basco, Ivana, Itbayat, Uyugan           "
batanes.xlsx,SAAD,Batanes,LONE,Ivana,2027,SAAD,,,,,c.2 Database Uploading conducted,group,1.00,0.00,,remarks municipality split,"Basco, Ivana, Itbayat, Uyugan           "
batanes.xlsx,SAAD,Batanes,LONE,Basco (Capital),2027,SAAD,,,,,c.2 Database Uploading conducted,group,1.00,0.00,,remarks municipality split,"Basco, Ivana, Itbayat, Uyugan           "
batanes.xlsx,SAAD,Batanes,LONE,Itbayat,2027,SAAD,,,,,2.1 HVC-based Project distributed,group,1.00,388.75,,remarks municipality split,"Basco, Ivana, Itbayat, Uyugan           "
batanes.xlsx,SAAD,Batanes,LONE,Uyugan,2027,SAAD,,,,,2.1 HVC-based Project distributed,group,1.00,388.75,,remarks municipality split,"Basco, Ivana, Itbayat, Uyugan           "
batanes.xlsx,SAAD,Batanes,LONE,Ivana,2027,SAAD,,,,,2.1 HVC-based Project distributed,group,1.00,388.75,,remarks municipality split,"Basco, Ivana, Itbayat, Uyugan           "
batanes.xlsx,SAAD,Batanes,LONE,Basco (Capital),2027,SAAD,,,,,2.1 HVC-based Project distributed,group,1.00,388.75,,remarks municipality split,"Basco, Ivana, Itbayat, Uyugan           "
batanes.xlsx,SAAD,Batanes,LONE,Itbayat,2027,SAAD,,,,,3.1 Market-related trainings conducted,number,1.00,0.00,,remarks municipality split,"Basco, Ivana, Itbayat, Uyugan           "
batanes.xlsx,SAAD,Batanes,LONE,Uyugan,2027,SAAD,,,,,3.1 Market-related trainings conducted,number,1.00,0.00,,remarks municipality split,"Basco, Ivana, Itbayat, Uyugan           "
batanes.xlsx,SAAD,Batanes,LONE,Ivana,2027,SAAD,,,,,3.1 Market-related trainings conducted,number,1.00,0.00,,remarks municipality split,"Basco, Ivana, Itbayat, Uyugan           "
batanes.xlsx,SAAD,Batanes,LONE,Basco (Capital),2027,SAAD,,,,,3.1 Market-related trainings conducted,number,1.00,0.00,,remarks municipality split,"Basco, Ivana, Itbayat, Uyugan           "
batanes.xlsx,SAAD,Batanes,LONE,Itbayat,2027,SAAD,,,,,3.2 Partially established CBEs,group,0.75,0.00,,remarks municipality split,"Basco, Ivana, Itbayat, Uyugan           "
batanes.xlsx,SAAD,Batanes,LONE,Uyugan,2027,SAAD,,,,,3.2 Partially established CBEs,group,0.75,0.00,,remarks municipality split,"Basco, Ivana, Itbayat, Uyugan           "
batanes.xlsx,SAAD,Batanes,LONE,Ivana,2027,SAAD,,,,,3.2 Partially established CBEs,group,0.75,0.00,,remarks municipality split,"Basco, Ivana, Itbayat, Uyugan           "
batanes.xlsx,SAAD,Batanes,LONE,Basco (Capital),2027,SAAD,,,,,3.2 Partially established CBEs,group,0.75,0.00,,remarks municipality split,"Basco, Ivana, Itbayat, Uyugan           "
batanes.xlsx,4Ks,Batanes,LONE,Basco (Capital),2027,4Ks,,,,,Upland Vegetables,no. of kg distributed,5.65,82.56,,remarks municipality split,BASCO only           
batanes.xlsx,4Ks,Batanes,LONE,Basco (Capital),2027,4Ks,,,,,Lowland Vegetables,no. of kg distributed,13.70,74.17,,remarks municipality split,BASCO only           
cagayan_1.xlsx,FMR,Cagayan,I,Alcala,2025,Farm-to-Market Roads,,,,,Concreting of Carallangan (Sitio Labbut) FMR,Carallangan,,15000.00,1.00,direct municipality row,Concreting of Carallangan (Sitio Labbut) FMR
cagayan_1.xlsx,FMR,Cagayan,I,Baggao,2025,Farm-to-Market Roads,,,,,Concreting of Brgy. Tallang FMR,Tallang,,15000.00,1.00,direct municipality row,Concreting of Brgy. Tallang FMR
cagayan_1.xlsx,FMR,Cagayan,I,Gattaran,2025,Farm-to-Market Roads,,,,,Construction of Brgy. Cabayu- Basao FMR,Cabayu and Basao,,15000.00,1.00,direct municipality row,Construction of Brgy. Cabayu- Basao FMR
cagayan_1.xlsx,FMR,Cagayan,I,Lal-lo,2025,Farm-to-Market Roads,,,,,Concreting of Fusina- Sta. Teresa FMR,Fusina and Sta. Teresa,,10000.00,0.67,direct municipality row,Concreting of Fusina- Sta. Teresa FMR
cagayan_1.xlsx,FMR,Cagayan,I,Lal-lo,2025,Farm-to-Market Roads,,,,,Concreting of Malanao- Logac FMR,Malanao and Logac,,10000.00,0.67,direct municipality row,Concreting of Malanao- Logac FMR
cagayan_1.xlsx,FMR,Cagayan,I,Santa Teresita,2025,Farm-to-Market Roads,,,,,Concreting of Buyun FMR ( Rambo Drive),Buyun,,10888.00,0.73,direct municipality row,Concreting of Buyun FMR ( Rambo Drive)
cagayan_1.xlsx,FMR,Cagayan,I,Aparri,2025,Farm-to-Market Roads,,,,,"Concreting of Zone 4 , Brgy. Toran FMR",Toran,,15000.00,1.00,direct municipality row,"Concreting of Zone 4 , Brgy. Toran FMR"
cagayan_1.xlsx,FMR,Cagayan,I,Alcala,2026,Farm-to-Market Roads,,,,,Concreting of Brgy. Alejon-Limon FMR,Alejon-Limon,,15000.00,1.00,direct municipality row,Concreting of Brgy. Alejon-Limon FMR
cagayan_1.xlsx,FMR,Cagayan,I,Baggao,2026,Farm-to-Market Roads,,,,,Concreting of Bagunot FMR,Bagunot,,15000.00,1.00,direct municipality row,Concreting of Bagunot FMR
cagayan_1.xlsx,FMR,Cagayan,I,Gattaran,2026,Farm-to-Market Roads,,,,,"Concreting of Newagac FMR,",Newagac,,15000.00,1.00,direct municipality row,"Concreting of Newagac FMR,"
cagayan_1.xlsx,FMR,Cagayan,I,Buguey,2026,Farm-to-Market Roads,,,,,Concreting of Pattao FMR,Pattao,,15000.00,1.00,direct municipality row,Concreting of Pattao FMR
cagayan_1.xlsx,FMR,Cagayan,I,Gonzaga,2026,Farm-to-Market Roads,,,,,Concreting of Ama-Ama FMR,San Jose,,15000.00,1.00,direct municipality row,Concreting of Ama-Ama FMR
cagayan_1.xlsx,FMR,Cagayan,I,Santa Teresita,2026,Farm-to-Market Roads,,,,,Concreting of Alucao-Simbiliana FMR,Alucao- Simbiliana,,15000.00,1.00,direct municipality row,Concreting of Alucao-Simbiliana FMR
cagayan_1.xlsx,FMR,Cagayan,I,Santa Ana,2026,Farm-to-Market Roads,,,,,Concreting of Dungeg FMR,Dungeg,,15000.00,1.00,direct municipality row,Concreting of Dungeg FMR
cagayan_1.xlsx,FMR,Cagayan,I,Alcala,2026,Farm-to-Market Roads,,,,,"Concreting Of Tamban-Malalatan Fmr, Brgy. Tamban,Alcala, Cagayan",Brgy. Tamban,,15000.00,1.00,direct municipality row,"Concreting Of Tamban-Malalatan Fmr, Brgy. Tamban,Alcala, Cagayan"
cagayan_1.xlsx,FMR,Cagayan,I,Buguey,2026,Farm-to-Market Roads,,,,,"Rehabilitation/Concreting Of Purok Bunga Fmr, Brgy. Pattao, Buguey, Cagayan",Brgy. Pattao,,15000.00,1.00,direct municipality row,"Rehabilitation/Concreting Of Purok Bunga Fmr, Brgy. Pattao, Buguey, Cagayan"
cagayan_1.xlsx,FMR,Cagayan,I,Santa Ana,2026,Farm-to-Market Roads,,,,,"Concreting Of Kapanikian Fmr, Brgy. Kapanikian, Sta. Ana, Cagayan",Brgy. Kapanikian,,15000.00,1.00,direct municipality row,"Concreting Of Kapanikian Fmr, Brgy. Kapanikian, Sta. Ana, Cagayan"
cagayan_1.xlsx,FMR,Cagayan,I,Gattaran,2026,Farm-to-Market Roads,,,,,"Concreting Of Piña Este Fmr, Brgy. Piña Este, Gattaran, Cagayan",Brgy. Piña Este,,15000.00,1.00,direct municipality row,"Concreting Of Piña Este Fmr, Brgy. Piña Este, Gattaran, Cagayan"
cagayan_1.xlsx,FMR,Cagayan,I,Lal-lo,2026,Farm-to-Market Roads,,,,,"Concreting Of Rosario Fmr, Brgy. Rosario, Lallo, Cagayan",Brgy. Rosario,,15000.00,1.00,direct municipality row,"Concreting Of Rosario Fmr, Brgy. Rosario, Lallo, Cagayan"
cagayan_1.xlsx,FMR,Cagayan,I,Camalaniugan,2026,Farm-to-Market Roads,,,,,"Concreting Of Brgy. Abagao Fmr, Brgy. Abagao, Camalaniugan, Cagayan",Brgy. Abagao,,15000.00,1.00,direct municipality row,"Concreting Of Brgy. Abagao Fmr, Brgy. Abagao, Camalaniugan, Cagayan"
cagayan_1.xlsx,FMR,Cagayan,I,Camalaniugan,2026,Farm-to-Market Roads,,,,,"Concreting Of Brgy. Paragat Fmr, Brgy. Paragat, Camalaniugan, Cagayan",Brgy. Paragat,,15000.00,1.00,direct municipality row,"Concreting Of Brgy. Paragat Fmr, Brgy. Paragat, Camalaniugan, Cagayan"
cagayan_1.xlsx,FMR,Cagayan,I,Baggao,2026,Farm-to-Market Roads,,,,,"Concreting Of Awallan Fmr, Brgy. Awallan, Baggao, Cagayan",Brgy. Awallan,,15000.00,1.00,direct municipality row,"Concreting Of Awallan Fmr, Brgy. Awallan, Baggao, Cagayan"
cagayan_1.xlsx,FMR,Cagayan,I,Gonzaga,2026,Farm-to-Market Roads,,,,,"Concreting Of Saliwanwan Fmr, Brgy. San Jose, Gonzaga, Cagayan",Brgy. San Jose,,15000.00,1.00,direct municipality row,"Concreting Of Saliwanwan Fmr, Brgy. San Jose, Gonzaga, Cagayan"
cagayan_1.xlsx,FMR,Cagayan,I,Baggao,2026,Farm-to-Market Roads,,,,,"Concreting of Brgy. Lasilat FMR, Baggao, Cagayan",Brgy. Lasilat,,15000.00,1.00,direct municipality row,"Concreting of Brgy. Lasilat FMR, Baggao, Cagayan"
cagayan_1.xlsx,FMR,Cagayan,I,Alcala,2026,Farm-to-Market Roads,,,,,"Concreting of Brgy. Alejon Street to Limon Street FMR, Brgy. Centro Sur, Alcala, Cagayan",Centro Sur,,15000.00,1.00,direct municipality row,"Concreting of Brgy. Alejon Street to Limon Street FMR, Brgy. Centro Sur, Alcala, Cagayan"
cagayan_1.xlsx,FMR,Cagayan,I,Alcala,2026,Farm-to-Market Roads,,,,,"Concreting of Brgy. Cabuluan FMR, Brgy. Cabuluan, Alcala, Cagayan",Cabuluan,,30000.00,2.00,direct municipality row,"Concreting of Brgy. Cabuluan FMR, Brgy. Cabuluan, Alcala, Cagayan"
cagayan_1.xlsx,FMR,Cagayan,I,Baggao,2026,Farm-to-Market Roads,,,,,"Concreting of Brgy. Agaman Proper FMR, Brgy. Agaman Proper, Baggao, Cagayan",Agaman Proper,,15000.00,1.00,direct municipality row,"Concreting of Brgy. Agaman Proper FMR, Brgy. Agaman Proper, Baggao, Cagayan"
cagayan_1.xlsx,FMR,Cagayan,I,Baggao,2026,Farm-to-Market Roads,,,,,"Concreting of Brgy. Lasilat FMR, Brgy. Lasilat, Baggao, Cagayan",Lasilat,,15000.00,1.00,direct municipality row,"Concreting of Brgy. Lasilat FMR, Brgy. Lasilat, Baggao, Cagayan"
cagayan_1.xlsx,FMR,Cagayan,I,Camalaniugan,2026,Farm-to-Market Roads,,,,,"Concreting of Brgy. Bantay to Brgy. Bulala FMR, Brgy. Bantay and Brgy. Bulala, Camalaniugan, Cagayan",Bantay-Bulala,,15000.00,1.00,direct municipality row,"Concreting of Brgy. Bantay to Brgy. Bulala FMR, Brgy. Bantay and Brgy. Bulala, Camalaniugan, Cagayan"
cagayan_1.xlsx,FMR,Cagayan,I,Gattaran,2026,Farm-to-Market Roads,,,,,"Concreting of Brgy. Tanglagan FMR, Brgy. Tanglagan, Gattaran, Cagayan",Tanglagan,,15000.00,1.00,direct municipality row,"Concreting of Brgy. Tanglagan FMR, Brgy. Tanglagan, Gattaran, Cagayan"
cagayan_1.xlsx,FMR,Cagayan,I,Gattaran,2026,Farm-to-Market Roads,,,,,"Concreting of Brgy. Naddungan FMR, Brgy. Naddungan, Gattaran, Cagayan",Naddungan,,11000.00,0.73,direct municipality row,"Concreting of Brgy. Naddungan FMR, Brgy. Naddungan, Gattaran, Cagayan"
cagayan_1.xlsx,FMR,Cagayan,I,Gattaran,2026,Farm-to-Market Roads,,,,,"Concreting of Brgy. Bangatan FMR, Brgy. Bangatan, Gattaran, Cagayan",Bangatan,,20000.00,1.33,direct municipality row,"Concreting of Brgy. Bangatan FMR, Brgy. Bangatan, Gattaran, Cagayan"
cagayan_1.xlsx,FMR,Cagayan,I,Gattaran,2026,Farm-to-Market Roads,,,,,"Concreting of Brgy. Taligan-Brgy. Sta. Ana FMR, Brgy. Taligan and Brgy. Sta. Ana, Gattaran, Cagayan",Taligan and Sta.Ana,,15000.00,1.00,direct municipality row,"Concreting of Brgy. Taligan-Brgy. Sta. Ana FMR, Brgy. Taligan and Brgy. Sta. Ana, Gattaran, Cagayan"
cagayan_1.xlsx,FMR,Cagayan,I,Gattaran,2026,Farm-to-Market Roads,,,,,"Concreting of Brgy. Sidem FMR, Brgy. Sidem, Gattaran, Cagayan",Sidem,,15000.00,1.00,direct municipality row,"Concreting of Brgy. Sidem FMR, Brgy. Sidem, Gattaran, Cagayan"
cagayan_1.xlsx,FMR,Cagayan,I,Gattaran,2026,Farm-to-Market Roads,,,,,"Concreting of Brgy. Palagao Sur FMR, Brgy. Palagao Sur, Gattaran, Cagayan",Palagao Sur,,19000.00,1.27,direct municipality row,"Concreting of Brgy. Palagao Sur FMR, Brgy. Palagao Sur, Gattaran, Cagayan"
cagayan_1.xlsx,FMR,Cagayan,I,Gattaran,2026,Farm-to-Market Roads,,,,,"Concreting of Brgy. Capiddigan FMR, Brgy. Capiddigan, Gattaran, Cagayan",Capiddigan,,15000.00,1.00,direct municipality row,"Concreting of Brgy. Capiddigan FMR, Brgy. Capiddigan, Gattaran, Cagayan"
cagayan_1.xlsx,FMR,Cagayan,I,Gattaran,2026,Farm-to-Market Roads,,,,,"Concreting of Brgy. Baraoidan FMR, Brgy. Baraoidan, Gattaran, Cagayan",Baraoidan,,15000.00,1.00,direct municipality row,"Concreting of Brgy. Baraoidan FMR, Brgy. Baraoidan, Gattaran, Cagayan"
cagayan_1.xlsx,FMR,Cagayan,I,Gattaran,2026,Farm-to-Market Roads,,,,,"Concreting of Brgy. Sta. Maria FMR, Brgy. Sta. Maria, Gattaran, Cagayan",Sta. Maria,,15000.00,1.00,direct municipality row,"Concreting of Brgy. Sta. Maria FMR, Brgy. Sta. Maria, Gattaran, Cagayan"
cagayan_1.xlsx,FMR,Cagayan,I,Gattaran,2026,Farm-to-Market Roads,,,,,"Concreting of Brgy. Tubungan Este FMR, Brgy. Tubungan Este, Gattaran, Cagayan",Tubungan Este,,10000.00,0.67,direct municipality row,"Concreting of Brgy. Tubungan Este FMR, Brgy. Tubungan Este, Gattaran, Cagayan"
cagayan_1.xlsx,FMR,Cagayan,I,Gattaran,2026,Farm-to-Market Roads,,,,,"Concreting of Brgy. Basao FMR, Brgy. Basao, Gattaran, Cagayan",Basao,,10000.00,0.67,direct municipality row,"Concreting of Brgy. Basao FMR, Brgy. Basao, Gattaran, Cagayan"
cagayan_1.xlsx,FMR,Cagayan,I,Aparri,2027,Farm-to-Market Roads,,,,,"Concreting of Toran FMR, Brgy. Toran, Aparri, Cagayan",Toran,,61500.00,4.10,direct municipality row,"Concreting of Toran FMR, Brgy. Toran, Aparri, Cagayan"
cagayan_1.xlsx,FMR,Cagayan,I,Santa Ana,2027,Farm-to-Market Roads,,,,,"Concreting of Tangatan-Casagan FMR, Brgy. Tangatan and Brgy. Casagan, Sta. Ana, Cagayan",Tangatan and Casagan,,52500.00,3.50,direct municipality row,"Concreting of Tangatan-Casagan FMR, Brgy. Tangatan and Brgy. Casagan, Sta. Ana, Cagayan"
cagayan_1.xlsx,FMR,Cagayan,I,Gonzaga,2027,Farm-to-Market Roads,,,,,"Concreting of Edmund Bana Lim FMR , Brgy. Amunitan, Gonzaga, Cagayan",Amunitan,,26000.00,1.70,direct municipality row,"Concreting of Edmund Bana Lim FMR , Brgy. Amunitan, Gonzaga, Cagayan"
cagayan_1.xlsx,FMR,Cagayan,I,Buguey,2027,Farm-to-Market Roads,,,,,"Concreting of Maddalero-San Lorenzo FMR, Brgy. Maddalero and Brgy. San Lorenzo, Buguey, Cagayan",Maddalero & San Lorenzo,,15000.00,1.00,direct municipality row,"Concreting of Maddalero-San Lorenzo FMR, Brgy. Maddalero and Brgy. San Lorenzo, Buguey, Cagayan"
cagayan_1.xlsx,FMR,Cagayan,I,Santa Teresita,2027,Farm-to-Market Roads,,,,,"Concreting of Buyaboc-BFAR FMR, Brgy. Simpatuyo, Sta. Teresita, Cagayan",Simpatuyo,,26100.00,1.74,direct municipality row,"Concreting of Buyaboc-BFAR FMR, Brgy. Simpatuyo, Sta. Teresita, Cagayan"
cagayan_1.xlsx,FMR,Cagayan,I,Santa Ana,2027,Farm-to-Market Roads,,,,,"Concreting of Brgy Diora-Zinungan FMR, Brgy. Diora and Brgy. Zinumgan, Sta Ana, Cagayan",Diora and Zinumgan,,15000.00,1.00,direct municipality row,"Concreting of Brgy Diora-Zinungan FMR, Brgy. Diora and Brgy. Zinumgan, Sta Ana, Cagayan"
cagayan_1.xlsx,FMR,Cagayan,I,Santa Ana,2027,Farm-to-Market Roads,,,,,"Concreting of Sitio Lubac FMR, Brgy. San Vicente, Sta. Ana, Cagayan",San Vicente,,15000.00,1.00,direct municipality row,"Concreting of Sitio Lubac FMR, Brgy. San Vicente, Sta. Ana, Cagayan"
cagayan_1.xlsx,FMR,Cagayan,I,Santa Ana,2027,Farm-to-Market Roads,,,,,"Concreting of Dumasag FMR, Brgy. Rapuli, Sta. Ana, Cagayan",Rapuli,,57600.00,3.84,direct municipality row,"Concreting of Dumasag FMR, Brgy. Rapuli, Sta. Ana, Cagayan"
cagayan_1.xlsx,FMR,Cagayan,I,Camalaniugan,2027,Farm-to-Market Roads,,,,,"Concreting of Felipe Tuzon FMR, Brgy. Felipe Tuzon, Camalaniugan, Cagayan",Felipe Tuzon,,30000.00,2.00,direct municipality row,"Concreting of Felipe Tuzon FMR, Brgy. Felipe Tuzon, Camalaniugan, Cagayan"
cagayan_1.xlsx,FMR,Cagayan,I,Camalaniugan,2027,Farm-to-Market Roads,,,,,"Concreting of Brgy Tagum FMR, Brgy. Tagum, Camalaniugan, Cagayan",Tagum,,15000.00,1.00,direct municipality row,"Concreting of Brgy Tagum FMR, Brgy. Tagum, Camalaniugan, Cagayan"
cagayan_1.xlsx,FMR,Cagayan,I,Camalaniugan,2027,Farm-to-Market Roads,,,,,"Concreting of Brgy Paragat FMR, Brgy. Paragat, Camalaniugan, Cagayan",Paragat,,15000.00,1.00,direct municipality row,"Concreting of Brgy Paragat FMR, Brgy. Paragat, Camalaniugan, Cagayan"
cagayan_1.xlsx,FMR,Cagayan,I,Camalaniugan,2027,Farm-to-Market Roads,,,,,"Concreting of Brgy Abagao FMR, Brgy. Abago, Camalaniugan, Cagayan",Abagao,,15000.00,1.00,direct municipality row,"Concreting of Brgy Abagao FMR, Brgy. Abago, Camalaniugan, Cagayan"
cagayan_1.xlsx,FMR,Cagayan,I,Camalaniugan,2027,Farm-to-Market Roads,,,,,"Concreting of Brgy Joaquin Dela Cruz FMR, Brgy. Joaquin Dela Cruz, Camalaniugan, Cagayan",Joaquin Dela Cruz,,15000.00,1.00,direct municipality row,"Concreting of Brgy Joaquin Dela Cruz FMR, Brgy. Joaquin Dela Cruz, Camalaniugan, Cagayan"
cagayan_1.xlsx,FMR,Cagayan,I,Gonzaga,2027,Farm-to-Market Roads,,,,,"Concreting of Lacub Tapel FMR, Brgy. Tapel, Gonzaga, Cagayan",Tapel,,15000.00,1.00,direct municipality row,"Concreting of Lacub Tapel FMR, Brgy. Tapel, Gonzaga, Cagayan"
cagayan_1.xlsx,FMR,Cagayan,I,Alcala,2027,Farm-to-Market Roads,,,,,"Concreting of Pagbangkeruan-Damurog FMR, Brgy. Pagbangkeruan, Alcala, Cagayan",Pagbangkeruan,,28800.00,1.92,direct municipality row,"Concreting of Pagbangkeruan-Damurog FMR, Brgy. Pagbangkeruan, Alcala, Cagayan"
cagayan_1.xlsx,FMR,Cagayan,I,Alcala,2027,Farm-to-Market Roads,,,,,"Concreting of Pared- Agani FMR, Brgy. Pared and Brgy. Agani, Alcala, Cagayan",Pared -Agani,,31950.00,2.13,direct municipality row,"Concreting of Pared- Agani FMR, Brgy. Pared and Brgy. Agani, Alcala, Cagayan"
cagayan_1.xlsx,FMR,Cagayan,I,Alcala,2027,Farm-to-Market Roads,,,,,"Concreting of Damurog FMR, Brgy. Damurog, Alcala, Cagayan",Damurog,,16500.00,1.10,direct municipality row,"Concreting of Damurog FMR, Brgy. Damurog, Alcala, Cagayan"
cagayan_1.xlsx,FMR,Cagayan,I,Alcala,2027,Farm-to-Market Roads,,,,,"Concreting of Capacuan FMR, Brgy. Dalaoig, Alcala, Cagayan",Dalaoig,,15000.00,1.00,direct municipality row,"Concreting of Capacuan FMR, Brgy. Dalaoig, Alcala, Cagayan"
cagayan_1.xlsx,FMR,Cagayan,I,Alcala,2027,Farm-to-Market Roads,,,,,"Concreting of Malamban FMR, Brgy. Dalaoig, Alcala, Cagayan",Dalaoig,,25800.00,1.72,direct municipality row,"Concreting of Malamban FMR, Brgy. Dalaoig, Alcala, Cagayan"
cagayan_1.xlsx,FMR,Cagayan,I,Alcala,2027,Farm-to-Market Roads,,,,,"Concreting of Dublon-Callao FMR, Brgy. San Esteban, Alcala, Cagayan",San Esteban,,39900.00,2.66,direct municipality row,"Concreting of Dublon-Callao FMR, Brgy. San Esteban, Alcala, Cagayan"
cagayan_1.xlsx,FMR,Cagayan,I,Alcala,2027,Farm-to-Market Roads,,,,,"Concreting of Sitio Banal FMR, Brgy. Dalaoig, Alcala, Cagayan",Dalaoig,,16500.00,1.10,direct municipality row,"Concreting of Sitio Banal FMR, Brgy. Dalaoig, Alcala, Cagayan"
cagayan_1.xlsx,FMR,Cagayan,I,Alcala,2027,Farm-to-Market Roads,,,,,"Concreting of Sitio Bulbulala FMR, Brgy. Dalaoig, Alcala, Cagayan",Dalaoig,,15000.00,1.00,direct municipality row,"Concreting of Sitio Bulbulala FMR, Brgy. Dalaoig, Alcala, Cagayan"
cagayan_1.xlsx,FMR,Cagayan,I,Baggao,2027,Farm-to-Market Roads,,,,,"Concreting of Brgy. Awallan FMR, Brgy. Awallan, Baggao, Cagayan",Awallan,,15000.00,1.00,direct municipality row,"Concreting of Brgy. Awallan FMR, Brgy. Awallan, Baggao, Cagayan"
cagayan_1.xlsx,FMR,Cagayan,I,Baggao,2027,Farm-to-Market Roads,,,,,"Concreting of Brgy. San Francisco FMR, Brgy. San Francisco, Baggao, Cagayan",San Francisco,,16500.00,1.10,direct municipality row,"Concreting of Brgy. San Francisco FMR, Brgy. San Francisco, Baggao, Cagayan"
cagayan_1.xlsx,FMR,Cagayan,I,Baggao,2027,Farm-to-Market Roads,,,,,"Concreting of Sitio Maroma FMR, Brgy. San Antonio, Baggao, Cagayan",San Antonio,,15000.00,1.00,direct municipality row,"Concreting of Sitio Maroma FMR, Brgy. San Antonio, Baggao, Cagayan"
cagayan_1.xlsx,PRDP,Cagayan,I,Camalaniugan,2025,PRDP,,,,,Upgrading of Agusi Farm-to-Market Road,Agusi,,144260.00,5.70,direct municipality row,Upgrading of Agusi Farm-to-Market Road
cagayan_1.xlsx,PRDP,Cagayan,I,Camalaniugan,2026,PRDP,,,,,Upgrading of Agusi Farm-to-Market Road,Agusi,,144260.00,5.70,direct municipality row,Upgrading of Agusi Farm-to-Market Road
cagayan_1.xlsx,4Ks,Cagayan,I,Gattaran,2027,4Ks,,,,,GM Hybrid Corn Seeds,kilograms,610.00,274.50,,remarks municipality split,Gonzaga and Gattaran             
cagayan_1.xlsx,4Ks,Cagayan,I,Gonzaga,2027,4Ks,,,,,GM Hybrid Corn Seeds,kilograms,610.00,274.50,,remarks municipality split,Gonzaga and Gattaran             
cagayan_1.xlsx,4Ks,Cagayan,I,Gattaran,2027,4Ks,,,,,Upland Vegetables,kilograms,0.55,39.96,,remarks municipality split,"Gonzaga, Gattaran and Sta. Ana             "
cagayan_1.xlsx,4Ks,Cagayan,I,Santa Ana,2027,4Ks,,,,,Upland Vegetables,kilograms,0.55,39.96,,remarks municipality split,"Gonzaga, Gattaran and Sta. Ana             "
cagayan_1.xlsx,4Ks,Cagayan,I,Gonzaga,2027,4Ks,,,,,Upland Vegetables,kilograms,0.55,39.96,,remarks municipality split,"Gonzaga, Gattaran and Sta. Ana             "
cagayan_1.xlsx,4Ks,Cagayan,I,Gattaran,2027,4Ks,,,,,Lowland Vegetables,kilograms,13.70,74.17,,remarks municipality split,"Gonzaga, Gattaran and Sta. Ana             "
cagayan_1.xlsx,4Ks,Cagayan,I,Santa Ana,2027,4Ks,,,,,Lowland Vegetables,kilograms,13.70,74.17,,remarks municipality split,"Gonzaga, Gattaran and Sta. Ana             "
cagayan_1.xlsx,4Ks,Cagayan,I,Gonzaga,2027,4Ks,,,,,Lowland Vegetables,kilograms,13.70,74.17,,remarks municipality split,"Gonzaga, Gattaran and Sta. Ana             "
cagayan_1.xlsx,4Ks,Cagayan,I,Gattaran,2027,4Ks,,,,,Organic Fertilizer,kilograms,2000.00,20.00,,remarks municipality split,"Gonzaga, Gattaran and Sta. Ana             "
cagayan_1.xlsx,4Ks,Cagayan,I,Santa Ana,2027,4Ks,,,,,Organic Fertilizer,kilograms,2000.00,20.00,,remarks municipality split,"Gonzaga, Gattaran and Sta. Ana             "
cagayan_1.xlsx,4Ks,Cagayan,I,Gonzaga,2027,4Ks,,,,,Organic Fertilizer,kilograms,2000.00,20.00,,remarks municipality split,"Gonzaga, Gattaran and Sta. Ana             "
cagayan_1.xlsx,4Ks,Cagayan,I,Gattaran,2027,4Ks,,,,,Ube Planting Materials,kilograms,1666.67,500.00,,remarks municipality split,"Gonzaga, Gattaran and Sta. Ana             "
cagayan_1.xlsx,4Ks,Cagayan,I,Santa Ana,2027,4Ks,,,,,Ube Planting Materials,kilograms,1666.67,500.00,,remarks municipality split,"Gonzaga, Gattaran and Sta. Ana             "
cagayan_1.xlsx,4Ks,Cagayan,I,Gonzaga,2027,4Ks,,,,,Ube Planting Materials,kilograms,1666.67,500.00,,remarks municipality split,"Gonzaga, Gattaran and Sta. Ana             "
cagayan_1.xlsx,4Ks,Cagayan,I,Gattaran,2027,4Ks,,,,,d. Knapsack,No. of units,4.00,10.00,,remarks municipality split,"Gonzaga, Gattaran and Sta. Ana             "
cagayan_1.xlsx,4Ks,Cagayan,I,Santa Ana,2027,4Ks,,,,,d. Knapsack,No. of units,4.00,10.00,,remarks municipality split,"Gonzaga, Gattaran and Sta. Ana             "
cagayan_1.xlsx,4Ks,Cagayan,I,Gonzaga,2027,4Ks,,,,,d. Knapsack,No. of units,4.00,10.00,,remarks municipality split,"Gonzaga, Gattaran and Sta. Ana             "
cagayan_1.xlsx,4Ks,Cagayan,I,Gattaran,2027,4Ks,,,,,e. Grass Cutter,No. of units,1.00,25.00,,remarks municipality split,"Gonzaga, Gattaran and Sta. Ana             "
cagayan_1.xlsx,4Ks,Cagayan,I,Santa Ana,2027,4Ks,,,,,e. Grass Cutter,No. of units,1.00,25.00,,remarks municipality split,"Gonzaga, Gattaran and Sta. Ana             "
cagayan_1.xlsx,4Ks,Cagayan,I,Gonzaga,2027,4Ks,,,,,e. Grass Cutter,No. of units,1.00,25.00,,remarks municipality split,"Gonzaga, Gattaran and Sta. Ana             "
cagayan_1.xlsx,4Ks,Cagayan,I,Gattaran,2027,4Ks,,,,,h. Garden Tools,No. of pieces,34.00,30.40,,remarks municipality split,"Gonzaga, Gattaran and Sta. Ana             "
cagayan_1.xlsx,4Ks,Cagayan,I,Santa Ana,2027,4Ks,,,,,h. Garden Tools,No. of pieces,34.00,30.40,,remarks municipality split,"Gonzaga, Gattaran and Sta. Ana             "
cagayan_1.xlsx,4Ks,Cagayan,I,Gonzaga,2027,4Ks,,,,,h. Garden Tools,No. of pieces,34.00,30.40,,remarks municipality split,"Gonzaga, Gattaran and Sta. Ana             "
cagayan_2.xlsx,FMR,Cagayan,II,Ballesteros,2025,Farm-to-Market Roads,,,,,"Concreting of Brgy. Zitanga- Nararagan FMR, Brgy. Zitanga- Nararagan, Ballesteros, Cagayan",Zitanga and Nararagan,,15000.00,1.00,direct municipality row,"Concreting of Brgy. Zitanga- Nararagan FMR, Brgy. Zitanga- Nararagan, Ballesteros, Cagayan"
cagayan_2.xlsx,FMR,Cagayan,II,Ballesteros,2025,Farm-to-Market Roads,,,,,"Concreting of Brgy. Mabuttal West FMR, Brgy. Mabuttal West, Ballesteros, Cagayan",Mabuttal West,,15000.00,1.00,direct municipality row,"Concreting of Brgy. Mabuttal West FMR, Brgy. Mabuttal West, Ballesteros, Cagayan"
cagayan_2.xlsx,FMR,Cagayan,II,Abulug,2025,Farm-to-Market Roads,,,,,"Concreting of Brgy. Guiddam FMR Phase II, Brgy. Guiddam, Abulug, Cagayan",Guiddam,,10000.00,0.67,direct municipality row,"Concreting of Brgy. Guiddam FMR Phase II, Brgy. Guiddam, Abulug, Cagayan"
cagayan_2.xlsx,FMR,Cagayan,II,Abulug,2025,Farm-to-Market Roads,,,,,"Concreting of Brgy. Guiddam FMR , Brgy. Guiddam, Abulug, Cagayan",Guiddam,,10000.00,0.67,direct municipality row,"Concreting of Brgy. Guiddam FMR , Brgy. Guiddam, Abulug, Cagayan"
cagayan_2.xlsx,FMR,Cagayan,II,Abulug,2025,Farm-to-Market Roads,,,,,"Concreting of Brgy. San Jullian FMR, Brgy. San Julian, Abulug, Cagayan",San Julian,,15000.00,1.00,direct municipality row,"Concreting of Brgy. San Jullian FMR, Brgy. San Julian, Abulug, Cagayan"
cagayan_2.xlsx,FMR,Cagayan,II,Abulug,2025,Farm-to-Market Roads,,,,,"Concreting of Brgy. Libertad FMR, Brgy. Libertad, Abulug, Cagayan",Libertad,,15000.00,1.00,direct municipality row,"Concreting of Brgy. Libertad FMR, Brgy. Libertad, Abulug, Cagayan"
cagayan_2.xlsx,FMR,Cagayan,II,Allacapan,2025,Farm-to-Market Roads,,,,,"Concreting of Brgy. Labben to Brgy. Utan FMR, Brgy. Labben to Utan, Allcapan, Cagayan",Labben and Utan,,15000.00,1.00,direct municipality row,"Concreting of Brgy. Labben to Brgy. Utan FMR, Brgy. Labben to Utan, Allcapan, Cagayan"
cagayan_2.xlsx,FMR,Cagayan,II,Sanchez Mira,2025,Farm-to-Market Roads,,,,,"Concreting of Brgy. San Andres FMR, Brgy. San Andres, Sanchez Mira, Cagayan",San Andres,,10000.00,0.67,direct municipality row,"Concreting of Brgy. San Andres FMR, Brgy. San Andres, Sanchez Mira, Cagayan"
cagayan_2.xlsx,FMR,Cagayan,II,Lasam,2025,Farm-to-Market Roads,,,,,"Concreting of Brgy. San Pedro - Battalan FMR,Brgy. San Pedro Lasam, Cagayan",San Pedro - Battalan,,10000.00,0.67,direct municipality row,"Concreting of Brgy. San Pedro - Battalan FMR,Brgy. San Pedro Lasam, Cagayan"
cagayan_2.xlsx,FMR,Cagayan,II,Abulug,2026,Farm-to-Market Roads,,,,,"Concreting of Brgy. Guiddam FMR, Brgy. Guiddam, Abulug, Cagayan",Guiddam,,25000.00,1.67,direct municipality row,"Concreting of Brgy. Guiddam FMR, Brgy. Guiddam, Abulug, Cagayan"
cagayan_2.xlsx,FMR,Cagayan,II,Abulug,2026,Farm-to-Market Roads,,,,,"Concreting of Brgy. Banguian FMR, Brgy. Banguian, Abulug, Cagayan",Banguian,,15000.00,1.00,direct municipality row,"Concreting of Brgy. Banguian FMR, Brgy. Banguian, Abulug, Cagayan"
cagayan_2.xlsx,FMR,Cagayan,II,Abulug,2026,Farm-to-Market Roads,,,,,"Concreting of Pinaron Brgy. Guiddam FMR, Brgy. Guiddam, Abulug, Cagayan",Guiddam,,35000.00,2.33,direct municipality row,"Concreting of Pinaron Brgy. Guiddam FMR, Brgy. Guiddam, Abulug, Cagayan"
cagayan_2.xlsx,FMR,Cagayan,II,Abulug,2026,Farm-to-Market Roads,,,,,"Concreting of Brgy. Sto. Tomas FMR, Brgy. Sto. Tomas, Abulug, Cagayan",Sto. Tomas,,20000.00,1.33,direct municipality row,"Concreting of Brgy. Sto. Tomas FMR, Brgy. Sto. Tomas, Abulug, Cagayan"
cagayan_2.xlsx,FMR,Cagayan,II,Abulug,2026,Farm-to-Market Roads,,,,,"Concreting of Brgy. Lucban-Brgy. Maquire FMR, Brgy. Lucban, Abulug, Cagayan",Lucban-Macquire,,15000.00,1.00,direct municipality row,"Concreting of Brgy. Lucban-Brgy. Maquire FMR, Brgy. Lucban, Abulug, Cagayan"
cagayan_2.xlsx,FMR,Cagayan,II,Abulug,2026,Farm-to-Market Roads,,,,,"Concreting of Brgy. Guiddam Phase II FMR, Brgy. Guiddam, Abulug, Cagayan",Guiddam,,35000.00,2.33,direct municipality row,"Concreting of Brgy. Guiddam Phase II FMR, Brgy. Guiddam, Abulug, Cagayan"
cagayan_2.xlsx,FMR,Cagayan,II,Abulug,2026,Farm-to-Market Roads,,,,,"Concreting of Brgy. San Julian FMR, Brgy. San Julian, Abulug, Cagayan",San Julian,,20000.00,1.33,direct municipality row,"Concreting of Brgy. San Julian FMR, Brgy. San Julian, Abulug, Cagayan"
cagayan_2.xlsx,FMR,Cagayan,II,Abulug,2026,Farm-to-Market Roads,,,,,"Concreting of Brgy. Guiddam Phase I FMR, Brgy. Guiddam, Abulug, Cagayan",Guiddam,,15000.00,1.00,direct municipality row,"Concreting of Brgy. Guiddam Phase I FMR, Brgy. Guiddam, Abulug, Cagayan"
cagayan_2.xlsx,FMR,Cagayan,II,Abulug,2026,Farm-to-Market Roads,,,,,"Concreting of Brgy. Libertad FMR, Brgy. Libertad, Abulug, Cagayan",Libertad,,25000.00,1.67,direct municipality row,"Concreting of Brgy. Libertad FMR, Brgy. Libertad, Abulug, Cagayan"
cagayan_2.xlsx,FMR,Cagayan,II,Abulug,2026,Farm-to-Market Roads,,,,,"Concreting of San Agustin FMR, Brgy. San Agustin, Abulug, Cagayan",San Agustin,,20000.00,1.33,direct municipality row,"Concreting of San Agustin FMR, Brgy. San Agustin, Abulug, Cagayan"
cagayan_2.xlsx,FMR,Cagayan,II,Abulug,2026,Farm-to-Market Roads,,,,,"Construction of Brgy. Canayun FMR, Brgy. Canayun, Abulug, Cagayan",Canayun,,20000.00,1.33,direct municipality row,"Construction of Brgy. Canayun FMR, Brgy. Canayun, Abulug, Cagayan"
cagayan_2.xlsx,FMR,Cagayan,II,Abulug,2026,Farm-to-Market Roads,,,,,"Concreting of Purok 5B, Brgy. Sto. Tomas FMR, Abulug, Cagayan",Sto. Tomas,,25000.00,1.67,direct municipality row,"Concreting of Purok 5B, Brgy. Sto. Tomas FMR, Abulug, Cagayan"
cagayan_2.xlsx,FMR,Cagayan,II,Lasam,2026,Farm-to-Market Roads,,,,,"Concreting of Brgy. Ignacio B. Jurado-Brgy. Viga FMR Phase I, Brgy. Ignacio B. Jurado and Brgy. Viga, Lasam, Cagayan",Ignacio B. Jurado and Viga,,50000.00,3.33,direct municipality row,"Concreting of Brgy. Ignacio B. Jurado-Brgy. Viga FMR Phase I, Brgy. Ignacio B. Jurado and Brgy. Viga, Lasam, Cagayan"
cagayan_2.xlsx,FMR,Cagayan,II,Pamplona,2026,Farm-to-Market Roads,,,,,"Concreting of Brgy. Abbangkeruan FMR, Brgy. Abbangkeruan, Pamplona, Cagayan",Abbangkeruan,,20000.00,1.33,direct municipality row,"Concreting of Brgy. Abbangkeruan FMR, Brgy. Abbangkeruan, Pamplona, Cagayan"
cagayan_2.xlsx,FMR,Cagayan,II,Pamplona,2026,Farm-to-Market Roads,,,,,"Concreting of Zone 5-7, Brgy. Curva FMR, Pamplona, Cagayan",Curva,,15000.00,1.00,direct municipality row,"Concreting of Zone 5-7, Brgy. Curva FMR, Pamplona, Cagayan"
cagayan_2.xlsx,FMR,Cagayan,II,Pamplona,2026,Farm-to-Market Roads,,,,,"Concreting of Sitio Lumittung, Sta. Cruz FMR, Brgy. Sta. Cruz, Pamplona, Cagayan",Sta. Cruz,,15000.00,1.00,direct municipality row,"Concreting of Sitio Lumittung, Sta. Cruz FMR, Brgy. Sta. Cruz, Pamplona, Cagayan"
cagayan_2.xlsx,FMR,Cagayan,II,Pamplona,2026,Farm-to-Market Roads,,,,,"Concreting of Brgy. Casitan- Brgy. Gattu FMR, Brgy. Casitan and Brgy. Gattu, Pamplona, Cagayan",Casitan and Gattu,,15000.00,1.00,direct municipality row,"Concreting of Brgy. Casitan- Brgy. Gattu FMR, Brgy. Casitan and Brgy. Gattu, Pamplona, Cagayan"
cagayan_2.xlsx,FMR,Cagayan,II,Pamplona,2026,Farm-to-Market Roads,,,,,"Concreting of Zone 5-Zone 7, Brgy. Curva FMR Phase II, Brgy. Curva, Pamplona, Cagayan",Curva,,15000.00,1.00,direct municipality row,"Concreting of Zone 5-Zone 7, Brgy. Curva FMR Phase II, Brgy. Curva, Pamplona, Cagayan"
cagayan_2.xlsx,FMR,Cagayan,II,Pamplona,2026,Farm-to-Market Roads,,,,,"Concreting of Purok 6-Sitio Sarat, Brgy. Abbangkeruan FMR, Brgy. Abbangkeruan, Pamplona, Cagayan",Abbangkeruan,,25000.00,1.67,direct municipality row,"Concreting of Purok 6-Sitio Sarat, Brgy. Abbangkeruan FMR, Brgy. Abbangkeruan, Pamplona, Cagayan"
cagayan_2.xlsx,FMR,Cagayan,II,Pamplona,2026,Farm-to-Market Roads,,,,,"Concreting of Purok 5-Purok 6, Brgy. Bagu FMR, Brgy. Bagu, Pamplona, Cagayan",Bagu,,25000.00,1.67,direct municipality row,"Concreting of Purok 5-Purok 6, Brgy. Bagu FMR, Brgy. Bagu, Pamplona, Cagayan"
cagayan_2.xlsx,FMR,Cagayan,II,Rizal,2026,Farm-to-Market Roads,,,,,"Concreting of Purok 2, Brgy. Batu FMR, Brgy. Batu, Rizal, Cagayan",Batu,,15000.00,1.00,direct municipality row,"Concreting of Purok 2, Brgy. Batu FMR, Brgy. Batu, Rizal, Cagayan"
cagayan_2.xlsx,FMR,Cagayan,II,Rizal,2026,Farm-to-Market Roads,,,,,"Concreting of Gaddangao FMR, Brgy. Gaddangao, Rizal, Cagayan",Gaddangao,,15000.00,1.00,direct municipality row,"Concreting of Gaddangao FMR, Brgy. Gaddangao, Rizal, Cagayan"
cagayan_2.xlsx,FMR,Cagayan,II,Rizal,2026,Farm-to-Market Roads,,,,,"Concreting of Mauanan FMR, Rizal, Cagayan",Mauanan,,15000.00,1.00,direct municipality row,"Concreting of Mauanan FMR, Rizal, Cagayan"
cagayan_2.xlsx,FMR,Cagayan,II,Sanchez Mira,2026,Farm-to-Market Roads,,,,,"Concreting of Brgy. San Andres FMR, Brgy. San Andres, Sanchez Mira, Cagayan",San Andres,,15000.00,1.00,direct municipality row,"Concreting of Brgy. San Andres FMR, Brgy. San Andres, Sanchez Mira, Cagayan"
cagayan_2.xlsx,FMR,Cagayan,II,Allacapan,2027,Farm-to-Market Roads,,,,,"Concreting Sitio Macagatao, Brgy. Capanickian FMR, Brgy. Capanickian, Allacapan, Cagayan",Capanickian Norte,,15000.00,1.00,direct municipality row,"Concreting Sitio Macagatao, Brgy. Capanickian FMR, Brgy. Capanickian, Allacapan, Cagayan"
cagayan_2.xlsx,FMR,Cagayan,II,Calayan,2027,Farm-to-Market Roads,,,,,"Construction of Balagubag West FMR, Brgy. Magsidel, Calayan, Cagayan",Magsidel,,21000.00,1.40,direct municipality row,"Construction of Balagubag West FMR, Brgy. Magsidel, Calayan, Cagayan"
cagayan_2.xlsx,FMR,Cagayan,II,Claveria,2027,Farm-to-Market Roads,,,,,"Construction of Sitio Salpad FMR, Brgy. Dibalio, Claveria, Cagayan",Dibalio,,43500.00,2.90,direct municipality row,"Construction of Sitio Salpad FMR, Brgy. Dibalio, Claveria, Cagayan"
cagayan_2.xlsx,FMR,Cagayan,II,Lasam,2027,Farm-to-Market Roads,,,,,"Construction of IBJ-Viga FMR, Brgy. IBJ and Brgy. Viga, Lasam, Cagayan",IBJ-Viga,,15000.00,1.00,direct municipality row,"Construction of IBJ-Viga FMR, Brgy. IBJ and Brgy. Viga, Lasam, Cagayan"
cagayan_2.xlsx,FMR,Cagayan,II,Rizal,2027,Farm-to-Market Roads,,,,,"Concreting of Duyun FMR, Brgy. Duyun, Rizal, Cagayan",Duyun,,17000.00,1.10,direct municipality row,"Concreting of Duyun FMR, Brgy. Duyun, Rizal, Cagayan"
cagayan_2.xlsx,FMR,Cagayan,II,Santo Ni?o (Faire),2027,Farm-to-Market Roads,,,,,"Concreting Brgy. Lubo- Brgy. Balani FMR, Brgy. Lubo and Brgy. Balani, Sto. Niño, Cagayan",Lubo-Balani,,43500.00,2.90,direct municipality row,"Concreting Brgy. Lubo- Brgy. Balani FMR, Brgy. Lubo and Brgy. Balani, Sto. Niño, Cagayan"
cagayan_2.xlsx,FMR,Cagayan,II,Pamplona,2027,Farm-to-Market Roads,,,,,"Concreting of Sitio Layuk , Brgy. Bagu FMR , Brgy. Bagu, Pamplona, Cagayan",Bagu,,15000.00,1.00,direct municipality row,"Concreting of Sitio Layuk , Brgy. Bagu FMR , Brgy. Bagu, Pamplona, Cagayan"
cagayan_2.xlsx,FMR,Cagayan,II,Sanchez Mira,2027,Farm-to-Market Roads,,,,,"Concreting of Gammaro FMR, Brgy. Bangan, Sanchez, Mira, Cagayan",Bangan,,27750.00,1.85,direct municipality row,"Concreting of Gammaro FMR, Brgy. Bangan, Sanchez, Mira, Cagayan"
cagayan_2.xlsx,FMR,Cagayan,II,Piat,2027,Farm-to-Market Roads,,,,,"Concreting of Apayao-Asiga SWIP FMR, Brgy. Apayao, Piat, Cagayan",Apayao,,15000.00,1.00,direct municipality row,"Concreting of Apayao-Asiga SWIP FMR, Brgy. Apayao, Piat, Cagayan"
cagayan_2.xlsx,FMR,Cagayan,II,Santo Ni?o (Faire),2027,Farm-to-Market Roads,,,,,"Concreting of Brgy Calassitan FMR, Brgy. Calassitan, Santo Nino, Cagayan",Calassitan,,15000.00,1.00,direct municipality row,"Concreting of Brgy Calassitan FMR, Brgy. Calassitan, Santo Nino, Cagayan"
cagayan_2.xlsx,FMR,Cagayan,II,Lasam,2027,Farm-to-Market Roads,,,,,"Concreting of Brgy Gabun (Sitio Ballasiw) FMR, Brgy. Gabun, Lasam, Cagayan",Gabun,,15000.00,1.00,direct municipality row,"Concreting of Brgy Gabun (Sitio Ballasiw) FMR, Brgy. Gabun, Lasam, Cagayan"
cagayan_2.xlsx,FMR,Cagayan,II,Lasam,2027,Farm-to-Market Roads,,,,,"Concreting of Brgy Gabun (Sitio Ballasiw) Phase II FMR, Brgy. Gabun, Lasam, Cagayan",Gabun,,15000.00,1.00,direct municipality row,"Concreting of Brgy Gabun (Sitio Ballasiw) Phase II FMR, Brgy. Gabun, Lasam, Cagayan"
cagayan_2.xlsx,FMR,Cagayan,II,Allacapan,2027,Farm-to-Market Roads,,,,,"Concreting of Brgy. Matucay to Sinuttulan FMR, Brgy. Matucay, Allacapan, Cagayan",Matucay,,24000.00,1.60,direct municipality row,"Concreting of Brgy. Matucay to Sinuttulan FMR, Brgy. Matucay, Allacapan, Cagayan"
cagayan_2.xlsx,FMR,Cagayan,II,Allacapan,2027,Farm-to-Market Roads,,,,,"Concreting of Brgy. Tubel Farm-to-Market Road, Brgy. Tubel, Allacapan, Cagayan",Tubel,,15000.00,1.00,direct municipality row,"Concreting of Brgy. Tubel Farm-to-Market Road, Brgy. Tubel, Allacapan, Cagayan"
cagayan_2.xlsx,PRDP,Cagayan,II,Rizal,2025,PRDP,,,,,Construction of Gagabutan West-Gagabutan East Potable Water System Level II,"Gagabutan West, Gagabutan East",,12000.00,669.00,direct municipality row,Construction of Gagabutan West-Gagabutan East Potable Water System Level II
cagayan_2.xlsx,PRDP,Cagayan,II,Rizal,2025,PRDP,,,,,Construction of Iluru Norte-Iluru Sur Potable Water System Level II,"Iluru Norte, Iluru Sur",,12000.00,505.00,direct municipality row,Construction of Iluru Norte-Iluru Sur Potable Water System Level II
cagayan_2.xlsx,PRDP,Cagayan,II,Rizal,2025,PRDP,,,,,Construction of Cambabangan-Nanauatan Potable Water System Level II,"Cambabangan, Nanauatan",,12000.00,220.00,direct municipality row,Construction of Cambabangan-Nanauatan Potable Water System Level II
cagayan_2.xlsx,PRDP,Cagayan,II,Rizal,2026,PRDP,,,,,Construction of Gagabutan West-Gagabutan East Potable Water System Level II,"Gagabutan West, Gagabutan East",,12000.00,669.00,direct municipality row,Construction of Gagabutan West-Gagabutan East Potable Water System Level II
cagayan_2.xlsx,PRDP,Cagayan,II,Rizal,2026,PRDP,,,,,Construction of Iluru Norte-Iluru Sur Potable Water System Level II,"Iluru Norte, Iluru Sur",,12000.00,505.00,direct municipality row,Construction of Iluru Norte-Iluru Sur Potable Water System Level II
cagayan_2.xlsx,PRDP,Cagayan,II,Rizal,2026,PRDP,,,,,Construction of Cambabangan-Nanauatan Potable Water System Level II,"Cambabangan, Nanauatan",,12000.00,220.00,direct municipality row,Construction of Cambabangan-Nanauatan Potable Water System Level II
cagayan_2.xlsx,SAAD,Cagayan,II,Santa Praxedes,2027,SAAD,,,,,"1. Orientations, Meetings, Assessments and Consultation conducted",,0.33,0.00,,remarks municipality split,"Rizal, Santa Praxedes, Calayan           "
cagayan_2.xlsx,SAAD,Cagayan,II,Calayan,2027,SAAD,,,,,"1. Orientations, Meetings, Assessments and Consultation conducted",,0.33,0.00,,remarks municipality split,"Rizal, Santa Praxedes, Calayan           "
cagayan_2.xlsx,SAAD,Cagayan,II,Rizal,2027,SAAD,,,,,"1. Orientations, Meetings, Assessments and Consultation conducted",,0.33,0.00,,remarks municipality split,"Rizal, Santa Praxedes, Calayan           "
cagayan_2.xlsx,SAAD,Cagayan,II,Santa Praxedes,2027,SAAD,,,,,2.1. Capability Building activities conducted,number,2.67,0.00,,remarks municipality split,"Rizal, Santa Praxedes, Calayan           "
cagayan_2.xlsx,SAAD,Cagayan,II,Calayan,2027,SAAD,,,,,2.1. Capability Building activities conducted,number,2.67,0.00,,remarks municipality split,"Rizal, Santa Praxedes, Calayan           "
cagayan_2.xlsx,SAAD,Cagayan,II,Rizal,2027,SAAD,,,,,2.1. Capability Building activities conducted,number,2.67,0.00,,remarks municipality split,"Rizal, Santa Praxedes, Calayan           "
cagayan_2.xlsx,SAAD,Cagayan,II,Santa Praxedes,2027,SAAD,,,,,3.1. Beneficiary Profiling conducted,number,2.67,0.00,,remarks municipality split,"Rizal, Santa Praxedes, Calayan           "
cagayan_2.xlsx,SAAD,Cagayan,II,Calayan,2027,SAAD,,,,,3.1. Beneficiary Profiling conducted,number,2.67,0.00,,remarks municipality split,"Rizal, Santa Praxedes, Calayan           "
cagayan_2.xlsx,SAAD,Cagayan,II,Rizal,2027,SAAD,,,,,3.1. Beneficiary Profiling conducted,number,2.67,0.00,,remarks municipality split,"Rizal, Santa Praxedes, Calayan           "
cagayan_2.xlsx,SAAD,Cagayan,II,Santa Praxedes,2027,SAAD,,,,,3.2. Database Uploading conducted,number,2.67,0.00,,remarks municipality split,"Rizal, Santa Praxedes, Calayan           "
cagayan_2.xlsx,SAAD,Cagayan,II,Calayan,2027,SAAD,,,,,3.2. Database Uploading conducted,number,2.67,0.00,,remarks municipality split,"Rizal, Santa Praxedes, Calayan           "
cagayan_2.xlsx,SAAD,Cagayan,II,Rizal,2027,SAAD,,,,,3.2. Database Uploading conducted,number,2.67,0.00,,remarks municipality split,"Rizal, Santa Praxedes, Calayan           "
cagayan_2.xlsx,4Ks,Cagayan,II,Sanchez Mira,2027,4Ks,,,,,Upland Vegetables,kilograms,0.70,44.94,,remarks municipality split,Sanchez Mira           
cagayan_2.xlsx,4Ks,Cagayan,II,Sanchez Mira,2027,4Ks,,,,,Lowland Vegetable,kilograms,13.70,74.17,,remarks municipality split,Sanchez Mira           
cagayan_2.xlsx,4Ks,Cagayan,II,Sanchez Mira,2027,4Ks,,,,,Organic Fertilizers,kilograms,2000.00,20.00,,remarks municipality split,Sanchez Mira           
cagayan_2.xlsx,4Ks,Cagayan,II,Sanchez Mira,2027,4Ks,,,,,Ube Planting Materials,kilograms,2000.00,600.00,,remarks municipality split,Sanchez Mira           
cagayan_2.xlsx,4Ks,Cagayan,II,Sanchez Mira,2027,4Ks,,,,,d. Knapsack,No. of units,4.00,10.00,,remarks municipality split,Sanchez Mira           
cagayan_2.xlsx,4Ks,Cagayan,II,Sanchez Mira,2027,4Ks,,,,,e. Grass Cutter,No. of units,1.00,25.00,,remarks municipality split,Sanchez Mira           
cagayan_2.xlsx,4Ks,Cagayan,II,Sanchez Mira,2027,4Ks,,,,,h. Garden Tools,No. of units,34.00,30.40,,remarks municipality split,Sanchez Mira           
cagayan_3.xlsx,FMR,Cagayan,III,Amulung,2025,Farm-to-Market Roads,,,,,"Concreting of Brgys. Annafatan-Namuccauan--Calintaan-Masical-Pacac-Pequeno-Pacac Grande FMR, Amulung, Cagayan",Annafatan-Nanuccauan--Calintaan-Masical-Pacac Pequeño-Pacac Grande,,15000.00,1.00,direct municipality row,"Concreting of Brgys. Annafatan-Namuccauan--Calintaan-Masical-Pacac-Pequeno-Pacac Grande FMR, Amulung, Cagayan"
cagayan_3.xlsx,FMR,Cagayan,III,Amulung,2025,Farm-to-Market Roads,,,,,"Concreting of Malacabibi-Agguirit FMR, Amulung, Cagayan",Malacabibi and Agguirit,,15000.00,1.00,direct municipality row,"Concreting of Malacabibi-Agguirit FMR, Amulung, Cagayan"
cagayan_3.xlsx,FMR,Cagayan,III,Solana,2025,Farm-to-Market Roads,,,,,"Concreting of Brgy. Iraga- Malacabibi FMR, Solana, Cagayan",Iraga and Malacabibi,,15000.00,1.00,direct municipality row,"Concreting of Brgy. Iraga- Malacabibi FMR, Solana, Cagayan"
cagayan_3.xlsx,FMR,Cagayan,III,Tuao,2025,Farm-to-Market Roads,,,,,"Concreting of Brgy. Mambacag FMR, Brgy. Mambacag, Tuao, Cagayan",Mambacag,,15000.00,1.00,direct municipality row,"Concreting of Brgy. Mambacag FMR, Brgy. Mambacag, Tuao, Cagayan"
cagayan_3.xlsx,FMR,Cagayan,III,Amulung,2026,Farm-to-Market Roads,,,,,"Concreting of Brgy. Dadda-Brgy. Magogod-Brgy. Gangauan FMR, Brgy. Dadda, Brgy. Magogod and Brgy. Gangauan, Amulung, Cagayan",Magogod and Gangauan,,15000.00,1.00,direct municipality row,"Concreting of Brgy. Dadda-Brgy. Magogod-Brgy. Gangauan FMR, Brgy. Dadda, Brgy. Magogod and Brgy. Gangauan, Amulung, Cagayan"
cagayan_3.xlsx,FMR,Cagayan,III,Amulung,2026,Farm-to-Market Roads,,,,,"Concreting of Brgy. Masical- Brgy. Calintaan FMR Phase II, Brgy. Masical and Brgy. Calintaan, Amulung, Cagayan",Masical- Calintaan,,15000.00,1.00,direct municipality row,"Concreting of Brgy. Masical- Brgy. Calintaan FMR Phase II, Brgy. Masical and Brgy. Calintaan, Amulung, Cagayan"
cagayan_3.xlsx,FMR,Cagayan,III,Amulung,2026,Farm-to-Market Roads,,,,,"Concreting of Brgy. Caratacat FMR, Brgy. Caratacat, Amulung, Cagayan",Caratacat,,15000.00,1.00,direct municipality row,"Concreting of Brgy. Caratacat FMR, Brgy. Caratacat, Amulung, Cagayan"
cagayan_3.xlsx,FMR,Cagayan,III,Enrile,2026,Farm-to-Market Roads,,,,,"Concreting of Brgy. Liwan Norte to Brgy. II FMR, Enrile, Cagayan",Liwan Norte and Brgy. II,,13200.00,0.88,direct municipality row,"Concreting of Brgy. Liwan Norte to Brgy. II FMR, Enrile, Cagayan"
cagayan_3.xlsx,FMR,Cagayan,III,Solana,2026,Farm-to-Market Roads,,,,,"Concreting of Brgy. Iraga-Brgy. Maguirig FMR, Brgy. Iraga and Brgy. Maguirig, Solana, Cagayan",Iraga and Brgy. Maguirig,,15000.00,1.00,direct municipality row,"Concreting of Brgy. Iraga-Brgy. Maguirig FMR, Brgy. Iraga and Brgy. Maguirig, Solana, Cagayan"
cagayan_3.xlsx,FMR,Cagayan,III,Solana,2026,Farm-to-Market Roads,,,,,"Concreting of Brgy. Cattaran FMR, Brgy. Cattaran , Solana, Cagayan",Cattaran,,15000.00,1.00,direct municipality row,"Concreting of Brgy. Cattaran FMR, Brgy. Cattaran , Solana, Cagayan"
cagayan_3.xlsx,FMR,Cagayan,III,Solana,2026,Farm-to-Market Roads,,,,,"Concreting of Brgy. Dassun FMR, Brgy. Dassun, Solana, Cagayan",Dassun,,15000.00,1.00,direct municipality row,"Concreting of Brgy. Dassun FMR, Brgy. Dassun, Solana, Cagayan"
cagayan_3.xlsx,FMR,Cagayan,III,Tuao,2026,Farm-to-Market Roads,,,,,"Concreting of Brgy. San Vicente FMR, Brgy. San Vicente, Tuao, Cagayan",San Vicente,,15000.00,1.00,direct municipality row,"Concreting of Brgy. San Vicente FMR, Brgy. San Vicente, Tuao, Cagayan"
cagayan_3.xlsx,FMR,Cagayan,III,Pe?ablanca,2027,Farm-to-Market Roads,,,,,"Concreting of Cabasan FMR, Brgy. Cabasan, Peñablanca, Cagayan",Cabasan,,15000.00,1.00,direct municipality row,"Concreting of Cabasan FMR, Brgy. Cabasan, Peñablanca, Cagayan"
cagayan_3.xlsx,FMR,Cagayan,III,Enrile,2027,Farm-to-Market Roads,,,,,"Concreting of Brgy. Divisoria-Carague Lake FMR, Brgy. Divisoria, Enrile, Cagayan",Divisoria,,15000.00,1.00,direct municipality row,"Concreting of Brgy. Divisoria-Carague Lake FMR, Brgy. Divisoria, Enrile, Cagayan"
cagayan_3.xlsx,FMR,Cagayan,III,Pe?ablanca,2027,Farm-to-Market Roads,,,,,"Concreting of Purok 7, Cabasan FMR, Brgy. Cabasan, Peñablanca, Cagayan",Cabasan,,15000.00,1.00,direct municipality row,"Concreting of Purok 7, Cabasan FMR, Brgy. Cabasan, Peñablanca, Cagayan"
cagayan_3.xlsx,FMR,Cagayan,III,Enrile,2027,Farm-to-Market Roads,,,,,"Concreting of Liwan Norte- San Antonio FMR, Brgy. Liwan Norte and Brgy. San Antonio, Enrile, Cagayan",Liwan Norte and San Antonio,,20000.00,1.50,direct municipality row,"Concreting of Liwan Norte- San Antonio FMR, Brgy. Liwan Norte and Brgy. San Antonio, Enrile, Cagayan"
cagayan_3.xlsx,FMR,Cagayan,III,Solana,2027,Farm-to-Market Roads,,,,,"Concreting of Centro Northwest- Nangalisan FMR Phase 1, Brgy. Centro Northwest and Brgy. Nangalisan, Solana, Cagayan",Centro Northwest and Nangalisan,,15000.00,1.00,direct municipality row,"Concreting of Centro Northwest- Nangalisan FMR Phase 1, Brgy. Centro Northwest and Brgy. Nangalisan, Solana, Cagayan"
cagayan_3.xlsx,FMR,Cagayan,III,Solana,2027,Farm-to-Market Roads,,,,,"Concreting of Gadu- Padul FMR, Brgy. Gadu and Brgy. Padul, Solana, Cagayan",Gadu and Padul,,30000.00,2.00,direct municipality row,"Concreting of Gadu- Padul FMR, Brgy. Gadu and Brgy. Padul, Solana, Cagayan"
cagayan_3.xlsx,FMR,Cagayan,III,Tuao,2027,Farm-to-Market Roads,,,,,"Concreting of Bicok-Malalinta Malummin FMR, Brgy. Bicok, Tuao, Cagayan",Bicok,,15000.00,1.00,direct municipality row,"Concreting of Bicok-Malalinta Malummin FMR, Brgy. Bicok, Tuao, Cagayan"
cagayan_3.xlsx,FMR,Cagayan,III,Amulung,2027,Farm-to-Market Roads,,,,,"Concreting of Brgy. La Suerte FMR, Brgy. La Suerte, Amulung, Cagayan",La Suerte,,15000.00,1.00,direct municipality row,"Concreting of Brgy. La Suerte FMR, Brgy. La Suerte, Amulung, Cagayan"
cagayan_3.xlsx,FMR,Cagayan,III,Enrile,2027,Farm-to-Market Roads,,,,,"Concreting of Brgy. San Antonio FMR, Brgy.San Antonio, Enrile, Cagayan",San Antonio,,15000.00,1.00,direct municipality row,"Concreting of Brgy. San Antonio FMR, Brgy.San Antonio, Enrile, Cagayan"
cagayan_3.xlsx,FMR,Cagayan,III,Solana,2027,Farm-to-Market Roads,,,,,"Concreting of Brgy. Centro Northwest FMR, Brgy. Centro Northwest, Solana, Cagayan",Centro Northwest,,36000.00,2.40,direct municipality row,"Concreting of Brgy. Centro Northwest FMR, Brgy. Centro Northwest, Solana, Cagayan"
cagayan_3.xlsx,FMR,Cagayan,III,Solana,2027,Farm-to-Market Roads,,,,,"Concreting of Iraga FMR, Brgy. Iraga, Solana, Cagayan",Iraga,,15000.00,1.00,direct municipality row,"Concreting of Iraga FMR, Brgy. Iraga, Solana, Cagayan"
cagayan_3.xlsx,FMR,Cagayan,III,Solana,2027,Farm-to-Market Roads,,,,,"Concreting of Centro - Nangalisan FMR Phase 2, Brgy. Nangalisan, Solana, Cagayan",Nangalisan,,15225.00,1.01,direct municipality row,"Concreting of Centro - Nangalisan FMR Phase 2, Brgy. Nangalisan, Solana, Cagayan"
isabela_1.xlsx,FMR,Isabela,I,Cabagan,2025,Farm-to-Market Roads,,,,,"Concreting of Sitio Malasi-San Antonio FMR, Brgy. San Antonio, Cabagan, Isabela","Sitio Malasi, Brgy. San Antonio",,15000.00,1.00,direct municipality row,"Concreting of Sitio Malasi-San Antonio FMR, Brgy. San Antonio, Cabagan, Isabela"
isabela_1.xlsx,FMR,Isabela,I,Ilagan City (Capital),2025,Farm-to-Market Roads,,,,,"Concreting of Rang-Ayan FMR, Brgy. Rang-ayan ( Bintacan), Ilagan City, Isabela",Rang-Ayan(Bintacan),,15000.00,1.00,direct municipality row,"Concreting of Rang-Ayan FMR, Brgy. Rang-ayan ( Bintacan), Ilagan City, Isabela"
isabela_1.xlsx,FMR,Isabela,I,Maconacon,2025,Farm-to-Market Roads,,,,,"Concreting of Kamanggaan-Mundura-Sitio Diaduan FMR , Brgy. Reina Mercedes, Maconacon, Isabela",Riena Mercedes,,15000.00,1.00,direct municipality row,"Concreting of Kamanggaan-Mundura-Sitio Diaduan FMR , Brgy. Reina Mercedes, Maconacon, Isabela"
isabela_1.xlsx,FMR,Isabela,I,Tumauini,2025,Farm-to-Market Roads,,,,,Concreting of Sto. Niño-Lalauanan FMR,Sto. Niño,,40000.00,3.90,direct municipality row,Concreting of Sto. Niño-Lalauanan FMR
isabela_1.xlsx,FMR,Isabela,I,Ilagan City (Capital),2025,Farm-to-Market Roads,,,,,"Concreting Of Cabisera 25 Fmr Phase I, Brgy.Cabisera 25, Ilagan City, Isabela",Cabisera 25,,15000.00,1.00,direct municipality row,"Concreting Of Cabisera 25 Fmr Phase I, Brgy.Cabisera 25, Ilagan City, Isabela"
isabela_1.xlsx,FMR,Isabela,I,Tumauini,2025,Farm-to-Market Roads,,,,,"Concreting Of Annafunan Fmr, Brgy. Annafunan, Tumauini, Isabela",Annafunan,,18000.00,1.20,direct municipality row,"Concreting Of Annafunan Fmr, Brgy. Annafunan, Tumauini, Isabela"
isabela_1.xlsx,FMR,Isabela,I,Santa Maria,2025,Farm-to-Market Roads,,,,,"Concreting Of San Isidro West Fmr, Brgy. San Isidro West, Sta. Maria, Isabela",San Isidro West,,15000.00,1.00,direct municipality row,"Concreting Of San Isidro West Fmr, Brgy. San Isidro West, Sta. Maria, Isabela"
isabela_1.xlsx,FMR,Isabela,I,Cabagan,2025,Farm-to-Market Roads,,,,,"Concreting Of Brgy Anao-Ngarag-Cubag Fmr, Brgy. Anao, Cabagan, Isabela",Anao,,15000.00,1.15,direct municipality row,"Concreting Of Brgy Anao-Ngarag-Cubag Fmr, Brgy. Anao, Cabagan, Isabela"
isabela_1.xlsx,FMR,Isabela,I,Cabagan,2025,Farm-to-Market Roads,,,,,Concreting of Malasin-San Antonio FMR,San Antonio,,15000.00,1.00,direct municipality row,Concreting of Malasin-San Antonio FMR
isabela_1.xlsx,FMR,Isabela,I,San Pablo,2025,Farm-to-Market Roads,,,,,Concreting of Brgy. Simanu Norte FMR Phase II,Simanu Norte,,10000.00,0.67,direct municipality row,Concreting of Brgy. Simanu Norte FMR Phase II
isabela_1.xlsx,FMR,Isabela,I,Tumauini,2025,Farm-to-Market Roads,,,,,Concreting of Bayabo East FMR,Bayabo East,,15000.00,1.00,direct municipality row,Concreting of Bayabo East FMR
isabela_1.xlsx,FMR,Isabela,I,Ilagan City (Capital),2025,Farm-to-Market Roads,,,,,Concreting of Villa Imelda FMR,Imelda,,30000.00,2.00,direct municipality row,Concreting of Villa Imelda FMR
isabela_1.xlsx,FMR,Isabela,I,Maconacon,2025,Farm-to-Market Roads,,,,,Concreting of Brgy. Malasin- Brgy. Fely FMR,Malasin- Fely,,15000.00,1.00,direct municipality row,Concreting of Brgy. Malasin- Brgy. Fely FMR
isabela_1.xlsx,FMR,Isabela,I,Santa Maria,2025,Farm-to-Market Roads,,,,,Concreting of Brgy. San Isidro West - Brgy. Divisoria FMR,San Isidro West - Divisoria,,30000.00,2.00,direct municipality row,Concreting of Brgy. San Isidro West - Brgy. Divisoria FMR
isabela_1.xlsx,FMR,Isabela,I,Cabagan,2025,Farm-to-Market Roads,,,,,"Concreting of Malasin-San Antonio FMR, Brgy. Sitio Malasin, Brgy. San Antonio, Cabagan, Isabela","Sitio Malasin, San Antonio",,15000.00,1.00,direct municipality row,"Concreting of Malasin-San Antonio FMR, Brgy. Sitio Malasin, Brgy. San Antonio, Cabagan, Isabela"
isabela_1.xlsx,FMR,Isabela,I,Cabagan,2025,Farm-to-Market Roads,,,,,"Concreting of Tallag Proper- Sitio Punta FMR, Brgy. Tallag, Cabagan, Isabela","Proper- Sitio Punta ,Tallag",,30000.00,2.00,direct municipality row,"Concreting of Tallag Proper- Sitio Punta FMR, Brgy. Tallag, Cabagan, Isabela"
isabela_1.xlsx,FMR,Isabela,I,Cabagan,2025,Farm-to-Market Roads,,,,,"Concreting of Brgy. Pilig Alto FMR, Brgy. Pilig Alto, Cabagan, Isabela",Pilig Alto,,20000.00,1.33,direct municipality row,"Concreting of Brgy. Pilig Alto FMR, Brgy. Pilig Alto, Cabagan, Isabela"
isabela_1.xlsx,FMR,Isabela,I,Cabagan,2025,Farm-to-Market Roads,,,,,"Concreting of Sitio Pelo, Brgy. Cansan FMR, Brgy. Cansan, Cabagan, Isabela","Sitio Pelo , Cansan",,15000.00,1.00,direct municipality row,"Concreting of Sitio Pelo, Brgy. Cansan FMR, Brgy. Cansan, Cabagan, Isabela"
isabela_1.xlsx,FMR,Isabela,I,Cabagan,2025,Farm-to-Market Roads,,,,,"Concreting of Brgy. Cansan- Brgy. Balasig FMR, Brgy. Cansan and Brgy. Balasig, Cabagan, Isabela",Cansan -Balasig,,10000.00,0.67,direct municipality row,"Concreting of Brgy. Cansan- Brgy. Balasig FMR, Brgy. Cansan and Brgy. Balasig, Cabagan, Isabela"
isabela_1.xlsx,FMR,Isabela,I,Tumauini,2025,Farm-to-Market Roads,,,,,"Concreting of Bayabo East FMR, Brgy. Bayabo East, Tumauini, Isabela",Bayabo East,,15000.00,1.00,direct municipality row,"Concreting of Bayabo East FMR, Brgy. Bayabo East, Tumauini, Isabela"
isabela_1.xlsx,FMR,Isabela,I,Tumauini,2025,Farm-to-Market Roads,,,,,"Concreting of Caligayan FMR, Brgy. Caligayan, Tumauini, Isabela",Caligayan,,15000.00,1.00,direct municipality row,"Concreting of Caligayan FMR, Brgy. Caligayan, Tumauini, Isabela"
isabela_1.xlsx,FMR,Isabela,I,Ilagan City (Capital),2025,Farm-to-Market Roads,,,,,"Concreting of Villa Imelda FMR, Brgy. Imelda, Ilagan City, Isabela",Imelda,,20000.00,1.33,direct municipality row,"Concreting of Villa Imelda FMR, Brgy. Imelda, Ilagan City, Isabela"
isabela_1.xlsx,FMR,Isabela,I,Ilagan City (Capital),2025,Farm-to-Market Roads,,,,,"Concreting of Brgy. Gayong- Gayong Sur FMR, Brgy. Gayong- Gayong Sur, Ilagan City, Isabela",Gayong- Gayong Sur,,15000.00,1.00,direct municipality row,"Concreting of Brgy. Gayong- Gayong Sur FMR, Brgy. Gayong- Gayong Sur, Ilagan City, Isabela"
isabela_1.xlsx,FMR,Isabela,I,Ilagan City (Capital),2025,Farm-to-Market Roads,,,,,"Concreting of Brgy. Aggasian- Brgy.Salindingan FMR, Brgy. Aggasian- Brgy. Salindingan, Ilagan City, Isabela",Aggasin-Salindingan,,10000.00,0.67,direct municipality row,"Concreting of Brgy. Aggasian- Brgy.Salindingan FMR, Brgy. Aggasian- Brgy. Salindingan, Ilagan City, Isabela"
isabela_1.xlsx,FMR,Isabela,I,San Pablo,2025,Farm-to-Market Roads,,,,,"Concreting of Rodeo Arena Poblacion-Sitio Antagan FMR, Brgy. Poblacion & Dalena, San Pablo, Isabela","Rodeo Arena Poblacion-Sitio Antagan , Brgy. Poblacion & Dalena",,15000.00,1.00,direct municipality row,"Concreting of Rodeo Arena Poblacion-Sitio Antagan FMR, Brgy. Poblacion & Dalena, San Pablo, Isabela"
isabela_1.xlsx,FMR,Isabela,I,San Pablo,2025,Farm-to-Market Roads,,,,,"Concreting of Brgy. Annanuman- Brgy. Dalena FMR Phase III, Brgy. Annanuman, San Pablo, Isabela","Annanuman- Brgy. Dalena FMR Phase III, Brgy. Annanuman",,10000.00,0.67,direct municipality row,"Concreting of Brgy. Annanuman- Brgy. Dalena FMR Phase III, Brgy. Annanuman, San Pablo, Isabela"
isabela_1.xlsx,FMR,Isabela,I,Maconacon,2025,Farm-to-Market Roads,,,,,"Concreting of Brgy. Malasin- Brgy. Fely FMR, Brgy. Malasin- Fely, Maconacon, Isabela",Malasin- Fely,,15000.00,1.00,direct municipality row,"Concreting of Brgy. Malasin- Brgy. Fely FMR, Brgy. Malasin- Fely, Maconacon, Isabela"
isabela_1.xlsx,FMR,Isabela,I,Santa Maria,2025,Farm-to-Market Roads,,,,,"Concreting of Brgy. San Isidro West - Brgy. Divisoria FMR, Brgy. San Isidro West - Brgy. Divisoria, Sta. Maria, Isabela",San Isidro West - Divisoria,,20000.00,1.33,direct municipality row,"Concreting of Brgy. San Isidro West - Brgy. Divisoria FMR, Brgy. San Isidro West - Brgy. Divisoria, Sta. Maria, Isabela"
isabela_1.xlsx,FMR,Isabela,I,Santa Maria,2025,Farm-to-Market Roads,,,,,"Concreting of Brgy. Calamagui North FMR Phase II, Brgy. Calamagui North, Sta. Maria, Isabela",Calamagui North,,10000.00,0.67,direct municipality row,"Concreting of Brgy. Calamagui North FMR Phase II, Brgy. Calamagui North, Sta. Maria, Isabela"
isabela_1.xlsx,FMR,Isabela,I,Cabagan,2026,Farm-to-Market Roads,,,,,"Concreting of Sitio Malasi-San Antonio FMR, Brgy. San Antonio, Cabagan, Isabela","Sitio Malasi, Brgy. San Antonio",,15000.00,1.00,direct municipality row,"Concreting of Sitio Malasi-San Antonio FMR, Brgy. San Antonio, Cabagan, Isabela"
isabela_1.xlsx,FMR,Isabela,I,Ilagan City (Capital),2026,Farm-to-Market Roads,,,,,"Concreting Of Cabisera 25 FMR Phase I, Brgy.Cabisera 25, Ilagan City, Isabela",Cabisera 25,,15000.00,1.00,direct municipality row,"Concreting Of Cabisera 25 FMR Phase I, Brgy.Cabisera 25, Ilagan City, Isabela"
isabela_1.xlsx,FMR,Isabela,I,Cabagan,2026,Farm-to-Market Roads,,,,,"Concreting Of Brgy Anao-Ngarag-Cubag FMR, Brgy. Anao, Cabagan, Isabela",Anao,,15000.00,1.00,direct municipality row,"Concreting Of Brgy Anao-Ngarag-Cubag FMR, Brgy. Anao, Cabagan, Isabela"
isabela_1.xlsx,FMR,Isabela,I,Ilagan City (Capital),2026,Farm-to-Market Roads,,,,,"Concreting of Rang-Ayan FMR, Brgy. Rang-ayan ( Bintacan), Ilagan City, Isabela",Rang-Ayan(Bintacan),,15000.00,1.00,direct municipality row,"Concreting of Rang-Ayan FMR, Brgy. Rang-ayan ( Bintacan), Ilagan City, Isabela"
isabela_1.xlsx,FMR,Isabela,I,Ilagan City (Capital),2026,Farm-to-Market Roads,,,,,"Concreting of Rang-Ayan FMR, Brgy. Rang-ayan ( Ballacong), Ilagan City, Isabela",Rang-Ayan-Ballacong,,15000.00,1.00,direct municipality row,"Concreting of Rang-Ayan FMR, Brgy. Rang-ayan ( Ballacong), Ilagan City, Isabela"
isabela_1.xlsx,FMR,Isabela,I,Maconacon,2026,Farm-to-Market Roads,,,,,"Concreting of Kamanggaan-Mundura-Sitio Diaduan FMR , Brgy. Reina Mercedes, Maconacon, Isabela",Riena Mercedes,,15000.00,1.00,direct municipality row,"Concreting of Kamanggaan-Mundura-Sitio Diaduan FMR , Brgy. Reina Mercedes, Maconacon, Isabela"
isabela_1.xlsx,FMR,Isabela,I,Tumauini,2026,Farm-to-Market Roads,,,,,"Concreting of Sto. Niño-Lalauanan FMR ,Tumuini, Isabela",Sto. Niño-Lalauanan,,15000.00,1.00,direct municipality row,"Concreting of Sto. Niño-Lalauanan FMR ,Tumuini, Isabela"
isabela_1.xlsx,FMR,Isabela,I,Cabagan,2026,Farm-to-Market Roads,,,,,"Concreting Of Vidad, Masipi East Fmr,Sitio Vidad, Brgy. Masipi East, Cabagan, Isabela","Sitio Vidad, Brgy. Masipi East",,25650.00,1.71,direct municipality row,"Concreting Of Vidad, Masipi East Fmr,Sitio Vidad, Brgy. Masipi East, Cabagan, Isabela"
isabela_1.xlsx,FMR,Isabela,I,Cabagan,2026,Farm-to-Market Roads,,,,,"Concreting Of Masipi West Fmr Phase 1, Brgy. Masipi West,Cabagan, Isabela",Masipi West,,12000.00,0.80,direct municipality row,"Concreting Of Masipi West Fmr Phase 1, Brgy. Masipi West,Cabagan, Isabela"
isabela_1.xlsx,FMR,Isabela,I,Cabagan,2026,Farm-to-Market Roads,,,,,"Concreting Of Masipi West Fmr Phase 2,Brgy. Masipi West,Cabagan, Isabela",Masipi West,,6000.00,0.40,direct municipality row,"Concreting Of Masipi West Fmr Phase 2,Brgy. Masipi West,Cabagan, Isabela"
isabela_1.xlsx,FMR,Isabela,I,Cabagan,2026,Farm-to-Market Roads,,,,,"Concreting Of Tallag Swisa Fmr, Brgy. Tallag,Brgy. Masipi West,Cabagan, Isabela",Tallag,,16500.00,1.10,direct municipality row,"Concreting Of Tallag Swisa Fmr, Brgy. Tallag,Brgy. Masipi West,Cabagan, Isabela"
isabela_1.xlsx,FMR,Isabela,I,Ilagan City (Capital),2026,Farm-to-Market Roads,,,,,"Concreting Of Cabiseria 14-16(Casilagan) Fmr, Brgy.Cabiseria 14-16(Casilagan), Ilagan City, Isabela",Cabiseria 14-16(Casilagan),,27000.00,1.80,direct municipality row,"Concreting Of Cabiseria 14-16(Casilagan) Fmr, Brgy.Cabiseria 14-16(Casilagan), Ilagan City, Isabela"
isabela_1.xlsx,FMR,Isabela,I,Tumauini,2026,Farm-to-Market Roads,,,,,"Concreting Of Arcon-Namnama Phase 1 Fmr, Brgy.Arcon-Namnama, Tumauini, Isabela",Arcon-Namnama,,15000.00,1.00,direct municipality row,"Concreting Of Arcon-Namnama Phase 1 Fmr, Brgy.Arcon-Namnama, Tumauini, Isabela"
isabela_1.xlsx,FMR,Isabela,I,Tumauini,2026,Farm-to-Market Roads,,,,,"Concreting Of Arcon-Namnama Phase 2 Fmr,Brgy.Arcon-Namnama, Tumauini, Isabela",Arcon-Namnama,,15000.00,1.00,direct municipality row,"Concreting Of Arcon-Namnama Phase 2 Fmr,Brgy.Arcon-Namnama, Tumauini, Isabela"
isabela_1.xlsx,FMR,Isabela,I,Tumauini,2026,Farm-to-Market Roads,,,,,"Concreting Of Arcon-Namnama Phase 3 Fmr,Brgy.Arcon-Namnama, Tumauini, Isabela",Arcon-Namnama,,15000.00,1.00,direct municipality row,"Concreting Of Arcon-Namnama Phase 3 Fmr,Brgy.Arcon-Namnama, Tumauini, Isabela"
isabela_1.xlsx,FMR,Isabela,I,Tumauini,2026,Farm-to-Market Roads,,,,,"Concreting Of Lapogan-Santo Niño Fmr, Brgys. Lapogan-Santo Niño, Tumauini, Isabela",Lapogan-Santo Niño,,15000.00,1.00,direct municipality row,"Concreting Of Lapogan-Santo Niño Fmr, Brgys. Lapogan-Santo Niño, Tumauini, Isabela"
isabela_1.xlsx,FMR,Isabela,I,Ilagan City (Capital),2026,Farm-to-Market Roads,,,,,"Concreting Of San Felipe-Sto. Tomas-Camunutan Fmr, Brgys.San Felipe-Sto. Tomas-Cammunutan, Ilagan City, Isabela",San Felipe-Sto. Tomas-Cammunutan,,15000.00,1.00,direct municipality row,"Concreting Of San Felipe-Sto. Tomas-Camunutan Fmr, Brgys.San Felipe-Sto. Tomas-Cammunutan, Ilagan City, Isabela"
isabela_1.xlsx,FMR,Isabela,I,Ilagan City (Capital),2026,Farm-to-Market Roads,,,,,"Concreting Of Cabisera 25 Fmr Phase I, Brgy.Cabisera 25, Ilagan City, Isabela",Cabisera 25,,15000.00,1.00,direct municipality row,"Concreting Of Cabisera 25 Fmr Phase I, Brgy.Cabisera 25, Ilagan City, Isabela"
isabela_1.xlsx,FMR,Isabela,I,San Pablo,2026,Farm-to-Market Roads,,,,,"Concreting Of Rodeo Arena Poblacion-Sitio Antagan Fmr, Brgys.Rodeo Arena Poblacion, San Pablo, Isabela",Rodeo Arena Poblacion-Sitio Antagan,,15000.00,1.00,direct municipality row,"Concreting Of Rodeo Arena Poblacion-Sitio Antagan Fmr, Brgys.Rodeo Arena Poblacion, San Pablo, Isabela"
isabela_1.xlsx,FMR,Isabela,I,San Pablo,2026,Farm-to-Market Roads,,,,,"Concreting Of Sitio Nagbarakalan-Mt. Hamut, Simanu Norte Fmr Phase 2, Sitio Nagbarakalan-Mt. Hamut, Simanu Norte, Sitio Nagbarakalan-Mt. Hamut, Brgy. Simanu Norte, San Pablo, Isabela","Sitio Nagbarakalan-Mt. Hamut, Simanu Norte",,15000.00,1.00,direct municipality row,"Concreting Of Sitio Nagbarakalan-Mt. Hamut, Simanu Norte Fmr Phase 2, Sitio Nagbarakalan-Mt. Hamut, Simanu Norte, Sitio Nagbarakalan-Mt. Hamut, Brgy. Simanu Norte, San Pablo, Isabela"
isabela_1.xlsx,FMR,Isabela,I,Tumauini,2026,Farm-to-Market Roads,,,,,"Concreting Of Annafunan Fmr, Brgy. Annafunan, Tumauini, Isabela",Annafunan,,15000.00,1.00,direct municipality row,"Concreting Of Annafunan Fmr, Brgy. Annafunan, Tumauini, Isabela"
isabela_1.xlsx,FMR,Isabela,I,Tumauini,2026,Farm-to-Market Roads,,,,,"Concreting Of Arcon-Namnama Fmr, Brgys.Arcon-Namnama, Tumauini, Isabela",Arcon-Namnama,,15000.00,1.00,direct municipality row,"Concreting Of Arcon-Namnama Fmr, Brgys.Arcon-Namnama, Tumauini, Isabela"
isabela_1.xlsx,FMR,Isabela,I,Tumauini,2026,Farm-to-Market Roads,,,,,"Concreting Of Bayabo East Fmr, Brgy. Bayabo East, Tumauini, Isabela",Bayabo East,,15000.00,1.00,direct municipality row,"Concreting Of Bayabo East Fmr, Brgy. Bayabo East, Tumauini, Isabela"
isabela_1.xlsx,FMR,Isabela,I,Tumauini,2026,Farm-to-Market Roads,,,,,"Concreting Of Bayabo-Lalauanan Fmr, Brgys. Bayabo-Lalauanan,Tumauini, Isabela",Bayabo-Lalauanan,,15000.00,1.00,direct municipality row,"Concreting Of Bayabo-Lalauanan Fmr, Brgys. Bayabo-Lalauanan,Tumauini, Isabela"
isabela_1.xlsx,FMR,Isabela,I,Tumauini,2026,Farm-to-Market Roads,,,,,"Concreting Of Cumabao-Dy Abra Fmr, Brgys.Cumabao-Dy Abra, Tumauini, Isabela",Cumabao-Dy Abra,,15000.00,1.00,direct municipality row,"Concreting Of Cumabao-Dy Abra Fmr, Brgys.Cumabao-Dy Abra, Tumauini, Isabela"
isabela_1.xlsx,FMR,Isabela,I,Tumauini,2026,Farm-to-Market Roads,,,,,"Concreting Of Fermeldy Fmr, Brgy. Fermeldy, Tumauini, Isabela",Fermeldy,,15000.00,1.00,direct municipality row,"Concreting Of Fermeldy Fmr, Brgy. Fermeldy, Tumauini, Isabela"
isabela_1.xlsx,FMR,Isabela,I,Tumauini,2026,Farm-to-Market Roads,,,,,"Concreting Of Lalauanan-Sto. Niño-Lapogan Fmr, Brgys.Lalauanan-Sto. Niño-Lapogan, Tumauini, Isabela",Lalauanan-Sto. Niño-Lapogan,,15000.00,1.00,direct municipality row,"Concreting Of Lalauanan-Sto. Niño-Lapogan Fmr, Brgys.Lalauanan-Sto. Niño-Lapogan, Tumauini, Isabela"
isabela_1.xlsx,FMR,Isabela,I,Tumauini,2026,Farm-to-Market Roads,,,,,"Concreting Of Malamag West-Santa Fmr, Brgys.Malamag West-Santa, Tumauini, Isabela",Malamag West-Santa,,15000.00,1.00,direct municipality row,"Concreting Of Malamag West-Santa Fmr, Brgys.Malamag West-Santa, Tumauini, Isabela"
isabela_1.xlsx,FMR,Isabela,I,Tumauini,2026,Farm-to-Market Roads,,,,,"Concreting Of Moldero-Fermeldy Fmr, Brgys. Moldero-Fermeldy, Tumauini, Isabela",Moldero-Fermeldy,,15000.00,1.00,direct municipality row,"Concreting Of Moldero-Fermeldy Fmr, Brgys. Moldero-Fermeldy, Tumauini, Isabela"
isabela_1.xlsx,FMR,Isabela,I,Santa Maria,2026,Farm-to-Market Roads,,,,,"Concreting Of San Isidro West Fmr, Brgy. San Isidro West, Sta. Maria, Isabela",San Isidro West,,15000.00,1.00,direct municipality row,"Concreting Of San Isidro West Fmr, Brgy. San Isidro West, Sta. Maria, Isabela"
isabela_1.xlsx,FMR,Isabela,I,Ilagan City (Capital),2026,Farm-to-Market Roads,,,,,"Concreting Of Brgy. Sta. Isabel Norte Fmr, Brgy. Sta. Isabel, Ilagan City, Isabela",Sta. Isabel,,15000.00,1.00,direct municipality row,"Concreting Of Brgy. Sta. Isabel Norte Fmr, Brgy. Sta. Isabel, Ilagan City, Isabela"
isabela_1.xlsx,FMR,Isabela,I,Ilagan City (Capital),2026,Farm-to-Market Roads,,,,,"Concreting Of Brgy. Alibagu-Brgy. Namnama-Brgy. Fugu Fmr, Brgys. Alibagu-.Namnama-Fugu, Ilagan City, Isabela",Alibagu-.Namnama-Fugu,,15000.00,1.00,direct municipality row,"Concreting Of Brgy. Alibagu-Brgy. Namnama-Brgy. Fugu Fmr, Brgys. Alibagu-.Namnama-Fugu, Ilagan City, Isabela"
isabela_1.xlsx,FMR,Isabela,I,Ilagan City (Capital),2026,Farm-to-Market Roads,,,,,"Concreting Of Brgy. Cabisera 25 Fmr, Brgy.Cabisera 25, Ilagan City, Isabela",Cabisera 25,,15000.00,1.00,direct municipality row,"Concreting Of Brgy. Cabisera 25 Fmr, Brgy.Cabisera 25, Ilagan City, Isabela"
isabela_1.xlsx,FMR,Isabela,I,Ilagan City (Capital),2026,Farm-to-Market Roads,,,,,"Concreting Of Brgy. Cabisera 2 Fmr, Brgy. Cabisera, Ilagan City, Isabela",Cabisera 2,,15000.00,1.00,direct municipality row,"Concreting Of Brgy. Cabisera 2 Fmr, Brgy. Cabisera, Ilagan City, Isabela"
isabela_1.xlsx,FMR,Isabela,I,Ilagan City (Capital),2026,Farm-to-Market Roads,,,,,"Concreting Of Brgy. Cabisera 3 Fmr,Brgy. Cabisera 3, Ilagan City, Isabela",Cabisera 3,,15000.00,1.00,direct municipality row,"Concreting Of Brgy. Cabisera 3 Fmr,Brgy. Cabisera 3, Ilagan City, Isabela"
isabela_1.xlsx,FMR,Isabela,I,Ilagan City (Capital),2026,Farm-to-Market Roads,,,,,"Concreting Of Brgy. Cabisera 7 To Brgy. Paliueg Fmr, Brgys. Cabisera 7 To Brgy. Paliueg ,Ilagan City, Isabela",Cabisera 7 To Brgy. Paliueg,,15000.00,1.00,direct municipality row,"Concreting Of Brgy. Cabisera 7 To Brgy. Paliueg Fmr, Brgys. Cabisera 7 To Brgy. Paliueg ,Ilagan City, Isabela"
isabela_1.xlsx,FMR,Isabela,I,Ilagan City (Capital),2026,Farm-to-Market Roads,,,,,"Concreting Of Brgy. Cadu To Brgy. Ainguigan 1st Fmr, Brgys.Cadu To Brgy. Ainguigan 1st, Ilagan City, Isabela",Cadu To Brgy. Ainguigan 1st,,15000.00,1.00,direct municipality row,"Concreting Of Brgy. Cadu To Brgy. Ainguigan 1st Fmr, Brgys.Cadu To Brgy. Ainguigan 1st, Ilagan City, Isabela"
isabela_1.xlsx,FMR,Isabela,I,Ilagan City (Capital),2026,Farm-to-Market Roads,,,,,"Concreting Of Brgy. Gayong-Gayong Sur Fmr, Brgys.Gayong-Gayong Sur, Ilagan City, Isabela",Gayong-Gayong Sur,,15000.00,1.00,direct municipality row,"Concreting Of Brgy. Gayong-Gayong Sur Fmr, Brgys.Gayong-Gayong Sur, Ilagan City, Isabela"
isabela_1.xlsx,FMR,Isabela,I,Ilagan City (Capital),2026,Farm-to-Market Roads,,,,,"Concreting Of Brgy. Malasin Fmr, Brgy. Malasin, Ilagan City, Isabela",Malasin,,15000.00,1.00,direct municipality row,"Concreting Of Brgy. Malasin Fmr, Brgy. Malasin, Ilagan City, Isabela"
isabela_1.xlsx,FMR,Isabela,I,Ilagan City (Capital),2026,Farm-to-Market Roads,,,,,"Concreting Of Brgy. Siffu Fmr, Brgy. Siffu, Ilagan City, Isabela",Siffu,,15000.00,1.00,direct municipality row,"Concreting Of Brgy. Siffu Fmr, Brgy. Siffu, Ilagan City, Isabela"
isabela_1.xlsx,FMR,Isabela,I,Ilagan City (Capital),2026,Farm-to-Market Roads,,,,,"Concreting Of Brgy. Sta. Isabela Sur Fmr, Brgy. Sta. Isabela Sur, Ilagan City, Isabela",Sta. Isabela Sur,,15000.00,1.00,direct municipality row,"Concreting Of Brgy. Sta. Isabela Sur Fmr, Brgy. Sta. Isabela Sur, Ilagan City, Isabela"
isabela_1.xlsx,FMR,Isabela,I,Ilagan City (Capital),2026,Farm-to-Market Roads,,,,,"Concreting Of Bigao Fmr, Brgy. Bigao, Ilagan City, Isabela",Bigao,,15000.00,1.00,direct municipality row,"Concreting Of Bigao Fmr, Brgy. Bigao, Ilagan City, Isabela"
isabela_1.xlsx,FMR,Isabela,I,Ilagan City (Capital),2026,Farm-to-Market Roads,,,,,"Concreting Of Villa Imelda Fmr, Brgy. Villa Imelda,Ilagan City, Isabela",Villa Imelda,,15000.00,1.00,direct municipality row,"Concreting Of Villa Imelda Fmr, Brgy. Villa Imelda,Ilagan City, Isabela"
isabela_1.xlsx,FMR,Isabela,I,Tumauini,2026,Farm-to-Market Roads,,,,,"Concreting Of Caligayan Fmr, Brgy. Caligayan, Tumauini, Isabela",Caligayan,,15000.00,1.00,direct municipality row,"Concreting Of Caligayan Fmr, Brgy. Caligayan, Tumauini, Isabela"
isabela_1.xlsx,FMR,Isabela,I,Cabagan,2026,Farm-to-Market Roads,,,,,"Concreting Of Tomasabel Swisa Fmr, Brgy. Tallag, Cabagan, Isabela",Tallag,,15000.00,1.00,direct municipality row,"Concreting Of Tomasabel Swisa Fmr, Brgy. Tallag, Cabagan, Isabela"
isabela_1.xlsx,FMR,Isabela,I,Tumauini,2026,Farm-to-Market Roads,,,,,"Concreting Of Annafutan To Sta. Catalina Fmr, Brgys. Annafunan & Sta. Catalina, Tumauini, Isabela",Annafunan & Sta. Catalina,,15000.00,1.00,direct municipality row,"Concreting Of Annafutan To Sta. Catalina Fmr, Brgys. Annafunan & Sta. Catalina, Tumauini, Isabela"
isabela_1.xlsx,FMR,Isabela,I,Tumauini,2026,Farm-to-Market Roads,,,,,"Concreting Of Antagan 1st Fmr, Brgy. Antagan 1st, Tumauini, Isabela",Antagan 1st,,15000.00,1.00,direct municipality row,"Concreting Of Antagan 1st Fmr, Brgy. Antagan 1st, Tumauini, Isabela"
isabela_1.xlsx,FMR,Isabela,I,Tumauini,2026,Farm-to-Market Roads,,,,,"Concreting Of Arcon To Namnama Fmr, Brgys. Arcon & Namnama, Tumauini, Isabela",Arcon & Namnama,,15000.00,1.00,direct municipality row,"Concreting Of Arcon To Namnama Fmr, Brgys. Arcon & Namnama, Tumauini, Isabela"
isabela_1.xlsx,FMR,Isabela,I,Tumauini,2026,Farm-to-Market Roads,,,,,"Concreting Of Bayabo East To Lalauanan Fmr, Brgys.Bayabo East & Lalauanan, Tumauini, Isabela",Bayabo East & Lalauanan,,15000.00,1.00,direct municipality row,"Concreting Of Bayabo East To Lalauanan Fmr, Brgys.Bayabo East & Lalauanan, Tumauini, Isabela"
isabela_1.xlsx,FMR,Isabela,I,Tumauini,2026,Farm-to-Market Roads,,,,,"Concreting Of Caligayan Fmr, Brgy. Caligayan, Tumauini, Isabela",Caligayan,,15000.00,1.00,direct municipality row,"Concreting Of Caligayan Fmr, Brgy. Caligayan, Tumauini, Isabela"
isabela_1.xlsx,FMR,Isabela,I,Tumauini,2026,Farm-to-Market Roads,,,,,"Concreting Of Cumabao Fmr, Brgy. Cumabao, Tumauini, Isabela",Cumabao,,15000.00,1.00,direct municipality row,"Concreting Of Cumabao Fmr, Brgy. Cumabao, Tumauini, Isabela"
isabela_1.xlsx,FMR,Isabela,I,Tumauini,2026,Farm-to-Market Roads,,,,,"Concreting Of Fugu Abajo Fmr, Brgy. Fugu Abajo, Tumauini, Isabela",Fugu Abajo,,15000.00,1.00,direct municipality row,"Concreting Of Fugu Abajo Fmr, Brgy. Fugu Abajo, Tumauini, Isabela"
isabela_1.xlsx,FMR,Isabela,I,Tumauini,2026,Farm-to-Market Roads,,,,,"Concreting Of Lanna Fmr, Brgy. Lanna, Tumauini, Isabela",Lanna,,15000.00,1.00,direct municipality row,"Concreting Of Lanna Fmr, Brgy. Lanna, Tumauini, Isabela"
isabela_1.xlsx,FMR,Isabela,I,Tumauini,2026,Farm-to-Market Roads,,,,,"Concreting Of Lapogan To Sto. Niño Fmr, Brgys. Lapogan & Sto. Niño, Tumauini, Isabela",Lapogan & Sto. Niño,,15000.00,1.00,direct municipality row,"Concreting Of Lapogan To Sto. Niño Fmr, Brgys. Lapogan & Sto. Niño, Tumauini, Isabela"
isabela_1.xlsx,FMR,Isabela,I,Tumauini,2026,Farm-to-Market Roads,,,,,"Concreting Of Malamag West Fmr, Brgys.Malamag West & Lanna, Tumauini, Isabela",Malamag West & Lanna,,15000.00,1.00,direct municipality row,"Concreting Of Malamag West Fmr, Brgys.Malamag West & Lanna, Tumauini, Isabela"
isabela_1.xlsx,FMR,Isabela,I,Tumauini,2026,Farm-to-Market Roads,,,,,"Concreting Of Moldero Fmr, Brgy. Moldero, Tumauini, Isabela",Moldero,,15000.00,1.00,direct municipality row,"Concreting Of Moldero Fmr, Brgy. Moldero, Tumauini, Isabela"
isabela_1.xlsx,FMR,Isabela,I,Tumauini,2026,Farm-to-Market Roads,,,,,"Concreting Of San Vicente Fmr, Brgy. San Vicente, Tumauini, Isabela",San Vicente,,15000.00,1.00,direct municipality row,"Concreting Of San Vicente Fmr, Brgy. San Vicente, Tumauini, Isabela"
isabela_1.xlsx,FMR,Isabela,I,Tumauini,2026,Farm-to-Market Roads,,,,,"Concreting Of Sto. Niño Fmr, Brgy. Sto. Niño, Tumauini, Isabela",Sto. Niño,,15000.00,1.00,direct municipality row,"Concreting Of Sto. Niño Fmr, Brgy. Sto. Niño, Tumauini, Isabela"
isabela_1.xlsx,FMR,Isabela,I,Tumauini,2026,Farm-to-Market Roads,,,,,"Concreting Of Moldero Fmr, Brgy. Moldero, Tumauini, Isabela",Moldero,,15000.00,1.00,direct municipality row,"Concreting Of Moldero Fmr, Brgy. Moldero, Tumauini, Isabela"
isabela_1.xlsx,FMR,Isabela,I,Tumauini,2026,Farm-to-Market Roads,,,,,"Concreting Of Namnama Fmr, Brgy. Namnama, Tumauini, Isabela",Namnama,,15000.00,1.00,direct municipality row,"Concreting Of Namnama Fmr, Brgy. Namnama, Tumauini, Isabela"
isabela_1.xlsx,FMR,Isabela,I,Tumauini,2026,Farm-to-Market Roads,,,,,"Concreting Of Sta. Catalina Fmr, Brgy. Sta. Catalina, Tumauini, Isabela",Sta. Catalina,,15000.00,1.00,direct municipality row,"Concreting Of Sta. Catalina Fmr, Brgy. Sta. Catalina, Tumauini, Isabela"
isabela_1.xlsx,FMR,Isabela,I,Cabagan,2026,Farm-to-Market Roads,,,,,"Concreting Of Brgy. Pilig Alto Farm-To-Market Road, Brgy. Pilig Alto, Cabagan, Isabela",Pilig Alto,,15000.00,1.00,direct municipality row,"Concreting Of Brgy. Pilig Alto Farm-To-Market Road, Brgy. Pilig Alto, Cabagan, Isabela"
isabela_1.xlsx,FMR,Isabela,I,Cabagan,2026,Farm-to-Market Roads,,,,,"Concreting Of Brgy. Masipi West Farm-To-Market Road, Brgy. Masipi West, Cabagan, Isabela",Masipi West,,15000.00,1.00,direct municipality row,"Concreting Of Brgy. Masipi West Farm-To-Market Road, Brgy. Masipi West, Cabagan, Isabela"
isabela_1.xlsx,FMR,Isabela,I,Cabagan,2026,Farm-to-Market Roads,,,,,"Concreting Of Brgy. Tallag Proper-Sitio Punta Farm-To-Market Road, Brgy. Tallag, Cabagan, Isabela",Tallag,,15000.00,1.00,direct municipality row,"Concreting Of Brgy. Tallag Proper-Sitio Punta Farm-To-Market Road, Brgy. Tallag, Cabagan, Isabela"
isabela_1.xlsx,FMR,Isabela,I,Cabagan,2026,Farm-to-Market Roads,,,,,"Concreting Og Sitio Alibagu, Brgy. Tallag Farm-To-Market Road, Brgy. Tallag,Cabagan, Isabela",Tallag,,15000.00,1.00,direct municipality row,"Concreting Og Sitio Alibagu, Brgy. Tallag Farm-To-Market Road, Brgy. Tallag,Cabagan, Isabela"
isabela_1.xlsx,FMR,Isabela,I,Cabagan,2026,Farm-to-Market Roads,,,,,"Concreting Of Brgy. Cansan Farm-To-Market Road, Brgy. Cansan,Cabagan, Isabela",Cansan,,15000.00,1.00,direct municipality row,"Concreting Of Brgy. Cansan Farm-To-Market Road, Brgy. Cansan,Cabagan, Isabela"
isabela_1.xlsx,FMR,Isabela,I,Cabagan,2026,Farm-to-Market Roads,,,,,"Concreting Of Sitio Pelo, Brgy. Cansan Farm-To-Market Road,Brgy. Cansan,Cabagan, Isabela",Cansan,,15000.00,1.00,direct municipality row,"Concreting Of Sitio Pelo, Brgy. Cansan Farm-To-Market Road,Brgy. Cansan,Cabagan, Isabela"
isabela_1.xlsx,FMR,Isabela,I,Cabagan,2026,Farm-to-Market Roads,,,,,"Concreting Of Brgy. Casibarag Norte Farm-To-Market Road, Brgy. Casibarag Norte, Cabagan, Isabela",Casibarag Norte,,15000.00,1.00,direct municipality row,"Concreting Of Brgy. Casibarag Norte Farm-To-Market Road, Brgy. Casibarag Norte, Cabagan, Isabela"
isabela_1.xlsx,FMR,Isabela,I,San Pablo,2026,Farm-to-Market Roads,,,,,"Concreting Of Sitio Magamian-Cabannungan Farm-To-Market Road, Brgy.Limbauan, San Pablo, Isabela",Limbauan,,15000.00,1.00,direct municipality row,"Concreting Of Sitio Magamian-Cabannungan Farm-To-Market Road, Brgy.Limbauan, San Pablo, Isabela"
isabela_1.xlsx,FMR,Isabela,I,San Pablo,2026,Farm-to-Market Roads,,,,,"Concreting Of Brgy. San Vicente - Brgy. Limbauan Farm-To-Market Road, Brgy. San Vicente & Limbauan",San Vicente & Limbauan,,15000.00,1.00,direct municipality row,"Concreting Of Brgy. San Vicente - Brgy. Limbauan Farm-To-Market Road, Brgy. San Vicente & Limbauan"
isabela_1.xlsx,FMR,Isabela,I,San Pablo,2026,Farm-to-Market Roads,,,,,"Concreting Of Rodeo Arena Poblacion-Sitio Antagan Farm-To-Market Road, Brgys. Poblacion & Dalena, San Pablo, Isabela",Poblacion & Dalena,,15000.00,1.00,direct municipality row,"Concreting Of Rodeo Arena Poblacion-Sitio Antagan Farm-To-Market Road, Brgys. Poblacion & Dalena, San Pablo, Isabela"
isabela_1.xlsx,FMR,Isabela,I,Maconacon,2026,Farm-to-Market Roads,,,,,"Concreting Of Brgy. Malasn - Brgy. Fely Farm-To-Market Road, Brgys. Malasin & Fely, Maconacon, Isabela",Malasin & Fely,,15000.00,1.00,direct municipality row,"Concreting Of Brgy. Malasn - Brgy. Fely Farm-To-Market Road, Brgys. Malasin & Fely, Maconacon, Isabela"
isabela_1.xlsx,FMR,Isabela,I,Maconacon,2026,Farm-to-Market Roads,,,,,"Concreting Of Zone 7-Kabikawan Creek, Brgy. Malasin Farm-To-Market Road, Brgy. Malasin, Maconacon, Isabela",Malasin,,15000.00,1.00,direct municipality row,"Concreting Of Zone 7-Kabikawan Creek, Brgy. Malasin Farm-To-Market Road, Brgy. Malasin, Maconacon, Isabela"
isabela_1.xlsx,FMR,Isabela,I,Maconacon,2026,Farm-to-Market Roads,,,,,"Concreting Of Brgy. Diana Farm-To-Market Road, Brgy. Diana, Maconacon, Isabela",Diana,,15000.00,1.00,direct municipality row,"Concreting Of Brgy. Diana Farm-To-Market Road, Brgy. Diana, Maconacon, Isabela"
isabela_1.xlsx,FMR,Isabela,I,Ilagan City (Capital),2026,Farm-to-Market Roads,,,,,"Concreting Of Brgy. Sta. Isabel Sur Farm-To-Market Road, Brgy.Sta. Isabel Sur, City of Ilagan, Isabela",Sta. Isabel Sur,,15000.00,1.00,direct municipality row,"Concreting Of Brgy. Sta. Isabel Sur Farm-To-Market Road, Brgy.Sta. Isabel Sur, City of Ilagan, Isabela"
isabela_1.xlsx,FMR,Isabela,I,Ilagan City (Capital),2026,Farm-to-Market Roads,,,,,"Concreting Of Brgy. Cabisera 7 To Brgy. Paliueg Farm-To-Market Road,Brgys. Cabisera 7 To Brgy. Paliueg, City of Ilagan, Isabela",Cabisera 7 To Paliueg,,15000.00,1.00,direct municipality row,"Concreting Of Brgy. Cabisera 7 To Brgy. Paliueg Farm-To-Market Road,Brgys. Cabisera 7 To Brgy. Paliueg, City of Ilagan, Isabela"
isabela_1.xlsx,FMR,Isabela,I,Ilagan City (Capital),2026,Farm-to-Market Roads,,,,,"Concreting Of Brgy. Malasin Farm-To-Market Road, Brgy. Malasin, City of Ilagan, Isabela",Malasin,,15000.00,1.00,direct municipality row,"Concreting Of Brgy. Malasin Farm-To-Market Road, Brgy. Malasin, City of Ilagan, Isabela"
isabela_1.xlsx,FMR,Isabela,I,Ilagan City (Capital),2026,Farm-to-Market Roads,,,,,"Concreting Of Brgy. Siffu Farm-To-Market Road, Brgy. Siffu, City of Ilagan, Isabela",Siffu,,15000.00,1.00,direct municipality row,"Concreting Of Brgy. Siffu Farm-To-Market Road, Brgy. Siffu, City of Ilagan, Isabela"
isabela_1.xlsx,FMR,Isabela,I,Ilagan City (Capital),2026,Farm-to-Market Roads,,,,,"Concreting Of Brgy. Bigao Farm-To-Market Road, Brgy. Bigao, City of Ilagan, Isabela",Bigao,,15000.00,1.00,direct municipality row,"Concreting Of Brgy. Bigao Farm-To-Market Road, Brgy. Bigao, City of Ilagan, Isabela"
isabela_1.xlsx,FMR,Isabela,I,Ilagan City (Capital),2026,Farm-to-Market Roads,,,,,"Concreting Of Brgy. Gayong-Gayong Sur Farm-To-Market Road, Brgys.Gayong-Gayong Sur, City of Ilagan, Isabela",Gayong-Gayong Sur,,15000.00,1.00,direct municipality row,"Concreting Of Brgy. Gayong-Gayong Sur Farm-To-Market Road, Brgys.Gayong-Gayong Sur, City of Ilagan, Isabela"
isabela_1.xlsx,FMR,Isabela,I,Ilagan City (Capital),2026,Farm-to-Market Roads,,,,,"Concreting Of Brgy. Cadu-Brgy. Allinguigan 1st Farm-To-Market Road, Brgys.Cadu-Allinguigan 1st, City of Ilagan, Isabela",Cadu-Allinguigan 1st,,15000.00,1.00,direct municipality row,"Concreting Of Brgy. Cadu-Brgy. Allinguigan 1st Farm-To-Market Road, Brgys.Cadu-Allinguigan 1st, City of Ilagan, Isabela"
isabela_1.xlsx,FMR,Isabela,I,Ilagan City (Capital),2026,Farm-to-Market Roads,,,,,"Concreting Of Brgy. Cabisera 2 Farm-To-Market Road, Brgy. Cabisera 2, City of Ilagan, Isabela",Cabisera 2,,15000.00,1.00,direct municipality row,"Concreting Of Brgy. Cabisera 2 Farm-To-Market Road, Brgy. Cabisera 2, City of Ilagan, Isabela"
isabela_1.xlsx,FMR,Isabela,I,Ilagan City (Capital),2026,Farm-to-Market Roads,,,,,"Concreting Of Brgy. Cabisera 25 Farm-To-Market Road, Brgy. Cabisera 25, City of Ilagan, Isabela",Cabisera 25,,15000.00,1.00,direct municipality row,"Concreting Of Brgy. Cabisera 25 Farm-To-Market Road, Brgy. Cabisera 25, City of Ilagan, Isabela"
isabela_1.xlsx,FMR,Isabela,I,Ilagan City (Capital),2026,Farm-to-Market Roads,,,,,"Concreting Of Brgy. Sta. Isabel Norte Farm-To-Market Road,Brgy. Sta. Isabel Norte, City of Ilagan, Isabela",Sta. Isabel Norte,,15000.00,1.00,direct municipality row,"Concreting Of Brgy. Sta. Isabel Norte Farm-To-Market Road,Brgy. Sta. Isabel Norte, City of Ilagan, Isabela"
isabela_1.xlsx,FMR,Isabela,I,Tumauini,2026,Farm-to-Market Roads,,,,,"Upgrading And Widening Of Bayabo East Fmr, Brgy.Bayabo East, Tumauini, Isabela",Bayabo East,,15000.00,1.00,direct municipality row,"Upgrading And Widening Of Bayabo East Fmr, Brgy.Bayabo East, Tumauini, Isabela"
isabela_1.xlsx,FMR,Isabela,I,Santa Maria,2026,Farm-to-Market Roads,,,,,"Concreting Of Sitio Guggutao, Brgy. Villabuena Fmr, Brgy. Villabuena , Sta. Maria, Isabela",Villabuena,,15000.00,1.00,direct municipality row,"Concreting Of Sitio Guggutao, Brgy. Villabuena Fmr, Brgy. Villabuena , Sta. Maria, Isabela"
isabela_1.xlsx,FMR,Isabela,I,Cabagan,2026,Farm-to-Market Roads,,,,,"Concreting Of Sitio Alibagu, Brgy. Tallag Fmr,Brgy. Tallag, Cabagan, Isabela",Tallag,,15000.00,1.00,direct municipality row,"Concreting Of Sitio Alibagu, Brgy. Tallag Fmr,Brgy. Tallag, Cabagan, Isabela"
isabela_1.xlsx,FMR,Isabela,I,Santa Maria,2026,Farm-to-Market Roads,,,,,"Concretingof Brgy San Isidro West To Brgy Divisoria Fmr, Brgys. San Isidro West And Divisoria, Sta. Maria, Isabela",San Isidro West And Divisoria,,15000.00,1.00,direct municipality row,"Concretingof Brgy San Isidro West To Brgy Divisoria Fmr, Brgys. San Isidro West And Divisoria, Sta. Maria, Isabela"
isabela_1.xlsx,FMR,Isabela,I,Tumauini,2026,Farm-to-Market Roads,,,,,"Concreting Of Banig/Dy-Abra Fmr, Brgy. Banig Dy-Abra, Tumauini, Isabela",Banig/Dy-Abra,,15000.00,1.00,direct municipality row,"Concreting Of Banig/Dy-Abra Fmr, Brgy. Banig Dy-Abra, Tumauini, Isabela"
isabela_1.xlsx,FMR,Isabela,I,San Pablo,2026,Farm-to-Market Roads,,,,,"Concreting Of Brgy. San Vicente, Sitio Magamian Fmr, Brgy. San Vicente, San Pablo, Isabela",San Vicente,,15000.00,1.00,direct municipality row,"Concreting Of Brgy. San Vicente, Sitio Magamian Fmr, Brgy. San Vicente, San Pablo, Isabela"
isabela_1.xlsx,FMR,Isabela,I,Cabagan,2026,Farm-to-Market Roads,,,,,"Concreting Of Brgy. Pilig Alto Fmr. Brgy. Pilig Alto, Cabagan, Isabela",Pilig Alto,,15000.00,1.00,direct municipality row,"Concreting Of Brgy. Pilig Alto Fmr. Brgy. Pilig Alto, Cabagan, Isabela"
isabela_1.xlsx,FMR,Isabela,I,San Pablo,2026,Farm-to-Market Roads,,,,,"Concreting Of Brgy. Simanu Norte Fmr, Brgy. Simanu Norte, San Pablo, Isabela",Simanu Norte,,15000.00,1.00,direct municipality row,"Concreting Of Brgy. Simanu Norte Fmr, Brgy. Simanu Norte, San Pablo, Isabela"
isabela_1.xlsx,FMR,Isabela,I,Cabagan,2026,Farm-to-Market Roads,,,,,"Concreting Of Brgy Anao-Ngarag-Cubag Fmr, Brgy. Anao, Cabagan, Isabela",Anao,,15000.00,1.00,direct municipality row,"Concreting Of Brgy Anao-Ngarag-Cubag Fmr, Brgy. Anao, Cabagan, Isabela"
isabela_1.xlsx,FMR,Isabela,I,Santo Tomas,2026,Farm-to-Market Roads,,,,,"Concreting Of Brgy. Ammugauan Fmr,Brgy. Ammugauan, Santo Tomas, Isabela",Ammugauan,,15000.00,1.00,direct municipality row,"Concreting Of Brgy. Ammugauan Fmr,Brgy. Ammugauan, Santo Tomas, Isabela"
isabela_1.xlsx,FMR,Isabela,I,Santo Tomas,2026,Farm-to-Market Roads,,,,,"Concreting of Brgy. Bubug, Santo Tomas-Quezon FMR, Brgy. Bubug, Santo Tomas, Isabela",Bubug,,15000.00,1.00,direct municipality row,"Concreting of Brgy. Bubug, Santo Tomas-Quezon FMR, Brgy. Bubug, Santo Tomas, Isabela"
isabela_1.xlsx,FMR,Isabela,I,Santo Tomas,2026,Farm-to-Market Roads,,,,,"Concreting of Brgy. Ammugauan FMR, Brgy. Ammugauan, Santo Tomas, Isabela",Ammugauan,,15000.00,1.00,direct municipality row,"Concreting of Brgy. Ammugauan FMR, Brgy. Ammugauan, Santo Tomas, Isabela"
isabela_1.xlsx,FMR,Isabela,I,Santo Tomas,2026,Farm-to-Market Roads,,,,,"Concreting of Balelleng-Malapagay FMR, Brgys. Balelleng and Brgys. Malapagay, Santo Tomas, Isabela",Balelleng and Malapagay,,15000.00,1.00,direct municipality row,"Concreting of Balelleng-Malapagay FMR, Brgys. Balelleng and Brgys. Malapagay, Santo Tomas, Isabela"
isabela_1.xlsx,FMR,Isabela,I,Santo Tomas,2026,Farm-to-Market Roads,,,,,"Concreting of Calinaoan Centro FMR, Brgy. Calinaoan Centro, Santo Tomas, Isabela",Calinaoan Centro,,15000.00,1.00,direct municipality row,"Concreting of Calinaoan Centro FMR, Brgy. Calinaoan Centro, Santo Tomas, Isabela"
isabela_1.xlsx,FMR,Isabela,I,Santo Tomas,2026,Farm-to-Market Roads,,,,,"Concreting of Calinaoan Norte FMR, Brgy. Calinaoan Norte, Santo Tomas, Isabela",Calinaoan Norte,,15000.00,1.00,direct municipality row,"Concreting of Calinaoan Norte FMR, Brgy. Calinaoan Norte, Santo Tomas, Isabela"
isabela_1.xlsx,FMR,Isabela,I,Santo Tomas,2026,Farm-to-Market Roads,,,,,"Concreting of San Vicente-Cañiogan Alto FMR, Brgy. San Vicente, Santo Tomas, Isabela",San Vicente,,15000.00,1.00,direct municipality row,"Concreting of San Vicente-Cañiogan Alto FMR, Brgy. San Vicente, Santo Tomas, Isabela"
isabela_1.xlsx,FMR,Isabela,I,Ilagan City (Capital),2026,Farm-to-Market Roads,,,,,"Concreting of Brgy. Alibagu-Brgy Namnama-Brgy. Fugu FMR, Brgys. Alibagu-namnama-Fugu, Ilagan City, Isabela",Alibagu-Namnama-Fugu,,15000.00,1.00,direct municipality row,"Concreting of Brgy. Alibagu-Brgy Namnama-Brgy. Fugu FMR, Brgys. Alibagu-namnama-Fugu, Ilagan City, Isabela"
isabela_1.xlsx,FMR,Isabela,I,Tumauini,2026,Farm-to-Market Roads,,,,,"Concreting of Brgy. Fermeldy-Brgy. Santa FMR, Brgys. Fermeldy-Santa, Tumauini, Isabela",Fermeldy-Santa,,15000.00,1.00,direct municipality row,"Concreting of Brgy. Fermeldy-Brgy. Santa FMR, Brgys. Fermeldy-Santa, Tumauini, Isabela"
isabela_1.xlsx,FMR,Isabela,I,San Pablo,2026,Farm-to-Market Roads,,,,,"Concreting of Annanuman-Dalena FMR Phase III, Brgy. Annanuman, San Pablo, Isabela",Annanuman,,15000.00,1.00,direct municipality row,"Concreting of Annanuman-Dalena FMR Phase III, Brgy. Annanuman, San Pablo, Isabela"
isabela_1.xlsx,FMR,Isabela,I,Ilagan City (Capital),2026,Farm-to-Market Roads,,,,,"Concreting of Aggasian-Salindingan FMR, Ilagan City, Isabela",Aggasian,,15000.00,1.00,direct municipality row,"Concreting of Aggasian-Salindingan FMR, Ilagan City, Isabela"
isabela_1.xlsx,FMR,Isabela,I,Ilagan City (Capital),2026,Farm-to-Market Roads,,,,,"Concreting of Villa Imelda-Sitio Coop FMR, Ilagan City, Isabela",Villa Imelda,,15000.00,1.00,direct municipality row,"Concreting of Villa Imelda-Sitio Coop FMR, Ilagan City, Isabela"
isabela_1.xlsx,FMR,Isabela,I,Ilagan City (Capital),2026,Farm-to-Market Roads,,,,,"Concreting of Mangcuram-Siffu-Bigao FMR, Ilagan City, Isabela",Mangcuram-Siffu-Bigao,,15000.00,1.00,direct municipality row,"Concreting of Mangcuram-Siffu-Bigao FMR, Ilagan City, Isabela"
isabela_1.xlsx,FMR,Isabela,I,Ilagan City (Capital),2026,Farm-to-Market Roads,,,,,"Concreting of San Rodrigo-San Lorenzo FMR, Ilagan City, Isabela",San Rodrigo-San Lorenzo,,15000.00,1.00,direct municipality row,"Concreting of San Rodrigo-San Lorenzo FMR, Ilagan City, Isabela"
isabela_1.xlsx,FMR,Isabela,I,Ilagan City (Capital),2026,Farm-to-Market Roads,,,,,"Concreting of Batong Labang-Sitio Pulang Lupa FMR, Ilagan City, Isabela",Batong Labang,,15000.00,1.00,direct municipality row,"Concreting of Batong Labang-Sitio Pulang Lupa FMR, Ilagan City, Isabela"
isabela_1.xlsx,FMR,Isabela,I,Ilagan City (Capital),2026,Farm-to-Market Roads,,,,,"Concreting of Arusip-Siffu Road FMR, Ilagan City, Isabela",Arusip-Siffu,,15000.00,1.00,direct municipality row,"Concreting of Arusip-Siffu Road FMR, Ilagan City, Isabela"
isabela_1.xlsx,FMR,Isabela,I,Ilagan City (Capital),2026,Farm-to-Market Roads,,,,,"Concreting of Rang-Ayan-Sitio Tapwakan FMR, Ilagan City, Isabela",Rang-Ayan,,15000.00,1.00,direct municipality row,"Concreting of Rang-Ayan-Sitio Tapwakan FMR, Ilagan City, Isabela"
isabela_1.xlsx,FMR,Isabela,I,Ilagan City (Capital),2026,Farm-to-Market Roads,,,,,"Concreting of Cabisera 17/21 to Cabisera 23 Road FMR, Ilagan City, Isabela",Cabisera 17/21,,15000.00,1.00,direct municipality row,"Concreting of Cabisera 17/21 to Cabisera 23 Road FMR, Ilagan City, Isabela"
isabela_1.xlsx,FMR,Isabela,I,Ilagan City (Capital),2026,Farm-to-Market Roads,,,,,"Concreting of Cabisera 3 FMR, City of Ilagan, Isabela",Cabisera 3,,15000.00,1.00,direct municipality row,"Concreting of Cabisera 3 FMR, City of Ilagan, Isabela"
isabela_1.xlsx,FMR,Isabela,I,Ilagan City (Capital),2026,Farm-to-Market Roads,,,,,"Concreting of Gayong-gayong Sur to Cabisera 3 FMR, City of Ilagan, Isabela",Gayong-gayong Sur,,15000.00,1.00,direct municipality row,"Concreting of Gayong-gayong Sur to Cabisera 3 FMR, City of Ilagan, Isabela"
isabela_1.xlsx,FMR,Isabela,I,Ilagan City (Capital),2026,Farm-to-Market Roads,,,,,"Concreting of Salindingan to Sitio Latu FMR, City of Ilagan, Isabela",Salindingan,,15000.00,1.00,direct municipality row,"Concreting of Salindingan to Sitio Latu FMR, City of Ilagan, Isabela"
isabela_1.xlsx,FMR,Isabela,I,Ilagan City (Capital),2026,Farm-to-Market Roads,,,,,"Concreting of Cabisera 17/21 to Sindon Maride Road FMR, City of Ilagan, Isabela",Cabisera 17/21,,15000.00,1.00,direct municipality row,"Concreting of Cabisera 17/21 to Sindon Maride Road FMR, City of Ilagan, Isabela"
isabela_1.xlsx,FMR,Isabela,I,Ilagan City (Capital),2026,Farm-to-Market Roads,,,,,"Concreting of Gayong-gayong Norte to Cabisera 3 Road FMR, City of Ilagan, Isabela",Gayong-gayong Norte,,15000.00,1.00,direct municipality row,"Concreting of Gayong-gayong Norte to Cabisera 3 Road FMR, City of Ilagan, Isabela"
isabela_1.xlsx,FMR,Isabela,I,Ilagan City (Capital),2026,Farm-to-Market Roads,,,,,"Concreting of Namnama to Sitio Bating FMR, City of Ilagan, Isabela",Namnama,,15000.00,1.00,direct municipality row,"Concreting of Namnama to Sitio Bating FMR, City of Ilagan, Isabela"
isabela_1.xlsx,FMR,Isabela,I,Tumauini,2026,Farm-to-Market Roads,,,,,"Concreting of Caligayan FMR, Tumauini, Isabela",Caligayan,,15000.00,1.00,direct municipality row,"Concreting of Caligayan FMR, Tumauini, Isabela"
isabela_1.xlsx,FMR,Isabela,I,Tumauini,2026,Farm-to-Market Roads,,,,,"Concreting of Tunggui to Moldero FMR, Tumauini, Isabela",Tunggui to Moldero,,15000.00,1.00,direct municipality row,"Concreting of Tunggui to Moldero FMR, Tumauini, Isabela"
isabela_1.xlsx,FMR,Isabela,I,Tumauini,2026,Farm-to-Market Roads,,,,,"Concreting of San Mateo FMR, Tumauini, Isabela",San Mateo,,15000.00,1.00,direct municipality row,"Concreting of San Mateo FMR, Tumauini, Isabela"
isabela_1.xlsx,FMR,Isabela,I,Tumauini,2026,Farm-to-Market Roads,,,,,"Concreting of Ugad FMR, Tumauini, Isabela",Ugad,,15000.00,1.00,direct municipality row,"Concreting of Ugad FMR, Tumauini, Isabela"
isabela_1.xlsx,FMR,Isabela,I,Tumauini,2026,Farm-to-Market Roads,,,,,"Concreting of Antagan 2nd to Antagan 1st FMR, Tumauini, Isabela",Antagan 2nd and Antagan 1st,,15000.00,1.00,direct municipality row,"Concreting of Antagan 2nd to Antagan 1st FMR, Tumauini, Isabela"
isabela_1.xlsx,FMR,Isabela,I,Tumauini,2026,Farm-to-Market Roads,,,,,"Concreting of Camasi FMR, Tumauini, Isabela",Camasi,,15000.00,1.00,direct municipality row,"Concreting of Camasi FMR, Tumauini, Isabela"
isabela_1.xlsx,FMR,Isabela,I,Tumauini,2026,Farm-to-Market Roads,,,,,"Concreting of Tunggui FMR, Tumauini, Isabela",Tunggui,,15000.00,1.00,direct municipality row,"Concreting of Tunggui FMR, Tumauini, Isabela"
isabela_1.xlsx,FMR,Isabela,I,Cabagan,2026,Farm-to-Market Roads,,,,,"Concreting of Garita FMR, Cabagan, Isabela",Garita,,15000.00,1.00,direct municipality row,"Concreting of Garita FMR, Cabagan, Isabela"
isabela_1.xlsx,FMR,Isabela,I,Cabagan,2026,Farm-to-Market Roads,,,,,"Concreting of Sitio Baccay-Sitio Umayam, Brgy San Antonio FMR, Cabagan, Isabela",San Antonio,,15000.00,1.00,direct municipality row,"Concreting of Sitio Baccay-Sitio Umayam, Brgy San Antonio FMR, Cabagan, Isabela"
isabela_1.xlsx,FMR,Isabela,I,Cabagan,2026,Farm-to-Market Roads,,,,,"Concreting of Masipi West FMR, Cabagan, Isabela",Masipi West,,15000.00,1.00,direct municipality row,"Concreting of Masipi West FMR, Cabagan, Isabela"
isabela_1.xlsx,FMR,Isabela,I,Cabagan,2026,Farm-to-Market Roads,,,,,"Concreting of Brgy San Antonio FMR, Cabagan, Isabela",San Antonio,,15000.00,1.00,direct municipality row,"Concreting of Brgy San Antonio FMR, Cabagan, Isabela"
isabela_1.xlsx,FMR,Isabela,I,Cabagan,2026,Farm-to-Market Roads,,,,,"Concreting of Brgy Masipi East FMR, Cabagan, Isabela",Masipi East,,15000.00,1.00,direct municipality row,"Concreting of Brgy Masipi East FMR, Cabagan, Isabela"
isabela_1.xlsx,FMR,Isabela,I,Cabagan,2026,Farm-to-Market Roads,,,,,"Concreting of Pilig Alto FMR, Cabagan, Isabela",Pilig Alto,,15000.00,1.00,direct municipality row,"Concreting of Pilig Alto FMR, Cabagan, Isabela"
isabela_1.xlsx,FMR,Isabela,I,Cabagan,2026,Farm-to-Market Roads,,,,,"Concreting of Brgy Proper Tallag to Sitio Punta FMR, Cabagan, Isabela",Tallag,,15000.00,1.00,direct municipality row,"Concreting of Brgy Proper Tallag to Sitio Punta FMR, Cabagan, Isabela"
isabela_1.xlsx,FMR,Isabela,I,Cabagan,2026,Farm-to-Market Roads,,,,,"Concreting of Masipi West 3 FMR, Cabagan, Isabela",Masipi West,,15000.00,1.00,direct municipality row,"Concreting of Masipi West 3 FMR, Cabagan, Isabela"
isabela_1.xlsx,FMR,Isabela,I,Cabagan,2026,Farm-to-Market Roads,,,,,"Concreting of Pilig Abajo 1 FMR, Cabagan, Isabela",Pilig Abajo,,15000.00,1.00,direct municipality row,"Concreting of Pilig Abajo 1 FMR, Cabagan, Isabela"
isabela_1.xlsx,FMR,Isabela,I,Cabagan,2026,Farm-to-Market Roads,,,,,"Concreting of Cansan to Balasig FMR, Cabagan, Isabela",Cansan to Balasig,,15000.00,1.00,direct municipality row,"Concreting of Cansan to Balasig FMR, Cabagan, Isabela"
isabela_1.xlsx,FMR,Isabela,I,Cabagan,2026,Farm-to-Market Roads,,,,,"Concreting of Sitio Dacque, Tallag to Annaronan, San Antonio FMR, Cabagan, Isabela",Tallag-San Antonio,,15000.00,1.00,direct municipality row,"Concreting of Sitio Dacque, Tallag to Annaronan, San Antonio FMR, Cabagan, Isabela"
isabela_1.xlsx,FMR,Isabela,I,Cabagan,2026,Farm-to-Market Roads,,,,,"Concreting of Sitio Pelo Cansan FMR, Brgy Cansan, Cabagan, Isabela",Cansan,,15000.00,1.00,direct municipality row,"Concreting of Sitio Pelo Cansan FMR, Brgy Cansan, Cabagan, Isabela"
isabela_1.xlsx,FMR,Isabela,I,Cabagan,2026,Farm-to-Market Roads,,,,,"Concreting of Alugu, Brgy Casibarag Norte FMR, Cabagan, Isabela",Casibarag Norte,,15000.00,1.00,direct municipality row,"Concreting of Alugu, Brgy Casibarag Norte FMR, Cabagan, Isabela"
isabela_1.xlsx,FMR,Isabela,I,Cabagan,2026,Farm-to-Market Roads,,,,,"Concreting of Balasig to Masipi West FMR, Cabagan, Isabela",Balasig to Masipi West,,15000.00,1.00,direct municipality row,"Concreting of Balasig to Masipi West FMR, Cabagan, Isabela"
isabela_1.xlsx,FMR,Isabela,I,Cabagan,2026,Farm-to-Market Roads,,,,,"Concreting of Cubag FMR, Cabagan, Isabela",Cubag,,15000.00,1.00,direct municipality row,"Concreting of Cubag FMR, Cabagan, Isabela"
isabela_1.xlsx,FMR,Isabela,I,Santa Maria,2026,Farm-to-Market Roads,,,,,"Concretingof Brgy San Isidro West To Brgy Divisoria Fmr, Brgys. San Isidro West And Divisoria, Sta. Maria, Isabela",Brgy San Isidro West To Brgy Divisoria,,15000.00,1.00,direct municipality row,"Concretingof Brgy San Isidro West To Brgy Divisoria Fmr, Brgys. San Isidro West And Divisoria, Sta. Maria, Isabela"
isabela_1.xlsx,FMR,Isabela,I,Ilagan City (Capital),2026,Farm-to-Market Roads,,,,,"Concreting of Brgy Capellan FMR, Ilagan City, Isabela",Brgy Capellan,,15000.00,1.00,direct municipality row,"Concreting of Brgy Capellan FMR, Ilagan City, Isabela"
isabela_1.xlsx,FMR,Isabela,I,Ilagan City (Capital),2026,Farm-to-Market Roads,,,,,"Concreting of Brgy Bliss Village to Brgy Baligatan FMR, Ilagan City, Isabela",Bliss Village to Baligatan,,18000.00,1.20,direct municipality row,"Concreting of Brgy Bliss Village to Brgy Baligatan FMR, Ilagan City, Isabela"
isabela_1.xlsx,FMR,Isabela,I,Ilagan City (Capital),2026,Farm-to-Market Roads,,,,,"Concreting of Brgy Paliueg FMR, Ilagan City, Isabela",Paliueg,,20550.00,1.37,direct municipality row,"Concreting of Brgy Paliueg FMR, Ilagan City, Isabela"
isabela_1.xlsx,FMR,Isabela,I,Ilagan City (Capital),2026,Farm-to-Market Roads,,,,,"Concreting of Brgy Sindun Bayabo FMR, Ilagan City, Isabela",Sindun Bayabo,,28500.00,1.90,direct municipality row,"Concreting of Brgy Sindun Bayabo FMR, Ilagan City, Isabela"
isabela_1.xlsx,FMR,Isabela,I,Ilagan City (Capital),2026,Farm-to-Market Roads,,,,,"Concreting of Brgy Capellan FMR, Ilagan City, Isabela",Capellan,,30000.00,2.00,direct municipality row,"Concreting of Brgy Capellan FMR, Ilagan City, Isabela"
isabela_1.xlsx,FMR,Isabela,I,Ilagan City (Capital),2026,Farm-to-Market Roads,,,,,"Concreting of Brgy Sta Isabel Sur FMR, Ilagan City, Isabela",Sta Isabel Sur,,25050.00,1.67,direct municipality row,"Concreting of Brgy Sta Isabel Sur FMR, Ilagan City, Isabela"
isabela_1.xlsx,FMR,Isabela,I,Ilagan City (Capital),2026,Farm-to-Market Roads,,,,,"Concreting of Brgy Sta Isabel Norte FMR, Ilagan City, Isabela",Sta Isabel Norte,,15000.00,1.00,direct municipality row,"Concreting of Brgy Sta Isabel Norte FMR, Ilagan City, Isabela"
isabela_1.xlsx,FMR,Isabela,I,Ilagan City (Capital),2026,Farm-to-Market Roads,,,,,"Concreting of Brgy Cabisera 5 FMR, Ilagan City, Isabela",Cabisera 5,,17850.00,1.19,direct municipality row,"Concreting of Brgy Cabisera 5 FMR, Ilagan City, Isabela"
isabela_1.xlsx,FMR,Isabela,I,Ilagan City (Capital),2026,Farm-to-Market Roads,,,,,"Concreting of Brgy Sta Victoria FMR, Ilagan City, Isabela",Sta Victoria,,18000.00,1.20,direct municipality row,"Concreting of Brgy Sta Victoria FMR, Ilagan City, Isabela"
isabela_1.xlsx,FMR,Isabela,I,Ilagan City (Capital),2026,Farm-to-Market Roads,,,,,"Concreting of Brgy Sindun Maride FMR, Ilagan City, Isabela",Sindun Maride,,17703.60,1.05,direct municipality row,"Concreting of Brgy Sindun Maride FMR, Ilagan City, Isabela"
isabela_1.xlsx,FMR,Isabela,I,Ilagan City (Capital),2026,Farm-to-Market Roads,,,,,"Concreting of Brgy Rang-ayan FMR, Ilagan City, Isabela",Rang-Ayan,,15500.00,1.00,direct municipality row,"Concreting of Brgy Rang-ayan FMR, Ilagan City, Isabela"
isabela_1.xlsx,FMR,Isabela,I,Ilagan City (Capital),2026,Farm-to-Market Roads,,,,,"Concreting of Brgy Carikkikan-Sta Isabel Sur FMR, Ilagan City, Isabela",Carikkikan to Sta isabel Sur,,21108.00,1.40,direct municipality row,"Concreting of Brgy Carikkikan-Sta Isabel Sur FMR, Ilagan City, Isabela"
isabela_1.xlsx,FMR,Isabela,I,Ilagan City (Capital),2026,Farm-to-Market Roads,,,,,"Concreting of Brgy bagong Silang FMR, Ilagan City, Isabela",Bagong Silang,,15000.00,1.00,direct municipality row,"Concreting of Brgy bagong Silang FMR, Ilagan City, Isabela"
isabela_1.xlsx,FMR,Isabela,I,Ilagan City (Capital),2026,Farm-to-Market Roads,,,,,"Concreting of Brgy Arusip FMR, Ilagan City, Isabela",Arusip,,15108.00,1.00,direct municipality row,"Concreting of Brgy Arusip FMR, Ilagan City, Isabela"
isabela_1.xlsx,FMR,Isabela,I,Ilagan City (Capital),2026,Farm-to-Market Roads,,,,,"Concreting of Brgy Alinguigan 1st to Brgy Cadu FMR, Ilagan City, Isabela",Alinguigan 1st-Cadu,,17000.00,1.10,direct municipality row,"Concreting of Brgy Alinguigan 1st to Brgy Cadu FMR, Ilagan City, Isabela"
isabela_1.xlsx,FMR,Isabela,I,Ilagan City (Capital),2026,Farm-to-Market Roads,,,,,"Concreting of Brgy San Pablo FMR, Ilagan City, Isabela",San Pablo,,25608.00,1.70,direct municipality row,"Concreting of Brgy San Pablo FMR, Ilagan City, Isabela"
isabela_1.xlsx,FMR,Isabela,I,Ilagan City (Capital),2026,Farm-to-Market Roads,,,,,"Concreting of Brgy San Juan FMR, Ilagan City, Isabela",San Juan,,15000.00,1.00,direct municipality row,"Concreting of Brgy San Juan FMR, Ilagan City, Isabela"
isabela_1.xlsx,FMR,Isabela,I,Ilagan City (Capital),2026,Farm-to-Market Roads,,,,,"Concreting of Brgy Pasa FMR, Ilagan City, Isabela",Pasa,,30220.00,1.90,direct municipality row,"Concreting of Brgy Pasa FMR, Ilagan City, Isabela"
isabela_1.xlsx,FMR,Isabela,I,Ilagan City (Capital),2026,Farm-to-Market Roads,,,,,"Concreting of Purok 7 to Purok 1, Brgy. Cabannungan 2nd FMR, Ilagan City, Isabela",Cabannungan 2nd,,16500.00,1.10,direct municipality row,"Concreting of Purok 7 to Purok 1, Brgy. Cabannungan 2nd FMR, Ilagan City, Isabela"
isabela_1.xlsx,FMR,Isabela,I,Ilagan City (Capital),2026,Farm-to-Market Roads,,,,,"Concreting of Brgy Cabannungan 2nd to Brgy Arusip to Brgy Carikkikan Norte FMR, Ilagan City, Isabela",Cabannungan 2nd to Arusip to Carikkikan Norte,,20850.00,1.39,direct municipality row,"Concreting of Brgy Cabannungan 2nd to Brgy Arusip to Brgy Carikkikan Norte FMR, Ilagan City, Isabela"
isabela_1.xlsx,FMR,Isabela,I,San Pablo,2026,Farm-to-Market Roads,,,,,"Concreting of Brgy. Antagan to Brgy Poblacion FMR, San Pablo, Isabela",Antagan,,33000.00,2.20,direct municipality row,"Concreting of Brgy. Antagan to Brgy Poblacion FMR, San Pablo, Isabela"
isabela_1.xlsx,FMR,Isabela,I,San Pablo,2026,Farm-to-Market Roads,,,,,"Concreting of Brgy Simanu Norte FMR with Farm Bridge, San Pablo, Isabela",Simanu Norte,,44350.41,1.00,direct municipality row,"Concreting of Brgy Simanu Norte FMR with Farm Bridge, San Pablo, Isabela"
isabela_1.xlsx,FMR,Isabela,I,Cabagan,2026,Farm-to-Market Roads,,,,,"Concreting of Brgy. San Antonio FMR, Cabagan, Isabela",San Antonio,,15000.00,1.00,direct municipality row,"Concreting of Brgy. San Antonio FMR, Cabagan, Isabela"
isabela_1.xlsx,FMR,Isabela,I,Ilagan City (Capital),2026,Farm-to-Market Roads,,,,,"Concreting of Brgy Cabisera 27 FMR, City of Ilagan, Isabela",Cabisera 27,,22800.00,1.52,direct municipality row,"Concreting of Brgy Cabisera 27 FMR, City of Ilagan, Isabela"
isabela_1.xlsx,FMR,Isabela,I,Santo Tomas,2026,Farm-to-Market Roads,,,,,"Concreting of Brgy Bubug FMR Phase I, Santo Tomas, Isabela",Bubug,,15000.00,1.00,direct municipality row,"Concreting of Brgy Bubug FMR Phase I, Santo Tomas, Isabela"
isabela_1.xlsx,FMR,Isabela,I,Santo Tomas,2026,Farm-to-Market Roads,,,,,"Concreting of Brgy Bubug FMR Phase II, Santo Tomas, Isabela",Bubug,,15000.00,1.00,direct municipality row,"Concreting of Brgy Bubug FMR Phase II, Santo Tomas, Isabela"
isabela_1.xlsx,FMR,Isabela,I,Santo Tomas,2026,Farm-to-Market Roads,,,,,"Concreting of Brgy Calanigan Sur FMR, Santo Tomas, Isabela",Calanigan,,27750.00,1.85,direct municipality row,"Concreting of Brgy Calanigan Sur FMR, Santo Tomas, Isabela"
isabela_1.xlsx,FMR,Isabela,I,Santo Tomas,2026,Farm-to-Market Roads,,,,,"Concreting of Sitio Matakayan-Malacab Phase II FMR, Brgy Bubug, Santo Tomas, Isabela",Bubug,,15000.00,1.00,direct municipality row,"Concreting of Sitio Matakayan-Malacab Phase II FMR, Brgy Bubug, Santo Tomas, Isabela"
isabela_1.xlsx,FMR,Isabela,I,Santo Tomas,2026,Farm-to-Market Roads,,,,,"Concreting of Brgy Barumbong FMR, Santo Tomas, Isabela",Barumbong,,15000.00,1.00,direct municipality row,"Concreting of Brgy Barumbong FMR, Santo Tomas, Isabela"
isabela_1.xlsx,FMR,Isabela,I,Santo Tomas,2026,Farm-to-Market Roads,,,,,"Concreting of Sitio Villa-Sitio Colunguan FMR, Santo Tomas, Isabela",Barumbong,,15000.00,1.00,direct municipality row,"Concreting of Sitio Villa-Sitio Colunguan FMR, Santo Tomas, Isabela"
isabela_1.xlsx,FMR,Isabela,I,Santo Tomas,2026,Farm-to-Market Roads,,,,,"Concreting of Brgy Bagabag-Biga Oriental FMR, Bagabag, Santo Tomas, Isabela",Bagabag,,15000.00,1.00,direct municipality row,"Concreting of Brgy Bagabag-Biga Oriental FMR, Bagabag, Santo Tomas, Isabela"
isabela_1.xlsx,FMR,Isabela,I,Ilagan City (Capital),2026,Farm-to-Market Roads,,,,,"Concreting of Brgy. Gayong-Gayong Sur FMR, Ilagan City, Isabela",Gayong-gayong Sur,,15000.00,1.60,direct municipality row,"Concreting of Brgy. Gayong-Gayong Sur FMR, Ilagan City, Isabela"
isabela_1.xlsx,FMR,Isabela,I,Ilagan City (Capital),2026,Farm-to-Market Roads,,,,,"Concreting of Villa Imelda FMR, Ilagan City, Isabela",Villa Imelda,,30000.00,2.00,direct municipality row,"Concreting of Villa Imelda FMR, Ilagan City, Isabela"
isabela_1.xlsx,FMR,Isabela,I,Ilagan City (Capital),2026,Farm-to-Market Roads,,,,,"Concreting of Brgy. Namnama FMR, Ilagan City, Isabela",Namnama,,37500.00,1.96,direct municipality row,"Concreting of Brgy. Namnama FMR, Ilagan City, Isabela"
isabela_1.xlsx,FMR,Isabela,I,Tumauini,2026,Farm-to-Market Roads,,,,,"Concreting of Brgy Caligayan FMR, Tumauini, Isabela",Caligayan,,15000.00,0.78,direct municipality row,"Concreting of Brgy Caligayan FMR, Tumauini, Isabela"
isabela_1.xlsx,FMR,Isabela,I,Cabagan,2026,Farm-to-Market Roads,,,,,"Concreting of Sitio Malasi-San Antonio FMR Phase II, Brgy. San Antonio, Cabagan, Isabela",San Antonio,,15000.00,1.00,direct municipality row,"Concreting of Sitio Malasi-San Antonio FMR Phase II, Brgy. San Antonio, Cabagan, Isabela"
isabela_1.xlsx,FMR,Isabela,I,Cabagan,2026,Farm-to-Market Roads,,,,,"Concreting of Brgy. Aggub to Brgy. Tallag FMR, Brgy. Aggub and Brgy. Tallag, Cabagan, Isabela",Aggub and Tallag,,50000.00,3.33,direct municipality row,"Concreting of Brgy. Aggub to Brgy. Tallag FMR, Brgy. Aggub and Brgy. Tallag, Cabagan, Isabela"
isabela_1.xlsx,FMR,Isabela,I,Cabagan,2026,Farm-to-Market Roads,,,,,"Concreting of Brgy. Pilig Abajo Phase I FMR, Brgy. Pilig Abajo, Cabagan, Isabela",Pilig Abajo,,15000.00,1.00,direct municipality row,"Concreting of Brgy. Pilig Abajo Phase I FMR, Brgy. Pilig Abajo, Cabagan, Isabela"
isabela_1.xlsx,FMR,Isabela,I,Cabagan,2026,Farm-to-Market Roads,,,,,"Concreting of Sitio Dacque, Tallag to Sitio Annaronan, San Antonio Phase I FMR, Cabagan, Isabela",Tallag and San Antonio,,15000.00,1.00,direct municipality row,"Concreting of Sitio Dacque, Tallag to Sitio Annaronan, San Antonio Phase I FMR, Cabagan, Isabela"
isabela_1.xlsx,FMR,Isabela,I,Cabagan,2026,Farm-to-Market Roads,,,,,"Concreting of Brgy. Cubag FMR, Brgy. Cubag, Cabagan, Isabela",Cubag,,15000.00,1.00,direct municipality row,"Concreting of Brgy. Cubag FMR, Brgy. Cubag, Cabagan, Isabela"
isabela_1.xlsx,FMR,Isabela,I,Cabagan,2026,Farm-to-Market Roads,,,,,"Concreting of Brgy. Masipi East FMR, Brgy. Masipi East, Cabagan, Isabela",Masipi East,,20000.00,1.33,direct municipality row,"Concreting of Brgy. Masipi East FMR, Brgy. Masipi East, Cabagan, Isabela"
isabela_1.xlsx,FMR,Isabela,I,Cabagan,2026,Farm-to-Market Roads,,,,,"Construction of Brgy. Pilig-Alto FMR, Brgy. Pilig-Alto, Cabagan, Isabela",Pilig-Alto,,25000.00,1.67,direct municipality row,"Construction of Brgy. Pilig-Alto FMR, Brgy. Pilig-Alto, Cabagan, Isabela"
isabela_1.xlsx,FMR,Isabela,I,Cabagan,2026,Farm-to-Market Roads,,,,,"Concreting of Sitio Alibagu- Brgy. Tallag FMR, Brgy. Tallag, Cabagan, Isabela",Tallag,,25000.00,1.67,direct municipality row,"Concreting of Sitio Alibagu- Brgy. Tallag FMR, Brgy. Tallag, Cabagan, Isabela"
isabela_1.xlsx,FMR,Isabela,I,Cabagan,2026,Farm-to-Market Roads,,,,,"Concreting of Sitio Dacque, Tallag to Sitio Annaroanan, San Antonio FMR Phase II, Brgy. Tallag, Cabagan, Isabela",Tallag,,15000.00,1.00,direct municipality row,"Concreting of Sitio Dacque, Tallag to Sitio Annaroanan, San Antonio FMR Phase II, Brgy. Tallag, Cabagan, Isabela"
isabela_1.xlsx,FMR,Isabela,I,Cabagan,2026,Farm-to-Market Roads,,,,,"Concreting of Sitio Alugu, Brgy. Casibarag Norte FMR, Brgy. Casibarag, Cabagan, Isabela",Casibarag,,15000.00,1.00,direct municipality row,"Concreting of Sitio Alugu, Brgy. Casibarag Norte FMR, Brgy. Casibarag, Cabagan, Isabela"
isabela_1.xlsx,FMR,Isabela,I,Cabagan,2026,Farm-to-Market Roads,,,,,"Concreting of Brgy. Masipi West 3 FMR, Brgy. Masipi West 3, Cabagan, Isabela",Masipi West 3,,10000.00,0.67,direct municipality row,"Concreting of Brgy. Masipi West 3 FMR, Brgy. Masipi West 3, Cabagan, Isabela"
isabela_1.xlsx,FMR,Isabela,I,Cabagan,2026,Farm-to-Market Roads,,,,,"Concreting of Brgy. Pilig Abajo FMR Phase II, Brgy. Pilig Abajo, Cabagan, Isabela",Pilig Abajo,,15000.00,1.00,direct municipality row,"Concreting of Brgy. Pilig Abajo FMR Phase II, Brgy. Pilig Abajo, Cabagan, Isabela"
isabela_1.xlsx,FMR,Isabela,I,Ilagan City (Capital),2026,Farm-to-Market Roads,,,,,"Concreting of Brgy. Mangcuram-Brgy. Siffu-Brgy. Bigao FMR, Brgy. Mangcuram, Brgy. Siffu and Brgy. Bigao, Ilagan City, Isabela",Mangcuram and Siffu and Bigao,,30000.00,2.00,direct municipality row,"Concreting of Brgy. Mangcuram-Brgy. Siffu-Brgy. Bigao FMR, Brgy. Mangcuram, Brgy. Siffu and Brgy. Bigao, Ilagan City, Isabela"
isabela_1.xlsx,FMR,Isabela,I,Ilagan City (Capital),2026,Farm-to-Market Roads,,,,,"Concreting of Brgy. Sta. Isabel Sur FMR, Brgy. Sta. Isabel Sur, Ilagan City, Isabela",Sta. Isabel Sur,,20000.00,1.33,direct municipality row,"Concreting of Brgy. Sta. Isabel Sur FMR, Brgy. Sta. Isabel Sur, Ilagan City, Isabela"
isabela_1.xlsx,FMR,Isabela,I,Ilagan City (Capital),2026,Farm-to-Market Roads,,,,,"Concreting of Brgy. San Rodrigo-Brgy. San Lorenzo FMR, Brgy. San Rodrigo and Brgy. San Lorenzo, Ilagan City, Isabela",San Rodrigo and San Lorenzo,,20000.00,1.33,direct municipality row,"Concreting of Brgy. San Rodrigo-Brgy. San Lorenzo FMR, Brgy. San Rodrigo and Brgy. San Lorenzo, Ilagan City, Isabela"
isabela_1.xlsx,FMR,Isabela,I,Ilagan City (Capital),2026,Farm-to-Market Roads,,,,,"Concreting of Brgy. Siffu to Brgy.Cabannungan 2nd FMR, Brgy. Siffu, Ilagan City, Isabela",Siffu,,20000.00,1.33,direct municipality row,"Concreting of Brgy. Siffu to Brgy.Cabannungan 2nd FMR, Brgy. Siffu, Ilagan City, Isabela"
isabela_1.xlsx,FMR,Isabela,I,Ilagan City (Capital),2026,Farm-to-Market Roads,,,,,"Construction of Brgy. Gayung-gayong Norte to Brgy. Cabeseria 3 FMR, Brgy. Gayung-gayong Norte and Brgy. Cabeseria, Ilagan City, Isabela",Gayung-gayong Norte and Cabeseria,,20000.00,1.33,direct municipality row,"Construction of Brgy. Gayung-gayong Norte to Brgy. Cabeseria 3 FMR, Brgy. Gayung-gayong Norte and Brgy. Cabeseria, Ilagan City, Isabela"
isabela_1.xlsx,FMR,Isabela,I,Ilagan City (Capital),2026,Farm-to-Market Roads,,,,,"Concreting of Brgy. Bigao FMR, Brgy. Bigao, Ilagan City, Isabela",Bigao,,15000.00,1.00,direct municipality row,"Concreting of Brgy. Bigao FMR, Brgy. Bigao, Ilagan City, Isabela"
isabela_1.xlsx,FMR,Isabela,I,Ilagan City (Capital),2026,Farm-to-Market Roads,,,,,"Concreting of Brgy. Capellan FMR, Brgy. Capellan, Ilagan City, Isabela",Capellan,,10000.00,0.67,direct municipality row,"Concreting of Brgy. Capellan FMR, Brgy. Capellan, Ilagan City, Isabela"
isabela_1.xlsx,FMR,Isabela,I,Tumauini,2026,Farm-to-Market Roads,,,,,"Concreting of Brgy. Fermeldy-Brgy. Santa FMR, Brgy. Fermeldy and Brgy. Santa, Tumauini, Isabela",Fermeldy and Santa,,15000.00,1.00,direct municipality row,"Concreting of Brgy. Fermeldy-Brgy. Santa FMR, Brgy. Fermeldy and Brgy. Santa, Tumauini, Isabela"
isabela_1.xlsx,FMR,Isabela,I,Tumauini,2026,Farm-to-Market Roads,,,,,"Concreting of Brgy. Tunggui FMR, Brgy. Tunggui, Tumauini, Isabela",Tunggui,,25000.00,1.67,direct municipality row,"Concreting of Brgy. Tunggui FMR, Brgy. Tunggui, Tumauini, Isabela"
isabela_1.xlsx,FMR,Isabela,I,San Pablo,2027,Farm-to-Market Roads,,,,,"Concreting of Brgy. San Vicente - Brgy. Limbauan FMR, Brgy. San Vicente and Brgy. Limbauan, San Pablo, Isabela",San Vicente & Limbauan,,30000.00,2.00,direct municipality row,"Concreting of Brgy. San Vicente - Brgy. Limbauan FMR, Brgy. San Vicente and Brgy. Limbauan, San Pablo, Isabela"
isabela_1.xlsx,FMR,Isabela,I,Cabagan,2027,Farm-to-Market Roads,,,,,"Concreting of Sitio Baccay-Sitio Umayam, Brgy San Antonio FMR, Brgy. San Antonio, Cabagan, Isabela",San Antonio,,30000.00,2.00,direct municipality row,"Concreting of Sitio Baccay-Sitio Umayam, Brgy San Antonio FMR, Brgy. San Antonio, Cabagan, Isabela"
isabela_1.xlsx,FMR,Isabela,I,Tumauini,2027,Farm-to-Market Roads,,,,,"Concreting of Brgy. Cumabao-Brgy. San Vicente FMR, Brgy. Cumabao, Tumauini, Isabela",Cumabao,,24000.00,1.70,direct municipality row,"Concreting of Brgy. Cumabao-Brgy. San Vicente FMR, Brgy. Cumabao, Tumauini, Isabela"
isabela_1.xlsx,FMR,Isabela,I,Santa Maria,2027,Farm-to-Market Roads,,,,,"Concreting of Brgy. Naganacan FMR Phase I, Brgy. Naganacan, Sta. Maria, Isabela",Naganacan,,15000.00,1.00,direct municipality row,"Concreting of Brgy. Naganacan FMR Phase I, Brgy. Naganacan, Sta. Maria, Isabela"
isabela_1.xlsx,FMR,Isabela,I,Santa Maria,2027,Farm-to-Market Roads,,,,,"Concreting of Lingaling FMR, Brgy. Lingaling, Santa Maria. Isabela",Lingaling,,28950.00,1.93,direct municipality row,"Concreting of Lingaling FMR, Brgy. Lingaling, Santa Maria. Isabela"
isabela_1.xlsx,FMR,Isabela,I,Ilagan City (Capital),2027,Farm-to-Market Roads,,,,,Concreting Of Cabisera 17-21 To Sindon Maride Road FMR,Cabisera 17/21,,57000.00,3.80,direct municipality row,Concreting Of Cabisera 17-21 To Sindon Maride Road FMR
isabela_1.xlsx,FMR,Isabela,I,San Pablo,2027,Farm-to-Market Roads,,,,,"Concreting of Brgy. Simanu Norte FMR, Brgy. Simanu Norte, San Pablo, Isabela",Simanu Norte,,45000.00,3.00,direct municipality row,"Concreting of Brgy. Simanu Norte FMR, Brgy. Simanu Norte, San Pablo, Isabela"
isabela_1.xlsx,FMR,Isabela,I,San Pablo,2027,Farm-to-Market Roads,,,,,"Concreting of Brgy. Antagan to Brgy Poblacion FMR, San Pablo, Isabela",Antagan and Poblacion,,33000.00,2.20,direct municipality row,"Concreting of Brgy. Antagan to Brgy Poblacion FMR, San Pablo, Isabela"
isabela_1.xlsx,FMR,Isabela,I,Tumauini,2027,Farm-to-Market Roads,,,,,"Concreting of Brgy. Cumabao-Brgy. San Vicente FMR, Cumabao, Tumauini, Isabela",Cumabao,,45000.00,3.00,direct municipality row,"Concreting of Brgy. Cumabao-Brgy. San Vicente FMR, Cumabao, Tumauini, Isabela"
isabela_1.xlsx,PRDP,Isabela,I,Cabagan,2026,PRDP,,,,,Construction of Cabagan Warehouse with Solar Dryer,Cansan,,15000.00,,direct municipality row,Construction of Cabagan Warehouse with Solar Dryer
isabela_1.xlsx,4Ks,Isabela,I,San Pablo,2027,4Ks,,,,,GM Hybrid Corn Seeds,no. of kg distributed,50.00,225.00,,remarks municipality split,San Pablo           
isabela_1.xlsx,4Ks,Isabela,I,San Pablo,2027,4Ks,,,,,Upland Vegetables,no. of kg distributed,0.25,30.00,,remarks municipality split,San Pablo           
isabela_1.xlsx,4Ks,Isabela,I,San Pablo,2027,4Ks,,,,,Lowland Vegetables,no. of kg distributed,11.20,69.82,,remarks municipality split,San Pablo           
isabela_1.xlsx,4Ks,Isabela,I,San Pablo,2027,4Ks,,,,,Organic Fertilizer,no. of kg distributed,40.00,20.00,,remarks municipality split,San Pablo           
isabela_1.xlsx,4Ks,Isabela,I,San Pablo,2027,4Ks,,,,,Ube Planting Materials,no. of kg distributed,1000.00,300.00,,remarks municipality split,San Pablo           
isabela_1.xlsx,4Ks,Isabela,I,San Pablo,2027,4Ks,,,,,d. Knapsack,No. of units,4.00,10.00,,remarks municipality split,San Pablo           
isabela_1.xlsx,4Ks,Isabela,I,San Pablo,2027,4Ks,,,,,e. Grass Cutter,No. of units,1.00,25.00,,remarks municipality split,San Pablo           
isabela_1.xlsx,4Ks,Isabela,I,San Pablo,2027,4Ks,,,,,h. Garden Tools,,34.00,36.00,,remarks municipality split,San Pablo           
isabela_2.xlsx,FMR,Isabela,II,Naguilian,2025,Farm-to-Market Roads,,,,,"Concreting of Sta. Victoria FMR, Brgy. Sta. Victoria, Naguilian, Isabela",Sta.Victoria,,15000.00,1.00,direct municipality row,"Concreting of Sta. Victoria FMR, Brgy. Sta. Victoria, Naguilian, Isabela"
isabela_2.xlsx,FMR,Isabela,II,Naguilian,2025,Farm-to-Market Roads,,,,,"Concreting of Purok 2 to Purok 3, Brgy. Rang Ayan Sikat FMR, Brgy. Rang Ayan Sikat, Naguilian , Isabela","Purok 2 - Purok 3,Rang Ayan Sikat",,10000.00,0.67,direct municipality row,"Concreting of Purok 2 to Purok 3, Brgy. Rang Ayan Sikat FMR, Brgy. Rang Ayan Sikat, Naguilian , Isabela"
isabela_2.xlsx,FMR,Isabela,II,Benito Soliven,2025,Farm-to-Market Roads,,,,,"Concreting of Balliao FMR, Brgy. Balliao, Benito Soliven, Isabela",Balliao,,15000.00,1.00,direct municipality row,"Concreting of Balliao FMR, Brgy. Balliao, Benito Soliven, Isabela"
isabela_2.xlsx,FMR,Isabela,II,Benito Soliven,2025,Farm-to-Market Roads,,,,,"Concreting of Brgy. Macayucayu - Brgy. Balliao FMR, Brgy. Balliao, Benito Soliven, Isabela",Macayucayu - Brgy. Balliao,,15000.00,1.00,direct municipality row,"Concreting of Brgy. Macayucayu - Brgy. Balliao FMR, Brgy. Balliao, Benito Soliven, Isabela"
isabela_2.xlsx,FMR,Isabela,II,San Mariano,2025,Farm-to-Market Roads,,,,,"Concreting of Ibujan-Junction Buyasan FMR, Brgy. Buyasan, San Mariano, Isabela",Ibujan-Junction Buyasan,,15000.00,1.00,direct municipality row,"Concreting of Ibujan-Junction Buyasan FMR, Brgy. Buyasan, San Mariano, Isabela"
isabela_2.xlsx,FMR,Isabela,II,San Mariano,2025,Farm-to-Market Roads,,,,,"Concreting of Macayucayu- Ibujan FMR, Brgy. Ibujan, San Mariano, Isabela",Macayucayu- Ibujan,,15000.00,1.00,direct municipality row,"Concreting of Macayucayu- Ibujan FMR, Brgy. Ibujan, San Mariano, Isabela"
isabela_2.xlsx,FMR,Isabela,II,San Mariano,2025,Farm-to-Market Roads,,,,,"Concreting of Brgy. Gangalan FMR, Brgy. Gangalan, San Mariano, Isabela",Gangalan,,15000.00,1.00,direct municipality row,"Concreting of Brgy. Gangalan FMR, Brgy. Gangalan, San Mariano, Isabela"
isabela_2.xlsx,FMR,Isabela,II,San Mariano,2025,Farm-to-Market Roads,,,,,"Concreting of Brgy. Libertad FMR, Brgy. Libertad, San Mariano, Isabela",Libertad,,15000.00,1.00,direct municipality row,"Concreting of Brgy. Libertad FMR, Brgy. Libertad, San Mariano, Isabela"
isabela_2.xlsx,FMR,Isabela,II,San Mariano,2025,Farm-to-Market Roads,,,,,"Concreting of Brgy. Dicamay - Brgy. Guilingan FMR, Brgy. Dicamay, San Mariano, Isabela",Dicamay - Guilingan,,10000.00,0.67,direct municipality row,"Concreting of Brgy. Dicamay - Brgy. Guilingan FMR, Brgy. Dicamay, San Mariano, Isabela"
isabela_2.xlsx,FMR,Isabela,II,Palanan,2025,Farm-to-Market Roads,,,,,"Concreting Of Dicadyuan & Didaddungan Farm-To-Market Road,Dicadyuan & Didaddungan, Palanan, Isabela",Dicadyuan & Didaddungan,,97500.00,6.50,direct municipality row,"Concreting Of Dicadyuan & Didaddungan Farm-To-Market Road,Dicadyuan & Didaddungan, Palanan, Isabela"
isabela_2.xlsx,FMR,Isabela,II,Benito Soliven,2025,Farm-to-Market Roads,,,,,"Concreting Of Brgy. Ara To Capuseran Farm-To-Market Road, Brgys.Ara-Capuseran, Benito Soliven, Isabela",Ara-Capuseran,,62700.00,4.18,direct municipality row,"Concreting Of Brgy. Ara To Capuseran Farm-To-Market Road, Brgys.Ara-Capuseran, Benito Soliven, Isabela"
isabela_2.xlsx,FMR,Isabela,II,Benito Soliven,2025,Farm-to-Market Roads,,,,,"Concreting Of Brgy. San Francisco Farm-To-Market Road, Brgy.San Francisco, Benito Soliven, Isabela",San Francisco,,49950.00,3.33,direct municipality row,"Concreting Of Brgy. San Francisco Farm-To-Market Road, Brgy.San Francisco, Benito Soliven, Isabela"
isabela_2.xlsx,FMR,Isabela,II,Benito Soliven,2025,Farm-to-Market Roads,,,,,"Concreting of Brgy. Santiago To Brgy. New Magsaysay,Brgy. Santiago, Benito Soliven, Isabela",Santiago,,42750.00,2.85,direct municipality row,"Concreting of Brgy. Santiago To Brgy. New Magsaysay,Brgy. Santiago, Benito Soliven, Isabela"
isabela_2.xlsx,FMR,Isabela,II,Benito Soliven,2025,Farm-to-Market Roads,,,,,"Concreting Of Brgy. Placer To Brgy. Villaluz Farm-To-Market Road, Brgy. Placer, Benito Soliven, Isabela",Placer,,15000.00,1.00,direct municipality row,"Concreting Of Brgy. Placer To Brgy. Villaluz Farm-To-Market Road, Brgy. Placer, Benito Soliven, Isabela"
isabela_2.xlsx,FMR,Isabela,II,San Mariano,2025,Farm-to-Market Roads,,,,,"Concreting Of Brgy. Buyasan-Cadsalan Fmr,Brgy. Buyasan-Cadsalan , San Mariano, Isabela",Buyasan-Cadsalan,,10000.00,1.00,direct municipality row,"Concreting Of Brgy. Buyasan-Cadsalan Fmr,Brgy. Buyasan-Cadsalan , San Mariano, Isabela"
isabela_2.xlsx,FMR,Isabela,II,Benito Soliven,2025,Farm-to-Market Roads,,,,,"Concreting Of Brgy. San Francisco Farm-To-Market Road, Brgy. San Francisco, Benito Soliven, Isabela",San Francisco,,15000.00,1.50,direct municipality row,"Concreting Of Brgy. San Francisco Farm-To-Market Road, Brgy. San Francisco, Benito Soliven, Isabela"
isabela_2.xlsx,FMR,Isabela,II,San Mariano,2025,Farm-to-Market Roads,,,,,"Concreting Of Brgy. Dicamay-Guilingan Fmr,Brgy. Dicamay-Guilingan, San Mariano, Isabela",Dicamay-Gulingan,,10000.00,1.00,direct municipality row,"Concreting Of Brgy. Dicamay-Guilingan Fmr,Brgy. Dicamay-Guilingan, San Mariano, Isabela"
isabela_2.xlsx,FMR,Isabela,II,Naguilian,2025,Farm-to-Market Roads,,,,,"Concreting Of Sitio Balungiking Brgy. Magsaysay Fmr, Magsaysay, Naguilian, Isabela",Magsaysay,,20850.00,1.40,direct municipality row,"Concreting Of Sitio Balungiking Brgy. Magsaysay Fmr, Magsaysay, Naguilian, Isabela"
isabela_2.xlsx,FMR,Isabela,II,Naguilian,2025,Farm-to-Market Roads,,,,,"Concreting Of Brgy. San Manuel Fmr, Brgy. San Manuel, Isabela",San Manuel,,33150.00,2.21,direct municipality row,"Concreting Of Brgy. San Manuel Fmr, Brgy. San Manuel, Isabela"
isabela_2.xlsx,FMR,Isabela,II,Naguilian,2025,Farm-to-Market Roads,,,,,"Concreting of Brgy. Burgos Section 2 FMR, Brgy. Burgos, Naguilian, Isabela",Burgos,,10000.00,0.70,direct municipality row,"Concreting of Brgy. Burgos Section 2 FMR, Brgy. Burgos, Naguilian, Isabela"
isabela_2.xlsx,FMR,Isabela,II,Naguilian,2025,Farm-to-Market Roads,,,,,"Concreting of Sitio Luna, Brgy. Flores FMR, Naguilian, Isabela",Flores,,21900.00,1.46,direct municipality row,"Concreting of Sitio Luna, Brgy. Flores FMR, Naguilian, Isabela"
isabela_2.xlsx,FMR,Isabela,II,Naguilian,2025,Farm-to-Market Roads,,,,,"Concreting of Brgy La Union to Brgy. Bagong Sikat FMR, Naguilian, Isabela",La Union,,31500.00,2.10,direct municipality row,"Concreting of Brgy La Union to Brgy. Bagong Sikat FMR, Naguilian, Isabela"
isabela_2.xlsx,FMR,Isabela,II,Naguilian,2025,Farm-to-Market Roads,,,,,"Rehabilitation/Concreting of Purok 2 to Purok 3, Brgy Rang Ayan Sikat FMR, Naguilian, Isabela",Rang Ayan,,21300.00,1.42,direct municipality row,"Rehabilitation/Concreting of Purok 2 to Purok 3, Brgy Rang Ayan Sikat FMR, Naguilian, Isabela"
isabela_2.xlsx,FMR,Isabela,II,Naguilian,2025,Farm-to-Market Roads,,,,,"Concreting of Brgy Bagong Sikat FMR, Naguilian, Isabela",Bagong Sikat,,19500.00,1.30,direct municipality row,"Concreting of Brgy Bagong Sikat FMR, Naguilian, Isabela"
isabela_2.xlsx,FMR,Isabela,II,Naguilian,2025,Farm-to-Market Roads,,,,,"Concreting of Brgy Cabaruan to Brgy Manaring FMR, Naguilian, Isabela",Cabaruan-Manaring,,59700.00,3.98,direct municipality row,"Concreting of Brgy Cabaruan to Brgy Manaring FMR, Naguilian, Isabela"
isabela_2.xlsx,FMR,Isabela,II,Naguilian,2025,Farm-to-Market Roads,,,,,"Concreting of Brgy La Union FMR, Naguilian, Isabela",La Union,,24450.00,1.63,direct municipality row,"Concreting of Brgy La Union FMR, Naguilian, Isabela"
isabela_2.xlsx,FMR,Isabela,II,Naguilian,2025,Farm-to-Market Roads,,,,,"Concreting of Brgy Sto Tomas to Brgy Placer FMR, Naguilian, Brgy Sto Tomas, Naguilian, Isabela",Sto Tomas,,30000.00,1.42,direct municipality row,"Concreting of Brgy Sto Tomas to Brgy Placer FMR, Naguilian, Brgy Sto Tomas, Naguilian, Isabela"
isabela_2.xlsx,FMR,Isabela,II,Naguilian,2025,Farm-to-Market Roads,,,,,"Concreting of Brgy Flores FMR, Naguilian, Isabela",Flores,,24000.00,1.90,direct municipality row,"Concreting of Brgy Flores FMR, Naguilian, Isabela"
isabela_2.xlsx,FMR,Isabela,II,Benito Soliven,2026,Farm-to-Market Roads,,,,,"Concreting of Andabuen-Sinipit FMR, Brgy. Andabuen, Benito Soliven, Isabela",Andabuen-Sinipit,,15000.00,1.00,direct municipality row,"Concreting of Andabuen-Sinipit FMR, Brgy. Andabuen, Benito Soliven, Isabela"
isabela_2.xlsx,FMR,Isabela,II,Benito Soliven,2026,Farm-to-Market Roads,,,,,"Concreting of Brgy. Danipa to Brgy. La Salette FMR, Brgy. Danipa and Brgy. La Salette, Benito Soliven, Isabela",Danipa-La Salette,,10000.00,0.67,direct municipality row,"Concreting of Brgy. Danipa to Brgy. La Salette FMR, Brgy. Danipa and Brgy. La Salette, Benito Soliven, Isabela"
isabela_2.xlsx,FMR,Isabela,II,Benito Soliven,2026,Farm-to-Market Roads,,,,,"Concreting of Brgy. San Carlos FMR, Brgy. San Carlos, Benito Soliven, Isabela",San Carlos,,10000.00,0.67,direct municipality row,"Concreting of Brgy. San Carlos FMR, Brgy. San Carlos, Benito Soliven, Isabela"
isabela_2.xlsx,FMR,Isabela,II,Benito Soliven,2026,Farm-to-Market Roads,,,,,"Concreting of Brgy. Guilingan FMR, Benito Soliven, Isabela",Guilingan,,15000.00,1.00,direct municipality row,"Concreting of Brgy. Guilingan FMR, Benito Soliven, Isabela"
isabela_2.xlsx,FMR,Isabela,II,Benito Soliven,2026,Farm-to-Market Roads,,,,,"Concreting of Brgy. Dagupan FMR, Brgy. Dagupan, Benito Soliven, Isabela",Dagupan,,15000.00,1.00,direct municipality row,"Concreting of Brgy. Dagupan FMR, Brgy. Dagupan, Benito Soliven, Isabela"
isabela_2.xlsx,FMR,Isabela,II,Gamu,2026,Farm-to-Market Roads,,,,,"Concreting of Brgy. Barcolan- Brgy. Linglingay FMR, Brgy. Barcolan and Brgy. Linglingay, Gamu, Isabela",Barcolan-Linglingay,,15000.00,1.00,direct municipality row,"Concreting of Brgy. Barcolan- Brgy. Linglingay FMR, Brgy. Barcolan and Brgy. Linglingay, Gamu, Isabela"
isabela_2.xlsx,FMR,Isabela,II,Gamu,2026,Farm-to-Market Roads,,,,,"Concreting of Brgy. Buenavista FMR, Brgy. Buenavista, Gamu, Isabela",Buenavista,,15000.00,1.00,direct municipality row,"Concreting of Brgy. Buenavista FMR, Brgy. Buenavista, Gamu, Isabela"
isabela_2.xlsx,FMR,Isabela,II,Gamu,2026,Farm-to-Market Roads,,,,,"Concreting of Brgy. Guibang to Brgy. Songsong FMR, Brgy. Guibang, Gamu, Isabela",Guibang-Songsong,,30000.00,2.00,direct municipality row,"Concreting of Brgy. Guibang to Brgy. Songsong FMR, Brgy. Guibang, Gamu, Isabela"
isabela_2.xlsx,FMR,Isabela,II,Gamu,2026,Farm-to-Market Roads,,,,,"Concreting of Brgy. Bangquero to Brgy. Furao FMR, Brgy. Furao, Gamu, Isabela",Bangquero-Furao,,20000.00,1.33,direct municipality row,"Concreting of Brgy. Bangquero to Brgy. Furao FMR, Brgy. Furao, Gamu, Isabela"
isabela_2.xlsx,FMR,Isabela,II,Gamu,2026,Farm-to-Market Roads,,,,,"Concreting of Brgy. Furao Section 2 FMR, Brgy. Furao, Gamu, Isabela",Furao,,15000.00,1.00,direct municipality row,"Concreting of Brgy. Furao Section 2 FMR, Brgy. Furao, Gamu, Isabela"
isabela_2.xlsx,FMR,Isabela,II,Gamu,2026,Farm-to-Market Roads,,,,,"Concreting of Pintor-Rizal-Union FMR, Gamu, Isabela",Pintor-Rizal-Union,,15000.00,1.00,direct municipality row,"Concreting of Pintor-Rizal-Union FMR, Gamu, Isabela"
isabela_2.xlsx,FMR,Isabela,II,Gamu,2026,Farm-to-Market Roads,,,,,"Concreting of Gamu - Roxas Road Junction to Brgy. Furao FMR, Brgy. Furao, Gamu, Isabela",Furao,,30000.00,2.00,direct municipality row,"Concreting of Gamu - Roxas Road Junction to Brgy. Furao FMR, Brgy. Furao, Gamu, Isabela"
isabela_2.xlsx,FMR,Isabela,II,Gamu,2026,Farm-to-Market Roads,,,,,"Concreting of Brgy. Dammao FMR, Brgy. Dammao, Gamu, Isabela",Dammao,,30000.00,2.00,direct municipality row,"Concreting of Brgy. Dammao FMR, Brgy. Dammao, Gamu, Isabela"
isabela_2.xlsx,FMR,Isabela,II,Naguilian,2026,Farm-to-Market Roads,,,,,"Concreting of Brgy. Roxas FMR, Naguilian, Isabela",Roxas,,10000.00,0.67,direct municipality row,"Concreting of Brgy. Roxas FMR, Naguilian, Isabela"
isabela_2.xlsx,FMR,Isabela,II,Naguilian,2026,Farm-to-Market Roads,,,,,"Concreting of Brgy. Flores FMR, Brgy. Flores, Naguilian, Isabela",Flores,,20000.00,1.33,direct municipality row,"Concreting of Brgy. Flores FMR, Brgy. Flores, Naguilian, Isabela"
isabela_2.xlsx,FMR,Isabela,II,Naguilian,2026,Farm-to-Market Roads,,,,,"Concreting of Brgy. San Manuel Isabela FMR, Brgy. San Manuel Isabela, Naguillian, Isabela",San Manuel,,15000.00,1.00,direct municipality row,"Concreting of Brgy. San Manuel Isabela FMR, Brgy. San Manuel Isabela, Naguillian, Isabela"
isabela_2.xlsx,FMR,Isabela,II,Naguilian,2026,Farm-to-Market Roads,,,,,"Concreting of Brgy. Tomines FMR, Brgy. Tomines, Naguilian, Isabela",Tomines,,15000.00,1.00,direct municipality row,"Concreting of Brgy. Tomines FMR, Brgy. Tomines, Naguilian, Isabela"
isabela_2.xlsx,FMR,Isabela,II,Naguilian,2026,Farm-to-Market Roads,,,,,"Concreting of Brgy. Sto Tomas to Brgy. Placer FMR, Naguilian, Brgy. Sto Tomas, Naguilian, Isabela",Sto.Tomas-Placer,,30000.00,2.00,direct municipality row,"Concreting of Brgy. Sto Tomas to Brgy. Placer FMR, Naguilian, Brgy. Sto Tomas, Naguilian, Isabela"
isabela_2.xlsx,FMR,Isabela,II,Palanan,2026,Farm-to-Market Roads,,,,,"Concreting of Dikalaw FMR, Brgy. Bisag-Didiyan, Palanan, Isabela",Bisag-Didiyan,,35000.00,2.33,direct municipality row,"Concreting of Dikalaw FMR, Brgy. Bisag-Didiyan, Palanan, Isabela"
isabela_2.xlsx,FMR,Isabela,II,Reina Mercedes,2026,Farm-to-Market Roads,,,,,"Construction of Brgy. Dangan FMR, Brgy. Dangan, Reina Mercedes, Isabela",Dangan,,5000.00,0.33,direct municipality row,"Construction of Brgy. Dangan FMR, Brgy. Dangan, Reina Mercedes, Isabela"
isabela_2.xlsx,FMR,Isabela,II,Reina Mercedes,2026,Farm-to-Market Roads,,,,,"Concreting of Brgy. Banquero to Brgy. Santiago FMR, Reina Mercedes, Isabela",Banquero,,10000.00,0.67,direct municipality row,"Concreting of Brgy. Banquero to Brgy. Santiago FMR, Reina Mercedes, Isabela"
isabela_2.xlsx,FMR,Isabela,II,Reina Mercedes,2026,Farm-to-Market Roads,,,,,"Concreting of Brgy. Dangan to Brgy.Turod FMR Phase II, Brgy. Dangan, Reina Mercedes, Isabela",Dangan-Turod,,15000.00,1.00,direct municipality row,"Concreting of Brgy. Dangan to Brgy.Turod FMR Phase II, Brgy. Dangan, Reina Mercedes, Isabela"
isabela_2.xlsx,FMR,Isabela,II,Reina Mercedes,2026,Farm-to-Market Roads,,,,,"Concreting of Brgy. Dangan to Brgy. Turod Phase I FMR, Brgy. Dangan and Brgy. Turod, Reina Mercedes, Isabela",Dangan-Turod,,10000.00,0.67,direct municipality row,"Concreting of Brgy. Dangan to Brgy. Turod Phase I FMR, Brgy. Dangan and Brgy. Turod, Reina Mercedes, Isabela"
isabela_2.xlsx,FMR,Isabela,II,San Mariano,2026,Farm-to-Market Roads,,,,,"Concreting of Brgy. Binatug Sitio Curauitan to Brgy. Gangalan Proper FMR, Brgy. Binatug Sitio Curauitan and Brgy. Gangalan Proper, San Mariano, Isabela",Binatug-Gangalana Proper,,50000.00,3.33,direct municipality row,"Concreting of Brgy. Binatug Sitio Curauitan to Brgy. Gangalan Proper FMR, Brgy. Binatug Sitio Curauitan and Brgy. Gangalan Proper, San Mariano, Isabela"
isabela_2.xlsx,FMR,Isabela,II,San Mariano,2026,Farm-to-Market Roads,,,,,"Concreting of Brgy. Panninan FMR, Brgy. Panninan, San Mariano, Isabela",Panninan,,10000.00,0.67,direct municipality row,"Concreting of Brgy. Panninan FMR, Brgy. Panninan, San Mariano, Isabela"
isabela_2.xlsx,FMR,Isabela,II,Gamu,2027,Farm-to-Market Roads,,,,,"Concreting of Barcolan-Brgy. Mabini FMR, Brgy. Barcolan and Brgy. Mabini, Ganu, Isabela",Barcolan-Mabini,,50000.00,3.30,direct municipality row,"Concreting of Barcolan-Brgy. Mabini FMR, Brgy. Barcolan and Brgy. Mabini, Ganu, Isabela"
isabela_2.xlsx,FMR,Isabela,II,Benito Soliven,2027,Farm-to-Market Roads,,,,,"Concreting of Villaluz-Gomez FMR, Brgy. Villaluz and Brgy. Gomez, Benito Soliven, Isabela",Villaluz-Gomez,,15000.00,1.00,direct municipality row,"Concreting of Villaluz-Gomez FMR, Brgy. Villaluz and Brgy. Gomez, Benito Soliven, Isabela"
isabela_2.xlsx,FMR,Isabela,II,Naguilian,2027,Farm-to-Market Roads,,,,,"Concreting of Brgy. Sto. Tomas FMR, Brgy. Sto. Tomas, Naguilian, Isabela",Sto. Tomas,,15000.00,1.00,direct municipality row,"Concreting of Brgy. Sto. Tomas FMR, Brgy. Sto. Tomas, Naguilian, Isabela"
isabela_2.xlsx,FMR,Isabela,II,Reina Mercedes,2027,Farm-to-Market Roads,,,,,"Concreting of Brgy. Banquero to Brgy. Santiago FMR Phase II, Brgy. Banquero and Brgy. Santiago, Reina Mercedes, Isabela",Banquero-Santiago,,12000.00,0.80,direct municipality row,"Concreting of Brgy. Banquero to Brgy. Santiago FMR Phase II, Brgy. Banquero and Brgy. Santiago, Reina Mercedes, Isabela"
isabela_2.xlsx,FMR,Isabela,II,Palanan,2027,Farm-to-Market Roads,,,,,"Concreting of Dikalaw FMR, Brgy. Bisag and Brgy. Didiyan, Palanan, Isabela",Bisag & Didiyan,,33000.00,1.60,direct municipality row,"Concreting of Dikalaw FMR, Brgy. Bisag and Brgy. Didiyan, Palanan, Isabela"
isabela_2.xlsx,FMR,Isabela,II,San Mariano,2027,Farm-to-Market Roads,,,,,"Concreting of Daragutan East-Sitio Luzon FMR, Brgy. Daragutan East, San Mariano, Isabela",Daragutan East,,30000.00,2.00,direct municipality row,"Concreting of Daragutan East-Sitio Luzon FMR, Brgy. Daragutan East, San Mariano, Isabela"
isabela_2.xlsx,FMR,Isabela,II,Gamu,2027,Farm-to-Market Roads,,,,,"Concreting of Mabini FMR, Brgy. Mabini, Gamu, Isabela",Mabini,,25050.00,1.67,direct municipality row,"Concreting of Mabini FMR, Brgy. Mabini, Gamu, Isabela"
isabela_2.xlsx,FMR,Isabela,II,Gamu,2027,Farm-to-Market Roads,,,,,"Concreting of Rizal FMR, Brgy. Rizal, Gamu, Isabela",Rizal,,32085.00,2.14,direct municipality row,"Concreting of Rizal FMR, Brgy. Rizal, Gamu, Isabela"
isabela_2.xlsx,FMR,Isabela,II,Naguilian,2027,Farm-to-Market Roads,,,,,"Concreting of Brgy. Villapaz FMR, Brgy. Villapaz, Naguilian, Isabela",Villapaz,,15000.00,1.00,direct municipality row,"Concreting of Brgy. Villapaz FMR, Brgy. Villapaz, Naguilian, Isabela"
isabela_2.xlsx,FMR,Isabela,II,Naguilian,2027,Farm-to-Market Roads,,,,,"Concreting of Brgy La Union to Brgy. Bagong Sikat FMR, Brgy. La Union and Brgy. Bagong Sikat, Naguilian, Isabela",La Union/Bagong Sikat,,31500.00,2.10,direct municipality row,"Concreting of Brgy La Union to Brgy. Bagong Sikat FMR, Brgy. La Union and Brgy. Bagong Sikat, Naguilian, Isabela"
isabela_2.xlsx,FMR,Isabela,II,Naguilian,2027,Farm-to-Market Roads,,,,,"Concreting of Sitio Luna, Brgy. Flores FMR, Brgy. Flores, Naguilian, Isabela",Flores,,22500.00,1.50,direct municipality row,"Concreting of Sitio Luna, Brgy. Flores FMR, Brgy. Flores, Naguilian, Isabela"
isabela_2.xlsx,FMR,Isabela,II,Naguilian,2027,Farm-to-Market Roads,,,,,"Concreting of Brgy Sto Tomas to Brgy Placer FMR, Naguilian, Brgy Sto Tomas, Naguilian, Isabela",Sto. Tomas,,21000.00,1.40,direct municipality row,"Concreting of Brgy Sto Tomas to Brgy Placer FMR, Naguilian, Brgy Sto Tomas, Naguilian, Isabela"
isabela_2.xlsx,FMR,Isabela,II,Naguilian,2027,Farm-to-Market Roads,,,,,"Concreting of Brgy La Union FMR, Brgy. La Union, Naguilian, Isabela",La Union,,24000.00,1.60,direct municipality row,"Concreting of Brgy La Union FMR, Brgy. La Union, Naguilian, Isabela"
isabela_2.xlsx,FMR,Isabela,II,Reina Mercedes,2027,Farm-to-Market Roads,,,,,"Concreting of Salucong FMR, Brgy. Salucong, Reina Mercedes, Isabela",Salucong,,15000.00,1.00,direct municipality row,"Concreting of Salucong FMR, Brgy. Salucong, Reina Mercedes, Isabela"
isabela_2.xlsx,PRDP,Isabela,II,Gamu,2025,PRDP,,,,,Rehabilitation/Improvement of Union-Barcolan Farm to Market Road,"Union, Barcolan",,76887.91,6.57,direct municipality row,Rehabilitation/Improvement of Union-Barcolan Farm to Market Road
isabela_2.xlsx,4Ks,Isabela,II,San Mariano,2027,4Ks,,,,,GM Hybrid Corn Seeds,kilograms,120.00,540.00,,remarks municipality split,San Mariano           
isabela_2.xlsx,4Ks,Isabela,II,San Mariano,2027,4Ks,,,,,Upland Vegetables,kilograms,0.70,44.94,,remarks municipality split,San Mariano           
isabela_2.xlsx,4Ks,Isabela,II,San Mariano,2027,4Ks,,,,,Lowland Vegetables,kilograms,13.70,74.17,,remarks municipality split,San Mariano           
isabela_2.xlsx,4Ks,Isabela,II,San Mariano,2027,4Ks,,,,,Organic Fertilizer,kilograms,40.00,20.00,,remarks municipality split,San Mariano           
isabela_2.xlsx,4Ks,Isabela,II,San Mariano,2027,4Ks,,,,,Ube Planting Materials,kilograms,2000.00,600.00,,remarks municipality split,San Mariano           
isabela_2.xlsx,4Ks,Isabela,II,San Mariano,2027,4Ks,,,,,c. Micro Tiller,No. of units,2.00,600.00,,remarks municipality split,San Mariano           
isabela_2.xlsx,4Ks,Isabela,II,San Mariano,2027,4Ks,,,,,d. Knapsack,No. of units,4.00,10.00,,remarks municipality split,San Mariano           
isabela_2.xlsx,4Ks,Isabela,II,San Mariano,2027,4Ks,,,,,e. Grass Cutter,No. of units,1.00,25.00,,remarks municipality split,San Mariano           
isabela_2.xlsx,4Ks,Isabela,II,San Mariano,2027,4Ks,,,,,h. Garden Tools,No. of pcs,34.00,30.40,,remarks municipality split,San Mariano           
isabela_3.xlsx,FMR,Isabela,III,Ramon,2025,Farm-to-Market Roads,,,,,Concreting of Oscariz Phase 2 FMR,Oscariz,,15000.00,1.00,direct municipality row,Concreting of Oscariz Phase 2 FMR
isabela_3.xlsx,FMR,Isabela,III,Alicia,2025,Farm-to-Market Roads,,,,,"Concreting of Purok 4-7, Bagnos FMR",Bagnos,,15000.00,1.00,direct municipality row,"Concreting of Purok 4-7, Bagnos FMR"
isabela_3.xlsx,FMR,Isabela,III,Angadanan,2025,Farm-to-Market Roads,,,,,Concreting of Lasuerte FMR,Lasuerte,,15000.00,1.00,direct municipality row,Concreting of Lasuerte FMR
isabela_3.xlsx,FMR,Isabela,III,Angadanan,2025,Farm-to-Market Roads,,,,,Concreting of Malasin FMR,Malasin,,15000.00,1.00,direct municipality row,Concreting of Malasin FMR
isabela_3.xlsx,FMR,Isabela,III,Ramon,2025,Farm-to-Market Roads,,,,,Concreting of Bugalion Proper Norte-Burgos FMR,Bugalion Proper Norte-Burgos,,15000.00,1.00,direct municipality row,Concreting of Bugalion Proper Norte-Burgos FMR
isabela_3.xlsx,FMR,Isabela,III,Cabatuan,2025,Farm-to-Market Roads,,,,,Concreting Of Brgy. Tandul FMR,Tandul,,15000.00,1.00,direct municipality row,Concreting Of Brgy. Tandul FMR
isabela_3.xlsx,FMR,Isabela,III,Ramon,2025,Farm-to-Market Roads,,,,,Concreting Of Brgy. Villa Beltran To Purok Ni Bulan FMR,Villa Beltran,,15000.00,1.00,direct municipality row,Concreting Of Brgy. Villa Beltran To Purok Ni Bulan FMR
isabela_3.xlsx,FMR,Isabela,III,San Mateo,2025,Farm-to-Market Roads,,,,,Concreting Of Barangay IV & Brgy. Bacareña FMR,IV & Bacareña,,15000.00,1.00,direct municipality row,Concreting Of Barangay IV & Brgy. Bacareña FMR
isabela_3.xlsx,FMR,Isabela,III,Alicia,2025,Farm-to-Market Roads,,,,,Concreting Of Brgy San Juan To Pacac FMR,San Juan,,18900.00,1.26,direct municipality row,Concreting Of Brgy San Juan To Pacac FMR
isabela_3.xlsx,FMR,Isabela,III,Alicia,2025,Farm-to-Market Roads,,,,,"Concreting of Purok 4-7, Bagnos, Brgy. Bagnos, Alicia, Isabela","Purok 4-7, Bagnos",,15000.00,1.00,direct municipality row,"Concreting of Purok 4-7, Bagnos, Brgy. Bagnos, Alicia, Isabela"
isabela_3.xlsx,FMR,Isabela,III,Alicia,2025,Farm-to-Market Roads,,,,,Concreting of Brgy.Bagnos- Bagong Sikat FMR,Bagnos- Bagong Sikat,,10000.00,0.67,direct municipality row,Concreting of Brgy.Bagnos- Bagong Sikat FMR
isabela_3.xlsx,FMR,Isabela,III,Alicia,2025,Farm-to-Market Roads,,,,,Concreting of Brgy. Linglingay- Brgy. Paddad FMR,Linglingay- Paddad,,10000.00,0.67,direct municipality row,Concreting of Brgy. Linglingay- Brgy. Paddad FMR
isabela_3.xlsx,FMR,Isabela,III,Ramon,2025,Farm-to-Market Roads,,,,,Concreting of Bugalion Proper Norte-Burgos FMR,Bugalion Proper Norte-Burgos,,15000.00,1.00,direct municipality row,Concreting of Bugalion Proper Norte-Burgos FMR
isabela_3.xlsx,FMR,Isabela,III,Ramon,2025,Farm-to-Market Roads,,,,,Concreting of Brgy. Pagrang-ayan FMR,Pagrang- ayan,,10000.00,0.67,direct municipality row,Concreting of Brgy. Pagrang-ayan FMR
isabela_3.xlsx,FMR,Isabela,III,Alicia,2025,Farm-to-Market Roads,,,,,"Concreting of Purok 4-7, Bagnos FMR , Brgy. Bagnos, Alicia, Isabela","Purok 4-7, Bagnos. Bagnos",,15000.00,1.00,direct municipality row,"Concreting of Purok 4-7, Bagnos FMR , Brgy. Bagnos, Alicia, Isabela"
isabela_3.xlsx,FMR,Isabela,III,Alicia,2025,Farm-to-Market Roads,,,,,"Concreting of Brgy.Bagnos- Bagong Sikat FMR, Brgy. Bagnos- Brgy. Bagong Sikat, Alicia, Isabela",Bagnos- Bagong Sikat,,10000.00,0.67,direct municipality row,"Concreting of Brgy.Bagnos- Bagong Sikat FMR, Brgy. Bagnos- Brgy. Bagong Sikat, Alicia, Isabela"
isabela_3.xlsx,FMR,Isabela,III,Alicia,2025,Farm-to-Market Roads,,,,,"Concreting of Brgy. Linglingay- Brgy. Paddad FMR, Brgy. Linglingay- Brgy. Paddad, Alicia, Isabela",Linglingay- Paddad,,10000.00,0.67,direct municipality row,"Concreting of Brgy. Linglingay- Brgy. Paddad FMR, Brgy. Linglingay- Brgy. Paddad, Alicia, Isabela"
isabela_3.xlsx,FMR,Isabela,III,Ramon,2025,Farm-to-Market Roads,,,,,"Concreting of Bugalion Proper Norte-Burgos FMR, Brgy. Bugalion Proper Norte-Burgos, Ramon, Isabela",Bugalion Proper Norte-Burgos,,15000.00,1.00,direct municipality row,"Concreting of Bugalion Proper Norte-Burgos FMR, Brgy. Bugalion Proper Norte-Burgos, Ramon, Isabela"
isabela_3.xlsx,FMR,Isabela,III,Ramon,2025,Farm-to-Market Roads,,,,,"Concreting of Brgy. Pagrang-ayan FMR, Brgy. Pagrang- ayan, Ramon, Isabela",Pagrang- ayan,,10000.00,0.67,direct municipality row,"Concreting of Brgy. Pagrang-ayan FMR, Brgy. Pagrang- ayan, Ramon, Isabela"
isabela_3.xlsx,FMR,Isabela,III,Ramon,2026,Farm-to-Market Roads,,,,,"Concreting of Bugalion Proper Norte-Burgos FMR, Brgy. Bugalion Proper Norte-Burgos, Ramon, Isabela",Bugalion Proper Norte-Burgos,,15000.00,1.00,direct municipality row,"Concreting of Bugalion Proper Norte-Burgos FMR, Brgy. Bugalion Proper Norte-Burgos, Ramon, Isabela"
isabela_3.xlsx,FMR,Isabela,III,Alicia,2026,Farm-to-Market Roads,,,,,"Concreting of Purok 4-7, Bagnos FMR, Brgy. Bagnos, Alicia, Isabela",Bagnos,,15000.00,1.00,direct municipality row,"Concreting of Purok 4-7, Bagnos FMR, Brgy. Bagnos, Alicia, Isabela"
isabela_3.xlsx,FMR,Isabela,III,Angadanan,2026,Farm-to-Market Roads,,,,,"Concreting of Malasin FMR, Brgy. Malasin, Angadanan, Isabela",Malasin,,15000.00,1.00,direct municipality row,"Concreting of Malasin FMR, Brgy. Malasin, Angadanan, Isabela"
isabela_3.xlsx,FMR,Isabela,III,San Mateo,2026,Farm-to-Market Roads,,,,,"Concreting of Brgy. IV & Brgy. Bacareña FMR, Brgy. IV & Brgy. Bacareña, San Mateo, Isabela",Bacareña,,15000.00,1.00,direct municipality row,"Concreting of Brgy. IV & Brgy. Bacareña FMR, Brgy. IV & Brgy. Bacareña, San Mateo, Isabela"
isabela_3.xlsx,FMR,Isabela,III,San Mateo,2026,Farm-to-Market Roads,,,,,"Concreting of San Roque FMR, Brgy. San Roque, San Mateo, Isabela",San Roque,,15000.00,1.00,direct municipality row,"Concreting of San Roque FMR, Brgy. San Roque, San Mateo, Isabela"
isabela_3.xlsx,FMR,Isabela,III,Alicia,2026,Farm-to-Market Roads,,,,,"Concreting of Brgy. Aurora to Callao FMR, Brgy. Aurora, Alicia, Isabela",Aurora,,15000.00,1.00,direct municipality row,"Concreting of Brgy. Aurora to Callao FMR, Brgy. Aurora, Alicia, Isabela"
isabela_3.xlsx,FMR,Isabela,III,Alicia,2026,Farm-to-Market Roads,,,,,"Concreting of Brgy. Villa Santiago-Brgy. Santo Domingo FMR, Brgy. Santo Domingo, Alicia, Isabela",Villa Santiago-Santo Domingo,,15000.00,1.00,direct municipality row,"Concreting of Brgy. Villa Santiago-Brgy. Santo Domingo FMR, Brgy. Santo Domingo, Alicia, Isabela"
isabela_3.xlsx,FMR,Isabela,III,Alicia,2026,Farm-to-Market Roads,,,,,"Concreting of Brgy. Rizal (Zone 1) FMR, Brgy. Rizal, Alicia, Isabela",Rizal,,15000.00,1.00,direct municipality row,"Concreting of Brgy. Rizal (Zone 1) FMR, Brgy. Rizal, Alicia, Isabela"
isabela_3.xlsx,FMR,Isabela,III,Angadanan,2026,Farm-to-Market Roads,,,,,"Concreting of Brgy. La Suerte FMR, Brgy. La Suerte, Angadanan, Isabela",La Suerte,,15000.00,1.00,direct municipality row,"Concreting of Brgy. La Suerte FMR, Brgy. La Suerte, Angadanan, Isabela"
isabela_3.xlsx,FMR,Isabela,III,Ramon,2026,Farm-to-Market Roads,,,,,"Concreting of Brgy. Bugalion Proper - Brgy. Burgos FMR Phase II, Brgy. Bugalion Proper and Brgy. Burgos, Ramon, Isabela",Bugalion Proper-Burgos,,15000.00,1.00,direct municipality row,"Concreting of Brgy. Bugalion Proper - Brgy. Burgos FMR Phase II, Brgy. Bugalion Proper and Brgy. Burgos, Ramon, Isabela"
isabela_3.xlsx,FMR,Isabela,III,Ramon,2026,Farm-to-Market Roads,,,,,"Concreting/Rehabilitation of Brgy. Bugallon Norte FMR, Brgy. Bugallon Norte, Ramon, Isabela",Bugallon Norte,,20000.00,1.33,direct municipality row,"Concreting/Rehabilitation of Brgy. Bugallon Norte FMR, Brgy. Bugallon Norte, Ramon, Isabela"
isabela_3.xlsx,FMR,Isabela,III,Ramon,2026,Farm-to-Market Roads,,,,,"Concreting of Brgy. Bugallon Proper to Brgy. Burgos FMR Phase II, Brgy. Bugallon Proper and Brgy. Burgos, Ramon, Isabela",Bugallon Proper-Burgos,,30000.00,2.00,direct municipality row,"Concreting of Brgy. Bugallon Proper to Brgy. Burgos FMR Phase II, Brgy. Bugallon Proper and Brgy. Burgos, Ramon, Isabela"
isabela_3.xlsx,FMR,Isabela,III,San Mateo,2026,Farm-to-Market Roads,,,,,"Construction Brgy. Salinungan West FMR, Brgy. Salinungan West, San Mateo, Isabela",Salinungan West,,15000.00,1.00,direct municipality row,"Construction Brgy. Salinungan West FMR, Brgy. Salinungan West, San Mateo, Isabela"
isabela_3.xlsx,FMR,Isabela,III,San Mateo,2027,Farm-to-Market Roads,,,,,"Concreting of Gaddanan FMR, Brgy. Gaddanan, San Mateo, Isabela",Gaddanan,,22500.00,1.50,direct municipality row,"Concreting of Gaddanan FMR, Brgy. Gaddanan, San Mateo, Isabela"
isabela_3.xlsx,FMR,Isabela,III,Ramon,2027,Farm-to-Market Roads,,,,,"Concreting of Brgy. Villa Marcos FMR, Brgy. Villa Marcos, Ramon, Isabela",Villa Marcos,,18000.00,1.20,direct municipality row,"Concreting of Brgy. Villa Marcos FMR, Brgy. Villa Marcos, Ramon, Isabela"
isabela_3.xlsx,FMR,Isabela,III,Cabatuan,2027,Farm-to-Market Roads,,,,,"Concreting of Purok Ubbog, Brgy. Paraiso to Purok 2, Brgy. Magdalena FMR, Brgy. Paraiso and Brgy. Magdalena, Cabatuan, Isabela","Paraiso, Magdalena",,15000.00,1.00,direct municipality row,"Concreting of Purok Ubbog, Brgy. Paraiso to Purok 2, Brgy. Magdalena FMR, Brgy. Paraiso and Brgy. Magdalena, Cabatuan, Isabela"
isabela_3.xlsx,FMR,Isabela,III,Alicia,2027,Farm-to-Market Roads,,,,,"Concreting of Spanish Road Brgy. Linglingay FMR, Brgy. Linglingay, Alicia, Isabela",Linglingay,,15000.00,1.00,direct municipality row,"Concreting of Spanish Road Brgy. Linglingay FMR, Brgy. Linglingay, Alicia, Isabela"
isabela_3.xlsx,FMR,Isabela,III,Alicia,2027,Farm-to-Market Roads,,,,,"Concreting of Sto. Domingo to Salvacion FMR, Brgy. Sto. Domingo to Brgy. Salvacion, Alicia, Isabela",Sto. Domingo to Salvacion,,15000.00,1.00,direct municipality row,"Concreting of Sto. Domingo to Salvacion FMR, Brgy. Sto. Domingo to Brgy. Salvacion, Alicia, Isabela"
isabela_3.xlsx,FMR,Isabela,III,Ramon,2027,Farm-to-Market Roads,,,,,"Concreting of Brgy. Oscariz FMR, Brgy. Oscariz, Ramon, Isabela",Oscariz,,18000.00,1.20,direct municipality row,"Concreting of Brgy. Oscariz FMR, Brgy. Oscariz, Ramon, Isabela"
isabela_3.xlsx,FMR,Isabela,III,Cabatuan,2027,Farm-to-Market Roads,,,,,"Concreting of San Andres-Saranay FMR, Brgy. San Andres and Brgy. Saranay, Cabatuan, Isabela",San Andres-Saranay,,15000.00,1.00,direct municipality row,"Concreting of San Andres-Saranay FMR, Brgy. San Andres and Brgy. Saranay, Cabatuan, Isabela"
isabela_3.xlsx,FMR,Isabela,III,San Mateo,2027,Farm-to-Market Roads,,,,,"Concreting of San Roque FMR, Brgy. San Roque, San Mateo, Isabela",San Roque,,21500.00,1.50,direct municipality row,"Concreting of San Roque FMR, Brgy. San Roque, San Mateo, Isabela"
isabela_3.xlsx,FMR,Isabela,III,Cabatuan,2027,Farm-to-Market Roads,,,,,"Concreting of Brgy Namnama to La Paz FMR, Brgy. Namnama and Brgy. La Paz, Cabatuan, Isabela",Namnama and La Paz,,15000.00,1.00,direct municipality row,"Concreting of Brgy Namnama to La Paz FMR, Brgy. Namnama and Brgy. La Paz, Cabatuan, Isabela"
isabela_3.xlsx,FMR,Isabela,III,Alicia,2027,Farm-to-Market Roads,,,,,"Concreting of Sto. Domingo to Salvacion FMR, Brgy. Sto. Domingo and Brgy. Salvacion, Alicia, Isabela",Sto. Domingo to Salvacion,,15000.00,1.00,direct municipality row,"Concreting of Sto. Domingo to Salvacion FMR, Brgy. Sto. Domingo and Brgy. Salvacion, Alicia, Isabela"
isabela_3.xlsx,FMR,Isabela,III,Angadanan,2027,Farm-to-Market Roads,,,,,"Concreting of Malasin FMR, Brgy. Malasin, Angadanan, Isabela",Malasin,,36000.00,2.40,direct municipality row,"Concreting of Malasin FMR, Brgy. Malasin, Angadanan, Isabela"
isabela_3.xlsx,FMR,Isabela,III,San Mateo,2027,Farm-to-Market Roads,,,,,"Concreting of Purok 6 to Purok 7, Brgy. Malasin FMR, Brgy. Malasin, San Mateo, Isabela",Malasin,,16500.00,1.10,direct municipality row,"Concreting of Purok 6 to Purok 7, Brgy. Malasin FMR, Brgy. Malasin, San Mateo, Isabela"
isabela_3.xlsx,FMR,Isabela,III,San Mateo,2027,Farm-to-Market Roads,,,,,"Concreting of Purok 1 to Purok 4, Brgy. Malasin FMR, Brgy. Malasin, San Mateo, Isabela",Malasin,,15000.00,1.00,direct municipality row,"Concreting of Purok 1 to Purok 4, Brgy. Malasin FMR, Brgy. Malasin, San Mateo, Isabela"
isabela_3.xlsx,FMR,Isabela,III,San Mateo,2027,Farm-to-Market Roads,,,,,"Concreting of Brgy. Victoria FMR, Brgy. Victoria, San Mateo, Isabela",Victoria,,15000.00,1.00,direct municipality row,"Concreting of Brgy. Victoria FMR, Brgy. Victoria, San Mateo, Isabela"
isabela_3.xlsx,FMR,Isabela,III,San Mateo,2027,Farm-to-Market Roads,,,,,"Concreting of Brgy. Victoria-Brgy. Villa Cruz FMR, Brgy. Victoria and Brgy. Villa Cruz, San Mateo, Isabela",Victoria and Villa Cruz,,15000.00,1.00,direct municipality row,"Concreting of Brgy. Victoria-Brgy. Villa Cruz FMR, Brgy. Victoria and Brgy. Villa Cruz, San Mateo, Isabela"
isabela_3.xlsx,FMR,Isabela,III,Ramon,2027,Farm-to-Market Roads,,,,,"Concreting of Brgy. Burgos-Ambatali FMR, Brgy. Burgos and Brgy. Ambatali, Ramon, Isabela","Burgos, Ambatali",,21150.00,1.41,direct municipality row,"Concreting of Brgy. Burgos-Ambatali FMR, Brgy. Burgos and Brgy. Ambatali, Ramon, Isabela"
isabela_3.xlsx,FMR,Isabela,III,Ramon,2027,Farm-to-Market Roads,,,,,"Concreting of Brgy. Villa Carmen FMR, Brgy. Villa Carmen, Ramon, Isabela",Villa Carmen,,24900.00,1.66,direct municipality row,"Concreting of Brgy. Villa Carmen FMR, Brgy. Villa Carmen, Ramon, Isabela"
isabela_3.xlsx,FMR,Isabela,III,Ramon,2027,Farm-to-Market Roads,,,,,"Concreting of Brgy. Villa Beltran FMR, Brgy. Villa Beltran, Ramon, Isabela",Villa Beltran,,32250.00,2.15,direct municipality row,"Concreting of Brgy. Villa Beltran FMR, Brgy. Villa Beltran, Ramon, Isabela"
isabela_3.xlsx,FMR,Isabela,III,Ramon,2027,Farm-to-Market Roads,,,,,"Concreting of Brgy. Pagrang-ayan FMR, Brgy. Pagrang-ayan, Ramon, Isabela",Pagrang-ayan,,20850.00,1.39,direct municipality row,"Concreting of Brgy. Pagrang-ayan FMR, Brgy. Pagrang-ayan, Ramon, Isabela"
isabela_3.xlsx,PRDP,Isabela,III,Ramon,2027,PRDP,,,,,Rehabilitation of Bugallon Proper-Villa Carmen-San Antonio Farm to Market Road (FMR),"Bugallon Proper, Bugallon Norte, Pagrang-ayan, San Antonio, San Miguel, Villa Carmen",,117612.65,12.06,direct municipality row,Rehabilitation of Bugallon Proper-Villa Carmen-San Antonio Farm to Market Road (FMR)
isabela_3.xlsx,PRDP,Isabela,III,Alicia,2027,PRDP,,,,,Rehabilitation/Improvement of M.H. Del Pilar - Salvacion Farm to Market Road,"M.H. Del Pilar, San Francisco, San Juan, Amistad, Sto. Domingo, Salvacion",,215332.13,12.78,direct municipality row,Rehabilitation/Improvement of M.H. Del Pilar - Salvacion Farm to Market Road
isabela_3.xlsx,PRDP,Isabela,III,Ramon,2027,PRDP,,,,,Rehabilitation of Oscariz-Burgos-Purok Ni Bulan-Pabil FMR,"Bugallon Proper, Bugallon Norte, Burgos, Pabil, San Sebastian, Villa Beltran",,188368.00,11.58,direct municipality row,Rehabilitation of Oscariz-Burgos-Purok Ni Bulan-Pabil FMR
isabela_4.xlsx,FMR,Isabela,IV,Jones,2025,Farm-to-Market Roads,,,,,"Concreting of Limmubong Papan Este FMR, Brgy. Limmubong, Papan Este, Jones, Isabela","Limmubong, Papan Este",,15000.00,1.00,direct municipality row,"Concreting of Limmubong Papan Este FMR, Brgy. Limmubong, Papan Este, Jones, Isabela"
isabela_4.xlsx,FMR,Isabela,IV,Jones,2025,Farm-to-Market Roads,,,,,"Concreting of Dalibubon- Payac FMR, Brgy. Dalibubon, Jones, Isabela",Dalibubon- Payac,,10000.00,0.67,direct municipality row,"Concreting of Dalibubon- Payac FMR, Brgy. Dalibubon, Jones, Isabela"
isabela_4.xlsx,FMR,Isabela,IV,City of Santiago,2025,Farm-to-Market Roads,,,,,"Concreting of Gawad Kalinga -Lopez Street, Rizal FMR,Gawad Kalinga -Lopez Street, Brgy. Rizal, Santiago City, Isabela","Gawad Kalinga -Lopez Street, Rizal",,15000.00,1.00,direct municipality row,"Concreting of Gawad Kalinga -Lopez Street, Rizal FMR,Gawad Kalinga -Lopez Street, Brgy. Rizal, Santiago City, Isabela"
isabela_4.xlsx,FMR,Isabela,IV,City of Santiago,2025,Farm-to-Market Roads,,,,,"Concreting of Provincial Road Rizal - Salvacion Road, San Jose-Sta. Rosa FMR, Brgy. San Jose - Sta. Rosa , Santiago City, Isabela","Provincial Road Rizal - Salvacion Road, San Jose-Sta. Rosa",,20000.00,1.33,direct municipality row,"Concreting of Provincial Road Rizal - Salvacion Road, San Jose-Sta. Rosa FMR, Brgy. San Jose - Sta. Rosa , Santiago City, Isabela"
isabela_4.xlsx,FMR,Isabela,IV,City of Santiago,2025,Farm-to-Market Roads,,,,,"Concreting of Nabbuan- Sinili FMR, Brgy. Nabbuan and Brgy. Sinili, Santiago City, Isabela",Nabbuan- Sinili,,21000.00,1.40,direct municipality row,"Concreting of Nabbuan- Sinili FMR, Brgy. Nabbuan and Brgy. Sinili, Santiago City, Isabela"
isabela_4.xlsx,FMR,Isabela,IV,Cordon,2025,Farm-to-Market Roads,,,,,"Concreting of Purok 1 & 2 , Cadaanan Road, Brgy. Malapat FMR, Brgy. Malapat, Cordon, Isabela","Purok 1 & 2 , Cadaanan Road, Malapat",,10000.00,0.67,direct municipality row,"Concreting of Purok 1 & 2 , Cadaanan Road, Brgy. Malapat FMR, Brgy. Malapat, Cordon, Isabela"
isabela_4.xlsx,FMR,Isabela,IV,Cordon,2025,Farm-to-Market Roads,,,,,"Concreting of Brgy. Dallao FMR, Brgy. Dallao, Cordon, Isabela",Dallao,,20000.00,1.33,direct municipality row,"Concreting of Brgy. Dallao FMR, Brgy. Dallao, Cordon, Isabela"
isabela_4.xlsx,FMR,Isabela,IV,Jones,2026,Farm-to-Market Roads,,,,,"Concreting of Dipangit FMR, Brgy. Dipangit, Jones, Isabela",Dipangit,,15000.00,1.00,direct municipality row,"Concreting of Dipangit FMR, Brgy. Dipangit, Jones, Isabela"
isabela_4.xlsx,FMR,Isabela,IV,Jones,2026,Farm-to-Market Roads,,,,,"Concreting ofLimmubong, Papan Este FMR, Brgy. Limmubong, Papan Este, Jones, Isabela","Limmubong, Papan Este",,15000.00,1.00,direct municipality row,"Concreting ofLimmubong, Papan Este FMR, Brgy. Limmubong, Papan Este, Jones, Isabela"
isabela_4.xlsx,FMR,Isabela,IV,Cordon,2026,Farm-to-Market Roads,,,,,"Concreting of Malapat FMR, Brgy. Malapat, Cordon, Isabela",Malapat,,15000.00,1.00,direct municipality row,"Concreting of Malapat FMR, Brgy. Malapat, Cordon, Isabela"
isabela_4.xlsx,FMR,Isabela,IV,City of Santiago,2026,Farm-to-Market Roads,,,,,"Concreting of Rizal-Villa Marcos FMR, Brgy. Rizal-Villa Marcos, Santiago City, Isabela",Rizal-Villa Marcos,,15000.00,1.00,direct municipality row,"Concreting of Rizal-Villa Marcos FMR, Brgy. Rizal-Villa Marcos, Santiago City, Isabela"
isabela_4.xlsx,FMR,Isabela,IV,San Agustin,2026,Farm-to-Market Roads,,,,,"Concreting of Masaya Centro FMR, Brgy. Masaya Centro, San Agustin, Isabela",Masaya Centro,,15000.00,1.00,direct municipality row,"Concreting of Masaya Centro FMR, Brgy. Masaya Centro, San Agustin, Isabela"
isabela_4.xlsx,FMR,Isabela,IV,Jones,2026,Farm-to-Market Roads,,,,,"Concreting of Brgy. Lacab FMR, Brgy. Lacab, Jones, Isabela",Lacab,,15000.00,1.00,direct municipality row,"Concreting of Brgy. Lacab FMR, Brgy. Lacab, Jones, Isabela"
isabela_4.xlsx,FMR,Isabela,IV,Cordon,2026,Farm-to-Market Roads,,,,,"Concreting of Brgy. Aguinaldo FMR, Brgy. Aguinaldo, Cordon, Isabela",Aguinaldo,,8600.00,0.57,direct municipality row,"Concreting of Brgy. Aguinaldo FMR, Brgy. Aguinaldo, Cordon, Isabela"
isabela_4.xlsx,FMR,Isabela,IV,Cordon,2026,Farm-to-Market Roads,,,,,"Concreting of Brgy. Dallao FMR, Brgy. Dallao, Cordon, Isabela",Dallao,,8600.00,0.57,direct municipality row,"Concreting of Brgy. Dallao FMR, Brgy. Dallao, Cordon, Isabela"
isabela_4.xlsx,FMR,Isabela,IV,Cordon,2026,Farm-to-Market Roads,,,,,"Concreting of Brgy. Wigan FMR, Brgy. Wigan, Cordon, Isabela",Wigan,,25000.00,1.67,direct municipality row,"Concreting of Brgy. Wigan FMR, Brgy. Wigan, Cordon, Isabela"
isabela_4.xlsx,FMR,Isabela,IV,Cordon,2026,Farm-to-Market Roads,,,,,"Concreting of Brgy. Villa Marso FMR, Cordon, Isabela",Villa Marso,,15000.00,1.00,direct municipality row,"Concreting of Brgy. Villa Marso FMR, Cordon, Isabela"
isabela_4.xlsx,FMR,Isabela,IV,Cordon,2026,Farm-to-Market Roads,,,,,"Concreting of Sitio Gawed, Brgy. Anonang FMR, Brgy. Anonang, Cordon, Isabela",Anonang,,15000.00,1.00,direct municipality row,"Concreting of Sitio Gawed, Brgy. Anonang FMR, Brgy. Anonang, Cordon, Isabela"
isabela_4.xlsx,FMR,Isabela,IV,Cordon,2026,Farm-to-Market Roads,,,,,"Concreting of Brgy. Malapat FMR Phase I, Brgy. Malapat, Cordon, Isabela",Malapat,,20000.00,1.33,direct municipality row,"Concreting of Brgy. Malapat FMR Phase I, Brgy. Malapat, Cordon, Isabela"
isabela_4.xlsx,FMR,Isabela,IV,Jones,2026,Farm-to-Market Roads,,,,,"Concreting of Brgy. Limmubong, Papan Este FMR Phase II, Brgy. Limmubong, Papan Este, Jones, Isabela",Limmubong-Papan Este,,15000.00,1.00,direct municipality row,"Concreting of Brgy. Limmubong, Papan Este FMR Phase II, Brgy. Limmubong, Papan Este, Jones, Isabela"
isabela_4.xlsx,FMR,Isabela,IV,Jones,2026,Farm-to-Market Roads,,,,,"Concreting of Brgy. Dipangit FMR, Brgy. Dipangit, Jones, Isabela",Dipangit,,15000.00,1.00,direct municipality row,"Concreting of Brgy. Dipangit FMR, Brgy. Dipangit, Jones, Isabela"
isabela_4.xlsx,FMR,Isabela,IV,Jones,2026,Farm-to-Market Roads,,,,,"Concreting of Brgy. Dumawing FMR, Brgy. Dumawing, Jones, Isabela",Dumawing,,9000.00,0.60,direct municipality row,"Concreting of Brgy. Dumawing FMR, Brgy. Dumawing, Jones, Isabela"
isabela_4.xlsx,FMR,Isabela,IV,Jones,2026,Farm-to-Market Roads,,,,,"Concreting of Brgy. Diarao FMR Phase II, Brgy. Diarao, Jones, Isabela",Diarao,,10000.00,0.67,direct municipality row,"Concreting of Brgy. Diarao FMR Phase II, Brgy. Diarao, Jones, Isabela"
isabela_4.xlsx,FMR,Isabela,IV,Jones,2026,Farm-to-Market Roads,,,,,"Concreting of Brgy. Limmubong, Papan Este FMR Phase III, Brgy. Limmubong, Papan Este, Jones, Isabela",Limmubong-Papan Este,,15000.00,1.00,direct municipality row,"Concreting of Brgy. Limmubong, Papan Este FMR Phase III, Brgy. Limmubong, Papan Este, Jones, Isabela"
isabela_4.xlsx,FMR,Isabela,IV,Jones,2026,Farm-to-Market Roads,,,,,"Concreting of Brgy. Minuri FMR, Brgy. Minuri , Jones, Isabela",Minuri,,8600.00,0.57,direct municipality row,"Concreting of Brgy. Minuri FMR, Brgy. Minuri , Jones, Isabela"
isabela_4.xlsx,FMR,Isabela,IV,Jones,2026,Farm-to-Market Roads,,,,,"Concreting of Brgy. San Isidro FMR, Brgy. San Isidro, Jones, Isabela",San Isidro,,8600.00,0.57,direct municipality row,"Concreting of Brgy. San Isidro FMR, Brgy. San Isidro, Jones, Isabela"
isabela_4.xlsx,FMR,Isabela,IV,Jones,2026,Farm-to-Market Roads,,,,,"Concreting of Brgy. Abulan FMR, Brgy. Abulan, Jones, Isabela",Abulan,,8600.00,0.57,direct municipality row,"Concreting of Brgy. Abulan FMR, Brgy. Abulan, Jones, Isabela"
isabela_4.xlsx,FMR,Isabela,IV,Jones,2026,Farm-to-Market Roads,,,,,"Concreting of Brgy. Malannit FMR Phase III, Brgy. Malannit, Jones, Isabela",Malannit,,10000.00,0.67,direct municipality row,"Concreting of Brgy. Malannit FMR Phase III, Brgy. Malannit, Jones, Isabela"
isabela_4.xlsx,FMR,Isabela,IV,Jones,2026,Farm-to-Market Roads,,,,,"Concreting of Brgy. Diarao FMR, Brgy. Diarao, Jones, Isabela",Diarao,,16500.00,1.10,direct municipality row,"Concreting of Brgy. Diarao FMR, Brgy. Diarao, Jones, Isabela"
isabela_4.xlsx,FMR,Isabela,IV,Jones,2026,Farm-to-Market Roads,,,,,"Concreting of Brgy. Poblacion-Brgy. Lacab FMR, Brgy. Poblacion to Brgy. Lacab, Jones, Isabela",Poblacion-Lacab,,25500.00,1.70,direct municipality row,"Concreting of Brgy. Poblacion-Brgy. Lacab FMR, Brgy. Poblacion to Brgy. Lacab, Jones, Isabela"
isabela_4.xlsx,FMR,Isabela,IV,Jones,2026,Farm-to-Market Roads,,,,,"Concreting of Divinan FMR Phase I, Brgy. Divinan, Jones, Isabela",Divinan,,15000.00,1.00,direct municipality row,"Concreting of Divinan FMR Phase I, Brgy. Divinan, Jones, Isabela"
isabela_4.xlsx,FMR,Isabela,IV,Jones,2026,Farm-to-Market Roads,,,,,"Concreting of Brgy. Dibuluan-Brgy. Papan Weste FMR, Brgy. Dibuluan and Brgy. Papan Weste, Jones, Isabela",Dibuluan-Papan Weste,,30000.00,2.00,direct municipality row,"Concreting of Brgy. Dibuluan-Brgy. Papan Weste FMR, Brgy. Dibuluan and Brgy. Papan Weste, Jones, Isabela"
isabela_4.xlsx,FMR,Isabela,IV,Jones,2026,Farm-to-Market Roads,,,,,"Concreting of Brgy. Malannit to Brgy. Pongpongan FMR, Brgy. Malannit and Brgy. Pongpongan, Jones, Isabela",Malannit-Pongpongan,,15000.00,1.00,direct municipality row,"Concreting of Brgy. Malannit to Brgy. Pongpongan FMR, Brgy. Malannit and Brgy. Pongpongan, Jones, Isabela"
isabela_4.xlsx,FMR,Isabela,IV,Jones,2026,Farm-to-Market Roads,,,,,"Concreting of Brgy. Usol FMR, Jones, Isabela",Usol,,20000.00,1.33,direct municipality row,"Concreting of Brgy. Usol FMR, Jones, Isabela"
isabela_4.xlsx,FMR,Isabela,IV,San Agustin,2026,Farm-to-Market Roads,,,,,"Concreting of Brgy. Masaya Norte FMR, Brgy. Masaya Norte, San Agustin, Isabela",Masaya Norte,,10000.00,0.67,direct municipality row,"Concreting of Brgy. Masaya Norte FMR, Brgy. Masaya Norte, San Agustin, Isabela"
isabela_4.xlsx,FMR,Isabela,IV,San Agustin,2026,Farm-to-Market Roads,,,,,"Concreting of Brgy. Nemmatan FMR, Brgy. Nemmatan, San Agustin, Isabela",Nemmatan,,10000.00,0.67,direct municipality row,"Concreting of Brgy. Nemmatan FMR, Brgy. Nemmatan, San Agustin, Isabela"
isabela_4.xlsx,FMR,Isabela,IV,City of Santiago,2026,Farm-to-Market Roads,,,,,"Concreting of Brgy. San Jose-Brgy. Luna FMR, Brgy. San Jose and Brgy. Luna, Santiago City, Isabela",San Jose-Luna,,15000.00,1.00,direct municipality row,"Concreting of Brgy. San Jose-Brgy. Luna FMR, Brgy. San Jose and Brgy. Luna, Santiago City, Isabela"
isabela_4.xlsx,FMR,Isabela,IV,City of Santiago,2026,Farm-to-Market Roads,,,,,"Concreting of Brgy. Salvador FMR, Santiago City, Isabela",Salvador,,15000.00,1.00,direct municipality row,"Concreting of Brgy. Salvador FMR, Santiago City, Isabela"
isabela_4.xlsx,FMR,Isabela,IV,City of Santiago,2026,Farm-to-Market Roads,,,,,"Rehabilitation/Concreting of Purok Nieto FMR, Brgy. Batal, Santiago City, Isabela",Batal,,15000.00,1.00,direct municipality row,"Rehabilitation/Concreting of Purok Nieto FMR, Brgy. Batal, Santiago City, Isabela"
isabela_4.xlsx,FMR,Isabela,IV,City of Santiago,2026,Farm-to-Market Roads,,,,,"Concreting of Brgy. Salvador FMR Phase II, Santiago City, Isabela",Salvador,,15000.00,1.00,direct municipality row,"Concreting of Brgy. Salvador FMR Phase II, Santiago City, Isabela"
isabela_4.xlsx,FMR,Isabela,IV,City of Santiago,2026,Farm-to-Market Roads,,,,,"Concreting of Gunot Road, Rizal National Highschool Street-Lopez Street, Rizal FMR, Brgy. Rizal, Santiago City, Isabela",Rizal,,35000.00,2.33,direct municipality row,"Concreting of Gunot Road, Rizal National Highschool Street-Lopez Street, Rizal FMR, Brgy. Rizal, Santiago City, Isabela"
isabela_4.xlsx,FMR,Isabela,IV,City of Santiago,2026,Farm-to-Market Roads,,,,,"Concreting of Brgy. Rizal-Brgy. Salvador Road to Brgy. Rizal-Villa Marcos FMR, Brgy. Rizal, Santiago City, Isabela",Rizal,,18000.00,1.20,direct municipality row,"Concreting of Brgy. Rizal-Brgy. Salvador Road to Brgy. Rizal-Villa Marcos FMR, Brgy. Rizal, Santiago City, Isabela"
isabela_4.xlsx,FMR,Isabela,IV,Cordon,2027,Farm-to-Market Roads,,,,,"Concreting of Brgy. Gayong FMR, Brgy. Gayong, Cordon, Isabela",Gayong,,19500.00,1.30,direct municipality row,"Concreting of Brgy. Gayong FMR, Brgy. Gayong, Cordon, Isabela"
isabela_4.xlsx,FMR,Isabela,IV,City of Santiago,2027,Farm-to-Market Roads,,,,,"Concreting of Quirat Road-Lachica Street, Rizal FMR, Brgy. Rizal, Santiago City, Isabela",Rizal,,22500.00,1.50,direct municipality row,"Concreting of Quirat Road-Lachica Street, Rizal FMR, Brgy. Rizal, Santiago City, Isabela"
isabela_4.xlsx,FMR,Isabela,IV,San Agustin,2027,Farm-to-Market Roads,,,,,"Concreting of Masaya Centro FMR, Brgy. Masaya Centro, San Agustin, Isabela",Masaya Centro,,18000.00,1.20,direct municipality row,"Concreting of Masaya Centro FMR, Brgy. Masaya Centro, San Agustin, Isabela"
isabela_4.xlsx,FMR,Isabela,IV,San Agustin,2027,Farm-to-Market Roads,,,,,"Concreting of Masaya Norte FMR, Brgy. Masaya Norte, San Agustin, Isabela",Masaya Norte,,18000.00,1.20,direct municipality row,"Concreting of Masaya Norte FMR, Brgy. Masaya Norte, San Agustin, Isabela"
isabela_4.xlsx,FMR,Isabela,IV,Cordon,2027,Farm-to-Market Roads,,,,,"Concreting of Brgy, Sagat FMR, Brgy. Sagat, Cordon, Isabela",Sagat,,19500.00,1.30,direct municipality row,"Concreting of Brgy, Sagat FMR, Brgy. Sagat, Cordon, Isabela"
isabela_4.xlsx,FMR,Isabela,IV,Cordon,2027,Farm-to-Market Roads,,,,,"Concreting of Brgy. Villa Miemban FMR, Brgy. Villa Miemban, Cordon, Isabela",Villa Miemban,,20000.00,1.40,direct municipality row,"Concreting of Brgy. Villa Miemban FMR, Brgy. Villa Miemban, Cordon, Isabela"
isabela_4.xlsx,FMR,Isabela,IV,San Agustin,2027,Farm-to-Market Roads,,,,,"Concreting of Nemmatan FMR, Brgy. Nemmatan, San Agustin, Isabela",Nemmatan,,15000.00,1.00,direct municipality row,"Concreting of Nemmatan FMR, Brgy. Nemmatan, San Agustin, Isabela"
isabela_4.xlsx,FMR,Isabela,IV,Cordon,2027,Farm-to-Market Roads,,,,,"Concreting of Turod Sur FMR, Brgy. Turod Sur, Cordon, Isabela",Turod Sur,,22500.00,1.50,direct municipality row,"Concreting of Turod Sur FMR, Brgy. Turod Sur, Cordon, Isabela"
isabela_4.xlsx,FMR,Isabela,IV,City of Santiago,2027,Farm-to-Market Roads,,,,,"Concreting of Tablada Street -Vallejo, Nabbuan FMR, Brgy. Nabbuan, Santiago City, Isabela",Tablada Street -Vallejo,,24750.00,1.65,direct municipality row,"Concreting of Tablada Street -Vallejo, Nabbuan FMR, Brgy. Nabbuan, Santiago City, Isabela"
isabela_4.xlsx,FMR,Isabela,IV,City of Santiago,2027,Farm-to-Market Roads,,,,,"Concreting of Brgy Salvador FMR, Brgy. Salvador, Santiago City, Isabela",Salvador,,15000.00,1.00,direct municipality row,"Concreting of Brgy Salvador FMR, Brgy. Salvador, Santiago City, Isabela"
isabela_4.xlsx,FMR,Isabela,IV,Cordon,2027,Farm-to-Market Roads,,,,,"Concreting of Gayong FMR, Brgy. Gayong, Cordon, Isabela",Gayong,,22500.00,1.50,direct municipality row,"Concreting of Gayong FMR, Brgy. Gayong, Cordon, Isabela"
isabela_4.xlsx,FMR,Isabela,IV,Cordon,2027,Farm-to-Market Roads,,,,,"Concreting of Brgy. Camarao FMR, Brgy. Camarao, Cordon, Isabela",Camarao,,20400.00,1.36,direct municipality row,"Concreting of Brgy. Camarao FMR, Brgy. Camarao, Cordon, Isabela"
isabela_4.xlsx,FMR,Isabela,IV,Jones,2027,Farm-to-Market Roads,,,,,"Rehabilitation/Concreting of Brgy Napaliong FMR, Brgy. Napaliong, Jones, Isabela",Napaliong,,23100.00,1.54,direct municipality row,"Rehabilitation/Concreting of Brgy Napaliong FMR, Brgy. Napaliong, Jones, Isabela"
isabela_4.xlsx,4Ks,Isabela,IV,Dinapigue,2027,4Ks,,,,,Upland Vegetables,no. of kg distributed,0.25,30.00,,remarks municipality split,Dinapigue           
isabela_4.xlsx,4Ks,Isabela,IV,Dinapigue,2027,4Ks,,,,,Lowland Vegetables,no. of kg distributed,13.70,74.17,,remarks municipality split,Dinapigue           
isabela_4.xlsx,4Ks,Isabela,IV,Dinapigue,2027,4Ks,,,,,Organic Fertilizer,no. of kg distributed,2000.00,20.00,,remarks municipality split,Dinapigue           
isabela_4.xlsx,4Ks,Isabela,IV,Dinapigue,2027,4Ks,,,,,Ube Planting Materials,no. of kg distributed,1000.00,300.00,,remarks municipality split,Dinapigue           
isabela_4.xlsx,4Ks,Isabela,IV,Dinapigue,2027,4Ks,,,,,d. Knapsack,No. of units,4.00,10.00,,remarks municipality split,Dinapigue           
isabela_4.xlsx,4Ks,Isabela,IV,Dinapigue,2027,4Ks,,,,,e. Grass Cutter,No. of units,1.00,25.00,,remarks municipality split,Dinapigue           
isabela_4.xlsx,4Ks,Isabela,IV,Dinapigue,2027,4Ks,,,,,h. Garden Tools,No. of pieces,34.00,30.40,,remarks municipality split,Dinapigue           
isabela_4.xlsx,PRDP,Isabela,IV,City of Santiago,2027,PRDP,,,,,Rehabilitation of Sinsayon-Cabulay Farm to Market Road,"Sinsayon, Cabulay",,131821.27,6.03,direct municipality row,Rehabilitation of Sinsayon-Cabulay Farm to Market Road
isabela_4.xlsx,PRDP,Isabela,IV,Cordon,2027,PRDP,,,,,Rehabilitation of Rizaluna-Camarao FMR,"Rizaluna, Camarao",,110000.00,4.60,direct municipality row,Rehabilitation of Rizaluna-Camarao FMR
isabela_4.xlsx,PRDP,Isabela,IV,Dinapigue,2027,PRDP,,,,,Construction of Dibulo-Digumased Potable Water System Level II,"Dibulo, Digumased",,52665.00,1181.00,direct municipality row,Construction of Dibulo-Digumased Potable Water System Level II
isabela_5.xlsx,FMR,Isabela,V,Mallig,2025,Farm-to-Market Roads,,,,,"Concreting of Holy Friday- Mananao FMR, Brgy. Holy Friday- Mananao, Mallig, Isabela",Holy Friday- Mananao,,15000.00,1.00,direct municipality row,"Concreting of Holy Friday- Mananao FMR, Brgy. Holy Friday- Mananao, Mallig, Isabela"
isabela_5.xlsx,FMR,Isabela,V,Mallig,2025,Farm-to-Market Roads,,,,,"Concreting of Maligaya- Rang Ayan FMR, Brgy. Maligaya- Rang Ayan, Mallig, Isabela",Maligaya- Rang Ayan,,15000.00,1.00,direct municipality row,"Concreting of Maligaya- Rang Ayan FMR, Brgy. Maligaya- Rang Ayan, Mallig, Isabela"
isabela_5.xlsx,FMR,Isabela,V,Roxas,2025,Farm-to-Market Roads,,,,,"Concreting of Sotero Nuesa FMR, Brgy. Sotero Nuesa, Roxas, Isabela",Sotero Nuesa,,10000.00,0.67,direct municipality row,"Concreting of Sotero Nuesa FMR, Brgy. Sotero Nuesa, Roxas, Isabela"
isabela_5.xlsx,FMR,Isabela,V,Burgos,2025,Farm-to-Market Roads,,,,,"Concreting of Brgy. Malasin - Caliguin FMR, Brgy. Malasin - Brgy. Caliguin , Burgos, Isabela",Malasin -Caliguin,,10000.00,0.67,direct municipality row,"Concreting of Brgy. Malasin - Caliguin FMR, Brgy. Malasin - Brgy. Caliguin , Burgos, Isabela"
isabela_5.xlsx,FMR,Isabela,V,Luna,2026,Farm-to-Market Roads,,,,,"Concreting of Brgy. Macañao-Luyao FMR, Brgy. Macañao-Luyao, Luna, Isabela",Macañao-Luyao,,15000.00,1.00,direct municipality row,"Concreting of Brgy. Macañao-Luyao FMR, Brgy. Macañao-Luyao, Luna, Isabela"
isabela_5.xlsx,FMR,Isabela,V,Luna,2026,Farm-to-Market Roads,,,,,"Concreting of Brgy. Dadap FMR, Brgy. Dadap, Luna, Isabela",Dadap,,15000.00,1.00,direct municipality row,"Concreting of Brgy. Dadap FMR, Brgy. Dadap, Luna, Isabela"
isabela_5.xlsx,FMR,Isabela,V,San Manuel,2026,Farm-to-Market Roads,,,,,"Concreting of Purok 5-Purok 4, Brgy. Eden, San Manuel, Isabela",Eden,,15000.00,1.00,direct municipality row,"Concreting of Purok 5-Purok 4, Brgy. Eden, San Manuel, Isabela"
isabela_5.xlsx,FMR,Isabela,V,San Manuel,2026,Farm-to-Market Roads,,,,,"Concreting of Sitio Danao-Sitio Lilagan FMR, Brgy. Cabaritan, San Manuel, Isabela",Cabaritan,,15000.00,1.00,direct municipality row,"Concreting of Sitio Danao-Sitio Lilagan FMR, Brgy. Cabaritan, San Manuel, Isabela"
isabela_5.xlsx,FMR,Isabela,V,San Manuel,2026,Farm-to-Market Roads,,,,,"Concreting of Brgy. San Manuel FMR, Brgy. San Manuel, Isabela",San Manuel,,15000.00,1.00,direct municipality row,"Concreting of Brgy. San Manuel FMR, Brgy. San Manuel, Isabela"
isabela_5.xlsx,FMR,Isabela,V,Mallig,2026,Farm-to-Market Roads,,,,,"Concreting of Maligaya-Rang Ayan FMR Phase 2, Brgy. Maligaya Rang-Ayan, Mallig, Isabela",Maligaya- Rang Ayan (Phase 2),,15000.00,1.00,direct municipality row,"Concreting of Maligaya-Rang Ayan FMR Phase 2, Brgy. Maligaya Rang-Ayan, Mallig, Isabela"
isabela_5.xlsx,FMR,Isabela,V,Quezon,2026,Farm-to-Market Roads,,,,,"Concreting of Brgy. Turod FMR Phase 2, Brgy. Turod, Quezon, Isabela",Turod,,15000.00,1.00,direct municipality row,"Concreting of Brgy. Turod FMR Phase 2, Brgy. Turod, Quezon, Isabela"
isabela_5.xlsx,FMR,Isabela,V,Aurora,2026,Farm-to-Market Roads,,,,,"Concreting of Brgy. Bagong Tanza-Brgy. San Rafael FMR, Brgy. Bagong Tanza and Brgy. San Rafael, Aurora, Isabela",Bagong Tanza and San Rafael,,22500.00,1.50,direct municipality row,"Concreting of Brgy. Bagong Tanza-Brgy. San Rafael FMR, Brgy. Bagong Tanza and Brgy. San Rafael, Aurora, Isabela"
isabela_5.xlsx,FMR,Isabela,V,Aurora,2026,Farm-to-Market Roads,,,,,"Concreting of Brgy. San Pedro-San Pablo-Brgy. Bagong Tanza FMR, Aurora, Isabela",San Pedro-San Pablo and Bagong Tanza,,20000.00,1.33,direct municipality row,"Concreting of Brgy. San Pedro-San Pablo-Brgy. Bagong Tanza FMR, Aurora, Isabela"
isabela_5.xlsx,FMR,Isabela,V,Luna,2026,Farm-to-Market Roads,,,,,"Concreting of Brgy. Dadap FMR, Brgy. Dadap, Luna, Isabela",Dadap,,15000.00,1.00,direct municipality row,"Concreting of Brgy. Dadap FMR, Brgy. Dadap, Luna, Isabela"
isabela_5.xlsx,FMR,Isabela,V,Luna,2026,Farm-to-Market Roads,,,,,"Concreting of Brgy. Macañao - Brgy. Luyao FMR, Brgy. Macañao and Brgy. Luyao, Luna, Isabela",Macañao and Luyao,,15000.00,1.00,direct municipality row,"Concreting of Brgy. Macañao - Brgy. Luyao FMR, Brgy. Macañao and Brgy. Luyao, Luna, Isabela"
isabela_5.xlsx,FMR,Isabela,V,Luna,2026,Farm-to-Market Roads,,,,,"Concreting of Brgy. Macañao to Brgy. Lalog FMR, Brgy. Macañao and Brgy. Lalog, Luna, Isabela",Macañao and Lalog,,17500.00,1.17,direct municipality row,"Concreting of Brgy. Macañao to Brgy. Lalog FMR, Brgy. Macañao and Brgy. Lalog, Luna, Isabela"
isabela_5.xlsx,FMR,Isabela,V,Luna,2026,Farm-to-Market Roads,,,,,"Concreting of. Brgy. San Miguel to. Brgy. Dadap FMR, Brgy. San Miguel and Brgy. Dadap Luna, Isabela",San Miguel and Dadap,,20000.00,1.33,direct municipality row,"Concreting of. Brgy. San Miguel to. Brgy. Dadap FMR, Brgy. San Miguel and Brgy. Dadap Luna, Isabela"
isabela_5.xlsx,FMR,Isabela,V,Luna,2026,Farm-to-Market Roads,,,,,"Concreting of Brgy. Luyao FMR, Brgy. Luyao, Luna, Isabela",Luyao,,30000.00,2.00,direct municipality row,"Concreting of Brgy. Luyao FMR, Brgy. Luyao, Luna, Isabela"
isabela_5.xlsx,FMR,Isabela,V,Luna,2026,Farm-to-Market Roads,,,,,"Concreting of Brgy. Bustamante to Brgy. Harana FMR, Brgy. Bustamante and Brgy.Harana, Luna, Isabela",Bustamante and Harana,,30000.00,2.00,direct municipality row,"Concreting of Brgy. Bustamante to Brgy. Harana FMR, Brgy. Bustamante and Brgy.Harana, Luna, Isabela"
isabela_5.xlsx,FMR,Isabela,V,Luna,2026,Farm-to-Market Roads,,,,,"Concreting of Brgy. Dadap to Brgy. Macañao FMR, Brgy. Dapdap, Luna, Isabela",Dapdap,,30000.00,2.00,direct municipality row,"Concreting of Brgy. Dadap to Brgy. Macañao FMR, Brgy. Dapdap, Luna, Isabela"
isabela_5.xlsx,FMR,Isabela,V,Luna,2026,Farm-to-Market Roads,,,,,"Concreting of Puroc-Centro 2 FMR, Brgy. Puroc, Luna, Isabela",Puroc,,15000.00,1.00,direct municipality row,"Concreting of Puroc-Centro 2 FMR, Brgy. Puroc, Luna, Isabela"
isabela_5.xlsx,FMR,Isabela,V,Luna,2026,Farm-to-Market Roads,,,,,"Concreting of Brgy. Mambabanga to Brgy. Harana FMR, Brgy. Mambabanga and Brgy. Harana, Luna, Isabela",Mambabanga and Harana,,40000.00,2.67,direct municipality row,"Concreting of Brgy. Mambabanga to Brgy. Harana FMR, Brgy. Mambabanga and Brgy. Harana, Luna, Isabela"
isabela_5.xlsx,FMR,Isabela,V,Luna,2026,Farm-to-Market Roads,,,,,"Concreting of Brgy. Concepcion FMR, Brgy. Concepcion, Luna, Isabela",Concepcion,,30000.00,2.00,direct municipality row,"Concreting of Brgy. Concepcion FMR, Brgy. Concepcion, Luna, Isabela"
isabela_5.xlsx,FMR,Isabela,V,Mallig,2026,Farm-to-Market Roads,,,,,"Concreting of San Pedro to Centro 1, Brgy. San Pedro FMR, Brgy. San Pedro, Mallig, Isabela",San Pedro,,15000.00,1.00,direct municipality row,"Concreting of San Pedro to Centro 1, Brgy. San Pedro FMR, Brgy. San Pedro, Mallig, Isabela"
isabela_5.xlsx,FMR,Isabela,V,Mallig,2026,Farm-to-Market Roads,,,,,"Concreting of Sitio Villa Corazon FMR, Brgy. Manano, Mallig, Isabela",Manano,,20000.00,1.33,direct municipality row,"Concreting of Sitio Villa Corazon FMR, Brgy. Manano, Mallig, Isabela"
isabela_5.xlsx,FMR,Isabela,V,Mallig,2026,Farm-to-Market Roads,,,,,"Construction of Brgy. Manano FMR, Brgy. Manano, Mallig, Isabela",Manano,,35000.00,2.33,direct municipality row,"Construction of Brgy. Manano FMR, Brgy. Manano, Mallig, Isabela"
isabela_5.xlsx,FMR,Isabela,V,Quezon,2026,Farm-to-Market Roads,,,,,"Concreting of Brgy. Alunan FMR, Brgy. Alunan, Quezon, Isabela",Alunan,,18000.00,1.20,direct municipality row,"Concreting of Brgy. Alunan FMR, Brgy. Alunan, Quezon, Isabela"
isabela_5.xlsx,FMR,Isabela,V,Quirino,2026,Farm-to-Market Roads,,,,,"Concreting of Brgy. Sta. Catalina to Brgy. Imbiao, Brgy. Sta. Catalina and Brgy. Imbiao, Quirino, Isabela",Sta. Catalina and Imbiao,,40000.00,2.67,direct municipality row,"Concreting of Brgy. Sta. Catalina to Brgy. Imbiao, Brgy. Sta. Catalina and Brgy. Imbiao, Quirino, Isabela"
isabela_5.xlsx,FMR,Isabela,V,San Manuel,2026,Farm-to-Market Roads,,,,,"Concreting of Purok 5-Purok 4, Brgy. Eden FMR, Brgy. Eden, San Manuel, Isabela",Eden,,17000.00,1.13,direct municipality row,"Concreting of Purok 5-Purok 4, Brgy. Eden FMR, Brgy. Eden, San Manuel, Isabela"
isabela_5.xlsx,FMR,Isabela,V,San Manuel,2026,Farm-to-Market Roads,,,,,"Concreting of Purok 7, Brgy. Nueva Era FMR, Brgy. Nueva Era, San Manuel, Isabela",Nueva Era,,13000.00,0.87,direct municipality row,"Concreting of Purok 7, Brgy. Nueva Era FMR, Brgy. Nueva Era, San Manuel, Isabela"
isabela_5.xlsx,FMR,Isabela,V,Mallig,2027,Farm-to-Market Roads,,,,,"Concreting Of Maligaya-Rang Ayan FMR Phase II, Brgy. Maligaya and Brgy. Rang Ayan, Mallig, Isabela",Maligaya and-Rang Ayan,,27000.00,1.80,direct municipality row,"Concreting Of Maligaya-Rang Ayan FMR Phase II, Brgy. Maligaya and Brgy. Rang Ayan, Mallig, Isabela"
isabela_5.xlsx,FMR,Isabela,V,Luna,2027,Farm-to-Market Roads,,,,,"Concreting of Brgy Macañao to Brgy. Luyao FMR Phase II, Brgy. Brgy Macañao and Brgy. Luyao, Luna, Isabela",Macañao & Luyao,,18000.00,1.20,direct municipality row,"Concreting of Brgy Macañao to Brgy. Luyao FMR Phase II, Brgy. Brgy Macañao and Brgy. Luyao, Luna, Isabela"
isabela_5.xlsx,FMR,Isabela,V,Roxas,2027,Farm-to-Market Roads,,,,,"Concreting of Kabigaan, Brgy. Simimbaan FMR, Brgy. Simimbaan, Roxas, Isabela",Simimbaan,,35000.00,2.50,direct municipality row,"Concreting of Kabigaan, Brgy. Simimbaan FMR, Brgy. Simimbaan, Roxas, Isabela"
isabela_5.xlsx,FMR,Isabela,V,San Manuel,2027,Farm-to-Market Roads,,,,,"Concreting of Alintuneg FMR, Brgy. Eden, San Manuel, Isabela",Eden,,15000.00,1.00,direct municipality row,"Concreting of Alintuneg FMR, Brgy. Eden, San Manuel, Isabela"
isabela_5.xlsx,FMR,Isabela,V,Burgos,2027,Farm-to-Market Roads,,,,,"Construction of Brgy. Dallig to Brgy. Catabban FMR, Brgy. Dallig and Brgy. Catabban, Burgos, Isabela",Dallig and Catabban,,27000.00,1.80,direct municipality row,"Construction of Brgy. Dallig to Brgy. Catabban FMR, Brgy. Dallig and Brgy. Catabban, Burgos, Isabela"
isabela_5.xlsx,FMR,Isabela,V,Quezon,2027,Farm-to-Market Roads,,,,,"Concreting of Brgy Callangigan FMR, Brgy. Callangigan, Quezon, Isabela",Callangigan,,18000.00,1.20,direct municipality row,"Concreting of Brgy Callangigan FMR, Brgy. Callangigan, Quezon, Isabela"
isabela_5.xlsx,FMR,Isabela,V,Aurora,2027,Farm-to-Market Roads,,,,,"Concreting of Malasin to Bagnos FMR, Brgy. Malasin and Brgy. Bagnos, Aurora, Isabela",Malasin and Bagnos,,15000.00,1.00,direct municipality row,"Concreting of Malasin to Bagnos FMR, Brgy. Malasin and Brgy. Bagnos, Aurora, Isabela"
isabela_5.xlsx,FMR,Isabela,V,Burgos,2027,Farm-to-Market Roads,,,,,"Concreting of San Antonio-Masigun FMR, Brgy. San Antonio, Burgos, Isabela",San Antonio,,25500.00,1.70,direct municipality row,"Concreting of San Antonio-Masigun FMR, Brgy. San Antonio, Burgos, Isabela"
isabela_5.xlsx,FMR,Isabela,V,Burgos,2027,Farm-to-Market Roads,,,,,"Concreting of Caliguian-Malasin FMR, Brgy. Caliguian, Burgos, Isabela",Brgy. Caliguian (Pob.),,28200.00,1.88,direct municipality row,"Concreting of Caliguian-Malasin FMR, Brgy. Caliguian, Burgos, Isabela"
isabela_5.xlsx,FMR,Isabela,V,Burgos,2027,Farm-to-Market Roads,,,,,"Concreting of San Antonino FMR, Brgy. San Antonio, Burgos, Isabela",San Antonino,,34200.00,2.28,direct municipality row,"Concreting of San Antonino FMR, Brgy. San Antonio, Burgos, Isabela"
isabela_5.xlsx,FMR,Isabela,V,Burgos,2027,Farm-to-Market Roads,,,,,"Concreting of Caliguian-San Manuel FMR, Brgy. Caliguian and Brgy. San Manuel, Burgos, Isabela","Caliguian, San Manuel",,32550.00,2.17,direct municipality row,"Concreting of Caliguian-San Manuel FMR, Brgy. Caliguian and Brgy. San Manuel, Burgos, Isabela"
isabela_5.xlsx,FMR,Isabela,V,Burgos,2027,Farm-to-Market Roads,,,,,"Concreting of Masigun-Caliguian FMR, Brgy. Masigun and Brgy. Caliguian, Burgos, Isabela","Masigun, Caliguian",,22050.00,1.47,direct municipality row,"Concreting of Masigun-Caliguian FMR, Brgy. Masigun and Brgy. Caliguian, Burgos, Isabela"
isabela_5.xlsx,FMR,Isabela,V,Burgos,2027,Farm-to-Market Roads,,,,,"Concreting of Caliguian-San Miguel FMR, Brgy. Caliguian and Brgy. San Miguel, Bugos, Isabela","Caliguian, San Miguel",,11100.00,0.74,direct municipality row,"Concreting of Caliguian-San Miguel FMR, Brgy. Caliguian and Brgy. San Miguel, Bugos, Isabela"
isabela_5.xlsx,FMR,Isabela,V,Burgos,2027,Farm-to-Market Roads,,,,,"Concreting of Malasin-Pisang FMR, Brgy. Malasin and Brgy Pisang, Burgos, Isabela","Malasin, Pisang Road",,22200.00,1.48,direct municipality row,"Concreting of Malasin-Pisang FMR, Brgy. Malasin and Brgy Pisang, Burgos, Isabela"
isabela_5.xlsx,FMR,Isabela,V,Burgos,2027,Farm-to-Market Roads,,,,,"Concreting of Cullalabo Del Norte-Masigun FMR, Brgy. Cullalabo Del Norte and Masigun, Burgos, Isabela","Cullalabo Del Norte, Masigun",,18900.00,1.26,direct municipality row,"Concreting of Cullalabo Del Norte-Masigun FMR, Brgy. Cullalabo Del Norte and Masigun, Burgos, Isabela"
isabela_5.xlsx,FMR,Isabela,V,Mallig,2027,Farm-to-Market Roads,,,,,"Concreting Of San Jose Sur-Maligaya FMR, Brgy. San Jose Sur and Brgy. Maligaya, Mallig, Isabela",San Jose Sur-Maligaya,,18300.00,1.22,direct municipality row,"Concreting Of San Jose Sur-Maligaya FMR, Brgy. San Jose Sur and Brgy. Maligaya, Mallig, Isabela"
isabela_5.xlsx,FMR,Isabela,V,Quirino,2027,Farm-to-Market Roads,,,,,"Concreting of Brgy. Santiago FMR, Brgy. Santiago, Quirino, Isabela",Santiago,,60000.00,4.00,direct municipality row,"Concreting of Brgy. Santiago FMR, Brgy. Santiago, Quirino, Isabela"
isabela_5.xlsx,FMR,Isabela,V,Quirino,2027,Farm-to-Market Roads,,,,,"Concreting of Manaoag FMR, Brgy. Manaoag, Quirino, Isabela",Manaoag,,37500.00,2.50,direct municipality row,"Concreting of Manaoag FMR, Brgy. Manaoag, Quirino, Isabela"
isabela_5.xlsx,SAAD,Isabela,,Luna,2027,SAAD,,,,,c.1 Beneficiary Profiling conducted,group,2.00,0.00,,remarks municipality split,Luna           
isabela_5.xlsx,SAAD,Isabela,,Luna,2027,SAAD,,,,,c.2 Database Uploading conducted,group,2.00,0.00,,remarks municipality split,Luna           
isabela_5.xlsx,SAAD,Isabela,,Luna,2027,SAAD,,,,,2.1 HVC-based Project distributed,group,2.00,777.00,,remarks municipality split,Luna           
isabela_5.xlsx,SAAD,Isabela,,Luna,2027,SAAD,,,,,3.1 Market-related trainings conducted,number,2.00,0.00,,remarks municipality split,Luna           
isabela_5.xlsx,SAAD,Isabela,,Luna,2027,SAAD,,,,,3.2 Partially established CBEs,group,1.00,0.00,,remarks municipality split,Luna           
isabela_5.xlsx,PRDP,Isabela,V,Mallig,2027,PRDP,,,,,Concreting of San Jose Norte II FMR,San Jose Norte,,86788.00,3.10,direct municipality row,Concreting of San Jose Norte II FMR
isabela_6.xlsx,FMR,Isabela,VI,City of Cauayan,2025,Farm-to-Market Roads,,,,,Concreting of Naganacan-Alinam FMR,Naganacan,,15000.00,1.00,direct municipality row,Concreting of Naganacan-Alinam FMR
isabela_6.xlsx,FMR,Isabela,VI,San Isidro,2025,Farm-to-Market Roads,,,,,Concreting of Camarag-Doña Paulina FMR,Camarag-Doña Paulina,,15000.00,1.00,direct municipality row,Concreting of Camarag-Doña Paulina FMR
isabela_6.xlsx,FMR,Isabela,VI,City of Cauayan,2025,Farm-to-Market Roads,,,,,Concreting Of Rogus-De Vera FMR,Rogus,,15000.00,1.00,direct municipality row,Concreting Of Rogus-De Vera FMR
isabela_6.xlsx,FMR,Isabela,VI,San Isidro,2025,Farm-to-Market Roads,,,,,Concreting Of Palawan-San Mariano Sur FMR,Palawan-San Mariano Sur,,15000.00,1.00,direct municipality row,Concreting Of Palawan-San Mariano Sur FMR
isabela_6.xlsx,FMR,Isabela,VI,City of Cauayan,2025,Farm-to-Market Roads,,,,,"Concreting of Naganacan- Alinam FMR, Brgy. Naganacan, Cauayan City, Isabela",Naganacan,,15000.00,1.00,direct municipality row,"Concreting of Naganacan- Alinam FMR, Brgy. Naganacan, Cauayan City, Isabela"
isabela_6.xlsx,FMR,Isabela,VI,Echague,2025,Farm-to-Market Roads,,,,,"Concreting of Brgy. Narra FMR, Brgy. Narra, Echague, Isabela",Narra,,15000.00,1.00,direct municipality row,"Concreting of Brgy. Narra FMR, Brgy. Narra, Echague, Isabela"
isabela_6.xlsx,FMR,Isabela,VI,City of Cauayan,2025,Farm-to-Market Roads,,,,,"Concreting of Naganacan- Alinam FMR, Brgy. Naganacan, Cauayan City, Isabela",Naganacan- Alinam,,15000.00,1.00,direct municipality row,"Concreting of Naganacan- Alinam FMR, Brgy. Naganacan, Cauayan City, Isabela"
isabela_6.xlsx,FMR,Isabela,VI,City of Cauayan,2025,Farm-to-Market Roads,,,,,"Concreting of Santa Luciana- San Francisco FMR, Brgy. Santa Luciana- San Francisco, Cauayan City, Isabela",Santa Luciana- San Francisco,,15000.00,1.00,direct municipality row,"Concreting of Santa Luciana- San Francisco FMR, Brgy. Santa Luciana- San Francisco, Cauayan City, Isabela"
isabela_6.xlsx,FMR,Isabela,VI,City of Cauayan,2025,Farm-to-Market Roads,,,,,"Concreting of Sitio Calagui, Brgy. San Pablo FMR, Brgy. San Pablo, Cauayan City, Isabela","Sitio Calagui, San Pablo",,10000.00,0.67,direct municipality row,"Concreting of Sitio Calagui, Brgy. San Pablo FMR, Brgy. San Pablo, Cauayan City, Isabela"
isabela_6.xlsx,FMR,Isabela,VI,City of Cauayan,2025,Farm-to-Market Roads,,,,,"Concreting of Brgy. Dianao FMR, Brgy. Dianao, Cauayan City, Isabela",Dianao,,5000.00,0.33,direct municipality row,"Concreting of Brgy. Dianao FMR, Brgy. Dianao, Cauayan City, Isabela"
isabela_6.xlsx,FMR,Isabela,VI,City of Cauayan,2025,Farm-to-Market Roads,,,,,"Concreting of Brgy. San Francisco to Brgy. Dabburab FMR, Brgy. San Francisco to Brgy. Dabburab, Cauayan City, Isabela",San Francisco - Dabburab,,5000.00,0.33,direct municipality row,"Concreting of Brgy. San Francisco to Brgy. Dabburab FMR, Brgy. San Francisco to Brgy. Dabburab, Cauayan City, Isabela"
isabela_6.xlsx,FMR,Isabela,VI,City of Cauayan,2025,Farm-to-Market Roads,,,,,"Concreting of Brgy. Linglingay FMR, Brgy. Linglingay, Cauayan City, Isabela",Linglingay,,5000.00,0.33,direct municipality row,"Concreting of Brgy. Linglingay FMR, Brgy. Linglingay, Cauayan City, Isabela"
isabela_6.xlsx,FMR,Isabela,VI,City of Cauayan,2025,Farm-to-Market Roads,,,,,"Concreting of Purok 2 , Brgy. Villa Concepcion FMR, Brgy. Villa Concepcion, Cauayan City, Isabela","Purok 2 . Villa Concepcion,",,10000.00,0.67,direct municipality row,"Concreting of Purok 2 , Brgy. Villa Concepcion FMR, Brgy. Villa Concepcion, Cauayan City, Isabela"
isabela_6.xlsx,FMR,Isabela,VI,City of Cauayan,2025,Farm-to-Market Roads,,,,,"Concreting of Brgy. Santa Maria - Villa Concepcion FMR,Brgy. Santa Maria - Brgy. Villa Concepcion , Cauayan City, Isabela",Santa Maria - Villa Concepcion,,10000.00,0.67,direct municipality row,"Concreting of Brgy. Santa Maria - Villa Concepcion FMR,Brgy. Santa Maria - Brgy. Villa Concepcion , Cauayan City, Isabela"
isabela_6.xlsx,FMR,Isabela,VI,Echague,2025,Farm-to-Market Roads,,,,,"Concreting of Brgy. Pangal Norte FMR, Brgy. Pangal Norte, Echague, Isabela",Pangal Norte,,5000.00,0.33,direct municipality row,"Concreting of Brgy. Pangal Norte FMR, Brgy. Pangal Norte, Echague, Isabela"
isabela_6.xlsx,FMR,Isabela,VI,Echague,2025,Farm-to-Market Roads,,,,,"Concreting of Villa Victoria to Villa Fermin FMR, Brgy Villa Victoria - Brgy. Villa Fermin, Echague, Isabela",Villa Victoria - Villa Fermin,,5000.00,0.33,direct municipality row,"Concreting of Villa Victoria to Villa Fermin FMR, Brgy Villa Victoria - Brgy. Villa Fermin, Echague, Isabela"
isabela_6.xlsx,FMR,Isabela,VI,City of Cauayan,2026,Farm-to-Market Roads,,,,,"Concreting of Santa Luciana- San Francisco FMR, Brgy. Santa Luciana- San Francisco, Cauayan City, Isabela",San Francisco,,15000.00,1.00,direct municipality row,"Concreting of Santa Luciana- San Francisco FMR, Brgy. Santa Luciana- San Francisco, Cauayan City, Isabela"
isabela_6.xlsx,FMR,Isabela,VI,Echague,2026,Farm-to-Market Roads,,,,,"Concreting of Caniguing FMR, Brgy. Caniguing, Echague, Isabela",Caniguing,,15000.00,1.00,direct municipality row,"Concreting of Caniguing FMR, Brgy. Caniguing, Echague, Isabela"
isabela_6.xlsx,FMR,Isabela,VI,San Guillermo,2026,Farm-to-Market Roads,,,,,"Concreting of Palawan-San Mariano Sur FMR, Brgy. Palawan-San Mariano Sur, San Guillermo, Isabela",Palawan-San Mariano Sur,,15000.00,1.00,direct municipality row,"Concreting of Palawan-San Mariano Sur FMR, Brgy. Palawan-San Mariano Sur, San Guillermo, Isabela"
isabela_6.xlsx,FMR,Isabela,VI,Echague,2026,Farm-to-Market Roads,,,,,"Concreting of Brgy. Narra FMR, Brgy. Narra, Echague, Isabela",Narra,,11000.00,0.73,direct municipality row,"Concreting of Brgy. Narra FMR, Brgy. Narra, Echague, Isabela"
isabela_6.xlsx,FMR,Isabela,VI,City of Cauayan,2026,Farm-to-Market Roads,,,,,"Concreting of Brgy. Rizal-San Francisco FMR, Brgy. Rizal, Cauayan City, Isabela",Rizal,,15000.00,1.00,direct municipality row,"Concreting of Brgy. Rizal-San Francisco FMR, Brgy. Rizal, Cauayan City, Isabela"
isabela_6.xlsx,FMR,Isabela,VI,City of Cauayan,2026,Farm-to-Market Roads,,,,,"Concreting of Brgy. Disimuray FMR, Cauayan City, Isabela",Disimuray,,15000.00,1.00,direct municipality row,"Concreting of Brgy. Disimuray FMR, Cauayan City, Isabela"
isabela_6.xlsx,FMR,Isabela,VI,San Isidro,2026,Farm-to-Market Roads,,,,,"Concreting of Purok 4, Gud-Nagbukel FMR, Brgy. Gud-Brgy. Nagbukel, San Isidro, Isabela",Gud-Nagbukel,,15000.00,1.00,direct municipality row,"Concreting of Purok 4, Gud-Nagbukel FMR, Brgy. Gud-Brgy. Nagbukel, San Isidro, Isabela"
isabela_6.xlsx,FMR,Isabela,VI,City of Cauayan,2026,Farm-to-Market Roads,,,,,"Concreting of Brgy. Santa Luciana - Brgy. San Francisco FMR Phase II, Brgy. Santa Luciana and Brgy. San Francisco, Cauayan City, Isabela",Santa Luciana and Brgy. San Francisco,,15000.00,1.00,direct municipality row,"Concreting of Brgy. Santa Luciana - Brgy. San Francisco FMR Phase II, Brgy. Santa Luciana and Brgy. San Francisco, Cauayan City, Isabela"
isabela_6.xlsx,FMR,Isabela,VI,City of Cauayan,2026,Farm-to-Market Roads,,,,,"Concreting of Brgy. Gappal FMR, Brgy. Gappal, Cauayan City, Isabela",Gappal,,30000.00,2.00,direct municipality row,"Concreting of Brgy. Gappal FMR, Brgy. Gappal, Cauayan City, Isabela"
isabela_6.xlsx,FMR,Isabela,VI,City of Cauayan,2026,Farm-to-Market Roads,,,,,"Concreting of Brgy. Maligaya FMR, Brgy. Maligaya, Cauayan City, Isabela",Maligaya,,15000.00,1.00,direct municipality row,"Concreting of Brgy. Maligaya FMR, Brgy. Maligaya, Cauayan City, Isabela"
isabela_6.xlsx,FMR,Isabela,VI,City of Cauayan,2026,Farm-to-Market Roads,,,,,"Concreting of Brgy. Sta. Maria FMR 2, Brgy. Sta. Maria, Cauayan City, Isabela",Sta. Maria,,22000.00,1.47,direct municipality row,"Concreting of Brgy. Sta. Maria FMR 2, Brgy. Sta. Maria, Cauayan City, Isabela"
isabela_6.xlsx,FMR,Isabela,VI,City of Cauayan,2026,Farm-to-Market Roads,,,,,"Concreting of Brgy. Disimuray Phase II FMR, Brgy. Disimuray, Cauayan City, Isabela",Disimuray,,24000.00,1.60,direct municipality row,"Concreting of Brgy. Disimuray Phase II FMR, Brgy. Disimuray, Cauayan City, Isabela"
isabela_6.xlsx,FMR,Isabela,VI,City of Cauayan,2026,Farm-to-Market Roads,,,,,"Concreting of Brgy. San Pablo FMR, Brgy. San Pablo, Cauayan City, Isabela",San Pablo,,28500.00,1.90,direct municipality row,"Concreting of Brgy. San Pablo FMR, Brgy. San Pablo, Cauayan City, Isabela"
isabela_6.xlsx,FMR,Isabela,VI,City of Cauayan,2026,Farm-to-Market Roads,,,,,"Concreting of Brgy. Rizal-Brgy. San Francisco FMR Phase I, Brgy. Rizal, Cauayan City, Isabela",Rizal and San Francisco,,15000.00,1.00,direct municipality row,"Concreting of Brgy. Rizal-Brgy. San Francisco FMR Phase I, Brgy. Rizal, Cauayan City, Isabela"
isabela_6.xlsx,FMR,Isabela,VI,City of Cauayan,2026,Farm-to-Market Roads,,,,,"Concreting of Brgy. Disimuray FMR Phase I, Brgy. Disimuray, Cauayan City, Isabela",Disimuray,,15000.00,1.00,direct municipality row,"Concreting of Brgy. Disimuray FMR Phase I, Brgy. Disimuray, Cauayan City, Isabela"
isabela_6.xlsx,FMR,Isabela,VI,City of Cauayan,2026,Farm-to-Market Roads,,,,,"Concreting of Brgy. San Antonio FMR, Brgy. San Antonio, Cauayan City, Isabela",San Antonio,,15000.00,1.00,direct municipality row,"Concreting of Brgy. San Antonio FMR, Brgy. San Antonio, Cauayan City, Isabela"
isabela_6.xlsx,FMR,Isabela,VI,City of Cauayan,2026,Farm-to-Market Roads,,,,,"Concreting of Brgy. Nungnungan I FMR Phase II, Cauayan City, Isabela",Nungnungan,,20000.00,1.33,direct municipality row,"Concreting of Brgy. Nungnungan I FMR Phase II, Cauayan City, Isabela"
isabela_6.xlsx,FMR,Isabela,VI,City of Cauayan,2026,Farm-to-Market Roads,,,,,"Concreting of Brgy. Nagrumbuan - Brgy. Pinoma FMR Phase III, Cauayan City, Isabela",Nagrumbuan-Pinoma,,20000.00,1.33,direct municipality row,"Concreting of Brgy. Nagrumbuan - Brgy. Pinoma FMR Phase III, Cauayan City, Isabela"
isabela_6.xlsx,FMR,Isabela,VI,City of Cauayan,2026,Farm-to-Market Roads,,,,,"Concreting of Brgy. Faustino FMR, Cauayan City, Isabela",Faustino,,15000.00,1.00,direct municipality row,"Concreting of Brgy. Faustino FMR, Cauayan City, Isabela"
isabela_6.xlsx,FMR,Isabela,VI,City of Cauayan,2026,Farm-to-Market Roads,,,,,"Concreting of Brgy. Minante 2 FMR Phase II, Cauayan City, Isabela",Minante,,22500.00,1.50,direct municipality row,"Concreting of Brgy. Minante 2 FMR Phase II, Cauayan City, Isabela"
isabela_6.xlsx,FMR,Isabela,VI,City of Cauayan,2026,Farm-to-Market Roads,,,,,"Concreting of Brgy. San Francisco FMR, Brgy. San Francisco, Cauayan City, Isabela",San Francisco,,21300.00,1.42,direct municipality row,"Concreting of Brgy. San Francisco FMR, Brgy. San Francisco, Cauayan City, Isabela"
isabela_6.xlsx,FMR,Isabela,VI,City of Cauayan,2026,Farm-to-Market Roads,,,,,"Concreting of Brgy. San Isidro to Alinam FMR, Brgy. San Isidro, Cauayan City, Isabela",San Isidro and Alinam,,28100.00,1.87,direct municipality row,"Concreting of Brgy. San Isidro to Alinam FMR, Brgy. San Isidro, Cauayan City, Isabela"
isabela_6.xlsx,FMR,Isabela,VI,Echague,2026,Farm-to-Market Roads,,,,,"Concreting of Caniguing FMR, Brgy. Caniguing, Echague, Isabela",Caniguing,,15000.00,1.00,direct municipality row,"Concreting of Caniguing FMR, Brgy. Caniguing, Echague, Isabela"
isabela_6.xlsx,FMR,Isabela,VI,Echague,2026,Farm-to-Market Roads,,,,,"Concreting of Brgy. Arabiat-Sta. Monica FMR, Brgy. Arabiat and Sta. Monica Echague, Isabela",Arabiat and Sta. Monica,,15000.00,1.00,direct municipality row,"Concreting of Brgy. Arabiat-Sta. Monica FMR, Brgy. Arabiat and Sta. Monica Echague, Isabela"
isabela_6.xlsx,FMR,Isabela,VI,Echague,2026,Farm-to-Market Roads,,,,,"Concreting of Brgy. Sta Cruz FMR, Brgy. Sta Cruz, Echague, Isabela",Sta Cruz,,15000.00,1.00,direct municipality row,"Concreting of Brgy. Sta Cruz FMR, Brgy. Sta Cruz, Echague, Isabela"
isabela_6.xlsx,FMR,Isabela,VI,Echague,2026,Farm-to-Market Roads,,,,,"Concreting of Brgy. Caniguing FMR Phase I, Brgy. Caniguing, Echague, Isabela",Caniguing,,15000.00,1.00,direct municipality row,"Concreting of Brgy. Caniguing FMR Phase I, Brgy. Caniguing, Echague, Isabela"
isabela_6.xlsx,FMR,Isabela,VI,Echague,2026,Farm-to-Market Roads,,,,,"Concreting of San Antonio Minit-Libertad FMR, Echague, Isabela",San Antonio Minit and Libertad,,28500.00,1.90,direct municipality row,"Concreting of San Antonio Minit-Libertad FMR, Echague, Isabela"
isabela_6.xlsx,FMR,Isabela,VI,Echague,2026,Farm-to-Market Roads,,,,,"Concreting of Nagassican, Santiago City to Arabiat, Echague FMR, Brgy. Nagassican, Echague, Isabela",Nagassican,,30000.00,2.00,direct municipality row,"Concreting of Nagassican, Santiago City to Arabiat, Echague FMR, Brgy. Nagassican, Echague, Isabela"
isabela_6.xlsx,FMR,Isabela,VI,Echague,2026,Farm-to-Market Roads,,,,,"Concreting of Sta Monica to Libertad FMR, Brgy. Sta. Monica, Echague, Isabela",Sta. Monica,,19750.00,1.32,direct municipality row,"Concreting of Sta Monica to Libertad FMR, Brgy. Sta. Monica, Echague, Isabela"
isabela_6.xlsx,FMR,Isabela,VI,San Guillermo,2026,Farm-to-Market Roads,,,,,"Concreting of Brgy. Guam-Brgy. Burgos FMR, Brgy. Guam and Brgy. Burgos, San Guillermo, Isabela",Guam and Burgos,,15000.00,1.00,direct municipality row,"Concreting of Brgy. Guam-Brgy. Burgos FMR, Brgy. Guam and Brgy. Burgos, San Guillermo, Isabela"
isabela_6.xlsx,FMR,Isabela,VI,San Guillermo,2026,Farm-to-Market Roads,,,,,"Concreting of Brgy. Estrella-Brgy. Nakar FMR, Brgy. Estrella and Brgy. Nakar, San Guillermo, Isabela",Estrella and Nakar,,15000.00,1.00,direct municipality row,"Concreting of Brgy. Estrella-Brgy. Nakar FMR, Brgy. Estrella and Brgy. Nakar, San Guillermo, Isabela"
isabela_6.xlsx,FMR,Isabela,VI,San Guillermo,2026,Farm-to-Market Roads,,,,,"Concreting of Brgy. Centro 2 to Brgy. Villa Remedios Access Road FMR, Brgy. Centro 2 and Brgy. Villa Remedios, San Guillermo, Isabela",Centro 2 and Villa Remedios,,15000.00,1.00,direct municipality row,"Concreting of Brgy. Centro 2 to Brgy. Villa Remedios Access Road FMR, Brgy. Centro 2 and Brgy. Villa Remedios, San Guillermo, Isabela"
isabela_6.xlsx,FMR,Isabela,VI,San Guillermo,2026,Farm-to-Market Roads,,,,,"Concreting of Brgy. Dietban-Brgy. Burgos FMR, San Guillermo, Isabela",Dietban and Burgos,,24750.00,1.65,direct municipality row,"Concreting of Brgy. Dietban-Brgy. Burgos FMR, San Guillermo, Isabela"
isabela_6.xlsx,FMR,Isabela,VI,San Isidro,2026,Farm-to-Market Roads,,,,,"Concreting of Brgy. Victoria-Brgy. Camarag FMR, Brgy. Victoria and Brgy. Camarag, San Isidro, Isabela",Victoria and Camarag,,20000.00,1.33,direct municipality row,"Concreting of Brgy. Victoria-Brgy. Camarag FMR, Brgy. Victoria and Brgy. Camarag, San Isidro, Isabela"
isabela_6.xlsx,FMR,Isabela,VI,San Isidro,2026,Farm-to-Market Roads,,,,,"Concreting of Brgy. Victoria-Brgy. Gomez FMR, Brgy. Victoria and Brgy. Gomez, San Isidro, Isabela",Victoria and Gomez,,15000.00,1.00,direct municipality row,"Concreting of Brgy. Victoria-Brgy. Gomez FMR, Brgy. Victoria and Brgy. Gomez, San Isidro, Isabela"
isabela_6.xlsx,FMR,Isabela,VI,San Guillermo,2027,Farm-to-Market Roads,,,,,"Concreting of Sitio Americana-San Francisco Norte FMR, Brgy. Guam and Brgy. San Francisco, San Guillermo, Isabela",Guam and San Francisco,,30000.00,2.00,direct municipality row,"Concreting of Sitio Americana-San Francisco Norte FMR, Brgy. Guam and Brgy. San Francisco, San Guillermo, Isabela"
isabela_6.xlsx,FMR,Isabela,VI,San Isidro,2027,Farm-to-Market Roads,,,,,"Concreting of Brgy. Ramos West-Ramos East FMR, Brgy. Ramos West and Brgy. Ramos East, San Isidro, Isabela",Ramos West and Ramos East,,30000.00,2.00,direct municipality row,"Concreting of Brgy. Ramos West-Ramos East FMR, Brgy. Ramos West and Brgy. Ramos East, San Isidro, Isabela"
isabela_6.xlsx,FMR,Isabela,VI,City of Cauayan,2027,Farm-to-Market Roads,,,,,"Concreting of Sitio Maligaya, Brgy. Maligaya FMR, Brgy. Maligaya, Cauayan City, Isabela",Maligaya,,45000.00,3.00,direct municipality row,"Concreting of Sitio Maligaya, Brgy. Maligaya FMR, Brgy. Maligaya, Cauayan City, Isabela"
isabela_6.xlsx,FMR,Isabela,VI,San Isidro,2027,Farm-to-Market Roads,,,,,"Concreting of Brgy Gud FMR, Brgy. Gud, San Isidro, Isabela",Gud,,27000.00,1.80,direct municipality row,"Concreting of Brgy Gud FMR, Brgy. Gud, San Isidro, Isabela"
isabela_6.xlsx,FMR,Isabela,VI,City of Cauayan,2027,Farm-to-Market Roads,,,,,"Concreting of Brgy. San Luis FMR, Brgy. San Luis, Cauayan City, Isabela",San Luis,,23000.00,1.60,direct municipality row,"Concreting of Brgy. San Luis FMR, Brgy. San Luis, Cauayan City, Isabela"
isabela_6.xlsx,FMR,Isabela,VI,City of Cauayan,2027,Farm-to-Market Roads,,,,,"Concreting of Rogus FMR Phase 2, Brgy. Rogus, Cauayan City, Isabela",Rogus,,15000.00,1.00,direct municipality row,"Concreting of Rogus FMR Phase 2, Brgy. Rogus, Cauayan City, Isabela"
isabela_6.xlsx,FMR,Isabela,VI,San Guillermo,2027,Farm-to-Market Roads,,,,,"Concreting of Brgy Villa Sanchez-Villa Rose FMR, Brgy Villa Sanchez and Villa Rose, San Guillermo, Isabela",Villa Sanchez and Villa Rose,,80000.00,5.40,direct municipality row,"Concreting of Brgy Villa Sanchez-Villa Rose FMR, Brgy Villa Sanchez and Villa Rose, San Guillermo, Isabela"
isabela_6.xlsx,FMR,Isabela,VI,San Isidro,2027,Farm-to-Market Roads,,,,,"Concreting of Brgy. Ramos East FMR, Brgy. Ramos East, San Isidro, Isabela",Ramos East,,15000.00,1.00,direct municipality row,"Concreting of Brgy. Ramos East FMR, Brgy. Ramos East, San Isidro, Isabela"
isabela_6.xlsx,FMR,Isabela,VI,San Isidro,2027,Farm-to-Market Roads,,,,,"Concreting of Brgy. Quezon FMR, Brgy. Quezon, San Isidro, Isabela",Quezon,,15000.00,1.00,direct municipality row,"Concreting of Brgy. Quezon FMR, Brgy. Quezon, San Isidro, Isabela"
isabela_6.xlsx,FMR,Isabela,VI,City of Cauayan,2027,Farm-to-Market Roads,,,,,"Concreting of Brgy Baculod-Brgy Dianao FMR, Brgy. Baculod and Brgy Dianao, Cauayan City, Cagayan",Baculod,,22500.00,1.50,direct municipality row,"Concreting of Brgy Baculod-Brgy Dianao FMR, Brgy. Baculod and Brgy Dianao, Cauayan City, Cagayan"
isabela_6.xlsx,FMR,Isabela,VI,City of Cauayan,2027,Farm-to-Market Roads,,,,,"Concreting of Brgy Cabugao-Brgy Sinippil FMR, Brgy Cabugao and Brgy Sinippil, Cauayan City, Cagayan",Cabugao and Sinippil,,25500.00,1.70,direct municipality row,"Concreting of Brgy Cabugao-Brgy Sinippil FMR, Brgy Cabugao and Brgy Sinippil, Cauayan City, Cagayan"
isabela_6.xlsx,FMR,Isabela,VI,City of Cauayan,2027,Farm-to-Market Roads,,,,,"Concreting of Brgy Pinoma FMR, Brgy. Pinoma, Cauayan City, Isabela",Pinoma,,19500.00,1.30,direct municipality row,"Concreting of Brgy Pinoma FMR, Brgy. Pinoma, Cauayan City, Isabela"
isabela_6.xlsx,SAAD,Isabela,VI,San Isidro,2027,SAAD,,,,,c.1 Beneficiary Profiling conducted,group,3.00,0.00,,remarks municipality split,San Isidro           
isabela_6.xlsx,SAAD,Isabela,VI,San Isidro,2027,SAAD,,,,,c.2 Database Uploading conducted,group,3.00,0.00,,remarks municipality split,San Isidro           
isabela_6.xlsx,SAAD,Isabela,VI,San Isidro,2027,SAAD,,,,,2.1 HVC-based Project distributed,group,3.00,1516.00,,remarks municipality split,San Isidro           
isabela_6.xlsx,SAAD,Isabela,VI,San Isidro,2027,SAAD,,,,,3.1 Market-related trainings conducted,number,3.00,0.00,,remarks municipality split,San Isidro           
isabela_6.xlsx,SAAD,Isabela,VI,San Isidro,2027,SAAD,,,,,3.2 Partially established CBEs,group,1.00,0.00,,remarks municipality split,San Isidro           
isabela_6.xlsx,PRDP,Isabela,VI,Echague,2027,PRDP,,,,,Rehabilitation/Concreting of Villa Rey-San Carlos FMR,"Villa Rey, San Carlos",,284726.00,16.13,direct municipality row,Rehabilitation/Concreting of Villa Rey-San Carlos FMR
isabela_6.xlsx,PRDP,Isabela,VI,San Isidro,2027,PRDP,,,,,Construction of San Isidro Warehouse with Solar Dryer,Gomez,,15000.00,,direct municipality row,Construction of San Isidro Warehouse with Solar Dryer
isabela_6.xlsx,PRDP,Isabela,VI,City of Cauayan,2027,PRDP,,,,,Construction of Cauayan City Warehouse,San Pablo,,15000.00,,direct municipality row,Construction of Cauayan City Warehouse
nueva_vizcaya.xlsx,HALAL,Nueva Vizcaya,LONE,Kasibu,2027,HALAL,,,,,2. Halal Product Certification Assistance,,1.00,500.00,,remarks municipality split,Kasibu           
nueva_vizcaya.xlsx,HALAL,Nueva Vizcaya,LONE,Kasibu,2027,HALAL,,,,,"4. Training on Halal Compliance, Certification, and Export Requirements (Ube & Coffee)",number,1.00,50.00,,remarks municipality split,Kasibu           
nueva_vizcaya.xlsx,HALAL,Nueva Vizcaya,LONE,Kasibu,2027,HALAL,,,,,5. Training on Postharvest Handling,number,1.00,50.00,,remarks municipality split,Kasibu           
nueva_vizcaya.xlsx,HALAL,Nueva Vizcaya,LONE,Dupax del Sur,2027,HALAL,,,,,Provision of Coffee Drip Irrigation System,number,1.00,1100.00,,remarks municipality split,"Kasibu, Kayapa, Ambaguio, Dupax Del Sur, Bagabag           "
nueva_vizcaya.xlsx,HALAL,Nueva Vizcaya,LONE,Ambaguio,2027,HALAL,,,,,Provision of Coffee Drip Irrigation System,number,1.00,1100.00,,remarks municipality split,"Kasibu, Kayapa, Ambaguio, Dupax Del Sur, Bagabag           "
nueva_vizcaya.xlsx,HALAL,Nueva Vizcaya,LONE,Bagabag,2027,HALAL,,,,,Provision of Coffee Drip Irrigation System,number,1.00,1100.00,,remarks municipality split,"Kasibu, Kayapa, Ambaguio, Dupax Del Sur, Bagabag           "
nueva_vizcaya.xlsx,HALAL,Nueva Vizcaya,LONE,Kayapa,2027,HALAL,,,,,Provision of Coffee Drip Irrigation System,number,1.00,1100.00,,remarks municipality split,"Kasibu, Kayapa, Ambaguio, Dupax Del Sur, Bagabag           "
nueva_vizcaya.xlsx,HALAL,Nueva Vizcaya,LONE,Kasibu,2027,HALAL,,,,,Provision of Coffee Drip Irrigation System,number,1.00,1100.00,,remarks municipality split,"Kasibu, Kayapa, Ambaguio, Dupax Del Sur, Bagabag           "
nueva_vizcaya.xlsx,FMR,Nueva Vizcaya,LONE,Bagabag,2025,Farm-to-Market Roads,,,,,"Concreting of Baretbet-Pogonsino Section FMR, Brgy. Baretbet-Pogonsino, Bagabag, Nueva Vizcaya",Baretbet-Pogonsino,,15000.00,1.00,direct municipality row,"Concreting of Baretbet-Pogonsino Section FMR, Brgy. Baretbet-Pogonsino, Bagabag, Nueva Vizcaya"
nueva_vizcaya.xlsx,FMR,Nueva Vizcaya,LONE,Bagabag,2025,Farm-to-Market Roads,,,,,"Opening and Concreting of Tay-a-Santor FMR, Brgy. Murong, Bagabag, Nueva Vzicaya","Murong, Bagabag",,20000.00,1.33,direct municipality row,"Opening and Concreting of Tay-a-Santor FMR, Brgy. Murong, Bagabag, Nueva Vzicaya"
nueva_vizcaya.xlsx,FMR,Nueva Vizcaya,LONE,Bagabag,2025,Farm-to-Market Roads,,,,,"Opening and Concreting of FMR at Brgy. Quirino - San Geronimo , Bagabag, Nueva Vizcaya",Quirino - San Geronimo,,30000.00,2.00,direct municipality row,"Opening and Concreting of FMR at Brgy. Quirino - San Geronimo , Bagabag, Nueva Vizcaya"
nueva_vizcaya.xlsx,FMR,Nueva Vizcaya,LONE,Bagabag,2025,Farm-to-Market Roads,,,,,"Upgrading of Baretbet- Dumayop-Masina FMR,Brgy. Baretbet, Bagabag, Nueva Vizcaya",Baretbet,,20000.00,1.33,direct municipality row,"Upgrading of Baretbet- Dumayop-Masina FMR,Brgy. Baretbet, Bagabag, Nueva Vizcaya"
nueva_vizcaya.xlsx,FMR,Nueva Vizcaya,LONE,Bagabag,2025,Farm-to-Market Roads,,,,,"Upgrading/Concreting of Santiago Road FMR , Sitio Amballo North - Amballo South, Brgy. Baretbet, Bagabag, Nueva Vizcaya",Baretbet,,30000.00,2.00,direct municipality row,"Upgrading/Concreting of Santiago Road FMR , Sitio Amballo North - Amballo South, Brgy. Baretbet, Bagabag, Nueva Vizcaya"
nueva_vizcaya.xlsx,FMR,Nueva Vizcaya,LONE,Bambang,2025,Farm-to-Market Roads,,,,,"Concreting of Brgy. Dinili FMR, Brgy. Calaocan, Bambang, Nueva Vizcaya",Dinili- Calaocan,,10000.00,0.67,direct municipality row,"Concreting of Brgy. Dinili FMR, Brgy. Calaocan, Bambang, Nueva Vizcaya"
nueva_vizcaya.xlsx,FMR,Nueva Vizcaya,LONE,Kayapa,2025,Farm-to-Market Roads,,,,,"Concreting of Cabayo- Balete FMR, Brgy. Cabayo- Balete, Kayapa, Nueva Vizcaya","Cabayo- Balete, Kayapa, Nueva Vizcaya",,15000.00,1.00,direct municipality row,"Concreting of Cabayo- Balete FMR, Brgy. Cabayo- Balete, Kayapa, Nueva Vizcaya"
nueva_vizcaya.xlsx,FMR,Nueva Vizcaya,LONE,Kasibu,2025,Farm-to-Market Roads,,,,,"Concreting of Nantawakan FMR, Brgy. Nantawakan, Kasibu, Nueva Vizcaya","Nantawakan, Kasibu, Nueva Vizcaya",,10000.00,0.67,direct municipality row,"Concreting of Nantawakan FMR, Brgy. Nantawakan, Kasibu, Nueva Vizcaya"
nueva_vizcaya.xlsx,FMR,Nueva Vizcaya,LONE,Bambang,2026,Farm-to-Market Roads,,,,,"Concreting of Mapatang San Fernando FMR, Brgy. San Fernando, Bambang, Nueva Vizcaya",San Fernando,,30000.00,2.00,direct municipality row,"Concreting of Mapatang San Fernando FMR, Brgy. San Fernando, Bambang, Nueva Vizcaya"
nueva_vizcaya.xlsx,FMR,Nueva Vizcaya,LONE,Bambang,2026,Farm-to-Market Roads,,,,,"Concreting of Brgy. Barat- Brgy. Macalanga-Brgy. Pallas-Brgy. Salinas FMR, Bambang, Nueva Vizcaya",Barat,,15000.00,1.00,direct municipality row,"Concreting of Brgy. Barat- Brgy. Macalanga-Brgy. Pallas-Brgy. Salinas FMR, Bambang, Nueva Vizcaya"
nueva_vizcaya.xlsx,FMR,Nueva Vizcaya,LONE,Santa Fe,2026,Farm-to-Market Roads,,,,,"Concreting of Pallay Unib FMR, Brgy. Unib Sta. Fe Nueva Vizcaya",Pallay Unib,,15000.00,1.00,direct municipality row,"Concreting of Pallay Unib FMR, Brgy. Unib Sta. Fe Nueva Vizcaya"
nueva_vizcaya.xlsx,FMR,Nueva Vizcaya,LONE,Alfonso Castaneda,2026,Farm-to-Market Roads,,,,,"Concreting of Purok 6 to Purok 10 FMR, Brgy. Lublub, Alfonso Castañeda, Nueva Vizcaya",Lublub,,15000.00,1.00,direct municipality row,"Concreting of Purok 6 to Purok 10 FMR, Brgy. Lublub, Alfonso Castañeda, Nueva Vizcaya"
nueva_vizcaya.xlsx,FMR,Nueva Vizcaya,LONE,Santa Fe,2026,Farm-to-Market Roads,,,,,"Concreting of Purok 4, Brgy. Baracbac FMR, Brgy. Baracbac, Santa Fe, Nueva Vizcaya",Baracbac,,15000.00,1.00,direct municipality row,"Concreting of Purok 4, Brgy. Baracbac FMR, Brgy. Baracbac, Santa Fe, Nueva Vizcaya"
nueva_vizcaya.xlsx,FMR,Nueva Vizcaya,LONE,Santa Fe,2026,Farm-to-Market Roads,,,,,"Concreting of Brgy. Calitlitan to Brgy. Buyasyas FMR, Brgy. Calitlitan, Aritao and Brgy. Buyasyas,",Calitlitan,,15000.00,1.00,direct municipality row,"Concreting of Brgy. Calitlitan to Brgy. Buyasyas FMR, Brgy. Calitlitan, Aritao and Brgy. Buyasyas,"
nueva_vizcaya.xlsx,FMR,Nueva Vizcaya,LONE,Aritao,2026,Farm-to-Market Roads,,,,,"Concreting of Brgy. Balite FMR, Brgy. Balite, Aritao, Nueva Vizcaya",Balite,,15000.00,1.00,direct municipality row,"Concreting of Brgy. Balite FMR, Brgy. Balite, Aritao, Nueva Vizcaya"
nueva_vizcaya.xlsx,FMR,Nueva Vizcaya,LONE,Aritao,2026,Farm-to-Market Roads,,,,,"Concreting of Sitio Mabauang (Upper and Lower) FMR, Brgy. Beti, Aritao, Nueva Vizcaya",Beti,,15000.00,1.00,direct municipality row,"Concreting of Sitio Mabauang (Upper and Lower) FMR, Brgy. Beti, Aritao, Nueva Vizcaya"
nueva_vizcaya.xlsx,FMR,Nueva Vizcaya,LONE,Bayombong (Capital),2026,Farm-to-Market Roads,,,,,"Concreting of Brgy. Busilac, Sitio Simmusu and Sitio Pacpaco, Purok 7 FMR, Brgy. Busilac, Bayombong, Nueva Vizcaya Nueva Vizcaya",Busilac,,25000.00,1.67,direct municipality row,"Concreting of Brgy. Busilac, Sitio Simmusu and Sitio Pacpaco, Purok 7 FMR, Brgy. Busilac, Bayombong, Nueva Vizcaya Nueva Vizcaya"
nueva_vizcaya.xlsx,FMR,Nueva Vizcaya,LONE,Bayombong (Capital),2026,Farm-to-Market Roads,,,,,"Concreting of Brgy. Cabuaan, Ladao Road, Purok 4 FMR, Brgy. Cabuaan, Bayombong, Nueva Vizcaya",Cabuaan,,20000.00,1.33,direct municipality row,"Concreting of Brgy. Cabuaan, Ladao Road, Purok 4 FMR, Brgy. Cabuaan, Bayombong, Nueva Vizcaya"
nueva_vizcaya.xlsx,FMR,Nueva Vizcaya,LONE,Bayombong (Capital),2026,Farm-to-Market Roads,,,,,"Concreting of Brgy. Magapuy, Purok 6, Bantil Road FMR, Brgy. Magapuy,",Magapuy,,20000.00,1.33,direct municipality row,"Concreting of Brgy. Magapuy, Purok 6, Bantil Road FMR, Brgy. Magapuy,"
nueva_vizcaya.xlsx,FMR,Nueva Vizcaya,LONE,Dupax del Sur,2026,Farm-to-Market Roads,,,,,"Concreting of Kimbutan (Purok Gunot-Pinakdetan) FMR, Brgy. Kimbutan, Dupax del Sur, Nueva Vizcaya",Kimbutan,,15000.00,1.00,direct municipality row,"Concreting of Kimbutan (Purok Gunot-Pinakdetan) FMR, Brgy. Kimbutan, Dupax del Sur, Nueva Vizcaya"
nueva_vizcaya.xlsx,FMR,Nueva Vizcaya,LONE,Kasibu,2026,Farm-to-Market Roads,,,,,"Construction of Brgy. Pao FMR, Brgy. Pao, Kasibu, Nueva Vizcaya",Pao,,10000.00,1.00,direct municipality row,"Construction of Brgy. Pao FMR, Brgy. Pao, Kasibu, Nueva Vizcaya"
nueva_vizcaya.xlsx,FMR,Nueva Vizcaya,LONE,Villaverde,2026,Farm-to-Market Roads,,,,,"Concreting of Sawmill FMR, Brgy. Sawmill, Villaverde, Nueva Vizcaya",Sawmill,,15000.00,1.00,direct municipality row,"Concreting of Sawmill FMR, Brgy. Sawmill, Villaverde, Nueva Vizcaya"
nueva_vizcaya.xlsx,FMR,Nueva Vizcaya,LONE,Kayapa,2026,Farm-to-Market Roads,,,,,"Concreting of Pantal-Pinayag, Gubot, Latbang FMR, Brgy. Pinayag, Kayapa, Nueva Vizcaya",Pinayag,,15000.00,1.00,direct municipality row,"Concreting of Pantal-Pinayag, Gubot, Latbang FMR, Brgy. Pinayag, Kayapa, Nueva Vizcaya"
nueva_vizcaya.xlsx,FMR,Nueva Vizcaya,LONE,Ambaguio,2027,Farm-to-Market Roads,,,,,"Construction of Natebwek-Bacwit FMR, Brgy. Poblacion, Ambaguio, Nueva Vizcaya",Poblacion,,21700.00,1.40,direct municipality row,"Construction of Natebwek-Bacwit FMR, Brgy. Poblacion, Ambaguio, Nueva Vizcaya"
nueva_vizcaya.xlsx,FMR,Nueva Vizcaya,LONE,Kayapa,2027,Farm-to-Market Roads,,,,,"Concreting of Brgy Babadi (Ganza-Buhlangan) FMR, Brgy. Babadi, Kayapa, Nueva Vizcaya",Babadi,,26350.00,1.70,direct municipality row,"Concreting of Brgy Babadi (Ganza-Buhlangan) FMR, Brgy. Babadi, Kayapa, Nueva Vizcaya"
nueva_vizcaya.xlsx,FMR,Nueva Vizcaya,LONE,Kasibu,2027,Farm-to-Market Roads,,,,,"Concreting of Brgy Macalong (Cell Site) FMR, Brgy Macalong, Kasibu, Nueva Vizcaya",Macalong,,15500.00,1.00,direct municipality row,"Concreting of Brgy Macalong (Cell Site) FMR, Brgy Macalong, Kasibu, Nueva Vizcaya"
nueva_vizcaya.xlsx,FMR,Nueva Vizcaya,LONE,Alfonso Castaneda,2027,Farm-to-Market Roads,,,,,"Concreting of Balintogon-Diwakwak FMR, Brgy. Lublub, Alfonso Castañeda, Nueva Vizcaya",Lublub,,27900.00,1.80,direct municipality row,"Concreting of Balintogon-Diwakwak FMR, Brgy. Lublub, Alfonso Castañeda, Nueva Vizcaya"
nueva_vizcaya.xlsx,FMR,Nueva Vizcaya,LONE,Dupax del Sur,2027,Farm-to-Market Roads,,,,,"Concreting of Carolotan (Dalayap) - Ganao- Sanguit FMR, Brgy. Carolotan, Dupax del Sur, Nueva Vizcaya",Carolotan,,48050.00,3.10,direct municipality row,"Concreting of Carolotan (Dalayap) - Ganao- Sanguit FMR, Brgy. Carolotan, Dupax del Sur, Nueva Vizcaya"
nueva_vizcaya.xlsx,FMR,Nueva Vizcaya,LONE,Santa Fe,2027,Farm-to-Market Roads,,,,,"Concreting of Tactac-Atbu FMR, Brgy. Atbu, Sta. Fe, Nueva Vizcaya",Tactac,,15500.00,1.00,direct municipality row,"Concreting of Tactac-Atbu FMR, Brgy. Atbu, Sta. Fe, Nueva Vizcaya"
nueva_vizcaya.xlsx,FMR,Nueva Vizcaya,LONE,Santa Fe,2027,Farm-to-Market Roads,,,,,"Concreting of Villaflores to Tac-tac FMR, Brgy. Villaflores, Santa Fe, Nueva Vizcaya",Villaflores,,43400.00,2.80,direct municipality row,"Concreting of Villaflores to Tac-tac FMR, Brgy. Villaflores, Santa Fe, Nueva Vizcaya"
nueva_vizcaya.xlsx,FMR,Nueva Vizcaya,LONE,Kasibu,2027,Farm-to-Market Roads,,,,,"Concreting of Joker Section-Brgy Biyoy FMR, Brgy. Camamasi, Kasibu, Nueva Vizcaya",Camamasi,,18445.00,1.19,direct municipality row,"Concreting of Joker Section-Brgy Biyoy FMR, Brgy. Camamasi, Kasibu, Nueva Vizcaya"
nueva_vizcaya.xlsx,FMR,Nueva Vizcaya,LONE,Kayapa,2027,Farm-to-Market Roads,,,,,"Concreting of Acacia-Binalian (Padang to Centro Section) FMR, Brgy. Acacia, Kayapa, Nueva Vizcaya",Acacia,,91915.00,5.93,direct municipality row,"Concreting of Acacia-Binalian (Padang to Centro Section) FMR, Brgy. Acacia, Kayapa, Nueva Vizcaya"
nueva_vizcaya.xlsx,FMR,Nueva Vizcaya,LONE,Ambaguio,2027,Farm-to-Market Roads,,,,,"Concreting of Labbi FMR, Brgy Tiblac, Ambaguio, Nueva Vizcaya",Tiblac,,37975.00,2.45,direct municipality row,"Concreting of Labbi FMR, Brgy Tiblac, Ambaguio, Nueva Vizcaya"
nueva_vizcaya.xlsx,FMR,Nueva Vizcaya,LONE,Diadi,2027,Farm-to-Market Roads,,,,,"Concreting of Guyabano Road FMR, Brgy San Pablo, Diadi, Nueva Vizcaya",San Pablo,,15500.00,1.00,direct municipality row,"Concreting of Guyabano Road FMR, Brgy San Pablo, Diadi, Nueva Vizcaya"
nueva_vizcaya.xlsx,FMR,Nueva Vizcaya,LONE,Diadi,2027,Farm-to-Market Roads,,,,,"Concreting of Purok 5 (Burburnay) FMR, Brgy. Duruarog, Diadi, Nueva Vizcaya",Duruarog,,29140.00,1.88,direct municipality row,"Concreting of Purok 5 (Burburnay) FMR, Brgy. Duruarog, Diadi, Nueva Vizcaya"
nueva_vizcaya.xlsx,FMR,Nueva Vizcaya,LONE,Bagabag,2027,Farm-to-Market Roads,,,,,"Upgrading of Amballo South-Mantanibong FMR, Brgy. Baretbet, Bagabag, Nueva Vizcaya",Baretbet,,22010.00,1.42,direct municipality row,"Upgrading of Amballo South-Mantanibong FMR, Brgy. Baretbet, Bagabag, Nueva Vizcaya"
nueva_vizcaya.xlsx,FMR,Nueva Vizcaya,LONE,Bagabag,2027,Farm-to-Market Roads,,,,,"Concreting of Murong (Kateppangan) - Careb FMR, Brgy. Murong, Bagabag, Nueva Vizcaya",Murong,,24800.00,1.60,direct municipality row,"Concreting of Murong (Kateppangan) - Careb FMR, Brgy. Murong, Bagabag, Nueva Vizcaya"
nueva_vizcaya.xlsx,FMR,Nueva Vizcaya,LONE,Villaverde,2027,Farm-to-Market Roads,,,,,"Concreting of Brgy Bintawan Sur (Lalatton to Mapaina) FMR, Villaverde, Nueva Vizcaya",Bintawan sur,,23250.00,1.50,direct municipality row,"Concreting of Brgy Bintawan Sur (Lalatton to Mapaina) FMR, Villaverde, Nueva Vizcaya"
nueva_vizcaya.xlsx,FMR,Nueva Vizcaya,LONE,Bayombong (Capital),2027,Farm-to-Market Roads,,,,,"Concreting of Casat-Masoc (Perez Road) FMR, Brgy Casat, Bayombong, Nueva Vizcaya",Casat,,15500.00,1.00,direct municipality row,"Concreting of Casat-Masoc (Perez Road) FMR, Brgy Casat, Bayombong, Nueva Vizcaya"
nueva_vizcaya.xlsx,FMR,Nueva Vizcaya,LONE,Bayombong (Capital),2027,Farm-to-Market Roads,,,,,"Concreting of Brgy Bansing (Purok 4 to Purok 3) FMR, Bayombong, Nueva Vizcaya",Bansing,,15500.00,1.00,direct municipality row,"Concreting of Brgy Bansing (Purok 4 to Purok 3) FMR, Bayombong, Nueva Vizcaya"
nueva_vizcaya.xlsx,FMR,Nueva Vizcaya,LONE,Quezon,2027,Farm-to-Market Roads,,,,,"Upgrading of Abroad-Dumaliguia FMR, Brgy Runruno, Quezon, Nueva Vizcaya",Runruno,,17050.00,1.10,direct municipality row,"Upgrading of Abroad-Dumaliguia FMR, Brgy Runruno, Quezon, Nueva Vizcaya"
nueva_vizcaya.xlsx,FMR,Nueva Vizcaya,LONE,Quezon,2027,Farm-to-Market Roads,,,,,"Concreting of Brgy Bonifacio (Burburnay) FMR, Brgy. Bonifacio, Quezon, Nueva Vizcaya",Bonifacio,,20150.00,1.30,direct municipality row,"Concreting of Brgy Bonifacio (Burburnay) FMR, Brgy. Bonifacio, Quezon, Nueva Vizcaya"
nueva_vizcaya.xlsx,FMR,Nueva Vizcaya,LONE,Dupax del Norte,2027,Farm-to-Market Roads,,,,,"Concreting of Pelagio Street FMR, Brgy Inaban, Brgy. Inaban, Dupax del Norte, Nueva Vizcaya",Inaban,,15500.00,1.00,direct municipality row,"Concreting of Pelagio Street FMR, Brgy Inaban, Brgy. Inaban, Dupax del Norte, Nueva Vizcaya"
nueva_vizcaya.xlsx,FMR,Nueva Vizcaya,LONE,Dupax del Norte,2027,Farm-to-Market Roads,,,,,"Concreting of Malasin (Accon)-Canabay FMR, Brgy. Malasin, Dupax del Norte, Nueva Vizcaya",Malasin,,15500.00,1.00,direct municipality row,"Concreting of Malasin (Accon)-Canabay FMR, Brgy. Malasin, Dupax del Norte, Nueva Vizcaya"
nueva_vizcaya.xlsx,FMR,Nueva Vizcaya,LONE,Bambang,2027,Farm-to-Market Roads,,,,,"Concreting of Sto Domingo West FMR, Brgy. Sto. Domingo West, Bambang, Nueva Vizcaya",Sto Domingo West,,18290.00,1.18,direct municipality row,"Concreting of Sto Domingo West FMR, Brgy. Sto. Domingo West, Bambang, Nueva Vizcaya"
nueva_vizcaya.xlsx,FMR,Nueva Vizcaya,LONE,Bambang,2027,Farm-to-Market Roads,,,,,"Concreting of Brgy Indiana (Kabayabasan to Purok 2) FMR, Brgy. Indiana, Bambang, Nueva Vizcaya",Indiana,,23250.00,1.50,direct municipality row,"Concreting of Brgy Indiana (Kabayabasan to Purok 2) FMR, Brgy. Indiana, Bambang, Nueva Vizcaya"
nueva_vizcaya.xlsx,FMR,Nueva Vizcaya,LONE,Aritao,2027,Farm-to-Market Roads,,,,,"Concreting of Brgy. Ocao-Capiniaan FMR, Brgy. Ocao to Brgy. Capiniaan, Aritao, Nueva Vizcaya",Ocao-Capiniaan,,23250.00,1.50,direct municipality row,"Concreting of Brgy. Ocao-Capiniaan FMR, Brgy. Ocao to Brgy. Capiniaan, Aritao, Nueva Vizcaya"
nueva_vizcaya.xlsx,FMR,Nueva Vizcaya,LONE,Aritao,2027,Farm-to-Market Roads,,,,,"Concreting of Upper Baan FMR, Brgy. Upper Baan, Aritao, Nueva Vizcaya",Baan,,27900.00,1.80,direct municipality row,"Concreting of Upper Baan FMR, Brgy. Upper Baan, Aritao, Nueva Vizcaya"
nueva_vizcaya.xlsx,FMR,Nueva Vizcaya,LONE,Solano,2027,Farm-to-Market Roads,,,,,"Concreting of Brgy. Wacal FMR, Wacal, Brgy. Wacal, Solano, Nueva Vizcaya",Wacal,,15500.00,1.00,direct municipality row,"Concreting of Brgy. Wacal FMR, Wacal, Brgy. Wacal, Solano, Nueva Vizcaya"
nueva_vizcaya.xlsx,FMR,Nueva Vizcaya,LONE,Solano,2027,Farm-to-Market Roads,,,,,"Concreting of Brgy Quirino FMR, Brgy. Quirino, Solano, Nueva Vizcaya",Quirino,,17515.00,1.13,direct municipality row,"Concreting of Brgy Quirino FMR, Brgy. Quirino, Solano, Nueva Vizcaya"
nueva_vizcaya.xlsx,FMR,Nueva Vizcaya,LONE,Dupax del Sur,2027,Farm-to-Market Roads,,,,,"Concreting of Brgy Mangayang (Ambueyo) FMR, Brgy. Mangayang, Dupax del Sur, Nueva Vizcaya",Mangayang,,17050.00,1.10,direct municipality row,"Concreting of Brgy Mangayang (Ambueyo) FMR, Brgy. Mangayang, Dupax del Sur, Nueva Vizcaya"
nueva_vizcaya.xlsx,FMR,Nueva Vizcaya,LONE,Alfonso Castaneda,2027,Farm-to-Market Roads,,,,,"Construction of Purok 4 FMR, Brgy Galintuja, Alfonso Castañeda, Nueva Vizcaya",Galintuha,,15500.00,1.00,direct municipality row,"Construction of Purok 4 FMR, Brgy Galintuja, Alfonso Castañeda, Nueva Vizcaya"
nueva_vizcaya.xlsx,SAAD,Nueva Vizcaya,LONE,Villaverde,2027,SAAD,,,,,c.1 Beneficiary Profiling conducted,group,6.00,0.00,,remarks municipality split,Villaverde Amabguio           
nueva_vizcaya.xlsx,SAAD,Nueva Vizcaya,LONE,Villaverde,2027,SAAD,,,,,c.2 Database Uploading conducted,group,6.00,0.00,,remarks municipality split,Villaverde Amabguio           
nueva_vizcaya.xlsx,SAAD,Nueva Vizcaya,LONE,Villaverde,2027,SAAD,,,,,1. HVC-based Project distributed,group,6.00,6108.00,,remarks municipality split,Villaverde Amabguio           
nueva_vizcaya.xlsx,SAAD,Nueva Vizcaya,LONE,Villaverde,2027,SAAD,,,,,2. Specialized Trainings conducted,number,2.00,160.00,,remarks municipality split,Villaverde Amabguio           
nueva_vizcaya.xlsx,SAAD,Nueva Vizcaya,LONE,Villaverde,2027,SAAD,,,,,1. Market-related trainings conducted,number,5.00,0.00,,remarks municipality split,Villaverde Amabguio           
nueva_vizcaya.xlsx,SAAD,Nueva Vizcaya,LONE,Villaverde,2027,SAAD,,,,,2. Partially established CBEs,group,3.00,0.00,,remarks municipality split,Villaverde Amabguio           
nueva_vizcaya.xlsx,4Ks,Nueva Vizcaya,LONE,Dupax del Norte,2027,4Ks,,,,,Upland Vegetables,no. of kg distributed,111.92,343.92,,remarks municipality split,Dupax Del Norte and Kayapa           
nueva_vizcaya.xlsx,4Ks,Nueva Vizcaya,LONE,Kayapa,2027,4Ks,,,,,Upland Vegetables,no. of kg distributed,111.92,343.92,,remarks municipality split,Dupax Del Norte and Kayapa           
nueva_vizcaya.xlsx,4Ks,Nueva Vizcaya,LONE,Dupax del Norte,2027,4Ks,,,,,Lowland Vegetables,no. of kg distributed,13.70,74.17,,remarks municipality split,Dupax Del Norte and Kayapa           
nueva_vizcaya.xlsx,4Ks,Nueva Vizcaya,LONE,Kayapa,2027,4Ks,,,,,Lowland Vegetables,no. of kg distributed,13.70,74.17,,remarks municipality split,Dupax Del Norte and Kayapa           
nueva_vizcaya.xlsx,4Ks,Nueva Vizcaya,LONE,Dupax del Norte,2027,4Ks,,,,,Organic Fertilizer,no. of kg distributed,1000.00,10.00,,remarks municipality split,Dupax Del Norte and Kayapa           
nueva_vizcaya.xlsx,4Ks,Nueva Vizcaya,LONE,Kayapa,2027,4Ks,,,,,Organic Fertilizer,no. of kg distributed,1000.00,10.00,,remarks municipality split,Dupax Del Norte and Kayapa           
nueva_vizcaya.xlsx,4Ks,Nueva Vizcaya,LONE,Dupax del Norte,2027,4Ks,,,,,Ube Planting Materials,no. of kg distributed,2000.00,600.00,,remarks municipality split,Dupax Del Norte and Kayapa           
nueva_vizcaya.xlsx,4Ks,Nueva Vizcaya,LONE,Kayapa,2027,4Ks,,,,,Ube Planting Materials,no. of kg distributed,2000.00,600.00,,remarks municipality split,Dupax Del Norte and Kayapa           
nueva_vizcaya.xlsx,4Ks,Nueva Vizcaya,LONE,Dupax del Norte,2027,4Ks,,,,,c. Micro-Tiller,No. of units,2.00,60.00,,remarks municipality split,Dupax Del Norte and Kayapa           
nueva_vizcaya.xlsx,4Ks,Nueva Vizcaya,LONE,Kayapa,2027,4Ks,,,,,c. Micro-Tiller,No. of units,2.00,60.00,,remarks municipality split,Dupax Del Norte and Kayapa           
nueva_vizcaya.xlsx,4Ks,Nueva Vizcaya,LONE,Dupax del Norte,2027,4Ks,,,,,d. Knapsack Sprayer,No. of units,4.00,10.00,,remarks municipality split,Dupax Del Norte and Kayapa           
nueva_vizcaya.xlsx,4Ks,Nueva Vizcaya,LONE,Kayapa,2027,4Ks,,,,,d. Knapsack Sprayer,No. of units,4.00,10.00,,remarks municipality split,Dupax Del Norte and Kayapa           
nueva_vizcaya.xlsx,4Ks,Nueva Vizcaya,LONE,Dupax del Norte,2027,4Ks,,,,,e. Grass Cutter,No. of units,1.00,25.00,,remarks municipality split,Dupax Del Norte and Kayapa           
nueva_vizcaya.xlsx,4Ks,Nueva Vizcaya,LONE,Kayapa,2027,4Ks,,,,,e. Grass Cutter,No. of units,1.00,25.00,,remarks municipality split,Dupax Del Norte and Kayapa           
nueva_vizcaya.xlsx,4Ks,Nueva Vizcaya,LONE,Dupax del Norte,2027,4Ks,,,,,h. Garden Tools,No. of pcs,35.00,31.40,,remarks municipality split,Dupax Del Norte and Kayapa           
nueva_vizcaya.xlsx,4Ks,Nueva Vizcaya,LONE,Kayapa,2027,4Ks,,,,,h. Garden Tools,No. of pcs,35.00,31.40,,remarks municipality split,Dupax Del Norte and Kayapa           
nueva_vizcaya.xlsx,PRDP,Nueva Vizcaya,LONE,Kayapa,2026,PRDP,,,,,Upgrading of Pangawan-Banao Farm to Market Road,"Pangawan, Banao",,334482.00,10.86,direct municipality row,Upgrading of Pangawan-Banao Farm to Market Road
nueva_vizcaya.xlsx,PRDP,Nueva Vizcaya,LONE,Kasibu,2026,PRDP,,,,,Rehabilitation of Tadji-Tukod Farm to Market Road,"Tadji, Tukod",,238756.00,9.94,direct municipality row,Rehabilitation of Tadji-Tukod Farm to Market Road
quirino.xlsx,HALAL,Quirino,LONE,Nagtipunan,2027,HALAL,,,,,2. Halal Product Certification Assistance,,0.50,250.00,,remarks municipality split,"Nagtipunan, Diffun           "
quirino.xlsx,HALAL,Quirino,LONE,Diffun,2027,HALAL,,,,,2. Halal Product Certification Assistance,,0.50,250.00,,remarks municipality split,"Nagtipunan, Diffun           "
quirino.xlsx,HALAL,Quirino,LONE,Nagtipunan,2027,HALAL,,,,,"4. Training on Halal Compliance, Certification, and Export Requirements (Ube & Coffee)",number,0.50,25.00,,remarks municipality split,"Nagtipunan, Diffun           "
quirino.xlsx,HALAL,Quirino,LONE,Diffun,2027,HALAL,,,,,"4. Training on Halal Compliance, Certification, and Export Requirements (Ube & Coffee)",number,0.50,25.00,,remarks municipality split,"Nagtipunan, Diffun           "
quirino.xlsx,HALAL,Quirino,LONE,Nagtipunan,2027,HALAL,,,,,5. Training on Postharvest Handling,number,0.50,25.00,,remarks municipality split,"Nagtipunan, Diffun           "
quirino.xlsx,HALAL,Quirino,LONE,Diffun,2027,HALAL,,,,,5. Training on Postharvest Handling,number,0.50,25.00,,remarks municipality split,"Nagtipunan, Diffun           "
quirino.xlsx,HALAL,Quirino,LONE,Nagtipunan,2027,HALAL,,,,,Production of Quality Ube Planting Materials,number,60.00,6300.00,,remarks municipality split,"Nagtipunan, Diffun           "
quirino.xlsx,HALAL,Quirino,LONE,Diffun,2027,HALAL,,,,,Production of Quality Ube Planting Materials,number,60.00,6300.00,,remarks municipality split,"Nagtipunan, Diffun           "
quirino.xlsx,HALAL,Quirino,LONE,Aglipay,2027,HALAL,,,,,Provision of Plant Nurseries for Propagation,number,1.00,1500.00,,remarks municipality split,Aglipay           
quirino.xlsx,HALAL,Quirino,LONE,Nagtipunan,2027,HALAL,,,,,Provision of Organic Fertilizer (for expansion of ube production),hectare,15.00,120.00,,remarks municipality split,"Nagtipunan, Diffun           "
quirino.xlsx,HALAL,Quirino,LONE,Diffun,2027,HALAL,,,,,Provision of Organic Fertilizer (for expansion of ube production),hectare,15.00,120.00,,remarks municipality split,"Nagtipunan, Diffun           "
quirino.xlsx,HALAL,Quirino,LONE,Diffun,2027,HALAL,,,,,Establishment of Ube Powder Processing Facility,number,1.00,10205.00,,remarks municipality split,Diffun           
quirino.xlsx,FMR,Quirino,LONE,Cabarroguis (Capital),2025,Farm-to-Market Roads,,,,,"Concreting of Brgy. Del Pilar FMR, Brgy. Del Pilar, Cabarroguis, Quirino",Del Pilar,,30000.00,2.00,direct municipality row,"Concreting of Brgy. Del Pilar FMR, Brgy. Del Pilar, Cabarroguis, Quirino"
quirino.xlsx,FMR,Quirino,LONE,Cabarroguis (Capital),2025,Farm-to-Market Roads,,,,,"Improvement/Concreting of Brgy Burgos FMR, Brgy. Burgos,Cabarroguis, Quirino",Burgos,,10000.00,0.67,direct municipality row,"Improvement/Concreting of Brgy Burgos FMR, Brgy. Burgos,Cabarroguis, Quirino"
quirino.xlsx,FMR,Quirino,LONE,Cabarroguis (Capital),2025,Farm-to-Market Roads,,,,,"Improvement/Concreting of Brgy San Marcos FMR, Brgy. San Marcos, Cabarroguis, Quirino",San Marcos,,10000.00,0.67,direct municipality row,"Improvement/Concreting of Brgy San Marcos FMR, Brgy. San Marcos, Cabarroguis, Quirino"
quirino.xlsx,FMR,Quirino,LONE,Cabarroguis (Capital),2025,Farm-to-Market Roads,,,,,"Improvement/Concreting of Brgy. Zamora FMR, Brgy. Zamora, Cabarroguis, Quirino",Zamora,,30000.00,2.00,direct municipality row,"Improvement/Concreting of Brgy. Zamora FMR, Brgy. Zamora, Cabarroguis, Quirino"
quirino.xlsx,FMR,Quirino,LONE,Cabarroguis (Capital),2025,Farm-to-Market Roads,,,,,"Improvement/Concreting of Brgy. Gundaway FMR, Brgy. Gundaway, Cabarroguis, Quirino",Gundaway,,10000.00,0.67,direct municipality row,"Improvement/Concreting of Brgy. Gundaway FMR, Brgy. Gundaway, Cabarroguis, Quirino"
quirino.xlsx,FMR,Quirino,LONE,Diffun,2025,Farm-to-Market Roads,,,,,"Improvement/Concreting of Brgy. Aurora West FMR, Brgy. Aurora West, Diffun, Quirino",Aurora West,,15000.00,1.00,direct municipality row,"Improvement/Concreting of Brgy. Aurora West FMR, Brgy. Aurora West, Diffun, Quirino"
quirino.xlsx,FMR,Quirino,LONE,Diffun,2025,Farm-to-Market Roads,,,,,"Improvement/Concreting of Brgy. Rizal FMR, Brgy. Rizal, Diffun, Quirino",Rizal,,15000.00,1.00,direct municipality row,"Improvement/Concreting of Brgy. Rizal FMR, Brgy. Rizal, Diffun, Quirino"
quirino.xlsx,FMR,Quirino,LONE,Diffun,2025,Farm-to-Market Roads,,,,,"Improvement/Concreting of Brgy. Andres Bonifacio FMR, Brgy. Andres Bonifacio, Diffun, Quirino",Andres Bonifacio,,30000.00,2.00,direct municipality row,"Improvement/Concreting of Brgy. Andres Bonifacio FMR, Brgy. Andres Bonifacio, Diffun, Quirino"
quirino.xlsx,FMR,Quirino,LONE,Diffun,2025,Farm-to-Market Roads,,,,,"Improvement/Concreting of Brgy. Aurora East FMR, Brgy. Aurora East, Diffun, Quirino",Aurora East,,30000.00,2.00,direct municipality row,"Improvement/Concreting of Brgy. Aurora East FMR, Brgy. Aurora East, Diffun, Quirino"
quirino.xlsx,FMR,Quirino,LONE,Maddela,2025,Farm-to-Market Roads,,,,,"Concreting of Divisoria Norte FMR, Bgry. Divisoria Norte, Maddela, Quirino",Divisoria Norte,,15000.00,1.00,direct municipality row,"Concreting of Divisoria Norte FMR, Bgry. Divisoria Norte, Maddela, Quirino"
quirino.xlsx,FMR,Quirino,LONE,Saguday,2025,Farm-to-Market Roads,,,,,"Concreting of Gamis- Tres Reyes FMR,Brgy. Gamis- Tres Reyes, Saguday, Quirino",Gamis-Tres Reyes,,15000.00,1.00,direct municipality row,"Concreting of Gamis- Tres Reyes FMR,Brgy. Gamis- Tres Reyes, Saguday, Quirino"
quirino.xlsx,FMR,Quirino,LONE,Aglipay,2026,Farm-to-Market Roads,,,,,"Construction of Brgy.Villa Pagaduan-Brgy. Nilamanan FMR, Brgy. Villa Pagaduan, Aglipay, Quirino",Nilamanan,,15000.00,1.00,direct municipality row,"Construction of Brgy.Villa Pagaduan-Brgy. Nilamanan FMR, Brgy. Villa Pagaduan, Aglipay, Quirino"
quirino.xlsx,FMR,Quirino,LONE,Diffun,2026,Farm-to-Market Roads,,,,,"Construction of Brgy. Rizal FMR, Brgy. Rizal, Diffun, Quirino",Rizal,,5000.00,0.33,direct municipality row,"Construction of Brgy. Rizal FMR, Brgy. Rizal, Diffun, Quirino"
quirino.xlsx,FMR,Quirino,LONE,Nagtipunan,2026,Farm-to-Market Roads,,,,,"Construction of Brgy. San Dionisio II FMR, Brgy. San Dionisio II, Nagtipunan, Quirino",San Dionisio II,,10000.00,0.67,direct municipality row,"Construction of Brgy. San Dionisio II FMR, Brgy. San Dionisio II, Nagtipunan, Quirino"
quirino.xlsx,FMR,Quirino,LONE,Maddela,2026,Farm-to-Market Roads,,,,,"Construction of Brgy. Sto. Tomas FMR, Brgy. Sto. Tomas, Maddela, Quirino",Sto. Tomas,,5000.00,0.33,direct municipality row,"Construction of Brgy. Sto. Tomas FMR, Brgy. Sto. Tomas, Maddela, Quirino"
quirino.xlsx,FMR,Quirino,LONE,Cabarroguis (Capital),2026,Farm-to-Market Roads,,,,,"Concreting of Purok 2, Brgy. Calaocan FMR, Brgy. Calaocan, Cabarroguis, Quirino",Calaocan,,15000.00,1.00,direct municipality row,"Concreting of Purok 2, Brgy. Calaocan FMR, Brgy. Calaocan, Cabarroguis, Quirino"
quirino.xlsx,FMR,Quirino,LONE,Aglipay,2027,Farm-to-Market Roads,,,,,"Construction of Sitio Diawe, Brgy. Sta Victoria to Sitio San Juan, Brgy. Diodol FMR, Brgy. Sta. Victoria and Brgy. Diodol, Aglipay, Quirino",Sta Victoria - Diodol,,31000.00,2.00,direct municipality row,"Construction of Sitio Diawe, Brgy. Sta Victoria to Sitio San Juan, Brgy. Diodol FMR, Brgy. Sta. Victoria and Brgy. Diodol, Aglipay, Quirino"
quirino.xlsx,FMR,Quirino,LONE,Maddela,2027,Farm-to-Market Roads,,,,,"Construction of Purok 4 to 5, Brgy Cabua-an FMR, Brgy. Cabua-an, Maddela, Quirino",Cabua-an,,15500.00,1.00,direct municipality row,"Construction of Purok 4 to 5, Brgy Cabua-an FMR, Brgy. Cabua-an, Maddela, Quirino"
quirino.xlsx,FMR,Quirino,LONE,Diffun,2027,Farm-to-Market Roads,,,,,"Concreting of Sitio Dulay, Brgy. Bannawag FMR, Brgy. Bannawag, Diffun, Quirino",Bannawag,,15500.00,1.00,direct municipality row,"Concreting of Sitio Dulay, Brgy. Bannawag FMR, Brgy. Bannawag, Diffun, Quirino"
quirino.xlsx,FMR,Quirino,LONE,Nagtipunan,2027,Farm-to-Market Roads,,,,,"Concreting of Brgy Ricarte Norte FMR, Brgy. Ricarte Norte, Diffun, Quirino",Ricarte Norte,,15500.00,1.00,direct municipality row,"Concreting of Brgy Ricarte Norte FMR, Brgy. Ricarte Norte, Diffun, Quirino"
quirino.xlsx,FMR,Quirino,LONE,Nagtipunan,2027,Farm-to-Market Roads,,,,,"oncreting of Purok 2-Sitio Tanawan, Brgy. Dissimungal FMR, Brgy. Dissimungal, Nagtipunan, Quirino",Dissimungal,,15500.00,1.00,direct municipality row,"oncreting of Purok 2-Sitio Tanawan, Brgy. Dissimungal FMR, Brgy. Dissimungal, Nagtipunan, Quirino"
quirino.xlsx,FMR,Quirino,LONE,Nagtipunan,2027,Farm-to-Market Roads,,,,,"Construction of Asaclat-San Dionisio II FMR, Brgy. Asaclat, Nagtipunan, Quirino",Asaclat,,15500.00,1.00,direct municipality row,"Construction of Asaclat-San Dionisio II FMR, Brgy. Asaclat, Nagtipunan, Quirino"
quirino.xlsx,FMR,Quirino,LONE,Cabarroguis (Capital),2027,Farm-to-Market Roads,,,,,"Concreting of Brgy. Villamor FMR, Brgy. Villamor, Cabarroguis, Quirino",Villamor,,15500.00,1.00,direct municipality row,"Concreting of Brgy. Villamor FMR, Brgy. Villamor, Cabarroguis, Quirino"
quirino.xlsx,FMR,Quirino,LONE,Saguday,2027,Farm-to-Market Roads,,,,,"Concreting of Rizal-La Paz-Bannawag FMR, Brgy. Rizal, Brgy. La Paz,and Brgy. Bannawag, Saguday, Quirino",Lapaz- Bannawag,,31000.00,2.00,direct municipality row,"Concreting of Rizal-La Paz-Bannawag FMR, Brgy. Rizal, Brgy. La Paz,and Brgy. Bannawag, Saguday, Quirino"
quirino.xlsx,FMR,Quirino,LONE,Nagtipunan,2027,Farm-to-Market Roads,,,,,"Construction of Brgy. Mataddi FMR, Brgy. Mataddi, Nagtipunan, Quirino",Mataddi,,15000.00,1.00,direct municipality row,"Construction of Brgy. Mataddi FMR, Brgy. Mataddi, Nagtipunan, Quirino"
quirino.xlsx,FMR,Quirino,LONE,Nagtipunan,2027,Farm-to-Market Roads,,,,,"Construction of Brgy. Matmad FMR, Brgy. Matmad, Nagtipunan, Quirino",Matmad,,21750.00,1.45,direct municipality row,"Construction of Brgy. Matmad FMR, Brgy. Matmad, Nagtipunan, Quirino"
quirino.xlsx,FMR,Quirino,LONE,Maddela,2027,Farm-to-Market Roads,,,,,"Concreting of Brgy. Cabaruan FMR, Brgy. Cabaruan, Maddela, Quirino",Cabaruan,,15000.00,1.00,direct municipality row,"Concreting of Brgy. Cabaruan FMR, Brgy. Cabaruan, Maddela, Quirino"
quirino.xlsx,FMR,Quirino,LONE,Maddela,2027,Farm-to-Market Roads,,,,,"Concreting of P7 Brgy, Balligui FMR, Brgy. Balligui, Maddela, Quirino,",Balligui,,18000.00,1.20,direct municipality row,"Concreting of P7 Brgy, Balligui FMR, Brgy. Balligui, Maddela, Quirino,"
quirino.xlsx,FMR,Quirino,LONE,Maddela,2027,Farm-to-Market Roads,,,,,"Concreting of P1-P2, Brgy. Cabua-an FMR, Brgy. Cabua-an, Maddela, Quirino",Cabua-an,,33000.00,2.20,direct municipality row,"Concreting of P1-P2, Brgy. Cabua-an FMR, Brgy. Cabua-an, Maddela, Quirino"
quirino.xlsx,FMR,Quirino,LONE,Maddela,2027,Farm-to-Market Roads,,,,,"Concreting of P4-P5, Brgy. Cabua-an FMR, Brgy. Cabua-an, Maddela, Quirino",Cabua-an,,18966.00,1.25,direct municipality row,"Concreting of P4-P5, Brgy. Cabua-an FMR, Brgy. Cabua-an, Maddela, Quirino"
quirino.xlsx,FMR,Quirino,LONE,Aglipay,2027,Farm-to-Market Roads,,,,,"Concreting of Dagupan FMR, Brgy. Dagupan, Aglipay, Quirino",Dagupan,,15000.00,1.00,direct municipality row,"Concreting of Dagupan FMR, Brgy. Dagupan, Aglipay, Quirino"
quirino.xlsx,FMR,Quirino,LONE,Aglipay,2027,Farm-to-Market Roads,,,,,"Concreting of Villa Pagaduan FMR, Brgy. Villa Pagaduan, Aglipay, Quirino",Villa Pagaduan,,15000.00,1.00,direct municipality row,"Concreting of Villa Pagaduan FMR, Brgy. Villa Pagaduan, Aglipay, Quirino"
quirino.xlsx,FMR,Quirino,LONE,Aglipay,2027,Farm-to-Market Roads,,,,,"Concreting of Brgy. San Benigno FMR, Brgy. San Benigno, Aglipay Quirino",San Benigno,,15000.00,1.00,direct municipality row,"Concreting of Brgy. San Benigno FMR, Brgy. San Benigno, Aglipay Quirino"
quirino.xlsx,FMR,Quirino,LONE,Diffun,2027,Farm-to-Market Roads,,,,,"Concreting of Purok 3, Brgy Dumanisi FMR, Brgy. Dumanisi, Diffun, Quirino",Dumanisi,,30000.00,2.00,direct municipality row,"Concreting of Purok 3, Brgy Dumanisi FMR, Brgy. Dumanisi, Diffun, Quirino"
quirino.xlsx,FMR,Quirino,LONE,Diffun,2027,Farm-to-Market Roads,,,,,"Concreting of Brgy Gabriela Silang FMR, Brgy. Gabriela Silang, Diffun, Quirino",Gabriel Silang,,37500.00,2.50,direct municipality row,"Concreting of Brgy Gabriela Silang FMR, Brgy. Gabriela Silang, Diffun, Quirino"
quirino.xlsx,FMR,Quirino,LONE,Diffun,2027,Farm-to-Market Roads,,,,,"Concreting of Brgy Liwayway FMR, Brgy. Liwayway, Diffun, Quirino",Liwayway,,55500.00,3.70,direct municipality row,"Concreting of Brgy Liwayway FMR, Brgy. Liwayway, Diffun, Quirino"
quirino.xlsx,FMR,Quirino,LONE,Cabarroguis (Capital),2027,Farm-to-Market Roads,,,,,"Construction of Brgy. Banuar FMR, Brgy. Banuar, Cabarroguis, Quirino",Banuar,,16500.00,1.10,direct municipality row,"Construction of Brgy. Banuar FMR, Brgy. Banuar, Cabarroguis, Quirino"
quirino.xlsx,FMR,Quirino,LONE,Saguday,2027,Farm-to-Market Roads,,,,,"Concreting of Purok 2-Loacan FMR, Brgy. Dibibi, Cabarroguis, Quirino",Dibibi,,15500.00,1.00,direct municipality row,"Concreting of Purok 2-Loacan FMR, Brgy. Dibibi, Cabarroguis, Quirino"
quirino.xlsx,FMR,Quirino,LONE,Saguday,2027,Farm-to-Market Roads,,,,,"Concreting of Magsaysay-Gamis Phase II FMR, Brgy. Magsaysay and Brgy. Gamis, Saguday, Quirino",Magsaysay - Gamis,,17925.00,1.20,direct municipality row,"Concreting of Magsaysay-Gamis Phase II FMR, Brgy. Magsaysay and Brgy. Gamis, Saguday, Quirino"
quirino.xlsx,FMR,Quirino,LONE,Saguday,2027,Farm-to-Market Roads,,,,,"Concreting of Brgy. Cardenas (Saguday Eco Park) to Brgy. Balagbag FMR, Brgy. Cardenas and Brgy. Balagbag, Saguday, Quirino",Cardenas-Balagbag,,15000.00,1.00,direct municipality row,"Concreting of Brgy. Cardenas (Saguday Eco Park) to Brgy. Balagbag FMR, Brgy. Cardenas and Brgy. Balagbag, Saguday, Quirino"
quirino.xlsx,FMR,Quirino,LONE,Saguday,2027,Farm-to-Market Roads,,,,,"Concreting of Brgy. Magsaysay-Brgy. Rizal- Brgy. Tres Reyes-Brgy. Sto. Tomas FMR, Brgy. Magsaysay-Brgy. Rizal- Brgy. Tres Reyes-Brgy. Sto. Tomas, Saguday, Quirino",Magsaysay-Rizal-Tres Reyes-Sto Tomas,,18750.00,1.25,direct municipality row,"Concreting of Brgy. Magsaysay-Brgy. Rizal- Brgy. Tres Reyes-Brgy. Sto. Tomas FMR, Brgy. Magsaysay-Brgy. Rizal- Brgy. Tres Reyes-Brgy. Sto. Tomas, Saguday, Quirino"
quirino.xlsx,FMR,Quirino,LONE,Saguday,2027,Farm-to-Market Roads,,,,,"Concreting of Salvacion-Sta. Rosa FMR, Brgy. Salvacion to Brgy. Sta. Rosa, Saguday, Quirino",Salvacion- Sta Rosa,,37500.00,2.50,direct municipality row,"Concreting of Salvacion-Sta. Rosa FMR, Brgy. Salvacion to Brgy. Sta. Rosa, Saguday, Quirino"
quirino.xlsx,FMR,Quirino,LONE,Saguday,2027,Farm-to-Market Roads,,,,,"Concreting of Cardenas-LGU Sanitary Land Fill-Lutuad FMR, Brgy. Cardenas to Brgy. Luttuad, Saguday, Qurino",Cardenas-Luttuad,,18750.00,1.25,direct municipality row,"Concreting of Cardenas-LGU Sanitary Land Fill-Lutuad FMR, Brgy. Cardenas to Brgy. Luttuad, Saguday, Qurino"
quirino.xlsx,FMR,Quirino,LONE,Saguday,2027,Farm-to-Market Roads,,,,,"Concreting of Brgy. Rizal-Brgy. Magsaysay- Brgy. Mangandingay FMR, Brgy. Brgy. Rizal-Brgy. Magsaysay- Brgy. Mangandingay, Saguday, Quirino",Rizal-Magsaysay-Mangandingay,,15000.00,1.00,direct municipality row,"Concreting of Brgy. Rizal-Brgy. Magsaysay- Brgy. Mangandingay FMR, Brgy. Brgy. Rizal-Brgy. Magsaysay- Brgy. Mangandingay, Saguday, Quirino"
quirino.xlsx,SAAD,Quirino,LONE,Saguday,2027,SAAD,,,,,1. Capability Building activities conducted,group,4.00,0.00,,remarks municipality split,Saguday           
quirino.xlsx,SAAD,Quirino,LONE,Saguday,2027,SAAD,,,,,1. Beneficiary Profiling conducted,group,4.00,0.00,,remarks municipality split,Saguday           
quirino.xlsx,SAAD,Quirino,LONE,Saguday,2027,SAAD,,,,,2. Database Uploading conducted,group,4.00,0.00,,remarks municipality split,Saguday           
quirino.xlsx,SAAD,Quirino,LONE,Saguday,2027,SAAD,,,,,1. HVC-based Project distributed,group,4.00,2880.00,,remarks municipality split,Saguday           
quirino.xlsx,SAAD,Quirino,LONE,Saguday,2027,SAAD,,,,,2. Specialized Trainings conducted,number,1.00,75.00,,remarks municipality split,Saguday           
quirino.xlsx,SAAD,Quirino,LONE,Saguday,2027,SAAD,,,,,1. Market-related trainings conducted,number,3.00,0.00,,remarks municipality split,Saguday           
quirino.xlsx,SAAD,Quirino,LONE,Saguday,2027,SAAD,,,,,2. Partially established CBEs,group,1.00,0.00,,remarks municipality split,Saguday           
quirino.xlsx,4K,Quirino,LONE,Nagtipunan,2027,4Ks,,,,,c. Fruit Bearing Trees,no. of pcs distributed,,0.00,,remarks municipality split,Nagtipunan           
quirino.xlsx,4K,Quirino,LONE,Nagtipunan,2027,4Ks,,,,,d. Organic Fertilizer,no. of bags distributed,2000.00,20.00,,remarks municipality split,Nagtipunan           
quirino.xlsx,4K,Quirino,LONE,Nagtipunan,2027,4Ks,,,,,e. Ube Planting Materials,no. of kg distributed,2000.00,600.00,,remarks municipality split,Nagtipunan           
quirino.xlsx,4K,Quirino,LONE,Nagtipunan,2027,4Ks,,,,,d. Knapsack,No. of units,4.00,10.00,,remarks municipality split,Nagtipunan           
quirino.xlsx,4K,Quirino,LONE,Nagtipunan,2027,4Ks,,,,,e. Grass Cutter,No. of units,1.00,25.00,,remarks municipality split,Nagtipunan           
quirino.xlsx,4K,Quirino,LONE,Nagtipunan,2027,4Ks,,,,,h. Garden Tools,No. of pcs,35.00,31.40,,remarks municipality split,Nagtipunan           
quirino.xlsx,PRDP,Quirino,LONE,Aglipay,2026,PRDP,,,,,"Rehabilitation of Brgy. Ligaya-Villa Ventura Farm-to-Market Road, Aglipay, Quirino",Ligaya-Villa Ventura,,104775.00,5.76,direct municipality row,"Rehabilitation of Brgy. Ligaya-Villa Ventura Farm-to-Market Road, Aglipay, Quirino"
quirino.xlsx,PRDP,Quirino,LONE,Diffun,2026,PRDP,,,,,Rehabilitation of Gabriela Silang-Don Faustino Pagaduan FMR,Gabriela Silang-Don Faustino Pagaduan,,227913.47,9.95,direct municipality row,Rehabilitation of Gabriela Silang-Don Faustino Pagaduan FMR
quirino.xlsx,PRDP,Quirino,LONE,Cabarroguis (Capital),2026,PRDP,,,,,Construction of Potable Water Supply Level-II (Spring Development) at Gomez,Gomez,,3740.00,123.00,direct municipality row,Construction of Potable Water Supply Level-II (Spring Development) at Gomez
quirino.xlsx,PRDP,Quirino,LONE,Cabarroguis (Capital),2026,PRDP,,,,,Construction of Potable Water Supply Level-II (Spring Development) at Tucod,Tucod,,3462.00,180.00,direct municipality row,Construction of Potable Water Supply Level-II (Spring Development) at Tucod
quirino.xlsx,tier 2 FMR rehab,Quirino,LONE,Aglipay,2026,Farm-to-Market Roads,,,,,"Rehabilitation Of Nrj-Dungo-San Salvador-Divisoria Sur Road,Dungo-San Salvador-Divisoria Sur, Aglipay, Quirino",Dungo-San Salvador-Divisoria Sur,,153000.00,10.20,direct municipality row,"Rehabilitation Of Nrj-Dungo-San Salvador-Divisoria Sur Road,Dungo-San Salvador-Divisoria Sur, Aglipay, Quirino"
quirino.xlsx,tier 2 FMR rehab,Quirino,LONE,Diffun,2026,Farm-to-Market Roads,,,,,"Rehabilitation Of Maria Clara-San Isidro Fmr, Brgy Maria Clara-San Isidro, Diffun, Quirino",Maria Clara-San Isidro,,37815.00,2.52,direct municipality row,"Rehabilitation Of Maria Clara-San Isidro Fmr, Brgy Maria Clara-San Isidro, Diffun, Quirino"
quirino.xlsx,tier 2 FMR rehab,Quirino,LONE,Maddela,2026,Farm-to-Market Roads,,,,,"Rehabilitation Of San Martin-Dionisio I Road, Brgy San Martin, Maddela, Quirino",San Martin-Dionisio I,,21585.00,1.44,direct municipality row,"Rehabilitation Of San Martin-Dionisio I Road, Brgy San Martin, Maddela, Quirino"
quirino.xlsx,tier 2 FMR rehab,Quirino,LONE,Nagtipunan,2026,Farm-to-Market Roads,,,,,"Rehabilitation Of San Dionisio II-Sitio Kimmabayo Road FMR, Brgys San Dionisio II-Sitio Kimmabayo, Nagtipunan, Quirino",San Dionisio II-Sitio Kimmabayo,,56115.00,3.74,direct municipality row,"Rehabilitation Of San Dionisio II-Sitio Kimmabayo Road FMR, Brgys San Dionisio II-Sitio Kimmabayo, Nagtipunan, Quirino"
quirino.xlsx,tier 2 FMR rehab,Quirino,LONE,Saguday,2026,Farm-to-Market Roads,,,,,"Concreting Of Cabilis St. Cardenas Fmr, Brgy Cardenas, Saguday, Quirino","Cabili St., Cardenas",,15825.00,1.05,direct municipality row,"Concreting Of Cabilis St. Cardenas Fmr, Brgy Cardenas, Saguday, Quirino"
quirino.xlsx,tier 2 FMR rehab,Quirino,LONE,Cabarroguis (Capital),2026,Farm-to-Market Roads,,,,,"Construction/Improvement Of Brgy. Villamor Farm-To-Market Road, Brgy Villamor, Cabagarroguis, Quirino",Villamor,,25500.00,1.70,direct municipality row,"Construction/Improvement Of Brgy. Villamor Farm-To-Market Road, Brgy Villamor, Cabagarroguis, Quirino"
quirino.xlsx,tier 2 FMR rehab,Quirino,LONE,Aglipay,2026,Farm-to-Market Roads,,,,,"Construction/Improvement Of Brgy. Victoria Farm-To-Market Road, Brgy Victoria, Aglipay, Quirino",Victoria,,15000.00,1.00,direct municipality row,"Construction/Improvement Of Brgy. Victoria Farm-To-Market Road, Brgy Victoria, Aglipay, Quirino"
quirino.xlsx,tier 2 FMR rehab,Quirino,LONE,Maddela,2026,Farm-to-Market Roads,,,,,"Construction/Improvement Of Villa Hermosa Norte Farm-To-Market Road, Brgy Villa Hermosa Norte, Maddela, Quirino",Villa Hermosa Norte,,15000.00,1.00,direct municipality row,"Construction/Improvement Of Villa Hermosa Norte Farm-To-Market Road, Brgy Villa Hermosa Norte, Maddela, Quirino"
quirino.xlsx,tier 2 FMR rehab,Quirino,LONE,Maddela,2026,Farm-to-Market Roads,,,,,"Construction/Improvement Of Brgy. Lusod Farm-To-Market Road, Brgy Lusod and Buenavista, Maddela, Quirino",Lusod & Buenavista,,18750.00,1.25,direct municipality row,"Construction/Improvement Of Brgy. Lusod Farm-To-Market Road, Brgy Lusod and Buenavista, Maddela, Quirino"
quirino.xlsx,tier 2 FMR rehab,Quirino,LONE,Aglipay,2026,Farm-to-Market Roads,,,,,"Construction/Improvement Of Brgy. Dagupan Farm-To-Market Road, Brgy Dagupan,Maddela, Quirino",Dagupan,,15000.00,1.00,direct municipality row,"Construction/Improvement Of Brgy. Dagupan Farm-To-Market Road, Brgy Dagupan,Maddela, Quirino"
quirino.xlsx,tier 2 FMR rehab,Quirino,LONE,Saguday,2026,Farm-to-Market Roads,,,,,"Construction/Improvement Of Brgy. Cardenas Farm-To-Market Road, Brgy Cardenas, Saguday, Quirino",Cardenas,,15000.00,1.00,direct municipality row,"Construction/Improvement Of Brgy. Cardenas Farm-To-Market Road, Brgy Cardenas, Saguday, Quirino"
quirino.xlsx,tier 2 FMR rehab,Quirino,LONE,Diffun,2026,Farm-to-Market Roads,,,,,"Construction/Improvemen Of Brgy. Don Mariano Perez Farm-To-Market Road, Brgy Don Mariano Perez, Diffun, Quirino",Don Mariao Perez,,15000.00,1.00,direct municipality row,"Construction/Improvemen Of Brgy. Don Mariano Perez Farm-To-Market Road, Brgy Don Mariano Perez, Diffun, Quirino"
quirino.xlsx,tier 2 FMR rehab,Quirino,LONE,Diffun,2026,Farm-to-Market Roads,,,,,"Construction/Improvement Of Brgy. Macate Farm-To-Market Road, Brgy Macate,Diffun, Quirino",Macate,,15000.00,1.00,direct municipality row,"Construction/Improvement Of Brgy. Macate Farm-To-Market Road, Brgy Macate,Diffun, Quirino"
