facility_id,facility_name,facility_type,province,district,municipality,barangay,latitude,longitude,status,capacity,service_area_ha,project_amount,year_constructed,farmer_beneficiaries,banner_program,remarks
ABEMIS0001,Poultry House,ABEMIS_LIVESTOCK,Cagayan,2nd District,Piat,Baung,,,National Urban and Peri-Urban Agriculture Program,1.00,,0.00,2025,,National Urban and Peri-Urban Agriculture Program,Project Group: Livestock Facilities | Project Type: Chicken Housing | Beneficiary: Cagayan State University - Piat
ABEMIS0002,Construction of San Mariano Agrarian Reform Cooperative Solar-Powered Irrigation System,ABEMIS_IRRIGATION,Cagayan,1st District,Lal-lo,San Mariano,,,National Organic Agriculture Program,1.00,,1618148.95,2024,,National Organic Agriculture Program,Project Group: Irrigation and Water Systems | Project Type: Solar-Powered Irrigation System | Beneficiary: San Mariano Agrarian Reform Cooperative
ABEMIS0003,Installation of Aurora Vegetable Growers Association's Rainshelter,ABEMIS_PROTECTED_CULTIVATION,Isabela,5th District,Aurora,Bannagao,,,High Value Crop Development Program,2.00,,233502.88,2023,,High Value Crop Development Program,Project Group: Protected Cultivation and Nurseries | Project Type: Rainshelter | Beneficiary: Aurora Vegetable Growers Association
ABEMIS0004,Construction of Pagsanggiran Ti Mannalon MPC's RPC 3,ABEMIS_POSTHARVEST,Cagayan,2nd District,Abulug,Alinunu,,,Rice Program,1.00,,41580135.92,2023,,Rice Program,Project Group: Postharvest and Processing | Project Type: Rice Processing Center | Beneficiary: Pagsanggiran Ti Mannalon MPC
ABEMIS0005,Installation of Rainshelter,ABEMIS_PROTECTED_CULTIVATION,Nueva Vizcaya,Nueva Vizcaya,Kayapa,Kayapa Proper East,,,National Organic Agriculture Program,2.00,,215122.92,2024,,National Organic Agriculture Program,Project Group: Protected Cultivation and Nurseries | Project Type: Rainshelter | Beneficiary: Kayapa-Participatory Guarantee System-Organic Certifying Body
ABEMIS0006,Installation of Rainshelter,ABEMIS_PROTECTED_CULTIVATION,Nueva Vizcaya,Nueva Vizcaya,Kayapa,Kayapa Proper West,,,National Organic Agriculture Program,2.00,,215122.92,2024,,National Organic Agriculture Program,Project Group: Protected Cultivation and Nurseries | Project Type: Rainshelter | Beneficiary: Kayapa-Participatory Guarantee System-Organic Certifying Body
ABEMIS0007,Installation of Rainshelter,ABEMIS_PROTECTED_CULTIVATION,Nueva Vizcaya,Nueva Vizcaya,Kayapa,Alang Salacsac,,,National Organic Agriculture Program,2.00,,215122.92,2024,,National Organic Agriculture Program,Project Group: Protected Cultivation and Nurseries | Project Type: Rainshelter | Beneficiary: Kayapa-Participatory Guarantee System-Organic Certifying Body
ABEMIS0008,Installation of Rainshelter,ABEMIS_PROTECTED_CULTIVATION,Nueva Vizcaya,Nueva Vizcaya,Kayapa,Tubongan,,,National Organic Agriculture Program,1.00,,107561.46,2024,,National Organic Agriculture Program,Project Group: Protected Cultivation and Nurseries | Project Type: Rainshelter | Beneficiary: Kayapa-Participatory Guarantee System-Organic Certifying Body
ABEMIS0009,Installation of Rainshelter,ABEMIS_PROTECTED_CULTIVATION,Nueva Vizcaya,Nueva Vizcaya,Kayapa,Pangawan,,,National Organic Agriculture Program,5.00,,537807.30,2024,,National Organic Agriculture Program,Project Group: Protected Cultivation and Nurseries | Project Type: Rainshelter | Beneficiary: Kayapa-Participatory Guarantee System-Organic Certifying Body
ABEMIS0010,Installation of Rainshelter,ABEMIS_PROTECTED_CULTIVATION,Nueva Vizcaya,Nueva Vizcaya,Kayapa,Pingkian,,,National Organic Agriculture Program,1.00,,107561.46,2024,,National Organic Agriculture Program,Project Group: Protected Cultivation and Nurseries | Project Type: Rainshelter | Beneficiary: Kayapa-Participatory Guarantee System-Organic Certifying Body
ABEMIS0011,Installation of Rainshelter,ABEMIS_PROTECTED_CULTIVATION,Nueva Vizcaya,Nueva Vizcaya,Kayapa,Besong,,,National Organic Agriculture Program,5.00,,537807.30,2024,,National Organic Agriculture Program,Project Group: Protected Cultivation and Nurseries | Project Type: Rainshelter | Beneficiary: Kayapa-Participatory Guarantee System-Organic Certifying Body
ABEMIS0012,Installation of Rainshelter,ABEMIS_PROTECTED_CULTIVATION,Nueva Vizcaya,Nueva Vizcaya,Kayapa,Balangabang,,,National Organic Agriculture Program,11.00,,1183176.06,2024,,National Organic Agriculture Program,Project Group: Protected Cultivation and Nurseries | Project Type: Rainshelter | Beneficiary: Kayapa-Participatory Guarantee System-Organic Certifying Body
ABEMIS0013,Installation of Rainshelter,ABEMIS_PROTECTED_CULTIVATION,Nueva Vizcaya,Nueva Vizcaya,Kayapa,Cabalatan Alang,,,National Organic Agriculture Program,4.00,,430245.84,2024,,National Organic Agriculture Program,Project Group: Protected Cultivation and Nurseries | Project Type: Rainshelter | Beneficiary: Kayapa-Participatory Guarantee System-Organic Certifying Body
ABEMIS0014,Construction of Masisit-Dacal Livelihood Cooperative Warehouse,ABEMIS_POSTHARVEST,Cagayan,2nd District,Sanchez Mira,Masisit,,,Rice Program,1.00,,7434803.37,2021,,Rice Program,Project Group: Postharvest and Processing | Project Type: Warehouse | Beneficiary: Masisit Dacal Multi-Purpose Cooperative
ABEMIS0015,Construction of Nagtalbangan SWIP,ABEMIS_IRRIGATION,Cagayan,2nd District,Allacapan,Capalutan,,,Rice Program,1.00,,19539972.59,2023,,Rice Program,Project Group: Irrigation and Water Systems | Project Type: Small Water Impounding Project | Beneficiary: NATALGED FARMERS ASSOCIATION
ABEMIS0016,Installation of Sitio Ganipa-Giayan Spring Development,ABEMIS_IRRIGATION,Quirino,Quirino,Nagtipunan,Guino (Giayan),,,High Value Crop Development Program,1.00,,1080680.38,2023,,High Value Crop Development Program,Project Group: Irrigation and Water Systems | Project Type: Spring Development | Beneficiary: Giayan Multi-Purpose Cooperative
ABEMIS0017,Construction of Ubbog SWIP,ABEMIS_IRRIGATION,Cagayan,3rd District,Amulung,Nagsabaran,,,Rice Program,1.00,,14462526.26,2023,,Rice Program,Project Group: Irrigation and Water Systems | Project Type: Small Water Impounding Project | Beneficiary: Nagsabaran Small Water Irrigation System Association Inc.
ABEMIS0018,Greenhouse with Hydroponics,ABEMIS_PROTECTED_CULTIVATION,Nueva Vizcaya,Nueva Vizcaya,Bambang,Barat,,,National Urban and Peri-Urban Agriculture Program,1.00,,0.00,2025,,National Urban and Peri-Urban Agriculture Program,Project Group: Protected Cultivation and Nurseries | Project Type: Greenhouse | Beneficiary: La Montagne Integrated Farm - Cagayan Valley (Region II)
ABEMIS0019,Mushroom House,ABEMIS_PROTECTED_CULTIVATION,Cagayan,1st District,Lal-lo,Santa Maria,,,National Urban and Peri-Urban Agriculture Program,1.00,,0.00,2025,,National Urban and Peri-Urban Agriculture Program,Project Group: Protected Cultivation and Nurseries | Project Type: Mushroom Fruiting House | Beneficiary: Cagayan State University-Lallo Campus - Cagayan Valley (Region II)
ABEMIS0020,Mushroom House,ABEMIS_PROTECTED_CULTIVATION,Cagayan,2nd District,Piat,Baung,,,National Urban and Peri-Urban Agriculture Program,1.00,,0.00,2025,,National Urban and Peri-Urban Agriculture Program,Project Group: Protected Cultivation and Nurseries | Project Type: Mushroom Fruiting House | Beneficiary: Cagayan State University - Piat
ABEMIS0021,Construction of Nursery,ABEMIS_PROTECTED_CULTIVATION,Nueva Vizcaya,Nueva Vizcaya,Alfonso Castaneda,Lublub (Pob.),,,High Value Crop Development Program,1.00,,0.00,2025,,High Value Crop Development Program,Project Group: Protected Cultivation and Nurseries | Project Type: Nursery Establishment | Beneficiary: Alfonso Castañeda Vegetable Growers Assocation (ALCAVEGA)
ABEMIS0022,Construction of Nursery,ABEMIS_PROTECTED_CULTIVATION,Nueva Vizcaya,Nueva Vizcaya,Alfonso Castaneda,Lublub (Pob.),,,High Value Crop Development Program,1.00,,0.00,2025,,High Value Crop Development Program,Project Group: Protected Cultivation and Nurseries | Project Type: Nursery Establishment | Beneficiary: Alfonso Castañeda Vegetable Growers Assocation (ALCAVEGA)
ABEMIS0023,School Garden Program,ABEMIS_FOOD_GARDEN,Cagayan,2nd District,Allacapan,Bulo,,,High Value Crop Development Program,1.00,,10000.00,2022,,High Value Crop Development Program,Project Group: Food Gardens | Project Type: School Garden | Beneficiary: Bulo Elementary School
ABEMIS0024,Installation of Carilucud-1 SPFS-8,ABEMIS_IRRIGATION,Cagayan,3rd District,Solana,Carilucud,,,Rice Program,1.00,,1721766.77,2022,,Rice Program,Project Group: Irrigation and Water Systems | Project Type: Solar-Powered Fertigation System (8) | Beneficiary: Carilucud Farmers Water Pump Association
ABEMIS0025,Installation of Carilucud-2 SPFS-8,ABEMIS_IRRIGATION,Cagayan,3rd District,Solana,Carilucud,,,Rice Program,1.00,,1721765.55,2022,,Rice Program,Project Group: Irrigation and Water Systems | Project Type: Solar-Powered Fertigation System (8) | Beneficiary: Carilucud Farmers Water Pump Association
ABEMIS0026,Construction of AMA-SILA's Corn Complex Phase I,ABEMIS_POSTHARVEST,Isabela,1st District,Ilagan City (Capital),San Vicente (Pob.),,,Corn Program,1.00,,66925871.76,2023,,Corn Program,Project Group: Postharvest and Processing | Project Type: Village Type Corn Postharvest Processing Center (VTCPPC) | Beneficiary: Asosasyon ng mga Ama-Syudad ng Ilagan
ABEMIS0027,Construction of Packaging House,ABEMIS_POSTHARVEST,Nueva Vizcaya,Nueva Vizcaya,Alfonso Castaneda,Lublub (Pob.),,,High Value Crop Development Program,1.00,,0.00,2025,,High Value Crop Development Program,Project Group: Postharvest and Processing | Project Type: Packinghouse | Beneficiary: Alfonso Castañeda Vegetable Growers Assocation (ALCAVEGA)
ABEMIS0028,Construction of Solar Powered Irrigation System,ABEMIS_IRRIGATION,Isabela,5th District,Quezon,Samonte (Pob.),,,National Organic Agriculture Program,1.00,,1674610.93,2025,,National Organic Agriculture Program,Project Group: Irrigation and Water Systems | Project Type: Solar-Powered Irrigation System | Beneficiary: LGU QUEZON ISABELA
ABEMIS0029,Construction of Screenhouse/Nethouse,ABEMIS_PROTECTED_CULTIVATION,Nueva Vizcaya,Nueva Vizcaya,Alfonso Castaneda,Lublub (Pob.),,,High Value Crop Development Program,1.00,,0.00,2025,,High Value Crop Development Program,"Project Group: Protected Cultivation and Nurseries | Project Type: Greenhouse | Beneficiary: Alfonso Castañeda Vegetable Growers Association, Inc."
ABEMIS0030,Construction of Screenhouse/Nethouse,ABEMIS_PROTECTED_CULTIVATION,Nueva Vizcaya,Nueva Vizcaya,Alfonso Castaneda,Galintuja,,,High Value Crop Development Program,1.00,,0.00,2025,,High Value Crop Development Program,Project Group: Protected Cultivation and Nurseries | Project Type: Greenhouse | Beneficiary: Alfonso Castañeda Vegetable Growers and Workers Association
ABEMIS0031,Construction of Screenhouse/Nethouse,ABEMIS_PROTECTED_CULTIVATION,Nueva Vizcaya,Nueva Vizcaya,Alfonso Castaneda,Lublub (Pob.),,,High Value Crop Development Program,1.00,,0.00,2025,,High Value Crop Development Program,Project Group: Protected Cultivation and Nurseries | Project Type: Greenhouse | Beneficiary: Alfonso Castañeda Vegetable Growers and Workers Association
ABEMIS0032,Construction of Multi-Crop Drying Pavement with Shed,ABEMIS_POSTHARVEST,Isabela,6th District,City of Cauayan,Villa Luna,,,Corn Program,1.00,,864840.60,2025,,Corn Program,Project Group: Postharvest and Processing | Project Type: Multi Crop Drying Pavement (MCDP) | Beneficiary: Villa Luna Multi-Purpose Cooperative
ABEMIS0033,Multi-Commodity Solar Drying Facility,ABEMIS_POSTHARVEST,Nueva Vizcaya,Nueva Vizcaya,Kasibu,Poblacion (Alloy),,,High Value Crop Development Program,1.00,,0.00,2024,,High Value Crop Development Program,Project Group: Postharvest and Processing | Project Type: Multi-Commodity Drying Shed | Beneficiary: Kasibu Coffee Growers Association
ABEMIS0034,Construction of Palay Shed,ABEMIS_POSTHARVEST,Cagayan,2nd District,Piat,Warat,,,Rice Program,1.00,,420559.60,2024,,Rice Program,Project Group: Postharvest and Processing | Project Type: Palay Shed | Beneficiary: Mabuhay Agri-Crop Multi-Purpose Cooperative
ABEMIS0035,Construction of Palay Shed,ABEMIS_POSTHARVEST,Cagayan,2nd District,Lasam,Minanga Norte,,,Rice Program,1.00,,455820.00,2024,,Rice Program,Project Group: Postharvest and Processing | Project Type: Palay Shed | Beneficiary: ZRIS Farmers Irrigators Agriculture Cooperative ( ZRIS FIACO)
ABEMIS0036,Masaya Sur Solar Powered Irrigation System,ABEMIS_IRRIGATION,Isabela,4th District,San Agustin,Masaya Sur,,,Rice Program,1.00,,4656866.02,2024,,Rice Program,Project Group: Irrigation and Water Systems | Project Type: Solar-Powered Irrigation System | Beneficiary: Masaya Sur Small Water Irrigation System Association
ABEMIS0037,Construction of Multi-Crop Drying Pavement,ABEMIS_POSTHARVEST,Cagayan,3rd District,Tuao,Malumin,,,Corn Program,1.00,,666351.41,2024,,Corn Program,Project Group: Postharvest and Processing | Project Type: Multi Crop Drying Pavement (MCDP) | Beneficiary: Salamin Multi-Purpose Cooperative
ABEMIS0038,Construction of Multi-Crop Drying Pavement,ABEMIS_POSTHARVEST,Quirino,Quirino,Diffun,Cajel,,,Corn Program,1.00,,761829.04,2024,,Corn Program,Project Group: Postharvest and Processing | Project Type: Multi Crop Drying Pavement (MCDP) | Beneficiary: Cajel Farmers Association
ABEMIS0039,Construction of Multi-Crop Drying Pavement,ABEMIS_POSTHARVEST,Quirino,Quirino,Diffun,Dumanisi,,,Corn Program,1.00,,761829.04,2024,,Corn Program,Project Group: Postharvest and Processing | Project Type: Multi Crop Drying Pavement (MCDP) | Beneficiary: Dumanisi ARB Multi-Purpose Cooperative
ABEMIS0040,Poultry House,ABEMIS_LIVESTOCK,Cagayan,2nd District,Pamplona,Abanqueruan,,,National Urban and Peri-Urban Agriculture Program,1.00,,0.00,2025,,National Urban and Peri-Urban Agriculture Program,Project Group: Livestock Facilities | Project Type: Chicken Housing | Beneficiary: Municipal Local Government Unit of Pamplona - Cagayan Valley (Region II)
ABEMIS0041,Construction of Mobile Solar-Powered Irrigation System,ABEMIS_IRRIGATION,Cagayan,3rd District,Enrile,Divisoria,,,Corn Program,1.00,,1198447.80,2024,,Corn Program,Project Group: Irrigation and Water Systems | Project Type: Mobile Solar Power Irrigation Unit | Beneficiary: San Isidro Labrador Agriculture Cooperative
ABEMIS0042,Construction of Mobile Solar-Powered Irrigation System,ABEMIS_IRRIGATION,Cagayan,2nd District,Rizal,Mauanan,,,Corn Program,1.00,,1198447.80,2024,,Corn Program,Project Group: Irrigation and Water Systems | Project Type: Mobile Solar Power Irrigation Unit | Beneficiary: Mauanan-Baluncanag Gaddangao Credit Cooperative
ABEMIS0043,Construction of Mobile Solar-Powered Irrigation System,ABEMIS_IRRIGATION,Nueva Vizcaya,Nueva Vizcaya,Bagabag,Nangalisan,,,Corn Program,1.00,,1198447.80,2024,,Corn Program,Project Group: Irrigation and Water Systems | Project Type: Mobile Solar Power Irrigation Unit | Beneficiary: Paniki Nangalisan Bakir Corn Cluster Farmers Association Inc.
ABEMIS0044,Construction of Mobile Solar-Powered Irrigation System,ABEMIS_IRRIGATION,Cagayan,1st District,Gattaran,Capissayan Sur,,,Corn Program,1.00,,1198447.80,2024,,Corn Program,Project Group: Irrigation and Water Systems | Project Type: Mobile Solar Power Irrigation Unit | Beneficiary: Sunrise Multi-Purpose Cooperative
ABEMIS0045,Construction of Mobile Solar-Powered Irrigation System,ABEMIS_IRRIGATION,Cagayan,3rd District,Amulung,Masical,,,Corn Program,1.00,,1198447.80,2024,,Corn Program,Project Group: Irrigation and Water Systems | Project Type: Mobile Solar Power Irrigation Unit | Beneficiary: Masical Farmers Association
ABEMIS0046,Mushroom House,ABEMIS_PROTECTED_CULTIVATION,Nueva Vizcaya,Nueva Vizcaya,Bambang,Barat,,,National Urban and Peri-Urban Agriculture Program,1.00,,0.00,2025,,National Urban and Peri-Urban Agriculture Program,Project Group: Protected Cultivation and Nurseries | Project Type: Mushroom Fruiting House | Beneficiary: La Montagne Integrated Farm
ABEMIS0047,Construction of LGU Aritao's Onion Cold Storage,ABEMIS_POSTHARVEST,Nueva Vizcaya,Nueva Vizcaya,Aritao,Banganan,,,High Value Crop Development Program,1.00,,20366250.00,2023,,High Value Crop Development Program,Project Group: Postharvest and Processing | Project Type: Cold Storage | Beneficiary: Aritao Irrigators Multipurpose Cooperative
ABEMIS0048,Construction of Mabila-Ineangan Diversion Dam,ABEMIS_IRRIGATION,Nueva Vizcaya,Nueva Vizcaya,Dupax del Norte,Ineangan,,,Rice Program,1.00,,9538239.28,2022,,Rice Program,"Project Group: Irrigation and Water Systems | Project Type: Diversion Dam | Beneficiary: Ineangan-Mabila Irrigator's Association, Inc."
ABEMIS0049,Construction of Palay Shed,ABEMIS_POSTHARVEST,Isabela,6th District,Echague,Garit Norte,,,Rice Program,1.00,,455066.96,2024,,Rice Program,Project Group: Postharvest and Processing | Project Type: Palay Shed | Beneficiary: Wesley Savings and Multi-Purpose Cooperative
ABEMIS0050,Improvement of Ipuran-Kalangkaan SWIP,ABEMIS_IRRIGATION,Nueva Vizcaya,Nueva Vizcaya,Bambang,Mauan,,,Rice Program,1.00,,3702982.36,2024,,Rice Program,Project Group: Irrigation and Water Systems | Project Type: Small Water Impounding Project | Beneficiary: Ipuran-Kalangkaan Irrigator's Association
ABEMIS0051,Poultry House,ABEMIS_LIVESTOCK,Nueva Vizcaya,Nueva Vizcaya,Bambang,Barat,,,National Urban and Peri-Urban Agriculture Program,1.00,,300000.00,2025,,National Urban and Peri-Urban Agriculture Program,Project Group: Livestock Facilities | Project Type: Chicken Housing | Beneficiary: La Montagne Integrated Farm - Cgayan Valley (Region II)
ABEMIS0052,"Concreting of Villaflor - Calaoagan FMR, Brgy. Villaflor and Brgy. Calaoagan,Cauayan City, Isabela",ABEMIS_FMR,Isabela,6th District,City of Cauayan,Villaflor,,,Farm to Market Road Development Program,0.67,,9950000.00,2024,,Farm to Market Road Development Program,Project Group: Farm-to-Market Roads | Project Type: Farm-to-Market Road | Beneficiary: 
ABEMIS0053,"Concreting of Brgy. San Carlos FMR, Brgy. San Carlos, Echague, Isabela",ABEMIS_FMR,Isabela,6th District,Echague,San Carlos,,,Farm to Market Road Development Program,0.67,,9939111.50,2024,,Farm to Market Road Development Program,Project Group: Farm-to-Market Roads | Project Type: Farm-to-Market Road | Beneficiary: 
ABEMIS0054,Construction of Mobile Solar-Powered Irrigation System,ABEMIS_IRRIGATION,Isabela,4th District,San Agustin,Sinaoangan Sur,,,Corn Program,1.00,,1197994.25,2024,,Corn Program,Project Group: Irrigation and Water Systems | Project Type: Mobile Solar Power Irrigation Unit | Beneficiary: San Agustin Dairy Cooperative
ABEMIS0055,Construction of Mobile Solar-Powered Irrigation System,ABEMIS_IRRIGATION,Isabela,1st District,Ilagan City (Capital),Santa Victoria,,,Corn Program,1.00,,1197994.25,2024,,Corn Program,Project Group: Irrigation and Water Systems | Project Type: Mobile Solar Power Irrigation Unit | Beneficiary: Amianan Farmers Entrepreneur Agriculture Cooperative
ABEMIS0056,Construction of Mobile Solar-Powered Irrigation System,ABEMIS_IRRIGATION,Isabela,1st District,San Pablo,Simanu Sur,,,Corn Program,1.00,,1197994.25,2024,,Corn Program,Project Group: Irrigation and Water Systems | Project Type: Mobile Solar Power Irrigation Unit | Beneficiary: San Pablo Isabela Farmers Dairy Cooperative
ABEMIS0057,Construction of Mobile Solar-Powered Irrigation System,ABEMIS_IRRIGATION,Isabela,1st District,Ilagan City (Capital),Marana I,,,Corn Program,1.00,,1197994.25,2024,,Corn Program,Project Group: Irrigation and Water Systems | Project Type: Mobile Solar Power Irrigation Unit | Beneficiary: Asosasyon ng mga Ama-Syudad ng Ilagan
ABEMIS0058,Construction of Mobile Solar-Powered Irrigation System,ABEMIS_IRRIGATION,Quirino,Quirino,Maddela,Diduyon,,,Corn Program,1.00,,1197994.25,2024,,Corn Program,Project Group: Irrigation and Water Systems | Project Type: Mobile Solar Power Irrigation Unit | Beneficiary: Maddela Integrated Farmers Saving Development Cooperative
ABEMIS0059,"Concreting of Pallas-Pinayag FMR, Brgy. Pallas, Bambang, Nueva Vizcaya",ABEMIS_FMR,Nueva Vizcaya,Nueva Vizcaya,Bambang,Pallas;Pallas,,,Farm to Market Road Development Program,1.00,,14925000.00,2024,,Farm to Market Road Development Program,Project Group: Farm-to-Market Roads | Project Type: Farm-to-Market Road | Beneficiary: 
ABEMIS0060,Concreting of Salecpan-Babadi,ABEMIS_FMR,Nueva Vizcaya,Nueva Vizcaya,Kayapa,Babadi,,,Farm to Market Road Development Program,1.00,,14924664.08,2024,,Farm to Market Road Development Program,Project Group: Farm-to-Market Roads | Project Type: Farm-to-Market Road | Beneficiary: 
ABEMIS0061,Concreting of Magsaysay Hills - San Antonio North FMR,ABEMIS_FMR,Nueva Vizcaya,Nueva Vizcaya,Bambang,Magsaysay Hills,,,Farm to Market Road Development Program,1.00,,14925000.00,2024,,Farm to Market Road Development Program,Project Group: Farm-to-Market Roads | Project Type: Farm-to-Market Road | Beneficiary: 
ABEMIS0062,"Concreting of Namuog, Brgy. Calaocan FMR",ABEMIS_FMR,Nueva Vizcaya,Nueva Vizcaya,Bambang,Calaocan (Pob.),,,Farm to Market Road Development Program,1.00,,9950000.00,2024,,Farm to Market Road Development Program,Project Group: Farm-to-Market Roads | Project Type: Farm-to-Market Road | Beneficiary: 
ABEMIS0063,"Concreting of Dullao FMR, Brgy. Dullao, Bambang, Nueva Vizcaya",ABEMIS_FMR,Nueva Vizcaya,Nueva Vizcaya,Bambang,Dullao,,,Farm to Market Road Development Program,1.00,,14925000.01,2024,,Farm to Market Road Development Program,Project Group: Farm-to-Market Roads | Project Type: Farm-to-Market Road | Beneficiary: 
ABEMIS0064,Construction of Palay Shed,ABEMIS_POSTHARVEST,Isabela,4th District,Cordon,Villamarzo,,,Rice Program,1.00,,455066.96,2024,,Rice Program,Project Group: Postharvest and Processing | Project Type: Palay Shed | Beneficiary: Wigan Settlers Multi-Purpose Cooperative
ABEMIS0065,Construction of Spring Development,ABEMIS_IRRIGATION,Nueva Vizcaya,Nueva Vizcaya,Dupax del Sur,Ganao (Lingad),,,High Value Crop Development Program,1.00,,757298.40,2025,,High Value Crop Development Program,Project Group: Irrigation and Water Systems | Project Type: Spring Development | Beneficiary: Bornmat Vegetable Growers & Irrigators Association
ABEMIS0066,Onion Cold Storage Facility,ABEMIS_POSTHARVEST,Nueva Vizcaya,Nueva Vizcaya,Dupax del Sur,Santa Maria,,,High Value Crop Development Program,1.00,,39949617.60,2024,,High Value Crop Development Program,"Project Group: Postharvest and Processing | Project Type: Cold Storage | Beneficiary: LGU Dupax Del Sur / Gabut Farmers Rice, Onion Growers Association"
ABEMIS0067,Construction of Spring Development,ABEMIS_IRRIGATION,Nueva Vizcaya,Nueva Vizcaya,Kayapa,Acacia,,,High Value Crop Development Program,1.00,,757298.40,2025,,High Value Crop Development Program,Project Group: Irrigation and Water Systems | Project Type: Spring Development | Beneficiary: Acacia Highland Farmers Association
ABEMIS0068,Construction of Spring Development,ABEMIS_IRRIGATION,Nueva Vizcaya,Nueva Vizcaya,Kayapa,Pampang (Pob.),,,High Value Crop Development Program,1.00,,757298.40,2025,,High Value Crop Development Program,Project Group: Irrigation and Water Systems | Project Type: Spring Development | Beneficiary: Pampang Irrigators and Farmers Association
ABEMIS0069,Construction of Spring Development,ABEMIS_IRRIGATION,Nueva Vizcaya,Nueva Vizcaya,Dupax del Sur,Kimbutan,,,High Value Crop Development Program,1.00,,757298.40,2025,,High Value Crop Development Program,Project Group: Irrigation and Water Systems | Project Type: Spring Development | Beneficiary: Binadang Farmers Association
ABEMIS0070,Construction of Spring Development,ABEMIS_IRRIGATION,Nueva Vizcaya,Nueva Vizcaya,Santa Fe,Buyasyas,,,High Value Crop Development Program,1.00,,757298.40,2025,,High Value Crop Development Program,Project Group: Irrigation and Water Systems | Project Type: Spring Development | Beneficiary: I-wak Ancestral Domain Development Association
ABEMIS0071,Construction of Palay Shed,ABEMIS_POSTHARVEST,Nueva Vizcaya,Nueva Vizcaya,Aritao,Sta. Clara,,,Rice Program,1.00,,499624.51,2024,,Rice Program,Project Group: Postharvest and Processing | Project Type: Palay Shed | Beneficiary: Barabac Santa Fe Multi-Purpose Cooperative
ABEMIS0072,Apayao Solar Powered Irrigation System,ABEMIS_IRRIGATION,Cagayan,2nd District,Piat,Apayao,,,Rice Program,1.00,,1842899.07,2024,,Rice Program,Project Group: Irrigation and Water Systems | Project Type: Solar-Powered Irrigation System | Beneficiary: Asiga Small Water Impounding Project
ABEMIS0073,Construction of Multi-Crop Drying Pavement,ABEMIS_POSTHARVEST,Quirino,Quirino,Cabarroguis (Capital),Eden,,,Corn Program,1.00,,673656.17,2024,,Corn Program,Project Group: Postharvest and Processing | Project Type: Multi Crop Drying Pavement (MCDP) | Beneficiary: Eden Upland Farmers Association
ABEMIS0074,"Concreting of Padul FMR, Brgy. Padul, Solana, Cagayan",ABEMIS_FMR,Cagayan,3rd District,Solana,Padul,,,Farm to Market Road Development Program,0.27,,1889943.20,2017,,Farm to Market Road Development Program,Project Group: Farm-to-Market Roads | Project Type: Farm-to-Market Road | Beneficiary: 
ABEMIS0075,"Concreting of Cagayan Breeding Station Road Network, Brgy.Maguirig,Solana, Cagayan",ABEMIS_FMR,Cagayan,3rd District,Solana,Maguirig,,,Farm to Market Road Development Program,0.58,,4775081.71,2017,,Farm to Market Road Development Program,Project Group: Farm-to-Market Roads | Project Type: Farm-to-Market Road | Beneficiary: 
ABEMIS0076,"Concreting of Andarayan North-South FMR, Brgys.Andarayan North and South,Solana, Cagayan",ABEMIS_FMR,Cagayan,3rd District,Solana,Andarayan North,,,Farm to Market Road Development Program,0.27,,1880969.47,2017,,Farm to Market Road Development Program,Project Group: Farm-to-Market Roads | Project Type: Farm-to-Market Road | Beneficiary: 
ABEMIS0077,"Concreting of Bauan East, Sitio Ipil FMR, Brgy.Bauan East, Solana, Cagayan",ABEMIS_FMR,Cagayan,3rd District,Solana,Bauan East,,,Farm to Market Road Development Program,0.55,,4726224.26,2017,,Farm to Market Road Development Program,Project Group: Farm-to-Market Roads | Project Type: Farm-to-Market Road | Beneficiary: 
ABEMIS0078,"Concreting of Nabbabalayan FMR, Brgy.Nabbabalayan,Peñablanca, Cagayan",ABEMIS_FMR,Cagayan,3rd District,Pe?ablanca,Nabbabalayan,,,Farm to Market Road Development Program,0.25,,1890059.04,2017,,Farm to Market Road Development Program,Project Group: Farm-to-Market Roads | Project Type: Farm-to-Market Road | Beneficiary: 
ABEMIS0079,"Concreting of Santiago FMR, Brgy. Santiago, Iguig, Cagayan",ABEMIS_FMR,Cagayan,3rd District,Iguig,Santiago,,,Farm to Market Road Development Program,0.28,,1890144.52,2017,,Farm to Market Road Development Program,Project Group: Farm-to-Market Roads | Project Type: Farm-to-Market Road | Beneficiary: 
ABEMIS0080,"Concreting of San Juan FMR, Brgy.San Juan, Amulung, Cagayan",ABEMIS_FMR,Cagayan,3rd District,Amulung,Cordova,,,Farm to Market Road Development Program,0.35,,2834882.04,2017,,Farm to Market Road Development Program,Project Group: Farm-to-Market Roads | Project Type: Farm-to-Market Road | Beneficiary: 
ABEMIS0081,"Concreting of Lapi FMR, Brgy. Lapi, Peñablanca, Cagayan",ABEMIS_FMR,Cagayan,3rd District,Pe?ablanca,Lapi,,,Farm to Market Road Development Program,0.32,,1890428.70,2017,,Farm to Market Road Development Program,Project Group: Farm-to-Market Roads | Project Type: Farm-to-Market Road | Beneficiary: 
ABEMIS0082,"Concreting of Larion Bajo FMR, Brgy.Larion Bajo, Tuguegarao City, Cagayan",ABEMIS_FMR,Cagayan,3rd District,Tuguegarao City (Capital),Larion Bajo,,,Farm to Market Road Development Program,0.19,,1890634.51,2017,,Farm to Market Road Development Program,Project Group: Farm-to-Market Roads | Project Type: Farm-to-Market Road | Beneficiary: 
ABEMIS0083,"Concreting of Calamagui FMR, Brgy.Calamagui, Amulung, Cagayan",ABEMIS_FMR,Cagayan,3rd District,Amulung,Centro,,,Farm to Market Road Development Program,0.26,,1821652.62,2017,,Farm to Market Road Development Program,Project Group: Farm-to-Market Roads | Project Type: Farm-to-Market Road | Beneficiary: 
ABEMIS0084,CONCRETING OF BACULUD- DADDA FMR,ABEMIS_FMR,Cagayan,3rd District,Amulung,Baculud,,,Farm to Market Road Development Program,0.96,,4768750.00,2017,,Farm to Market Road Development Program,Project Group: Farm-to-Market Roads | Project Type: Farm-to-Market Road | Beneficiary: 
ABEMIS0085,CONCRETING OF BUYUN FMR,ABEMIS_FMR,Cagayan,3rd District,Pe?ablanca,Buyun,,,Farm to Market Road Development Program,0.34,,2835160.00,2017,,Farm to Market Road Development Program,Project Group: Farm-to-Market Roads | Project Type: Farm-to-Market Road | Beneficiary: 
ABEMIS0086,"Concreting of Damortis FMR, Brgy.Sampaguita,Solana, Cagayan",ABEMIS_FMR,Cagayan,3rd District,Solana,Sampaguita,,,Farm to Market Road Development Program,0.53,,4727025.00,2017,,Farm to Market Road Development Program,Project Group: Farm-to-Market Roads | Project Type: Farm-to-Market Road | Beneficiary: 
ABEMIS0087,"Concreting of Purok 5, Brgy. Abian FMR",ABEMIS_FMR,Nueva Vizcaya,Nueva Vizcaya,Bambang,Abian,,,Farm to Market Road Development Program,0.97,,12437500.00,2021,,Farm to Market Road Development Program,Project Group: Farm-to-Market Roads | Project Type: Farm-to-Market Road | Beneficiary: 
ABEMIS0088,Concreting of Brgy. San Antonio to Brgy. Dullao FMR,ABEMIS_FMR,Nueva Vizcaya,Nueva Vizcaya,Bambang,San Antonio North;Dullao,,,Farm to Market Road Development Program,0.87,,12437500.00,2021,,Farm to Market Road Development Program,Project Group: Farm-to-Market Roads | Project Type: Farm-to-Market Road | Beneficiary: 
ABEMIS0089,"Concreting of Purok 5, Sitio Insap, Brgy. Mabuslo FMR",ABEMIS_FMR,Nueva Vizcaya,Nueva Vizcaya,Bambang,Mabuslo,,,Farm to Market Road Development Program,0.70,,11940000.00,2021,,Farm to Market Road Development Program,Project Group: Farm-to-Market Roads | Project Type: Farm-to-Market Road | Beneficiary: 
ABEMIS0090,"Concreting of Cabatacan West FMR, Brgy.Cabatacan West, Lasam, Cagayan",ABEMIS_FMR,Cagayan,2nd District,Lasam,Aggunetan,,,Farm to Market Road Development Program,0.41,,2830117.05,2017,,Farm to Market Road Development Program,Project Group: Farm-to-Market Roads | Project Type: Farm-to-Market Road | Beneficiary: 
ABEMIS0091,"Concreting of Magsidel FMR, Brgy. Magsidel, Calayan, Cagayan",ABEMIS_FMR,Cagayan,2nd District,Calayan,Centro II,,,Farm to Market Road Development Program,0.11,,1890033.40,2017,,Farm to Market Road Development Program,Project Group: Farm-to-Market Roads | Project Type: Farm-to-Market Road | Beneficiary: 
ABEMIS0092,"Concreting of Csu Piat FMR (Phase II), Brgy. Baung, Piat, Cagayan",ABEMIS_FMR,Cagayan,2nd District,Piat,Baung,,,Farm to Market Road Development Program,0.73,,5671552.05,2017,,Farm to Market Road Development Program,Project Group: Farm-to-Market Roads | Project Type: Farm-to-Market Road | Beneficiary: 
ABEMIS0093,"Concreting of Sta. Maria-Bilibigao FMR, Brgys.Sta. Maria and Bilibigao, Claveria, Cagayan",ABEMIS_FMR,Cagayan,2nd District,Claveria,Sta. Maria (Surngot),,,Farm to Market Road Development Program,0.27,,2000000.00,2017,,Farm to Market Road Development Program,Project Group: Farm-to-Market Roads | Project Type: Farm-to-Market Road | Beneficiary: 
ABEMIS0094,"Concreting of Fugu-Payagan East FMR, Brgys. Fugu and Payagan East, Ballesteros, Cagayan",ABEMIS_FMR,Cagayan,2nd District,Ballesteros,Fugu,,,Farm to Market Road Development Program,0.30,,3000000.00,2017,,Farm to Market Road Development Program,Project Group: Farm-to-Market Roads | Project Type: Farm-to-Market Road | Beneficiary: 
ABEMIS0095,"Concreting of Sta. Filomena FMR, Brgy. Sta. Filomena, Abulug, Cagayan",ABEMIS_FMR,Cagayan,2nd District,Abulug,Santa Filomena,,,Farm to Market Road Development Program,0.22,,2000000.00,2017,,Farm to Market Road Development Program,Project Group: Farm-to-Market Roads | Project Type: Farm-to-Market Road | Beneficiary: 
ABEMIS0096,Concreting of Brgy. Duruarog FMR,ABEMIS_FMR,Nueva Vizcaya,Nueva Vizcaya,Diadi,Duruarog,,,Farm to Market Road Development Program,0.88,,11940000.00,2021,,Farm to Market Road Development Program,Project Group: Farm-to-Market Roads | Project Type: Farm-to-Market Road | Beneficiary: 
ABEMIS0097,"Concreting of San Julian FMR, Brgy. San Julian, Abulug,Cagayan",ABEMIS_FMR,Cagayan,2nd District,Abulug,San Julian,,,Farm to Market Road Development Program,0.37,,3000000.00,2017,,Farm to Market Road Development Program,Project Group: Farm-to-Market Roads | Project Type: Farm-to-Market Road | Beneficiary: 
ABEMIS0098,Concreting of Brgy. Cabanglasan FMR,ABEMIS_FMR,Nueva Vizcaya,Nueva Vizcaya,Kayapa,Cabanglasan,,,Farm to Market Road Development Program,0.74,,12118754.54,2021,,Farm to Market Road Development Program,Project Group: Farm-to-Market Roads | Project Type: Farm-to-Market Road | Beneficiary: 
ABEMIS0099,"Concreting of Abbangkeruan FMR, Brgy. Abbangkeruan, Pamplona, Cagayan",ABEMIS_FMR,Cagayan,2nd District,Pamplona,Abanqueruan,,,Farm to Market Road Development Program,0.32,,2500000.00,2017,,Farm to Market Road Development Program,Project Group: Farm-to-Market Roads | Project Type: Farm-to-Market Road | Beneficiary: 
ABEMIS0100,"Concreting of Apayao- Sitio Labbeng, Brgy.Apayao,Piat,Cagayan",ABEMIS_FMR,Cagayan,2nd District,Piat,Apayao,,,Farm to Market Road Development Program,0.52,,1889781.95,2017,,Farm to Market Road Development Program,Project Group: Farm-to-Market Roads | Project Type: Farm-to-Market Road | Beneficiary: 
ABEMIS0101,"Concreting of Bagu FMR, Brgy. Bagu, Abulug, Cagayan",ABEMIS_FMR,Cagayan,2nd District,Abulug,Bagu,,,Farm to Market Road Development Program,0.34,,3000000.00,2017,,Farm to Market Road Development Program,Project Group: Farm-to-Market Roads | Project Type: Farm-to-Market Road | Beneficiary: 
ABEMIS0102,"Concreting of Cambabangan-Nanauatan-Pasingan FMR, Brgys. Cambabangan, Nanauatan, and Pasingan, Rizal, Cagayan",ABEMIS_FMR,Cagayan,2nd District,Rizal,Nanauatan,,,Farm to Market Road Development Program,0.31,,1890454.58,2017,,Farm to Market Road Development Program,Project Group: Farm-to-Market Roads | Project Type: Farm-to-Market Road | Beneficiary: 
ABEMIS0103,"Concreting of Calapangan Norte FMR, Brgy. Capalangan Norte, Lasam, Cagayan",ABEMIS_FMR,Cagayan,2nd District,Lasam,Calapangan Norte,,,Farm to Market Road Development Program,0.32,,2832492.35,2017,,Farm to Market Road Development Program,Project Group: Farm-to-Market Roads | Project Type: Farm-to-Market Road | Beneficiary: 
ABEMIS0104,"Concreting of Allig Valley FMR, Brgy. Allig Valley, Allacapan, Cagayan",ABEMIS_FMR,Cagayan,2nd District,Allacapan,Bessang,,,Farm to Market Road Development Program,0.29,,2830626.34,2017,,Farm to Market Road Development Program,Project Group: Farm-to-Market Roads | Project Type: Farm-to-Market Road | Beneficiary: 
ABEMIS0105,"Concreting of Aggunetan FMR (Phase II), Brgy. Aggunetan, Lasam, Cagayan",ABEMIS_FMR,Cagayan,2nd District,Lasam,Aggunetan,,,Farm to Market Road Development Program,0.35,,2830117.05,2017,,Farm to Market Road Development Program,Project Group: Farm-to-Market Roads | Project Type: Farm-to-Market Road | Beneficiary: 
ABEMIS0106,"CONCRETING OF BALATOBAT, CAMIGUIN FMR",ABEMIS_FMR,Cagayan,2nd District,Calayan,Balatubat,,,Farm to Market Road Development Program,0.13,,1887799.40,2017,,Farm to Market Road Development Program,Project Group: Farm-to-Market Roads | Project Type: Farm-to-Market Road | Beneficiary: 
ABEMIS0107,CONCRETING OF GUIDDAM FMR,ABEMIS_FMR,Cagayan,2nd District,Abulug,Guiddam,,,Farm to Market Road Development Program,0.50,,3780577.24,2017,,Farm to Market Road Development Program,Project Group: Farm-to-Market Roads | Project Type: Farm-to-Market Road | Beneficiary: 
ABEMIS0108,CONCRETING OF CALOG NORTE FMR,ABEMIS_FMR,Cagayan,2nd District,Abulug,Calog Norte,,,Farm to Market Road Development Program,0.24,,1889289.40,2017,,Farm to Market Road Development Program,Project Group: Farm-to-Market Roads | Project Type: Farm-to-Market Road | Beneficiary: 
ABEMIS0109,CONCRETING OF NORTHERN CAGAYAN EXPERIMENT STATION ROAD NETWORK FMR,ABEMIS_FMR,Cagayan,2nd District,Abulug,Centro (Pob.),,,Farm to Market Road Development Program,0.33,,2882588.70,2017,,Farm to Market Road Development Program,Project Group: Farm-to-Market Roads | Project Type: Farm-to-Market Road | Beneficiary: 
ABEMIS0110,"Improvement/Concreting of Gulac FMR, Brgy.Gulac, Diffun, Quirino",ABEMIS_FMR,Quirino,Quirino,Diffun,Gulac,,,Farm to Market Road Development Program,0.30,,1989995.21,2017,,Farm to Market Road Development Program,Project Group: Farm-to-Market Roads | Project Type: Farm-to-Market Road | Beneficiary: 
ABEMIS0111,"Improvement/Concreting of Dumabato Sur Waterfalls FMR, Brgy. Dumabato Sur, Maddela, Quirino",ABEMIS_FMR,Quirino,Quirino,Maddela,Dumabato Sur,,,Farm to Market Road Development Program,0.60,,1989631.29,2017,,Farm to Market Road Development Program,Project Group: Farm-to-Market Roads | Project Type: Farm-to-Market Road | Beneficiary: 
ABEMIS0112,Concreting of Purok 5 Villa Cardenas FMR,ABEMIS_FMR,Quirino,Quirino,Saguday,Cardenas,,,Farm to Market Road Development Program,0.60,,1989933.90,2017,,Farm to Market Road Development Program,Project Group: Farm-to-Market Roads | Project Type: Farm-to-Market Road | Beneficiary: 
ABEMIS0113,"Improvement/Concreting of Palacian FMR, Brgy.Palacian, Aglipay, Quirino",ABEMIS_FMR,Quirino,Quirino,Aglipay,Palacian,,,Farm to Market Road Development Program,0.10,,1930322.80,2017,,Farm to Market Road Development Program,Project Group: Farm-to-Market Roads | Project Type: Farm-to-Market Road | Beneficiary: 
ABEMIS0114,"Improvement/Concreting of Brgy. Dipantan FMR, Brgy. Dipantan, Nagtipunan, Quirino",ABEMIS_FMR,Quirino,Quirino,Nagtipunan,Dipantan,,,Farm to Market Road Development Program,0.80,,1989886.49,2017,,Farm to Market Road Development Program,Project Group: Farm-to-Market Roads | Project Type: Farm-to-Market Road | Beneficiary: 
ABEMIS0115,"Improvement/Concreting of Landingan FMR, Brgy.Landingan, Nagtipunan, Quirino",ABEMIS_FMR,Quirino,Quirino,Nagtipunan,Landingan,,,Farm to Market Road Development Program,1.10,,2487492.27,2017,,Farm to Market Road Development Program,Project Group: Farm-to-Market Roads | Project Type: Farm-to-Market Road | Beneficiary: 
ABEMIS0116,"Improvement/Concreting of Anak FMR, Brgy.Anak, Nagtipunan, Quirino",ABEMIS_FMR,Quirino,Quirino,Nagtipunan,Anak,,,Farm to Market Road Development Program,1.00,,2487456.20,2017,,Farm to Market Road Development Program,Project Group: Farm-to-Market Roads | Project Type: Farm-to-Market Road | Beneficiary: 
ABEMIS0117,Concreting of Campamento Purok 2 & 4 FMR,ABEMIS_FMR,Quirino,Quirino,Diffun,Campamento,,,Farm to Market Road Development Program,3.60,,1989956.38,2017,,Farm to Market Road Development Program,Project Group: Farm-to-Market Roads | Project Type: Farm-to-Market Road | Beneficiary: 
ABEMIS0118,"Improvement/Concreting of Divisoria Sur FMR, Brgy.Divisoria Sur, Maddela,Quirino",ABEMIS_FMR,Quirino,Quirino,Maddela,Divisoria Sur (Bisangal),,,Farm to Market Road Development Program,0.60,,2000000.00,2017,,Farm to Market Road Development Program,Project Group: Farm-to-Market Roads | Project Type: Farm-to-Market Road | Beneficiary: 
ABEMIS0119,Concreting of Cateina St. Sto. Tomas FMR,ABEMIS_FMR,Quirino,Quirino,Saguday,Santo Tomas,,,Farm to Market Road Development Program,0.30,,1989994.29,2017,,Farm to Market Road Development Program,Project Group: Farm-to-Market Roads | Project Type: Farm-to-Market Road | Beneficiary: 
ABEMIS0120,"Improvement/Concreting of Dumabato Sur Waterfalls FMR, Brgy. Dumabato Sur, Maddela, Quirino",ABEMIS_FMR,Quirino,Quirino,Maddela,Dumabato Norte,,,Farm to Market Road Development Program,0.60,,2000000.00,2017,,Farm to Market Road Development Program,Project Group: Farm-to-Market Roads | Project Type: Farm-to-Market Road | Beneficiary: 
ABEMIS0121,"Improvement/Concreting of Gabuya St., La Paz FMR, Brgy. La Paz, Saguday, Quirino",ABEMIS_FMR,Quirino,Quirino,Saguday,La Paz,,,Farm to Market Road Development Program,0.40,,1928796.14,2017,,Farm to Market Road Development Program,Project Group: Farm-to-Market Roads | Project Type: Farm-to-Market Road | Beneficiary: 
ABEMIS0122,"Improvement/Concreting of Sta.Maria FMR, Brgy. Sta. Maria, Maddela, Quirino",ABEMIS_FMR,Quirino,Quirino,Maddela,Santa Maria,,,Farm to Market Road Development Program,0.30,,1927460.17,2017,,Farm to Market Road Development Program,Project Group: Farm-to-Market Roads | Project Type: Farm-to-Market Road | Beneficiary: 
ABEMIS0123,"Improvement/Concreting of San Pascual FMR, Brgy. San Pascual, Diffun, Quirino",ABEMIS_FMR,Quirino,Quirino,Diffun,San Pascual,,,Farm to Market Road Development Program,0.50,,1989852.73,2017,,Farm to Market Road Development Program,Project Group: Farm-to-Market Roads | Project Type: Farm-to-Market Road | Beneficiary: 
ABEMIS0124,Concreting of Bacani Street FMR,ABEMIS_FMR,Quirino,Quirino,Maddela,Santa Maria,,,Farm to Market Road Development Program,1.20,,2000000.00,2017,,Farm to Market Road Development Program,Project Group: Farm-to-Market Roads | Project Type: Farm-to-Market Road | Beneficiary: 
ABEMIS0125,"Concreting of Purok Bitanay, Brgy. Macabenga FMR",ABEMIS_FMR,Nueva Vizcaya,Nueva Vizcaya,Dupax del Norte,Macabenga,,,Farm to Market Road Development Program,1.01,,14924701.45,2021,,Farm to Market Road Development Program,Project Group: Farm-to-Market Roads | Project Type: Farm-to-Market Road | Beneficiary: 
ABEMIS0126,"Improvement/Concreting of Tabba Dipintin FMR, Brgy. Tabba Dipintin, Maddela, Quirino",ABEMIS_FMR,Quirino,Quirino,Maddela,Dipintin,,,Farm to Market Road Development Program,0.50,,2000000.00,2017,,Farm to Market Road Development Program,Project Group: Farm-to-Market Roads | Project Type: Farm-to-Market Road | Beneficiary: 
ABEMIS0127,CONCRETING OF PINARIPAD NORTE- DIODOL FMR,ABEMIS_FMR,Quirino,Quirino,Aglipay,Pinaripad Norte,,,Farm to Market Road Development Program,1.00,,9949970.00,2017,,Farm to Market Road Development Program,Project Group: Farm-to-Market Roads | Project Type: Farm-to-Market Road | Beneficiary: 
ABEMIS0128,CONCRETING OF QUIRINO EXPERIMENT STATION ROAD NETWORK PHASE IV FMR,ABEMIS_FMR,Quirino,Quirino,Aglipay,Dungo,,,Farm to Market Road Development Program,1.32,,9949900.00,2017,,Farm to Market Road Development Program,Project Group: Farm-to-Market Roads | Project Type: Farm-to-Market Road | Beneficiary: 
ABEMIS0129,Concreting of Brgy. Binuangan FMR,ABEMIS_FMR,Nueva Vizcaya,Nueva Vizcaya,Dupax del Norte,Binnuangan,,,Farm to Market Road Development Program,0.53,,12140017.96,2021,,Farm to Market Road Development Program,Project Group: Farm-to-Market Roads | Project Type: Farm-to-Market Road | Beneficiary: 
ABEMIS0130,IMPROVEMENT/CONCRETING OF STO. DOMINGO FMR,ABEMIS_FMR,Quirino,Quirino,Cabarroguis (Capital),Santo Domingo,,,Farm to Market Road Development Program,0.17,,1989850.00,2017,,Farm to Market Road Development Program,Project Group: Farm-to-Market Roads | Project Type: Farm-to-Market Road | Beneficiary: 
ABEMIS0131,IMRPOVEMENT/CONCRETING OF VILLA NORTE FMR,ABEMIS_FMR,Quirino,Quirino,Maddela,Villa Hermosa Norte,,,Farm to Market Road Development Program,0.25,,1989970.00,2017,,Farm to Market Road Development Program,Project Group: Farm-to-Market Roads | Project Type: Farm-to-Market Road | Beneficiary: 
ABEMIS0132,Concreting of Brgy. Belance FMR,ABEMIS_FMR,Nueva Vizcaya,Nueva Vizcaya,Dupax del Norte,Belance,,,Farm to Market Road Development Program,0.77,,12437474.61,2021,,Farm to Market Road Development Program,Project Group: Farm-to-Market Roads | Project Type: Farm-to-Market Road | Beneficiary: 
ABEMIS0133,"Concreting of Sitio Campo Batu, Brgy. Antutot FMR",ABEMIS_FMR,Nueva Vizcaya,Nueva Vizcaya,Kasibu,Antutot,,,Farm to Market Road Development Program,0.76,,11574705.95,2021,,Farm to Market Road Development Program,Project Group: Farm-to-Market Roads | Project Type: Farm-to-Market Road | Beneficiary: 
ABEMIS0134,Concreting of Brgy. Didipio FMR,ABEMIS_FMR,Nueva Vizcaya,Nueva Vizcaya,Kasibu,Didipio,,,Farm to Market Road Development Program,0.55,,11049801.86,2021,,Farm to Market Road Development Program,Project Group: Farm-to-Market Roads | Project Type: Farm-to-Market Road | Beneficiary: 
ABEMIS0135,Concreting of Brgy. Siguem FMR,ABEMIS_FMR,Nueva Vizcaya,Nueva Vizcaya,Kasibu,Seguem,,,Farm to Market Road Development Program,0.88,,11924583.73,2021,,Farm to Market Road Development Program,Project Group: Farm-to-Market Roads | Project Type: Farm-to-Market Road | Beneficiary: 
ABEMIS0136,Concreting of Brgy. Ocao-Capiaan FMR,ABEMIS_FMR,Nueva Vizcaya,Nueva Vizcaya,Aritao,Ocao-Capiniaan,,,Farm to Market Road Development Program,0.79,,11939874.23,2021,,Farm to Market Road Development Program,Project Group: Farm-to-Market Roads | Project Type: Farm-to-Market Road | Beneficiary: 
ABEMIS0137,"Concreting of Paitan FMR, Brgy. Paitan, Boyombong, Nueva Vizcaya",ABEMIS_FMR,Nueva Vizcaya,Nueva Vizcaya,Bayombong (Capital),Paitan,,,Farm to Market Road Development Program,0.24,,2385811.62,2017,,Farm to Market Road Development Program,Project Group: Farm-to-Market Roads | Project Type: Farm-to-Market Road | Beneficiary: 
ABEMIS0138,"Concreting of Nueva Vizcaya Experiment Station Road Network (Phase III), Brgy. Villaros, Bagabag, Nueva Vizcaya",ABEMIS_FMR,Nueva Vizcaya,Nueva Vizcaya,Bagabag,Bakir,,,Farm to Market Road Development Program,0.42,,4775500.00,2017,,Farm to Market Road Development Program,Project Group: Farm-to-Market Roads | Project Type: Farm-to-Market Road | Beneficiary: 
ABEMIS0139,"Concreting of Buyasyas FMR, Brgy. Buyasyas, Kayapa, Nueva Vizcaya",ABEMIS_FMR,Nueva Vizcaya,Nueva Vizcaya,Aritao,Anayo,,,Farm to Market Road Development Program,0.42,,1809728.48,2017,,Farm to Market Road Development Program,Project Group: Farm-to-Market Roads | Project Type: Farm-to-Market Road | Beneficiary: 
ABEMIS0140,Concreting of Brgy. Carolotan FMR,ABEMIS_FMR,Nueva Vizcaya,Nueva Vizcaya,Dupax del Sur,Carolotan,,,Farm to Market Road Development Program,0.49,,11915123.38,2021,,Farm to Market Road Development Program,Project Group: Farm-to-Market Roads | Project Type: Farm-to-Market Road | Beneficiary: 
ABEMIS0141,"Concreting of Galintuja FMR (Phase II), Brgy. Galintuja, Alfonso Castañeda, Nueva Vizcaya",ABEMIS_FMR,Nueva Vizcaya,Nueva Vizcaya,Alfonso Castaneda,Galintuja,,,Farm to Market Road Development Program,0.47,,1856250.00,2017,,Farm to Market Road Development Program,Project Group: Farm-to-Market Roads | Project Type: Farm-to-Market Road | Beneficiary: 
ABEMIS0142,"Improvement of Canabuan-Lawed-Cauco FMR, Sta. Fe, Nueva Vizcaya",ABEMIS_FMR,Nueva Vizcaya,Nueva Vizcaya,Aritao,Canabuan,,,Farm to Market Road Development Program,0.51,,1841466.20,2017,,Farm to Market Road Development Program,Project Group: Farm-to-Market Roads | Project Type: Farm-to-Market Road | Beneficiary: 
ABEMIS0143,"Concreting of Purok 2 Balite FMR, Brgy.Balite, Aritao, Nueva Vizcaya",ABEMIS_FMR,Nueva Vizcaya,Nueva Vizcaya,Aritao,Balite,,,Farm to Market Road Development Program,0.59,,1886941.16,2017,,Farm to Market Road Development Program,Project Group: Farm-to-Market Roads | Project Type: Farm-to-Market Road | Beneficiary: 
ABEMIS0144,"Concreting of Dahlia St. Extension Purok6 Ineangan FMR, Brgy. Ineanga, Dupax Del Norte, Nueva Vizcaya",ABEMIS_FMR,Nueva Vizcaya,Nueva Vizcaya,Dupax del Norte,Ineangan,,,Farm to Market Road Development Program,0.30,,1868126.94,2017,,Farm to Market Road Development Program,Project Group: Farm-to-Market Roads | Project Type: Farm-to-Market Road | Beneficiary: 
ABEMIS0145,"Concreting of Latar FMR, Brgy. Latar, Aritao, Nueva Vizcaya",ABEMIS_FMR,Nueva Vizcaya,Nueva Vizcaya,Aritao,Latar-Nocnoc-San Francisco,,,Farm to Market Road Development Program,0.66,,1871095.48,2017,,Farm to Market Road Development Program,Project Group: Farm-to-Market Roads | Project Type: Farm-to-Market Road | Beneficiary: 
ABEMIS0146,"Concreting of Upper Bingo, Nantawacan FMR, Brgy. Nantawacan, Kasibu, Nueva Vizcaya",ABEMIS_FMR,Nueva Vizcaya,Nueva Vizcaya,Kasibu,Nantawacan,,,Farm to Market Road Development Program,0.33,,1841325.49,2017,,Farm to Market Road Development Program,Project Group: Farm-to-Market Roads | Project Type: Farm-to-Market Road | Beneficiary: 
ABEMIS0147,"Improvement of Nagakay-Pagasa FMR, Dupax del Norte, Nueva Vizcaya",ABEMIS_FMR,Nueva Vizcaya,Nueva Vizcaya,Dupax del Norte,Belance,,,Farm to Market Road Development Program,0.41,,1871101.65,2017,,Farm to Market Road Development Program,Project Group: Farm-to-Market Roads | Project Type: Farm-to-Market Road | Beneficiary: 
ABEMIS0148,"Concreting of Brgy. San Antonio South FMR, Brgy. San Antonio South, Bambang, Nueva Vizcaya",ABEMIS_FMR,Nueva Vizcaya,Nueva Vizcaya,Bambang,San Antonio South,,,Farm to Market Road Development Program,0.25,,1913364.97,2017,,Farm to Market Road Development Program,Project Group: Farm-to-Market Roads | Project Type: Farm-to-Market Road | Beneficiary: 
ABEMIS0149,Concreting of Brgy. Binuangan to Brgy. Yabbi FMR,ABEMIS_FMR,Nueva Vizcaya,Nueva Vizcaya,Dupax del Norte,Binnuangan,,,Farm to Market Road Development Program,1.43,,9454513.40,2017,,Farm to Market Road Development Program,Project Group: Farm-to-Market Roads | Project Type: Farm-to-Market Road | Beneficiary: 
ABEMIS0150,"Concreting of Belance Hs FMR, Brgy. Belanche Hs, Dupax Del Norte, Nueva Vizcaya",ABEMIS_FMR,Nueva Vizcaya,Nueva Vizcaya,Dupax del Norte,Belance,,,Farm to Market Road Development Program,0.56,,1871101.65,2017,,Farm to Market Road Development Program,Project Group: Farm-to-Market Roads | Project Type: Farm-to-Market Road | Beneficiary: 
ABEMIS0151,Concreting of Brgy. Ipil-Cuneg FMR,ABEMIS_FMR,Nueva Vizcaya,Nueva Vizcaya,Bayombong (Capital),Ipil-Cuneg,,,Farm to Market Road Development Program,0.64,,11940000.00,2021,,Farm to Market Road Development Program,Project Group: Farm-to-Market Roads | Project Type: Farm-to-Market Road | Beneficiary: 
ABEMIS0152,Concreting of Brgy. Bansing FMR,ABEMIS_FMR,Nueva Vizcaya,Nueva Vizcaya,Bayombong (Capital),Bansing,,,Farm to Market Road Development Program,0.72,,12437500.00,2021,,Farm to Market Road Development Program,Project Group: Farm-to-Market Roads | Project Type: Farm-to-Market Road | Beneficiary: 
ABEMIS0153,"Concreting of Sitio Salecpan FMR, Brgy.Salinas, Bambang, Nueva Vizcaya",ABEMIS_FMR,Nueva Vizcaya,Nueva Vizcaya,Bambang,Salinas,,,Farm to Market Road Development Program,0.41,,1908786.74,2017,,Farm to Market Road Development Program,Project Group: Farm-to-Market Roads | Project Type: Farm-to-Market Road | Beneficiary: 
ABEMIS0154,"Concreting of Parai FMR (Phase II), Brgy. Parai, Dupax Del Norte, Nueva Vizcaya",ABEMIS_FMR,Nueva Vizcaya,Nueva Vizcaya,Dupax del Norte,Parai,,,Farm to Market Road Development Program,0.36,,1841325.49,2017,,Farm to Market Road Development Program,Project Group: Farm-to-Market Roads | Project Type: Farm-to-Market Road | Beneficiary: 
ABEMIS0155,CONCRETING OF PADDAYA FMR,ABEMIS_FMR,Cagayan,1st District,Aparri,Paddaya,,,Farm to Market Road Development Program,0.64,,9101664.00,2021,,Farm to Market Road Development Program,Project Group: Farm-to-Market Roads | Project Type: Farm-to-Market Road | Beneficiary: 
ABEMIS0156,"Concreting of Sitio Anting-Sitio Model, Malasin FMR, Brgy. Malasin, Dupax Del Norte, Nueva Vizcaya",ABEMIS_FMR,Nueva Vizcaya,Nueva Vizcaya,Dupax del Norte,Malasin (Pob.),,,Farm to Market Road Development Program,0.32,,2729540.64,2017,,Farm to Market Road Development Program,Project Group: Farm-to-Market Roads | Project Type: Farm-to-Market Road | Beneficiary: 
ABEMIS0157,"Concreting of Lower Purok 4, Sto. Domingo West FMR, Brgy. Sto. Domingo, Bambang, Nueva Vizcaya",ABEMIS_FMR,Nueva Vizcaya,Nueva Vizcaya,Bambang,Santo Domingo West,,,Farm to Market Road Development Program,0.43,,2861483.04,2017,,Farm to Market Road Development Program,Project Group: Farm-to-Market Roads | Project Type: Farm-to-Market Road | Beneficiary: 
ABEMIS0158,Concreting of Sitio Tekeng - Batag FMR,ABEMIS_FMR,Nueva Vizcaya,Nueva Vizcaya,Ambaguio,Salingsingan,,,Farm to Market Road Development Program,0.23,,1909549.21,2017,,Farm to Market Road Development Program,Project Group: Farm-to-Market Roads | Project Type: Farm-to-Market Road | Beneficiary: 
ABEMIS0159,Concreting of Lower Ammoweg - Camandag FMR,ABEMIS_FMR,Nueva Vizcaya,Nueva Vizcaya,Ambaguio,Ammueg,,,Farm to Market Road Development Program,0.28,,1909029.36,2017,,Farm to Market Road Development Program,Project Group: Farm-to-Market Roads | Project Type: Farm-to-Market Road | Beneficiary: 
ABEMIS0160,"Concreting of a critical road section along Hamhamaan - Ginamgaman FMR, Brgy. Dulli, Ambaguio, Nueva Vizcaya",ABEMIS_FMR,Nueva Vizcaya,Nueva Vizcaya,Ambaguio,Dulli,,,Farm to Market Road Development Program,0.26,,1909225.13,2017,,Farm to Market Road Development Program,Project Group: Farm-to-Market Roads | Project Type: Farm-to-Market Road | Beneficiary: 
ABEMIS0161,"Concreting of Lurad FMR (Phase II), Brgy. Lurad, Diadi, Nueva Vizcaya",ABEMIS_FMR,Nueva Vizcaya,Nueva Vizcaya,Diadi,Lurad,,,Farm to Market Road Development Program,0.58,,1908846.58,2017,,Farm to Market Road Development Program,Project Group: Farm-to-Market Roads | Project Type: Farm-to-Market Road | Beneficiary: 
ABEMIS0162,Concreting of Brgy. Tiblac - Sitio Labbi FMR,ABEMIS_FMR,Nueva Vizcaya,Nueva Vizcaya,Ambaguio,Tiblac,,,Farm to Market Road Development Program,0.23,,1909575.76,2017,,Farm to Market Road Development Program,Project Group: Farm-to-Market Roads | Project Type: Farm-to-Market Road | Beneficiary: 
ABEMIS0163,CONCRETING OF NUEVA VIZCAYA AGRICULTURAL TERMINAL (NVAT) FMR,ABEMIS_FMR,Nueva Vizcaya,Nueva Vizcaya,Bambang,Almaguer North,,,Farm to Market Road Development Program,1.23,,9952000.00,2016,,Farm to Market Road Development Program,Project Group: Farm-to-Market Roads | Project Type: Farm-to-Market Road | Beneficiary: 
ABEMIS0164,"Concreting of Villa Aurora FMR, Brgy. Villa Aurora, Diadi, Nueva Vizcaya",ABEMIS_FMR,Nueva Vizcaya,Nueva Vizcaya,Diadi,Villa Aurora,,,Farm to Market Road Development Program,0.43,,1909346.58,2017,,Farm to Market Road Development Program,Project Group: Farm-to-Market Roads | Project Type: Farm-to-Market Road | Beneficiary: 
ABEMIS0165,Construction of Purok 7 FMR,ABEMIS_FMR,Nueva Vizcaya,Nueva Vizcaya,Kasibu,Tadji,,,Farm to Market Road Development Program,0.23,,1990000.00,2016,,Farm to Market Road Development Program,Project Group: Farm-to-Market Roads | Project Type: Farm-to-Market Road | Beneficiary: 
ABEMIS0166,Construction of Cabuaan FMR,ABEMIS_FMR,Nueva Vizcaya,Nueva Vizcaya,Bayombong (Capital),Cabuaan,,,Farm to Market Road Development Program,0.29,,1990000.00,2016,,Farm to Market Road Development Program,Project Group: Farm-to-Market Roads | Project Type: Farm-to-Market Road | Beneficiary: 
ABEMIS0167,Construction of Nampayakan FMR,ABEMIS_FMR,Nueva Vizcaya,Nueva Vizcaya,Solano,Quezon,,,Farm to Market Road Development Program,0.23,,1980000.00,2016,,Farm to Market Road Development Program,Project Group: Farm-to-Market Roads | Project Type: Farm-to-Market Road | Beneficiary: 
ABEMIS0168,"Concreting of Moreno, Sta. Lucia FMR, Brgy. Sta. Lucia, Bagabag, Nueva Vizcaya",ABEMIS_FMR,Nueva Vizcaya,Nueva Vizcaya,Bagabag,Sta. Lucia,,,Farm to Market Road Development Program,0.52,,1908420.34,2017,,Farm to Market Road Development Program,Project Group: Farm-to-Market Roads | Project Type: Farm-to-Market Road | Beneficiary: 
ABEMIS0169,CONCRETING OF CORDON PHASE II FMR,ABEMIS_FMR,Nueva Vizcaya,Nueva Vizcaya,Kasibu,Cordon,,,Farm to Market Road Development Program,0.40,,1818644.16,2017,,Farm to Market Road Development Program,Project Group: Farm-to-Market Roads | Project Type: Farm-to-Market Road | Beneficiary: 
ABEMIS0170,CONCRETING OF NANSIAKAN FMR,ABEMIS_FMR,Nueva Vizcaya,Nueva Vizcaya,Kayapa,Nansiakan,,,Farm to Market Road Development Program,0.42,,1843111.24,2017,,Farm to Market Road Development Program,Project Group: Farm-to-Market Roads | Project Type: Farm-to-Market Road | Beneficiary: 
ABEMIS0171,CONCRETING OF PUROK 7 CABUAAN FMR,ABEMIS_FMR,Nueva Vizcaya,Nueva Vizcaya,Bayombong (Capital),Cabuaan,,,Farm to Market Road Development Program,0.36,,1909385.55,2017,,Farm to Market Road Development Program,Project Group: Farm-to-Market Roads | Project Type: Farm-to-Market Road | Beneficiary: 
ABEMIS0172,"CONCRETING OF KAKILINGAN , BUENAVISTA FMR",ABEMIS_FMR,Nueva Vizcaya,Nueva Vizcaya,Bayombong (Capital),Buenavista (Vista Hills),,,Farm to Market Road Development Program,0.28,,1908178.53,2017,,Farm to Market Road Development Program,Project Group: Farm-to-Market Roads | Project Type: Farm-to-Market Road | Beneficiary: 
ABEMIS0173,"Concreting of Gumarueng FMR,Brgy. Gumarueng, Piat, Cagayan",ABEMIS_FMR,Cagayan,2nd District,Piat,Gumarueng,,,Farm to Market Road Development Program,0.25,,1931995.63,2017,,Farm to Market Road Development Program,Project Group: Farm-to-Market Roads | Project Type: Farm-to-Market Road | Beneficiary: 
ABEMIS0174,CONCRETING OF ABINGANAN- VILLALUZ FMR,ABEMIS_FMR,Nueva Vizcaya,Nueva Vizcaya,Bambang,Abinganan,,,Farm to Market Road Development Program,0.20,,1908659.31,2017,,Farm to Market Road Development Program,Project Group: Farm-to-Market Roads | Project Type: Farm-to-Market Road | Beneficiary: 
ABEMIS0175,"Construction of Tanap FMR, , Solano, Nueva Vizcaya",ABEMIS_FMR,Nueva Vizcaya,Nueva Vizcaya,Solano,Aggub,,,Farm to Market Road Development Program,0.43,,1990000.00,2016,,Farm to Market Road Development Program,Project Group: Farm-to-Market Roads | Project Type: Farm-to-Market Road | Beneficiary: 
ABEMIS0176,Construction of Purok 6 Sta. Rosa FMR,ABEMIS_FMR,Nueva Vizcaya,Nueva Vizcaya,Solano,Aggub,,,Farm to Market Road Development Program,0.40,,1980000.09,2016,,Farm to Market Road Development Program,Project Group: Farm-to-Market Roads | Project Type: Farm-to-Market Road | Beneficiary: 
ABEMIS0177,Construction of Acio FMR,ABEMIS_FMR,Nueva Vizcaya,Nueva Vizcaya,Solano,Aggub,,,Farm to Market Road Development Program,0.35,,1990000.00,2016,,Farm to Market Road Development Program,Project Group: Farm-to-Market Roads | Project Type: Farm-to-Market Road | Beneficiary: 
ABEMIS0178,"Concreting of Takiki FMR, Brgy. Takiki, Gattaran, Cagayan",ABEMIS_FMR,Cagayan,1st District,Gattaran,Takiki,,,Farm to Market Road Development Program,0.40,,2835750.00,2017,,Farm to Market Road Development Program,Project Group: Farm-to-Market Roads | Project Type: Farm-to-Market Road | Beneficiary: 
ABEMIS0179,"Concreting of Lusong (Phase 2) Pateng FMR, Brgy. Pateng, Gonzaga, Cagayan",ABEMIS_FMR,Cagayan,1st District,Gonzaga,Pateng,,,Farm to Market Road Development Program,0.47,,5700872.50,2017,,Farm to Market Road Development Program,Project Group: Farm-to-Market Roads | Project Type: Farm-to-Market Road | Beneficiary: 
ABEMIS0180,Construction of Purok 2-Purok 7 FMR,ABEMIS_FMR,Nueva Vizcaya,Nueva Vizcaya,Solano,Curifang,,,Farm to Market Road Development Program,0.27,,1990000.00,2016,,Farm to Market Road Development Program,Project Group: Farm-to-Market Roads | Project Type: Farm-to-Market Road | Beneficiary: 
ABEMIS0181,"Concreting of Minanga FMR, Brgy. Minanga, Camalaniugan, Cagayan",ABEMIS_FMR,Cagayan,1st District,Camalaniugan,Minanga,,,Farm to Market Road Development Program,0.18,,1899877.00,2017,,Farm to Market Road Development Program,Project Group: Farm-to-Market Roads | Project Type: Farm-to-Market Road | Beneficiary: 
ABEMIS0182,"Concreting of Purok- Papaya Remus FMR, Brgy. Remus, Baggao, Cagayan",ABEMIS_FMR,Cagayan,1st District,Baggao,Remus,,,Farm to Market Road Development Program,0.90,,9452500.00,2017,,Farm to Market Road Development Program,Project Group: Farm-to-Market Roads | Project Type: Farm-to-Market Road | Beneficiary: 
ABEMIS0183,"CONCRETING OF SITIO ÑARAWATAN - SITIO PINVATAVATASAN,STA. ROSA FMR ( GAA 2019 FCR)",ABEMIS_FMR,Batanes,Batanes,Itbayat,Santa Rosa (Kaynatuan),,,Farm to Market Road Development Program,0.44,,4966467.86,2019,,Farm to Market Road Development Program,Project Group: Farm-to-Market Roads | Project Type: Farm-to-Market Road | Beneficiary: 
ABEMIS0184,"Concreting/Improvement of Paddaya FMR (Phase II), Brgy. Paddaya , Aparri, Cagayan",ABEMIS_FMR,Cagayan,1st District,Aparri,Backiling,,,Farm to Market Road Development Program,0.50,,9501772.50,2017,,Farm to Market Road Development Program,Project Group: Farm-to-Market Roads | Project Type: Farm-to-Market Road | Beneficiary: 
ABEMIS0185,"Concreting of Capiddigan FMR, Brgy. Capiddigan, Gattaran, Cagayan",ABEMIS_FMR,Cagayan,1st District,Gattaran,Capiddigan,,,Farm to Market Road Development Program,0.45,,2835750.00,2017,,Farm to Market Road Development Program,Project Group: Farm-to-Market Roads | Project Type: Farm-to-Market Road | Beneficiary: 
ABEMIS0186,"CONCRETING OF SITIO DIPTAN - SITIO SUMAKEB, KAYUGANAN FMR ( GAA 2019 FCR)",ABEMIS_FMR,Batanes,Batanes,Uyugan,Kayuganan (Pob.),,,Farm to Market Road Development Program,0.13,,4662822.65,2019,,Farm to Market Road Development Program,Project Group: Farm-to-Market Roads | Project Type: Farm-to-Market Road | Beneficiary: 
ABEMIS0187,"CONCRETING OF SITIO PAKARAYAN - SITIO TAÑUD - SITIO VUCHID, UVOY FMR ( GAA 2019 FCR)",ABEMIS_FMR,Batanes,Batanes,Mahatao,Uvoy (Pob.),,,Farm to Market Road Development Program,0.35,,4702500.00,2019,,Farm to Market Road Development Program,Project Group: Farm-to-Market Roads | Project Type: Farm-to-Market Road | Beneficiary: 
ABEMIS0188,"Concreting of Sapping FMR Brgy. Sapping, Camalaniugan, Cagayan",ABEMIS_FMR,Cagayan,1st District,Camalaniugan,Sapping,,,Farm to Market Road Development Program,0.41,,2835750.00,2017,,Farm to Market Road Development Program,Project Group: Farm-to-Market Roads | Project Type: Farm-to-Market Road | Beneficiary: 
ABEMIS0189,"CONCRETING OF SITIO TUVA - SITIO RUDAW, SAN JOAQUIN FMR ( GAA 2019 FCR)",ABEMIS_FMR,Batanes,Batanes,Basco (Capital),San Joaquin,,,Farm to Market Road Development Program,0.43,,4901631.36,2019,,Farm to Market Road Development Program,Project Group: Farm-to-Market Roads | Project Type: Farm-to-Market Road | Beneficiary: 
ABEMIS0190,"CONCRETING OF SITIO VAKAHAS - SITIO DIBTANGAN,SAN ANTONIO FMR ( GAA 2019 FCR)",ABEMIS_FMR,Batanes,Batanes,Basco (Capital),San Antonio,,,Farm to Market Road Development Program,0.36,,4467723530.00,2019,,Farm to Market Road Development Program,Project Group: Farm-to-Market Roads | Project Type: Farm-to-Market Road | Beneficiary: 
ABEMIS0191,Construction of Purok 2 Kasantolan FMR,ABEMIS_FMR,Nueva Vizcaya,Nueva Vizcaya,Solano,Bascaran,,,Farm to Market Road Development Program,0.40,,1990000.00,2016,,Farm to Market Road Development Program,Project Group: Farm-to-Market Roads | Project Type: Farm-to-Market Road | Beneficiary: 
ABEMIS0192,"Concreting of Tagumay FMR, Brgy. Tagumay, Gattaran, Cagayan",ABEMIS_FMR,Cagayan,1st District,Gattaran,Abra,,,Farm to Market Road Development Program,0.28,,2835750.00,2017,,Farm to Market Road Development Program,Project Group: Farm-to-Market Roads | Project Type: Farm-to-Market Road | Beneficiary: 
ABEMIS0193,"Concreting of Cabayu FMR, Brgy.Cabayu, Gattaran, Cagayan",ABEMIS_FMR,Cagayan,1st District,Gattaran,Cabayu,,,Farm to Market Road Development Program,0.20,,2835750.00,2017,,Farm to Market Road Development Program,Project Group: Farm-to-Market Roads | Project Type: Farm-to-Market Road | Beneficiary: 
ABEMIS0194,CONCRETING OF IFUGAO VILLAGE FMR ( GAA 2019 FLR),ABEMIS_FMR,Quirino,Quirino,Diffun,Ifugao Village,,,Farm to Market Road Development Program,0.43,,4996392.34,2019,,Farm to Market Road Development Program,Project Group: Farm-to-Market Roads | Project Type: Farm-to-Market Road | Beneficiary: 
ABEMIS0195,Construction of NFA-Kateppangan FMR (Phase 2),ABEMIS_FMR,Nueva Vizcaya,Nueva Vizcaya,Bagabag,Villaros,,,Farm to Market Road Development Program,0.45,,1990000.00,2016,,Farm to Market Road Development Program,Project Group: Farm-to-Market Roads | Project Type: Farm-to-Market Road | Beneficiary: 
ABEMIS0196,"Concreting of Nagatutuan FMR, Brgy. Nagatutuan, Gattaran, Cagayan",ABEMIS_FMR,Cagayan,1st District,Gattaran,Nagatutuan,,,Farm to Market Road Development Program,0.29,,2363125.00,2017,,Farm to Market Road Development Program,Project Group: Farm-to-Market Roads | Project Type: Farm-to-Market Road | Beneficiary: 
ABEMIS0197,CONCRETING OF LAPAZ - SALVACION FMR ( GAA 2019 FCR),ABEMIS_FMR,Quirino,Quirino,Saguday,La Paz,,,Farm to Market Road Development Program,0.58,,4825992.92,2019,,Farm to Market Road Development Program,Project Group: Farm-to-Market Roads | Project Type: Farm-to-Market Road | Beneficiary: 
ABEMIS0198,CONCRETING OF VILLA PEÑA FMR ( GAA 2019 FCR),ABEMIS_FMR,Quirino,Quirino,Cabarroguis (Capital),Banuar,,,Farm to Market Road Development Program,0.44,,4999956.23,2019,,Farm to Market Road Development Program,Project Group: Farm-to-Market Roads | Project Type: Farm-to-Market Road | Beneficiary: 
ABEMIS0199,Construction of Nueva Vizcaya Experimental Station Road Network,ABEMIS_FMR,Nueva Vizcaya,Nueva Vizcaya,Bagabag,Villaros,,,Farm to Market Road Development Program,0.38,,2985000.00,2016,,Farm to Market Road Development Program,Project Group: Farm-to-Market Roads | Project Type: Farm-to-Market Road | Beneficiary: 
ABEMIS0200,CONCRETING OF MANGANDINGAY FMR ( GAA 2019 FCR),ABEMIS_FMR,Quirino,Quirino,Cabarroguis (Capital),Mangandingay (Pob.),,,Farm to Market Road Development Program,0.60,,4999980.36,2019,,Farm to Market Road Development Program,Project Group: Farm-to-Market Roads | Project Type: Farm-to-Market Road | Beneficiary: 
ABEMIS0201,Concreting of Sitio Tuyungan FMR,ABEMIS_FMR,Nueva Vizcaya,Nueva Vizcaya,Kayapa,Kayapa Proper West,,,Farm to Market Road Development Program,0.25,,1990000.00,2016,,Farm to Market Road Development Program,Project Group: Farm-to-Market Roads | Project Type: Farm-to-Market Road | Beneficiary: 
ABEMIS0202,Concreting of Brgy. Besong - Amelong - Labeng FMR,ABEMIS_FMR,Nueva Vizcaya,Nueva Vizcaya,Kayapa,Besong,,,Farm to Market Road Development Program,0.55,,2489000.00,2016,,Farm to Market Road Development Program,Project Group: Farm-to-Market Roads | Project Type: Farm-to-Market Road | Beneficiary: 
ABEMIS0203,"CONCRETING OF SITIO SALICPAN, SALINAS FMR PHASE II ( GAA 2019 FLR)",ABEMIS_FMR,Nueva Vizcaya,Nueva Vizcaya,Bambang,Salinas,,,Farm to Market Road Development Program,1.00,,9950000.00,2019,,Farm to Market Road Development Program,Project Group: Farm-to-Market Roads | Project Type: Farm-to-Market Road | Beneficiary: 
ABEMIS0204,Concreting/Improvement of Asaklat FMR,ABEMIS_FMR,Quirino,Quirino,Nagtipunan,Asaklat,,,Farm to Market Road Development Program,0.50,,4975000.00,2016,,Farm to Market Road Development Program,Project Group: Farm-to-Market Roads | Project Type: Farm-to-Market Road | Beneficiary: 
ABEMIS0205,"CONCRETING OF SITIO KAKILINGAN, BUENAVISTA FMR PHASE II ( GAA 2019 FLR)",ABEMIS_FMR,Nueva Vizcaya,Nueva Vizcaya,Bayombong (Capital),Buenavista (Vista Hills),,,Farm to Market Road Development Program,0.50,,4975000.00,2019,,Farm to Market Road Development Program,Project Group: Farm-to-Market Roads | Project Type: Farm-to-Market Road | Beneficiary: 
ABEMIS0206,"Concreting/Improvement of Sitio Divinsin, San Dionisio II FMR",ABEMIS_FMR,Quirino,Quirino,Nagtipunan,San Dionisio II,,,Farm to Market Road Development Program,0.58,,4975000.00,2016,,Farm to Market Road Development Program,Project Group: Farm-to-Market Roads | Project Type: Farm-to-Market Road | Beneficiary: 
ABEMIS0207,CONCRETING OF MALASIN FMR ( GAA 2019 FLR),ABEMIS_FMR,Nueva Vizcaya,Nueva Vizcaya,Dupax del Norte,Malasin (Pob.),,,Farm to Market Road Development Program,1.07,,7960000.00,2019,,Farm to Market Road Development Program,Project Group: Farm-to-Market Roads | Project Type: Farm-to-Market Road | Beneficiary: 
ABEMIS0208,Concreting/Improvement of Dumabato FMR,ABEMIS_FMR,Quirino,Quirino,Maddela,Dumabato Sur,,,Farm to Market Road Development Program,0.30,,1990000.00,2016,,Farm to Market Road Development Program,Project Group: Farm-to-Market Roads | Project Type: Farm-to-Market Road | Beneficiary: 
ABEMIS0209,CONCRETING OF BINALIAN FMR ( GAA 2019 FLR),ABEMIS_FMR,Nueva Vizcaya,Nueva Vizcaya,Kayapa,Binalian,,,Farm to Market Road Development Program,0.60,,4975000.00,2019,,Farm to Market Road Development Program,Project Group: Farm-to-Market Roads | Project Type: Farm-to-Market Road | Beneficiary: 
ABEMIS0210,Concreting/Improvement of Balligui FMR,ABEMIS_FMR,Quirino,Quirino,Maddela,Balligui,,,Farm to Market Road Development Program,0.23,,1990000.00,2016,,Farm to Market Road Development Program,Project Group: Farm-to-Market Roads | Project Type: Farm-to-Market Road | Beneficiary: 
ABEMIS0211,CONCRETING OF KAYAPA PROPER WEST FMR ( GAA 2019 FLR),ABEMIS_FMR,Nueva Vizcaya,Nueva Vizcaya,Kayapa,Kayapa Proper West,,,Farm to Market Road Development Program,0.47,,4975000.00,2019,,Farm to Market Road Development Program,Project Group: Farm-to-Market Roads | Project Type: Farm-to-Market Road | Beneficiary: 
ABEMIS0212,Concreting of Brgy. Siguem School Site FMR,ABEMIS_FMR,Nueva Vizcaya,Nueva Vizcaya,Kasibu,Seguem,,,Farm to Market Road Development Program,0.49,,2489000.00,2016,,Farm to Market Road Development Program,Project Group: Farm-to-Market Roads | Project Type: Farm-to-Market Road | Beneficiary: 
ABEMIS0213,Concreting/Improvement of La Paz FMR,ABEMIS_FMR,Quirino,Quirino,Saguday,La Paz,,,Farm to Market Road Development Program,0.24,,1990000.00,2016,,Farm to Market Road Development Program,Project Group: Farm-to-Market Roads | Project Type: Farm-to-Market Road | Beneficiary: 
ABEMIS0214,Concreting/Improvement of Magsaysay FMR,ABEMIS_FMR,Quirino,Quirino,Saguday,Magsaysay (Pob.),,,Farm to Market Road Development Program,0.28,,1990000.00,2016,,Farm to Market Road Development Program,Project Group: Farm-to-Market Roads | Project Type: Farm-to-Market Road | Beneficiary: 
ABEMIS0215,"Concreting of Lower Sese, Brgy. Pudi FMR",ABEMIS_FMR,Nueva Vizcaya,Nueva Vizcaya,Kasibu,Pudi,,,Farm to Market Road Development Program,0.34,,1990000.00,2016,,Farm to Market Road Development Program,Project Group: Farm-to-Market Roads | Project Type: Farm-to-Market Road | Beneficiary: 
ABEMIS0216,"CONCRETING OF SISIM, VILLA COLOMA FMR ( GAA 2019 FCR)",ABEMIS_FMR,Nueva Vizcaya,Nueva Vizcaya,Bagabag,Villa Coloma (Pob.),,,Farm to Market Road Development Program,0.55,,4975000.00,2019,,Farm to Market Road Development Program,Project Group: Farm-to-Market Roads | Project Type: Farm-to-Market Road | Beneficiary: 
ABEMIS0217,Concreting/Improvement of Quirino Experiment Station FMR,ABEMIS_FMR,Quirino,Quirino,Aglipay,Dungo,,,Farm to Market Road Development Program,0.40,,2985000.00,2016,,Farm to Market Road Development Program,Project Group: Farm-to-Market Roads | Project Type: Farm-to-Market Road | Beneficiary: 
ABEMIS0218,CONCRETING OF CALIAT FMR ( GAA 2019 FCR),ABEMIS_FMR,Nueva Vizcaya,Nueva Vizcaya,Quezon,Caliat (Pob.),,,Farm to Market Road Development Program,0.50,,4975000.00,2019,,Farm to Market Road Development Program,Project Group: Farm-to-Market Roads | Project Type: Farm-to-Market Road | Beneficiary: 
ABEMIS0219,Concreting of Brgy.Alloy FMR,ABEMIS_FMR,Nueva Vizcaya,Nueva Vizcaya,Kasibu,Alloy,,,Farm to Market Road Development Program,0.41,,1990000.00,2016,,Farm to Market Road Development Program,Project Group: Farm-to-Market Roads | Project Type: Farm-to-Market Road | Beneficiary: 
ABEMIS0220,CONCRETING OF MANGGAYANG FMR ( GAA 2019 FCR),ABEMIS_FMR,Nueva Vizcaya,Nueva Vizcaya,Dupax del Sur,Mangayang,,,Farm to Market Road Development Program,0.52,,4793413.24,2019,,Farm to Market Road Development Program,Project Group: Farm-to-Market Roads | Project Type: Farm-to-Market Road | Beneficiary: 
ABEMIS0221,CONCRETING OF LATBANG FMR ( GAA 2019 FCR),ABEMIS_FMR,Nueva Vizcaya,Nueva Vizcaya,Kayapa,Latbang,,,Farm to Market Road Development Program,0.55,,4793413.24,2019,,Farm to Market Road Development Program,Project Group: Farm-to-Market Roads | Project Type: Farm-to-Market Road | Beneficiary: 
ABEMIS0222,Concreting/Improvement of Ramos FMR,ABEMIS_FMR,Quirino,Quirino,Aglipay,Ramos,,,Farm to Market Road Development Program,0.28,,1990000.00,2016,,Farm to Market Road Development Program,Project Group: Farm-to-Market Roads | Project Type: Farm-to-Market Road | Beneficiary: 
ABEMIS0223,Concreting of Purok 4 FMR,ABEMIS_FMR,Nueva Vizcaya,Nueva Vizcaya,Kasibu,Macalong,,,Farm to Market Road Development Program,0.36,,1990000.00,2016,,Farm to Market Road Development Program,Project Group: Farm-to-Market Roads | Project Type: Farm-to-Market Road | Beneficiary: 
ABEMIS0224,Concreting of Brgy. San Ramon FMR,ABEMIS_FMR,Quirino,Quirino,Aglipay,San Ramon,,,Farm to Market Road Development Program,0.22,,1990000.00,2016,,Farm to Market Road Development Program,Project Group: Farm-to-Market Roads | Project Type: Farm-to-Market Road | Beneficiary: 
ABEMIS0225,Concreting of Cordon FMR,ABEMIS_FMR,Nueva Vizcaya,Nueva Vizcaya,Kasibu,Cordon,,,Farm to Market Road Development Program,0.39,,1990000.00,2016,,Farm to Market Road Development Program,Project Group: Farm-to-Market Roads | Project Type: Farm-to-Market Road | Beneficiary: 
ABEMIS0226,Concreting Villarose FMR,ABEMIS_FMR,Quirino,Quirino,Cabarroguis (Capital),Villarose,,,Farm to Market Road Development Program,0.40,,4975000.00,2016,,Farm to Market Road Development Program,Project Group: Farm-to-Market Roads | Project Type: Farm-to-Market Road | Beneficiary: 
ABEMIS0227,Concreting of Brgy. Malabing FMR,ABEMIS_FMR,Nueva Vizcaya,Nueva Vizcaya,Kasibu,Malabing,,,Farm to Market Road Development Program,0.15,,1990000.00,2016,,Farm to Market Road Development Program,Project Group: Farm-to-Market Roads | Project Type: Farm-to-Market Road | Beneficiary: 
ABEMIS0228,Concreting/Improvement of Villa Peña FMR,ABEMIS_FMR,Quirino,Quirino,Cabarroguis (Capital),Villa Peña,,,Farm to Market Road Development Program,0.24,,1990000.00,2016,,Farm to Market Road Development Program,Project Group: Farm-to-Market Roads | Project Type: Farm-to-Market Road | Beneficiary: 
ABEMIS0229,Callao FMR,ABEMIS_FMR,Cagayan,3rd District,Pe?ablanca,Callao,,,Farm to Market Road Development Program,0.31,,1990000.00,2016,,Farm to Market Road Development Program,Project Group: Farm-to-Market Roads | Project Type: Farm-to-Market Road | Beneficiary: 
ABEMIS0230,Concreting of Aklan Village FMR,ABEMIS_FMR,Quirino,Quirino,Diffun,Aklan Village,,,Farm to Market Road Development Program,0.17,,1990000.00,2016,,Farm to Market Road Development Program,Project Group: Farm-to-Market Roads | Project Type: Farm-to-Market Road | Beneficiary: 
ABEMIS0231,CONCRETING OF CEBU -RIZAL EAST FMR ( GAA 2019 FCR),ABEMIS_FMR,Isabela,6th District,San Isidro,Rizal East (Pob.),,,Farm to Market Road Development Program,0.40,,4975000.00,2019,,Farm to Market Road Development Program,Project Group: Farm-to-Market Roads | Project Type: Farm-to-Market Road | Beneficiary: 
ABEMIS0232,Concreting/Improvement of Ricarte Sur FMR,ABEMIS_FMR,Quirino,Quirino,Diffun,Ricarte Sur,,,Farm to Market Road Development Program,0.24,,1990000.00,2016,,Farm to Market Road Development Program,Project Group: Farm-to-Market Roads | Project Type: Farm-to-Market Road | Beneficiary: 
ABEMIS0233,CONSTRUCTION OF ANONANG- COLORADO FMR,ABEMIS_FMR,Isabela,6th District,San Guillermo,Anonang,,,Farm to Market Road Development Program,2.26,,15890000.00,2016,,Farm to Market Road Development Program,Project Group: Farm-to-Market Roads | Project Type: Farm-to-Market Road | Beneficiary: 
ABEMIS0234,CONCRETING OF MASAYA SUR - VIRGONEZA FMR ( GAA 2019 FCR),ABEMIS_FMR,Isabela,4th District,San Agustin,Masaya Sur,,,Farm to Market Road Development Program,0.40,,4975000.00,2019,,Farm to Market Road Development Program,Project Group: Farm-to-Market Roads | Project Type: Farm-to-Market Road | Beneficiary: 
ABEMIS0235,CONCRETING/IMPROVEMENT OF RANG-AYAN - MASIGUN FMR,ABEMIS_FMR,Isabela,5th District,Roxas,Rang-ayan,,,Farm to Market Road Development Program,0.66,,4975000.00,2016,,Farm to Market Road Development Program,Project Group: Farm-to-Market Roads | Project Type: Farm-to-Market Road | Beneficiary: 
ABEMIS0236,CONCRETING OF MASAYA NORTE FMR ( GAA 2019 FCR),ABEMIS_FMR,Isabela,4th District,San Agustin,Masaya Norte,,,Farm to Market Road Development Program,0.47,,4975000.00,2019,,Farm to Market Road Development Program,Project Group: Farm-to-Market Roads | Project Type: Farm-to-Market Road | Beneficiary: 
ABEMIS0237,CONCRETING OF BRGY. 2 FMR ( GAA 2019 FLR),ABEMIS_FMR,Isabela,4th District,Jones,Barangay II (Pob.),,,Farm to Market Road Development Program,0.91,,11940000.00,2019,,Farm to Market Road Development Program,Project Group: Farm-to-Market Roads | Project Type: Farm-to-Market Road | Beneficiary: 
ABEMIS0238,CONCRETING OF DIBULUAN FMR ( GAA 2019 FLR),ABEMIS_FMR,Isabela,4th District,Jones,Dibuluan,,,Farm to Market Road Development Program,0.84,,12935000.00,2019,,Farm to Market Road Development Program,Project Group: Farm-to-Market Roads | Project Type: Farm-to-Market Road | Beneficiary: 
ABEMIS0239,"Concreting of Brgy. Ipil FMR, Brgy.Ipil, Echague, Isabela",ABEMIS_FMR,Isabela,6th District,Echague,Ipil,,,Farm to Market Road Development Program,0.56,,5000000.00,2017,,Farm to Market Road Development Program,Project Group: Farm-to-Market Roads | Project Type: Farm-to-Market Road | Beneficiary: 
ABEMIS0240,"Concreting of Palagao- Arubub FMR, Brgys.Palagao and Arubub, Jones, Isabela",ABEMIS_FMR,Isabela,4th District,Jones,San Jose,,,Farm to Market Road Development Program,1.13,,9394770.25,2017,,Farm to Market Road Development Program,Project Group: Farm-to-Market Roads | Project Type: Farm-to-Market Road | Beneficiary: 
ABEMIS0241,"Concreting of San Miguel-Planas FMR, Brgys. San Miguel & Planas, Ramon, Isabela (DA CY 2017)",ABEMIS_FMR,Isabela,3rd District,Ramon,San Miguel,,,Farm to Market Road Development Program,1.18,,14096058.68,2017,,Farm to Market Road Development Program,Project Group: Farm-to-Market Roads | Project Type: Farm-to-Market Road | Beneficiary: 
ABEMIS0242,"Concreting of Villa Marzo FMR, Brgy.Villa Marzo, Cordon, Isabela (DA CY 2017)",ABEMIS_FMR,Isabela,4th District,Cordon,Villamarzo,,,Farm to Market Road Development Program,1.22,,4738662.83,2017,,Farm to Market Road Development Program,Project Group: Farm-to-Market Roads | Project Type: Farm-to-Market Road | Beneficiary: 
ABEMIS0243,CONCRETING OF QUINALABASA NORTE- SAN ANTONIO FMR,ABEMIS_FMR,Isabela,4th District,San Agustin,Quimalabasa Norte,,,Farm to Market Road Development Program,0.17,,1980000.00,2017,,Farm to Market Road Development Program,Project Group: Farm-to-Market Roads | Project Type: Farm-to-Market Road | Beneficiary: 
ABEMIS0244,"Concreting of Brgy. Anonang to Brgy. Colorado to Brgy. Villa Sanchez to Brgy. San Francisco FMR, Brgys. Anonang, Brgy. Colorado, Brgy. Villa Sanchez, and Brgy. San Francisco, San Guillermo, Isabela",ABEMIS_FMR,Isabela,6th District,San Guillermo,Anonang,,,Farm to Market Road Development Program,0.34,,3742070.57,2017,,Farm to Market Road Development Program,Project Group: Farm-to-Market Roads | Project Type: Farm-to-Market Road | Beneficiary: 
ABEMIS0245,"Concreting of Brgy. Rang-Ayan FMR, Brgy.Rang-Ayan, Angadanan, Isabela",ABEMIS_FMR,Isabela,3rd District,Angadanan,Rang-ayan,,,Farm to Market Road Development Program,1.47,,11280446.82,2017,,Farm to Market Road Development Program,Project Group: Farm-to-Market Roads | Project Type: Farm-to-Market Road | Beneficiary: 
ABEMIS0246,"Concreting of Brgy. Victoria FMR, Brgy.Victoria, San Mateo, Isabela",ABEMIS_FMR,Isabela,3rd District,San Mateo,Victoria,,,Farm to Market Road Development Program,0.33,,1870999.90,2017,,Farm to Market Road Development Program,Project Group: Farm-to-Market Roads | Project Type: Farm-to-Market Road | Beneficiary: 
ABEMIS0247,"Concreting of Brgy. San Ignacio FMR, Brgy.San Ignacio, San Mateo, Isabela",ABEMIS_FMR,Isabela,3rd District,San Mateo,San Ignacio,,,Farm to Market Road Development Program,0.40,,1871417.57,2017,,Farm to Market Road Development Program,Project Group: Farm-to-Market Roads | Project Type: Farm-to-Market Road | Beneficiary: 
ABEMIS0248,"Concreting of Brgy. Rang-Ay FMR, Brgy.Rang-Ay, Cabanatuan, Isabela",ABEMIS_FMR,Isabela,3rd District,Cabatuan,Rang-ay (Caggong),,,Farm to Market Road Development Program,0.75,,4701744.82,2017,,Farm to Market Road Development Program,Project Group: Farm-to-Market Roads | Project Type: Farm-to-Market Road | Beneficiary: 
ABEMIS0249,"Concreting of Bonifacio-Bagong-Sikat Phase I, Brgys.Bonifacio and Bagong-Sikat, Alicia, Isabela",ABEMIS_FMR,Isabela,3rd District,Alicia,Bonifacio,,,Farm to Market Road Development Program,0.72,,4677731.60,2017,,Farm to Market Road Development Program,Project Group: Farm-to-Market Roads | Project Type: Farm-to-Market Road | Beneficiary: 
ABEMIS0250,"Concreting of Buenavista- Victory FMR, Brgys. Buenavista and Victory, Angadanan, Isabela",ABEMIS_FMR,Isabela,3rd District,Angadanan,Victory,,,Farm to Market Road Development Program,0.52,,4679948.96,2017,,Farm to Market Road Development Program,Project Group: Farm-to-Market Roads | Project Type: Farm-to-Market Road | Beneficiary: 
ABEMIS0251,CONCRETING OF SALVACION - SAN PABLO FMR,ABEMIS_FMR,Isabela,3rd District,Alicia,Salvacion,,,Farm to Market Road Development Program,2.06,,14033682.60,2017,,Farm to Market Road Development Program,Project Group: Farm-to-Market Roads | Project Type: Farm-to-Market Road | Beneficiary: 
ABEMIS0252,"Concreting of Brgy. San Pedro FMR, Brgy. San Pedro, Roxas, Isabela",ABEMIS_FMR,Isabela,5th District,Roxas,San Pedro,,,Farm to Market Road Development Program,0.20,,1889029.74,2017,,Farm to Market Road Development Program,Project Group: Farm-to-Market Roads | Project Type: Farm-to-Market Road | Beneficiary: 
ABEMIS0253,"Concreting of Brgy. San Jose FMR, Brgy. San Jose, Roxas, Isabela",ABEMIS_FMR,Isabela,5th District,Roxas,San Jose,,,Farm to Market Road Development Program,0.30,,2835481.09,2017,,Farm to Market Road Development Program,Project Group: Farm-to-Market Roads | Project Type: Farm-to-Market Road | Beneficiary: 
ABEMIS0254,"Concreting of Brgy. Daragutan West to Balagan Road Section FMR, Brgy. Daragutan, San Mariano, Isabela",ABEMIS_FMR,Isabela,2nd District,San Mariano,Daragutan West,,,Farm to Market Road Development Program,1.00,,10000000.00,2017,,Farm to Market Road Development Program,Project Group: Farm-to-Market Roads | Project Type: Farm-to-Market Road | Beneficiary: 
ABEMIS0255,"Concreting of Brgy San Miguel to Brgy. Catabban FMR (Phase II), Brgy. San miguel and Brgy. San roque, Burgos, Isabela",ABEMIS_FMR,Isabela,5th District,Burgos,San Miguel,,,Farm to Market Road Development Program,0.20,,2835652.72,2017,,Farm to Market Road Development Program,Project Group: Farm-to-Market Roads | Project Type: Farm-to-Market Road | Beneficiary: 
ABEMIS0256,"Concreting of Brgy. Villanueva to Brgy. San Francisco FMR, Brgy. Villanueva and Brgy. San Francisco, San Manuel, Isabela",ABEMIS_FMR,Isabela,5th District,San Manuel,Villanueva,,,Farm to Market Road Development Program,0.20,,1890285.54,2017,,Farm to Market Road Development Program,Project Group: Farm-to-Market Roads | Project Type: Farm-to-Market Road | Beneficiary: 
ABEMIS0257,"Concreting of Brgy. Sandiat Centro FMR, Brgy.Sandiat Centro, San Manuel, Isabela",ABEMIS_FMR,Isabela,5th District,San Manuel,Sandiat Centro,,,Farm to Market Road Development Program,0.20,,1890430.64,2017,,Farm to Market Road Development Program,Project Group: Farm-to-Market Roads | Project Type: Farm-to-Market Road | Beneficiary: 
ABEMIS0258,"Concreting of Brgy. Rizal FMR, Brgy. Rizal, Quirino,Isabela",ABEMIS_FMR,Isabela,5th District,Quirino,Rizal,,,Farm to Market Road Development Program,0.20,,1889408.82,2017,,Farm to Market Road Development Program,Project Group: Farm-to-Market Roads | Project Type: Farm-to-Market Road | Beneficiary: 
ABEMIS0259,"Concreting of Brgy. Manaoag FMR, Brgy.Manaoag, Quirino, Isabela",ABEMIS_FMR,Isabela,5th District,Quirino,Manaoag,,,Farm to Market Road Development Program,0.20,,1890165.44,2017,,Farm to Market Road Development Program,Project Group: Farm-to-Market Roads | Project Type: Farm-to-Market Road | Beneficiary: 
ABEMIS0260,"Concreting of Purok 1 to Purok 2, Brgy. San Placido FMR, Brgy.San Placido, Roxas, Isabela",ABEMIS_FMR,Isabela,5th District,Roxas,San Placido,,,Farm to Market Road Development Program,0.50,,4725857.56,2017,,Farm to Market Road Development Program,Project Group: Farm-to-Market Roads | Project Type: Farm-to-Market Road | Beneficiary: 
ABEMIS0261,"Concreting of Brgy. Mangga FMR, Brgy. Mangga, Quezon, Isabela",ABEMIS_FMR,Isabela,5th District,Quezon,Mangga,,,Farm to Market Road Development Program,0.30,,2835446.34,2017,,Farm to Market Road Development Program,Project Group: Farm-to-Market Roads | Project Type: Farm-to-Market Road | Beneficiary: 
ABEMIS0262,"Concreting of Brgy. Lepanto to Brgy. Callangigan FMR, Brgy. Lepanto and Brgy. Callangigan Quezon, Isabela",ABEMIS_FMR,Isabela,5th District,Quezon,Lepanto,,,Farm to Market Road Development Program,0.37,,3000000.00,2017,,Farm to Market Road Development Program,Project Group: Farm-to-Market Roads | Project Type: Farm-to-Market Road | Beneficiary: 
ABEMIS0263,"Concreting of Old San Mariano to Sitio Caunayan Road Section FMR, Brgy. Old San Mariano, San Mariano, Isabela",ABEMIS_FMR,Isabela,2nd District,San Mariano,Old San Mariano,,,Farm to Market Road Development Program,3.13,,9438631.26,2017,,Farm to Market Road Development Program,Project Group: Farm-to-Market Roads | Project Type: Farm-to-Market Road | Beneficiary: 
ABEMIS0264,"CONCRETING OF SITIO VILLA CAYABAN,MALALINTA FMR",ABEMIS_FMR,Isabela,5th District,San Manuel,Malalinta,,,Farm to Market Road Development Program,0.25,,1890198.06,2017,,Farm to Market Road Development Program,Project Group: Farm-to-Market Roads | Project Type: Farm-to-Market Road | Beneficiary: 
ABEMIS0265,"Concreting of San Juan FMR, Brgy. San Juan, Cabagan, Isabela (TRDA-CY 2017)",ABEMIS_FMR,Isabela,1st District,Cabagan,Aggub,,,Farm to Market Road Development Program,0.96,,4726132.18,2017,,Farm to Market Road Development Program,Project Group: Farm-to-Market Roads | Project Type: Farm-to-Market Road | Beneficiary: 
ABEMIS0266,"Concreting of Sitio Dacque-Sitio Aggasimuan, Tallag FMR, Brgy. Tallag, Cabagan, Isabela (TRDA-CY 2017)",ABEMIS_FMR,Isabela,1st District,Cabagan,Tallag,,,Farm to Market Road Development Program,0.91,,4726177.95,2017,,Farm to Market Road Development Program,Project Group: Farm-to-Market Roads | Project Type: Farm-to-Market Road | Beneficiary: 
ABEMIS0267,"Concreting of Poblacion 2 FMR, Brgy. Poblacion 2, Sta. Maria, Isabela (TRDA-CY 2017)",ABEMIS_FMR,Isabela,1st District,Santa Maria,Poblacion 2,,,Farm to Market Road Development Program,0.65,,4727759.36,2017,,Farm to Market Road Development Program,Project Group: Farm-to-Market Roads | Project Type: Farm-to-Market Road | Beneficiary: 
ABEMIS0268,"Concreting of Moldero FMR, Brgy. Moldero, Tumauini, Isabela (TRDA-CY 2017)",ABEMIS_FMR,Isabela,1st District,Tumauini,Moldero,,,Farm to Market Road Development Program,1.58,,4726325.96,2017,,Farm to Market Road Development Program,Project Group: Farm-to-Market Roads | Project Type: Farm-to-Market Road | Beneficiary: 
ABEMIS0269,"CONCRETING OF SITIO PAPAYA-SITIO DALENA, BALASIG FMR",ABEMIS_FMR,Isabela,1st District,Cabagan,Balasig,,,Farm to Market Road Development Program,0.89,,4726420.83,2017,,Farm to Market Road Development Program,Project Group: Farm-to-Market Roads | Project Type: Farm-to-Market Road | Beneficiary: 
ABEMIS0270,Concreting of Villa Gracia FMR ( GAA 2020),ABEMIS_FMR,Quirino,Quirino,Maddela,Villa Gracia,,,Farm to Market Road Development Program,1.07,,12287549.37,2020,,Farm to Market Road Development Program,Project Group: Farm-to-Market Roads | Project Type: Farm-to-Market Road | Beneficiary: 
ABEMIS0271,Concreting of Villamor FMR ( GAA 2020),ABEMIS_FMR,Quirino,Quirino,Cabarroguis (Capital),Villamor,,,Farm to Market Road Development Program,1.15,,12271148.13,2020,,Farm to Market Road Development Program,Project Group: Farm-to-Market Roads | Project Type: Farm-to-Market Road | Beneficiary: 
ABEMIS0272,Concreting of Centro Kimbutan FMR ( GAA 2020),ABEMIS_FMR,Nueva Vizcaya,Nueva Vizcaya,Dupax del Sur,Kimbutan,,,Farm to Market Road Development Program,0.83,,11940000.00,2020,,Farm to Market Road Development Program,Project Group: Farm-to-Market Roads | Project Type: Farm-to-Market Road | Beneficiary: 
ABEMIS0273,CONCRETING OF MANALO-MAGOGOD FMR,ABEMIS_FMR,Cagayan,3rd District,Amulung,Manalo,,,Farm to Market Road Development Program,0.61,,4975000.00,2016,,Farm to Market Road Development Program,Project Group: Farm-to-Market Roads | Project Type: Farm-to-Market Road | Beneficiary: 
ABEMIS0274,CONCRETING/IMPROVEMENT OF ROAD 1-SAN JOSE FMR,ABEMIS_FMR,Isabela,5th District,Roxas,San Jose,,,Farm to Market Road Development Program,0.67,,4975000.00,2016,,Farm to Market Road Development Program,Project Group: Farm-to-Market Roads | Project Type: Farm-to-Market Road | Beneficiary: 
ABEMIS0275,Conreting of Cabuluan FMR ( GAA 2020),ABEMIS_FMR,Nueva Vizcaya,Nueva Vizcaya,Villaverde,Cabuluan,,,Farm to Market Road Development Program,0.83,,12437500.00,2020,,Farm to Market Road Development Program,Project Group: Farm-to-Market Roads | Project Type: Farm-to-Market Road | Beneficiary: 
ABEMIS0276,REHABILITATION/CONSTRUCTION OF CENTRO 02-SALONGSONG FMR,ABEMIS_FMR,Cagayan,2nd District,Santa Praxedes,Centro II (Pob.),,,Farm to Market Road Development Program,0.27,,1990000.00,2016,,Farm to Market Road Development Program,Project Group: Farm-to-Market Roads | Project Type: Farm-to-Market Road | Beneficiary: 
ABEMIS0277,CONCRETING OF SAN MIGUEL - PLANAS FMR ( GAA 2019 FCR),ABEMIS_FMR,Isabela,3rd District,Ramon,Planas,,,Farm to Market Road Development Program,0.40,,4975000.00,2019,,Farm to Market Road Development Program,Project Group: Farm-to-Market Roads | Project Type: Farm-to-Market Road | Beneficiary: 
ABEMIS0278,CONSTRUCTION/CONCRETING OF SAN JUAN-WACCA FMR,ABEMIS_FMR,Cagayan,2nd District,Santa Praxedes,San Juan,,,Farm to Market Road Development Program,0.33,,2985000.00,2016,,Farm to Market Road Development Program,Project Group: Farm-to-Market Roads | Project Type: Farm-to-Market Road | Beneficiary: 
ABEMIS0279,"Concreting of Brgy. Marcos to Brgy. Muñoz West FMR, Brgy. Marcos and Brgy. Muñoz West, Roxas, Isabela",ABEMIS_FMR,Isabela,5th District,Roxas,Marcos,,,Farm to Market Road Development Program,0.69,,4975000.00,2016,,Farm to Market Road Development Program,Project Group: Farm-to-Market Roads | Project Type: Farm-to-Market Road | Beneficiary: 
ABEMIS0280,CONCRETING OF LINOMOT - STA. ISABEL FMR ( GAA 2019 FCR),ABEMIS_FMR,Isabela,4th District,Jones,Linomot,,,Farm to Market Road Development Program,0.35,,4975000.00,2019,,Farm to Market Road Development Program,Project Group: Farm-to-Market Roads | Project Type: Farm-to-Market Road | Beneficiary: 
ABEMIS0281,CONCRETING OF BACULUD-DADDA FMR,ABEMIS_FMR,Cagayan,3rd District,Amulung,Baculud,,,Farm to Market Road Development Program,0.96,,4975000.00,2017,,Farm to Market Road Development Program,Project Group: Farm-to-Market Roads | Project Type: Farm-to-Market Road | Beneficiary: 
ABEMIS0282,Concreting of Mabbayad- San Miguel FMR ( GAA 2020),ABEMIS_FMR,Isabela,6th District,Echague,San Miguel,,,Farm to Market Road Development Program,1.04,,12064000.00,2020,,Farm to Market Road Development Program,Project Group: Farm-to-Market Roads | Project Type: Farm-to-Market Road | Beneficiary: 
ABEMIS0283,REHABILITATION/CONSTRUCTION OF DAMMANG- DACAL FMR,ABEMIS_FMR,Cagayan,2nd District,Sanchez Mira,Dammang,,,Farm to Market Road Development Program,0.43,,2985000.00,2016,,Farm to Market Road Development Program,Project Group: Farm-to-Market Roads | Project Type: Farm-to-Market Road | Beneficiary: 
ABEMIS0284,Concreting of Mabbayad - Benguet FMR ( GAA 2020),ABEMIS_FMR,Isabela,6th District,Echague,Benguet,,,Farm to Market Road Development Program,0.83,,12062000.00,2020,,Farm to Market Road Development Program,Project Group: Farm-to-Market Roads | Project Type: Farm-to-Market Road | Beneficiary: 
ABEMIS0285,Concreting of Villa Conception FMR,ABEMIS_FMR,Isabela,5th District,Roxas,Villa Concepcion,,,Farm to Market Road Development Program,0.29,,2985000.00,2016,,Farm to Market Road Development Program,Project Group: Farm-to-Market Roads | Project Type: Farm-to-Market Road | Beneficiary: 
ABEMIS0286,CONCRETING OF SAN FRANCISCO NORTE - DIETBAN FMR ( GAA 2019 FLR),ABEMIS_FMR,Isabela,6th District,San Guillermo,San Francisco Norte,,,Farm to Market Road Development Program,0.34,,4702488.05,2019,,Farm to Market Road Development Program,Project Group: Farm-to-Market Roads | Project Type: Farm-to-Market Road | Beneficiary: 
ABEMIS0287,REHABILITATION/CONSTRUCTION OF CSU-NAGSABARAN FMR,ABEMIS_FMR,Cagayan,2nd District,Sanchez Mira,Centro I (Pob.),,,Farm to Market Road Development Program,0.26,,1990000.00,2016,,Farm to Market Road Development Program,Project Group: Farm-to-Market Roads | Project Type: Farm-to-Market Road | Beneficiary: 
ABEMIS0288,REHABILITATION/CONSTRUCTION OF CASITAN FMR,ABEMIS_FMR,Cagayan,2nd District,Pamplona,Casitan,,,Farm to Market Road Development Program,0.29,,1990000.00,2016,,Farm to Market Road Development Program,Project Group: Farm-to-Market Roads | Project Type: Farm-to-Market Road | Beneficiary: 
ABEMIS0289,CONCRETING OF SARANAY - MACANIAO FMR ( GAA 2019 FLR),ABEMIS_FMR,Isabela,3rd District,Angadanan,Saranay,,,Farm to Market Road Development Program,1.96,,13892533.52,2019,,Farm to Market Road Development Program,Project Group: Farm-to-Market Roads | Project Type: Farm-to-Market Road | Beneficiary: 
ABEMIS0290,Concreting of Sta. Rita - Nampicuan FMR ( GAA 2020),ABEMIS_FMR,Isabela,5th District,Aurora,Nampicuan,,,Farm to Market Road Development Program,1.34,,12430010.68,2020,,Farm to Market Road Development Program,Project Group: Farm-to-Market Roads | Project Type: Farm-to-Market Road | Beneficiary: 
ABEMIS0291,CONCRETING OF BANNAWAG - CALAOCAN ROAD FMR ( GAA 2019 FLR),ABEMIS_FMR,Isabela,3rd District,Angadanan,Bannawag,,,Farm to Market Road Development Program,1.12,,7524095.59,2019,,Farm to Market Road Development Program,Project Group: Farm-to-Market Roads | Project Type: Farm-to-Market Road | Beneficiary: 
ABEMIS0292,Concreting of Bacnor FMR,ABEMIS_FMR,Isabela,5th District,Burgos,Bacnor East,,,Farm to Market Road Development Program,0.72,,4975000.00,2016,,Farm to Market Road Development Program,Project Group: Farm-to-Market Roads | Project Type: Farm-to-Market Road | Beneficiary: 
ABEMIS0293,REHABILITATION/CONSTRUCTION OF PERU-SIKALAW- PERU SIMUD FMR,ABEMIS_FMR,Cagayan,2nd District,Lasam,Peru,,,Farm to Market Road Development Program,0.21,,1999000.00,2016,,Farm to Market Road Development Program,Project Group: Farm-to-Market Roads | Project Type: Farm-to-Market Road | Beneficiary: 
ABEMIS0294,Concreting of Quiling - Doña Concha FMR ( GAA 2020),ABEMIS_FMR,Isabela,5th District,Roxas,Quiling,,,Farm to Market Road Development Program,1.03,,12417040.58,2020,,Farm to Market Road Development Program,Project Group: Farm-to-Market Roads | Project Type: Farm-to-Market Road | Beneficiary: 
ABEMIS0295,CONCRETING OF RANG-AYAN - SARANAY FMR ( GAA 2019 FLR),ABEMIS_FMR,Isabela,3rd District,Angadanan,Rang-ayan,,,Farm to Market Road Development Program,1.26,,9254941.82,2019,,Farm to Market Road Development Program,Project Group: Farm-to-Market Roads | Project Type: Farm-to-Market Road | Beneficiary: 
ABEMIS0296,REHABILITATION/CONSTRUCTION OF KAPANIKIAN-TABBUGAN PHASE II FMR,ABEMIS_FMR,Cagayan,2nd District,Claveria,Capanikian,,,Farm to Market Road Development Program,0.29,,1990000.00,2016,,Farm to Market Road Development Program,Project Group: Farm-to-Market Roads | Project Type: Farm-to-Market Road | Beneficiary: 
ABEMIS0297,CONCRETING OF SAN MARCELO - SAN ROQUE FMR ( GAA 2019 FCR),ABEMIS_FMR,Isabela,3rd District,Angadanan,San Roque,,,Farm to Market Road Development Program,4.21,,28231396.13,2019,,Farm to Market Road Development Program,Project Group: Farm-to-Market Roads | Project Type: Farm-to-Market Road | Beneficiary: 
ABEMIS0298,Concreting of Divinan (Phase I) FMR ( GAA 2020),ABEMIS_FMR,Isabela,4th District,Jones,Divinan,,,Farm to Market Road Development Program,1.04,,12064375.00,2020,,Farm to Market Road Development Program,Project Group: Farm-to-Market Roads | Project Type: Farm-to-Market Road | Beneficiary: 
ABEMIS0299,Concreting of Turod Sur Malapat- Cadaanan FMR ( GAA 2020),ABEMIS_FMR,Isabela,4th District,Cordon,Turod Sur,,,Farm to Market Road Development Program,1.04,,12051500.00,2020,,Farm to Market Road Development Program,Project Group: Farm-to-Market Roads | Project Type: Farm-to-Market Road | Beneficiary: 
ABEMIS0300,CONCRETING OF CARUPIAN FMR,ABEMIS_FMR,Cagayan,1st District,Baggao,Carupian,,,Farm to Market Road Development Program,0.96,,9085773.91,2021,,Farm to Market Road Development Program,Project Group: Farm-to-Market Roads | Project Type: Farm-to-Market Road | Beneficiary: 
ABEMIS0301,Concreting of San Juan-Estrada-Dunmon FMR,ABEMIS_FMR,Isabela,5th District,Quezon,San Juan,,,Farm to Market Road Development Program,0.67,,4975000.00,2016,,Farm to Market Road Development Program,Project Group: Farm-to-Market Roads | Project Type: Farm-to-Market Road | Beneficiary: 
ABEMIS0302,CONCRETING OF AGUIRRIT FMR,ABEMIS_FMR,Cagayan,3rd District,Amulung,Agguirit,,,Farm to Market Road Development Program,1.27,,12437500.00,2021,,Farm to Market Road Development Program,Project Group: Farm-to-Market Roads | Project Type: Farm-to-Market Road | Beneficiary: 
ABEMIS0303,CONCRETING OF STA. ISABEL FMR,ABEMIS_FMR,Cagayan,1st District,Buguey,Santa Isabel,,,Farm to Market Road Development Program,0.33,,2985000.00,2016,,Farm to Market Road Development Program,Project Group: Farm-to-Market Roads | Project Type: Farm-to-Market Road | Beneficiary: 
ABEMIS0304,Dadda FMR,ABEMIS_FMR,Cagayan,3rd District,Tuguegarao City (Capital),Dadda,,,Farm to Market Road Development Program,0.52,,4975000.00,2016,,Farm to Market Road Development Program,Project Group: Farm-to-Market Roads | Project Type: Farm-to-Market Road | Beneficiary: 
ABEMIS0305,Concreting of Arellano-Callangigan FMR,ABEMIS_FMR,Isabela,5th District,Quezon,Arellano (Pob.),,,Farm to Market Road Development Program,1.49,,11980000.00,2016,,Farm to Market Road Development Program,Project Group: Farm-to-Market Roads | Project Type: Farm-to-Market Road | Beneficiary: 
ABEMIS0306,San Roque FMR,ABEMIS_FMR,Cagayan,3rd District,Pe?ablanca,San Roque (Litto),,,Farm to Market Road Development Program,0.32,,3450000.00,2016,,Farm to Market Road Development Program,Project Group: Farm-to-Market Roads | Project Type: Farm-to-Market Road | Beneficiary: 
ABEMIS0307,Concreting of Malasin- Salinungan West FMR ( GAA 2020),ABEMIS_FMR,Isabela,3rd District,San Mateo,Salinungan West,,,Farm to Market Road Development Program,0.90,,12437500.00,2020,,Farm to Market Road Development Program,Project Group: Farm-to-Market Roads | Project Type: Farm-to-Market Road | Beneficiary: 
ABEMIS0308,CONCRETING OF LINLINGAY - CALLAO FMR ( GAA 2019 FCR),ABEMIS_FMR,Isabela,3rd District,Alicia,Linglingay,,,Farm to Market Road Development Program,0.40,,4702069.97,2019,,Farm to Market Road Development Program,Project Group: Farm-to-Market Roads | Project Type: Farm-to-Market Road | Beneficiary: 
ABEMIS0309,CONRETING OF IRAGA-MALALAM-MALACABIBI FMR,ABEMIS_FMR,Cagayan,3rd District,Solana,Iraga,,,Farm to Market Road Development Program,2.23,,24875000.00,2021,,Farm to Market Road Development Program,Project Group: Farm-to-Market Roads | Project Type: Farm-to-Market Road | Beneficiary: 
ABEMIS0310,"Concreting of Brgy. Daligan FMR, Brgy. Daligan, Jones, Isabela",ABEMIS_FMR,Isabela,4th District,Jones,Daligan,,,Farm to Market Road Development Program,0.91,,9952000.00,2016,,Farm to Market Road Development Program,Project Group: Farm-to-Market Roads | Project Type: Farm-to-Market Road | Beneficiary: 
ABEMIS0311,Concreting Of Lapaz FMR ( GAA 2020),ABEMIS_FMR,Isabela,3rd District,Cabatuan,La Paz,,,Farm to Market Road Development Program,1.54,,12437497.76,2020,,Farm to Market Road Development Program,Project Group: Farm-to-Market Roads | Project Type: Farm-to-Market Road | Beneficiary: 
ABEMIS0312,CONCRETING OF SALVACION - STO. DOMINGO FMR ( GAA 2019 FCR),ABEMIS_FMR,Isabela,3rd District,Alicia,Salvacion,,,Farm to Market Road Development Program,0.54,,4726964.16,2019,,Farm to Market Road Development Program,Project Group: Farm-to-Market Roads | Project Type: Farm-to-Market Road | Beneficiary: 
ABEMIS0313,Lakambini-Mambacag Phase 2 FMR,ABEMIS_FMR,Cagayan,3rd District,Tuao,Lakambini,,,Farm to Market Road Development Program,0.87,,19900000.00,2016,,Farm to Market Road Development Program,Project Group: Farm-to-Market Roads | Project Type: Farm-to-Market Road | Beneficiary: 
ABEMIS0314,CONSTRUCTION OF CABULAY-VILLA MARZO FMR,ABEMIS_FMR,Isabela,4th District,City of Santiago,Cabulay,,,Farm to Market Road Development Program,1.04,,12880000.00,2016,,Farm to Market Road Development Program,Project Group: Farm-to-Market Roads | Project Type: Farm-to-Market Road | Beneficiary: 
ABEMIS0315,CONCRETING OF STA. CRUZ FMR,ABEMIS_FMR,Cagayan,2nd District,Pamplona,Santa Cruz,,,Farm to Market Road Development Program,0.62,,12870000.00,2021,,Farm to Market Road Development Program,Project Group: Farm-to-Market Roads | Project Type: Farm-to-Market Road | Beneficiary: 
ABEMIS0316,San Vicente-Taribubu FMR,ABEMIS_FMR,Cagayan,3rd District,Tuao,San Vicente (Maleg),,,Farm to Market Road Development Program,0.46,,2985000.00,2016,,Farm to Market Road Development Program,Project Group: Farm-to-Market Roads | Project Type: Farm-to-Market Road | Beneficiary: 
ABEMIS0317,Concreting of Bagong Sikat FMR ( GAA 2020),ABEMIS_FMR,Isabela,2nd District,Naguilian,Bagong Sikat,,,Farm to Market Road Development Program,1.17,,12374646.55,2020,,Farm to Market Road Development Program,Project Group: Farm-to-Market Roads | Project Type: Farm-to-Market Road | Beneficiary: 
ABEMIS0318,CONCRETING OF STA FILOMENA FMR,ABEMIS_FMR,Cagayan,2nd District,Abulug,Santa Filomena,,,Farm to Market Road Development Program,0.50,,9950000.00,2021,,Farm to Market Road Development Program,Project Group: Farm-to-Market Roads | Project Type: Farm-to-Market Road | Beneficiary: 
ABEMIS0319,"Concreting of Brgy. San Miguel to Brgy. Planas FMR, Brgy. San Miguel and Brgy. Planas, Ramon, Isabela",ABEMIS_FMR,Isabela,3rd District,Ramon,San Miguel,,,Farm to Market Road Development Program,0.95,,9900000.00,2016,,Farm to Market Road Development Program,Project Group: Farm-to-Market Roads | Project Type: Farm-to-Market Road | Beneficiary: 
ABEMIS0320,Nabbotuan FMR,ABEMIS_FMR,Cagayan,3rd District,Solana,Nabbotuan,,,Farm to Market Road Development Program,0.43,,2985000.00,2016,,Farm to Market Road Development Program,Project Group: Farm-to-Market Roads | Project Type: Farm-to-Market Road | Beneficiary: 
ABEMIS0321,Concreting of Maluno Norte FMR ( GAA 2020),ABEMIS_FMR,Isabela,2nd District,Benito Soliven,Maluno Norte,,,Farm to Market Road Development Program,1.79,,12374987.03,2020,,Farm to Market Road Development Program,Project Group: Farm-to-Market Roads | Project Type: Farm-to-Market Road | Beneficiary: 
ABEMIS0322,"Concreting of Brgy. Bunnay to Brgy. La Suerte to Brgy. Buenavista FMR, Brgy. Bunnay, Brgy. La Suerte and Brgy. Buenavista, Angadanan, Isabela",ABEMIS_FMR,Isabela,3rd District,Angadanan,Bunnay,,,Farm to Market Road Development Program,2.35,,14890000.00,2016,,Farm to Market Road Development Program,Project Group: Farm-to-Market Roads | Project Type: Farm-to-Market Road | Beneficiary: 
ABEMIS0323,CONCRETING OF CURVA FMR,ABEMIS_FMR,Cagayan,2nd District,Pamplona,Santa Cruz,,,Farm to Market Road Development Program,0.65,,14915080.00,2021,,Farm to Market Road Development Program,Project Group: Farm-to-Market Roads | Project Type: Farm-to-Market Road | Beneficiary: 
ABEMIS0324,Liwan Sur-Liwan Norte FMR,ABEMIS_FMR,Cagayan,3rd District,Enrile,Liwan Sur,,,Farm to Market Road Development Program,0.69,,4975000.00,2016,,Farm to Market Road Development Program,Project Group: Farm-to-Market Roads | Project Type: Farm-to-Market Road | Beneficiary: 
ABEMIS0325,CONCRETING OF PATA EAST FMR,ABEMIS_FMR,Cagayan,2nd District,Claveria,Pata East,,,Farm to Market Road Development Program,0.86,,11823060.00,2021,,Farm to Market Road Development Program,Project Group: Farm-to-Market Roads | Project Type: Farm-to-Market Road | Beneficiary: 
ABEMIS0326,Concreting of Alinguigan 1st FMR ( GAA 2020),ABEMIS_FMR,Isabela,1st District,Ilagan City (Capital),Allinguigan 1st,,,Farm to Market Road Development Program,1.13,,11815275.06,2020,,Farm to Market Road Development Program,Project Group: Farm-to-Market Roads | Project Type: Farm-to-Market Road | Beneficiary: 
ABEMIS0327,General Balao FMR,ABEMIS_FMR,Cagayan,3rd District,Solana,Gen. Eulogio Balao,,,Farm to Market Road Development Program,0.24,,1990000.00,2016,,Farm to Market Road Development Program,Project Group: Farm-to-Market Roads | Project Type: Farm-to-Market Road | Beneficiary: 
ABEMIS0328,CONCRETING OF GUIDDAM FMR,ABEMIS_FMR,Cagayan,2nd District,Abulug,Guiddam,,,Farm to Market Road Development Program,2.34,,49640000.00,2021,,Farm to Market Road Development Program,Project Group: Farm-to-Market Roads | Project Type: Farm-to-Market Road | Beneficiary: 
ABEMIS0329,Concreting of San Rafael Abajo (Phase Ii) FMR ( GAA 2020),ABEMIS_FMR,Isabela,1st District,Santo Tomas,San Rafael Abajo,,,Farm to Market Road Development Program,1.45,,11815676.62,2020,,Farm to Market Road Development Program,Project Group: Farm-to-Market Roads | Project Type: Farm-to-Market Road | Beneficiary: 
ABEMIS0330,CONSTRUCTION OF ISABELA EXPERIMENT STATION FMR,ABEMIS_FMR,Isabela,2nd District,Gamu,Upi,,,Farm to Market Road Development Program,0.29,,2985000.00,2016,,Farm to Market Road Development Program,Project Group: Farm-to-Market Roads | Project Type: Farm-to-Market Road | Beneficiary: 
ABEMIS0331,CONCRETING OF UNION FMR,ABEMIS_FMR,Cagayan,2nd District,Claveria,Union,,,Farm to Market Road Development Program,0.60,,12935000.00,2021,,Farm to Market Road Development Program,Project Group: Farm-to-Market Roads | Project Type: Farm-to-Market Road | Beneficiary: 
ABEMIS0332,Dassun-Aguirit-Malacabibi FMR,ABEMIS_FMR,Cagayan,3rd District,Solana,Dassun,,,Farm to Market Road Development Program,0.26,,1990000.00,2016,,Farm to Market Road Development Program,Project Group: Farm-to-Market Roads | Project Type: Farm-to-Market Road | Beneficiary: 
ABEMIS0333,Concreting of District I FMR,ABEMIS_FMR,Isabela,2nd District,Benito Soliven,Andabuen,,,Farm to Market Road Development Program,0.47,,3980000.00,2016,,Farm to Market Road Development Program,Project Group: Farm-to-Market Roads | Project Type: Farm-to-Market Road | Beneficiary: 
ABEMIS0334,Bilbigao-Kilkiling FMR,ABEMIS_FMR,Cagayan,2nd District,Claveria,Bilibigao,,,Farm to Market Road Development Program,0.26,,1990000.00,2016,,Farm to Market Road Development Program,Project Group: Farm-to-Market Roads | Project Type: Farm-to-Market Road | Beneficiary: 
ABEMIS0335,San Vicente FMR,ABEMIS_FMR,Cagayan,1st District,Buguey,San Vicente,,,Farm to Market Road Development Program,0.39,,4975000.00,2016,,Farm to Market Road Development Program,Project Group: Farm-to-Market Roads | Project Type: Farm-to-Market Road | Beneficiary: 
ABEMIS0336,Concreting of Ugad FMR,ABEMIS_FMR,Isabela,1st District,Tumauini,Ugad,,,Farm to Market Road Development Program,0.67,,2985000.00,2016,,Farm to Market Road Development Program,Project Group: Farm-to-Market Roads | Project Type: Farm-to-Market Road | Beneficiary: 
ABEMIS0337,Concreting of Manaoag - Campo FMR ( GAA 2020),ABEMIS_FMR,Cagayan,3rd District,Iguig,Campo,,,Farm to Market Road Development Program,0.71,,12437500.00,2020,,Farm to Market Road Development Program,Project Group: Farm-to-Market Roads | Project Type: Farm-to-Market Road | Beneficiary: 
ABEMIS0338,Concreting of Mozzozzin-Buenavista FMR,ABEMIS_FMR,Isabela,1st District,Santa Maria,Mozzozzin Sur,,,Farm to Market Road Development Program,1.03,,4975000.00,2016,,Farm to Market Road Development Program,Project Group: Farm-to-Market Roads | Project Type: Farm-to-Market Road | Beneficiary: 
ABEMIS0339,Concreting of Roma Norte -Batu FMR ( GAA 2020),ABEMIS_FMR,Cagayan,3rd District,Enrile,Batu,,,Farm to Market Road Development Program,0.67,,12437500.00,2020,,Farm to Market Road Development Program,Project Group: Farm-to-Market Roads | Project Type: Farm-to-Market Road | Beneficiary: 
ABEMIS0340,Abbeg-Minanga FMR,ABEMIS_FMR,Cagayan,1st District,Alcala,Abbeg,,,Farm to Market Road Development Program,0.19,,2985000.00,2016,,Farm to Market Road Development Program,Project Group: Farm-to-Market Roads | Project Type: Farm-to-Market Road | Beneficiary: 
ABEMIS0341,Concreting of Limbauan-Masipi East FMR,ABEMIS_FMR,Isabela,1st District,San Pablo,Annanuman,,,Farm to Market Road Development Program,1.82,,9952000.00,2016,,Farm to Market Road Development Program,Project Group: Farm-to-Market Roads | Project Type: Farm-to-Market Road | Beneficiary: 
ABEMIS0342,Abusag-Sitio Marus FMR,ABEMIS_FMR,Cagayan,1st District,Baggao,Hacienda Intal,,,Farm to Market Road Development Program,0.43,,2985000.00,2016,,Farm to Market Road Development Program,Project Group: Farm-to-Market Roads | Project Type: Farm-to-Market Road | Beneficiary: 
ABEMIS0343,CONCRETING OF LINGLINGAY FMR ( GAA 2019 FLR),ABEMIS_FMR,Isabela,2nd District,Gamu,Linglingay,,,Farm to Market Road Development Program,0.67,,4829783.83,2019,,Farm to Market Road Development Program,Project Group: Farm-to-Market Roads | Project Type: Farm-to-Market Road | Beneficiary: 
ABEMIS0344,Concreting of San Antonio FMR,ABEMIS_FMR,Isabela,1st District,Cabagan,Aggub,,,Farm to Market Road Development Program,0.87,,4975000.00,2016,,Farm to Market Road Development Program,Project Group: Farm-to-Market Roads | Project Type: Farm-to-Market Road | Beneficiary: 
ABEMIS0345,CONCRETING OF YEBAN NORTE FMR ( GAA 2019 FLR),ABEMIS_FMR,Isabela,2nd District,Benito Soliven,Yeban Norte,,,Farm to Market Road Development Program,0.70,,4825743.97,2019,,Farm to Market Road Development Program,Project Group: Farm-to-Market Roads | Project Type: Farm-to-Market Road | Beneficiary: 
ABEMIS0346,"Concreting of Brgy. Masipi East- to Brgy. Masipi West FMR, Brgy. Masipi East and Brgy. Masipi West, Cabagan, Isabela",ABEMIS_FMR,Isabela,1st District,Cabagan,Masipi East,,,Farm to Market Road Development Program,1.92,,9850000.00,2016,,Farm to Market Road Development Program,Project Group: Farm-to-Market Roads | Project Type: Farm-to-Market Road | Beneficiary: 
ABEMIS0347,Taguing FMR,ABEMIS_FMR,Cagayan,1st District,Baggao,Taguing,,,Farm to Market Road Development Program,0.23,,1990000.00,2016,,Farm to Market Road Development Program,Project Group: Farm-to-Market Roads | Project Type: Farm-to-Market Road | Beneficiary: 
ABEMIS0348,CONCRETING OF ROXAS FMR ( GAA 2019 FCR),ABEMIS_FMR,Isabela,2nd District,Naguilian,Roxas (Pob.),,,Farm to Market Road Development Program,0.61,,4796790.40,2019,,Farm to Market Road Development Program,Project Group: Farm-to-Market Roads | Project Type: Farm-to-Market Road | Beneficiary: 
ABEMIS0349,Concreting of Aggub FMR,ABEMIS_FMR,Isabela,1st District,Cabagan,Aggub,,,Farm to Market Road Development Program,0.98,,4975000.00,2016,,Farm to Market Road Development Program,Project Group: Farm-to-Market Roads | Project Type: Farm-to-Market Road | Beneficiary: 
ABEMIS0350,Concreting of Ngattatan FMR,ABEMIS_FMR,Cagayan,2nd District,Allacapan,Nagattatan,,,Farm to Market Road Development Program,0.23,,1990000.00,2016,,Farm to Market Road Development Program,Project Group: Farm-to-Market Roads | Project Type: Farm-to-Market Road | Beneficiary: 
ABEMIS0351,CONCRETING OF QUIRINO FMR ( GAA 2019 FCR),ABEMIS_FMR,Isabela,2nd District,Naguilian,Quirino (Pob.),,,Farm to Market Road Development Program,0.40,,4820045.67,2019,,Farm to Market Road Development Program,Project Group: Farm-to-Market Roads | Project Type: Farm-to-Market Road | Beneficiary: 
ABEMIS0352,Concreting of Brgy. San Vicente - Brgy. San Isidro FMR,ABEMIS_FMR,Cagayan,3rd District,Iguig,San Vicente (Ugac East),,,Farm to Market Road Development Program,0.30,,1990000.00,2016,,Farm to Market Road Development Program,Project Group: Farm-to-Market Roads | Project Type: Farm-to-Market Road | Beneficiary: 
ABEMIS0353,CONCRETING OF STA. FILOMENA - MALABO FMR ( GAA 2019 FCR),ABEMIS_FMR,Isabela,2nd District,San Mariano,Mallabo,,,Farm to Market Road Development Program,0.61,,4823260.00,2019,,Farm to Market Road Development Program,Project Group: Farm-to-Market Roads | Project Type: Farm-to-Market Road | Beneficiary: 
ABEMIS0354,Concreting of Cataratan FMR,ABEMIS_FMR,Cagayan,2nd District,Allacapan,Cataratan,,,Farm to Market Road Development Program,0.23,,1990000.00,2016,,Farm to Market Road Development Program,Project Group: Farm-to-Market Roads | Project Type: Farm-to-Market Road | Beneficiary: 
ABEMIS0355,CONCRETING OF DIMASARI FMR ( GAA 2019 FCR),ABEMIS_FMR,Isabela,2nd District,Palanan,Dimasari,,,Farm to Market Road Development Program,0.54,,4725227.49,2019,,Farm to Market Road Development Program,Project Group: Farm-to-Market Roads | Project Type: Farm-to-Market Road | Beneficiary: 
ABEMIS0356,"REHABILITATION/IMPROVEMENT OF MAHADHAD - CHANALAN FMR, BRGY. KAYVALUGANAN, UYUGAN, BATANES",ABEMIS_FMR,Batanes,Batanes,Uyugan,Kayvaluganan (Pob.),,,Farm to Market Road Development Program,0.20,,1990000.00,2016,,Farm to Market Road Development Program,Project Group: Farm-to-Market Roads | Project Type: Farm-to-Market Road | Beneficiary: 
ABEMIS0357,Concreting of Brgy. Baculud - Brgy. Sta. Barbara FMR,ABEMIS_FMR,Cagayan,3rd District,Iguig,Baculud,,,Farm to Market Road Development Program,0.25,,1990000.00,2016,,Farm to Market Road Development Program,Project Group: Farm-to-Market Roads | Project Type: Farm-to-Market Road | Beneficiary: 
ABEMIS0358,CONCRETING OF LIWANAG FMR ( GAA 2019 FLR),ABEMIS_FMR,Isabela,1st District,Tumauini,Liwanag,,,Farm to Market Road Development Program,0.77,,4725687.15,2019,,Farm to Market Road Development Program,Project Group: Farm-to-Market Roads | Project Type: Farm-to-Market Road | Beneficiary: 
ABEMIS0359,"CONCRETING OF SONGSONG - HARONG FMR, BRGY. SONG-SONG, HARONG, UYUGAN, BATANES",ABEMIS_FMR,Batanes,Batanes,Uyugan,Kayvaluganan (Pob.),,,Farm to Market Road Development Program,0.30,,2985000.00,2016,,Farm to Market Road Development Program,Project Group: Farm-to-Market Roads | Project Type: Farm-to-Market Road | Beneficiary: 
ABEMIS0360,Concreting of Balingit FMR ( GAA 2020),ABEMIS_FMR,Cagayan,2nd District,Pamplona,Balingit,,,Farm to Market Road Development Program,0.86,,12437500.00,2020,,Farm to Market Road Development Program,Project Group: Farm-to-Market Roads | Project Type: Farm-to-Market Road | Beneficiary: 
ABEMIS0361,Concreting of Cabuluan-Maburil Phase 2 FMR,ABEMIS_FMR,Cagayan,2nd District,Ballesteros,Cabuluan East,,,Farm to Market Road Development Program,0.27,,1990000.00,2016,,Farm to Market Road Development Program,Project Group: Farm-to-Market Roads | Project Type: Farm-to-Market Road | Beneficiary: 
ABEMIS0362,CONCRETING OF SISIM ALTO - BAYABO FMR ( GAA 2019 FLR),ABEMIS_FMR,Isabela,1st District,Tumauini,Sisim Alto,,,Farm to Market Road Development Program,0.91,,4726125.82,2019,,Farm to Market Road Development Program,Project Group: Farm-to-Market Roads | Project Type: Farm-to-Market Road | Beneficiary: 
ABEMIS0363,"CONCRETING OF HATENG - PAMONSINAN FMR, BRGY. HATENG, SABTANG, BATANES",ABEMIS_FMR,Batanes,Batanes,Sabtang,Savidug,,,Farm to Market Road Development Program,0.20,,1990000.00,2016,,Farm to Market Road Development Program,Project Group: Farm-to-Market Roads | Project Type: Farm-to-Market Road | Beneficiary: 
ABEMIS0364,Concreting of Balisiboc FMR,ABEMIS_FMR,Cagayan,2nd District,Calayan,Minabel,,,Farm to Market Road Development Program,0.18,,1990000.00,2016,,Farm to Market Road Development Program,Project Group: Farm-to-Market Roads | Project Type: Farm-to-Market Road | Beneficiary: 
ABEMIS0365,Concreting of Tagum FMR ( GAA 2020),ABEMIS_FMR,Cagayan,1st District,Camalaniugan,Tagum,,,Farm to Market Road Development Program,0.94,,12375000.00,2020,,Farm to Market Road Development Program,Project Group: Farm-to-Market Roads | Project Type: Farm-to-Market Road | Beneficiary: 
ABEMIS0366,CONCRETING OF CUMABAO FMR (GAA 2019 FLR),ABEMIS_FMR,Isabela,1st District,Tumauini,Cumabao,,,Farm to Market Road Development Program,1.34,,9452396.92,2019,,Farm to Market Road Development Program,Project Group: Farm-to-Market Roads | Project Type: Farm-to-Market Road | Beneficiary: 
ABEMIS0367,CONCRETING PAKARAYAN-TANUD-VUCHID FMR,ABEMIS_FMR,Batanes,Batanes,Mahatao,Panatayan,,,Farm to Market Road Development Program,1.10,,10980000.00,2016,,Farm to Market Road Development Program,Project Group: Farm-to-Market Roads | Project Type: Farm-to-Market Road | Beneficiary: 
ABEMIS0368,CONCRETING OF CALIGAYAN FMR ( GAA 2019 FCR),ABEMIS_FMR,Isabela,1st District,Tumauini,Caligayan,,,Farm to Market Road Development Program,1.36,,9451938.27,2019,,Farm to Market Road Development Program,Project Group: Farm-to-Market Roads | Project Type: Farm-to-Market Road | Beneficiary: 
ABEMIS0369,Concreting of Sta. Rosa FMR,ABEMIS_FMR,Cagayan,2nd District,Abulug,Santa Rosa,,,Farm to Market Road Development Program,0.24,,1990000.00,2016,,Farm to Market Road Development Program,Project Group: Farm-to-Market Roads | Project Type: Farm-to-Market Road | Beneficiary: 
ABEMIS0370,Concreting of Backiling FMR ( GAA 2020),ABEMIS_FMR,Cagayan,1st District,Aparri,Backiling,,,Farm to Market Road Development Program,0.55,,12375000.00,2020,,Farm to Market Road Development Program,Project Group: Farm-to-Market Roads | Project Type: Farm-to-Market Road | Beneficiary: 
ABEMIS0371,CONCRETING OF DY-ABRA FMR ( GAA 2019 FCR),ABEMIS_FMR,Isabela,1st District,Tumauini,Dy-Abra,,,Farm to Market Road Development Program,0.93,,4726097.70,2019,,Farm to Market Road Development Program,Project Group: Farm-to-Market Roads | Project Type: Farm-to-Market Road | Beneficiary: 
ABEMIS0372,Concreting of Villa Reyno - Apayao (Phase 2) FMR,ABEMIS_FMR,Cagayan,2nd District,Piat,Villa Reyno,,,Farm to Market Road Development Program,0.47,,2985000.00,2016,,Farm to Market Road Development Program,Project Group: Farm-to-Market Roads | Project Type: Farm-to-Market Road | Beneficiary: 
ABEMIS0373,"Concreting of Diseb-Vadichi, Brgy. Uvoy FMR, Brgy. Uvoy, Mahatao, Batanes",ABEMIS_FMR,Batanes,Batanes,Mahatao,Uvoy (Pob.),,,Farm to Market Road Development Program,0.20,,1990000.00,2016,,Farm to Market Road Development Program,Project Group: Farm-to-Market Roads | Project Type: Farm-to-Market Road | Beneficiary: 
ABEMIS0374,CONCRETING OF SAN VICENTE FMR ( GAA 2019 FCR),ABEMIS_FMR,Isabela,1st District,Tumauini,San Vicente,,,Farm to Market Road Development Program,2.13,,14176828.07,2019,,Farm to Market Road Development Program,Project Group: Farm-to-Market Roads | Project Type: Farm-to-Market Road | Beneficiary: 
ABEMIS0375,"Concreting of Sunget to Vanichas. Brgy. Uvoy FMR, Brgy. Uvoy, Mahatao, Batanes",ABEMIS_FMR,Batanes,Batanes,Mahatao,Uvoy (Pob.),,,Farm to Market Road Development Program,0.20,,1990000.00,2016,,Farm to Market Road Development Program,Project Group: Farm-to-Market Roads | Project Type: Farm-to-Market Road | Beneficiary: 
ABEMIS0376,"Concreting of Brgy. Illuru FMR, Rizal",ABEMIS_FMR,Cagayan,2nd District,Rizal,Illuru Sur,,,Farm to Market Road Development Program,0.27,,1990000.00,2016,,Farm to Market Road Development Program,Project Group: Farm-to-Market Roads | Project Type: Farm-to-Market Road | Beneficiary: 
ABEMIS0377,CONCRETING OF BANTUG FMR ( GAA 2019 FCR),ABEMIS_FMR,Isabela,1st District,Tumauini,Bantug,,,Farm to Market Road Development Program,1.39,,9952000.00,2019,,Farm to Market Road Development Program,Project Group: Farm-to-Market Roads | Project Type: Farm-to-Market Road | Beneficiary: 
ABEMIS0378,Concreting of Maysoho- Isnahayan FMR ( GAA 2020),ABEMIS_FMR,Batanes,Batanes,Ivana,Tuhel (Pob.),,,Farm to Market Road Development Program,0.53,,4942993.75,2020,,Farm to Market Road Development Program,Project Group: Farm-to-Market Roads | Project Type: Farm-to-Market Road | Beneficiary: 
ABEMIS0379,Concreting of Canayun FMR,ABEMIS_FMR,Cagayan,2nd District,Abulug,Canayun,,,Farm to Market Road Development Program,0.26,,1990000.00,2016,,Farm to Market Road Development Program,Project Group: Farm-to-Market Roads | Project Type: Farm-to-Market Road | Beneficiary: 
ABEMIS0380,"Concreting of Viawu-Tunga, Brgy. Panatayan FMR, Brgy. Panatayan, Mahatao, Batanes",ABEMIS_FMR,Batanes,Batanes,Mahatao,Panatayan,,,Farm to Market Road Development Program,0.20,,1990000.00,2016,,Farm to Market Road Development Program,Project Group: Farm-to-Market Roads | Project Type: Farm-to-Market Road | Beneficiary: 
ABEMIS0381,CONCRETING OF FELY - APLAYA FMR ( GAA 2019 FCR),ABEMIS_FMR,Isabela,1st District,Maconacon,Aplaya,,,Farm to Market Road Development Program,0.42,,4975000.00,2019,,Farm to Market Road Development Program,Project Group: Farm-to-Market Roads | Project Type: Farm-to-Market Road | Beneficiary: 
ABEMIS0382,Concreting of Brgy. Malinta FMR,ABEMIS_FMR,Cagayan,2nd District,Lasam,Malinta,,,Farm to Market Road Development Program,0.22,,1990000.00,2016,,Farm to Market Road Development Program,Project Group: Farm-to-Market Roads | Project Type: Farm-to-Market Road | Beneficiary: 
ABEMIS0383,"CONCRETING OF SAYED - TUNGA EXTENSION FMR, BRGY. SALAGAO, IVANA, BATANES",ABEMIS_FMR,Batanes,Batanes,Ivana,Salagao,,,Farm to Market Road Development Program,0.20,,1990000.00,2016,,Farm to Market Road Development Program,Project Group: Farm-to-Market Roads | Project Type: Farm-to-Market Road | Beneficiary: 
ABEMIS0384,Concreting of Cambong-Binag FMR,ABEMIS_FMR,Cagayan,1st District,Lal-lo,Cambong,,,Farm to Market Road Development Program,0.31,,2985000.00,2016,,Farm to Market Road Development Program,Project Group: Farm-to-Market Roads | Project Type: Farm-to-Market Road | Beneficiary: 
ABEMIS0385,"Concreting of Joaquin Dela Cruz, Dammang FMR",ABEMIS_FMR,Cagayan,1st District,Camalaniugan,Dammang Norte (Joaquin de la Cruz),,,Farm to Market Road Development Program,0.56,,2985000.00,2016,,Farm to Market Road Development Program,Project Group: Farm-to-Market Roads | Project Type: Farm-to-Market Road | Beneficiary: 
ABEMIS0386,CONCRETING OF CALAMAGUI WEST - LINGALING FMR ( GAA 2019 FCR),ABEMIS_FMR,Isabela,1st District,Santa Maria,Calamagui West,,,Farm to Market Road Development Program,0.69,,4975000.00,2019,,Farm to Market Road Development Program,Project Group: Farm-to-Market Roads | Project Type: Farm-to-Market Road | Beneficiary: 
ABEMIS0387,"REHABILITATION/IMPROVEMENT OF ISNAHAYAN - MAYSOLIO FMR, BRGY. TUHEL, IVANA, BATANES",ABEMIS_FMR,Batanes,Batanes,Ivana,Tuhel (Pob.),,,Farm to Market Road Development Program,0.20,,1990000.00,2016,,Farm to Market Road Development Program,Project Group: Farm-to-Market Roads | Project Type: Farm-to-Market Road | Beneficiary: 
ABEMIS0388,Concreting of Liptan- Karwarway FMR ( GAA 2020),ABEMIS_FMR,Batanes,Batanes,Itbayat,Santa Lucia (Kauhauhasan),,,Farm to Market Road Development Program,0.44,,9879607.66,2020,,Farm to Market Road Development Program,Project Group: Farm-to-Market Roads | Project Type: Farm-to-Market Road | Beneficiary: 
ABEMIS0389,Concreting of Paddaya FMR,ABEMIS_FMR,Cagayan,1st District,Aparri,Paddaya,,,Farm to Market Road Development Program,0.30,,4975000.00,2016,,Farm to Market Road Development Program,Project Group: Farm-to-Market Roads | Project Type: Farm-to-Market Road | Beneficiary: 
ABEMIS0390,REHABILITATION/IMPROVEMENT OF KATUYAN- CAPARIAN FMR,ABEMIS_FMR,Batanes,Batanes,Itbayat,Santa Rosa (Kaynatuan),,,Farm to Market Road Development Program,0.20,,1990000.00,2016,,Farm to Market Road Development Program,Project Group: Farm-to-Market Roads | Project Type: Farm-to-Market Road | Beneficiary: 
ABEMIS0391,"Concreting of Fisat-Katiwaya (Phase2) FMR, Brgy. Rapuli",ABEMIS_FMR,Cagayan,1st District,Santa Ana,Rapuli (Punti),,,Farm to Market Road Development Program,0.30,,2985000.00,2016,,Farm to Market Road Development Program,Project Group: Farm-to-Market Roads | Project Type: Farm-to-Market Road | Beneficiary: 
ABEMIS0392,"Concreting of Liptan-Karwarway, Brgy. Sta. Lucia FMR, Brgy. Sta. Lucia, Itbayat, Batanes",ABEMIS_FMR,Batanes,Batanes,Itbayat,Santa Lucia (Kauhauhasan),,,Farm to Market Road Development Program,0.30,,2985000.00,2016,,Farm to Market Road Development Program,Project Group: Farm-to-Market Roads | Project Type: Farm-to-Market Road | Beneficiary: 
ABEMIS0393,Concreting of Brgy. Kadalagan FMR,ABEMIS_FMR,Cagayan,1st District,Gonzaga,Santa Clara,,,Farm to Market Road Development Program,0.40,,2985000.00,2016,,Farm to Market Road Development Program,Project Group: Farm-to-Market Roads | Project Type: Farm-to-Market Road | Beneficiary: 
ABEMIS0394,CONCRETING OF LISED- MULONG FMR,ABEMIS_FMR,Batanes,Batanes,Itbayat,Santa Rosa (Kaynatuan),,,Farm to Market Road Development Program,2.00,,19900000.00,2016,,Farm to Market Road Development Program,Project Group: Farm-to-Market Roads | Project Type: Farm-to-Market Road | Beneficiary: 
ABEMIS0395,CONCRETING OF SAN ANTONIO - CONCEPCION FMR ( GAA 2019 FCR),ABEMIS_FMR,Isabela,1st District,Delfin Albano (Magsaysay),Concepcion,,,Farm to Market Road Development Program,0.49,,4975000.00,2019,,Farm to Market Road Development Program,Project Group: Farm-to-Market Roads | Project Type: Farm-to-Market Road | Beneficiary: 
ABEMIS0396,Concreting of Zanja-Bisagu FMR,ABEMIS_FMR,Cagayan,1st District,Aparri,Bisagu,,,Farm to Market Road Development Program,0.27,,2985000.00,2016,,Farm to Market Road Development Program,Project Group: Farm-to-Market Roads | Project Type: Farm-to-Market Road | Beneficiary: 
ABEMIS0397,CONCRETING OF SAN ISIDRO - ANDARAYAN FMR ( GAA 2019 FCR),ABEMIS_FMR,Isabela,1st District,Delfin Albano (Magsaysay),San Isidro,,,Farm to Market Road Development Program,0.60,,4975000.00,2019,,Farm to Market Road Development Program,Project Group: Farm-to-Market Roads | Project Type: Farm-to-Market Road | Beneficiary: 
ABEMIS0398,Concreting of Brgy. Luga FMR,ABEMIS_FMR,Cagayan,1st District,Santa Teresita,Luga,,,Farm to Market Road Development Program,0.12,,2985000.00,2016,,Farm to Market Road Development Program,Project Group: Farm-to-Market Roads | Project Type: Farm-to-Market Road | Beneficiary: 
ABEMIS0399,"Concreting of Panembatan, Brgy. Raele FMR, Brgy. Raele, Itbayat, Batanes",ABEMIS_FMR,Batanes,Batanes,Itbayat,Raele,,,Farm to Market Road Development Program,1.00,,9952000.00,2016,,Farm to Market Road Development Program,Project Group: Farm-to-Market Roads | Project Type: Farm-to-Market Road | Beneficiary: 
ABEMIS0400,Concreting of Brgy. Cullit - Brgy. Rosario FMR (Phase1 ),ABEMIS_FMR,Cagayan,1st District,Lal-lo,Cullit,,,Farm to Market Road Development Program,0.71,,11980000.00,2016,,Farm to Market Road Development Program,Project Group: Farm-to-Market Roads | Project Type: Farm-to-Market Road | Beneficiary: 
ABEMIS0401,Concreting of Brgy. Capissyan Sur FMR,ABEMIS_FMR,Cagayan,1st District,Gattaran,Capissayan Sur,,,Farm to Market Road Development Program,0.35,,3980000.00,2016,,Farm to Market Road Development Program,Project Group: Farm-to-Market Roads | Project Type: Farm-to-Market Road | Beneficiary: 
ABEMIS0402,"Improvement/Rehabilitation of Raxaayan-Kaxaswas, Brgy. Sta. Rosa FMR, Brgy. Sta. Rosa, Itbayat, Batanes",ABEMIS_FMR,Batanes,Batanes,Itbayat,Santa Rosa (Kaynatuan),,,Farm to Market Road Development Program,0.20,,1990000.00,2016,,Farm to Market Road Development Program,Project Group: Farm-to-Market Roads | Project Type: Farm-to-Market Road | Beneficiary: 
ABEMIS0403,"Concreting of Naxurud-Chinapaswan, Brgy. Sta. Lucia FMR, Brgy. Sta. Lucia, Itbayat, Batanes",ABEMIS_FMR,Batanes,Batanes,Itbayat,Santa Lucia (Kauhauhasan),,,Farm to Market Road Development Program,0.30,,2985000.00,2016,,Farm to Market Road Development Program,Project Group: Farm-to-Market Roads | Project Type: Farm-to-Market Road | Beneficiary: 
ABEMIS0404,"Concreting of Kamayatun-Minasuli, Brgy. San Rafael FMR, Brgy. San Rafael, Itbayat, Batanes",ABEMIS_FMR,Batanes,Batanes,Itbayat,San Rafael (Idiang),,,Farm to Market Road Development Program,0.30,,2985000.00,2016,,Farm to Market Road Development Program,Project Group: Farm-to-Market Roads | Project Type: Farm-to-Market Road | Beneficiary: 
ABEMIS0405,CONCRETING OF CASINGSINGAN NORTE - CARATACAT FMR ( GAA 2019 FCR),ABEMIS_FMR,Cagayan,3rd District,Amulung,Casingsingan Norte,,,Farm to Market Road Development Program,0.74,,4975000.00,2019,,Farm to Market Road Development Program,Project Group: Farm-to-Market Roads | Project Type: Farm-to-Market Road | Beneficiary: 
ABEMIS0406,"Concreting of Cagayan Valley Research Center Road Network, Brgy.San Felipe FMR, Brgy. San Felipe, Ilagan, Isabela",ABEMIS_FMR,Isabela,1st District,Ilagan City (Capital),San Felipe,,,Farm to Market Road Development Program,0.85,,4739312.34,2017,,Farm to Market Road Development Program,Project Group: Farm-to-Market Roads | Project Type: Farm-to-Market Road | Beneficiary: 
ABEMIS0407,"Concreting of Djahang, Brgy. San Antonio FMR, Brgy. San Antonio, Basco, Batanes",ABEMIS_FMR,Batanes,Batanes,Basco (Capital),San Antonio,,,Farm to Market Road Development Program,0.20,,1990000.00,2016,,Farm to Market Road Development Program,Project Group: Farm-to-Market Roads | Project Type: Farm-to-Market Road | Beneficiary: 
ABEMIS0408,"Concreting of Brgy. Rang-ayan to Brgy. Mangandingay FMR, Brgys. Rang-ayan and Mangandingay, Angadanan, Isabela",ABEMIS_FMR,Isabela,3rd District,Angadanan,Rang-ayan,,,Farm to Market Road Development Program,0.73,,4700539.39,2017,,Farm to Market Road Development Program,Project Group: Farm-to-Market Roads | Project Type: Farm-to-Market Road | Beneficiary: 
ABEMIS0409,"Concreting of San Antonio Proper- Bubug Sto. Tomas FMR, Brgys. San Antonio Proper and Bubug, Cabagan, Isabela",ABEMIS_FMR,Isabela,1st District,Cabagan,San Antonio,,,Farm to Market Road Development Program,1.96,,14179419.61,2017,,Farm to Market Road Development Program,Project Group: Farm-to-Market Roads | Project Type: Farm-to-Market Road | Beneficiary: 
ABEMIS0410,"Concreting of Malayu to Diseb, Brgy. San Antono FMR, Brgy. San Antonio, Basco, Batanes",ABEMIS_FMR,Batanes,Batanes,Basco (Capital),San Antonio,,,Farm to Market Road Development Program,0.20,,1990000.00,2016,,Farm to Market Road Development Program,Project Group: Farm-to-Market Roads | Project Type: Farm-to-Market Road | Beneficiary: 
ABEMIS0411,"CONCRETING OF SITIO PARAISO, CARILUCUD FMR ( GAA 2019 FCR)",ABEMIS_FMR,Cagayan,3rd District,Solana,Carilucud,,,Farm to Market Road Development Program,1.03,,9952000.00,2019,,Farm to Market Road Development Program,Project Group: Farm-to-Market Roads | Project Type: Farm-to-Market Road | Beneficiary: 
ABEMIS0412,CONCRETING OF MINANGA FMR ( GAA 2019 FCR),ABEMIS_FMR,Cagayan,3rd District,Pe?ablanca,Minanga,,,Farm to Market Road Development Program,0.52,,4975000.00,2019,,Farm to Market Road Development Program,Project Group: Farm-to-Market Roads | Project Type: Farm-to-Market Road | Beneficiary: 
ABEMIS0413,"Concreting of Disvayangan-Vadichi FMR, Brgy. Uvoy, Mahatao, Batanes",ABEMIS_FMR,Batanes,Batanes,Mahatao,Uvoy (Pob.),,,Farm to Market Road Development Program,0.23,,2442713.42,2017,,Farm to Market Road Development Program,Project Group: Farm-to-Market Roads | Project Type: Farm-to-Market Road | Beneficiary: 
ABEMIS0414,"Concreting Talih - Varugan FMR, Brgy. Raele, Itbayat, Batanes",ABEMIS_FMR,Batanes,Batanes,Itbayat,Raele,,,Farm to Market Road Development Program,0.33,,2940000.00,2017,,Farm to Market Road Development Program,Project Group: Farm-to-Market Roads | Project Type: Farm-to-Market Road | Beneficiary: 
ABEMIS0415,CONCRETING OF CANAYUN FMR,ABEMIS_FMR,Cagayan,2nd District,Abulug,Canayun,,,Farm to Market Road Development Program,0.62,,4824370.93,2018,,Farm to Market Road Development Program,Project Group: Farm-to-Market Roads | Project Type: Farm-to-Market Road | Beneficiary: 
ABEMIS0416,CONCRETING OF STO. TOMAS FMR,ABEMIS_FMR,Cagayan,2nd District,Abulug,Santo Tomas,,,Farm to Market Road Development Program,0.61,,4825533.55,2018,,Farm to Market Road Development Program,Project Group: Farm-to-Market Roads | Project Type: Farm-to-Market Road | Beneficiary: 
ABEMIS0417,"CONCRETING OF SITIO PAYIN TYO BRGY. KUGKUG TO BRGY. TUKON , BRGY. CHANARIAN FMR, BASCO, BATANES",ABEMIS_FMR,Batanes,Batanes,Basco (Capital),Chanarian,,,Farm to Market Road Development Program,0.32,,11583039.76,2022,,Farm to Market Road Development Program,Project Group: Farm-to-Market Roads | Project Type: Farm-to-Market Road | Beneficiary: 
ABEMIS0418,CONCRETING OF SAN JULIAN FMR,ABEMIS_FMR,Cagayan,2nd District,Abulug,San Julian,,,Farm to Market Road Development Program,0.74,,5778775.31,2018,,Farm to Market Road Development Program,Project Group: Farm-to-Market Roads | Project Type: Farm-to-Market Road | Beneficiary: 
ABEMIS0419,"Concreting of Pinrawatan-Vayatan FMR, Brgy. Sinakan, Sabtang, Batanes",ABEMIS_FMR,Batanes,Batanes,Sabtang,Sinakan (Pob.),,,Farm to Market Road Development Program,0.25,,2444673.36,2017,,Farm to Market Road Development Program,Project Group: Farm-to-Market Roads | Project Type: Farm-to-Market Road | Beneficiary: 
ABEMIS0420,CONCRETING OF DANA-ILI FMR,ABEMIS_FMR,Cagayan,2nd District,Abulug,Dana-Ili,,,Farm to Market Road Development Program,0.61,,5790726.10,2018,,Farm to Market Road Development Program,Project Group: Farm-to-Market Roads | Project Type: Farm-to-Market Road | Beneficiary: 
ABEMIS0421,CONCRETING OF BAYBAYOG FMR,ABEMIS_FMR,Cagayan,1st District,Alcala,Baybayog,,,Farm to Market Road Development Program,0.49,,4876000.00,2018,,Farm to Market Road Development Program,Project Group: Farm-to-Market Roads | Project Type: Farm-to-Market Road | Beneficiary: 
ABEMIS0422,CONCRETING OF LOGAC FMR,ABEMIS_FMR,Cagayan,1st District,Lal-lo,Logac,,,Farm to Market Road Development Program,0.28,,4874000.00,2018,,Farm to Market Road Development Program,Project Group: Farm-to-Market Roads | Project Type: Farm-to-Market Road | Beneficiary: 
ABEMIS0423,"Concreting of Batanes Experiment Station Road Network FMR, Brgy. Ihubok I, Basco, Batanes",ABEMIS_FMR,Batanes,Batanes,Basco (Capital),Ihubok I (Kaychanarianan),,,Farm to Market Road Development Program,0.40,,3840721.50,2017,,Farm to Market Road Development Program,Project Group: Farm-to-Market Roads | Project Type: Farm-to-Market Road | Beneficiary: 
ABEMIS0424,CONCRETING OF FABRICA FMR,ABEMIS_FMR,Cagayan,1st District,Lal-lo,Fabrica,,,Farm to Market Road Development Program,0.38,,4825750.00,2018,,Farm to Market Road Development Program,Project Group: Farm-to-Market Roads | Project Type: Farm-to-Market Road | Beneficiary: 
ABEMIS0425,CONCRETING OF LUGA- SITIO CABARUAN- ALUCAO -LUGA FMR,ABEMIS_FMR,Cagayan,1st District,Santa Teresita,Alucao,,,Farm to Market Road Development Program,0.41,,5363000.00,2018,,Farm to Market Road Development Program,Project Group: Farm-to-Market Roads | Project Type: Farm-to-Market Road | Beneficiary: 
ABEMIS0426,IMPROVEMENT/CONCRETING OF CABANBANAN SUR- REBECCA FMR,ABEMIS_FMR,Cagayan,1st District,Gonzaga,Rebecca (Nagbabalacan*),,,Farm to Market Road Development Program,0.37,,4875500.00,2018,,Farm to Market Road Development Program,Project Group: Farm-to-Market Roads | Project Type: Farm-to-Market Road | Beneficiary: 
ABEMIS0427,"Concreting of Diahem-Hateng FMR, Brgy. Itbud, Uyugan, Batanes",ABEMIS_FMR,Batanes,Batanes,Uyugan,Itbud,,,Farm to Market Road Development Program,0.15,,1919170.23,2017,,Farm to Market Road Development Program,Project Group: Farm-to-Market Roads | Project Type: Farm-to-Market Road | Beneficiary: 
ABEMIS0428,CONCRETING OF SANTOR- HACIENDA INTAL FMR,ABEMIS_FMR,Cagayan,1st District,Baggao,Hacienda Intal,,,Farm to Market Road Development Program,0.51,,4875298.40,2018,,Farm to Market Road Development Program,Project Group: Farm-to-Market Roads | Project Type: Farm-to-Market Road | Beneficiary: 
ABEMIS0429,IMPROVEMENT/CONCRETING OF IMURUNG FMR,ABEMIS_FMR,Cagayan,1st District,Baggao,Imurong,,,Farm to Market Road Development Program,0.48,,5362050.00,2018,,Farm to Market Road Development Program,Project Group: Farm-to-Market Roads | Project Type: Farm-to-Market Road | Beneficiary: 
ABEMIS0430,"CONCRETING OF DISUNG- SANID, KAYCHANARIANAN FMR",ABEMIS_FMR,Batanes,Batanes,Basco (Capital),Ihubok I (Kaychanarianan),,,Farm to Market Road Development Program,0.22,,4975000.00,2018,,Farm to Market Road Development Program,Project Group: Farm-to-Market Roads | Project Type: Farm-to-Market Road | Beneficiary: 
ABEMIS0431,"Concreting of Vangunun- Asked FMR, Brgy. Chavayan, Sabtang, Batanes",ABEMIS_FMR,Batanes,Batanes,Sabtang,Chavayan,,,Farm to Market Road Development Program,0.18,,1832475.75,2017,,Farm to Market Road Development Program,Project Group: Farm-to-Market Roads | Project Type: Farm-to-Market Road | Beneficiary: 
ABEMIS0432,"Concreting of Chingteb-Babal FMR, Brgy. Imnajbu, Uyugan, Batanes",ABEMIS_FMR,Batanes,Batanes,Uyugan,Imnajbu,,,Farm to Market Road Development Program,0.16,,1722689.06,2017,,Farm to Market Road Development Program,Project Group: Farm-to-Market Roads | Project Type: Farm-to-Market Road | Beneficiary: 
ABEMIS0433,"CONCRETING OF MAYAN- KAYVUXUSAN- AXTAK, STA. MARIA FMR",ABEMIS_FMR,Batanes,Batanes,Itbayat,Santa Maria (Marapuy),,,Farm to Market Road Development Program,0.23,,4975000.00,2018,,Farm to Market Road Development Program,Project Group: Farm-to-Market Roads | Project Type: Farm-to-Market Road | Beneficiary: 
ABEMIS0434,"CONCRETING OF TALIH-VARUGAN, RAELE FMR",ABEMIS_FMR,Batanes,Batanes,Itbayat,Raele,,,Farm to Market Road Development Program,0.34,,6965000.00,2018,,Farm to Market Road Development Program,Project Group: Farm-to-Market Roads | Project Type: Farm-to-Market Road | Beneficiary: 
ABEMIS0435,"CONCRETING OF GIDI- CHURUKURUN, ITBUD( PHASE II) FMR",ABEMIS_FMR,Batanes,Batanes,Uyugan,Itbud,,,Farm to Market Road Development Program,0.16,,4975000.00,2018,,Farm to Market Road Development Program,Project Group: Farm-to-Market Roads | Project Type: Farm-to-Market Road | Beneficiary: 
ABEMIS0436,"Concreting of Nanaru-Chaninu FMR, Savidug, Sabtang, Batanes",ABEMIS_FMR,Batanes,Batanes,Sabtang,Savidug,,,Farm to Market Road Development Program,0.18,,1956126.03,2017,,Farm to Market Road Development Program,Project Group: Farm-to-Market Roads | Project Type: Farm-to-Market Road | Beneficiary: 
ABEMIS0437,"Concreting of Brgy. San Juan to Brgy. San Antonio Gap FMR, Brgy. San Juan and Brgy. San Antonio Gap, Cabagan, Isabela",ABEMIS_FMR,Isabela,1st District,Cabagan,Aggub,,,Farm to Market Road Development Program,1.07,,6964984.93,2018,,Farm to Market Road Development Program,Project Group: Farm-to-Market Roads | Project Type: Farm-to-Market Road | Beneficiary: 
ABEMIS0438,CONCRETING OF BRGY. AMBATALI FMR,ABEMIS_FMR,Isabela,3rd District,Ramon,Ambatali,,,Farm to Market Road Development Program,1.00,,11939993.43,2023,,Farm to Market Road Development Program,Project Group: Farm-to-Market Roads | Project Type: Farm-to-Market Road | Beneficiary: 
ABEMIS0439,"Concreting of South Low Nia - Cordon Boundary, Villa Gonzaga FMR, Brgy. Villa Gonzaga, Santiago City, Isabela",ABEMIS_FMR,Isabela,4th District,City of Santiago,Villa Gonzaga,,,Farm to Market Road Development Program,1.00,,14922795.59,2024,,Farm to Market Road Development Program,Project Group: Farm-to-Market Roads | Project Type: Farm-to-Market Road | Beneficiary: 
ABEMIS0440,"Concreting of Brgy. Annafatan - Brgy. Palayag FMR, Brgy. Annafatan and Brgy. Palayag, Amulung, Cagayan",ABEMIS_FMR,Cagayan,3rd District,Amulung,Annafatan;Palayag,,,Farm to Market Road Development Program,0.33,,4975000.00,2018,,Farm to Market Road Development Program,Project Group: Farm-to-Market Roads | Project Type: Farm-to-Market Road | Beneficiary: 
ABEMIS0441,CONCRETING OF ALICIA FMR,ABEMIS_FMR,Quirino,Quirino,Aglipay,Alicia,,,Farm to Market Road Development Program,1.17,,0.00,2021,,Farm to Market Road Development Program,Project Group: Farm-to-Market Roads | Project Type: Farm-to-Market Road | Beneficiary: 
ABEMIS0442,"Concreting of Brgy. San Francisco to Brgy. Faustino FMR, Brgy. San Francisco and Brgy. Faustino, Cauayan City, Isabela",ABEMIS_FMR,Isabela,6th District,City of Cauayan,San Francisco,,,Farm to Market Road Development Program,0.67,,9947214.79,2024,,Farm to Market Road Development Program,Project Group: Farm-to-Market Roads | Project Type: Farm-to-Market Road | Beneficiary: 
ABEMIS0443,"CONCRETING OF BRGY. SAN JUAN TO SITIO CALAPAWAN FMR, BALLESTEROS, CAGAYAN",ABEMIS_FMR,Cagayan,2nd District,Ballesteros,San Juan,,,Farm to Market Road Development Program,2.08,,22436309.90,2022,,Farm to Market Road Development Program,Project Group: Farm-to-Market Roads | Project Type: Farm-to-Market Road | Beneficiary: 
ABEMIS0444,"Concreting of Brgy. Nungnungan I FMR, Brgy. Nungnungan I, Cauayan City, Isabela",ABEMIS_FMR,Isabela,6th District,City of Cauayan,Marabulig II,,,Farm to Market Road Development Program,0.67,,9948621.86,2024,,Farm to Market Road Development Program,Project Group: Farm-to-Market Roads | Project Type: Farm-to-Market Road | Beneficiary: 
ABEMIS0445,"CONCRETING OF SITIO NANABUAN TO BRGY. ZITANGA FMR, BALLESTEROS, CAGAYAN",ABEMIS_FMR,Cagayan,2nd District,Ballesteros,Zitanga,,,Farm to Market Road Development Program,2.08,,25408103.32,2022,,Farm to Market Road Development Program,Project Group: Farm-to-Market Roads | Project Type: Farm-to-Market Road | Beneficiary: 
ABEMIS0446,"CONCRETING OF BRGY. VIGA FMR, LASAM, CAGAYAN",ABEMIS_FMR,Cagayan,2nd District,Lasam,Viga,,,Farm to Market Road Development Program,2.08,,23538348.27,2022,,Farm to Market Road Development Program,Project Group: Farm-to-Market Roads | Project Type: Farm-to-Market Road | Beneficiary: 
ABEMIS0447,"CONCRETING OF BRGY. NICOLAS AGATEP TO BRGY. MALINTA FMR, LASAM, CAGAYAN",ABEMIS_FMR,Cagayan,2nd District,Lasam,Malinta,,,Farm to Market Road Development Program,2.08,,24348243.09,2022,,Farm to Market Road Development Program,Project Group: Farm-to-Market Roads | Project Type: Farm-to-Market Road | Beneficiary: 
ABEMIS0448,"CONCRETING OF BRGY. BUENAVISTA TO BRGY. MAGDALENA FMR, CLAVERIA, CAGAYAN",ABEMIS_FMR,Cagayan,2nd District,Claveria,Magdalena,,,Farm to Market Road Development Program,1.00,,11898220.15,2022,,Farm to Market Road Development Program,Project Group: Farm-to-Market Roads | Project Type: Farm-to-Market Road | Beneficiary: 
ABEMIS0449,"CONCRETING OF BRGY. CENTRO CALAMAGUI FMR, AMULUNG, CAGAYAN",ABEMIS_FMR,Cagayan,3rd District,Amulung,Calamagui,,,Farm to Market Road Development Program,1.00,,11934971.09,2022,,Farm to Market Road Development Program,Project Group: Farm-to-Market Roads | Project Type: Farm-to-Market Road | Beneficiary: 
ABEMIS0450,"CONCRETING OF BRGY. LIWAN NORTE FMR, ENRILE, CAGAYAN",ABEMIS_FMR,Cagayan,3rd District,Enrile,Liwan Norte,,,Farm to Market Road Development Program,0.56,,9844826.06,2022,,Farm to Market Road Development Program,Project Group: Farm-to-Market Roads | Project Type: Farm-to-Market Road | Beneficiary: 
ABEMIS0451,"CONCRETING OF BRGY. IRAGA TO BRGY. MALACABIBI FMR, SOLANA, CAGAYAN",ABEMIS_FMR,Cagayan,3rd District,Solana,Iraga,,,Farm to Market Road Development Program,0.83,,9950002.38,2022,,Farm to Market Road Development Program,Project Group: Farm-to-Market Roads | Project Type: Farm-to-Market Road | Beneficiary: 
ABEMIS0452,"CONCRETING OF BRGY. STA. VICTORIA TO BRGY. PASA FMR, ILAGAN CITY, ISABELA",ABEMIS_FMR,Isabela,1st District,Ilagan City (Capital),Pasa,,,Farm to Market Road Development Program,1.00,,11890000.00,2022,,Farm to Market Road Development Program,Project Group: Farm-to-Market Roads | Project Type: Farm-to-Market Road | Beneficiary: 
ABEMIS0453,"CONCRETING OF CVIARC, BRGY. SAN FELIPE FMR, ILAGAN CITY, ISABELA",ABEMIS_FMR,Isabela,1st District,Ilagan City (Capital),San Felipe,,,Farm to Market Road Development Program,2.22,,15870000.00,2022,,Farm to Market Road Development Program,Project Group: Farm-to-Market Roads | Project Type: Farm-to-Market Road | Beneficiary: 
ABEMIS0454,"CONCRETING OF BRGY. NAMNAMA - BRGY. ANTAGAN 2ND PHASE II FMR, TUMAUINI, ISABELA",ABEMIS_FMR,Isabela,1st District,Tumauini,Antagan II;Namnama,,,Farm to Market Road Development Program,1.16,,11928754.07,2022,,Farm to Market Road Development Program,Project Group: Farm-to-Market Roads | Project Type: Farm-to-Market Road | Beneficiary: 
ABEMIS0455,"CONCRETING OF BRGY. PILITAN FMR, TUMAUINI, ISABELA",ABEMIS_FMR,Isabela,1st District,Tumauini,Pilitan,,,Farm to Market Road Development Program,0.94,,12414375.61,2022,,Farm to Market Road Development Program,Project Group: Farm-to-Market Roads | Project Type: Farm-to-Market Road | Beneficiary: 
ABEMIS0456,"CONCRETING OF BRGY. BANTUG FMR, TUMAUINI, ISABELA",ABEMIS_FMR,Isabela,1st District,Tumauini,Bantug,,,Farm to Market Road Development Program,1.27,,14308970.01,2022,,Farm to Market Road Development Program,Project Group: Farm-to-Market Roads | Project Type: Farm-to-Market Road | Beneficiary: 
ABEMIS0457,"CONCRETING OF BRGY. SAN PEDRO FMR, TUMAUINI, ISABELA",ABEMIS_FMR,Isabela,1st District,Tumauini,San Pedro,,,Farm to Market Road Development Program,0.99,,12525137.37,2022,,Farm to Market Road Development Program,Project Group: Farm-to-Market Roads | Project Type: Farm-to-Market Road | Beneficiary: 
ABEMIS0458,"CONCRETING OF BRGY. LANNA FMR, TUMAUINI, ISABELA",ABEMIS_FMR,Isabela,1st District,Tumauini,Lanna,,,Farm to Market Road Development Program,1.00,,16176968.50,2022,,Farm to Market Road Development Program,Project Group: Farm-to-Market Roads | Project Type: Farm-to-Market Road | Beneficiary: 
ABEMIS0459,"CONCRETING OF BRGY. UGAD FMR, TUMAUINI, ISABELA",ABEMIS_FMR,Isabela,1st District,Tumauini,Ugad,,,Farm to Market Road Development Program,1.19,,11905882.17,2022,,Farm to Market Road Development Program,Project Group: Farm-to-Market Roads | Project Type: Farm-to-Market Road | Beneficiary: 
ABEMIS0460,"CONCRETING OF BRGY. DICAMAY FMR, SAN MARIANO, ISABELA",ABEMIS_FMR,Isabela,2nd District,San Mariano,Dicamay,,,Farm to Market Road Development Program,0.83,,9950020.76,2022,,Farm to Market Road Development Program,Project Group: Farm-to-Market Roads | Project Type: Farm-to-Market Road | Beneficiary: 
ABEMIS0461,"CONCRETING OF SITIO DINGADING TO CUARAUITAN, BRGY. BINATUG FMR, SAN MARIANO, ISABELA",ABEMIS_FMR,Isabela,2nd District,San Mariano,Binatug,,,Farm to Market Road Development Program,1.21,,9949981.86,2022,,Farm to Market Road Development Program,Project Group: Farm-to-Market Roads | Project Type: Farm-to-Market Road | Beneficiary: 
ABEMIS0462,"CONCRETING OF BRGY. CADSALAN TO BRGY. TAPPA FMR, SAN MARIANO, ISABELA",ABEMIS_FMR,Isabela,2nd District,San Mariano,Tappa,,,Farm to Market Road Development Program,1.08,,9949997.98,2022,,Farm to Market Road Development Program,Project Group: Farm-to-Market Roads | Project Type: Farm-to-Market Road | Beneficiary: 
ABEMIS0463,"CONCRETING OF BRGY. NUEVA ERA FMR, CABATUAN, ISABELA",ABEMIS_FMR,Isabela,3rd District,Cabatuan,Nueva Era,,,Farm to Market Road Development Program,1.00,,11939974.43,2022,,Farm to Market Road Development Program,Project Group: Farm-to-Market Roads | Project Type: Farm-to-Market Road | Beneficiary: 
ABEMIS0464,"CONCRETING OF SITIO CAMANGAAN TO SITIO BUNEG, BRGY. ANONANG, CORDON, ISABELA",ABEMIS_FMR,Isabela,4th District,Cordon,Anonang (Balitoc*),,,Farm to Market Road Development Program,0.99,,11932855.46,2022,,Farm to Market Road Development Program,Project Group: Farm-to-Market Roads | Project Type: Farm-to-Market Road | Beneficiary: 
ABEMIS0465,"CONCRETING OF NAGGASICAN SOUTH LOW CANAL ROAD FMR, SANTIAGO CITY, ISABELA",ABEMIS_FMR,Isabela,4th District,City of Santiago,Naggasican,,,Farm to Market Road Development Program,0.83,,10105062.97,2022,,Farm to Market Road Development Program,Project Group: Farm-to-Market Roads | Project Type: Farm-to-Market Road | Beneficiary: 
ABEMIS0466,"CONCRETING OF BRGY. SAN PEDRO FMR, MALLIG, ISABELA",ABEMIS_FMR,Isabela,5th District,Mallig,San Pedro (Barucbuc Sur),,,Farm to Market Road Development Program,1.28,,12525137.37,2022,,Farm to Market Road Development Program,Project Group: Farm-to-Market Roads | Project Type: Farm-to-Market Road | Beneficiary: 
ABEMIS0467,CONCRETING OF BRGY. M. H. DEL PILAR FMR,ABEMIS_FMR,Isabela,3rd District,Alicia,M.H. del Pilar,,,Farm to Market Road Development Program,1.00,,11929980.22,2023,,Farm to Market Road Development Program,Project Group: Farm-to-Market Roads | Project Type: Farm-to-Market Road | Beneficiary: 
ABEMIS0468,"CONCRETING OF BRGY. NAGCAMPEGAN TO BRGY. SAN LUIS FMR, CAUAYAN CITY, ISABELA",ABEMIS_FMR,Isabela,6th District,City of Cauayan,Nagcampegan,,,Farm to Market Road Development Program,0.93,,13630073.24,2022,,Farm to Market Road Development Program,Project Group: Farm-to-Market Roads | Project Type: Farm-to-Market Road | Beneficiary: 
ABEMIS0469,"CONCRETING OF BRGY. BABARAN PHASE II FMR, ECHAGUE, ISABELA",ABEMIS_FMR,Isabela,6th District,Echague,Babaran,,,Farm to Market Road Development Program,0.88,,11582000.01,2022,,Farm to Market Road Development Program,Project Group: Farm-to-Market Roads | Project Type: Farm-to-Market Road | Beneficiary: 
ABEMIS0470,"Concreting of Sitio Gotan FMR, Brgy. San Vicente, Sta. Ana, Cagayan",ABEMIS_FMR,Cagayan,1st District,Santa Ana,San Vicente (Fort),,,Farm to Market Road Development Program,0.67,,9943583.77,2024,,Farm to Market Road Development Program,Project Group: Farm-to-Market Roads | Project Type: Farm-to-Market Road | Beneficiary: 
ABEMIS0471,"Concreting of Antonio, Brgy. Pungpongan FMR, Brgy. Pungpongan, Jones, Isabela",ABEMIS_FMR,Isabela,4th District,Jones,Pongpongan,,,Farm to Market Road Development Program,1.40,,20843651.62,2024,,Farm to Market Road Development Program,Project Group: Farm-to-Market Roads | Project Type: Farm-to-Market Road | Beneficiary: 
ABEMIS0472,"CONCRETING OF DINILE TO BRGY. CALAOCAN FMR, BAMBANG, NUEVA VIZCAYA",ABEMIS_FMR,Nueva Vizcaya,Nueva Vizcaya,Bambang,Calaocan (Pob.),,,Farm to Market Road Development Program,1.00,,11940000.00,2022,,Farm to Market Road Development Program,Project Group: Farm-to-Market Roads | Project Type: Farm-to-Market Road | Beneficiary: 
ABEMIS0473,CONCRETING OF SITIO MAGAMIAN BRGY. LIMBAUAN FMR,ABEMIS_FMR,Isabela,1st District,San Pablo,Caddangan/Limbauan,,,Farm to Market Road Development Program,1.00,,0.00,2021,,Farm to Market Road Development Program,Project Group: Farm-to-Market Roads | Project Type: Farm-to-Market Road | Beneficiary: 
ABEMIS0474,"Concreting of Brgy. Villa Flor FMR, Brgy. Villa Flor, Cauayan City, Isabela",ABEMIS_FMR,Isabela,6th District,City of Cauayan,Villaflor,,,Farm to Market Road Development Program,1.00,,14701058.06,2024,,Farm to Market Road Development Program,Project Group: Farm-to-Market Roads | Project Type: Farm-to-Market Road | Beneficiary: 
ABEMIS0475,"CONCRETING OF SITIO NAGBARAKALAN- MT. HAMUT, SIMANU NORTE FMR",ABEMIS_FMR,Isabela,1st District,San Pablo,Simanu Norte,,,Farm to Market Road Development Program,1.04,,0.00,2019,,Farm to Market Road Development Program,Project Group: Farm-to-Market Roads | Project Type: Farm-to-Market Road | Beneficiary: 
ABEMIS0476,CONCRETING OF CHAVUAN-DISAN FMR,ABEMIS_FMR,Batanes,Batanes,Basco (Capital),San Antonio,,,Farm to Market Road Development Program,1.04,,11623385.54,2023,,Farm to Market Road Development Program,Project Group: Farm-to-Market Roads | Project Type: Farm-to-Market Road | Beneficiary: 
ABEMIS0477,"Concreting of Brgy. Pag-asa to Brgy. Aromin FMR, Brgy. Pag-asa and Brgy. Aromin,Echague, Isabela",ABEMIS_FMR,Isabela,6th District,Echague,Pag-asa,,,Farm to Market Road Development Program,1.00,,14914674.81,2024,,Farm to Market Road Development Program,Project Group: Farm-to-Market Roads | Project Type: Farm-to-Market Road | Beneficiary: 
ABEMIS0478,CONCRETING OF CHINGTEB-BABAL FMR PHASE II,ABEMIS_FMR,Batanes,Batanes,Uyugan,Imnajbu,,,Farm to Market Road Development Program,1.04,,11775914.85,2023,,Farm to Market Road Development Program,Project Group: Farm-to-Market Roads | Project Type: Farm-to-Market Road | Beneficiary: 
ABEMIS0479,"CONCRETING OF BRGY. SAN FERNANDO TO BRGY. ABINGANAN FMR, BAMBANG, NUEVA VIZCAYA",ABEMIS_FMR,Nueva Vizcaya,Nueva Vizcaya,Bambang,Abinganan;San Fernando,,,Farm to Market Road Development Program,1.00,,11940000.00,2022,,Farm to Market Road Development Program,Project Group: Farm-to-Market Roads | Project Type: Farm-to-Market Road | Beneficiary: 
ABEMIS0480,CONCRETING OF SUVEK FMR,ABEMIS_FMR,Batanes,Batanes,Mahatao,Kaumbakan,,,Farm to Market Road Development Program,1.04,,11205608.63,2023,,Farm to Market Road Development Program,Project Group: Farm-to-Market Roads | Project Type: Farm-to-Market Road | Beneficiary: 
ABEMIS0481,"Concreting of San Francisco Norte - Guam FMR, Brgy. San Francisco Norte and Brgy. Guam, San Guillermo, Isabela",ABEMIS_FMR,Isabela,6th District,San Guillermo,San Francisco Norte,,,Farm to Market Road Development Program,0.67,,9850620.17,2024,,Farm to Market Road Development Program,Project Group: Farm-to-Market Roads | Project Type: Farm-to-Market Road | Beneficiary: 
ABEMIS0482,"CONCRETING OF BRGY. ROGUS FMR, CAUAYAN CITY, ISABELA",ABEMIS_FMR,Isabela,6th District,City of Cauayan,Rogus,,,Farm to Market Road Development Program,0.76,,11934558.54,2022,,Farm to Market Road Development Program,Project Group: Farm-to-Market Roads | Project Type: Farm-to-Market Road | Beneficiary: 
ABEMIS0483,"CONCRETING OF BRGY. STO. DOMINGO WEST FMR, BAMBANG, NUEVA VIZCAYA",ABEMIS_FMR,Nueva Vizcaya,Nueva Vizcaya,Bambang,Santo Domingo West,,,Farm to Market Road Development Program,0.83,,9950000.00,2022,,Farm to Market Road Development Program,Project Group: Farm-to-Market Roads | Project Type: Farm-to-Market Road | Beneficiary: 
ABEMIS0484,"CONCRETING OF BRGY. COMMUNAL FMR, SOLANO, NUEVA VIZCAYA",ABEMIS_FMR,Nueva Vizcaya,Nueva Vizcaya,Solano,Communal,,,Farm to Market Road Development Program,1.00,,11581036.98,2022,,Farm to Market Road Development Program,Project Group: Farm-to-Market Roads | Project Type: Farm-to-Market Road | Beneficiary: 
ABEMIS0485,"Concreting of Brgy. Villa Rose to Brgy. San Rafael FMR, Brgy. Villa Rose and Brgy. San Rafael, San Guillermo, Isabela",ABEMIS_FMR,Isabela,6th District,San Guillermo,San Rafael,,,Farm to Market Road Development Program,1.00,,627250.22,2024,,Farm to Market Road Development Program,Project Group: Farm-to-Market Roads | Project Type: Farm-to-Market Road | Beneficiary: 
ABEMIS0486,"CONCRETING OF RIZAL- VILLA PASCUA, DIFFUN, QUIRINO FMR",ABEMIS_FMR,Quirino,Quirino,Diffun,Rizal (Pob.);Villa Pascua,,,Farm to Market Road Development Program,1.00,,0.00,2021,,Farm to Market Road Development Program,Project Group: Farm-to-Market Roads | Project Type: Farm-to-Market Road | Beneficiary: 
ABEMIS0487,"CONCRETING OF BRGY. WATWAT FMR, KASIBU, NUEVA VIZCAYA",ABEMIS_FMR,Nueva Vizcaya,Nueva Vizcaya,Kasibu,Watwat,,,Farm to Market Road Development Program,0.83,,9867679.04,2022,,Farm to Market Road Development Program,Project Group: Farm-to-Market Roads | Project Type: Farm-to-Market Road | Beneficiary: 
ABEMIS0488,"CONCRETING OF BRGY. MANGANDINGAY PHASE II FMR, CABARROGUIS, QUIRINO",ABEMIS_FMR,Quirino,Quirino,Cabarroguis (Capital),Mangandingay (Pob.),,,Farm to Market Road Development Program,0.69,,11937848.84,2022,,Farm to Market Road Development Program,Project Group: Farm-to-Market Roads | Project Type: Farm-to-Market Road | Beneficiary: 
ABEMIS0489,"CONCRETING OF TUCOD, CABARROGUIS, QUIRINO FMR",ABEMIS_FMR,Quirino,Quirino,Cabarroguis (Capital),Tucod,,,Farm to Market Road Development Program,1.17,,0.00,2021,,Farm to Market Road Development Program,Project Group: Farm-to-Market Roads | Project Type: Farm-to-Market Road | Beneficiary: 
ABEMIS0490,"REHABILITATION/IMPROVEMENT OF BRGY. ZAMORA FMR, CABARROGUIS, QUIRINO",ABEMIS_FMR,Quirino,Quirino,Cabarroguis (Capital),Zamora,,,Farm to Market Road Development Program,0.84,,11937970.64,2022,,Farm to Market Road Development Program,Project Group: Farm-to-Market Roads | Project Type: Farm-to-Market Road | Beneficiary: 
ABEMIS0491,"CONSTRUCTION/IMPROVEMENT OF BRGY. UPPER DIBIBI FMR, CABARROGUIS, QUIRINO",ABEMIS_FMR,Quirino,Quirino,Cabarroguis (Capital),Dibibi,,,Farm to Market Road Development Program,1.18,,9947930.22,2022,,Farm to Market Road Development Program,Project Group: Farm-to-Market Roads | Project Type: Farm-to-Market Road | Beneficiary: 
ABEMIS0492,"CONSTRUCTION/IMPROVEMENT OF BRGY. MANGANDINGAY- BRGY. STO. DOMINGO FMR, CABARROGUIS, QUIRINO",ABEMIS_FMR,Quirino,Quirino,Cabarroguis (Capital),Santo Domingo;Mangandingay (Pob.),,,Farm to Market Road Development Program,1.00,,9947356.01,2022,,Farm to Market Road Development Program,Project Group: Farm-to-Market Roads | Project Type: Farm-to-Market Road | Beneficiary: 
ABEMIS0493,"CONCRETING OF BRGY. SAN PASCUAL FMR, DIFFUN, QUIRINO",ABEMIS_FMR,Quirino,Quirino,Diffun,San Pascual,,,Farm to Market Road Development Program,1.06,,11937970.90,2022,,Farm to Market Road Development Program,Project Group: Farm-to-Market Roads | Project Type: Farm-to-Market Road | Beneficiary: 
ABEMIS0494,"REHABILITATION/IMPROVEMENT OF SITIO AMILINGAN, BRGY. SAN ISIDRO FMR, DIFFUN, QUIRINO",ABEMIS_FMR,Quirino,Quirino,Diffun,San Isidro,,,Farm to Market Road Development Program,0.89,,11937837.54,2022,,Farm to Market Road Development Program,Project Group: Farm-to-Market Roads | Project Type: Farm-to-Market Road | Beneficiary: 
ABEMIS0495,"CONSTRUCTION/IMPROVEMENT OF BRGY. SAN SALVADOR FMR, MADDELA, QUIRINO",ABEMIS_FMR,Quirino,Quirino,Maddela,San Salvador,,,Farm to Market Road Development Program,0.96,,9947991.86,2022,,Farm to Market Road Development Program,Project Group: Farm-to-Market Roads | Project Type: Farm-to-Market Road | Beneficiary: 
ABEMIS0496,"Concreting of Sitio Diwan to Sitio Diura, Brgy. San Joaquin FMR Phase 3",ABEMIS_FMR,Batanes,Batanes,Basco (Capital),San Joaquin,,,Farm to Market Road Development Program,0.50,,0.00,2021,,Farm to Market Road Development Program,Project Group: Farm-to-Market Roads | Project Type: Farm-to-Market Road | Beneficiary: 
ABEMIS0497,"Concreting of Brgy. Acacia FMR, Brgy. Acacia, Kayapa, Nueva Vizcaya",ABEMIS_FMR,Nueva Vizcaya,Nueva Vizcaya,Kayapa,Acacia,,,Farm to Market Road Development Program,1.00,,9949998.34,2024,,Farm to Market Road Development Program,Project Group: Farm-to-Market Roads | Project Type: Farm-to-Market Road | Beneficiary: 
ABEMIS0498,Concreting of Sitio Riisik to Brgy. Mabuno FMR,ABEMIS_FMR,Cagayan,1st District,Gattaran,Mabuno,,,Farm to Market Road Development Program,1.14,,11802997.41,2021,,Farm to Market Road Development Program,Project Group: Farm-to-Market Roads | Project Type: Farm-to-Market Road | Beneficiary: 
ABEMIS0499,Concreting of Brgy. Pata West FMR,ABEMIS_FMR,Cagayan,2nd District,Claveria,Pata West,,,Farm to Market Road Development Program,1.28,,12170949.37,2021,,Farm to Market Road Development Program,Project Group: Farm-to-Market Roads | Project Type: Farm-to-Market Road | Beneficiary: 
ABEMIS0500,"Concreting of Brgy. Dumabato Norte FMR, Brgy. Dumabato Norte, Maddela, Quirino",ABEMIS_FMR,Quirino,Quirino,Maddela,Dumabato Norte,,,Farm to Market Road Development Program,0.33,,4972699.02,2024,,Farm to Market Road Development Program,Project Group: Farm-to-Market Roads | Project Type: Farm-to-Market Road | Beneficiary: 
ABEMIS0501,"Concreting of Brgy. Buena Suerte FMR, Brgy. Buena Suerte, Cauayan City, Isabela",ABEMIS_FMR,Isabela,6th District,City of Cauayan,Buena Suerte,,,Farm to Market Road Development Program,0.67,,10326575.80,2024,,Farm to Market Road Development Program,Project Group: Farm-to-Market Roads | Project Type: Farm-to-Market Road | Beneficiary: 
ABEMIS0502,"Concreting of Brgy. Cabugao FMR Phase II, Brgy. Cabugao, Cauayan City, Isabela",ABEMIS_FMR,Isabela,6th District,City of Cauayan,Cabugao,,,Farm to Market Road Development Program,1.00,,14924176.63,2024,,Farm to Market Road Development Program,Project Group: Farm-to-Market Roads | Project Type: Farm-to-Market Road | Beneficiary: 
ABEMIS0503,Concreting of Sto. Niño FMR,ABEMIS_FMR,Cagayan,2nd District,Claveria,Santo Ni?o (Barbarnis),,,Farm to Market Road Development Program,1.03,,14842646.57,2021,,Farm to Market Road Development Program,Project Group: Farm-to-Market Roads | Project Type: Farm-to-Market Road | Beneficiary: 
ABEMIS0504,"Concreting of Brgy. Ubong Solana to Brgy. San Antonio, Enrile FMR, Brgy. Ubong, Solana and Brgy. San Antonio, Enrile, Cagayan",ABEMIS_FMR,Cagayan,3rd District,Enrile,San Antonio,,,Farm to Market Road Development Program,1.00,,14823453.00,2024,,Farm to Market Road Development Program,Project Group: Farm-to-Market Roads | Project Type: Farm-to-Market Road | Beneficiary: 
ABEMIS0505,"Concreting of Wangal FMR, Brgy. Wangal, Kasibu, Nueva Vizcaya",ABEMIS_FMR,Nueva Vizcaya,Nueva Vizcaya,Kasibu,Wangal,,,Farm to Market Road Development Program,1.00,,14924994.73,2024,,Farm to Market Road Development Program,Project Group: Farm-to-Market Roads | Project Type: Farm-to-Market Road | Beneficiary: 
ABEMIS0506,Concreting of Mabuttal to Baran FMR,ABEMIS_FMR,Cagayan,2nd District,Ballesteros,Mabuttal West;Baran,,,Farm to Market Road Development Program,2.00,,19756514.63,2021,,Farm to Market Road Development Program,Project Group: Farm-to-Market Roads | Project Type: Farm-to-Market Road | Beneficiary: 
ABEMIS0507,"Concreting of Brgy. Nagrumbuan to Brgy. Pinoma FMR Section II, Brgy. Nagrumbuan and Brgy. Pinoma, Cauayan City, Isabela",ABEMIS_FMR,Isabela,6th District,City of Cauayan,Nagrumbuan;Marabulig II,,,Farm to Market Road Development Program,0.67,,9899999.99,2024,,Farm to Market Road Development Program,Project Group: Farm-to-Market Roads | Project Type: Farm-to-Market Road | Beneficiary: 
ABEMIS0508,"Concreting of Nagrumbuan - Pinoma FMR, Brgy. Nagrumbuan and Brgy. Pinoma,Cauayan City, Isabela",ABEMIS_FMR,Isabela,6th District,City of Cauayan,Nagrumbuan;Marabulig II,,,Farm to Market Road Development Program,1.33,,19834901.98,2024,,Farm to Market Road Development Program,Project Group: Farm-to-Market Roads | Project Type: Farm-to-Market Road | Beneficiary: 
ABEMIS0509,Concreting of Brgy. Langagan to Bacsay to Bacsay FMR,ABEMIS_FMR,Cagayan,2nd District,Sanchez Mira,Langagan,,,Farm to Market Road Development Program,2.20,,19871816.44,2021,,Farm to Market Road Development Program,Project Group: Farm-to-Market Roads | Project Type: Farm-to-Market Road | Beneficiary: 
ABEMIS0510,"Concreting of Brgy. Marabulig to Brgy. Nagrumbuan FMR, Brgy. Marabulig and Brgy. Nagrumbuan, Cauayan City, Isabela",ABEMIS_FMR,Isabela,6th District,City of Cauayan,Marabulig II;Marabulig II,,,Farm to Market Road Development Program,0.67,,9899999.99,2024,,Farm to Market Road Development Program,Project Group: Farm-to-Market Roads | Project Type: Farm-to-Market Road | Beneficiary: 
ABEMIS0511,Concreting of Brgy. Minanga Sur FMR,ABEMIS_FMR,Cagayan,2nd District,Lasam,Minanga Sur,,,Farm to Market Road Development Program,1.40,,24828560.98,2021,,Farm to Market Road Development Program,Project Group: Farm-to-Market Roads | Project Type: Farm-to-Market Road | Beneficiary: 
ABEMIS0512,"Concreting of Brgy. Dianao FMR, Brgy. Dianao, Cauayan City, Isabela",ABEMIS_FMR,Isabela,6th District,City of Cauayan,Marabulig II,,,Farm to Market Road Development Program,1.00,,14924253.31,2024,,Farm to Market Road Development Program,Project Group: Farm-to-Market Roads | Project Type: Farm-to-Market Road | Beneficiary: 
ABEMIS0513,"Concreting of Brgy. Manaoag FMR, Brgy. Manaoag, Cauayan City, Isabela",ABEMIS_FMR,Isabela,6th District,City of Cauayan,Marabulig II,,,Farm to Market Road Development Program,1.33,,19898276.14,2024,,Farm to Market Road Development Program,Project Group: Farm-to-Market Roads | Project Type: Farm-to-Market Road | Beneficiary: 
ABEMIS0514,Concreting of Sitio Kaigorotan to Brgy. Cabatacan West FMR,ABEMIS_FMR,Cagayan,2nd District,Lasam,Cabatacan West,,,Farm to Market Road Development Program,2.19,,29849828.80,2021,,Farm to Market Road Development Program,Project Group: Farm-to-Market Roads | Project Type: Farm-to-Market Road | Beneficiary: 
ABEMIS0515,"Concreting of Brgy. Minante 1 FMR, Brgy. Minante 1, Cauayan City, Isabela",ABEMIS_FMR,Isabela,6th District,City of Cauayan,Minante I,,,Farm to Market Road Development Program,1.00,,14701072.76,2024,,Farm to Market Road Development Program,Project Group: Farm-to-Market Roads | Project Type: Farm-to-Market Road | Beneficiary: 
ABEMIS0516,"Concreting of Brgy. Minante 2 FMR Phase II, Brgy. Minante 2, Cauayan City, Isabela",ABEMIS_FMR,Isabela,6th District,City of Cauayan,Minante II,,,Farm to Market Road Development Program,1.00,,14701077.88,2024,,Farm to Market Road Development Program,Project Group: Farm-to-Market Roads | Project Type: Farm-to-Market Road | Beneficiary: 
ABEMIS0517,Concreting of Brgy. Finugo Norte FMR,ABEMIS_FMR,Cagayan,2nd District,Lasam,Finugo Norte,,,Farm to Market Road Development Program,1.60,,19900014.97,2021,,Farm to Market Road Development Program,Project Group: Farm-to-Market Roads | Project Type: Farm-to-Market Road | Beneficiary: 
ABEMIS0518,Concreting of Brgy. Liwan Sur FMR,ABEMIS_FMR,Cagayan,3rd District,Enrile,Liwan Sur,,,Farm to Market Road Development Program,1.00,,11943716.14,2021,,Farm to Market Road Development Program,Project Group: Farm-to-Market Roads | Project Type: Farm-to-Market Road | Beneficiary: 
ABEMIS0519,Concreting of Brgy. Flourishing FMR,ABEMIS_FMR,Cagayan,1st District,Gonzaga,Flourishing (Pob.),,,Farm to Market Road Development Program,1.07,,9154511.31,2021,,Farm to Market Road Development Program,Project Group: Farm-to-Market Roads | Project Type: Farm-to-Market Road | Beneficiary: 
ABEMIS0520,"Concreting of Brgy. Balagbag FMR, Brgy. Balagbag, Diffun, Quirino",ABEMIS_FMR,Quirino,Quirino,Diffun,Balagbag,,,Farm to Market Road Development Program,1.00,,14477169.08,2024,,Farm to Market Road Development Program,Project Group: Farm-to-Market Roads | Project Type: Farm-to-Market Road | Beneficiary: 
ABEMIS0521,"Concreting of Brgy. Dumanisi FMR, Brgy. Dumanisi, Diffun, Quirino",ABEMIS_FMR,Quirino,Quirino,Diffun,Dumanisi,,,Farm to Market Road Development Program,0.33,,4972537.24,2024,,Farm to Market Road Development Program,Project Group: Farm-to-Market Roads | Project Type: Farm-to-Market Road | Beneficiary: 
ABEMIS0522,Concreting of Brgy. Naganacan FMR Phase 1,ABEMIS_FMR,Isabela,1st District,Santa Maria,Naganacan,,,Farm to Market Road Development Program,1.00,,23640724.90,2021,,Farm to Market Road Development Program,Project Group: Farm-to-Market Roads | Project Type: Farm-to-Market Road | Beneficiary: 
ABEMIS0523,"Concreting of Sitio Nagbarakalan to Mt. Hamut, Brgy. Simanu Norte FMR",ABEMIS_FMR,Isabela,1st District,San Pablo,Simanu Norte,,,Farm to Market Road Development Program,1.00,,12270996.75,2021,,Farm to Market Road Development Program,Project Group: Farm-to-Market Roads | Project Type: Farm-to-Market Road | Beneficiary: 
ABEMIS0524,Concreting of Brgy. San Rafael Alto FMR,ABEMIS_FMR,Isabela,1st District,Santo Tomas,San Rafael Alto,,,Farm to Market Road Development Program,1.00,,11834252.05,2021,,Farm to Market Road Development Program,Project Group: Farm-to-Market Roads | Project Type: Farm-to-Market Road | Beneficiary: 
ABEMIS0525,Concreting of Brgy. Liwanag FMR Phase 2,ABEMIS_FMR,Isabela,1st District,Tumauini,Liwanag,,,Farm to Market Road Development Program,1.00,,9999999999.99,2021,,Farm to Market Road Development Program,Project Group: Farm-to-Market Roads | Project Type: Farm-to-Market Road | Beneficiary: 
ABEMIS0526,Concreting of Brgy. Cumabao FMR,ABEMIS_FMR,Isabela,1st District,Tumauini,Cumabao,,,Farm to Market Road Development Program,1.00,,12311541.00,2021,,Farm to Market Road Development Program,Project Group: Farm-to-Market Roads | Project Type: Farm-to-Market Road | Beneficiary: 
ABEMIS0527,Concreting of Brgy. Namnama to Brgy. Antagan II FMR,ABEMIS_FMR,Isabela,1st District,Tumauini,Namnama;Antagan II,,,Farm to Market Road Development Program,1.00,,11820592.87,2021,,Farm to Market Road Development Program,Project Group: Farm-to-Market Roads | Project Type: Farm-to-Market Road | Beneficiary: 
ABEMIS0528,Concreting of Brgy. Lapogan to Sto. Niño FMR,ABEMIS_FMR,Isabela,1st District,Tumauini,Lapogan;Santo Niño,,,Farm to Market Road Development Program,1.00,,11818840.47,2021,,Farm to Market Road Development Program,Project Group: Farm-to-Market Roads | Project Type: Farm-to-Market Road | Beneficiary: 
ABEMIS0529,"Concreting of Brgy. Gulac FMR, Brgy. Gulac, Diffun, Quirino",ABEMIS_FMR,Quirino,Quirino,Diffun,Gulac,,,Farm to Market Road Development Program,0.33,,4969584.82,2024,,Farm to Market Road Development Program,Project Group: Farm-to-Market Roads | Project Type: Farm-to-Market Road | Beneficiary: 
ABEMIS0530,Concreting of Brgy. Sisim Abajo FMR,ABEMIS_FMR,Isabela,1st District,Tumauini,Sisim Abajo,,,Farm to Market Road Development Program,1.00,,11817497.88,2021,,Farm to Market Road Development Program,Project Group: Farm-to-Market Roads | Project Type: Farm-to-Market Road | Beneficiary: 
ABEMIS0531,Concreting of Brgy. Sto Tomas FMR,ABEMIS_FMR,Isabela,2nd District,Naguilian,Santo Tomas,,,Farm to Market Road Development Program,1.00,,11807169.28,2021,,Farm to Market Road Development Program,Project Group: Farm-to-Market Roads | Project Type: Farm-to-Market Road | Beneficiary: 
ABEMIS0532,Concreting of Brgy. Quinalabasa to Brgy. Manaring FMR,ABEMIS_FMR,Isabela,2nd District,Naguilian,Quinalabasa;Manaring,,,Farm to Market Road Development Program,1.24,,11578894.81,2021,,Farm to Market Road Development Program,Project Group: Farm-to-Market Roads | Project Type: Farm-to-Market Road | Beneficiary: 
ABEMIS0533,"Concreting of Purok 6, Brgy. Dangan FMR Phase 2",ABEMIS_FMR,Isabela,2nd District,Reina Mercedes,Dangan,,,Farm to Market Road Development Program,1.00,,11783208.94,2021,,Farm to Market Road Development Program,Project Group: Farm-to-Market Roads | Project Type: Farm-to-Market Road | Beneficiary: 
ABEMIS0534,Concreting of Brgy. Santor FMR,ABEMIS_FMR,Isabela,2nd District,Reina Mercedes,Dangan,,,Farm to Market Road Development Program,1.00,,11649111.65,2021,,Farm to Market Road Development Program,Project Group: Farm-to-Market Roads | Project Type: Farm-to-Market Road | Beneficiary: 
ABEMIS0535,Concreting of Brgy. Villaluz to Brgy New Magsaysay FMR,ABEMIS_FMR,Isabela,2nd District,Benito Soliven,Villaluz;New Magsaysay,,,Farm to Market Road Development Program,1.67,,11939964.71,2021,,Farm to Market Road Development Program,Project Group: Farm-to-Market Roads | Project Type: Farm-to-Market Road | Beneficiary: 
ABEMIS0536,"Concreting of Brgy. San Bernabe FMR, Brgy. San Bernabe, Maddela, Quirino",ABEMIS_FMR,Quirino,Quirino,Maddela,San Bernabe,,,Farm to Market Road Development Program,0.33,,4824418.56,2024,,Farm to Market Road Development Program,Project Group: Farm-to-Market Roads | Project Type: Farm-to-Market Road | Beneficiary: 
ABEMIS0537,Concreting of Brgy. Tappa FMR,ABEMIS_FMR,Isabela,2nd District,San Mariano,Tappa,,,Farm to Market Road Development Program,1.00,,12437503.04,2021,,Farm to Market Road Development Program,Project Group: Farm-to-Market Roads | Project Type: Farm-to-Market Road | Beneficiary: 
ABEMIS0538,Concreting of Brgy. Daragutan East to Ueg FMR,ABEMIS_FMR,Isabela,2nd District,San Mariano,Daragutan East;Ueg,,,Farm to Market Road Development Program,1.49,,11761029.76,2021,,Farm to Market Road Development Program,Project Group: Farm-to-Market Roads | Project Type: Farm-to-Market Road | Beneficiary: 
ABEMIS0539,"Concreting of Brgy. General Eulogo Balao FMR, Brgy. General Eulogo Balao, Solana, Cagayan",ABEMIS_FMR,Cagayan,3rd District,Solana,Gen. Eulogio Balao,,,Farm to Market Road Development Program,0.67,,9910179.66,2024,,Farm to Market Road Development Program,Project Group: Farm-to-Market Roads | Project Type: Farm-to-Market Road | Beneficiary: 
ABEMIS0540,Concreting of Brgy. Bitabian to Brgy. Daragutan West FMR,ABEMIS_FMR,Isabela,2nd District,San Mariano,Bitabian;Daragutan West,,,Farm to Market Road Development Program,1.78,,12251889.87,2021,,Farm to Market Road Development Program,Project Group: Farm-to-Market Roads | Project Type: Farm-to-Market Road | Beneficiary: 
ABEMIS0541,Concreting of Brgy. San Marcelo to Brgy. San Roque FMR,ABEMIS_FMR,Isabela,3rd District,Angadanan,San Marcelo;San Roque,,,Farm to Market Road Development Program,1.55,,12288493.82,2021,,Farm to Market Road Development Program,Project Group: Farm-to-Market Roads | Project Type: Farm-to-Market Road | Beneficiary: 
ABEMIS0542,"Concreting of Brgy. Sto. Tomas FMR, Brgy. Sto. Tomas, Saguday, Quirino",ABEMIS_FMR,Quirino,Quirino,Saguday,Santo Tomas,,,Farm to Market Road Development Program,0.33,,4825416.54,2024,,Farm to Market Road Development Program,Project Group: Farm-to-Market Roads | Project Type: Farm-to-Market Road | Beneficiary: 
ABEMIS0543,Concreting of Brgy. Dipaluda to Brgy. Duroc to Brgy. Lourdes FMR,ABEMIS_FMR,Isabela,3rd District,Angadanan,Dipaluda;Duroc;Lourdes (El Esca?o),,,Farm to Market Road Development Program,2.71,,19799974.75,2021,,Farm to Market Road Development Program,Project Group: Farm-to-Market Roads | Project Type: Farm-to-Market Road | Beneficiary: 
ABEMIS0544,Concreting of Brgy. San Miguel to Brgy. Planas FMR,ABEMIS_FMR,Isabela,3rd District,Ramon,San Miguel;Planas,,,Farm to Market Road Development Program,0.94,,15539701.66,2021,,Farm to Market Road Development Program,Project Group: Farm-to-Market Roads | Project Type: Farm-to-Market Road | Beneficiary: 
ABEMIS0545,Concreting of Brgy. San Pablo to Salvacion FMR,ABEMIS_FMR,Isabela,3rd District,Alicia,San Pablo;Salvacion,,,Farm to Market Road Development Program,1.32,,15478013.78,2021,,Farm to Market Road Development Program,Project Group: Farm-to-Market Roads | Project Type: Farm-to-Market Road | Beneficiary: 
ABEMIS0546,"CONCRETING OF SITIO SINGAYEN, BRGY. ASSASI FMR, BAGGAO, CAGAYAN",ABEMIS_FMR,Cagayan,1st District,Baggao,Asassi,,,Farm to Market Road Development Program,0.54,,11596273.48,2022,,Farm to Market Road Development Program,Project Group: Farm-to-Market Roads | Project Type: Farm-to-Market Road | Beneficiary: 
ABEMIS0547,"Concreting of Brgy. Burgos FMR, Brgy. Burgos, Cabarroguis, Quirino",ABEMIS_FMR,Quirino,Quirino,Cabarroguis (Capital),Burgos,,,Farm to Market Road Development Program,0.33,,4970609.05,2024,,Farm to Market Road Development Program,Project Group: Farm-to-Market Roads | Project Type: Farm-to-Market Road | Beneficiary: 
ABEMIS0548,"Concreting of Pinayag-Pallas FMR, Brgy. Pinayag, Kayapa, Nueva Vizcaya",ABEMIS_FMR,Nueva Vizcaya,Nueva Vizcaya,Kayapa,Pinayag,,,Farm to Market Road Development Program,1.33,,19898082.90,2024,,Farm to Market Road Development Program,Project Group: Farm-to-Market Roads | Project Type: Farm-to-Market Road | Beneficiary: 
ABEMIS0549,CONCRETING OF GANZANO FMR,ABEMIS_FMR,Cagayan,1st District,Gattaran,Ganzano,,,Farm to Market Road Development Program,1.00,,11930000.00,2023,,Farm to Market Road Development Program,Project Group: Farm-to-Market Roads | Project Type: Farm-to-Market Road | Beneficiary: 
ABEMIS0550,Concreting of Brgy. Sta. Isabel to Brgy. Dicamay FMR,ABEMIS_FMR,Isabela,4th District,Jones,Santa Isabel;Dicamay I,,,Farm to Market Road Development Program,0.90,,12434340.74,2021,,Farm to Market Road Development Program,Project Group: Farm-to-Market Roads | Project Type: Farm-to-Market Road | Beneficiary: 
ABEMIS0551,Concreting of Brgy. Divinan FMR Phase 1,ABEMIS_FMR,Isabela,4th District,Jones,Divinan,,,Farm to Market Road Development Program,0.99,,11940000.00,2021,,Farm to Market Road Development Program,Project Group: Farm-to-Market Roads | Project Type: Farm-to-Market Road | Beneficiary: 
ABEMIS0552,CONCRETING OF BRGY. PIGGATAN FMR,ABEMIS_FMR,Cagayan,1st District,Alcala,Piggatan,,,Farm to Market Road Development Program,1.67,,19884989.89,2023,,Farm to Market Road Development Program,Project Group: Farm-to-Market Roads | Project Type: Farm-to-Market Road | Beneficiary: 
ABEMIS0553,Concreting of Brgy. Caquilingan FMR,ABEMIS_FMR,Isabela,4th District,Cordon,Caquilingan (San Luis),,,Farm to Market Road Development Program,0.99,,11939704.31,2021,,Farm to Market Road Development Program,Project Group: Farm-to-Market Roads | Project Type: Farm-to-Market Road | Beneficiary: 
ABEMIS0554,"CONCRETING OF BRGY. CALOG SUR TO BRGY. LIBERTAD FMR, ABULUG, CAGAYAN",ABEMIS_FMR,Cagayan,2nd District,Abulug,Calog Sur,,,Farm to Market Road Development Program,2.50,,29385985.04,2022,,Farm to Market Road Development Program,Project Group: Farm-to-Market Roads | Project Type: Farm-to-Market Road | Beneficiary: 
ABEMIS0555,"Concreting of Tablada ST. Interior Vallejo, Brgy. Nabuan FMR",ABEMIS_FMR,Isabela,4th District,City of Santiago,Nabbuan,,,Farm to Market Road Development Program,0.99,,11939998.48,2021,,Farm to Market Road Development Program,Project Group: Farm-to-Market Roads | Project Type: Farm-to-Market Road | Beneficiary: 
ABEMIS0556,CONCRETING OF BRGY. NAVAGAN FMR,ABEMIS_FMR,Cagayan,1st District,Aparri,Navagan,,,Farm to Market Road Development Program,1.67,,19890001.64,2023,,Farm to Market Road Development Program,Project Group: Farm-to-Market Roads | Project Type: Farm-to-Market Road | Beneficiary: 
ABEMIS0557,Concreting of Brgy. Barucboc FMR,ABEMIS_FMR,Isabela,5th District,Quezon,Barucboc Norte,,,Farm to Market Road Development Program,1.05,,12237304.90,2021,,Farm to Market Road Development Program,Project Group: Farm-to-Market Roads | Project Type: Farm-to-Market Road | Beneficiary: 
ABEMIS0558,Concreting of Brgy. Malalinta FMR,ABEMIS_FMR,Isabela,5th District,San Manuel,Malalinta,,,Farm to Market Road Development Program,0.84,,19767290.46,2021,,Farm to Market Road Development Program,Project Group: Farm-to-Market Roads | Project Type: Farm-to-Market Road | Beneficiary: 
ABEMIS0559,"CONCRETING OF BRGY. GUIDDAM TO BRGY. SAN AGUSTIN FMR , ABULUG, CAGAYAN",ABEMIS_FMR,Cagayan,2nd District,Abulug,Guiddam,,,Farm to Market Road Development Program,1.25,,14916074.76,2022,,Farm to Market Road Development Program,Project Group: Farm-to-Market Roads | Project Type: Farm-to-Market Road | Beneficiary: 
ABEMIS0560,Concreting of Brgy. Harana FMR,ABEMIS_FMR,Isabela,5th District,Luna,Harana,,,Farm to Market Road Development Program,1.31,,11834874.56,2021,,Farm to Market Road Development Program,Project Group: Farm-to-Market Roads | Project Type: Farm-to-Market Road | Beneficiary: 
ABEMIS0561,"Concreting of Nangauilian Farm-to-Market Road, Brgy. Mission, Santa Teresita, Cagayan",ABEMIS_FMR,Cagayan,1st District,Santa Teresita,Mission,,,Farm to Market Road Development Program,1.33,,19880000.00,2024,,Farm to Market Road Development Program,Project Group: Farm-to-Market Roads | Project Type: Farm-to-Market Road | Beneficiary: 
ABEMIS0562,CONCRETING OF SITIO NAVARRO TO BRGY. SAN ISIDRO FMR,ABEMIS_FMR,Quirino,Quirino,Diffun,San Isidro,,,Farm to Market Road Development Program,1.00,,11936696.89,2023,,Farm to Market Road Development Program,Project Group: Farm-to-Market Roads | Project Type: Farm-to-Market Road | Beneficiary: 
ABEMIS0563,Concreting of Centro 1 to San Ramon FMR,ABEMIS_FMR,Isabela,5th District,Mallig,Centro I (Pob.);San Ramon,,,Farm to Market Road Development Program,1.09,,44374513.52,2021,,Farm to Market Road Development Program,Project Group: Farm-to-Market Roads | Project Type: Farm-to-Market Road | Beneficiary: 
ABEMIS0564,Concreting of Brgy. Patanad to Brgy. Villaflor FMR,ABEMIS_FMR,Isabela,6th District,San Isidro,Patanad;Villaflor,,,Farm to Market Road Development Program,1.00,,12576796.24,2021,,Farm to Market Road Development Program,Project Group: Farm-to-Market Roads | Project Type: Farm-to-Market Road | Beneficiary: 
ABEMIS0565,"CONCRETING OF BRGY. SAN JULIAN FMR,ABULUG, CAGAYAN",ABEMIS_FMR,Cagayan,2nd District,Abulug,San Julian,,,Farm to Market Road Development Program,2.50,,29438223.50,2022,,Farm to Market Road Development Program,Project Group: Farm-to-Market Roads | Project Type: Farm-to-Market Road | Beneficiary: 
ABEMIS0566,"Concreting of Ganzano FMR Phase I, Brgy. Ganzano, Gattaran, Cagayan",ABEMIS_FMR,Cagayan,1st District,Gattaran,Ganzano,,,Farm to Market Road Development Program,1.00,,14916999.99,2024,,Farm to Market Road Development Program,Project Group: Farm-to-Market Roads | Project Type: Farm-to-Market Road | Beneficiary: 
ABEMIS0567,"Concreting of Brgy. Pinya FMR, Brgy. Pinya, Diadi, Nueva Vizcaya",ABEMIS_FMR,Nueva Vizcaya,Nueva Vizcaya,Diadi,Pinya,,,Farm to Market Road Development Program,1.00,,9950000.01,2024,,Farm to Market Road Development Program,Project Group: Farm-to-Market Roads | Project Type: Farm-to-Market Road | Beneficiary: 
ABEMIS0568,Concreting of Brgy. Cebu to Brgy. Rizal West FMR,ABEMIS_FMR,Isabela,6th District,City of Cauayan,Rizal,,,Farm to Market Road Development Program,1.00,,12318424.02,2021,,Farm to Market Road Development Program,Project Group: Farm-to-Market Roads | Project Type: Farm-to-Market Road | Beneficiary: 
ABEMIS0569,Concreting of Brgy. Rogus FMR,ABEMIS_FMR,Isabela,6th District,City of Cauayan,Rogus,,,Farm to Market Road Development Program,1.00,,11940000.00,2021,,Farm to Market Road Development Program,Project Group: Farm-to-Market Roads | Project Type: Farm-to-Market Road | Beneficiary: 
ABEMIS0570,CONCRETING/IMPROVEMENT OF BRGY. GOMEZ FMR,ABEMIS_FMR,Quirino,Quirino,Cabarroguis (Capital),Gomez,,,Farm to Market Road Development Program,1.00,,4921057.31,2023,,Farm to Market Road Development Program,Project Group: Farm-to-Market Roads | Project Type: Farm-to-Market Road | Beneficiary: 
ABEMIS0571,Concreting of Brgy. Labinab FMR,ABEMIS_FMR,Isabela,6th District,City of Cauayan,Labinab,,,Farm to Market Road Development Program,0.86,,11936131.97,2021,,Farm to Market Road Development Program,Project Group: Farm-to-Market Roads | Project Type: Farm-to-Market Road | Beneficiary: 
ABEMIS0572,"CONCRETING OF BRGY. FUGU TO SITIO CABAGGAOAN FMR,BALLESTEROS, CAGAYAN",ABEMIS_FMR,Cagayan,2nd District,Ballesteros,Fugu,,,Farm to Market Road Development Program,2.08,,24367923.09,2022,,Farm to Market Road Development Program,Project Group: Farm-to-Market Roads | Project Type: Farm-to-Market Road | Beneficiary: 
ABEMIS0573,CONCRETING/IMPROVEMENT OF BRGY. MANGANDINGAY FMR,ABEMIS_FMR,Quirino,Quirino,Cabarroguis (Capital),Mangandingay (Pob.),,,Farm to Market Road Development Program,1.00,,4972966.08,2023,,Farm to Market Road Development Program,Project Group: Farm-to-Market Roads | Project Type: Farm-to-Market Road | Beneficiary: 
ABEMIS0574,CONCRETING OF SAN MIGUEL FMR,ABEMIS_FMR,Cagayan,1st District,Baggao,San Miguel,,,Farm to Market Road Development Program,1.26,,12422506.78,2023,,Farm to Market Road Development Program,Project Group: Farm-to-Market Roads | Project Type: Farm-to-Market Road | Beneficiary: 
ABEMIS0575,CONCRETING OF TAGUMAY- PALAGAO SUR FMR,ABEMIS_FMR,Cagayan,1st District,Gattaran,Tagumay;Palagao Sur,,,Farm to Market Road Development Program,1.25,,14910000.01,2023,,Farm to Market Road Development Program,Project Group: Farm-to-Market Roads | Project Type: Farm-to-Market Road | Beneficiary: 
ABEMIS0576,CONCRETING OF BRGY. PALACIAN - BRGY. DIODOL FMR,ABEMIS_FMR,Quirino,Quirino,Aglipay,Palacian;Diodol,,,Farm to Market Road Development Program,1.04,,12435290.06,2023,,Farm to Market Road Development Program,Project Group: Farm-to-Market Roads | Project Type: Farm-to-Market Road | Beneficiary: 
ABEMIS0577,CONCRETING OF SAN JUAN- CALAPPAWAN FMR,ABEMIS_FMR,Cagayan,2nd District,Ballesteros,San Juan,,,Farm to Market Road Development Program,1.25,,14925000.00,2023,,Farm to Market Road Development Program,Project Group: Farm-to-Market Roads | Project Type: Farm-to-Market Road | Beneficiary: 
ABEMIS0578,CONCRETING/ IMPROVEMENT OF BRGY. SAN LEONARDO FMR,ABEMIS_FMR,Quirino,Quirino,Aglipay,San Leonardo (Cabarroguis),,,Farm to Market Road Development Program,1.00,,4972879.30,2023,,Farm to Market Road Development Program,Project Group: Farm-to-Market Roads | Project Type: Farm-to-Market Road | Beneficiary: 
ABEMIS0579,"CONCETING OF INNER CUBA,SITIO CUBA, BRGY. CALOG SUR- BRGY. SIMAYUNG FMR",ABEMIS_FMR,Cagayan,2nd District,Abulug,Calog Sur;Simayung,,,Farm to Market Road Development Program,1.25,,14924997.17,2023,,Farm to Market Road Development Program,Project Group: Farm-to-Market Roads | Project Type: Farm-to-Market Road | Beneficiary: 
ABEMIS0580,CONCRETING/IMPROVEMENT OF BRGY. LA PAZ FMR,ABEMIS_FMR,Quirino,Quirino,Saguday,La Paz,,,Farm to Market Road Development Program,1.00,,4972741.37,2023,,Farm to Market Road Development Program,Project Group: Farm-to-Market Roads | Project Type: Farm-to-Market Road | Beneficiary: 
ABEMIS0581,CONCRETING OF SAN JULIAN FMR,ABEMIS_FMR,Cagayan,2nd District,Abulug,San Julian,,,Farm to Market Road Development Program,1.00,,11726016.20,2023,,Farm to Market Road Development Program,Project Group: Farm-to-Market Roads | Project Type: Farm-to-Market Road | Beneficiary: 
ABEMIS0582,CONCRETING/ IMPROVEMENT OF BRGY. DUMABATO NORTE FMR,ABEMIS_FMR,Quirino,Quirino,Maddela,Dumabato Norte,,,Farm to Market Road Development Program,1.00,,4824737.67,2023,,Farm to Market Road Development Program,Project Group: Farm-to-Market Roads | Project Type: Farm-to-Market Road | Beneficiary: 
ABEMIS0583,CONCRETING OF BRGY. VIGA FMR,ABEMIS_FMR,Cagayan,2nd District,Lasam,Viga,,,Farm to Market Road Development Program,1.00,,11742816.77,2023,,Farm to Market Road Development Program,Project Group: Farm-to-Market Roads | Project Type: Farm-to-Market Road | Beneficiary: 
ABEMIS0584,CONCRETING OF ROMA SUR FMR,ABEMIS_FMR,Cagayan,3rd District,Enrile,Roma Sur,,,Farm to Market Road Development Program,1.25,,16055267.68,2023,,Farm to Market Road Development Program,Project Group: Farm-to-Market Roads | Project Type: Farm-to-Market Road | Beneficiary: 
ABEMIS0585,CONCRETING OF IRAGA FMR,ABEMIS_FMR,Cagayan,3rd District,Solana,Iraga,,,Farm to Market Road Development Program,1.25,,14823562.24,2023,,Farm to Market Road Development Program,Project Group: Farm-to-Market Roads | Project Type: Farm-to-Market Road | Beneficiary: 
ABEMIS0586,CONCRETING/IMPROVEMENT OF BRGY. VILLA GARCIA FMR,ABEMIS_FMR,Quirino,Quirino,Maddela,Villa Gracia,,,Farm to Market Road Development Program,1.00,,4821421.06,2023,,Farm to Market Road Development Program,Project Group: Farm-to-Market Roads | Project Type: Farm-to-Market Road | Beneficiary: 
ABEMIS0587,CONCRETING OF BRGY. CALINTAAN FMR,ABEMIS_FMR,Cagayan,3rd District,Amulung,Calintaan,,,Farm to Market Road Development Program,1.04,,12372738.82,2023,,Farm to Market Road Development Program,Project Group: Farm-to-Market Roads | Project Type: Farm-to-Market Road | Beneficiary: 
ABEMIS0588,"CONCRETING OF SITIO FUGONG MAIN ROAD, BRGY. SAN ANTONIO FMR",ABEMIS_FMR,Isabela,1st District,Cabagan,San Antonio,,,Farm to Market Road Development Program,1.08,,12901905.85,2023,,Farm to Market Road Development Program,Project Group: Farm-to-Market Roads | Project Type: Farm-to-Market Road | Beneficiary: 
ABEMIS0589,"CONCRETING OF SAN JUAN PROPER -FERRY STATION, BRGY. SAN JUAN FMR",ABEMIS_FMR,Isabela,1st District,Cabagan,San Juan,,,Farm to Market Road Development Program,1.67,,20497910.65,2023,,Farm to Market Road Development Program,Project Group: Farm-to-Market Roads | Project Type: Farm-to-Market Road | Beneficiary: 
ABEMIS0590,CONCRETING OF BRGY. STA. ISABEL- CARRIKIKAN FMR,ABEMIS_FMR,Isabela,1st District,Ilagan City (Capital),Santa Isabel Sur;Carikkikan Sur,,,Farm to Market Road Development Program,1.00,,11934859.28,2023,,Farm to Market Road Development Program,Project Group: Farm-to-Market Roads | Project Type: Farm-to-Market Road | Beneficiary: 
ABEMIS0591,CONCRETING OF BRGY. ARUSIP- CABANNUNGAN 2ND FMR,ABEMIS_FMR,Isabela,1st District,Ilagan City (Capital),Arusip;Cabannungan 2nd,,,Farm to Market Road Development Program,1.00,,11931709.75,2023,,Farm to Market Road Development Program,Project Group: Farm-to-Market Roads | Project Type: Farm-to-Market Road | Beneficiary: 
ABEMIS0592,"Concreting of Brgy. Bangatan FMR, Brgy. Bangatan, Gattaran, Cagayan",ABEMIS_FMR,Cagayan,1st District,Gattaran,Bangatan Ngagan,,,Farm to Market Road Development Program,1.00,,14914999.99,2024,,Farm to Market Road Development Program,Project Group: Farm-to-Market Roads | Project Type: Farm-to-Market Road | Beneficiary: 
ABEMIS0593,CONCRETING OF BRGY. ARUSIP - BAGONG SILANG FMR,ABEMIS_FMR,Isabela,1st District,Ilagan City (Capital),Arusip;Bagong Silang,,,Farm to Market Road Development Program,1.00,,11930783.03,2023,,Farm to Market Road Development Program,Project Group: Farm-to-Market Roads | Project Type: Farm-to-Market Road | Beneficiary: 
ABEMIS0594,CONCRETING OF BRGY. GUILINGAN-IBUJAN FMR,ABEMIS_FMR,Isabela,2nd District,San Mariano,Ibujan,,,Farm to Market Road Development Program,2.50,,29849964.32,2023,,Farm to Market Road Development Program,Project Group: Farm-to-Market Roads | Project Type: Farm-to-Market Road | Beneficiary: 
ABEMIS0595,"Concreting of Brgy. Labben FMR and Brgy. Utan FMR, Allacapan, Cagayan",ABEMIS_FMR,Cagayan,2nd District,Allacapan,Labben,,,Farm to Market Road Development Program,1.00,,65049555.46,2024,,Farm to Market Road Development Program,Project Group: Farm-to-Market Roads | Project Type: Farm-to-Market Road | Beneficiary: 
ABEMIS0596,"Concreting of Brgy. Casibarag Norte FMR, Brgy. Casibarag Norte, Cabagan, Isabela",ABEMIS_FMR,Isabela,1st District,Cabagan,Casibarag Norte,,,Farm to Market Road Development Program,1.00,,14919428.50,2024,,Farm to Market Road Development Program,Project Group: Farm-to-Market Roads | Project Type: Farm-to-Market Road | Beneficiary: 
ABEMIS0597,CONCRETING OF BRGY. NAGBACALAN FMR,ABEMIS_FMR,Isabela,3rd District,Ramon,Nagbacalan,,,Farm to Market Road Development Program,0.83,,9939400.45,2023,,Farm to Market Road Development Program,Project Group: Farm-to-Market Roads | Project Type: Farm-to-Market Road | Beneficiary: 
ABEMIS0598,CONCRETING OF BRGY. RIZAL ( SITIO MARINIT) FMR,ABEMIS_FMR,Isabela,3rd District,Alicia,Rizal,,,Farm to Market Road Development Program,0.83,,9939946.79,2023,,Farm to Market Road Development Program,Project Group: Farm-to-Market Roads | Project Type: Farm-to-Market Road | Beneficiary: 
ABEMIS0599,"Concreting of Sitio Alibagu, Brgy. Tallag FMR, Brgy. Tallag, Cabagan, Isabela",ABEMIS_FMR,Isabela,1st District,Cabagan,Tallag,,,Farm to Market Road Development Program,1.00,,14919023.20,2024,,Farm to Market Road Development Program,Project Group: Farm-to-Market Roads | Project Type: Farm-to-Market Road | Beneficiary: 
ABEMIS0600,CONCRETING OF BRGY. NUEVA ERA FMR,ABEMIS_FMR,Isabela,3rd District,Cabatuan,Nueva Era,,,Farm to Market Road Development Program,0.83,,9939835.46,2023,,Farm to Market Road Development Program,Project Group: Farm-to-Market Roads | Project Type: Farm-to-Market Road | Beneficiary: 
ABEMIS0601,"CONCRETING OF PADAPAD SWIP, BRGY. MINAGBAG FMR",ABEMIS_FMR,Isabela,5th District,Quezon,Minagbag,,,Farm to Market Road Development Program,1.67,,19829823.64,2023,,Farm to Market Road Development Program,Project Group: Farm-to-Market Roads | Project Type: Farm-to-Market Road | Beneficiary: 
ABEMIS0602,CONCRETING OF BRGY. SAN MATEO- SAN ISIDRO FMR,ABEMIS_FMR,Isabela,5th District,Quirino,San Mateo;San Isidro,,,Farm to Market Road Development Program,1.92,,22541698.67,2023,,Farm to Market Road Development Program,Project Group: Farm-to-Market Roads | Project Type: Farm-to-Market Road | Beneficiary: 
ABEMIS0603,"Concreting of Brgy. Minanga Sur FMR, Brgy. Minanga Sur, Lasam, Cagayan",ABEMIS_FMR,Cagayan,2nd District,Lasam,Minanga Sur,,,Farm to Market Road Development Program,0.67,,9734199.56,2024,,Farm to Market Road Development Program,Project Group: Farm-to-Market Roads | Project Type: Farm-to-Market Road | Beneficiary: 
ABEMIS0604,CONCRETING OF BRGY. PAG-ASA- AROMIN FMR,ABEMIS_FMR,Isabela,6th District,Echague,Pag-asa;Aromin,,,Farm to Market Road Development Program,1.25,,14924732.91,2023,,Farm to Market Road Development Program,Project Group: Farm-to-Market Roads | Project Type: Farm-to-Market Road | Beneficiary: 
ABEMIS0605,CONCRETING OF BRGY. DIASAN FMR,ABEMIS_FMR,Isabela,6th District,Echague,Diasan,,,Farm to Market Road Development Program,0.83,,9800890.13,2023,,Farm to Market Road Development Program,Project Group: Farm-to-Market Roads | Project Type: Farm-to-Market Road | Beneficiary: 
ABEMIS0606,CONCRETING OF BRGY. SAN RAFAEL - VILLA ROSE FMR,ABEMIS_FMR,Isabela,6th District,San Guillermo,San Rafael;Villa Rose,,,Farm to Market Road Development Program,1.25,,14700990.90,2023,,Farm to Market Road Development Program,Project Group: Farm-to-Market Roads | Project Type: Farm-to-Market Road | Beneficiary: 
ABEMIS0607,CONCRETING OF BRGY. SAN MARTIN FMR,ABEMIS_FMR,Quirino,Quirino,Maddela,San Martin,,,Farm to Market Road Development Program,1.00,,9945193.12,2023,,Farm to Market Road Development Program,Project Group: Farm-to-Market Roads | Project Type: Farm-to-Market Road | Beneficiary: 
ABEMIS0608,CONCRETING OF BRGY. MAGSAYSAY HILS FMR,ABEMIS_FMR,Nueva Vizcaya,Nueva Vizcaya,Bambang,Magsaysay Hills,,,Farm to Market Road Development Program,0.83,,8817421.37,2023,,Farm to Market Road Development Program,Project Group: Farm-to-Market Roads | Project Type: Farm-to-Market Road | Beneficiary: 
ABEMIS0609,"CONCRETING OF BRGY. CALAOCAN, CABARROGUIS - BRGY. MACATE, DIFFUN FMR",ABEMIS_FMR,Quirino,Quirino,Cabarroguis (Capital),Calaocan,,,Farm to Market Road Development Program,1.00,,9647685.69,2023,,Farm to Market Road Development Program,Project Group: Farm-to-Market Roads | Project Type: Farm-to-Market Road | Beneficiary: 
ABEMIS0610,"Concreting of Fulay-Alejon-Pillos FMR, Brgy. Centro Sur, Alcala, Cagayan",ABEMIS_FMR,Cagayan,1st District,Alcala,Centro Sur (Pob.),,,Farm to Market Road Development Program,1.00,,14914886.03,2024,,Farm to Market Road Development Program,Project Group: Farm-to-Market Roads | Project Type: Farm-to-Market Road | Beneficiary: 
ABEMIS0611,CONCRETING OF BRGY. VILLA FLORENTINO - BRGY. VILLA AURORA FMR,ABEMIS_FMR,Nueva Vizcaya,Nueva Vizcaya,Diadi,Villa Florentino;Villa Aurora,,,Farm to Market Road Development Program,1.00,,11940000.00,2023,,Farm to Market Road Development Program,Project Group: Farm-to-Market Roads | Project Type: Farm-to-Market Road | Beneficiary: 
ABEMIS0612,CONCRETING OF BRGY. BONE SOUTH FMR,ABEMIS_FMR,Nueva Vizcaya,Nueva Vizcaya,Aritao,Bone South,,,Farm to Market Road Development Program,1.00,,11893116.39,2023,,Farm to Market Road Development Program,Project Group: Farm-to-Market Roads | Project Type: Farm-to-Market Road | Beneficiary: 
ABEMIS0613,"Concerting of Lucban-Maquire FMR, Brgy. Lucban, Abulug, Cagayan",ABEMIS_FMR,Cagayan,2nd District,Abulug,Lucban,,,Farm to Market Road Development Program,1.00,,14855402.34,2024,,Farm to Market Road Development Program,Project Group: Farm-to-Market Roads | Project Type: Farm-to-Market Road | Beneficiary: 
ABEMIS0614,"Concreting of Malannit FMR (Phase II), Brgy. Malannit, Jones, Isabela",ABEMIS_FMR,Isabela,4th District,Jones,Malannit,,,Farm to Market Road Development Program,0.67,,9850623.22,2024,,Farm to Market Road Development Program,Project Group: Farm-to-Market Roads | Project Type: Farm-to-Market Road | Beneficiary: 
ABEMIS0615,"Concreting of Brgy. Tanggal FMR, Brgy. Tanggal, Cordon, Isabela",ABEMIS_FMR,Isabela,4th District,Cordon,Tanggal,,,Farm to Market Road Development Program,1.00,,14922972.47,2024,,Farm to Market Road Development Program,Project Group: Farm-to-Market Roads | Project Type: Farm-to-Market Road | Beneficiary: 
ABEMIS0616,"CONCRETING OF SITIO NANABUAN, BRGY. ZITANGA FMR",ABEMIS_FMR,Cagayan,2nd District,Ballesteros,Zitanga,,,Farm to Market Road Development Program,1.00,,11940000.00,2023,,Farm to Market Road Development Program,Project Group: Farm-to-Market Roads | Project Type: Farm-to-Market Road | Beneficiary: 
ABEMIS0617,CONCRETING OF BRGY. SAN AGUSTIN FMR,ABEMIS_FMR,Cagayan,2nd District,Abulug,San Agustin,,,Farm to Market Road Development Program,1.25,,14775807.30,2023,,Farm to Market Road Development Program,Project Group: Farm-to-Market Roads | Project Type: Farm-to-Market Road | Beneficiary: 
ABEMIS0618,CONCRETING OF BRGY. GUIDDAM FMR,ABEMIS_FMR,Cagayan,2nd District,Abulug,Guiddam,,,Farm to Market Road Development Program,1.75,,20895000.16,2023,,Farm to Market Road Development Program,Project Group: Farm-to-Market Roads | Project Type: Farm-to-Market Road | Beneficiary: 
ABEMIS0619,"Concreting of Brgy. Barsat West FMR, Brgy. Barsat West, Baggao, Cagayan",ABEMIS_FMR,Cagayan,1st District,Baggao,Barsat West,,,Farm to Market Road Development Program,0.33,,4964882.34,2024,,Farm to Market Road Development Program,Project Group: Farm-to-Market Roads | Project Type: Farm-to-Market Road | Beneficiary: 
ABEMIS0620,CONCRETINGOF BRGY. SANTA ROSA FMR,ABEMIS_FMR,Cagayan,2nd District,Abulug,Santa Rosa,,,Farm to Market Road Development Program,1.25,,14730944.97,2023,,Farm to Market Road Development Program,Project Group: Farm-to-Market Roads | Project Type: Farm-to-Market Road | Beneficiary: 
ABEMIS0621,CONCRETING OF BRGY. SANTO TOMAS FMR,ABEMIS_FMR,Cagayan,2nd District,Abulug,Santo Tomas,,,Farm to Market Road Development Program,1.25,,14730791.24,2023,,Farm to Market Road Development Program,Project Group: Farm-to-Market Roads | Project Type: Farm-to-Market Road | Beneficiary: 
ABEMIS0622,CONCRETING OF BRGY. STA. CRUZ FMR,ABEMIS_FMR,Cagayan,2nd District,Pamplona,Santa Cruz,,,Farm to Market Road Development Program,1.00,,11890000.00,2023,,Farm to Market Road Development Program,Project Group: Farm-to-Market Roads | Project Type: Farm-to-Market Road | Beneficiary: 
ABEMIS0623,"Concreting of Sitio Binag to Sitio Gassug, Brgy. San Antonio FMR, Brgy. San Antonio,Cabagan, Isabela",ABEMIS_FMR,Isabela,1st District,Cabagan,San Antonio,,,Farm to Market Road Development Program,0.67,,9944871.50,2024,,Farm to Market Road Development Program,Project Group: Farm-to-Market Roads | Project Type: Farm-to-Market Road | Beneficiary: 
ABEMIS0624,CONCRETING OF PATA EAST FMR,ABEMIS_FMR,Cagayan,2nd District,Claveria,Pata East,,,Farm to Market Road Development Program,1.00,,11850977.43,2023,,Farm to Market Road Development Program,Project Group: Farm-to-Market Roads | Project Type: Farm-to-Market Road | Beneficiary: 
ABEMIS0625,"Concreting of Brgy. Bitag Grande FMR, Brgy. Bitag Grande, Baggao, Cagayan",ABEMIS_FMR,Cagayan,1st District,Baggao,Bitag Grande,,,Farm to Market Road Development Program,1.00,,14914858.16,2024,,Farm to Market Road Development Program,Project Group: Farm-to-Market Roads | Project Type: Farm-to-Market Road | Beneficiary: 
ABEMIS0626,"Concreting of Sitio Lubac, Brgy. San Vicente Fmr, Brgy. San Vicente, Sta. Ana",ABEMIS_FMR,Cagayan,1st District,Santa Ana,San Vicente (Fort),,,Farm to Market Road Development Program,1.15,,8874120.66,2021,,Farm to Market Road Development Program,Project Group: Farm-to-Market Roads | Project Type: Farm-to-Market Road | Beneficiary: 
ABEMIS0627,"Concreting of Brgy. Fermeldy to Brgy. Santa FMR, Brgy. Fermeldy and Brgy. Santa, Tumauini, Isabela",ABEMIS_FMR,Isabela,1st District,Tumauini,Fermeldy (Hcda. San Francisco);Santa,,,Farm to Market Road Development Program,1.00,,14919500.85,2024,,Farm to Market Road Development Program,Project Group: Farm-to-Market Roads | Project Type: Farm-to-Market Road | Beneficiary: 
ABEMIS0628,Concreting of Brgy. Dana-ili to San Julian FMR,ABEMIS_FMR,Cagayan,2nd District,Abulug,Dana-Ili;San Julian,,,Farm to Market Road Development Program,3.57,,49750752.68,2021,,Farm to Market Road Development Program,Project Group: Farm-to-Market Roads | Project Type: Farm-to-Market Road | Beneficiary: 
ABEMIS0629,"CONCRETING OF SITIO KAPAN-AWAN, BRGY. PATA WEST FMR",ABEMIS_FMR,Cagayan,2nd District,Claveria,Pata West,,,Farm to Market Road Development Program,1.00,,11850977.43,2023,,Farm to Market Road Development Program,Project Group: Farm-to-Market Roads | Project Type: Farm-to-Market Road | Beneficiary: 
ABEMIS0630,"Concreting of Brgy. Sta. Filomena, Abulug to Brgy. Cabaritan West, Ballesteros FMR, Cagayan",ABEMIS_FMR,Cagayan,2nd District,Abulug,Santa Filomena,,,Farm to Market Road Development Program,1.00,,14745852.42,2024,,Farm to Market Road Development Program,Project Group: Farm-to-Market Roads | Project Type: Farm-to-Market Road | Beneficiary: 
ABEMIS0631,CONCRETING OF BRGY. DIBALIO FMR,ABEMIS_FMR,Cagayan,2nd District,Claveria,Dibalio,,,Farm to Market Road Development Program,1.00,,11640978.78,2023,,Farm to Market Road Development Program,Project Group: Farm-to-Market Roads | Project Type: Farm-to-Market Road | Beneficiary: 
ABEMIS0632,CONCRETING OF BRGY. LUZON FMR,ABEMIS_FMR,Cagayan,2nd District,Claveria,Luzon,,,Farm to Market Road Development Program,1.00,,11940000.45,2023,,Farm to Market Road Development Program,Project Group: Farm-to-Market Roads | Project Type: Farm-to-Market Road | Beneficiary: 
ABEMIS0633,CONCRETING OF BRGY. MALILITAO- BRGY. MAPULA-PULA FMR,ABEMIS_FMR,Cagayan,2nd District,Claveria,Malilitao;Bacsay Mapulapula,,,Farm to Market Road Development Program,1.00,,11699615.54,2023,,Farm to Market Road Development Program,Project Group: Farm-to-Market Roads | Project Type: Farm-to-Market Road | Beneficiary: 
ABEMIS0634,"Concreting of Zitanga-Nararagan FMR, Brgy. Zitanga, Ballesteros, Cagayan",ABEMIS_FMR,Cagayan,2nd District,Ballesteros,Zitanga,,,Farm to Market Road Development Program,1.00,,14745886.90,2024,,Farm to Market Road Development Program,Project Group: Farm-to-Market Roads | Project Type: Farm-to-Market Road | Beneficiary: 
ABEMIS0635,Concreting of Brgy. Sta. Rosa FMR,ABEMIS_FMR,Cagayan,2nd District,Abulug,Santa Rosa,,,Farm to Market Road Development Program,2.00,,23348462.92,2021,,Farm to Market Road Development Program,Project Group: Farm-to-Market Roads | Project Type: Farm-to-Market Road | Beneficiary: 
ABEMIS0636,CONCRETING OF BRGY. CADCADIR WEST FMR,ABEMIS_FMR,Cagayan,2nd District,Claveria,Cadcadir West,,,Farm to Market Road Development Program,1.00,,11820617.60,2023,,Farm to Market Road Development Program,Project Group: Farm-to-Market Roads | Project Type: Farm-to-Market Road | Beneficiary: 
ABEMIS0637,"Concreting of Sitio Cuba, Brgy. Calog Sur FMR",ABEMIS_FMR,Cagayan,2nd District,Abulug,Calog Sur,,,Farm to Market Road Development Program,1.00,,11893654.26,2021,,Farm to Market Road Development Program,Project Group: Farm-to-Market Roads | Project Type: Farm-to-Market Road | Beneficiary: 
ABEMIS0638,CONCRETING OF BRGY.BACSAY CATARAOAN NORTE- BRGY. BACSAY CATARAOAN SUR FMR,ABEMIS_FMR,Cagayan,2nd District,Claveria,Bacsay Cataraoan Norte;Bacsay Cataraoan Sur,,,Farm to Market Road Development Program,1.00,,11940037.54,2023,,Farm to Market Road Development Program,Project Group: Farm-to-Market Roads | Project Type: Farm-to-Market Road | Beneficiary: 
ABEMIS0639,CONCRETING OF BRGY. KILKILING FMR,ABEMIS_FMR,Cagayan,2nd District,Claveria,Kilkiling,,,Farm to Market Road Development Program,1.00,,11796739.71,2023,,Farm to Market Road Development Program,Project Group: Farm-to-Market Roads | Project Type: Farm-to-Market Road | Beneficiary: 
ABEMIS0640,"Concreting of Brgy. Burgos FMR, Brgy. Burgos, Naguilian, Isabela",ABEMIS_FMR,Isabela,2nd District,Naguilian,Burgos,,,Farm to Market Road Development Program,1.00,,14907526.41,2024,,Farm to Market Road Development Program,Project Group: Farm-to-Market Roads | Project Type: Farm-to-Market Road | Beneficiary: 
ABEMIS0641,CONCRETING OF BRGY. UBONG SOLANA FMR- BRGY. SAN ANTONIO ENRILE FMR,ABEMIS_FMR,Cagayan,3rd District,Solana,Ubong;Andarayan North,,,Farm to Market Road Development Program,1.25,,14770621.45,2023,,Farm to Market Road Development Program,Project Group: Farm-to-Market Roads | Project Type: Farm-to-Market Road | Beneficiary: 
ABEMIS0642,"Concreting of Brgy. Burgos, Section II FMR , Brgy. Burgos, Naguilian, Isabela",ABEMIS_FMR,Isabela,2nd District,Naguilian,Burgos,,,Farm to Market Road Development Program,0.67,,9940029.12,2024,,Farm to Market Road Development Program,Project Group: Farm-to-Market Roads | Project Type: Farm-to-Market Road | Beneficiary: 
ABEMIS0643,CONCRETING OF BRGY. ANGANCASILIAN - BRGY. ANNANUMAN FMR,ABEMIS_FMR,Isabela,1st District,Cabagan,Angancasilian,,,Farm to Market Road Development Program,1.00,,11933839.35,2023,,Farm to Market Road Development Program,Project Group: Farm-to-Market Roads | Project Type: Farm-to-Market Road | Beneficiary: 
ABEMIS0644,"Concreting of Brgy. Disulap to Dibuluan FMR, Brgy. Disulap, San Mariano, Isabela",ABEMIS_FMR,Isabela,2nd District,San Mariano,Disulap;Dibuluan,,,Farm to Market Road Development Program,0.67,,9944056.32,2024,,Farm to Market Road Development Program,Project Group: Farm-to-Market Roads | Project Type: Farm-to-Market Road | Beneficiary: 
ABEMIS0645,CONCRETING OF BRGY. CARMENCITA FMR,ABEMIS_FMR,Isabela,1st District,Delfin Albano (Magsaysay),Carmencita,,,Farm to Market Road Development Program,1.00,,0.00,2023,,Farm to Market Road Development Program,Project Group: Farm-to-Market Roads | Project Type: Farm-to-Market Road | Beneficiary: 
ABEMIS0646,"Concreting of Brgy. Dicamay to Guilingan FMR, Brgy. Dicamay, San Mariano, Isabela",ABEMIS_FMR,Isabela,2nd District,San Mariano,Dicamay;Dicamay,,,Farm to Market Road Development Program,0.67,,9939262.40,2024,,Farm to Market Road Development Program,Project Group: Farm-to-Market Roads | Project Type: Farm-to-Market Road | Beneficiary: 
ABEMIS0647,CONCRETING OF BRGY. PASA FMR,ABEMIS_FMR,Isabela,1st District,Ilagan City (Capital),Pasa,,,Farm to Market Road Development Program,1.00,,11931757.07,2023,,Farm to Market Road Development Program,Project Group: Farm-to-Market Roads | Project Type: Farm-to-Market Road | Beneficiary: 
ABEMIS0648,"Concreting of Brgy. Buyasan to Cadsalan FMR, Brgy. Buyasan, San Mariano, Isabela",ABEMIS_FMR,Isabela,2nd District,San Mariano,Buyasan;Cadsalan,,,Farm to Market Road Development Program,0.67,,9940041.12,2024,,Farm to Market Road Development Program,Project Group: Farm-to-Market Roads | Project Type: Farm-to-Market Road | Beneficiary: 
ABEMIS0649,Concreting of Brgy. Allig Valley FMR,ABEMIS_FMR,Cagayan,2nd District,Ballesteros,Mabuttal East;Baran,,,Farm to Market Road Development Program,1.44,,25676862.02,2021,,Farm to Market Road Development Program,Project Group: Farm-to-Market Roads | Project Type: Farm-to-Market Road | Beneficiary: 
ABEMIS0650,CONCRETING OF BRGY. SAN IGNACIO FMR,ABEMIS_FMR,Isabela,1st District,Ilagan City (Capital),San Ignacio (Canapi),,,Farm to Market Road Development Program,0.50,,5964898.35,2023,,Farm to Market Road Development Program,Project Group: Farm-to-Market Roads | Project Type: Farm-to-Market Road | Beneficiary: 
ABEMIS0651,"Concreting of Brgy. Villa Miemban FMR, Brgy. Villa Miemban, Cordon, Isabela",ABEMIS_FMR,Isabela,4th District,Cordon,Villamiemban,,,Farm to Market Road Development Program,0.67,,9844535.33,2024,,Farm to Market Road Development Program,Project Group: Farm-to-Market Roads | Project Type: Farm-to-Market Road | Beneficiary: 
ABEMIS0652,Concreting of Brgy. Dana-ili FMR,ABEMIS_FMR,Cagayan,2nd District,Abulug,Dana-Ili,,,Farm to Market Road Development Program,1.58,,11472103.25,2021,,Farm to Market Road Development Program,Project Group: Farm-to-Market Roads | Project Type: Farm-to-Market Road | Beneficiary: 
ABEMIS0653,CONCRETING OF BRGY. VILLABUENA FMR,ABEMIS_FMR,Isabela,1st District,Santa Maria,Villabuena,,,Farm to Market Road Development Program,2.08,,24868013.55,2023,,Farm to Market Road Development Program,Project Group: Farm-to-Market Roads | Project Type: Farm-to-Market Road | Beneficiary: 
ABEMIS0654,"Concreting of Brgy. Arubub FMR, Brgy. Arubub, Jones, Isabela",ABEMIS_FMR,Isabela,4th District,Jones,Arubub,,,Farm to Market Road Development Program,0.67,,9861943.23,2024,,Farm to Market Road Development Program,Project Group: Farm-to-Market Roads | Project Type: Farm-to-Market Road | Beneficiary: 
ABEMIS0655,Concreting of Brgy. Sto. Niño to Brgy. Malilitao FMR,ABEMIS_FMR,Cagayan,2nd District,Claveria,Santo Ni?o (Barbarnis);Malilitao,,,Farm to Market Road Development Program,1.08,,12813099.67,2021,,Farm to Market Road Development Program,Project Group: Farm-to-Market Roads | Project Type: Farm-to-Market Road | Beneficiary: 
ABEMIS0656,CONCRETING OF BRGY. SAN ANTONIO FMR,ABEMIS_FMR,Isabela,1st District,Santa Maria,San Antonio,,,Farm to Market Road Development Program,1.00,,11936013.53,2023,,Farm to Market Road Development Program,Project Group: Farm-to-Market Roads | Project Type: Farm-to-Market Road | Beneficiary: 
ABEMIS0657,"Concreting of Holy Friday - Maligaya FMR, Brgy. Holy Friday and Brgy. Maligaya, Mallig, Isabela",ABEMIS_FMR,Isabela,5th District,Mallig,Holy Friday;Maligaya,,,Farm to Market Road Development Program,1.22,,14918251.23,2024,,Farm to Market Road Development Program,Project Group: Farm-to-Market Roads | Project Type: Farm-to-Market Road | Beneficiary: 
ABEMIS0658,CONCRETING OF BRGY. LINGALING FMR,ABEMIS_FMR,Isabela,1st District,Santa Maria,Lingaling,,,Farm to Market Road Development Program,1.00,,11935963.64,2023,,Farm to Market Road Development Program,Project Group: Farm-to-Market Roads | Project Type: Farm-to-Market Road | Beneficiary: 
ABEMIS0659,"Concreting of Brgy. Turod FMR, Brgy. Turod, Quezon, Isabela",ABEMIS_FMR,Isabela,5th District,Quezon,Turod,,,Farm to Market Road Development Program,1.00,,14918290.66,2024,,Farm to Market Road Development Program,Project Group: Farm-to-Market Roads | Project Type: Farm-to-Market Road | Beneficiary: 
ABEMIS0660,CONCRETING OF BRGY. MACAYUCAYU- BRGY. IBUJAN FMR,ABEMIS_FMR,Isabela,2nd District,San Mariano,Macayucayu;Ibujan,,,Farm to Market Road Development Program,1.04,,12437478.52,2023,,Farm to Market Road Development Program,Project Group: Farm-to-Market Roads | Project Type: Farm-to-Market Road | Beneficiary: 
ABEMIS0661,"Concreting of Brgy. Dappig FMR, Brgy. Dappig, San Agustin, Isabela",ABEMIS_FMR,Isabela,4th District,San Agustin,Dappig,,,Farm to Market Road Development Program,0.67,,9895875.94,2024,,Farm to Market Road Development Program,Project Group: Farm-to-Market Roads | Project Type: Farm-to-Market Road | Beneficiary: 
ABEMIS0662,CONCRETING OF BRGY. IBUJAN- JUNCTION FMR,ABEMIS_FMR,Isabela,2nd District,San Mariano,Ibujan,,,Farm to Market Road Development Program,1.04,,12375391.64,2023,,Farm to Market Road Development Program,Project Group: Farm-to-Market Roads | Project Type: Farm-to-Market Road | Beneficiary: 
ABEMIS0663,"Concreting of Brgy. Simanu Norte FMR, Brgy. Simanu Norte, San Pablo, Isabela",ABEMIS_FMR,Isabela,1st District,San Pablo,Simanu Norte,,,Farm to Market Road Development Program,0.67,,9944821.90,2024,,Farm to Market Road Development Program,Project Group: Farm-to-Market Roads | Project Type: Farm-to-Market Road | Beneficiary: 
ABEMIS0664,Concreting of Usol FMR,ABEMIS_FMR,Isabela,4th District,Jones,Usol,,,Farm to Market Road Development Program,1.00,,9952000.00,2015,,Farm to Market Road Development Program,Project Group: Farm-to-Market Roads | Project Type: Farm-to-Market Road | Beneficiary: 
ABEMIS0665,"CONCRETING OF SITIO TABUNGAO, FLUORISHING FMR",ABEMIS_FMR,Cagayan,1st District,Gonzaga,Flourishing (Pob.),,,Farm to Market Road Development Program,0.71,,5850600.00,2018,,Farm to Market Road Development Program,Project Group: Farm-to-Market Roads | Project Type: Farm-to-Market Road | Beneficiary: 
ABEMIS0666,Concreting of Sta. Isabel FMR,ABEMIS_FMR,Isabela,4th District,Jones,Santa Isabel,,,Farm to Market Road Development Program,1.36,,14980000.00,2015,,Farm to Market Road Development Program,Project Group: Farm-to-Market Roads | Project Type: Farm-to-Market Road | Beneficiary: 
ABEMIS0667,Construction of Felipe Tuzon FMR,ABEMIS_FMR,Cagayan,1st District,Camalaniugan,Dammang Sur (Felipe Tuzon),,,Farm to Market Road Development Program,0.50,,2985000.00,2015,,Farm to Market Road Development Program,Project Group: Farm-to-Market Roads | Project Type: Farm-to-Market Road | Beneficiary: 
ABEMIS0668,"Concreting of Dahyaya to Puspos, Poblacion FMR",ABEMIS_FMR,Nueva Vizcaya,Nueva Vizcaya,Ambaguio,Poblacion,,,Farm to Market Road Development Program,0.15,,1990000.00,2015,,Farm to Market Road Development Program,Project Group: Farm-to-Market Roads | Project Type: Farm-to-Market Road | Beneficiary: 
ABEMIS0669,Concreting of Navagan FMRq,ABEMIS_FMR,Cagayan,1st District,Aparri,Navagan,,,Farm to Market Road Development Program,0.57,,3980000.00,2015,,Farm to Market Road Development Program,Project Group: Farm-to-Market Roads | Project Type: Farm-to-Market Road | Beneficiary: 
ABEMIS0670,Concreting of Comon to Gasajas FMR,ABEMIS_FMR,Nueva Vizcaya,Nueva Vizcaya,Aritao,Comon,,,Farm to Market Road Development Program,0.26,,1990000.00,2015,,Farm to Market Road Development Program,Project Group: Farm-to-Market Roads | Project Type: Farm-to-Market Road | Beneficiary: 
ABEMIS0671,Concretingof Bisagu FMR,ABEMIS_FMR,Cagayan,1st District,Aparri,Bisagu,,,Farm to Market Road Development Program,0.30,,2487500.00,2015,,Farm to Market Road Development Program,Project Group: Farm-to-Market Roads | Project Type: Farm-to-Market Road | Beneficiary: 
ABEMIS0672,"Concreting of Purok 4, Abian FMR",ABEMIS_FMR,Nueva Vizcaya,Nueva Vizcaya,Bambang,Abian,,,Farm to Market Road Development Program,0.42,,1990000.00,2015,,Farm to Market Road Development Program,Project Group: Farm-to-Market Roads | Project Type: Farm-to-Market Road | Beneficiary: 
ABEMIS0673,Concreting of of Maura to Gaddang FMR,ABEMIS_FMR,Cagayan,1st District,Aparri,Maura,,,Farm to Market Road Development Program,0.24,,2487500.00,2015,,Farm to Market Road Development Program,Project Group: Farm-to-Market Roads | Project Type: Farm-to-Market Road | Beneficiary: 
ABEMIS0674,Concreting of Aliaga Proper to Highway FMR,ABEMIS_FMR,Nueva Vizcaya,Nueva Vizcaya,Bambang,Aliaga,,,Farm to Market Road Development Program,0.33,,1990000.00,2015,,Farm to Market Road Development Program,Project Group: Farm-to-Market Roads | Project Type: Farm-to-Market Road | Beneficiary: 
ABEMIS0675,Concreting of Mabuno FMR,ABEMIS_FMR,Cagayan,1st District,Gattaran,Mabuno,,,Farm to Market Road Development Program,0.35,,2985000.00,2015,,Farm to Market Road Development Program,Project Group: Farm-to-Market Roads | Project Type: Farm-to-Market Road | Beneficiary: 
ABEMIS0676,"Concreting of Purok 4, Pallas FMR",ABEMIS_FMR,Nueva Vizcaya,Nueva Vizcaya,Bambang,Pallas,,,Farm to Market Road Development Program,0.35,,1990000.00,2015,,Farm to Market Road Development Program,Project Group: Farm-to-Market Roads | Project Type: Farm-to-Market Road | Beneficiary: 
ABEMIS0677,"Concreting of Purok 2, San Antonio NOrth FMR",ABEMIS_FMR,Nueva Vizcaya,Nueva Vizcaya,Bambang,San Antonio North,,,Farm to Market Road Development Program,0.44,,1990000.00,2015,,Farm to Market Road Development Program,Project Group: Farm-to-Market Roads | Project Type: Farm-to-Market Road | Beneficiary: 
ABEMIS0678,Concreting of Afusing Bato to Pacac Pequeño FMR,ABEMIS_FMR,Cagayan,1st District,Alcala,Afusing Bato,,,Farm to Market Road Development Program,0.50,,3980000.00,2015,,Farm to Market Road Development Program,Project Group: Farm-to-Market Roads | Project Type: Farm-to-Market Road | Beneficiary: 
ABEMIS0679,"Concreting of Sitio Kalongkong, Buenavista FMR",ABEMIS_FMR,Nueva Vizcaya,Nueva Vizcaya,Bayombong (Capital),Buenavista (Vista Hills),,,Farm to Market Road Development Program,0.39,,1990000.00,2015,,Farm to Market Road Development Program,Project Group: Farm-to-Market Roads | Project Type: Farm-to-Market Road | Beneficiary: 
ABEMIS0680,Concreting of Duruarog FMR,ABEMIS_FMR,Nueva Vizcaya,Nueva Vizcaya,Diadi,Duruarog,,,Farm to Market Road Development Program,0.40,,1990000.00,2015,,Farm to Market Road Development Program,Project Group: Farm-to-Market Roads | Project Type: Farm-to-Market Road | Beneficiary: 
ABEMIS0681,Concreting of Hacienda Intal to marus FMR,ABEMIS_FMR,Cagayan,1st District,Baggao,Hacienda Intal,,,Farm to Market Road Development Program,0.41,,2985000.00,2015,,Farm to Market Road Development Program,Project Group: Farm-to-Market Roads | Project Type: Farm-to-Market Road | Beneficiary: 
ABEMIS0682,Concreting of Balete FMR,ABEMIS_FMR,Nueva Vizcaya,Nueva Vizcaya,Diadi,Balete,,,Farm to Market Road Development Program,0.32,,1990000.00,2015,,Farm to Market Road Development Program,Project Group: Farm-to-Market Roads | Project Type: Farm-to-Market Road | Beneficiary: 
ABEMIS0683,"Concreting of Mantata, Macabange FMR",ABEMIS_FMR,Nueva Vizcaya,Nueva Vizcaya,Dupax del Norte,Macabenga,,,Farm to Market Road Development Program,0.38,,1990000.00,2015,,Farm to Market Road Development Program,Project Group: Farm-to-Market Roads | Project Type: Farm-to-Market Road | Beneficiary: 
ABEMIS0684,Concreting of Cabuluan to Maburel FMR,ABEMIS_FMR,Cagayan,2nd District,Ballesteros,Cabuluan East,,,Farm to Market Road Development Program,0.20,,1990000.00,2015,,Farm to Market Road Development Program,Project Group: Farm-to-Market Roads | Project Type: Farm-to-Market Road | Beneficiary: 
ABEMIS0685,Concreting of Muta to Makiboy to Makate FMR,ABEMIS_FMR,Nueva Vizcaya,Nueva Vizcaya,Kasibu,Muta,,,Farm to Market Road Development Program,0.37,,2985000.00,2015,,Farm to Market Road Development Program,Project Group: Farm-to-Market Roads | Project Type: Farm-to-Market Road | Beneficiary: 
ABEMIS0686,CONCRETING Concreting of Villa Reyno to Apayao FMR,ABEMIS_FMR,Cagayan,2nd District,Piat,Villa Reyno,,,Farm to Market Road Development Program,0.20,,1990000.00,2015,,Farm to Market Road Development Program,Project Group: Farm-to-Market Roads | Project Type: Farm-to-Market Road | Beneficiary: 
ABEMIS0687,Concreting of Buyuy to Papalungan FMR,ABEMIS_FMR,Nueva Vizcaya,Nueva Vizcaya,Kasibu,Biyoy,,,Farm to Market Road Development Program,0.30,,1990000.00,2015,,Farm to Market Road Development Program,Project Group: Farm-to-Market Roads | Project Type: Farm-to-Market Road | Beneficiary: 
ABEMIS0688,Concreting of Watwat FMR,ABEMIS_FMR,Nueva Vizcaya,Nueva Vizcaya,Kasibu,Watwat,,,Farm to Market Road Development Program,0.35,,1990000.00,2015,,Farm to Market Road Development Program,Project Group: Farm-to-Market Roads | Project Type: Farm-to-Market Road | Beneficiary: 
ABEMIS0689,Concreting of Sto. Domingo FMR,ABEMIS_FMR,Cagayan,2nd District,Piat,Santo Domingo,,,Farm to Market Road Development Program,0.20,,1990000.00,2015,,Farm to Market Road Development Program,Project Group: Farm-to-Market Roads | Project Type: Farm-to-Market Road | Beneficiary: 
ABEMIS0690,Concreting of Maguilling FMR,ABEMIS_FMR,Cagayan,2nd District,Piat,Maguilling,,,Farm to Market Road Development Program,0.20,,1990000.00,2015,,Farm to Market Road Development Program,Project Group: Farm-to-Market Roads | Project Type: Farm-to-Market Road | Beneficiary: 
ABEMIS0691,Concreting of Talicabcab FMR,ABEMIS_FMR,Nueva Vizcaya,Nueva Vizcaya,Kayapa,Talecabcab,,,Farm to Market Road Development Program,0.37,,1990000.00,2015,,Farm to Market Road Development Program,Project Group: Farm-to-Market Roads | Project Type: Farm-to-Market Road | Beneficiary: 
ABEMIS0692,Concreting of Dunggan to Nanungaran FMR,ABEMIS_FMR,Cagayan,2nd District,Rizal,Nanungaran,,,Farm to Market Road Development Program,0.20,,1990000.00,2015,,Farm to Market Road Development Program,Project Group: Farm-to-Market Roads | Project Type: Farm-to-Market Road | Beneficiary: 
ABEMIS0693,"Concreting of Sitio Banguingey, Communal FMR",ABEMIS_FMR,Nueva Vizcaya,Nueva Vizcaya,Solano,Communal,,,Farm to Market Road Development Program,0.29,,1990000.00,2015,,Farm to Market Road Development Program,Project Group: Farm-to-Market Roads | Project Type: Farm-to-Market Road | Beneficiary: 
ABEMIS0694,Concreting of Calog Sur Inner Road,ABEMIS_FMR,Cagayan,2nd District,Abulug,Calog Sur,,,Farm to Market Road Development Program,0.30,,2985000.00,2015,,Farm to Market Road Development Program,Project Group: Farm-to-Market Roads | Project Type: Farm-to-Market Road | Beneficiary: 
ABEMIS0695,"Concreting of PRK Kalaw, Sawmill FMR",ABEMIS_FMR,Nueva Vizcaya,Nueva Vizcaya,Villaverde,Sawmill,,,Farm to Market Road Development Program,0.31,,1990000.00,2015,,Farm to Market Road Development Program,Project Group: Farm-to-Market Roads | Project Type: Farm-to-Market Road | Beneficiary: 
ABEMIS0696,Concreting of Pinili FMR,ABEMIS_FMR,Cagayan,2nd District,Abulug,Pinili,,,Farm to Market Road Development Program,0.50,,4975000.00,2015,,Farm to Market Road Development Program,Project Group: Farm-to-Market Roads | Project Type: Farm-to-Market Road | Beneficiary: 
ABEMIS0697,Nueva Vizcaya Experiment Station FMR,ABEMIS_FMR,Nueva Vizcaya,Nueva Vizcaya,Bagabag,Villaros,,,Farm to Market Road Development Program,0.60,,4480000.00,2015,,Farm to Market Road Development Program,Project Group: Farm-to-Market Roads | Project Type: Farm-to-Market Road | Beneficiary: 
ABEMIS0698,Concreting of Debibi to San Benigno FMR,ABEMIS_FMR,Quirino,Quirino,Cabarroguis (Capital),Dibibi,,,Farm to Market Road Development Program,0.60,,5980000.00,2015,,Farm to Market Road Development Program,Project Group: Farm-to-Market Roads | Project Type: Farm-to-Market Road | Beneficiary: 
ABEMIS0699,Concreting of Centro 2-Waca FMR,ABEMIS_FMR,Cagayan,2nd District,Santa Praxedes,Centro II (Pob.),,,Farm to Market Road Development Program,0.40,,1990000.00,2015,,Farm to Market Road Development Program,Project Group: Farm-to-Market Roads | Project Type: Farm-to-Market Road | Beneficiary: 
ABEMIS0700,Concreting of Rizal to Villa Pascua FMR,ABEMIS_FMR,Quirino,Quirino,Diffun,Rizal (Pob.),,,Farm to Market Road Development Program,0.56,,4975000.00,2015,,Farm to Market Road Development Program,Project Group: Farm-to-Market Roads | Project Type: Farm-to-Market Road | Beneficiary: 
ABEMIS0701,Concreting of Airport Road Brgy. Dadao,ABEMIS_FMR,Cagayan,2nd District,Calayan,Dadao,,,Farm to Market Road Development Program,0.20,,1990000.00,2015,,Farm to Market Road Development Program,Project Group: Farm-to-Market Roads | Project Type: Farm-to-Market Road | Beneficiary: 
ABEMIS0702,Concreting of Aggunetan FMR,ABEMIS_FMR,Cagayan,2nd District,Lasam,Aggunetan,,,Farm to Market Road Development Program,0.20,,1990000.00,2015,,Farm to Market Road Development Program,Project Group: Farm-to-Market Roads | Project Type: Farm-to-Market Road | Beneficiary: 
ABEMIS0703,Concreting of San Leonardo FMR,ABEMIS_FMR,Quirino,Quirino,Aglipay,San Leonardo (Cabarroguis),,,Farm to Market Road Development Program,0.60,,4975000.00,2015,,Farm to Market Road Development Program,Project Group: Farm-to-Market Roads | Project Type: Farm-to-Market Road | Beneficiary: 
ABEMIS0704,Concreting of Gundaway Rizal Road FMR,ABEMIS_FMR,Quirino,Quirino,Cabarroguis (Capital),Gundaway (Pob.),,,Farm to Market Road Development Program,0.50,,4975000.00,2015,,Farm to Market Road Development Program,Project Group: Farm-to-Market Roads | Project Type: Farm-to-Market Road | Beneficiary: 
ABEMIS0705,Concreting of Callao Sur FMR,ABEMIS_FMR,Cagayan,2nd District,Lasam,Callao Sur,,,Farm to Market Road Development Program,0.20,,1990000.00,2015,,Farm to Market Road Development Program,Project Group: Farm-to-Market Roads | Project Type: Farm-to-Market Road | Beneficiary: 
ABEMIS0706,Concreting of Capanickian to Tabbugan FMR,ABEMIS_FMR,Cagayan,2nd District,Claveria,Capanikian,,,Farm to Market Road Development Program,0.20,,1990000.00,2015,,Farm to Market Road Development Program,Project Group: Farm-to-Market Roads | Project Type: Farm-to-Market Road | Beneficiary: 
ABEMIS0707,Concreting of Bacsay to Bilbigao FMR,ABEMIS_FMR,Cagayan,2nd District,Claveria,Bilibigao,,,Farm to Market Road Development Program,0.20,,1990000.00,2015,,Farm to Market Road Development Program,Project Group: Farm-to-Market Roads | Project Type: Farm-to-Market Road | Beneficiary: 
ABEMIS0708,"Concreting of Bagu, Dammang FMR",ABEMIS_FMR,Cagayan,2nd District,Pamplona,Bagu,,,Farm to Market Road Development Program,0.20,,1990000.00,2015,,Farm to Market Road Development Program,Project Group: Farm-to-Market Roads | Project Type: Farm-to-Market Road | Beneficiary: 
ABEMIS0709,Concreting of Luzod to Manglad FMR,ABEMIS_FMR,Quirino,Quirino,Maddela,Lusod,,,Farm to Market Road Development Program,0.56,,4975000.00,2015,,Farm to Market Road Development Program,Project Group: Farm-to-Market Roads | Project Type: Farm-to-Market Road | Beneficiary: 
ABEMIS0710,Concreting of Lipatan to Balani FMR,ABEMIS_FMR,Cagayan,2nd District,Santo Ni?o (Faire),Lipatan,,,Farm to Market Road Development Program,0.20,,1990000.00,2015,,Farm to Market Road Development Program,Project Group: Farm-to-Market Roads | Project Type: Farm-to-Market Road | Beneficiary: 
ABEMIS0711,Concreting of Centro 2 to Callungan to Masisit to Dammang to Dacal FMR,ABEMIS_FMR,Cagayan,2nd District,Sanchez Mira,Centro II (Pob.),,,Farm to Market Road Development Program,0.20,,1990000.00,2015,,Farm to Market Road Development Program,Project Group: Farm-to-Market Roads | Project Type: Farm-to-Market Road | Beneficiary: 
ABEMIS0712,Concreting of CSU to NAgbaranganan FMR,ABEMIS_FMR,Cagayan,2nd District,Sanchez Mira,Nagrangtayan,,,Farm to Market Road Development Program,0.20,,1990000.00,2015,,Farm to Market Road Development Program,Project Group: Farm-to-Market Roads | Project Type: Farm-to-Market Road | Beneficiary: 
ABEMIS0713,Concreting of Magogod to Dadda Intersection FMR,ABEMIS_FMR,Cagayan,3rd District,Amulung,Magogod,,,Farm to Market Road Development Program,0.60,,4975000.00,2015,,Farm to Market Road Development Program,Project Group: Farm-to-Market Roads | Project Type: Farm-to-Market Road | Beneficiary: 
ABEMIS0714,Concreying of Gangauan FMR,ABEMIS_FMR,Cagayan,3rd District,Amulung,Gangauan,,,Farm to Market Road Development Program,0.20,,1990000.00,2015,,Farm to Market Road Development Program,Project Group: Farm-to-Market Roads | Project Type: Farm-to-Market Road | Beneficiary: 
ABEMIS0715,Concreting of Roma Norte-Batu Road,ABEMIS_FMR,Cagayan,3rd District,Enrile,Roma Norte,,,Farm to Market Road Development Program,0.50,,4975000.00,2015,,Farm to Market Road Development Program,Project Group: Farm-to-Market Roads | Project Type: Farm-to-Market Road | Beneficiary: 
ABEMIS0716,Concreting of Baculud to San Esteban FMR,ABEMIS_FMR,Cagayan,3rd District,Iguig,Baculud,,,Farm to Market Road Development Program,0.50,,4975000.00,2015,,Farm to Market Road Development Program,Project Group: Farm-to-Market Roads | Project Type: Farm-to-Market Road | Beneficiary: 
ABEMIS0717,Concreting of Baculud to San Esteban FMR,ABEMIS_FMR,Cagayan,3rd District,Iguig,Baculud,,,Farm to Market Road Development Program,0.50,,4975000.00,2015,,Farm to Market Road Development Program,Project Group: Farm-to-Market Roads | Project Type: Farm-to-Market Road | Beneficiary: 
ABEMIS0718,Concreting of Nagabgaban FMR,ABEMIS_FMR,Quirino,Quirino,Aglipay,Nagabgaban,,,Farm to Market Road Development Program,0.30,,1990000.00,2015,,Farm to Market Road Development Program,Project Group: Farm-to-Market Roads | Project Type: Farm-to-Market Road | Beneficiary: 
ABEMIS0719,Concreting of Sisim to Lalongan FMR,ABEMIS_FMR,Cagayan,3rd District,Pe?ablanca,Sisim,,,Farm to Market Road Development Program,0.20,,1990000.00,2015,,Farm to Market Road Development Program,Project Group: Farm-to-Market Roads | Project Type: Farm-to-Market Road | Beneficiary: 
ABEMIS0720,CONCRETING OF PARABBA FMR,ABEMIS_FMR,Cagayan,3rd District,Pe?ablanca,Parabba,,,Farm to Market Road Development Program,0.20,,1990000.00,2015,,Farm to Market Road Development Program,Project Group: Farm-to-Market Roads | Project Type: Farm-to-Market Road | Beneficiary: 
ABEMIS0721,Concreting of Nanarian Zone 3 & 4 FMR,ABEMIS_FMR,Cagayan,3rd District,Pe?ablanca,Nannarian,,,Farm to Market Road Development Program,0.20,,1990000.00,2015,,Farm to Market Road Development Program,Project Group: Farm-to-Market Roads | Project Type: Farm-to-Market Road | Beneficiary: 
ABEMIS0722,Concreting of Mataddi FMR,ABEMIS_FMR,Quirino,Quirino,Nagtipunan,Mataddi,,,Farm to Market Road Development Program,0.35,,2985000.00,2015,,Farm to Market Road Development Program,Project Group: Farm-to-Market Roads | Project Type: Farm-to-Market Road | Beneficiary: 
ABEMIS0723,Concreting of Nanarian Zone 3 & 4 FMR,ABEMIS_FMR,Cagayan,3rd District,Pe?ablanca,Nannarian,,,Farm to Market Road Development Program,0.20,,1990000.00,2015,,Farm to Market Road Development Program,Project Group: Farm-to-Market Roads | Project Type: Farm-to-Market Road | Beneficiary: 
ABEMIS0724,Concreting of Lannig to Cadaanan FMR,ABEMIS_FMR,Cagayan,3rd District,Solana,Lannig,,,Farm to Market Road Development Program,0.60,,4975000.00,2015,,Farm to Market Road Development Program,Project Group: Farm-to-Market Roads | Project Type: Farm-to-Market Road | Beneficiary: 
ABEMIS0725,Concreting of Don Mariano Perez FMR,ABEMIS_FMR,Quirino,Quirino,Diffun,"Don Mariano Perez, Sr.",,,Farm to Market Road Development Program,0.30,,1990000.00,2015,,Farm to Market Road Development Program,Project Group: Farm-to-Market Roads | Project Type: Farm-to-Market Road | Beneficiary: 
ABEMIS0726,Concreting of Maguirig FMR,ABEMIS_FMR,Cagayan,3rd District,Solana,Maguirig,,,Farm to Market Road Development Program,0.20,,1990000.00,2015,,Farm to Market Road Development Program,Project Group: Farm-to-Market Roads | Project Type: Farm-to-Market Road | Beneficiary: 
ABEMIS0727,Concreting of Quirino Experiment Station,ABEMIS_FMR,Quirino,Quirino,Aglipay,Alicia,,,Farm to Market Road Development Program,0.50,,0.00,2015,,Farm to Market Road Development Program,Project Group: Farm-to-Market Roads | Project Type: Farm-to-Market Road | Beneficiary: 
ABEMIS0728,Concreting of Carilucud to Bantay FMR,ABEMIS_FMR,Cagayan,3rd District,Solana,Carilucud,,,Farm to Market Road Development Program,0.30,,2985000.00,2015,,Farm to Market Road Development Program,Project Group: Farm-to-Market Roads | Project Type: Farm-to-Market Road | Beneficiary: 
ABEMIS0729,Concreting of Palca to Mambacag to Lakambini FMR,ABEMIS_FMR,Cagayan,3rd District,Tuao,Palca,,,Farm to Market Road Development Program,2.00,,19900000.00,2015,,Farm to Market Road Development Program,Project Group: Farm-to-Market Roads | Project Type: Farm-to-Market Road | Beneficiary: 
ABEMIS0730,"Concreting of Masipi East, Cabagan to Limbauan, San Pablo FMR",ABEMIS_FMR,Isabela,1st District,Cabagan,Masipi East,,,Farm to Market Road Development Program,1.50,,14980000.00,2015,,Farm to Market Road Development Program,Project Group: Farm-to-Market Roads | Project Type: Farm-to-Market Road | Beneficiary: 
ABEMIS0731,Concreting of Carmencita to Maui FMR,ABEMIS_FMR,Isabela,1st District,Delfin Albano (Magsaysay),Carmencita,,,Farm to Market Road Development Program,0.65,,5980000.00,2015,,Farm to Market Road Development Program,Project Group: Farm-to-Market Roads | Project Type: Farm-to-Market Road | Beneficiary: 
ABEMIS0732,Concreting of Mozzozzin to Buenavista FMR,ABEMIS_FMR,Isabela,1st District,Santa Maria,Mozzozzin North,,,Farm to Market Road Development Program,0.65,,5980000.00,2015,,Farm to Market Road Development Program,Project Group: Farm-to-Market Roads | Project Type: Farm-to-Market Road | Beneficiary: 
ABEMIS0733,Concreting of MOldero to Fermeldy FMR,ABEMIS_FMR,Isabela,1st District,Tumauini,Moldero,,,Farm to Market Road Development Program,0.50,,5980000.00,2015,,Farm to Market Road Development Program,Project Group: Farm-to-Market Roads | Project Type: Farm-to-Market Road | Beneficiary: 
ABEMIS0734,Concreting of San Pablo to San Rodrigo to Sitio Balla FMR,ABEMIS_FMR,Isabela,1st District,Ilagan City (Capital),San Rodrigo,,,Farm to Market Road Development Program,0.50,,4975000.00,2015,,Farm to Market Road Development Program,Project Group: Farm-to-Market Roads | Project Type: Farm-to-Market Road | Beneficiary: 
ABEMIS0735,Concreting of Yeban Sur to Yeban Norte FMR,ABEMIS_FMR,Isabela,2nd District,Benito Soliven,Yeban Norte,,,Farm to Market Road Development Program,0.30,,1990000.00,2015,,Farm to Market Road Development Program,Project Group: Farm-to-Market Roads | Project Type: Farm-to-Market Road | Beneficiary: 
ABEMIS0736,Concreting of District 2 FMR,ABEMIS_FMR,Isabela,2nd District,Benito Soliven,District II (Pob.),,,Farm to Market Road Development Program,0.39,,1990000.00,2015,,Farm to Market Road Development Program,Project Group: Farm-to-Market Roads | Project Type: Farm-to-Market Road | Beneficiary: 
ABEMIS0737,Concreting of San Miguel to Catabban FMR,ABEMIS_FMR,Isabela,5th District,Burgos,San Miguel,,,Farm to Market Road Development Program,0.20,,1990000.00,2015,,Farm to Market Road Development Program,Project Group: Farm-to-Market Roads | Project Type: Farm-to-Market Road | Beneficiary: 
ABEMIS0738,Concreting of San Bonifacio FMR,ABEMIS_FMR,Isabela,5th District,Burgos,San Bonifacio,,,Farm to Market Road Development Program,0.25,,1990000.00,2015,,Farm to Market Road Development Program,Project Group: Farm-to-Market Roads | Project Type: Farm-to-Market Road | Beneficiary: 
ABEMIS0739,Concreting of San Roque FMR,ABEMIS_FMR,Isabela,5th District,Burgos,San Roque,,,Farm to Market Road Development Program,0.28,,1990000.00,2015,,Farm to Market Road Development Program,Project Group: Farm-to-Market Roads | Project Type: Farm-to-Market Road | Beneficiary: 
ABEMIS0740,Concreting of Malasin FMR,ABEMIS_FMR,Isabela,5th District,Burgos,Malasin,,,Farm to Market Road Development Program,0.22,,1990000.00,2015,,Farm to Market Road Development Program,Project Group: Farm-to-Market Roads | Project Type: Farm-to-Market Road | Beneficiary: 
ABEMIS0741,Concreting of Siempre Viva Norte to San Pedro FMR,ABEMIS_FMR,Isabela,5th District,Mallig,Siempre Viva Norte,,,Farm to Market Road Development Program,0.24,,1990000.00,2015,,Farm to Market Road Development Program,Project Group: Farm-to-Market Roads | Project Type: Farm-to-Market Road | Beneficiary: 
ABEMIS0742,Concreting of Siempre Viva Norte to Siempre VIva Sur FMR,ABEMIS_FMR,Isabela,5th District,Mallig,Siempre Viva Norte,,,Farm to Market Road Development Program,0.25,,1990000.00,2015,,Farm to Market Road Development Program,Project Group: Farm-to-Market Roads | Project Type: Farm-to-Market Road | Beneficiary: 
ABEMIS0743,Concreting of Mansibang FMR,ABEMIS_FMR,Isabela,2nd District,Naguilian,Mansibang,,,Farm to Market Road Development Program,0.30,,1990000.00,2015,,Farm to Market Road Development Program,Project Group: Farm-to-Market Roads | Project Type: Farm-to-Market Road | Beneficiary: 
ABEMIS0744,Concreting of Manaring to Cabaruan FMR,ABEMIS_FMR,Isabela,2nd District,Naguilian,Manaring,,,Farm to Market Road Development Program,0.20,,1990000.00,2015,,Farm to Market Road Development Program,Project Group: Farm-to-Market Roads | Project Type: Farm-to-Market Road | Beneficiary: 
ABEMIS0745,Concreting of Abut FMR,ABEMIS_FMR,Isabela,5th District,Quezon,Abut,,,Farm to Market Road Development Program,0.33,,1990000.00,2015,,Farm to Market Road Development Program,Project Group: Farm-to-Market Roads | Project Type: Farm-to-Market Road | Beneficiary: 
ABEMIS0746,Concreting of Lepanto to Calanguigan FMR,ABEMIS_FMR,Isabela,5th District,Quezon,Lepanto,,,Farm to Market Road Development Program,0.50,,1990000.00,2015,,Farm to Market Road Development Program,Project Group: Farm-to-Market Roads | Project Type: Farm-to-Market Road | Beneficiary: 
ABEMIS0747,Concreting of San Mateo FMR,ABEMIS_FMR,Isabela,5th District,Quirino,San Mateo,,,Farm to Market Road Development Program,0.20,,1990000.00,2015,,Farm to Market Road Development Program,Project Group: Farm-to-Market Roads | Project Type: Farm-to-Market Road | Beneficiary: 
ABEMIS0748,Concreting of Arahem - Changkangen Fmr ( BAYANIHAN ACT II),ABEMIS_FMR,Batanes,Batanes,Sabtang,Sinakan (Pob.),,,Farm to Market Road Development Program,0.34,,8579999.99,2020,,Farm to Market Road Development Program,Project Group: Farm-to-Market Roads | Project Type: Farm-to-Market Road | Beneficiary: 
ABEMIS0749,Concreting of Sidem - Taligan FMR ( BAYANIHAN ACT II),ABEMIS_FMR,Cagayan,1st District,Gattaran,Sidem,,,Farm to Market Road Development Program,0.27,,9848907.18,2020,,Farm to Market Road Development Program,Project Group: Farm-to-Market Roads | Project Type: Farm-to-Market Road | Beneficiary: 
ABEMIS0750,Concreting of Maburil- Cabuluan FMR ( BAYANIHAN ACT II),ABEMIS_FMR,Cagayan,2nd District,Ballesteros,Cabuluan West,,,Farm to Market Road Development Program,1.00,,12069113.68,2020,,Farm to Market Road Development Program,Project Group: Farm-to-Market Roads | Project Type: Farm-to-Market Road | Beneficiary: 
ABEMIS0751,"Concreting of Calapawan, San Juan FMR ( BAYANIHAN ACT II)",ABEMIS_FMR,Cagayan,2nd District,Ballesteros,San Juan,,,Farm to Market Road Development Program,0.50,,12292929.25,2020,,Farm to Market Road Development Program,Project Group: Farm-to-Market Roads | Project Type: Farm-to-Market Road | Beneficiary: 
ABEMIS0752,"Concreting of Mabuttal, Baran FMR ( BAYANIHIAN ACT II)",ABEMIS_FMR,Cagayan,2nd District,Ballesteros,Mabuttal West,,,Farm to Market Road Development Program,0.97,,18432587.79,2020,,Farm to Market Road Development Program,Project Group: Farm-to-Market Roads | Project Type: Farm-to-Market Road | Beneficiary: 
ABEMIS0753,Concreting of Nararagan Valley FMR ( BAYANIHAN ACT II),ABEMIS_FMR,Cagayan,2nd District,Ballesteros,Nararagan,,,Farm to Market Road Development Program,1.14,,12126502.76,2020,,Farm to Market Road Development Program,Project Group: Farm-to-Market Roads | Project Type: Farm-to-Market Road | Beneficiary: 
ABEMIS0754,"Concreting of Mabuttal, Payagan West FMR ( BAYANIIHAN ACT II)",ABEMIS_FMR,Cagayan,2nd District,Ballesteros,Mabuttal West,,,Farm to Market Road Development Program,0.85,,12125759.73,2020,,Farm to Market Road Development Program,Project Group: Farm-to-Market Roads | Project Type: Farm-to-Market Road | Beneficiary: 
ABEMIS0755,Concreting of Bilibigao -Kilkiling FMR ( BAYANIHAN ACT II),ABEMIS_FMR,Cagayan,2nd District,Claveria,Bilibigao,,,Farm to Market Road Development Program,0.89,,12360660.00,2020,,Farm to Market Road Development Program,Project Group: Farm-to-Market Roads | Project Type: Farm-to-Market Road | Beneficiary: 
ABEMIS0756,Concreting of Kilkiling FMR ( BAYANIHAN ACT II),ABEMIS_FMR,Cagayan,2nd District,Claveria,Kilkiling,,,Farm to Market Road Development Program,0.68,,12437500.00,2020,,Farm to Market Road Development Program,Project Group: Farm-to-Market Roads | Project Type: Farm-to-Market Road | Beneficiary: 
ABEMIS0757,Concreting of Buenavista - Magdalena FMR ( BAYANIHAN ACT II),ABEMIS_FMR,Cagayan,2nd District,Claveria,Buenavista,,,Farm to Market Road Development Program,0.89,,0.00,2020,,Farm to Market Road Development Program,Project Group: Farm-to-Market Roads | Project Type: Farm-to-Market Road | Beneficiary: 
ABEMIS0758,OPENING AND CONCRETING BULALA SUR FMR ( GAA 2019 FCR),ABEMIS_FMR,Cagayan,1st District,Aparri,Bulala Sur,,,Farm to Market Road Development Program,0.39,,0.00,2019,,Farm to Market Road Development Program,Project Group: Farm-to-Market Roads | Project Type: Farm-to-Market Road | Beneficiary: 
ABEMIS0759,Concreting of Cabatacan East FMR ( BAYANIHAN ACT II),ABEMIS_FMR,Cagayan,2nd District,Lasam,Cabatacan East (Duldugan*),,,Farm to Market Road Development Program,0.81,,0.00,2020,,Farm to Market Road Development Program,Project Group: Farm-to-Market Roads | Project Type: Farm-to-Market Road | Beneficiary: 
ABEMIS0760,"CONCRETING OF PUROK 7, BATTALAN FMR ( GAA 2019 FCR)",ABEMIS_FMR,Cagayan,2nd District,Lasam,Battalan,,,Farm to Market Road Development Program,0.37,,4975000.00,2019,,Farm to Market Road Development Program,Project Group: Farm-to-Market Roads | Project Type: Farm-to-Market Road | Beneficiary: 
ABEMIS0761,Concreting of Cabatacan West FMR ( BAYANIHAN ACT II ),ABEMIS_FMR,Cagayan,2nd District,Lasam,Cabatacan West,,,Farm to Market Road Development Program,0.53,,0.00,2020,,Farm to Market Road Development Program,Project Group: Farm-to-Market Roads | Project Type: Farm-to-Market Road | Beneficiary: 
ABEMIS0762,Concreting of Callao Norte FMR ( BAYANIHAN ACT II),ABEMIS_FMR,Cagayan,2nd District,Lasam,Callao Norte,,,Farm to Market Road Development Program,0.78,,0.00,2020,,Farm to Market Road Development Program,Project Group: Farm-to-Market Roads | Project Type: Farm-to-Market Road | Beneficiary: 
ABEMIS0763,Concreting of Finugo Norte FMR ( BAYANIHAN ACT II),ABEMIS_FMR,Cagayan,2nd District,Lasam,Finugo Norte,,,Farm to Market Road Development Program,0.99,,0.00,2020,,Farm to Market Road Development Program,Project Group: Farm-to-Market Roads | Project Type: Farm-to-Market Road | Beneficiary: 
ABEMIS0764,Concreting of Curva FMR ( BAYANIHANA ACT II),ABEMIS_FMR,Cagayan,2nd District,Pamplona,Curva,,,Farm to Market Road Development Program,1.09,,19502000.00,2020,,Farm to Market Road Development Program,Project Group: Farm-to-Market Roads | Project Type: Farm-to-Market Road | Beneficiary: 
ABEMIS0765,"CONCRETING OF LARIBAR, LARION BAJO FMR ( GAA 2019 FCR)",ABEMIS_FMR,Cagayan,3rd District,Tuguegarao City (Capital),Larion Bajo,,,Farm to Market Road Development Program,0.51,,4975000.00,2019,,Farm to Market Road Development Program,Project Group: Farm-to-Market Roads | Project Type: Farm-to-Market Road | Beneficiary: 
ABEMIS0766,Concreting of Tupanna FMR (BAYANIHAN ACT II),ABEMIS_FMR,Cagayan,2nd District,Pamplona,Tupanna,,,Farm to Market Road Development Program,1.49,,0.00,2020,,Farm to Market Road Development Program,Project Group: Farm-to-Market Roads | Project Type: Farm-to-Market Road | Beneficiary: 
ABEMIS0767,Concreting of San Julian - Sto. Tomas- Dana-Ili - Sirit - Canayun- Simayung FMR ( BAYANIHAN ACT II),ABEMIS_FMR,Cagayan,2nd District,Abulug,San Julian,,,Farm to Market Road Development Program,0.44,,9701221.92,2020,,Farm to Market Road Development Program,Project Group: Farm-to-Market Roads | Project Type: Farm-to-Market Road | Beneficiary: 
ABEMIS0768,Concreting of Batu FMR ( BAYANIHAN ACT II),ABEMIS_FMR,Cagayan,3rd District,Enrile,Batu,,,Farm to Market Road Development Program,0.53,,9802430.00,2020,,Farm to Market Road Development Program,Project Group: Farm-to-Market Roads | Project Type: Farm-to-Market Road | Beneficiary: 
ABEMIS0769,Concreting of Marobbob-Dadda FMR ( BAYANIHAN ACT II),ABEMIS_FMR,Cagayan,3rd District,Amulung,Marobbob,,,Farm to Market Road Development Program,6.50,,33443360.00,2020,,Farm to Market Road Development Program,Project Group: Farm-to-Market Roads | Project Type: Farm-to-Market Road | Beneficiary: 
ABEMIS0770,Concreting of Tallag FMR ( BAYANIHAN ACT II),ABEMIS_FMR,Isabela,1st District,Cabagan,Tallag,,,Farm to Market Road Development Program,0.65,,0.00,2020,,Farm to Market Road Development Program,Project Group: Farm-to-Market Roads | Project Type: Farm-to-Market Road | Beneficiary: 
ABEMIS0771,Concreting of Cabisera 14 -16 - Batong-Labang FMR ( BAYANIHAN ACT II),ABEMIS_FMR,Isabela,1st District,Ilagan City (Capital),Cabeseria 14 and 16 (Casilagan),,,Farm to Market Road Development Program,1.40,,9745539.60,2020,,Farm to Market Road Development Program,Project Group: Farm-to-Market Roads | Project Type: Farm-to-Market Road | Beneficiary: 
ABEMIS0772,Concreting of Minanga FMR ( BAYANIHAN ACT II),ABEMIS_FMR,Isabela,2nd District,San Mariano,Minanga,,,Farm to Market Road Development Program,1.47,,9800651.39,2020,,Farm to Market Road Development Program,Project Group: Farm-to-Market Roads | Project Type: Farm-to-Market Road | Beneficiary: 
ABEMIS0773,Concreting of Rizaluna - Ramona FMR ( bayanihan act ii),ABEMIS_FMR,Isabela,3rd District,Alicia,Rizaluna,,,Farm to Market Road Development Program,0.77,,9751569.77,2020,,Farm to Market Road Development Program,Project Group: Farm-to-Market Roads | Project Type: Farm-to-Market Road | Beneficiary: 
ABEMIS0774,Concreting of San Fernando FMR ( BAYANIHAN ACT II),ABEMIS_FMR,Isabela,3rd District,Alicia,San Fernando,,,Farm to Market Road Development Program,1.17,,9746519.43,2020,,Farm to Market Road Development Program,Project Group: Farm-to-Market Roads | Project Type: Farm-to-Market Road | Beneficiary: 
ABEMIS0775,"Concreting of Obra Street -Quirat Road, Rizal FMR (BAYANIHAN ACT II)",ABEMIS_FMR,Isabela,4th District,City of Santiago,Rizal,,,Farm to Market Road Development Program,0.83,,9651771.04,2020,,Farm to Market Road Development Program,Project Group: Farm-to-Market Roads | Project Type: Farm-to-Market Road | Beneficiary: 
ABEMIS0776,Concreting of San Jose FMR ( BAYANIHAN ACT II),ABEMIS_FMR,Isabela,5th District,Roxas,San Jose,,,Farm to Market Road Development Program,1.27,,9687100.30,2020,,Farm to Market Road Development Program,Project Group: Farm-to-Market Roads | Project Type: Farm-to-Market Road | Beneficiary: 
ABEMIS0777,Concreting of Libertad - Sta. Ana FMR 9 BAYANIHAN ACT II),ABEMIS_FMR,Isabela,6th District,Echague,Libertad,,,Farm to Market Road Development Program,0.71,,9769097.51,2020,,Farm to Market Road Development Program,Project Group: Farm-to-Market Roads | Project Type: Farm-to-Market Road | Beneficiary: 
ABEMIS0778,Concreting of Babaran FMR ( BAYANIHAN ACT II),ABEMIS_FMR,Isabela,6th District,Echague,Babaran,,,Farm to Market Road Development Program,0.71,,9701000.00,2020,,Farm to Market Road Development Program,Project Group: Farm-to-Market Roads | Project Type: Farm-to-Market Road | Beneficiary: 
ABEMIS0779,Concreting of Ramos East FMR ( BAYANIHAN ACT II),ABEMIS_FMR,Isabela,6th District,San Isidro,Ramos East,,,Farm to Market Road Development Program,0.83,,9751000.00,2020,,Farm to Market Road Development Program,Project Group: Farm-to-Market Roads | Project Type: Farm-to-Market Road | Beneficiary: 
ABEMIS0780,Concreting of Bakir - Sta. Lucia FMR 9 BAYANIAHAN ACT II),ABEMIS_FMR,Nueva Vizcaya,Nueva Vizcaya,Bagabag,Sta. Lucia,,,Farm to Market Road Development Program,0.67,,9548334.24,2020,,Farm to Market Road Development Program,Project Group: Farm-to-Market Roads | Project Type: Farm-to-Market Road | Beneficiary: 
ABEMIS0781,Concreting of Gannib - Careb FMR ( BAYANIHAN ACT II),ABEMIS_FMR,Nueva Vizcaya,Nueva Vizcaya,Bagabag,Careb,,,Farm to Market Road Development Program,0.96,,0.00,2020,,Farm to Market Road Development Program,Project Group: Farm-to-Market Roads | Project Type: Farm-to-Market Road | Beneficiary: 
ABEMIS0782,"Concreting of Sitio Villarina, Coloma- Sta. Lucia FMR ( BAYANIHAN ACT II)",ABEMIS_FMR,Nueva Vizcaya,Nueva Vizcaya,Bagabag,Villa Coloma (Pob.),,,Farm to Market Road Development Program,0.92,,0.00,2020,,Farm to Market Road Development Program,Project Group: Farm-to-Market Roads | Project Type: Farm-to-Market Road | Beneficiary: 
ABEMIS0783,Concreting of Baretbet - Pogonsino FMR ( BAYANIHAN ACT II),ABEMIS_FMR,Nueva Vizcaya,Nueva Vizcaya,Bagabag,Baretbet,,,Farm to Market Road Development Program,0.56,,0.00,2020,,Farm to Market Road Development Program,Project Group: Farm-to-Market Roads | Project Type: Farm-to-Market Road | Beneficiary: 
ABEMIS0784,Concreting of Sitio Calutlutan - Lantap FMR ( BAYANIIHAN ACT II),ABEMIS_FMR,Nueva Vizcaya,Nueva Vizcaya,Bagabag,Lantap,,,Farm to Market Road Development Program,0.44,,0.00,2020,,Farm to Market Road Development Program,Project Group: Farm-to-Market Roads | Project Type: Farm-to-Market Road | Beneficiary: 
ABEMIS0785,"CONCRETING OF ZONE 2,MASICAL FMR ( GAA 2019 FCR)",ABEMIS_FMR,Cagayan,1st District,Baggao,Masical,,,Farm to Market Road Development Program,0.19,,0.00,2019,,Farm to Market Road Development Program,Project Group: Farm-to-Market Roads | Project Type: Farm-to-Market Road | Beneficiary: 
ABEMIS0786,Concreting of Yabbi FMR ( BAYANIHAN ACT II),ABEMIS_FMR,Nueva Vizcaya,Nueva Vizcaya,Dupax del Norte,Yabbi,,,Farm to Market Road Development Program,0.71,,9452258.52,2020,,Farm to Market Road Development Program,Project Group: Farm-to-Market Roads | Project Type: Farm-to-Market Road | Beneficiary: 
ABEMIS0787,CONCRETING OF TALLANG FMR ( GAA 2019 FCR),ABEMIS_FMR,Cagayan,1st District,Baggao,Tallang,,,Farm to Market Road Development Program,0.27,,0.00,2019,,Farm to Market Road Development Program,Project Group: Farm-to-Market Roads | Project Type: Farm-to-Market Road | Beneficiary: 
ABEMIS0788,Concreting of Pinayag FMR (BAYANIHAN ACT II),ABEMIS_FMR,Nueva Vizcaya,Nueva Vizcaya,Kayapa,Pinayag,,,Farm to Market Road Development Program,0.67,,0.00,2020,,Farm to Market Road Development Program,Project Group: Farm-to-Market Roads | Project Type: Farm-to-Market Road | Beneficiary: 
ABEMIS0789,Concreting of Rizal FMR (BAYANIHAN ACT II ),ABEMIS_FMR,Quirino,Quirino,Diffun,Rizal (Pob.),,,Farm to Market Road Development Program,0.68,,9735502.11,2020,,Farm to Market Road Development Program,Project Group: Farm-to-Market Roads | Project Type: Farm-to-Market Road | Beneficiary: 
ABEMIS0790,Concreting of Balabag FMR ( BAYANIHAN ACT II),ABEMIS_FMR,Quirino,Quirino,Diffun,Balagbag,,,Farm to Market Road Development Program,0.93,,9642119.60,2020,,Farm to Market Road Development Program,Project Group: Farm-to-Market Roads | Project Type: Farm-to-Market Road | Beneficiary: 
ABEMIS0791,Concreting of Dumabato FMR ( BAYANIHAN ACT II),ABEMIS_FMR,Quirino,Quirino,Maddela,Dumabato Norte,,,Farm to Market Road Development Program,1.03,,9644327.16,2020,,Farm to Market Road Development Program,Project Group: Farm-to-Market Roads | Project Type: Farm-to-Market Road | Beneficiary: 
ABEMIS0792,Construction of Mauyen Port,ABEMIS_FMR,Batanes,Batanes,Itbayat,Raele,,,Farm to Market Road Development Program,0.75,,7462500.00,2015,,Farm to Market Road Development Program,Project Group: Farm-to-Market Roads | Project Type: Farm-to-Market Road | Beneficiary: 
ABEMIS0793,CONCRETING OF AURORA WEST FMR (GAA 2019 FCR),ABEMIS_FMR,Quirino,Quirino,Diffun,Aurora West (Pob.),,,Farm to Market Road Development Program,0.50,,0.00,2019,,Farm to Market Road Development Program,Project Group: Farm-to-Market Roads | Project Type: Farm-to-Market Road | Beneficiary: 
ABEMIS0794,Concreting of Gumarueng FMR ( GAA 2020),ABEMIS_FMR,Cagayan,2nd District,Piat,Gumarueng,,,Farm to Market Road Development Program,1.29,,12188272.86,2020,,Farm to Market Road Development Program,Project Group: Farm-to-Market Roads | Project Type: Farm-to-Market Road | Beneficiary: 
ABEMIS0795,Construction of Sta. Maria-Manarao FMR,ABEMIS_FMR,Batanes,Batanes,Basco (Capital),Ihubok II (Kayvaluganan),,,Farm to Market Road Development Program,480.00,,2985000.00,2015,,Farm to Market Road Development Program,Project Group: Farm-to-Market Roads | Project Type: Farm-to-Market Road | Beneficiary: 
ABEMIS0796,Construction of Diseb to Malakdang FMR,ABEMIS_FMR,Batanes,Batanes,Basco (Capital),San Antonio,,,Farm to Market Road Development Program,1300.00,,1990000.00,2015,,Farm to Market Road Development Program,Project Group: Farm-to-Market Roads | Project Type: Farm-to-Market Road | Beneficiary: 
ABEMIS0797,CONCRETING OF STA. MARIA FMR ( GAA 2019 FLR),ABEMIS_FMR,Cagayan,1st District,Gattaran,Sta. Maria,,,Farm to Market Road Development Program,0.34,,0.00,2019,,Farm to Market Road Development Program,Project Group: Farm-to-Market Roads | Project Type: Farm-to-Market Road | Beneficiary: 
ABEMIS0798,Construction of Chavalitan to Hunan FMR,ABEMIS_FMR,Batanes,Batanes,Basco (Capital),San Joaquin,,,Farm to Market Road Development Program,340.00,,1990000.00,2015,,Farm to Market Road Development Program,Project Group: Farm-to-Market Roads | Project Type: Farm-to-Market Road | Beneficiary: 
ABEMIS0799,"CONCRETING OF ZONE 6, CAPISSAYAN NORTE FMR ( GAA 2019 FLR)",ABEMIS_FMR,Cagayan,1st District,Gattaran,Capissayan Norte,,,Farm to Market Road Development Program,0.24,,0.00,2019,,Farm to Market Road Development Program,Project Group: Farm-to-Market Roads | Project Type: Farm-to-Market Road | Beneficiary: 
ABEMIS0800,Construction of Chaina to Tarayan to Gidem FMR,ABEMIS_FMR,Batanes,Batanes,Mahatao,Panatayan,,,Farm to Market Road Development Program,625.00,,2985000.00,2015,,Farm to Market Road Development Program,Project Group: Farm-to-Market Roads | Project Type: Farm-to-Market Road | Beneficiary: 
ABEMIS0801,"CONCRETING OF SITIO APAR,MAGRAFIL FMR ( GAA 2019 FLR)",ABEMIS_FMR,Cagayan,1st District,Gonzaga,Magrafil,,,Farm to Market Road Development Program,0.23,,0.00,2019,,Farm to Market Road Development Program,Project Group: Farm-to-Market Roads | Project Type: Farm-to-Market Road | Beneficiary: 
ABEMIS0802,CONCRETING OF MAGAPIT FMR ( GAA 2019 FLR),ABEMIS_FMR,Cagayan,1st District,Lal-lo,Magapit,,,Farm to Market Road Development Program,0.40,,0.00,2019,,Farm to Market Road Development Program,Project Group: Farm-to-Market Roads | Project Type: Farm-to-Market Road | Beneficiary: 
ABEMIS0803,Construction of Mavuyuk to Mayjang to Pavulawan FMR,ABEMIS_FMR,Batanes,Batanes,Mahatao,Panatayan,,,Farm to Market Road Development Program,770.00,,1990000.00,2015,,Farm to Market Road Development Program,Project Group: Farm-to-Market Roads | Project Type: Farm-to-Market Road | Beneficiary: 
ABEMIS0804,CONCRETING OF COLONY – LIBERTAD FMR ( GAA 2019 FLR),ABEMIS_FMR,Cagayan,2nd District,Abulug,Libertad,,,Farm to Market Road Development Program,1.79,,24875000.00,2019,,Farm to Market Road Development Program,Project Group: Farm-to-Market Roads | Project Type: Farm-to-Market Road | Beneficiary: 
ABEMIS0805,Construction of Voyay to Tayatuan FMR,ABEMIS_FMR,Batanes,Batanes,Ivana,Salagao,,,Farm to Market Road Development Program,850.00,,1990000.00,2015,,Farm to Market Road Development Program,Project Group: Farm-to-Market Roads | Project Type: Farm-to-Market Road | Beneficiary: 
ABEMIS0806,CONCRETING OF SAN AGUSTIN FMR ( GAA 2019 FLR),ABEMIS_FMR,Cagayan,2nd District,Abulug,San Agustin,,,Farm to Market Road Development Program,1.50,,14925000.00,2019,,Farm to Market Road Development Program,Project Group: Farm-to-Market Roads | Project Type: Farm-to-Market Road | Beneficiary: 
ABEMIS0807,"CONCRETING OF SITIO CUBA, CALOG SUR FMR (GAA 2019 FLR)",ABEMIS_FMR,Cagayan,2nd District,Abulug,Calog Sur,,,Farm to Market Road Development Program,1.39,,14925000.00,2019,,Farm to Market Road Development Program,Project Group: Farm-to-Market Roads | Project Type: Farm-to-Market Road | Beneficiary: 
ABEMIS0808,Construction of Kalang to Matarem FMR,ABEMIS_FMR,Batanes,Batanes,Ivana,San Vicente (Igang),,,Farm to Market Road Development Program,0.43,,1990000.00,2015,,Farm to Market Road Development Program,Project Group: Farm-to-Market Roads | Project Type: Farm-to-Market Road | Beneficiary: 
ABEMIS0809,CONCRETING OF CALOG NORTE PHASE III FMR ( GAA 2019 FLR),ABEMIS_FMR,Cagayan,2nd District,Abulug,Calog Norte,,,Farm to Market Road Development Program,0.53,,0.00,2019,,Farm to Market Road Development Program,Project Group: Farm-to-Market Roads | Project Type: Farm-to-Market Road | Beneficiary: 
ABEMIS0810,Construction of Sumjet to Dejey FMR,ABEMIS_FMR,Batanes,Batanes,Uyugan,Itbud,,,Farm to Market Road Development Program,0.30,,2985000.00,2015,,Farm to Market Road Development Program,Project Group: Farm-to-Market Roads | Project Type: Farm-to-Market Road | Beneficiary: 
ABEMIS0811,CONCRETING OF SAN AGUSTIN - GUIDDAM PHASE III FMR ( GAA 2019 FLR),ABEMIS_FMR,Cagayan,2nd District,Abulug,Guiddam,,,Farm to Market Road Development Program,0.49,,0.00,2019,,Farm to Market Road Development Program,Project Group: Farm-to-Market Roads | Project Type: Farm-to-Market Road | Beneficiary: 
ABEMIS0812,Construction of Chapnaywan to Vayoy to Chajapawan FMR,ABEMIS_FMR,Batanes,Batanes,Uyugan,Itbud,,,Farm to Market Road Development Program,0.64,,3980000.00,2015,,Farm to Market Road Development Program,Project Group: Farm-to-Market Roads | Project Type: Farm-to-Market Road | Beneficiary: 
ABEMIS0813,CONCRETING OF SAN JULIAN PHASE III FMR ( GAA 2019 FLR),ABEMIS_FMR,Cagayan,2nd District,Abulug,San Julian,,,Farm to Market Road Development Program,1.20,,0.00,2019,,Farm to Market Road Development Program,Project Group: Farm-to-Market Roads | Project Type: Farm-to-Market Road | Beneficiary: 
ABEMIS0814,CONCRETING OF STA. FILOMENA PHASE II FMR (GAA 2019 FLR),ABEMIS_FMR,Cagayan,2nd District,Abulug,Santa Filomena,,,Farm to Market Road Development Program,0.56,,0.00,2019,,Farm to Market Road Development Program,Project Group: Farm-to-Market Roads | Project Type: Farm-to-Market Road | Beneficiary: 
ABEMIS0815,CONCRETING OF APAYAO-ASIGA SWIP PHASE I FMR ( GAA 2019 FLR),ABEMIS_FMR,Cagayan,2nd District,Piat,Apayao,,,Farm to Market Road Development Program,0.57,,0.00,2019,,Farm to Market Road Development Program,Project Group: Farm-to-Market Roads | Project Type: Farm-to-Market Road | Beneficiary: 
ABEMIS0816,Construction of Butan to Gito to Pinangvetan to to Duvek FMR,ABEMIS_FMR,Batanes,Batanes,Sabtang,Sumnanga,,,Farm to Market Road Development Program,0.59,,2985000.00,2015,,Farm to Market Road Development Program,Project Group: Farm-to-Market Roads | Project Type: Farm-to-Market Road | Beneficiary: 
ABEMIS0817,CONCRETING OF FUGU - PAYAGAN FMR ( GAA 2019 FLR),ABEMIS_FMR,Cagayan,2nd District,Ballesteros,Fugu,,,Farm to Market Road Development Program,0.47,,0.00,2019,,Farm to Market Road Development Program,Project Group: Farm-to-Market Roads | Project Type: Farm-to-Market Road | Beneficiary: 
ABEMIS0818,CONCRETING OF ANDARAYAN NORTH - ANDARAYAN SOUTH FMR ( GAA 2019 FLR),ABEMIS_FMR,Cagayan,3rd District,Solana,Andarayan North,,,Farm to Market Road Development Program,0.43,,4975000.00,2019,,Farm to Market Road Development Program,Project Group: Farm-to-Market Roads | Project Type: Farm-to-Market Road | Beneficiary: 
ABEMIS0819,Construction of Asked to Rapain FMR,ABEMIS_FMR,Batanes,Batanes,Sabtang,Chavayan,,,Farm to Market Road Development Program,0.20,,1990000.00,2015,,Farm to Market Road Development Program,Project Group: Farm-to-Market Roads | Project Type: Farm-to-Market Road | Beneficiary: 
ABEMIS0820,Concreting of San Isidro FMR,ABEMIS_FMR,Isabela,5th District,Quirino,San Isidro,,,Farm to Market Road Development Program,0.67,,1990000.00,2015,,Farm to Market Road Development Program,Project Group: Farm-to-Market Roads | Project Type: Farm-to-Market Road | Beneficiary: 
ABEMIS0821,CONCRETING OF CORDOVA - NABBIALAN FMR ( GAA 2019 FLR),ABEMIS_FMR,Cagayan,3rd District,Amulung,Nabbialan,,,Farm to Market Road Development Program,0.75,,4975000.00,2019,,Farm to Market Road Development Program,Project Group: Farm-to-Market Roads | Project Type: Farm-to-Market Road | Beneficiary: 
ABEMIS0822,Construction of Satuvang to Chanino FMR,ABEMIS_FMR,Batanes,Batanes,Sabtang,Savidug,,,Farm to Market Road Development Program,0.30,,1990000.00,2015,,Farm to Market Road Development Program,Project Group: Farm-to-Market Roads | Project Type: Farm-to-Market Road | Beneficiary: 
ABEMIS0823,CONCRETING OF MALABBAC FMR ( GAA 2019 FLR),ABEMIS_FMR,Cagayan,3rd District,Iguig,Malabbac,,,Farm to Market Road Development Program,1.25,,9900000.00,2019,,Farm to Market Road Development Program,Project Group: Farm-to-Market Roads | Project Type: Farm-to-Market Road | Beneficiary: 
ABEMIS0824,Construction of Lised to Mulong FMR,ABEMIS_FMR,Batanes,Batanes,Itbayat,Santa Rosa (Kaynatuan),,,Farm to Market Road Development Program,2.78,,3980000.00,2015,,Farm to Market Road Development Program,Project Group: Farm-to-Market Roads | Project Type: Farm-to-Market Road | Beneficiary: 
ABEMIS0825,Concreting of Road 1 to San Jose FMR,ABEMIS_FMR,Isabela,5th District,Roxas,San Jose,,,Farm to Market Road Development Program,0.26,,1990000.00,2015,,Farm to Market Road Development Program,Project Group: Farm-to-Market Roads | Project Type: Farm-to-Market Road | Beneficiary: 
ABEMIS0826,CONCRETING OF LANNA FMR (GAA 2019 FLR),ABEMIS_FMR,Cagayan,3rd District,Enrile,Lanna,,,Farm to Market Road Development Program,0.60,,4975000.00,2019,,Farm to Market Road Development Program,Project Group: Farm-to-Market Roads | Project Type: Farm-to-Market Road | Beneficiary: 
ABEMIS0827,Concreting of Marcos to Muñoz FMR,ABEMIS_FMR,Isabela,5th District,Roxas,Marcos,,,Farm to Market Road Development Program,0.30,,1990000.00,2015,,Farm to Market Road Development Program,Project Group: Farm-to-Market Roads | Project Type: Farm-to-Market Road | Beneficiary: 
ABEMIS0828,CONCRETING OF CULUNG - BICOK FMR (GAA 2019 FLR),ABEMIS_FMR,Cagayan,3rd District,Tuao,Bicok,,,Farm to Market Road Development Program,0.54,,4849940.00,2019,,Farm to Market Road Development Program,Project Group: Farm-to-Market Roads | Project Type: Farm-to-Market Road | Beneficiary: 
ABEMIS0829,Construction of Naxurod to Chinapaswan FMR,ABEMIS_FMR,Batanes,Batanes,Itbayat,San Rafael (Idiang),,,Farm to Market Road Development Program,0.52,,3980000.00,2015,,Farm to Market Road Development Program,Project Group: Farm-to-Market Roads | Project Type: Farm-to-Market Road | Beneficiary: 
ABEMIS0830,Concreting of Malalinta to Mararingue FMR,ABEMIS_FMR,Isabela,5th District,San Manuel,Malalinta,,,Farm to Market Road Development Program,0.29,,1990000.00,2015,,Farm to Market Road Development Program,Project Group: Farm-to-Market Roads | Project Type: Farm-to-Market Road | Beneficiary: 
ABEMIS0831,Concreting of Aurora FMR ( GAA 2020),ABEMIS_FMR,Nueva Vizcaya,Nueva Vizcaya,Quezon,Aurora,,,Farm to Market Road Development Program,1.05,,12437500.00,2020,,Farm to Market Road Development Program,Project Group: Farm-to-Market Roads | Project Type: Farm-to-Market Road | Beneficiary: 
ABEMIS0832,Construction of Nakavaxayan to Kavaritan FMR,ABEMIS_FMR,Batanes,Batanes,Itbayat,Santa Lucia (Kauhauhasan),,,Farm to Market Road Development Program,1.00,,1990000.00,2015,,Farm to Market Road Development Program,Project Group: Farm-to-Market Roads | Project Type: Farm-to-Market Road | Beneficiary: 
ABEMIS0833,Concreting of Isabela Experiment Station FMR,ABEMIS_FMR,Isabela,2nd District,Gamu,Upi,,,Farm to Market Road Development Program,0.73,,4975000.00,2015,,Farm to Market Road Development Program,Project Group: Farm-to-Market Roads | Project Type: Farm-to-Market Road | Beneficiary: 
ABEMIS0834,Construction of Fisat to Katiwayan FMR,ABEMIS_FMR,Cagayan,1st District,Santa Ana,Rapuli (Punti),,,Farm to Market Road Development Program,0.25,,2985000.00,2015,,Farm to Market Road Development Program,Project Group: Farm-to-Market Roads | Project Type: Farm-to-Market Road | Beneficiary: 
ABEMIS0835,Concreting of Anonang to Colorado FMR,ABEMIS_FMR,Isabela,6th District,San Guillermo,Anonang,,,Farm to Market Road Development Program,1.26,,9952000.00,2015,,Farm to Market Road Development Program,Project Group: Farm-to-Market Roads | Project Type: Farm-to-Market Road | Beneficiary: 
ABEMIS0836,Construction of Katarawan to Kalubuan FMR,ABEMIS_FMR,Cagayan,1st District,Gonzaga,Caroan,,,Farm to Market Road Development Program,0.37,,2985000.00,2015,,Farm to Market Road Development Program,Project Group: Farm-to-Market Roads | Project Type: Farm-to-Market Road | Beneficiary: 
ABEMIS0837,Concreting of Rancho Bassit to Pissay FMR,ABEMIS_FMR,Isabela,3rd District,Angadanan,Pissay,,,Farm to Market Road Development Program,0.90,,7980000.00,2015,,Farm to Market Road Development Program,Project Group: Farm-to-Market Roads | Project Type: Farm-to-Market Road | Beneficiary: 
ABEMIS0838,Concreting of Bunnay to La Suerte FMR,ABEMIS_FMR,Isabela,3rd District,Angadanan,Bunnay,,,Farm to Market Road Development Program,1.37,,9952000.00,2015,,Farm to Market Road Development Program,Project Group: Farm-to-Market Roads | Project Type: Farm-to-Market Road | Beneficiary: 
ABEMIS0839,Construction of Luga-Aridowen FMR,ABEMIS_FMR,Cagayan,1st District,Santa Teresita,Luga,,,Farm to Market Road Development Program,0.28,,2985000.00,2015,,Farm to Market Road Development Program,Project Group: Farm-to-Market Roads | Project Type: Farm-to-Market Road | Beneficiary: 
ABEMIS0840,Concreting of San Antonio Minnit to San Manuel FMR,ABEMIS_FMR,Isabela,6th District,Echague,San Antonio Minit,,,Farm to Market Road Development Program,0.44,,3480000.00,2015,,Farm to Market Road Development Program,Project Group: Farm-to-Market Roads | Project Type: Farm-to-Market Road | Beneficiary: 
ABEMIS0841,Construction of Sitio San Francisco FMR,ABEMIS_FMR,Cagayan,1st District,Buguey,Tabbac,,,Farm to Market Road Development Program,0.36,,2985000.00,2015,,Farm to Market Road Development Program,Project Group: Farm-to-Market Roads | Project Type: Farm-to-Market Road | Beneficiary: 
ABEMIS0842,Construction of Cullit to Rosario FMR,ABEMIS_FMR,Cagayan,1st District,Lal-lo,Cullit,,,Farm to Market Road Development Program,0.48,,3933872.50,2015,,Farm to Market Road Development Program,Project Group: Farm-to-Market Roads | Project Type: Farm-to-Market Road | Beneficiary: 
ABEMIS0843,Concreting of San Manuel to San Antonio Minit FMR,ABEMIS_FMR,Isabela,6th District,Echague,San Manuel,,,Farm to Market Road Development Program,0.57,,4480000.00,2015,,Farm to Market Road Development Program,Project Group: Farm-to-Market Roads | Project Type: Farm-to-Market Road | Beneficiary: 
ABEMIS0844,CONCRETING OF CABARUAN- MANARING FMR,ABEMIS_FMR,Isabela,2nd District,Naguilian,Cabaruan,,,Farm to Market Road Development Program,0.20,,1990000.00,2018,,Farm to Market Road Development Program,Project Group: Farm-to-Market Roads | Project Type: Farm-to-Market Road | Beneficiary: 
ABEMIS0845,CONCRETING OF BANNAWAG-BONIFACIO FMR,ABEMIS_FMR,Isabela,3rd District,Angadanan,Bannawag,,,Farm to Market Road Development Program,1.70,,16980000.00,2018,,Farm to Market Road Development Program,Project Group: Farm-to-Market Roads | Project Type: Farm-to-Market Road | Beneficiary: 
ABEMIS0846,CONCRETING OF SITIO ZARAGOZA- NACALMA FMR,ABEMIS_FMR,Isabela,2nd District,Benito Soliven,Nacalma,,,Farm to Market Road Development Program,0.50,,4975000.00,2018,,Farm to Market Road Development Program,Project Group: Farm-to-Market Roads | Project Type: Farm-to-Market Road | Beneficiary: 
ABEMIS0847,CONCRETING OF CENTRO 2 FMR,ABEMIS_FMR,Isabela,5th District,Mallig,Centro II (Pob.),,,Farm to Market Road Development Program,1.00,,9952000.00,2018,,Farm to Market Road Development Program,Project Group: Farm-to-Market Roads | Project Type: Farm-to-Market Road | Beneficiary: 
ABEMIS0848,CONCRETING OF SINAIT-CABARUAN FMR,ABEMIS_FMR,Isabela,5th District,Quirino,Sinait,,,Farm to Market Road Development Program,0.50,,4975000.00,2018,,Farm to Market Road Development Program,Project Group: Farm-to-Market Roads | Project Type: Farm-to-Market Road | Beneficiary: 
ABEMIS0849,CONCRETING OF QUIRINO EXPERIMENT STATION ROAD NETWORK FMR,ABEMIS_FMR,Quirino,Quirino,Aglipay,Dungo,,,Farm to Market Road Development Program,0.70,,6980000.00,2018,,Farm to Market Road Development Program,Project Group: Farm-to-Market Roads | Project Type: Farm-to-Market Road | Beneficiary: 
ABEMIS0850,CONCRETING OF PALACIAN FMR,ABEMIS_FMR,Quirino,Quirino,Aglipay,Palacian,,,Farm to Market Road Development Program,0.50,,4975000.00,2018,,Farm to Market Road Development Program,Project Group: Farm-to-Market Roads | Project Type: Farm-to-Market Road | Beneficiary: 
ABEMIS0851,CONCRETING OF SAN PASCUAL FMR,ABEMIS_FMR,Quirino,Quirino,Diffun,San Pascual,,,Farm to Market Road Development Program,0.50,,4975000.00,2018,,Farm to Market Road Development Program,Project Group: Farm-to-Market Roads | Project Type: Farm-to-Market Road | Beneficiary: 
ABEMIS0852,CONCRETING OF KIRANG FMR,ABEMIS_FMR,Nueva Vizcaya,Nueva Vizcaya,Aritao,Kirang,,,Farm to Market Road Development Program,0.50,,4975000.00,2018,,Farm to Market Road Development Program,Project Group: Farm-to-Market Roads | Project Type: Farm-to-Market Road | Beneficiary: 
ABEMIS0853,CONCRETING/IMPROVEMENT OF DUMMON FMR,ABEMIS_FMR,Isabela,5th District,Quezon,Dunmon,,,Farm to Market Road Development Program,0.23,,1990000.00,2016,,Farm to Market Road Development Program,Project Group: Farm-to-Market Roads | Project Type: Farm-to-Market Road | Beneficiary: 
ABEMIS0854,CONCRETING/IMPROVEMENT OF MANGGA FMR,ABEMIS_FMR,Isabela,5th District,Quezon,Mangga,,,Farm to Market Road Development Program,0.37,,2985000.00,2016,,Farm to Market Road Development Program,Project Group: Farm-to-Market Roads | Project Type: Farm-to-Market Road | Beneficiary: 
ABEMIS0855,CONSTRUCTION OF BUNNAY-MABUHAY-SALAY FMR,ABEMIS_FMR,Isabela,3rd District,Angadanan,Bunnay,,,Farm to Market Road Development Program,1.42,,7890000.00,2016,,Farm to Market Road Development Program,Project Group: Farm-to-Market Roads | Project Type: Farm-to-Market Road | Beneficiary: 
ABEMIS0856,"Concreting of Karatawan-Kalunuan FMR Brgy. Rapuli, Santa Ana, Cagayan",ABEMIS_FMR,Cagayan,1st District,Santa Ana,Rapuli (Punti),,,Farm to Market Road Development Program,0.25,,2970000.00,2015,,Farm to Market Road Development Program,Project Group: Farm-to-Market Roads | Project Type: Farm-to-Market Road | Beneficiary: 
ABEMIS0857,Construction of Bagu SWIP,ABEMIS_IRRIGATION,Cagayan,2nd District,Pamplona,Bagu,,,Rice Program,1.00,,11592911.68,2022,,Rice Program,Project Group: Irrigation and Water Systems | Project Type: Small Water Impounding Project | Beneficiary: Sitio Layok Small Water Impounding Project Association Inc.
ABEMIS0858,Construction of Palay Shed,ABEMIS_POSTHARVEST,Cagayan,2nd District,Ballesteros,Payagan East,,,Rice Program,1.00,,479570.62,2024,,Rice Program,Project Group: Postharvest and Processing | Project Type: Palay Shed | Beneficiary: Payagan Farmers Multi-Purpose Cooperative
ABEMIS0859,Construction of Multi-Crop Drying Pavement,ABEMIS_POSTHARVEST,Cagayan,2nd District,Santo Ni?o (Faire),Centro Norte (Pob.),,,Corn Program,1.00,,712167.70,2024,,Corn Program,Project Group: Postharvest and Processing | Project Type: Multi Crop Drying Pavement (MCDP) | Beneficiary: Southern Cagayan Farmers Multi-Purpose Cooperative
ABEMIS0860,Construction of Palay Shed,ABEMIS_POSTHARVEST,Quirino,Quirino,Maddela,Villa Hermosa Sur,,,Rice Program,1.00,,454879.26,2024,,Rice Program,Project Group: Postharvest and Processing | Project Type: Palay Shed | Beneficiary: Maddela Auto Savings Multi-Purpose Cooperative
ABEMIS0861,Construction of Cuntapay SWIP III,ABEMIS_IRRIGATION,Isabela,5th District,Mallig,Trinidad,,,Rice Program,1.00,,18871370.00,2023,,Rice Program,Project Group: Irrigation and Water Systems | Project Type: Small Water Impounding Project | Beneficiary: Siempre Viva Farmers Association
ABEMIS0862,School Garden Program,ABEMIS_FOOD_GARDEN,Cagayan,1st District,Alcala,Dalaoig,,,High Value Crop Development Program,1.00,,10000.00,2022,,High Value Crop Development Program,"Project Group: Food Gardens | Project Type: School Garden | Beneficiary: DALAOIG ELEMENTARY SCHOOL - DALAOIG ALCALA, CAGAYAN (CAGAYAN VALLEY)"
ABEMIS0863,School Garden Program,ABEMIS_FOOD_GARDEN,Cagayan,2nd District,Allacapan,Matucay,,,High Value Crop Development Program,1.00,,10000.00,2022,,High Value Crop Development Program,Project Group: Food Gardens | Project Type: School Garden | Beneficiary: Matucay National High School
ABEMIS0864,School Garden Program,ABEMIS_FOOD_GARDEN,Cagayan,2nd District,Allacapan,Binobongan,,,High Value Crop Development Program,1.00,,10000.00,2022,,High Value Crop Development Program,Project Group: Food Gardens | Project Type: School Garden | Beneficiary: Binubongan Elementary School
ABEMIS0865,School Garden Program,ABEMIS_FOOD_GARDEN,Cagayan,2nd District,Allacapan,Centro East (Pob.),,,High Value Crop Development Program,1.00,,10000.00,2022,,High Value Crop Development Program,Project Group: Food Gardens | Project Type: School Garden | Beneficiary: Allacapan South Central School
ABEMIS0866,School Garden Program,ABEMIS_FOOD_GARDEN,Cagayan,2nd District,Santo Ni?o (Faire),Abariongan Uneg,,,High Value Crop Development Program,1.00,,10000.00,2022,,High Value Crop Development Program,Project Group: Food Gardens | Project Type: School Garden | Beneficiary: Abariongan Elementary School
ABEMIS0867,School Garden Program,ABEMIS_FOOD_GARDEN,Cagayan,1st District,Baggao,Barsat East,,,High Value Crop Development Program,1.00,,10000.00,2022,,High Value Crop Development Program,Project Group: Food Gardens | Project Type: School Garden | Beneficiary: Barsat East Elementary School
ABEMIS0868,School Garden Program,ABEMIS_FOOD_GARDEN,Cagayan,1st District,Alcala,Calantac,,,High Value Crop Development Program,1.00,,10000.00,2022,,High Value Crop Development Program,Project Group: Food Gardens | Project Type: School Garden | Beneficiary: Catarauan Elementary School
ABEMIS0869,School Garden Program,ABEMIS_FOOD_GARDEN,Cagayan,1st District,Camalaniugan,Bantay,,,High Value Crop Development Program,1.00,,10000.00,2022,,High Value Crop Development Program,Project Group: Food Gardens | Project Type: School Garden | Beneficiary: Felipe Tuzon Agricultural School
ABEMIS0870,School Garden Program,ABEMIS_FOOD_GARDEN,Cagayan,1st District,Camalaniugan,Centro Norte (Pob.),,,High Value Crop Development Program,1.00,,10000.00,2022,,High Value Crop Development Program,Project Group: Food Gardens | Project Type: School Garden | Beneficiary: Camalaniugan National High School
ABEMIS0871,School Garden Program,ABEMIS_FOOD_GARDEN,Cagayan,1st District,Camalaniugan,Catotoran Norte,,,High Value Crop Development Program,1.00,,10000.00,2022,,High Value Crop Development Program,Project Group: Food Gardens | Project Type: School Garden | Beneficiary: Camalaniugan National High School - Catotoran Annex
ABEMIS0872,School Garden Program,ABEMIS_FOOD_GARDEN,Cagayan,1st District,Buguey,Centro (Pob.),,,High Value Crop Development Program,1.00,,10000.00,2022,,High Value Crop Development Program,Project Group: Food Gardens | Project Type: School Garden | Beneficiary: Licerio Antiporda Sr. National High School
ABEMIS0873,School Garden Program,ABEMIS_FOOD_GARDEN,Cagayan,3rd District,Solana,Iraga,,,High Value Crop Development Program,1.00,,10000.00,2022,,High Value Crop Development Program,Project Group: Food Gardens | Project Type: School Garden | Beneficiary: Solana Fresh Water Fishery School
ABEMIS0874,School Garden Program,ABEMIS_FOOD_GARDEN,Cagayan,3rd District,Iguig,Redondo,,,High Value Crop Development Program,1.00,,10000.00,2022,,High Value Crop Development Program,Project Group: Food Gardens | Project Type: School Garden | Beneficiary: Redondo Elementary School
ABEMIS0875,School Garden Program,ABEMIS_FOOD_GARDEN,Cagayan,1st District,Alcala,Carallangan,,,High Value Crop Development Program,1.00,,10000.00,2022,,High Value Crop Development Program,Project Group: Food Gardens | Project Type: School Garden | Beneficiary: CARALLANGAN ELEMENTARY SCHOOL
ABEMIS0876,Gulayan sa Barangay,ABEMIS_FOOD_GARDEN,Quirino,Quirino,Nagtipunan,San Dionisio II,,,High Value Crop Development Program,1.00,,100000.00,2022,,High Value Crop Development Program,Project Group: Food Gardens | Project Type: Gulayan sa Barangay | Beneficiary: Barangay Local Government Unit - San Dionisio Nagtipunan (Cagayan Valley II)
ABEMIS0877,School Garden Program,ABEMIS_FOOD_GARDEN,Cagayan,2nd District,Ballesteros,Cabayu,,,High Value Crop Development Program,1.00,,10000.00,2022,,High Value Crop Development Program,Project Group: Food Gardens | Project Type: School Garden | Beneficiary: Cabayu Elementary School
ABEMIS0878,School Garden Program,ABEMIS_FOOD_GARDEN,Cagayan,1st District,Alcala,Dalaoig,,,High Value Crop Development Program,1.00,,10000.00,2022,,High Value Crop Development Program,Project Group: Food Gardens | Project Type: School Garden | Beneficiary: Dalaoig Elementary School
ABEMIS0879,School Garden Program,ABEMIS_FOOD_GARDEN,Cagayan,3rd District,Tuao,Balagao,,,High Value Crop Development Program,1.00,,10000.00,2022,,High Value Crop Development Program,Project Group: Food Gardens | Project Type: School Garden | Beneficiary: ITAWES NAT'L AGR'L AND TECH'L SCHOOL - BULAGAO TUAO CAGAYAN (CAGAYAN VALLEY)
ABEMIS0880,School Garden Program,ABEMIS_FOOD_GARDEN,Cagayan,1st District,Lal-lo,Maxingal,,,High Value Crop Development Program,1.00,,10000.00,2022,,High Value Crop Development Program,Project Group: Food Gardens | Project Type: School Garden | Beneficiary: MAXINGAL ELEMENTARY SCHOOL - MAXINGAL LAL-LO CAGAYAN (CAGAYAN VALLEY)
ABEMIS0881,School Garden Program,ABEMIS_FOOD_GARDEN,Cagayan,3rd District,Amulung,Baculud,,,High Value Crop Development Program,1.00,,10000.00,2022,,High Value Crop Development Program,"Project Group: Food Gardens | Project Type: School Garden | Beneficiary: AMULUNG NATIONAL HIGH SCHOOL, BACULUD EXTENSION - BACULUD AMULUNG CAGAYAN (CAGAYAN VALLEY)"
ABEMIS0882,GULAYAN SA BARANGAY,ABEMIS_FOOD_GARDEN,Nueva Vizcaya,Nueva Vizcaya,Solano,Quirino,,,High Value Crop Development Program,1.00,,100000.00,2022,,High Value Crop Development Program,"Project Group: Food Gardens | Project Type: Gulayan sa Barangay | Beneficiary: BARANGAY LOCAL GOVERNMENT UNIT - QUIRINO, SOLANO"
ABEMIS0883,School Garden Program,ABEMIS_FOOD_GARDEN,Cagayan,3rd District,Tuao,Pata,,,High Value Crop Development Program,1.00,,10000.00,2022,,High Value Crop Development Program,"Project Group: Food Gardens | Project Type: School Garden | Beneficiary: TUAO VOC'L AND TECH'L SCHOOL, PATA ANNEX - PATA TUAO CAGAYAN (CAGAYAN VALLEY)"
ABEMIS0884,School Garden Program,ABEMIS_FOOD_GARDEN,Cagayan,1st District,Gattaran,Capissayan Sur,,,High Value Crop Development Program,1.00,,10000.00,2022,,High Value Crop Development Program,"Project Group: Food Gardens | Project Type: School Garden | Beneficiary: CAPISSAYAN ELEMENTARY SCHOOL - CAPISSAYAN SUR GATTARAN, CAGAYAN (CAGAYAN VALLEY)"
ABEMIS0885,School Garden Program,ABEMIS_FOOD_GARDEN,Cagayan,1st District,Gattaran,Takiki,,,High Value Crop Development Program,1.00,,10000.00,2022,,High Value Crop Development Program,Project Group: Food Gardens | Project Type: School Garden | Beneficiary: ALBERTO C. ANTONIO PRIMARY SCHOOL - TAKIKI GATTARAN CAGAYAN (CAGAYAN VALLEY)
ABEMIS0886,School Garden Program,ABEMIS_FOOD_GARDEN,Cagayan,1st District,Gattaran,Cumao,,,High Value Crop Development Program,1.00,,10000.00,2022,,High Value Crop Development Program,"Project Group: Food Gardens | Project Type: School Garden | Beneficiary: CUMAO ELEMENTARY SCHOOL - CUMAO GATTARAN, CAGAYAN (CAGAYAN VALLEY)"
ABEMIS0887,School Garden Program,ABEMIS_FOOD_GARDEN,Cagayan,1st District,Gattaran,Nagatutuan,,,High Value Crop Development Program,1.00,,10000.00,2022,,High Value Crop Development Program,Project Group: Food Gardens | Project Type: School Garden | Beneficiary: NAGATUTUAN ELEMENTARY SCHOOL - NAGATUTUAN GATTARAN CAGAYAN (CAGAYAN VALLEY)
ABEMIS0888,School Garden Program,ABEMIS_FOOD_GARDEN,Cagayan,1st District,Lal-lo,Malanao,,,High Value Crop Development Program,1.00,,10000.00,2022,,High Value Crop Development Program,Project Group: Food Gardens | Project Type: School Garden | Beneficiary: MALANAO ELEMENTARY SCHOOL - MALANAO LAL-LO CAGAYAN (CAGAYAN VALLEY)
ABEMIS0889,School Garden Program,ABEMIS_FOOD_GARDEN,Cagayan,1st District,Lal-lo,Bangag,,,High Value Crop Development Program,1.00,,10000.00,2022,,High Value Crop Development Program,Project Group: Food Gardens | Project Type: School Garden | Beneficiary: BANGAG ELEMENTARY SCHOOL - BANGAG LAL-LO CAGAYAN(CAGAYAN VALLEY)
ABEMIS0890,School Garden Program,ABEMIS_FOOD_GARDEN,Cagayan,1st District,Lal-lo,Magapit,,,High Value Crop Development Program,1.00,,10000.00,2022,,High Value Crop Development Program,Project Group: Food Gardens | Project Type: School Garden | Beneficiary: MAGAPIT NATIONAL HIGH SCHOOL - MAGAPIT LAL-LO CAGAYAN (CAGAYAN VALLEY)
ABEMIS0891,School Garden Program,ABEMIS_FOOD_GARDEN,Cagayan,1st District,Gonzaga,Ipil,,,High Value Crop Development Program,1.00,,10000.00,2022,,High Value Crop Development Program,Project Group: Food Gardens | Project Type: School Garden | Beneficiary: IPIL NATIONAL HIGH SCHOOL - IPIL GONZAGA CAGAYAN (CAGAYAN VALLEY)
ABEMIS0892,School Garden Program,ABEMIS_FOOD_GARDEN,Cagayan,1st District,Lal-lo,Catayauan,,,High Value Crop Development Program,1.00,,10000.00,2022,,High Value Crop Development Program,"Project Group: Food Gardens | Project Type: School Garden | Beneficiary: CATAYAUAN ELEMENTARY SCHOOL ,LAL-LO CENTRAL DISTRICT - CATAYAUAN LAL-LO CAGAYAN (CAGAYAN VALLEY)"
ABEMIS0893,School Garden Program,ABEMIS_FOOD_GARDEN,Cagayan,1st District,Lal-lo,Bagumbayan,,,High Value Crop Development Program,1.00,,10000.00,2022,,High Value Crop Development Program,Project Group: Food Gardens | Project Type: School Garden | Beneficiary: BAGUMBAYAN CENTRAL SCHOOL - BGUMBAYAN LAL-LO CAGAYAN (CAGAYAN VALLEY)
ABEMIS0894,School Garden Program,ABEMIS_FOOD_GARDEN,Cagayan,3rd District,Enrile,Barangay II (Pob.),,,High Value Crop Development Program,1.00,,10000.00,2022,,High Value Crop Development Program,Project Group: Food Gardens | Project Type: School Garden | Beneficiary: ENRILE VOCATIONAL HIGH SCHOOL - CENTRO ENRILE CAGAYAN (CAGAYAN VALLEY)
ABEMIS0895,School Garden Program,ABEMIS_FOOD_GARDEN,Cagayan,1st District,Lal-lo,Bical,,,High Value Crop Development Program,1.00,,10000.00,2022,,High Value Crop Development Program,"Project Group: Food Gardens | Project Type: School Garden | Beneficiary: BICAL ELEMENTARY SCHOOL - BICAL LALLO, CAGAYAN - (CAGAYAN VALLEY)"
ABEMIS0896,School Garden Program,ABEMIS_FOOD_GARDEN,Cagayan,3rd District,Amulung,La Suerte,,,High Value Crop Development Program,1.00,,10000.00,2022,,High Value Crop Development Program,"Project Group: Food Gardens | Project Type: School Garden | Beneficiary: BAYABAT NATIONAL HIGH SCHOOL, LA SUERTE EXTENSION - LA SUERTE AMULUNG CAGAYAN (CAGAYAN VALLEY)"
ABEMIS0897,School Garden Program,ABEMIS_FOOD_GARDEN,Cagayan,3rd District,Enrile,Lanna,,,High Value Crop Development Program,1.00,,10000.00,2022,,High Value Crop Development Program,"Project Group: Food Gardens | Project Type: School Garden | Beneficiary: ENRILE WEST CENTRAL SCHOOL - BABARAN SAN JOSE, ENRILE, CAGAYAN (CAGAYAN VALLEY)"
ABEMIS0898,School Garden Program,ABEMIS_FOOD_GARDEN,Cagayan,3rd District,Tuao,Culong,,,High Value Crop Development Program,1.00,,10000.00,2022,,High Value Crop Development Program,"Project Group: Food Gardens | Project Type: School Garden | Beneficiary: TUAO VOC'L AND TECH'L SCHOOL, CULUNG ANNEX - CULUNG TUAO CAGAYAN (CAGAYAN VALLEY)"
ABEMIS0899,School Garden Program,ABEMIS_FOOD_GARDEN,Cagayan,3rd District,Pe?ablanca,Callao,,,High Value Crop Development Program,1.00,,10000.00,2022,,High Value Crop Development Program,"Project Group: Food Gardens | Project Type: School Garden | Beneficiary: DON SEVERINO PAGALILAUAN NATIONAL HIGH SCHOOL - CALLAO PENABLANCA, CAGAYAN (CAGUYAN VALLEY)"
ABEMIS0900,School Garden Program,ABEMIS_FOOD_GARDEN,Cagayan,2nd District,Lasam,Ignacio Jurado (Finugu Sur),,,High Value Crop Development Program,1.00,,10000.00,2022,,High Value Crop Development Program,"Project Group: Food Gardens | Project Type: School Garden | Beneficiary: IGNACIO B. JURADO ELEMENTARY SCHOOL - IGNACIO B. JURADO LASAM, CAGAYAN (CAGAYAN VALLEY)"
ABEMIS0901,School Garden Program,ABEMIS_FOOD_GARDEN,Cagayan,2nd District,Lasam,Minanga Norte,,,High Value Crop Development Program,1.00,,10000.00,2022,,High Value Crop Development Program,"Project Group: Food Gardens | Project Type: School Garden | Beneficiary: MINANGA NORTE ELEMENTARY SCHOOL - MINANGA NORTE LASAM, CAGAYAN (CAGAYAN VALLEY)"
ABEMIS0902,School Garden Program,ABEMIS_FOOD_GARDEN,Cagayan,3rd District,Tuao,Alabug,,,High Value Crop Development Program,1.00,,10000.00,2022,,High Value Crop Development Program,"Project Group: Food Gardens | Project Type: School Garden | Beneficiary: ITAWES NATIONAL HIGH SCHOOL - ALABUG TUAO WEST, CAGAYAN (CAGAYAN VALLEY)"
ABEMIS0903,GULAYAN SA BARANGAY,ABEMIS_FOOD_GARDEN,Nueva Vizcaya,Nueva Vizcaya,Aritao,Canarem,,,High Value Crop Development Program,1.00,,100000.00,2022,,High Value Crop Development Program,"Project Group: Food Gardens | Project Type: Gulayan sa Barangay | Beneficiary: BARANGAY LOCAL GOVERNMENT UNIT - CANAREM, ARITAO"
ABEMIS0904,School Garden Program,ABEMIS_FOOD_GARDEN,Cagayan,1st District,Alcala,Masin,,,High Value Crop Development Program,1.00,,10000.00,2022,,High Value Crop Development Program,"Project Group: Food Gardens | Project Type: School Garden | Beneficiary: MASIN ELEMENTARY SCHOOL, - MASIN ALCALA, CAGAYAN (CAGAYAN VALLEY)"
ABEMIS0905,School Garden Program,ABEMIS_FOOD_GARDEN,Cagayan,3rd District,Amulung,Babayuan,,,High Value Crop Development Program,1.00,,10000.00,2022,,High Value Crop Development Program,"Project Group: Food Gardens | Project Type: School Garden | Beneficiary: BABAYUAN ELEMENTARY SCHOOL - BABAYUAN AMULUNG, CAGAYAN (CAGAYAN VALLEY)"
ABEMIS0906,School Garden Program,ABEMIS_FOOD_GARDEN,Cagayan,3rd District,Amulung,Anquiray,,,High Value Crop Development Program,1.00,,10000.00,2022,,High Value Crop Development Program,"Project Group: Food Gardens | Project Type: School Garden | Beneficiary: ANQUIRAY ELEMENTARY SCHOOL - ANQUIRAY AMULUNG, CAGAYAN (CAGAYAN VALLEY)"
ABEMIS0907,School Garden Program,ABEMIS_FOOD_GARDEN,Cagayan,3rd District,Amulung,Agguirit,,,High Value Crop Development Program,1.00,,10000.00,2022,,High Value Crop Development Program,"Project Group: Food Gardens | Project Type: School Garden | Beneficiary: AGGUIRIT ELEMENTARY SCHOOL - AGGUIRIT AMULUNG, CAGAYAN (CAGAYAN V ALLEY)"
ABEMIS0908,School Garden Program,ABEMIS_FOOD_GARDEN,Cagayan,3rd District,Amulung,Estefania,,,High Value Crop Development Program,1.00,,10000.00,2022,,High Value Crop Development Program,"Project Group: Food Gardens | Project Type: School Garden | Beneficiary: ESTEFANIA ELEMENTARY SCHOOL - ESTEFANIA AMULUNG, CAGAYAN - (CAGAYAN VALLEY)"
ABEMIS0909,GULAYAN SA BARANGAY,ABEMIS_FOOD_GARDEN,Nueva Vizcaya,Nueva Vizcaya,Aritao,Sta. Clara,,,High Value Crop Development Program,1.00,,100000.00,2022,,High Value Crop Development Program,"Project Group: Food Gardens | Project Type: Gulayan sa Barangay | Beneficiary: BARANGAY LOCAL GOVERNMENT UNIT - STA. CLARA, ARITAO"
ABEMIS0910,School Garden Program,ABEMIS_FOOD_GARDEN,Cagayan,1st District,Baggao,Asassi,,,High Value Crop Development Program,1.00,,10000.00,2022,,High Value Crop Development Program,"Project Group: Food Gardens | Project Type: School Garden | Beneficiary: ASASSI ELEMENTARY SCHOOL - ASASSI BAGGAO, CAGAYAN (CAGAYAN VALLEY)"
ABEMIS0911,School Garden Program,ABEMIS_FOOD_GARDEN,Cagayan,1st District,Camalaniugan,Alilinu,,,High Value Crop Development Program,1.00,,10000.00,2022,,High Value Crop Development Program,"Project Group: Food Gardens | Project Type: School Garden | Beneficiary: Alinunu Elementary School - Alinunu Camalaniugan, Cagayan (Cagayan Valley)"
ABEMIS0912,Gulayan sa Barangay,ABEMIS_FOOD_GARDEN,Isabela,5th District,Burgos,Cullalabo del Sur,,,High Value Crop Development Program,1.00,,100000.00,2022,,High Value Crop Development Program,Project Group: Food Gardens | Project Type: Gulayan sa Barangay | Beneficiary: Barangay Local Government Unit - Culalabo Del Sur Burgos (Cagayan Valley II)
ABEMIS0913,School Garden Program,ABEMIS_FOOD_GARDEN,Cagayan,1st District,Camalaniugan,Catotoran Norte,,,High Value Crop Development Program,1.00,,10000.00,2022,,High Value Crop Development Program,"Project Group: Food Gardens | Project Type: School Garden | Beneficiary: CATOTORAN ELEMENTARY SCHOOL - CATOTORAN NORTE CAMALANIUGAN, CAGAYAN (CAGAYAN VALLEY)"
ABEMIS0914,School Garden Program,ABEMIS_FOOD_GARDEN,Cagayan,3rd District,Amulung,Unag,,,High Value Crop Development Program,1.00,,10000.00,2022,,High Value Crop Development Program,"Project Group: Food Gardens | Project Type: School Garden | Beneficiary: UNAG-ANNABUCULAN ELEMENTARY SCHOOL - UNAG AMULUNG, CAGAYAN (CAGAYAN VALLEY)"
ABEMIS0915,Gulayan sa Barangay,ABEMIS_FOOD_GARDEN,Isabela,5th District,Burgos,Bacnor East,,,High Value Crop Development Program,1.00,,100000.00,2022,,High Value Crop Development Program,Project Group: Food Gardens | Project Type: Gulayan sa Barangay | Beneficiary: Barangay Local Government Unit - Bacnor East Burgos (Cagayan Valley Ii)
ABEMIS0916,Gulayan sa Barangay,ABEMIS_FOOD_GARDEN,Isabela,5th District,Burgos,Masigun,,,High Value Crop Development Program,1.00,,100000.00,2022,,High Value Crop Development Program,Project Group: Food Gardens | Project Type: Gulayan sa Barangay | Beneficiary: Barangay Local Government Unit - Masigun Burgos (Cagayan Vallley II)
ABEMIS0917,Gulayan sa Barangay,ABEMIS_FOOD_GARDEN,Isabela,5th District,Burgos,Dalig,,,High Value Crop Development Program,1.00,,100000.00,2022,,High Value Crop Development Program,Project Group: Food Gardens | Project Type: Gulayan sa Barangay | Beneficiary: Barangay Local Government Unit - Dalig Burgos (Cagayan Valley II)
ABEMIS0918,Gulayan sa Barangay,ABEMIS_FOOD_GARDEN,Isabela,5th District,Luna,Centro 2 (Pob.),,,High Value Crop Development Program,1.00,,100000.00,2022,,High Value Crop Development Program,Project Group: Food Gardens | Project Type: Gulayan sa Barangay | Beneficiary: Barangay Local Government Unit - Centro 2 Luna (cagayan Valley Ii)
ABEMIS0919,Gulayan sa Barangay,ABEMIS_FOOD_GARDEN,Isabela,5th District,Luna,Lalog 1,,,High Value Crop Development Program,1.00,,100000.00,2022,,High Value Crop Development Program,Project Group: Food Gardens | Project Type: Gulayan sa Barangay | Beneficiary: Barangay Local Government Unit - Lalog-1 Luna (Cagayan Valley II)
ABEMIS0920,GULAYAN SA PAARALAN,ABEMIS_FOOD_GARDEN,Cagayan,1st District,Baggao,Bitag Peque?o,,,High Value Crop Development Program,1.00,,10000.00,2022,,High Value Crop Development Program,"Project Group: Food Gardens | Project Type: School Garden | Beneficiary: BITAG PEQUENO ELEMENTARY SCHOOL - BITAG PEQUENO BAGGAO, CAGAYAN (CAGAYAN VALLEY)"
ABEMIS0921,Gulayan sa Barangay,ABEMIS_FOOD_GARDEN,Isabela,5th District,Luna,Pulay,,,High Value Crop Development Program,1.00,,100000.00,2022,,High Value Crop Development Program,Project Group: Food Gardens | Project Type: Gulayan sa Barangay | Beneficiary: Barangay Local Government Unit - Pulay Luna (Cagayan valley II)
ABEMIS0922,Gulayan sa Barangay,ABEMIS_FOOD_GARDEN,Isabela,5th District,Luna,Mambabanga,,,High Value Crop Development Program,1.00,,100000.00,2022,,High Value Crop Development Program,Project Group: Food Gardens | Project Type: Gulayan sa Barangay | Beneficiary: Barangay Local Government unit - Mambabanga Luna (Cagayan Valley II)
ABEMIS0923,Gulayan sa Barangay,ABEMIS_FOOD_GARDEN,Isabela,5th District,Luna,San Miguel,,,High Value Crop Development Program,1.00,,100000.00,2022,,High Value Crop Development Program,Project Group: Food Gardens | Project Type: Gulayan sa Barangay | Beneficiary: Barangay Local Government Unit - San Miguel Luna (Cagayan Valley II)
ABEMIS0924,School Garden Program,ABEMIS_FOOD_GARDEN,Cagayan,3rd District,Pe?ablanca,Lapi,,,High Value Crop Development Program,1.00,,10000.00,2022,,High Value Crop Development Program,"Project Group: Food Gardens | Project Type: School Garden | Beneficiary: BAUAN ELEMENTARY SCHOOL - BAUAN LAPI PENABLANCA, CAGAYAN (CAGAYAN VALLEY)"
ABEMIS0925,Gulayan sa Barangay,ABEMIS_FOOD_GARDEN,Isabela,6th District,San Isidro,Camarag,,,High Value Crop Development Program,1.00,,100000.00,2022,,High Value Crop Development Program,Project Group: Food Gardens | Project Type: Gulayan sa Barangay | Beneficiary: Barangay Local Government Unit - Camarag San Isidro (Cagayan Valley II)
ABEMIS0926,Gulayan sa Barangay,ABEMIS_FOOD_GARDEN,Isabela,6th District,San Isidro,Patanad,,,High Value Crop Development Program,1.00,,100000.00,2022,,High Value Crop Development Program,Project Group: Food Gardens | Project Type: Gulayan sa Barangay | Beneficiary: Barangay Local Government Unit - Patanad San Isidro (Cagayan Valley II)
ABEMIS0927,Gulayan sa Barangay,ABEMIS_FOOD_GARDEN,Isabela,6th District,San Isidro,Rizal West (Pob.),,,High Value Crop Development Program,1.00,,100000.00,2022,,High Value Crop Development Program,Project Group: Food Gardens | Project Type: Gulayan sa Barangay | Beneficiary: Barangay Local Government Unit - Rizal West San Isidro (Cagayan Valley II)
ABEMIS0928,Gualayan sa Baranagay,ABEMIS_FOOD_GARDEN,Isabela,6th District,San Isidro,Rizal East (Pob.),,,High Value Crop Development Program,1.00,,100000.00,2022,,High Value Crop Development Program,Project Group: Food Gardens | Project Type: Gulayan sa Barangay | Beneficiary: Barangay Local Government Unit - Rizal East San Isidro (Cagayan Valley II)
ABEMIS0929,Gulayan sa Barangay,ABEMIS_FOOD_GARDEN,Isabela,2nd District,Naguilian,Santo Tomas,,,High Value Crop Development Program,1.00,,100000.00,2022,,High Value Crop Development Program,Project Group: Food Gardens | Project Type: Gulayan sa Barangay | Beneficiary: Barangay Local Government Unit - Sto. Tomas Naguilian (Cagayan Valley II)
ABEMIS0930,School Garden Program,ABEMIS_FOOD_GARDEN,Cagayan,2nd District,Piat,Santo Domingo,,,High Value Crop Development Program,1.00,,10000.00,2022,,High Value Crop Development Program,"Project Group: Food Gardens | Project Type: School Garden | Beneficiary: STO. DOMINGO ELEMENTARY SCHOOL - STO. DOMINGO PIAT, CAGAYAN (CAGAYAN VALLEY)"
ABEMIS0931,Gulayan sa Barangay,ABEMIS_FOOD_GARDEN,Isabela,2nd District,Naguilian,Tomines,,,High Value Crop Development Program,1.00,,100000.00,2022,,High Value Crop Development Program,Project Group: Food Gardens | Project Type: Gulayan sa Barangay | Beneficiary: Barangay Local Government Unit - Tomines Naguilian (Cagayan Valley II)
ABEMIS0932,School Garden Program,ABEMIS_FOOD_GARDEN,Cagayan,2nd District,Piat,Maguilling,,,High Value Crop Development Program,1.00,,10000.00,2022,,High Value Crop Development Program,"Project Group: Food Gardens | Project Type: School Garden | Beneficiary: STA. BARBARA-MAGUILLING ELEMENTARY SCHOOL - MAGUILLING PIAT, CAGAYAN (CAGAYAN VALLEY)"
ABEMIS0933,Gulayan sa Barangay,ABEMIS_FOOD_GARDEN,Isabela,2nd District,Naguilian,Sunlife,,,High Value Crop Development Program,1.00,,100000.00,2022,,High Value Crop Development Program,Project Group: Food Gardens | Project Type: Gulayan sa Barangay | Beneficiary: Barangay Local Government Unit - Sunlife Naguilian (Cagayan Valley II)
ABEMIS0934,Gulayan sa Barangay,ABEMIS_FOOD_GARDEN,Isabela,2nd District,Reina Mercedes,Napaccu Grande,,,High Value Crop Development Program,1.00,,100000.00,2022,,High Value Crop Development Program,Project Group: Food Gardens | Project Type: Gulayan sa Barangay | Beneficiary: Barangay Local Government Unit - Napaccu Grande (Cagayan Valley II)
ABEMIS0935,Gulayan sa Barangay,ABEMIS_FOOD_GARDEN,Isabela,2nd District,Reina Mercedes,District II (Pob.),,,High Value Crop Development Program,1.00,,100000.00,2022,,High Value Crop Development Program,Project Group: Food Gardens | Project Type: Gulayan sa Barangay | Beneficiary: Barangay Local Government Unit - District II Reina Mercedes (Cagayan Valley II)
ABEMIS0936,Gulayan sa Barangay,ABEMIS_FOOD_GARDEN,Isabela,2nd District,Reina Mercedes,Mallalatang Grande,,,High Value Crop Development Program,1.00,,100000.00,2022,,High Value Crop Development Program,Project Group: Food Gardens | Project Type: Gulayan sa Barangay | Beneficiary: Barangay Local Government Unit - Mallatang Grande Reina Mercedes (Cagayan Valley II)
ABEMIS0937,Gulayan sa Barangay,ABEMIS_FOOD_GARDEN,Isabela,2nd District,Reina Mercedes,Cutog Grande,,,High Value Crop Development Program,1.00,,100000.00,2022,,High Value Crop Development Program,Project Group: Food Gardens | Project Type: Gulayan sa Barangay | Beneficiary: Barangay Local Government Unit - Cutog Grande Reina Mercedes (Cagayan Valley II)
ABEMIS0938,Gulayan sa Barangay,ABEMIS_FOOD_GARDEN,Isabela,2nd District,Reina Mercedes,Turod,,,High Value Crop Development Program,1.00,,100000.00,2022,,High Value Crop Development Program,Project Group: Food Gardens | Project Type: Gulayan sa Barangay | Beneficiary: Barangay Local Government Unit - Turod Reina Mercedes - (Cagayan Valley II)
ABEMIS0939,Gulayan sa Barangay,ABEMIS_FOOD_GARDEN,Quirino,Quirino,Cabarroguis (Capital),Santo Domingo,,,High Value Crop Development Program,1.00,,100000.00,2022,,High Value Crop Development Program,Project Group: Food Gardens | Project Type: Gulayan sa Barangay | Beneficiary: Barangay Local Government Unit - Sto. Domingo Cabarroquis (Cagayan Valley II)
ABEMIS0940,School Garden Program,ABEMIS_FOOD_GARDEN,Cagayan,3rd District,Solana,Parug-parug,,,High Value Crop Development Program,1.00,,10000.00,2022,,High Value Crop Development Program,"Project Group: Food Gardens | Project Type: School Garden | Beneficiary: PAROG-PAROG ELEMENTARY SCHOOL - PAROG-PAROG SOLANA, CAGAYAN (CAGAYAN VALLEY)"
ABEMIS0941,Gulayan sa Barangay,ABEMIS_FOOD_GARDEN,Quirino,Quirino,Diffun,Balagbag,,,High Value Crop Development Program,1.00,,100000.00,2022,,High Value Crop Development Program,Project Group: Food Gardens | Project Type: Gulayan sa Barangay | Beneficiary: Barangay Local Government Unit - Balagbag Diffun (Cagayan Valley II)
ABEMIS0942,School Garden Program,ABEMIS_FOOD_GARDEN,Cagayan,2nd District,Santo Ni?o (Faire),Santa Maria,,,High Value Crop Development Program,1.00,,10000.00,2022,,High Value Crop Development Program,"Project Group: Food Gardens | Project Type: School Garden | Beneficiary: STA. MARIA ELEMENTARY SCHOOL - STA. MARIA STO. NINO, CAGAYAN (CAGAYAN VALLEY)"
ABEMIS0943,School Garden Program,ABEMIS_FOOD_GARDEN,Cagayan,2nd District,Santo Ni?o (Faire),Balanni,,,High Value Crop Development Program,1.00,,10000.00,2022,,High Value Crop Development Program,"Project Group: Food Gardens | Project Type: School Garden | Beneficiary: BALANNI ELEMENTARY SCHOOL - BALANNI STO. NINO, CAGAYAN (CAGAYAN VALLEY II)"
ABEMIS0944,School Garden Program,ABEMIS_FOOD_GARDEN,Cagayan,3rd District,Tuao,Lallayug,,,High Value Crop Development Program,1.00,,10000.00,2022,,High Value Crop Development Program,"Project Group: Food Gardens | Project Type: School Garden | Beneficiary: LALLAYUG ELEMENTARY SCHOOL - LALLAYUG TUAO, CAGAYAN (CAGAYAN VALLEY II)"
ABEMIS0945,School Garden Program,ABEMIS_FOOD_GARDEN,Cagayan,3rd District,Tuao,Villalaida,,,High Value Crop Development Program,1.00,,10000.00,2022,,High Value Crop Development Program,"Project Group: Food Gardens | Project Type: School Garden | Beneficiary: VILLA LAIDA ELEMENTARY SCHOOL - VILLA LAIDA TUAO, CAGAYAN (CAGAYAN VALLEY II)"
ABEMIS0946,School Garden Program,ABEMIS_FOOD_GARDEN,Cagayan,3rd District,Tuao,San Juan,,,High Value Crop Development Program,1.00,,10000.00,2022,,High Value Crop Development Program,Project Group: Food Gardens | Project Type: School Garden | Beneficiary: SAN JUAN ELEMENTARY SCHOOL - SAN JUAN TUAO CAGAYAN ( CAGAYAN VALLEY)
ABEMIS0947,Gulayan sa Barangay,ABEMIS_FOOD_GARDEN,Quirino,Quirino,Aglipay,San Manuel,,,High Value Crop Development Program,1.00,,100000.00,2022,,High Value Crop Development Program,Project Group: Food Gardens | Project Type: Gulayan sa Barangay | Beneficiary: Barangay Local Government Unit - San Manuel Aglipay (Cagayan Valley II)
ABEMIS0948,School Garden Program,ABEMIS_FOOD_GARDEN,Cagayan,1st District,Aparri,Bulala Sur,,,High Value Crop Development Program,1.00,,10000.00,2022,,High Value Crop Development Program,Project Group: Food Gardens | Project Type: School Garden | Beneficiary: Bulala Sur Elementary School
ABEMIS0949,Gulayan sa Barangay,ABEMIS_FOOD_GARDEN,Cagayan,2nd District,Santo Ni?o (Faire),Niug Norte,,,High Value Crop Development Program,1.00,,100000.00,2022,,High Value Crop Development Program,Project Group: Food Gardens | Project Type: Gulayan sa Barangay | Beneficiary: Barangay Local Government Unit - Niug Norte Sto. Nino (Cagayan Valley II)
ABEMIS0950,Gulayan sa Barangay,ABEMIS_FOOD_GARDEN,Cagayan,2nd District,Lasam,Minanga Sur,,,High Value Crop Development Program,1.00,,100000.00,2022,,High Value Crop Development Program,Project Group: Food Gardens | Project Type: Gulayan sa Barangay | Beneficiary: Barangay Local Government Unit - Minanga Sur Lasam (Cagayan Valley II)
ABEMIS0951,Gulayan sa Barangay,ABEMIS_FOOD_GARDEN,Cagayan,2nd District,Claveria,Nagsabaran,,,High Value Crop Development Program,1.00,,100000.00,2022,,High Value Crop Development Program,Project Group: Food Gardens | Project Type: Gulayan sa Barangay | Beneficiary: BArangay Local Government Unit - Nagsabaran Claveria (Cagayan Valley II)
ABEMIS0952,School Garden Program,ABEMIS_FOOD_GARDEN,Cagayan,2nd District,Abulug,Banguian,,,High Value Crop Development Program,1.00,,10000.00,2022,,High Value Crop Development Program,Project Group: Food Gardens | Project Type: School Garden | Beneficiary: Dugo Elementary School
ABEMIS0953,Gulayan sa Barangay,ABEMIS_FOOD_GARDEN,Cagayan,2nd District,Sanchez Mira,Masisit,,,High Value Crop Development Program,1.00,,100000.00,2022,,High Value Crop Development Program,Project Group: Food Gardens | Project Type: Gulayan sa Barangay | Beneficiary: Barangay Local Government Unit - Masisit Sanchez Mira
ABEMIS0954,School Garden Program,ABEMIS_FOOD_GARDEN,Cagayan,2nd District,Abulug,Guiddam,,,High Value Crop Development Program,1.00,,10000.00,2022,,High Value Crop Development Program,Project Group: Food Gardens | Project Type: School Garden | Beneficiary: Guiddam Elementary School
ABEMIS0955,Gulayan sa Barangay,ABEMIS_FOOD_GARDEN,Cagayan,1st District,Gattaran,Naddungan,,,High Value Crop Development Program,1.00,,100000.00,2022,,High Value Crop Development Program,Project Group: Food Gardens | Project Type: Gulayan sa Barangay | Beneficiary: Barangay Local Government Unit - Naddungan Gattaran (Cagayan Valley II)
ABEMIS0956,Gulayan sa Barangay,ABEMIS_FOOD_GARDEN,Cagayan,3rd District,Tuao,San Luis (Gurengad),,,High Value Crop Development Program,1.00,,100000.00,2022,,High Value Crop Development Program,"Project Group: Food Gardens | Project Type: Gulayan sa Barangay | Beneficiary: Barangay Local Government Unit - San Luis, Tuao (Cagayan Valley II)"
ABEMIS0957,Gulayan sa Barangay,ABEMIS_FOOD_GARDEN,Cagayan,3rd District,Pe?ablanca,Quibal,,,High Value Crop Development Program,1.00,,100000.00,2022,,High Value Crop Development Program,Project Group: Food Gardens | Project Type: Gulayan sa Barangay | Beneficiary: Barangay Local Government Unit - Quibal Penablanca (Cagayan Valley II)
ABEMIS0958,School Garden Program,ABEMIS_FOOD_GARDEN,Cagayan,1st District,Aparri,Gaddang,,,High Value Crop Development Program,1.00,,10000.00,2022,,High Value Crop Development Program,Project Group: Food Gardens | Project Type: School Garden | Beneficiary: Gaddang Elementary School
ABEMIS0959,Gulayan sa Barangay,ABEMIS_FOOD_GARDEN,Cagayan,3rd District,Solana,Iraga,,,High Value Crop Development Program,1.00,,100000.00,2022,,High Value Crop Development Program,Project Group: Food Gardens | Project Type: Gulayan sa Barangay | Beneficiary: Barangay Local Government unit - Iraga Solana (cagayan Valley II)
ABEMIS0960,Gulayan sa Barangay,ABEMIS_FOOD_GARDEN,Cagayan,3rd District,Enrile,Inga,,,High Value Crop Development Program,1.00,,100000.00,2022,,High Value Crop Development Program,Project Group: Food Gardens | Project Type: Gulayan sa Barangay | Beneficiary: Barangay Local Government Unit - Inga Enrile (Cagayan valley II)
ABEMIS0961,School Garden Program,ABEMIS_FOOD_GARDEN,Cagayan,1st District,Aparri,Fuga Island,,,High Value Crop Development Program,1.00,,10000.00,2022,,High Value Crop Development Program,Project Group: Food Gardens | Project Type: School Garden | Beneficiary: Bubog Elementary School
ABEMIS0962,Gulayan sa Barangay,ABEMIS_FOOD_GARDEN,Cagayan,1st District,Baggao,Imurong,,,High Value Crop Development Program,1.00,,100000.00,2022,,High Value Crop Development Program,Project Group: Food Gardens | Project Type: Gulayan sa Barangay | Beneficiary: Barangay Local Government Unit - Imurung Baggao (Cagayan Valley II)
ABEMIS0963,School Garden Program,ABEMIS_FOOD_GARDEN,Cagayan,2nd District,Ballesteros,Cabayu,,,High Value Crop Development Program,1.00,,10000.00,2022,,High Value Crop Development Program,Project Group: Food Gardens | Project Type: School Garden | Beneficiary: Cabayu Elementary School
ABEMIS0964,School Garden Program,ABEMIS_FOOD_GARDEN,Quirino,Quirino,Aglipay,Pinaripad Sur,,,High Value Crop Development Program,1.00,,10000.00,2020,,High Value Crop Development Program,Project Group: Food Gardens | Project Type: School Garden | Beneficiary: Pinaripad Sur Elementary School
ABEMIS0965,School Garden Program,ABEMIS_FOOD_GARDEN,Quirino,Quirino,Cabarroguis (Capital),Zamora,,,High Value Crop Development Program,1.00,,10000.00,2022,,High Value Crop Development Program,Project Group: Food Gardens | Project Type: School Garden | Beneficiary: Quirino General High School
ABEMIS0966,School Garden Program,ABEMIS_FOOD_GARDEN,Cagayan,2nd District,Abulug,Calog Norte,,,High Value Crop Development Program,1.00,,10000.00,2022,,High Value Crop Development Program,Project Group: Food Gardens | Project Type: School Garden | Beneficiary: Calog Norte Elementary School
ABEMIS0967,School Garden Program,ABEMIS_FOOD_GARDEN,Quirino,Quirino,Saguday,Magsaysay (Pob.),,,High Value Crop Development Program,1.00,,10000.00,2022,,High Value Crop Development Program,Project Group: Food Gardens | Project Type: School Garden | Beneficiary: Saguday National High School
ABEMIS0968,Gulayan sa Barangay,ABEMIS_FOOD_GARDEN,Quirino,Quirino,Maddela,Lusod,,,High Value Crop Development Program,1.00,,100000.00,2022,,High Value Crop Development Program,"Project Group: Food Gardens | Project Type: Gulayan sa Barangay | Beneficiary: Barangay Local Government Unit - Lusod Madela, Quirino (Cagayan Valley II)"
ABEMIS0969,Gulayan sa Barangay,ABEMIS_FOOD_GARDEN,Cagayan,3rd District,Amulung,Centro,,,High Value Crop Development Program,1.00,,100000.00,2022,,High Value Crop Development Program,Project Group: Food Gardens | Project Type: Gulayan sa Barangay | Beneficiary: BLGU - Centro Amulung (Cagayan Valley II)
ABEMIS0970,School Garden Program,ABEMIS_FOOD_GARDEN,Cagayan,2nd District,Ballesteros,Centro West (Pob.),,,High Value Crop Development Program,1.00,,10000.00,2022,,High Value Crop Development Program,Project Group: Food Gardens | Project Type: School Garden | Beneficiary: Ballesteros West Central School
ABEMIS0971,Gulayan sa Barangay,ABEMIS_FOOD_GARDEN,Cagayan,1st District,Alcala,Pinopoc,,,High Value Crop Development Program,1.00,,100000.00,2022,,High Value Crop Development Program,Project Group: Food Gardens | Project Type: Gulayan sa Barangay | Beneficiary: BLGU - Pinupoc Alcala (Cagayan Valley II)
ABEMIS0972,Gulayan sa Barangay,ABEMIS_FOOD_GARDEN,Cagayan,2nd District,Abulug,Santo Tomas,,,High Value Crop Development Program,1.00,,100000.00,2022,,High Value Crop Development Program,Project Group: Food Gardens | Project Type: Gulayan sa Barangay | Beneficiary: BLGU - Sto. Tomas
ABEMIS0973,School Garden Program,ABEMIS_FOOD_GARDEN,Cagayan,2nd District,Abulug,Guiddam,,,High Value Crop Development Program,1.00,,10000.00,2022,,High Value Crop Development Program,Project Group: Food Gardens | Project Type: School Garden | Beneficiary: Macugay Elementary School
ABEMIS0974,Gulayan sa Barangay,ABEMIS_FOOD_GARDEN,Cagayan,2nd District,Abulug,Alinunu,,,High Value Crop Development Program,1.00,,100000.00,2022,,High Value Crop Development Program,Project Group: Food Gardens | Project Type: Gulayan sa Barangay | Beneficiary: BLGU - Alinunu Abulug (Cagayan Valley II)
ABEMIS0975,Gulayan sa Barangay,ABEMIS_FOOD_GARDEN,Cagayan,2nd District,Pamplona,Santa Cruz,,,High Value Crop Development Program,1.00,,100000.00,2022,,High Value Crop Development Program,"Project Group: Food Gardens | Project Type: Gulayan sa Barangay | Beneficiary: BLGU- Santa Cruz, Pamplona, Cagayan"
ABEMIS0976,School Garden Program,ABEMIS_FOOD_GARDEN,Isabela,2nd District,Benito Soliven,New Magsaysay,,,High Value Crop Development Program,1.00,,10000.00,2022,,High Value Crop Development Program,Project Group: Food Gardens | Project Type: School Garden | Beneficiary: New Magsaysay Integrated School
ABEMIS0977,Gulayan sa Barangay,ABEMIS_FOOD_GARDEN,Cagayan,2nd District,Pamplona,Gattu,,,High Value Crop Development Program,1.00,,100000.00,2022,,High Value Crop Development Program,Project Group: Food Gardens | Project Type: Gulayan sa Barangay | Beneficiary: BLGU - Gattu Pamplona (Cagayan Valley II)
ABEMIS0978,School Garden Program,ABEMIS_FOOD_GARDEN,Isabela,4th District,Cordon,Turod Sur,,,High Value Crop Development Program,1.00,,10000.00,2022,,High Value Crop Development Program,Project Group: Food Gardens | Project Type: School Garden | Beneficiary: Turod Sur Elementary School
ABEMIS0979,Gulayan sa Barangay,ABEMIS_FOOD_GARDEN,Cagayan,2nd District,Pamplona,Masi,,,High Value Crop Development Program,1.00,,100000.00,2022,,High Value Crop Development Program,Project Group: Food Gardens | Project Type: Gulayan sa Barangay | Beneficiary: Barangay Local Government Unit - Masi Pamplona (Cagayan Valley II)
ABEMIS0980,School Garden Program,ABEMIS_FOOD_GARDEN,Isabela,3rd District,Cabatuan,La Paz,,,High Value Crop Development Program,1.00,,10000.00,2022,,High Value Crop Development Program,Project Group: Food Gardens | Project Type: School Garden | Beneficiary: La Paz National High School
ABEMIS0981,Gulayan sa Barangay,ABEMIS_FOOD_GARDEN,Cagayan,2nd District,Piat,Santa Barbara,,,High Value Crop Development Program,1.00,,100000.00,2022,,High Value Crop Development Program,Project Group: Food Gardens | Project Type: Gulayan sa Barangay | Beneficiary: BLGU - Sta. Barbara Piart (Cagayan Valley II)
ABEMIS0982,School Garden Program,ABEMIS_FOOD_GARDEN,Isabela,2nd District,San Mariano,Alibadabad,,,High Value Crop Development Program,1.00,,10000.00,2022,,High Value Crop Development Program,Project Group: Food Gardens | Project Type: School Garden | Beneficiary: Alibadabad Elementary School
ABEMIS0983,Gulayan sa Barangay,ABEMIS_FOOD_GARDEN,Cagayan,2nd District,Piat,Maguilling,,,High Value Crop Development Program,1.00,,100000.00,2022,,High Value Crop Development Program,"Project Group: Food Gardens | Project Type: Gulayan sa Barangay | Beneficiary: BLGU - Maguilling, Piat, Cagayan - (Cagayan Valley II)"
ABEMIS0984,School Garden Program,ABEMIS_FOOD_GARDEN,Isabela,3rd District,Alicia,San Fernando,,,High Value Crop Development Program,1.00,,10000.00,2022,,High Value Crop Development Program,Project Group: Food Gardens | Project Type: School Garden | Beneficiary: San Fernando Elementary School
ABEMIS0985,Gulayan sa Barangay,ABEMIS_FOOD_GARDEN,Cagayan,2nd District,Piat,Santo Domingo,,,High Value Crop Development Program,1.00,,100000.00,2022,,High Value Crop Development Program,Project Group: Food Gardens | Project Type: Gulayan sa Barangay | Beneficiary: BLGU -Sto. Domingo PIat (Cagayan Valley II)
ABEMIS0986,Gulayan sa Barangay,ABEMIS_FOOD_GARDEN,Cagayan,2nd District,Rizal,Illuru Sur,,,High Value Crop Development Program,1.00,,100000.00,2022,,High Value Crop Development Program,Project Group: Food Gardens | Project Type: Gulayan sa Barangay | Beneficiary: BLGU - Illuru Sur Rizal (Cagayan Valley II)
ABEMIS0987,Gulayan sa Barangay,ABEMIS_FOOD_GARDEN,Cagayan,2nd District,Rizal,Anungu,,,High Value Crop Development Program,1.00,,100000.00,2022,,High Value Crop Development Program,"Project Group: Food Gardens | Project Type: Gulayan sa Barangay | Beneficiary: BLGU- Anungu, Rizal, Cagayan"
ABEMIS0988,School Garden Program,ABEMIS_FOOD_GARDEN,Isabela,3rd District,Ramon,San Sebastian,,,High Value Crop Development Program,1.00,,10000.00,2022,,High Value Crop Development Program,Project Group: Food Gardens | Project Type: School Garden | Beneficiary: San Sebastian Integrated School
ABEMIS0989,Gulayan sa Barangay,ABEMIS_FOOD_GARDEN,Cagayan,2nd District,Rizal,Masi (Zinundungan),,,High Value Crop Development Program,1.00,,100000.00,2022,,High Value Crop Development Program,Project Group: Food Gardens | Project Type: Gulayan sa Barangay | Beneficiary: BLGU - Masi Rizal (Cagayan Valley II)
ABEMIS0990,Gulayan sa Barangay,ABEMIS_FOOD_GARDEN,Cagayan,1st District,Camalaniugan,Baggao,,,High Value Crop Development Program,1.00,,100000.00,2022,,High Value Crop Development Program,Project Group: Food Gardens | Project Type: Gulayan sa Barangay | Beneficiary: BLGU - Baggao camalaniugan (Cagayan Valley II)
ABEMIS0991,Gulayan sa Barangay,ABEMIS_FOOD_GARDEN,Cagayan,1st District,Camalaniugan,Fusina,,,High Value Crop Development Program,1.00,,100000.00,2022,,High Value Crop Development Program,Project Group: Food Gardens | Project Type: Gulayan sa Barangay | Beneficiary: BLGU - Fusina (Cagayan Valley II)
ABEMIS0992,Gulayan sa Barangay,ABEMIS_FOOD_GARDEN,Cagayan,1st District,Camalaniugan,Catotoran Sur;Abagao;Abagao,,,High Value Crop Development Program,1.00,,100000.00,2022,,High Value Crop Development Program,"Project Group: Food Gardens | Project Type: Gulayan sa Barangay | Beneficiary: BLGU- Catototoran Sur, Camalaniugan, Cagayan"
ABEMIS0993,School Garden,ABEMIS_FOOD_GARDEN,Quirino,Quirino,Diffun,Ricarte Norte,,,High Value Crop Development Program,1.00,,10000.00,2022,,High Value Crop Development Program,Project Group: Food Gardens | Project Type: School Garden | Beneficiary: Ricarte Norte Elementary School
ABEMIS0994,GULAYAN SA BARANGAY,ABEMIS_FOOD_GARDEN,Nueva Vizcaya,Nueva Vizcaya,Bambang,Barat,,,High Value Crop Development Program,1.00,,100000.00,2022,,High Value Crop Development Program,"Project Group: Food Gardens | Project Type: Gulayan sa Barangay | Beneficiary: BARANGAY LOCAL GOVERNMENT UNIT - BARAT, BAMBANG"
ABEMIS0995,GULAYAN SA BARANGAY,ABEMIS_FOOD_GARDEN,Nueva Vizcaya,Nueva Vizcaya,Aritao,Cutar,,,High Value Crop Development Program,1.00,,100000.00,2022,,High Value Crop Development Program,"Project Group: Food Gardens | Project Type: Gulayan sa Barangay | Beneficiary: BARANGAY LOCAL GOVERNMENT UNIT - CUTAR, ARITAO"
ABEMIS0996,GULAYAN SA BARANGAY,ABEMIS_FOOD_GARDEN,Nueva Vizcaya,Nueva Vizcaya,Bagabag,Sta. Cruz,,,High Value Crop Development Program,1.00,,100000.00,2022,,High Value Crop Development Program,"Project Group: Food Gardens | Project Type: Gulayan sa Barangay | Beneficiary: BARANGAY LOCAL GOVERNMENT UNIT - STA. CRUZ, BAGABAG"
ABEMIS0997,GULAYAN SA BARANGAY,ABEMIS_FOOD_GARDEN,Nueva Vizcaya,Nueva Vizcaya,Bagabag,Sta. Lucia,,,High Value Crop Development Program,1.00,,100000.00,2022,,High Value Crop Development Program,"Project Group: Food Gardens | Project Type: Gulayan sa Barangay | Beneficiary: BLGU- Santa Lucia, Bagabag, Nueva Vizcaya"
ABEMIS0998,GULAYAN SA BARANGAY,ABEMIS_FOOD_GARDEN,Nueva Vizcaya,Nueva Vizcaya,Bagabag,Murong,,,High Value Crop Development Program,1.00,,100000.00,2022,,High Value Crop Development Program,"Project Group: Food Gardens | Project Type: Gulayan sa Barangay | Beneficiary: BARANGAY LOCAL GOVERNMENT UNIT - MURONG, BAGABAG"
ABEMIS0999,GULAYAN SA BARANGAY,ABEMIS_FOOD_GARDEN,Nueva Vizcaya,Nueva Vizcaya,Villaverde,Sawmill,,,High Value Crop Development Program,1.00,,100000.00,2022,,High Value Crop Development Program,"Project Group: Food Gardens | Project Type: Gulayan sa Barangay | Beneficiary: BARANGAY LOCAL GOVERNMENT UNIT - SAWMILL, VILLAVERDE"
ABEMIS1000,GULAYAN SA BARANGAY,ABEMIS_FOOD_GARDEN,Nueva Vizcaya,Nueva Vizcaya,Villaverde,Nagbitin,,,High Value Crop Development Program,1.00,,100000.00,2022,,High Value Crop Development Program,"Project Group: Food Gardens | Project Type: Gulayan sa Barangay | Beneficiary: BLGU- Nagbitin, Villaverde, Nueva Vizcaya"
ABEMIS1001,GULAYAN SA BARANGAY,ABEMIS_FOOD_GARDEN,Nueva Vizcaya,Nueva Vizcaya,Kayapa,Nansiakan,,,High Value Crop Development Program,1.00,,100000.00,2022,,High Value Crop Development Program,"Project Group: Food Gardens | Project Type: Gulayan sa Barangay | Beneficiary: BARANGAY LOCAL GOIVERNMENT UNIT OF NANSIAKAN, KAYAPA"
ABEMIS1002,Gulayan sa Barangay,ABEMIS_FOOD_GARDEN,Cagayan,3rd District,Iguig,Santiago,,,High Value Crop Development Program,1.00,,100000.00,2022,,High Value Crop Development Program,Project Group: Food Gardens | Project Type: Gulayan sa Barangay | Beneficiary: BLGU - Santiago Iguig (Cagayan Valley II)
ABEMIS1003,Gulayan sa Barangay,ABEMIS_FOOD_GARDEN,Cagayan,3rd District,Iguig,Salamague,,,High Value Crop Development Program,1.00,,100000.00,2022,,High Value Crop Development Program,Project Group: Food Gardens | Project Type: Gulayan sa Barangay | Beneficiary: BLGU - Salamague Iguig (Cagayan Valley II)
ABEMIS1004,Gulayan sa Barangay,ABEMIS_FOOD_GARDEN,Cagayan,3rd District,Iguig,Nattanzan (Pob.),,,High Value Crop Development Program,1.00,,100000.00,2022,,High Value Crop Development Program,Project Group: Food Gardens | Project Type: Gulayan sa Barangay | Beneficiary: BLGU - Natanzan Iguig (cagayan valley II)
ABEMIS1005,School Garden Program,ABEMIS_FOOD_GARDEN,Cagayan,1st District,Alcala,Dalaoig,,,High Value Crop Development Program,1.00,,10000.00,2022,,High Value Crop Development Program,Project Group: Food Gardens | Project Type: School Garden | Beneficiary: Cabayu Elementary School
ABEMIS1006,School Garden Program,ABEMIS_FOOD_GARDEN,Cagayan,1st District,Gattaran,Nagatutuan,,,High Value Crop Development Program,1.00,,10000.00,2022,,High Value Crop Development Program,Project Group: Food Gardens | Project Type: School Garden | Beneficiary: Nagtutuan Elementary School
ABEMIS1007,School Garden Program,ABEMIS_FOOD_GARDEN,Nueva Vizcaya,Nueva Vizcaya,Dupax del Sur,Dopaj,,,High Value Crop Development Program,1.00,,10000.00,2022,,High Value Crop Development Program,Project Group: Food Gardens | Project Type: School Garden | Beneficiary: Gov. Alfonso Castañeda Elementary School
ABEMIS1008,School Garden Program,ABEMIS_FOOD_GARDEN,Nueva Vizcaya,Nueva Vizcaya,Dupax del Norte,Binnuangan,,,High Value Crop Development Program,1.00,,10000.00,2022,,High Value Crop Development Program,Project Group: Food Gardens | Project Type: School Garden | Beneficiary: Giayan Elementary School
ABEMIS1009,School Garden Program,ABEMIS_FOOD_GARDEN,Nueva Vizcaya,Nueva Vizcaya,Bambang,Macate,,,High Value Crop Development Program,1.00,,10000.00,2022,,High Value Crop Development Program,Project Group: Food Gardens | Project Type: School Garden | Beneficiary: Macate Elementary School
ABEMIS1010,School Garden,ABEMIS_FOOD_GARDEN,Nueva Vizcaya,Nueva Vizcaya,Bagabag,Bakir,,,High Value Crop Development Program,1.00,,10000.00,2022,,High Value Crop Development Program,Project Group: Food Gardens | Project Type: School Garden | Beneficiary: Bugayong Elementary School
ABEMIS1011,School Garden Program,ABEMIS_FOOD_GARDEN,Nueva Vizcaya,Nueva Vizcaya,Kasibu,Camamasi,,,High Value Crop Development Program,1.00,,10000.00,2022,,High Value Crop Development Program,Project Group: Food Gardens | Project Type: School Garden | Beneficiary: Camamasi Elementary School
ABEMIS1012,School Garden Program,ABEMIS_FOOD_GARDEN,Nueva Vizcaya,Nueva Vizcaya,Solano,Poblacion South,,,High Value Crop Development Program,1.00,,10000.00,2022,,High Value Crop Development Program,Project Group: Food Gardens | Project Type: School Garden | Beneficiary: Solano South Central School
ABEMIS1013,School Garden Program,ABEMIS_FOOD_GARDEN,Nueva Vizcaya,Nueva Vizcaya,Kayapa,Pingkian,,,High Value Crop Development Program,1.00,,10000.00,2022,,High Value Crop Development Program,Project Group: Food Gardens | Project Type: School Garden | Beneficiary: Pingkian Central School
ABEMIS1014,School Garden Program,ABEMIS_FOOD_GARDEN,Nueva Vizcaya,Nueva Vizcaya,Bayombong (Capital),Busilac,,,High Value Crop Development Program,1.00,,10000.00,2022,,High Value Crop Development Program,Project Group: Food Gardens | Project Type: School Garden | Beneficiary: Busilac Elementary School
ABEMIS1015,School Garden,ABEMIS_FOOD_GARDEN,Nueva Vizcaya,Nueva Vizcaya,Ambaguio,Tiblac,,,High Value Crop Development Program,1.00,,10000.00,2022,,High Value Crop Development Program,Project Group: Food Gardens | Project Type: School Garden | Beneficiary: Tiblac National High School
ABEMIS1016,School Garden Program,ABEMIS_FOOD_GARDEN,Nueva Vizcaya,Nueva Vizcaya,Bayombong (Capital),Bonfal East,,,High Value Crop Development Program,1.00,,10000.00,2022,,High Value Crop Development Program,Project Group: Food Gardens | Project Type: School Garden | Beneficiary: Lingay Elementary School
ABEMIS1017,School Garden Program,ABEMIS_FOOD_GARDEN,Nueva Vizcaya,Nueva Vizcaya,Aritao,Bone South,,,High Value Crop Development Program,1.00,,10000.00,2022,,High Value Crop Development Program,Project Group: Food Gardens | Project Type: School Garden | Beneficiary: Bone South Elementary School
ABEMIS1018,School Garden Program,ABEMIS_FOOD_GARDEN,Nueva Vizcaya,Nueva Vizcaya,Bambang,Abinganan,,,High Value Crop Development Program,1.00,,10000.00,2022,,High Value Crop Development Program,Project Group: Food Gardens | Project Type: School Garden | Beneficiary: Abinganan Elementary School
ABEMIS1019,School Garden Program,ABEMIS_FOOD_GARDEN,Nueva Vizcaya,Nueva Vizcaya,Dupax del Norte,Bulala,,,High Value Crop Development Program,1.00,,10000.00,2022,,High Value Crop Development Program,Project Group: Food Gardens | Project Type: School Garden | Beneficiary: Bulala Elementary School
ABEMIS1020,School Garden Program,ABEMIS_FOOD_GARDEN,Cagayan,3rd District,Tuao,Malumin,,,High Value Crop Development Program,1.00,,10000.00,2022,,High Value Crop Development Program,"Project Group: Food Gardens | Project Type: School Garden | Beneficiary: TUAO VOC'L AND TECH'L SCHOOL, MALUMMIN ANNEX - MALUMMIN TUAO CAGAYAN (CAGAYAN VALLEY)"
ABEMIS1021,School Garden Program,ABEMIS_FOOD_GARDEN,Nueva Vizcaya,Nueva Vizcaya,Dupax del Norte,Lamo,,,High Value Crop Development Program,1.00,,10000.00,2022,,High Value Crop Development Program,Project Group: Food Gardens | Project Type: School Garden | Beneficiary: Lamo Elementary School
ABEMIS1022,School Garden Program,ABEMIS_FOOD_GARDEN,Nueva Vizcaya,Nueva Vizcaya,Aritao,Poblacion,,,High Value Crop Development Program,1.00,,10000.00,2022,,High Value Crop Development Program,Project Group: Food Gardens | Project Type: School Garden | Beneficiary: Aritao National High School
ABEMIS1023,School Garden Program,ABEMIS_FOOD_GARDEN,Nueva Vizcaya,Nueva Vizcaya,Kayapa,Tubongan,,,High Value Crop Development Program,1.00,,10000.00,2022,,High Value Crop Development Program,Project Group: Food Gardens | Project Type: School Garden | Beneficiary: Tubongan Elementary School
ABEMIS1024,School Garden Program,ABEMIS_FOOD_GARDEN,Nueva Vizcaya,Nueva Vizcaya,Aritao,Calitlitan,,,High Value Crop Development Program,1.00,,10000.00,2022,,High Value Crop Development Program,Project Group: Food Gardens | Project Type: School Garden | Beneficiary: Calitlitan Elementary School
ABEMIS1025,School Garden Program,ABEMIS_FOOD_GARDEN,Nueva Vizcaya,Nueva Vizcaya,Bayombong (Capital),Magsaysay,,,High Value Crop Development Program,1.00,,10000.00,2022,,High Value Crop Development Program,Project Group: Food Gardens | Project Type: School Garden | Beneficiary: Dr. Candido Rosario Sr. Elementary School
ABEMIS1026,School Garden Program,ABEMIS_FOOD_GARDEN,Cagayan,3rd District,Solana,Andarayan North,,,High Value Crop Development Program,1.00,,10000.00,2022,,High Value Crop Development Program,Project Group: Food Gardens | Project Type: School Garden | Beneficiary: Andaraya National High School
ABEMIS1027,School Garden,ABEMIS_FOOD_GARDEN,Nueva Vizcaya,Nueva Vizcaya,Diadi,Escoting,,,High Value Crop Development Program,1.00,,10000.00,2022,,High Value Crop Development Program,Project Group: Food Gardens | Project Type: School Garden | Beneficiary: Escoting Elementary School
ABEMIS1028,School Garden Program,ABEMIS_FOOD_GARDEN,Nueva Vizcaya,Nueva Vizcaya,Bambang,Banggot (Pob.),,,High Value Crop Development Program,1.00,,10000.00,2022,,High Value Crop Development Program,Project Group: Food Gardens | Project Type: School Garden | Beneficiary: Bambang East Central School
ABEMIS1029,School Garden Program,ABEMIS_FOOD_GARDEN,Nueva Vizcaya,Nueva Vizcaya,Diadi,Poblacion,,,High Value Crop Development Program,1.00,,10000.00,2022,,High Value Crop Development Program,Project Group: Food Gardens | Project Type: School Garden | Beneficiary: Diadi National High School
ABEMIS1030,School Garden Program,ABEMIS_FOOD_GARDEN,Nueva Vizcaya,Nueva Vizcaya,Aritao,Comon,,,High Value Crop Development Program,1.00,,10000.00,2022,,High Value Crop Development Program,Project Group: Food Gardens | Project Type: School Garden | Beneficiary: Comon Central School
ABEMIS1031,School Garden,ABEMIS_FOOD_GARDEN,Nueva Vizcaya,Nueva Vizcaya,Solano,San Juan,,,High Value Crop Development Program,1.00,,10000.00,2022,,High Value Crop Development Program,Project Group: Food Gardens | Project Type: School Garden | Beneficiary: Calaoagan Elementary School
ABEMIS1032,School Garden Program,ABEMIS_FOOD_GARDEN,Nueva Vizcaya,Nueva Vizcaya,Dupax del Norte,Malasin (Pob.),,,High Value Crop Development Program,1.00,,10000.00,2022,,High Value Crop Development Program,Project Group: Food Gardens | Project Type: School Garden | Beneficiary: Dupax Del Norte Central School
ABEMIS1033,School Garden Program,ABEMIS_FOOD_GARDEN,Cagayan,3rd District,Enrile,Barangay III (San Roque*),,,High Value Crop Development Program,1.00,,10000.00,2022,,High Value Crop Development Program,Project Group: Food Gardens | Project Type: School Garden | Beneficiary: SABINO ACORDA CENTRAL SCHOOL - SAN ROQUE ENRILE CAGAYAN (CAGAYAN VALLEY)
ABEMIS1034,School Garden Program,ABEMIS_FOOD_GARDEN,Nueva Vizcaya,Nueva Vizcaya,Quezon,Aurora,,,High Value Crop Development Program,1.00,,10000.00,2022,,High Value Crop Development Program,Project Group: Food Gardens | Project Type: School Garden | Beneficiary: Aurora Elementary School
ABEMIS1035,School Garden Program,ABEMIS_FOOD_GARDEN,Nueva Vizcaya,Nueva Vizcaya,Kasibu,Bua,,,High Value Crop Development Program,1.00,,10000.00,2022,,High Value Crop Development Program,Project Group: Food Gardens | Project Type: School Garden | Beneficiary: Bua Integrated School
ABEMIS1036,School Garden Program,ABEMIS_FOOD_GARDEN,Nueva Vizcaya,Nueva Vizcaya,Villaverde,Ibung,,,High Value Crop Development Program,1.00,,10000.00,2022,,High Value Crop Development Program,Project Group: Food Gardens | Project Type: School Garden | Beneficiary: Villaverde Central School
ABEMIS1037,School Garden Program,ABEMIS_FOOD_GARDEN,Nueva Vizcaya,Nueva Vizcaya,Villaverde,Poblacion (Turod),,,High Value Crop Development Program,1.00,,10000.00,2022,,High Value Crop Development Program,Project Group: Food Gardens | Project Type: School Garden | Beneficiary: Turod Elementary School
ABEMIS1038,School Garden Program,ABEMIS_FOOD_GARDEN,Nueva Vizcaya,Nueva Vizcaya,Kasibu,Wangal,,,High Value Crop Development Program,1.00,,10000.00,2022,,High Value Crop Development Program,Project Group: Food Gardens | Project Type: School Garden | Beneficiary: Malabing Valley National High School
ABEMIS1039,School Garden Program,ABEMIS_FOOD_GARDEN,Nueva Vizcaya,Nueva Vizcaya,Bagabag,Baretbet,,,High Value Crop Development Program,1.00,,10000.00,2022,,High Value Crop Development Program,Project Group: Food Gardens | Project Type: School Garden | Beneficiary: M.V. Duque Elementary School
ABEMIS1040,School Garden Program,ABEMIS_FOOD_GARDEN,Nueva Vizcaya,Nueva Vizcaya,Villaverde,Cabuluan,,,High Value Crop Development Program,1.00,,10000.00,2022,,High Value Crop Development Program,Project Group: Food Gardens | Project Type: School Garden | Beneficiary: Villa Par-Pale Elementary School
ABEMIS1041,School Garden Program,ABEMIS_FOOD_GARDEN,Cagayan,1st District,Gattaran,Calaoagan Dackel,,,High Value Crop Development Program,1.00,,10000.00,2022,,High Value Crop Development Program,"Project Group: Food Gardens | Project Type: School Garden | Beneficiary: CALAOAGAN DACKEL ELEMENTARY SCHOOL - CALAOAGAN DACKEL GATTARAN, CAGAYAN (CAGAYAN VALLEY)"
ABEMIS1042,School Garden Program,ABEMIS_FOOD_GARDEN,Nueva Vizcaya,Nueva Vizcaya,Alfonso Castaneda,Lublub (Pob.),,,High Value Crop Development Program,1.00,,10000.00,2022,,High Value Crop Development Program,Project Group: Food Gardens | Project Type: School Garden | Beneficiary: Galintuja Elementary School
ABEMIS1043,School Garden Program,ABEMIS_FOOD_GARDEN,Cagayan,1st District,Gattaran,Tubungan Este,,,High Value Crop Development Program,1.00,,10000.00,2022,,High Value Crop Development Program,"Project Group: Food Gardens | Project Type: School Garden | Beneficiary: TUBUNGAN PRIMARY SCHOOL - TUBUNGAN ESTE GATTARAN, CAGAYAN (CAGAYAN VALLEY)"
ABEMIS1044,School Garden,ABEMIS_FOOD_GARDEN,Nueva Vizcaya,Nueva Vizcaya,Solano,Bangar,,,High Value Crop Development Program,1.00,,10000.00,2022,,High Value Crop Development Program,Project Group: Food Gardens | Project Type: School Garden | Beneficiary: Bangar Elementary School
ABEMIS1045,School Garden,ABEMIS_FOOD_GARDEN,Nueva Vizcaya,Nueva Vizcaya,Bagabag,Nangalisan,,,High Value Crop Development Program,1.00,,10000.00,2022,,High Value Crop Development Program,Project Group: Food Gardens | Project Type: School Garden | Beneficiary: Nangalisan Elementary School
ABEMIS1046,School Garden Program,ABEMIS_FOOD_GARDEN,Cagayan,2nd District,Lasam,Viga,,,High Value Crop Development Program,1.00,,10000.00,2022,,High Value Crop Development Program,"Project Group: Food Gardens | Project Type: School Garden | Beneficiary: VIGA ELEMENTARY SCHOOL - VIGA LASAM, CAGAYAN (CAGAYAN VALLEY)"
ABEMIS1047,School Garden Program,ABEMIS_FOOD_GARDEN,Nueva Vizcaya,Nueva Vizcaya,Aritao,Sta. Clara,,,High Value Crop Development Program,1.00,,10000.00,2022,,High Value Crop Development Program,Project Group: Food Gardens | Project Type: School Garden | Beneficiary: Sta. Clara High School
ABEMIS1048,School Garden Program,ABEMIS_FOOD_GARDEN,Cagayan,2nd District,Lasam,New Orlins,,,High Value Crop Development Program,1.00,,10000.00,2022,,High Value Crop Development Program,"Project Group: Food Gardens | Project Type: School Garden | Beneficiary: NEW ORLINS ELEMENTARY SCHOOL - NEW ORLINS LASAM, CAGAYAN (CAGAYAN VALLEY)"
ABEMIS1049,School Garden,ABEMIS_FOOD_GARDEN,Nueva Vizcaya,Nueva Vizcaya,Diadi,Langca,,,High Value Crop Development Program,1.00,,10000.00,2022,,High Value Crop Development Program,Project Group: Food Gardens | Project Type: School Garden | Beneficiary: Langka Primary School
ABEMIS1050,School Garden Program,ABEMIS_FOOD_GARDEN,Cagayan,2nd District,Lasam,Aggunetan,,,High Value Crop Development Program,1.00,,10000.00,2022,,High Value Crop Development Program,"Project Group: Food Gardens | Project Type: School Garden | Beneficiary: AGGUNETAN ELEMENTARY SCHOOL - AGGUNETAN LASAM, CAGAYAN (CAGAYAN VALLEY)"
ABEMIS1051,School Garden Program,ABEMIS_FOOD_GARDEN,Cagayan,1st District,Alcala,Baybayog,,,High Value Crop Development Program,1.00,,10000.00,2022,,High Value Crop Development Program,"Project Group: Food Gardens | Project Type: School Garden | Beneficiary: ARANA-AR ELEMENTARY SCHOOL - BAYBAYOG ALACALA, CAGAYAN (CAGAYAN VALLEY)"
ABEMIS1052,School Garden Program,ABEMIS_FOOD_GARDEN,Cagayan,3rd District,Amulung,Dugayung,,,High Value Crop Development Program,1.00,,10000.00,2022,,High Value Crop Development Program,"Project Group: Food Gardens | Project Type: School Garden | Beneficiary: DUGAYUNG ELEMENTARY SCHOOL - DUGAYUNG AMULUNG, CAGAYAN (CAGAYAN VALLEY)"
ABEMIS1053,School Garden,ABEMIS_FOOD_GARDEN,Nueva Vizcaya,Nueva Vizcaya,Kayapa,Alang Salacsac,,,High Value Crop Development Program,1.00,,10000.00,2022,,High Value Crop Development Program,Project Group: Food Gardens | Project Type: School Garden | Beneficiary: Alang-Salacsac Elementary School
ABEMIS1054,School Garden Program,ABEMIS_FOOD_GARDEN,Nueva Vizcaya,Nueva Vizcaya,Dupax del Norte,Belance,,,High Value Crop Development Program,1.00,,10000.00,2022,,High Value Crop Development Program,Project Group: Food Gardens | Project Type: School Garden | Beneficiary: Belance High School
ABEMIS1055,School Garden Program,ABEMIS_FOOD_GARDEN,Cagayan,1st District,Baggao,Santa Margarita,,,High Value Crop Development Program,1.00,,10000.00,2022,,High Value Crop Development Program,"Project Group: Food Gardens | Project Type: School Garden | Beneficiary: DALIGADIG ELEMENTARY SCHOOL - STA. MARGARITA BAGGAO, CAGAYAN (CAGAYAN VALLEY)"
ABEMIS1056,School Garden,ABEMIS_FOOD_GARDEN,Nueva Vizcaya,Nueva Vizcaya,Bayombong (Capital),Bonfal Proper,,,High Value Crop Development Program,1.00,,10000.00,2022,,High Value Crop Development Program,Project Group: Food Gardens | Project Type: School Garden | Beneficiary: Bonfal Elementary School Annex
ABEMIS1057,School Garden,ABEMIS_FOOD_GARDEN,Nueva Vizcaya,Nueva Vizcaya,Bagabag,Tuao South,,,High Value Crop Development Program,1.00,,10000.00,2022,,High Value Crop Development Program,Project Group: Food Gardens | Project Type: School Garden | Beneficiary: Singian Elementary School
ABEMIS1058,School Garden,ABEMIS_FOOD_GARDEN,Nueva Vizcaya,Nueva Vizcaya,Bambang,San Leonardo,,,High Value Crop Development Program,1.00,,10000.00,2022,,High Value Crop Development Program,Project Group: Food Gardens | Project Type: School Garden | Beneficiary: San Leonardo Elementary School
ABEMIS1059,School Garden Program,ABEMIS_FOOD_GARDEN,Cagayan,1st District,Camalaniugan,Ziminila,,,High Value Crop Development Program,1.00,,10000.00,2022,,High Value Crop Development Program,"Project Group: Food Gardens | Project Type: School Garden | Beneficiary: ZIMINILA ELEMENTARY SCHOOL - ZIMINILA CAMALANIUGAN, CAGAYAN (CAGAYAN VALLEY)"
ABEMIS1060,School Garden Program,ABEMIS_FOOD_GARDEN,Nueva Vizcaya,Nueva Vizcaya,Bambang,Mauan,,,High Value Crop Development Program,1.00,,10000.00,2022,,High Value Crop Development Program,Project Group: Food Gardens | Project Type: School Garden | Beneficiary: Mauan Elementary School
ABEMIS1061,School Garden Program,ABEMIS_FOOD_GARDEN,Nueva Vizcaya,Nueva Vizcaya,Bambang,Calaocan (Pob.),,,High Value Crop Development Program,1.00,,10000.00,2022,,High Value Crop Development Program,Project Group: Food Gardens | Project Type: School Garden | Beneficiary: Bambang North Central School
ABEMIS1062,School Garden Program,ABEMIS_FOOD_GARDEN,Nueva Vizcaya,Nueva Vizcaya,Alfonso Castaneda,Lipuga,,,High Value Crop Development Program,1.00,,10000.00,2022,,High Value Crop Development Program,Project Group: Food Gardens | Project Type: School Garden | Beneficiary: Lipuga Elementary School
ABEMIS1063,School Garden Program,ABEMIS_FOOD_GARDEN,Nueva Vizcaya,Nueva Vizcaya,Alfonso Castaneda,Pelaway,,,High Value Crop Development Program,1.00,,10000.00,2022,,High Value Crop Development Program,Project Group: Food Gardens | Project Type: School Garden | Beneficiary: Pelaway Elementary School
ABEMIS1064,School Garden Program,ABEMIS_FOOD_GARDEN,Cagayan,3rd District,Pe?ablanca,Nanguilattan,,,High Value Crop Development Program,1.00,,10000.00,2022,,High Value Crop Development Program,"Project Group: Food Gardens | Project Type: School Garden | Beneficiary: NANGUILATTAN ELEMENTARY SCHOOL - NANGUILATTAN, PEÑABLANCA, CAGAYAN"
ABEMIS1065,School Garden,ABEMIS_FOOD_GARDEN,Nueva Vizcaya,Nueva Vizcaya,Bayombong (Capital),Masoc,,,High Value Crop Development Program,1.00,,10000.00,2022,,High Value Crop Development Program,Project Group: Food Gardens | Project Type: School Garden | Beneficiary: Masoc Elementary School
ABEMIS1066,School Garden Program,ABEMIS_FOOD_GARDEN,Nueva Vizcaya,Nueva Vizcaya,Kasibu,Kongkong,,,High Value Crop Development Program,1.00,,10000.00,2022,,High Value Crop Development Program,Project Group: Food Gardens | Project Type: School Garden | Beneficiary: Kongkong Elementary School
ABEMIS1067,School Garden,ABEMIS_FOOD_GARDEN,Nueva Vizcaya,Nueva Vizcaya,Bagabag,Lantap,,,High Value Crop Development Program,1.00,,10000.00,2022,,High Value Crop Development Program,Project Group: Food Gardens | Project Type: School Garden | Beneficiary: Lantap Elementary School
ABEMIS1068,School Garden Program,ABEMIS_FOOD_GARDEN,Nueva Vizcaya,Nueva Vizcaya,Quezon,Dagupan,,,High Value Crop Development Program,1.00,,10000.00,2022,,High Value Crop Development Program,Project Group: Food Gardens | Project Type: School Garden | Beneficiary: Dagupan Elementary School
ABEMIS1069,School Garden Program,ABEMIS_FOOD_GARDEN,Nueva Vizcaya,Nueva Vizcaya,Diadi,Bugnay,,,High Value Crop Development Program,1.00,,10000.00,2022,,High Value Crop Development Program,Project Group: Food Gardens | Project Type: School Garden | Beneficiary: Bugnay Elementary School
ABEMIS1070,School Garden Program,ABEMIS_FOOD_GARDEN,Nueva Vizcaya,Nueva Vizcaya,Solano,Tucal,,,High Value Crop Development Program,1.00,,10000.00,2022,,High Value Crop Development Program,Project Group: Food Gardens | Project Type: School Garden | Beneficiary: Tuao Elementary School
ABEMIS1071,School Garden Program,ABEMIS_FOOD_GARDEN,Nueva Vizcaya,Nueva Vizcaya,Solano,Lactawan,,,High Value Crop Development Program,1.00,,10000.00,2022,,High Value Crop Development Program,Project Group: Food Gardens | Project Type: School Garden | Beneficiary: Lactawan Elementary School
ABEMIS1072,School Garden Program,ABEMIS_FOOD_GARDEN,Cagayan,3rd District,Pe?ablanca,Dodan,,,High Value Crop Development Program,1.00,,10000.00,2022,,High Value Crop Development Program,"Project Group: Food Gardens | Project Type: School Garden | Beneficiary: DODAN ELEMENTARY SCHOOL - DODAN PENABLANCA, CAGAYAN (CAGAYAN VALLEY)"
ABEMIS1073,School Garden Program,ABEMIS_FOOD_GARDEN,Cagayan,3rd District,Pe?ablanca,Alimanao,,,High Value Crop Development Program,1.00,,10000.00,2022,,High Value Crop Development Program,"Project Group: Food Gardens | Project Type: School Garden | Beneficiary: ALIMANNAO ELEMENTARY SCHOOL - ALIMANNAO PENABLANCA, CAGAYAN (CAGAYAN VALLEY)"
ABEMIS1074,School Garden Program,ABEMIS_FOOD_GARDEN,Nueva Vizcaya,Nueva Vizcaya,Bayombong (Capital),La Torre South,,,High Value Crop Development Program,1.00,,10000.00,2022,,High Value Crop Development Program,Project Group: Food Gardens | Project Type: School Garden | Beneficiary: Santa Rosa Elementary School
ABEMIS1075,School Garden Program,ABEMIS_FOOD_GARDEN,Nueva Vizcaya,Nueva Vizcaya,Bayombong (Capital),Magsaysay,,,High Value Crop Development Program,1.00,,10000.00,2022,,High Value Crop Development Program,Project Group: Food Gardens | Project Type: School Garden | Beneficiary: Nueva Vizcaya General Comprehensive High School
ABEMIS1076,School Garden Program,ABEMIS_FOOD_GARDEN,Cagayan,2nd District,Piat,Minanga,,,High Value Crop Development Program,1.00,,10000.00,2022,,High Value Crop Development Program,"Project Group: Food Gardens | Project Type: School Garden | Beneficiary: MINANGA INTEGRATED SCHOOL - MINANGA PIAT PIAT, CAGAYAN (CAGAYAN VALLEY)"
ABEMIS1077,School Garden Program,ABEMIS_FOOD_GARDEN,Cagayan,2nd District,Piat,Poblacion I,,,High Value Crop Development Program,1.00,,10000.00,2022,,High Value Crop Development Program,"Project Group: Food Gardens | Project Type: School Garden | Beneficiary: PIAT CENTRAL SCHOOL - POBLACION 1 PIAT, CAGAYAN (CAGAYAN VALLEY)"
ABEMIS1078,School Garden Program,ABEMIS_FOOD_GARDEN,Quirino,Quirino,Diffun,Aurora East (Pob.),,,High Value Crop Development Program,1.00,,10000.00,2022,,High Value Crop Development Program,Project Group: Food Gardens | Project Type: School Garden | Beneficiary: Diffun National High School
ABEMIS1079,School Garden Program,ABEMIS_FOOD_GARDEN,Quirino,Quirino,Cabarroguis (Capital),San Marcos,,,High Value Crop Development Program,1.00,,10000.00,2022,,High Value Crop Development Program,Project Group: Food Gardens | Project Type: School Garden | Beneficiary: San Marcos Elementary School
ABEMIS1080,School Garden,ABEMIS_FOOD_GARDEN,Quirino,Quirino,Nagtipunan,Asaklat,,,High Value Crop Development Program,1.00,,10000.00,2022,,High Value Crop Development Program,Project Group: Food Gardens | Project Type: School Garden | Beneficiary: Asaclat Elementary School
ABEMIS1081,School Garden Program,ABEMIS_FOOD_GARDEN,Cagayan,3rd District,Solana,Calillauan,,,High Value Crop Development Program,1.00,,10000.00,2022,,High Value Crop Development Program,"Project Group: Food Gardens | Project Type: School Garden | Beneficiary: CALILLIAUAN ELEMENTARY SCHOOL - CALILLIAUAN SOLANA, CAGAYAN (CAGAYAN VALLEY)"
ABEMIS1082,School Garden Program,ABEMIS_FOOD_GARDEN,Quirino,Quirino,Diffun,Aurora East (Pob.),,,High Value Crop Development Program,1.00,,10000.00,2022,,High Value Crop Development Program,Project Group: Food Gardens | Project Type: School Garden | Beneficiary: Diffun Central School
ABEMIS1083,School Garden,ABEMIS_FOOD_GARDEN,Quirino,Quirino,Diffun,Andres Bonifacio (Pob.),,,High Value Crop Development Program,1.00,,10000.00,2022,,High Value Crop Development Program,Project Group: Food Gardens | Project Type: School Garden | Beneficiary: Andres Bonifacio Elementary School
ABEMIS1084,School Garden Program,ABEMIS_FOOD_GARDEN,Cagayan,3rd District,Solana,Carilucud,,,High Value Crop Development Program,1.00,,10000.00,2022,,High Value Crop Development Program,"Project Group: Food Gardens | Project Type: School Garden | Beneficiary: CARILUCUD ELEMENTARY SCHOOL - CARILUCUD SOLANA, CAGAYAN (CAGAYAN VALLEY)"
ABEMIS1085,School Garden Program,ABEMIS_FOOD_GARDEN,Quirino,Quirino,Maddela,Poblacion Norte,,,High Value Crop Development Program,1.00,,10000.00,2022,,High Value Crop Development Program,Project Group: Food Gardens | Project Type: School Garden | Beneficiary: Maddela Comprehensive High School
ABEMIS1086,School Garden Program,ABEMIS_FOOD_GARDEN,Cagayan,3rd District,Solana,Maddarulug (Santo Domingo),,,High Value Crop Development Program,1.00,,10000.00,2022,,High Value Crop Development Program,"Project Group: Food Gardens | Project Type: School Garden | Beneficiary: MADDARULUG ELEMENTARY SCHOOL - MADDARULUG SOLANA, CAGAYAN (CAGAYAN VALLEY II)"
ABEMIS1087,School Garden Program,ABEMIS_FOOD_GARDEN,Quirino,Quirino,Maddela,Dipintin,,,High Value Crop Development Program,1.00,,10000.00,2022,,High Value Crop Development Program,Project Group: Food Gardens | Project Type: School Garden | Beneficiary: Maddela South Central School
ABEMIS1088,School Garden Program,ABEMIS_FOOD_GARDEN,Cagayan,1st District,Alcala,Jurisdiction,,,High Value Crop Development Program,1.00,,10000.00,2022,,High Value Crop Development Program,"Project Group: Food Gardens | Project Type: School Garden | Beneficiary: JURISDICCION ELEMENTARY SCHOOL - JURISDICCION ALCALA, CAGAYAN (CAGAYAN VALLEY)"
ABEMIS1089,School Garden Program,ABEMIS_FOOD_GARDEN,Quirino,Quirino,Maddela,Abbag,,,High Value Crop Development Program,1.00,,10000.00,2022,,High Value Crop Development Program,Project Group: Food Gardens | Project Type: School Garden | Beneficiary: Abbag Elementary School
ABEMIS1090,School Garden Program,ABEMIS_FOOD_GARDEN,Cagayan,2nd District,Santo Ni?o (Faire),Namuccayan,,,High Value Crop Development Program,1.00,,10000.00,2022,,High Value Crop Development Program,Project Group: Food Gardens | Project Type: School Garden | Beneficiary: Namuccayan Integrated School
ABEMIS1091,School Garden Program,ABEMIS_FOOD_GARDEN,Quirino,Quirino,Maddela,Poblacion Sur,,,High Value Crop Development Program,1.00,,10000.00,2022,,High Value Crop Development Program,Project Group: Food Gardens | Project Type: School Garden | Beneficiary: San Dionisio I Elementary School
ABEMIS1092,School Garden Program,ABEMIS_FOOD_GARDEN,Cagayan,2nd District,Santo Ni?o (Faire),Centro Sur (Pob.),,,High Value Crop Development Program,1.00,,10000.00,2022,,High Value Crop Development Program,"Project Group: Food Gardens | Project Type: School Garden | Beneficiary: STO. NINO CENTRAL SCHOOL - CENTRO SUR STO. NINO, CAGAYAN (CAGAYAN VALLEY)"
ABEMIS1093,School Garden Program,ABEMIS_FOOD_GARDEN,Quirino,Quirino,Nagtipunan,Dissimungal,,,High Value Crop Development Program,1.00,,10000.00,2022,,High Value Crop Development Program,Project Group: Food Gardens | Project Type: School Garden | Beneficiary: Dicuraban Elementary School
ABEMIS1094,School Garden,ABEMIS_FOOD_GARDEN,Quirino,Quirino,Nagtipunan,Anak,,,High Value Crop Development Program,1.00,,10000.00,2022,,High Value Crop Development Program,Project Group: Food Gardens | Project Type: School Garden | Beneficiary: Anak Integrated School
ABEMIS1095,School Garden Program,ABEMIS_FOOD_GARDEN,Cagayan,1st District,Baggao,Santa Margarita,,,High Value Crop Development Program,1.00,,10000.00,2022,,High Value Crop Development Program,"Project Group: Food Gardens | Project Type: School Garden | Beneficiary: MALISI ELEMENTARY SCHOOL - MALISI BAGGAO, CAGAYAN (CAGAYAN VALLEY II)"
ABEMIS1096,School Garden Program,ABEMIS_FOOD_GARDEN,Quirino,Quirino,Aglipay,Pinaripad Norte,,,High Value Crop Development Program,1.00,,10000.00,2022,,High Value Crop Development Program,Project Group: Food Gardens | Project Type: School Garden | Beneficiary: Pinaripad National High School
ABEMIS1097,School Garden Program,ABEMIS_FOOD_GARDEN,Cagayan,3rd District,Tuao,Angang,,,High Value Crop Development Program,1.00,,10000.00,2022,,High Value Crop Development Program,"Project Group: Food Gardens | Project Type: School Garden | Beneficiary: ANGANG ELEMENTARY SCHOOL - ANGANG TUAO EAST, CAGAYAN (CAGAYAN VALLEY II)"
ABEMIS1098,School Garden Program,ABEMIS_FOOD_GARDEN,Quirino,Quirino,Maddela,Balligui,,,High Value Crop Development Program,1.00,,10000.00,2022,,High Value Crop Development Program,Project Group: Food Gardens | Project Type: School Garden | Beneficiary: Balligui Elementary School
ABEMIS1099,School Garden Program,ABEMIS_FOOD_GARDEN,Quirino,Quirino,Nagtipunan,Landingan,,,High Value Crop Development Program,1.00,,10000.00,2022,,High Value Crop Development Program,Project Group: Food Gardens | Project Type: School Garden | Beneficiary: Landingan Integrated School
ABEMIS1100,School Garden Program,ABEMIS_FOOD_GARDEN,Cagayan,2nd District,Pamplona,Bidduang,,,High Value Crop Development Program,1.00,,10000.00,2022,,High Value Crop Development Program,"Project Group: Food Gardens | Project Type: School Garden | Beneficiary: BIDDUANG NATIONAL HIGH SCHOOL - BIDDUANG PAMPLONA, CAGAYAN (CAGAYAN VALLEY)"
ABEMIS1101,School Garden Program,ABEMIS_FOOD_GARDEN,Quirino,Quirino,Nagtipunan,Ponggo,,,High Value Crop Development Program,1.00,,10000.00,2022,,High Value Crop Development Program,Project Group: Food Gardens | Project Type: School Garden | Beneficiary: Nagtipunan National High School
ABEMIS1102,School Garden Program,ABEMIS_FOOD_GARDEN,Cagayan,3rd District,Tuao,Battung,,,High Value Crop Development Program,1.00,,10000.00,2022,,High Value Crop Development Program,"Project Group: Food Gardens | Project Type: School Garden | Beneficiary: BATTUG ELEMENTARY SCHOOL - BATTUG TUAO, CAGAYAN (CAGAYAN VALLEY II)"
ABEMIS1103,School Garden,ABEMIS_FOOD_GARDEN,Quirino,Quirino,Nagtipunan,Ponggo,,,High Value Crop Development Program,1.00,,10000.00,2022,,High Value Crop Development Program,Project Group: Food Gardens | Project Type: School Garden | Beneficiary: Nagtipunan Central School
ABEMIS1104,School Garden Program,ABEMIS_FOOD_GARDEN,Quirino,Quirino,Saguday,Rizal (Pob.),,,High Value Crop Development Program,1.00,,10000.00,2022,,High Value Crop Development Program,Project Group: Food Gardens | Project Type: School Garden | Beneficiary: Saguday Central School
ABEMIS1105,School Garden Program,ABEMIS_FOOD_GARDEN,Quirino,Quirino,Maddela,Poblacion Norte,,,High Value Crop Development Program,1.00,,10000.00,2022,,High Value Crop Development Program,Project Group: Food Gardens | Project Type: School Garden | Beneficiary: Maddela North Central School
ABEMIS1106,School Garden Program,ABEMIS_FOOD_GARDEN,Quirino,Quirino,Diffun,Aurora West (Pob.),,,High Value Crop Development Program,1.00,,10000.00,2022,,High Value Crop Development Program,Project Group: Food Gardens | Project Type: School Garden | Beneficiary: Diffun West Central School
ABEMIS1107,School Garden Program,ABEMIS_FOOD_GARDEN,Quirino,Quirino,Diffun,Magsaysay,,,High Value Crop Development Program,1.00,,10000.00,2022,,High Value Crop Development Program,Project Group: Food Gardens | Project Type: School Garden | Beneficiary: Magsaysay National High School
ABEMIS1108,School Garden Program,ABEMIS_FOOD_GARDEN,Cagayan,1st District,Aparri,Navagan,,,High Value Crop Development Program,1.00,,10000.00,2022,,High Value Crop Development Program,Project Group: Food Gardens | Project Type: School Garden | Beneficiary: Dalaya Primary School
ABEMIS1109,School Garden Program,ABEMIS_FOOD_GARDEN,Cagayan,2nd District,Allacapan,Tubel,,,High Value Crop Development Program,1.00,,10000.00,2022,,High Value Crop Development Program,Project Group: Food Gardens | Project Type: School Garden | Beneficiary: Tubel Elementary School
ABEMIS1110,School Garden Program,ABEMIS_FOOD_GARDEN,Cagayan,2nd District,Abulug,Libertad,,,High Value Crop Development Program,1.00,,10000.00,2022,,High Value Crop Development Program,Project Group: Food Gardens | Project Type: School Garden | Beneficiary: Libertad Elementary School
ABEMIS1111,School Garden Program,ABEMIS_FOOD_GARDEN,Cagayan,2nd District,Abulug,Banguian,,,High Value Crop Development Program,1.00,,10000.00,2022,,High Value Crop Development Program,Project Group: Food Gardens | Project Type: School Garden | Beneficiary: Banguian Elementary School
ABEMIS1112,School Garden Program,ABEMIS_FOOD_GARDEN,Cagayan,1st District,Aparri,Bukig,,,High Value Crop Development Program,1.00,,10000.00,2022,,High Value Crop Development Program,Project Group: Food Gardens | Project Type: School Garden | Beneficiary: Aparri West Central School
ABEMIS1113,School Garden Program,ABEMIS_FOOD_GARDEN,Cagayan,1st District,Aparri,Macanaya (Pescaria),,,High Value Crop Development Program,1.00,,10000.00,2022,,High Value Crop Development Program,Project Group: Food Gardens | Project Type: School Garden | Beneficiary: Macanaya Elementary School
ABEMIS1114,School Garden Program,ABEMIS_FOOD_GARDEN,Cagayan,2nd District,Ballesteros,Cabaritan West,,,High Value Crop Development Program,1.00,,10000.00,2022,,High Value Crop Development Program,Project Group: Food Gardens | Project Type: School Garden | Beneficiary: Cabaritan West Elementary School
ABEMIS1115,School Garden Program,ABEMIS_FOOD_GARDEN,Cagayan,2nd District,Ballesteros,Santa Cruz,,,High Value Crop Development Program,1.00,,10000.00,2022,,High Value Crop Development Program,Project Group: Food Gardens | Project Type: School Garden | Beneficiary: Ammubuan Elementary School
ABEMIS1116,School Garden Program,ABEMIS_FOOD_GARDEN,Cagayan,2nd District,Abulug,Calog Sur,,,High Value Crop Development Program,1.00,,10000.00,2022,,High Value Crop Development Program,Project Group: Food Gardens | Project Type: School Garden | Beneficiary: Calog Sur Elementary School
ABEMIS1117,School Garden Program,ABEMIS_FOOD_GARDEN,Cagayan,2nd District,Abulug,Siguiran,,,High Value Crop Development Program,1.00,,10000.00,2022,,High Value Crop Development Program,Project Group: Food Gardens | Project Type: School Garden | Beneficiary: Muru Elementary School'
ABEMIS1118,School Garden Program,ABEMIS_FOOD_GARDEN,Isabela,3rd District,Alicia,Santa Maria,,,High Value Crop Development Program,1.00,,10000.00,2022,,High Value Crop Development Program,Project Group: Food Gardens | Project Type: School Garden | Beneficiary: Sta. Maria Elementary School
ABEMIS1119,School Garden Program,ABEMIS_FOOD_GARDEN,Isabela,6th District,Echague,Ipil,,,High Value Crop Development Program,1.00,,10000.00,2022,,High Value Crop Development Program,Project Group: Food Gardens | Project Type: School Garden | Beneficiary: Don Mariano Marcos National High School
ABEMIS1120,School Garden Program,ABEMIS_FOOD_GARDEN,Isabela,3rd District,Cabatuan,Paraiso,,,High Value Crop Development Program,1.00,,10000.00,2022,,High Value Crop Development Program,Project Group: Food Gardens | Project Type: School Garden | Beneficiary: Paraiso Elementary School
ABEMIS1121,School Garden Program,ABEMIS_FOOD_GARDEN,Isabela,5th District,Mallig,Casili,,,High Value Crop Development Program,1.00,,10000.00,2022,,High Value Crop Development Program,Project Group: Food Gardens | Project Type: School Garden | Beneficiary: Mallig Central School Annex
ABEMIS1122,School Garden Program,ABEMIS_FOOD_GARDEN,Isabela,5th District,Mallig,Binmonton,,,High Value Crop Development Program,1.00,,10000.00,2022,,High Value Crop Development Program,Project Group: Food Gardens | Project Type: School Garden | Beneficiary: Binmonton Integrated School
ABEMIS1123,School Garden Program,ABEMIS_FOOD_GARDEN,Isabela,2nd District,San Mariano,Santa Filomina,,,High Value Crop Development Program,1.00,,10000.00,2022,,High Value Crop Development Program,Project Group: Food Gardens | Project Type: School Garden | Beneficiary: Sta. Filomena Integrated School
ABEMIS1124,School Garden Program,ABEMIS_FOOD_GARDEN,Isabela,2nd District,Gamu,Barcolan,,,High Value Crop Development Program,1.00,,10000.00,2022,,High Value Crop Development Program,Project Group: Food Gardens | Project Type: School Garden | Beneficiary: Barcolan Elementary School
ABEMIS1125,School Garden Program,ABEMIS_FOOD_GARDEN,Isabela,1st District,Tumauini,Bayabo East,,,High Value Crop Development Program,1.00,,10000.00,2022,,High Value Crop Development Program,Project Group: Food Gardens | Project Type: School Garden | Beneficiary: Bayabo East Integrated School
ABEMIS1126,School Garden Program,ABEMIS_FOOD_GARDEN,Isabela,2nd District,Naguilian,Mansibang,,,High Value Crop Development Program,1.00,,10000.00,2022,,High Value Crop Development Program,Project Group: Food Gardens | Project Type: School Garden | Beneficiary: Mansibang Elementary School
ABEMIS1127,School Garden Program,ABEMIS_FOOD_GARDEN,Isabela,6th District,Echague,Dammang East,,,High Value Crop Development Program,1.00,,10000.00,2022,,High Value Crop Development Program,Project Group: Food Gardens | Project Type: School Garden | Beneficiary: Dammag East Elementary School
ABEMIS1128,School Garden Program,ABEMIS_FOOD_GARDEN,Isabela,6th District,Echague,Dammang West,,,High Value Crop Development Program,1.00,,10000.00,2022,,High Value Crop Development Program,Project Group: Food Gardens | Project Type: School Garden | Beneficiary: Dammang-Malitao Elementary School
ABEMIS1129,School Garden Program,ABEMIS_FOOD_GARDEN,Isabela,5th District,Quezon,Abut,,,High Value Crop Development Program,1.00,,10000.00,2022,,High Value Crop Development Program,Project Group: Food Gardens | Project Type: School Garden | Beneficiary: Abut Elementary School
ABEMIS1130,School Garden Program,ABEMIS_FOOD_GARDEN,Isabela,5th District,San Manuel,Caraniogan,,,High Value Crop Development Program,1.00,,10000.00,2022,,High Value Crop Development Program,Project Group: Food Gardens | Project Type: School Garden | Beneficiary: Caraniogan Elementary School
ABEMIS1131,School Garden Program,ABEMIS_FOOD_GARDEN,Isabela,5th District,Quezon,Lepanto,,,High Value Crop Development Program,1.00,,10000.00,2022,,High Value Crop Development Program,Project Group: Food Gardens | Project Type: School Garden | Beneficiary: Lepanto Elementary School - Talaca Annex
ABEMIS1132,School Garden Program,ABEMIS_FOOD_GARDEN,Isabela,5th District,Quezon,Turod,,,High Value Crop Development Program,1.00,,10000.00,2022,,High Value Crop Development Program,Project Group: Food Gardens | Project Type: School Garden | Beneficiary: Turod Elementary School
ABEMIS1133,School Garden Program,ABEMIS_FOOD_GARDEN,Isabela,5th District,San Manuel,Malalinta,,,High Value Crop Development Program,1.00,,10000.00,2022,,High Value Crop Development Program,Project Group: Food Gardens | Project Type: School Garden | Beneficiary: Malalinta Elementary School
ABEMIS1134,School Garden Program,ABEMIS_FOOD_GARDEN,Isabela,6th District,San Guillermo,Centro 1 (Pob.),,,High Value Crop Development Program,1.00,,10000.00,2022,,High Value Crop Development Program,Project Group: Food Gardens | Project Type: School Garden | Beneficiary: San Guillermo Central School
ABEMIS1135,School Garden Program,ABEMIS_FOOD_GARDEN,Isabela,5th District,San Manuel,Babanuang,,,High Value Crop Development Program,1.00,,10000.00,2022,,High Value Crop Development Program,Project Group: Food Gardens | Project Type: School Garden | Beneficiary: Babanuang Elementary School
ABEMIS1136,School Garden Program,ABEMIS_FOOD_GARDEN,Isabela,3rd District,San Mateo,Old Centro I,,,High Value Crop Development Program,1.00,,10000.00,2022,,High Value Crop Development Program,Project Group: Food Gardens | Project Type: School Garden | Beneficiary: San Mateo General Comprehensive High School
ABEMIS1137,School Garden Program,ABEMIS_FOOD_GARDEN,Isabela,4th District,San Agustin,Sinaoangan Sur,,,High Value Crop Development Program,1.00,,10000.00,2022,,High Value Crop Development Program,Project Group: Food Gardens | Project Type: School Garden | Beneficiary: Southeastern Region High School
ABEMIS1138,School Garden Program,ABEMIS_FOOD_GARDEN,Isabela,6th District,Echague,Garit Norte,,,High Value Crop Development Program,1.00,,10000.00,2022,,High Value Crop Development Program,Project Group: Food Gardens | Project Type: School Garden | Beneficiary: Highway Region National High School
ABEMIS1139,School Garden Program,ABEMIS_FOOD_GARDEN,Isabela,6th District,Echague,San Antonio Minit,,,High Value Crop Development Program,1.00,,10000.00,2022,,High Value Crop Development Program,Project Group: Food Gardens | Project Type: School Garden | Beneficiary: San Antonio Elementary School
ABEMIS1140,School Garden Program,ABEMIS_FOOD_GARDEN,Isabela,1st District,Tumauini,Annafunan,,,High Value Crop Development Program,1.00,,10000.00,2022,,High Value Crop Development Program,Project Group: Food Gardens | Project Type: School Garden | Beneficiary: Tumauini National High School
ABEMIS1141,School Garden Program,ABEMIS_FOOD_GARDEN,Isabela,6th District,Echague,San Manuel,,,High Value Crop Development Program,1.00,,10000.00,2022,,High Value Crop Development Program,Project Group: Food Gardens | Project Type: School Garden | Beneficiary: San Manuel Elementary School
ABEMIS1142,School Garden Program,ABEMIS_FOOD_GARDEN,Isabela,6th District,Echague,Ipil,,,High Value Crop Development Program,1.00,,10000.00,2022,,High Value Crop Development Program,Project Group: Food Gardens | Project Type: School Garden | Beneficiary: Echague South Central School
ABEMIS1143,School Garden Program,ABEMIS_FOOD_GARDEN,Isabela,6th District,San Isidro,Rizal East (Pob.),,,High Value Crop Development Program,1.00,,10000.00,2022,,High Value Crop Development Program,Project Group: Food Gardens | Project Type: School Garden | Beneficiary: San Isidro East Central School
ABEMIS1144,School Garden Program,ABEMIS_FOOD_GARDEN,Isabela,4th District,San Agustin,Laoag,,,High Value Crop Development Program,1.00,,10000.00,2022,,High Value Crop Development Program,Project Group: Food Gardens | Project Type: School Garden | Beneficiary: Dorganda Elementary School
ABEMIS1145,School Garden Program,ABEMIS_FOOD_GARDEN,Isabela,2nd District,Reina Mercedes,Turod,,,High Value Crop Development Program,1.00,,10000.00,2022,,High Value Crop Development Program,Project Group: Food Gardens | Project Type: School Garden | Beneficiary: Turod Integrated School
ABEMIS1146,School Garden Program,ABEMIS_FOOD_GARDEN,Isabela,3rd District,Ramon,Oscariz,,,High Value Crop Development Program,1.00,,10000.00,2022,,High Value Crop Development Program,Project Group: Food Gardens | Project Type: School Garden | Beneficiary: Ramon National High School
ABEMIS1147,School Garden Program,ABEMIS_FOOD_GARDEN,Isabela,4th District,San Agustin,Dabubu Peque?o,,,High Value Crop Development Program,1.00,,10000.00,2022,,High Value Crop Development Program,Project Group: Food Gardens | Project Type: School Garden | Beneficiary: Dabubu High School
ABEMIS1148,School Garden Program,ABEMIS_FOOD_GARDEN,Isabela,6th District,Echague,Santo Domingo,,,High Value Crop Development Program,1.00,,10000.00,2022,,High Value Crop Development Program,Project Group: Food Gardens | Project Type: School Garden | Beneficiary: Ugad High School
ABEMIS1149,School Garden Program,ABEMIS_FOOD_GARDEN,Isabela,3rd District,San Mateo,Old Centro I,,,High Value Crop Development Program,1.00,,10000.00,2022,,High Value Crop Development Program,Project Group: Food Gardens | Project Type: School Garden | Beneficiary: San Mateo West Central School
ABEMIS1150,School Garden Program,ABEMIS_FOOD_GARDEN,Isabela,2nd District,San Mariano,Marannao,,,High Value Crop Development Program,1.00,,10000.00,2022,,High Value Crop Development Program,Project Group: Food Gardens | Project Type: School Garden | Beneficiary: Marannao Integrated School
ABEMIS1151,School Garden Program,ABEMIS_FOOD_GARDEN,Isabela,3rd District,San Mateo,San Roque,,,High Value Crop Development Program,1.00,,10000.00,2022,,High Value Crop Development Program,Project Group: Food Gardens | Project Type: School Garden | Beneficiary: San Roque Elementary School
ABEMIS1152,School Garden Program,ABEMIS_FOOD_GARDEN,Isabela,3rd District,San Mateo,Villa Magat,,,High Value Crop Development Program,1.00,,10000.00,2022,,High Value Crop Development Program,Project Group: Food Gardens | Project Type: School Garden | Beneficiary: Villa Magat Elementary School
ABEMIS1153,School Garden Program,ABEMIS_FOOD_GARDEN,Isabela,1st District,Tumauini,Lapogan,,,High Value Crop Development Program,1.00,,10000.00,2022,,High Value Crop Development Program,Project Group: Food Gardens | Project Type: School Garden | Beneficiary: Lapogan Integrated School
ABEMIS1154,School Garden Program,ABEMIS_FOOD_GARDEN,Isabela,1st District,Tumauini,San Pedro,,,High Value Crop Development Program,1.00,,10000.00,2022,,High Value Crop Development Program,Project Group: Food Gardens | Project Type: School Garden | Beneficiary: Tumauini North Central School
ABEMIS1155,School Garden Program,ABEMIS_FOOD_GARDEN,Isabela,1st District,Cabagan,Aggub,,,High Value Crop Development Program,1.00,,10000.00,2022,,High Value Crop Development Program,Project Group: Food Gardens | Project Type: School Garden | Beneficiary: Aggub Elementary School
ABEMIS1156,School Garden Program,ABEMIS_FOOD_GARDEN,Isabela,1st District,Santo Tomas,Ca?ogan Abajo Norte,,,High Value Crop Development Program,1.00,,10000.00,2022,,High Value Crop Development Program,Project Group: Food Gardens | Project Type: School Garden | Beneficiary: Sto. Tomas National High School
ABEMIS1157,School Garden Program,ABEMIS_FOOD_GARDEN,Isabela,5th District,Quirino,San Juan,,,High Value Crop Development Program,1.00,,10000.00,2022,,High Value Crop Development Program,Project Group: Food Gardens | Project Type: School Garden | Beneficiary: San Juan Elementary School
ABEMIS1158,School Garden Program,ABEMIS_FOOD_GARDEN,Isabela,5th District,Quirino,Santo Domingo,,,High Value Crop Development Program,1.00,,10000.00,2022,,High Value Crop Development Program,Project Group: Food Gardens | Project Type: School Garden | Beneficiary: San Vicente Elemetary School
ABEMIS1159,School Garden Program,ABEMIS_FOOD_GARDEN,Isabela,2nd District,Benito Soliven,Yeban Norte,,,High Value Crop Development Program,1.00,,10000.00,2022,,High Value Crop Development Program,Project Group: Food Gardens | Project Type: School Garden | Beneficiary: Yeban Integrated School
ABEMIS1160,School Garden Program,ABEMIS_FOOD_GARDEN,Isabela,4th District,Jones,Linomot,,,High Value Crop Development Program,1.00,,10000.00,2022,,High Value Crop Development Program,Project Group: Food Gardens | Project Type: School Garden | Beneficiary: Linomot Elementary School
ABEMIS1161,School Garden Program,ABEMIS_FOOD_GARDEN,Isabela,4th District,Cordon,Caquilingan (San Luis),,,High Value Crop Development Program,1.00,,10000.00,2022,,High Value Crop Development Program,Project Group: Food Gardens | Project Type: School Garden | Beneficiary: Kakilingan Elementary School
ABEMIS1162,School Garden Program,ABEMIS_FOOD_GARDEN,Quirino,Quirino,Cabarroguis (Capital),Dingasan,,,High Value Crop Development Program,1.00,,10000.00,2022,,High Value Crop Development Program,Project Group: Food Gardens | Project Type: School Garden | Beneficiary: Dingasan Integrated School
ABEMIS1163,School Garden Program,ABEMIS_FOOD_GARDEN,Isabela,5th District,Burgos,San Miguel,,,High Value Crop Development Program,1.00,,10000.00,2022,,High Value Crop Development Program,Project Group: Food Gardens | Project Type: School Garden | Beneficiary: San Miguel Elementary School
ABEMIS1164,School Garden Prograam,ABEMIS_FOOD_GARDEN,Nueva Vizcaya,Nueva Vizcaya,Kayapa,San Fabian,,,High Value Crop Development Program,1.00,,10000.00,2022,,High Value Crop Development Program,Project Group: Food Gardens | Project Type: School Garden | Beneficiary: San Fabian Elementary School
ABEMIS1165,School Garden Program,ABEMIS_FOOD_GARDEN,Isabela,4th District,Jones,Dicamay I,,,High Value Crop Development Program,1.00,,10000.00,2022,,High Value Crop Development Program,Project Group: Food Gardens | Project Type: School Garden | Beneficiary: Dicamay National High School
ABEMIS1166,School Garden Program,ABEMIS_FOOD_GARDEN,Isabela,3rd District,Alicia,Linglingay,,,High Value Crop Development Program,1.00,,10000.00,2022,,High Value Crop Development Program,Project Group: Food Gardens | Project Type: School Garden | Beneficiary: Linglingay Elementary School
ABEMIS1167,School Garden Program,ABEMIS_FOOD_GARDEN,Isabela,3rd District,Cabatuan,Saranay,,,High Value Crop Development Program,1.00,,10000.00,2022,,High Value Crop Development Program,Project Group: Food Gardens | Project Type: School Garden | Beneficiary: Ortiz-Saranay Elementary School
ABEMIS1168,School Garden Program,ABEMIS_FOOD_GARDEN,Isabela,4th District,Jones,San Vicente,,,High Value Crop Development Program,1.00,,10000.00,2022,,High Value Crop Development Program,Project Group: Food Gardens | Project Type: School Garden | Beneficiary: San Sebastian Integrated School
ABEMIS1169,School Garden Program,ABEMIS_FOOD_GARDEN,Isabela,3rd District,Cabatuan,Calaocan,,,High Value Crop Development Program,1.00,,10000.00,2022,,High Value Crop Development Program,Project Group: Food Gardens | Project Type: School Garden | Beneficiary: Calaocan Elementary School
ABEMIS1170,School Garden Program,ABEMIS_FOOD_GARDEN,Isabela,1st District,San Pablo,Poblacion,,,High Value Crop Development Program,1.00,,10000.00,2022,,High Value Crop Development Program,Project Group: Food Gardens | Project Type: School Garden | Beneficiary: San Pablo Central School
ABEMIS1171,School Garden Program,ABEMIS_FOOD_GARDEN,Isabela,2nd District,Naguilian,Surcoc,,,High Value Crop Development Program,1.00,,10000.00,2022,,High Value Crop Development Program,Project Group: Food Gardens | Project Type: School Garden | Beneficiary: Surcoc Integrated School
ABEMIS1172,School Garden Program,ABEMIS_FOOD_GARDEN,Isabela,1st District,San Pablo,Poblacion,,,High Value Crop Development Program,1.00,,10000.00,2022,,High Value Crop Development Program,Project Group: Food Gardens | Project Type: School Garden | Beneficiary: San Pablo National High School
ABEMIS1173,School Garden Program,ABEMIS_FOOD_GARDEN,Isabela,3rd District,Angadanan,San Ambrocio,,,High Value Crop Development Program,1.00,,10000.00,2022,,High Value Crop Development Program,Project Group: Food Gardens | Project Type: School Garden | Beneficiary: San Ambrocio Elementary School
ABEMIS1174,School Garden Program,ABEMIS_FOOD_GARDEN,Isabela,5th District,Aurora,Malasin,,,High Value Crop Development Program,1.00,,10000.00,2022,,High Value Crop Development Program,Project Group: Food Gardens | Project Type: School Garden | Beneficiary: Malasin Elementary School
ABEMIS1175,School Garden Program,ABEMIS_FOOD_GARDEN,Isabela,3rd District,Angadanan,Fugaru,,,High Value Crop Development Program,1.00,,10000.00,2022,,High Value Crop Development Program,Project Group: Food Gardens | Project Type: School Garden | Beneficiary: Fugaru Integrated School
ABEMIS1176,School Garden Program,ABEMIS_FOOD_GARDEN,Isabela,1st District,Delfin Albano (Magsaysay),San Antonio,,,High Value Crop Development Program,1.00,,10000.00,2022,,High Value Crop Development Program,Project Group: Food Gardens | Project Type: School Garden | Beneficiary: San Antonio National High School
ABEMIS1177,School Garden Program,ABEMIS_FOOD_GARDEN,Isabela,5th District,Aurora,Macatal,,,High Value Crop Development Program,1.00,,10000.00,2022,,High Value Crop Development Program,Project Group: Food Gardens | Project Type: School Garden | Beneficiary: Macatal Elementary School
ABEMIS1178,School Garden Program,ABEMIS_FOOD_GARDEN,Isabela,5th District,Aurora,Apiat,,,High Value Crop Development Program,1.00,,10000.00,2022,,High Value Crop Development Program,Project Group: Food Gardens | Project Type: School Garden | Beneficiary: Apiat Elementary School
ABEMIS1179,School Garden Program,ABEMIS_FOOD_GARDEN,Isabela,5th District,Burgos,Caliguian (Pob.),,,High Value Crop Development Program,1.00,,10000.00,2022,,High Value Crop Development Program,Project Group: Food Gardens | Project Type: School Garden | Beneficiary: Burgos National High School
ABEMIS1180,School Garden Program,ABEMIS_FOOD_GARDEN,Isabela,2nd District,Naguilian,Cabaruan,,,High Value Crop Development Program,1.00,,10000.00,2022,,High Value Crop Development Program,Project Group: Food Gardens | Project Type: School Garden | Beneficiary: Cabaruan Integrated School
ABEMIS1181,School Garden Program,ABEMIS_FOOD_GARDEN,Isabela,3rd District,Alicia,Bantug-Petines,,,High Value Crop Development Program,1.00,,10000.00,2022,,High Value Crop Development Program,Project Group: Food Gardens | Project Type: School Garden | Beneficiary: Bantug Petines Elementary School
ABEMIS1182,School Garden Program,ABEMIS_FOOD_GARDEN,Isabela,3rd District,Alicia,Inanama,,,High Value Crop Development Program,1.00,,10000.00,2022,,High Value Crop Development Program,Project Group: Food Gardens | Project Type: School Garden | Beneficiary: Inanama Elementary School
ABEMIS1183,School Garden Program,ABEMIS_FOOD_GARDEN,Isabela,3rd District,Alicia,Paddad,,,High Value Crop Development Program,1.00,,10000.00,2022,,High Value Crop Development Program,Project Group: Food Gardens | Project Type: School Garden | Beneficiary: Sto. Domingo Elementary School
ABEMIS1184,School Garden Program,ABEMIS_FOOD_GARDEN,Isabela,1st District,Cabagan,San Juan,,,High Value Crop Development Program,1.00,,10000.00,2022,,High Value Crop Development Program,Project Group: Food Gardens | Project Type: School Garden | Beneficiary: Cabagan Riverside National High School
ABEMIS1185,School Garden Program,ABEMIS_FOOD_GARDEN,Isabela,6th District,San Guillermo,Centro 2 (Pob.),,,High Value Crop Development Program,1.00,,10000.00,2022,,High Value Crop Development Program,Project Group: Food Gardens | Project Type: School Garden | Beneficiary: San Guillermo Vocational and Industrial High School
ABEMIS1186,School Garden,ABEMIS_FOOD_GARDEN,Nueva Vizcaya,Nueva Vizcaya,Kayapa,Pingkian,,,High Value Crop Development Program,1.00,,10000.00,2022,,High Value Crop Development Program,Project Group: Food Gardens | Project Type: School Garden | Beneficiary: Santa Cruz Pingkian High School
ABEMIS1187,School Garden Program,ABEMIS_FOOD_GARDEN,Nueva Vizcaya,Nueva Vizcaya,Dupax del Sur,Ganao (Lingad),,,High Value Crop Development Program,1.00,,10000.00,2022,,High Value Crop Development Program,Project Group: Food Gardens | Project Type: School Garden | Beneficiary: Ganao High School
ABEMIS1188,School Garden Program,ABEMIS_FOOD_GARDEN,Nueva Vizcaya,Nueva Vizcaya,Santa Fe,Imugan,,,High Value Crop Development Program,1.00,,10000.00,2022,,High Value Crop Development Program,Project Group: Food Gardens | Project Type: School Garden | Beneficiary: Imugan Elementary School
ABEMIS1189,School Garden Program,ABEMIS_FOOD_GARDEN,Nueva Vizcaya,Nueva Vizcaya,Santa Fe,Baliling,,,High Value Crop Development Program,1.00,,10000.00,2022,,High Value Crop Development Program,Project Group: Food Gardens | Project Type: School Garden | Beneficiary: Baliling Elementary School
ABEMIS1190,School Garden Program,ABEMIS_FOOD_GARDEN,Nueva Vizcaya,Nueva Vizcaya,Santa Fe,Bacneng,,,High Value Crop Development Program,1.00,,10000.00,2022,,High Value Crop Development Program,Project Group: Food Gardens | Project Type: School Garden | Beneficiary: Bacneng Elementary School
ABEMIS1191,School Garden Program,ABEMIS_FOOD_GARDEN,Nueva Vizcaya,Nueva Vizcaya,Dupax del Sur,Palabotan,,,High Value Crop Development Program,1.00,,10000.00,2022,,High Value Crop Development Program,Project Group: Food Gardens | Project Type: School Garden | Beneficiary: Palabotan Elementary School
ABEMIS1192,School Garden,ABEMIS_FOOD_GARDEN,Nueva Vizcaya,Nueva Vizcaya,Ambaguio,Poblacion,,,High Value Crop Development Program,1.00,,10000.00,2022,,High Value Crop Development Program,Project Group: Food Gardens | Project Type: School Garden | Beneficiary: Ambaguio Central School
ABEMIS1193,School Garden,ABEMIS_FOOD_GARDEN,Nueva Vizcaya,Nueva Vizcaya,Bagabag,Tuao South,,,High Value Crop Development Program,1.00,,10000.00,2022,,High Value Crop Development Program,Project Group: Food Gardens | Project Type: School Garden | Beneficiary: Tuao High School
ABEMIS1194,School Garden,ABEMIS_FOOD_GARDEN,Nueva Vizcaya,Nueva Vizcaya,Kasibu,Tokod,,,High Value Crop Development Program,1.00,,10000.00,2022,,High Value Crop Development Program,Project Group: Food Gardens | Project Type: School Garden | Beneficiary: Tukod Elementary School
ABEMIS1195,School Garden,ABEMIS_FOOD_GARDEN,Nueva Vizcaya,Nueva Vizcaya,Ambaguio,Salingsingan,,,High Value Crop Development Program,1.00,,10000.00,2022,,High Value Crop Development Program,Project Group: Food Gardens | Project Type: School Garden | Beneficiary: Salingsingan Elementary School
ABEMIS1196,School Garden,ABEMIS_FOOD_GARDEN,Nueva Vizcaya,Nueva Vizcaya,Dupax del Norte,Oyao,,,High Value Crop Development Program,1.00,,10000.00,2022,,High Value Crop Development Program,Project Group: Food Gardens | Project Type: School Garden | Beneficiary: Abatan Elementary School
ABEMIS1197,School Garden,ABEMIS_FOOD_GARDEN,Nueva Vizcaya,Nueva Vizcaya,Ambaguio,Dulli,,,High Value Crop Development Program,1.00,,10000.00,2022,,High Value Crop Development Program,Project Group: Food Gardens | Project Type: School Garden | Beneficiary: Dulli Integrated School
ABEMIS1198,School Garden,ABEMIS_FOOD_GARDEN,Nueva Vizcaya,Nueva Vizcaya,Aritao,Tabueng,,,High Value Crop Development Program,1.00,,10000.00,2022,,High Value Crop Development Program,Project Group: Food Gardens | Project Type: School Garden | Beneficiary: Tabueng Elementary School
ABEMIS1199,School Garden,ABEMIS_FOOD_GARDEN,Nueva Vizcaya,Nueva Vizcaya,Quezon,Caliat (Pob.),,,High Value Crop Development Program,1.00,,10000.00,2022,,High Value Crop Development Program,Project Group: Food Gardens | Project Type: School Garden | Beneficiary: Quezon Central School
ABEMIS1200,School Garden,ABEMIS_FOOD_GARDEN,Nueva Vizcaya,Nueva Vizcaya,Kayapa,Cabayo,,,High Value Crop Development Program,1.00,,10000.00,2022,,High Value Crop Development Program,Project Group: Food Gardens | Project Type: School Garden | Beneficiary: Cabayo Integrated School
ABEMIS1201,School Garden Program,ABEMIS_FOOD_GARDEN,Isabela,4th District,San Agustin,Sinaoangan Norte,,,High Value Crop Development Program,1.00,,10000.00,2022,,High Value Crop Development Program,Project Group: Food Gardens | Project Type: School Garden | Beneficiary: Sinaoangan Norte Elementary School
ABEMIS1202,School Garden Program,ABEMIS_FOOD_GARDEN,Isabela,6th District,San Guillermo,Rizal,,,High Value Crop Development Program,1.00,,10000.00,2022,,High Value Crop Development Program,Project Group: Food Gardens | Project Type: School Garden | Beneficiary: Rizal Integrated School
ABEMIS1203,School Garden Program,ABEMIS_FOOD_GARDEN,Isabela,3rd District,San Mateo,Salinungan East,,,High Value Crop Development Program,1.00,,10000.00,2022,,High Value Crop Development Program,Project Group: Food Gardens | Project Type: School Garden | Beneficiary: Salinungan Stand-Alone Senior High School
ABEMIS1204,School Garden Program,ABEMIS_FOOD_GARDEN,Isabela,5th District,Luna,Harana,,,High Value Crop Development Program,1.00,,10000.00,2022,,High Value Crop Development Program,Project Group: Food Gardens | Project Type: School Garden | Beneficiary: Harana Elementary School
ABEMIS1205,School Garden Program,ABEMIS_FOOD_GARDEN,Isabela,4th District,Cordon,Taliktik,,,High Value Crop Development Program,1.00,,10000.00,2022,,High Value Crop Development Program,Project Group: Food Gardens | Project Type: School Garden | Beneficiary: Taliktik Elementary School
ABEMIS1206,School Garden Program,ABEMIS_FOOD_GARDEN,Isabela,2nd District,Reina Mercedes,Cutog Peque?o,,,High Value Crop Development Program,1.00,,10000.00,2022,,High Value Crop Development Program,Project Group: Food Gardens | Project Type: School Garden | Beneficiary: Reina Mercedes National High School
ABEMIS1207,School Garden Program,ABEMIS_FOOD_GARDEN,Isabela,2nd District,San Mariano,Panninan,,,High Value Crop Development Program,1.00,,10000.00,2022,,High Value Crop Development Program,Project Group: Food Gardens | Project Type: School Garden | Beneficiary: Panninan Integrated School
ABEMIS1208,School Garden Program,ABEMIS_FOOD_GARDEN,Isabela,2nd District,Gamu,Linglingay,,,High Value Crop Development Program,1.00,,10000.00,2022,,High Value Crop Development Program,Project Group: Food Gardens | Project Type: School Garden | Beneficiary: Gamu Agri-Fishery School
ABEMIS1209,School Garden Program,ABEMIS_FOOD_GARDEN,Isabela,5th District,Roxas,Do?a Concha,,,High Value Crop Development Program,1.00,,10000.00,2022,,High Value Crop Development Program,Project Group: Food Gardens | Project Type: School Garden | Beneficiary: San Pedro Elementary School - Villa Conception Elementary School Annex - Doña Concha
ABEMIS1210,School Garden Program,ABEMIS_FOOD_GARDEN,Isabela,2nd District,Palanan,Marikit,,,High Value Crop Development Program,1.00,,10000.00,2022,,High Value Crop Development Program,Project Group: Food Gardens | Project Type: School Garden | Beneficiary: Marikit Integrated School
ABEMIS1211,School Garden Program,ABEMIS_FOOD_GARDEN,Isabela,1st District,Santa Maria,Poblacion 1,,,High Value Crop Development Program,1.00,,10000.00,2022,,High Value Crop Development Program,Project Group: Food Gardens | Project Type: School Garden | Beneficiary: Santa Maria High School
ABEMIS1212,School Garden Program,ABEMIS_FOOD_GARDEN,Isabela,3rd District,Angadanan,Loria,,,High Value Crop Development Program,1.00,,10000.00,2022,,High Value Crop Development Program,Project Group: Food Gardens | Project Type: School Garden | Beneficiary: Cadaloria High School
ABEMIS1213,School Garden,ABEMIS_FOOD_GARDEN,Isabela,1st District,Santo Tomas,Bolinao-Culalabo,,,High Value Crop Development Program,1.00,,10000.00,2022,,High Value Crop Development Program,Project Group: Food Gardens | Project Type: School Garden | Beneficiary: Sto. Tomas Central School
ABEMIS1214,School Garden,ABEMIS_FOOD_GARDEN,Nueva Vizcaya,Nueva Vizcaya,Kasibu,Pacquet (Ilongot Res.),,,High Value Crop Development Program,1.00,,10000.00,2022,,High Value Crop Development Program,Project Group: Food Gardens | Project Type: School Garden | Beneficiary: Paquet Integrated School
ABEMIS1215,School Garden,ABEMIS_FOOD_GARDEN,Isabela,4th District,Dinapigue,Ayod,,,High Value Crop Development Program,1.00,,10000.00,2022,,High Value Crop Development Program,Project Group: Food Gardens | Project Type: School Garden | Beneficiary: Ayod Integrated School
ABEMIS1216,School Garden,ABEMIS_FOOD_GARDEN,Isabela,1st District,Tumauini,Cumabao,,,High Value Crop Development Program,1.00,,10000.00,2022,,High Value Crop Development Program,Project Group: Food Gardens | Project Type: School Garden | Beneficiary: Cumabao Integrated School
ABEMIS1217,School Garden,ABEMIS_FOOD_GARDEN,Nueva Vizcaya,Nueva Vizcaya,Solano,Uddiawan,,,High Value Crop Development Program,1.00,,10000.00,2022,,High Value Crop Development Program,Project Group: Food Gardens | Project Type: School Garden | Beneficiary: Uddiawan Elementary School
ABEMIS1218,School Garden,ABEMIS_FOOD_GARDEN,Isabela,1st District,Cabagan,Catabayungan,,,High Value Crop Development Program,1.00,,10000.00,2022,,High Value Crop Development Program,Project Group: Food Gardens | Project Type: School Garden | Beneficiary: Cabagan Science Elementary School
ABEMIS1219,School Garden,ABEMIS_FOOD_GARDEN,Isabela,3rd District,Angadanan,Buenavista,,,High Value Crop Development Program,1.00,,10000.00,2022,,High Value Crop Development Program,Project Group: Food Gardens | Project Type: School Garden | Beneficiary: Lunac Primary School
ABEMIS1220,School Garden,ABEMIS_FOOD_GARDEN,Isabela,4th District,Cordon,Tarinsing,,,High Value Crop Development Program,1.00,,10000.00,2022,,High Value Crop Development Program,Project Group: Food Gardens | Project Type: School Garden | Beneficiary: Taringsing Elementary School
ABEMIS1221,School Garden,ABEMIS_FOOD_GARDEN,Nueva Vizcaya,Nueva Vizcaya,Quezon,Maddiangat,,,High Value Crop Development Program,1.00,,10000.00,2022,,High Value Crop Development Program,Project Group: Food Gardens | Project Type: School Garden | Beneficiary: Maddiangat Elementary School
ABEMIS1222,School Garden,ABEMIS_FOOD_GARDEN,Isabela,1st District,Santa Maria,Poblacion 1,,,High Value Crop Development Program,1.00,,10000.00,2022,,High Value Crop Development Program,Project Group: Food Gardens | Project Type: School Garden | Beneficiary: Sta. Maria Central School
ABEMIS1223,School Garden,ABEMIS_FOOD_GARDEN,Isabela,5th District,Roxas,San Antonio,,,High Value Crop Development Program,1.00,,10000.00,2022,,High Value Crop Development Program,Project Group: Food Gardens | Project Type: School Garden | Beneficiary: Roxas Stand-Alone Senior High School
ABEMIS1224,School Garden,ABEMIS_FOOD_GARDEN,Isabela,6th District,Echague,San Felipe,,,High Value Crop Development Program,1.00,,10000.00,2022,,High Value Crop Development Program,Project Group: Food Gardens | Project Type: School Garden | Beneficiary: Echague East Central School
ABEMIS1225,School Garden,ABEMIS_FOOD_GARDEN,Isabela,3rd District,San Mateo,Marasat Peque?o,,,High Value Crop Development Program,1.00,,10000.00,2022,,High Value Crop Development Program,Project Group: Food Gardens | Project Type: School Garden | Beneficiary: Marasat Pequeño Elementary School
ABEMIS1226,School Garden,ABEMIS_FOOD_GARDEN,Isabela,1st District,Tumauini,Carpentero,,,High Value Crop Development Program,1.00,,10000.00,2022,,High Value Crop Development Program,Project Group: Food Gardens | Project Type: School Garden | Beneficiary: Tumauini South Central School
ABEMIS1227,School Garden,ABEMIS_FOOD_GARDEN,Isabela,6th District,San Isidro,Rizal West (Pob.),,,High Value Crop Development Program,1.00,,10000.00,2022,,High Value Crop Development Program,Project Group: Food Gardens | Project Type: School Garden | Beneficiary: San Isidro West Central School
ABEMIS1228,School Garden,ABEMIS_FOOD_GARDEN,Isabela,2nd District,San Mariano,Daragutan East,,,High Value Crop Development Program,1.00,,10000.00,2022,,High Value Crop Development Program,Project Group: Food Gardens | Project Type: School Garden | Beneficiary: Daragutan East Elementary School
ABEMIS1229,School Garden,ABEMIS_FOOD_GARDEN,Isabela,6th District,Echague,San Fabian,,,High Value Crop Development Program,1.00,,10000.00,2022,,High Value Crop Development Program,Project Group: Food Gardens | Project Type: School Garden | Beneficiary: Echague National High School
ABEMIS1230,School Garden,ABEMIS_FOOD_GARDEN,Isabela,6th District,Echague,Dammang East,,,High Value Crop Development Program,1.00,,10000.00,2022,,High Value Crop Development Program,Project Group: Food Gardens | Project Type: School Garden | Beneficiary: Doña Magdalena H. Gaffud High School
ABEMIS1231,School Garden,ABEMIS_FOOD_GARDEN,Isabela,4th District,Jones,Dalibubon,,,High Value Crop Development Program,1.00,,10000.00,2022,,High Value Crop Development Program,Project Group: Food Gardens | Project Type: School Garden | Beneficiary: Jones Rural School
ABEMIS1232,School Garden,ABEMIS_FOOD_GARDEN,Isabela,5th District,Quirino,Santo Domingo,,,High Value Crop Development Program,1.00,,10000.00,2022,,High Value Crop Development Program,Project Group: Food Gardens | Project Type: School Garden | Beneficiary: Sto. Domingo-San Isidro Integrated School
ABEMIS1233,School Garden,ABEMIS_FOOD_GARDEN,Isabela,2nd District,Gamu,Guibang,,,High Value Crop Development Program,1.00,,10000.00,2022,,High Value Crop Development Program,Project Group: Food Gardens | Project Type: School Garden | Beneficiary: Guibang Elementary School
ABEMIS1234,School Garden,ABEMIS_FOOD_GARDEN,Isabela,6th District,Echague,Cabugao (Pob.),,,High Value Crop Development Program,1.00,,10000.00,2022,,High Value Crop Development Program,Project Group: Food Gardens | Project Type: School Garden | Beneficiary: Echague West Central School
ABEMIS1235,School Garden,ABEMIS_FOOD_GARDEN,Isabela,2nd District,Palanan,Dicabisagan East (Pob.),,,High Value Crop Development Program,1.00,,10000.00,2022,,High Value Crop Development Program,Project Group: Food Gardens | Project Type: School Garden | Beneficiary: Palanan Central School
ABEMIS1236,School Garden,ABEMIS_FOOD_GARDEN,Quirino,Quirino,Aglipay,Dungo (Osme?a),,,High Value Crop Development Program,1.00,,10000.00,2022,,High Value Crop Development Program,Project Group: Food Gardens | Project Type: School Garden | Beneficiary: Osmeña Elementary School
ABEMIS1237,School Garden Program,ABEMIS_FOOD_GARDEN,Quirino,Quirino,Aglipay,Dumabel,,,High Value Crop Development Program,1.00,,10000.00,2022,,High Value Crop Development Program,Project Group: Food Gardens | Project Type: School Garden | Beneficiary: Dumabel Integrated School
ABEMIS1238,School Garden,ABEMIS_FOOD_GARDEN,Quirino,Quirino,Aglipay,San Leonardo (Cabarroguis),,,High Value Crop Development Program,1.00,,10000.00,2022,,High Value Crop Development Program,Project Group: Food Gardens | Project Type: School Garden | Beneficiary: Aglipay West Central School
ABEMIS1239,School Garden Program,ABEMIS_FOOD_GARDEN,Quirino,Quirino,Aglipay,Progreso (Pob.),,,High Value Crop Development Program,1.00,,10000.00,2022,,High Value Crop Development Program,Project Group: Food Gardens | Project Type: School Garden | Beneficiary: Aglipay East Central School
ABEMIS1240,School Garden Program,ABEMIS_FOOD_GARDEN,Cagayan,2nd District,Allacapan,Capanickian Norte,,,High Value Crop Development Program,1.00,,10000.00,2022,,High Value Crop Development Program,Project Group: Food Gardens | Project Type: School Garden | Beneficiary: Kapanickian Norte Elementary School
ABEMIS1241,School Garden,ABEMIS_FOOD_GARDEN,Isabela,2nd District,Reina Mercedes,Binarsang,,,High Value Crop Development Program,1.00,,10000.00,2022,,High Value Crop Development Program,Project Group: Food Gardens | Project Type: School Garden | Beneficiary: Binarsang Elementary School
ABEMIS1242,Installation of Alibadabad SPIS,ABEMIS_IRRIGATION,Isabela,2nd District,San Mariano,Alibadabad,,,Corn Program,1.00,,7660015.40,2023,,Corn Program,Project Group: Irrigation and Water Systems | Project Type: Solar-Powered Irrigation System | Beneficiary: San Mariano Diversified Producers Cooperative
ABEMIS1243,Construction of Palay Shed,ABEMIS_POSTHARVEST,Isabela,3rd District,Ramon,San Miguel,,,Rice Program,1.00,,441414.92,2024,,Rice Program,Project Group: Postharvest and Processing | Project Type: Palay Shed | Beneficiary: RAMCOR Farmers Multi-Purpose Cooperative
ABEMIS1244,Construction of Multi-Crop Drying Pavement,ABEMIS_POSTHARVEST,Isabela,1st District,Tumauini,Tunggui,,,Corn Program,1.00,,621283.72,2024,,Corn Program,Project Group: Postharvest and Processing | Project Type: Multi Crop Drying Pavement (MCDP) | Beneficiary: Northern Tumauini Cereal and Dairy Farmers Cooperative
ABEMIS1245,Construction of Organic Fertilizer Production Facility,ABEMIS_PROTECTED_CULTIVATION,Cagayan,1st District,Lal-lo,San Mariano,,,National Organic Agriculture Program,1.00,,2199516.31,2024,,National Organic Agriculture Program,Project Group: Protected Cultivation and Nurseries | Project Type: Vermi-Composting Facilities | Beneficiary: San Mariano Agrarian Reform Cooperative
ABEMIS1246,Construction of Palay Shed,ABEMIS_POSTHARVEST,Nueva Vizcaya,Nueva Vizcaya,Bambang,Santo Domingo (Tabangan),,,Rice Program,1.00,,441414.95,2024,,Rice Program,Project Group: Postharvest and Processing | Project Type: Palay Shed | Beneficiary: Sto. Domingo Multi-Purpose Cooperative
ABEMIS1247,Installation of Tumauini Upland Farmers Greeners Association SPIS,ABEMIS_IRRIGATION,Isabela,1st District,Tumauini,Caligayan,,,High Value Crop Development Program,1.00,,922874.56,2024,,High Value Crop Development Program,Project Group: Irrigation and Water Systems | Project Type: Solar-Powered Irrigation System | Beneficiary: Tumauini Upland Farmers Greeners Associaition
ABEMIS1248,Construction of Greenhouse,ABEMIS_PROTECTED_CULTIVATION,Cagayan,1st District,Lal-lo,San Mariano,,,National Organic Agriculture Program,2.00,,1469586.22,2024,,National Organic Agriculture Program,Project Group: Protected Cultivation and Nurseries | Project Type: Greenhouse | Beneficiary: San Mariano Agrarian Reform Cooperative
ABEMIS1249,Construction of Poultry House,ABEMIS_LIVESTOCK,Nueva Vizcaya,Nueva Vizcaya,Bayombong (Capital),Bansing,,,National Organic Agriculture Program,1.00,,2214360.55,2024,,National Organic Agriculture Program,Project Group: Livestock Facilities | Project Type: Chicken Housing | Beneficiary: Nueva Vizcaya Participatory Guarantee System Inc.
ABEMIS1250,Poultry House,ABEMIS_LIVESTOCK,Isabela,5th District,Quezon,Samonte (Pob.),,,National Urban and Peri-Urban Agriculture Program,1.00,,178668.94,2024,,National Urban and Peri-Urban Agriculture Program,Project Group: Livestock Facilities | Project Type: Chicken Housing | Beneficiary: Municipal Local Government Unit of Quezon - Cagayan Valley (Region II)
ABEMIS1251,Mushroom House,ABEMIS_PROTECTED_CULTIVATION,Isabela,5th District,Quezon,Samonte (Pob.),,,National Urban and Peri-Urban Agriculture Program,1.00,,221577.94,2024,,National Urban and Peri-Urban Agriculture Program,Project Group: Protected Cultivation and Nurseries | Project Type: Mushroom Fruiting House | Beneficiary: Municipal Local Government of Quezon - Cagayan Valley (Region II)
ABEMIS1252,Nursery,ABEMIS_PROTECTED_CULTIVATION,Isabela,5th District,Quezon,Samonte (Pob.),,,National Urban and Peri-Urban Agriculture Program,1.00,,499999.99,2024,,National Urban and Peri-Urban Agriculture Program,Project Group: Protected Cultivation and Nurseries | Project Type: Nursery Establishment | Beneficiary: Municipal Local Government Unit of Quezon - Cagayan Valley (Region II)
ABEMIS1253,Greenhouse with Hydroponic,ABEMIS_PROTECTED_CULTIVATION,Isabela,5th District,Quezon,Samonte (Pob.),,,National Urban and Peri-Urban Agriculture Program,1.00,,1900000.02,2024,,National Urban and Peri-Urban Agriculture Program,Project Group: Protected Cultivation and Nurseries | Project Type: Greenhouse | Beneficiary: Municipal Local Government Unit of Quezon - Cagayan Valley (Region II)
ABEMIS1254,Installation of Simimbaan SPIS,ABEMIS_IRRIGATION,Isabela,5th District,Roxas,Simimbaan,,,High Value Crop Development Program,1.00,,905977.47,2024,,High Value Crop Development Program,Project Group: Irrigation and Water Systems | Project Type: Solar-Powered Irrigation System | Beneficiary: Simimbaan Farmers Association
ABEMIS1255,Packaging House/Consolidation Shed,ABEMIS_POSTHARVEST,Isabela,3rd District,Cabatuan,Saranay,,,High Value Crop Development Program,1.00,,3000107.84,2024,,High Value Crop Development Program,Project Group: Postharvest and Processing | Project Type: Packinghouse | Beneficiary: Flow of Pari-ir Agriculture Cooperative
ABEMIS1256,Installation of Sitio Baliweswes SDIP,ABEMIS_IRRIGATION,Nueva Vizcaya,Nueva Vizcaya,Kayapa,Babadi,,,High Value Crop Development Program,1.00,,649104.00,2024,,High Value Crop Development Program,Project Group: Irrigation and Water Systems | Project Type: Spring Development | Beneficiary: Babadi Farmers Development Association
ABEMIS1257,Installation of Sitio Upper Mapaganat-Nagsabaran SDIP,ABEMIS_IRRIGATION,Nueva Vizcaya,Nueva Vizcaya,Dupax del Sur,Sanguit,,,High Value Crop Development Program,1.00,,649104.00,2024,,High Value Crop Development Program,Project Group: Irrigation and Water Systems | Project Type: Spring Development | Beneficiary: Sanguit Upland Farmers Multi-Purpose Cooperative
ABEMIS1258,Installation of Sitio Taise SDIP,ABEMIS_IRRIGATION,Nueva Vizcaya,Nueva Vizcaya,Dupax del Norte,Bulala,,,High Value Crop Development Program,1.00,,648331.00,2024,,High Value Crop Development Program,Project Group: Irrigation and Water Systems | Project Type: Spring Development | Beneficiary: Taise Vegetable Growers Association
ABEMIS1259,Installation of Sitio Abuag SDIP,ABEMIS_IRRIGATION,Nueva Vizcaya,Nueva Vizcaya,Dupax del Sur,Banila,,,High Value Crop Development Program,1.00,,649344.00,2024,,High Value Crop Development Program,Project Group: Irrigation and Water Systems | Project Type: Spring Development | Beneficiary: Banila Agro-Forest Incorporated
ABEMIS1260,Installation of Acacia Highland Farmers Association SDIP,ABEMIS_IRRIGATION,Nueva Vizcaya,Nueva Vizcaya,Kayapa,Acacia,,,High Value Crop Development Program,1.00,,373202.00,2024,,High Value Crop Development Program,Project Group: Irrigation and Water Systems | Project Type: Spring Development | Beneficiary: Acacia Highland Farmers Association
ABEMIS1261,Construction of Palay Shed,ABEMIS_POSTHARVEST,Nueva Vizcaya,Nueva Vizcaya,Bagabag,Nangalisan,,,Rice Program,1.00,,459819.44,2024,,Rice Program,Project Group: Postharvest and Processing | Project Type: Palay Shed | Beneficiary: Nangalisan Multi-Purpose
ABEMIS1262,Construction of Palay Shed,ABEMIS_POSTHARVEST,Cagayan,3rd District,Solana,Bangag,,,Rice Program,1.00,,441462.40,2024,,Rice Program,"Project Group: Postharvest and Processing | Project Type: Palay Shed | Beneficiary: Northwest Solana Farmers Irrigators Association, Incorporation"
ABEMIS1263,Construction of Esperanza MPC Silo,ABEMIS_POSTHARVEST,Isabela,5th District,Aurora,Esperanza East,,,Corn Program,1.00,,2837305.81,2021,,Corn Program,Project Group: Postharvest and Processing | Project Type: Grain Silo | Beneficiary: Esperanza Multi-Purpose Cooperative
ABEMIS1264,Establishment of Vizcaya Fresh! Organic Advocates Inc.'s Greenhouse,ABEMIS_PROTECTED_CULTIVATION,Nueva Vizcaya,Nueva Vizcaya,Bayombong (Capital),Magsaysay,,,National Organic Agriculture Program,2.00,,1614072.69,2023,,National Organic Agriculture Program,Project Group: Protected Cultivation and Nurseries | Project Type: Greenhouse | Beneficiary: Vizcaya Fresh! Organic Advocates Inc.
ABEMIS1265,Greenhouse with Hydroponic,ABEMIS_PROTECTED_CULTIVATION,Isabela,2nd District,Gamu,Upi,,,National Urban and Peri-Urban Agriculture Program,1.00,,351588.26,2024,,National Urban and Peri-Urban Agriculture Program,Project Group: Protected Cultivation and Nurseries | Project Type: Greenhouse | Beneficiary: Shepherds Agriculture Cooperative - Cagayan Valley (Region II)
ABEMIS1266,Poultry House,ABEMIS_LIVESTOCK,Quirino,Quirino,Aglipay,Dungo,,,National Urban and Peri-Urban Agriculture Program,1.00,,160592.25,2024,,National Urban and Peri-Urban Agriculture Program,Project Group: Livestock Facilities | Project Type: Chicken Housing | Beneficiary: DA-QES Employees Consumers Cooperative - Cagayan Valley (Region II)
ABEMIS1267,Nursery,ABEMIS_PROTECTED_CULTIVATION,Isabela,2nd District,Gamu,Upi,,,National Urban and Peri-Urban Agriculture Program,1.00,,499953.37,2024,,National Urban and Peri-Urban Agriculture Program,Project Group: Protected Cultivation and Nurseries | Project Type: Nursery Establishment | Beneficiary: Shepherds Agriculture Cooperative - Cagayan Valley (Region II)
ABEMIS1268,Construction of Providers MPC's RPC 3,ABEMIS_POSTHARVEST,Isabela,2nd District,Naguilian,Magsaysay (Pob.),,,Rice Program,1.00,,47502046.60,2023,,Rice Program,Project Group: Postharvest and Processing | Project Type: Rice Processing Center | Beneficiary: Providers MPC
ABEMIS1269,Construction of Multi-Crop Drying Pavement,ABEMIS_POSTHARVEST,Isabela,1st District,Delfin Albano (Magsaysay),Carmencita,,,Corn Program,1.00,,621283.72,2024,,Corn Program,Project Group: Postharvest and Processing | Project Type: Multi Crop Drying Pavement (MCDP) | Beneficiary: Villa Tj Upland Farmers Association
ABEMIS1270,Construction of Multi-Crop Drying Pavement,ABEMIS_POSTHARVEST,Isabela,6th District,City of Cauayan,Disimuray,,,Corn Program,1.00,,633137.50,2024,,Corn Program,Project Group: Postharvest and Processing | Project Type: Multi Crop Drying Pavement (MCDP) | Beneficiary: Cassava Hills Growers Association
ABEMIS1271,Construction of Multi-Crop Drying Pavement,ABEMIS_POSTHARVEST,Isabela,6th District,City of Cauayan,Cabugao,,,Corn Program,1.00,,633137.50,2024,,Corn Program,Project Group: Postharvest and Processing | Project Type: Multi Crop Drying Pavement (MCDP) | Beneficiary: Cabugao Multi-Crop Farmers Association
ABEMIS1272,Construction of Palay Shed,ABEMIS_POSTHARVEST,Isabela,1st District,Ilagan City (Capital),Santa Victoria,,,Rice Program,1.00,,417030.44,2024,,Rice Program,Project Group: Postharvest and Processing | Project Type: Palay Shed | Beneficiary: AMIAnan Farmers Entrepreneur Agriculture Cooperative
ABEMIS1273,Construction of Palay Shed,ABEMIS_POSTHARVEST,Isabela,5th District,Quirino,Manaoag,,,Rice Program,1.00,,408930.89,2024,,Rice Program,Project Group: Postharvest and Processing | Project Type: Palay Shed | Beneficiary: Quirino Isabela Multi-Purpose Cooperative
ABEMIS1274,Construction of Palay Shed,ABEMIS_POSTHARVEST,Isabela,5th District,Mallig,Casili,,,Rice Program,1.00,,408930.89,2024,,Rice Program,Project Group: Postharvest and Processing | Project Type: Palay Shed | Beneficiary: Mallig FST Multi-Purpose Cooperative
ABEMIS1275,Mushroom House,ABEMIS_PROTECTED_CULTIVATION,Isabela,2nd District,Gamu,Upi,,,National Urban and Peri-Urban Agriculture Program,1.00,,200000.00,2024,,National Urban and Peri-Urban Agriculture Program,Project Group: Protected Cultivation and Nurseries | Project Type: Mushroom Fruiting House | Beneficiary: Shepherds Agriculture Cooperative - Cagayan Valley (Region II)
ABEMIS1276,Improvement of Bingo-Guray DD,ABEMIS_IRRIGATION,Nueva Vizcaya,Nueva Vizcaya,Dupax del Norte,Bitnong,,,Rice Program,1.00,,2267576.18,2024,,Rice Program,Project Group: Irrigation and Water Systems | Project Type: Diversion Dam | Beneficiary: Bingo-Guray Irrigator's Association
ABEMIS1277,Nursery,ABEMIS_PROTECTED_CULTIVATION,Quirino,Quirino,Aglipay,Dungo,,,National Urban and Peri-Urban Agriculture Program,1.00,,496996.21,2024,,National Urban and Peri-Urban Agriculture Program,Project Group: Protected Cultivation and Nurseries | Project Type: Nursery Establishment | Beneficiary: DA-QES Employees Consumers Cooperative - Cagayan Valley (Region II)
ABEMIS1278,Poultry House,ABEMIS_LIVESTOCK,Isabela,2nd District,Gamu,Upi,,,National Urban and Peri-Urban Agriculture Program,1.00,,159984.01,2024,,National Urban and Peri-Urban Agriculture Program,Project Group: Livestock Facilities | Project Type: Chicken Housing | Beneficiary: Shepherds Agriculture Cooperative - Cagayan Valley (Region II)
ABEMIS1279,Mushroom House,ABEMIS_PROTECTED_CULTIVATION,Quirino,Quirino,Aglipay,Dungo,,,National Urban and Peri-Urban Agriculture Program,1.00,,193976.30,2024,,National Urban and Peri-Urban Agriculture Program,Project Group: Protected Cultivation and Nurseries | Project Type: Mushroom Fruiting House | Beneficiary: DA-QES Employees Consumers Cooperative - Cagayan Valley (Region II)
ABEMIS1280,Mushroom House,ABEMIS_PROTECTED_CULTIVATION,Nueva Vizcaya,Nueva Vizcaya,Bagabag,Villaros,,,National Urban and Peri-Urban Agriculture Program,1.00,,192287.37,2024,,National Urban and Peri-Urban Agriculture Program,Project Group: Protected Cultivation and Nurseries | Project Type: Mushroom Fruiting House | Beneficiary: DA Hillyland Multi-purpose Cooperative - Cagayan Valley (Region II)
ABEMIS1281,Nursery,ABEMIS_PROTECTED_CULTIVATION,Nueva Vizcaya,Nueva Vizcaya,Bagabag,Villaros,,,National Urban and Peri-Urban Agriculture Program,1.00,,447131.04,2024,,National Urban and Peri-Urban Agriculture Program,Project Group: Protected Cultivation and Nurseries | Project Type: Nursery Establishment | Beneficiary: DA Hillyland Multi-purpose Cooperative - Cagayan Valley (Region II)
ABEMIS1282,Poultry House,ABEMIS_LIVESTOCK,Nueva Vizcaya,Nueva Vizcaya,Bagabag,Villaros,,,National Urban and Peri-Urban Agriculture Program,1.00,,158881.80,2024,,National Urban and Peri-Urban Agriculture Program,Project Group: Livestock Facilities | Project Type: Chicken Housing | Beneficiary: DA Hillyland Multi-purpose Cooperative - Cagayan Valley (Region II)
ABEMIS1283,Construction of Palacian SWIP,ABEMIS_IRRIGATION,Isabela,4th District,San Agustin,Palacian,,,Rice Program,1.00,,11046976.22,2023,,Rice Program,Project Group: Irrigation and Water Systems | Project Type: Small Water Impounding Project | Beneficiary: PALACIAN SMALL WATER IRRIGATION SYSTEM ASSOCIATION
ABEMIS1284,Installation of Aurora SPIS,ABEMIS_IRRIGATION,Isabela,5th District,Aurora,Bannagao,,,High Value Crop Development Program,1.00,,652332.92,2023,,High Value Crop Development Program,Project Group: Irrigation and Water Systems | Project Type: Solar-Powered Irrigation System | Beneficiary: Aurora Vegetable Growers Association
ABEMIS1285,Construction of Eden SWIP,ABEMIS_IRRIGATION,Isabela,5th District,San Manuel,Eden,,,Rice Program,1.00,,34601925.76,2023,,Rice Program,Project Group: Irrigation and Water Systems | Project Type: Small Water Impounding Project | Beneficiary: EDEN FARMER BENEFICIARIES
ABEMIS1286,Construction of Comon-Latar DD,ABEMIS_IRRIGATION,Nueva Vizcaya,Nueva Vizcaya,Aritao,Latar-Nocnoc-San Francisco,,,Rice Program,1.00,,14977085.28,2023,,Rice Program,Project Group: Irrigation and Water Systems | Project Type: Diversion Dam | Beneficiary: SAN JUAN CASAMBALANGAN FARMERS ASSOCIATION INC.
ABEMIS1287,Construction of PGS-Kayapa's Organic Fertilizer Production Facility,ABEMIS_POSTHARVEST,Nueva Vizcaya,Nueva Vizcaya,Kayapa,Pingkian,,,National Organic Agriculture Program,1.00,,2088112.51,2023,,National Organic Agriculture Program,Project Group: Postharvest and Processing | Project Type: Fertilizer Processing Center | Beneficiary: PGS-Kayapa
ABEMIS1288,Construction of Madadala Farmers Marketing Cooperative's Organic Fertilizer Production Facility,ABEMIS_POSTHARVEST,Isabela,1st District,Santa Maria,Villabuena,,,National Organic Agriculture Program,1.00,,2120529.08,2023,,National Organic Agriculture Program,Project Group: Postharvest and Processing | Project Type: Fertilizer Processing Center | Beneficiary: Madadala Farmers Marketing Cooperative
ABEMIS1289,Construction of SAMBALAND Agrarian Reform Beneficiaries Cooperative's Organic fertilizer production facility,ABEMIS_POSTHARVEST,Cagayan,2nd District,Sanchez Mira,Santor,,,National Organic Agriculture Program,1.00,,1990996.78,2023,,National Organic Agriculture Program,Project Group: Postharvest and Processing | Project Type: Fertilizer Processing Center | Beneficiary: SAMBALAND Agrarian Reform Beneficiaries Cooperative
ABEMIS1290,Establishment of PGS-Kayapa's Greenhouse,ABEMIS_PROTECTED_CULTIVATION,Nueva Vizcaya,Nueva Vizcaya,Kayapa,Pingkian,,,National Organic Agriculture Program,2.00,,1614072.69,2023,,National Organic Agriculture Program,Project Group: Protected Cultivation and Nurseries | Project Type: Greenhouse | Beneficiary: PGS-Kayapa
ABEMIS1291,Establishment of SAMBALAND Agrarian Reform Beneficiaries Cooperative's Greenhouse,ABEMIS_PROTECTED_CULTIVATION,Cagayan,2nd District,Sanchez Mira,Dammang,,,National Organic Agriculture Program,2.00,,1614073.25,2023,,National Organic Agriculture Program,Project Group: Protected Cultivation and Nurseries | Project Type: Greenhouse | Beneficiary: SAMBALAND Agrarian Reform Beneficiaries Cooperative
ABEMIS1292,Installation of Baliuag SPIS,ABEMIS_IRRIGATION,Cagayan,3rd District,Pe?ablanca,Baliuag,,,High Value Crop Development Program,1.00,,742267.23,2023,,High Value Crop Development Program,Project Group: Irrigation and Water Systems | Project Type: Solar-Powered Irrigation System | Beneficiary: Pentur Agriculture Farmers Cooperative
ABEMIS1293,Construction of Sto. Domingo MPC's Warehouse,ABEMIS_POSTHARVEST,Cagayan,1st District,Baggao,Poblacion (Centro),,,Corn Program,1.00,,7734058.45,2023,,Corn Program,Project Group: Postharvest and Processing | Project Type: Warehouse | Beneficiary: Sto. Domingo Multi-Purpose Cooperative
ABEMIS1294,Construction of San Mariano Diversified Agriculture Cooperative's Warehouse,ABEMIS_POSTHARVEST,Isabela,2nd District,San Mariano,Alibadabad,,,Corn Program,1.00,,9462675.96,2023,,Corn Program,Project Group: Postharvest and Processing | Project Type: Warehouse | Beneficiary: San Mariano Diversified Agriculture Cooperative
ABEMIS1295,Establishment of Madadala Farmers Marketing Cooperative's Greenhouse,ABEMIS_PROTECTED_CULTIVATION,Isabela,1st District,Santa Maria,Villabuena,,,National Organic Agriculture Program,2.00,,1428360.94,2023,,National Organic Agriculture Program,Project Group: Protected Cultivation and Nurseries | Project Type: Greenhouse | Beneficiary: Madadala Farmers Marketing Cooperative
ABEMIS1296,"Installation of Sitio Tikleg-Camaring, Cabalatan-Alang Spring Development",ABEMIS_IRRIGATION,Nueva Vizcaya,Nueva Vizcaya,Kayapa,Cabalatan Alang,,,High Value Crop Development Program,1.00,,1138111.74,2023,,High Value Crop Development Program,Project Group: Irrigation and Water Systems | Project Type: Spring Development | Beneficiary: Cabalatan-Alang Pact Amity Fellowship Farmers Association
ABEMIS1297,Installation of ISU-Roxas SPIS,ABEMIS_IRRIGATION,Isabela,5th District,Roxas,Rang-ayan,,,National Organic Agriculture Program,1.00,,1066833.14,2023,,National Organic Agriculture Program,Project Group: Irrigation and Water Systems | Project Type: Solar-Powered Irrigation System | Beneficiary: Isabela State University - Roxas Campus
ABEMIS1298,"Installation of Sitio Parago, Buyasyas Spring Development",ABEMIS_IRRIGATION,Nueva Vizcaya,Nueva Vizcaya,Santa Fe,Buyasyas,,,High Value Crop Development Program,1.00,,791373.00,2023,,High Value Crop Development Program,Project Group: Irrigation and Water Systems | Project Type: Spring Development | Beneficiary: I-WAK Ancestral Domain Development Association
ABEMIS1299,Establishment of Greenhouse,ABEMIS_PROTECTED_CULTIVATION,Nueva Vizcaya,Nueva Vizcaya,Bayombong (Capital),Buenavista (Vista Hills),,,National Urban and Peri-Urban Agriculture Program,1.00,,1127696.77,2023,,National Urban and Peri-Urban Agriculture Program,"Project Group: Protected Cultivation and Nurseries | Project Type: Greenhouse | Beneficiary: Local Government Unit of Bayombong-Federation of Vista Hills, Kalongkong and Kakilingan Upland Farmers, Incorporated"
ABEMIS1300,Establishment of Greenhouse,ABEMIS_PROTECTED_CULTIVATION,Quirino,Quirino,Nagtipunan,Ponggo,,,National Urban and Peri-Urban Agriculture Program,1.00,,1050546.07,2023,,National Urban and Peri-Urban Agriculture Program,Project Group: Protected Cultivation and Nurseries | Project Type: Greenhouse | Beneficiary: Local Government Unit of Nagtipunan
ABEMIS1301,hydroponics,ABEMIS_PROTECTED_CULTIVATION,Isabela,5th District,Luna,Lalog 2,,,High Value Crop Development Program,1.00,,999944.94,2023,,High Value Crop Development Program,Project Group: Protected Cultivation and Nurseries | Project Type: Nursery Establishment | Beneficiary: THE FARMERS OF LUNA AGRICULTURE COOPERATIVE
ABEMIS1302,Installation of Mallig-Pro Organic Farmers Association's Rainshelter,ABEMIS_PROTECTED_CULTIVATION,Isabela,5th District,Mallig,Centro II (Pob.),,,High Value Crop Development Program,3.00,,117933.33,2023,,High Value Crop Development Program,Project Group: Protected Cultivation and Nurseries | Project Type: Rainshelter | Beneficiary: Mallig-Pro Organic Farmers Association
ABEMIS1303,Establishment of National Urban and Peri-Urban Agriculture Projects,ABEMIS_PROTECTED_CULTIVATION,Cagayan,3rd District,Solana,Sampaguita,,,National Urban and Peri-Urban Agriculture Program,1.00,,900000.00,2023,,National Urban and Peri-Urban Agriculture Program,Project Group: Protected Cultivation and Nurseries | Project Type: Greenhouse | Beneficiary: Damortis Women Association (DAWA)
ABEMIS1304,Establishment of Rabbit Housing,ABEMIS_LIVESTOCK,Cagayan,3rd District,Solana,Sampaguita,,,National Urban and Peri-Urban Agriculture Program,1.00,,120000.00,2023,,National Urban and Peri-Urban Agriculture Program,Project Group: Livestock Facilities | Project Type: Rabbit Housing | Beneficiary: Local Government Unit of Solana-Damortis Women's Association
ABEMIS1305,Establishment of Mushroom House,ABEMIS_PROTECTED_CULTIVATION,Cagayan,3rd District,Solana,Sampaguita,,,National Urban and Peri-Urban Agriculture Program,1.00,,200000.00,2023,,National Urban and Peri-Urban Agriculture Program,Project Group: Protected Cultivation and Nurseries | Project Type: Mushroom Fruiting House | Beneficiary: Local Government Unit of Solana-Damortis Women's Association
ABEMIS1306,Establishment of Mushroom House,ABEMIS_PROTECTED_CULTIVATION,Nueva Vizcaya,Nueva Vizcaya,Bayombong (Capital),Buenavista (Vista Hills),,,National Urban and Peri-Urban Agriculture Program,1.00,,140376.15,2023,,National Urban and Peri-Urban Agriculture Program,"Project Group: Protected Cultivation and Nurseries | Project Type: Mushroom Fruiting House | Beneficiary: Local Government Unit of Bayombong-Federation of Vista Hills, Kalongkong, and Kakilingan Upland Farmers, Incorporated"
ABEMIS1307,Establishment of Mushroom House,ABEMIS_PROTECTED_CULTIVATION,Nueva Vizcaya,Nueva Vizcaya,Aritao,Cutar,,,National Urban and Peri-Urban Agriculture Program,1.00,,200000.00,2023,,National Urban and Peri-Urban Agriculture Program,Project Group: Protected Cultivation and Nurseries | Project Type: Mushroom Fruiting House | Beneficiary: Local Government Unit of Aritao-Cutar Vegetable Growers
ABEMIS1308,Establishment of Greenhouse,ABEMIS_PROTECTED_CULTIVATION,Isabela,5th District,Luna,Lalog 1,,,National Urban and Peri-Urban Agriculture Program,1.00,,1000000.36,2023,,National Urban and Peri-Urban Agriculture Program,Project Group: Protected Cultivation and Nurseries | Project Type: Greenhouse | Beneficiary: Local Government Unit of Luna-The Farmers of Luna Agriculture Cooperative
ABEMIS1309,Establishment of Rabbit Housing,ABEMIS_LIVESTOCK,Isabela,6th District,Echague,San Fabian,,,National Urban and Peri-Urban Agriculture Program,1.00,,174999.61,2023,,National Urban and Peri-Urban Agriculture Program,Project Group: Livestock Facilities | Project Type: Rabbit Housing | Beneficiary: Local Government Unit of Echague - Mengal Women Center
ABEMIS1310,Establishment of Mushroom House,ABEMIS_PROTECTED_CULTIVATION,Isabela,6th District,Echague,San Fabian,,,National Urban and Peri-Urban Agriculture Program,1.00,,140014.43,2023,,National Urban and Peri-Urban Agriculture Program,Project Group: Protected Cultivation and Nurseries | Project Type: Mushroom Fruiting House | Beneficiary: Local Government Unit of Echague-Mengal Women Center
ABEMIS1311,Establishment of Greenhouse,ABEMIS_PROTECTED_CULTIVATION,Nueva Vizcaya,Nueva Vizcaya,Aritao,Cutar,,,National Urban and Peri-Urban Agriculture Program,1.00,,666906.00,2023,,National Urban and Peri-Urban Agriculture Program,Project Group: Protected Cultivation and Nurseries | Project Type: Greenhouse | Beneficiary: Local Government Unit of Aritao-Cutar Vegetable Growers
ABEMIS1312,Establishment of Greenhouse,ABEMIS_PROTECTED_CULTIVATION,Cagayan,2nd District,Abulug,Libertad,,,National Urban and Peri-Urban Agriculture Program,1.00,,1099290.00,2023,,National Urban and Peri-Urban Agriculture Program,Project Group: Protected Cultivation and Nurseries | Project Type: Greenhouse | Beneficiary: Local Government Unit of Abulug-Quirino Libertad Farmers Irrigators Association Incorporated
ABEMIS1313,Installation of Buenavista Spring Development,ABEMIS_IRRIGATION,Nueva Vizcaya,Nueva Vizcaya,Bayombong (Capital),Buenavista (Vista Hills),,,High Value Crop Development Program,1.00,,547883.00,2023,,High Value Crop Development Program,"Project Group: Irrigation and Water Systems | Project Type: Spring Development | Beneficiary: Federation of Vistahills, Kalongkong and Kakilingan Upland Vegetable Growers Association"
ABEMIS1314,Establishment of Rabbit Housing,ABEMIS_LIVESTOCK,Nueva Vizcaya,Nueva Vizcaya,Aritao,Cutar,,,National Urban and Peri-Urban Agriculture Program,1.00,,126015.00,2023,,National Urban and Peri-Urban Agriculture Program,Project Group: Livestock Facilities | Project Type: Rabbit Housing | Beneficiary: Local Government Unit of Aritao-Cutar Vegetable Growers
ABEMIS1315,Establishment of Rabbit Housing,ABEMIS_LIVESTOCK,Cagayan,2nd District,Abulug,Libertad,,,National Urban and Peri-Urban Agriculture Program,1.00,,105684.00,2023,,National Urban and Peri-Urban Agriculture Program,Project Group: Livestock Facilities | Project Type: Rabbit Housing | Beneficiary: Local Government Unit of Abulug-Quirino Libertad Farmers Irrigators Association Incorporated
ABEMIS1316,Establishment of Mushroom House,ABEMIS_PROTECTED_CULTIVATION,Cagayan,2nd District,Abulug,Libertad,,,National Urban and Peri-Urban Agriculture Program,1.00,,199842.13,2023,,National Urban and Peri-Urban Agriculture Program,Project Group: Protected Cultivation and Nurseries | Project Type: Mushroom Fruiting House | Beneficiary: Local Government Unit of Abulug-Quirino Libertad Farmers Irrigators Association Incorporated
ABEMIS1317,Installation of Centro Sur Corn & Vegetable Growers Association's Rainshelter,ABEMIS_PROTECTED_CULTIVATION,Cagayan,2nd District,Santo Ni?o (Faire),Centro Sur (Pob.),,,High Value Crop Development Program,2.00,,583757.20,2023,,High Value Crop Development Program,Project Group: Protected Cultivation and Nurseries | Project Type: Rainshelter | Beneficiary: Centro Sur Corn & Vegetable Growers Association
ABEMIS1318,Installation of Centro Norte Farmers Association's Rainshelter,ABEMIS_PROTECTED_CULTIVATION,Cagayan,2nd District,Santo Ni?o (Faire),Centro Norte (Pob.),,,High Value Crop Development Program,3.00,,353799.99,2023,,High Value Crop Development Program,Project Group: Protected Cultivation and Nurseries | Project Type: Rainshelter | Beneficiary: Centro Norte Farmers Association
ABEMIS1319,Establishment of Rabbit Housing,ABEMIS_LIVESTOCK,Quirino,Quirino,Nagtipunan,Ponggo,,,National Urban and Peri-Urban Agriculture Program,1.00,,178079.67,2023,,National Urban and Peri-Urban Agriculture Program,Project Group: Livestock Facilities | Project Type: Rabbit Housing | Beneficiary: Local Government Unit of Nagtipunan
ABEMIS1320,Establishment of Mushroom House,ABEMIS_PROTECTED_CULTIVATION,Quirino,Quirino,Nagtipunan,Ponggo,,,National Urban and Peri-Urban Agriculture Program,1.00,,211134.22,2023,,National Urban and Peri-Urban Agriculture Program,Project Group: Protected Cultivation and Nurseries | Project Type: Mushroom Fruiting House | Beneficiary: Municipal Local Government Unit of Nagtipunan
ABEMIS1321,Installation of Casala Spring Development,ABEMIS_IRRIGATION,Isabela,2nd District,San Mariano,Casala,,,High Value Crop Development Program,1.00,,369173.00,2023,,High Value Crop Development Program,Project Group: Irrigation and Water Systems | Project Type: Spring Development | Beneficiary: Casala Livelihood Farmers Irrigators Association
ABEMIS1322,Installation of Del Pilar Spring Development,ABEMIS_IRRIGATION,Isabela,2nd District,San Mariano,Del Pilar,,,High Value Crop Development Program,1.00,,585802.00,2023,,High Value Crop Development Program,Project Group: Irrigation and Water Systems | Project Type: Spring Development | Beneficiary: Dipugpug Tribal Farmers Association
ABEMIS1323,Installation of San Francisco SPIS,ABEMIS_IRRIGATION,Isabela,2nd District,Benito Soliven,San Francisco,,,Rice Program,1.00,,1987850.52,2023,,Rice Program,Project Group: Irrigation and Water Systems | Project Type: Solar-Powered Irrigation System | Beneficiary: San Francisco Farmers Association
ABEMIS1324,Installation of Sitio Bito-Sanguit Spring Development,ABEMIS_IRRIGATION,Nueva Vizcaya,Nueva Vizcaya,Dupax del Sur,Sanguit,,,High Value Crop Development Program,1.00,,499425.00,2023,,High Value Crop Development Program,Project Group: Irrigation and Water Systems | Project Type: Spring Development | Beneficiary: Sanguit Upland Farmers Multi-Purpose Cooperative
ABEMIS1325,Installation of Baresbes Spring Development,ABEMIS_IRRIGATION,Nueva Vizcaya,Nueva Vizcaya,Quezon,Baresbes,,,High Value Crop Development Program,1.00,,552942.00,2023,,High Value Crop Development Program,Project Group: Irrigation and Water Systems | Project Type: Spring Development | Beneficiary: Baresbes Upland and Plazang Patring Farmers Association
ABEMIS1326,Installation of Poblacion Spring Development,ABEMIS_IRRIGATION,Nueva Vizcaya,Nueva Vizcaya,Kasibu,Poblacion (Alloy),,,High Value Crop Development Program,1.00,,482069.00,2023,,High Value Crop Development Program,Project Group: Irrigation and Water Systems | Project Type: Spring Development | Beneficiary: Kasibu Coffee Growers Association
ABEMIS1327,Installation of Asaklat Spring Development,ABEMIS_IRRIGATION,Quirino,Quirino,Nagtipunan,Asaklat,,,High Value Crop Development Program,1.00,,651057.00,2023,,High Value Crop Development Program,Project Group: Irrigation and Water Systems | Project Type: Spring Development | Beneficiary: Asaklat Farmers Agricultural Cooperative
ABEMIS1328,Establishment of Catalidonan Indigenous People Irrigators Association's Rainshelter,ABEMIS_PROTECTED_CULTIVATION,Nueva Vizcaya,Nueva Vizcaya,Santa Fe,Unib,,,High Value Crop Development Program,10.00,,943466.66,2023,,High Value Crop Development Program,Project Group: Protected Cultivation and Nurseries | Project Type: Rainshelter | Beneficiary: Catalidonan Indigenous People Irrigators Association
ABEMIS1329,Installation of Iwak Ancestral Domain Development Association's Rainshelter,ABEMIS_PROTECTED_CULTIVATION,Nueva Vizcaya,Nueva Vizcaya,Santa Fe,Buyasyas,,,High Value Crop Development Program,10.00,,943466.66,2023,,High Value Crop Development Program,Project Group: Protected Cultivation and Nurseries | Project Type: Rainshelter | Beneficiary: Iwak Ancestral Domain Development Association
ABEMIS1330,Installation of Abuyo Onion Growers Association's Rainshelter,ABEMIS_PROTECTED_CULTIVATION,Nueva Vizcaya,Nueva Vizcaya,Alfonso Castaneda,Abuyo,,,High Value Crop Development Program,9.00,,1061399.97,2023,,High Value Crop Development Program,Project Group: Protected Cultivation and Nurseries | Project Type: Rainshelter | Beneficiary: Abuyo Onion Growers Association
ABEMIS1331,Installation of Pinayag Upland Vegetable Association's Rainshelter,ABEMIS_PROTECTED_CULTIVATION,Nueva Vizcaya,Nueva Vizcaya,Kayapa,Pinayag,,,High Value Crop Development Program,9.00,,1061399.97,2023,,High Value Crop Development Program,Project Group: Protected Cultivation and Nurseries | Project Type: Rainshelter | Beneficiary: Pinayag Upland Vegetable Association
ABEMIS1332,"Installation of Gabut Farmer Rice, Onion Growers Association's Rainshelter",ABEMIS_PROTECTED_CULTIVATION,Nueva Vizcaya,Nueva Vizcaya,Dupax del Sur,Gabut,,,High Value Crop Development Program,12.00,,943446.64,2023,,High Value Crop Development Program,"Project Group: Protected Cultivation and Nurseries | Project Type: Rainshelter | Beneficiary: Gabut Farmer Rice, Onion Growers Association"
ABEMIS1333,"Installation of Federation of Vistahills, Kalongkong & Kakilingan Upland Vegetable Growers Association's Rainshelter",ABEMIS_PROTECTED_CULTIVATION,Nueva Vizcaya,Nueva Vizcaya,Bayombong (Capital),Buenavista (Vista Hills),,,High Value Crop Development Program,8.00,,943466.64,2023,,High Value Crop Development Program,"Project Group: Protected Cultivation and Nurseries | Project Type: Rainshelter | Beneficiary: Federation of Vistahills, Kalongkong & Kakilingan Upland Vegetable Growers Association"
ABEMIS1334,"CONCRETING OF SITIO CAMA, BRGY. CAPIRPIRIWAN FMR",ABEMIS_FMR,Isabela,4th District,Cordon,Capirpiriwan,,,Farm to Market Road Development Program,2.33,,27392385.83,2023,,Farm to Market Road Development Program,Project Group: Farm-to-Market Roads | Project Type: Farm-to-Market Road | Beneficiary: 
ABEMIS1335,"CONCRETING OF PUROK 1 & PUROK 2 , CADAANAN ROAD, BGRY. MALAPAT FMR",ABEMIS_FMR,Isabela,4th District,Cordon,Malapat,,,Farm to Market Road Development Program,1.04,,12090459.58,2023,,Farm to Market Road Development Program,Project Group: Farm-to-Market Roads | Project Type: Farm-to-Market Road | Beneficiary: 
ABEMIS1336,CONCRETING OF BRGY. SAN FERMIN FMR,ABEMIS_FMR,Isabela,6th District,City of Cauayan,San Fermin,,,Farm to Market Road Development Program,0.44,,5145616.54,2023,,Farm to Market Road Development Program,Project Group: Farm-to-Market Roads | Project Type: Farm-to-Market Road | Beneficiary: 
ABEMIS1337,CONCRETING OF BRGY. STA. MARIA FMR,ABEMIS_FMR,Isabela,6th District,City of Cauayan,Santa Maria,,,Farm to Market Road Development Program,0.92,,10781106.75,2023,,Farm to Market Road Development Program,Project Group: Farm-to-Market Roads | Project Type: Farm-to-Market Road | Beneficiary: 
ABEMIS1338,CONCRETING OF BRGY. CABUGAO FMR,ABEMIS_FMR,Isabela,6th District,City of Cauayan,Cabugao,,,Farm to Market Road Development Program,1.25,,14701733.94,2023,,Farm to Market Road Development Program,Project Group: Farm-to-Market Roads | Project Type: Farm-to-Market Road | Beneficiary: 
ABEMIS1339,CONCRETING OF BRGY. MINANTE 2 FMR,ABEMIS_FMR,Isabela,6th District,City of Cauayan,Minante II,,,Farm to Market Road Development Program,1.67,,19600839.25,2023,,Farm to Market Road Development Program,Project Group: Farm-to-Market Roads | Project Type: Farm-to-Market Road | Beneficiary: 
ABEMIS1340,CONCRETING OF BRGY. CASALATAN FMR,ABEMIS_FMR,Isabela,6th District,City of Cauayan,Casalatan,,,Farm to Market Road Development Program,0.75,,8954989.60,2023,,Farm to Market Road Development Program,Project Group: Farm-to-Market Roads | Project Type: Farm-to-Market Road | Beneficiary: 
ABEMIS1341,CONCRETING OF BRGY. LABINAB FMR,ABEMIS_FMR,Isabela,6th District,City of Cauayan,Labinab,,,Farm to Market Road Development Program,1.00,,11761215.88,2023,,Farm to Market Road Development Program,Project Group: Farm-to-Market Roads | Project Type: Farm-to-Market Road | Beneficiary: 
ABEMIS1342,CONCRETING OF BRGY. STA. MONICA- LIBERTAD FMR,ABEMIS_FMR,Isabela,6th District,Echague,Santa Monica;Libertad,,,Farm to Market Road Development Program,1.00,,11910000.00,2023,,Farm to Market Road Development Program,Project Group: Farm-to-Market Roads | Project Type: Farm-to-Market Road | Beneficiary: 
ABEMIS1343,"Installation of Sitio Litoco, Unib Spring Development",ABEMIS_IRRIGATION,Nueva Vizcaya,Nueva Vizcaya,Santa Fe,Unib,,,High Value Crop Development Program,1.00,,658482.00,2023,,High Value Crop Development Program,Project Group: Irrigation and Water Systems | Project Type: Spring Development | Beneficiary: Catalidonan Indigenous People Irrigators Association Inc.
ABEMIS1344,Establishment of Greenhouse,ABEMIS_PROTECTED_CULTIVATION,Isabela,6th District,Echague,San Fabian,,,National Urban and Peri-Urban Agriculture Program,1.00,,991922.17,2023,,National Urban and Peri-Urban Agriculture Program,Project Group: Protected Cultivation and Nurseries | Project Type: Greenhouse | Beneficiary: Local Government Unit of Echague-Mengal Women Center
ABEMIS1345,Establishment of Mushroom House,ABEMIS_PROTECTED_CULTIVATION,Cagayan,3rd District,Tuao,Balagao,,,National Urban and Peri-Urban Agriculture Program,1.00,,150591.42,2023,,National Urban and Peri-Urban Agriculture Program,Project Group: Protected Cultivation and Nurseries | Project Type: Mushroom Fruiting House | Beneficiary: Local Government Unit of Tuao
ABEMIS1346,Construction of Mangga II SWIP,ABEMIS_IRRIGATION,Isabela,5th District,Quezon,Mangga,,,Rice Program,1.00,,11862820.50,2023,,Rice Program,Project Group: Irrigation and Water Systems | Project Type: Small Water Impounding Project | Beneficiary: MANGGA -UBBOG FARMERS ASSOCIATION
ABEMIS1347,Establishment of Rabbit Housing,ABEMIS_LIVESTOCK,Cagayan,3rd District,Tuao,Balagao,,,National Urban and Peri-Urban Agriculture Program,1.00,,209939.35,2023,,National Urban and Peri-Urban Agriculture Program,Project Group: Livestock Facilities | Project Type: Rabbit Housing | Beneficiary: Local Government Unit of Tuao
ABEMIS1348,Establishment of Rabbit Housing,ABEMIS_LIVESTOCK,Isabela,1st District,Tumauini,Arcon,,,National Urban and Peri-Urban Agriculture Program,1.00,,2032146.47,2023,,National Urban and Peri-Urban Agriculture Program,Project Group: Livestock Facilities | Project Type: Rabbit Housing | Beneficiary: Local Government Unit of Tumauini-Northern Tumauini Cereal and Dairy Farmers Cooperative
ABEMIS1349,Establishment of Mushroom House,ABEMIS_PROTECTED_CULTIVATION,Isabela,1st District,Tumauini,Arcon,,,National Urban and Peri-Urban Agriculture Program,1.00,,138527.00,2023,,National Urban and Peri-Urban Agriculture Program,Project Group: Protected Cultivation and Nurseries | Project Type: Mushroom Fruiting House | Beneficiary: Local Government Unit of Tumauini-Northern Tumauini Cereal and Dairy Farmers Cooperative
ABEMIS1350,Establishment of Greenhouse,ABEMIS_PROTECTED_CULTIVATION,Isabela,1st District,Tumauini,Arcon,,,National Urban and Peri-Urban Agriculture Program,1.00,,879539.00,2023,,National Urban and Peri-Urban Agriculture Program,Project Group: Protected Cultivation and Nurseries | Project Type: Greenhouse | Beneficiary: Local Government Unit of Tumauini-Northern Tumauini Cereal and Dairy Farmers Cooperative
ABEMIS1351,CONCRETING OF BRGY. SAN ANTONIO SOUTH-BRGY. DULLAO FMR,ABEMIS_FMR,Nueva Vizcaya,Nueva Vizcaya,Bambang,San Antonio South;Dullao,,,Farm to Market Road Development Program,0.83,,9028614.94,2023,,Farm to Market Road Development Program,Project Group: Farm-to-Market Roads | Project Type: Farm-to-Market Road | Beneficiary: 
ABEMIS1352,CONCRETING OF BANAO SECTION BRGY. MABUSLO FMR,ABEMIS_FMR,Nueva Vizcaya,Nueva Vizcaya,Bambang,Mabuslo,,,Farm to Market Road Development Program,0.83,,9795639.59,2023,,Farm to Market Road Development Program,Project Group: Farm-to-Market Roads | Project Type: Farm-to-Market Road | Beneficiary: 
ABEMIS1353,"CONRETING OF PUROK NANGKALAPAN, BRGY. SALINAS FMR",ABEMIS_FMR,Nueva Vizcaya,Nueva Vizcaya,Bambang,Salinas,,,Farm to Market Road Development Program,1.00,,10491051.10,2023,,Farm to Market Road Development Program,Project Group: Farm-to-Market Roads | Project Type: Farm-to-Market Road | Beneficiary: 
ABEMIS1354,Construction of Rang-Ay Ti Pussian Farmers MPC's MPDP,ABEMIS_POSTHARVEST,Cagayan,1st District,Alcala,Pussian,,,Corn Program,1.00,,758072.50,2023,,Corn Program,Project Group: Postharvest and Processing | Project Type: Multi-Purpose Drying Pavement | Beneficiary: Rang-ay ti Pussian Farmers Multi-Purpose Cooperative
ABEMIS1355,Construction of Solana West Farmer's Cooperative Warehouse,ABEMIS_POSTHARVEST,Cagayan,3rd District,Solana,Ubong,,,Rice Program,1.00,,8154969.82,2022,,Rice Program,Project Group: Postharvest and Processing | Project Type: Warehouse | Beneficiary: Solana West Farmer's Cooperative
ABEMIS1356,Construction of AMA-SILA's MPDP,ABEMIS_POSTHARVEST,Isabela,1st District,Ilagan City (Capital),San Vicente (Pob.),,,Corn Program,1.00,,699016.35,2023,,Corn Program,Project Group: Postharvest and Processing | Project Type: Multi-Purpose Drying Pavement | Beneficiary: Asosasyon ng mga Ama-Syudad ng Ilagan
ABEMIS1357,Installation of Ricarte Sur SPIS,ABEMIS_IRRIGATION,Quirino,Quirino,Diffun,Ricarte Sur,,,High Value Crop Development Program,1.00,,686045.57,2023,,High Value Crop Development Program,Project Group: Irrigation and Water Systems | Project Type: Solar-Powered Irrigation System | Beneficiary: Ricarte Sur Farmers Association
ABEMIS1358,Installation of Balzain SPIS,ABEMIS_IRRIGATION,Nueva Vizcaya,Nueva Vizcaya,Dupax del Sur,Balsain,,,High Value Crop Development Program,1.00,,686045.57,2023,,High Value Crop Development Program,Project Group: Irrigation and Water Systems | Project Type: Solar-Powered Irrigation System | Beneficiary: Brgy. Balzain Upland Development Association
ABEMIS1359,Installation of Casitan Spring Development,ABEMIS_IRRIGATION,Cagayan,2nd District,Pamplona,Casitan,,,High Value Crop Development Program,1.00,,471893.00,2023,,High Value Crop Development Program,Project Group: Irrigation and Water Systems | Project Type: Spring Development | Beneficiary: Casitan Small Water Irrigation System Association
ABEMIS1360,"Installation of Sitio Balok, Masi Spring Development",ABEMIS_IRRIGATION,Cagayan,2nd District,Pamplona,Masi,,,High Value Crop Development Program,1.00,,615922.00,2023,,High Value Crop Development Program,Project Group: Irrigation and Water Systems | Project Type: Spring Development | Beneficiary: Masi Farmers Association
ABEMIS1361,Construction of San Juan DD,ABEMIS_IRRIGATION,Cagayan,1st District,Santa Ana,Casambalangan (Port Irene),,,Rice Program,1.00,,9081990.73,2023,,Rice Program,Project Group: Irrigation and Water Systems | Project Type: Diversion Dam | Beneficiary: SAN JUAN CASAMBALANGAN FARMERS ASSOCIATION INC.
ABEMIS1362,Construction of MARIIS Burgos Seed Producer Cooperative Multi-Purpose Drying Pavement (MPDP) with Palay Shed,ABEMIS_POSTHARVEST,Isabela,5th District,Burgos,Caliguian (Pob.),,,Rice Program,0.00,,481170.11,2021,,Rice Program,Project Group: Postharvest and Processing | Project Type: Multi-Purpose Drying Pavement | Beneficiary: MARIIS Burgos Seed Producer Cooperative
ABEMIS1363,Construction of Angadanan Forest Region Agrarian Reform Cooperative Multi-Crop Drying Pavement (MCDP),ABEMIS_POSTHARVEST,Isabela,3rd District,Angadanan,Bannawag,,,Corn Program,1.00,,177733646.75,2021,,Corn Program,Project Group: Postharvest and Processing | Project Type: Multi-Purpose Drying Pavement | Beneficiary: Angadanan Forest Region Agrarian Reform Cooperative
ABEMIS1364,Construction of Pagsanggiran Ti Mannalon MPC Multi-Purpose Drying Pavement with Palay Shed,ABEMIS_POSTHARVEST,Cagayan,2nd District,Abulug,Calog Sur,,,Rice Program,1.00,,417690.64,2021,,Rice Program,Project Group: Postharvest and Processing | Project Type: Multi-Purpose Drying Pavement | Beneficiary: Pagsanggiran Ti Mannalon Multi-Purpose Cooperative
ABEMIS1365,Construction of Solana West Farmers Cooperative Multi-Purpose Drying Pavement (MPDP) with Palay Shed,ABEMIS_POSTHARVEST,Cagayan,3rd District,Solana,Ubong,,,Rice Program,1.00,,455220.39,2021,,Rice Program,Project Group: Postharvest and Processing | Project Type: Multi-Purpose Drying Pavement | Beneficiary: Solana West Farmers Cooperative
ABEMIS1366,Construction of Kabisig Savings & Agri-Development Cooperative (KASA-KABISIG) Multi-Purpose Drying Pavement (MPDP) with Palay Shed,ABEMIS_POSTHARVEST,Isabela,4th District,Jones,Dalibubon,,,Rice Program,1.00,,481170.11,2021,,Rice Program,Project Group: Postharvest and Processing | Project Type: Multi-Purpose Drying Pavement | Beneficiary: Kabisig Savings & Agri-Development Cooperative (KASA-KABISIG)
ABEMIS1367,Construction of Northern Cagayan Seed Producers MPC Multi-Purpose Drying Pavement with Palay Shed,ABEMIS_POSTHARVEST,Cagayan,2nd District,Pamplona,Nagattatan,,,Rice Program,1.00,,458351.28,2021,,Rice Program,Project Group: Postharvest and Processing | Project Type: Multi-Purpose Drying Pavement | Beneficiary: Northern Cagayan Seed Producers Multi-Purpose Cooperative
ABEMIS1368,Construction of Povilus Farmers and Entrepreneurs Association Multi-Crop Drying Pavement,ABEMIS_POSTHARVEST,Quirino,Quirino,Maddela,Poblacion Norte,,,Corn Program,1.00,,177733646.75,2021,,Corn Program,Project Group: Postharvest and Processing | Project Type: Multi-Purpose Drying Pavement | Beneficiary: Povilus Farmers and Entrepreneurs Association
ABEMIS1369,Construction of Quezon Tinig Haranista Credit & Savings Cooperative Multi-Crop Drying Pavement,ABEMIS_POSTHARVEST,Nueva Vizcaya,Nueva Vizcaya,Quezon,Nalubbunan,,,Corn Program,1.00,,177733646.75,2021,,Corn Program,Project Group: Postharvest and Processing | Project Type: Multi-Purpose Drying Pavement | Beneficiary: Quezon Tinig Haranista Credit Cooperative
ABEMIS1370,Construction of San Mariano Diversified Producers Cooperative Multi-Crop Drying Pavement,ABEMIS_POSTHARVEST,Isabela,2nd District,San Mariano,Alibadabad,,,Corn Program,1.00,,177733646.75,2021,,Corn Program,Project Group: Postharvest and Processing | Project Type: Multi-Purpose Drying Pavement | Beneficiary: San Mariano Diversified Producers Cooperative
ABEMIS1371,Construction of Calayan Samahang Nayon Multi-Purpose Cooperative Multi-Purpose Drying Pavement (MPDP) with Palay Shed,ABEMIS_POSTHARVEST,Cagayan,1st District,Gonzaga,Tapel,,,Rice Program,1.00,,458351.29,2021,,Rice Program,Project Group: Postharvest and Processing | Project Type: Multi-Purpose Drying Pavement | Beneficiary: Calayan Samahang Nayon Multi-Purpose Cooperative
ABEMIS1372,Construction of Binalan Agriculture Cooperative Multi-Crop Drying Pavement,ABEMIS_POSTHARVEST,Cagayan,1st District,Aparri,Binalan,,,Corn Program,1.00,,177733646.75,2021,,Corn Program,Project Group: Postharvest and Processing | Project Type: Multi-Purpose Drying Pavement | Beneficiary: Binalan Agriculture Cooperative
ABEMIS1373,Construction of Northern Aparri Irrigators Association Inc. Multi-Purpose Drying Pavement (MPDP) with Palay Shed,ABEMIS_POSTHARVEST,Cagayan,1st District,Aparri,Gaddang,,,Rice Program,1.00,,481170.11,2021,,Rice Program,Project Group: Postharvest and Processing | Project Type: Multi-Purpose Drying Pavement | Beneficiary: Northern Aparri Irrigators Association Inc.
ABEMIS1374,Construction of Holy Trinity Agri-Forestry Multi-Purpose Cooperative Multi-Purpose Drying Pavement (MPDP) with Palay Shed,ABEMIS_POSTHARVEST,Isabela,1st District,Ilagan City (Capital),Rang-ayan (Bintacan),,,Rice Program,1.00,,481170.11,2021,,Rice Program,Project Group: Postharvest and Processing | Project Type: Multi-Purpose Drying Pavement | Beneficiary: Holy Trinity Agri-Forestry Multi-Purpose Cooperative
ABEMIS1375,"Construction of Federation on Farmers of Onion, Ginger, Garlic, Growers Association's Onion Cold Storage",ABEMIS_POSTHARVEST,Nueva Vizcaya,Nueva Vizcaya,Aritao,Nagcuartelan,,,High Value Crop Development Program,1.00,,18800000.01,2022,,High Value Crop Development Program,"Project Group: Postharvest and Processing | Project Type: Cold Storage | Beneficiary: Federation on Farmers of Onion, Ginger, Garlic, Growers Association"
ABEMIS1376,Establishment of Federation of Ivana Integrated Farmers Associations Greenhouse,ABEMIS_PROTECTED_CULTIVATION,Batanes,Batanes,Ivana,Radiwan,,,National Organic Agriculture Program,1.00,,718497.40,2022,,National Organic Agriculture Program,Project Group: Protected Cultivation and Nurseries | Project Type: Greenhouse | Beneficiary: Federation of Ivana Integrated Farmers Association (FIIFA)
ABEMIS1377,Construction of Esperanza MPC Multi-Purpose Drying Pavement (MPDP) with Palay Shed,ABEMIS_POSTHARVEST,Isabela,5th District,Aurora,Esperanza East,,,Rice Program,1.00,,481170.11,2021,,Rice Program,Project Group: Postharvest and Processing | Project Type: Multi-Purpose Drying Pavement | Beneficiary: Esperanza Multi-Purpose Cooperative
ABEMIS1378,Construction of Isabela Seed Growers MPC Multi-Purpose Drying Pavement with Palay Shed,ABEMIS_POSTHARVEST,Isabela,6th District,City of Cauayan,Alinam,,,Rice Program,1.00,,481170.11,2021,,Rice Program,Project Group: Postharvest and Processing | Project Type: Multi-Purpose Drying Pavement | Beneficiary: Isabela Seed Grower Multi-Purpose Cooperative
ABEMIS1379,"CONCRETING OF BRGY. MINALLO FMR, NAGUILIAN, ISABELA",ABEMIS_FMR,Isabela,2nd District,Naguilian,Minallo,,,Farm to Market Road Development Program,1.23,,11939993.65,2022,,Farm to Market Road Development Program,Project Group: Farm-to-Market Roads | Project Type: Farm-to-Market Road | Beneficiary: 
ABEMIS1380,Construction of Cagayan Seed Producers Multi-Purpose Cooperative Multi-Purpose Drying Pavement (MPDP) with Palay Shed,ABEMIS_POSTHARVEST,Cagayan,3rd District,Solana,Gadu,,,Rice Program,1.00,,458351.28,2021,,Rice Program,Project Group: Postharvest and Processing | Project Type: Multi-Purpose Drying Pavement | Beneficiary: Cagayan Seed Producers Multi-Purpose Cooperative
ABEMIS1381,Construction of Quirino Isabela Multi-Purpose Cooperative (QUIFARCO) Multi-Purpose Drying Pavement (MPDP) with Palay Shed,ABEMIS_POSTHARVEST,Isabela,5th District,Quirino,San Isidro,,,Rice Program,1.00,,481170.11,2021,,Rice Program,Project Group: Postharvest and Processing | Project Type: Multi-Purpose Drying Pavement | Beneficiary: Quirino Isabela Multi-Purpose Cooperative (MPC)
ABEMIS1382,Construction of United Bangspavilca Council of Irrigators Association Inc. Multi-Purpose Drying Pavement (MPDP) with Palay Shed,ABEMIS_POSTHARVEST,Isabela,4th District,City of Santiago,Rizal,,,Rice Program,1.00,,481170.11,2021,,Rice Program,Project Group: Postharvest and Processing | Project Type: Multi-Purpose Drying Pavement | Beneficiary: United Bangspavilca Council of Irrigators Association Inc
ABEMIS1383,Construction of Sto. Domingo SPIS,ABEMIS_IRRIGATION,Isabela,5th District,Quirino,Santo Domingo,,,National Organic Agriculture Program,1.00,,858416.57,2021,,National Organic Agriculture Program,Project Group: Irrigation and Water Systems | Project Type: Solar-Powered Irrigation System | Beneficiary: Quirinian Youth-In-Action
ABEMIS1384,Construction of Zamora SPIS,ABEMIS_IRRIGATION,Isabela,2nd District,San Mariano,Zamora,,,National Organic Agriculture Program,1.00,,858416.57,2021,,National Organic Agriculture Program,"Project Group: Irrigation and Water Systems | Project Type: Solar-Powered Irrigation System | Beneficiary: Naimeng A Pagtaengan Producers Association (NPPA), Inc."
ABEMIS1385,Establishment of ISU-Roxas' Greenhouse,ABEMIS_PROTECTED_CULTIVATION,Isabela,5th District,Roxas,Matusalem,,,National Organic Agriculture Program,1.00,,572654.58,2022,,National Organic Agriculture Program,Project Group: Protected Cultivation and Nurseries | Project Type: Greenhouse | Beneficiary: Isabela State University-Roxas Campus
ABEMIS1386,Establishment of Cagayan State University-Gonzaga Campus' Greenhouse,ABEMIS_PROTECTED_CULTIVATION,Cagayan,1st District,Gonzaga,Flourishing (Pob.),,,National Organic Agriculture Program,1.00,,572654.58,2022,,National Organic Agriculture Program,Project Group: Protected Cultivation and Nurseries | Project Type: Greenhouse | Beneficiary: Cagayan State University - Gonzaga
ABEMIS1387,Construction of Baru a Langa ti Mannalon Farmers Association Warehouse,ABEMIS_POSTHARVEST,Isabela,2nd District,Gamu,Mabini,,,Rice Program,1.00,,8766337.35,2022,,Rice Program,"Project Group: Postharvest and Processing | Project Type: Warehouse | Beneficiary: Baru A Langa Ti Mannalon Farmers Association, Incorporation"
ABEMIS1388,Construction of RAMCOR Farmers Multi-Purpose Cooperative Multi-Purpose Drying Pavement with Palay Shed,ABEMIS_POSTHARVEST,Isabela,3rd District,Ramon,Planas,,,Rice Program,1.00,,481170.11,2021,,Rice Program,Project Group: Postharvest and Processing | Project Type: Multi-Purpose Drying Pavement | Beneficiary: RAMCOR Farmers Multi-Purpose Cooperative
ABEMIS1389,Construction of Epiphany Multi-Purpose Cooperative Multi-Purpose Drying Pavement (MPDP) with Palay Shed,ABEMIS_POSTHARVEST,Isabela,5th District,Quezon,Abut,,,Rice Program,1.00,,481170.11,2021,,Rice Program,Project Group: Postharvest and Processing | Project Type: Multi-Purpose Drying Pavement | Beneficiary: Epiphany Multi-Purpose Cooperative
ABEMIS1390,Construction of Dumayag Diversion Dam,ABEMIS_IRRIGATION,Isabela,1st District,Maconacon,Diana,,,Rice Program,1.00,,3201911.64,2022,,Rice Program,Project Group: Irrigation and Water Systems | Project Type: Diversion Dam | Beneficiary: Diana Farmers Irrigators Association Inc.
ABEMIS1391,Installation of Binogawan SPFS-8,ABEMIS_IRRIGATION,Nueva Vizcaya,Nueva Vizcaya,Kasibu,Binogawan,,,Rice Program,1.00,,1863226.98,2022,,Rice Program,Project Group: Irrigation and Water Systems | Project Type: Solar-Powered Fertigation System (8) | Beneficiary: Binogawan Integrated Farmers Irrigators Association Inc.
ABEMIS1392,Construction of Isabela Seed Growers MPC Warehouse,ABEMIS_POSTHARVEST,Isabela,6th District,City of Cauayan,Alinam,,,Rice Program,1.00,,7231023.50,2021,,Rice Program,Project Group: Postharvest and Processing | Project Type: Warehouse | Beneficiary: Isabela Seed Grower Multi-Purpose Cooperative
ABEMIS1393,Construction of Good Samaritan MPC Warehouse,ABEMIS_POSTHARVEST,Isabela,3rd District,San Mateo,Barangay IV (Pob.),,,Rice Program,1.00,,6981626.44,2021,,Rice Program,Project Group: Postharvest and Processing | Project Type: Warehouse | Beneficiary: Good Samaritan Multi-Purpose Cooperative
ABEMIS1394,CAPAGARAN SWIP,ABEMIS_IRRIGATION,Cagayan,2nd District,Allacapan,Capagaran (Brigida),,,Rice Program,1.00,,8952655.50,2020,,Rice Program,Project Group: Irrigation and Water Systems | Project Type: Small Water Impounding Project | Beneficiary: BRGY. CAPAGARAN FARMERS
ABEMIS1395,Construction of Cagayan Seed Producers MPC Warehouse,ABEMIS_POSTHARVEST,Cagayan,3rd District,Solana,Lingu,,,Rice Program,1.00,,6965333.02,2021,,Rice Program,Project Group: Postharvest and Processing | Project Type: Warehouse | Beneficiary: Cagayan Seed Producer Multi-Purpose Cooperative
ABEMIS1396,Construction of San Agustin Diversion Dam,ABEMIS_IRRIGATION,Cagayan,2nd District,Abulug,San Agustin,,,Rice Program,1.00,,3340674.72,2022,,Rice Program,Project Group: Irrigation and Water Systems | Project Type: Diversion Dam | Beneficiary: Brgy. San Agustin Farmers
ABEMIS1397,Installation of Centro Norte SPIS,ABEMIS_IRRIGATION,Cagayan,2nd District,Santo Ni?o (Faire),Centro Norte (Pob.),,,High Value Crop Development Program,1.00,,630470.45,2022,,High Value Crop Development Program,Project Group: Irrigation and Water Systems | Project Type: Solar-Powered Irrigation System | Beneficiary: Southern Cagayan Farmers MPC
ABEMIS1398,Installation of Paraiso SPIS,ABEMIS_IRRIGATION,Cagayan,3rd District,Solana,Carilucud,,,High Value Crop Development Program,1.00,,630470.72,2022,,High Value Crop Development Program,Project Group: Irrigation and Water Systems | Project Type: Solar-Powered Irrigation System | Beneficiary: Paraiso United Farmers Association
ABEMIS1399,Installation of San Antonio SPIS,ABEMIS_IRRIGATION,Isabela,1st District,Ilagan City (Capital),Centro - San Antonio,,,High Value Crop Development Program,1.00,,621834.14,2022,,High Value Crop Development Program,Project Group: Irrigation and Water Systems | Project Type: Solar-Powered Irrigation System | Beneficiary: Diocesan Social Action Center
ABEMIS1400,Installation of Holy Friday SPIS,ABEMIS_IRRIGATION,Isabela,5th District,Mallig,Holy Friday,,,High Value Crop Development Program,1.00,,621834.14,2022,,High Value Crop Development Program,Project Group: Irrigation and Water Systems | Project Type: Solar-Powered Irrigation System | Beneficiary: RTC Farmers Association
ABEMIS1401,Installation of San Isidro West SPIS,ABEMIS_IRRIGATION,Isabela,1st District,Santa Maria,San Isidro West,,,High Value Crop Development Program,1.00,,621834.14,2022,,High Value Crop Development Program,Project Group: Irrigation and Water Systems | Project Type: Solar-Powered Irrigation System | Beneficiary: San Isidro Labrador Agriculture Cooperative
ABEMIS1402,Construction of Magapuy Farmers MPC's MCDP,ABEMIS_POSTHARVEST,Nueva Vizcaya,Nueva Vizcaya,Bayombong (Capital),Magapuy,,,Corn Program,1.00,,501627.78,2022,,Corn Program,Project Group: Postharvest and Processing | Project Type: Multi-Purpose Drying Pavement | Beneficiary: Magapuy Farmers Multi-Purpose Cooperative
ABEMIS1403,Construction of San Lorenzo Farmers Association's MCDP,ABEMIS_POSTHARVEST,Cagayan,1st District,Buguey,Alucao Weste (San Lorenzo*),,,Corn Program,1.00,,598924.05,2022,,Corn Program,Project Group: Postharvest and Processing | Project Type: Multi-Purpose Drying Pavement | Beneficiary: San Lorenzo Farmers Association
ABEMIS1404,Construction of Sto. Domingo MPC's MCDP,ABEMIS_POSTHARVEST,Cagayan,1st District,Baggao,Poblacion (Centro),,,Corn Program,1.00,,598924.05,2022,,Corn Program,Project Group: Postharvest and Processing | Project Type: Multi-Purpose Drying Pavement | Beneficiary: Sto. Domingo Multi-Purpose Cooperative
ABEMIS1405,Construction of BLUE CIRCLE GRAINS TRADING AGRICULTURE COOPERATIVE'S MCDP,ABEMIS_POSTHARVEST,Isabela,6th District,Echague,Aromin,,,Corn Program,1.00,,494604.52,2022,,Corn Program,Project Group: Postharvest and Processing | Project Type: Multi-Purpose Drying Pavement | Beneficiary: BLUE CIRCLE GRAINS TRADING AGRICULTURE COOPERATIVE
ABEMIS1406,Construction of Diffun Saranay Development Cooperative's MCDP,ABEMIS_POSTHARVEST,Quirino,Quirino,Diffun,Andres Bonifacio (Pob.),,,Corn Program,1.00,,539000.00,2022,,Corn Program,Project Group: Postharvest and Processing | Project Type: Multi-Purpose Drying Pavement | Beneficiary: Diffun Saranay and Development Cooperative
ABEMIS1407,Construction of Asosasyon ng mga AMA-Syudad ng Ilagan's MCDP,ABEMIS_POSTHARVEST,Isabela,1st District,Ilagan City (Capital),Pasa,,,Corn Program,1.00,,494604.52,2022,,Corn Program,Project Group: Postharvest and Processing | Project Type: Multi-Purpose Drying Pavement | Beneficiary: Asosasyon ng mga Ama-Syudad ng Ilagan
ABEMIS1408,Establishment of Vizcaya Fresh! Organic Advocates Inc.'s Greenhouse 1,ABEMIS_PROTECTED_CULTIVATION,Nueva Vizcaya,Nueva Vizcaya,Bayombong (Capital),Magsaysay,,,National Organic Agriculture Program,1.00,,517751.94,2022,,National Organic Agriculture Program,Project Group: Protected Cultivation and Nurseries | Project Type: Greenhouse | Beneficiary: Vizcaya Fresh! Organic Advocates Inc.
ABEMIS1409,Establishment of MASAGANA Farmers Association Inc.'s Greenhouse,ABEMIS_PROTECTED_CULTIVATION,Quirino,Quirino,Maddela,San Bernabe,,,National Organic Agriculture Program,1.00,,533436.00,2022,,National Organic Agriculture Program,Project Group: Protected Cultivation and Nurseries | Project Type: Greenhouse | Beneficiary: MASAGANA Farmers Association Inc.
ABEMIS1410,Establishment of Diocesan Integrated Learning Center's Greenhouse,ABEMIS_PROTECTED_CULTIVATION,Isabela,1st District,Ilagan City (Capital),Centro - San Antonio,,,National Organic Agriculture Program,1.00,,543436.00,2022,,National Organic Agriculture Program,Project Group: Protected Cultivation and Nurseries | Project Type: Greenhouse | Beneficiary: Diocesan Integrated Learning Center (DILC)
ABEMIS1411,Construction of San Juan SWIP,ABEMIS_IRRIGATION,Isabela,5th District,Quezon,San Juan,,,Rice Program,1.00,,15684678.84,2022,,Rice Program,Project Group: Irrigation and Water Systems | Project Type: Small Water Impounding Project | Beneficiary: San Juan Quezon SWISA Inc.
ABEMIS1412,Establishment of Kayapa Organic Producers Association's Greenhouse,ABEMIS_PROTECTED_CULTIVATION,Nueva Vizcaya,Nueva Vizcaya,Kayapa,Pangawan,,,National Organic Agriculture Program,1.00,,517751.94,2022,,National Organic Agriculture Program,Project Group: Protected Cultivation and Nurseries | Project Type: Greenhouse | Beneficiary: Kayapa Organic Producers Association
ABEMIS1413,Installation of San Antonio South SPIS,ABEMIS_IRRIGATION,Nueva Vizcaya,Nueva Vizcaya,Bambang,San Antonio South,,,High Value Crop Development Program,1.00,,568440.02,2022,,High Value Crop Development Program,Project Group: Irrigation and Water Systems | Project Type: Solar-Powered Irrigation System | Beneficiary: United Vizcaya Farmers and Agricultural Traders Multi-Purpose Cooperative
ABEMIS1414,Installation of Tinabla SPIS,ABEMIS_IRRIGATION,Nueva Vizcaya,Nueva Vizcaya,Kasibu,Malabing,,,High Value Crop Development Program,1.00,,568667.52,2022,,High Value Crop Development Program,Project Group: Irrigation and Water Systems | Project Type: Solar-Powered Irrigation System | Beneficiary: Malabing Valley Multi-Purpose Cooperative
ABEMIS1415,Installation of Puswak SPIS,ABEMIS_IRRIGATION,Quirino,Quirino,Nagtipunan,Ponggo,,,High Value Crop Development Program,1.00,,556411.13,2022,,High Value Crop Development Program,Project Group: Irrigation and Water Systems | Project Type: Solar-Powered Irrigation System | Beneficiary: Ponggo Farmers Irrigators Association
ABEMIS1416,Installation of Sto. Tomas SPIS,ABEMIS_IRRIGATION,Cagayan,2nd District,Abulug,Santo Tomas,,,High Value Crop Development Program,1.00,,588430.76,2022,,High Value Crop Development Program,Project Group: Irrigation and Water Systems | Project Type: Solar-Powered Irrigation System | Beneficiary: Sto. Tomas Farmers and Fisherfolks Association
ABEMIS1417,Installation of Tayak SPIS,ABEMIS_IRRIGATION,Cagayan,2nd District,Abulug,Siguiran,,,High Value Crop Development Program,1.00,,586548.72,2022,,High Value Crop Development Program,Project Group: Irrigation and Water Systems | Project Type: Solar-Powered Irrigation System | Beneficiary: Tayak Agri-Fisheries Producers Association
ABEMIS1418,Installation of Dominit SPIS,ABEMIS_IRRIGATION,Isabela,6th District,City of Cauayan,Duminit,,,High Value Crop Development Program,1.00,,551816.90,2022,,High Value Crop Development Program,Project Group: Irrigation and Water Systems | Project Type: Solar-Powered Irrigation System | Beneficiary: Cauayan Agriculture and Fisheries Cooperative
ABEMIS1419,Installation of Cabulay SPIS,ABEMIS_IRRIGATION,Isabela,4th District,City of Santiago,Cabulay,,,High Value Crop Development Program,1.00,,580615.34,2022,,High Value Crop Development Program,Project Group: Irrigation and Water Systems | Project Type: Solar-Powered Irrigation System | Beneficiary: Santiago City Vegetable Growers & Marketing Coop
ABEMIS1420,Construction of Acacia Highland Farmers Association's Greenhouse,ABEMIS_PROTECTED_CULTIVATION,Nueva Vizcaya,Nueva Vizcaya,Kayapa,Acacia,,,High Value Crop Development Program,1.00,,446942.82,2022,,High Value Crop Development Program,Project Group: Protected Cultivation and Nurseries | Project Type: Greenhouse | Beneficiary: Acacia Highland Farmers Association
ABEMIS1421,Gulayan sa Barangay,ABEMIS_FOOD_GARDEN,Isabela,2nd District,Naguilian,Rizal,,,High Value Crop Development Program,1.00,,100000.00,2022,,High Value Crop Development Program,Project Group: Food Gardens | Project Type: Gulayan sa Barangay | Beneficiary: Barangay Local Government Unit - Rizal Naguilian (Cagayan Valley II
ABEMIS1422,Gulayan sa Barangay,ABEMIS_FOOD_GARDEN,Isabela,6th District,San Isidro,Ramos East,,,High Value Crop Development Program,1.00,,100000.00,2022,,High Value Crop Development Program,Project Group: Food Gardens | Project Type: Gulayan sa Barangay | Beneficiary: Barangay Local Government Unit - Ramos East San Isidro (Cagayan Valley II)
ABEMIS1423,"Installation of Federation on Farmers of Onion, Garlic and Ginger Growers Association Inc's Rainshelter",ABEMIS_PROTECTED_CULTIVATION,Nueva Vizcaya,Nueva Vizcaya,Aritao,Nagcuartelan,,,High Value Crop Development Program,6.00,,526642.77,2022,,High Value Crop Development Program,"Project Group: Protected Cultivation and Nurseries | Project Type: Rainshelter | Beneficiary: Federation on Farmers of Onion, Garlic and Ginger Growers Association Inc"
ABEMIS1424,Installation of Santiago Vegetables Growers and Marketing Cooperative's Rainshelter,ABEMIS_PROTECTED_CULTIVATION,Isabela,4th District,City of Santiago,Cabulay,,,High Value Crop Development Program,4.00,,328652.15,2022,,High Value Crop Development Program,Project Group: Protected Cultivation and Nurseries | Project Type: Rainshelter | Beneficiary: Santiago Vegetable Growers and Marketing Cooperative (SCVGMC)
ABEMIS1425,Construction of Sanguit Upland Farmers Multi-Purpose Cooperative's Greenhouse,ABEMIS_PROTECTED_CULTIVATION,Nueva Vizcaya,Nueva Vizcaya,Dupax del Sur,Sanguit,,,High Value Crop Development Program,1.00,,447432.82,2022,,High Value Crop Development Program,Project Group: Protected Cultivation and Nurseries | Project Type: Greenhouse | Beneficiary: Sanguit Upland Farmers Multi-Purpose Cooperative (SUFMPC)
ABEMIS1426,Construction of Catarawan Farmers Association's Greenhouse,ABEMIS_PROTECTED_CULTIVATION,Nueva Vizcaya,Nueva Vizcaya,Kasibu,Catarawan,,,High Value Crop Development Program,1.00,,447446.82,2022,,High Value Crop Development Program,Project Group: Protected Cultivation and Nurseries | Project Type: Greenhouse | Beneficiary: Catarawan Farmers Association Inc.
ABEMIS1427,"CONCRETING OF BRGY. MAGAPUY FMR, BAYOMBONG, NUEVA VIZCAYA",ABEMIS_FMR,Nueva Vizcaya,Nueva Vizcaya,Bayombong (Capital),Magapuy,,,Farm to Market Road Development Program,0.83,,9950000.00,2022,,Farm to Market Road Development Program,Project Group: Farm-to-Market Roads | Project Type: Farm-to-Market Road | Beneficiary: 
ABEMIS1428,Construction of Solar Powered Irrigation System,ABEMIS_IRRIGATION,Quirino,Quirino,Cabarroguis (Capital),San Marcos,,,National Organic Agriculture Program,1.00,,841955.72,2021,,National Organic Agriculture Program,Project Group: Irrigation and Water Systems | Project Type: Solar-Powered Irrigation System | Beneficiary: PLGU Quirino
ABEMIS1429,Construction of Solar Powered Irrigation System,ABEMIS_IRRIGATION,Isabela,2nd District,San Mariano,Zamora,,,National Organic Agriculture Program,1.00,,958416.57,2021,,National Organic Agriculture Program,"Project Group: Irrigation and Water Systems | Project Type: Solar-Powered Irrigation System | Beneficiary: Naimeng A Pagtaengan Producers Association, Incorporated"
ABEMIS1430,Construction of Solar Powered Irrigation System,ABEMIS_IRRIGATION,Quirino,Quirino,Cabarroguis (Capital),Santo Domingo,,,National Organic Agriculture Program,1.00,,958416.57,2021,,National Organic Agriculture Program,Project Group: Irrigation and Water Systems | Project Type: Solar-Powered Irrigation System | Beneficiary: Quirinian-Youth In Action
ABEMIS1431,Construction of Solar Powered Irrigation System,ABEMIS_IRRIGATION,Cagayan,2nd District,Sanchez Mira,Bangan,,,National Organic Agriculture Program,1.00,,958416.57,2021,,National Organic Agriculture Program,Project Group: Irrigation and Water Systems | Project Type: Solar-Powered Irrigation System | Beneficiary: Sambaland Agrarian Reform Beneficiaries Cooperative
ABEMIS1432,Construction of Solar Powered Irrigation System,ABEMIS_IRRIGATION,Nueva Vizcaya,Nueva Vizcaya,Villaverde,Bintawan Sur,,,National Organic Agriculture Program,1.00,,841955.72,2021,,National Organic Agriculture Program,Project Group: Irrigation and Water Systems | Project Type: Solar-Powered Irrigation System | Beneficiary: MLGU-Villaverde
ABEMIS1433,Establishment of Greenhouse Facility,ABEMIS_PROTECTED_CULTIVATION,Isabela,5th District,Roxas,Matusalem,,,National Organic Agriculture Program,1.00,,584820.81,2020,,National Organic Agriculture Program,Project Group: Protected Cultivation and Nurseries | Project Type: Greenhouse | Beneficiary: Isabela State University-Roxas Campus
ABEMIS1434,"CONCRETING OF MALAYO, SAN ANTONIO FMR",ABEMIS_FMR,Batanes,Batanes,Basco (Capital),San Antonio,,,Farm to Market Road Development Program,0.19,,1817546.46,2017,,Farm to Market Road Development Program,Project Group: Farm-to-Market Roads | Project Type: Farm-to-Market Road | Beneficiary: 
ABEMIS1435,"CONCRETING OF CAPARIAN, STA. ROSA FMR",ABEMIS_FMR,Batanes,Batanes,Itbayat,Santa Rosa (Kaynatuan),,,Farm to Market Road Development Program,0.37,,4897378.20,2017,,Farm to Market Road Development Program,Project Group: Farm-to-Market Roads | Project Type: Farm-to-Market Road | Beneficiary: 
ABEMIS1436,"CONCRETING OF STA. MARIA -MARANAO , KAYVALUGANAN FMR",ABEMIS_FMR,Batanes,Batanes,Basco (Capital),Ihubok II (Kayvaluganan),,,Farm to Market Road Development Program,0.11,,1817645.81,2017,,Farm to Market Road Development Program,Project Group: Farm-to-Market Roads | Project Type: Farm-to-Market Road | Beneficiary: 
ABEMIS1437,Establishment of Greenhouse Facility,ABEMIS_PROTECTED_CULTIVATION,Cagayan,1st District,Gonzaga,Flourishing (Pob.),,,National Organic Agriculture Program,1.00,,584820.81,2020,,National Organic Agriculture Program,Project Group: Protected Cultivation and Nurseries | Project Type: Greenhouse | Beneficiary: CSU - Gonzaga Campus
ABEMIS1438,TOMYOK DD,ABEMIS_IRRIGATION,Cagayan,2nd District,Calayan,Dadao,,,Rice Program,1.00,,2265901.40,2017,,Rice Program,Project Group: Irrigation and Water Systems | Project Type: Diversion Dam | Beneficiary: TOMYOK DD FARMER BENEFICIARIES
ABEMIS1439,BANGUIAN SWIP,ABEMIS_IRRIGATION,Cagayan,2nd District,Abulug,Banguian,,,Rice Program,1.00,,9187450.00,2018,,Rice Program,Project Group: Irrigation and Water Systems | Project Type: Small Water Impounding Project | Beneficiary: BANGUIAN FARMERS
ABEMIS1440,NANGLAYATAN SWIP,ABEMIS_IRRIGATION,Cagayan,2nd District,Claveria,Pata East,,,Rice Program,1.00,,6725605.34,2015,,Rice Program,Project Group: Irrigation and Water Systems | Project Type: Small Water Impounding Project | Beneficiary: PATA EAST RICE FARMER
ABEMIS1441,Construction of RPC 1,ABEMIS_POSTHARVEST,Cagayan,3rd District,Solana,Sampaguita,,,Rice Program,0.00,,0.00,2017,,Rice Program,Project Group: Postharvest and Processing | Project Type: Rice Processing Center | Beneficiary: Cagayan Valley Development Cooperative
ABEMIS1442,Construction of RPC 1,ABEMIS_POSTHARVEST,Nueva Vizcaya,Nueva Vizcaya,Solano,San Luis,,,Rice Program,0.00,,0.00,2017,,Rice Program,Project Group: Postharvest and Processing | Project Type: Rice Processing Center | Beneficiary: Nueva Vizcaya Alay Kapwa Multipurpose Cooperative
ABEMIS1443,Construction of RPC 2,ABEMIS_POSTHARVEST,Isabela,6th District,City of Cauayan,Alinam,,,Rice Program,0.00,,0.00,2012,,Rice Program,Project Group: Postharvest and Processing | Project Type: Rice Processing Center | Beneficiary: Isabela Seed Growers Multipurpose Cooperative
ABEMIS1444,Construction of RPC 2,ABEMIS_POSTHARVEST,Isabela,5th District,San Manuel,Nueva Era,,,Rice Program,0.00,,0.00,2012,,Rice Program,Project Group: Postharvest and Processing | Project Type: Rice Processing Center | Beneficiary: Roxas Hybrid Seed Growers
ABEMIS1445,Construction of RPC 1,ABEMIS_POSTHARVEST,Isabela,4th District,City of Santiago,Rizal,,,Rice Program,0.00,,0.00,2012,,Rice Program,Project Group: Postharvest and Processing | Project Type: Rice Processing Center | Beneficiary: Santiago Amos Credit Development Cooperative
ABEMIS1446,Construction of RPC 1,ABEMIS_POSTHARVEST,Isabela,3rd District,Ramon,Villa Carmen,,,Rice Program,0.00,,0.00,2012,,Rice Program,"Project Group: Postharvest and Processing | Project Type: Rice Processing Center | Beneficiary: OC # 1, Council of Irrigators Association"
ABEMIS1447,Construction of RPC 1,ABEMIS_POSTHARVEST,Isabela,3rd District,Alicia,Rizal,,,Rice Program,0.00,,0.00,2012,,Rice Program,Project Group: Postharvest and Processing | Project Type: Rice Processing Center | Beneficiary: Alicia Government Employees Cooperative
ABEMIS1448,Construction of RPC 1,ABEMIS_POSTHARVEST,Isabela,5th District,Quezon,Abut,,,Rice Program,0.00,,0.00,2012,,Rice Program,Project Group: Postharvest and Processing | Project Type: Rice Processing Center | Beneficiary: Epiphany Multipurpose Cooperative
ABEMIS1449,Construction of RPC 1,ABEMIS_POSTHARVEST,Cagayan,2nd District,Claveria,Centro II (Pob.),,,Rice Program,0.00,,0.00,2012,,Rice Program,Project Group: Postharvest and Processing | Project Type: Rice Processing Center | Beneficiary: Communidad Zanjera Educar Credit Cooperative
ABEMIS1450,Construction of RPC 1,ABEMIS_POSTHARVEST,Cagayan,1st District,Lal-lo,,,,Rice Program,0.00,,0.00,2012,,Rice Program,Project Group: Postharvest and Processing | Project Type: Rice Processing Center | Beneficiary: NAGUILAN CHRISTIAN MULTIPURPOSE COOPERATIVE
ABEMIS1451,Construction of RPC 1,ABEMIS_POSTHARVEST,Cagayan,1st District,Aparri,Paruddun Norte,,,Rice Program,0.00,,0.00,2012,,Rice Program,Project Group: Postharvest and Processing | Project Type: Rice Processing Center | Beneficiary: 
ABEMIS1452,Establishment of Greenhouse Facility,ABEMIS_PROTECTED_CULTIVATION,Isabela,5th District,San Manuel,Eden,,,National Organic Agriculture Program,1.00,,584820.81,2019,,National Organic Agriculture Program,Project Group: Protected Cultivation and Nurseries | Project Type: Greenhouse | Beneficiary: RIC Eden
ABEMIS1453,Establishment of Greenhouse Facility,ABEMIS_PROTECTED_CULTIVATION,Cagayan,1st District,Lal-lo,Santa Maria,,,National Organic Agriculture Program,1.00,,584820.81,2019,,National Organic Agriculture Program,Project Group: Protected Cultivation and Nurseries | Project Type: Greenhouse | Beneficiary: RIC Sta. Maria
ABEMIS1454,Construction of Solar-Powered Irrigation Project,ABEMIS_IRRIGATION,Quirino,Quirino,Diffun,Andres Bonifacio (Pob.),,,National Organic Agriculture Program,1.00,,596000.00,2018,,National Organic Agriculture Program,Project Group: Irrigation and Water Systems | Project Type: Solar-Powered Irrigation System | Beneficiary: Abrasa Multi-Purpose Cooperative
ABEMIS1455,Construction of Solar-Powered Irrigation Project,ABEMIS_IRRIGATION,Isabela,5th District,Roxas,Matusalem,,,National Organic Agriculture Program,1.00,,596000.00,2018,,National Organic Agriculture Program,Project Group: Irrigation and Water Systems | Project Type: Solar-Powered Fertigation System (8) | Beneficiary: Isabela State University - Roxas Campus
ABEMIS1456,Construction of Solar-Powered Irrigation Project,ABEMIS_IRRIGATION,Nueva Vizcaya,Nueva Vizcaya,Aritao,Darapidap,,,National Organic Agriculture Program,1.00,,596000.00,2018,,National Organic Agriculture Program,Project Group: Irrigation and Water Systems | Project Type: Solar-Powered Irrigation System | Beneficiary: LGU - Aritao
ABEMIS1457,Construction of Solar-Powered Irrigation Project,ABEMIS_IRRIGATION,Cagayan,1st District,Gonzaga,Flourishing (Pob.),,,National Organic Agriculture Program,1.00,,596000.00,2018,,National Organic Agriculture Program,Project Group: Irrigation and Water Systems | Project Type: Solar-Powered Irrigation System | Beneficiary: Cagayan State University - Gonzaga
ABEMIS1458,Construction of Solar-Powered Irrigation Project,ABEMIS_IRRIGATION,Batanes,Batanes,Sabtang,Chavayan,,,National Organic Agriculture Program,1.00,,549987.50,2018,,National Organic Agriculture Program,Project Group: Irrigation and Water Systems | Project Type: Solar-Powered Irrigation System | Beneficiary: LGU - Sabtang
ABEMIS1459,Establishment of Greenhouse Facility,ABEMIS_PROTECTED_CULTIVATION,Batanes,Batanes,Basco (Capital),Ihubok I (Kaychanarianan),,,National Organic Agriculture Program,1.00,,384068.17,2018,,National Organic Agriculture Program,Project Group: Protected Cultivation and Nurseries | Project Type: Greenhouse | Beneficiary: PLGU - Batanes
ABEMIS1460,Establishment of Greenhouse Facility,ABEMIS_PROTECTED_CULTIVATION,Quirino,Quirino,Maddela,Dipintin,,,National Organic Agriculture Program,1.00,,384068.17,2018,,National Organic Agriculture Program,Project Group: Protected Cultivation and Nurseries | Project Type: Greenhouse | Beneficiary: Quirino State University - Maddela Campus
ABEMIS1461,Establishment of Greenhouse Facility,ABEMIS_PROTECTED_CULTIVATION,Nueva Vizcaya,Nueva Vizcaya,Bayombong (Capital),Don Mariano Marcos,,,National Organic Agriculture Program,1.00,,384068.17,2018,,National Organic Agriculture Program,Project Group: Protected Cultivation and Nurseries | Project Type: Greenhouse | Beneficiary: Nueva Vizcaya State University - Bayombong Campus
ABEMIS1462,Establishment of Greenhouse Facility,ABEMIS_PROTECTED_CULTIVATION,Isabela,6th District,City of Cauayan,Cabaruan,,,National Organic Agriculture Program,1.00,,384068.17,2018,,National Organic Agriculture Program,Project Group: Protected Cultivation and Nurseries | Project Type: Greenhouse | Beneficiary: LGU - Cauayan City
ABEMIS1463,Establishment of Greenhouse Facility,ABEMIS_PROTECTED_CULTIVATION,Cagayan,2nd District,Piat,Baung,,,National Organic Agriculture Program,1.00,,384068.17,2018,,National Organic Agriculture Program,Project Group: Protected Cultivation and Nurseries | Project Type: Greenhouse | Beneficiary: Cagayan State University - Piat Campus
ABEMIS1464,Establishment of Greenhouse Facility,ABEMIS_PROTECTED_CULTIVATION,Nueva Vizcaya,Nueva Vizcaya,Dupax del Norte,Belance,,,National Organic Agriculture Program,1.00,,298085.50,2017,,National Organic Agriculture Program,Project Group: Protected Cultivation and Nurseries | Project Type: Greenhouse | Beneficiary: Saint Joseph Parish Multi-Purpose Cooperative
ABEMIS1465,Establishment of Greenhouse Facility,ABEMIS_PROTECTED_CULTIVATION,Isabela,6th District,Echague,San Fabian,,,National Organic Agriculture Program,1.00,,298085.50,2017,,National Organic Agriculture Program,Project Group: Protected Cultivation and Nurseries | Project Type: Greenhouse | Beneficiary: LGU - Echague
ABEMIS1466,Establishment of Greenhouse Facility,ABEMIS_PROTECTED_CULTIVATION,Cagayan,3rd District,Solana,Centro Northeast (Pob.),,,National Organic Agriculture Program,1.00,,298085.50,2017,,National Organic Agriculture Program,"Project Group: Protected Cultivation and Nurseries | Project Type: Greenhouse | Beneficiary: Green Meadow Development Foundation, Inc."
ABEMIS1467,Establishment of Greenhouse Facility,ABEMIS_PROTECTED_CULTIVATION,Quirino,Quirino,Diffun,Andres Bonifacio (Pob.),,,National Organic Agriculture Program,1.00,,298085.50,2017,,National Organic Agriculture Program,Project Group: Protected Cultivation and Nurseries | Project Type: Greenhouse | Beneficiary: Abrasa Multi-Purpose Cooperative
ABEMIS1468,Establishment of Mushroom House with vermi house and vermi beds,ABEMIS_PROTECTED_CULTIVATION,Quirino,Quirino,Diffun,Luttuad,,,National Organic Agriculture Program,1.00,,297073.32,2016,,National Organic Agriculture Program,Project Group: Protected Cultivation and Nurseries | Project Type: Mushroom Fruiting House | Beneficiary: LGU - Diffun
ABEMIS1469,Establishment of Mushroom House with vermi house and vermi beds,ABEMIS_PROTECTED_CULTIVATION,Batanes,Batanes,Basco (Capital),San Antonio,,,National Organic Agriculture Program,1.00,,969500.00,2016,,National Organic Agriculture Program,Project Group: Protected Cultivation and Nurseries | Project Type: Mushroom Fruiting House | Beneficiary: Batanes State College
ABEMIS1470,Establishment of Greenhouse,ABEMIS_PROTECTED_CULTIVATION,Cagayan,3rd District,Tuao,Culong,,,National Organic Agriculture Program,1.00,,197216.58,2016,,National Organic Agriculture Program,Project Group: Protected Cultivation and Nurseries | Project Type: Greenhouse | Beneficiary: Culung High School
ABEMIS1471,Establishment of Organic Swine and Poultry Housing,ABEMIS_LIVESTOCK,Cagayan,1st District,Lal-lo,Centro (Pob.),,,National Organic Agriculture Program,1.00,,496155.82,2016,,National Organic Agriculture Program,Project Group: Livestock Facilities | Project Type: Swine Housing | Beneficiary: Cagayan State University - Lallo Campus
ABEMIS1472,Establishment of vermi house and vermi beds,ABEMIS_PROTECTED_CULTIVATION,Isabela,3rd District,San Mateo,Marasat Peque?o,,,National Organic Agriculture Program,1.00,,273290.57,2016,,National Organic Agriculture Program,Project Group: Protected Cultivation and Nurseries | Project Type: Vermi-Composting Facilities | Beneficiary: LGU -San Mateo
ABEMIS1473,Establishment of vermi house and vermi beds,ABEMIS_PROTECTED_CULTIVATION,Isabela,5th District,Roxas,Matusalem,,,National Organic Agriculture Program,1.00,,273290.57,2016,,National Organic Agriculture Program,Project Group: Protected Cultivation and Nurseries | Project Type: Vermi-Composting Facilities | Beneficiary: Isabela State University - Roxas Campus
ABEMIS1474,Establishment of vermi house and vermi beds,ABEMIS_PROTECTED_CULTIVATION,Quirino,Quirino,Maddela,Dipintin,,,National Organic Agriculture Program,1.00,,273125.45,2016,,National Organic Agriculture Program,Project Group: Protected Cultivation and Nurseries | Project Type: Vermi-Composting Facilities | Beneficiary: Quirino State University - Maddela Campus
ABEMIS1475,Establishment of vermi house and vermi beds,ABEMIS_PROTECTED_CULTIVATION,Cagayan,1st District,Lal-lo,Santa Maria,,,National Organic Agriculture Program,1.00,,273290.57,2016,,National Organic Agriculture Program,Project Group: Protected Cultivation and Nurseries | Project Type: Vermi-Composting Facilities | Beneficiary: LGU - Lallo
ABEMIS1476,Establishment of vermi house and vermi beds,ABEMIS_PROTECTED_CULTIVATION,Cagayan,2nd District,Claveria,Bilibigao,,,National Organic Agriculture Program,1.00,,273290.57,2016,,National Organic Agriculture Program,Project Group: Protected Cultivation and Nurseries | Project Type: Vermi-Composting Facilities | Beneficiary: LGU - Claveria
ABEMIS1477,Establishment of vermi house and vermi beds,ABEMIS_PROTECTED_CULTIVATION,Isabela,6th District,City of Cauayan,San Francisco,,,National Organic Agriculture Program,1.00,,273290.57,2016,,National Organic Agriculture Program,Project Group: Protected Cultivation and Nurseries | Project Type: Vermi-Composting Facilities | Beneficiary: CLGU - Cauayan City
ABEMIS1478,Establishment of vermi house and vermi beds,ABEMIS_PROTECTED_CULTIVATION,Nueva Vizcaya,Nueva Vizcaya,Bagabag,Villaros,,,National Organic Agriculture Program,1.00,,273125.45,2016,,National Organic Agriculture Program,Project Group: Protected Cultivation and Nurseries | Project Type: Vermi-Composting Facilities | Beneficiary: LGU - Bagabag
ABEMIS1479,Establishment of vermi house and vermi beds,ABEMIS_PROTECTED_CULTIVATION,Nueva Vizcaya,Nueva Vizcaya,Bayombong (Capital),Don Domingo Maddela Pob. (District I),,,National Organic Agriculture Program,1.00,,273125.45,2016,,National Organic Agriculture Program,Project Group: Protected Cultivation and Nurseries | Project Type: Vermi-Composting Facilities | Beneficiary: Nueva Vizcaya State University - Bayombong Campus
ABEMIS1480,Establishment of vermi house and vermi beds,ABEMIS_PROTECTED_CULTIVATION,Quirino,Quirino,Diffun,Andres Bonifacio (Pob.),,,National Organic Agriculture Program,1.00,,273125.45,2016,,National Organic Agriculture Program,Project Group: Protected Cultivation and Nurseries | Project Type: Vermi-Composting Facilities | Beneficiary: Quirino State University - Diffun Campus
ABEMIS1481,Establishment of vermi house and vermi beds,ABEMIS_PROTECTED_CULTIVATION,Quirino,Quirino,Maddela,Dipintin,,,National Organic Agriculture Program,1.00,,200000.00,2015,,National Organic Agriculture Program,Project Group: Protected Cultivation and Nurseries | Project Type: Vermi-Composting Facilities | Beneficiary: Quirino State University - Maddela Campus
ABEMIS1482,Establishment of vermi house and vermi beds,ABEMIS_PROTECTED_CULTIVATION,Cagayan,1st District,Gonzaga,Baua,,,National Organic Agriculture Program,1.00,,200000.00,2015,,National Organic Agriculture Program,Project Group: Protected Cultivation and Nurseries | Project Type: Vermi-Composting Facilities | Beneficiary: Baua National Agricultural School
ABEMIS1483,Establishment of vermi house and vermi beds,ABEMIS_PROTECTED_CULTIVATION,Cagayan,2nd District,Abulug,Lucban,,,National Organic Agriculture Program,1.00,,200000.00,2015,,National Organic Agriculture Program,Project Group: Protected Cultivation and Nurseries | Project Type: Vermi-Composting Facilities | Beneficiary: Abulug National Rural Vocational School
ABEMIS1484,DUNGEG DD REHAB,ABEMIS_IRRIGATION,Cagayan,1st District,Santa Ana,Dungeg,,,Rice Program,1.00,,3314943.90,2017,,Rice Program,Project Group: Irrigation and Water Systems | Project Type: Diversion Dam | Beneficiary: DUNGEG DD FARMER BENEFICIARIES
ABEMIS1485,SAN VICENTE SWIP REHAB,ABEMIS_IRRIGATION,Cagayan,1st District,Gattaran,San Vicente,,,Rice Program,1.00,,3891482.07,2016,,Rice Program,Project Group: Irrigation and Water Systems | Project Type: Small Water Impounding Project | Beneficiary: SAN VICENTE Small Water Irrigation System Association
ABEMIS1486,CONSTRUCTION OF COFFEE SHOP,ABEMIS_POSTHARVEST,Quirino,Quirino,Cabarroguis (Capital),San Marcos,,,High Value Crop Development Program,1.00,,995888.00,2018,,High Value Crop Development Program,Project Group: Postharvest and Processing | Project Type: Coffee Processing Center | Beneficiary: QUIRINO LIVELIHOOD FOR EVERYONE
ABEMIS1487,CONSTRUCTION OF COFFEE PROCESSING FACILITY,ABEMIS_POSTHARVEST,Quirino,Quirino,Diffun,Andres Bonifacio (Pob.),,,High Value Crop Development Program,1.00,,3405956.31,2018,,High Value Crop Development Program,Project Group: Postharvest and Processing | Project Type: Coffee Processing Center | Beneficiary: DIFFUN SARANAY DEVELOPMENT COOPERATIVE
ABEMIS1488,CONSTRUCTION OF COFFEE PROCESSING FACILITY,ABEMIS_POSTHARVEST,Quirino,Quirino,Cabarroguis (Capital),Dibibi,,,High Value Crop Development Program,1.00,,995555.00,2018,,High Value Crop Development Program,Project Group: Postharvest and Processing | Project Type: Coffee Processing Center | Beneficiary: DIBIBI COFFEE FARMERS COOPERATIVE
ABEMIS1489,Installation of Baan Spring Development IrriProject,ABEMIS_IRRIGATION,Nueva Vizcaya,Nueva Vizcaya,Kayapa,Baan,,,High Value Crop Development Program,1.00,,398645.00,2020,,High Value Crop Development Program,Project Group: Irrigation and Water Systems | Project Type: Spring Development | Beneficiary: Baan Rural Finance for Development Incorporation
ABEMIS1490,Concreting of Brgy. Dagupan - Brgy. Sto. Tomas FMR,ABEMIS_FMR,Isabela,3rd District,Alicia,Dagupan,,,Farm to Market Road Development Program,2.52,,14849997.45,2018,,Farm to Market Road Development Program,Project Group: Farm-to-Market Roads | Project Type: Farm-to-Market Road | Beneficiary: 
ABEMIS1491,VILLA CORAZON SWIP,ABEMIS_IRRIGATION,Isabela,5th District,Mallig,Manano,,,Rice Program,1.00,,8877702.22,2017,,Rice Program,Project Group: Irrigation and Water Systems | Project Type: Small Water Impounding Project | Beneficiary: BRGY. MANANO FARMER BENEFICIARIES
ABEMIS1492,"Concreting of Prk Kalaw, Sawmill FMR",ABEMIS_FMR,Nueva Vizcaya,Nueva Vizcaya,Villaverde,,,,Farm to Market Road Development Program,0.30,,1908500.00,2015,,Farm to Market Road Development Program,Project Group: Farm-to-Market Roads | Project Type: Farm-to-Market Road | Beneficiary: 
ABEMIS1493,Carilucud-Bantay FMR,ABEMIS_FMR,Cagayan,3rd District,Solana,Carilucud,,,Farm to Market Road Development Program,0.43,,2984900.00,2015,,Farm to Market Road Development Program,Project Group: Farm-to-Market Roads | Project Type: Farm-to-Market Road | Beneficiary: 
ABEMIS1494,CUNTAPAY SWIP,ABEMIS_IRRIGATION,Isabela,5th District,Mallig,Trinidad,,,Rice Program,1.00,,9841632.91,2019,,Rice Program,Project Group: Irrigation and Water Systems | Project Type: Small Water Impounding Project | Beneficiary: TRINIDAD FARMERS
ABEMIS1495,BERIBIR DD,ABEMIS_IRRIGATION,Nueva Vizcaya,Nueva Vizcaya,Dupax del Norte,Inaban,,,Rice Program,1.00,,3075743.43,2016,,Rice Program,Project Group: Irrigation and Water Systems | Project Type: Diversion Dam | Beneficiary: BERIBIR Small Water Irrigation System Association
ABEMIS1496,Concreting Brgy. Bonifacio FMR,ABEMIS_FMR,Isabela,3rd District,Angadanan,Bonifacio,,,Farm to Market Road Development Program,0.89,,5939995.86,2018,,Farm to Market Road Development Program,Project Group: Farm-to-Market Roads | Project Type: Farm-to-Market Road | Beneficiary: 
ABEMIS1497,MANICAG DD,ABEMIS_IRRIGATION,Nueva Vizcaya,Nueva Vizcaya,Kasibu,Watwat,,,Rice Program,1.00,,1662762.66,2016,,Rice Program,"Project Group: Irrigation and Water Systems | Project Type: Diversion Dam | Beneficiary: RICE FARMERS OF BRGY. WATWAT, KASIBU, NUEVA VIZCAYA"
ABEMIS1498,Concreting of Villa Reyno-Apayao FMR,ABEMIS_FMR,Cagayan,2nd District,Piat,Villa Reyno,,,Farm to Market Road Development Program,0.38,,1950000.00,2015,,Farm to Market Road Development Program,Project Group: Farm-to-Market Roads | Project Type: Farm-to-Market Road | Beneficiary: 
ABEMIS1499,BULAGAO DD REHAB,ABEMIS_IRRIGATION,Cagayan,3rd District,Tuao,Balagao,,,Rice Program,1.00,,6203042.50,2015,,Rice Program,Project Group: Irrigation and Water Systems | Project Type: Diversion Dam | Beneficiary: BULAGAO RICE FARMERS
ABEMIS1500,LIPIT SWIP,ABEMIS_IRRIGATION,Isabela,5th District,Mallig,Trinidad,,,Rice Program,1.00,,13348365.96,2017,,Rice Program,Project Group: Irrigation and Water Systems | Project Type: Small Water Impounding Project | Beneficiary: LIPIT SWIP FARMER BENEFICIARIES
ABEMIS1501,AURORA DD,ABEMIS_IRRIGATION,Nueva Vizcaya,Nueva Vizcaya,Quezon,Aurora,,,Rice Program,1.00,,3776571.59,2016,,Rice Program,"Project Group: Irrigation and Water Systems | Project Type: Diversion Dam | Beneficiary: RICE FARMERS OF BRGY. AURORA, QUEZON, NUEVA VIZCAYA"
ABEMIS1502,Concreting of Dungao-Matalao-Sitio Nito FMR,ABEMIS_FMR,Cagayan,2nd District,Santo Ni?o (Faire),Dungao,,,Farm to Market Road Development Program,0.63,,3980000.00,2014,,Farm to Market Road Development Program,Project Group: Farm-to-Market Roads | Project Type: Farm-to-Market Road | Beneficiary: 
ABEMIS1503,BALUGAN SWIP,ABEMIS_IRRIGATION,Cagayan,1st District,Gattaran,Palagao Sur,,,Rice Program,1.00,,27959835.90,2016,,Rice Program,Project Group: Irrigation and Water Systems | Project Type: Small Water Impounding Project | Beneficiary: BALUGAN Small Water Irrigation System Association
ABEMIS1504,COFCAVILLE SWIP II,ABEMIS_IRRIGATION,Quirino,Quirino,Maddela,Cofcaville,,,Rice Program,1.00,,10927213.89,2016,,Rice Program,Project Group: Irrigation and Water Systems | Project Type: Small Water Impounding Project | Beneficiary: SANCOF Small Water Irrigation System Association
ABEMIS1505,"Concreting of Sitio Estampa, Brgy. Capirpiriwan FMR",ABEMIS_FMR,Isabela,4th District,Cordon,Capirpiriwan,,,Farm to Market Road Development Program,0.51,,4975000.00,2018,,Farm to Market Road Development Program,Project Group: Farm-to-Market Roads | Project Type: Farm-to-Market Road | Beneficiary: 
ABEMIS1506,Concreting of Purok 2 - Purok 1 Brgy. Pao FMR,ABEMIS_FMR,Nueva Vizcaya,Nueva Vizcaya,Kasibu,Pao,,,Farm to Market Road Development Program,0.48,,0.00,2018,,Farm to Market Road Development Program,Project Group: Farm-to-Market Roads | Project Type: Farm-to-Market Road | Beneficiary: 
ABEMIS1507,"Concreting of Brgy. Calog Norte FMR, Brgy. Calog Norte, Abulug, Cagayan",ABEMIS_FMR,Cagayan,2nd District,Abulug,Calog Norte,,,Farm to Market Road Development Program,0.64,,4975000.00,2018,,Farm to Market Road Development Program,Project Group: Farm-to-Market Roads | Project Type: Farm-to-Market Road | Beneficiary: 
ABEMIS1508,GUMIRAN SWIP,ABEMIS_IRRIGATION,Isabela,1st District,Delfin Albano (Magsaysay),Carmencita,,,Rice Program,1.00,,20592000.00,2015,,Rice Program,Project Group: Irrigation and Water Systems | Project Type: Small Water Impounding Project | Beneficiary: CARMENCITA RICE FARMERS
ABEMIS1509,"Concreting of Brgy. Fugu - Brgy. Payagan East FMR, Brgy. Fugu and Brgy. Payagan East, Ballesteros, Cagayan",ABEMIS_FMR,Cagayan,2nd District,Ballesteros,Fugu;Payagan East,,,Farm to Market Road Development Program,0.53,,4975000.00,2018,,Farm to Market Road Development Program,Project Group: Farm-to-Market Roads | Project Type: Farm-to-Market Road | Beneficiary: 
ABEMIS1510,PAG-ASA DD,ABEMIS_IRRIGATION,Nueva Vizcaya,Nueva Vizcaya,Dupax del Norte,Belance,,,Rice Program,1.00,,2618280.23,2019,,Rice Program,Project Group: Irrigation and Water Systems | Project Type: Diversion Dam | Beneficiary: BELANCE FARMERS
ABEMIS1511,Construction of Lucban SPIS Project,ABEMIS_IRRIGATION,Isabela,2nd District,Benito Soliven,Lucban,,,Rice Program,1.00,,5628670.00,2019,,Rice Program,Project Group: Irrigation and Water Systems | Project Type: Solar-Powered Irrigation System | Beneficiary: Lucban Small Water Irrigation System Association
ABEMIS1512,Construction of Masical SPIS Project,ABEMIS_IRRIGATION,Cagayan,1st District,Baggao,Masical,,,Rice Program,1.00,,5628828.42,2019,,Rice Program,Project Group: Irrigation and Water Systems | Project Type: Solar-Powered Irrigation System | Beneficiary: 
ABEMIS1513,"Concreting of Brgy. Baculud - Brgy. San Esteban FMR, Brgy. Baculud and Brgy. San Esteban, Iguig, Cagayan",ABEMIS_FMR,Cagayan,3rd District,Iguig,Baculud;San Esteban (Capitan),,,Farm to Market Road Development Program,0.60,,4975000.00,2018,,Farm to Market Road Development Program,Project Group: Farm-to-Market Roads | Project Type: Farm-to-Market Road | Beneficiary: 
ABEMIS1514,TALLAG SWIP,ABEMIS_IRRIGATION,Isabela,1st District,Cabagan,Tallag,,,Rice Program,1.00,,9125927.27,2015,,Rice Program,Project Group: Irrigation and Water Systems | Project Type: Small Water Impounding Project | Beneficiary: TALLAG RICE FARMERS
ABEMIS1515,CATURIT SWIP,ABEMIS_IRRIGATION,Isabela,5th District,Quezon,Minagbag,,,Rice Program,1.00,,16981153.69,2017,,Rice Program,Project Group: Irrigation and Water Systems | Project Type: Small Water Impounding Project | Beneficiary: CATURIT SWIP FARMER BENEFICIARIES
ABEMIS1516,"Concreting of Naxurod-Chinapaswan FMR, Brgy. Sta. Lucia, Itbayat, Batanes",ABEMIS_FMR,Batanes,Batanes,Itbayat,Santa Lucia (Kauhauhasan),,,Farm to Market Road Development Program,0.40,,3514300.00,2015,,Farm to Market Road Development Program,Project Group: Farm-to-Market Roads | Project Type: Farm-to-Market Road | Beneficiary: 
ABEMIS1517,"Concreting of Sitio Masin, Brgy. Iraga FMR, Brgy. Iraga, Solana, Cagayan",ABEMIS_FMR,Cagayan,3rd District,Solana,Iraga,,,Farm to Market Road Development Program,0.65,,4975000.00,2018,,Farm to Market Road Development Program,Project Group: Farm-to-Market Roads | Project Type: Farm-to-Market Road | Beneficiary: 
ABEMIS1518,CASICALLAN SWIP REHAB,ABEMIS_IRRIGATION,Cagayan,1st District,Gattaran,Casicallan Norte,,,Rice Program,1.00,,4108443.37,2016,,Rice Program,Project Group: Irrigation and Water Systems | Project Type: Small Water Impounding Project | Beneficiary: CASICALLAN Small Water Irrigation System Association
ABEMIS1519,NAGATUTUAN SWIP REHAB,ABEMIS_IRRIGATION,Cagayan,1st District,Gattaran,Nagatutuan,,,Rice Program,1.00,,1767955.22,2016,,Rice Program,Project Group: Irrigation and Water Systems | Project Type: Small Water Impounding Project | Beneficiary: NAGATUTUAN Small Water Irrigation System Association
ABEMIS1520,"Concreting of Brgy. Bical FMR, Brgy. Bical, Peñablanca, Cagayan",ABEMIS_FMR,Cagayan,3rd District,Pe?ablanca,Bical,,,Farm to Market Road Development Program,0.50,,4975000.00,2018,,Farm to Market Road Development Program,Project Group: Farm-to-Market Roads | Project Type: Farm-to-Market Road | Beneficiary: 
ABEMIS1521,PINATUBO II SWIP,ABEMIS_IRRIGATION,Isabela,5th District,Mallig,Manano,,,Rice Program,1.00,,13246315.75,2015,,Rice Program,Project Group: Irrigation and Water Systems | Project Type: Small Water Impounding Project | Beneficiary: MANANO RICE FARMERS
ABEMIS1522,Concreting of Maguilling FMR,ABEMIS_FMR,Cagayan,2nd District,Piat,Santa Barbara,,,Farm to Market Road Development Program,0.32,,1930500.00,2015,,Farm to Market Road Development Program,Project Group: Farm-to-Market Roads | Project Type: Farm-to-Market Road | Beneficiary: 
ABEMIS1523,Concreting of Soriano St. Poblacion FMR,ABEMIS_FMR,Nueva Vizcaya,Nueva Vizcaya,Villaverde,Poblacion (Turod),,,Farm to Market Road Development Program,0.42,,1990000.00,2014,,Farm to Market Road Development Program,Project Group: Farm-to-Market Roads | Project Type: Farm-to-Market Road | Beneficiary: 
ABEMIS1524,"Concreting of Sitio Cannagan, Brgy. Divisoria FMR, Brgy. Divisoria, Enrile, Cagayan",ABEMIS_FMR,Cagayan,3rd District,Enrile,Divisoria,,,Farm to Market Road Development Program,0.88,,6965000.00,2018,,Farm to Market Road Development Program,Project Group: Farm-to-Market Roads | Project Type: Farm-to-Market Road | Beneficiary: 
ABEMIS1525,PATUNUNGAN DD REHAB,ABEMIS_IRRIGATION,Cagayan,1st District,Santa Ana,Patunungan,,,Rice Program,1.00,,2890460.81,2016,,Rice Program,Project Group: Irrigation and Water Systems | Project Type: Diversion Dam | Beneficiary: PATUNUNGAN Small Water Irrigation System Association
ABEMIS1526,Concreting of Brgy. Nannarian Zone 3 and 4 FMR,ABEMIS_FMR,Cagayan,3rd District,Pe?ablanca,Nannarian,,,Farm to Market Road Development Program,0.39,,1989600.00,2015,,Farm to Market Road Development Program,Project Group: Farm-to-Market Roads | Project Type: Farm-to-Market Road | Beneficiary: 
ABEMIS1527,Concreting of Brgy. Rang-ay FMR,ABEMIS_FMR,Isabela,3rd District,Cabatuan,Rang-ay (Caggong),,,Farm to Market Road Development Program,0.64,,4949981.04,2018,,Farm to Market Road Development Program,Project Group: Farm-to-Market Roads | Project Type: Farm-to-Market Road | Beneficiary: 
ABEMIS1528,MANGGA SWIP REHAB.,ABEMIS_IRRIGATION,Isabela,5th District,Quezon,Mangga,,,Rice Program,1.00,,4517316.35,2017,,Rice Program,Project Group: Irrigation and Water Systems | Project Type: Small Water Impounding Project | Beneficiary: BRGY. MANGGA FARMER BENEFICIARIES
ABEMIS1529,Lannig-Cadaanan FMR,ABEMIS_FMR,Cagayan,3rd District,Solana,Lannig,,,Farm to Market Road Development Program,0.34,,4974500.00,2015,,Farm to Market Road Development Program,Project Group: Farm-to-Market Roads | Project Type: Farm-to-Market Road | Beneficiary: 
ABEMIS1530,MANANO SWIP REHAB,ABEMIS_IRRIGATION,Isabela,5th District,Mallig,Manano,,,Rice Program,1.00,,4805207.27,2015,,Rice Program,Project Group: Irrigation and Water Systems | Project Type: Small Water Impounding Project | Beneficiary: MANANO RICE FARMERS
ABEMIS1531,Concreting of Apayao FMR,ABEMIS_FMR,Cagayan,2nd District,Piat,Poblacion II,,,Farm to Market Road Development Program,0.69,,3980000.00,2014,,Farm to Market Road Development Program,Project Group: Farm-to-Market Roads | Project Type: Farm-to-Market Road | Beneficiary: 
ABEMIS1532,BADANG DD,ABEMIS_IRRIGATION,Cagayan,1st District,Gonzaga,Pateng,,,Rice Program,1.00,,592899.04,2019,,Rice Program,Project Group: Irrigation and Water Systems | Project Type: Diversion Dam | Beneficiary: BRGY PATENG FARMERS
ABEMIS1533,Concreting of Brgy. Manalo - Brgy. Magogod FMR,ABEMIS_FMR,Cagayan,3rd District,Amulung,Manalo,,,Farm to Market Road Development Program,0.62,,4931965.00,2015,,Farm to Market Road Development Program,Project Group: Farm-to-Market Roads | Project Type: Farm-to-Market Road | Beneficiary: 
ABEMIS1534,VILLA CONCEPTION SWIP,ABEMIS_IRRIGATION,Isabela,6th District,City of Cauayan,Villa Concepcion,,,Rice Program,1.00,,11400000.00,2015,,Rice Program,Project Group: Irrigation and Water Systems | Project Type: Small Water Impounding Project | Beneficiary: VILLA CONCEPTION RICE FARMERS
ABEMIS1535,Concreting of Brgy. Rang-Ayan - Brgy. Aguinaldo FMR,ABEMIS_FMR,Isabela,2nd District,Naguilian,Rangayan,,,Farm to Market Road Development Program,0.81,,4975000.00,2018,,Farm to Market Road Development Program,Project Group: Farm-to-Market Roads | Project Type: Farm-to-Market Road | Beneficiary: 
ABEMIS1536,GOBIERNO CIS,ABEMIS_IRRIGATION,Cagayan,1st District,Gonzaga,Santa Clara,,,Rice Program,1.00,,20387761.33,2016,,Rice Program,Project Group: Irrigation and Water Systems | Project Type: Diversion Dam | Beneficiary: BATIKANO Small Water Irrigation System Association
ABEMIS1537,CAMP BELLO SWIP,ABEMIS_IRRIGATION,Isabela,4th District,Jones,Santo Domingo,,,Rice Program,1.00,,10242592.06,2015,,Rice Program,Project Group: Irrigation and Water Systems | Project Type: Small Water Impounding Project | Beneficiary: STO. DOMINGO RICE FARMERS
ABEMIS1538,MAPALAD SWIP REHAB,ABEMIS_IRRIGATION,Isabela,4th District,San Agustin,Mapalad,,,Rice Program,1.00,,4583750.00,2015,,Rice Program,Project Group: Irrigation and Water Systems | Project Type: Small Water Impounding Project | Beneficiary: MAPALAD RICE FARMERS
ABEMIS1539,"Concreting of San Antonio - Brgy. Dullao FMR, Brgy. Dullao, Bambang, Nueva Vizcaya",ABEMIS_FMR,Nueva Vizcaya,Nueva Vizcaya,Bambang,,,,Farm to Market Road Development Program,0.60,,4975000.00,2018,,Farm to Market Road Development Program,Project Group: Farm-to-Market Roads | Project Type: Farm-to-Market Road | Beneficiary: 
ABEMIS1540,Concreting of Sto. Domingo FMR,ABEMIS_FMR,Cagayan,2nd District,Piat,Santo Domingo,,,Farm to Market Road Development Program,0.21,,1950000.00,2015,,Farm to Market Road Development Program,Project Group: Farm-to-Market Roads | Project Type: Farm-to-Market Road | Beneficiary: 
ABEMIS1541,Concreting of Sitio Sawmill FMR,ABEMIS_FMR,Nueva Vizcaya,Nueva Vizcaya,Bambang,Mabuslo,,,Farm to Market Road Development Program,0.37,,1930000.00,2014,,Farm to Market Road Development Program,Project Group: Farm-to-Market Roads | Project Type: Farm-to-Market Road | Beneficiary: 
ABEMIS1542,"Concreting of Brgy. Buenavista FMR, Brgy. Buenavista, Maddela, Quirino",ABEMIS_FMR,Quirino,Quirino,Maddela,Buenavista,,,Farm to Market Road Development Program,0.70,,0.00,2018,,Farm to Market Road Development Program,Project Group: Farm-to-Market Roads | Project Type: Farm-to-Market Road | Beneficiary: 
ABEMIS1543,LINOMOT SWIP,ABEMIS_IRRIGATION,Isabela,4th District,Jones,Linomot,,,Rice Program,1.00,,4125375.00,2015,,Rice Program,Project Group: Irrigation and Water Systems | Project Type: Small Water Impounding Project | Beneficiary: LINOMOT RICE FARMERS
ABEMIS1544,Mangabngaban FMR,ABEMIS_FMR,Quirino,Quirino,Aglipay,Nagabgaban,,,Farm to Market Road Development Program,0.40,,1989500.00,2015,,Farm to Market Road Development Program,Project Group: Farm-to-Market Roads | Project Type: Farm-to-Market Road | Beneficiary: 
ABEMIS1545,MALASIN SWIP REHAB,ABEMIS_IRRIGATION,Nueva Vizcaya,Nueva Vizcaya,Dupax del Norte,Malasin (Pob.),,,Rice Program,1.00,,3227398.58,2016,,Rice Program,Project Group: Irrigation and Water Systems | Project Type: Small Water Impounding Project | Beneficiary: BRGY. MALASIN FARMER BENEFICIARIES
ABEMIS1546,Concreting of Brgy. Parabba FMR,ABEMIS_FMR,Cagayan,3rd District,Pe?ablanca,Parabba,,,Farm to Market Road Development Program,0.45,,1990000.00,2015,,Farm to Market Road Development Program,Project Group: Farm-to-Market Roads | Project Type: Farm-to-Market Road | Beneficiary: 
ABEMIS1547,Dibibi-Dingasan FMR,ABEMIS_FMR,Quirino,Quirino,Cabarroguis (Capital),Dibibi,,,Farm to Market Road Development Program,2.20,,19500000.00,2014,,Farm to Market Road Development Program,Project Group: Farm-to-Market Roads | Project Type: Farm-to-Market Road | Beneficiary: 
ABEMIS1548,STA. ISABEL SWIP REHAB,ABEMIS_IRRIGATION,Cagayan,1st District,Buguey,Santa Isabel,,,Rice Program,1.00,,4819922.42,2016,,Rice Program,Project Group: Irrigation and Water Systems | Project Type: Small Water Impounding Project | Beneficiary: STA. ISABEL Small Water Irrigation System Association
ABEMIS1549,CABANAYAN SWIP REHAB,ABEMIS_IRRIGATION,Isabela,5th District,Roxas,Simimbaan,,,Rice Program,1.00,,4965303.97,2017,,Rice Program,Project Group: Irrigation and Water Systems | Project Type: Small Water Impounding Project | Beneficiary: BRGY. SIMIMBAAN FARMER BENEFICIARIES
ABEMIS1550,LALAFUGAN SWIP REHAB,ABEMIS_IRRIGATION,Cagayan,1st District,Lal-lo,Lalafugan,,,Rice Program,1.00,,1442761.69,2016,,Rice Program,Project Group: Irrigation and Water Systems | Project Type: Small Water Impounding Project | Beneficiary: LALAFUGAN Small Water Irrigation System Association
ABEMIS1551,DIBULUAN SWIP,ABEMIS_IRRIGATION,Isabela,4th District,Jones,Dibuluan,,,Rice Program,1.00,,4583750.00,2015,,Rice Program,Project Group: Irrigation and Water Systems | Project Type: Small Water Impounding Project | Beneficiary: DIBULUAN RICE FARMERS
ABEMIS1552,BALETE SWIP REHAB,ABEMIS_IRRIGATION,Nueva Vizcaya,Nueva Vizcaya,Diadi,Balete,,,Rice Program,1.00,,5277037.20,2016,,Rice Program,Project Group: Irrigation and Water Systems | Project Type: Small Water Impounding Project | Beneficiary: BRGY. BALETE FARMER BENEFICIARIES
ABEMIS1553,"Concreting of Sitio Baguingey, Commonal FMR",ABEMIS_FMR,Nueva Vizcaya,Nueva Vizcaya,Solano,Communal,,,Farm to Market Road Development Program,0.39,,1990000.00,2015,,Farm to Market Road Development Program,Project Group: Farm-to-Market Roads | Project Type: Farm-to-Market Road | Beneficiary: 
ABEMIS1554,DAMMANG SWIP REHAB,ABEMIS_IRRIGATION,Cagayan,1st District,Camalaniugan,Dammang Norte (Joaquin de la Cruz),,,Rice Program,1.00,,5301300.00,2016,,Rice Program,Project Group: Irrigation and Water Systems | Project Type: Small Water Impounding Project | Beneficiary: DAMMANG Small Water Irrigation System Association
ABEMIS1555,Lannig-Cadaanan FMR,ABEMIS_FMR,Cagayan,3rd District,Tuao,,,,Farm to Market Road Development Program,0.34,,4974500.00,2015,,Farm to Market Road Development Program,Project Group: Farm-to-Market Roads | Project Type: Farm-to-Market Road | Beneficiary: 
ABEMIS1556,IMPROVEMENT OF MAGSAYSAY SWIP,ABEMIS_IRRIGATION,Cagayan,2nd District,Lasam,Magsaysay,,,Rice Program,1.00,,3959062.57,2019,,Rice Program,Project Group: Irrigation and Water Systems | Project Type: Small Water Impounding Project | Beneficiary: BRGY MAGSAYSAY FARMERS
ABEMIS1557,TAPEL I DD REHAB,ABEMIS_IRRIGATION,Cagayan,1st District,Gonzaga,Tapel,,,Rice Program,1.00,,1445938.00,2016,,Rice Program,Project Group: Irrigation and Water Systems | Project Type: Diversion Dam | Beneficiary: TAPEL DAM I Small Water Irrigation System Association
ABEMIS1558,"Concreting of Dassun-Malacabibi, Solana-Agguirit FMR",ABEMIS_FMR,Cagayan,3rd District,Solana,Dassun,,,Farm to Market Road Development Program,1.23,,9950000.00,2014,,Farm to Market Road Development Program,Project Group: Farm-to-Market Roads | Project Type: Farm-to-Market Road | Beneficiary: 
ABEMIS1559,Concreting of Purok 4 Brgy. Pallas FMR,ABEMIS_FMR,Nueva Vizcaya,Nueva Vizcaya,Bambang,Pallas,,,Farm to Market Road Development Program,0.38,,1990000.00,2015,,Farm to Market Road Development Program,Project Group: Farm-to-Market Roads | Project Type: Farm-to-Market Road | Beneficiary: 
ABEMIS1560,"Concreting of Brgy. Abbag FMR, Brgy. Abbag, Maddela, Quirino",ABEMIS_FMR,Quirino,Quirino,Maddela,Abbag,,,Farm to Market Road Development Program,0.70,,0.00,2018,,Farm to Market Road Development Program,Project Group: Farm-to-Market Roads | Project Type: Farm-to-Market Road | Beneficiary: 
ABEMIS1561,ABULAN SWIP,ABEMIS_IRRIGATION,Isabela,4th District,Jones,Abulan,,,Rice Program,1.00,,1375125.00,2015,,Rice Program,Project Group: Irrigation and Water Systems | Project Type: Small Water Impounding Project | Beneficiary: Abulan Small Water Irrigation System Association Incorporated
ABEMIS1562,KIRANG SWIP REHAB,ABEMIS_IRRIGATION,Nueva Vizcaya,Nueva Vizcaya,Aritao,Kirang,,,Rice Program,1.00,,947580.35,2016,,Rice Program,Project Group: Irrigation and Water Systems | Project Type: Small Water Impounding Project | Beneficiary: BRGY KIRANG FARMER BENEFICIARIES
ABEMIS1563,KAKILINGAN SWIP,ABEMIS_IRRIGATION,Isabela,4th District,Cordon,Caquilingan (San Luis),,,Rice Program,1.00,,1631815.00,2015,,Rice Program,Project Group: Irrigation and Water Systems | Project Type: Small Water Impounding Project | Beneficiary: KAKILINGAN RICE FARMERS
ABEMIS1564,TAPEL II DD REHAB,ABEMIS_IRRIGATION,Cagayan,1st District,Gonzaga,Tapel,,,Rice Program,1.00,,1440234.89,2016,,Rice Program,Project Group: Irrigation and Water Systems | Project Type: Diversion Dam | Beneficiary: TAPEL Small Water Irrigation System Association
ABEMIS1565,"Concreting of Lazo- Diamond, Bintiwan FMR",ABEMIS_FMR,Nueva Vizcaya,Nueva Vizcaya,Villaverde,Bintawan Norte,,,Farm to Market Road Development Program,0.39,,1990000.00,2014,,Farm to Market Road Development Program,Project Group: Farm-to-Market Roads | Project Type: Farm-to-Market Road | Beneficiary: 
ABEMIS1566,San Leonardo FMR,ABEMIS_FMR,Quirino,Quirino,Aglipay,San Leonardo (Cabarroguis),,,Farm to Market Road Development Program,0.60,,4974400.00,2015,,Farm to Market Road Development Program,Project Group: Farm-to-Market Roads | Project Type: Farm-to-Market Road | Beneficiary: 
ABEMIS1567,DARAPIDAP SWIP REHAB,ABEMIS_IRRIGATION,Nueva Vizcaya,Nueva Vizcaya,Aritao,Darapidap,,,Rice Program,1.00,,2673817.59,2016,,Rice Program,Project Group: Irrigation and Water Systems | Project Type: Small Water Impounding Project | Beneficiary: BRGY. DARAPIDAP FARMER BENEFICIARIES
ABEMIS1568,Construction of Paniki SPIS Project,ABEMIS_IRRIGATION,Nueva Vizcaya,Nueva Vizcaya,Bagabag,Paniki,,,Corn Program,1.00,,5752921.00,2018,,Corn Program,Project Group: Irrigation and Water Systems | Project Type: Solar-Powered Irrigation System | Beneficiary: Paniki Small Water Irrigation System Association
ABEMIS1569,BALETE SARANAY DD REHAB,ABEMIS_IRRIGATION,Cagayan,1st District,Gonzaga,Tapel,,,Rice Program,1.00,,490637.14,2016,,Rice Program,"Project Group: Irrigation and Water Systems | Project Type: Diversion Dam | Beneficiary: RICE FARMER BENEFICIARIES OF BRGY. TAPEL, GONZAGA, CAGAYAN"
ABEMIS1570,ANONANG SWIP,ABEMIS_IRRIGATION,Isabela,4th District,Cordon,Anonang (Balitoc*),,,Rice Program,1.00,,2585235.00,2015,,Rice Program,Project Group: Irrigation and Water Systems | Project Type: Small Water Impounding Project | Beneficiary: Anonang Small Water Irrigation System Association Incorporated
ABEMIS1571,SAN JUAN DD REHAB,ABEMIS_IRRIGATION,Nueva Vizcaya,Nueva Vizcaya,Solano,San Juan,,,Rice Program,1.00,,961942.67,2016,,Rice Program,Project Group: Irrigation and Water Systems | Project Type: Diversion Dam | Beneficiary: BRGY. SAN JUAN FARMER BENEFICIARIES
ABEMIS1572,"Concreting of Brgy. Mozzozzin to Brgy. Buenavista FMR, Brgy. Mozzozzin and Brgy. Buenavista, Santa Maria, Isabela",ABEMIS_FMR,Isabela,1st District,Santa Maria,Mozzozzin Sur,,,Farm to Market Road Development Program,1.50,,5970000.00,2015,,Farm to Market Road Development Program,Project Group: Farm-to-Market Roads | Project Type: Farm-to-Market Road | Beneficiary: 
ABEMIS1573,Construction of San Ignacio SPIS Project,ABEMIS_IRRIGATION,Isabela,1st District,Ilagan City (Capital),San Ignacio (Canapi),,,Corn Program,1.00,,5778627.87,2018,,Corn Program,Project Group: Irrigation and Water Systems | Project Type: Solar-Powered Irrigation System | Beneficiary: San Ignacio Canapi Small Water Irrigation System Association
ABEMIS1574,SISIM SWIP,ABEMIS_IRRIGATION,Isabela,4th District,City of Santiago,Sagana,,,Rice Program,1.00,,2031913.71,2015,,Rice Program,Project Group: Irrigation and Water Systems | Project Type: Small Water Impounding Project | Beneficiary: SAGANA RICE FARMERS
ABEMIS1575,NALUBBUNAN DD REHAB,ABEMIS_IRRIGATION,Nueva Vizcaya,Nueva Vizcaya,Quezon,Nalubbunan,,,Rice Program,1.00,,956464.77,2016,,Rice Program,Project Group: Irrigation and Water Systems | Project Type: Diversion Dam | Beneficiary: BRGY. NALUBBUNAN FARMER BENEFICIARIES
ABEMIS1576,"Concreting of Danyaya-Puspos, Poblacion FMR",ABEMIS_FMR,Nueva Vizcaya,Nueva Vizcaya,Ambaguio,Poblacion,,,Farm to Market Road Development Program,0.24,,1990000.00,2015,,Farm to Market Road Development Program,Project Group: Farm-to-Market Roads | Project Type: Farm-to-Market Road | Beneficiary: 
ABEMIS1577,Construction of Ilagan SPIS Project,ABEMIS_IRRIGATION,Isabela,1st District,Ilagan City (Capital),San Felipe,,,Corn Program,1.00,,5789593.65,2018,,Corn Program,Project Group: Irrigation and Water Systems | Project Type: Solar-Powered Irrigation System | Beneficiary: DA - Research Outreach Station
ABEMIS1578,ULONG-ULONG SWIP,ABEMIS_IRRIGATION,Nueva Vizcaya,Nueva Vizcaya,Alfonso Castaneda,Lublub (Pob.),,,Rice Program,1.00,,12075173.37,2015,,Rice Program,Project Group: Irrigation and Water Systems | Project Type: Small Water Impounding Project | Beneficiary: LUBLUB RICE FARMERS
ABEMIS1579,AFA DD REHAB,ABEMIS_IRRIGATION,Nueva Vizcaya,Nueva Vizcaya,Quezon,Caliat (Pob.),,,Rice Program,1.00,,2885114.62,2016,,Rice Program,Project Group: Irrigation and Water Systems | Project Type: Diversion Dam | Beneficiary: BRGY. CALIAT FARMER BENEFICIARIES
ABEMIS1580,NAGSABARAN SWIP,ABEMIS_IRRIGATION,Cagayan,2nd District,Claveria,Nagsabaran,,,Rice Program,1.00,,6925546.93,2016,,Rice Program,Project Group: Irrigation and Water Systems | Project Type: Small Water Impounding Project | Beneficiary: NAGSABARAN Small Water Irrigation System Association
ABEMIS1581,DUMABATO NORTE SWIP REHAB,ABEMIS_IRRIGATION,Quirino,Quirino,Maddela,Dumabato Norte,,,Rice Program,1.00,,1925974.58,2016,,Rice Program,Project Group: Irrigation and Water Systems | Project Type: Small Water Impounding Project | Beneficiary: BRGY. DUMABATO NORTE FARMER BENEFICIARIES
ABEMIS1582,Concreting of Brgy. Sisim - Brgy. Lalongan FMR,ABEMIS_FMR,Cagayan,3rd District,Pe?ablanca,Sisim,,,Farm to Market Road Development Program,0.31,,1989700.00,2015,,Farm to Market Road Development Program,Project Group: Farm-to-Market Roads | Project Type: Farm-to-Market Road | Beneficiary: 
ABEMIS1583,"Concreting of Brgy. Anak FMR, Brgy. Anak, Nagtipunan, Quirino",ABEMIS_FMR,Quirino,Quirino,Nagtipunan,Anak,,,Farm to Market Road Development Program,0.50,,0.00,2018,,Farm to Market Road Development Program,Project Group: Farm-to-Market Roads | Project Type: Farm-to-Market Road | Beneficiary: 
ABEMIS1584,NAGBITIN SWIP,ABEMIS_IRRIGATION,Nueva Vizcaya,Nueva Vizcaya,Villaverde,Nagbitin,,,Rice Program,1.00,,12330258.83,2015,,Rice Program,Project Group: Irrigation and Water Systems | Project Type: Small Water Impounding Project | Beneficiary: NAGBITIN RICE FARMERS
ABEMIS1585,BUENAVISTA SWIP REHAB,ABEMIS_IRRIGATION,Cagayan,2nd District,Claveria,Buenavista,,,Rice Program,1.00,,1736464.46,2016,,Rice Program,Project Group: Irrigation and Water Systems | Project Type: Small Water Impounding Project | Beneficiary: BUENAVISTA Small Water Irrigation System Association
ABEMIS1586,"COncreting of Brgy. Masipi East, Cabagan to Brgy. Limbauan, San Pablo FMR, Brgy. Masipi East, Cabagan and Brgy. Limbauan, San Pablo, Isabela",ABEMIS_FMR,Isabela,1st District,Cabagan,Masipi East,,,Farm to Market Road Development Program,3.34,,14925000.00,2015,,Farm to Market Road Development Program,Project Group: Farm-to-Market Roads | Project Type: Farm-to-Market Road | Beneficiary: 
ABEMIS1587,Palca-Mambacag-Lacambini FMR,ABEMIS_FMR,Cagayan,3rd District,Tuao,Palca,,,Farm to Market Road Development Program,2.06,,20000000.00,2015,,Farm to Market Road Development Program,Project Group: Farm-to-Market Roads | Project Type: Farm-to-Market Road | Beneficiary: 
ABEMIS1588,Construction of Sta. Barbara SPIS Project,ABEMIS_IRRIGATION,Cagayan,2nd District,Piat,Santa Barbara,,,Corn Program,1.00,,5678000.00,2018,,Corn Program,Project Group: Irrigation and Water Systems | Project Type: Solar-Powered Irrigation System | Beneficiary: Sta Barbara Small Water Irrigation System Association Incorporated
ABEMIS1589,BELANCE SWIP,ABEMIS_IRRIGATION,Nueva Vizcaya,Nueva Vizcaya,Dupax del Norte,Belance,,,Rice Program,1.00,,2238500.00,2015,,Rice Program,Project Group: Irrigation and Water Systems | Project Type: Small Water Impounding Project | Beneficiary: BELANCE RICE FARMERS
ABEMIS1590,MABITBITNONG SWIP REHAB,ABEMIS_IRRIGATION,Cagayan,2nd District,Santo Ni?o (Faire),Mabitbitnong,,,Rice Program,1.00,,1442814.51,2016,,Rice Program,Project Group: Irrigation and Water Systems | Project Type: Small Water Impounding Project | Beneficiary: MABITBITNONG Small Water Irrigation System Association
ABEMIS1591,Concreting of Monte Alegre-Manalo-Magogod-Dadda FMR,ABEMIS_FMR,Cagayan,3rd District,Amulung,Monte Alegre,,,Farm to Market Road Development Program,2.09,,19900000.00,2014,,Farm to Market Road Development Program,Project Group: Farm-to-Market Roads | Project Type: Farm-to-Market Road | Beneficiary: 
ABEMIS1592,"Concreting of Brgy. Zamora FMR, Brgy. Zamora, Cabarroguis, Quirino",ABEMIS_FMR,Quirino,Quirino,Cabarroguis (Capital),Zamora,,,Farm to Market Road Development Program,0.60,,0.00,2018,,Farm to Market Road Development Program,Project Group: Farm-to-Market Roads | Project Type: Farm-to-Market Road | Beneficiary: 
ABEMIS1593,Construction of Capissayan Sur SPIS Project,ABEMIS_IRRIGATION,Cagayan,1st District,Gattaran,Capissayan Sur,,,Corn Program,1.00,,5678000.00,2018,,Corn Program,Project Group: Irrigation and Water Systems | Project Type: Solar-Powered Irrigation System | Beneficiary: Capissayan Sur Farmers Small Water Irrigation System Association
ABEMIS1594,DUNGUL-GULASING DD,ABEMIS_IRRIGATION,Cagayan,1st District,Santa Teresita,Dungeg,,,Rice Program,1.00,,6461031.07,2018,,Rice Program,Project Group: Irrigation and Water Systems | Project Type: Diversion Dam | Beneficiary: BRGY DUNGEG FARMERS
ABEMIS1595,SAN ANTONIO DD REHAB,ABEMIS_IRRIGATION,Cagayan,3rd District,Enrile,San Antonio,,,Rice Program,1.00,,4820402.08,2016,,Rice Program,"Project Group: Irrigation and Water Systems | Project Type: Diversion Dam | Beneficiary: RICE FARMERS OF BRGY. SAN ANTONIO, ENRILE, CAGAYAN"
ABEMIS1596,"Concreting of Brgy. Moldero to Brgy. Fermeldy FMR, Brgy. Moldero and Brgy. Fermeldy, Tumauini, Isabela",ABEMIS_FMR,Isabela,1st District,Tumauini,Moldero,,,Farm to Market Road Development Program,1.84,,5970000.00,2015,,Farm to Market Road Development Program,Project Group: Farm-to-Market Roads | Project Type: Farm-to-Market Road | Beneficiary: 
ABEMIS1597,Construction of Dalla SPIS Project,ABEMIS_IRRIGATION,Cagayan,1st District,Baggao,Dalla,,,Corn Program,1.00,,5650000.00,2018,,Corn Program,Project Group: Irrigation and Water Systems | Project Type: Solar-Powered Irrigation System | Beneficiary: Dalla Farmers Small Water Irrigation System Association
ABEMIS1598,SAN ANTONIO SWIP,ABEMIS_IRRIGATION,Nueva Vizcaya,Nueva Vizcaya,Bambang,San Antonio North,,,Rice Program,1.00,,4242883.93,2015,,Rice Program,Project Group: Irrigation and Water Systems | Project Type: Small Water Impounding Project | Beneficiary: SAN ANTONIO RICE FARMERS
ABEMIS1599,"Concreting of Brgy. Pinayag FMR, Brgy. Pinayag, Kayapa, Nueva Vizcaya",ABEMIS_FMR,Nueva Vizcaya,Nueva Vizcaya,Kayapa,Pinayag,,,Farm to Market Road Development Program,0.67,,0.00,2018,,Farm to Market Road Development Program,Project Group: Farm-to-Market Roads | Project Type: Farm-to-Market Road | Beneficiary: 
ABEMIS1600,Don Mariano Perez FMR,ABEMIS_FMR,Quirino,Quirino,Diffun,"Don Mariano Perez, Sr.",,,Farm to Market Road Development Program,0.30,,1989300.00,2015,,Farm to Market Road Development Program,Project Group: Farm-to-Market Roads | Project Type: Farm-to-Market Road | Beneficiary: 
ABEMIS1601,LUCBAN SWIP REHAB,ABEMIS_IRRIGATION,Isabela,2nd District,Benito Soliven,Lucban,,,Rice Program,1.00,,3710931.22,2017,,Rice Program,Project Group: Irrigation and Water Systems | Project Type: Small Water Impounding Project | Beneficiary: BRGY. LUCBAN FARMER BENEFICIARIES
ABEMIS1602,PANGYAN SWIP REAHB,ABEMIS_IRRIGATION,Cagayan,2nd District,Sanchez Mira,San Andres,,,Rice Program,1.00,,5262267.94,2016,,Rice Program,"Project Group: Irrigation and Water Systems | Project Type: Small Water Impounding Project | Beneficiary: RICE FARMER BENEFICIARIES OF BRGY. SAN ANDRES , SANCHEZ MIRA, CAGAYAN"
ABEMIS1603,Centro 02-Salongsong FMR,ABEMIS_FMR,Cagayan,2nd District,Santa Praxedes,Centro II (Pob.),,,Farm to Market Road Development Program,0.56,,3980000.00,2014,,Farm to Market Road Development Program,Project Group: Farm-to-Market Roads | Project Type: Farm-to-Market Road | Beneficiary: 
ABEMIS1604,KARIKKIKAN SWIP REHAB,ABEMIS_IRRIGATION,Isabela,1st District,Ilagan City (Capital),Carikkikan Norte,,,Rice Program,1.00,,2970106.30,2017,,Rice Program,Project Group: Irrigation and Water Systems | Project Type: Small Water Impounding Project | Beneficiary: KARIKKIKAN SWIP FARMER BENEFICIARIES
ABEMIS1605,CATALIGAN SWIP REHAB,ABEMIS_IRRIGATION,Cagayan,2nd District,Lasam,Cataliganan,,,Rice Program,1.00,,5303231.35,2016,,Rice Program,Project Group: Irrigation and Water Systems | Project Type: Small Water Impounding Project | Beneficiary: CATALIGANAN Small Water Irrigation System Association
ABEMIS1606,"Concreting of Logpond - Brgy. Kongkong FMR, Brgy. Kongkong, Kasibu, Nueva Vizcaya",ABEMIS_FMR,Nueva Vizcaya,Nueva Vizcaya,Kasibu,,,,Farm to Market Road Development Program,0.61,,0.00,2018,,Farm to Market Road Development Program,Project Group: Farm-to-Market Roads | Project Type: Farm-to-Market Road | Beneficiary: 
ABEMIS1607,PIEZA SWIP,ABEMIS_IRRIGATION,Nueva Vizcaya,Nueva Vizcaya,Villaverde,Pieza,,,Rice Program,1.00,,2952300.00,2015,,Rice Program,Project Group: Irrigation and Water Systems | Project Type: Small Water Impounding Project | Beneficiary: PIEZA RICE FARMERS
ABEMIS1608,SIMANU SWIP REHAB,ABEMIS_IRRIGATION,Isabela,1st District,San Pablo,Simanu Norte,,,Rice Program,1.00,,8675538.50,2016,,Rice Program,"Project Group: Irrigation and Water Systems | Project Type: Small Water Impounding Project | Beneficiary: RICE FARMERS OF BRGY. SIMANU NORTE, SAN PABLO, ISABELA"
ABEMIS1609,"Concreting of Brgy. Carmencita to Brgy. Maui FMR. Brgy. Carmencita and Brgy. Maui, Delfin Albano, Isabela",ABEMIS_FMR,Isabela,1st District,Delfin Albano (Magsaysay),Carmencita,,,Farm to Market Road Development Program,1.52,,5970000.00,2015,,Farm to Market Road Development Program,Project Group: Farm-to-Market Roads | Project Type: Farm-to-Market Road | Beneficiary: 
ABEMIS1610,BUKIG SWIP REHABILITATION,ABEMIS_IRRIGATION,Cagayan,1st District,Aparri,Bukig,,,Rice Program,1.00,,1922522.36,2018,,Rice Program,Project Group: Irrigation and Water Systems | Project Type: Small Water Impounding Project | Beneficiary: BRGY BUKIG FARMERS
ABEMIS1611,"Concreting of Airport Road, Brgy. Dadao",ABEMIS_FMR,Cagayan,2nd District,Calayan,Dadao,,,Farm to Market Road Development Program,0.22,,1990000.00,2015,,Farm to Market Road Development Program,Project Group: Farm-to-Market Roads | Project Type: Farm-to-Market Road | Beneficiary: 
ABEMIS1612,BANGAAN DD REHAB,ABEMIS_IRRIGATION,Nueva Vizcaya,Nueva Vizcaya,Solano,Bangaan,,,Rice Program,1.00,,2952300.00,2015,,Rice Program,Project Group: Irrigation and Water Systems | Project Type: Diversion Dam | Beneficiary: BANGAAN RICE FARMERS
ABEMIS1613,SAN ANDRES SWIP REHAB,ABEMIS_IRRIGATION,Isabela,1st District,Ilagan City (Capital),San Andres (Angarilla),,,Rice Program,1.00,,3345120.92,2016,,Rice Program,Project Group: Irrigation and Water Systems | Project Type: Small Water Impounding Project | Beneficiary: SAN ANDRES Small Water Irrigation System Association
ABEMIS1614,"Concreting of Brgy. Abut FMR, Brgy. Abut, Quezon, Isabela",ABEMIS_FMR,Isabela,5th District,Quezon,Abut,,,Farm to Market Road Development Program,0.20,,1990000.00,2015,,Farm to Market Road Development Program,Project Group: Farm-to-Market Roads | Project Type: Farm-to-Market Road | Beneficiary: 
ABEMIS1615,BALLIGUI SWIP,ABEMIS_IRRIGATION,Quirino,Quirino,Maddela,Balligui,,,Rice Program,1.00,,10526657.21,2015,,Rice Program,Project Group: Irrigation and Water Systems | Project Type: Small Water Impounding Project | Beneficiary: BALLIGUI RICE FARMERS
ABEMIS1616,SAN ANTONIO SWIP REHAB,ABEMIS_IRRIGATION,Isabela,1st District,Cabagan,San Antonio,,,Rice Program,1.00,,463376.91,2016,,Rice Program,Project Group: Irrigation and Water Systems | Project Type: Small Water Impounding Project | Beneficiary: ZIGIRAN Small Water Irrigation System Association
ABEMIS1617,BUYON SWIP,ABEMIS_IRRIGATION,Isabela,6th District,City of Cauayan,Buyon,,,Rice Program,1.00,,7296597.94,2017,,Rice Program,Project Group: Irrigation and Water Systems | Project Type: Small Water Impounding Project | Beneficiary: BRGY. BUYON FARMER BENEFICIARIES
ABEMIS1618,NAMNAMA SWIP REHAB,ABEMIS_IRRIGATION,Isabela,1st District,Tumauini,Namnama,,,Rice Program,1.00,,1891235.67,2016,,Rice Program,"Project Group: Irrigation and Water Systems | Project Type: Small Water Impounding Project | Beneficiary: RICE FARMERS OF BRGY. NAMNAMA, TUMAUINI, ISABELA"
ABEMIS1619,DON JAME SWIP,ABEMIS_IRRIGATION,Quirino,Quirino,Maddela,San Salvador,,,Rice Program,1.00,,11720156.67,2015,,Rice Program,Project Group: Irrigation and Water Systems | Project Type: Small Water Impounding Project | Beneficiary: SAN SALVADOR RICE FARMERS
ABEMIS1620,CARMENCITA SWIP REHAB,ABEMIS_IRRIGATION,Isabela,1st District,Delfin Albano (Magsaysay),Carmencita,,,Rice Program,1.00,,4340000.00,2016,,Rice Program,Project Group: Irrigation and Water Systems | Project Type: Small Water Impounding Project | Beneficiary: CABATARAGAN Small Water Irrigation System Association
ABEMIS1621,"Cncreting of Brgy. Lepanto to Brgy. Calanguigan FMR, Brgy. Lepanto and Calanguigan, Quezon, Isabela",ABEMIS_FMR,Isabela,5th District,Quezon,Lepanto,,,Farm to Market Road Development Program,0.20,,1990000.00,2015,,Farm to Market Road Development Program,Project Group: Farm-to-Market Roads | Project Type: Farm-to-Market Road | Beneficiary: 
ABEMIS1622,BARBARNIS SWIP,ABEMIS_IRRIGATION,Cagayan,2nd District,Claveria,Santo Ni?o (Barbarnis),,,Rice Program,1.00,,9700926.84,2016,,Rice Program,Project Group: Irrigation and Water Systems | Project Type: Small Water Impounding Project | Beneficiary: BARBARNIS Small Water Irrigation System Association
ABEMIS1623,PADAPAD SWIP REHAB,ABEMIS_IRRIGATION,Isabela,5th District,Quezon,Minagbag,,,Rice Program,1.00,,2408644.50,2016,,Rice Program,Project Group: Irrigation and Water Systems | Project Type: Small Water Impounding Project | Beneficiary: PADAPAD Small Water Irrigation System Association
ABEMIS1624,MINALLO SWIP REHAB,ABEMIS_IRRIGATION,Isabela,2nd District,Naguilian,Minallo,,,Rice Program,1.00,,4211426.24,2016,,Rice Program,Project Group: Irrigation and Water Systems | Project Type: Small Water Impounding Project | Beneficiary: BALERA Small Water Irrigation System Association
ABEMIS1625,"Concreting of Sitio Yasyas Phase I FMR, Brgy. Ihubok II, Basco, Batanes",ABEMIS_FMR,Batanes,Batanes,Basco (Capital),Ihubok II (Kayvaluganan),,,Farm to Market Road Development Program,0.15,,1856939.80,2017,,Farm to Market Road Development Program,Project Group: Farm-to-Market Roads | Project Type: Farm-to-Market Road | Beneficiary: 
ABEMIS1626,"Concreting of Brgy. Siempre Viva Norte to Brgy. San Pedro FMR, Brgy. Siempre Viva Norte and Brgy. San Pedro, Mallig, Isabela",ABEMIS_FMR,Isabela,5th District,Mallig,Siempre Viva Norte,,,Farm to Market Road Development Program,0.20,,1990000.00,2015,,Farm to Market Road Development Program,Project Group: Farm-to-Market Roads | Project Type: Farm-to-Market Road | Beneficiary: 
ABEMIS1627,UTAN SWIP,ABEMIS_IRRIGATION,Cagayan,2nd District,Allacapan,Utan,,,Rice Program,1.00,,5441788.21,2018,,Rice Program,Project Group: Irrigation and Water Systems | Project Type: Small Water Impounding Project | Beneficiary: BRGY UTAN FARMERS
ABEMIS1628,TRINIDAD SWIP REHAB,ABEMIS_IRRIGATION,Isabela,5th District,Mallig,Trinidad,,,Rice Program,1.00,,5839012.48,2016,,Rice Program,Project Group: Irrigation and Water Systems | Project Type: Small Water Impounding Project | Beneficiary: LIPIT-TRINIDAD SWISA
ABEMIS1629,Concreting of Caliat FMR,ABEMIS_FMR,Nueva Vizcaya,Nueva Vizcaya,Quezon,Caliat (Pob.),,,Farm to Market Road Development Program,0.28,,1990000.00,2014,,Farm to Market Road Development Program,Project Group: Farm-to-Market Roads | Project Type: Farm-to-Market Road | Beneficiary: 
ABEMIS1630,DIPINTIN SWIP,ABEMIS_IRRIGATION,Quirino,Quirino,Maddela,Dipintin,,,Rice Program,1.00,,2161967.85,2015,,Rice Program,Project Group: Irrigation and Water Systems | Project Type: Small Water Impounding Project | Beneficiary: DIPINTIN RICE FARMERS
ABEMIS1631,MATUSALEM SWIP REHAB,ABEMIS_IRRIGATION,Isabela,5th District,Roxas,Matusalem,,,Rice Program,1.00,,1436000.34,2016,,Rice Program,Project Group: Irrigation and Water Systems | Project Type: Small Water Impounding Project | Beneficiary: BARAMBAN Small Water Irrigation System Association
ABEMIS1632,MANAOAG SWIP REHAB,ABEMIS_IRRIGATION,Isabela,6th District,City of Cauayan,Manaoag,,,Rice Program,0.00,,1848328.13,2016,,Rice Program,Project Group: Irrigation and Water Systems | Project Type: Small Water Impounding Project | Beneficiary: MANAOAG Small Water Irrigation System Association
ABEMIS1633,"Concreting of Brgy. Siempre Viva Norte to Brgy. Siempre Viva Sur FMR, Brgy. Siempre Viva Norte and Brgy. Siempre Viva Sur, Mallig, Isabela",ABEMIS_FMR,Isabela,5th District,Mallig,Siempre Viva Norte,,,Farm to Market Road Development Program,0.24,,1990000.00,2015,,Farm to Market Road Development Program,Project Group: Farm-to-Market Roads | Project Type: Farm-to-Market Road | Beneficiary: 
ABEMIS1634,UBONG DD REHAB,ABEMIS_IRRIGATION,Cagayan,3rd District,Solana,Ubong,,,Rice Program,1.00,,2334136.85,2017,,Rice Program,Project Group: Irrigation and Water Systems | Project Type: Diversion Dam | Beneficiary: UBONG DD FARMER BENEFICIARIES
ABEMIS1635,LINOMOT SWIP REHAB,ABEMIS_IRRIGATION,Isabela,4th District,Jones,Linomot,,,Rice Program,1.00,,2851249.47,2016,,Rice Program,Project Group: Irrigation and Water Systems | Project Type: Small Water Impounding Project | Beneficiary: Ambanasan Small Water Irrigation System Association
ABEMIS1636,GAMIS SWIP,ABEMIS_IRRIGATION,Quirino,Quirino,Saguday,Gamis,,,Rice Program,1.00,,9878827.70,2015,,Rice Program,Project Group: Irrigation and Water Systems | Project Type: Small Water Impounding Project | Beneficiary: GAMIS RICE FARMERS
ABEMIS1637,DIWAIRAS IRRIGATION CANAL,ABEMIS_IRRIGATION,Isabela,4th District,Cordon,Caquilingan (San Luis),,,Rice Program,1.00,,3843663.38,2016,,Rice Program,"Project Group: Irrigation and Water Systems | Project Type: Diversion Dam | Beneficiary: RICE FARMER BENEFICIARIES OF BRGY. CAQUILINGAN, CORDON, ISABELA"
ABEMIS1638,"Concreting of Road 1, Brgy. San Jose FMR, Brgy. San Jose, Roxas, Isabela",ABEMIS_FMR,Isabela,5th District,Roxas,San Jose,,,Farm to Market Road Development Program,0.24,,1990000.00,2015,,Farm to Market Road Development Program,Project Group: Farm-to-Market Roads | Project Type: Farm-to-Market Road | Beneficiary: 
ABEMIS1639,MALIGAYA SWIP,ABEMIS_IRRIGATION,Isabela,6th District,City of Cauayan,Maligaya,,,Rice Program,1.00,,7473605.78,2017,,Rice Program,Project Group: Irrigation and Water Systems | Project Type: Small Water Impounding Project | Beneficiary: BRGY. MALIGAYA FARMER BENEFICIARIES
ABEMIS1640,MANGAYANG SWIP REHAB,ABEMIS_IRRIGATION,Nueva Vizcaya,Nueva Vizcaya,Dupax del Sur,Mangayang,,,Rice Program,1.00,,2400228.68,2016,,Rice Program,Project Group: Irrigation and Water Systems | Project Type: Small Water Impounding Project | Beneficiary: MANGAYANG Small Water Irrigation System Association
ABEMIS1641,Concreting of Manauag-Campo FMR,ABEMIS_FMR,Cagayan,3rd District,Iguig,Dumpao,,,Farm to Market Road Development Program,0.27,,2487500.00,2014,,Farm to Market Road Development Program,Project Group: Farm-to-Market Roads | Project Type: Farm-to-Market Road | Beneficiary: 
ABEMIS1642,"Concreting of Sitio Barako, Dagupan FMR, Brgy. Dagupan, Quezon, Nueva Vizcaya",ABEMIS_FMR,Nueva Vizcaya,Nueva Vizcaya,Quezon,,,,Farm to Market Road Development Program,0.30,,1912442.55,2017,,Farm to Market Road Development Program,Project Group: Farm-to-Market Roads | Project Type: Farm-to-Market Road | Beneficiary: 
ABEMIS1643,KIMMALUGONG SWIP,ABEMIS_IRRIGATION,Cagayan,2nd District,Allacapan,Nagattatan,,,Rice Program,1.00,,7088102.91,2018,,Rice Program,Project Group: Irrigation and Water Systems | Project Type: Small Water Impounding Project | Beneficiary: NAGATTATAN FARMERS
ABEMIS1644,AMNOT DD REHAB,ABEMIS_IRRIGATION,Nueva Vizcaya,Nueva Vizcaya,Dupax del Norte,Parai,,,Rice Program,1.00,,2751191.51,2016,,Rice Program,"Project Group: Irrigation and Water Systems | Project Type: Diversion Dam | Beneficiary: RICE FARMERS OF BRGY. PARAI, DUPAX DEL NORTE, NUEVA VIZZCAYA"
ABEMIS1645,"Concreting of Payin I FMR, Brgy. Chanarian, Basco, Batanes",ABEMIS_FMR,Batanes,Batanes,Basco (Capital),Chanarian,,,Farm to Market Road Development Program,0.14,,1817546.46,2017,,Farm to Market Road Development Program,Project Group: Farm-to-Market Roads | Project Type: Farm-to-Market Road | Beneficiary: 
ABEMIS1646,Concreting of Villabuena FMR,ABEMIS_FMR,Isabela,1st District,Santa Maria,Villabuena,,,Farm to Market Road Development Program,0.94,,4973700.00,2014,,Farm to Market Road Development Program,Project Group: Farm-to-Market Roads | Project Type: Farm-to-Market Road | Beneficiary: 
ABEMIS1647,CASALATAN SWIP,ABEMIS_IRRIGATION,Isabela,6th District,City of Cauayan,Disimuray,,,Rice Program,1.00,,861735.34,2017,,Rice Program,Project Group: Irrigation and Water Systems | Project Type: Small Water Impounding Project | Beneficiary: BRGY. DISIMURAY FARMER BENEFICIARIES
ABEMIS1648,"Concreting of Brgy. Bitabian to Sitio Udiao to Brgy. Daragutan West FMR, Brgy.Bitabian and Brgy. Daragutan West, San Mariano, Isabela",ABEMIS_FMR,Isabela,2nd District,San Mariano,Bitabian,,,Farm to Market Road Development Program,0.35,,4975000.00,2014,,Farm to Market Road Development Program,Project Group: Farm-to-Market Roads | Project Type: Farm-to-Market Road | Beneficiary: 
ABEMIS1649,"Concreting of Brgy. San Isidro FMR, Brgy. San Jose, Quirino, Isabela",ABEMIS_FMR,Isabela,5th District,Quirino,San Isidro,,,Farm to Market Road Development Program,0.20,,1990000.00,2015,,Farm to Market Road Development Program,Project Group: Farm-to-Market Roads | Project Type: Farm-to-Market Road | Beneficiary: 
ABEMIS1650,GUNDAWAY SWIP,ABEMIS_IRRIGATION,Quirino,Quirino,Cabarroguis (Capital),Gundaway (Pob.),,,Rice Program,1.00,,2499937.76,2017,,Rice Program,Project Group: Irrigation and Water Systems | Project Type: Small Water Impounding Project | Beneficiary: BRGY. GUNDAWAY FARMER BENEFICIARIES
ABEMIS1651,Concreting of Tallag FMR,ABEMIS_FMR,Isabela,1st District,Cabagan,Tallag,,,Farm to Market Road Development Program,0.85,,4974600.00,2014,,Farm to Market Road Development Program,Project Group: Farm-to-Market Roads | Project Type: Farm-to-Market Road | Beneficiary: 
ABEMIS1652,"Concreting of Brgy. San Mateo FMR, Brgy. San Mateo, Quirino, Isabela",ABEMIS_FMR,Isabela,5th District,Quirino,San Mateo,,,Farm to Market Road Development Program,0.20,,1990000.00,2015,,Farm to Market Road Development Program,Project Group: Farm-to-Market Roads | Project Type: Farm-to-Market Road | Beneficiary: 
ABEMIS1653,CABANUANGAN SWIP,ABEMIS_IRRIGATION,Cagayan,2nd District,Claveria,Centro VIII (Malasin West),,,Rice Program,1.00,,8767892.54,2018,,Rice Program,Project Group: Irrigation and Water Systems | Project Type: Small Water Impounding Project | Beneficiary: CENTRO 8 FARMERS
ABEMIS1654,"Concreting of Sayed-Chiveh FMR, Brgy. Salagao, Ivana, Batanes",ABEMIS_FMR,Batanes,Batanes,Ivana,Salagao,,,Farm to Market Road Development Program,0.19,,1883896.88,2017,,Farm to Market Road Development Program,Project Group: Farm-to-Market Roads | Project Type: Farm-to-Market Road | Beneficiary: 
ABEMIS1655,"Concreting of Brgy. Viga to Brgy. Centro 02 FMR, Brgy. Viga and Brgy. Centro 02, Angadanan, Isabela",ABEMIS_FMR,Isabela,3rd District,Angadanan,Viga,,,Farm to Market Road Development Program,1.54,,9899400.00,2014,,Farm to Market Road Development Program,Project Group: Farm-to-Market Roads | Project Type: Farm-to-Market Road | Beneficiary: 
ABEMIS1656,VILLA BINACUD DD,ABEMIS_IRRIGATION,Cagayan,2nd District,Claveria,Union,,,Rice Program,1.00,,2480120.70,2016,,Rice Program,Project Group: Irrigation and Water Systems | Project Type: Diversion Dam | Beneficiary: VILLA BIMACUD Small Water Irrigation System Association
ABEMIS1657,"Concreting of Brgy. Malalinta and Brgy. Mararigue FMR, Brgy. Malalinta and Brgy. Mararigue, San Manuel, Isabela",ABEMIS_FMR,Isabela,5th District,San Manuel,Malalinta,,,Farm to Market Road Development Program,0.24,,1990000.00,2015,,Farm to Market Road Development Program,Project Group: Farm-to-Market Roads | Project Type: Farm-to-Market Road | Beneficiary: 
ABEMIS1658,JOAQUIN DELACRUZ SWIP,ABEMIS_IRRIGATION,Cagayan,1st District,Camalaniugan,Dammang Norte (Joaquin de la Cruz),,,Rice Program,1.00,,11826759.34,2017,,Rice Program,Project Group: Irrigation and Water Systems | Project Type: Small Water Impounding Project | Beneficiary: JOAQUIN DELA CRUZ SWIP FARMER BENEFICIARIES
ABEMIS1659,"Concreting of Brgy. San Miguel and Brgy. Pag-Rang-Ayan FMR, Brgy. San Miguel and Brgy. Pag-Rang-Ayan, Ramon, Isabela",ABEMIS_FMR,Isabela,3rd District,Ramon,,,,Farm to Market Road Development Program,1.28,,9650000.00,2014,,Farm to Market Road Development Program,Project Group: Farm-to-Market Roads | Project Type: Farm-to-Market Road | Beneficiary: 
ABEMIS1660,MINURI SWIP,ABEMIS_IRRIGATION,Isabela,4th District,Jones,Minuri,,,Rice Program,1.00,,9920101.55,2017,,Rice Program,Project Group: Irrigation and Water Systems | Project Type: Small Water Impounding Project | Beneficiary: BRGY. MINURI FARMER BENEFICIARIES
ABEMIS1661,"Concreting of Chaina-Tarayan-Gidem, Brgy. Panatayan, Mahatao, Batanes",ABEMIS_FMR,Batanes,Batanes,Mahatao,Panatayan,,,Farm to Market Road Development Program,0.57,,2167600.00,2015,,Farm to Market Road Development Program,Project Group: Farm-to-Market Roads | Project Type: Farm-to-Market Road | Beneficiary: 
ABEMIS1662,"Concreting of Brgy. Sta. Ana FMR, Brgy. Sta. Ana, Echague, Isabela",ABEMIS_FMR,Isabela,6th District,Echague,Santa Ana,,,Farm to Market Road Development Program,1.10,,9650000.00,2014,,Farm to Market Road Development Program,Project Group: Farm-to-Market Roads | Project Type: Farm-to-Market Road | Beneficiary: 
ABEMIS1663,"Concreting of Brgy. Masaya Centro FMR, Brgy. Masaya Centro, San Agustin, Isabela",ABEMIS_FMR,Isabela,4th District,San Agustin,Masaya Centro (Pob.),,,Farm to Market Road Development Program,0.28,,1990000.00,2014,,Farm to Market Road Development Program,Project Group: Farm-to-Market Roads | Project Type: Farm-to-Market Road | Beneficiary: 
ABEMIS1664,"Concreting of Brgy. Malasin FMR, Brgy. Malasin, Burgos, Isabela",ABEMIS_FMR,Isabela,5th District,Burgos,Malasin,,,Farm to Market Road Development Program,0.25,,1990000.00,2015,,Farm to Market Road Development Program,Project Group: Farm-to-Market Roads | Project Type: Farm-to-Market Road | Beneficiary: 
ABEMIS1665,STA. ANA SWIP,ABEMIS_IRRIGATION,Cagayan,1st District,Gattaran,Sta. Ana,,,Rice Program,1.00,,16261453.28,2017,,Rice Program,Project Group: Irrigation and Water Systems | Project Type: Small Water Impounding Project | Beneficiary: STA. ANA SWISA
ABEMIS1666,"Concreting of Brgy. Calaocan FMR, Brgy. Calaocan, Delfin Albano, Isabela",ABEMIS_FMR,Isabela,1st District,Delfin Albano (Magsaysay),Caloocan,,,Farm to Market Road Development Program,1.10,,4975000.00,2014,,Farm to Market Road Development Program,Project Group: Farm-to-Market Roads | Project Type: Farm-to-Market Road | Beneficiary: 
ABEMIS1667,Concreting of Dunggan-Nanungaran Anu Brgy. Road,ABEMIS_FMR,Cagayan,2nd District,Rizal,Dunggan,,,Farm to Market Road Development Program,0.27,,1950000.00,2015,,Farm to Market Road Development Program,Project Group: Farm-to-Market Roads | Project Type: Farm-to-Market Road | Beneficiary: 
ABEMIS1668,Concreting of Brgy. Aliaga Proper-Highway FMR,ABEMIS_FMR,Nueva Vizcaya,Nueva Vizcaya,Bambang,Abian,,,Farm to Market Road Development Program,0.37,,1990000.00,2015,,Farm to Market Road Development Program,Project Group: Farm-to-Market Roads | Project Type: Farm-to-Market Road | Beneficiary: 
ABEMIS1669,Capannikian-Tabbugan FMR,ABEMIS_FMR,Cagayan,2nd District,Claveria,Capanikian,,,Farm to Market Road Development Program,0.58,,3960000.00,2014,,Farm to Market Road Development Program,Project Group: Farm-to-Market Roads | Project Type: Farm-to-Market Road | Beneficiary: 
ABEMIS1670,DIARAO SWIP,ABEMIS_IRRIGATION,Isabela,4th District,Jones,Diarao,,,Rice Program,1.00,,8284919.50,2017,,Rice Program,Project Group: Irrigation and Water Systems | Project Type: Small Water Impounding Project | Beneficiary: BRGY. DIARAO FARMER BENEFICIARIES
ABEMIS1671,"Concreting of Brgy. San Miguel to Brgy. Catabban FMR, Brgy. San Miguel and Brgy. Catabban, Burgos, Isabela",ABEMIS_FMR,Isabela,5th District,Burgos,San Miguel,,,Farm to Market Road Development Program,0.25,,1990000.00,2015,,Farm to Market Road Development Program,Project Group: Farm-to-Market Roads | Project Type: Farm-to-Market Road | Beneficiary: 
ABEMIS1672,CABIRAOAN DD,ABEMIS_IRRIGATION,Cagayan,1st District,Gonzaga,Cabiraoan,,,Rice Program,1.00,,4211553.15,2017,,Rice Program,Project Group: Irrigation and Water Systems | Project Type: Diversion Dam | Beneficiary: CABIRAOAN FARMER BENEFICIARIES
ABEMIS1673,"Concreting of Brgy. San Bonifacio FMR, Brgy. San Bonifacio, Burgos, Isabela",ABEMIS_FMR,Isabela,5th District,Burgos,San Bonifacio,,,Farm to Market Road Development Program,0.25,,1990000.00,2015,,Farm to Market Road Development Program,Project Group: Farm-to-Market Roads | Project Type: Farm-to-Market Road | Beneficiary: 
ABEMIS1674,Concreting of Logpond Brgy. Kongkong - Natakawan FMR,ABEMIS_FMR,Nueva Vizcaya,Nueva Vizcaya,Kasibu,Kongkong,,,Farm to Market Road Development Program,0.39,,1939200.00,2014,,Farm to Market Road Development Program,Project Group: Farm-to-Market Roads | Project Type: Farm-to-Market Road | Beneficiary: 
ABEMIS1675,"Concreting of Brgy. Ugad Proper to Brgy. Caltex FMR, Brgy. Ugad Proper, and Brgy. Caltex, Cabagan, Isabela",ABEMIS_FMR,Isabela,1st District,Cabagan,,,,Farm to Market Road Development Program,0.96,,5000000.00,2018,,Farm to Market Road Development Program,Project Group: Farm-to-Market Roads | Project Type: Farm-to-Market Road | Beneficiary: 
ABEMIS1676,"Concreting of Isabela Experiment Station, Brgy. Upi FMR, Brgy. Upi, Gamu, Isabela",ABEMIS_FMR,Isabela,2nd District,Gamu,Upi,,,Farm to Market Road Development Program,1.49,,2880777.57,2015,,Farm to Market Road Development Program,Project Group: Farm-to-Market Roads | Project Type: Farm-to-Market Road | Beneficiary: 
ABEMIS1677,"Concreting of Brgy. Babadi FMR, Brgy. Babadi, Kayapa, Nueva Vizcaya",ABEMIS_FMR,Nueva Vizcaya,Nueva Vizcaya,Kayapa,Babadi,,,Farm to Market Road Development Program,0.54,,0.00,2018,,Farm to Market Road Development Program,Project Group: Farm-to-Market Roads | Project Type: Farm-to-Market Road | Beneficiary: 
ABEMIS1678,GADDANGAO SWIP,ABEMIS_IRRIGATION,Cagayan,2nd District,Rizal,Gaddangao,,,Rice Program,1.00,,16383602.53,2016,,Rice Program,Project Group: Irrigation and Water Systems | Project Type: Small Water Impounding Project | Beneficiary: KALINAOAN GADDANGAO BALUNCANAG Small Water Irrigation System Association
ABEMIS1679,"Concreting of Brgy. San Rafael FMR, Brgy. San Rafael, Sto. Tomas, Isabela",ABEMIS_FMR,Isabela,1st District,Santo Tomas,San Rafael Abajo,,,Farm to Market Road Development Program,1.32,,7959987.49,2018,,Farm to Market Road Development Program,Project Group: Farm-to-Market Roads | Project Type: Farm-to-Market Road | Beneficiary: 
ABEMIS1680,Concreting of Aggub FMR,ABEMIS_FMR,Isabela,1st District,Cabagan,Aggub,,,Farm to Market Road Development Program,0.65,,4712000.00,2014,,Farm to Market Road Development Program,Project Group: Farm-to-Market Roads | Project Type: Farm-to-Market Road | Beneficiary: 
ABEMIS1681,"Concreting of Brgy. Mansibang FMR, Brgy. Mansibang, Naguilian, Isabela",ABEMIS_FMR,Isabela,2nd District,Naguilian,Mansibang,,,Farm to Market Road Development Program,0.20,,1990000.00,2015,,Farm to Market Road Development Program,Project Group: Farm-to-Market Roads | Project Type: Farm-to-Market Road | Beneficiary: 
ABEMIS1682,"Concreting of Brgy. Manaring to Brgy. Cabaruan FMR, Brgy. Manaring and Cabaruan, Naguilian",ABEMIS_FMR,Isabela,2nd District,Naguilian,Manaring,,,Farm to Market Road Development Program,0.20,,1990000.00,2015,,Farm to Market Road Development Program,Project Group: Farm-to-Market Roads | Project Type: Farm-to-Market Road | Beneficiary: 
ABEMIS1683,"Concreting of Purok 2, San Antonio FMR",ABEMIS_FMR,Nueva Vizcaya,Nueva Vizcaya,Bambang,San Antonio North,,,Farm to Market Road Development Program,0.44,,1990000.00,2015,,Farm to Market Road Development Program,Project Group: Farm-to-Market Roads | Project Type: Farm-to-Market Road | Beneficiary: 
ABEMIS1684,"Concreting of Brgy. Andarayan to Sitio Limbo to Brgy. San Isidro FMR, Brgy. Andarayan and Brgy. San Isidro, Delfin Albano, Isabela",ABEMIS_FMR,Isabela,1st District,Delfin Albano (Magsaysay),Andarayan,,,Farm to Market Road Development Program,0.70,,4975277.44,2018,,Farm to Market Road Development Program,Project Group: Farm-to-Market Roads | Project Type: Farm-to-Market Road | Beneficiary: 
ABEMIS1685,Concreting of Kakiduguen - Biyoy FMR,ABEMIS_FMR,Nueva Vizcaya,Nueva Vizcaya,Kasibu,Kakiduguen,,,Farm to Market Road Development Program,0.51,,1999400.00,2014,,Farm to Market Road Development Program,Project Group: Farm-to-Market Roads | Project Type: Farm-to-Market Road | Beneficiary: 
ABEMIS1686,CABAYU SWIP,ABEMIS_IRRIGATION,Cagayan,1st District,Gattaran,Cabayu,,,Rice Program,1.00,,7309110.60,2017,,Rice Program,Project Group: Irrigation and Water Systems | Project Type: Small Water Impounding Project | Beneficiary: CABAYU SWISA
ABEMIS1687,"COncreting of Brgy. Yeban Sur to Brgy. Yeban Norte FMR Brgy. Yeban Sur and Yeban Norte, Benito Soliven, Isabela",ABEMIS_FMR,Isabela,2nd District,Benito Soliven,Yeban Norte,,,Farm to Market Road Development Program,0.20,,1990000.00,2015,,Farm to Market Road Development Program,Project Group: Farm-to-Market Roads | Project Type: Farm-to-Market Road | Beneficiary: 
ABEMIS1688,DIBULO DD,ABEMIS_IRRIGATION,Isabela,4th District,Dinapigue,Dibulo,,,Rice Program,1.00,,5452241.35,2017,,Rice Program,Project Group: Irrigation and Water Systems | Project Type: Diversion Dam | Beneficiary: BRGY. DIBULO FARMER BENEFICARIES
ABEMIS1689,"Concreting of Brgy. Ugad FMR, Brgy. Ugad, Tumauini, Isabel",ABEMIS_FMR,Isabela,1st District,Tumauini,,,,Farm to Market Road Development Program,0.96,,4975271.89,2018,,Farm to Market Road Development Program,Project Group: Farm-to-Market Roads | Project Type: Farm-to-Market Road | Beneficiary: 
ABEMIS1690,"Concreting of Brgy. District 2 (Poblacion) FMR, Brgy. District 2 (Poblacion), Benito Soliven, Isabela",ABEMIS_FMR,Isabela,2nd District,Benito Soliven,District II (Pob.),,,Farm to Market Road Development Program,0.32,,1990000.00,2015,,Farm to Market Road Development Program,Project Group: Farm-to-Market Roads | Project Type: Farm-to-Market Road | Beneficiary: 
ABEMIS1691,Concreting of Brgy. Kadalagan FMR,ABEMIS_FMR,Cagayan,1st District,Gonzaga,Santa Clara,,,Farm to Market Road Development Program,0.66,,5940000.00,2014,,Farm to Market Road Development Program,Project Group: Farm-to-Market Roads | Project Type: Farm-to-Market Road | Beneficiary: 
ABEMIS1692,GAMMAD SWIP,ABEMIS_IRRIGATION,Cagayan,3rd District,Iguig,Gammad,,,Rice Program,1.00,,15651333.34,2018,,Rice Program,Project Group: Irrigation and Water Systems | Project Type: Small Water Impounding Project | Beneficiary: GAMMAD FARMERS
ABEMIS1693,"Concreting of Brgy. Bunnay to Brgy. La Suerte FMR, Brgy. Bunnay and Brgy. La Suerte, Angadanan, Isabela",ABEMIS_FMR,Isabela,3rd District,Angadanan,,,,Farm to Market Road Development Program,1.38,,9949900.00,2015,,Farm to Market Road Development Program,Project Group: Farm-to-Market Roads | Project Type: Farm-to-Market Road | Beneficiary: 
ABEMIS1694,ILLURU NORTE DD,ABEMIS_IRRIGATION,Cagayan,2nd District,Rizal,Illuru Norte,,,Rice Program,1.00,,0.00,2016,,Rice Program,Project Group: Irrigation and Water Systems | Project Type: Diversion Dam | Beneficiary: GAKU Small Water Irrigation System Association
ABEMIS1695,Concreting of Magassi FMR,ABEMIS_FMR,Isabela,1st District,Cabagan,Magassi,,,Farm to Market Road Development Program,2.67,,4721200.00,2014,,Farm to Market Road Development Program,Project Group: Farm-to-Market Roads | Project Type: Farm-to-Market Road | Beneficiary: 
ABEMIS1696,"Concreting of Brgy. Anonang to Brgy. Colorado FMR, Brgy. Anonang and Brgy. Colorado, San Guillermo, Isabela",ABEMIS_FMR,Isabela,6th District,San Guillermo,Anonang,,,Farm to Market Road Development Program,1.26,,9950000.00,2015,,Farm to Market Road Development Program,Project Group: Farm-to-Market Roads | Project Type: Farm-to-Market Road | Beneficiary: 
ABEMIS1697,Bacsay-Bilibigao FMR,ABEMIS_FMR,Cagayan,2nd District,Claveria,Bilibigao,,,Farm to Market Road Development Program,0.32,,1950000.00,2015,,Farm to Market Road Development Program,Project Group: Farm-to-Market Roads | Project Type: Farm-to-Market Road | Beneficiary: 
ABEMIS1698,ILLURU NORTE DD,ABEMIS_IRRIGATION,Cagayan,2nd District,Rizal,Illuru Norte,,,Rice Program,1.00,,0.00,2016,,Rice Program,Project Group: Irrigation and Water Systems | Project Type: Diversion Dam | Beneficiary: GAKU Small Water Irrigation System Association
ABEMIS1699,"Concreting of Brgy. Rancho Bassit to Brgy. Pissay FMR, Brgy. Rancho Bassit and Brgy. Pissay, Angadanan, Isabela",ABEMIS_FMR,Isabela,3rd District,Angadanan,Rancho Bassit,,,Farm to Market Road Development Program,0.90,,7959900.00,2015,,Farm to Market Road Development Program,Project Group: Farm-to-Market Roads | Project Type: Farm-to-Market Road | Beneficiary: 
ABEMIS1700,CABULUAN I SWIP REHAB,ABEMIS_IRRIGATION,Cagayan,1st District,Alcala,Cabuluan,,,Rice Program,1.00,,3914685.32,2017,,Rice Program,Project Group: Irrigation and Water Systems | Project Type: Small Water Impounding Project | Beneficiary: CABULUAN SWIP I FARMER BENEFICIARIES
ABEMIS1701,"Concreting of Mavuyok - Mayjang - Pavulawan FMR, Brgy. Panatayan Mahatao, Batanes",ABEMIS_FMR,Batanes,Batanes,Mahatao,Panatayan,,,Farm to Market Road Development Program,0.11,,1681700.00,2015,,Farm to Market Road Development Program,Project Group: Farm-to-Market Roads | Project Type: Farm-to-Market Road | Beneficiary: 
ABEMIS1702,MABBAYAD SWIP,ABEMIS_IRRIGATION,Isabela,6th District,Echague,Mabbayad,,,Rice Program,1.00,,5721753.80,2017,,Rice Program,Project Group: Irrigation and Water Systems | Project Type: Small Water Impounding Project | Beneficiary: BRGY. MABBAYAD FARMER BENEFICIARIES
ABEMIS1703,Concreting of Masipi East FMR,ABEMIS_FMR,Isabela,1st District,Cabagan,Masipi East,,,Farm to Market Road Development Program,1.13,,4721200.00,2014,,Farm to Market Road Development Program,Project Group: Farm-to-Market Roads | Project Type: Farm-to-Market Road | Beneficiary: 
ABEMIS1704,"Concreting of Brgy. San Roque FMR, Brgy. San Roque, Burgos, Isabela",ABEMIS_FMR,Isabela,5th District,Burgos,San Roque,,,Farm to Market Road Development Program,0.20,,1990000.00,2015,,Farm to Market Road Development Program,Project Group: Farm-to-Market Roads | Project Type: Farm-to-Market Road | Beneficiary: 
ABEMIS1705,Centro 2-Callungan-Masisit-Dammang-Dacal FMR,ABEMIS_FMR,Cagayan,2nd District,Sanchez Mira,Centro II (Pob.),,,Farm to Market Road Development Program,0.30,,1950000.00,2015,,Farm to Market Road Development Program,Project Group: Farm-to-Market Roads | Project Type: Farm-to-Market Road | Beneficiary: 
ABEMIS1706,"Concreting of Brgy. Villa Santiago FMR, Brgy. Villa Santiago, Aglipay, Quirino",ABEMIS_FMR,Quirino,Quirino,Aglipay,Villa Santiago,,,Farm to Market Road Development Program,0.50,,0.00,2018,,Farm to Market Road Development Program,Project Group: Farm-to-Market Roads | Project Type: Farm-to-Market Road | Beneficiary: 
ABEMIS1707,"Concreting of Mayan-Kayvuxusan to Axtak (Phase 3) FMR,Brgy. Sta. Maria, Itbayat, Batanes",ABEMIS_FMR,Batanes,Batanes,Itbayat,Santa Maria (Marapuy),,,Farm to Market Road Development Program,1.09,,19900000.00,2014,,Farm to Market Road Development Program,Project Group: Farm-to-Market Roads | Project Type: Farm-to-Market Road | Beneficiary: 
ABEMIS1708,"Concreting of Brgy. San Pablo to Brgy. San Rodrigo to Sitio Balla FMR, Brgy. San Pablo and San Rodrigo, Ilagan City, Isabela",ABEMIS_FMR,Isabela,1st District,Ilagan City (Capital),San Pablo,,,Farm to Market Road Development Program,1.12,,4975000.00,2015,,Farm to Market Road Development Program,Project Group: Farm-to-Market Roads | Project Type: Farm-to-Market Road | Beneficiary: 
ABEMIS1709,Capanickian-Tabbugan FMR,ABEMIS_FMR,Cagayan,2nd District,Claveria,Capanikian,,,Farm to Market Road Development Program,0.31,,1990000.00,2015,,Farm to Market Road Development Program,Project Group: Farm-to-Market Roads | Project Type: Farm-to-Market Road | Beneficiary: 
ABEMIS1710,CALIGAYAN II SWIP,ABEMIS_IRRIGATION,Isabela,1st District,Tumauini,Caligayan,,,Rice Program,1.00,,20876904.72,2018,,Rice Program,Project Group: Irrigation and Water Systems | Project Type: Small Water Impounding Project | Beneficiary: CALIGAYAN FARMERS
ABEMIS1711,Concreting of Bliss to Namnama FMR,ABEMIS_FMR,Isabela,1st District,Ilagan City (Capital),Namnama,,,Farm to Market Road Development Program,0.75,,4973800.00,2014,,Farm to Market Road Development Program,Project Group: Farm-to-Market Roads | Project Type: Farm-to-Market Road | Beneficiary: 
ABEMIS1712,Rizal-Villa Pascua FMR,ABEMIS_FMR,Quirino,Quirino,Diffun,Rizal (Pob.),,,Farm to Market Road Development Program,0.60,,4974900.00,2015,,Farm to Market Road Development Program,Project Group: Farm-to-Market Roads | Project Type: Farm-to-Market Road | Beneficiary: 
ABEMIS1713,"Concreting of Panembatan Access Road FMR, Brgy. Raele, Itbayat, Batanes",ABEMIS_FMR,Batanes,Batanes,Itbayat,Raele,,,Farm to Market Road Development Program,0.62,,9950000.00,2014,,Farm to Market Road Development Program,Project Group: Farm-to-Market Roads | Project Type: Farm-to-Market Road | Beneficiary: 
ABEMIS1714,Concreting of Gayong-Gayong Sur FMR,ABEMIS_FMR,Isabela,1st District,Ilagan City (Capital),Gayong-Gayong Sur,,,Farm to Market Road Development Program,454.00,,1989400.00,2014,,Farm to Market Road Development Program,Project Group: Farm-to-Market Roads | Project Type: Farm-to-Market Road | Beneficiary: 
ABEMIS1715,"Concreting of Brgy. Canabay FMR, Brgy. Canabay, Dupax del Sur, Nueva Vizcaya",ABEMIS_FMR,Nueva Vizcaya,Nueva Vizcaya,Dupax del Sur,Canabay,,,Farm to Market Road Development Program,0.74,,0.00,2018,,Farm to Market Road Development Program,Project Group: Farm-to-Market Roads | Project Type: Farm-to-Market Road | Beneficiary: 
ABEMIS1716,DAMMANG SWIP REHAB,ABEMIS_IRRIGATION,Cagayan,1st District,Camalaniugan,Dammang Norte (Joaquin de la Cruz),,,Rice Program,1.00,,3185861.86,2017,,Rice Program,Project Group: Irrigation and Water Systems | Project Type: Small Water Impounding Project | Beneficiary: DAMMANG SWIP FARMER BENEFICIARIES
ABEMIS1717,Concreting of Brgy. Afusing Bato - Brgy. Pacac Pequeno FMR,ABEMIS_FMR,Cagayan,1st District,Alcala,Afusing Bato,,,Farm to Market Road Development Program,0.52,,3960000.00,2015,,Farm to Market Road Development Program,Project Group: Farm-to-Market Roads | Project Type: Farm-to-Market Road | Beneficiary: 
ABEMIS1718,SITIO BAYABO SWIP,ABEMIS_IRRIGATION,Isabela,1st District,Tumauini,Camasi,,,Rice Program,1.00,,12757847.76,2018,,Rice Program,Project Group: Irrigation and Water Systems | Project Type: Small Water Impounding Project | Beneficiary: CAMASI FARMERS
ABEMIS1719,Concreting of San Jose- Casili FMR,ABEMIS_FMR,Isabela,5th District,Mallig,San Jose Sur,,,Farm to Market Road Development Program,0.66,,4726300.00,2014,,Farm to Market Road Development Program,Project Group: Farm-to-Market Roads | Project Type: Farm-to-Market Road | Beneficiary: 
ABEMIS1720,SAN MANUEL SWIP,ABEMIS_IRRIGATION,Cagayan,2nd District,Santo Ni?o (Faire),San Manuel,,,Rice Program,1.00,,9134365.07,2016,,Rice Program,Project Group: Irrigation and Water Systems | Project Type: Small Water Impounding Project | Beneficiary: SAN MANUEL-BANTAY Small Water Irrigation System Association
ABEMIS1721,"Concreting of Brgy. Gundaway - Brgy. Rizal FMR, Brgy. Gundaway and Brgy. Rizal, Cabarroguis, Quirino",ABEMIS_FMR,Quirino,Quirino,Diffun,,,,Farm to Market Road Development Program,0.70,,0.00,2018,,Farm to Market Road Development Program,Project Group: Farm-to-Market Roads | Project Type: Farm-to-Market Road | Beneficiary: 
ABEMIS1722,Tamuyan Bugkalot FMR,ABEMIS_FMR,Nueva Vizcaya,Nueva Vizcaya,Dupax del Norte,,,,Farm to Market Road Development Program,0.34,,1999300.00,2014,,Farm to Market Road Development Program,Project Group: Farm-to-Market Roads | Project Type: Farm-to-Market Road | Beneficiary: 
ABEMIS1723,MUNGUIA SWIP,ABEMIS_IRRIGATION,Nueva Vizcaya,Nueva Vizcaya,Dupax del Norte,Munguia,,,Rice Program,1.00,,18886732.90,2017,,Rice Program,Project Group: Irrigation and Water Systems | Project Type: Small Water Impounding Project | Beneficiary: BRGY. MUNGUIA FARMER BENEFICIARIES
ABEMIS1724,Concreting of Olango-Siempre Viva FMR,ABEMIS_FMR,Isabela,5th District,Mallig,Siempre Viva Norte,,,Farm to Market Road Development Program,0.61,,4727000.00,2014,,Farm to Market Road Development Program,Project Group: Farm-to-Market Roads | Project Type: Farm-to-Market Road | Beneficiary: 
ABEMIS1725,Concreting of Mataddi FMR,ABEMIS_FMR,Quirino,Quirino,Nagtipunan,Mataddi,,,Farm to Market Road Development Program,0.40,,2889200.00,2015,,Farm to Market Road Development Program,Project Group: Farm-to-Market Roads | Project Type: Farm-to-Market Road | Beneficiary: 
ABEMIS1726,Watwat FMR,ABEMIS_FMR,Nueva Vizcaya,Nueva Vizcaya,Kasibu,Watwat,,,Farm to Market Road Development Program,0.36,,1990000.00,2015,,Farm to Market Road Development Program,Project Group: Farm-to-Market Roads | Project Type: Farm-to-Market Road | Beneficiary: 
ABEMIS1727,PAKAK SWIP,ABEMIS_IRRIGATION,Isabela,5th District,Quezon,Mangga,,,Rice Program,1.00,,15490803.88,2018,,Rice Program,Project Group: Irrigation and Water Systems | Project Type: Small Water Impounding Project | Beneficiary: MANGGA FARMERS
ABEMIS1728,"Concreting of Maligaya- San Jose FMR, Mallig, Isabela",ABEMIS_FMR,Isabela,5th District,Mallig,,,,Farm to Market Road Development Program,0.65,,4727000.00,2014,,Farm to Market Road Development Program,Project Group: Farm-to-Market Roads | Project Type: Farm-to-Market Road | Beneficiary: 
ABEMIS1729,"Concreting of Brgy. Kinabuan FMR, Brgy. Kinabuan, Dupax del Sur, Nueva Vizcaya",ABEMIS_FMR,Nueva Vizcaya,Nueva Vizcaya,Dupax del Sur,Kinabuan,,,Farm to Market Road Development Program,0.74,,0.00,2018,,Farm to Market Road Development Program,Project Group: Farm-to-Market Roads | Project Type: Farm-to-Market Road | Beneficiary: 
ABEMIS1730,Bulala FMR,ABEMIS_FMR,Nueva Vizcaya,Nueva Vizcaya,Dupax del Norte,Bulala,,,Farm to Market Road Development Program,0.26,,1999300.00,2014,,Farm to Market Road Development Program,Project Group: Farm-to-Market Roads | Project Type: Farm-to-Market Road | Beneficiary: 
ABEMIS1731,ALBA SWIP REHAB,ABEMIS_IRRIGATION,Cagayan,1st District,Baggao,Alba,,,Rice Program,1.00,,1154873.60,2017,,Rice Program,Project Group: Irrigation and Water Systems | Project Type: Small Water Impounding Project | Beneficiary: Alba Small Water Impounding Project Irrigators Association
ABEMIS1732,"Concreting of Brgy. Bantug FMR, Brgy. Bantug, Tamauini, Isabela",ABEMIS_FMR,Isabela,1st District,Tumauini,Bantug,,,Farm to Market Road Development Program,0.88,,4974983.20,2018,,Farm to Market Road Development Program,Project Group: Farm-to-Market Roads | Project Type: Farm-to-Market Road | Beneficiary: 
ABEMIS1733,Muta-Makiboy-Macate FMR,ABEMIS_FMR,Nueva Vizcaya,Nueva Vizcaya,Kasibu,Muta,,,Farm to Market Road Development Program,0.39,,2970000.00,2015,,Farm to Market Road Development Program,Project Group: Farm-to-Market Roads | Project Type: Farm-to-Market Road | Beneficiary: 
ABEMIS1734,Concreting of Plaza FMR,ABEMIS_FMR,Cagayan,1st District,Aparri,Plaza,,,Farm to Market Road Development Program,1.05,,5940000.00,2014,,Farm to Market Road Development Program,Project Group: Farm-to-Market Roads | Project Type: Farm-to-Market Road | Beneficiary: 
ABEMIS1735,Lusod-Manglad FMR,ABEMIS_FMR,Quirino,Quirino,Maddela,Lusod,,,Farm to Market Road Development Program,0.60,,4974900.00,2015,,Farm to Market Road Development Program,Project Group: Farm-to-Market Roads | Project Type: Farm-to-Market Road | Beneficiary: 
ABEMIS1736,APUNAN DD,ABEMIS_IRRIGATION,Nueva Vizcaya,Nueva Vizcaya,Dupax del Norte,Macabenga,,,Rice Program,1.00,,2402452.48,2017,,Rice Program,Project Group: Irrigation and Water Systems | Project Type: Diversion Dam | Beneficiary: BRGY. MACABENGA FARMER BENEFICIARIES
ABEMIS1737,Concreting of Marannao- San Pedro FMR,ABEMIS_FMR,Isabela,2nd District,San Mariano,,,,Farm to Market Road Development Program,0.72,,4726300.00,2014,,Farm to Market Road Development Program,Project Group: Farm-to-Market Roads | Project Type: Farm-to-Market Road | Beneficiary: 
ABEMIS1738,Asassi-Adaoag FMR,ABEMIS_FMR,Cagayan,1st District,Baggao,Asassi,,,Farm to Market Road Development Program,0.85,,5940000.00,2014,,Farm to Market Road Development Program,Project Group: Farm-to-Market Roads | Project Type: Farm-to-Market Road | Beneficiary: 
ABEMIS1739,"Concreting of Brgy. Rafael Palma FMR, Brgy. Rafael Palma, Diffun, Quirino",ABEMIS_FMR,Quirino,Quirino,Diffun,,,,Farm to Market Road Development Program,0.10,,0.00,2018,,Farm to Market Road Development Program,Project Group: Farm-to-Market Roads | Project Type: Farm-to-Market Road | Beneficiary: 
ABEMIS1740,CABULUAN II SWIP,ABEMIS_IRRIGATION,Cagayan,1st District,Alcala,Cabuluan,,,Rice Program,1.00,,1270346.57,2017,,Rice Program,Project Group: Irrigation and Water Systems | Project Type: Small Water Impounding Project | Beneficiary: CABULUAN II SWIP FARMER BENEFICIARIES
ABEMIS1741,"Concreting of Brgy. Cofcaville FMR, Brgy. Cofcaville, Maddela, Quirino",ABEMIS_FMR,Quirino,Quirino,Maddela,Cofcaville,,,Farm to Market Road Development Program,0.50,,0.00,2018,,Farm to Market Road Development Program,Project Group: Farm-to-Market Roads | Project Type: Farm-to-Market Road | Beneficiary: 
ABEMIS1742,MALLIG SWIP,ABEMIS_IRRIGATION,Isabela,5th District,Mallig,Trinidad,,,Rice Program,1.00,,20235582.29,2018,,Rice Program,Project Group: Irrigation and Water Systems | Project Type: Small Water Impounding Project | Beneficiary: TRINIDAD FARMERS
ABEMIS1743,BUNUGAN SWIP REHAB,ABEMIS_IRRIGATION,Cagayan,1st District,Baggao,Bunugan,,,Rice Program,1.00,,2154188.60,2017,,Rice Program,Project Group: Irrigation and Water Systems | Project Type: Small Water Impounding Project | Beneficiary: BUNUGAN SWIP FARMER BENEFICIARIES
ABEMIS1744,"Concreting of Brgy. Casili to Brgy. San Jose Norte 1 FMR, Brgy. Casili and Brgy. San Jose Norte 1, Mallig, Isabela",ABEMIS_FMR,Isabela,5th District,Mallig,,,,Farm to Market Road Development Program,0.50,,4975000.00,2018,,Farm to Market Road Development Program,Project Group: Farm-to-Market Roads | Project Type: Farm-to-Market Road | Beneficiary: 
ABEMIS1745,Centro 2-Waca FMR,ABEMIS_FMR,Cagayan,2nd District,Santa Praxedes,Centro II (Pob.),,,Farm to Market Road Development Program,0.69,,1950000.00,2015,,Farm to Market Road Development Program,Project Group: Farm-to-Market Roads | Project Type: Farm-to-Market Road | Beneficiary: 
ABEMIS1746,"Concreting of Brgy. Ifugao Village FMR, Brgy. Ifugao Village, Diffun, Quirino",ABEMIS_FMR,Quirino,Quirino,Diffun,Ifugao Village,,,Farm to Market Road Development Program,0.40,,0.00,2018,,Farm to Market Road Development Program,Project Group: Farm-to-Market Roads | Project Type: Farm-to-Market Road | Beneficiary: 
ABEMIS1747,Concreting of Diamantina- Dalig Kalinga FMR,ABEMIS_FMR,Isabela,5th District,Aurora,,,,Farm to Market Road Development Program,1.12,,7561500.00,2014,,Farm to Market Road Development Program,Project Group: Farm-to-Market Roads | Project Type: Farm-to-Market Road | Beneficiary: 
ABEMIS1748,Cabuluan-Abbeg-Afusing Daga FMR,ABEMIS_FMR,Cagayan,1st District,Alcala,Abbeg,,,Farm to Market Road Development Program,0.79,,5940000.00,2014,,Farm to Market Road Development Program,Project Group: Farm-to-Market Roads | Project Type: Farm-to-Market Road | Beneficiary: 
ABEMIS1749,"Concreting of DA-Quirino Experimental Station Road Network, Dungo FMR",ABEMIS_FMR,Quirino,Quirino,Aglipay,San Ramon,,,Farm to Market Road Development Program,1.10,,9950000.00,2014,,Farm to Market Road Development Program,Project Group: Farm-to-Market Roads | Project Type: Farm-to-Market Road | Beneficiary: 
ABEMIS1750,MANICAG II DD,ABEMIS_IRRIGATION,Nueva Vizcaya,Nueva Vizcaya,Kasibu,Watwat,,,Rice Program,1.00,,2640788.90,2017,,Rice Program,Project Group: Irrigation and Water Systems | Project Type: Diversion Dam | Beneficiary: BRGY. WATWAT FARMER BENEFICIARIES
ABEMIS1751,Concreting of Brgy. Centro FMR,ABEMIS_FMR,Cagayan,1st District,Santa Ana,Centro (Pob.),,,Farm to Market Road Development Program,0.97,,5940000.00,2014,,Farm to Market Road Development Program,Project Group: Farm-to-Market Roads | Project Type: Farm-to-Market Road | Beneficiary: 
ABEMIS1752,TAGAO SWIP,ABEMIS_IRRIGATION,Cagayan,2nd District,Lasam,Tagao,,,Rice Program,1.00,,18898071.83,2016,,Rice Program,Project Group: Irrigation and Water Systems | Project Type: Small Water Impounding Project | Beneficiary: TAGAO Small Water Irrigation System Association
ABEMIS1753,"Concreting of Kalang- Matarem FMR, Ivana (DAF CY-2015)",ABEMIS_FMR,Batanes,Batanes,Ivana,San Vicente (Igang),,,Farm to Market Road Development Program,0.20,,1990000.00,2015,,Farm to Market Road Development Program,Project Group: Farm-to-Market Roads | Project Type: Farm-to-Market Road | Beneficiary: 
ABEMIS1754,"Concreting of Brgy. Victoria to Brgy. San Jose Sur FMR, Brgy. Victoria and Brgy. San Jose Sur, Mallig, Isabela",ABEMIS_FMR,Isabela,5th District,Mallig,,,,Farm to Market Road Development Program,0.50,,4975000.00,2018,,Farm to Market Road Development Program,Project Group: Farm-to-Market Roads | Project Type: Farm-to-Market Road | Beneficiary: 
ABEMIS1755,Concreting of Gundaway (Rizal Road) FMR,ABEMIS_FMR,Quirino,Quirino,Cabarroguis (Capital),Gundaway (Pob.),,,Farm to Market Road Development Program,0.50,,4974800.00,2015,,Farm to Market Road Development Program,Project Group: Farm-to-Market Roads | Project Type: Farm-to-Market Road | Beneficiary: 
ABEMIS1756,Gattu FMR,ABEMIS_FMR,Cagayan,2nd District,Pamplona,Gattu,,,Farm to Market Road Development Program,0.85,,2985000.00,2014,,Farm to Market Road Development Program,Project Group: Farm-to-Market Roads | Project Type: Farm-to-Market Road | Beneficiary: 
ABEMIS1757,Concreting of Diamantina- Bolinao FMR,ABEMIS_FMR,Isabela,5th District,Aurora,,,,Farm to Market Road Development Program,0.71,,4726300.00,2014,,Farm to Market Road Development Program,Project Group: Farm-to-Market Roads | Project Type: Farm-to-Market Road | Beneficiary: 
ABEMIS1758,MACATE DD,ABEMIS_IRRIGATION,Nueva Vizcaya,Nueva Vizcaya,Dupax del Norte,Macabenga,,,Rice Program,1.00,,3536440.74,2018,,Rice Program,Project Group: Irrigation and Water Systems | Project Type: Diversion Dam | Beneficiary: MACATE FARMERS
ABEMIS1759,CSU-Nagbarangaran FMR,ABEMIS_FMR,Cagayan,2nd District,Sanchez Mira,,,,Farm to Market Road Development Program,0.20,,1990000.00,2015,,Farm to Market Road Development Program,Project Group: Farm-to-Market Roads | Project Type: Farm-to-Market Road | Beneficiary: 
ABEMIS1760,Concreting of Macate FMR,ABEMIS_FMR,Quirino,Quirino,Diffun,Makate,,,Farm to Market Road Development Program,0.50,,0.00,2018,,Farm to Market Road Development Program,Project Group: Farm-to-Market Roads | Project Type: Farm-to-Market Road | Beneficiary: 
ABEMIS1761,GUIBACK SWIP,ABEMIS_IRRIGATION,Cagayan,2nd District,Allacapan,Labben,,,Rice Program,1.00,,10547213.00,2017,,Rice Program,Project Group: Irrigation and Water Systems | Project Type: Small Water Impounding Project | Beneficiary: GUIBACK SWIP FARMER BENEFICIARIES
ABEMIS1762,Concreting of Palutan- Makindol FMR,ABEMIS_FMR,Isabela,2nd District,San Mariano,Palutan,,,Farm to Market Road Development Program,0.25,,1890500.00,2014,,Farm to Market Road Development Program,Project Group: Farm-to-Market Roads | Project Type: Farm-to-Market Road | Beneficiary: 
ABEMIS1763,Balzain FMR,ABEMIS_FMR,Nueva Vizcaya,Nueva Vizcaya,Dupax del Sur,Balsain,,,Farm to Market Road Development Program,0.39,,1999800.00,2014,,Farm to Market Road Development Program,Project Group: Farm-to-Market Roads | Project Type: Farm-to-Market Road | Beneficiary: 
ABEMIS1764,KASABAAN SWIP,ABEMIS_IRRIGATION,Nueva Vizcaya,Nueva Vizcaya,Aritao,Tucanon,,,Rice Program,1.00,,4609699.64,2017,,Rice Program,Project Group: Irrigation and Water Systems | Project Type: Small Water Impounding Project | Beneficiary: BRGY. TUCANON FARMER BENEFICIARIES
ABEMIS1765,"Concreting of Brgy. Mananao to Brgy. Mararingue FMR, Brgy. Mananao and Brgy. Mararingue, San Manuel, Isabela",ABEMIS_FMR,Isabela,5th District,San Manuel,Mararigue,,,Farm to Market Road Development Program,0.60,,5970000.00,2018,,Farm to Market Road Development Program,Project Group: Farm-to-Market Roads | Project Type: Farm-to-Market Road | Beneficiary: 
ABEMIS1766,Abulug Seed Farm and Foundation FMR,ABEMIS_FMR,Cagayan,2nd District,Abulug,Guiddam,,,Farm to Market Road Development Program,0.35,,3980000.00,2014,,Farm to Market Road Development Program,Project Group: Farm-to-Market Roads | Project Type: Farm-to-Market Road | Beneficiary: 
ABEMIS1767,GABUN SWIP,ABEMIS_IRRIGATION,Cagayan,2nd District,Lasam,Gabun,,,Rice Program,1.00,,6014707.55,2017,,Rice Program,Project Group: Irrigation and Water Systems | Project Type: Small Water Impounding Project | Beneficiary: GABUN SWIP FARMER BENEFICIARIES
ABEMIS1768,Concreting of Navagan FMR,ABEMIS_FMR,Cagayan,1st District,Aparri,Bulala Sur,,,Farm to Market Road Development Program,0.59,,3960000.00,2015,,Farm to Market Road Development Program,Project Group: Farm-to-Market Roads | Project Type: Farm-to-Market Road | Beneficiary: 
ABEMIS1769,Biyoy-Papalungan (Boundary NV-Quirino) FMR,ABEMIS_FMR,Nueva Vizcaya,Nueva Vizcaya,Kasibu,Biyoy,,,Farm to Market Road Development Program,0.31,,1980000.00,2015,,Farm to Market Road Development Program,Project Group: Farm-to-Market Roads | Project Type: Farm-to-Market Road | Beneficiary: 
ABEMIS1770,"Concreting of Brgy. Progreso FMR, Brgy. Progreso, Aglipay, Quirino",ABEMIS_FMR,Quirino,Quirino,Aglipay,,,,Farm to Market Road Development Program,0.50,,0.00,2018,,Farm to Market Road Development Program,Project Group: Farm-to-Market Roads | Project Type: Farm-to-Market Road | Beneficiary: 
ABEMIS1771,NICOLAS AGATEP SWIP,ABEMIS_IRRIGATION,Cagayan,2nd District,Lasam,Nicolas Agatep,,,Rice Program,1.00,,9853013.70,2016,,Rice Program,Project Group: Irrigation and Water Systems | Project Type: Small Water Impounding Project | Beneficiary: NICOLAS AGATEP Small Water Irrigation System Association
ABEMIS1772,"Concreting of Brgy. San Antonio to Brgy. Masigun FMR, Brgy. San Antonio and Brgy. Masigun, Burgos, Isabela",ABEMIS_FMR,Isabela,5th District,Burgos,Masigun,,,Farm to Market Road Development Program,0.98,,4975000.00,2018,,Farm to Market Road Development Program,Project Group: Farm-to-Market Roads | Project Type: Farm-to-Market Road | Beneficiary: 
ABEMIS1773,"Concreting of Cataguing-Sitio Cassissitan, Minanga FMR",ABEMIS_FMR,Isabela,2nd District,San Mariano,Cataguing,,,Farm to Market Road Development Program,0.41,,3166500.00,2014,,Farm to Market Road Development Program,Project Group: Farm-to-Market Roads | Project Type: Farm-to-Market Road | Beneficiary: 
ABEMIS1774,MAGSAYSAY SWIP,ABEMIS_IRRIGATION,Cagayan,2nd District,Lasam,Magsaysay,,,Rice Program,1.00,,16071482.17,2017,,Rice Program,Project Group: Irrigation and Water Systems | Project Type: Small Water Impounding Project | Beneficiary: MAGSAYSAY SWIP FARMER BENEFICIARIES
ABEMIS1775,"Chapnaywan FMR and Vayoy Chajapawan FMR, Uyugan (DAF CY - 2015)",ABEMIS_FMR,Batanes,Batanes,Uyugan,Itbud,,,Farm to Market Road Development Program,0.19,,3980000.00,2015,,Farm to Market Road Development Program,Project Group: Farm-to-Market Roads | Project Type: Farm-to-Market Road | Beneficiary: 
ABEMIS1776,Concreting of Pampang- Balangabang-Pangawan FMR,ABEMIS_FMR,Nueva Vizcaya,Nueva Vizcaya,Kayapa,Balangabang,,,Farm to Market Road Development Program,0.35,,1949800.00,2014,,Farm to Market Road Development Program,Project Group: Farm-to-Market Roads | Project Type: Farm-to-Market Road | Beneficiary: 
ABEMIS1777,"Mantata, Macabenga FMR",ABEMIS_FMR,Nueva Vizcaya,Nueva Vizcaya,Dupax del Norte,Bulala,,,Farm to Market Road Development Program,0.37,,1990000.00,2015,,Farm to Market Road Development Program,Project Group: Farm-to-Market Roads | Project Type: Farm-to-Market Road | Beneficiary: 
ABEMIS1778,NAGBITIN SWIP REHABILITATION,ABEMIS_IRRIGATION,Nueva Vizcaya,Nueva Vizcaya,Villaverde,Nagbitin,,,Rice Program,1.00,,980542.66,2018,,Rice Program,Project Group: Irrigation and Water Systems | Project Type: Small Water Impounding Project | Beneficiary: NAGBITIN FARMERS
ABEMIS1779,"Voyay-Tayatuan FMR, Ivana (DAF CY - 2015)",ABEMIS_FMR,Batanes,Batanes,Ivana,Salagao,,,Farm to Market Road Development Program,0.42,,1990000.00,2015,,Farm to Market Road Development Program,Project Group: Farm-to-Market Roads | Project Type: Farm-to-Market Road | Beneficiary: 
ABEMIS1780,"Concreting of Brgy. Mabini to Brgy. Union FMR, Brgy. Mabini and Brgy. Union, Gamu, Isabela",ABEMIS_FMR,Isabela,2nd District,Gamu,Mabini,,,Farm to Market Road Development Program,0.90,,8507020.20,2018,,Farm to Market Road Development Program,Project Group: Farm-to-Market Roads | Project Type: Farm-to-Market Road | Beneficiary: 
ABEMIS1781,Dopaj FMR,ABEMIS_FMR,Nueva Vizcaya,Nueva Vizcaya,Dupax del Sur,Palabotan,,,Farm to Market Road Development Program,0.28,,1999700.00,2014,,Farm to Market Road Development Program,Project Group: Farm-to-Market Roads | Project Type: Farm-to-Market Road | Beneficiary: 
ABEMIS1782,NICOLAS AGATEP SWIP,ABEMIS_IRRIGATION,Cagayan,2nd District,Lasam,Nicolas Agatep,,,Rice Program,1.00,,9853013.70,2016,,Rice Program,Project Group: Irrigation and Water Systems | Project Type: Small Water Impounding Project | Beneficiary: NICOLAS AGATEP Small Water Irrigation System Association
ABEMIS1783,"Sumjet-Dejey FMR, Uyugan (DAF CY - 2015)",ABEMIS_FMR,Batanes,Batanes,Uyugan,Imnajbu,,,Farm to Market Road Development Program,0.30,,2985000.00,2015,,Farm to Market Road Development Program,Project Group: Farm-to-Market Roads | Project Type: Farm-to-Market Road | Beneficiary: 
ABEMIS1784,"Concreting of Brgy. Pedlisan FMR, Brgy. Pedlisan, Maddela, Quirino",ABEMIS_FMR,Quirino,Quirino,Maddela,Pedlisan,,,Farm to Market Road Development Program,0.10,,0.00,2018,,Farm to Market Road Development Program,Project Group: Farm-to-Market Roads | Project Type: Farm-to-Market Road | Beneficiary: 
ABEMIS1785,"Chapnaywan FMR and Vayoy Chajapawan FMR, Uyugan (DAF CY - 2015)",ABEMIS_FMR,Batanes,Batanes,Uyugan,Itbud,,,Farm to Market Road Development Program,0.15,,3980000.00,2015,,Farm to Market Road Development Program,Project Group: Farm-to-Market Roads | Project Type: Farm-to-Market Road | Beneficiary: 
ABEMIS1786,"Concreting of Patkiao-Tawang, Besong FMR",ABEMIS_FMR,Nueva Vizcaya,Nueva Vizcaya,Kayapa,Besong,,,Farm to Market Road Development Program,0.21,,1989900.00,2014,,Farm to Market Road Development Program,Project Group: Farm-to-Market Roads | Project Type: Farm-to-Market Road | Beneficiary: 
ABEMIS1787,Concreting of Bantay- Bitabian-San Pablo FMR,ABEMIS_FMR,Isabela,2nd District,San Mariano,Bitabian,,,Farm to Market Road Development Program,0.38,,2504900.00,2014,,Farm to Market Road Development Program,Project Group: Farm-to-Market Roads | Project Type: Farm-to-Market Road | Beneficiary: 
ABEMIS1788,"Concreting of Brgy. Pinaripad Sur FMR, Brgy. Pinaripad Sur, Aglipay, Quirino",ABEMIS_FMR,Quirino,Quirino,Aglipay,Pinaripad Sur,,,Farm to Market Road Development Program,0.60,,0.00,2018,,Farm to Market Road Development Program,Project Group: Farm-to-Market Roads | Project Type: Farm-to-Market Road | Beneficiary: 
ABEMIS1789,MAASIN DD,ABEMIS_IRRIGATION,Nueva Vizcaya,Nueva Vizcaya,Quezon,Maasin,,,Rice Program,1.00,,3918972.90,2017,,Rice Program,Project Group: Irrigation and Water Systems | Project Type: Diversion Dam | Beneficiary: BRGY. MAASIN FARMER BENEFICIARIES
ABEMIS1790,"Concreting of Brgy. San Manuel FMR, Brgy. San Manuel, Naguilian, Isabela",ABEMIS_FMR,Isabela,2nd District,Naguilian,San Manuel,,,Farm to Market Road Development Program,0.50,,4975000.00,2018,,Farm to Market Road Development Program,Project Group: Farm-to-Market Roads | Project Type: Farm-to-Market Road | Beneficiary: 
ABEMIS1791,SANTIAGO DD,ABEMIS_IRRIGATION,Cagayan,2nd District,Sanchez Mira,Santiago,,,Rice Program,1.00,,5571834.00,2017,,Rice Program,Project Group: Irrigation and Water Systems | Project Type: Diversion Dam | Beneficiary: SANTIAGO DD FARMER BENEFICIARIES
ABEMIS1792,Construction of Brgy. Dungeg-Patunungan Ph. 1 FMR,ABEMIS_FMR,Cagayan,1st District,Santa Ana,Dungeg,,,Farm to Market Road Development Program,5.46,,24990000.00,2014,,Farm to Market Road Development Program,Project Group: Farm-to-Market Roads | Project Type: Farm-to-Market Road | Beneficiary: 
ABEMIS1793,"Dalayap, Carolotan FMR",ABEMIS_FMR,Nueva Vizcaya,Nueva Vizcaya,Kasibu,Kakiduguen,,,Farm to Market Road Development Program,0.20,,1999100.00,2014,,Farm to Market Road Development Program,Project Group: Farm-to-Market Roads | Project Type: Farm-to-Market Road | Beneficiary: 
ABEMIS1794,SAN TEODORO DD,ABEMIS_IRRIGATION,Cagayan,2nd District,Claveria,Santiago,,,Rice Program,1.00,,1598029.02,2017,,Rice Program,Project Group: Irrigation and Water Systems | Project Type: Diversion Dam | Beneficiary: SAN YEODOR DD FARMER BENEFICIARIES
ABEMIS1795,Concreting of Daragutan East FMR,ABEMIS_FMR,Isabela,2nd District,San Mariano,,,,Farm to Market Road Development Program,0.59,,3850500.00,2014,,Farm to Market Road Development Program,Project Group: Farm-to-Market Roads | Project Type: Farm-to-Market Road | Beneficiary: 
ABEMIS1796,"Concreting of Brgy. Poblacion Sur FMR, Brgy. Poblacion Sur, Maddela, Quirino",ABEMIS_FMR,Quirino,Quirino,Maddela,,,,Farm to Market Road Development Program,0.60,,0.00,2018,,Farm to Market Road Development Program,Project Group: Farm-to-Market Roads | Project Type: Farm-to-Market Road | Beneficiary: 
ABEMIS1797,"Concreting of Brgy. Capuseran to Brgy. Andabuen FMR, Brgy. Capuseran and Brgy. Andabuen, Benito Soliven, Isabela",ABEMIS_FMR,Isabela,2nd District,Benito Soliven,Andabuen,,,Farm to Market Road Development Program,0.60,,5970000.00,2018,,Farm to Market Road Development Program,Project Group: Farm-to-Market Roads | Project Type: Farm-to-Market Road | Beneficiary: 
ABEMIS1798,Concreting of Baliling-Bacneng FMR,ABEMIS_FMR,Nueva Vizcaya,Nueva Vizcaya,Santa Fe,Baliling,,,Farm to Market Road Development Program,0.30,,1955000.00,2014,,Farm to Market Road Development Program,Project Group: Farm-to-Market Roads | Project Type: Farm-to-Market Road | Beneficiary: 
ABEMIS1799,Maguirig FMR,ABEMIS_FMR,Cagayan,3rd District,Solana,Maguirig,,,Farm to Market Road Development Program,0.28,,2984900.00,2015,,Farm to Market Road Development Program,Project Group: Farm-to-Market Roads | Project Type: Farm-to-Market Road | Beneficiary: 
ABEMIS1800,BINGO-GURAY DD,ABEMIS_IRRIGATION,Nueva Vizcaya,Nueva Vizcaya,Dupax del Norte,Bitnong,,,Rice Program,1.00,,8602409.19,2017,,Rice Program,Project Group: Irrigation and Water Systems | Project Type: Diversion Dam | Beneficiary: BRGY. BITNONG FARMER BENEFICIARIES
ABEMIS1801,Talecabcab FMR,ABEMIS_FMR,Nueva Vizcaya,Nueva Vizcaya,Kayapa,Talecabcab,,,Farm to Market Road Development Program,0.47,,1990000.00,2015,,Farm to Market Road Development Program,Project Group: Farm-to-Market Roads | Project Type: Farm-to-Market Road | Beneficiary: 
ABEMIS1802,"CONCRETING OF LISED - MULONG FMR, STA. ROSA, ITBAYAT, BATANES",ABEMIS_FMR,Batanes,Batanes,Itbayat,Santa Rosa (Kaynatuan),,,Farm to Market Road Development Program,0.76,,19547635.91,2017,,Farm to Market Road Development Program,Project Group: Farm-to-Market Roads | Project Type: Farm-to-Market Road | Beneficiary: 
ABEMIS1803,"Concreting of Brgy. San Andres FMR, Brgy. San Andres, San Mateo, Isabela",ABEMIS_FMR,Isabela,3rd District,San Mateo,San Andres,,,Farm to Market Road Development Program,0.20,,2000000.00,2018,,Farm to Market Road Development Program,Project Group: Farm-to-Market Roads | Project Type: Farm-to-Market Road | Beneficiary: 
ABEMIS1804,"Concreting of Brgy. Sinamar Norte to Brgy. San Marcos FMR, Brgy. Sinamar Norte and Brgy. San Marcos, San Mateo, Isabela",ABEMIS_FMR,Isabela,3rd District,San Mateo,Sinamar Norte,,,Farm to Market Road Development Program,0.50,,5000000.00,2018,,Farm to Market Road Development Program,Project Group: Farm-to-Market Roads | Project Type: Farm-to-Market Road | Beneficiary: 
ABEMIS1805,"Concreting of Brgy. Divisoria Sur FMR, Brgy. Divisoria Sur, Maddela, Quirino",ABEMIS_FMR,Quirino,Quirino,Maddela,Divisoria Sur (Bisangal),,,Farm to Market Road Development Program,0.60,,0.00,2018,,Farm to Market Road Development Program,Project Group: Farm-to-Market Roads | Project Type: Farm-to-Market Road | Beneficiary: 
ABEMIS1806,"Concreting of Brgy. Dipintin FMR, Brgy. Dipintin, Maddela, Quirino",ABEMIS_FMR,Quirino,Quirino,Maddela,,,,Farm to Market Road Development Program,0.70,,0.00,2018,,Farm to Market Road Development Program,Project Group: Farm-to-Market Roads | Project Type: Farm-to-Market Road | Beneficiary: 
ABEMIS1807,Beti-Yaway FMR,ABEMIS_FMR,Nueva Vizcaya,Nueva Vizcaya,Aritao,Beti,,,Farm to Market Road Development Program,0.41,,1999200.00,2014,,Farm to Market Road Development Program,Project Group: Farm-to-Market Roads | Project Type: Farm-to-Market Road | Beneficiary: 
ABEMIS1808,DIVISORIA SWIP LIUE OF ASTA MARIA SWIP,ABEMIS_IRRIGATION,Quirino,Quirino,Maddela,Divisoria Sur (Bisangal),,,Rice Program,1.00,,3698058.75,2018,,Rice Program,Project Group: Irrigation and Water Systems | Project Type: Small Water Impounding Project | Beneficiary: DIVISORIA SUR FARMERS
ABEMIS1809,Concreting of San Pedro to Bagnos FMR,ABEMIS_FMR,Isabela,3rd District,Alicia,San Pedro,,,Farm to Market Road Development Program,3.62,,19900000.00,2014,,Farm to Market Road Development Program,Project Group: Farm-to-Market Roads | Project Type: Farm-to-Market Road | Beneficiary: 
ABEMIS1810,CATAG SWIP,ABEMIS_IRRIGATION,Cagayan,2nd District,Lasam,Tagao,,,Rice Program,1.00,,16104943.54,2017,,Rice Program,Project Group: Irrigation and Water Systems | Project Type: Small Water Impounding Project | Beneficiary: CATAG SWIP FARMER BENEFICIARIES
ABEMIS1811,Concreting of Brgy. Tagumay FMR,ABEMIS_FMR,Cagayan,1st District,Gattaran,Tagumay,,,Farm to Market Road Development Program,0.40,,2970000.00,2014,,Farm to Market Road Development Program,Project Group: Farm-to-Market Roads | Project Type: Farm-to-Market Road | Beneficiary: 
ABEMIS1812,Concreting of Tactac-Atbu FMR,ABEMIS_FMR,Nueva Vizcaya,Nueva Vizcaya,Santa Fe,Atbu,,,Farm to Market Road Development Program,0.25,,1983600.00,2014,,Farm to Market Road Development Program,Project Group: Farm-to-Market Roads | Project Type: Farm-to-Market Road | Beneficiary: 
ABEMIS1813,Comon-Gasajas FMR,ABEMIS_FMR,Nueva Vizcaya,Nueva Vizcaya,Aritao,Comon,,,Farm to Market Road Development Program,0.28,,1980000.00,2015,,Farm to Market Road Development Program,Project Group: Farm-to-Market Roads | Project Type: Farm-to-Market Road | Beneficiary: 
ABEMIS1814,MINANGA SUR SWIP,ABEMIS_IRRIGATION,Cagayan,2nd District,Lasam,Minanga Sur,,,Rice Program,1.00,,6732448.80,2017,,Rice Program,Project Group: Irrigation and Water Systems | Project Type: Small Water Impounding Project | Beneficiary: MINANGA SUR SWIP FARMER BENEFICIARIES
ABEMIS1815,Roma Norte-Batu Road,ABEMIS_FMR,Cagayan,3rd District,Enrile,Roma Norte,,,Farm to Market Road Development Program,0.65,,4975000.00,2015,,Farm to Market Road Development Program,Project Group: Farm-to-Market Roads | Project Type: Farm-to-Market Road | Beneficiary: 
ABEMIS1816,Concreting of Del Pilar FMR,ABEMIS_FMR,Quirino,Quirino,Cabarroguis (Capital),Del Pilar,,,Farm to Market Road Development Program,0.60,,0.00,2018,,Farm to Market Road Development Program,Project Group: Farm-to-Market Roads | Project Type: Farm-to-Market Road | Beneficiary: 
ABEMIS1817,Karianiagan-Gasajas FMR,ABEMIS_FMR,Nueva Vizcaya,Nueva Vizcaya,Aritao,,,,Farm to Market Road Development Program,0.37,,1999800.00,2014,,Farm to Market Road Development Program,Project Group: Farm-to-Market Roads | Project Type: Farm-to-Market Road | Beneficiary: 
ABEMIS1818,MANUPOG DD,ABEMIS_IRRIGATION,Nueva Vizcaya,Nueva Vizcaya,Kasibu,Muta,,,Rice Program,1.00,,2657957.40,2017,,Rice Program,Project Group: Irrigation and Water Systems | Project Type: Diversion Dam | Beneficiary: BRGY. MUTA FARMER BENEFICIARIES
ABEMIS1819,"Concreting of Brgy. Barangcuag to Brgy. Victoria FMR, Brgy. Barancuag, Angadanan, Isabela",ABEMIS_FMR,Isabela,3rd District,Angadanan,Barangcuag,,,Farm to Market Road Development Program,1.50,,4975000.00,2018,,Farm to Market Road Development Program,Project Group: Farm-to-Market Roads | Project Type: Farm-to-Market Road | Beneficiary: 
ABEMIS1820,VILLAREY SWIP,ABEMIS_IRRIGATION,Cagayan,2nd District,Piat,Villa Rey (San Gaspar*),,,Rice Program,1.00,,8887699.77,2017,,Rice Program,Project Group: Irrigation and Water Systems | Project Type: Small Water Impounding Project | Beneficiary: VILLAREY SWIP FARMER BENEFICIARIES
ABEMIS1821,Concreting of Brgy. Dibibi - Brgy. San Benigno FMR,ABEMIS_FMR,Quirino,Quirino,Cabarroguis (Capital),Dibibi,,,Farm to Market Road Development Program,0.60,,5969400.00,2015,,Farm to Market Road Development Program,Project Group: Farm-to-Market Roads | Project Type: Farm-to-Market Road | Beneficiary: 
ABEMIS1822,MOLAVE DD,ABEMIS_IRRIGATION,Nueva Vizcaya,Nueva Vizcaya,Dupax del Norte,Bitnong,,,Rice Program,1.00,,3588475.10,2017,,Rice Program,Project Group: Irrigation and Water Systems | Project Type: Diversion Dam | Beneficiary: BRGY. BITNONG FARMER BENEFICIARIES
ABEMIS1823,VIGA SWIP,ABEMIS_IRRIGATION,Cagayan,2nd District,Lasam,Viga,,,Rice Program,1.00,,10180165.97,2017,,Rice Program,Project Group: Irrigation and Water Systems | Project Type: Small Water Impounding Project | Beneficiary: VIGA SWIP FARMER BENEFICIARIES
ABEMIS1824,ABAGATAN SWIP,ABEMIS_IRRIGATION,Cagayan,2nd District,Claveria,Pata West,,,Rice Program,1.00,,5283039.52,2017,,Rice Program,Project Group: Irrigation and Water Systems | Project Type: Small Water Impounding Project | Beneficiary: Abagatan Small Water Impounding Farmer Beneficiaries
ABEMIS1825,"Concreting of Sitio Lunac - Duroc Dipaluda, Brgy. Buenavista FMR, Brgy. Buenavista, Angadanan, Isabela",ABEMIS_FMR,Isabela,3rd District,Angadanan,Buenavista,,,Farm to Market Road Development Program,0.70,,7000000.00,2018,,Farm to Market Road Development Program,Project Group: Farm-to-Market Roads | Project Type: Farm-to-Market Road | Beneficiary: 
ABEMIS1826,PATAGA SWIP REHAB,ABEMIS_IRRIGATION,Cagayan,2nd District,Sanchez Mira,Langagan,,,Rice Program,1.00,,2413796.46,2016,,Rice Program,Project Group: Irrigation and Water Systems | Project Type: Small Water Impounding Project | Beneficiary: PATAGA Small Water Irrigation System Association
ABEMIS1827,Concreting of Brgy. Villa Agulla - Villa Ylanan - San Martin FMR,ABEMIS_FMR,Quirino,Quirino,Maddela,Villa Jose V Ylanan,,,Farm to Market Road Development Program,0.70,,19990000.00,2014,,Farm to Market Road Development Program,Project Group: Farm-to-Market Roads | Project Type: Farm-to-Market Road | Beneficiary: 
ABEMIS1828,CASITAN SWIP,ABEMIS_IRRIGATION,Cagayan,2nd District,Pamplona,Casitan,,,Rice Program,1.00,,6127249.80,2017,,Rice Program,Project Group: Irrigation and Water Systems | Project Type: Small Water Impounding Project | Beneficiary: CASITAN SWIP FARMER BENEFICIARIES
ABEMIS1829,Construction of San Esteban SPIS Project,ABEMIS_IRRIGATION,Cagayan,1st District,Alcala,San Esteban,,,Rice Program,1.00,,5642080.00,2017,,Rice Program,Project Group: Irrigation and Water Systems | Project Type: Solar-Powered Irrigation System | Beneficiary: San Esteban Small Water Irrigation System Association
ABEMIS1830,CANIWALAN DD,ABEMIS_IRRIGATION,Cagayan,2nd District,Calayan,Magsidel,,,Rice Program,1.00,,2460853.55,2017,,Rice Program,Project Group: Irrigation and Water Systems | Project Type: Diversion Dam | Beneficiary: CANIWALAN DD FARMER BENEFICIARIES
ABEMIS1831,SALPAD DD,ABEMIS_IRRIGATION,Cagayan,2nd District,Claveria,Dibalio,,,Rice Program,1.00,,1045333.53,2018,,Rice Program,Project Group: Irrigation and Water Systems | Project Type: Diversion Dam | Beneficiary: DIBALIO FARMERS
ABEMIS1832,"Concreting of Antonio, Linglingay and Salvacion FMR",ABEMIS_FMR,Isabela,3rd District,Alicia,,,,Farm to Market Road Development Program,1.77,,9950000.00,2014,,Farm to Market Road Development Program,Project Group: Farm-to-Market Roads | Project Type: Farm-to-Market Road | Beneficiary: 
ABEMIS1833,MARABBON-MALUKKIT SWIP REHAB,ABEMIS_IRRIGATION,Cagayan,2nd District,Sanchez Mira,Centro II (Pob.),,,Rice Program,1.00,,2418381.62,2016,,Rice Program,Project Group: Irrigation and Water Systems | Project Type: Small Water Impounding Project | Beneficiary: MARABBUN-MALUKKIT Small Water Irrigation System Association
ABEMIS1834,BINUANGAN DD,ABEMIS_IRRIGATION,Nueva Vizcaya,Nueva Vizcaya,Dupax del Norte,Binnuangan,,,Rice Program,1.00,,2007959.91,2017,,Rice Program,Project Group: Irrigation and Water Systems | Project Type: Diversion Dam | Beneficiary: BRGY. BINUANGAN FARMER BENEFICIARIES
ABEMIS1835,TUENG DD,ABEMIS_IRRIGATION,Nueva Vizcaya,Nueva Vizcaya,Dupax del Sur,Palabotan,,,Rice Program,1.00,,4689437.00,2017,,Rice Program,Project Group: Irrigation and Water Systems | Project Type: Diversion Dam | Beneficiary: BRGY. PALABUTAN FARMER BENEFICIARIES
ABEMIS1836,"Concreting of Brgy. Liwliwa FMR, Brgy. Liwliwa, Angadanan, Isabela",ABEMIS_FMR,Isabela,3rd District,Angadanan,Liwliwa,,,Farm to Market Road Development Program,3.40,,11879984.91,2018,,Farm to Market Road Development Program,Project Group: Farm-to-Market Roads | Project Type: Farm-to-Market Road | Beneficiary: 
ABEMIS1837,Concreting of Quirino Experiement Station FMR,ABEMIS_FMR,Quirino,Quirino,Aglipay,San Ramon,,,Farm to Market Road Development Program,0.50,,4974600.00,2015,,Farm to Market Road Development Program,Project Group: Farm-to-Market Roads | Project Type: Farm-to-Market Road | Beneficiary: 
ABEMIS1838,"Sta Rosa- Mapala,San Fabian FMR",ABEMIS_FMR,Nueva Vizcaya,Nueva Vizcaya,Kayapa,San Fabian,,,Farm to Market Road Development Program,0.28,,1999300.00,2014,,Farm to Market Road Development Program,Project Group: Farm-to-Market Roads | Project Type: Farm-to-Market Road | Beneficiary: 
ABEMIS1839,GREENVALLEY DD,ABEMIS_IRRIGATION,Nueva Vizcaya,Nueva Vizcaya,Dupax del Norte,Bitnong,,,Rice Program,1.00,,5148910.12,2017,,Rice Program,Project Group: Irrigation and Water Systems | Project Type: Diversion Dam | Beneficiary: BRGY. BITNONG FARMER BENEFICIARIES
ABEMIS1840,"Concreting of Brgy. Mabini to Brgy. Union FMR, Brgy. Mabini and Brgy. Union, Gamu, Isabela",ABEMIS_FMR,Isabela,2nd District,Gamu,Mabini,,,Farm to Market Road Development Program,0.90,,8507020.20,2017,,Farm to Market Road Development Program,Project Group: Farm-to-Market Roads | Project Type: Farm-to-Market Road | Beneficiary: 
ABEMIS1841,"Concreting of Brgy. San Francisco Norte to Brgy. Dietban FMR, Brgy. San Francisco Norte and Brgy. Dietban, San Guillermo, Isabela",ABEMIS_FMR,Isabela,6th District,San Guillermo,San Francisco Norte,,,Farm to Market Road Development Program,0.50,,5000000.00,2018,,Farm to Market Road Development Program,Project Group: Farm-to-Market Roads | Project Type: Farm-to-Market Road | Beneficiary: 
ABEMIS1842,BACRING 2 SWIP,ABEMIS_IRRIGATION,Cagayan,3rd District,Amulung,Bacring,,,Rice Program,1.00,,12488138.02,2016,,Rice Program,Project Group: Irrigation and Water Systems | Project Type: Small Water Impounding Project | Beneficiary: Bacring Small Water Irrigation System Association
ABEMIS1843,UDDIAWAN DD EHAB,ABEMIS_IRRIGATION,Nueva Vizcaya,Nueva Vizcaya,Solano,Uddiawan,,,Rice Program,1.00,,779174.40,2017,,Rice Program,Project Group: Irrigation and Water Systems | Project Type: Diversion Dam | Beneficiary: BRGY. UDDIAWAN FARMER BENEFICIARIES
ABEMIS1844,"Concreting of Brgy. Barcolan FMR, Brgy. Barcolan, Gamu, Isabela",ABEMIS_FMR,Isabela,2nd District,Gamu,Barcolan,,,Farm to Market Road Development Program,0.20,,2000000.00,2017,,Farm to Market Road Development Program,Project Group: Farm-to-Market Roads | Project Type: Farm-to-Market Road | Beneficiary: 
ABEMIS1845,Concreting of Ramona and Ingub Norte FMR,ABEMIS_FMR,Isabela,3rd District,Angadanan,Ramona,,,Farm to Market Road Development Program,2.10,,9950000.00,2014,,Farm to Market Road Development Program,Project Group: Farm-to-Market Roads | Project Type: Farm-to-Market Road | Beneficiary: 
ABEMIS1846,BINOGAOAN DD,ABEMIS_IRRIGATION,Nueva Vizcaya,Nueva Vizcaya,Kasibu,Binogawan,,,Rice Program,1.00,,993084.80,2017,,Rice Program,Project Group: Irrigation and Water Systems | Project Type: Diversion Dam | Beneficiary: BRGY. BINOGAOAN FARMER BENEFICARIES
ABEMIS1847,"Concreting of Isabela Experiment Station Road Network , Brgy. Upi FMR, Brgy. Upi, Gamu,Isabela",ABEMIS_FMR,Isabela,2nd District,Gamu,Upi,,,Farm to Market Road Development Program,0.50,,4713375.81,2017,,Farm to Market Road Development Program,Project Group: Farm-to-Market Roads | Project Type: Farm-to-Market Road | Beneficiary: 
ABEMIS1848,Tabueng-Latar FMR,ABEMIS_FMR,Nueva Vizcaya,Nueva Vizcaya,Aritao,Tabueng,,,Farm to Market Road Development Program,0.34,,1999500.00,2014,,Farm to Market Road Development Program,Project Group: Farm-to-Market Roads | Project Type: Farm-to-Market Road | Beneficiary: 
ABEMIS1849,DINGDIANGAT DD REHAB,ABEMIS_IRRIGATION,Nueva Vizcaya,Nueva Vizcaya,Solano,Pilar D. Galima,,,Rice Program,1.00,,2292500.50,2017,,Rice Program,Project Group: Irrigation and Water Systems | Project Type: Diversion Dam | Beneficiary: BRGY. P.D. GALIMA FARMER BENEFICIARIES
ABEMIS1850,Concreting of Brgy. Maura - Brgy. Gaddang FMR,ABEMIS_FMR,Cagayan,1st District,Aparri,Maura,,,Farm to Market Road Development Program,0.28,,2475000.00,2015,,Farm to Market Road Development Program,Project Group: Farm-to-Market Roads | Project Type: Farm-to-Market Road | Beneficiary: 
ABEMIS1851,UMFA DIVERSION STRUCTURE,ABEMIS_IRRIGATION,Nueva Vizcaya,Nueva Vizcaya,Dupax del Norte,Munguia,,,Rice Program,1.00,,1815788.20,2017,,Rice Program,Project Group: Irrigation and Water Systems | Project Type: Diversion Dam | Beneficiary: BRGY. MUNGUIA FARMER BENEFICIARIES
ABEMIS1852,"Concreting of Brgy. Minallo to Brgy. Flores FMR, Brgy. Minallo and Brgy. Flores, Naguilian, Isabela",ABEMIS_FMR,Isabela,2nd District,Naguilian,Minallo,,,Farm to Market Road Development Program,0.20,,1801810.14,2017,,Farm to Market Road Development Program,Project Group: Farm-to-Market Roads | Project Type: Farm-to-Market Road | Beneficiary: 
ABEMIS1853,"Concreting of Brgy. Sinalugan to Brgy. Dingading FMR, Brgy. Sinalugan and Brgy. Dingading, San Guillermo, Isabela",ABEMIS_FMR,Isabela,6th District,San Guillermo,Sinalugan,,,Farm to Market Road Development Program,1.00,,10000000.00,2018,,Farm to Market Road Development Program,Project Group: Farm-to-Market Roads | Project Type: Farm-to-Market Road | Beneficiary: 
ABEMIS1854,BACULOD SWIP,ABEMIS_IRRIGATION,Cagayan,3rd District,Iguig,Baculud,,,Rice Program,1.00,,6438807.50,2016,,Rice Program,Project Group: Irrigation and Water Systems | Project Type: Small Water Impounding Project | Beneficiary: Baculud Small Water Irrigation System Association
ABEMIS1855,Concreting of Bisagu FMR,ABEMIS_FMR,Cagayan,1st District,Aparri,,,,Farm to Market Road Development Program,0.35,,2475000.00,2015,,Farm to Market Road Development Program,Project Group: Farm-to-Market Roads | Project Type: Farm-to-Market Road | Beneficiary: 
ABEMIS1856,QES SWIP,ABEMIS_IRRIGATION,Quirino,Quirino,Aglipay,Dungo (Osme?a),,,Rice Program,1.00,,5214788.28,2017,,Rice Program,Project Group: Irrigation and Water Systems | Project Type: Small Water Impounding Project | Beneficiary: BRGY. DUNGO FARMER BENEFICIARIES
ABEMIS1857,Concreting of Caquilingan and Anonang Phase 2 FMR,ABEMIS_FMR,Isabela,4th District,Cordon,Caquilingan (San Luis),,,Farm to Market Road Development Program,1.03,,9950000.00,2014,,Farm to Market Road Development Program,Project Group: Farm-to-Market Roads | Project Type: Farm-to-Market Road | Beneficiary: 
ABEMIS1858,TAMSI DD,ABEMIS_IRRIGATION,Quirino,Quirino,Nagtipunan,San Dionisio II,,,Rice Program,1.00,,4994314.65,2017,,Rice Program,Project Group: Irrigation and Water Systems | Project Type: Diversion Dam | Beneficiary: SAN DIONICIO II
ABEMIS1859,"Concreting of Brgy. Maluno Sur to Brgy. Maluno Norte FMR, Brgy.Maluno Sur and Brgy, Maluno Norte, Benito Soliven, Isabela",ABEMIS_FMR,Isabela,2nd District,Benito Soliven,Maluno Sur,,,Farm to Market Road Development Program,0.50,,4719865.94,2017,,Farm to Market Road Development Program,Project Group: Farm-to-Market Roads | Project Type: Farm-to-Market Road | Beneficiary: 
ABEMIS1860,CABRA SWIP REHAB,ABEMIS_IRRIGATION,Nueva Vizcaya,Nueva Vizcaya,Diadi,,,,Rice Program,1.00,,2853861.54,2017,,Rice Program,Project Group: Irrigation and Water Systems | Project Type: Small Water Impounding Project | Beneficiary: BRGY. CABRA FARMER BENEFICIARIES
ABEMIS1861,DAMMANG DD,ABEMIS_IRRIGATION,Cagayan,3rd District,Solana,Nabbotuan,,,Rice Program,1.00,,2486275.00,2016,,Rice Program,Project Group: Irrigation and Water Systems | Project Type: Diversion Dam | Beneficiary: DAMMANG-NABBOTUAN Small Water Irrigation System Association
ABEMIS1862,SAN BERNABE SWIP,ABEMIS_IRRIGATION,Quirino,Quirino,Maddela,San Bernabe,,,Rice Program,1.00,,7017126.24,2017,,Rice Program,Project Group: Irrigation and Water Systems | Project Type: Small Water Impounding Project | Beneficiary: BRGY. SAN BERNABE FARMER BENEFICIARIES
ABEMIS1863,SAN ANTONIO NORTH SWIP REHAB,ABEMIS_IRRIGATION,Nueva Vizcaya,Nueva Vizcaya,Bambang,San Antonio North,,,Rice Program,1.00,,1484435.82,2017,,Rice Program,Project Group: Irrigation and Water Systems | Project Type: Small Water Impounding Project | Beneficiary: BRGY. SAN ANTONIO FARMER BENEFICIARIES
ABEMIS1864,Concreting of Joaquin De La Cruz FMR,ABEMIS_FMR,Cagayan,1st District,Camalaniugan,,,,Farm to Market Road Development Program,2.94,,2970000.00,2015,,Farm to Market Road Development Program,Project Group: Farm-to-Market Roads | Project Type: Farm-to-Market Road | Beneficiary: 
ABEMIS1865,Concreting of Brgy. San Bernabe - Sto. Tomas FMR,ABEMIS_FMR,Quirino,Quirino,Maddela,San Salvador,,,Farm to Market Road Development Program,1.90,,19500000.00,2014,,Farm to Market Road Development Program,Project Group: Farm-to-Market Roads | Project Type: Farm-to-Market Road | Beneficiary: 
ABEMIS1866,GENERAL BALAO DD,ABEMIS_IRRIGATION,Cagayan,3rd District,Solana,Gen. Eulogio Balao,,,Rice Program,1.00,,2910107.53,2016,,Rice Program,Project Group: Irrigation and Water Systems | Project Type: Diversion Dam | Beneficiary: PUSWAK Small Water Irrigation System Association
ABEMIS1867,Concreting of Lurad FMR,ABEMIS_FMR,Nueva Vizcaya,Nueva Vizcaya,Diadi,Lurad,,,Farm to Market Road Development Program,0.20,,1990000.00,2014,,Farm to Market Road Development Program,Project Group: Farm-to-Market Roads | Project Type: Farm-to-Market Road | Beneficiary: 
ABEMIS1868,Concreting of Brgy. Palagao Sur FMR,ABEMIS_FMR,Cagayan,1st District,Gattaran,Palagao Sur,,,Farm to Market Road Development Program,0.41,,2970000.00,2014,,Farm to Market Road Development Program,Project Group: Farm-to-Market Roads | Project Type: Farm-to-Market Road | Beneficiary: 
ABEMIS1869,Concreting of Arubub FMR,ABEMIS_FMR,Isabela,4th District,Jones,Arubub,,,Farm to Market Road Development Program,1.90,,9068800.00,2014,,Farm to Market Road Development Program,Project Group: Farm-to-Market Roads | Project Type: Farm-to-Market Road | Beneficiary: 
ABEMIS1870,ROMA SWIP,ABEMIS_IRRIGATION,Cagayan,3rd District,Enrile,Roma Sur,,,Rice Program,1.00,,15908783.10,2017,,Rice Program,Project Group: Irrigation and Water Systems | Project Type: Small Water Impounding Project | Beneficiary: BRGY. ROMA SUR FARMER BENEFICIARIES
ABEMIS1871,CULAO DD REHAB,ABEMIS_IRRIGATION,Cagayan,2nd District,Claveria,Culao,,,Rice Program,1.00,,4524628.93,2017,,Rice Program,Project Group: Irrigation and Water Systems | Project Type: Diversion Dam | Beneficiary: BRGY. CULAO FARMER BENEFICIARIES
ABEMIS1872,KORAL SWIP,ABEMIS_IRRIGATION,Cagayan,3rd District,Iguig,Campo,,,Rice Program,1.00,,7065790.10,2017,,Rice Program,Project Group: Irrigation and Water Systems | Project Type: Small Water Impounding Project | Beneficiary: BRGY. CAMPO FARMER BENEFICIARIES
ABEMIS1873,Concreting of Usol -Namnama FMR,ABEMIS_FMR,Isabela,4th District,Jones,Usol,,,Farm to Market Road Development Program,1.01,,9950000.00,2014,,Farm to Market Road Development Program,Project Group: Farm-to-Market Roads | Project Type: Farm-to-Market Road | Beneficiary: 
ABEMIS1874,Concreting of Duruarog FMR,ABEMIS_FMR,Nueva Vizcaya,Nueva Vizcaya,Diadi,,,,Farm to Market Road Development Program,0.43,,1980000.00,2015,,Farm to Market Road Development Program,Project Group: Farm-to-Market Roads | Project Type: Farm-to-Market Road | Beneficiary: 
ABEMIS1875,Construction of Macanao SPIS Project,ABEMIS_IRRIGATION,Isabela,5th District,Luna,Maca?ao,,,Rice Program,1.00,,5700193.00,2018,,Rice Program,Project Group: Irrigation and Water Systems | Project Type: Solar-Powered Irrigation System | Beneficiary: Macanao Small Water Irrigation System Association
ABEMIS1876,Construction of San Juan SPIS Project,ABEMIS_IRRIGATION,Isabela,1st District,Ilagan City (Capital),,,,Rice Program,1.00,,5780610.31,2018,,Rice Program,Project Group: Irrigation and Water Systems | Project Type: Solar-Powered Irrigation System | Beneficiary: SITIO MINANGA SAN JUAN SWISA
ABEMIS1877,BALIUAG SWIP,ABEMIS_IRRIGATION,Cagayan,3rd District,Pe?ablanca,Baliuag,,,Rice Program,1.00,,14797577.90,2017,,Rice Program,Project Group: Irrigation and Water Systems | Project Type: Small Water Impounding Project | Beneficiary: BRGY. BALIUAG FARMER BENEFICIARIES
ABEMIS1878,MASIN SWIP,ABEMIS_IRRIGATION,Cagayan,3rd District,Solana,Iraga,,,Rice Program,1.00,,26517580.75,2017,,Rice Program,Project Group: Irrigation and Water Systems | Project Type: Small Water Impounding Project | Beneficiary: BRGY. IRAGA FARMER BENEFICIARIES
ABEMIS1879,"Concreting of Sitio Limbo FMR, Brgy. Escoting, Diadi, Nueva Vizcaya",ABEMIS_FMR,Nueva Vizcaya,Nueva Vizcaya,Diadi,Escoting,,,Farm to Market Road Development Program,0.27,,1990000.00,2018,,Farm to Market Road Development Program,Project Group: Farm-to-Market Roads | Project Type: Farm-to-Market Road | Beneficiary: 
ABEMIS1880,Construction of Labinab SPIS Project,ABEMIS_IRRIGATION,Isabela,6th District,City of Cauayan,Labinab,,,Rice Program,1.00,,6561030.00,2018,,Rice Program,Project Group: Irrigation and Water Systems | Project Type: Solar-Powered Irrigation System | Beneficiary: Labinab Small Water Irrigation System Association
ABEMIS1881,"Concreting of Brgy. San Francisco FMR Brgy.San Francisco, Benito Soliven, Isabela",ABEMIS_FMR,Isabela,2nd District,Benito Soliven,San Francisco,,,Farm to Market Road Development Program,0.50,,4725965.10,2017,,Farm to Market Road Development Program,Project Group: Farm-to-Market Roads | Project Type: Farm-to-Market Road | Beneficiary: 
ABEMIS1882,Concreting of Dappig and Caloacan FMR,ABEMIS_FMR,Isabela,4th District,San Agustin,Dappig,,,Farm to Market Road Development Program,0.41,,2895000.00,2014,,Farm to Market Road Development Program,Project Group: Farm-to-Market Roads | Project Type: Farm-to-Market Road | Beneficiary: 
ABEMIS1883,"Concreting Camaya FMR, Brgy. Sta. Maria, Itbayat, Batanes",ABEMIS_FMR,Batanes,Batanes,Itbayat,,,,Farm to Market Road Development Program,0.40,,1960000.00,2017,,Farm to Market Road Development Program,Project Group: Farm-to-Market Roads | Project Type: Farm-to-Market Road | Beneficiary: 
ABEMIS1884,SANBAYCAMCAL SWIP,ABEMIS_IRRIGATION,Isabela,1st District,Delfin Albano (Magsaysay),Bayabo,,,Rice Program,1.00,,12202433.34,2016,,Rice Program,Project Group: Irrigation and Water Systems | Project Type: Small Water Impounding Project | Beneficiary: CASABAY Small Water Irrigation System Association
ABEMIS1885,Concreting of Cullit-Rosario FMR,ABEMIS_FMR,Cagayan,1st District,Lal-lo,,,,Farm to Market Road Development Program,0.48,,3960000.00,2015,,Farm to Market Road Development Program,Project Group: Farm-to-Market Roads | Project Type: Farm-to-Market Road | Beneficiary: 
ABEMIS1886,Construction of Namuccayan SPIS Project,ABEMIS_IRRIGATION,Cagayan,2nd District,Santo Ni?o (Faire),Namuccayan,,,Rice Program,1.00,,5780292.47,2018,,Rice Program,Project Group: Irrigation and Water Systems | Project Type: Solar-Powered Irrigation System | Beneficiary: Namuccayan Small Water Irrigation System Association
ABEMIS1887,BARANGABANG SWIP,ABEMIS_IRRIGATION,Cagayan,3rd District,Enrile,Batu,,,Rice Program,1.00,,3015700.48,2017,,Rice Program,Project Group: Irrigation and Water Systems | Project Type: Small Water Impounding Project | Beneficiary: BRGY. BATO FARMER BENEFICIARIES
ABEMIS1888,Concreting of Virgoneza and Palacian FMR,ABEMIS_FMR,Isabela,4th District,San Agustin,Virgoneza,,,Farm to Market Road Development Program,0.59,,4566900.00,2014,,Farm to Market Road Development Program,Project Group: Farm-to-Market Roads | Project Type: Farm-to-Market Road | Beneficiary: 
ABEMIS1889,Construction of Minanga Norte SPIS Project,ABEMIS_IRRIGATION,Cagayan,2nd District,Lasam,Minanga Norte,,,Rice Program,1.00,,6772310.00,2018,,Rice Program,Project Group: Irrigation and Water Systems | Project Type: Solar-Powered Irrigation System | Beneficiary: Minolca Small Water Irrigation System Association
ABEMIS1890,MAASI DD,ABEMIS_IRRIGATION,Isabela,1st District,Delfin Albano (Magsaysay),Maui,,,Rice Program,1.00,,5057839.67,2016,,Rice Program,Project Group: Irrigation and Water Systems | Project Type: Diversion Dam | Beneficiary: MAASI Small Water Irrigation System Association
ABEMIS1891,Concreting of Nueva Vizcaya Experiement Station FMR,ABEMIS_FMR,Nueva Vizcaya,Nueva Vizcaya,Bagabag,,,,Farm to Market Road Development Program,0.43,,4297200.00,2015,,Farm to Market Road Development Program,Project Group: Farm-to-Market Roads | Project Type: Farm-to-Market Road | Beneficiary: 
ABEMIS1892,Construction of Lemu Norte SPIS Project,ABEMIS_IRRIGATION,Cagayan,3rd District,Enrile,Lemu Norte,,,Rice Program,1.00,,5678000.00,2018,,Rice Program,Project Group: Irrigation and Water Systems | Project Type: Solar-Powered Irrigation System | Beneficiary: Lemu Norte Indigenous Group Small Water Irrigation System Association
ABEMIS1893,"Concreting of Brgy. Placer to Brgy. Dagupan FMR, Brgys. Dagupan and Brgy. Placer, Benito Soliven, Isabela",ABEMIS_FMR,Isabela,2nd District,Benito Soliven,Dagupan,,,Farm to Market Road Development Program,0.35,,4725820.20,2017,,Farm to Market Road Development Program,Project Group: Farm-to-Market Roads | Project Type: Farm-to-Market Road | Beneficiary: 
ABEMIS1894,Construction of Navagan SPIS Project,ABEMIS_IRRIGATION,Cagayan,1st District,Aparri,Navagan,,,Rice Program,1.00,,5678000.00,2018,,Rice Program,Project Group: Irrigation and Water Systems | Project Type: Solar-Powered Irrigation System | Beneficiary: Pattao-Navagan Small Water Irrigation System Association
ABEMIS1895,DIBULOS DD,ABEMIS_IRRIGATION,Isabela,1st District,Divilacan,Dibulos,,,Rice Program,1.00,,724109.30,2016,,Rice Program,"Project Group: Irrigation and Water Systems | Project Type: Diversion Dam | Beneficiary: RICE FARMERS OF BRGY. DIBULOS, DIVILACAN ISABELA"
ABEMIS1896,MINULI DD,ABEMIS_IRRIGATION,Isabela,1st District,Divilacan,Ditarum,,,Rice Program,1.00,,2806484.63,2016,,Rice Program,Project Group: Irrigation and Water Systems | Project Type: Diversion Dam | Beneficiary: RICE FARMERS OF BRGY. DITARUM DIVILACAN ISABELA
ABEMIS1897,Concreting of Bantug FMR,ABEMIS_FMR,Isabela,1st District,Tumauini,,,,Farm to Market Road Development Program,1.92,,4973700.00,2014,,Farm to Market Road Development Program,Project Group: Farm-to-Market Roads | Project Type: Farm-to-Market Road | Beneficiary: 
ABEMIS1898,Construction of Santiago SWIP,ABEMIS_IRRIGATION,Isabela,5th District,Quirino,Santiago,,,Rice Program,1.00,,13788206.73,2021,,Rice Program,Project Group: Irrigation and Water Systems | Project Type: Small Water Impounding Project | Beneficiary: Santiago Small Water Irrigation System Association
ABEMIS1899,Concreting of Juaquin Dela Cruz FMR,ABEMIS_FMR,Cagayan,1st District,Camalaniugan,,,,Farm to Market Road Development Program,0.57,,5940000.00,2014,,Farm to Market Road Development Program,Project Group: Farm-to-Market Roads | Project Type: Farm-to-Market Road | Beneficiary: 
ABEMIS1900,CANTAYAN DD,ABEMIS_IRRIGATION,Isabela,1st District,Ilagan City (Capital),San Andres (Angarilla),,,Rice Program,1.00,,4790448.87,2016,,Rice Program,"Project Group: Irrigation and Water Systems | Project Type: Diversion Dam | Beneficiary: RICE FARMERS OF BRGY. SAN ANDRES, CITY OF ILAGAN, ISABELA"
ABEMIS1901,Concreting of Morado-Minabang-Pasa FMR,ABEMIS_FMR,Isabela,1st District,Ilagan City (Capital),,,,Farm to Market Road Development Program,1.77,,3979200.00,2014,,Farm to Market Road Development Program,Project Group: Farm-to-Market Roads | Project Type: Farm-to-Market Road | Beneficiary: 
ABEMIS1902,CADAANAN SWIP REHAB,ABEMIS_IRRIGATION,Cagayan,3rd District,Solana,Cadaanan,,,Rice Program,1.00,,5014565.60,2017,,Rice Program,Project Group: Irrigation and Water Systems | Project Type: Small Water Impounding Project | Beneficiary: BRGY. CADAANAN FARMER BENEFICIARIES
ABEMIS1903,MALACAB SWIP,ABEMIS_IRRIGATION,Isabela,1st District,Santo Tomas,Bubug,,,Rice Program,1.00,,19305782.58,2017,,Rice Program,Project Group: Irrigation and Water Systems | Project Type: Small Water Impounding Project | Beneficiary: BRGY. BUBOG FARMER BENEFICIARIES
ABEMIS1904,Concreting of Brgy. Lullutan to Carikkikan Norte to Malasin to Mangcuram to Bigao FMR,ABEMIS_FMR,Isabela,1st District,Ilagan City (Capital),,,,Farm to Market Road Development Program,1.08,,3988300.00,2014,,Farm to Market Road Development Program,Project Group: Farm-to-Market Roads | Project Type: Farm-to-Market Road | Beneficiary: 
ABEMIS1905,PUTED SWIP,ABEMIS_IRRIGATION,Isabela,1st District,Delfin Albano (Magsaysay),Aneg,,,Rice Program,1.00,,9440300.00,2017,,Rice Program,Project Group: Irrigation and Water Systems | Project Type: Small Water Impounding Project | Beneficiary: BRGY. ANEG FARMER BENEFICIARIES
ABEMIS1906,MATAKAYAN SWIP REHAB,ABEMIS_IRRIGATION,Isabela,1st District,Santo Tomas,Bubug,,,Rice Program,1.00,,2370281.25,2017,,Rice Program,Project Group: Irrigation and Water Systems | Project Type: Small Water Impounding Project | Beneficiary: BRGY. MATAKAYAN FARMER BENEFICIARIES
ABEMIS1907,Concreting of Rosario-Naguilian FMR,ABEMIS_FMR,Cagayan,1st District,Lal-lo,,,,Farm to Market Road Development Program,0.75,,5940000.00,2014,,Farm to Market Road Development Program,Project Group: Farm-to-Market Roads | Project Type: Farm-to-Market Road | Beneficiary: 
ABEMIS1908,MALASSI SWIP REHAB,ABEMIS_IRRIGATION,Isabela,1st District,Cabagan,San Antonio,,,Rice Program,1.00,,2245234.94,2017,,Rice Program,Project Group: Irrigation and Water Systems | Project Type: Small Water Impounding Project | Beneficiary: MALASSI FARMER BENEFICIARIES
ABEMIS1909,UNION SWIP REHAB,ABEMIS_IRRIGATION,Isabela,1st District,Cabagan,Union,,,Rice Program,1.00,,3231772.54,2017,,Rice Program,Project Group: Irrigation and Water Systems | Project Type: Small Water Impounding Project | Beneficiary: BRGY. UNION FARMER BENEFICIARIES
ABEMIS1910,"Concreting of Sitio Kalongkong, Brgy. Buenavista FMR",ABEMIS_FMR,Nueva Vizcaya,Nueva Vizcaya,Bayombong (Capital),Buenavista (Vista Hills),,,Farm to Market Road Development Program,0.42,,1990000.00,2015,,Farm to Market Road Development Program,Project Group: Farm-to-Market Roads | Project Type: Farm-to-Market Road | Beneficiary: 
ABEMIS1911,Concreting of Santa Isabel-Sitio Laya FMR,ABEMIS_FMR,Cagayan,1st District,Lal-lo,Dagupan,,,Farm to Market Road Development Program,0.62,,5940000.00,2014,,Farm to Market Road Development Program,Project Group: Farm-to-Market Roads | Project Type: Farm-to-Market Road | Beneficiary: 
ABEMIS1912,"Concreting of Purok 6, Brgy. Bagahabag FMR, Brgy. Bagahabag, Solano, Nueva Vizcaya",ABEMIS_FMR,Nueva Vizcaya,Nueva Vizcaya,Solano,Bagahabag,,,Farm to Market Road Development Program,0.29,,1990000.00,2018,,Farm to Market Road Development Program,Project Group: Farm-to-Market Roads | Project Type: Farm-to-Market Road | Beneficiary: 
ABEMIS1913,PALLAGAO SWIP,ABEMIS_IRRIGATION,Cagayan,1st District,Baggao,J. Pallagao,,,Rice Program,1.00,,19326020.57,2015,,Rice Program,Project Group: Irrigation and Water Systems | Project Type: Small Water Impounding Project | Beneficiary: PALLAGAO RICE FARMERS
ABEMIS1914,BANGAG SWIP,ABEMIS_IRRIGATION,Isabela,1st District,Santa Maria,Villabuena,,,Rice Program,1.00,,14454700.79,2017,,Rice Program,Project Group: Irrigation and Water Systems | Project Type: Small Water Impounding Project | Beneficiary: BRGY. BANGAG FARM BENEFICIARIES
ABEMIS1915,Concreting of Calvadezan Nagbitin FMR,ABEMIS_FMR,Nueva Vizcaya,Nueva Vizcaya,Villaverde,Sawmill,,,Farm to Market Road Development Program,0.46,,1990000.00,2014,,Farm to Market Road Development Program,Project Group: Farm-to-Market Roads | Project Type: Farm-to-Market Road | Beneficiary: 
ABEMIS1916,MARUMA DIVERSION DAM,ABEMIS_IRRIGATION,Cagayan,1st District,Baggao,,,,Rice Program,1.00,,16808.17,2019,,Rice Program,Project Group: Irrigation and Water Systems | Project Type: Diversion Dam | Beneficiary: BRGY TALLANG FARMERS
ABEMIS1917,Concreting of Katarawan-Kalubuan FMR,ABEMIS_FMR,Cagayan,1st District,Gonzaga,,,,Farm to Market Road Development Program,0.33,,2970000.00,2015,,Farm to Market Road Development Program,Project Group: Farm-to-Market Roads | Project Type: Farm-to-Market Road | Beneficiary: 
ABEMIS1918,TAGUNTUNGAN DD,ABEMIS_IRRIGATION,Cagayan,1st District,Baggao,Taguntungan,,,Rice Program,1.00,,4261000.00,2015,,Rice Program,Project Group: Irrigation and Water Systems | Project Type: Diversion Dam | Beneficiary: TAGUNTUNGAN RICE FARMERS
ABEMIS1919,Concreting of Luga-Sitio Cabaruan Alucao FMR,ABEMIS_FMR,Cagayan,1st District,Lal-lo,,,,Farm to Market Road Development Program,2.46,,5970000.00,2014,,Farm to Market Road Development Program,Project Group: Farm-to-Market Roads | Project Type: Farm-to-Market Road | Beneficiary: 
ABEMIS1920,BASILLIO SWIP,ABEMIS_IRRIGATION,Isabela,1st District,Santa Maria,Calamagui West,,,Rice Program,1.00,,14223886.17,2017,,Rice Program,Project Group: Irrigation and Water Systems | Project Type: Small Water Impounding Project | Beneficiary: BRGY. CALAMAGUI WEST FARMER BENEFICIARIES
ABEMIS1921,CABULUAN SWIP REHAB,ABEMIS_IRRIGATION,Cagayan,1st District,Alcala,Cabuluan,,,Rice Program,1.00,,1536557.61,2015,,Rice Program,Project Group: Irrigation and Water Systems | Project Type: Small Water Impounding Project | Beneficiary: CABULUAN RICE FARMERS
ABEMIS1922,DILAM DD,ABEMIS_IRRIGATION,Cagayan,2nd District,Calayan,Dilam,,,Rice Program,1.00,,3092417.10,2017,,Rice Program,Project Group: Irrigation and Water Systems | Project Type: Diversion Dam | Beneficiary: DILAM DD FARMER BENEFICIARIES
ABEMIS1923,VIGA DD,ABEMIS_IRRIGATION,Cagayan,2nd District,Lasam,Viga,,,Rice Program,1.00,,3595611.30,2017,,Rice Program,Project Group: Irrigation and Water Systems | Project Type: Diversion Dam | Beneficiary: VIGA DD FARMER BENEFICIARIES
ABEMIS1924,NAGSABARAN SWIP REHAB,ABEMIS_IRRIGATION,Cagayan,2nd District,Santo Ni?o (Faire),Sidiran,,,Rice Program,1.00,,2774377.75,2017,,Rice Program,Project Group: Irrigation and Water Systems | Project Type: Small Water Impounding Project | Beneficiary: NAGSABARAN SWIP FARMER BENEFICIARIES
ABEMIS1925,Concreting of Satuvang-Chanino FMR,ABEMIS_FMR,Batanes,Batanes,Sabtang,Savidug,,,Farm to Market Road Development Program,0.27,,1777800.00,2015,,Farm to Market Road Development Program,Project Group: Farm-to-Market Roads | Project Type: Farm-to-Market Road | Beneficiary: 
ABEMIS1926,REHABILITATION OF PARUG-PARUG DIVERSION DAM,ABEMIS_IRRIGATION,Cagayan,3rd District,Solana,Parug-parug,,,Rice Program,1.00,,1596871.76,2019,,Rice Program,"Project Group: Irrigation and Water Systems | Project Type: Diversion Dam | Beneficiary: RICE FARMERS OF BRGY. PAROG-PAROG, SOLANA, CAGAYAN"
ABEMIS1927,MARABURAP SWIP REHAB,ABEMIS_IRRIGATION,Cagayan,1st District,Alcala,Maraburab,,,Rice Program,1.00,,1537768.41,2015,,Rice Program,Project Group: Irrigation and Water Systems | Project Type: Small Water Impounding Project | Beneficiary: MARABURAB RICE FARMERS
ABEMIS1928,GUMARUENG SWIP REHAB,ABEMIS_IRRIGATION,Cagayan,2nd District,Piat,Gumarueng,,,Rice Program,1.00,,3739790.85,2017,,Rice Program,Project Group: Irrigation and Water Systems | Project Type: Small Water Impounding Project | Beneficiary: GUMARUENG SWIP FARMER BENEFICIARIES
ABEMIS1929,CAPALUTAN SWIP,ABEMIS_IRRIGATION,Cagayan,2nd District,Allacapan,Capalutan,,,Rice Program,1.00,,24297239.21,2019,,Rice Program,Project Group: Irrigation and Water Systems | Project Type: Small Water Impounding Project | Beneficiary: Arapaap Small Water Irrigators System Association
ABEMIS1930,CAPALUTAN SWIP,ABEMIS_IRRIGATION,Cagayan,2nd District,Allacapan,Capalutan,,,Rice Program,1.00,,24297239.21,2019,,Rice Program,Project Group: Irrigation and Water Systems | Project Type: Small Water Impounding Project | Beneficiary: Arapaap Small Water Irrigators System Association
ABEMIS1931,"Concreting of Brgy. Muta FMR, Brgy. Muta, Kasibu, Nueva Vizcaya",ABEMIS_FMR,Nueva Vizcaya,Nueva Vizcaya,Kasibu,Muta,,,Farm to Market Road Development Program,0.53,,0.00,2018,,Farm to Market Road Development Program,Project Group: Farm-to-Market Roads | Project Type: Farm-to-Market Road | Beneficiary: 
ABEMIS1932,FLORES SWIP,ABEMIS_IRRIGATION,Isabela,2nd District,Naguilian,Flores,,,Rice Program,1.00,,12180323.95,2017,,Rice Program,Project Group: Irrigation and Water Systems | Project Type: Small Water Impounding Project | Beneficiary: BRGY. FLORES FARM BENEFICIARIES
ABEMIS1933,SANGAY I DD,ABEMIS_IRRIGATION,Isabela,1st District,Maconacon,Aplaya,,,Rice Program,1.00,,2248166.50,2016,,Rice Program,"Project Group: Irrigation and Water Systems | Project Type: Diversion Dam | Beneficiary: RICE FARMERS OF BRGY. APLAYA, MACONACON, ISABELA"
ABEMIS1934,CAPISSAYAN SUR SWIP,ABEMIS_IRRIGATION,Cagayan,1st District,Gattaran,Capissayan Sur,,,Rice Program,1.00,,13716163.80,2016,,Rice Program,Project Group: Irrigation and Water Systems | Project Type: Small Water Impounding Project | Beneficiary: CAPISSAYAN Small Water Irrigation System Association
ABEMIS1935,"Concreting of Pinangtevan-Duvek, Sumnanga FMR, Brgy. Sumnanga, Sabtang, Batanes",ABEMIS_FMR,Batanes,Batanes,Sabtang,Sumnanga,,,Farm to Market Road Development Program,0.40,,7462500.00,2014,,Farm to Market Road Development Program,Project Group: Farm-to-Market Roads | Project Type: Farm-to-Market Road | Beneficiary: 
ABEMIS1936,SAN VICENTE SMALL WATER IMPOUNDING PROJECT,ABEMIS_IRRIGATION,Isabela,1st District,Tumauini,San Vicente,,,Rice Program,1.00,,29120566.50,2019,,Rice Program,Project Group: Irrigation and Water Systems | Project Type: Small Water Impounding Project | Beneficiary: SAN VICENTE FARMERS BENEFICIARIES
ABEMIS1937,AFUSING DAGA SWIP REHAB,ABEMIS_IRRIGATION,Cagayan,1st District,Alcala,Afusing Daga,,,Rice Program,1.00,,1973425.21,2015,,Rice Program,Project Group: Irrigation and Water Systems | Project Type: Small Water Impounding Project | Beneficiary: Western Alcala Farmers Cooperative
ABEMIS1938,CALAMAGUI WEST SWIP,ABEMIS_IRRIGATION,Isabela,1st District,Santa Maria,Calamagui West,,,Rice Program,1.00,,27051398.20,2016,,Rice Program,Project Group: Irrigation and Water Systems | Project Type: Small Water Impounding Project | Beneficiary: CAMBRI Small Water Irrigation System Association
ABEMIS1939,Concreting of Vahangsien to Dipsupuan FMR,ABEMIS_FMR,Batanes,Batanes,Basco (Capital),Ihubok II (Kayvaluganan),,,Farm to Market Road Development Program,0.26,,7462500.00,2014,,Farm to Market Road Development Program,Project Group: Farm-to-Market Roads | Project Type: Farm-to-Market Road | Beneficiary: 
ABEMIS1940,CABIRAOAN IRRIGATION SYSTEM REHAB,ABEMIS_IRRIGATION,Cagayan,1st District,Gonzaga,Cabiraoan,,,Rice Program,1.00,,4367130.87,2015,,Rice Program,Project Group: Irrigation and Water Systems | Project Type: Diversion Dam | Beneficiary: CABIRAON RICE FARMERS
ABEMIS1941,MANANO II SWIP,ABEMIS_IRRIGATION,Isabela,5th District,Mallig,Manano,,,Rice Program,1.00,,8808965.26,2016,,Rice Program,Project Group: Irrigation and Water Systems | Project Type: Small Water Impounding Project | Beneficiary: MAFIA Small Water Irrigation System Association
ABEMIS1942,"Concreting of Hateng-Chachiduan FMR, Brgy. Sinakan, Sabtang, Batanes",ABEMIS_FMR,Batanes,Batanes,Sabtang,,,,Farm to Market Road Development Program,0.52,,49750000.00,2014,,Farm to Market Road Development Program,Project Group: Farm-to-Market Roads | Project Type: Farm-to-Market Road | Beneficiary: 
ABEMIS1943,Concreting of Brgy. Dumpao - Brgy. Santiago FMR,ABEMIS_FMR,Cagayan,3rd District,Iguig,,,,Farm to Market Road Development Program,0.37,,2487500.00,2014,,Farm to Market Road Development Program,Project Group: Farm-to-Market Roads | Project Type: Farm-to-Market Road | Beneficiary: 
ABEMIS1944,Concreting of Laya - Brgy. Caloacan FMR,ABEMIS_FMR,Nueva Vizcaya,Nueva Vizcaya,Quezon,Calaocan,,,Farm to Market Road Development Program,0.29,,2000000.00,2014,,Farm to Market Road Development Program,Project Group: Farm-to-Market Roads | Project Type: Farm-to-Market Road | Beneficiary: 
ABEMIS1945,"Concreting of Arahem to Changkangen FMR, Brgy. Savidug, Sabtang, Batanes",ABEMIS_FMR,Batanes,Batanes,Sabtang,Savidug,,,Farm to Market Road Development Program,0.35,,4975000.00,2014,,Farm to Market Road Development Program,Project Group: Farm-to-Market Roads | Project Type: Farm-to-Market Road | Beneficiary: 
ABEMIS1946,P0LIP0L DD REHABILITATION,ABEMIS_IRRIGATION,Cagayan,2nd District,Sanchez Mira,Centro II (Pob.),,,Rice Program,1.00,,1705789.80,2019,,Rice Program,Project Group: Irrigation and Water Systems | Project Type: Diversion Dam | Beneficiary: BRGY. CENTRO 02 FARMERS
ABEMIS1947,ABUT SWIP,ABEMIS_IRRIGATION,Isabela,5th District,Quezon,Abut,,,Rice Program,1.00,,9554460.96,2016,,Rice Program,Project Group: Irrigation and Water Systems | Project Type: Small Water Impounding Project | Beneficiary: ISTAMPA Small Water Irrigation System Association
ABEMIS1948,"Concreting of Satuvang-Tumdan, Savidug FMR, Brgy. Savidug , Sabtang, Batanes",ABEMIS_FMR,Batanes,Batanes,Sabtang,,,,Farm to Market Road Development Program,0.50,,4975000.00,2014,,Farm to Market Road Development Program,Project Group: Farm-to-Market Roads | Project Type: Farm-to-Market Road | Beneficiary: 
ABEMIS1949,BALERA SWIP REHAB,ABEMIS_IRRIGATION,Isabela,2nd District,Naguilian,Minallo,,,Rice Program,1.00,,1120683.06,2017,,Rice Program,Project Group: Irrigation and Water Systems | Project Type: Small Water Impounding Project | Beneficiary: BRGY. MINALLO FARMER BENEFICIARIES
ABEMIS1950,"Concreting of Pinangtevan-Duvek, Sumnanga FMR, Brgy.,Sumnanga, Sabtang, Batanes",ABEMIS_FMR,Batanes,Batanes,Sabtang,,,,Farm to Market Road Development Program,0.34,,7462500.00,2014,,Farm to Market Road Development Program,Project Group: Farm-to-Market Roads | Project Type: Farm-to-Market Road | Beneficiary: 
ABEMIS1951,Concreting of Brgy. Lipatan - Brgy. Balanni FMR,ABEMIS_FMR,Cagayan,2nd District,Santo Ni?o (Faire),,,,Farm to Market Road Development Program,0.78,,1950000.00,2015,,Farm to Market Road Development Program,Project Group: Farm-to-Market Roads | Project Type: Farm-to-Market Road | Beneficiary: 
ABEMIS1952,SAN JUAN - SILAGAN PHASE 2,ABEMIS_IRRIGATION,Cagayan,2nd District,Ballesteros,San Juan,,,Rice Program,1.00,,26421885.95,2015,,Rice Program,Project Group: Irrigation and Water Systems | Project Type: Small Water Impounding Project | Beneficiary: SAN JUAN - SILAGAN RICE FARMERS
ABEMIS1953,"Concreting of Yawran Access FMR, San Rafael, Itbayat, Batanes",ABEMIS_FMR,Batanes,Batanes,Itbayat,San Rafael (Idiang),,,Farm to Market Road Development Program,0.71,,24875000.00,2014,,Farm to Market Road Development Program,Project Group: Farm-to-Market Roads | Project Type: Farm-to-Market Road | Beneficiary: 
ABEMIS1954,Concreting of Brgy. Magogod - Brgy. Dadda Intersection FMR,ABEMIS_FMR,Cagayan,3rd District,Amulung,Magogod,,,Farm to Market Road Development Program,0.62,,4975000.00,2015,,Farm to Market Road Development Program,Project Group: Farm-to-Market Roads | Project Type: Farm-to-Market Road | Beneficiary: 
ABEMIS1955,SANTOS SWIP,ABEMIS_IRRIGATION,Isabela,5th District,Quezon,Santos (Pob.),,,Rice Program,1.00,,28900372.60,2016,,Rice Program,Project Group: Irrigation and Water Systems | Project Type: Small Water Impounding Project | Beneficiary: BASA-SANTOS Small Water Irrigation System Association
ABEMIS1956,ASIGA SWIP REHAB,ABEMIS_IRRIGATION,Cagayan,2nd District,Piat,Apayao,,,Rice Program,1.00,,3842455.94,2015,,Rice Program,Project Group: Irrigation and Water Systems | Project Type: Small Water Impounding Project | Beneficiary: Asiga Small Water Irrigation System Association Incorporated
ABEMIS1957,Concreting of San Antonio-Santo Nino FMR,ABEMIS_FMR,Isabela,4th District,San Agustin,San Antonio,,,Farm to Market Road Development Program,0.16,,1990000.00,2018,,Farm to Market Road Development Program,Project Group: Farm-to-Market Roads | Project Type: Farm-to-Market Road | Beneficiary: 
ABEMIS1958,Sitio San Francisco FMR,ABEMIS_FMR,Cagayan,1st District,Buguey,,,,Farm to Market Road Development Program,0.36,,2970000.00,2015,,Farm to Market Road Development Program,Project Group: Farm-to-Market Roads | Project Type: Farm-to-Market Road | Beneficiary: 
ABEMIS1959,MABNANG DD,ABEMIS_IRRIGATION,Cagayan,2nd District,Claveria,Mabnang,,,Rice Program,1.00,,3462300.67,2019,,Rice Program,Project Group: Irrigation and Water Systems | Project Type: Diversion Dam | Beneficiary: BRGY MABNANG FARMERS
ABEMIS1960,Concreting of Brgy. Cabbo - Brgy. Baliuag FMR,ABEMIS_FMR,Cagayan,3rd District,Tuguegarao City (Capital),Tagga,,,Farm to Market Road Development Program,1.38,,9950000.00,2014,,Farm to Market Road Development Program,Project Group: Farm-to-Market Roads | Project Type: Farm-to-Market Road | Beneficiary: 
ABEMIS1961,MINALLO SWIP REHAB,ABEMIS_IRRIGATION,Isabela,2nd District,Naguilian,Minallo,,,Rice Program,1.00,,1149232.23,2017,,Rice Program,Project Group: Irrigation and Water Systems | Project Type: Small Water Impounding Project | Beneficiary: BRGY. MINALLO FARMER BENEFICIARIES
ABEMIS1962,Concreting of Masaya Sur-Virgoneza FMR,ABEMIS_FMR,Isabela,4th District,San Agustin,Masaya Sur,,,Farm to Market Road Development Program,0.38,,4975000.00,2018,,Farm to Market Road Development Program,Project Group: Farm-to-Market Roads | Project Type: Farm-to-Market Road | Beneficiary: 
ABEMIS1963,BANTAY SWIP,ABEMIS_IRRIGATION,Isabela,4th District,Jones,Bantay,,,Rice Program,1.00,,5450113.51,2016,,Rice Program,Project Group: Irrigation and Water Systems | Project Type: Small Water Impounding Project | Beneficiary: BANTAY Small Water Irrigation System Association
ABEMIS1964,Concreting of Gangauan FMR,ABEMIS_FMR,Cagayan,3rd District,Amulung,Babayuan,,,Farm to Market Road Development Program,0.28,,1989300.00,2015,,Farm to Market Road Development Program,Project Group: Farm-to-Market Roads | Project Type: Farm-to-Market Road | Beneficiary: 
ABEMIS1965,Concreting of Brgy. Papan Este - Brgy. Napaliong FMR,ABEMIS_FMR,Isabela,4th District,Jones,Papan Este,,,Farm to Market Road Development Program,1.00,,9950000.00,2018,,Farm to Market Road Development Program,Project Group: Farm-to-Market Roads | Project Type: Farm-to-Market Road | Beneficiary: 
ABEMIS1966,BANTAY SWIP,ABEMIS_IRRIGATION,Isabela,4th District,Jones,Bantay,,,Rice Program,1.00,,5450113.51,2016,,Rice Program,Project Group: Irrigation and Water Systems | Project Type: Small Water Impounding Project | Beneficiary: BANTAY Small Water Irrigation System Association
ABEMIS1967,SAN PEDRO SWIP,ABEMIS_IRRIGATION,Cagayan,2nd District,Lasam,San Pedro,,,Rice Program,1.00,,12928167.86,2015,,Rice Program,Project Group: Irrigation and Water Systems | Project Type: Small Water Impounding Project | Beneficiary: SAN PEDRO RICE FARMERS
ABEMIS1968,DUYUN SWIP,ABEMIS_IRRIGATION,Cagayan,2nd District,Rizal,Duyun,,,Rice Program,1.00,,4842797.10,2015,,Rice Program,Project Group: Irrigation and Water Systems | Project Type: Small Water Impounding Project | Beneficiary: DUYUN RICE FARMERS
ABEMIS1969,JRS DD,ABEMIS_IRRIGATION,Isabela,4th District,Jones,Barangay II (Pob.),,,Rice Program,1.00,,2512000.00,2016,,Rice Program,"Project Group: Irrigation and Water Systems | Project Type: Diversion Dam | Beneficiary: RICE FARMERS OF BRY. CENTRO II, JONES, ISABELA"
ABEMIS1970,Concreting of Brgy. Quezon FMR (Phase II),ABEMIS_FMR,Isabela,6th District,San Isidro,Quezon,,,Farm to Market Road Development Program,0.71,,6965000.00,2018,,Farm to Market Road Development Program,Project Group: Farm-to-Market Roads | Project Type: Farm-to-Market Road | Beneficiary: 
ABEMIS1971,Luga-Aridawen FMR,ABEMIS_FMR,Cagayan,1st District,Santa Teresita,Luga,,,Farm to Market Road Development Program,0.27,,2985000.00,2015,,Farm to Market Road Development Program,Project Group: Farm-to-Market Roads | Project Type: Farm-to-Market Road | Beneficiary: 
ABEMIS1972,SOTERO SWIP,ABEMIS_IRRIGATION,Isabela,5th District,Mallig,Manano,,,Rice Program,1.00,,10479018.24,2017,,Rice Program,Project Group: Irrigation and Water Systems | Project Type: Small Water Impounding Project | Beneficiary: BRGY. MANANO FARMER BENEFICIARIES
ABEMIS1973,NAKAR CREEK DD,ABEMIS_IRRIGATION,Isabela,4th District,Jones,Santo Domingo,,,Rice Program,1.00,,2587111.54,2016,,Rice Program,"Project Group: Irrigation and Water Systems | Project Type: Diversion Dam | Beneficiary: RICE FARMERS OF BRGY. STO. DOMINGO, JONES, ISABELA"
ABEMIS1974,"Concreting of Lised-Mulong, Brgy. Sta. Rosa FMR, Brgy. Sta. Rosa, Itbayat, Batanes",ABEMIS_FMR,Batanes,Batanes,Itbayat,Santa Rosa (Kaynatuan),,,Farm to Market Road Development Program,1.27,,20000000.00,2015,,Farm to Market Road Development Program,Project Group: Farm-to-Market Roads | Project Type: Farm-to-Market Road | Beneficiary: 
ABEMIS1975,Concreting of Manamtam FMR,ABEMIS_FMR,Nueva Vizcaya,Nueva Vizcaya,Bambang,Manamtam,,,Farm to Market Road Development Program,0.42,,1930000.00,2014,,Farm to Market Road Development Program,Project Group: Farm-to-Market Roads | Project Type: Farm-to-Market Road | Beneficiary: 
ABEMIS1976,MARAY SWIP,ABEMIS_IRRIGATION,Isabela,5th District,Quezon,San Juan,,,Rice Program,1.00,,19194760.96,2019,,Rice Program,Project Group: Irrigation and Water Systems | Project Type: Small Water Impounding Project | Beneficiary: SAN VICENTE FARMERS
ABEMIS1977,Mabuno FMR,ABEMIS_FMR,Cagayan,1st District,Gattaran,Mabuno,,,Farm to Market Road Development Program,0.36,,2985000.00,2015,,Farm to Market Road Development Program,Project Group: Farm-to-Market Roads | Project Type: Farm-to-Market Road | Beneficiary: 
ABEMIS1978,"Concreting of Nakavaxayan-Kavaritan, Brgy. Sta. Lucia FMR Phase II, Brgy. Sta. Lucia, Itbayat, Batanes",ABEMIS_FMR,Batanes,Batanes,Itbayat,Santa Lucia (Kauhauhasan),,,Farm to Market Road Development Program,0.20,,2000000.00,2015,,Farm to Market Road Development Program,Project Group: Farm-to-Market Roads | Project Type: Farm-to-Market Road | Beneficiary: 
ABEMIS1979,Hacienda Inatal-Marus FMR,ABEMIS_FMR,Cagayan,1st District,Baggao,Santor,,,Farm to Market Road Development Program,0.41,,2950000.00,2015,,Farm to Market Road Development Program,Project Group: Farm-to-Market Roads | Project Type: Farm-to-Market Road | Beneficiary: 
ABEMIS1980,NASUERTE SWIP,ABEMIS_IRRIGATION,Cagayan,3rd District,Amulung,La Suerte,,,Rice Program,1.00,,14257408.07,2015,,Rice Program,Project Group: Irrigation and Water Systems | Project Type: Small Water Impounding Project | Beneficiary: LA SUERTE RICE FARMERS
ABEMIS1981,SINAP-IL SWIP IN LIEU OF STA. ROSA SWIP,ABEMIS_IRRIGATION,Isabela,4th District,City of Santiago,Santa Rosa,,,Rice Program,1.00,,2212856.63,2016,,Rice Program,"Project Group: Irrigation and Water Systems | Project Type: Small Water Impounding Project | Beneficiary: RICE FARMERS OF BRGY. STA. ROSA, SANTIAGO CITY"
ABEMIS1982,"Concreting of Mauyen Port, Brgy. Raele FMR, Brgy. Raele, Itbayat, Batanes",ABEMIS_FMR,Batanes,Batanes,Itbayat,Raele,,,Farm to Market Road Development Program,0.75,,7275000.00,2015,,Farm to Market Road Development Program,Project Group: Farm-to-Market Roads | Project Type: Farm-to-Market Road | Beneficiary: 
ABEMIS1983,Concreting of Brgy. San Isidro East FMR,ABEMIS_FMR,Isabela,1st District,Santa Maria,San Isidro East,,,Farm to Market Road Development Program,0.79,,6964946.77,2018,,Farm to Market Road Development Program,Project Group: Farm-to-Market Roads | Project Type: Farm-to-Market Road | Beneficiary: 
ABEMIS1984,Cabanbanan Sur Rebecca FMR Phase II,ABEMIS_FMR,Cagayan,1st District,Santa Teresita,Dungeg,,,Farm to Market Road Development Program,0.39,,4975000.00,2015,,Farm to Market Road Development Program,Project Group: Farm-to-Market Roads | Project Type: Farm-to-Market Road | Beneficiary: 
ABEMIS1985,SINILI DD,ABEMIS_IRRIGATION,Isabela,4th District,City of Santiago,Sinili,,,Rice Program,1.00,,4282873.17,2016,,Rice Program,Project Group: Irrigation and Water Systems | Project Type: Diversion Dam | Beneficiary: SINILI CREEK Small Water Irrigation System Association
ABEMIS1986,Concreting of Brgy. Camasi FMR,ABEMIS_FMR,Isabela,1st District,Tumauini,Camasi,,,Farm to Market Road Development Program,0.77,,4974910.22,2018,,Farm to Market Road Development Program,Project Group: Farm-to-Market Roads | Project Type: Farm-to-Market Road | Beneficiary: 
ABEMIS1987,"Concreting of Diseb-Malakdang, Brgy. San Antonio FMR, Brgy. San Antonio, Basco, Batanes",ABEMIS_FMR,Batanes,Batanes,Basco (Capital),San Antonio,,,Farm to Market Road Development Program,0.25,,1990000.00,2015,,Farm to Market Road Development Program,Project Group: Farm-to-Market Roads | Project Type: Farm-to-Market Road | Beneficiary: 
ABEMIS1988,"Concreting of Purok 4, Abian FMR",ABEMIS_FMR,Nueva Vizcaya,Nueva Vizcaya,Bambang,Abian,,,Farm to Market Road Development Program,0.33,,1990000.00,2015,,Farm to Market Road Development Program,Project Group: Farm-to-Market Roads | Project Type: Farm-to-Market Road | Beneficiary: 
ABEMIS1989,"Concreting of Sta. Maria to Maranao, Brgy. Kayhuvokan FMR, Brgy. Kayhuvokan, Basco, Batanes",ABEMIS_FMR,Batanes,Batanes,Basco (Capital),Kayhuvokan,,,Farm to Market Road Development Program,0.30,,2985000.00,2015,,Farm to Market Road Development Program,Project Group: Farm-to-Market Roads | Project Type: Farm-to-Market Road | Beneficiary: 
ABEMIS1990,Concreting of Brgy. Baculud - Brgy. San Esteban FMR,ABEMIS_FMR,Cagayan,3rd District,Iguig,Baculud,,,Farm to Market Road Development Program,0.77,,4975000.00,2015,,Farm to Market Road Development Program,Project Group: Farm-to-Market Roads | Project Type: Farm-to-Market Road | Beneficiary: 
ABEMIS1991,CAMPO SWIP,ABEMIS_IRRIGATION,Cagayan,3rd District,Iguig,Campo,,,Rice Program,1.00,,12111976.09,2015,,Rice Program,Project Group: Irrigation and Water Systems | Project Type: Small Water Impounding Project | Beneficiary: CAMPO RICE FARMERS\
ABEMIS1992,TABBAN DD,ABEMIS_IRRIGATION,Nueva Vizcaya,Nueva Vizcaya,Bagabag,Pogonsino,,,Rice Program,1.00,,4697683.17,2016,,Rice Program,"Project Group: Irrigation and Water Systems | Project Type: Diversion Dam | Beneficiary: RICE FARMERS OF BRGY. POGONSINO, BAGABAG, NUEVA VIZCAYA"
ABEMIS1993,"Concreting of Chavalitan to Hunan, Brgy. San Joaquin FMR, (section II), Brgy. San Joaquin, Basco, Batanes",ABEMIS_FMR,Batanes,Batanes,Basco (Capital),San Joaquin,,,Farm to Market Road Development Program,0.75,,1990000.00,2015,,Farm to Market Road Development Program,Project Group: Farm-to-Market Roads | Project Type: Farm-to-Market Road | Beneficiary: 
ABEMIS1994,Concreting of Brgy. Old San Mariano - Brgy. Zamora FMR,ABEMIS_FMR,Isabela,2nd District,San Mariano,Old San Mariano,,,Farm to Market Road Development Program,1.21,,4975000.00,2018,,Farm to Market Road Development Program,Project Group: Farm-to-Market Roads | Project Type: Farm-to-Market Road | Beneficiary: 
ABEMIS1995,IPURAN-KALANGKAAN SWIP,ABEMIS_IRRIGATION,Nueva Vizcaya,Nueva Vizcaya,Bambang,Mauan,,,Rice Program,1.00,,8783920.61,2016,,Rice Program,Project Group: Irrigation and Water Systems | Project Type: Small Water Impounding Project | Beneficiary: IPURAN-KALANGKAAN Small Water Irrigation System Association
ABEMIS1996,"Concreting of Brgy. Bansing FMR, Brgy. Bansing, Bayombong, Nueva Vizcaya",ABEMIS_FMR,Nueva Vizcaya,Nueva Vizcaya,Bayombong (Capital),Bansing,,,Farm to Market Road Development Program,0.46,,4975000.00,2018,,Farm to Market Road Development Program,Project Group: Farm-to-Market Roads | Project Type: Farm-to-Market Road | Beneficiary: 
ABEMIS1997,DIDIN INTAKE STRUCTURE,ABEMIS_IRRIGATION,Isabela,4th District,Dinapigue,Dibulo,,,Rice Program,1.00,,2497033.79,2019,,Rice Program,Project Group: Irrigation and Water Systems | Project Type: Check Dam | Beneficiary: DBULO FARMERS
ABEMIS1998,WEST DULLAO SWIP,ABEMIS_IRRIGATION,Nueva Vizcaya,Nueva Vizcaya,Bambang,Dullao,,,Rice Program,1.00,,20039114.48,2016,,Rice Program,Project Group: Irrigation and Water Systems | Project Type: Small Water Impounding Project | Beneficiary: WEST DULLAO Small Water Irrigation System Association
ABEMIS1999,BACULOD II SWIP,ABEMIS_IRRIGATION,Cagayan,3rd District,Iguig,Baculud,,,Rice Program,1.00,,2788898.27,2015,,Rice Program,Project Group: Irrigation and Water Systems | Project Type: Small Water Impounding Project | Beneficiary: Nassapan Small Water Irrigation System Association Incorporation
ABEMIS2000,INALLANGAN SWIP,ABEMIS_IRRIGATION,Nueva Vizcaya,Nueva Vizcaya,Diadi,Poblacion,,,Rice Program,1.00,,22844185.59,2016,,Rice Program,"Project Group: Irrigation and Water Systems | Project Type: Small Water Impounding Project | Beneficiary: RICE FARMERS OF BRGY. POBLACION, DIADI, NUEVA VIZCAYA"
ABEMIS2001,"Concreting of Kakilingan Buenavista FMR, Brgy. Buenavista, Boyombong, Nueva Vizcaya",ABEMIS_FMR,Nueva Vizcaya,Nueva Vizcaya,Bayombong (Capital),Buenavista (Vista Hills),,,Farm to Market Road Development Program,0.29,,1908178.53,2015,,Farm to Market Road Development Program,Project Group: Farm-to-Market Roads | Project Type: Farm-to-Market Road | Beneficiary: 
ABEMIS2002,"Concreting of Centro - Capalalian FMR, Brgy. Centro and Brgy. Capalalian, Pamplona, Cagayan",ABEMIS_FMR,Cagayan,2nd District,Pamplona,Capalalian;Centro (Pob.),,,Farm to Market Road Development Program,0.29,,1992000.00,2018,,Farm to Market Road Development Program,Project Group: Farm-to-Market Roads | Project Type: Farm-to-Market Road | Beneficiary: 
ABEMIS2003,CATSCO SWIP,ABEMIS_IRRIGATION,Cagayan,3rd District,Tuao,Lakambini,,,Rice Program,1.00,,16317734.17,2015,,Rice Program,Project Group: Irrigation and Water Systems | Project Type: Small Water Impounding Project | Beneficiary: LAKAMBINI RICE FARMERS
ABEMIS2004,CANADEM DD,ABEMIS_IRRIGATION,Nueva Vizcaya,Nueva Vizcaya,Dupax del Norte,Macabenga,,,Rice Program,1.00,,4459111.82,2016,,Rice Program,Project Group: Irrigation and Water Systems | Project Type: Diversion Dam | Beneficiary: KAWIT MACABENGA Small Water Irrigation System Association
