province,district,municipality,barangay,ADM4_PCODE,ADM3_PCODE,ADM2_PCODE,abemis_total_projects,abemis_total_cost,abemis_total_quantity,abemis_avg_cost_per_project,abemis_latest_year,abemis_dominant_project_type,abemis_dominant_project_group,abemis_banner_programs,abemis_project_types,abemis_fmr_projects,abemis_fmr_cost,abemis_irrigation_projects,abemis_irrigation_cost,abemis_postharvest_projects,abemis_postharvest_cost,abemis_protected_cultivation_projects,abemis_protected_cultivation_cost,abemis_food_garden_projects,abemis_food_garden_cost,abemis_livestock_projects,abemis_livestock_cost,abemis_other_projects,abemis_other_cost,abemis_check_dam_count,abemis_chicken_housing_count,abemis_coffee_processing_center_count,abemis_cold_storage_count,abemis_diversion_dam_count,abemis_farm_to_market_road_count,abemis_fertilizer_processing_center_count,abemis_grain_silo_count,abemis_greenhouse_count,abemis_gulayan_sa_barangay_count,abemis_mobile_solar_power_irrigation_unit_count,abemis_multi_commodity_drying_shed_count,abemis_multi_crop_drying_pavement_mcdp_count,abemis_multi_purpose_drying_pavement_count,abemis_mushroom_fruiting_house_count,abemis_nursery_establishment_count,abemis_packinghouse_count,abemis_palay_shed_count,abemis_rabbit_housing_count,abemis_rainshelter_count,abemis_rice_processing_center_count,abemis_school_garden_count,abemis_small_water_impounding_project_count,abemis_solar_powered_fertigation_system_8_count,abemis_solar_powered_irrigation_system_count,abemis_spring_development_count,abemis_swine_housing_count,abemis_vermi_composting_facilities_count,abemis_village_type_corn_postharvest_processing_center_vtcppc_count,abemis_warehouse_count
Batanes,Batanes,Basco (Capital),Chanarian,PH0200901005,PH0200901,PH02009,2,13400586.22,0.46,6700293.11,2022,Farm-to-Market Road,Farm-to-Market Roads,Farm to Market Road Development Program,Farm-to-Market Road,2,13400586.22,0,0.00,0,0.00,0,0.00,0,0.00,0,0.00,0,0.00,0,0,0,0,0,2,0,0,0,0,0,0,0,0,0,0,0,0,0,0,0,0,0,0,0,0,0,0,0,0
Batanes,Batanes,Basco (Capital),Ihubok I (Kaychanarianan),PH0200901002,PH0200901,PH02009,3,9199789.67,1.62,3066596.56,2018,Farm-to-Market Road,Farm-to-Market Roads,Farm to Market Road Development Program | National Organic Agriculture Program,Farm-to-Market Road | Greenhouse,2,8815721.50,0,0.00,0,0.00,1,384068.17,0,0.00,0,0.00,0,0.00,0,0,0,0,0,2,0,0,1,0,0,0,0,0,0,0,0,0,0,0,0,0,0,0,0,0,0,0,0,0
Batanes,Batanes,Basco (Capital),Ihubok II (Kayvaluganan),PH0200901001,PH0200901,PH02009,4,14122085.61,480.52,3530521.40,2017,Farm-to-Market Road,Farm-to-Market Roads,Farm to Market Road Development Program,Farm-to-Market Road,4,14122085.61,0,0.00,0,0.00,0,0.00,0,0.00,0,0.00,0,0.00,0,0,0,0,0,4,0,0,0,0,0,0,0,0,0,0,0,0,0,0,0,0,0,0,0,0,0,0,0,0
Batanes,Batanes,Basco (Capital),Kayhuvokan,PH0200901006,PH0200901,PH02009,1,2985000.00,0.30,2985000.00,2015,Farm-to-Market Road,Farm-to-Market Roads,Farm to Market Road Development Program,Farm-to-Market Road,1,2985000.00,0,0.00,0,0.00,0,0.00,0,0.00,0,0.00,0,0.00,0,0,0,0,0,1,0,0,0,0,0,0,0,0,0,0,0,0,0,0,0,0,0,0,0,0,0,0,0,0
Batanes,Batanes,Basco (Capital),San Antonio,PH0200901003,PH0200901,PH02009,8,4490093962.00,1303.24,561261745.25,2023,Farm-to-Market Road,Farm-to-Market Roads,Farm to Market Road Development Program | National Organic Agriculture Program,Farm-to-Market Road | Mushroom Fruiting House,7,4489124462.00,0,0.00,0,0.00,1,969500.00,0,0.00,0,0.00,0,0.00,0,0,0,0,0,7,0,0,0,0,0,0,0,0,1,0,0,0,0,0,0,0,0,0,0,0,0,0,0,0
Batanes,Batanes,Basco (Capital),San Joaquin,PH0200901004,PH0200901,PH02009,4,8881631.36,341.68,2220407.84,2021,Farm-to-Market Road,Farm-to-Market Roads,Farm to Market Road Development Program,Farm-to-Market Road,4,8881631.36,0,0.00,0,0.00,0,0.00,0,0.00,0,0.00,0,0.00,0,0,0,0,0,4,0,0,0,0,0,0,0,0,0,0,0,0,0,0,0,0,0,0,0,0,0,0,0,0
Batanes,Batanes,Itbayat,,,PH0200902,PH02009,1,1960000.00,0.40,1960000.00,2017,Farm-to-Market Road,Farm-to-Market Roads,Farm to Market Road Development Program,Farm-to-Market Road,1,1960000.00,0,0.00,0,0.00,0,0.00,0,0.00,0,0.00,0,0.00,0,0,0,0,0,1,0,0,0,0,0,0,0,0,0,0,0,0,0,0,0,0,0,0,0,0,0,0,0,0
Batanes,Batanes,Itbayat,Raele,PH0200902006,PH0200902,PH02009,6,44544500.00,3.79,7424083.33,2018,Farm-to-Market Road,Farm-to-Market Roads,Farm to Market Road Development Program,Farm-to-Market Road,6,44544500.00,0,0.00,0,0.00,0,0.00,0,0.00,0,0.00,0,0.00,0,0,0,0,0,6,0,0,0,0,0,0,0,0,0,0,0,0,0,0,0,0,0,0,0,0,0,0,0,0
Batanes,Batanes,Itbayat,San Rafael (Idiang),PH0200902007,PH0200902,PH02009,3,31840000.00,1.53,10613333.33,2016,Farm-to-Market Road,Farm-to-Market Roads,Farm to Market Road Development Program,Farm-to-Market Road,3,31840000.00,0,0.00,0,0.00,0,0.00,0,0.00,0,0.00,0,0.00,0,0,0,0,0,3,0,0,0,0,0,0,0,0,0,0,0,0,0,0,0,0,0,0,0,0,0,0,0,0
Batanes,Batanes,Itbayat,Santa Lucia (Kauhauhasan),PH0200902008,PH0200902,PH02009,6,23353907.66,2.64,3892317.94,2020,Farm-to-Market Road,Farm-to-Market Roads,Farm to Market Road Development Program,Farm-to-Market Road,6,23353907.66,0,0.00,0,0.00,0,0.00,0,0.00,0,0.00,0,0.00,0,0,0,0,0,6,0,0,0,0,0,0,0,0,0,0,0,0,0,0,0,0,0,0,0,0,0,0,0,0
Batanes,Batanes,Itbayat,Santa Maria (Marapuy),PH0200902009,PH0200902,PH02009,2,24875000.00,1.32,12437500.00,2018,Farm-to-Market Road,Farm-to-Market Roads,Farm to Market Road Development Program,Farm-to-Market Road,2,24875000.00,0,0.00,0,0.00,0,0.00,0,0.00,0,0.00,0,0.00,0,0,0,0,0,2,0,0,0,0,0,0,0,0,0,0,0,0,0,0,0,0,0,0,0,0,0,0,0,0
Batanes,Batanes,Itbayat,Santa Rosa (Kaynatuan),PH0200902010,PH0200902,PH02009,8,77271481.97,8.02,9658935.25,2019,Farm-to-Market Road,Farm-to-Market Roads,Farm to Market Road Development Program,Farm-to-Market Road,8,77271481.97,0,0.00,0,0.00,0,0.00,0,0.00,0,0.00,0,0.00,0,0,0,0,0,8,0,0,0,0,0,0,0,0,0,0,0,0,0,0,0,0,0,0,0,0,0,0,0,0
Batanes,Batanes,Ivana,Radiwan,PH0200903001,PH0200903,PH02009,1,718497.40,1.00,718497.40,2022,Greenhouse,Protected Cultivation and Nurseries,National Organic Agriculture Program,Greenhouse,0,0.00,0,0.00,0,0.00,1,718497.40,0,0.00,0,0.00,0,0.00,0,0,0,0,0,0,0,0,1,0,0,0,0,0,0,0,0,0,0,0,0,0,0,0,0,0,0,0,0,0
Batanes,Batanes,Ivana,Salagao,PH0200903002,PH0200903,PH02009,4,7853896.88,850.81,1963474.22,2017,Farm-to-Market Road,Farm-to-Market Roads,Farm to Market Road Development Program,Farm-to-Market Road,4,7853896.88,0,0.00,0,0.00,0,0.00,0,0.00,0,0.00,0,0.00,0,0,0,0,0,4,0,0,0,0,0,0,0,0,0,0,0,0,0,0,0,0,0,0,0,0,0,0,0,0
Batanes,Batanes,Ivana,San Vicente (Igang),PH0200903003,PH0200903,PH02009,2,3980000.00,0.63,1990000.00,2015,Farm-to-Market Road,Farm-to-Market Roads,Farm to Market Road Development Program,Farm-to-Market Road,2,3980000.00,0,0.00,0,0.00,0,0.00,0,0.00,0,0.00,0,0.00,0,0,0,0,0,2,0,0,0,0,0,0,0,0,0,0,0,0,0,0,0,0,0,0,0,0,0,0,0,0
Batanes,Batanes,Ivana,Tuhel (Pob.),PH0200903004,PH0200903,PH02009,2,6932993.75,0.73,3466496.88,2020,Farm-to-Market Road,Farm-to-Market Roads,Farm to Market Road Development Program,Farm-to-Market Road,2,6932993.75,0,0.00,0,0.00,0,0.00,0,0.00,0,0.00,0,0.00,0,0,0,0,0,2,0,0,0,0,0,0,0,0,0,0,0,0,0,0,0,0,0,0,0,0,0,0,0,0
Batanes,Batanes,Mahatao,Kaumbakan,PH0200904002,PH0200904,PH02009,1,11205608.63,1.04,11205608.63,2023,Farm-to-Market Road,Farm-to-Market Roads,Farm to Market Road Development Program,Farm-to-Market Road,1,11205608.63,0,0.00,0,0.00,0,0.00,0,0.00,0,0.00,0,0.00,0,0,0,0,0,1,0,0,0,0,0,0,0,0,0,0,0,0,0,0,0,0,0,0,0,0,0,0,0,0
Batanes,Batanes,Mahatao,Panatayan,PH0200904003,PH0200904,PH02009,6,21794300.00,1396.98,3632383.33,2016,Farm-to-Market Road,Farm-to-Market Roads,Farm to Market Road Development Program,Farm-to-Market Road,6,21794300.00,0,0.00,0,0.00,0,0.00,0,0.00,0,0.00,0,0.00,0,0,0,0,0,6,0,0,0,0,0,0,0,0,0,0,0,0,0,0,0,0,0,0,0,0,0,0,0,0
Batanes,Batanes,Mahatao,Uvoy (Pob.),PH0200904004,PH0200904,PH02009,4,11125213.42,0.98,2781303.35,2019,Farm-to-Market Road,Farm-to-Market Roads,Farm to Market Road Development Program,Farm-to-Market Road,4,11125213.42,0,0.00,0,0.00,0,0.00,0,0.00,0,0.00,0,0.00,0,0,0,0,0,4,0,0,0,0,0,0,0,0,0,0,0,0,0,0,0,0,0,0,0,0,0,0,0,0
Batanes,Batanes,Sabtang,,,PH0200905,PH02009,3,62187500.00,1.36,20729166.67,2014,Farm-to-Market Road,Farm-to-Market Roads,Farm to Market Road Development Program,Farm-to-Market Road,3,62187500.00,0,0.00,0,0.00,0,0.00,0,0.00,0,0.00,0,0.00,0,0,0,0,0,3,0,0,0,0,0,0,0,0,0,0,0,0,0,0,0,0,0,0,0,0,0,0,0,0
Batanes,Batanes,Sabtang,Chavayan,PH0200905001,PH0200905,PH02009,3,4372463.25,1.38,1457487.75,2018,Farm-to-Market Road,Farm-to-Market Roads,Farm to Market Road Development Program | National Organic Agriculture Program,Farm-to-Market Road | Solar-Powered Irrigation System,2,3822475.75,1,549987.50,0,0.00,0,0.00,0,0.00,0,0.00,0,0.00,0,0,0,0,0,2,0,0,0,0,0,0,0,0,0,0,0,0,0,0,0,0,0,0,1,0,0,0,0,0
Batanes,Batanes,Sabtang,Savidug,PH0200905004,PH0200905,PH02009,5,12688926.03,1.30,2537785.21,2017,Farm-to-Market Road,Farm-to-Market Roads,Farm to Market Road Development Program,Farm-to-Market Road,5,12688926.03,0,0.00,0,0.00,0,0.00,0,0.00,0,0.00,0,0.00,0,0,0,0,0,5,0,0,0,0,0,0,0,0,0,0,0,0,0,0,0,0,0,0,0,0,0,0,0,0
Batanes,Batanes,Sabtang,Sinakan (Pob.),PH0200905005,PH0200905,PH02009,2,11024673.35,0.59,5512336.67,2020,Farm-to-Market Road,Farm-to-Market Roads,Farm to Market Road Development Program,Farm-to-Market Road,2,11024673.35,0,0.00,0,0.00,0,0.00,0,0.00,0,0.00,0,0.00,0,0,0,0,0,2,0,0,0,0,0,0,0,0,0,0,0,0,0,0,0,0,0,0,0,0,0,0,0,0
Batanes,Batanes,Sabtang,Sumnanga,PH0200905006,PH0200905,PH02009,2,10447500.00,0.99,5223750.00,2015,Farm-to-Market Road,Farm-to-Market Roads,Farm to Market Road Development Program,Farm-to-Market Road,2,10447500.00,0,0.00,0,0.00,0,0.00,0,0.00,0,0.00,0,0.00,0,0,0,0,0,2,0,0,0,0,0,0,0,0,0,0,0,0,0,0,0,0,0,0,0,0,0,0,0,0
Batanes,Batanes,Uyugan,Imnajbu,PH0200906002,PH0200906,PH02009,3,16483603.91,1.50,5494534.64,2023,Farm-to-Market Road,Farm-to-Market Roads,Farm to Market Road Development Program,Farm-to-Market Road,3,16483603.91,0,0.00,0,0.00,0,0.00,0,0.00,0,0.00,0,0.00,0,0,0,0,0,3,0,0,0,0,0,0,0,0,0,0,0,0,0,0,0,0,0,0,0,0,0,0,0,0
Batanes,Batanes,Uyugan,Itbud,PH0200906003,PH0200906,PH02009,6,21819170.23,1.59,3636528.37,2018,Farm-to-Market Road,Farm-to-Market Roads,Farm to Market Road Development Program,Farm-to-Market Road,6,21819170.23,0,0.00,0,0.00,0,0.00,0,0.00,0,0.00,0,0.00,0,0,0,0,0,6,0,0,0,0,0,0,0,0,0,0,0,0,0,0,0,0,0,0,0,0,0,0,0,0
Batanes,Batanes,Uyugan,Kayuganan (Pob.),PH0200906004,PH0200906,PH02009,1,4662822.65,0.13,4662822.65,2019,Farm-to-Market Road,Farm-to-Market Roads,Farm to Market Road Development Program,Farm-to-Market Road,1,4662822.65,0,0.00,0,0.00,0,0.00,0,0.00,0,0.00,0,0.00,0,0,0,0,0,1,0,0,0,0,0,0,0,0,0,0,0,0,0,0,0,0,0,0,0,0,0,0,0,0
Batanes,Batanes,Uyugan,Kayvaluganan (Pob.),PH0200906001,PH0200906,PH02009,2,4975000.00,0.50,2487500.00,2016,Farm-to-Market Road,Farm-to-Market Roads,Farm to Market Road Development Program,Farm-to-Market Road,2,4975000.00,0,0.00,0,0.00,0,0.00,0,0.00,0,0.00,0,0.00,0,0,0,0,0,2,0,0,0,0,0,0,0,0,0,0,0,0,0,0,0,0,0,0,0,0,0,0,0,0
Cagayan,2nd District,Abulug,Alinunu,PH0201501001,PH0201501,PH02015,2,41680135.92,2.00,20840067.96,2023,Rice Processing Center,Postharvest and Processing,High Value Crop Development Program | Rice Program,Gulayan sa Barangay | Rice Processing Center,0,0.00,0,0.00,1,41580135.92,0,0.00,1,100000.00,0,0.00,0,0.00,0,0,0,0,0,0,0,0,0,1,0,0,0,0,0,0,0,0,0,0,1,0,0,0,0,0,0,0,0,0
Cagayan,2nd District,Abulug,Bagu,PH0201501002,PH0201501,PH02015,1,3000000.00,0.34,3000000.00,2017,Farm-to-Market Road,Farm-to-Market Roads,Farm to Market Road Development Program,Farm-to-Market Road,1,3000000.00,0,0.00,0,0.00,0,0.00,0,0.00,0,0.00,0,0.00,0,0,0,0,0,1,0,0,0,0,0,0,0,0,0,0,0,0,0,0,0,0,0,0,0,0,0,0,0,0
Cagayan,2nd District,Abulug,Banguian,PH0201501003,PH0201501,PH02015,3,9207450.00,3.00,3069150.00,2022,School Garden,Food Gardens,High Value Crop Development Program | Rice Program,School Garden | Small Water Impounding Project,0,0.00,1,9187450.00,0,0.00,0,0.00,2,20000.00,0,0.00,0,0.00,0,0,0,0,0,0,0,0,0,0,0,0,0,0,0,0,0,0,0,0,0,2,1,0,0,0,0,0,0,0
Cagayan,2nd District,Abulug,Calog Norte,PH0201501004,PH0201501,PH02015,4,6874289.40,2.41,1718572.35,2022,Farm-to-Market Road,Farm-to-Market Roads,Farm to Market Road Development Program | High Value Crop Development Program,Farm-to-Market Road | School Garden,3,6864289.40,0,0.00,0,0.00,0,0.00,1,10000.00,0,0.00,0,0.00,0,0,0,0,0,3,0,0,0,0,0,0,0,0,0,0,0,0,0,0,0,1,0,0,0,0,0,0,0,0
Cagayan,2nd District,Abulug,Calog Sur,PH0201501005,PH0201501,PH02015,6,59617329.94,7.19,9936221.66,2022,Farm-to-Market Road,Farm-to-Market Roads,Farm to Market Road Development Program | High Value Crop Development Program | Rice Program,Farm-to-Market Road | Multi-Purpose Drying Pavement | School Garden,4,59189639.30,0,0.00,1,417690.64,0,0.00,1,10000.00,0,0.00,0,0.00,0,0,0,0,0,4,0,0,0,0,0,0,0,1,0,0,0,0,0,0,0,1,0,0,0,0,0,0,0,0
Cagayan,2nd District,Abulug,Calog Sur;Simayung,,PH0201501,PH02015,1,14924997.17,1.25,14924997.17,2023,Farm-to-Market Road,Farm-to-Market Roads,Farm to Market Road Development Program,Farm-to-Market Road,1,14924997.17,0,0.00,0,0.00,0,0.00,0,0.00,0,0.00,0,0.00,0,0,0,0,0,1,0,0,0,0,0,0,0,0,0,0,0,0,0,0,0,0,0,0,0,0,0,0,0,0
Cagayan,2nd District,Abulug,Canayun,PH0201501006,PH0201501,PH02015,2,6814370.93,0.88,3407185.46,2018,Farm-to-Market Road,Farm-to-Market Roads,Farm to Market Road Development Program,Farm-to-Market Road,2,6814370.93,0,0.00,0,0.00,0,0.00,0,0.00,0,0.00,0,0.00,0,0,0,0,0,2,0,0,0,0,0,0,0,0,0,0,0,0,0,0,0,0,0,0,0,0,0,0,0,0
Cagayan,2nd District,Abulug,Centro (Pob.),PH0201501007,PH0201501,PH02015,1,2882588.70,0.33,2882588.70,2017,Farm-to-Market Road,Farm-to-Market Roads,Farm to Market Road Development Program,Farm-to-Market Road,1,2882588.70,0,0.00,0,0.00,0,0.00,0,0.00,0,0.00,0,0.00,0,0,0,0,0,1,0,0,0,0,0,0,0,0,0,0,0,0,0,0,0,0,0,0,0,0,0,0,0,0
Cagayan,2nd District,Abulug,Dana-Ili,PH0201501008,PH0201501,PH02015,2,17262829.35,2.19,8631414.68,2021,Farm-to-Market Road,Farm-to-Market Roads,Farm to Market Road Development Program,Farm-to-Market Road,2,17262829.35,0,0.00,0,0.00,0,0.00,0,0.00,0,0.00,0,0.00,0,0,0,0,0,2,0,0,0,0,0,0,0,0,0,0,0,0,0,0,0,0,0,0,0,0,0,0,0,0
Cagayan,2nd District,Abulug,Dana-Ili;San Julian,,PH0201501,PH02015,1,49750752.68,3.57,49750752.68,2021,Farm-to-Market Road,Farm-to-Market Roads,Farm to Market Road Development Program,Farm-to-Market Road,1,49750752.68,0,0.00,0,0.00,0,0.00,0,0.00,0,0.00,0,0.00,0,0,0,0,0,1,0,0,0,0,0,0,0,0,0,0,0,0,0,0,0,0,0,0,0,0,0,0,0,0
Cagayan,2nd District,Abulug,Guiddam,PH0201501009,PH0201501,PH02015,8,93231652.16,8.68,11653956.52,2023,Farm-to-Market Road,Farm-to-Market Roads,Farm to Market Road Development Program | High Value Crop Development Program,Farm-to-Market Road | School Garden,6,93211652.16,0,0.00,0,0.00,0,0.00,2,20000.00,0,0.00,0,0.00,0,0,0,0,0,6,0,0,0,0,0,0,0,0,0,0,0,0,0,0,0,2,0,0,0,0,0,0,0,0
Cagayan,2nd District,Abulug,Libertad,PH0201501010,PH0201501,PH02015,5,26289816.13,5.79,5257963.23,2023,Farm-to-Market Road,Protected Cultivation and Nurseries,Farm to Market Road Development Program | High Value Crop Development Program | National Urban and Peri-Urban Agriculture Program,Farm-to-Market Road | Greenhouse | Mushroom Fruiting House | Rabbit Housing | School Garden,1,24875000.00,0,0.00,0,0.00,2,1299132.13,1,10000.00,1,105684.00,0,0.00,0,0,0,0,0,1,0,0,1,0,0,0,0,0,1,0,0,0,1,0,0,1,0,0,0,0,0,0,0,0
Cagayan,2nd District,Abulug,Lucban,PH0201501011,PH0201501,PH02015,2,15055402.34,2.00,7527701.17,2024,Farm-to-Market Road,Farm-to-Market Roads,Farm to Market Road Development Program | National Organic Agriculture Program,Farm-to-Market Road | Vermi-Composting Facilities,1,14855402.34,0,0.00,0,0.00,1,200000.00,0,0.00,0,0.00,0,0.00,0,0,0,0,0,1,0,0,0,0,0,0,0,0,0,0,0,0,0,0,0,0,0,0,0,0,0,1,0,0
Cagayan,2nd District,Abulug,Pinili,PH0201501012,PH0201501,PH02015,1,4975000.00,0.50,4975000.00,2015,Farm-to-Market Road,Farm-to-Market Roads,Farm to Market Road Development Program,Farm-to-Market Road,1,4975000.00,0,0.00,0,0.00,0,0.00,0,0.00,0,0.00,0,0.00,0,0,0,0,0,1,0,0,0,0,0,0,0,0,0,0,0,0,0,0,0,0,0,0,0,0,0,0,0,0
Cagayan,2nd District,Abulug,San Agustin,PH0201501018,PH0201501,PH02015,3,33041482.02,3.75,11013827.34,2023,Farm-to-Market Road,Farm-to-Market Roads,Farm to Market Road Development Program | Rice Program,Diversion Dam | Farm-to-Market Road,2,29700807.30,1,3340674.72,0,0.00,0,0.00,0,0.00,0,0.00,0,0.00,0,0,0,0,1,2,0,0,0,0,0,0,0,0,0,0,0,0,0,0,0,0,0,0,0,0,0,0,0,0
Cagayan,2nd District,Abulug,San Julian,PH0201501019,PH0201501,PH02015,6,59644236.93,6.25,9940706.16,2023,Farm-to-Market Road,Farm-to-Market Roads,Farm to Market Road Development Program,Farm-to-Market Road,6,59644236.93,0,0.00,0,0.00,0,0.00,0,0.00,0,0.00,0,0.00,0,0,0,0,0,6,0,0,0,0,0,0,0,0,0,0,0,0,0,0,0,0,0,0,0,0,0,0,0,0
Cagayan,2nd District,Abulug,Santa Filomena,PH0201501013,PH0201501,PH02015,4,26695852.42,2.28,6673963.11,2024,Farm-to-Market Road,Farm-to-Market Roads,Farm to Market Road Development Program,Farm-to-Market Road,4,26695852.42,0,0.00,0,0.00,0,0.00,0,0.00,0,0.00,0,0.00,0,0,0,0,0,4,0,0,0,0,0,0,0,0,0,0,0,0,0,0,0,0,0,0,0,0,0,0,0,0
Cagayan,2nd District,Abulug,Santa Rosa,PH0201501020,PH0201501,PH02015,3,40069407.89,3.49,13356469.30,2023,Farm-to-Market Road,Farm-to-Market Roads,Farm to Market Road Development Program,Farm-to-Market Road,3,40069407.89,0,0.00,0,0.00,0,0.00,0,0.00,0,0.00,0,0.00,0,0,0,0,0,3,0,0,0,0,0,0,0,0,0,0,0,0,0,0,0,0,0,0,0,0,0,0,0,0
Cagayan,2nd District,Abulug,Santo Tomas,PH0201501014,PH0201501,PH02015,4,20244755.55,3.86,5061188.89,2023,Farm-to-Market Road,Farm-to-Market Roads,Farm to Market Road Development Program | High Value Crop Development Program,Farm-to-Market Road | Gulayan sa Barangay | Solar-Powered Irrigation System,2,19556324.79,1,588430.76,0,0.00,0,0.00,1,100000.00,0,0.00,0,0.00,0,0,0,0,0,2,0,0,0,1,0,0,0,0,0,0,0,0,0,0,0,0,0,0,1,0,0,0,0,0
Cagayan,2nd District,Abulug,Siguiran,PH0201501015,PH0201501,PH02015,2,596548.72,2.00,298274.36,2022,School Garden,Food Gardens,High Value Crop Development Program,School Garden | Solar-Powered Irrigation System,0,0.00,1,586548.72,0,0.00,0,0.00,1,10000.00,0,0.00,0,0.00,0,0,0,0,0,0,0,0,0,0,0,0,0,0,0,0,0,0,0,0,0,1,0,0,1,0,0,0,0,0
Cagayan,1st District,Alcala,Abbeg,PH0201502001,PH0201502,PH02015,2,8925000.00,0.98,4462500.00,2016,Farm-to-Market Road,Farm-to-Market Roads,Farm to Market Road Development Program,Farm-to-Market Road,2,8925000.00,0,0.00,0,0.00,0,0.00,0,0.00,0,0.00,0,0.00,0,0,0,0,0,2,0,0,0,0,0,0,0,0,0,0,0,0,0,0,0,0,0,0,0,0,0,0,0,0
Cagayan,1st District,Alcala,Afusing Bato,PH0201502002,PH0201502,PH02015,2,7940000.00,1.02,3970000.00,2015,Farm-to-Market Road,Farm-to-Market Roads,Farm to Market Road Development Program,Farm-to-Market Road,2,7940000.00,0,0.00,0,0.00,0,0.00,0,0.00,0,0.00,0,0.00,0,0,0,0,0,2,0,0,0,0,0,0,0,0,0,0,0,0,0,0,0,0,0,0,0,0,0,0,0,0
Cagayan,1st District,Alcala,Afusing Daga,PH0201502003,PH0201502,PH02015,1,1973425.21,1.00,1973425.21,2015,Small Water Impounding Project,Irrigation and Water Systems,Rice Program,Small Water Impounding Project,0,0.00,1,1973425.21,0,0.00,0,0.00,0,0.00,0,0.00,0,0.00,0,0,0,0,0,0,0,0,0,0,0,0,0,0,0,0,0,0,0,0,0,0,1,0,0,0,0,0,0,0
Cagayan,1st District,Alcala,Baybayog,PH0201502006,PH0201502,PH02015,2,4886000.00,1.49,2443000.00,2022,Farm-to-Market Road,Farm-to-Market Roads,Farm to Market Road Development Program | High Value Crop Development Program,Farm-to-Market Road | School Garden,1,4876000.00,0,0.00,0,0.00,0,0.00,1,10000.00,0,0.00,0,0.00,0,0,0,0,0,1,0,0,0,0,0,0,0,0,0,0,0,0,0,0,0,1,0,0,0,0,0,0,0,0
Cagayan,1st District,Alcala,Cabuluan,PH0201502007,PH0201502,PH02015,3,6721589.50,3.00,2240529.83,2017,Small Water Impounding Project,Irrigation and Water Systems,Rice Program,Small Water Impounding Project,0,0.00,3,6721589.50,0,0.00,0,0.00,0,0.00,0,0.00,0,0.00,0,0,0,0,0,0,0,0,0,0,0,0,0,0,0,0,0,0,0,0,0,0,3,0,0,0,0,0,0,0
Cagayan,1st District,Alcala,Calantac,PH0201502008,PH0201502,PH02015,1,10000.00,1.00,10000.00,2022,School Garden,Food Gardens,High Value Crop Development Program,School Garden,0,0.00,0,0.00,0,0.00,0,0.00,1,10000.00,0,0.00,0,0.00,0,0,0,0,0,0,0,0,0,0,0,0,0,0,0,0,0,0,0,0,0,1,0,0,0,0,0,0,0,0
Cagayan,1st District,Alcala,Carallangan,PH0201502009,PH0201502,PH02015,1,10000.00,1.00,10000.00,2022,School Garden,Food Gardens,High Value Crop Development Program,School Garden,0,0.00,0,0.00,0,0.00,0,0.00,1,10000.00,0,0.00,0,0.00,0,0,0,0,0,0,0,0,0,0,0,0,0,0,0,0,0,0,0,0,0,1,0,0,0,0,0,0,0,0
Cagayan,1st District,Alcala,Centro Sur (Pob.),PH0201502011,PH0201502,PH02015,1,14914886.03,1.00,14914886.03,2024,Farm-to-Market Road,Farm-to-Market Roads,Farm to Market Road Development Program,Farm-to-Market Road,1,14914886.03,0,0.00,0,0.00,0,0.00,0,0.00,0,0.00,0,0.00,0,0,0,0,0,1,0,0,0,0,0,0,0,0,0,0,0,0,0,0,0,0,0,0,0,0,0,0,0,0
Cagayan,1st District,Alcala,Dalaoig,PH0201502012,PH0201502,PH02015,3,30000.00,3.00,10000.00,2022,School Garden,Food Gardens,High Value Crop Development Program,School Garden,0,0.00,0,0.00,0,0.00,0,0.00,3,30000.00,0,0.00,0,0.00,0,0,0,0,0,0,0,0,0,0,0,0,0,0,0,0,0,0,0,0,0,3,0,0,0,0,0,0,0,0
Cagayan,1st District,Alcala,Jurisdiction,PH0201502014,PH0201502,PH02015,1,10000.00,1.00,10000.00,2022,School Garden,Food Gardens,High Value Crop Development Program,School Garden,0,0.00,0,0.00,0,0.00,0,0.00,1,10000.00,0,0.00,0,0.00,0,0,0,0,0,0,0,0,0,0,0,0,0,0,0,0,0,0,0,0,0,1,0,0,0,0,0,0,0,0
Cagayan,1st District,Alcala,Maraburab,PH0201502016,PH0201502,PH02015,1,1537768.41,1.00,1537768.41,2015,Small Water Impounding Project,Irrigation and Water Systems,Rice Program,Small Water Impounding Project,0,0.00,1,1537768.41,0,0.00,0,0.00,0,0.00,0,0.00,0,0.00,0,0,0,0,0,0,0,0,0,0,0,0,0,0,0,0,0,0,0,0,0,0,1,0,0,0,0,0,0,0
Cagayan,1st District,Alcala,Masin,PH0201502017,PH0201502,PH02015,1,10000.00,1.00,10000.00,2022,School Garden,Food Gardens,High Value Crop Development Program,School Garden,0,0.00,0,0.00,0,0.00,0,0.00,1,10000.00,0,0.00,0,0.00,0,0,0,0,0,0,0,0,0,0,0,0,0,0,0,0,0,0,0,0,0,1,0,0,0,0,0,0,0,0
Cagayan,1st District,Alcala,Piggatan,PH0201502020,PH0201502,PH02015,1,19884989.89,1.67,19884989.89,2023,Farm-to-Market Road,Farm-to-Market Roads,Farm to Market Road Development Program,Farm-to-Market Road,1,19884989.89,0,0.00,0,0.00,0,0.00,0,0.00,0,0.00,0,0.00,0,0,0,0,0,1,0,0,0,0,0,0,0,0,0,0,0,0,0,0,0,0,0,0,0,0,0,0,0,0
Cagayan,1st District,Alcala,Pinopoc,PH0201502021,PH0201502,PH02015,1,100000.00,1.00,100000.00,2022,Gulayan sa Barangay,Food Gardens,High Value Crop Development Program,Gulayan sa Barangay,0,0.00,0,0.00,0,0.00,0,0.00,1,100000.00,0,0.00,0,0.00,0,0,0,0,0,0,0,0,0,1,0,0,0,0,0,0,0,0,0,0,0,0,0,0,0,0,0,0,0,0
Cagayan,1st District,Alcala,Pussian,PH0201502022,PH0201502,PH02015,1,758072.50,1.00,758072.50,2023,Multi-Purpose Drying Pavement,Postharvest and Processing,Corn Program,Multi-Purpose Drying Pavement,0,0.00,0,0.00,1,758072.50,0,0.00,0,0.00,0,0.00,0,0.00,0,0,0,0,0,0,0,0,0,0,0,0,0,1,0,0,0,0,0,0,0,0,0,0,0,0,0,0,0,0
Cagayan,1st District,Alcala,San Esteban,PH0201502023,PH0201502,PH02015,1,5642080.00,1.00,5642080.00,2017,Solar-Powered Irrigation System,Irrigation and Water Systems,Rice Program,Solar-Powered Irrigation System,0,0.00,1,5642080.00,0,0.00,0,0.00,0,0.00,0,0.00,0,0.00,0,0,0,0,0,0,0,0,0,0,0,0,0,0,0,0,0,0,0,0,0,0,0,0,1,0,0,0,0,0
Cagayan,2nd District,Allacapan,Bessang,PH0201503001,PH0201503,PH02015,1,2830626.34,0.29,2830626.34,2017,Farm-to-Market Road,Farm-to-Market Roads,Farm to Market Road Development Program,Farm-to-Market Road,1,2830626.34,0,0.00,0,0.00,0,0.00,0,0.00,0,0.00,0,0.00,0,0,0,0,0,1,0,0,0,0,0,0,0,0,0,0,0,0,0,0,0,0,0,0,0,0,0,0,0,0
Cagayan,2nd District,Allacapan,Binobongan,PH0201503002,PH0201503,PH02015,1,10000.00,1.00,10000.00,2022,School Garden,Food Gardens,High Value Crop Development Program,School Garden,0,0.00,0,0.00,0,0.00,0,0.00,1,10000.00,0,0.00,0,0.00,0,0,0,0,0,0,0,0,0,0,0,0,0,0,0,0,0,0,0,0,0,1,0,0,0,0,0,0,0,0
Cagayan,2nd District,Allacapan,Bulo,PH0201503003,PH0201503,PH02015,1,10000.00,1.00,10000.00,2022,School Garden,Food Gardens,High Value Crop Development Program,School Garden,0,0.00,0,0.00,0,0.00,0,0.00,1,10000.00,0,0.00,0,0.00,0,0,0,0,0,0,0,0,0,0,0,0,0,0,0,0,0,0,0,0,0,1,0,0,0,0,0,0,0,0
Cagayan,2nd District,Allacapan,Capagaran (Brigida),PH0201503005,PH0201503,PH02015,1,8952655.50,1.00,8952655.50,2020,Small Water Impounding Project,Irrigation and Water Systems,Rice Program,Small Water Impounding Project,0,0.00,1,8952655.50,0,0.00,0,0.00,0,0.00,0,0.00,0,0.00,0,0,0,0,0,0,0,0,0,0,0,0,0,0,0,0,0,0,0,0,0,0,1,0,0,0,0,0,0,0
Cagayan,2nd District,Allacapan,Capalutan,PH0201503006,PH0201503,PH02015,3,68134451.01,3.00,22711483.67,2023,Small Water Impounding Project,Irrigation and Water Systems,Rice Program,Small Water Impounding Project,0,0.00,3,68134451.01,0,0.00,0,0.00,0,0.00,0,0.00,0,0.00,0,0,0,0,0,0,0,0,0,0,0,0,0,0,0,0,0,0,0,0,0,0,3,0,0,0,0,0,0,0
Cagayan,2nd District,Allacapan,Capanickian Norte,PH0201503007,PH0201503,PH02015,1,10000.00,1.00,10000.00,2022,School Garden,Food Gardens,High Value Crop Development Program,School Garden,0,0.00,0,0.00,0,0.00,0,0.00,1,10000.00,0,0.00,0,0.00,0,0,0,0,0,0,0,0,0,0,0,0,0,0,0,0,0,0,0,0,0,1,0,0,0,0,0,0,0,0
Cagayan,2nd District,Allacapan,Cataratan,PH0201503009,PH0201503,PH02015,1,1990000.00,0.23,1990000.00,2016,Farm-to-Market Road,Farm-to-Market Roads,Farm to Market Road Development Program,Farm-to-Market Road,1,1990000.00,0,0.00,0,0.00,0,0.00,0,0.00,0,0.00,0,0.00,0,0,0,0,0,1,0,0,0,0,0,0,0,0,0,0,0,0,0,0,0,0,0,0,0,0,0,0,0,0
Cagayan,2nd District,Allacapan,Centro East (Pob.),PH0201503010,PH0201503,PH02015,1,10000.00,1.00,10000.00,2022,School Garden,Food Gardens,High Value Crop Development Program,School Garden,0,0.00,0,0.00,0,0.00,0,0.00,1,10000.00,0,0.00,0,0.00,0,0,0,0,0,0,0,0,0,0,0,0,0,0,0,0,0,0,0,0,0,1,0,0,0,0,0,0,0,0
Cagayan,2nd District,Allacapan,Labben,PH0201503017,PH0201503,PH02015,2,75596768.46,2.00,37798384.23,2024,Farm-to-Market Road,Farm-to-Market Roads,Farm to Market Road Development Program | Rice Program,Farm-to-Market Road | Small Water Impounding Project,1,65049555.46,1,10547213.00,0,0.00,0,0.00,0,0.00,0,0.00,0,0.00,0,0,0,0,0,1,0,0,0,0,0,0,0,0,0,0,0,0,0,0,0,0,1,0,0,0,0,0,0,0
Cagayan,2nd District,Allacapan,Matucay,PH0201503020,PH0201503,PH02015,1,10000.00,1.00,10000.00,2022,School Garden,Food Gardens,High Value Crop Development Program,School Garden,0,0.00,0,0.00,0,0.00,0,0.00,1,10000.00,0,0.00,0,0.00,0,0,0,0,0,0,0,0,0,0,0,0,0,0,0,0,0,0,0,0,0,1,0,0,0,0,0,0,0,0
Cagayan,2nd District,Allacapan,Nagattatan,PH0201503021,PH0201503,PH02015,2,9078102.91,1.23,4539051.46,2018,Farm-to-Market Road,Farm-to-Market Roads,Farm to Market Road Development Program | Rice Program,Farm-to-Market Road | Small Water Impounding Project,1,1990000.00,1,7088102.91,0,0.00,0,0.00,0,0.00,0,0.00,0,0.00,0,0,0,0,0,1,0,0,0,0,0,0,0,0,0,0,0,0,0,0,0,0,1,0,0,0,0,0,0,0
Cagayan,2nd District,Allacapan,Tubel,PH0201503026,PH0201503,PH02015,1,10000.00,1.00,10000.00,2022,School Garden,Food Gardens,High Value Crop Development Program,School Garden,0,0.00,0,0.00,0,0.00,0,0.00,1,10000.00,0,0.00,0,0.00,0,0,0,0,0,0,0,0,0,0,0,0,0,0,0,0,0,0,0,0,0,1,0,0,0,0,0,0,0,0
Cagayan,2nd District,Allacapan,Utan,PH0201503027,PH0201503,PH02015,1,5441788.21,1.00,5441788.21,2018,Small Water Impounding Project,Irrigation and Water Systems,Rice Program,Small Water Impounding Project,0,0.00,1,5441788.21,0,0.00,0,0.00,0,0.00,0,0.00,0,0.00,0,0,0,0,0,0,0,0,0,0,0,0,0,0,0,0,0,0,0,0,0,0,1,0,0,0,0,0,0,0
Cagayan,3rd District,Amulung,Agguirit,PH0201504002,PH0201504,PH02015,2,12447500.00,2.27,6223750.00,2022,Farm-to-Market Road,Farm-to-Market Roads,Farm to Market Road Development Program | High Value Crop Development Program,Farm-to-Market Road | School Garden,1,12437500.00,0,0.00,0,0.00,0,0.00,1,10000.00,0,0.00,0,0.00,0,0,0,0,0,1,0,0,0,0,0,0,0,0,0,0,0,0,0,0,0,1,0,0,0,0,0,0,0,0
Cagayan,3rd District,Amulung,Annafatan;Palayag,,PH0201504,PH02015,1,4975000.00,0.33,4975000.00,2018,Farm-to-Market Road,Farm-to-Market Roads,Farm to Market Road Development Program,Farm-to-Market Road,1,4975000.00,0,0.00,0,0.00,0,0.00,0,0.00,0,0.00,0,0.00,0,0,0,0,0,1,0,0,0,0,0,0,0,0,0,0,0,0,0,0,0,0,0,0,0,0,0,0,0,0
Cagayan,3rd District,Amulung,Anquiray,PH0201504006,PH0201504,PH02015,1,10000.00,1.00,10000.00,2022,School Garden,Food Gardens,High Value Crop Development Program,School Garden,0,0.00,0,0.00,0,0.00,0,0.00,1,10000.00,0,0.00,0,0.00,0,0,0,0,0,0,0,0,0,0,0,0,0,0,0,0,0,0,0,0,0,1,0,0,0,0,0,0,0,0
Cagayan,3rd District,Amulung,Babayuan,PH0201504007,PH0201504,PH02015,2,1999300.00,1.28,999650.00,2022,School Garden,Food Gardens,Farm to Market Road Development Program | High Value Crop Development Program,Farm-to-Market Road | School Garden,1,1989300.00,0,0.00,0,0.00,0,0.00,1,10000.00,0,0.00,0,0.00,0,0,0,0,0,1,0,0,0,0,0,0,0,0,0,0,0,0,0,0,0,1,0,0,0,0,0,0,0,0
Cagayan,3rd District,Amulung,Bacring,PH0201504009,PH0201504,PH02015,1,12488138.02,1.00,12488138.02,2016,Small Water Impounding Project,Irrigation and Water Systems,Rice Program,Small Water Impounding Project,0,0.00,1,12488138.02,0,0.00,0,0.00,0,0.00,0,0.00,0,0.00,0,0,0,0,0,0,0,0,0,0,0,0,0,0,0,0,0,0,0,0,0,0,1,0,0,0,0,0,0,0
Cagayan,3rd District,Amulung,Baculud,PH0201504010,PH0201504,PH02015,3,9753750.00,2.92,3251250.00,2022,Farm-to-Market Road,Farm-to-Market Roads,Farm to Market Road Development Program | High Value Crop Development Program,Farm-to-Market Road | School Garden,2,9743750.00,0,0.00,0,0.00,0,0.00,1,10000.00,0,0.00,0,0.00,0,0,0,0,0,2,0,0,0,0,0,0,0,0,0,0,0,0,0,0,0,1,0,0,0,0,0,0,0,0
Cagayan,3rd District,Amulung,Calamagui,PH0201504014,PH0201504,PH02015,1,11934971.09,1.00,11934971.09,2022,Farm-to-Market Road,Farm-to-Market Roads,Farm to Market Road Development Program,Farm-to-Market Road,1,11934971.09,0,0.00,0,0.00,0,0.00,0,0.00,0,0.00,0,0.00,0,0,0,0,0,1,0,0,0,0,0,0,0,0,0,0,0,0,0,0,0,0,0,0,0,0,0,0,0,0
Cagayan,3rd District,Amulung,Calintaan,PH0201504015,PH0201504,PH02015,1,12372738.82,1.04,12372738.82,2023,Farm-to-Market Road,Farm-to-Market Roads,Farm to Market Road Development Program,Farm-to-Market Road,1,12372738.82,0,0.00,0,0.00,0,0.00,0,0.00,0,0.00,0,0.00,0,0,0,0,0,1,0,0,0,0,0,0,0,0,0,0,0,0,0,0,0,0,0,0,0,0,0,0,0,0
Cagayan,3rd District,Amulung,Casingsingan Norte,PH0201504017,PH0201504,PH02015,1,4975000.00,0.74,4975000.00,2019,Farm-to-Market Road,Farm-to-Market Roads,Farm to Market Road Development Program,Farm-to-Market Road,1,4975000.00,0,0.00,0,0.00,0,0.00,0,0.00,0,0.00,0,0.00,0,0,0,0,0,1,0,0,0,0,0,0,0,0,0,0,0,0,0,0,0,0,0,0,0,0,0,0,0,0
Cagayan,3rd District,Amulung,Centro,PH0201504020,PH0201504,PH02015,2,1921652.62,1.26,960826.31,2022,Farm-to-Market Road,Farm-to-Market Roads,Farm to Market Road Development Program | High Value Crop Development Program,Farm-to-Market Road | Gulayan sa Barangay,1,1821652.62,0,0.00,0,0.00,0,0.00,1,100000.00,0,0.00,0,0.00,0,0,0,0,0,1,0,0,0,1,0,0,0,0,0,0,0,0,0,0,0,0,0,0,0,0,0,0,0,0
Cagayan,3rd District,Amulung,Cordova,PH0201504022,PH0201504,PH02015,1,2834882.04,0.35,2834882.04,2017,Farm-to-Market Road,Farm-to-Market Roads,Farm to Market Road Development Program,Farm-to-Market Road,1,2834882.04,0,0.00,0,0.00,0,0.00,0,0.00,0,0.00,0,0.00,0,0,0,0,0,1,0,0,0,0,0,0,0,0,0,0,0,0,0,0,0,0,0,0,0,0,0,0,0,0
Cagayan,3rd District,Amulung,Dugayung,PH0201504025,PH0201504,PH02015,1,10000.00,1.00,10000.00,2022,School Garden,Food Gardens,High Value Crop Development Program,School Garden,0,0.00,0,0.00,0,0.00,0,0.00,1,10000.00,0,0.00,0,0.00,0,0,0,0,0,0,0,0,0,0,0,0,0,0,0,0,0,0,0,0,0,1,0,0,0,0,0,0,0,0
Cagayan,3rd District,Amulung,Estefania,PH0201504026,PH0201504,PH02015,1,10000.00,1.00,10000.00,2022,School Garden,Food Gardens,High Value Crop Development Program,School Garden,0,0.00,0,0.00,0,0.00,0,0.00,1,10000.00,0,0.00,0,0.00,0,0,0,0,0,0,0,0,0,0,0,0,0,0,0,0,0,0,0,0,0,1,0,0,0,0,0,0,0,0
Cagayan,3rd District,Amulung,Gangauan,PH0201504028,PH0201504,PH02015,1,1990000.00,0.20,1990000.00,2015,Farm-to-Market Road,Farm-to-Market Roads,Farm to Market Road Development Program,Farm-to-Market Road,1,1990000.00,0,0.00,0,0.00,0,0.00,0,0.00,0,0.00,0,0.00,0,0,0,0,0,1,0,0,0,0,0,0,0,0,0,0,0,0,0,0,0,0,0,0,0,0,0,0,0,0
Cagayan,3rd District,Amulung,La Suerte,PH0201504031,PH0201504,PH02015,2,14267408.07,2.00,7133704.04,2022,School Garden,Food Gardens,High Value Crop Development Program | Rice Program,School Garden | Small Water Impounding Project,0,0.00,1,14257408.07,0,0.00,0,0.00,1,10000.00,0,0.00,0,0.00,0,0,0,0,0,0,0,0,0,0,0,0,0,0,0,0,0,0,0,0,0,1,1,0,0,0,0,0,0,0
Cagayan,3rd District,Amulung,Magogod,PH0201504033,PH0201504,PH02015,2,9950000.00,1.22,4975000.00,2015,Farm-to-Market Road,Farm-to-Market Roads,Farm to Market Road Development Program,Farm-to-Market Road,2,9950000.00,0,0.00,0,0.00,0,0.00,0,0.00,0,0.00,0,0.00,0,0,0,0,0,2,0,0,0,0,0,0,0,0,0,0,0,0,0,0,0,0,0,0,0,0,0,0,0,0
Cagayan,3rd District,Amulung,Manalo,PH0201504034,PH0201504,PH02015,2,9906965.00,1.23,4953482.50,2016,Farm-to-Market Road,Farm-to-Market Roads,Farm to Market Road Development Program,Farm-to-Market Road,2,9906965.00,0,0.00,0,0.00,0,0.00,0,0.00,0,0.00,0,0.00,0,0,0,0,0,2,0,0,0,0,0,0,0,0,0,0,0,0,0,0,0,0,0,0,0,0,0,0,0,0
Cagayan,3rd District,Amulung,Marobbob,PH0201504035,PH0201504,PH02015,1,33443360.00,6.50,33443360.00,2020,Farm-to-Market Road,Farm-to-Market Roads,Farm to Market Road Development Program,Farm-to-Market Road,1,33443360.00,0,0.00,0,0.00,0,0.00,0,0.00,0,0.00,0,0.00,0,0,0,0,0,1,0,0,0,0,0,0,0,0,0,0,0,0,0,0,0,0,0,0,0,0,0,0,0,0
Cagayan,3rd District,Amulung,Masical,PH0201504036,PH0201504,PH02015,1,1198447.80,1.00,1198447.80,2024,Mobile Solar Power Irrigation Unit,Irrigation and Water Systems,Corn Program,Mobile Solar Power Irrigation Unit,0,0.00,1,1198447.80,0,0.00,0,0.00,0,0.00,0,0.00,0,0.00,0,0,0,0,0,0,0,0,0,0,1,0,0,0,0,0,0,0,0,0,0,0,0,0,0,0,0,0,0,0
Cagayan,3rd District,Amulung,Monte Alegre,PH0201504037,PH0201504,PH02015,1,19900000.00,2.09,19900000.00,2014,Farm-to-Market Road,Farm-to-Market Roads,Farm to Market Road Development Program,Farm-to-Market Road,1,19900000.00,0,0.00,0,0.00,0,0.00,0,0.00,0,0.00,0,0.00,0,0,0,0,0,1,0,0,0,0,0,0,0,0,0,0,0,0,0,0,0,0,0,0,0,0,0,0,0,0
Cagayan,3rd District,Amulung,Nabbialan,PH0201504038,PH0201504,PH02015,1,4975000.00,0.75,4975000.00,2019,Farm-to-Market Road,Farm-to-Market Roads,Farm to Market Road Development Program,Farm-to-Market Road,1,4975000.00,0,0.00,0,0.00,0,0.00,0,0.00,0,0.00,0,0.00,0,0,0,0,0,1,0,0,0,0,0,0,0,0,0,0,0,0,0,0,0,0,0,0,0,0,0,0,0,0
Cagayan,3rd District,Amulung,Nagsabaran,PH0201504039,PH0201504,PH02015,1,14462526.26,1.00,14462526.26,2023,Small Water Impounding Project,Irrigation and Water Systems,Rice Program,Small Water Impounding Project,0,0.00,1,14462526.26,0,0.00,0,0.00,0,0.00,0,0.00,0,0.00,0,0,0,0,0,0,0,0,0,0,0,0,0,0,0,0,0,0,0,0,0,0,1,0,0,0,0,0,0,0
Cagayan,3rd District,Amulung,Unag,PH0201504047,PH0201504,PH02015,1,10000.00,1.00,10000.00,2022,School Garden,Food Gardens,High Value Crop Development Program,School Garden,0,0.00,0,0.00,0,0.00,0,0.00,1,10000.00,0,0.00,0,0.00,0,0,0,0,0,0,0,0,0,0,0,0,0,0,0,0,0,0,0,0,0,1,0,0,0,0,0,0,0,0
Cagayan,1st District,Aparri,,,PH0201505,PH02015,1,2475000.00,0.35,2475000.00,2015,Farm-to-Market Road,Farm-to-Market Roads,Farm to Market Road Development Program,Farm-to-Market Road,1,2475000.00,0,0.00,0,0.00,0,0.00,0,0.00,0,0.00,0,0.00,0,0,0,0,0,1,0,0,0,0,0,0,0,0,0,0,0,0,0,0,0,0,0,0,0,0,0,0,0,0
Cagayan,1st District,Aparri,Backiling,PH0201505001,PH0201505,PH02015,2,21876772.50,1.05,10938386.25,2020,Farm-to-Market Road,Farm-to-Market Roads,Farm to Market Road Development Program,Farm-to-Market Road,2,21876772.50,0,0.00,0,0.00,0,0.00,0,0.00,0,0.00,0,0.00,0,0,0,0,0,2,0,0,0,0,0,0,0,0,0,0,0,0,0,0,0,0,0,0,0,0,0,0,0,0
Cagayan,1st District,Aparri,Binalan,PH0201505003,PH0201505,PH02015,1,177733646.75,1.00,177733646.75,2021,Multi-Purpose Drying Pavement,Postharvest and Processing,Corn Program,Multi-Purpose Drying Pavement,0,0.00,0,0.00,1,177733646.75,0,0.00,0,0.00,0,0.00,0,0.00,0,0,0,0,0,0,0,0,0,0,0,0,0,1,0,0,0,0,0,0,0,0,0,0,0,0,0,0,0,0
Cagayan,1st District,Aparri,Bisagu,PH0201505004,PH0201505,PH02015,2,5472500.00,0.57,2736250.00,2016,Farm-to-Market Road,Farm-to-Market Roads,Farm to Market Road Development Program,Farm-to-Market Road,2,5472500.00,0,0.00,0,0.00,0,0.00,0,0.00,0,0.00,0,0.00,0,0,0,0,0,2,0,0,0,0,0,0,0,0,0,0,0,0,0,0,0,0,0,0,0,0,0,0,0,0
Cagayan,1st District,Aparri,Bukig,PH0201505019,PH0201505,PH02015,2,1932522.36,2.00,966261.18,2022,School Garden,Food Gardens,High Value Crop Development Program | Rice Program,School Garden | Small Water Impounding Project,0,0.00,1,1922522.36,0,0.00,0,0.00,1,10000.00,0,0.00,0,0.00,0,0,0,0,0,0,0,0,0,0,0,0,0,0,0,0,0,0,0,0,0,1,1,0,0,0,0,0,0,0
Cagayan,1st District,Aparri,Bulala Sur,PH0201505021,PH0201505,PH02015,3,3970000.00,1.98,1323333.33,2022,Farm-to-Market Road,Farm-to-Market Roads,Farm to Market Road Development Program | High Value Crop Development Program,Farm-to-Market Road | School Garden,2,3960000.00,0,0.00,0,0.00,0,0.00,1,10000.00,0,0.00,0,0.00,0,0,0,0,0,2,0,0,0,0,0,0,0,0,0,0,0,0,0,0,0,1,0,0,0,0,0,0,0,0
Cagayan,1st District,Aparri,Fuga Island,PH0201505025,PH0201505,PH02015,1,10000.00,1.00,10000.00,2022,School Garden,Food Gardens,High Value Crop Development Program,School Garden,0,0.00,0,0.00,0,0.00,0,0.00,1,10000.00,0,0.00,0,0.00,0,0,0,0,0,0,0,0,0,0,0,0,0,0,0,0,0,0,0,0,0,1,0,0,0,0,0,0,0,0
Cagayan,1st District,Aparri,Gaddang,PH0201505026,PH0201505,PH02015,2,491170.11,2.00,245585.05,2022,School Garden,Food Gardens,High Value Crop Development Program | Rice Program,Multi-Purpose Drying Pavement | School Garden,0,0.00,0,0.00,1,481170.11,0,0.00,1,10000.00,0,0.00,0,0.00,0,0,0,0,0,0,0,0,0,0,0,0,0,1,0,0,0,0,0,0,0,1,0,0,0,0,0,0,0,0
Cagayan,1st District,Aparri,Macanaya (Pescaria),PH0201505029,PH0201505,PH02015,1,10000.00,1.00,10000.00,2022,School Garden,Food Gardens,High Value Crop Development Program,School Garden,0,0.00,0,0.00,0,0.00,0,0.00,1,10000.00,0,0.00,0,0.00,0,0,0,0,0,0,0,0,0,0,0,0,0,0,0,0,0,0,0,0,0,1,0,0,0,0,0,0,0,0
Cagayan,1st District,Aparri,Maura,PH0201505030,PH0201505,PH02015,2,4962500.00,0.52,2481250.00,2015,Farm-to-Market Road,Farm-to-Market Roads,Farm to Market Road Development Program,Farm-to-Market Road,2,4962500.00,0,0.00,0,0.00,0,0.00,0,0.00,0,0.00,0,0.00,0,0,0,0,0,2,0,0,0,0,0,0,0,0,0,0,0,0,0,0,0,0,0,0,0,0,0,0,0,0
Cagayan,1st District,Aparri,Navagan,PH0201505032,PH0201505,PH02015,4,29558001.64,4.24,7389500.41,2023,Farm-to-Market Road,Farm-to-Market Roads,Farm to Market Road Development Program | High Value Crop Development Program | Rice Program,Farm-to-Market Road | School Garden | Solar-Powered Irrigation System,2,23870001.64,1,5678000.00,0,0.00,0,0.00,1,10000.00,0,0.00,0,0.00,0,0,0,0,0,2,0,0,0,0,0,0,0,0,0,0,0,0,0,0,0,1,0,0,1,0,0,0,0,0
Cagayan,1st District,Aparri,Paddaya,PH0201505033,PH0201505,PH02015,2,14076664.00,0.94,7038332.00,2021,Farm-to-Market Road,Farm-to-Market Roads,Farm to Market Road Development Program,Farm-to-Market Road,2,14076664.00,0,0.00,0,0.00,0,0.00,0,0.00,0,0.00,0,0.00,0,0,0,0,0,2,0,0,0,0,0,0,0,0,0,0,0,0,0,0,0,0,0,0,0,0,0,0,0,0
Cagayan,1st District,Aparri,Paruddun Norte,PH0201505034,PH0201505,PH02015,1,0.00,0.00,0.00,2012,Rice Processing Center,Postharvest and Processing,Rice Program,Rice Processing Center,0,0.00,0,0.00,1,0.00,0,0.00,0,0.00,0,0.00,0,0.00,0,0,0,0,0,0,0,0,0,0,0,0,0,0,0,0,0,0,0,0,1,0,0,0,0,0,0,0,0,0
Cagayan,1st District,Aparri,Plaza,PH0201505036,PH0201505,PH02015,1,5940000.00,1.05,5940000.00,2014,Farm-to-Market Road,Farm-to-Market Roads,Farm to Market Road Development Program,Farm-to-Market Road,1,5940000.00,0,0.00,0,0.00,0,0.00,0,0.00,0,0.00,0,0.00,0,0,0,0,0,1,0,0,0,0,0,0,0,0,0,0,0,0,0,0,0,0,0,0,0,0,0,0,0,0
Cagayan,1st District,Baggao,,,PH0201506,PH02015,1,16808.17,1.00,16808.17,2019,Diversion Dam,Irrigation and Water Systems,Rice Program,Diversion Dam,0,0.00,1,16808.17,0,0.00,0,0.00,0,0.00,0,0.00,0,0.00,0,0,0,0,1,0,0,0,0,0,0,0,0,0,0,0,0,0,0,0,0,0,0,0,0,0,0,0,0,0
Cagayan,1st District,Baggao,Alba,PH0201506003,PH0201506,PH02015,1,1154873.60,1.00,1154873.60,2017,Small Water Impounding Project,Irrigation and Water Systems,Rice Program,Small Water Impounding Project,0,0.00,1,1154873.60,0,0.00,0,0.00,0,0.00,0,0.00,0,0.00,0,0,0,0,0,0,0,0,0,0,0,0,0,0,0,0,0,0,0,0,0,0,1,0,0,0,0,0,0,0
Cagayan,1st District,Baggao,Asassi,PH0201506005,PH0201506,PH02015,3,17546273.48,2.39,5848757.83,2022,Farm-to-Market Road,Farm-to-Market Roads,Farm to Market Road Development Program | High Value Crop Development Program,Farm-to-Market Road | School Garden,2,17536273.48,0,0.00,0,0.00,0,0.00,1,10000.00,0,0.00,0,0.00,0,0,0,0,0,2,0,0,0,0,0,0,0,0,0,0,0,0,0,0,0,1,0,0,0,0,0,0,0,0
Cagayan,1st District,Baggao,Barsat East,PH0201506011,PH0201506,PH02015,1,10000.00,1.00,10000.00,2022,School Garden,Food Gardens,High Value Crop Development Program,School Garden,0,0.00,0,0.00,0,0.00,0,0.00,1,10000.00,0,0.00,0,0.00,0,0,0,0,0,0,0,0,0,0,0,0,0,0,0,0,0,0,0,0,0,1,0,0,0,0,0,0,0,0
Cagayan,1st District,Baggao,Barsat West,PH0201506012,PH0201506,PH02015,1,4964882.34,0.33,4964882.34,2024,Farm-to-Market Road,Farm-to-Market Roads,Farm to Market Road Development Program,Farm-to-Market Road,1,4964882.34,0,0.00,0,0.00,0,0.00,0,0.00,0,0.00,0,0.00,0,0,0,0,0,1,0,0,0,0,0,0,0,0,0,0,0,0,0,0,0,0,0,0,0,0,0,0,0,0
Cagayan,1st District,Baggao,Bitag Grande,PH0201506013,PH0201506,PH02015,1,14914858.16,1.00,14914858.16,2024,Farm-to-Market Road,Farm-to-Market Roads,Farm to Market Road Development Program,Farm-to-Market Road,1,14914858.16,0,0.00,0,0.00,0,0.00,0,0.00,0,0.00,0,0.00,0,0,0,0,0,1,0,0,0,0,0,0,0,0,0,0,0,0,0,0,0,0,0,0,0,0,0,0,0,0
Cagayan,1st District,Baggao,Bitag Peque?o,,PH0201506,PH02015,1,10000.00,1.00,10000.00,2022,School Garden,Food Gardens,High Value Crop Development Program,School Garden,0,0.00,0,0.00,0,0.00,0,0.00,1,10000.00,0,0.00,0,0.00,0,0,0,0,0,0,0,0,0,0,0,0,0,0,0,0,0,0,0,0,0,1,0,0,0,0,0,0,0,0
Cagayan,1st District,Baggao,Bunugan,PH0201506015,PH0201506,PH02015,1,2154188.60,1.00,2154188.60,2017,Small Water Impounding Project,Irrigation and Water Systems,Rice Program,Small Water Impounding Project,0,0.00,1,2154188.60,0,0.00,0,0.00,0,0.00,0,0.00,0,0.00,0,0,0,0,0,0,0,0,0,0,0,0,0,0,0,0,0,0,0,0,0,0,1,0,0,0,0,0,0,0
Cagayan,1st District,Baggao,Carupian,PH0201506017,PH0201506,PH02015,1,9085773.91,0.96,9085773.91,2021,Farm-to-Market Road,Farm-to-Market Roads,Farm to Market Road Development Program,Farm-to-Market Road,1,9085773.91,0,0.00,0,0.00,0,0.00,0,0.00,0,0.00,0,0.00,0,0,0,0,0,1,0,0,0,0,0,0,0,0,0,0,0,0,0,0,0,0,0,0,0,0,0,0,0,0
Cagayan,1st District,Baggao,Dalla,PH0201506022,PH0201506,PH02015,1,5650000.00,1.00,5650000.00,2018,Solar-Powered Irrigation System,Irrigation and Water Systems,Corn Program,Solar-Powered Irrigation System,0,0.00,1,5650000.00,0,0.00,0,0.00,0,0.00,0,0.00,0,0.00,0,0,0,0,0,0,0,0,0,0,0,0,0,0,0,0,0,0,0,0,0,0,0,0,1,0,0,0,0,0
Cagayan,1st District,Baggao,Hacienda Intal,PH0201506023,PH0201506,PH02015,3,10845298.40,1.35,3615099.47,2018,Farm-to-Market Road,Farm-to-Market Roads,Farm to Market Road Development Program,Farm-to-Market Road,3,10845298.40,0,0.00,0,0.00,0,0.00,0,0.00,0,0.00,0,0.00,0,0,0,0,0,3,0,0,0,0,0,0,0,0,0,0,0,0,0,0,0,0,0,0,0,0,0,0,0,0
Cagayan,1st District,Baggao,Imurong,,PH0201506,PH02015,2,5462050.00,1.48,2731025.00,2022,Farm-to-Market Road,Farm-to-Market Roads,Farm to Market Road Development Program | High Value Crop Development Program,Farm-to-Market Road | Gulayan sa Barangay,1,5362050.00,0,0.00,0,0.00,0,0.00,1,100000.00,0,0.00,0,0.00,0,0,0,0,0,1,0,0,0,1,0,0,0,0,0,0,0,0,0,0,0,0,0,0,0,0,0,0,0,0
Cagayan,1st District,Baggao,J. Pallagao,PH0201506026,PH0201506,PH02015,1,19326020.57,1.00,19326020.57,2015,Small Water Impounding Project,Irrigation and Water Systems,Rice Program,Small Water Impounding Project,0,0.00,1,19326020.57,0,0.00,0,0.00,0,0.00,0,0.00,0,0.00,0,0,0,0,0,0,0,0,0,0,0,0,0,0,0,0,0,0,0,0,0,0,1,0,0,0,0,0,0,0
Cagayan,1st District,Baggao,Masical,PH0201506028,PH0201506,PH02015,2,5628828.42,1.19,2814414.21,2019,Farm-to-Market Road,Farm-to-Market Roads,Farm to Market Road Development Program | Rice Program,Farm-to-Market Road | Solar-Powered Irrigation System,1,0.00,1,5628828.42,0,0.00,0,0.00,0,0.00,0,0.00,0,0.00,0,0,0,0,0,1,0,0,0,0,0,0,0,0,0,0,0,0,0,0,0,0,0,0,1,0,0,0,0,0
Cagayan,1st District,Baggao,Poblacion (Centro),PH0201506019,PH0201506,PH02015,2,8332982.50,2.00,4166491.25,2023,Warehouse,Postharvest and Processing,Corn Program,Multi-Purpose Drying Pavement | Warehouse,0,0.00,0,0.00,2,8332982.50,0,0.00,0,0.00,0,0.00,0,0.00,0,0,0,0,0,0,0,0,0,0,0,0,0,1,0,0,0,0,0,0,0,0,0,0,0,0,0,0,0,1
Cagayan,1st District,Baggao,Remus,PH0201506031,PH0201506,PH02015,1,9452500.00,0.90,9452500.00,2017,Farm-to-Market Road,Farm-to-Market Roads,Farm to Market Road Development Program,Farm-to-Market Road,1,9452500.00,0,0.00,0,0.00,0,0.00,0,0.00,0,0.00,0,0.00,0,0,0,0,0,1,0,0,0,0,0,0,0,0,0,0,0,0,0,0,0,0,0,0,0,0,0,0,0,0
Cagayan,1st District,Baggao,San Miguel,PH0201506036,PH0201506,PH02015,1,12422506.78,1.26,12422506.78,2023,Farm-to-Market Road,Farm-to-Market Roads,Farm to Market Road Development Program,Farm-to-Market Road,1,12422506.78,0,0.00,0,0.00,0,0.00,0,0.00,0,0.00,0,0.00,0,0,0,0,0,1,0,0,0,0,0,0,0,0,0,0,0,0,0,0,0,0,0,0,0,0,0,0,0,0
Cagayan,1st District,Baggao,Santa Margarita,PH0201506038,PH0201506,PH02015,2,20000.00,2.00,10000.00,2022,School Garden,Food Gardens,High Value Crop Development Program,School Garden,0,0.00,0,0.00,0,0.00,0,0.00,2,20000.00,0,0.00,0,0.00,0,0,0,0,0,0,0,0,0,0,0,0,0,0,0,0,0,0,0,0,0,2,0,0,0,0,0,0,0,0
Cagayan,1st District,Baggao,Santor,PH0201506039,PH0201506,PH02015,1,2950000.00,0.41,2950000.00,2015,Farm-to-Market Road,Farm-to-Market Roads,Farm to Market Road Development Program,Farm-to-Market Road,1,2950000.00,0,0.00,0,0.00,0,0.00,0,0.00,0,0.00,0,0.00,0,0,0,0,0,1,0,0,0,0,0,0,0,0,0,0,0,0,0,0,0,0,0,0,0,0,0,0,0,0
Cagayan,1st District,Baggao,Taguing,PH0201506040,PH0201506,PH02015,1,1990000.00,0.23,1990000.00,2016,Farm-to-Market Road,Farm-to-Market Roads,Farm to Market Road Development Program,Farm-to-Market Road,1,1990000.00,0,0.00,0,0.00,0,0.00,0,0.00,0,0.00,0,0.00,0,0,0,0,0,1,0,0,0,0,0,0,0,0,0,0,0,0,0,0,0,0,0,0,0,0,0,0,0,0
Cagayan,1st District,Baggao,Taguntungan,PH0201506041,PH0201506,PH02015,1,4261000.00,1.00,4261000.00,2015,Diversion Dam,Irrigation and Water Systems,Rice Program,Diversion Dam,0,0.00,1,4261000.00,0,0.00,0,0.00,0,0.00,0,0.00,0,0.00,0,0,0,0,1,0,0,0,0,0,0,0,0,0,0,0,0,0,0,0,0,0,0,0,0,0,0,0,0,0
Cagayan,1st District,Baggao,Tallang,PH0201506042,PH0201506,PH02015,1,0.00,0.27,0.00,2019,Farm-to-Market Road,Farm-to-Market Roads,Farm to Market Road Development Program,Farm-to-Market Road,1,0.00,0,0.00,0,0.00,0,0.00,0,0.00,0,0.00,0,0.00,0,0,0,0,0,1,0,0,0,0,0,0,0,0,0,0,0,0,0,0,0,0,0,0,0,0,0,0,0,0
Cagayan,2nd District,Ballesteros,Cabaritan West,PH0201507004,PH0201507,PH02015,1,10000.00,1.00,10000.00,2022,School Garden,Food Gardens,High Value Crop Development Program,School Garden,0,0.00,0,0.00,0,0.00,0,0.00,1,10000.00,0,0.00,0,0.00,0,0,0,0,0,0,0,0,0,0,0,0,0,0,0,0,0,0,0,0,0,1,0,0,0,0,0,0,0,0
Cagayan,2nd District,Ballesteros,Cabayu,PH0201507005,PH0201507,PH02015,2,20000.00,2.00,10000.00,2022,School Garden,Food Gardens,High Value Crop Development Program,School Garden,0,0.00,0,0.00,0,0.00,0,0.00,2,20000.00,0,0.00,0,0.00,0,0,0,0,0,0,0,0,0,0,0,0,0,0,0,0,0,0,0,0,0,2,0,0,0,0,0,0,0,0
Cagayan,2nd District,Ballesteros,Cabuluan East,PH0201507006,PH0201507,PH02015,2,3980000.00,0.47,1990000.00,2016,Farm-to-Market Road,Farm-to-Market Roads,Farm to Market Road Development Program,Farm-to-Market Road,2,3980000.00,0,0.00,0,0.00,0,0.00,0,0.00,0,0.00,0,0.00,0,0,0,0,0,2,0,0,0,0,0,0,0,0,0,0,0,0,0,0,0,0,0,0,0,0,0,0,0,0
Cagayan,2nd District,Ballesteros,Cabuluan West,PH0201507007,PH0201507,PH02015,1,12069113.68,1.00,12069113.68,2020,Farm-to-Market Road,Farm-to-Market Roads,Farm to Market Road Development Program,Farm-to-Market Road,1,12069113.68,0,0.00,0,0.00,0,0.00,0,0.00,0,0.00,0,0.00,0,0,0,0,0,1,0,0,0,0,0,0,0,0,0,0,0,0,0,0,0,0,0,0,0,0,0,0,0,0
Cagayan,2nd District,Ballesteros,Centro West (Pob.),PH0201507009,PH0201507,PH02015,1,10000.00,1.00,10000.00,2022,School Garden,Food Gardens,High Value Crop Development Program,School Garden,0,0.00,0,0.00,0,0.00,0,0.00,1,10000.00,0,0.00,0,0.00,0,0,0,0,0,0,0,0,0,0,0,0,0,0,0,0,0,0,0,0,0,1,0,0,0,0,0,0,0,0
Cagayan,2nd District,Ballesteros,Fugu,PH0201507010,PH0201507,PH02015,3,27367923.09,2.85,9122641.03,2022,Farm-to-Market Road,Farm-to-Market Roads,Farm to Market Road Development Program,Farm-to-Market Road,3,27367923.09,0,0.00,0,0.00,0,0.00,0,0.00,0,0.00,0,0.00,0,0,0,0,0,3,0,0,0,0,0,0,0,0,0,0,0,0,0,0,0,0,0,0,0,0,0,0,0,0
Cagayan,2nd District,Ballesteros,Fugu;Payagan East,,PH0201507,PH02015,1,4975000.00,0.53,4975000.00,2018,Farm-to-Market Road,Farm-to-Market Roads,Farm to Market Road Development Program,Farm-to-Market Road,1,4975000.00,0,0.00,0,0.00,0,0.00,0,0.00,0,0.00,0,0.00,0,0,0,0,0,1,0,0,0,0,0,0,0,0,0,0,0,0,0,0,0,0,0,0,0,0,0,0,0,0
Cagayan,2nd District,Ballesteros,Mabuttal East;Baran,,PH0201507,PH02015,1,25676862.02,1.44,25676862.02,2021,Farm-to-Market Road,Farm-to-Market Roads,Farm to Market Road Development Program,Farm-to-Market Road,1,25676862.02,0,0.00,0,0.00,0,0.00,0,0.00,0,0.00,0,0.00,0,0,0,0,0,1,0,0,0,0,0,0,0,0,0,0,0,0,0,0,0,0,0,0,0,0,0,0,0,0
Cagayan,2nd District,Ballesteros,Mabuttal West,PH0201507013,PH0201507,PH02015,2,30558347.52,1.82,15279173.76,2020,Farm-to-Market Road,Farm-to-Market Roads,Farm to Market Road Development Program,Farm-to-Market Road,2,30558347.52,0,0.00,0,0.00,0,0.00,0,0.00,0,0.00,0,0.00,0,0,0,0,0,2,0,0,0,0,0,0,0,0,0,0,0,0,0,0,0,0,0,0,0,0,0,0,0,0
Cagayan,2nd District,Ballesteros,Mabuttal West;Baran,,PH0201507,PH02015,1,19756514.63,2.00,19756514.63,2021,Farm-to-Market Road,Farm-to-Market Roads,Farm to Market Road Development Program,Farm-to-Market Road,1,19756514.63,0,0.00,0,0.00,0,0.00,0,0.00,0,0.00,0,0.00,0,0,0,0,0,1,0,0,0,0,0,0,0,0,0,0,0,0,0,0,0,0,0,0,0,0,0,0,0,0
Cagayan,2nd District,Ballesteros,Nararagan,PH0201507014,PH0201507,PH02015,1,12126502.76,1.14,12126502.76,2020,Farm-to-Market Road,Farm-to-Market Roads,Farm to Market Road Development Program,Farm-to-Market Road,1,12126502.76,0,0.00,0,0.00,0,0.00,0,0.00,0,0.00,0,0.00,0,0,0,0,0,1,0,0,0,0,0,0,0,0,0,0,0,0,0,0,0,0,0,0,0,0,0,0,0,0
Cagayan,2nd District,Ballesteros,Payagan East,PH0201507017,PH0201507,PH02015,1,479570.62,1.00,479570.62,2024,Palay Shed,Postharvest and Processing,Rice Program,Palay Shed,0,0.00,0,0.00,1,479570.62,0,0.00,0,0.00,0,0.00,0,0.00,0,0,0,0,0,0,0,0,0,0,0,0,0,0,0,0,0,1,0,0,0,0,0,0,0,0,0,0,0,0
Cagayan,2nd District,Ballesteros,San Juan,PH0201507019,PH0201507,PH02015,4,76076125.10,4.83,19019031.27,2023,Farm-to-Market Road,Farm-to-Market Roads,Farm to Market Road Development Program | Rice Program,Farm-to-Market Road | Small Water Impounding Project,3,49654239.15,1,26421885.95,0,0.00,0,0.00,0,0.00,0,0.00,0,0.00,0,0,0,0,0,3,0,0,0,0,0,0,0,0,0,0,0,0,0,0,0,0,1,0,0,0,0,0,0,0
Cagayan,2nd District,Ballesteros,Santa Cruz,PH0201507020,PH0201507,PH02015,1,10000.00,1.00,10000.00,2022,School Garden,Food Gardens,High Value Crop Development Program,School Garden,0,0.00,0,0.00,0,0.00,0,0.00,1,10000.00,0,0.00,0,0.00,0,0,0,0,0,0,0,0,0,0,0,0,0,0,0,0,0,0,0,0,0,1,0,0,0,0,0,0,0,0
Cagayan,2nd District,Ballesteros,Zitanga,PH0201507021,PH0201507,PH02015,3,52093990.22,4.08,17364663.41,2024,Farm-to-Market Road,Farm-to-Market Roads,Farm to Market Road Development Program,Farm-to-Market Road,3,52093990.22,0,0.00,0,0.00,0,0.00,0,0.00,0,0.00,0,0.00,0,0,0,0,0,3,0,0,0,0,0,0,0,0,0,0,0,0,0,0,0,0,0,0,0,0,0,0,0,0
Cagayan,1st District,Buguey,,,PH0201508,PH02015,1,2970000.00,0.36,2970000.00,2015,Farm-to-Market Road,Farm-to-Market Roads,Farm to Market Road Development Program,Farm-to-Market Road,1,2970000.00,0,0.00,0,0.00,0,0.00,0,0.00,0,0.00,0,0.00,0,0,0,0,0,1,0,0,0,0,0,0,0,0,0,0,0,0,0,0,0,0,0,0,0,0,0,0,0,0
Cagayan,1st District,Buguey,Alucao Weste (San Lorenzo*),,PH0201508,PH02015,1,598924.05,1.00,598924.05,2022,Multi-Purpose Drying Pavement,Postharvest and Processing,Corn Program,Multi-Purpose Drying Pavement,0,0.00,0,0.00,1,598924.05,0,0.00,0,0.00,0,0.00,0,0.00,0,0,0,0,0,0,0,0,0,0,0,0,0,1,0,0,0,0,0,0,0,0,0,0,0,0,0,0,0,0
Cagayan,1st District,Buguey,Centro (Pob.),PH0201508005,PH0201508,PH02015,1,10000.00,1.00,10000.00,2022,School Garden,Food Gardens,High Value Crop Development Program,School Garden,0,0.00,0,0.00,0,0.00,0,0.00,1,10000.00,0,0.00,0,0.00,0,0,0,0,0,0,0,0,0,0,0,0,0,0,0,0,0,0,0,0,0,1,0,0,0,0,0,0,0,0
Cagayan,1st District,Buguey,San Vicente,PH0201508029,PH0201508,PH02015,1,4975000.00,0.39,4975000.00,2016,Farm-to-Market Road,Farm-to-Market Roads,Farm to Market Road Development Program,Farm-to-Market Road,1,4975000.00,0,0.00,0,0.00,0,0.00,0,0.00,0,0.00,0,0.00,0,0,0,0,0,1,0,0,0,0,0,0,0,0,0,0,0,0,0,0,0,0,0,0,0,0,0,0,0,0
Cagayan,1st District,Buguey,Santa Isabel,PH0201508021,PH0201508,PH02015,2,7804922.42,1.33,3902461.21,2016,Farm-to-Market Road,Farm-to-Market Roads,Farm to Market Road Development Program | Rice Program,Farm-to-Market Road | Small Water Impounding Project,1,2985000.00,1,4819922.42,0,0.00,0,0.00,0,0.00,0,0.00,0,0.00,0,0,0,0,0,1,0,0,0,0,0,0,0,0,0,0,0,0,0,0,0,0,1,0,0,0,0,0,0,0
Cagayan,1st District,Buguey,Tabbac,PH0201508023,PH0201508,PH02015,1,2985000.00,0.36,2985000.00,2015,Farm-to-Market Road,Farm-to-Market Roads,Farm to Market Road Development Program,Farm-to-Market Road,1,2985000.00,0,0.00,0,0.00,0,0.00,0,0.00,0,0.00,0,0.00,0,0,0,0,0,1,0,0,0,0,0,0,0,0,0,0,0,0,0,0,0,0,0,0,0,0,0,0,0,0
Cagayan,2nd District,Calayan,Balatubat,PH0201509002,PH0201509,PH02015,1,1887799.40,0.13,1887799.40,2017,Farm-to-Market Road,Farm-to-Market Roads,Farm to Market Road Development Program,Farm-to-Market Road,1,1887799.40,0,0.00,0,0.00,0,0.00,0,0.00,0,0.00,0,0.00,0,0,0,0,0,1,0,0,0,0,0,0,0,0,0,0,0,0,0,0,0,0,0,0,0,0,0,0,0,0
Cagayan,2nd District,Calayan,Centro II,PH0201509010,PH0201509,PH02015,1,1890033.40,0.11,1890033.40,2017,Farm-to-Market Road,Farm-to-Market Roads,Farm to Market Road Development Program,Farm-to-Market Road,1,1890033.40,0,0.00,0,0.00,0,0.00,0,0.00,0,0.00,0,0.00,0,0,0,0,0,1,0,0,0,0,0,0,0,0,0,0,0,0,0,0,0,0,0,0,0,0,0,0,0,0
Cagayan,2nd District,Calayan,Dadao,PH0201509003,PH0201509,PH02015,3,6245901.40,1.42,2081967.13,2017,Farm-to-Market Road,Farm-to-Market Roads,Farm to Market Road Development Program | Rice Program,Diversion Dam | Farm-to-Market Road,2,3980000.00,1,2265901.40,0,0.00,0,0.00,0,0.00,0,0.00,0,0.00,0,0,0,0,1,2,0,0,0,0,0,0,0,0,0,0,0,0,0,0,0,0,0,0,0,0,0,0,0,0
Cagayan,2nd District,Calayan,Dilam,PH0201509005,PH0201509,PH02015,1,3092417.10,1.00,3092417.10,2017,Diversion Dam,Irrigation and Water Systems,Rice Program,Diversion Dam,0,0.00,1,3092417.10,0,0.00,0,0.00,0,0.00,0,0.00,0,0.00,0,0,0,0,1,0,0,0,0,0,0,0,0,0,0,0,0,0,0,0,0,0,0,0,0,0,0,0,0,0
Cagayan,2nd District,Calayan,Magsidel,PH0201509006,PH0201509,PH02015,1,2460853.55,1.00,2460853.55,2017,Diversion Dam,Irrigation and Water Systems,Rice Program,Diversion Dam,0,0.00,1,2460853.55,0,0.00,0,0.00,0,0.00,0,0.00,0,0.00,0,0,0,0,1,0,0,0,0,0,0,0,0,0,0,0,0,0,0,0,0,0,0,0,0,0,0,0,0,0
Cagayan,2nd District,Calayan,Minabel,PH0201509012,PH0201509,PH02015,1,1990000.00,0.18,1990000.00,2016,Farm-to-Market Road,Farm-to-Market Roads,Farm to Market Road Development Program,Farm-to-Market Road,1,1990000.00,0,0.00,0,0.00,0,0.00,0,0.00,0,0.00,0,0.00,0,0,0,0,0,1,0,0,0,0,0,0,0,0,0,0,0,0,0,0,0,0,0,0,0,0,0,0,0,0
Cagayan,1st District,Camalaniugan,,,PH0201510,PH02015,2,8910000.00,3.51,4455000.00,2015,Farm-to-Market Road,Farm-to-Market Roads,Farm to Market Road Development Program,Farm-to-Market Road,2,8910000.00,0,0.00,0,0.00,0,0.00,0,0.00,0,0.00,0,0.00,0,0,0,0,0,2,0,0,0,0,0,0,0,0,0,0,0,0,0,0,0,0,0,0,0,0,0,0,0,0
Cagayan,1st District,Camalaniugan,Alilinu,PH0201510004,PH0201510,PH02015,1,10000.00,1.00,10000.00,2022,School Garden,Food Gardens,High Value Crop Development Program,School Garden,0,0.00,0,0.00,0,0.00,0,0.00,1,10000.00,0,0.00,0,0.00,0,0,0,0,0,0,0,0,0,0,0,0,0,0,0,0,0,0,0,0,0,1,0,0,0,0,0,0,0,0
Cagayan,1st District,Camalaniugan,Baggao,PH0201510005,PH0201510,PH02015,1,100000.00,1.00,100000.00,2022,Gulayan sa Barangay,Food Gardens,High Value Crop Development Program,Gulayan sa Barangay,0,0.00,0,0.00,0,0.00,0,0.00,1,100000.00,0,0.00,0,0.00,0,0,0,0,0,0,0,0,0,1,0,0,0,0,0,0,0,0,0,0,0,0,0,0,0,0,0,0,0,0
Cagayan,1st District,Camalaniugan,Bantay,PH0201510006,PH0201510,PH02015,1,10000.00,1.00,10000.00,2022,School Garden,Food Gardens,High Value Crop Development Program,School Garden,0,0.00,0,0.00,0,0.00,0,0.00,1,10000.00,0,0.00,0,0.00,0,0,0,0,0,0,0,0,0,0,0,0,0,0,0,0,0,0,0,0,0,1,0,0,0,0,0,0,0,0
Cagayan,1st District,Camalaniugan,Catotoran Norte,PH0201510010,PH0201510,PH02015,2,20000.00,2.00,10000.00,2022,School Garden,Food Gardens,High Value Crop Development Program,School Garden,0,0.00,0,0.00,0,0.00,0,0.00,2,20000.00,0,0.00,0,0.00,0,0,0,0,0,0,0,0,0,0,0,0,0,0,0,0,0,0,0,0,0,2,0,0,0,0,0,0,0,0
Cagayan,1st District,Camalaniugan,Catotoran Sur;Abagao;Abagao,,PH0201510,PH02015,1,100000.00,1.00,100000.00,2022,Gulayan sa Barangay,Food Gardens,High Value Crop Development Program,Gulayan sa Barangay,0,0.00,0,0.00,0,0.00,0,0.00,1,100000.00,0,0.00,0,0.00,0,0,0,0,0,0,0,0,0,1,0,0,0,0,0,0,0,0,0,0,0,0,0,0,0,0,0,0,0,0
Cagayan,1st District,Camalaniugan,Centro Norte (Pob.),PH0201510011,PH0201510,PH02015,1,10000.00,1.00,10000.00,2022,School Garden,Food Gardens,High Value Crop Development Program,School Garden,0,0.00,0,0.00,0,0.00,0,0.00,1,10000.00,0,0.00,0,0.00,0,0,0,0,0,0,0,0,0,0,0,0,0,0,0,0,0,0,0,0,0,1,0,0,0,0,0,0,0,0
Cagayan,1st District,Camalaniugan,Dammang Norte (Joaquin de la Cruz),PH0201510015,PH0201510,PH02015,4,23298921.20,3.56,5824730.30,2017,Small Water Impounding Project,Irrigation and Water Systems,Farm to Market Road Development Program | Rice Program,Farm-to-Market Road | Small Water Impounding Project,1,2985000.00,3,20313921.20,0,0.00,0,0.00,0,0.00,0,0.00,0,0.00,0,0,0,0,0,1,0,0,0,0,0,0,0,0,0,0,0,0,0,0,0,0,3,0,0,0,0,0,0,0
Cagayan,1st District,Camalaniugan,Dammang Sur (Felipe Tuzon),PH0201510028,PH0201510,PH02015,1,2985000.00,0.50,2985000.00,2015,Farm-to-Market Road,Farm-to-Market Roads,Farm to Market Road Development Program,Farm-to-Market Road,1,2985000.00,0,0.00,0,0.00,0,0.00,0,0.00,0,0.00,0,0.00,0,0,0,0,0,1,0,0,0,0,0,0,0,0,0,0,0,0,0,0,0,0,0,0,0,0,0,0,0,0
Cagayan,1st District,Camalaniugan,Fusina,PH0201510017,PH0201510,PH02015,1,100000.00,1.00,100000.00,2022,Gulayan sa Barangay,Food Gardens,High Value Crop Development Program,Gulayan sa Barangay,0,0.00,0,0.00,0,0.00,0,0.00,1,100000.00,0,0.00,0,0.00,0,0,0,0,0,0,0,0,0,1,0,0,0,0,0,0,0,0,0,0,0,0,0,0,0,0,0,0,0,0
Cagayan,1st District,Camalaniugan,Minanga,PH0201510021,PH0201510,PH02015,1,1899877.00,0.18,1899877.00,2017,Farm-to-Market Road,Farm-to-Market Roads,Farm to Market Road Development Program,Farm-to-Market Road,1,1899877.00,0,0.00,0,0.00,0,0.00,0,0.00,0,0.00,0,0.00,0,0,0,0,0,1,0,0,0,0,0,0,0,0,0,0,0,0,0,0,0,0,0,0,0,0,0,0,0,0
Cagayan,1st District,Camalaniugan,Sapping,PH0201510029,PH0201510,PH02015,1,2835750.00,0.41,2835750.00,2017,Farm-to-Market Road,Farm-to-Market Roads,Farm to Market Road Development Program,Farm-to-Market Road,1,2835750.00,0,0.00,0,0.00,0,0.00,0,0.00,0,0.00,0,0.00,0,0,0,0,0,1,0,0,0,0,0,0,0,0,0,0,0,0,0,0,0,0,0,0,0,0,0,0,0,0
Cagayan,1st District,Camalaniugan,Tagum,PH0201510023,PH0201510,PH02015,1,12375000.00,0.94,12375000.00,2020,Farm-to-Market Road,Farm-to-Market Roads,Farm to Market Road Development Program,Farm-to-Market Road,1,12375000.00,0,0.00,0,0.00,0,0.00,0,0.00,0,0.00,0,0.00,0,0,0,0,0,1,0,0,0,0,0,0,0,0,0,0,0,0,0,0,0,0,0,0,0,0,0,0,0,0
Cagayan,1st District,Camalaniugan,Ziminila,PH0201510025,PH0201510,PH02015,1,10000.00,1.00,10000.00,2022,School Garden,Food Gardens,High Value Crop Development Program,School Garden,0,0.00,0,0.00,0,0.00,0,0.00,1,10000.00,0,0.00,0,0.00,0,0,0,0,0,0,0,0,0,0,0,0,0,0,0,0,0,0,0,0,0,1,0,0,0,0,0,0,0,0
Cagayan,2nd District,Claveria,Bacsay Cataraoan Norte;Bacsay Cataraoan Sur,,PH0201511,PH02015,1,11940037.54,1.00,11940037.54,2023,Farm-to-Market Road,Farm-to-Market Roads,Farm to Market Road Development Program,Farm-to-Market Road,1,11940037.54,0,0.00,0,0.00,0,0.00,0,0.00,0,0.00,0,0.00,0,0,0,0,0,1,0,0,0,0,0,0,0,0,0,0,0,0,0,0,0,0,0,0,0,0,0,0,0,0
Cagayan,2nd District,Claveria,Bilibigao,PH0201511004,PH0201511,PH02015,5,18563950.57,2.67,3712790.11,2020,Farm-to-Market Road,Farm-to-Market Roads,Farm to Market Road Development Program | National Organic Agriculture Program,Farm-to-Market Road | Vermi-Composting Facilities,4,18290660.00,0,0.00,0,0.00,1,273290.57,0,0.00,0,0.00,0,0.00,0,0,0,0,0,4,0,0,0,0,0,0,0,0,0,0,0,0,0,0,0,0,0,0,0,0,0,1,0,0
Cagayan,2nd District,Claveria,Buenavista,PH0201511005,PH0201511,PH02015,2,1736464.46,1.89,868232.23,2020,Farm-to-Market Road,Farm-to-Market Roads,Farm to Market Road Development Program | Rice Program,Farm-to-Market Road | Small Water Impounding Project,1,0.00,1,1736464.46,0,0.00,0,0.00,0,0.00,0,0.00,0,0.00,0,0,0,0,0,1,0,0,0,0,0,0,0,0,0,0,0,0,0,0,0,0,1,0,0,0,0,0,0,0
Cagayan,2nd District,Claveria,Cadcadir West,PH0201511031,PH0201511,PH02015,1,11820617.60,1.00,11820617.60,2023,Farm-to-Market Road,Farm-to-Market Roads,Farm to Market Road Development Program,Farm-to-Market Road,1,11820617.60,0,0.00,0,0.00,0,0.00,0,0.00,0,0.00,0,0.00,0,0,0,0,0,1,0,0,0,0,0,0,0,0,0,0,0,0,0,0,0,0,0,0,0,0,0,0,0,0
Cagayan,2nd District,Claveria,Capanikian,,PH0201511,PH02015,4,9930000.00,1.38,2482500.00,2016,Farm-to-Market Road,Farm-to-Market Roads,Farm to Market Road Development Program,Farm-to-Market Road,4,9930000.00,0,0.00,0,0.00,0,0.00,0,0.00,0,0.00,0,0.00,0,0,0,0,0,4,0,0,0,0,0,0,0,0,0,0,0,0,0,0,0,0,0,0,0,0,0,0,0,0
Cagayan,2nd District,Claveria,Centro II (Pob.),PH0201511009,PH0201511,PH02015,1,0.00,0.00,0.00,2012,Rice Processing Center,Postharvest and Processing,Rice Program,Rice Processing Center,0,0.00,0,0.00,1,0.00,0,0.00,0,0.00,0,0.00,0,0.00,0,0,0,0,0,0,0,0,0,0,0,0,0,0,0,0,0,0,0,0,1,0,0,0,0,0,0,0,0,0
Cagayan,2nd District,Claveria,Centro VIII (Malasin West),PH0201511035,PH0201511,PH02015,1,8767892.54,1.00,8767892.54,2018,Small Water Impounding Project,Irrigation and Water Systems,Rice Program,Small Water Impounding Project,0,0.00,1,8767892.54,0,0.00,0,0.00,0,0.00,0,0.00,0,0.00,0,0,0,0,0,0,0,0,0,0,0,0,0,0,0,0,0,0,0,0,0,0,1,0,0,0,0,0,0,0
Cagayan,2nd District,Claveria,Culao,PH0201511010,PH0201511,PH02015,1,4524628.93,1.00,4524628.93,2017,Diversion Dam,Irrigation and Water Systems,Rice Program,Diversion Dam,0,0.00,1,4524628.93,0,0.00,0,0.00,0,0.00,0,0.00,0,0.00,0,0,0,0,1,0,0,0,0,0,0,0,0,0,0,0,0,0,0,0,0,0,0,0,0,0,0,0,0,0
Cagayan,2nd District,Claveria,Dibalio,PH0201511011,PH0201511,PH02015,2,12686312.31,2.00,6343156.15,2023,Farm-to-Market Road,Farm-to-Market Roads,Farm to Market Road Development Program | Rice Program,Diversion Dam | Farm-to-Market Road,1,11640978.78,1,1045333.53,0,0.00,0,0.00,0,0.00,0,0.00,0,0.00,0,0,0,0,1,1,0,0,0,0,0,0,0,0,0,0,0,0,0,0,0,0,0,0,0,0,0,0,0,0
Cagayan,2nd District,Claveria,Kilkiling,PH0201511012,PH0201511,PH02015,2,24234239.71,1.68,12117119.86,2023,Farm-to-Market Road,Farm-to-Market Roads,Farm to Market Road Development Program,Farm-to-Market Road,2,24234239.71,0,0.00,0,0.00,0,0.00,0,0.00,0,0.00,0,0.00,0,0,0,0,0,2,0,0,0,0,0,0,0,0,0,0,0,0,0,0,0,0,0,0,0,0,0,0,0,0
Cagayan,2nd District,Claveria,Luzon,PH0201511014,PH0201511,PH02015,1,11940000.45,1.00,11940000.45,2023,Farm-to-Market Road,Farm-to-Market Roads,Farm to Market Road Development Program,Farm-to-Market Road,1,11940000.45,0,0.00,0,0.00,0,0.00,0,0.00,0,0.00,0,0.00,0,0,0,0,0,1,0,0,0,0,0,0,0,0,0,0,0,0,0,0,0,0,0,0,0,0,0,0,0,0
Cagayan,2nd District,Claveria,Mabnang,PH0201511015,PH0201511,PH02015,1,3462300.67,1.00,3462300.67,2019,Diversion Dam,Irrigation and Water Systems,Rice Program,Diversion Dam,0,0.00,1,3462300.67,0,0.00,0,0.00,0,0.00,0,0.00,0,0.00,0,0,0,0,1,0,0,0,0,0,0,0,0,0,0,0,0,0,0,0,0,0,0,0,0,0,0,0,0,0
Cagayan,2nd District,Claveria,Magdalena,PH0201511016,PH0201511,PH02015,1,11898220.15,1.00,11898220.15,2022,Farm-to-Market Road,Farm-to-Market Roads,Farm to Market Road Development Program,Farm-to-Market Road,1,11898220.15,0,0.00,0,0.00,0,0.00,0,0.00,0,0.00,0,0.00,0,0,0,0,0,1,0,0,0,0,0,0,0,0,0,0,0,0,0,0,0,0,0,0,0,0,0,0,0,0
Cagayan,2nd District,Claveria,Malilitao;Bacsay Mapulapula,,PH0201511,PH02015,1,11699615.54,1.00,11699615.54,2023,Farm-to-Market Road,Farm-to-Market Roads,Farm to Market Road Development Program,Farm-to-Market Road,1,11699615.54,0,0.00,0,0.00,0,0.00,0,0.00,0,0.00,0,0.00,0,0,0,0,0,1,0,0,0,0,0,0,0,0,0,0,0,0,0,0,0,0,0,0,0,0,0,0,0,0
Cagayan,2nd District,Claveria,Nagsabaran,PH0201511020,PH0201511,PH02015,2,7025546.93,2.00,3512773.46,2022,Gulayan sa Barangay,Food Gardens,High Value Crop Development Program | Rice Program,Gulayan sa Barangay | Small Water Impounding Project,0,0.00,1,6925546.93,0,0.00,0,0.00,1,100000.00,0,0.00,0,0.00,0,0,0,0,0,0,0,0,0,1,0,0,0,0,0,0,0,0,0,0,0,0,1,0,0,0,0,0,0,0
Cagayan,2nd District,Claveria,Pata East,PH0201511022,PH0201511,PH02015,3,30399642.77,2.86,10133214.26,2023,Farm-to-Market Road,Farm-to-Market Roads,Farm to Market Road Development Program | Rice Program,Farm-to-Market Road | Small Water Impounding Project,2,23674037.43,1,6725605.34,0,0.00,0,0.00,0,0.00,0,0.00,0,0.00,0,0,0,0,0,2,0,0,0,0,0,0,0,0,0,0,0,0,0,0,0,0,1,0,0,0,0,0,0,0
Cagayan,2nd District,Claveria,Pata West,PH0201511036,PH0201511,PH02015,3,29304966.32,3.28,9768322.11,2023,Farm-to-Market Road,Farm-to-Market Roads,Farm to Market Road Development Program | Rice Program,Farm-to-Market Road | Small Water Impounding Project,2,24021926.80,1,5283039.52,0,0.00,0,0.00,0,0.00,0,0.00,0,0.00,0,0,0,0,0,2,0,0,0,0,0,0,0,0,0,0,0,0,0,0,0,0,1,0,0,0,0,0,0,0
Cagayan,2nd District,Claveria,Santiago,PH0201511024,PH0201511,PH02015,1,1598029.02,1.00,1598029.02,2017,Diversion Dam,Irrigation and Water Systems,Rice Program,Diversion Dam,0,0.00,1,1598029.02,0,0.00,0,0.00,0,0.00,0,0.00,0,0.00,0,0,0,0,1,0,0,0,0,0,0,0,0,0,0,0,0,0,0,0,0,0,0,0,0,0,0,0,0,0
Cagayan,2nd District,Claveria,Santo Ni?o (Barbarnis),,PH0201511,PH02015,2,24543573.41,2.03,12271786.71,2021,Farm-to-Market Road,Farm-to-Market Roads,Farm to Market Road Development Program | Rice Program,Farm-to-Market Road | Small Water Impounding Project,1,14842646.57,1,9700926.84,0,0.00,0,0.00,0,0.00,0,0.00,0,0.00,0,0,0,0,0,1,0,0,0,0,0,0,0,0,0,0,0,0,0,0,0,0,1,0,0,0,0,0,0,0
Cagayan,2nd District,Claveria,Santo Ni?o (Barbarnis);Malilitao,,PH0201511,PH02015,1,12813099.67,1.08,12813099.67,2021,Farm-to-Market Road,Farm-to-Market Roads,Farm to Market Road Development Program,Farm-to-Market Road,1,12813099.67,0,0.00,0,0.00,0,0.00,0,0.00,0,0.00,0,0.00,0,0,0,0,0,1,0,0,0,0,0,0,0,0,0,0,0,0,0,0,0,0,0,0,0,0,0,0,0,0
Cagayan,2nd District,Claveria,Sta. Maria (Surngot),PH0201511026,PH0201511,PH02015,1,2000000.00,0.27,2000000.00,2017,Farm-to-Market Road,Farm-to-Market Roads,Farm to Market Road Development Program,Farm-to-Market Road,1,2000000.00,0,0.00,0,0.00,0,0.00,0,0.00,0,0.00,0,0.00,0,0,0,0,0,1,0,0,0,0,0,0,0,0,0,0,0,0,0,0,0,0,0,0,0,0,0,0,0,0
Cagayan,2nd District,Claveria,Union,PH0201511029,PH0201511,PH02015,2,15415120.70,1.60,7707560.35,2021,Farm-to-Market Road,Farm-to-Market Roads,Farm to Market Road Development Program | Rice Program,Diversion Dam | Farm-to-Market Road,1,12935000.00,1,2480120.70,0,0.00,0,0.00,0,0.00,0,0.00,0,0.00,0,0,0,0,1,1,0,0,0,0,0,0,0,0,0,0,0,0,0,0,0,0,0,0,0,0,0,0,0,0
Cagayan,3rd District,Enrile,Barangay II (Pob.),PH0201512003,PH0201512,PH02015,1,10000.00,1.00,10000.00,2022,School Garden,Food Gardens,High Value Crop Development Program,School Garden,0,0.00,0,0.00,0,0.00,0,0.00,1,10000.00,0,0.00,0,0.00,0,0,0,0,0,0,0,0,0,0,0,0,0,0,0,0,0,0,0,0,0,1,0,0,0,0,0,0,0,0
Cagayan,3rd District,Enrile,Barangay III (San Roque*),PH0201512006,PH0201512,PH02015,1,10000.00,1.00,10000.00,2022,School Garden,Food Gardens,High Value Crop Development Program,School Garden,0,0.00,0,0.00,0,0.00,0,0.00,1,10000.00,0,0.00,0,0.00,0,0,0,0,0,0,0,0,0,0,0,0,0,0,0,0,0,0,0,0,0,1,0,0,0,0,0,0,0,0
Cagayan,3rd District,Enrile,Batu,PH0201512022,PH0201512,PH02015,3,25255630.48,2.20,8418543.49,2020,Farm-to-Market Road,Farm-to-Market Roads,Farm to Market Road Development Program | Rice Program,Farm-to-Market Road | Small Water Impounding Project,2,22239930.00,1,3015700.48,0,0.00,0,0.00,0,0.00,0,0.00,0,0.00,0,0,0,0,0,2,0,0,0,0,0,0,0,0,0,0,0,0,0,0,0,0,1,0,0,0,0,0,0,0
Cagayan,3rd District,Enrile,Divisoria,PH0201512007,PH0201512,PH02015,2,8163447.80,1.88,4081723.90,2024,Mobile Solar Power Irrigation Unit,Irrigation and Water Systems,Corn Program | Farm to Market Road Development Program,Farm-to-Market Road | Mobile Solar Power Irrigation Unit,1,6965000.00,1,1198447.80,0,0.00,0,0.00,0,0.00,0,0.00,0,0.00,0,0,0,0,0,1,0,0,0,0,1,0,0,0,0,0,0,0,0,0,0,0,0,0,0,0,0,0,0,0
Cagayan,3rd District,Enrile,Inga,PH0201512008,PH0201512,PH02015,1,100000.00,1.00,100000.00,2022,Gulayan sa Barangay,Food Gardens,High Value Crop Development Program,Gulayan sa Barangay,0,0.00,0,0.00,0,0.00,0,0.00,1,100000.00,0,0.00,0,0.00,0,0,0,0,0,0,0,0,0,1,0,0,0,0,0,0,0,0,0,0,0,0,0,0,0,0,0,0,0,0
Cagayan,3rd District,Enrile,Lanna,PH0201512009,PH0201512,PH02015,2,4985000.00,1.60,2492500.00,2022,Farm-to-Market Road,Farm-to-Market Roads,Farm to Market Road Development Program | High Value Crop Development Program,Farm-to-Market Road | School Garden,1,4975000.00,0,0.00,0,0.00,0,0.00,1,10000.00,0,0.00,0,0.00,0,0,0,0,0,1,0,0,0,0,0,0,0,0,0,0,0,0,0,0,0,1,0,0,0,0,0,0,0,0
Cagayan,3rd District,Enrile,Lemu Norte,PH0201512010,PH0201512,PH02015,1,5678000.00,1.00,5678000.00,2018,Solar-Powered Irrigation System,Irrigation and Water Systems,Rice Program,Solar-Powered Irrigation System,0,0.00,1,5678000.00,0,0.00,0,0.00,0,0.00,0,0.00,0,0.00,0,0,0,0,0,0,0,0,0,0,0,0,0,0,0,0,0,0,0,0,0,0,0,0,1,0,0,0,0,0
Cagayan,3rd District,Enrile,Liwan Norte,PH0201512011,PH0201512,PH02015,1,9844826.06,0.56,9844826.06,2022,Farm-to-Market Road,Farm-to-Market Roads,Farm to Market Road Development Program,Farm-to-Market Road,1,9844826.06,0,0.00,0,0.00,0,0.00,0,0.00,0,0.00,0,0.00,0,0,0,0,0,1,0,0,0,0,0,0,0,0,0,0,0,0,0,0,0,0,0,0,0,0,0,0,0,0
Cagayan,3rd District,Enrile,Liwan Sur,PH0201512012,PH0201512,PH02015,2,16918716.14,1.69,8459358.07,2021,Farm-to-Market Road,Farm-to-Market Roads,Farm to Market Road Development Program,Farm-to-Market Road,2,16918716.14,0,0.00,0,0.00,0,0.00,0,0.00,0,0.00,0,0.00,0,0,0,0,0,2,0,0,0,0,0,0,0,0,0,0,0,0,0,0,0,0,0,0,0,0,0,0,0,0
Cagayan,3rd District,Enrile,Roma Norte,PH0201512020,PH0201512,PH02015,2,9950000.00,1.15,4975000.00,2015,Farm-to-Market Road,Farm-to-Market Roads,Farm to Market Road Development Program,Farm-to-Market Road,2,9950000.00,0,0.00,0,0.00,0,0.00,0,0.00,0,0.00,0,0.00,0,0,0,0,0,2,0,0,0,0,0,0,0,0,0,0,0,0,0,0,0,0,0,0,0,0,0,0,0,0
Cagayan,3rd District,Enrile,Roma Sur,PH0201512026,PH0201512,PH02015,2,31964050.78,2.25,15982025.39,2023,Farm-to-Market Road,Farm-to-Market Roads,Farm to Market Road Development Program | Rice Program,Farm-to-Market Road | Small Water Impounding Project,1,16055267.68,1,15908783.10,0,0.00,0,0.00,0,0.00,0,0.00,0,0.00,0,0,0,0,0,1,0,0,0,0,0,0,0,0,0,0,0,0,0,0,0,0,1,0,0,0,0,0,0,0
Cagayan,3rd District,Enrile,San Antonio,PH0201512027,PH0201512,PH02015,2,19643855.08,2.00,9821927.54,2024,Farm-to-Market Road,Farm-to-Market Roads,Farm to Market Road Development Program | Rice Program,Diversion Dam | Farm-to-Market Road,1,14823453.00,1,4820402.08,0,0.00,0,0.00,0,0.00,0,0.00,0,0.00,0,0,0,0,1,1,0,0,0,0,0,0,0,0,0,0,0,0,0,0,0,0,0,0,0,0,0,0,0,0
Cagayan,1st District,Gattaran,Abra,PH0201513001,PH0201513,PH02015,1,2835750.00,0.28,2835750.00,2017,Farm-to-Market Road,Farm-to-Market Roads,Farm to Market Road Development Program,Farm-to-Market Road,1,2835750.00,0,0.00,0,0.00,0,0.00,0,0.00,0,0.00,0,0.00,0,0,0,0,0,1,0,0,0,0,0,0,0,0,0,0,0,0,0,0,0,0,0,0,0,0,0,0,0,0
Cagayan,1st District,Gattaran,Bangatan Ngagan,PH0201513006,PH0201513,PH02015,1,14914999.99,1.00,14914999.99,2024,Farm-to-Market Road,Farm-to-Market Roads,Farm to Market Road Development Program,Farm-to-Market Road,1,14914999.99,0,0.00,0,0.00,0,0.00,0,0.00,0,0.00,0,0.00,0,0,0,0,0,1,0,0,0,0,0,0,0,0,0,0,0,0,0,0,0,0,0,0,0,0,0,0,0,0
Cagayan,1st District,Gattaran,Cabayu,PH0201513011,PH0201513,PH02015,2,10144860.60,1.20,5072430.30,2017,Farm-to-Market Road,Farm-to-Market Roads,Farm to Market Road Development Program | Rice Program,Farm-to-Market Road | Small Water Impounding Project,1,2835750.00,1,7309110.60,0,0.00,0,0.00,0,0.00,0,0.00,0,0.00,0,0,0,0,0,1,0,0,0,0,0,0,0,0,0,0,0,0,0,0,0,0,1,0,0,0,0,0,0,0
Cagayan,1st District,Gattaran,Calaoagan Dackel,PH0201513013,PH0201513,PH02015,1,10000.00,1.00,10000.00,2022,School Garden,Food Gardens,High Value Crop Development Program,School Garden,0,0.00,0,0.00,0,0.00,0,0.00,1,10000.00,0,0.00,0,0.00,0,0,0,0,0,0,0,0,0,0,0,0,0,0,0,0,0,0,0,0,0,1,0,0,0,0,0,0,0,0
Cagayan,1st District,Gattaran,Capiddigan,PH0201513014,PH0201513,PH02015,1,2835750.00,0.45,2835750.00,2017,Farm-to-Market Road,Farm-to-Market Roads,Farm to Market Road Development Program,Farm-to-Market Road,1,2835750.00,0,0.00,0,0.00,0,0.00,0,0.00,0,0.00,0,0.00,0,0,0,0,0,1,0,0,0,0,0,0,0,0,0,0,0,0,0,0,0,0,0,0,0,0,0,0,0,0
Cagayan,1st District,Gattaran,Capissayan Norte,PH0201513015,PH0201513,PH02015,1,0.00,0.24,0.00,2019,Farm-to-Market Road,Farm-to-Market Roads,Farm to Market Road Development Program,Farm-to-Market Road,1,0.00,0,0.00,0,0.00,0,0.00,0,0.00,0,0.00,0,0.00,0,0,0,0,0,1,0,0,0,0,0,0,0,0,0,0,0,0,0,0,0,0,0,0,0,0,0,0,0,0
Cagayan,1st District,Gattaran,Capissayan Sur,PH0201513016,PH0201513,PH02015,5,24582611.60,4.35,4916522.32,2024,Mobile Solar Power Irrigation Unit,Irrigation and Water Systems,Corn Program | Farm to Market Road Development Program | High Value Crop Development Program | Rice Program,Farm-to-Market Road | Mobile Solar Power Irrigation Unit | School Garden | Small Water Impounding Project | Solar-Powered Irrigation System,1,3980000.00,3,20592611.60,0,0.00,0,0.00,1,10000.00,0,0.00,0,0.00,0,0,0,0,0,1,0,0,0,0,1,0,0,0,0,0,0,0,0,0,0,1,1,0,1,0,0,0,0,0
Cagayan,1st District,Gattaran,Casicallan Norte,PH0201513019,PH0201513,PH02015,1,4108443.37,1.00,4108443.37,2016,Small Water Impounding Project,Irrigation and Water Systems,Rice Program,Small Water Impounding Project,0,0.00,1,4108443.37,0,0.00,0,0.00,0,0.00,0,0.00,0,0.00,0,0,0,0,0,0,0,0,0,0,0,0,0,0,0,0,0,0,0,0,0,0,1,0,0,0,0,0,0,0
Cagayan,1st District,Gattaran,Cumao,PH0201513023,PH0201513,PH02015,1,10000.00,1.00,10000.00,2022,School Garden,Food Gardens,High Value Crop Development Program,School Garden,0,0.00,0,0.00,0,0.00,0,0.00,1,10000.00,0,0.00,0,0.00,0,0,0,0,0,0,0,0,0,0,0,0,0,0,0,0,0,0,0,0,0,1,0,0,0,0,0,0,0,0
Cagayan,1st District,Gattaran,Ganzano,PH0201513027,PH0201513,PH02015,2,26846999.99,2.00,13423500.00,2024,Farm-to-Market Road,Farm-to-Market Roads,Farm to Market Road Development Program,Farm-to-Market Road,2,26846999.99,0,0.00,0,0.00,0,0.00,0,0.00,0,0.00,0,0.00,0,0,0,0,0,2,0,0,0,0,0,0,0,0,0,0,0,0,0,0,0,0,0,0,0,0,0,0,0,0
Cagayan,1st District,Gattaran,Mabuno,PH0201513033,PH0201513,PH02015,3,17772997.41,1.85,5924332.47,2021,Farm-to-Market Road,Farm-to-Market Roads,Farm to Market Road Development Program,Farm-to-Market Road,3,17772997.41,0,0.00,0,0.00,0,0.00,0,0.00,0,0.00,0,0.00,0,0,0,0,0,3,0,0,0,0,0,0,0,0,0,0,0,0,0,0,0,0,0,0,0,0,0,0,0,0
Cagayan,1st District,Gattaran,Naddungan,PH0201513036,PH0201513,PH02015,1,100000.00,1.00,100000.00,2022,Gulayan sa Barangay,Food Gardens,High Value Crop Development Program,Gulayan sa Barangay,0,0.00,0,0.00,0,0.00,0,0.00,1,100000.00,0,0.00,0,0.00,0,0,0,0,0,0,0,0,0,1,0,0,0,0,0,0,0,0,0,0,0,0,0,0,0,0,0,0,0,0
Cagayan,1st District,Gattaran,Nagatutuan,PH0201513037,PH0201513,PH02015,4,4151080.22,3.29,1037770.05,2022,School Garden,Food Gardens,Farm to Market Road Development Program | High Value Crop Development Program | Rice Program,Farm-to-Market Road | School Garden | Small Water Impounding Project,1,2363125.00,1,1767955.22,0,0.00,0,0.00,2,20000.00,0,0.00,0,0.00,0,0,0,0,0,1,0,0,0,0,0,0,0,0,0,0,0,0,0,0,0,2,1,0,0,0,0,0,0,0
Cagayan,1st District,Gattaran,Palagao Sur,PH0201513041,PH0201513,PH02015,2,30929835.90,1.41,15464917.95,2016,Small Water Impounding Project,Irrigation and Water Systems,Farm to Market Road Development Program | Rice Program,Farm-to-Market Road | Small Water Impounding Project,1,2970000.00,1,27959835.90,0,0.00,0,0.00,0,0.00,0,0.00,0,0.00,0,0,0,0,0,1,0,0,0,0,0,0,0,0,0,0,0,0,0,0,0,0,1,0,0,0,0,0,0,0
Cagayan,1st District,Gattaran,San Vicente,PH0201513044,PH0201513,PH02015,1,3891482.07,1.00,3891482.07,2016,Small Water Impounding Project,Irrigation and Water Systems,Rice Program,Small Water Impounding Project,0,0.00,1,3891482.07,0,0.00,0,0.00,0,0.00,0,0.00,0,0.00,0,0,0,0,0,0,0,0,0,0,0,0,0,0,0,0,0,0,0,0,0,0,1,0,0,0,0,0,0,0
Cagayan,1st District,Gattaran,Sidem,PH0201513046,PH0201513,PH02015,1,9848907.18,0.27,9848907.18,2020,Farm-to-Market Road,Farm-to-Market Roads,Farm to Market Road Development Program,Farm-to-Market Road,1,9848907.18,0,0.00,0,0.00,0,0.00,0,0.00,0,0.00,0,0.00,0,0,0,0,0,1,0,0,0,0,0,0,0,0,0,0,0,0,0,0,0,0,0,0,0,0,0,0,0,0
Cagayan,1st District,Gattaran,Sta. Ana,PH0201513047,PH0201513,PH02015,1,16261453.28,1.00,16261453.28,2017,Small Water Impounding Project,Irrigation and Water Systems,Rice Program,Small Water Impounding Project,0,0.00,1,16261453.28,0,0.00,0,0.00,0,0.00,0,0.00,0,0.00,0,0,0,0,0,0,0,0,0,0,0,0,0,0,0,0,0,0,0,0,0,0,1,0,0,0,0,0,0,0
Cagayan,1st District,Gattaran,Sta. Maria,PH0201513045,PH0201513,PH02015,1,0.00,0.34,0.00,2019,Farm-to-Market Road,Farm-to-Market Roads,Farm to Market Road Development Program,Farm-to-Market Road,1,0.00,0,0.00,0,0.00,0,0.00,0,0.00,0,0.00,0,0.00,0,0,0,0,0,1,0,0,0,0,0,0,0,0,0,0,0,0,0,0,0,0,0,0,0,0,0,0,0,0
Cagayan,1st District,Gattaran,Tagumay,PH0201513048,PH0201513,PH02015,1,2970000.00,0.40,2970000.00,2014,Farm-to-Market Road,Farm-to-Market Roads,Farm to Market Road Development Program,Farm-to-Market Road,1,2970000.00,0,0.00,0,0.00,0,0.00,0,0.00,0,0.00,0,0.00,0,0,0,0,0,1,0,0,0,0,0,0,0,0,0,0,0,0,0,0,0,0,0,0,0,0,0,0,0,0
Cagayan,1st District,Gattaran,Tagumay;Palagao Sur,,PH0201513,PH02015,1,14910000.01,1.25,14910000.01,2023,Farm-to-Market Road,Farm-to-Market Roads,Farm to Market Road Development Program,Farm-to-Market Road,1,14910000.01,0,0.00,0,0.00,0,0.00,0,0.00,0,0.00,0,0.00,0,0,0,0,0,1,0,0,0,0,0,0,0,0,0,0,0,0,0,0,0,0,0,0,0,0,0,0,0,0
Cagayan,1st District,Gattaran,Takiki,PH0201513049,PH0201513,PH02015,2,2845750.00,1.40,1422875.00,2022,Farm-to-Market Road,Farm-to-Market Roads,Farm to Market Road Development Program | High Value Crop Development Program,Farm-to-Market Road | School Garden,1,2835750.00,0,0.00,0,0.00,0,0.00,1,10000.00,0,0.00,0,0.00,0,0,0,0,0,1,0,0,0,0,0,0,0,0,0,0,0,0,0,0,0,1,0,0,0,0,0,0,0,0
Cagayan,1st District,Gattaran,Tubungan Este,PH0201513053,PH0201513,PH02015,1,10000.00,1.00,10000.00,2022,School Garden,Food Gardens,High Value Crop Development Program,School Garden,0,0.00,0,0.00,0,0.00,0,0.00,1,10000.00,0,0.00,0,0.00,0,0,0,0,0,0,0,0,0,0,0,0,0,0,0,0,0,0,0,0,0,1,0,0,0,0,0,0,0,0
Cagayan,1st District,Gonzaga,,,PH0201514,PH02015,1,2970000.00,0.33,2970000.00,2015,Farm-to-Market Road,Farm-to-Market Roads,Farm to Market Road Development Program,Farm-to-Market Road,1,2970000.00,0,0.00,0,0.00,0,0.00,0,0.00,0,0.00,0,0.00,0,0,0,0,0,1,0,0,0,0,0,0,0,0,0,0,0,0,0,0,0,0,0,0,0,0,0,0,0,0
Cagayan,1st District,Gonzaga,Baua,PH0201514003,PH0201514,PH02015,1,200000.00,1.00,200000.00,2015,Vermi-Composting Facilities,Protected Cultivation and Nurseries,National Organic Agriculture Program,Vermi-Composting Facilities,0,0.00,0,0.00,0,0.00,1,200000.00,0,0.00,0,0.00,0,0.00,0,0,0,0,0,0,0,0,0,0,0,0,0,0,0,0,0,0,0,0,0,0,0,0,0,0,0,1,0,0
Cagayan,1st District,Gonzaga,Cabiraoan,PH0201514006,PH0201514,PH02015,2,8578684.02,2.00,4289342.01,2017,Diversion Dam,Irrigation and Water Systems,Rice Program,Diversion Dam,0,0.00,2,8578684.02,0,0.00,0,0.00,0,0.00,0,0.00,0,0.00,0,0,0,0,2,0,0,0,0,0,0,0,0,0,0,0,0,0,0,0,0,0,0,0,0,0,0,0,0,0
Cagayan,1st District,Gonzaga,Caroan,PH0201514009,PH0201514,PH02015,1,2985000.00,0.37,2985000.00,2015,Farm-to-Market Road,Farm-to-Market Roads,Farm to Market Road Development Program,Farm-to-Market Road,1,2985000.00,0,0.00,0,0.00,0,0.00,0,0.00,0,0.00,0,0.00,0,0,0,0,0,1,0,0,0,0,0,0,0,0,0,0,0,0,0,0,0,0,0,0,0,0,0,0,0,0
Cagayan,1st District,Gonzaga,Flourishing (Pob.),PH0201514011,PH0201514,PH02015,5,16758586.70,4.78,3351717.34,2022,Farm-to-Market Road,Farm-to-Market Roads,Farm to Market Road Development Program | National Organic Agriculture Program,Farm-to-Market Road | Greenhouse | Solar-Powered Irrigation System,2,15005111.31,1,596000.00,0,0.00,2,1157475.39,0,0.00,0,0.00,0,0.00,0,0,0,0,0,2,0,0,2,0,0,0,0,0,0,0,0,0,0,0,0,0,0,0,1,0,0,0,0,0
Cagayan,1st District,Gonzaga,Ipil,PH0201514012,PH0201514,PH02015,1,10000.00,1.00,10000.00,2022,School Garden,Food Gardens,High Value Crop Development Program,School Garden,0,0.00,0,0.00,0,0.00,0,0.00,1,10000.00,0,0.00,0,0.00,0,0,0,0,0,0,0,0,0,0,0,0,0,0,0,0,0,0,0,0,0,1,0,0,0,0,0,0,0,0
Cagayan,1st District,Gonzaga,Magrafil,PH0201514014,PH0201514,PH02015,1,0.00,0.23,0.00,2019,Farm-to-Market Road,Farm-to-Market Roads,Farm to Market Road Development Program,Farm-to-Market Road,1,0.00,0,0.00,0,0.00,0,0.00,0,0.00,0,0.00,0,0.00,0,0,0,0,0,1,0,0,0,0,0,0,0,0,0,0,0,0,0,0,0,0,0,0,0,0,0,0,0,0
Cagayan,1st District,Gonzaga,Pateng,PH0201514018,PH0201514,PH02015,2,6293771.54,1.47,3146885.77,2019,Farm-to-Market Road,Farm-to-Market Roads,Farm to Market Road Development Program | Rice Program,Diversion Dam | Farm-to-Market Road,1,5700872.50,1,592899.04,0,0.00,0,0.00,0,0.00,0,0.00,0,0.00,0,0,0,0,1,1,0,0,0,0,0,0,0,0,0,0,0,0,0,0,0,0,0,0,0,0,0,0,0,0
Cagayan,1st District,Gonzaga,Rebecca (Nagbabalacan*),PH0201514016,PH0201514,PH02015,1,4875500.00,0.37,4875500.00,2018,Farm-to-Market Road,Farm-to-Market Roads,Farm to Market Road Development Program,Farm-to-Market Road,1,4875500.00,0,0.00,0,0.00,0,0.00,0,0.00,0,0.00,0,0.00,0,0,0,0,0,1,0,0,0,0,0,0,0,0,0,0,0,0,0,0,0,0,0,0,0,0,0,0,0,0
Cagayan,1st District,Gonzaga,Santa Clara,PH0201514021,PH0201514,PH02015,3,29312761.33,2.06,9770920.44,2016,Farm-to-Market Road,Farm-to-Market Roads,Farm to Market Road Development Program | Rice Program,Diversion Dam | Farm-to-Market Road,2,8925000.00,1,20387761.33,0,0.00,0,0.00,0,0.00,0,0.00,0,0.00,0,0,0,0,1,2,0,0,0,0,0,0,0,0,0,0,0,0,0,0,0,0,0,0,0,0,0,0,0,0
Cagayan,1st District,Gonzaga,Tapel,PH0201514025,PH0201514,PH02015,4,3835161.32,4.00,958790.33,2021,Diversion Dam,Irrigation and Water Systems,Rice Program,Diversion Dam | Multi-Purpose Drying Pavement,0,0.00,3,3376810.03,1,458351.29,0,0.00,0,0.00,0,0.00,0,0.00,0,0,0,0,3,0,0,0,0,0,0,0,0,1,0,0,0,0,0,0,0,0,0,0,0,0,0,0,0,0
Cagayan,3rd District,Iguig,,,PH0201515,PH02015,1,2487500.00,0.37,2487500.00,2014,Farm-to-Market Road,Farm-to-Market Roads,Farm to Market Road Development Program,Farm-to-Market Road,1,2487500.00,0,0.00,0,0.00,0,0.00,0,0.00,0,0.00,0,0.00,0,0,0,0,0,1,0,0,0,0,0,0,0,0,0,0,0,0,0,0,0,0,0,0,0,0,0,0,0,0
Cagayan,3rd District,Iguig,Baculud,PH0201515003,PH0201515,PH02015,6,26142705.77,4.02,4357117.63,2016,Farm-to-Market Road,Farm-to-Market Roads,Farm to Market Road Development Program | Rice Program,Farm-to-Market Road | Small Water Impounding Project,4,16915000.00,2,9227705.77,0,0.00,0,0.00,0,0.00,0,0.00,0,0.00,0,0,0,0,0,4,0,0,0,0,0,0,0,0,0,0,0,0,0,0,0,0,2,0,0,0,0,0,0,0
Cagayan,3rd District,Iguig,Baculud;San Esteban (Capitan),,PH0201515,PH02015,1,4975000.00,0.60,4975000.00,2018,Farm-to-Market Road,Farm-to-Market Roads,Farm to Market Road Development Program,Farm-to-Market Road,1,4975000.00,0,0.00,0,0.00,0,0.00,0,0.00,0,0.00,0,0.00,0,0,0,0,0,1,0,0,0,0,0,0,0,0,0,0,0,0,0,0,0,0,0,0,0,0,0,0,0,0
Cagayan,3rd District,Iguig,Campo,PH0201515005,PH0201515,PH02015,3,31615266.19,2.71,10538422.06,2020,Small Water Impounding Project,Irrigation and Water Systems,Farm to Market Road Development Program | Rice Program,Farm-to-Market Road | Small Water Impounding Project,1,12437500.00,2,19177766.19,0,0.00,0,0.00,0,0.00,0,0.00,0,0.00,0,0,0,0,0,1,0,0,0,0,0,0,0,0,0,0,0,0,0,0,0,0,2,0,0,0,0,0,0,0
Cagayan,3rd District,Iguig,Dumpao,PH0201515007,PH0201515,PH02015,1,2487500.00,0.27,2487500.00,2014,Farm-to-Market Road,Farm-to-Market Roads,Farm to Market Road Development Program,Farm-to-Market Road,1,2487500.00,0,0.00,0,0.00,0,0.00,0,0.00,0,0.00,0,0.00,0,0,0,0,0,1,0,0,0,0,0,0,0,0,0,0,0,0,0,0,0,0,0,0,0,0,0,0,0,0
Cagayan,3rd District,Iguig,Gammad,PH0201515009,PH0201515,PH02015,1,15651333.34,1.00,15651333.34,2018,Small Water Impounding Project,Irrigation and Water Systems,Rice Program,Small Water Impounding Project,0,0.00,1,15651333.34,0,0.00,0,0.00,0,0.00,0,0.00,0,0.00,0,0,0,0,0,0,0,0,0,0,0,0,0,0,0,0,0,0,0,0,0,0,1,0,0,0,0,0,0,0
Cagayan,3rd District,Iguig,Malabbac,PH0201515013,PH0201515,PH02015,1,9900000.00,1.25,9900000.00,2019,Farm-to-Market Road,Farm-to-Market Roads,Farm to Market Road Development Program,Farm-to-Market Road,1,9900000.00,0,0.00,0,0.00,0,0.00,0,0.00,0,0.00,0,0.00,0,0,0,0,0,1,0,0,0,0,0,0,0,0,0,0,0,0,0,0,0,0,0,0,0,0,0,0,0,0
Cagayan,3rd District,Iguig,Nattanzan (Pob.),PH0201515017,PH0201515,PH02015,1,100000.00,1.00,100000.00,2022,Gulayan sa Barangay,Food Gardens,High Value Crop Development Program,Gulayan sa Barangay,0,0.00,0,0.00,0,0.00,0,0.00,1,100000.00,0,0.00,0,0.00,0,0,0,0,0,0,0,0,0,1,0,0,0,0,0,0,0,0,0,0,0,0,0,0,0,0,0,0,0,0
Cagayan,3rd District,Iguig,Redondo,PH0201515018,PH0201515,PH02015,1,10000.00,1.00,10000.00,2022,School Garden,Food Gardens,High Value Crop Development Program,School Garden,0,0.00,0,0.00,0,0.00,0,0.00,1,10000.00,0,0.00,0,0.00,0,0,0,0,0,0,0,0,0,0,0,0,0,0,0,0,0,0,0,0,0,1,0,0,0,0,0,0,0,0
Cagayan,3rd District,Iguig,Salamague,PH0201515019,PH0201515,PH02015,1,100000.00,1.00,100000.00,2022,Gulayan sa Barangay,Food Gardens,High Value Crop Development Program,Gulayan sa Barangay,0,0.00,0,0.00,0,0.00,0,0.00,1,100000.00,0,0.00,0,0.00,0,0,0,0,0,0,0,0,0,1,0,0,0,0,0,0,0,0,0,0,0,0,0,0,0,0,0,0,0,0
Cagayan,3rd District,Iguig,San Vicente (Ugac East),PH0201515025,PH0201515,PH02015,1,1990000.00,0.30,1990000.00,2016,Farm-to-Market Road,Farm-to-Market Roads,Farm to Market Road Development Program,Farm-to-Market Road,1,1990000.00,0,0.00,0,0.00,0,0.00,0,0.00,0,0.00,0,0.00,0,0,0,0,0,1,0,0,0,0,0,0,0,0,0,0,0,0,0,0,0,0,0,0,0,0,0,0,0,0
Cagayan,3rd District,Iguig,Santiago,PH0201515024,PH0201515,PH02015,2,1990144.52,1.28,995072.26,2022,Farm-to-Market Road,Farm-to-Market Roads,Farm to Market Road Development Program | High Value Crop Development Program,Farm-to-Market Road | Gulayan sa Barangay,1,1890144.52,0,0.00,0,0.00,0,0.00,1,100000.00,0,0.00,0,0.00,0,0,0,0,0,1,0,0,0,1,0,0,0,0,0,0,0,0,0,0,0,0,0,0,0,0,0,0,0,0
Cagayan,1st District,Lal-lo,,,PH0201516,PH02015,4,15870000.00,3.69,3967500.00,2015,Farm-to-Market Road,Farm-to-Market Roads,Farm to Market Road Development Program | Rice Program,Farm-to-Market Road | Rice Processing Center,3,15870000.00,0,0.00,1,0.00,0,0.00,0,0.00,0,0.00,0,0.00,0,0,0,0,0,3,0,0,0,0,0,0,0,0,0,0,0,0,0,0,1,0,0,0,0,0,0,0,0,0
Cagayan,1st District,Lal-lo,Bagumbayan,PH0201516003,PH0201516,PH02015,1,10000.00,1.00,10000.00,2022,School Garden,Food Gardens,High Value Crop Development Program,School Garden,0,0.00,0,0.00,0,0.00,0,0.00,1,10000.00,0,0.00,0,0.00,0,0,0,0,0,0,0,0,0,0,0,0,0,0,0,0,0,0,0,0,0,1,0,0,0,0,0,0,0,0
Cagayan,1st District,Lal-lo,Bangag,PH0201516004,PH0201516,PH02015,1,10000.00,1.00,10000.00,2022,School Garden,Food Gardens,High Value Crop Development Program,School Garden,0,0.00,0,0.00,0,0.00,0,0.00,1,10000.00,0,0.00,0,0.00,0,0,0,0,0,0,0,0,0,0,0,0,0,0,0,0,0,0,0,0,0,1,0,0,0,0,0,0,0,0
Cagayan,1st District,Lal-lo,Bical,PH0201516005,PH0201516,PH02015,1,10000.00,1.00,10000.00,2022,School Garden,Food Gardens,High Value Crop Development Program,School Garden,0,0.00,0,0.00,0,0.00,0,0.00,1,10000.00,0,0.00,0,0.00,0,0,0,0,0,0,0,0,0,0,0,0,0,0,0,0,0,0,0,0,0,1,0,0,0,0,0,0,0,0
Cagayan,1st District,Lal-lo,Cambong,PH0201516010,PH0201516,PH02015,1,2985000.00,0.31,2985000.00,2016,Farm-to-Market Road,Farm-to-Market Roads,Farm to Market Road Development Program,Farm-to-Market Road,1,2985000.00,0,0.00,0,0.00,0,0.00,0,0.00,0,0.00,0,0.00,0,0,0,0,0,1,0,0,0,0,0,0,0,0,0,0,0,0,0,0,0,0,0,0,0,0,0,0,0,0
Cagayan,1st District,Lal-lo,Catayauan,PH0201516011,PH0201516,PH02015,1,10000.00,1.00,10000.00,2022,School Garden,Food Gardens,High Value Crop Development Program,School Garden,0,0.00,0,0.00,0,0.00,0,0.00,1,10000.00,0,0.00,0,0.00,0,0,0,0,0,0,0,0,0,0,0,0,0,0,0,0,0,0,0,0,0,1,0,0,0,0,0,0,0,0
Cagayan,1st District,Lal-lo,Centro (Pob.),PH0201516013,PH0201516,PH02015,1,496155.82,1.00,496155.82,2016,Swine Housing,Livestock Facilities,National Organic Agriculture Program,Swine Housing,0,0.00,0,0.00,0,0.00,0,0.00,0,0.00,1,496155.82,0,0.00,0,0,0,0,0,0,0,0,0,0,0,0,0,0,0,0,0,0,0,0,0,0,0,0,0,0,1,0,0,0
Cagayan,1st District,Lal-lo,Cullit,PH0201516014,PH0201516,PH02015,2,15913872.50,1.19,7956936.25,2016,Farm-to-Market Road,Farm-to-Market Roads,Farm to Market Road Development Program,Farm-to-Market Road,2,15913872.50,0,0.00,0,0.00,0,0.00,0,0.00,0,0.00,0,0.00,0,0,0,0,0,2,0,0,0,0,0,0,0,0,0,0,0,0,0,0,0,0,0,0,0,0,0,0,0,0
Cagayan,1st District,Lal-lo,Dagupan,PH0201516015,PH0201516,PH02015,1,5940000.00,0.62,5940000.00,2014,Farm-to-Market Road,Farm-to-Market Roads,Farm to Market Road Development Program,Farm-to-Market Road,1,5940000.00,0,0.00,0,0.00,0,0.00,0,0.00,0,0.00,0,0.00,0,0,0,0,0,1,0,0,0,0,0,0,0,0,0,0,0,0,0,0,0,0,0,0,0,0,0,0,0,0
Cagayan,1st District,Lal-lo,Fabrica,PH0201516017,PH0201516,PH02015,1,4825750.00,0.38,4825750.00,2018,Farm-to-Market Road,Farm-to-Market Roads,Farm to Market Road Development Program,Farm-to-Market Road,1,4825750.00,0,0.00,0,0.00,0,0.00,0,0.00,0,0.00,0,0.00,0,0,0,0,0,1,0,0,0,0,0,0,0,0,0,0,0,0,0,0,0,0,0,0,0,0,0,0,0,0
Cagayan,1st District,Lal-lo,Lalafugan,PH0201516020,PH0201516,PH02015,1,1442761.69,1.00,1442761.69,2016,Small Water Impounding Project,Irrigation and Water Systems,Rice Program,Small Water Impounding Project,0,0.00,1,1442761.69,0,0.00,0,0.00,0,0.00,0,0.00,0,0.00,0,0,0,0,0,0,0,0,0,0,0,0,0,0,0,0,0,0,0,0,0,0,1,0,0,0,0,0,0,0
Cagayan,1st District,Lal-lo,Logac,PH0201516021,PH0201516,PH02015,1,4874000.00,0.28,4874000.00,2018,Farm-to-Market Road,Farm-to-Market Roads,Farm to Market Road Development Program,Farm-to-Market Road,1,4874000.00,0,0.00,0,0.00,0,0.00,0,0.00,0,0.00,0,0.00,0,0,0,0,0,1,0,0,0,0,0,0,0,0,0,0,0,0,0,0,0,0,0,0,0,0,0,0,0,0
Cagayan,1st District,Lal-lo,Magapit,PH0201516023,PH0201516,PH02015,2,10000.00,1.40,5000.00,2022,Farm-to-Market Road,Farm-to-Market Roads,Farm to Market Road Development Program | High Value Crop Development Program,Farm-to-Market Road | School Garden,1,0.00,0,0.00,0,0.00,0,0.00,1,10000.00,0,0.00,0,0.00,0,0,0,0,0,1,0,0,0,0,0,0,0,0,0,0,0,0,0,0,0,1,0,0,0,0,0,0,0,0
Cagayan,1st District,Lal-lo,Malanao,PH0201516024,PH0201516,PH02015,1,10000.00,1.00,10000.00,2022,School Garden,Food Gardens,High Value Crop Development Program,School Garden,0,0.00,0,0.00,0,0.00,0,0.00,1,10000.00,0,0.00,0,0.00,0,0,0,0,0,0,0,0,0,0,0,0,0,0,0,0,0,0,0,0,0,1,0,0,0,0,0,0,0,0
Cagayan,1st District,Lal-lo,Maxingal,PH0201516025,PH0201516,PH02015,1,10000.00,1.00,10000.00,2022,School Garden,Food Gardens,High Value Crop Development Program,School Garden,0,0.00,0,0.00,0,0.00,0,0.00,1,10000.00,0,0.00,0,0.00,0,0,0,0,0,0,0,0,0,0,0,0,0,0,0,0,0,0,0,0,0,1,0,0,0,0,0,0,0,0
Cagayan,1st District,Lal-lo,San Mariano,PH0201516033,PH0201516,PH02015,3,5287251.48,4.00,1762417.16,2024,Solar-Powered Irrigation System,Protected Cultivation and Nurseries,National Organic Agriculture Program,Greenhouse | Solar-Powered Irrigation System | Vermi-Composting Facilities,0,0.00,1,1618148.95,0,0.00,2,3669102.53,0,0.00,0,0.00,0,0.00,0,0,0,0,0,0,0,0,1,0,0,0,0,0,0,0,0,0,0,0,0,0,0,0,1,0,0,1,0,0
Cagayan,1st District,Lal-lo,Santa Maria,PH0201516034,PH0201516,PH02015,3,858111.38,3.00,286037.13,2025,Mushroom Fruiting House,Protected Cultivation and Nurseries,National Organic Agriculture Program | National Urban and Peri-Urban Agriculture Program,Greenhouse | Mushroom Fruiting House | Vermi-Composting Facilities,0,0.00,0,0.00,0,0.00,3,858111.38,0,0.00,0,0.00,0,0.00,0,0,0,0,0,0,0,0,1,0,0,0,0,0,1,0,0,0,0,0,0,0,0,0,0,0,0,1,0,0
Cagayan,2nd District,Lasam,Aggunetan,PH0201517001,PH0201517,PH02015,4,7660234.10,1.96,1915058.52,2022,Farm-to-Market Road,Farm-to-Market Roads,Farm to Market Road Development Program | High Value Crop Development Program,Farm-to-Market Road | School Garden,3,7650234.10,0,0.00,0,0.00,0,0.00,1,10000.00,0,0.00,0,0.00,0,0,0,0,0,3,0,0,0,0,0,0,0,0,0,0,0,0,0,0,0,1,0,0,0,0,0,0,0,0
Cagayan,2nd District,Lasam,Battalan,PH0201517003,PH0201517,PH02015,1,4975000.00,0.37,4975000.00,2019,Farm-to-Market Road,Farm-to-Market Roads,Farm to Market Road Development Program,Farm-to-Market Road,1,4975000.00,0,0.00,0,0.00,0,0.00,0,0.00,0,0.00,0,0.00,0,0,0,0,0,1,0,0,0,0,0,0,0,0,0,0,0,0,0,0,0,0,0,0,0,0,0,0,0,0
Cagayan,2nd District,Lasam,Cabatacan East (Duldugan*),PH0201517027,PH0201517,PH02015,1,0.00,0.81,0.00,2020,Farm-to-Market Road,Farm-to-Market Roads,Farm to Market Road Development Program,Farm-to-Market Road,1,0.00,0,0.00,0,0.00,0,0.00,0,0.00,0,0.00,0,0.00,0,0,0,0,0,1,0,0,0,0,0,0,0,0,0,0,0,0,0,0,0,0,0,0,0,0,0,0,0,0
Cagayan,2nd District,Lasam,Cabatacan West,PH0201517028,PH0201517,PH02015,2,29849828.80,2.72,14924914.40,2021,Farm-to-Market Road,Farm-to-Market Roads,Farm to Market Road Development Program,Farm-to-Market Road,2,29849828.80,0,0.00,0,0.00,0,0.00,0,0.00,0,0.00,0,0.00,0,0,0,0,0,2,0,0,0,0,0,0,0,0,0,0,0,0,0,0,0,0,0,0,0,0,0,0,0,0
Cagayan,2nd District,Lasam,Calapangan Norte,PH0201517005,PH0201517,PH02015,1,2832492.35,0.32,2832492.35,2017,Farm-to-Market Road,Farm-to-Market Roads,Farm to Market Road Development Program,Farm-to-Market Road,1,2832492.35,0,0.00,0,0.00,0,0.00,0,0.00,0,0.00,0,0.00,0,0,0,0,0,1,0,0,0,0,0,0,0,0,0,0,0,0,0,0,0,0,0,0,0,0,0,0,0,0
Cagayan,2nd District,Lasam,Callao Norte,PH0201517007,PH0201517,PH02015,1,0.00,0.78,0.00,2020,Farm-to-Market Road,Farm-to-Market Roads,Farm to Market Road Development Program,Farm-to-Market Road,1,0.00,0,0.00,0,0.00,0,0.00,0,0.00,0,0.00,0,0.00,0,0,0,0,0,1,0,0,0,0,0,0,0,0,0,0,0,0,0,0,0,0,0,0,0,0,0,0,0,0
Cagayan,2nd District,Lasam,Callao Sur,PH0201517008,PH0201517,PH02015,1,1990000.00,0.20,1990000.00,2015,Farm-to-Market Road,Farm-to-Market Roads,Farm to Market Road Development Program,Farm-to-Market Road,1,1990000.00,0,0.00,0,0.00,0,0.00,0,0.00,0,0.00,0,0.00,0,0,0,0,0,1,0,0,0,0,0,0,0,0,0,0,0,0,0,0,0,0,0,0,0,0,0,0,0,0
Cagayan,2nd District,Lasam,Cataliganan,PH0201517009,PH0201517,PH02015,1,5303231.35,1.00,5303231.35,2016,Small Water Impounding Project,Irrigation and Water Systems,Rice Program,Small Water Impounding Project,0,0.00,1,5303231.35,0,0.00,0,0.00,0,0.00,0,0.00,0,0.00,0,0,0,0,0,0,0,0,0,0,0,0,0,0,0,0,0,0,0,0,0,0,1,0,0,0,0,0,0,0
Cagayan,2nd District,Lasam,Finugo Norte,PH0201517010,PH0201517,PH02015,2,19900014.97,2.59,9950007.48,2021,Farm-to-Market Road,Farm-to-Market Roads,Farm to Market Road Development Program,Farm-to-Market Road,2,19900014.97,0,0.00,0,0.00,0,0.00,0,0.00,0,0.00,0,0.00,0,0,0,0,0,2,0,0,0,0,0,0,0,0,0,0,0,0,0,0,0,0,0,0,0,0,0,0,0,0
Cagayan,2nd District,Lasam,Gabun,PH0201517012,PH0201517,PH02015,1,6014707.55,1.00,6014707.55,2017,Small Water Impounding Project,Irrigation and Water Systems,Rice Program,Small Water Impounding Project,0,0.00,1,6014707.55,0,0.00,0,0.00,0,0.00,0,0.00,0,0.00,0,0,0,0,0,0,0,0,0,0,0,0,0,0,0,0,0,0,0,0,0,0,1,0,0,0,0,0,0,0
Cagayan,2nd District,Lasam,Ignacio Jurado (Finugu Sur),PH0201517013,PH0201517,PH02015,1,10000.00,1.00,10000.00,2022,School Garden,Food Gardens,High Value Crop Development Program,School Garden,0,0.00,0,0.00,0,0.00,0,0.00,1,10000.00,0,0.00,0,0.00,0,0,0,0,0,0,0,0,0,0,0,0,0,0,0,0,0,0,0,0,0,1,0,0,0,0,0,0,0,0
Cagayan,2nd District,Lasam,Magsaysay,PH0201517014,PH0201517,PH02015,2,20030544.74,2.00,10015272.37,2019,Small Water Impounding Project,Irrigation and Water Systems,Rice Program,Small Water Impounding Project,0,0.00,2,20030544.74,0,0.00,0,0.00,0,0.00,0,0.00,0,0.00,0,0,0,0,0,0,0,0,0,0,0,0,0,0,0,0,0,0,0,0,0,0,2,0,0,0,0,0,0,0
Cagayan,2nd District,Lasam,Malinta,PH0201517015,PH0201517,PH02015,2,26338243.09,2.30,13169121.54,2022,Farm-to-Market Road,Farm-to-Market Roads,Farm to Market Road Development Program,Farm-to-Market Road,2,26338243.09,0,0.00,0,0.00,0,0.00,0,0.00,0,0.00,0,0.00,0,0,0,0,0,2,0,0,0,0,0,0,0,0,0,0,0,0,0,0,0,0,0,0,0,0,0,0,0,0
Cagayan,2nd District,Lasam,Minanga Norte,PH0201517017,PH0201517,PH02015,3,7238130.00,3.00,2412710.00,2024,Palay Shed,Postharvest and Processing,High Value Crop Development Program | Rice Program,Palay Shed | School Garden | Solar-Powered Irrigation System,0,0.00,1,6772310.00,1,455820.00,0,0.00,1,10000.00,0,0.00,0,0.00,0,0,0,0,0,0,0,0,0,0,0,0,0,0,0,0,0,1,0,0,0,1,0,0,1,0,0,0,0,0
Cagayan,2nd District,Lasam,Minanga Sur,PH0201517016,PH0201517,PH02015,4,41395209.34,4.07,10348802.33,2024,Farm-to-Market Road,Farm-to-Market Roads,Farm to Market Road Development Program | High Value Crop Development Program | Rice Program,Farm-to-Market Road | Gulayan sa Barangay | Small Water Impounding Project,2,34562760.54,1,6732448.80,0,0.00,0,0.00,1,100000.00,0,0.00,0,0.00,0,0,0,0,0,2,0,0,0,1,0,0,0,0,0,0,0,0,0,0,0,0,1,0,0,0,0,0,0,0
Cagayan,2nd District,Lasam,New Orlins,PH0201517033,PH0201517,PH02015,1,10000.00,1.00,10000.00,2022,School Garden,Food Gardens,High Value Crop Development Program,School Garden,0,0.00,0,0.00,0,0.00,0,0.00,1,10000.00,0,0.00,0,0.00,0,0,0,0,0,0,0,0,0,0,0,0,0,0,0,0,0,0,0,0,0,1,0,0,0,0,0,0,0,0
Cagayan,2nd District,Lasam,Nicolas Agatep,PH0201517019,PH0201517,PH02015,2,19706027.40,2.00,9853013.70,2016,Small Water Impounding Project,Irrigation and Water Systems,Rice Program,Small Water Impounding Project,0,0.00,2,19706027.40,0,0.00,0,0.00,0,0.00,0,0.00,0,0.00,0,0,0,0,0,0,0,0,0,0,0,0,0,0,0,0,0,0,0,0,0,0,2,0,0,0,0,0,0,0
Cagayan,2nd District,Lasam,Peru,PH0201517020,PH0201517,PH02015,1,1999000.00,0.21,1999000.00,2016,Farm-to-Market Road,Farm-to-Market Roads,Farm to Market Road Development Program,Farm-to-Market Road,1,1999000.00,0,0.00,0,0.00,0,0.00,0,0.00,0,0.00,0,0.00,0,0,0,0,0,1,0,0,0,0,0,0,0,0,0,0,0,0,0,0,0,0,0,0,0,0,0,0,0,0
Cagayan,2nd District,Lasam,San Pedro,PH0201517022,PH0201517,PH02015,1,12928167.86,1.00,12928167.86,2015,Small Water Impounding Project,Irrigation and Water Systems,Rice Program,Small Water Impounding Project,0,0.00,1,12928167.86,0,0.00,0,0.00,0,0.00,0,0.00,0,0.00,0,0,0,0,0,0,0,0,0,0,0,0,0,0,0,0,0,0,0,0,0,0,1,0,0,0,0,0,0,0
Cagayan,2nd District,Lasam,Tagao,PH0201517024,PH0201517,PH02015,2,35003015.37,2.00,17501507.68,2017,Small Water Impounding Project,Irrigation and Water Systems,Rice Program,Small Water Impounding Project,0,0.00,2,35003015.37,0,0.00,0,0.00,0,0.00,0,0.00,0,0.00,0,0,0,0,0,0,0,0,0,0,0,0,0,0,0,0,0,0,0,0,0,0,2,0,0,0,0,0,0,0
Cagayan,2nd District,Lasam,Viga,PH0201517026,PH0201517,PH02015,5,49066942.31,6.08,9813388.46,2023,Farm-to-Market Road,Farm-to-Market Roads,Farm to Market Road Development Program | High Value Crop Development Program | Rice Program,Diversion Dam | Farm-to-Market Road | School Garden | Small Water Impounding Project,2,35281165.04,2,13775777.27,0,0.00,0,0.00,1,10000.00,0,0.00,0,0.00,0,0,0,0,1,2,0,0,0,0,0,0,0,0,0,0,0,0,0,0,0,1,1,0,0,0,0,0,0,0
Cagayan,2nd District,Pamplona,Abanqueruan,PH0201518001,PH0201518,PH02015,2,2500000.00,1.32,1250000.00,2025,Chicken Housing,Livestock Facilities,Farm to Market Road Development Program | National Urban and Peri-Urban Agriculture Program,Chicken Housing | Farm-to-Market Road,1,2500000.00,0,0.00,0,0.00,0,0.00,0,0.00,1,0.00,0,0.00,0,1,0,0,0,1,0,0,0,0,0,0,0,0,0,0,0,0,0,0,0,0,0,0,0,0,0,0,0,0
Cagayan,2nd District,Pamplona,Bagu,PH0201518003,PH0201518,PH02015,2,13582911.68,1.20,6791455.84,2022,Farm-to-Market Road,Farm-to-Market Roads,Farm to Market Road Development Program | Rice Program,Farm-to-Market Road | Small Water Impounding Project,1,1990000.00,1,11592911.68,0,0.00,0,0.00,0,0.00,0,0.00,0,0.00,0,0,0,0,0,1,0,0,0,0,0,0,0,0,0,0,0,0,0,0,0,0,1,0,0,0,0,0,0,0
Cagayan,2nd District,Pamplona,Balingit,PH0201518004,PH0201518,PH02015,1,12437500.00,0.86,12437500.00,2020,Farm-to-Market Road,Farm-to-Market Roads,Farm to Market Road Development Program,Farm-to-Market Road,1,12437500.00,0,0.00,0,0.00,0,0.00,0,0.00,0,0.00,0,0.00,0,0,0,0,0,1,0,0,0,0,0,0,0,0,0,0,0,0,0,0,0,0,0,0,0,0,0,0,0,0
Cagayan,2nd District,Pamplona,Bidduang,PH0201518005,PH0201518,PH02015,1,10000.00,1.00,10000.00,2022,School Garden,Food Gardens,High Value Crop Development Program,School Garden,0,0.00,0,0.00,0,0.00,0,0.00,1,10000.00,0,0.00,0,0.00,0,0,0,0,0,0,0,0,0,0,0,0,0,0,0,0,0,0,0,0,0,1,0,0,0,0,0,0,0,0
Cagayan,2nd District,Pamplona,Capalalian;Centro (Pob.),,PH0201518,PH02015,1,1992000.00,0.29,1992000.00,2018,Farm-to-Market Road,Farm-to-Market Roads,Farm to Market Road Development Program,Farm-to-Market Road,1,1992000.00,0,0.00,0,0.00,0,0.00,0,0.00,0,0.00,0,0.00,0,0,0,0,0,1,0,0,0,0,0,0,0,0,0,0,0,0,0,0,0,0,0,0,0,0,0,0,0,0
Cagayan,2nd District,Pamplona,Casitan,PH0201518008,PH0201518,PH02015,3,8589142.80,2.29,2863047.60,2023,Farm-to-Market Road,Irrigation and Water Systems,Farm to Market Road Development Program | High Value Crop Development Program | Rice Program,Farm-to-Market Road | Small Water Impounding Project | Spring Development,1,1990000.00,2,6599142.80,0,0.00,0,0.00,0,0.00,0,0.00,0,0.00,0,0,0,0,0,1,0,0,0,0,0,0,0,0,0,0,0,0,0,0,0,0,1,0,0,1,0,0,0,0
Cagayan,2nd District,Pamplona,Curva,PH0201518010,PH0201518,PH02015,1,19502000.00,1.09,19502000.00,2020,Farm-to-Market Road,Farm-to-Market Roads,Farm to Market Road Development Program,Farm-to-Market Road,1,19502000.00,0,0.00,0,0.00,0,0.00,0,0.00,0,0.00,0,0.00,0,0,0,0,0,1,0,0,0,0,0,0,0,0,0,0,0,0,0,0,0,0,0,0,0,0,0,0,0,0
Cagayan,2nd District,Pamplona,Gattu,PH0201518011,PH0201518,PH02015,2,3085000.00,1.85,1542500.00,2022,Gulayan sa Barangay,Food Gardens,Farm to Market Road Development Program | High Value Crop Development Program,Farm-to-Market Road | Gulayan sa Barangay,1,2985000.00,0,0.00,0,0.00,0,0.00,1,100000.00,0,0.00,0,0.00,0,0,0,0,0,1,0,0,0,1,0,0,0,0,0,0,0,0,0,0,0,0,0,0,0,0,0,0,0,0
Cagayan,2nd District,Pamplona,Masi,PH0201518012,PH0201518,PH02015,2,715922.00,2.00,357961.00,2023,Gulayan sa Barangay,Food Gardens,High Value Crop Development Program,Gulayan sa Barangay | Spring Development,0,0.00,1,615922.00,0,0.00,0,0.00,1,100000.00,0,0.00,0,0.00,0,0,0,0,0,0,0,0,0,1,0,0,0,0,0,0,0,0,0,0,0,0,0,0,0,1,0,0,0,0
Cagayan,2nd District,Pamplona,Nagattatan,PH0201518013,PH0201518,PH02015,1,458351.28,1.00,458351.28,2021,Multi-Purpose Drying Pavement,Postharvest and Processing,Rice Program,Multi-Purpose Drying Pavement,0,0.00,0,0.00,1,458351.28,0,0.00,0,0.00,0,0.00,0,0.00,0,0,0,0,0,0,0,0,0,0,0,0,0,1,0,0,0,0,0,0,0,0,0,0,0,0,0,0,0,0
Cagayan,2nd District,Pamplona,Santa Cruz,PH0201518016,PH0201518,PH02015,4,39775080.00,3.27,9943770.00,2023,Farm-to-Market Road,Farm-to-Market Roads,Farm to Market Road Development Program | High Value Crop Development Program,Farm-to-Market Road | Gulayan sa Barangay,3,39675080.00,0,0.00,0,0.00,0,0.00,1,100000.00,0,0.00,0,0.00,0,0,0,0,0,3,0,0,0,1,0,0,0,0,0,0,0,0,0,0,0,0,0,0,0,0,0,0,0,0
Cagayan,2nd District,Pamplona,Tupanna,PH0201518018,PH0201518,PH02015,1,0.00,1.49,0.00,2020,Farm-to-Market Road,Farm-to-Market Roads,Farm to Market Road Development Program,Farm-to-Market Road,1,0.00,0,0.00,0,0.00,0,0.00,0,0.00,0,0.00,0,0.00,0,0,0,0,0,1,0,0,0,0,0,0,0,0,0,0,0,0,0,0,0,0,0,0,0,0,0,0,0,0
Cagayan,3rd District,Pe?ablanca,Alimanao,,PH0201519,PH02015,1,10000.00,1.00,10000.00,2022,School Garden,Food Gardens,High Value Crop Development Program,School Garden,0,0.00,0,0.00,0,0.00,0,0.00,1,10000.00,0,0.00,0,0.00,0,0,0,0,0,0,0,0,0,0,0,0,0,0,0,0,0,0,0,0,0,1,0,0,0,0,0,0,0,0
Cagayan,3rd District,Pe?ablanca,Baliuag,PH0201519003,PH0201519,PH02015,2,15539845.13,2.00,7769922.57,2023,Solar-Powered Irrigation System,Irrigation and Water Systems,High Value Crop Development Program | Rice Program,Small Water Impounding Project | Solar-Powered Irrigation System,0,0.00,2,15539845.13,0,0.00,0,0.00,0,0.00,0,0.00,0,0.00,0,0,0,0,0,0,0,0,0,0,0,0,0,0,0,0,0,0,0,0,0,0,1,0,1,0,0,0,0,0
Cagayan,3rd District,Pe?ablanca,Bical,PH0201519004,PH0201519,PH02015,1,4975000.00,0.50,4975000.00,2018,Farm-to-Market Road,Farm-to-Market Roads,Farm to Market Road Development Program,Farm-to-Market Road,1,4975000.00,0,0.00,0,0.00,0,0.00,0,0.00,0,0.00,0,0.00,0,0,0,0,0,1,0,0,0,0,0,0,0,0,0,0,0,0,0,0,0,0,0,0,0,0,0,0,0,0
Cagayan,3rd District,Pe?ablanca,Buyun,PH0201519006,PH0201519,PH02015,1,2835160.00,0.34,2835160.00,2017,Farm-to-Market Road,Farm-to-Market Roads,Farm to Market Road Development Program,Farm-to-Market Road,1,2835160.00,0,0.00,0,0.00,0,0.00,0,0.00,0,0.00,0,0.00,0,0,0,0,0,1,0,0,0,0,0,0,0,0,0,0,0,0,0,0,0,0,0,0,0,0,0,0,0,0
Cagayan,3rd District,Pe?ablanca,Callao,PH0201519009,PH0201519,PH02015,2,2000000.00,1.31,1000000.00,2022,Farm-to-Market Road,Farm-to-Market Roads,Farm to Market Road Development Program | High Value Crop Development Program,Farm-to-Market Road | School Garden,1,1990000.00,0,0.00,0,0.00,0,0.00,1,10000.00,0,0.00,0,0.00,0,0,0,0,0,1,0,0,0,0,0,0,0,0,0,0,0,0,0,0,0,1,0,0,0,0,0,0,0,0
Cagayan,3rd District,Pe?ablanca,Dodan,PH0201519012,PH0201519,PH02015,1,10000.00,1.00,10000.00,2022,School Garden,Food Gardens,High Value Crop Development Program,School Garden,0,0.00,0,0.00,0,0.00,0,0.00,1,10000.00,0,0.00,0,0.00,0,0,0,0,0,0,0,0,0,0,0,0,0,0,0,0,0,0,0,0,0,1,0,0,0,0,0,0,0,0
Cagayan,3rd District,Pe?ablanca,Lapi,PH0201519013,PH0201519,PH02015,2,1900428.70,1.32,950214.35,2022,Farm-to-Market Road,Farm-to-Market Roads,Farm to Market Road Development Program | High Value Crop Development Program,Farm-to-Market Road | School Garden,1,1890428.70,0,0.00,0,0.00,0,0.00,1,10000.00,0,0.00,0,0.00,0,0,0,0,0,1,0,0,0,0,0,0,0,0,0,0,0,0,0,0,0,1,0,0,0,0,0,0,0,0
Cagayan,3rd District,Pe?ablanca,Minanga,PH0201519017,PH0201519,PH02015,1,4975000.00,0.52,4975000.00,2019,Farm-to-Market Road,Farm-to-Market Roads,Farm to Market Road Development Program,Farm-to-Market Road,1,4975000.00,0,0.00,0,0.00,0,0.00,0,0.00,0,0.00,0,0.00,0,0,0,0,0,1,0,0,0,0,0,0,0,0,0,0,0,0,0,0,0,0,0,0,0,0,0,0,0,0
Cagayan,3rd District,Pe?ablanca,Nabbabalayan,PH0201519018,PH0201519,PH02015,1,1890059.04,0.25,1890059.04,2017,Farm-to-Market Road,Farm-to-Market Roads,Farm to Market Road Development Program,Farm-to-Market Road,1,1890059.04,0,0.00,0,0.00,0,0.00,0,0.00,0,0.00,0,0.00,0,0,0,0,0,1,0,0,0,0,0,0,0,0,0,0,0,0,0,0,0,0,0,0,0,0,0,0,0,0
Cagayan,3rd District,Pe?ablanca,Nanguilattan,PH0201519019,PH0201519,PH02015,1,10000.00,1.00,10000.00,2022,School Garden,Food Gardens,High Value Crop Development Program,School Garden,0,0.00,0,0.00,0,0.00,0,0.00,1,10000.00,0,0.00,0,0.00,0,0,0,0,0,0,0,0,0,0,0,0,0,0,0,0,0,0,0,0,0,1,0,0,0,0,0,0,0,0
Cagayan,3rd District,Pe?ablanca,Nannarian,PH0201519020,PH0201519,PH02015,3,5969600.00,0.79,1989866.67,2015,Farm-to-Market Road,Farm-to-Market Roads,Farm to Market Road Development Program,Farm-to-Market Road,3,5969600.00,0,0.00,0,0.00,0,0.00,0,0.00,0,0.00,0,0.00,0,0,0,0,0,3,0,0,0,0,0,0,0,0,0,0,0,0,0,0,0,0,0,0,0,0,0,0,0,0
Cagayan,3rd District,Pe?ablanca,Parabba,PH0201519021,PH0201519,PH02015,2,3980000.00,0.65,1990000.00,2015,Farm-to-Market Road,Farm-to-Market Roads,Farm to Market Road Development Program,Farm-to-Market Road,2,3980000.00,0,0.00,0,0.00,0,0.00,0,0.00,0,0.00,0,0.00,0,0,0,0,0,2,0,0,0,0,0,0,0,0,0,0,0,0,0,0,0,0,0,0,0,0,0,0,0,0
Cagayan,3rd District,Pe?ablanca,Quibal,PH0201519023,PH0201519,PH02015,1,100000.00,1.00,100000.00,2022,Gulayan sa Barangay,Food Gardens,High Value Crop Development Program,Gulayan sa Barangay,0,0.00,0,0.00,0,0.00,0,0.00,1,100000.00,0,0.00,0,0.00,0,0,0,0,0,0,0,0,0,1,0,0,0,0,0,0,0,0,0,0,0,0,0,0,0,0,0,0,0,0
Cagayan,3rd District,Pe?ablanca,San Roque (Litto),PH0201519024,PH0201519,PH02015,1,3450000.00,0.32,3450000.00,2016,Farm-to-Market Road,Farm-to-Market Roads,Farm to Market Road Development Program,Farm-to-Market Road,1,3450000.00,0,0.00,0,0.00,0,0.00,0,0.00,0,0.00,0,0.00,0,0,0,0,0,1,0,0,0,0,0,0,0,0,0,0,0,0,0,0,0,0,0,0,0,0,0,0,0,0
Cagayan,3rd District,Pe?ablanca,Sisim,PH0201519025,PH0201519,PH02015,2,3979700.00,0.51,1989850.00,2015,Farm-to-Market Road,Farm-to-Market Roads,Farm to Market Road Development Program,Farm-to-Market Road,2,3979700.00,0,0.00,0,0.00,0,0.00,0,0.00,0,0.00,0,0.00,0,0,0,0,0,2,0,0,0,0,0,0,0,0,0,0,0,0,0,0,0,0,0,0,0,0,0,0,0,0
Cagayan,2nd District,Piat,Apayao,PH0201520001,PH0201520,PH02015,4,7575136.96,3.09,1893784.24,2024,Farm-to-Market Road,Irrigation and Water Systems,Farm to Market Road Development Program | Rice Program,Farm-to-Market Road | Small Water Impounding Project | Solar-Powered Irrigation System,2,1889781.95,2,5685355.01,0,0.00,0,0.00,0,0.00,0,0.00,0,0.00,0,0,0,0,0,2,0,0,0,0,0,0,0,0,0,0,0,0,0,0,0,0,1,0,1,0,0,0,0,0
Cagayan,2nd District,Piat,Baung,PH0201520016,PH0201520,PH02015,4,6055620.22,3.73,1513905.05,2025,Chicken Housing,Protected Cultivation and Nurseries,Farm to Market Road Development Program | National Organic Agriculture Program | National Urban and Peri-Urban Agriculture Program,Chicken Housing | Farm-to-Market Road | Greenhouse | Mushroom Fruiting House,1,5671552.05,0,0.00,0,0.00,2,384068.17,0,0.00,1,0.00,0,0.00,0,1,0,0,0,1,0,0,1,0,0,0,0,0,1,0,0,0,0,0,0,0,0,0,0,0,0,0,0,0
Cagayan,2nd District,Piat,Gumarueng,PH0201520004,PH0201520,PH02015,3,17860059.34,2.54,5953353.11,2020,Farm-to-Market Road,Farm-to-Market Roads,Farm to Market Road Development Program | Rice Program,Farm-to-Market Road | Small Water Impounding Project,2,14120268.49,1,3739790.85,0,0.00,0,0.00,0,0.00,0,0.00,0,0.00,0,0,0,0,0,2,0,0,0,0,0,0,0,0,0,0,0,0,0,0,0,0,1,0,0,0,0,0,0,0
Cagayan,2nd District,Piat,Maguilling,PH0201520006,PH0201520,PH02015,3,2100000.00,2.20,700000.00,2022,Farm-to-Market Road,Food Gardens,Farm to Market Road Development Program | High Value Crop Development Program,Farm-to-Market Road | Gulayan sa Barangay | School Garden,1,1990000.00,0,0.00,0,0.00,0,0.00,2,110000.00,0,0.00,0,0.00,0,0,0,0,0,1,0,0,0,1,0,0,0,0,0,0,0,0,0,0,0,1,0,0,0,0,0,0,0,0
Cagayan,2nd District,Piat,Minanga,PH0201520007,PH0201520,PH02015,1,10000.00,1.00,10000.00,2022,School Garden,Food Gardens,High Value Crop Development Program,School Garden,0,0.00,0,0.00,0,0.00,0,0.00,1,10000.00,0,0.00,0,0.00,0,0,0,0,0,0,0,0,0,0,0,0,0,0,0,0,0,0,0,0,0,1,0,0,0,0,0,0,0,0
Cagayan,2nd District,Piat,Poblacion I,PH0201520008,PH0201520,PH02015,1,10000.00,1.00,10000.00,2022,School Garden,Food Gardens,High Value Crop Development Program,School Garden,0,0.00,0,0.00,0,0.00,0,0.00,1,10000.00,0,0.00,0,0.00,0,0,0,0,0,0,0,0,0,0,0,0,0,0,0,0,0,0,0,0,0,1,0,0,0,0,0,0,0,0
Cagayan,2nd District,Piat,Poblacion II,PH0201520019,PH0201520,PH02015,1,3980000.00,0.69,3980000.00,2014,Farm-to-Market Road,Farm-to-Market Roads,Farm to Market Road Development Program,Farm-to-Market Road,1,3980000.00,0,0.00,0,0.00,0,0.00,0,0.00,0,0.00,0,0.00,0,0,0,0,0,1,0,0,0,0,0,0,0,0,0,0,0,0,0,0,0,0,0,0,0,0,0,0,0,0
Cagayan,2nd District,Piat,Santa Barbara,PH0201520011,PH0201520,PH02015,3,7708500.00,2.32,2569500.00,2022,Gulayan sa Barangay,Food Gardens,Corn Program | Farm to Market Road Development Program | High Value Crop Development Program,Farm-to-Market Road | Gulayan sa Barangay | Solar-Powered Irrigation System,1,1930500.00,1,5678000.00,0,0.00,0,0.00,1,100000.00,0,0.00,0,0.00,0,0,0,0,0,1,0,0,0,1,0,0,0,0,0,0,0,0,0,0,0,0,0,0,1,0,0,0,0,0
Cagayan,2nd District,Piat,Santo Domingo,PH0201520012,PH0201520,PH02015,4,4050000.00,2.41,1012500.00,2022,Farm-to-Market Road,Farm-to-Market Roads,Farm to Market Road Development Program | High Value Crop Development Program,Farm-to-Market Road | Gulayan sa Barangay | School Garden,2,3940000.00,0,0.00,0,0.00,0,0.00,2,110000.00,0,0.00,0,0.00,0,0,0,0,0,2,0,0,0,1,0,0,0,0,0,0,0,0,0,0,0,1,0,0,0,0,0,0,0,0
Cagayan,2nd District,Piat,Villa Rey (San Gaspar*),PH0201520014,PH0201520,PH02015,1,8887699.77,1.00,8887699.77,2017,Small Water Impounding Project,Irrigation and Water Systems,Rice Program,Small Water Impounding Project,0,0.00,1,8887699.77,0,0.00,0,0.00,0,0.00,0,0.00,0,0.00,0,0,0,0,0,0,0,0,0,0,0,0,0,0,0,0,0,0,0,0,0,0,1,0,0,0,0,0,0,0
Cagayan,2nd District,Piat,Villa Reyno,PH0201520020,PH0201520,PH02015,3,6925000.00,1.05,2308333.33,2016,Farm-to-Market Road,Farm-to-Market Roads,Farm to Market Road Development Program,Farm-to-Market Road,3,6925000.00,0,0.00,0,0.00,0,0.00,0,0.00,0,0.00,0,0.00,0,0,0,0,0,3,0,0,0,0,0,0,0,0,0,0,0,0,0,0,0,0,0,0,0,0,0,0,0,0
Cagayan,2nd District,Piat,Warat,PH0201520015,PH0201520,PH02015,1,420559.60,1.00,420559.60,2024,Palay Shed,Postharvest and Processing,Rice Program,Palay Shed,0,0.00,0,0.00,1,420559.60,0,0.00,0,0.00,0,0.00,0,0.00,0,0,0,0,0,0,0,0,0,0,0,0,0,0,0,0,0,1,0,0,0,0,0,0,0,0,0,0,0,0
Cagayan,2nd District,Rizal,Anungu,PH0201521003,PH0201521,PH02015,1,100000.00,1.00,100000.00,2022,Gulayan sa Barangay,Food Gardens,High Value Crop Development Program,Gulayan sa Barangay,0,0.00,0,0.00,0,0.00,0,0.00,1,100000.00,0,0.00,0,0.00,0,0,0,0,0,0,0,0,0,1,0,0,0,0,0,0,0,0,0,0,0,0,0,0,0,0,0,0,0,0
Cagayan,2nd District,Rizal,Dunggan,,PH0201521,PH02015,1,1950000.00,0.27,1950000.00,2015,Farm-to-Market Road,Farm-to-Market Roads,Farm to Market Road Development Program,Farm-to-Market Road,1,1950000.00,0,0.00,0,0.00,0,0.00,0,0.00,0,0.00,0,0.00,0,0,0,0,0,1,0,0,0,0,0,0,0,0,0,0,0,0,0,0,0,0,0,0,0,0,0,0,0,0
Cagayan,2nd District,Rizal,Duyun,PH0201521009,PH0201521,PH02015,1,4842797.10,1.00,4842797.10,2015,Small Water Impounding Project,Irrigation and Water Systems,Rice Program,Small Water Impounding Project,0,0.00,1,4842797.10,0,0.00,0,0.00,0,0.00,0,0.00,0,0.00,0,0,0,0,0,0,0,0,0,0,0,0,0,0,0,0,0,0,0,0,0,0,1,0,0,0,0,0,0,0
Cagayan,2nd District,Rizal,Gaddangao,PH0201521010,PH0201521,PH02015,1,16383602.53,1.00,16383602.53,2016,Small Water Impounding Project,Irrigation and Water Systems,Rice Program,Small Water Impounding Project,0,0.00,1,16383602.53,0,0.00,0,0.00,0,0.00,0,0.00,0,0.00,0,0,0,0,0,0,0,0,0,0,0,0,0,0,0,0,0,0,0,0,0,0,1,0,0,0,0,0,0,0
Cagayan,2nd District,Rizal,Illuru Norte,PH0201521012,PH0201521,PH02015,2,0.00,2.00,0.00,2016,Diversion Dam,Irrigation and Water Systems,Rice Program,Diversion Dam,0,0.00,2,0.00,0,0.00,0,0.00,0,0.00,0,0.00,0,0.00,0,0,0,0,2,0,0,0,0,0,0,0,0,0,0,0,0,0,0,0,0,0,0,0,0,0,0,0,0,0
Cagayan,2nd District,Rizal,Illuru Sur,PH0201521029,PH0201521,PH02015,2,2090000.00,1.27,1045000.00,2022,Farm-to-Market Road,Farm-to-Market Roads,Farm to Market Road Development Program | High Value Crop Development Program,Farm-to-Market Road | Gulayan sa Barangay,1,1990000.00,0,0.00,0,0.00,0,0.00,1,100000.00,0,0.00,0,0.00,0,0,0,0,0,1,0,0,0,1,0,0,0,0,0,0,0,0,0,0,0,0,0,0,0,0,0,0,0,0
Cagayan,2nd District,Rizal,Masi (Zinundungan),PH0201521018,PH0201521,PH02015,1,100000.00,1.00,100000.00,2022,Gulayan sa Barangay,Food Gardens,High Value Crop Development Program,Gulayan sa Barangay,0,0.00,0,0.00,0,0.00,0,0.00,1,100000.00,0,0.00,0,0.00,0,0,0,0,0,0,0,0,0,1,0,0,0,0,0,0,0,0,0,0,0,0,0,0,0,0,0,0,0,0
Cagayan,2nd District,Rizal,Mauanan,PH0201521017,PH0201521,PH02015,1,1198447.80,1.00,1198447.80,2024,Mobile Solar Power Irrigation Unit,Irrigation and Water Systems,Corn Program,Mobile Solar Power Irrigation Unit,0,0.00,1,1198447.80,0,0.00,0,0.00,0,0.00,0,0.00,0,0.00,0,0,0,0,0,0,0,0,0,0,1,0,0,0,0,0,0,0,0,0,0,0,0,0,0,0,0,0,0,0
Cagayan,2nd District,Rizal,Nanauatan,PH0201521020,PH0201521,PH02015,1,1890454.58,0.31,1890454.58,2017,Farm-to-Market Road,Farm-to-Market Roads,Farm to Market Road Development Program,Farm-to-Market Road,1,1890454.58,0,0.00,0,0.00,0,0.00,0,0.00,0,0.00,0,0.00,0,0,0,0,0,1,0,0,0,0,0,0,0,0,0,0,0,0,0,0,0,0,0,0,0,0,0,0,0,0
Cagayan,2nd District,Rizal,Nanungaran,PH0201521021,PH0201521,PH02015,1,1990000.00,0.20,1990000.00,2015,Farm-to-Market Road,Farm-to-Market Roads,Farm to Market Road Development Program,Farm-to-Market Road,1,1990000.00,0,0.00,0,0.00,0,0.00,0,0.00,0,0.00,0,0.00,0,0,0,0,0,1,0,0,0,0,0,0,0,0,0,0,0,0,0,0,0,0,0,0,0,0,0,0,0,0
Cagayan,2nd District,Sanchez Mira,,,PH0201522,PH02015,1,1990000.00,0.20,1990000.00,2015,Farm-to-Market Road,Farm-to-Market Roads,Farm to Market Road Development Program,Farm-to-Market Road,1,1990000.00,0,0.00,0,0.00,0,0.00,0,0.00,0,0.00,0,0.00,0,0,0,0,0,1,0,0,0,0,0,0,0,0,0,0,0,0,0,0,0,0,0,0,0,0,0,0,0,0
Cagayan,2nd District,Sanchez Mira,Bangan,PH0201522001,PH0201522,PH02015,1,958416.57,1.00,958416.57,2021,Solar-Powered Irrigation System,Irrigation and Water Systems,National Organic Agriculture Program,Solar-Powered Irrigation System,0,0.00,1,958416.57,0,0.00,0,0.00,0,0.00,0,0.00,0,0.00,0,0,0,0,0,0,0,0,0,0,0,0,0,0,0,0,0,0,0,0,0,0,0,0,1,0,0,0,0,0
Cagayan,2nd District,Sanchez Mira,Centro I (Pob.),PH0201522003,PH0201522,PH02015,1,1990000.00,0.26,1990000.00,2016,Farm-to-Market Road,Farm-to-Market Roads,Farm to Market Road Development Program,Farm-to-Market Road,1,1990000.00,0,0.00,0,0.00,0,0.00,0,0.00,0,0.00,0,0.00,0,0,0,0,0,1,0,0,0,0,0,0,0,0,0,0,0,0,0,0,0,0,0,0,0,0,0,0,0,0
Cagayan,2nd District,Sanchez Mira,Centro II (Pob.),PH0201522004,PH0201522,PH02015,4,8064171.42,2.50,2016042.85,2019,Farm-to-Market Road,Farm-to-Market Roads,Farm to Market Road Development Program | Rice Program,Diversion Dam | Farm-to-Market Road | Small Water Impounding Project,2,3940000.00,2,4124171.42,0,0.00,0,0.00,0,0.00,0,0.00,0,0.00,0,0,0,0,1,2,0,0,0,0,0,0,0,0,0,0,0,0,0,0,0,0,1,0,0,0,0,0,0,0
Cagayan,2nd District,Sanchez Mira,Dammang,PH0201522008,PH0201522,PH02015,2,4599073.25,2.43,2299536.62,2023,Farm-to-Market Road,Farm-to-Market Roads,Farm to Market Road Development Program | National Organic Agriculture Program,Farm-to-Market Road | Greenhouse,1,2985000.00,0,0.00,0,0.00,1,1614073.25,0,0.00,0,0.00,0,0.00,0,0,0,0,0,1,0,0,1,0,0,0,0,0,0,0,0,0,0,0,0,0,0,0,0,0,0,0,0,0
Cagayan,2nd District,Sanchez Mira,Langagan,PH0201522010,PH0201522,PH02015,2,22285612.90,3.20,11142806.45,2021,Farm-to-Market Road,Farm-to-Market Roads,Farm to Market Road Development Program | Rice Program,Farm-to-Market Road | Small Water Impounding Project,1,19871816.44,1,2413796.46,0,0.00,0,0.00,0,0.00,0,0.00,0,0.00,0,0,0,0,0,1,0,0,0,0,0,0,0,0,0,0,0,0,0,0,0,0,1,0,0,0,0,0,0,0
Cagayan,2nd District,Sanchez Mira,Masisit,PH0201522013,PH0201522,PH02015,2,7534803.37,2.00,3767401.69,2022,Warehouse,Postharvest and Processing,High Value Crop Development Program | Rice Program,Gulayan sa Barangay | Warehouse,0,0.00,0,0.00,1,7434803.37,0,0.00,1,100000.00,0,0.00,0,0.00,0,0,0,0,0,0,0,0,0,1,0,0,0,0,0,0,0,0,0,0,0,0,0,0,0,0,0,0,0,1
Cagayan,2nd District,Sanchez Mira,Nagrangtayan,PH0201522014,PH0201522,PH02015,1,1990000.00,0.20,1990000.00,2015,Farm-to-Market Road,Farm-to-Market Roads,Farm to Market Road Development Program,Farm-to-Market Road,1,1990000.00,0,0.00,0,0.00,0,0.00,0,0.00,0,0.00,0,0.00,0,0,0,0,0,1,0,0,0,0,0,0,0,0,0,0,0,0,0,0,0,0,0,0,0,0,0,0,0,0
Cagayan,2nd District,Sanchez Mira,San Andres,PH0201522016,PH0201522,PH02015,1,5262267.94,1.00,5262267.94,2016,Small Water Impounding Project,Irrigation and Water Systems,Rice Program,Small Water Impounding Project,0,0.00,1,5262267.94,0,0.00,0,0.00,0,0.00,0,0.00,0,0.00,0,0,0,0,0,0,0,0,0,0,0,0,0,0,0,0,0,0,0,0,0,0,1,0,0,0,0,0,0,0
Cagayan,2nd District,Sanchez Mira,Santiago,PH0201522017,PH0201522,PH02015,1,5571834.00,1.00,5571834.00,2017,Diversion Dam,Irrigation and Water Systems,Rice Program,Diversion Dam,0,0.00,1,5571834.00,0,0.00,0,0.00,0,0.00,0,0.00,0,0.00,0,0,0,0,1,0,0,0,0,0,0,0,0,0,0,0,0,0,0,0,0,0,0,0,0,0,0,0,0,0
Cagayan,2nd District,Sanchez Mira,Santor,PH0201522018,PH0201522,PH02015,1,1990996.78,1.00,1990996.78,2023,Fertilizer Processing Center,Postharvest and Processing,National Organic Agriculture Program,Fertilizer Processing Center,0,0.00,0,0.00,1,1990996.78,0,0.00,0,0.00,0,0.00,0,0.00,0,0,0,0,0,0,1,0,0,0,0,0,0,0,0,0,0,0,0,0,0,0,0,0,0,0,0,0,0,0
Cagayan,1st District,Santa Ana,Casambalangan (Port Irene),PH0201523002,PH0201523,PH02015,1,9081990.73,1.00,9081990.73,2023,Diversion Dam,Irrigation and Water Systems,Rice Program,Diversion Dam,0,0.00,1,9081990.73,0,0.00,0,0.00,0,0.00,0,0.00,0,0.00,0,0,0,0,1,0,0,0,0,0,0,0,0,0,0,0,0,0,0,0,0,0,0,0,0,0,0,0,0,0
Cagayan,1st District,Santa Ana,Centro (Pob.),PH0201523003,PH0201523,PH02015,1,5940000.00,0.97,5940000.00,2014,Farm-to-Market Road,Farm-to-Market Roads,Farm to Market Road Development Program,Farm-to-Market Road,1,5940000.00,0,0.00,0,0.00,0,0.00,0,0.00,0,0.00,0,0.00,0,0,0,0,0,1,0,0,0,0,0,0,0,0,0,0,0,0,0,0,0,0,0,0,0,0,0,0,0,0
Cagayan,1st District,Santa Ana,Dungeg,PH0201523005,PH0201523,PH02015,2,28304943.90,6.46,14152471.95,2017,Diversion Dam,Irrigation and Water Systems,Farm to Market Road Development Program | Rice Program,Diversion Dam | Farm-to-Market Road,1,24990000.00,1,3314943.90,0,0.00,0,0.00,0,0.00,0,0.00,0,0.00,0,0,0,0,1,1,0,0,0,0,0,0,0,0,0,0,0,0,0,0,0,0,0,0,0,0,0,0,0,0
Cagayan,1st District,Santa Ana,Patunungan,PH0201523010,PH0201523,PH02015,1,2890460.81,1.00,2890460.81,2016,Diversion Dam,Irrigation and Water Systems,Rice Program,Diversion Dam,0,0.00,1,2890460.81,0,0.00,0,0.00,0,0.00,0,0.00,0,0.00,0,0,0,0,1,0,0,0,0,0,0,0,0,0,0,0,0,0,0,0,0,0,0,0,0,0,0,0,0,0
Cagayan,1st District,Santa Ana,Rapuli (Punti),PH0201523011,PH0201523,PH02015,3,8940000.00,0.80,2980000.00,2016,Farm-to-Market Road,Farm-to-Market Roads,Farm to Market Road Development Program,Farm-to-Market Road,3,8940000.00,0,0.00,0,0.00,0,0.00,0,0.00,0,0.00,0,0.00,0,0,0,0,0,3,0,0,0,0,0,0,0,0,0,0,0,0,0,0,0,0,0,0,0,0,0,0,0,0
Cagayan,1st District,Santa Ana,San Vicente (Fort),PH0201523012,PH0201523,PH02015,2,18817704.43,1.82,9408852.21,2024,Farm-to-Market Road,Farm-to-Market Roads,Farm to Market Road Development Program,Farm-to-Market Road,2,18817704.43,0,0.00,0,0.00,0,0.00,0,0.00,0,0.00,0,0.00,0,0,0,0,0,2,0,0,0,0,0,0,0,0,0,0,0,0,0,0,0,0,0,0,0,0,0,0,0,0
Cagayan,2nd District,Santa Praxedes,Centro II (Pob.),PH0201524004,PH0201524,PH02015,4,9910000.00,1.92,2477500.00,2016,Farm-to-Market Road,Farm-to-Market Roads,Farm to Market Road Development Program,Farm-to-Market Road,4,9910000.00,0,0.00,0,0.00,0,0.00,0,0.00,0,0.00,0,0.00,0,0,0,0,0,4,0,0,0,0,0,0,0,0,0,0,0,0,0,0,0,0,0,0,0,0,0,0,0,0
Cagayan,2nd District,Santa Praxedes,San Juan,PH0201524009,PH0201524,PH02015,1,2985000.00,0.33,2985000.00,2016,Farm-to-Market Road,Farm-to-Market Roads,Farm to Market Road Development Program,Farm-to-Market Road,1,2985000.00,0,0.00,0,0.00,0,0.00,0,0.00,0,0.00,0,0.00,0,0,0,0,0,1,0,0,0,0,0,0,0,0,0,0,0,0,0,0,0,0,0,0,0,0,0,0,0,0
Cagayan,1st District,Santa Teresita,Alucao,PH0201525001,PH0201525,PH02015,1,5363000.00,0.41,5363000.00,2018,Farm-to-Market Road,Farm-to-Market Roads,Farm to Market Road Development Program,Farm-to-Market Road,1,5363000.00,0,0.00,0,0.00,0,0.00,0,0.00,0,0.00,0,0.00,0,0,0,0,0,1,0,0,0,0,0,0,0,0,0,0,0,0,0,0,0,0,0,0,0,0,0,0,0,0
Cagayan,1st District,Santa Teresita,Dungeg,PH0201525004,PH0201525,PH02015,2,11436031.07,1.39,5718015.54,2018,Diversion Dam,Irrigation and Water Systems,Farm to Market Road Development Program | Rice Program,Diversion Dam | Farm-to-Market Road,1,4975000.00,1,6461031.07,0,0.00,0,0.00,0,0.00,0,0.00,0,0.00,0,0,0,0,1,1,0,0,0,0,0,0,0,0,0,0,0,0,0,0,0,0,0,0,0,0,0,0,0,0
Cagayan,1st District,Santa Teresita,Luga,PH0201525005,PH0201525,PH02015,3,8955000.00,0.67,2985000.00,2016,Farm-to-Market Road,Farm-to-Market Roads,Farm to Market Road Development Program,Farm-to-Market Road,3,8955000.00,0,0.00,0,0.00,0,0.00,0,0.00,0,0.00,0,0.00,0,0,0,0,0,3,0,0,0,0,0,0,0,0,0,0,0,0,0,0,0,0,0,0,0,0,0,0,0,0
Cagayan,1st District,Santa Teresita,Mission,PH0201525007,PH0201525,PH02015,1,19880000.00,1.33,19880000.00,2024,Farm-to-Market Road,Farm-to-Market Roads,Farm to Market Road Development Program,Farm-to-Market Road,1,19880000.00,0,0.00,0,0.00,0,0.00,0,0.00,0,0.00,0,0.00,0,0,0,0,0,1,0,0,0,0,0,0,0,0,0,0,0,0,0,0,0,0,0,0,0,0,0,0,0,0
Cagayan,2nd District,Santo Ni?o (Faire),,,PH0201526,PH02015,1,1950000.00,0.78,1950000.00,2015,Farm-to-Market Road,Farm-to-Market Roads,Farm to Market Road Development Program,Farm-to-Market Road,1,1950000.00,0,0.00,0,0.00,0,0.00,0,0.00,0,0.00,0,0.00,0,0,0,0,0,1,0,0,0,0,0,0,0,0,0,0,0,0,0,0,0,0,0,0,0,0,0,0,0,0
Cagayan,2nd District,Santo Ni?o (Faire),Abariongan Uneg,,PH0201526,PH02015,1,10000.00,1.00,10000.00,2022,School Garden,Food Gardens,High Value Crop Development Program,School Garden,0,0.00,0,0.00,0,0.00,0,0.00,1,10000.00,0,0.00,0,0.00,0,0,0,0,0,0,0,0,0,0,0,0,0,0,0,0,0,0,0,0,0,1,0,0,0,0,0,0,0,0
Cagayan,2nd District,Santo Ni?o (Faire),Balanni,,PH0201526,PH02015,1,10000.00,1.00,10000.00,2022,School Garden,Food Gardens,High Value Crop Development Program,School Garden,0,0.00,0,0.00,0,0.00,0,0.00,1,10000.00,0,0.00,0,0.00,0,0,0,0,0,0,0,0,0,0,0,0,0,0,0,0,0,0,0,0,0,1,0,0,0,0,0,0,0,0
Cagayan,2nd District,Santo Ni?o (Faire),Centro Norte (Pob.),,PH0201526,PH02015,3,1696438.14,5.00,565479.38,2024,Multi Crop Drying Pavement (MCDP),Postharvest and Processing,Corn Program | High Value Crop Development Program,Multi Crop Drying Pavement (MCDP) | Rainshelter | Solar-Powered Irrigation System,0,0.00,1,630470.45,1,712167.70,1,353799.99,0,0.00,0,0.00,0,0.00,0,0,0,0,0,0,0,0,0,0,0,0,1,0,0,0,0,0,0,1,0,0,0,0,1,0,0,0,0,0
Cagayan,2nd District,Santo Ni?o (Faire),Centro Sur (Pob.),,PH0201526,PH02015,2,593757.20,3.00,296878.60,2023,School Garden,Food Gardens,High Value Crop Development Program,Rainshelter | School Garden,0,0.00,0,0.00,0,0.00,1,583757.20,1,10000.00,0,0.00,0,0.00,0,0,0,0,0,0,0,0,0,0,0,0,0,0,0,0,0,0,0,1,0,1,0,0,0,0,0,0,0,0
Cagayan,2nd District,Santo Ni?o (Faire),Dungao,,PH0201526,PH02015,1,3980000.00,0.63,3980000.00,2014,Farm-to-Market Road,Farm-to-Market Roads,Farm to Market Road Development Program,Farm-to-Market Road,1,3980000.00,0,0.00,0,0.00,0,0.00,0,0.00,0,0.00,0,0.00,0,0,0,0,0,1,0,0,0,0,0,0,0,0,0,0,0,0,0,0,0,0,0,0,0,0,0,0,0,0
Cagayan,2nd District,Santo Ni?o (Faire),Lipatan,,PH0201526,PH02015,1,1990000.00,0.20,1990000.00,2015,Farm-to-Market Road,Farm-to-Market Roads,Farm to Market Road Development Program,Farm-to-Market Road,1,1990000.00,0,0.00,0,0.00,0,0.00,0,0.00,0,0.00,0,0.00,0,0,0,0,0,1,0,0,0,0,0,0,0,0,0,0,0,0,0,0,0,0,0,0,0,0,0,0,0,0
Cagayan,2nd District,Santo Ni?o (Faire),Mabitbitnong,,PH0201526,PH02015,1,1442814.51,1.00,1442814.51,2016,Small Water Impounding Project,Irrigation and Water Systems,Rice Program,Small Water Impounding Project,0,0.00,1,1442814.51,0,0.00,0,0.00,0,0.00,0,0.00,0,0.00,0,0,0,0,0,0,0,0,0,0,0,0,0,0,0,0,0,0,0,0,0,0,1,0,0,0,0,0,0,0
Cagayan,2nd District,Santo Ni?o (Faire),Namuccayan,,PH0201526,PH02015,2,5790292.47,2.00,2895146.23,2022,School Garden,Food Gardens,High Value Crop Development Program | Rice Program,School Garden | Solar-Powered Irrigation System,0,0.00,1,5780292.47,0,0.00,0,0.00,1,10000.00,0,0.00,0,0.00,0,0,0,0,0,0,0,0,0,0,0,0,0,0,0,0,0,0,0,0,0,1,0,0,1,0,0,0,0,0
Cagayan,2nd District,Santo Ni?o (Faire),Niug Norte,,PH0201526,PH02015,1,100000.00,1.00,100000.00,2022,Gulayan sa Barangay,Food Gardens,High Value Crop Development Program,Gulayan sa Barangay,0,0.00,0,0.00,0,0.00,0,0.00,1,100000.00,0,0.00,0,0.00,0,0,0,0,0,0,0,0,0,1,0,0,0,0,0,0,0,0,0,0,0,0,0,0,0,0,0,0,0,0
Cagayan,2nd District,Santo Ni?o (Faire),San Manuel,,PH0201526,PH02015,1,9134365.07,1.00,9134365.07,2016,Small Water Impounding Project,Irrigation and Water Systems,Rice Program,Small Water Impounding Project,0,0.00,1,9134365.07,0,0.00,0,0.00,0,0.00,0,0.00,0,0.00,0,0,0,0,0,0,0,0,0,0,0,0,0,0,0,0,0,0,0,0,0,0,1,0,0,0,0,0,0,0
Cagayan,2nd District,Santo Ni?o (Faire),Santa Maria,,PH0201526,PH02015,1,10000.00,1.00,10000.00,2022,School Garden,Food Gardens,High Value Crop Development Program,School Garden,0,0.00,0,0.00,0,0.00,0,0.00,1,10000.00,0,0.00,0,0.00,0,0,0,0,0,0,0,0,0,0,0,0,0,0,0,0,0,0,0,0,0,1,0,0,0,0,0,0,0,0
Cagayan,2nd District,Santo Ni?o (Faire),Sidiran,,PH0201526,PH02015,1,2774377.75,1.00,2774377.75,2017,Small Water Impounding Project,Irrigation and Water Systems,Rice Program,Small Water Impounding Project,0,0.00,1,2774377.75,0,0.00,0,0.00,0,0.00,0,0.00,0,0.00,0,0,0,0,0,0,0,0,0,0,0,0,0,0,0,0,0,0,0,0,0,0,1,0,0,0,0,0,0,0
Cagayan,3rd District,Solana,Andarayan North,PH0201527001,PH0201527,PH02015,3,6865969.47,1.70,2288656.49,2022,Farm-to-Market Road,Farm-to-Market Roads,Farm to Market Road Development Program | High Value Crop Development Program,Farm-to-Market Road | School Garden,2,6855969.47,0,0.00,0,0.00,0,0.00,1,10000.00,0,0.00,0,0.00,0,0,0,0,0,2,0,0,0,0,0,0,0,0,0,0,0,0,0,0,0,1,0,0,0,0,0,0,0,0
Cagayan,3rd District,Solana,Bangag,PH0201527003,PH0201527,PH02015,1,441462.40,1.00,441462.40,2024,Palay Shed,Postharvest and Processing,Rice Program,Palay Shed,0,0.00,0,0.00,1,441462.40,0,0.00,0,0.00,0,0.00,0,0.00,0,0,0,0,0,0,0,0,0,0,0,0,0,0,0,0,0,1,0,0,0,0,0,0,0,0,0,0,0,0
Cagayan,3rd District,Solana,Bauan East,PH0201527006,PH0201527,PH02015,1,4726224.26,0.55,4726224.26,2017,Farm-to-Market Road,Farm-to-Market Roads,Farm to Market Road Development Program,Farm-to-Market Road,1,4726224.26,0,0.00,0,0.00,0,0.00,0,0.00,0,0.00,0,0.00,0,0,0,0,0,1,0,0,0,0,0,0,0,0,0,0,0,0,0,0,0,0,0,0,0,0,0,0,0,0
Cagayan,3rd District,Solana,Cadaanan,PH0201527007,PH0201527,PH02015,1,5014565.60,1.00,5014565.60,2017,Small Water Impounding Project,Irrigation and Water Systems,Rice Program,Small Water Impounding Project,0,0.00,1,5014565.60,0,0.00,0,0.00,0,0.00,0,0.00,0,0.00,0,0,0,0,0,0,0,0,0,0,0,0,0,0,0,0,0,0,0,0,0,0,1,0,0,0,0,0,0,0
Cagayan,3rd District,Solana,Calillauan,PH0201527040,PH0201527,PH02015,1,10000.00,1.00,10000.00,2022,School Garden,Food Gardens,High Value Crop Development Program,School Garden,0,0.00,0,0.00,0,0.00,0,0.00,1,10000.00,0,0.00,0,0.00,0,0,0,0,0,0,0,0,0,0,0,0,0,0,0,0,0,0,0,0,0,1,0,0,0,0,0,0,0,0
Cagayan,3rd District,Solana,Carilucud,PH0201527009,PH0201527,PH02015,7,20005903.04,5.76,2857986.15,2022,Farm-to-Market Road,Irrigation and Water Systems,Farm to Market Road Development Program | High Value Crop Development Program | Rice Program,Farm-to-Market Road | School Garden | Solar-Powered Fertigation System (8) | Solar-Powered Irrigation System,3,15921900.00,3,4074003.04,0,0.00,0,0.00,1,10000.00,0,0.00,0,0.00,0,0,0,0,0,3,0,0,0,0,0,0,0,0,0,0,0,0,0,0,0,1,0,2,1,0,0,0,0,0
Cagayan,3rd District,Solana,Centro Northeast (Pob.),PH0201527011,PH0201527,PH02015,1,298085.50,1.00,298085.50,2017,Greenhouse,Protected Cultivation and Nurseries,National Organic Agriculture Program,Greenhouse,0,0.00,0,0.00,0,0.00,1,298085.50,0,0.00,0,0.00,0,0.00,0,0,0,0,0,0,0,0,1,0,0,0,0,0,0,0,0,0,0,0,0,0,0,0,0,0,0,0,0,0
Cagayan,3rd District,Solana,Dassun,PH0201527033,PH0201527,PH02015,2,11940000.00,1.49,5970000.00,2016,Farm-to-Market Road,Farm-to-Market Roads,Farm to Market Road Development Program,Farm-to-Market Road,2,11940000.00,0,0.00,0,0.00,0,0.00,0,0.00,0,0.00,0,0.00,0,0,0,0,0,2,0,0,0,0,0,0,0,0,0,0,0,0,0,0,0,0,0,0,0,0,0,0,0,0
Cagayan,3rd District,Solana,Gadu,PH0201527035,PH0201527,PH02015,1,458351.28,1.00,458351.28,2021,Multi-Purpose Drying Pavement,Postharvest and Processing,Rice Program,Multi-Purpose Drying Pavement,0,0.00,0,0.00,1,458351.28,0,0.00,0,0.00,0,0.00,0,0.00,0,0,0,0,0,0,0,0,0,0,0,0,0,1,0,0,0,0,0,0,0,0,0,0,0,0,0,0,0,0
Cagayan,3rd District,Solana,Gen. Eulogio Balao,PH0201527041,PH0201527,PH02015,3,14810287.19,1.91,4936762.40,2024,Farm-to-Market Road,Farm-to-Market Roads,Farm to Market Road Development Program | Rice Program,Diversion Dam | Farm-to-Market Road,2,11900179.66,1,2910107.53,0,0.00,0,0.00,0,0.00,0,0.00,0,0.00,0,0,0,0,1,2,0,0,0,0,0,0,0,0,0,0,0,0,0,0,0,0,0,0,0,0,0,0,0,0
Cagayan,3rd District,Solana,Iraga,PH0201527036,PH0201527,PH02015,7,81251145.37,7.96,11607306.48,2023,Farm-to-Market Road,Farm-to-Market Roads,Farm to Market Road Development Program | High Value Crop Development Program | Rice Program,Farm-to-Market Road | Gulayan sa Barangay | School Garden | Small Water Impounding Project,4,54623564.62,1,26517580.75,0,0.00,0,0.00,2,110000.00,0,0.00,0,0.00,0,0,0,0,0,4,0,0,0,1,0,0,0,0,0,0,0,0,0,0,0,1,1,0,0,0,0,0,0,0
Cagayan,3rd District,Solana,Lannig,PH0201527002,PH0201527,PH02015,2,9949500.00,0.94,4974750.00,2015,Farm-to-Market Road,Farm-to-Market Roads,Farm to Market Road Development Program,Farm-to-Market Road,2,9949500.00,0,0.00,0,0.00,0,0.00,0,0.00,0,0.00,0,0.00,0,0,0,0,0,2,0,0,0,0,0,0,0,0,0,0,0,0,0,0,0,0,0,0,0,0,0,0,0,0
Cagayan,3rd District,Solana,Lingu,PH0201527016,PH0201527,PH02015,1,6965333.02,1.00,6965333.02,2021,Warehouse,Postharvest and Processing,Rice Program,Warehouse,0,0.00,0,0.00,1,6965333.02,0,0.00,0,0.00,0,0.00,0,0.00,0,0,0,0,0,0,0,0,0,0,0,0,0,0,0,0,0,0,0,0,0,0,0,0,0,0,0,0,0,1
Cagayan,3rd District,Solana,Maddarulug (Santo Domingo),PH0201527026,PH0201527,PH02015,1,10000.00,1.00,10000.00,2022,School Garden,Food Gardens,High Value Crop Development Program,School Garden,0,0.00,0,0.00,0,0.00,0,0.00,1,10000.00,0,0.00,0,0.00,0,0,0,0,0,0,0,0,0,0,0,0,0,0,0,0,0,0,0,0,0,1,0,0,0,0,0,0,0,0
Cagayan,3rd District,Solana,Maguirig,PH0201527017,PH0201527,PH02015,3,9749981.71,1.06,3249993.90,2017,Farm-to-Market Road,Farm-to-Market Roads,Farm to Market Road Development Program,Farm-to-Market Road,3,9749981.71,0,0.00,0,0.00,0,0.00,0,0.00,0,0.00,0,0.00,0,0,0,0,0,3,0,0,0,0,0,0,0,0,0,0,0,0,0,0,0,0,0,0,0,0,0,0,0,0
Cagayan,3rd District,Solana,Nabbotuan,PH0201527018,PH0201527,PH02015,2,5471275.00,1.43,2735637.50,2016,Farm-to-Market Road,Farm-to-Market Roads,Farm to Market Road Development Program | Rice Program,Diversion Dam | Farm-to-Market Road,1,2985000.00,1,2486275.00,0,0.00,0,0.00,0,0.00,0,0.00,0,0.00,0,0,0,0,1,1,0,0,0,0,0,0,0,0,0,0,0,0,0,0,0,0,0,0,0,0,0,0,0,0
Cagayan,3rd District,Solana,Padul,PH0201527021,PH0201527,PH02015,1,1889943.20,0.27,1889943.20,2017,Farm-to-Market Road,Farm-to-Market Roads,Farm to Market Road Development Program,Farm-to-Market Road,1,1889943.20,0,0.00,0,0.00,0,0.00,0,0.00,0,0.00,0,0.00,0,0,0,0,0,1,0,0,0,0,0,0,0,0,0,0,0,0,0,0,0,0,0,0,0,0,0,0,0,0
Cagayan,3rd District,Solana,Parug-parug,PH0201527023,PH0201527,PH02015,2,1606871.76,2.00,803435.88,2022,School Garden,Food Gardens,High Value Crop Development Program | Rice Program,Diversion Dam | School Garden,0,0.00,1,1596871.76,0,0.00,0,0.00,1,10000.00,0,0.00,0,0.00,0,0,0,0,1,0,0,0,0,0,0,0,0,0,0,0,0,0,0,0,0,1,0,0,0,0,0,0,0,0
Cagayan,3rd District,Solana,Sampaguita,PH0201527025,PH0201527,PH02015,5,5947025.00,3.53,1189405.00,2023,Farm-to-Market Road,Protected Cultivation and Nurseries,Farm to Market Road Development Program | National Urban and Peri-Urban Agriculture Program | Rice Program,Farm-to-Market Road | Greenhouse | Mushroom Fruiting House | Rabbit Housing | Rice Processing Center,1,4727025.00,0,0.00,1,0.00,2,1100000.00,0,0.00,1,120000.00,0,0.00,0,0,0,0,0,1,0,0,1,0,0,0,0,0,1,0,0,0,1,0,1,0,0,0,0,0,0,0,0,0
Cagayan,3rd District,Solana,Ubong,PH0201527030,PH0201527,PH02015,3,10944327.06,3.00,3648109.02,2022,Warehouse,Postharvest and Processing,Rice Program,Diversion Dam | Multi-Purpose Drying Pavement | Warehouse,0,0.00,1,2334136.85,2,8610190.21,0,0.00,0,0.00,0,0.00,0,0.00,0,0,0,0,1,0,0,0,0,0,0,0,0,1,0,0,0,0,0,0,0,0,0,0,0,0,0,0,0,1
Cagayan,3rd District,Solana,Ubong;Andarayan North,,PH0201527,PH02015,1,14770621.45,1.25,14770621.45,2023,Farm-to-Market Road,Farm-to-Market Roads,Farm to Market Road Development Program,Farm-to-Market Road,1,14770621.45,0,0.00,0,0.00,0,0.00,0,0.00,0,0.00,0,0.00,0,0,0,0,0,1,0,0,0,0,0,0,0,0,0,0,0,0,0,0,0,0,0,0,0,0,0,0,0,0
Cagayan,3rd District,Tuao,,,PH0201528,PH02015,1,4974500.00,0.34,4974500.00,2015,Farm-to-Market Road,Farm-to-Market Roads,Farm to Market Road Development Program,Farm-to-Market Road,1,4974500.00,0,0.00,0,0.00,0,0.00,0,0.00,0,0.00,0,0.00,0,0,0,0,0,1,0,0,0,0,0,0,0,0,0,0,0,0,0,0,0,0,0,0,0,0,0,0,0,0
Cagayan,3rd District,Tuao,Alabug,PH0201528003,PH0201528,PH02015,1,10000.00,1.00,10000.00,2022,School Garden,Food Gardens,High Value Crop Development Program,School Garden,0,0.00,0,0.00,0,0.00,0,0.00,1,10000.00,0,0.00,0,0.00,0,0,0,0,0,0,0,0,0,0,0,0,0,0,0,0,0,0,0,0,0,1,0,0,0,0,0,0,0,0
Cagayan,3rd District,Tuao,Angang,PH0201528004,PH0201528,PH02015,1,10000.00,1.00,10000.00,2022,School Garden,Food Gardens,High Value Crop Development Program,School Garden,0,0.00,0,0.00,0,0.00,0,0.00,1,10000.00,0,0.00,0,0.00,0,0,0,0,0,0,0,0,0,0,0,0,0,0,0,0,0,0,0,0,0,1,0,0,0,0,0,0,0,0
Cagayan,3rd District,Tuao,Balagao,,PH0201528,PH02015,4,6573573.27,4.00,1643393.32,2023,School Garden,Food Gardens,High Value Crop Development Program | National Urban and Peri-Urban Agriculture Program | Rice Program,Diversion Dam | Mushroom Fruiting House | Rabbit Housing | School Garden,0,0.00,1,6203042.50,0,0.00,1,150591.42,1,10000.00,1,209939.35,0,0.00,0,0,0,0,1,0,0,0,0,0,0,0,0,0,1,0,0,0,1,0,0,1,0,0,0,0,0,0,0,0
Cagayan,3rd District,Tuao,Battung,PH0201528007,PH0201528,PH02015,1,10000.00,1.00,10000.00,2022,School Garden,Food Gardens,High Value Crop Development Program,School Garden,0,0.00,0,0.00,0,0.00,0,0.00,1,10000.00,0,0.00,0,0.00,0,0,0,0,0,0,0,0,0,0,0,0,0,0,0,0,0,0,0,0,0,1,0,0,0,0,0,0,0,0
Cagayan,3rd District,Tuao,Bicok,PH0201528008,PH0201528,PH02015,1,4849940.00,0.54,4849940.00,2019,Farm-to-Market Road,Farm-to-Market Roads,Farm to Market Road Development Program,Farm-to-Market Road,1,4849940.00,0,0.00,0,0.00,0,0.00,0,0.00,0,0.00,0,0.00,0,0,0,0,0,1,0,0,0,0,0,0,0,0,0,0,0,0,0,0,0,0,0,0,0,0,0,0,0,0
Cagayan,3rd District,Tuao,Culong,,PH0201528,PH02015,2,207216.58,2.00,103608.29,2022,School Garden,Food Gardens,High Value Crop Development Program | National Organic Agriculture Program,Greenhouse | School Garden,0,0.00,0,0.00,0,0.00,1,197216.58,1,10000.00,0,0.00,0,0.00,0,0,0,0,0,0,0,0,1,0,0,0,0,0,0,0,0,0,0,0,0,1,0,0,0,0,0,0,0,0
Cagayan,3rd District,Tuao,Lakambini,PH0201528016,PH0201528,PH02015,2,36217734.17,1.87,18108867.09,2016,Farm-to-Market Road,Farm-to-Market Roads,Farm to Market Road Development Program | Rice Program,Farm-to-Market Road | Small Water Impounding Project,1,19900000.00,1,16317734.17,0,0.00,0,0.00,0,0.00,0,0.00,0,0.00,0,0,0,0,0,1,0,0,0,0,0,0,0,0,0,0,0,0,0,0,0,0,1,0,0,0,0,0,0,0
Cagayan,3rd District,Tuao,Lallayug,PH0201528017,PH0201528,PH02015,1,10000.00,1.00,10000.00,2022,School Garden,Food Gardens,High Value Crop Development Program,School Garden,0,0.00,0,0.00,0,0.00,0,0.00,1,10000.00,0,0.00,0,0.00,0,0,0,0,0,0,0,0,0,0,0,0,0,0,0,0,0,0,0,0,0,1,0,0,0,0,0,0,0,0
Cagayan,3rd District,Tuao,Malumin,,PH0201528,PH02015,2,676351.41,2.00,338175.71,2024,Multi Crop Drying Pavement (MCDP),Postharvest and Processing,Corn Program | High Value Crop Development Program,Multi Crop Drying Pavement (MCDP) | School Garden,0,0.00,0,0.00,1,666351.41,0,0.00,1,10000.00,0,0.00,0,0.00,0,0,0,0,0,0,0,0,0,0,0,0,1,0,0,0,0,0,0,0,0,1,0,0,0,0,0,0,0,0
Cagayan,3rd District,Tuao,Palca,PH0201528024,PH0201528,PH02015,2,39900000.00,4.06,19950000.00,2015,Farm-to-Market Road,Farm-to-Market Roads,Farm to Market Road Development Program,Farm-to-Market Road,2,39900000.00,0,0.00,0,0.00,0,0.00,0,0.00,0,0.00,0,0.00,0,0,0,0,0,2,0,0,0,0,0,0,0,0,0,0,0,0,0,0,0,0,0,0,0,0,0,0,0,0
Cagayan,3rd District,Tuao,Pata,PH0201528025,PH0201528,PH02015,1,10000.00,1.00,10000.00,2022,School Garden,Food Gardens,High Value Crop Development Program,School Garden,0,0.00,0,0.00,0,0.00,0,0.00,1,10000.00,0,0.00,0,0.00,0,0,0,0,0,0,0,0,0,0,0,0,0,0,0,0,0,0,0,0,0,1,0,0,0,0,0,0,0,0
Cagayan,3rd District,Tuao,San Juan,PH0201528026,PH0201528,PH02015,1,10000.00,1.00,10000.00,2022,School Garden,Food Gardens,High Value Crop Development Program,School Garden,0,0.00,0,0.00,0,0.00,0,0.00,1,10000.00,0,0.00,0,0.00,0,0,0,0,0,0,0,0,0,0,0,0,0,0,0,0,0,0,0,0,0,1,0,0,0,0,0,0,0,0
Cagayan,3rd District,Tuao,San Luis (Gurengad),PH0201528027,PH0201528,PH02015,1,100000.00,1.00,100000.00,2022,Gulayan sa Barangay,Food Gardens,High Value Crop Development Program,Gulayan sa Barangay,0,0.00,0,0.00,0,0.00,0,0.00,1,100000.00,0,0.00,0,0.00,0,0,0,0,0,0,0,0,0,1,0,0,0,0,0,0,0,0,0,0,0,0,0,0,0,0,0,0,0,0
Cagayan,3rd District,Tuao,San Vicente (Maleg),PH0201528021,PH0201528,PH02015,1,2985000.00,0.46,2985000.00,2016,Farm-to-Market Road,Farm-to-Market Roads,Farm to Market Road Development Program,Farm-to-Market Road,1,2985000.00,0,0.00,0,0.00,0,0.00,0,0.00,0,0.00,0,0.00,0,0,0,0,0,1,0,0,0,0,0,0,0,0,0,0,0,0,0,0,0,0,0,0,0,0,0,0,0,0
Cagayan,3rd District,Tuao,Villalaida,PH0201528030,PH0201528,PH02015,1,10000.00,1.00,10000.00,2022,School Garden,Food Gardens,High Value Crop Development Program,School Garden,0,0.00,0,0.00,0,0.00,0,0.00,1,10000.00,0,0.00,0,0.00,0,0,0,0,0,0,0,0,0,0,0,0,0,0,0,0,0,0,0,0,0,1,0,0,0,0,0,0,0,0
Cagayan,3rd District,Tuguegarao City (Capital),Dadda,PH0201529042,PH0201529,PH02015,1,4975000.00,0.52,4975000.00,2016,Farm-to-Market Road,Farm-to-Market Roads,Farm to Market Road Development Program,Farm-to-Market Road,1,4975000.00,0,0.00,0,0.00,0,0.00,0,0.00,0,0.00,0,0.00,0,0,0,0,0,1,0,0,0,0,0,0,0,0,0,0,0,0,0,0,0,0,0,0,0,0,0,0,0,0
Cagayan,3rd District,Tuguegarao City (Capital),Larion Bajo,PH0201529025,PH0201529,PH02015,2,6865634.51,0.70,3432817.25,2019,Farm-to-Market Road,Farm-to-Market Roads,Farm to Market Road Development Program,Farm-to-Market Road,2,6865634.51,0,0.00,0,0.00,0,0.00,0,0.00,0,0.00,0,0.00,0,0,0,0,0,2,0,0,0,0,0,0,0,0,0,0,0,0,0,0,0,0,0,0,0,0,0,0,0,0
Cagayan,3rd District,Tuguegarao City (Capital),Tagga,PH0201529032,PH0201529,PH02015,1,9950000.00,1.38,9950000.00,2014,Farm-to-Market Road,Farm-to-Market Roads,Farm to Market Road Development Program,Farm-to-Market Road,1,9950000.00,0,0.00,0,0.00,0,0.00,0,0.00,0,0.00,0,0.00,0,0,0,0,0,1,0,0,0,0,0,0,0,0,0,0,0,0,0,0,0,0,0,0,0,0,0,0,0,0
Isabela,3rd District,Alicia,,,PH0203101,PH02031,1,9950000.00,1.77,9950000.00,2014,Farm-to-Market Road,Farm-to-Market Roads,Farm to Market Road Development Program,Farm-to-Market Road,1,9950000.00,0,0.00,0,0.00,0,0.00,0,0.00,0,0.00,0,0.00,0,0,0,0,0,1,0,0,0,0,0,0,0,0,0,0,0,0,0,0,0,0,0,0,0,0,0,0,0,0
Isabela,3rd District,Alicia,Bantug-Petines,PH0203101007,PH0203101,PH02031,1,10000.00,1.00,10000.00,2022,School Garden,Food Gardens,High Value Crop Development Program,School Garden,0,0.00,0,0.00,0,0.00,0,0.00,1,10000.00,0,0.00,0,0.00,0,0,0,0,0,0,0,0,0,0,0,0,0,0,0,0,0,0,0,0,0,1,0,0,0,0,0,0,0,0
Isabela,3rd District,Alicia,Bonifacio,PH0203101008,PH0203101,PH02031,1,4677731.60,0.72,4677731.60,2017,Farm-to-Market Road,Farm-to-Market Roads,Farm to Market Road Development Program,Farm-to-Market Road,1,4677731.60,0,0.00,0,0.00,0,0.00,0,0.00,0,0.00,0,0.00,0,0,0,0,0,1,0,0,0,0,0,0,0,0,0,0,0,0,0,0,0,0,0,0,0,0,0,0,0,0
Isabela,3rd District,Alicia,Dagupan,PH0203101012,PH0203101,PH02031,1,14849997.45,2.52,14849997.45,2018,Farm-to-Market Road,Farm-to-Market Roads,Farm to Market Road Development Program,Farm-to-Market Road,1,14849997.45,0,0.00,0,0.00,0,0.00,0,0.00,0,0.00,0,0.00,0,0,0,0,0,1,0,0,0,0,0,0,0,0,0,0,0,0,0,0,0,0,0,0,0,0,0,0,0,0
Isabela,3rd District,Alicia,Inanama,PH0203101013,PH0203101,PH02031,1,10000.00,1.00,10000.00,2022,School Garden,Food Gardens,High Value Crop Development Program,School Garden,0,0.00,0,0.00,0,0.00,0,0.00,1,10000.00,0,0.00,0,0.00,0,0,0,0,0,0,0,0,0,0,0,0,0,0,0,0,0,0,0,0,0,1,0,0,0,0,0,0,0,0
Isabela,3rd District,Alicia,Linglingay,PH0203101014,PH0203101,PH02031,2,4712069.97,1.40,2356034.98,2022,Farm-to-Market Road,Farm-to-Market Roads,Farm to Market Road Development Program | High Value Crop Development Program,Farm-to-Market Road | School Garden,1,4702069.97,0,0.00,0,0.00,0,0.00,1,10000.00,0,0.00,0,0.00,0,0,0,0,0,1,0,0,0,0,0,0,0,0,0,0,0,0,0,0,0,1,0,0,0,0,0,0,0,0
Isabela,3rd District,Alicia,M.H. del Pilar,PH0203101015,PH0203101,PH02031,1,11929980.22,1.00,11929980.22,2023,Farm-to-Market Road,Farm-to-Market Roads,Farm to Market Road Development Program,Farm-to-Market Road,1,11929980.22,0,0.00,0,0.00,0,0.00,0,0.00,0,0.00,0,0.00,0,0,0,0,0,1,0,0,0,0,0,0,0,0,0,0,0,0,0,0,0,0,0,0,0,0,0,0,0,0
Isabela,3rd District,Alicia,Paddad,PH0203101019,PH0203101,PH02031,1,10000.00,1.00,10000.00,2022,School Garden,Food Gardens,High Value Crop Development Program,School Garden,0,0.00,0,0.00,0,0.00,0,0.00,1,10000.00,0,0.00,0,0.00,0,0,0,0,0,0,0,0,0,0,0,0,0,0,0,0,0,0,0,0,0,1,0,0,0,0,0,0,0,0
Isabela,3rd District,Alicia,Rizal,PH0203101020,PH0203101,PH02031,2,9939946.79,0.83,4969973.39,2023,Farm-to-Market Road,Farm-to-Market Roads,Farm to Market Road Development Program | Rice Program,Farm-to-Market Road | Rice Processing Center,1,9939946.79,0,0.00,1,0.00,0,0.00,0,0.00,0,0.00,0,0.00,0,0,0,0,0,1,0,0,0,0,0,0,0,0,0,0,0,0,0,0,1,0,0,0,0,0,0,0,0,0
Isabela,3rd District,Alicia,Rizaluna,PH0203101021,PH0203101,PH02031,1,9751569.77,0.77,9751569.77,2020,Farm-to-Market Road,Farm-to-Market Roads,Farm to Market Road Development Program,Farm-to-Market Road,1,9751569.77,0,0.00,0,0.00,0,0.00,0,0.00,0,0.00,0,0.00,0,0,0,0,0,1,0,0,0,0,0,0,0,0,0,0,0,0,0,0,0,0,0,0,0,0,0,0,0,0
Isabela,3rd District,Alicia,Salvacion,PH0203101022,PH0203101,PH02031,2,18760646.76,2.60,9380323.38,2019,Farm-to-Market Road,Farm-to-Market Roads,Farm to Market Road Development Program,Farm-to-Market Road,2,18760646.76,0,0.00,0,0.00,0,0.00,0,0.00,0,0.00,0,0.00,0,0,0,0,0,2,0,0,0,0,0,0,0,0,0,0,0,0,0,0,0,0,0,0,0,0,0,0,0,0
Isabela,3rd District,Alicia,San Fernando,PH0203101024,PH0203101,PH02031,2,9756519.43,2.17,4878259.71,2022,Farm-to-Market Road,Farm-to-Market Roads,Farm to Market Road Development Program | High Value Crop Development Program,Farm-to-Market Road | School Garden,1,9746519.43,0,0.00,0,0.00,0,0.00,1,10000.00,0,0.00,0,0.00,0,0,0,0,0,1,0,0,0,0,0,0,0,0,0,0,0,0,0,0,0,1,0,0,0,0,0,0,0,0
Isabela,3rd District,Alicia,San Pablo;Salvacion,,PH0203101,PH02031,1,15478013.78,1.32,15478013.78,2021,Farm-to-Market Road,Farm-to-Market Roads,Farm to Market Road Development Program,Farm-to-Market Road,1,15478013.78,0,0.00,0,0.00,0,0.00,0,0.00,0,0.00,0,0.00,0,0,0,0,0,1,0,0,0,0,0,0,0,0,0,0,0,0,0,0,0,0,0,0,0,0,0,0,0,0
Isabela,3rd District,Alicia,San Pedro,PH0203101028,PH0203101,PH02031,1,19900000.00,3.62,19900000.00,2014,Farm-to-Market Road,Farm-to-Market Roads,Farm to Market Road Development Program,Farm-to-Market Road,1,19900000.00,0,0.00,0,0.00,0,0.00,0,0.00,0,0.00,0,0.00,0,0,0,0,0,1,0,0,0,0,0,0,0,0,0,0,0,0,0,0,0,0,0,0,0,0,0,0,0,0
Isabela,3rd District,Alicia,Santa Maria,PH0203101030,PH0203101,PH02031,1,10000.00,1.00,10000.00,2022,School Garden,Food Gardens,High Value Crop Development Program,School Garden,0,0.00,0,0.00,0,0.00,0,0.00,1,10000.00,0,0.00,0,0.00,0,0,0,0,0,0,0,0,0,0,0,0,0,0,0,0,0,0,0,0,0,1,0,0,0,0,0,0,0,0
Isabela,3rd District,Angadanan,,,PH0203102,PH02031,1,9949900.00,1.38,9949900.00,2015,Farm-to-Market Road,Farm-to-Market Roads,Farm to Market Road Development Program,Farm-to-Market Road,1,9949900.00,0,0.00,0,0.00,0,0.00,0,0.00,0,0.00,0,0.00,0,0,0,0,0,1,0,0,0,0,0,0,0,0,0,0,0,0,0,0,0,0,0,0,0,0,0,0,0,0
Isabela,3rd District,Angadanan,Bannawag,PH0203102004,PH0203102,PH02031,3,202237742.34,3.82,67412580.78,2021,Farm-to-Market Road,Farm-to-Market Roads,Corn Program | Farm to Market Road Development Program,Farm-to-Market Road | Multi-Purpose Drying Pavement,2,24504095.59,0,0.00,1,177733646.75,0,0.00,0,0.00,0,0.00,0,0.00,0,0,0,0,0,2,0,0,0,0,0,0,0,1,0,0,0,0,0,0,0,0,0,0,0,0,0,0,0,0
Isabela,3rd District,Angadanan,Barangcuag,PH0203102006,PH0203102,PH02031,1,4975000.00,1.50,4975000.00,2018,Farm-to-Market Road,Farm-to-Market Roads,Farm to Market Road Development Program,Farm-to-Market Road,1,4975000.00,0,0.00,0,0.00,0,0.00,0,0.00,0,0.00,0,0.00,0,0,0,0,0,1,0,0,0,0,0,0,0,0,0,0,0,0,0,0,0,0,0,0,0,0,0,0,0,0
Isabela,3rd District,Angadanan,Bonifacio,PH0203102008,PH0203102,PH02031,1,5939995.86,0.89,5939995.86,2018,Farm-to-Market Road,Farm-to-Market Roads,Farm to Market Road Development Program,Farm-to-Market Road,1,5939995.86,0,0.00,0,0.00,0,0.00,0,0.00,0,0.00,0,0.00,0,0,0,0,0,1,0,0,0,0,0,0,0,0,0,0,0,0,0,0,0,0,0,0,0,0,0,0,0,0
Isabela,3rd District,Angadanan,Buenavista,PH0203102009,PH0203102,PH02031,2,7010000.00,1.70,3505000.00,2022,School Garden,Food Gardens,Farm to Market Road Development Program | High Value Crop Development Program,Farm-to-Market Road | School Garden,1,7000000.00,0,0.00,0,0.00,0,0.00,1,10000.00,0,0.00,0,0.00,0,0,0,0,0,1,0,0,0,0,0,0,0,0,0,0,0,0,0,0,0,1,0,0,0,0,0,0,0,0
Isabela,3rd District,Angadanan,Bunnay,PH0203102010,PH0203102,PH02031,3,32732000.00,5.14,10910666.67,2016,Farm-to-Market Road,Farm-to-Market Roads,Farm to Market Road Development Program,Farm-to-Market Road,3,32732000.00,0,0.00,0,0.00,0,0.00,0,0.00,0,0.00,0,0.00,0,0,0,0,0,3,0,0,0,0,0,0,0,0,0,0,0,0,0,0,0,0,0,0,0,0,0,0,0,0
Isabela,3rd District,Angadanan,Dipaluda;Duroc;Lourdes (El Esca?o),,PH0203102,PH02031,1,19799974.75,2.71,19799974.75,2021,Farm-to-Market Road,Farm-to-Market Roads,Farm to Market Road Development Program,Farm-to-Market Road,1,19799974.75,0,0.00,0,0.00,0,0.00,0,0.00,0,0.00,0,0.00,0,0,0,0,0,1,0,0,0,0,0,0,0,0,0,0,0,0,0,0,0,0,0,0,0,0,0,0,0,0
Isabela,3rd District,Angadanan,Fugaru,PH0203102028,PH0203102,PH02031,1,10000.00,1.00,10000.00,2022,School Garden,Food Gardens,High Value Crop Development Program,School Garden,0,0.00,0,0.00,0,0.00,0,0.00,1,10000.00,0,0.00,0,0.00,0,0,0,0,0,0,0,0,0,0,0,0,0,0,0,0,0,0,0,0,0,1,0,0,0,0,0,0,0,0
Isabela,3rd District,Angadanan,Liwliwa,PH0203102029,PH0203102,PH02031,1,11879984.91,3.40,11879984.91,2018,Farm-to-Market Road,Farm-to-Market Roads,Farm to Market Road Development Program,Farm-to-Market Road,1,11879984.91,0,0.00,0,0.00,0,0.00,0,0.00,0,0.00,0,0.00,0,0,0,0,0,1,0,0,0,0,0,0,0,0,0,0,0,0,0,0,0,0,0,0,0,0,0,0,0,0
Isabela,3rd District,Angadanan,Loria,PH0203102034,PH0203102,PH02031,1,10000.00,1.00,10000.00,2022,School Garden,Food Gardens,High Value Crop Development Program,School Garden,0,0.00,0,0.00,0,0.00,0,0.00,1,10000.00,0,0.00,0,0.00,0,0,0,0,0,0,0,0,0,0,0,0,0,0,0,0,0,0,0,0,0,1,0,0,0,0,0,0,0,0
Isabela,3rd District,Angadanan,Pissay,PH0203102043,PH0203102,PH02031,1,7980000.00,0.90,7980000.00,2015,Farm-to-Market Road,Farm-to-Market Roads,Farm to Market Road Development Program,Farm-to-Market Road,1,7980000.00,0,0.00,0,0.00,0,0.00,0,0.00,0,0.00,0,0.00,0,0,0,0,0,1,0,0,0,0,0,0,0,0,0,0,0,0,0,0,0,0,0,0,0,0,0,0,0,0
Isabela,3rd District,Angadanan,Ramona,PH0203102044,PH0203102,PH02031,1,9950000.00,2.10,9950000.00,2014,Farm-to-Market Road,Farm-to-Market Roads,Farm to Market Road Development Program,Farm-to-Market Road,1,9950000.00,0,0.00,0,0.00,0,0.00,0,0.00,0,0.00,0,0.00,0,0,0,0,0,1,0,0,0,0,0,0,0,0,0,0,0,0,0,0,0,0,0,0,0,0,0,0,0,0
Isabela,3rd District,Angadanan,Rancho Bassit,PH0203102045,PH0203102,PH02031,1,7959900.00,0.90,7959900.00,2015,Farm-to-Market Road,Farm-to-Market Roads,Farm to Market Road Development Program,Farm-to-Market Road,1,7959900.00,0,0.00,0,0.00,0,0.00,0,0.00,0,0.00,0,0.00,0,0,0,0,0,1,0,0,0,0,0,0,0,0,0,0,0,0,0,0,0,0,0,0,0,0,0,0,0,0
Isabela,3rd District,Angadanan,Rang-ayan,PH0203102046,PH0203102,PH02031,3,25235928.03,3.46,8411976.01,2019,Farm-to-Market Road,Farm-to-Market Roads,Farm to Market Road Development Program,Farm-to-Market Road,3,25235928.03,0,0.00,0,0.00,0,0.00,0,0.00,0,0.00,0,0.00,0,0,0,0,0,3,0,0,0,0,0,0,0,0,0,0,0,0,0,0,0,0,0,0,0,0,0,0,0,0
Isabela,3rd District,Angadanan,San Ambrocio,PH0203102048,PH0203102,PH02031,1,10000.00,1.00,10000.00,2022,School Garden,Food Gardens,High Value Crop Development Program,School Garden,0,0.00,0,0.00,0,0.00,0,0.00,1,10000.00,0,0.00,0,0.00,0,0,0,0,0,0,0,0,0,0,0,0,0,0,0,0,0,0,0,0,0,1,0,0,0,0,0,0,0,0
Isabela,3rd District,Angadanan,San Marcelo;San Roque,,PH0203102,PH02031,1,12288493.82,1.55,12288493.82,2021,Farm-to-Market Road,Farm-to-Market Roads,Farm to Market Road Development Program,Farm-to-Market Road,1,12288493.82,0,0.00,0,0.00,0,0.00,0,0.00,0,0.00,0,0.00,0,0,0,0,0,1,0,0,0,0,0,0,0,0,0,0,0,0,0,0,0,0,0,0,0,0,0,0,0,0
Isabela,3rd District,Angadanan,San Roque,PH0203102052,PH0203102,PH02031,1,28231396.13,4.21,28231396.13,2019,Farm-to-Market Road,Farm-to-Market Roads,Farm to Market Road Development Program,Farm-to-Market Road,1,28231396.13,0,0.00,0,0.00,0,0.00,0,0.00,0,0.00,0,0.00,0,0,0,0,0,1,0,0,0,0,0,0,0,0,0,0,0,0,0,0,0,0,0,0,0,0,0,0,0,0
Isabela,3rd District,Angadanan,Saranay,PH0203102055,PH0203102,PH02031,1,13892533.52,1.96,13892533.52,2019,Farm-to-Market Road,Farm-to-Market Roads,Farm to Market Road Development Program,Farm-to-Market Road,1,13892533.52,0,0.00,0,0.00,0,0.00,0,0.00,0,0.00,0,0.00,0,0,0,0,0,1,0,0,0,0,0,0,0,0,0,0,0,0,0,0,0,0,0,0,0,0,0,0,0,0
Isabela,3rd District,Angadanan,Victory,PH0203102058,PH0203102,PH02031,1,4679948.96,0.52,4679948.96,2017,Farm-to-Market Road,Farm-to-Market Roads,Farm to Market Road Development Program,Farm-to-Market Road,1,4679948.96,0,0.00,0,0.00,0,0.00,0,0.00,0,0.00,0,0.00,0,0,0,0,0,1,0,0,0,0,0,0,0,0,0,0,0,0,0,0,0,0,0,0,0,0,0,0,0,0
Isabela,3rd District,Angadanan,Viga,PH0203102059,PH0203102,PH02031,1,9899400.00,1.54,9899400.00,2014,Farm-to-Market Road,Farm-to-Market Roads,Farm to Market Road Development Program,Farm-to-Market Road,1,9899400.00,0,0.00,0,0.00,0,0.00,0,0.00,0,0.00,0,0.00,0,0,0,0,0,1,0,0,0,0,0,0,0,0,0,0,0,0,0,0,0,0,0,0,0,0,0,0,0,0
Isabela,5th District,Aurora,,,PH0203103,PH02031,2,12287800.00,1.83,6143900.00,2014,Farm-to-Market Road,Farm-to-Market Roads,Farm to Market Road Development Program,Farm-to-Market Road,2,12287800.00,0,0.00,0,0.00,0,0.00,0,0.00,0,0.00,0,0.00,0,0,0,0,0,2,0,0,0,0,0,0,0,0,0,0,0,0,0,0,0,0,0,0,0,0,0,0,0,0
Isabela,5th District,Aurora,Apiat,PH0203103001,PH0203103,PH02031,1,10000.00,1.00,10000.00,2022,School Garden,Food Gardens,High Value Crop Development Program,School Garden,0,0.00,0,0.00,0,0.00,0,0.00,1,10000.00,0,0.00,0,0.00,0,0,0,0,0,0,0,0,0,0,0,0,0,0,0,0,0,0,0,0,0,1,0,0,0,0,0,0,0,0
Isabela,5th District,Aurora,Bannagao,PH0203103005,PH0203103,PH02031,2,885835.80,3.00,442917.90,2023,Rainshelter,Protected Cultivation and Nurseries,High Value Crop Development Program,Rainshelter | Solar-Powered Irrigation System,0,0.00,1,652332.92,0,0.00,1,233502.88,0,0.00,0,0.00,0,0.00,0,0,0,0,0,0,0,0,0,0,0,0,0,0,0,0,0,0,0,1,0,0,0,0,1,0,0,0,0,0
Isabela,5th District,Aurora,Esperanza East,PH0203103013,PH0203103,PH02031,2,3318475.92,2.00,1659237.96,2021,Grain Silo,Postharvest and Processing,Corn Program | Rice Program,Grain Silo | Multi-Purpose Drying Pavement,0,0.00,0,0.00,2,3318475.92,0,0.00,0,0.00,0,0.00,0,0.00,0,0,0,0,0,0,0,1,0,0,0,0,0,1,0,0,0,0,0,0,0,0,0,0,0,0,0,0,0,0
Isabela,5th District,Aurora,Macatal,PH0203103017,PH0203103,PH02031,1,10000.00,1.00,10000.00,2022,School Garden,Food Gardens,High Value Crop Development Program,School Garden,0,0.00,0,0.00,0,0.00,0,0.00,1,10000.00,0,0.00,0,0.00,0,0,0,0,0,0,0,0,0,0,0,0,0,0,0,0,0,0,0,0,0,1,0,0,0,0,0,0,0,0
Isabela,5th District,Aurora,Malasin,PH0203103018,PH0203103,PH02031,1,10000.00,1.00,10000.00,2022,School Garden,Food Gardens,High Value Crop Development Program,School Garden,0,0.00,0,0.00,0,0.00,0,0.00,1,10000.00,0,0.00,0,0.00,0,0,0,0,0,0,0,0,0,0,0,0,0,0,0,0,0,0,0,0,0,1,0,0,0,0,0,0,0,0
Isabela,5th District,Aurora,Nampicuan,PH0203103019,PH0203103,PH02031,1,12430010.68,1.34,12430010.68,2020,Farm-to-Market Road,Farm-to-Market Roads,Farm to Market Road Development Program,Farm-to-Market Road,1,12430010.68,0,0.00,0,0.00,0,0.00,0,0.00,0,0.00,0,0.00,0,0,0,0,0,1,0,0,0,0,0,0,0,0,0,0,0,0,0,0,0,0,0,0,0,0,0,0,0,0
Isabela,2nd District,Benito Soliven,Andabuen,PH0203104001,PH0203104,PH02031,2,9950000.00,1.07,4975000.00,2018,Farm-to-Market Road,Farm-to-Market Roads,Farm to Market Road Development Program,Farm-to-Market Road,2,9950000.00,0,0.00,0,0.00,0,0.00,0,0.00,0,0.00,0,0.00,0,0,0,0,0,2,0,0,0,0,0,0,0,0,0,0,0,0,0,0,0,0,0,0,0,0,0,0,0,0
Isabela,2nd District,Benito Soliven,Dagupan,PH0203104005,PH0203104,PH02031,1,4725820.20,0.35,4725820.20,2017,Farm-to-Market Road,Farm-to-Market Roads,Farm to Market Road Development Program,Farm-to-Market Road,1,4725820.20,0,0.00,0,0.00,0,0.00,0,0.00,0,0.00,0,0.00,0,0,0,0,0,1,0,0,0,0,0,0,0,0,0,0,0,0,0,0,0,0,0,0,0,0,0,0,0,0
Isabela,2nd District,Benito Soliven,District II (Pob.),PH0203104007,PH0203104,PH02031,2,3980000.00,0.71,1990000.00,2015,Farm-to-Market Road,Farm-to-Market Roads,Farm to Market Road Development Program,Farm-to-Market Road,2,3980000.00,0,0.00,0,0.00,0,0.00,0,0.00,0,0.00,0,0.00,0,0,0,0,0,2,0,0,0,0,0,0,0,0,0,0,0,0,0,0,0,0,0,0,0,0,0,0,0,0
Isabela,2nd District,Benito Soliven,Lucban,PH0203104024,PH0203104,PH02031,2,9339601.22,2.00,4669800.61,2019,Solar-Powered Irrigation System,Irrigation and Water Systems,Rice Program,Small Water Impounding Project | Solar-Powered Irrigation System,0,0.00,2,9339601.22,0,0.00,0,0.00,0,0.00,0,0.00,0,0.00,0,0,0,0,0,0,0,0,0,0,0,0,0,0,0,0,0,0,0,0,0,0,1,0,1,0,0,0,0,0
Isabela,2nd District,Benito Soliven,Maluno Norte,PH0203104012,PH0203104,PH02031,1,12374987.03,1.79,12374987.03,2020,Farm-to-Market Road,Farm-to-Market Roads,Farm to Market Road Development Program,Farm-to-Market Road,1,12374987.03,0,0.00,0,0.00,0,0.00,0,0.00,0,0.00,0,0.00,0,0,0,0,0,1,0,0,0,0,0,0,0,0,0,0,0,0,0,0,0,0,0,0,0,0,0,0,0,0
Isabela,2nd District,Benito Soliven,Maluno Sur,PH0203104013,PH0203104,PH02031,1,4719865.94,0.50,4719865.94,2017,Farm-to-Market Road,Farm-to-Market Roads,Farm to Market Road Development Program,Farm-to-Market Road,1,4719865.94,0,0.00,0,0.00,0,0.00,0,0.00,0,0.00,0,0.00,0,0,0,0,0,1,0,0,0,0,0,0,0,0,0,0,0,0,0,0,0,0,0,0,0,0,0,0,0,0
Isabela,2nd District,Benito Soliven,Nacalma,PH0203104014,PH0203104,PH02031,1,4975000.00,0.50,4975000.00,2018,Farm-to-Market Road,Farm-to-Market Roads,Farm to Market Road Development Program,Farm-to-Market Road,1,4975000.00,0,0.00,0,0.00,0,0.00,0,0.00,0,0.00,0,0.00,0,0,0,0,0,1,0,0,0,0,0,0,0,0,0,0,0,0,0,0,0,0,0,0,0,0,0,0,0,0
Isabela,2nd District,Benito Soliven,New Magsaysay,PH0203104015,PH0203104,PH02031,1,10000.00,1.00,10000.00,2022,School Garden,Food Gardens,High Value Crop Development Program,School Garden,0,0.00,0,0.00,0,0.00,0,0.00,1,10000.00,0,0.00,0,0.00,0,0,0,0,0,0,0,0,0,0,0,0,0,0,0,0,0,0,0,0,0,1,0,0,0,0,0,0,0,0
Isabela,2nd District,Benito Soliven,San Francisco,PH0203104019,PH0203104,PH02031,2,6713815.62,1.50,3356907.81,2023,Solar-Powered Irrigation System,Irrigation and Water Systems,Farm to Market Road Development Program | Rice Program,Farm-to-Market Road | Solar-Powered Irrigation System,1,4725965.10,1,1987850.52,0,0.00,0,0.00,0,0.00,0,0.00,0,0.00,0,0,0,0,0,1,0,0,0,0,0,0,0,0,0,0,0,0,0,0,0,0,0,0,1,0,0,0,0,0
Isabela,2nd District,Benito Soliven,Villaluz;New Magsaysay,,PH0203104,PH02031,1,11939964.71,1.67,11939964.71,2021,Farm-to-Market Road,Farm-to-Market Roads,Farm to Market Road Development Program,Farm-to-Market Road,1,11939964.71,0,0.00,0,0.00,0,0.00,0,0.00,0,0.00,0,0.00,0,0,0,0,0,1,0,0,0,0,0,0,0,0,0,0,0,0,0,0,0,0,0,0,0,0,0,0,0,0
Isabela,2nd District,Benito Soliven,Yeban Norte,PH0203104026,PH0203104,PH02031,4,8815743.97,2.20,2203935.99,2022,Farm-to-Market Road,Farm-to-Market Roads,Farm to Market Road Development Program | High Value Crop Development Program,Farm-to-Market Road | School Garden,3,8805743.97,0,0.00,0,0.00,0,0.00,1,10000.00,0,0.00,0,0.00,0,0,0,0,0,3,0,0,0,0,0,0,0,0,0,0,0,0,0,0,0,1,0,0,0,0,0,0,0,0
Isabela,5th District,Burgos,Bacnor East,PH0203105001,PH0203105,PH02031,2,5075000.00,1.72,2537500.00,2022,Farm-to-Market Road,Farm-to-Market Roads,Farm to Market Road Development Program | High Value Crop Development Program,Farm-to-Market Road | Gulayan sa Barangay,1,4975000.00,0,0.00,0,0.00,0,0.00,1,100000.00,0,0.00,0,0.00,0,0,0,0,0,1,0,0,0,1,0,0,0,0,0,0,0,0,0,0,0,0,0,0,0,0,0,0,0,0
Isabela,5th District,Burgos,Caliguian (Pob.),PH0203105004,PH0203105,PH02031,2,491170.11,1.00,245585.05,2022,School Garden,Food Gardens,High Value Crop Development Program | Rice Program,Multi-Purpose Drying Pavement | School Garden,0,0.00,0,0.00,1,481170.11,0,0.00,1,10000.00,0,0.00,0,0.00,0,0,0,0,0,0,0,0,0,0,0,0,0,1,0,0,0,0,0,0,0,1,0,0,0,0,0,0,0,0
Isabela,5th District,Burgos,Cullalabo del Sur,PH0203105008,PH0203105,PH02031,1,100000.00,1.00,100000.00,2022,Gulayan sa Barangay,Food Gardens,High Value Crop Development Program,Gulayan sa Barangay,0,0.00,0,0.00,0,0.00,0,0.00,1,100000.00,0,0.00,0,0.00,0,0,0,0,0,0,0,0,0,1,0,0,0,0,0,0,0,0,0,0,0,0,0,0,0,0,0,0,0,0
Isabela,5th District,Burgos,Dalig,PH0203105009,PH0203105,PH02031,1,100000.00,1.00,100000.00,2022,Gulayan sa Barangay,Food Gardens,High Value Crop Development Program,Gulayan sa Barangay,0,0.00,0,0.00,0,0.00,0,0.00,1,100000.00,0,0.00,0,0.00,0,0,0,0,0,0,0,0,0,1,0,0,0,0,0,0,0,0,0,0,0,0,0,0,0,0,0,0,0,0
Isabela,5th District,Burgos,Malasin,PH0203105012,PH0203105,PH02031,2,3980000.00,0.47,1990000.00,2015,Farm-to-Market Road,Farm-to-Market Roads,Farm to Market Road Development Program,Farm-to-Market Road,2,3980000.00,0,0.00,0,0.00,0,0.00,0,0.00,0,0.00,0,0.00,0,0,0,0,0,2,0,0,0,0,0,0,0,0,0,0,0,0,0,0,0,0,0,0,0,0,0,0,0,0
Isabela,5th District,Burgos,Masigun,PH0203105013,PH0203105,PH02031,2,5075000.00,1.98,2537500.00,2022,Gulayan sa Barangay,Food Gardens,Farm to Market Road Development Program | High Value Crop Development Program,Farm-to-Market Road | Gulayan sa Barangay,1,4975000.00,0,0.00,0,0.00,0,0.00,1,100000.00,0,0.00,0,0.00,0,0,0,0,0,1,0,0,0,1,0,0,0,0,0,0,0,0,0,0,0,0,0,0,0,0,0,0,0,0
Isabela,5th District,Burgos,San Bonifacio,PH0203105015,PH0203105,PH02031,2,3980000.00,0.50,1990000.00,2015,Farm-to-Market Road,Farm-to-Market Roads,Farm to Market Road Development Program,Farm-to-Market Road,2,3980000.00,0,0.00,0,0.00,0,0.00,0,0.00,0,0.00,0,0.00,0,0,0,0,0,2,0,0,0,0,0,0,0,0,0,0,0,0,0,0,0,0,0,0,0,0,0,0,0,0
Isabela,5th District,Burgos,San Miguel,PH0203105016,PH0203105,PH02031,4,6825652.72,1.65,1706413.18,2022,Farm-to-Market Road,Farm-to-Market Roads,Farm to Market Road Development Program | High Value Crop Development Program,Farm-to-Market Road | School Garden,3,6815652.72,0,0.00,0,0.00,0,0.00,1,10000.00,0,0.00,0,0.00,0,0,0,0,0,3,0,0,0,0,0,0,0,0,0,0,0,0,0,0,0,1,0,0,0,0,0,0,0,0
Isabela,5th District,Burgos,San Roque,PH0203105017,PH0203105,PH02031,2,3980000.00,0.48,1990000.00,2015,Farm-to-Market Road,Farm-to-Market Roads,Farm to Market Road Development Program,Farm-to-Market Road,2,3980000.00,0,0.00,0,0.00,0,0.00,0,0.00,0,0.00,0,0.00,0,0,0,0,0,2,0,0,0,0,0,0,0,0,0,0,0,0,0,0,0,0,0,0,0,0,0,0,0,0
Isabela,1st District,Cabagan,,,PH0203106,PH02031,1,5000000.00,0.96,5000000.00,2018,Farm-to-Market Road,Farm-to-Market Roads,Farm to Market Road Development Program,Farm-to-Market Road,1,5000000.00,0,0.00,0,0.00,0,0.00,0,0.00,0,0.00,0,0.00,0,0,0,0,0,1,0,0,0,0,0,0,0,0,0,0,0,0,0,0,0,0,0,0,0,0,0,0,0,0
Isabela,1st District,Cabagan,Aggub,PH0203106001,PH0203106,PH02031,6,26363117.11,5.53,4393852.85,2022,Farm-to-Market Road,Farm-to-Market Roads,Farm to Market Road Development Program | High Value Crop Development Program,Farm-to-Market Road | School Garden,5,26353117.11,0,0.00,0,0.00,0,0.00,1,10000.00,0,0.00,0,0.00,0,0,0,0,0,5,0,0,0,0,0,0,0,0,0,0,0,0,0,0,0,1,0,0,0,0,0,0,0,0
Isabela,1st District,Cabagan,Angancasilian,PH0203106003,PH0203106,PH02031,1,11933839.35,1.00,11933839.35,2023,Farm-to-Market Road,Farm-to-Market Roads,Farm to Market Road Development Program,Farm-to-Market Road,1,11933839.35,0,0.00,0,0.00,0,0.00,0,0.00,0,0.00,0,0.00,0,0,0,0,0,1,0,0,0,0,0,0,0,0,0,0,0,0,0,0,0,0,0,0,0,0,0,0,0,0
Isabela,1st District,Cabagan,Balasig,PH0203106004,PH0203106,PH02031,1,4726420.83,0.89,4726420.83,2017,Farm-to-Market Road,Farm-to-Market Roads,Farm to Market Road Development Program,Farm-to-Market Road,1,4726420.83,0,0.00,0,0.00,0,0.00,0,0.00,0,0.00,0,0.00,0,0,0,0,0,1,0,0,0,0,0,0,0,0,0,0,0,0,0,0,0,0,0,0,0,0,0,0,0,0
Isabela,1st District,Cabagan,Casibarag Norte,PH0203106006,PH0203106,PH02031,1,14919428.50,1.00,14919428.50,2024,Farm-to-Market Road,Farm-to-Market Roads,Farm to Market Road Development Program,Farm-to-Market Road,1,14919428.50,0,0.00,0,0.00,0,0.00,0,0.00,0,0.00,0,0.00,0,0,0,0,0,1,0,0,0,0,0,0,0,0,0,0,0,0,0,0,0,0,0,0,0,0,0,0,0,0
Isabela,1st District,Cabagan,Catabayungan,PH0203106008,PH0203106,PH02031,1,10000.00,1.00,10000.00,2022,School Garden,Food Gardens,High Value Crop Development Program,School Garden,0,0.00,0,0.00,0,0.00,0,0.00,1,10000.00,0,0.00,0,0.00,0,0,0,0,0,0,0,0,0,0,0,0,0,0,0,0,0,0,0,0,0,1,0,0,0,0,0,0,0,0
Isabela,1st District,Cabagan,Magassi,PH0203106013,PH0203106,PH02031,1,4721200.00,2.67,4721200.00,2014,Farm-to-Market Road,Farm-to-Market Roads,Farm to Market Road Development Program,Farm-to-Market Road,1,4721200.00,0,0.00,0,0.00,0,0.00,0,0.00,0,0.00,0,0.00,0,0,0,0,0,1,0,0,0,0,0,0,0,0,0,0,0,0,0,0,0,0,0,0,0,0,0,0,0,0
Isabela,1st District,Cabagan,Masipi East,PH0203106025,PH0203106,PH02031,4,44476200.00,7.89,11119050.00,2016,Farm-to-Market Road,Farm-to-Market Roads,Farm to Market Road Development Program,Farm-to-Market Road,4,44476200.00,0,0.00,0,0.00,0,0.00,0,0.00,0,0.00,0,0.00,0,0,0,0,0,4,0,0,0,0,0,0,0,0,0,0,0,0,0,0,0,0,0,0,0,0,0,0,0,0
Isabela,1st District,Cabagan,San Antonio,PH0203106027,PH0203106,PH02031,5,39734808.81,5.71,7946961.76,2024,Farm-to-Market Road,Farm-to-Market Roads,Farm to Market Road Development Program | Rice Program,Farm-to-Market Road | Small Water Impounding Project,3,37026196.96,2,2708611.85,0,0.00,0,0.00,0,0.00,0,0.00,0,0.00,0,0,0,0,0,3,0,0,0,0,0,0,0,0,0,0,0,0,0,0,0,0,2,0,0,0,0,0,0,0
Isabela,1st District,Cabagan,San Juan,PH0203106020,PH0203106,PH02031,2,20507910.65,2.67,10253955.32,2023,Farm-to-Market Road,Farm-to-Market Roads,Farm to Market Road Development Program | High Value Crop Development Program,Farm-to-Market Road | School Garden,1,20497910.65,0,0.00,0,0.00,0,0.00,1,10000.00,0,0.00,0,0.00,0,0,0,0,0,1,0,0,0,0,0,0,0,0,0,0,0,0,0,0,0,1,0,0,0,0,0,0,0,0
Isabela,1st District,Cabagan,Tallag,PH0203106022,PH0203106,PH02031,5,33745728.42,4.41,6749145.68,2024,Farm-to-Market Road,Farm-to-Market Roads,Farm to Market Road Development Program | Rice Program,Farm-to-Market Road | Small Water Impounding Project,4,24619801.15,1,9125927.27,0,0.00,0,0.00,0,0.00,0,0.00,0,0.00,0,0,0,0,0,4,0,0,0,0,0,0,0,0,0,0,0,0,0,0,0,0,1,0,0,0,0,0,0,0
Isabela,1st District,Cabagan,Union,PH0203106024,PH0203106,PH02031,1,3231772.54,1.00,3231772.54,2017,Small Water Impounding Project,Irrigation and Water Systems,Rice Program,Small Water Impounding Project,0,0.00,1,3231772.54,0,0.00,0,0.00,0,0.00,0,0.00,0,0.00,0,0,0,0,0,0,0,0,0,0,0,0,0,0,0,0,0,0,0,0,0,0,1,0,0,0,0,0,0,0
Isabela,3rd District,Cabatuan,Calaocan,PH0203107002,PH0203107,PH02031,1,10000.00,1.00,10000.00,2022,School Garden,Food Gardens,High Value Crop Development Program,School Garden,0,0.00,0,0.00,0,0.00,0,0.00,1,10000.00,0,0.00,0,0.00,0,0,0,0,0,0,0,0,0,0,0,0,0,0,0,0,0,0,0,0,0,1,0,0,0,0,0,0,0,0
Isabela,3rd District,Cabatuan,La Paz,PH0203107011,PH0203107,PH02031,2,12447497.76,2.54,6223748.88,2022,Farm-to-Market Road,Farm-to-Market Roads,Farm to Market Road Development Program | High Value Crop Development Program,Farm-to-Market Road | School Garden,1,12437497.76,0,0.00,0,0.00,0,0.00,1,10000.00,0,0.00,0,0.00,0,0,0,0,0,1,0,0,0,0,0,0,0,0,0,0,0,0,0,0,0,1,0,0,0,0,0,0,0,0
Isabela,3rd District,Cabatuan,Nueva Era,PH0203107017,PH0203107,PH02031,2,21879809.89,1.83,10939904.95,2023,Farm-to-Market Road,Farm-to-Market Roads,Farm to Market Road Development Program,Farm-to-Market Road,2,21879809.89,0,0.00,0,0.00,0,0.00,0,0.00,0,0.00,0,0.00,0,0,0,0,0,2,0,0,0,0,0,0,0,0,0,0,0,0,0,0,0,0,0,0,0,0,0,0,0,0
Isabela,3rd District,Cabatuan,Paraiso,PH0203107018,PH0203107,PH02031,1,10000.00,1.00,10000.00,2022,School Garden,Food Gardens,High Value Crop Development Program,School Garden,0,0.00,0,0.00,0,0.00,0,0.00,1,10000.00,0,0.00,0,0.00,0,0,0,0,0,0,0,0,0,0,0,0,0,0,0,0,0,0,0,0,0,1,0,0,0,0,0,0,0,0
Isabela,3rd District,Cabatuan,Rang-ay (Caggong),PH0203107001,PH0203107,PH02031,2,9651725.86,1.39,4825862.93,2018,Farm-to-Market Road,Farm-to-Market Roads,Farm to Market Road Development Program,Farm-to-Market Road,2,9651725.86,0,0.00,0,0.00,0,0.00,0,0.00,0,0.00,0,0.00,0,0,0,0,0,2,0,0,0,0,0,0,0,0,0,0,0,0,0,0,0,0,0,0,0,0,0,0,0,0
Isabela,3rd District,Cabatuan,Saranay,PH0203107021,PH0203107,PH02031,2,3010107.84,2.00,1505053.92,2024,School Garden,Food Gardens,High Value Crop Development Program,Packinghouse | School Garden,0,0.00,0,0.00,1,3000107.84,0,0.00,1,10000.00,0,0.00,0,0.00,0,0,0,0,0,0,0,0,0,0,0,0,0,0,0,0,1,0,0,0,0,1,0,0,0,0,0,0,0,0
Isabela,6th District,City of Cauayan,Alinam,PH0203108002,PH0203108,PH02031,3,7712193.61,2.00,2570731.20,2021,Multi-Purpose Drying Pavement,Postharvest and Processing,Rice Program,Multi-Purpose Drying Pavement | Rice Processing Center | Warehouse,0,0.00,0,0.00,3,7712193.61,0,0.00,0,0.00,0,0.00,0,0.00,0,0,0,0,0,0,0,0,0,0,0,0,0,1,0,0,0,0,0,0,1,0,0,0,0,0,0,0,0,1
Isabela,6th District,City of Cauayan,Buena Suerte,PH0203108009,PH0203108,PH02031,1,10326575.80,0.67,10326575.80,2024,Farm-to-Market Road,Farm-to-Market Roads,Farm to Market Road Development Program,Farm-to-Market Road,1,10326575.80,0,0.00,0,0.00,0,0.00,0,0.00,0,0.00,0,0.00,0,0,0,0,0,1,0,0,0,0,0,0,0,0,0,0,0,0,0,0,0,0,0,0,0,0,0,0,0,0
Isabela,6th District,City of Cauayan,Buyon,PH0203108011,PH0203108,PH02031,1,7296597.94,1.00,7296597.94,2017,Small Water Impounding Project,Irrigation and Water Systems,Rice Program,Small Water Impounding Project,0,0.00,1,7296597.94,0,0.00,0,0.00,0,0.00,0,0.00,0,0.00,0,0,0,0,0,0,0,0,0,0,0,0,0,0,0,0,0,0,0,0,0,0,1,0,0,0,0,0,0,0
Isabela,6th District,City of Cauayan,Cabaruan,PH0203108012,PH0203108,PH02031,1,384068.17,1.00,384068.17,2018,Greenhouse,Protected Cultivation and Nurseries,National Organic Agriculture Program,Greenhouse,0,0.00,0,0.00,0,0.00,1,384068.17,0,0.00,0,0.00,0,0.00,0,0,0,0,0,0,0,0,1,0,0,0,0,0,0,0,0,0,0,0,0,0,0,0,0,0,0,0,0,0
Isabela,6th District,City of Cauayan,Cabugao,PH0203108014,PH0203108,PH02031,3,30259048.07,3.25,10086349.36,2024,Farm-to-Market Road,Farm-to-Market Roads,Corn Program | Farm to Market Road Development Program,Farm-to-Market Road | Multi Crop Drying Pavement (MCDP),2,29625910.57,0,0.00,1,633137.50,0,0.00,0,0.00,0,0.00,0,0.00,0,0,0,0,0,2,0,0,0,0,0,0,1,0,0,0,0,0,0,0,0,0,0,0,0,0,0,0,0,0
Isabela,6th District,City of Cauayan,Casalatan,PH0203108019,PH0203108,PH02031,1,8954989.60,0.75,8954989.60,2023,Farm-to-Market Road,Farm-to-Market Roads,Farm to Market Road Development Program,Farm-to-Market Road,1,8954989.60,0,0.00,0,0.00,0,0.00,0,0.00,0,0.00,0,0.00,0,0,0,0,0,1,0,0,0,0,0,0,0,0,0,0,0,0,0,0,0,0,0,0,0,0,0,0,0,0
Isabela,6th District,City of Cauayan,Disimuray,PH0203108030,PH0203108,PH02031,2,1494872.84,2.00,747436.42,2024,Multi Crop Drying Pavement (MCDP),Postharvest and Processing,Corn Program | Rice Program,Multi Crop Drying Pavement (MCDP) | Small Water Impounding Project,0,0.00,1,861735.34,1,633137.50,0,0.00,0,0.00,0,0.00,0,0.00,0,0,0,0,0,0,0,0,0,0,0,0,1,0,0,0,0,0,0,0,0,0,1,0,0,0,0,0,0,0
Isabela,6th District,City of Cauayan,Duminit,PH0203108034,PH0203108,PH02031,1,551816.90,1.00,551816.90,2022,Solar-Powered Irrigation System,Irrigation and Water Systems,High Value Crop Development Program,Solar-Powered Irrigation System,0,0.00,1,551816.90,0,0.00,0,0.00,0,0.00,0,0.00,0,0.00,0,0,0,0,0,0,0,0,0,0,0,0,0,0,0,0,0,0,0,0,0,0,0,0,1,0,0,0,0,0
Isabela,6th District,City of Cauayan,Labinab,PH0203108039,PH0203108,PH02031,3,30258377.85,2.86,10086125.95,2023,Farm-to-Market Road,Farm-to-Market Roads,Farm to Market Road Development Program | Rice Program,Farm-to-Market Road | Solar-Powered Irrigation System,2,23697347.85,1,6561030.00,0,0.00,0,0.00,0,0.00,0,0.00,0,0.00,0,0,0,0,0,2,0,0,0,0,0,0,0,0,0,0,0,0,0,0,0,0,0,0,1,0,0,0,0,0
Isabela,6th District,City of Cauayan,Maligaya,PH0203108043,PH0203108,PH02031,1,7473605.78,1.00,7473605.78,2017,Small Water Impounding Project,Irrigation and Water Systems,Rice Program,Small Water Impounding Project,0,0.00,1,7473605.78,0,0.00,0,0.00,0,0.00,0,0.00,0,0.00,0,0,0,0,0,0,0,0,0,0,0,0,0,0,0,0,0,0,0,0,0,0,1,0,0,0,0,0,0,0
Isabela,6th District,City of Cauayan,Manaoag,PH0203108044,PH0203108,PH02031,1,1848328.13,0.00,1848328.13,2016,Small Water Impounding Project,Irrigation and Water Systems,Rice Program,Small Water Impounding Project,0,0.00,1,1848328.13,0,0.00,0,0.00,0,0.00,0,0.00,0,0.00,0,0,0,0,0,0,0,0,0,0,0,0,0,0,0,0,0,0,0,0,0,0,1,0,0,0,0,0,0,0
Isabela,6th District,City of Cauayan,Marabulig II,PH0203108046,PH0203108,PH02031,3,44771151.31,3.00,14923717.10,2024,Farm-to-Market Road,Farm-to-Market Roads,Farm to Market Road Development Program,Farm-to-Market Road,3,44771151.31,0,0.00,0,0.00,0,0.00,0,0.00,0,0.00,0,0.00,0,0,0,0,0,3,0,0,0,0,0,0,0,0,0,0,0,0,0,0,0,0,0,0,0,0,0,0,0,0
Isabela,6th District,City of Cauayan,Marabulig II;Marabulig II,,PH0203108,PH02031,1,9899999.99,0.67,9899999.99,2024,Farm-to-Market Road,Farm-to-Market Roads,Farm to Market Road Development Program,Farm-to-Market Road,1,9899999.99,0,0.00,0,0.00,0,0.00,0,0.00,0,0.00,0,0.00,0,0,0,0,0,1,0,0,0,0,0,0,0,0,0,0,0,0,0,0,0,0,0,0,0,0,0,0,0,0
Isabela,6th District,City of Cauayan,Minante I,PH0203108048,PH0203108,PH02031,1,14701072.76,1.00,14701072.76,2024,Farm-to-Market Road,Farm-to-Market Roads,Farm to Market Road Development Program,Farm-to-Market Road,1,14701072.76,0,0.00,0,0.00,0,0.00,0,0.00,0,0.00,0,0.00,0,0,0,0,0,1,0,0,0,0,0,0,0,0,0,0,0,0,0,0,0,0,0,0,0,0,0,0,0,0
Isabela,6th District,City of Cauayan,Minante II,PH0203108049,PH0203108,PH02031,2,34301917.13,2.67,17150958.57,2024,Farm-to-Market Road,Farm-to-Market Roads,Farm to Market Road Development Program,Farm-to-Market Road,2,34301917.13,0,0.00,0,0.00,0,0.00,0,0.00,0,0.00,0,0.00,0,0,0,0,0,2,0,0,0,0,0,0,0,0,0,0,0,0,0,0,0,0,0,0,0,0,0,0,0,0
Isabela,6th District,City of Cauayan,Nagcampegan,PH0203108050,PH0203108,PH02031,1,13630073.24,0.93,13630073.24,2022,Farm-to-Market Road,Farm-to-Market Roads,Farm to Market Road Development Program,Farm-to-Market Road,1,13630073.24,0,0.00,0,0.00,0,0.00,0,0.00,0,0.00,0,0.00,0,0,0,0,0,1,0,0,0,0,0,0,0,0,0,0,0,0,0,0,0,0,0,0,0,0,0,0,0,0
Isabela,6th District,City of Cauayan,Nagrumbuan;Marabulig II,,PH0203108,PH02031,2,29734901.97,2.00,14867450.98,2024,Farm-to-Market Road,Farm-to-Market Roads,Farm to Market Road Development Program,Farm-to-Market Road,2,29734901.97,0,0.00,0,0.00,0,0.00,0,0.00,0,0.00,0,0.00,0,0,0,0,0,2,0,0,0,0,0,0,0,0,0,0,0,0,0,0,0,0,0,0,0,0,0,0,0,0
Isabela,6th District,City of Cauayan,Rizal,PH0203108056,PH0203108,PH02031,1,12318424.02,1.00,12318424.02,2021,Farm-to-Market Road,Farm-to-Market Roads,Farm to Market Road Development Program,Farm-to-Market Road,1,12318424.02,0,0.00,0,0.00,0,0.00,0,0.00,0,0.00,0,0.00,0,0,0,0,0,1,0,0,0,0,0,0,0,0,0,0,0,0,0,0,0,0,0,0,0,0,0,0,0,0
Isabela,6th District,City of Cauayan,Rogus,PH0203108057,PH0203108,PH02031,2,23874558.54,1.76,11937279.27,2022,Farm-to-Market Road,Farm-to-Market Roads,Farm to Market Road Development Program,Farm-to-Market Road,2,23874558.54,0,0.00,0,0.00,0,0.00,0,0.00,0,0.00,0,0.00,0,0,0,0,0,2,0,0,0,0,0,0,0,0,0,0,0,0,0,0,0,0,0,0,0,0,0,0,0,0
Isabela,6th District,City of Cauayan,San Fermin,PH0203108059,PH0203108,PH02031,1,5145616.54,0.44,5145616.54,2023,Farm-to-Market Road,Farm-to-Market Roads,Farm to Market Road Development Program,Farm-to-Market Road,1,5145616.54,0,0.00,0,0.00,0,0.00,0,0.00,0,0.00,0,0.00,0,0,0,0,0,1,0,0,0,0,0,0,0,0,0,0,0,0,0,0,0,0,0,0,0,0,0,0,0,0
Isabela,6th District,City of Cauayan,San Francisco,PH0203108060,PH0203108,PH02031,2,10220505.36,1.67,5110252.68,2024,Farm-to-Market Road,Farm-to-Market Roads,Farm to Market Road Development Program | National Organic Agriculture Program,Farm-to-Market Road | Vermi-Composting Facilities,1,9947214.79,0,0.00,0,0.00,1,273290.57,0,0.00,0,0.00,0,0.00,0,0,0,0,0,1,0,0,0,0,0,0,0,0,0,0,0,0,0,0,0,0,0,0,0,0,0,1,0,0
Isabela,6th District,City of Cauayan,Santa Maria,PH0203108065,PH0203108,PH02031,1,10781106.75,0.92,10781106.75,2023,Farm-to-Market Road,Farm-to-Market Roads,Farm to Market Road Development Program,Farm-to-Market Road,1,10781106.75,0,0.00,0,0.00,0,0.00,0,0.00,0,0.00,0,0.00,0,0,0,0,0,1,0,0,0,0,0,0,0,0,0,0,0,0,0,0,0,0,0,0,0,0,0,0,0,0
Isabela,6th District,City of Cauayan,Villa Concepcion,PH0203108072,PH0203108,PH02031,1,11400000.00,1.00,11400000.00,2015,Small Water Impounding Project,Irrigation and Water Systems,Rice Program,Small Water Impounding Project,0,0.00,1,11400000.00,0,0.00,0,0.00,0,0.00,0,0.00,0,0.00,0,0,0,0,0,0,0,0,0,0,0,0,0,0,0,0,0,0,0,0,0,0,1,0,0,0,0,0,0,0
Isabela,6th District,City of Cauayan,Villa Luna,PH0203108073,PH0203108,PH02031,1,864840.60,1.00,864840.60,2025,Multi Crop Drying Pavement (MCDP),Postharvest and Processing,Corn Program,Multi Crop Drying Pavement (MCDP),0,0.00,0,0.00,1,864840.60,0,0.00,0,0.00,0,0.00,0,0.00,0,0,0,0,0,0,0,0,0,0,0,0,1,0,0,0,0,0,0,0,0,0,0,0,0,0,0,0,0,0
Isabela,6th District,City of Cauayan,Villaflor,PH0203108074,PH0203108,PH02031,2,24651058.06,1.67,12325529.03,2024,Farm-to-Market Road,Farm-to-Market Roads,Farm to Market Road Development Program,Farm-to-Market Road,2,24651058.06,0,0.00,0,0.00,0,0.00,0,0.00,0,0.00,0,0.00,0,0,0,0,0,2,0,0,0,0,0,0,0,0,0,0,0,0,0,0,0,0,0,0,0,0,0,0,0,0
Isabela,4th District,City of Santiago,Cabulay,PH0203135008,PH0203135,PH02031,3,13789267.49,6.04,4596422.50,2022,Farm-to-Market Road,Farm-to-Market Roads,Farm to Market Road Development Program | High Value Crop Development Program,Farm-to-Market Road | Rainshelter | Solar-Powered Irrigation System,1,12880000.00,1,580615.34,0,0.00,1,328652.15,0,0.00,0,0.00,0,0.00,0,0,0,0,0,1,0,0,0,0,0,0,0,0,0,0,0,0,0,1,0,0,0,0,1,0,0,0,0,0
Isabela,4th District,City of Santiago,Nabbuan,PH0203135021,PH0203135,PH02031,1,11939998.48,0.99,11939998.48,2021,Farm-to-Market Road,Farm-to-Market Roads,Farm to Market Road Development Program,Farm-to-Market Road,1,11939998.48,0,0.00,0,0.00,0,0.00,0,0.00,0,0.00,0,0.00,0,0,0,0,0,1,0,0,0,0,0,0,0,0,0,0,0,0,0,0,0,0,0,0,0,0,0,0,0,0
Isabela,4th District,City of Santiago,Naggasican,PH0203135022,PH0203135,PH02031,1,10105062.97,0.83,10105062.97,2022,Farm-to-Market Road,Farm-to-Market Roads,Farm to Market Road Development Program,Farm-to-Market Road,1,10105062.97,0,0.00,0,0.00,0,0.00,0,0.00,0,0.00,0,0.00,0,0,0,0,0,1,0,0,0,0,0,0,0,0,0,0,0,0,0,0,0,0,0,0,0,0,0,0,0,0
Isabela,4th District,City of Santiago,Rizal,PH0203135025,PH0203135,PH02031,3,10132941.15,1.83,3377647.05,2021,Farm-to-Market Road,Postharvest and Processing,Farm to Market Road Development Program | Rice Program,Farm-to-Market Road | Multi-Purpose Drying Pavement | Rice Processing Center,1,9651771.04,0,0.00,2,481170.11,0,0.00,0,0.00,0,0.00,0,0.00,0,0,0,0,0,1,0,0,0,0,0,0,0,1,0,0,0,0,0,0,1,0,0,0,0,0,0,0,0,0
Isabela,4th District,City of Santiago,Sagana,PH0203135027,PH0203135,PH02031,1,2031913.71,1.00,2031913.71,2015,Small Water Impounding Project,Irrigation and Water Systems,Rice Program,Small Water Impounding Project,0,0.00,1,2031913.71,0,0.00,0,0.00,0,0.00,0,0.00,0,0.00,0,0,0,0,0,0,0,0,0,0,0,0,0,0,0,0,0,0,0,0,0,0,1,0,0,0,0,0,0,0
Isabela,4th District,City of Santiago,Santa Rosa,PH0203135034,PH0203135,PH02031,1,2212856.63,1.00,2212856.63,2016,Small Water Impounding Project,Irrigation and Water Systems,Rice Program,Small Water Impounding Project,0,0.00,1,2212856.63,0,0.00,0,0.00,0,0.00,0,0.00,0,0.00,0,0,0,0,0,0,0,0,0,0,0,0,0,0,0,0,0,0,0,0,0,0,1,0,0,0,0,0,0,0
Isabela,4th District,City of Santiago,Sinili,PH0203135032,PH0203135,PH02031,1,4282873.17,1.00,4282873.17,2016,Diversion Dam,Irrigation and Water Systems,Rice Program,Diversion Dam,0,0.00,1,4282873.17,0,0.00,0,0.00,0,0.00,0,0.00,0,0.00,0,0,0,0,1,0,0,0,0,0,0,0,0,0,0,0,0,0,0,0,0,0,0,0,0,0,0,0,0,0
Isabela,4th District,City of Santiago,Villa Gonzaga,PH0203135012,PH0203135,PH02031,1,14922795.59,1.00,14922795.59,2024,Farm-to-Market Road,Farm-to-Market Roads,Farm to Market Road Development Program,Farm-to-Market Road,1,14922795.59,0,0.00,0,0.00,0,0.00,0,0.00,0,0.00,0,0.00,0,0,0,0,0,1,0,0,0,0,0,0,0,0,0,0,0,0,0,0,0,0,0,0,0,0,0,0,0,0
Isabela,4th District,Cordon,Anonang (Balitoc*),PH0203109025,PH0203109,PH02031,2,14518090.46,1.99,7259045.23,2022,Farm-to-Market Road,Farm-to-Market Roads,Farm to Market Road Development Program | Rice Program,Farm-to-Market Road | Small Water Impounding Project,1,11932855.46,1,2585235.00,0,0.00,0,0.00,0,0.00,0,0.00,0,0.00,0,0,0,0,0,1,0,0,0,0,0,0,0,0,0,0,0,0,0,0,0,0,1,0,0,0,0,0,0,0
Isabela,4th District,Cordon,Capirpiriwan,PH0203109003,PH0203109,PH02031,2,32367385.83,2.84,16183692.91,2023,Farm-to-Market Road,Farm-to-Market Roads,Farm to Market Road Development Program,Farm-to-Market Road,2,32367385.83,0,0.00,0,0.00,0,0.00,0,0.00,0,0.00,0,0.00,0,0,0,0,0,2,0,0,0,0,0,0,0,0,0,0,0,0,0,0,0,0,0,0,0,0,0,0,0,0
Isabela,4th District,Cordon,Caquilingan (San Luis),PH0203109004,PH0203109,PH02031,5,27375182.69,5.02,5475036.54,2022,Farm-to-Market Road,Farm-to-Market Roads,Farm to Market Road Development Program | High Value Crop Development Program | Rice Program,Diversion Dam | Farm-to-Market Road | School Garden | Small Water Impounding Project,2,21889704.31,2,5475478.38,0,0.00,0,0.00,1,10000.00,0,0.00,0,0.00,0,0,0,0,1,2,0,0,0,0,0,0,0,0,0,0,0,0,0,0,0,1,1,0,0,0,0,0,0,0
Isabela,4th District,Cordon,Malapat,PH0203109009,PH0203109,PH02031,1,12090459.58,1.04,12090459.58,2023,Farm-to-Market Road,Farm-to-Market Roads,Farm to Market Road Development Program,Farm-to-Market Road,1,12090459.58,0,0.00,0,0.00,0,0.00,0,0.00,0,0.00,0,0.00,0,0,0,0,0,1,0,0,0,0,0,0,0,0,0,0,0,0,0,0,0,0,0,0,0,0,0,0,0,0
Isabela,4th District,Cordon,Taliktik,PH0203109018,PH0203109,PH02031,1,10000.00,1.00,10000.00,2022,School Garden,Food Gardens,High Value Crop Development Program,School Garden,0,0.00,0,0.00,0,0.00,0,0.00,1,10000.00,0,0.00,0,0.00,0,0,0,0,0,0,0,0,0,0,0,0,0,0,0,0,0,0,0,0,0,1,0,0,0,0,0,0,0,0
Isabela,4th District,Cordon,Tanggal,PH0203109019,PH0203109,PH02031,1,14922972.47,1.00,14922972.47,2024,Farm-to-Market Road,Farm-to-Market Roads,Farm to Market Road Development Program,Farm-to-Market Road,1,14922972.47,0,0.00,0,0.00,0,0.00,0,0.00,0,0.00,0,0.00,0,0,0,0,0,1,0,0,0,0,0,0,0,0,0,0,0,0,0,0,0,0,0,0,0,0,0,0,0,0
Isabela,4th District,Cordon,Tarinsing,PH0203109020,PH0203109,PH02031,1,10000.00,1.00,10000.00,2022,School Garden,Food Gardens,High Value Crop Development Program,School Garden,0,0.00,0,0.00,0,0.00,0,0.00,1,10000.00,0,0.00,0,0.00,0,0,0,0,0,0,0,0,0,0,0,0,0,0,0,0,0,0,0,0,0,1,0,0,0,0,0,0,0,0
Isabela,4th District,Cordon,Turod Sur,PH0203109022,PH0203109,PH02031,2,12061500.00,2.04,6030750.00,2022,Farm-to-Market Road,Farm-to-Market Roads,Farm to Market Road Development Program | High Value Crop Development Program,Farm-to-Market Road | School Garden,1,12051500.00,0,0.00,0,0.00,0,0.00,1,10000.00,0,0.00,0,0.00,0,0,0,0,0,1,0,0,0,0,0,0,0,0,0,0,0,0,0,0,0,1,0,0,0,0,0,0,0,0
Isabela,4th District,Cordon,Villamarzo,PH0203109024,PH0203109,PH02031,2,5193729.79,2.22,2596864.90,2024,Palay Shed,Postharvest and Processing,Farm to Market Road Development Program | Rice Program,Farm-to-Market Road | Palay Shed,1,4738662.83,0,0.00,1,455066.96,0,0.00,0,0.00,0,0.00,0,0.00,0,0,0,0,0,1,0,0,0,0,0,0,0,0,0,0,0,1,0,0,0,0,0,0,0,0,0,0,0,0
Isabela,4th District,Cordon,Villamiemban,PH0203109023,PH0203109,PH02031,1,9844535.33,0.67,9844535.33,2024,Farm-to-Market Road,Farm-to-Market Roads,Farm to Market Road Development Program,Farm-to-Market Road,1,9844535.33,0,0.00,0,0.00,0,0.00,0,0.00,0,0.00,0,0.00,0,0,0,0,0,1,0,0,0,0,0,0,0,0,0,0,0,0,0,0,0,0,0,0,0,0,0,0,0,0
Isabela,1st District,Delfin Albano (Magsaysay),Andarayan,PH0203118002,PH0203118,PH02031,1,4975277.44,0.70,4975277.44,2018,Farm-to-Market Road,Farm-to-Market Roads,Farm to Market Road Development Program,Farm-to-Market Road,1,4975277.44,0,0.00,0,0.00,0,0.00,0,0.00,0,0.00,0,0.00,0,0,0,0,0,1,0,0,0,0,0,0,0,0,0,0,0,0,0,0,0,0,0,0,0,0,0,0,0,0
Isabela,1st District,Delfin Albano (Magsaysay),Aneg,PH0203118003,PH0203118,PH02031,1,9440300.00,1.00,9440300.00,2017,Small Water Impounding Project,Irrigation and Water Systems,Rice Program,Small Water Impounding Project,0,0.00,1,9440300.00,0,0.00,0,0.00,0,0.00,0,0.00,0,0.00,0,0,0,0,0,0,0,0,0,0,0,0,0,0,0,0,0,0,0,0,0,0,1,0,0,0,0,0,0,0
Isabela,1st District,Delfin Albano (Magsaysay),Bayabo,PH0203118004,PH0203118,PH02031,1,12202433.34,1.00,12202433.34,2016,Small Water Impounding Project,Irrigation and Water Systems,Rice Program,Small Water Impounding Project,0,0.00,1,12202433.34,0,0.00,0,0.00,0,0.00,0,0.00,0,0.00,0,0,0,0,0,0,0,0,0,0,0,0,0,0,0,0,0,0,0,0,0,0,1,0,0,0,0,0,0,0
Isabela,1st District,Delfin Albano (Magsaysay),Caloocan,PH0203118030,PH0203118,PH02031,1,4975000.00,1.10,4975000.00,2014,Farm-to-Market Road,Farm-to-Market Roads,Farm to Market Road Development Program,Farm-to-Market Road,1,4975000.00,0,0.00,0,0.00,0,0.00,0,0.00,0,0.00,0,0.00,0,0,0,0,0,1,0,0,0,0,0,0,0,0,0,0,0,0,0,0,0,0,0,0,0,0,0,0,0,0
Isabela,1st District,Delfin Albano (Magsaysay),Carmencita,PH0203118008,PH0203118,PH02031,6,37503283.72,6.17,6250547.29,2024,Farm-to-Market Road,Farm-to-Market Roads,Corn Program | Farm to Market Road Development Program | Rice Program,Farm-to-Market Road | Multi Crop Drying Pavement (MCDP) | Small Water Impounding Project,3,11950000.00,2,24932000.00,1,621283.72,0,0.00,0,0.00,0,0.00,0,0.00,0,0,0,0,0,3,0,0,0,0,0,0,1,0,0,0,0,0,0,0,0,0,2,0,0,0,0,0,0,0
Isabela,1st District,Delfin Albano (Magsaysay),Concepcion,PH0203118009,PH0203118,PH02031,1,4975000.00,0.49,4975000.00,2019,Farm-to-Market Road,Farm-to-Market Roads,Farm to Market Road Development Program,Farm-to-Market Road,1,4975000.00,0,0.00,0,0.00,0,0.00,0,0.00,0,0.00,0,0.00,0,0,0,0,0,1,0,0,0,0,0,0,0,0,0,0,0,0,0,0,0,0,0,0,0,0,0,0,0,0
Isabela,1st District,Delfin Albano (Magsaysay),Maui,PH0203118010,PH0203118,PH02031,1,5057839.67,1.00,5057839.67,2016,Diversion Dam,Irrigation and Water Systems,Rice Program,Diversion Dam,0,0.00,1,5057839.67,0,0.00,0,0.00,0,0.00,0,0.00,0,0.00,0,0,0,0,1,0,0,0,0,0,0,0,0,0,0,0,0,0,0,0,0,0,0,0,0,0,0,0,0,0
Isabela,1st District,Delfin Albano (Magsaysay),San Antonio,PH0203118017,PH0203118,PH02031,1,10000.00,1.00,10000.00,2022,School Garden,Food Gardens,High Value Crop Development Program,School Garden,0,0.00,0,0.00,0,0.00,0,0.00,1,10000.00,0,0.00,0,0.00,0,0,0,0,0,0,0,0,0,0,0,0,0,0,0,0,0,0,0,0,0,1,0,0,0,0,0,0,0,0
Isabela,1st District,Delfin Albano (Magsaysay),San Isidro,PH0203118018,PH0203118,PH02031,1,4975000.00,0.60,4975000.00,2019,Farm-to-Market Road,Farm-to-Market Roads,Farm to Market Road Development Program,Farm-to-Market Road,1,4975000.00,0,0.00,0,0.00,0,0.00,0,0.00,0,0.00,0,0.00,0,0,0,0,0,1,0,0,0,0,0,0,0,0,0,0,0,0,0,0,0,0,0,0,0,0,0,0,0,0
Isabela,4th District,Dinapigue,Ayod,PH0203110001,PH0203110,PH02031,1,10000.00,1.00,10000.00,2022,School Garden,Food Gardens,High Value Crop Development Program,School Garden,0,0.00,0,0.00,0,0.00,0,0.00,1,10000.00,0,0.00,0,0.00,0,0,0,0,0,0,0,0,0,0,0,0,0,0,0,0,0,0,0,0,0,1,0,0,0,0,0,0,0,0
Isabela,4th District,Dinapigue,Dibulo,PH0203110004,PH0203110,PH02031,2,7949275.14,2.00,3974637.57,2019,Diversion Dam,Irrigation and Water Systems,Rice Program,Check Dam | Diversion Dam,0,0.00,2,7949275.14,0,0.00,0,0.00,0,0.00,0,0.00,0,0.00,1,0,0,0,1,0,0,0,0,0,0,0,0,0,0,0,0,0,0,0,0,0,0,0,0,0,0,0,0,0
Isabela,1st District,Divilacan,Dibulos,PH0203111012,PH0203111,PH02031,1,724109.30,1.00,724109.30,2016,Diversion Dam,Irrigation and Water Systems,Rice Program,Diversion Dam,0,0.00,1,724109.30,0,0.00,0,0.00,0,0.00,0,0.00,0,0.00,0,0,0,0,1,0,0,0,0,0,0,0,0,0,0,0,0,0,0,0,0,0,0,0,0,0,0,0,0,0
Isabela,1st District,Divilacan,Ditarum,PH0203111013,PH0203111,PH02031,1,2806484.63,1.00,2806484.63,2016,Diversion Dam,Irrigation and Water Systems,Rice Program,Diversion Dam,0,0.00,1,2806484.63,0,0.00,0,0.00,0,0.00,0,0.00,0,0.00,0,0,0,0,1,0,0,0,0,0,0,0,0,0,0,0,0,0,0,0,0,0,0,0,0,0,0,0,0,0
Isabela,6th District,Echague,Aromin,PH0203112004,PH0203112,PH02031,1,494604.52,1.00,494604.52,2022,Multi-Purpose Drying Pavement,Postharvest and Processing,Corn Program,Multi-Purpose Drying Pavement,0,0.00,0,0.00,1,494604.52,0,0.00,0,0.00,0,0.00,0,0.00,0,0,0,0,0,0,0,0,0,0,0,0,0,1,0,0,0,0,0,0,0,0,0,0,0,0,0,0,0,0
Isabela,6th District,Echague,Babaran,PH0203112005,PH0203112,PH02031,2,21283000.01,1.59,10641500.00,2022,Farm-to-Market Road,Farm-to-Market Roads,Farm to Market Road Development Program,Farm-to-Market Road,2,21283000.01,0,0.00,0,0.00,0,0.00,0,0.00,0,0.00,0,0.00,0,0,0,0,0,2,0,0,0,0,0,0,0,0,0,0,0,0,0,0,0,0,0,0,0,0,0,0,0,0
Isabela,6th District,Echague,Benguet,PH0203112007,PH0203112,PH02031,1,12062000.00,0.83,12062000.00,2020,Farm-to-Market Road,Farm-to-Market Roads,Farm to Market Road Development Program,Farm-to-Market Road,1,12062000.00,0,0.00,0,0.00,0,0.00,0,0.00,0,0.00,0,0.00,0,0,0,0,0,1,0,0,0,0,0,0,0,0,0,0,0,0,0,0,0,0,0,0,0,0,0,0,0,0
Isabela,6th District,Echague,Cabugao (Pob.),PH0203112066,PH0203112,PH02031,1,10000.00,1.00,10000.00,2022,School Garden,Food Gardens,High Value Crop Development Program,School Garden,0,0.00,0,0.00,0,0.00,0,0.00,1,10000.00,0,0.00,0,0.00,0,0,0,0,0,0,0,0,0,0,0,0,0,0,0,0,0,0,0,0,0,1,0,0,0,0,0,0,0,0
Isabela,6th District,Echague,Dammang East,PH0203112013,PH0203112,PH02031,2,20000.00,2.00,10000.00,2022,School Garden,Food Gardens,High Value Crop Development Program,School Garden,0,0.00,0,0.00,0,0.00,0,0.00,2,20000.00,0,0.00,0,0.00,0,0,0,0,0,0,0,0,0,0,0,0,0,0,0,0,0,0,0,0,0,2,0,0,0,0,0,0,0,0
Isabela,6th District,Echague,Dammang West,PH0203112014,PH0203112,PH02031,1,10000.00,1.00,10000.00,2022,School Garden,Food Gardens,High Value Crop Development Program,School Garden,0,0.00,0,0.00,0,0.00,0,0.00,1,10000.00,0,0.00,0,0.00,0,0,0,0,0,0,0,0,0,0,0,0,0,0,0,0,0,0,0,0,0,1,0,0,0,0,0,0,0,0
Isabela,6th District,Echague,Diasan,PH0203112067,PH0203112,PH02031,1,9800890.13,0.83,9800890.13,2023,Farm-to-Market Road,Farm-to-Market Roads,Farm to Market Road Development Program,Farm-to-Market Road,1,9800890.13,0,0.00,0,0.00,0,0.00,0,0.00,0,0.00,0,0.00,0,0,0,0,0,1,0,0,0,0,0,0,0,0,0,0,0,0,0,0,0,0,0,0,0,0,0,0,0,0
Isabela,6th District,Echague,Garit Norte,PH0203112018,PH0203112,PH02031,2,465066.96,2.00,232533.48,2024,Palay Shed,Postharvest and Processing,High Value Crop Development Program | Rice Program,Palay Shed | School Garden,0,0.00,0,0.00,1,455066.96,0,0.00,1,10000.00,0,0.00,0,0.00,0,0,0,0,0,0,0,0,0,0,0,0,0,0,0,0,0,1,0,0,0,1,0,0,0,0,0,0,0,0
Isabela,6th District,Echague,Ipil,PH0203112023,PH0203112,PH02031,3,5020000.00,2.56,1673333.33,2022,School Garden,Food Gardens,Farm to Market Road Development Program | High Value Crop Development Program,Farm-to-Market Road | School Garden,1,5000000.00,0,0.00,0,0.00,0,0.00,2,20000.00,0,0.00,0,0.00,0,0,0,0,0,1,0,0,0,0,0,0,0,0,0,0,0,0,0,0,0,2,0,0,0,0,0,0,0,0
Isabela,6th District,Echague,Libertad,PH0203112024,PH0203112,PH02031,1,9769097.51,0.71,9769097.51,2020,Farm-to-Market Road,Farm-to-Market Roads,Farm to Market Road Development Program,Farm-to-Market Road,1,9769097.51,0,0.00,0,0.00,0,0.00,0,0.00,0,0.00,0,0.00,0,0,0,0,0,1,0,0,0,0,0,0,0,0,0,0,0,0,0,0,0,0,0,0,0,0,0,0,0,0
Isabela,6th District,Echague,Mabbayad,PH0203112025,PH0203112,PH02031,1,5721753.80,1.00,5721753.80,2017,Small Water Impounding Project,Irrigation and Water Systems,Rice Program,Small Water Impounding Project,0,0.00,1,5721753.80,0,0.00,0,0.00,0,0.00,0,0.00,0,0.00,0,0,0,0,0,0,0,0,0,0,0,0,0,0,0,0,0,0,0,0,0,0,1,0,0,0,0,0,0,0
Isabela,6th District,Echague,Pag-asa,PH0203112034,PH0203112,PH02031,1,14914674.81,1.00,14914674.81,2024,Farm-to-Market Road,Farm-to-Market Roads,Farm to Market Road Development Program,Farm-to-Market Road,1,14914674.81,0,0.00,0,0.00,0,0.00,0,0.00,0,0.00,0,0.00,0,0,0,0,0,1,0,0,0,0,0,0,0,0,0,0,0,0,0,0,0,0,0,0,0,0,0,0,0,0
Isabela,6th District,Echague,Pag-asa;Aromin,,PH0203112,PH02031,1,14924732.91,1.25,14924732.91,2023,Farm-to-Market Road,Farm-to-Market Roads,Farm to Market Road Development Program,Farm-to-Market Road,1,14924732.91,0,0.00,0,0.00,0,0.00,0,0.00,0,0.00,0,0.00,0,0,0,0,0,1,0,0,0,0,0,0,0,0,0,0,0,0,0,0,0,0,0,0,0,0,0,0,0,0
Isabela,6th District,Echague,San Antonio Minit,PH0203112043,PH0203112,PH02031,2,3490000.00,1.44,1745000.00,2022,Farm-to-Market Road,Farm-to-Market Roads,Farm to Market Road Development Program | High Value Crop Development Program,Farm-to-Market Road | School Garden,1,3480000.00,0,0.00,0,0.00,0,0.00,1,10000.00,0,0.00,0,0.00,0,0,0,0,0,1,0,0,0,0,0,0,0,0,0,0,0,0,0,0,0,1,0,0,0,0,0,0,0,0
Isabela,6th District,Echague,San Carlos,PH0203112044,PH0203112,PH02031,1,9939111.50,0.67,9939111.50,2024,Farm-to-Market Road,Farm-to-Market Roads,Farm to Market Road Development Program,Farm-to-Market Road,1,9939111.50,0,0.00,0,0.00,0,0.00,0,0.00,0,0.00,0,0.00,0,0,0,0,0,1,0,0,0,0,0,0,0,0,0,0,0,0,0,0,0,0,0,0,0,0,0,0,0,0
Isabela,6th District,Echague,San Fabian,PH0203112045,PH0203112,PH02031,5,1615021.71,5.00,323004.34,2023,Greenhouse,Protected Cultivation and Nurseries,High Value Crop Development Program | National Organic Agriculture Program | National Urban and Peri-Urban Agriculture Program,Greenhouse | Mushroom Fruiting House | Rabbit Housing | School Garden,0,0.00,0,0.00,0,0.00,3,1430022.10,1,10000.00,1,174999.61,0,0.00,0,0,0,0,0,0,0,0,2,0,0,0,0,0,1,0,0,0,1,0,0,1,0,0,0,0,0,0,0,0
Isabela,6th District,Echague,San Felipe,PH0203112046,PH0203112,PH02031,1,10000.00,1.00,10000.00,2022,School Garden,Food Gardens,High Value Crop Development Program,School Garden,0,0.00,0,0.00,0,0.00,0,0.00,1,10000.00,0,0.00,0,0.00,0,0,0,0,0,0,0,0,0,0,0,0,0,0,0,0,0,0,0,0,0,1,0,0,0,0,0,0,0,0
Isabela,6th District,Echague,San Manuel,PH0203112048,PH0203112,PH02031,2,4490000.00,1.57,2245000.00,2022,Farm-to-Market Road,Farm-to-Market Roads,Farm to Market Road Development Program | High Value Crop Development Program,Farm-to-Market Road | School Garden,1,4480000.00,0,0.00,0,0.00,0,0.00,1,10000.00,0,0.00,0,0.00,0,0,0,0,0,1,0,0,0,0,0,0,0,0,0,0,0,0,0,0,0,1,0,0,0,0,0,0,0,0
Isabela,6th District,Echague,San Miguel,PH0203112049,PH0203112,PH02031,1,12064000.00,1.04,12064000.00,2020,Farm-to-Market Road,Farm-to-Market Roads,Farm to Market Road Development Program,Farm-to-Market Road,1,12064000.00,0,0.00,0,0.00,0,0.00,0,0.00,0,0.00,0,0.00,0,0,0,0,0,1,0,0,0,0,0,0,0,0,0,0,0,0,0,0,0,0,0,0,0,0,0,0,0,0
Isabela,6th District,Echague,Santa Ana,PH0203112051,PH0203112,PH02031,1,9650000.00,1.10,9650000.00,2014,Farm-to-Market Road,Farm-to-Market Roads,Farm to Market Road Development Program,Farm-to-Market Road,1,9650000.00,0,0.00,0,0.00,0,0.00,0,0.00,0,0.00,0,0.00,0,0,0,0,0,1,0,0,0,0,0,0,0,0,0,0,0,0,0,0,0,0,0,0,0,0,0,0,0,0
Isabela,6th District,Echague,Santa Monica;Libertad,,PH0203112,PH02031,1,11910000.00,1.00,11910000.00,2023,Farm-to-Market Road,Farm-to-Market Roads,Farm to Market Road Development Program,Farm-to-Market Road,1,11910000.00,0,0.00,0,0.00,0,0.00,0,0.00,0,0.00,0,0.00,0,0,0,0,0,1,0,0,0,0,0,0,0,0,0,0,0,0,0,0,0,0,0,0,0,0,0,0,0,0
Isabela,6th District,Echague,Santo Domingo,PH0203112055,PH0203112,PH02031,1,10000.00,1.00,10000.00,2022,School Garden,Food Gardens,High Value Crop Development Program,School Garden,0,0.00,0,0.00,0,0.00,0,0.00,1,10000.00,0,0.00,0,0.00,0,0,0,0,0,0,0,0,0,0,0,0,0,0,0,0,0,0,0,0,0,1,0,0,0,0,0,0,0,0
Isabela,2nd District,Gamu,Barcolan,PH0203113002,PH0203113,PH02031,2,2010000.00,1.20,1005000.00,2022,School Garden,Food Gardens,Farm to Market Road Development Program | High Value Crop Development Program,Farm-to-Market Road | School Garden,1,2000000.00,0,0.00,0,0.00,0,0.00,1,10000.00,0,0.00,0,0.00,0,0,0,0,0,1,0,0,0,0,0,0,0,0,0,0,0,0,0,0,0,1,0,0,0,0,0,0,0,0
Isabela,2nd District,Gamu,Guibang,PH0203113009,PH0203113,PH02031,1,10000.00,1.00,10000.00,2022,School Garden,Food Gardens,High Value Crop Development Program,School Garden,0,0.00,0,0.00,0,0.00,0,0.00,1,10000.00,0,0.00,0,0.00,0,0,0,0,0,0,0,0,0,0,0,0,0,0,0,0,0,0,0,0,0,1,0,0,0,0,0,0,0,0
Isabela,2nd District,Gamu,Linglingay,PH0203113011,PH0203113,PH02031,2,4839783.83,1.67,2419891.92,2022,Farm-to-Market Road,Farm-to-Market Roads,Farm to Market Road Development Program | High Value Crop Development Program,Farm-to-Market Road | School Garden,1,4829783.83,0,0.00,0,0.00,0,0.00,1,10000.00,0,0.00,0,0.00,0,0,0,0,0,1,0,0,0,0,0,0,0,0,0,0,0,0,0,0,0,1,0,0,0,0,0,0,0,0
Isabela,2nd District,Gamu,Mabini,PH0203113012,PH0203113,PH02031,3,25780377.75,2.80,8593459.25,2022,Farm-to-Market Road,Farm-to-Market Roads,Farm to Market Road Development Program | Rice Program,Farm-to-Market Road | Warehouse,2,17014040.40,0,0.00,1,8766337.35,0,0.00,0,0.00,0,0.00,0,0.00,0,0,0,0,0,2,0,0,0,0,0,0,0,0,0,0,0,0,0,0,0,0,0,0,0,0,0,0,0,1
Isabela,2nd District,Gamu,Upi,PH0203113025,PH0203113,PH02031,8,16765679.02,7.01,2095709.88,2024,Farm-to-Market Road,Farm-to-Market Roads,Farm to Market Road Development Program | National Urban and Peri-Urban Agriculture Program,Chicken Housing | Farm-to-Market Road | Greenhouse | Mushroom Fruiting House | Nursery Establishment,4,15554153.38,0,0.00,0,0.00,3,1051541.63,0,0.00,1,159984.01,0,0.00,0,1,0,0,0,4,0,0,1,0,0,0,0,0,1,1,0,0,0,0,0,0,0,0,0,0,0,0,0,0
Isabela,1st District,Ilagan City (Capital),,,PH0203114,PH02031,3,13748110.31,3.85,4582703.44,2018,Farm-to-Market Road,Farm-to-Market Roads,Farm to Market Road Development Program | Rice Program,Farm-to-Market Road | Solar-Powered Irrigation System,2,7967500.00,1,5780610.31,0,0.00,0,0.00,0,0.00,0,0.00,0,0.00,0,0,0,0,0,2,0,0,0,0,0,0,0,0,0,0,0,0,0,0,0,0,0,0,1,0,0,0,0,0
Isabela,1st District,Ilagan City (Capital),Allinguigan 1st,PH0203114004,PH0203114,PH02031,1,11815275.06,1.13,11815275.06,2020,Farm-to-Market Road,Farm-to-Market Roads,Farm to Market Road Development Program,Farm-to-Market Road,1,11815275.06,0,0.00,0,0.00,0,0.00,0,0.00,0,0.00,0,0.00,0,0,0,0,0,1,0,0,0,0,0,0,0,0,0,0,0,0,0,0,0,0,0,0,0,0,0,0,0,0
Isabela,1st District,Ilagan City (Capital),Arusip;Bagong Silang,,PH0203114,PH02031,1,11930783.03,1.00,11930783.03,2023,Farm-to-Market Road,Farm-to-Market Roads,Farm to Market Road Development Program,Farm-to-Market Road,1,11930783.03,0,0.00,0,0.00,0,0.00,0,0.00,0,0.00,0,0.00,0,0,0,0,0,1,0,0,0,0,0,0,0,0,0,0,0,0,0,0,0,0,0,0,0,0,0,0,0,0
Isabela,1st District,Ilagan City (Capital),Arusip;Cabannungan 2nd,,PH0203114,PH02031,1,11931709.75,1.00,11931709.75,2023,Farm-to-Market Road,Farm-to-Market Roads,Farm to Market Road Development Program,Farm-to-Market Road,1,11931709.75,0,0.00,0,0.00,0,0.00,0,0.00,0,0.00,0,0.00,0,0,0,0,0,1,0,0,0,0,0,0,0,0,0,0,0,0,0,0,0,0,0,0,0,0,0,0,0,0
Isabela,1st District,Ilagan City (Capital),Cabeseria 14 and 16 (Casilagan),PH0203114042,PH0203114,PH02031,1,9745539.60,1.40,9745539.60,2020,Farm-to-Market Road,Farm-to-Market Roads,Farm to Market Road Development Program,Farm-to-Market Road,1,9745539.60,0,0.00,0,0.00,0,0.00,0,0.00,0,0.00,0,0.00,0,0,0,0,0,1,0,0,0,0,0,0,0,0,0,0,0,0,0,0,0,0,0,0,0,0,0,0,0,0
Isabela,1st District,Ilagan City (Capital),Carikkikan Norte,PH0203114040,PH0203114,PH02031,1,2970106.30,1.00,2970106.30,2017,Small Water Impounding Project,Irrigation and Water Systems,Rice Program,Small Water Impounding Project,0,0.00,1,2970106.30,0,0.00,0,0.00,0,0.00,0,0.00,0,0.00,0,0,0,0,0,0,0,0,0,0,0,0,0,0,0,0,0,0,0,0,0,0,1,0,0,0,0,0,0,0
Isabela,1st District,Ilagan City (Capital),Centro - San Antonio,PH0203114079,PH0203114,PH02031,2,1165270.14,2.00,582635.07,2022,Solar-Powered Irrigation System,Irrigation and Water Systems,High Value Crop Development Program | National Organic Agriculture Program,Greenhouse | Solar-Powered Irrigation System,0,0.00,1,621834.14,0,0.00,1,543436.00,0,0.00,0,0.00,0,0.00,0,0,0,0,0,0,0,0,1,0,0,0,0,0,0,0,0,0,0,0,0,0,0,0,1,0,0,0,0,0
Isabela,1st District,Ilagan City (Capital),Gayong-Gayong Sur,PH0203114048,PH0203114,PH02031,1,1989400.00,454.00,1989400.00,2014,Farm-to-Market Road,Farm-to-Market Roads,Farm to Market Road Development Program,Farm-to-Market Road,1,1989400.00,0,0.00,0,0.00,0,0.00,0,0.00,0,0.00,0,0.00,0,0,0,0,0,1,0,0,0,0,0,0,0,0,0,0,0,0,0,0,0,0,0,0,0,0,0,0,0,0
Isabela,1st District,Ilagan City (Capital),Marana I,PH0203114057,PH0203114,PH02031,1,1197994.25,1.00,1197994.25,2024,Mobile Solar Power Irrigation Unit,Irrigation and Water Systems,Corn Program,Mobile Solar Power Irrigation Unit,0,0.00,1,1197994.25,0,0.00,0,0.00,0,0.00,0,0.00,0,0.00,0,0,0,0,0,0,0,0,0,0,1,0,0,0,0,0,0,0,0,0,0,0,0,0,0,0,0,0,0,0
Isabela,1st District,Ilagan City (Capital),Namnama,PH0203114064,PH0203114,PH02031,1,4973800.00,0.75,4973800.00,2014,Farm-to-Market Road,Farm-to-Market Roads,Farm to Market Road Development Program,Farm-to-Market Road,1,4973800.00,0,0.00,0,0.00,0,0.00,0,0.00,0,0.00,0,0.00,0,0,0,0,0,1,0,0,0,0,0,0,0,0,0,0,0,0,0,0,0,0,0,0,0,0,0,0,0,0
Isabela,1st District,Ilagan City (Capital),Pasa,PH0203114070,PH0203114,PH02031,3,24316361.59,3.00,8105453.86,2023,Farm-to-Market Road,Farm-to-Market Roads,Corn Program | Farm to Market Road Development Program,Farm-to-Market Road | Multi-Purpose Drying Pavement,2,23821757.07,0,0.00,1,494604.52,0,0.00,0,0.00,0,0.00,0,0.00,0,0,0,0,0,2,0,0,0,0,0,0,0,1,0,0,0,0,0,0,0,0,0,0,0,0,0,0,0,0
Isabela,1st District,Ilagan City (Capital),Rang-ayan (Bintacan),PH0203114073,PH0203114,PH02031,1,481170.11,1.00,481170.11,2021,Multi-Purpose Drying Pavement,Postharvest and Processing,Rice Program,Multi-Purpose Drying Pavement,0,0.00,0,0.00,1,481170.11,0,0.00,0,0.00,0,0.00,0,0.00,0,0,0,0,0,0,0,0,0,0,0,0,0,1,0,0,0,0,0,0,0,0,0,0,0,0,0,0,0,0
Isabela,1st District,Ilagan City (Capital),San Andres (Angarilla),PH0203114077,PH0203114,PH02031,2,8135569.79,2.00,4067784.90,2016,Small Water Impounding Project,Irrigation and Water Systems,Rice Program,Diversion Dam | Small Water Impounding Project,0,0.00,2,8135569.79,0,0.00,0,0.00,0,0.00,0,0.00,0,0.00,0,0,0,0,1,0,0,0,0,0,0,0,0,0,0,0,0,0,0,0,0,0,1,0,0,0,0,0,0,0
Isabela,1st District,Ilagan City (Capital),San Felipe,PH0203114080,PH0203114,PH02031,3,26398905.99,4.07,8799635.33,2022,Farm-to-Market Road,Farm-to-Market Roads,Corn Program | Farm to Market Road Development Program,Farm-to-Market Road | Solar-Powered Irrigation System,2,20609312.34,1,5789593.65,0,0.00,0,0.00,0,0.00,0,0.00,0,0.00,0,0,0,0,0,2,0,0,0,0,0,0,0,0,0,0,0,0,0,0,0,0,0,0,1,0,0,0,0,0
Isabela,1st District,Ilagan City (Capital),San Ignacio (Canapi),PH0203114081,PH0203114,PH02031,2,11743526.22,1.50,5871763.11,2023,Farm-to-Market Road,Farm-to-Market Roads,Corn Program | Farm to Market Road Development Program,Farm-to-Market Road | Solar-Powered Irrigation System,1,5964898.35,1,5778627.87,0,0.00,0,0.00,0,0.00,0,0.00,0,0.00,0,0,0,0,0,1,0,0,0,0,0,0,0,0,0,0,0,0,0,0,0,0,0,0,1,0,0,0,0,0
Isabela,1st District,Ilagan City (Capital),San Pablo,PH0203114085,PH0203114,PH02031,1,4975000.00,1.12,4975000.00,2015,Farm-to-Market Road,Farm-to-Market Roads,Farm to Market Road Development Program,Farm-to-Market Road,1,4975000.00,0,0.00,0,0.00,0,0.00,0,0.00,0,0.00,0,0.00,0,0,0,0,0,1,0,0,0,0,0,0,0,0,0,0,0,0,0,0,0,0,0,0,0,0,0,0,0,0
Isabela,1st District,Ilagan City (Capital),San Rodrigo,PH0203114103,PH0203114,PH02031,1,4975000.00,0.50,4975000.00,2015,Farm-to-Market Road,Farm-to-Market Roads,Farm to Market Road Development Program,Farm-to-Market Road,1,4975000.00,0,0.00,0,0.00,0,0.00,0,0.00,0,0.00,0,0.00,0,0,0,0,0,1,0,0,0,0,0,0,0,0,0,0,0,0,0,0,0,0,0,0,0,0,0,0,0,0
Isabela,1st District,Ilagan City (Capital),San Vicente (Pob.),PH0203114087,PH0203114,PH02031,2,67624888.11,2.00,33812444.05,2023,Village Type Corn Postharvest Processing Center (VTCPPC),Postharvest and Processing,Corn Program,Multi-Purpose Drying Pavement | Village Type Corn Postharvest Processing Center (VTCPPC),0,0.00,0,0.00,2,67624888.11,0,0.00,0,0.00,0,0.00,0,0.00,0,0,0,0,0,0,0,0,0,0,0,0,0,1,0,0,0,0,0,0,0,0,0,0,0,0,0,0,1,0
Isabela,1st District,Ilagan City (Capital),Santa Isabel Sur;Carikkikan Sur,,PH0203114,PH02031,1,11934859.28,1.00,11934859.28,2023,Farm-to-Market Road,Farm-to-Market Roads,Farm to Market Road Development Program,Farm-to-Market Road,1,11934859.28,0,0.00,0,0.00,0,0.00,0,0.00,0,0.00,0,0.00,0,0,0,0,0,1,0,0,0,0,0,0,0,0,0,0,0,0,0,0,0,0,0,0,0,0,0,0,0,0
Isabela,1st District,Ilagan City (Capital),Santa Victoria,PH0203114093,PH0203114,PH02031,2,1615024.69,2.00,807512.34,2024,Mobile Solar Power Irrigation Unit,Irrigation and Water Systems,Corn Program | Rice Program,Mobile Solar Power Irrigation Unit | Palay Shed,0,0.00,1,1197994.25,1,417030.44,0,0.00,0,0.00,0,0.00,0,0.00,0,0,0,0,0,0,0,0,0,0,1,0,0,0,0,0,0,1,0,0,0,0,0,0,0,0,0,0,0,0
Isabela,4th District,Jones,Abulan,PH0203115001,PH0203115,PH02031,1,1375125.00,1.00,1375125.00,2015,Small Water Impounding Project,Irrigation and Water Systems,Rice Program,Small Water Impounding Project,0,0.00,1,1375125.00,0,0.00,0,0.00,0,0.00,0,0.00,0,0.00,0,0,0,0,0,0,0,0,0,0,0,0,0,0,0,0,0,0,0,0,0,0,1,0,0,0,0,0,0,0
Isabela,4th District,Jones,Arubub,PH0203115003,PH0203115,PH02031,2,18930743.23,2.57,9465371.62,2024,Farm-to-Market Road,Farm-to-Market Roads,Farm to Market Road Development Program,Farm-to-Market Road,2,18930743.23,0,0.00,0,0.00,0,0.00,0,0.00,0,0.00,0,0.00,0,0,0,0,0,2,0,0,0,0,0,0,0,0,0,0,0,0,0,0,0,0,0,0,0,0,0,0,0,0
Isabela,4th District,Jones,Bantay,PH0203115005,PH0203115,PH02031,2,10900227.02,2.00,5450113.51,2016,Small Water Impounding Project,Irrigation and Water Systems,Rice Program,Small Water Impounding Project,0,0.00,2,10900227.02,0,0.00,0,0.00,0,0.00,0,0.00,0,0.00,0,0,0,0,0,0,0,0,0,0,0,0,0,0,0,0,0,0,0,0,0,0,2,0,0,0,0,0,0,0
Isabela,4th District,Jones,Barangay II (Pob.),PH0203115007,PH0203115,PH02031,2,14452000.00,1.91,7226000.00,2019,Farm-to-Market Road,Farm-to-Market Roads,Farm to Market Road Development Program | Rice Program,Diversion Dam | Farm-to-Market Road,1,11940000.00,1,2512000.00,0,0.00,0,0.00,0,0.00,0,0.00,0,0.00,0,0,0,0,1,1,0,0,0,0,0,0,0,0,0,0,0,0,0,0,0,0,0,0,0,0,0,0,0,0
Isabela,4th District,Jones,Dalibubon,PH0203115009,PH0203115,PH02031,2,491170.11,2.00,245585.05,2022,School Garden,Food Gardens,High Value Crop Development Program | Rice Program,Multi-Purpose Drying Pavement | School Garden,0,0.00,0,0.00,1,481170.11,0,0.00,1,10000.00,0,0.00,0,0.00,0,0,0,0,0,0,0,0,0,0,0,0,0,1,0,0,0,0,0,0,0,1,0,0,0,0,0,0,0,0
Isabela,4th District,Jones,Daligan,PH0203115010,PH0203115,PH02031,1,9952000.00,0.91,9952000.00,2016,Farm-to-Market Road,Farm-to-Market Roads,Farm to Market Road Development Program,Farm-to-Market Road,1,9952000.00,0,0.00,0,0.00,0,0.00,0,0.00,0,0.00,0,0.00,0,0,0,0,0,1,0,0,0,0,0,0,0,0,0,0,0,0,0,0,0,0,0,0,0,0,0,0,0,0
Isabela,4th District,Jones,Diarao,PH0203115011,PH0203115,PH02031,1,8284919.50,1.00,8284919.50,2017,Small Water Impounding Project,Irrigation and Water Systems,Rice Program,Small Water Impounding Project,0,0.00,1,8284919.50,0,0.00,0,0.00,0,0.00,0,0.00,0,0.00,0,0,0,0,0,0,0,0,0,0,0,0,0,0,0,0,0,0,0,0,0,0,1,0,0,0,0,0,0,0
Isabela,4th District,Jones,Dibuluan,PH0203115012,PH0203115,PH02031,2,17518750.00,1.84,8759375.00,2019,Farm-to-Market Road,Farm-to-Market Roads,Farm to Market Road Development Program | Rice Program,Farm-to-Market Road | Small Water Impounding Project,1,12935000.00,1,4583750.00,0,0.00,0,0.00,0,0.00,0,0.00,0,0.00,0,0,0,0,0,1,0,0,0,0,0,0,0,0,0,0,0,0,0,0,0,0,1,0,0,0,0,0,0,0
Isabela,4th District,Jones,Dicamay I,PH0203115013,PH0203115,PH02031,1,10000.00,1.00,10000.00,2022,School Garden,Food Gardens,High Value Crop Development Program,School Garden,0,0.00,0,0.00,0,0.00,0,0.00,1,10000.00,0,0.00,0,0.00,0,0,0,0,0,0,0,0,0,0,0,0,0,0,0,0,0,0,0,0,0,1,0,0,0,0,0,0,0,0
Isabela,4th District,Jones,Divinan,PH0203115017,PH0203115,PH02031,2,24004375.00,2.03,12002187.50,2021,Farm-to-Market Road,Farm-to-Market Roads,Farm to Market Road Development Program,Farm-to-Market Road,2,24004375.00,0,0.00,0,0.00,0,0.00,0,0.00,0,0.00,0,0.00,0,0,0,0,0,2,0,0,0,0,0,0,0,0,0,0,0,0,0,0,0,0,0,0,0,0,0,0,0,0
Isabela,4th District,Jones,Linomot,PH0203115022,PH0203115,PH02031,4,11961624.47,3.35,2990406.12,2022,Small Water Impounding Project,Irrigation and Water Systems,Farm to Market Road Development Program | High Value Crop Development Program | Rice Program,Farm-to-Market Road | School Garden | Small Water Impounding Project,1,4975000.00,2,6976624.47,0,0.00,0,0.00,1,10000.00,0,0.00,0,0.00,0,0,0,0,0,1,0,0,0,0,0,0,0,0,0,0,0,0,0,0,0,1,2,0,0,0,0,0,0,0
Isabela,4th District,Jones,Malannit,PH0203115023,PH0203115,PH02031,1,9850623.22,0.67,9850623.22,2024,Farm-to-Market Road,Farm-to-Market Roads,Farm to Market Road Development Program,Farm-to-Market Road,1,9850623.22,0,0.00,0,0.00,0,0.00,0,0.00,0,0.00,0,0.00,0,0,0,0,0,1,0,0,0,0,0,0,0,0,0,0,0,0,0,0,0,0,0,0,0,0,0,0,0,0
Isabela,4th District,Jones,Minuri,PH0203115024,PH0203115,PH02031,1,9920101.55,1.00,9920101.55,2017,Small Water Impounding Project,Irrigation and Water Systems,Rice Program,Small Water Impounding Project,0,0.00,1,9920101.55,0,0.00,0,0.00,0,0.00,0,0.00,0,0.00,0,0,0,0,0,0,0,0,0,0,0,0,0,0,0,0,0,0,0,0,0,0,1,0,0,0,0,0,0,0
Isabela,4th District,Jones,Papan Este,PH0203115030,PH0203115,PH02031,1,9950000.00,1.00,9950000.00,2018,Farm-to-Market Road,Farm-to-Market Roads,Farm to Market Road Development Program,Farm-to-Market Road,1,9950000.00,0,0.00,0,0.00,0,0.00,0,0.00,0,0.00,0,0.00,0,0,0,0,0,1,0,0,0,0,0,0,0,0,0,0,0,0,0,0,0,0,0,0,0,0,0,0,0,0
Isabela,4th District,Jones,Pongpongan,PH0203115033,PH0203115,PH02031,1,20843651.62,1.40,20843651.62,2024,Farm-to-Market Road,Farm-to-Market Roads,Farm to Market Road Development Program,Farm-to-Market Road,1,20843651.62,0,0.00,0,0.00,0,0.00,0,0.00,0,0.00,0,0.00,0,0,0,0,0,1,0,0,0,0,0,0,0,0,0,0,0,0,0,0,0,0,0,0,0,0,0,0,0,0
Isabela,4th District,Jones,San Jose,PH0203115036,PH0203115,PH02031,1,9394770.25,1.13,9394770.25,2017,Farm-to-Market Road,Farm-to-Market Roads,Farm to Market Road Development Program,Farm-to-Market Road,1,9394770.25,0,0.00,0,0.00,0,0.00,0,0.00,0,0.00,0,0.00,0,0,0,0,0,1,0,0,0,0,0,0,0,0,0,0,0,0,0,0,0,0,0,0,0,0,0,0,0,0
Isabela,4th District,Jones,San Vicente,PH0203115039,PH0203115,PH02031,1,10000.00,1.00,10000.00,2022,School Garden,Food Gardens,High Value Crop Development Program,School Garden,0,0.00,0,0.00,0,0.00,0,0.00,1,10000.00,0,0.00,0,0.00,0,0,0,0,0,0,0,0,0,0,0,0,0,0,0,0,0,0,0,0,0,1,0,0,0,0,0,0,0,0
Isabela,4th District,Jones,Santa Isabel,PH0203115040,PH0203115,PH02031,1,14980000.00,1.36,14980000.00,2015,Farm-to-Market Road,Farm-to-Market Roads,Farm to Market Road Development Program,Farm-to-Market Road,1,14980000.00,0,0.00,0,0.00,0,0.00,0,0.00,0,0.00,0,0.00,0,0,0,0,0,1,0,0,0,0,0,0,0,0,0,0,0,0,0,0,0,0,0,0,0,0,0,0,0,0
Isabela,4th District,Jones,Santa Isabel;Dicamay I,,PH0203115,PH02031,1,12434340.74,0.90,12434340.74,2021,Farm-to-Market Road,Farm-to-Market Roads,Farm to Market Road Development Program,Farm-to-Market Road,1,12434340.74,0,0.00,0,0.00,0,0.00,0,0.00,0,0.00,0,0.00,0,0,0,0,0,1,0,0,0,0,0,0,0,0,0,0,0,0,0,0,0,0,0,0,0,0,0,0,0,0
Isabela,4th District,Jones,Santo Domingo,PH0203115041,PH0203115,PH02031,2,12829703.60,2.00,6414851.80,2016,Small Water Impounding Project,Irrigation and Water Systems,Rice Program,Diversion Dam | Small Water Impounding Project,0,0.00,2,12829703.60,0,0.00,0,0.00,0,0.00,0,0.00,0,0.00,0,0,0,0,1,0,0,0,0,0,0,0,0,0,0,0,0,0,0,0,0,0,1,0,0,0,0,0,0,0
Isabela,4th District,Jones,Usol,PH0203115043,PH0203115,PH02031,2,19902000.00,2.01,9951000.00,2015,Farm-to-Market Road,Farm-to-Market Roads,Farm to Market Road Development Program,Farm-to-Market Road,2,19902000.00,0,0.00,0,0.00,0,0.00,0,0.00,0,0.00,0,0.00,0,0,0,0,0,2,0,0,0,0,0,0,0,0,0,0,0,0,0,0,0,0,0,0,0,0,0,0,0,0
Isabela,5th District,Luna,Centro 2 (Pob.),PH0203116003,PH0203116,PH02031,1,100000.00,1.00,100000.00,2022,Gulayan sa Barangay,Food Gardens,High Value Crop Development Program,Gulayan sa Barangay,0,0.00,0,0.00,0,0.00,0,0.00,1,100000.00,0,0.00,0,0.00,0,0,0,0,0,0,0,0,0,1,0,0,0,0,0,0,0,0,0,0,0,0,0,0,0,0,0,0,0,0
Isabela,5th District,Luna,Harana,PH0203116007,PH0203116,PH02031,2,11844874.56,2.31,5922437.28,2022,Farm-to-Market Road,Farm-to-Market Roads,Farm to Market Road Development Program | High Value Crop Development Program,Farm-to-Market Road | School Garden,1,11834874.56,0,0.00,0,0.00,0,0.00,1,10000.00,0,0.00,0,0.00,0,0,0,0,0,1,0,0,0,0,0,0,0,0,0,0,0,0,0,0,0,1,0,0,0,0,0,0,0,0
Isabela,5th District,Luna,Lalog 1,PH0203116008,PH0203116,PH02031,2,1100000.36,2.00,550000.18,2023,Gulayan sa Barangay,Food Gardens,High Value Crop Development Program | National Urban and Peri-Urban Agriculture Program,Greenhouse | Gulayan sa Barangay,0,0.00,0,0.00,0,0.00,1,1000000.36,1,100000.00,0,0.00,0,0.00,0,0,0,0,0,0,0,0,1,1,0,0,0,0,0,0,0,0,0,0,0,0,0,0,0,0,0,0,0,0
Isabela,5th District,Luna,Lalog 2,PH0203116009,PH0203116,PH02031,1,999944.94,1.00,999944.94,2023,Nursery Establishment,Protected Cultivation and Nurseries,High Value Crop Development Program,Nursery Establishment,0,0.00,0,0.00,0,0.00,1,999944.94,0,0.00,0,0.00,0,0.00,0,0,0,0,0,0,0,0,0,0,0,0,0,0,0,1,0,0,0,0,0,0,0,0,0,0,0,0,0,0
Isabela,5th District,Luna,Maca?ao,,PH0203116,PH02031,1,5700193.00,1.00,5700193.00,2018,Solar-Powered Irrigation System,Irrigation and Water Systems,Rice Program,Solar-Powered Irrigation System,0,0.00,1,5700193.00,0,0.00,0,0.00,0,0.00,0,0.00,0,0.00,0,0,0,0,0,0,0,0,0,0,0,0,0,0,0,0,0,0,0,0,0,0,0,0,1,0,0,0,0,0
Isabela,5th District,Luna,Mambabanga,PH0203116013,PH0203116,PH02031,1,100000.00,1.00,100000.00,2022,Gulayan sa Barangay,Food Gardens,High Value Crop Development Program,Gulayan sa Barangay,0,0.00,0,0.00,0,0.00,0,0.00,1,100000.00,0,0.00,0,0.00,0,0,0,0,0,0,0,0,0,1,0,0,0,0,0,0,0,0,0,0,0,0,0,0,0,0,0,0,0,0
Isabela,5th District,Luna,Pulay,PH0203116014,PH0203116,PH02031,1,100000.00,1.00,100000.00,2022,Gulayan sa Barangay,Food Gardens,High Value Crop Development Program,Gulayan sa Barangay,0,0.00,0,0.00,0,0.00,0,0.00,1,100000.00,0,0.00,0,0.00,0,0,0,0,0,0,0,0,0,1,0,0,0,0,0,0,0,0,0,0,0,0,0,0,0,0,0,0,0,0
Isabela,5th District,Luna,San Miguel,PH0203116017,PH0203116,PH02031,1,100000.00,1.00,100000.00,2022,Gulayan sa Barangay,Food Gardens,High Value Crop Development Program,Gulayan sa Barangay,0,0.00,0,0.00,0,0.00,0,0.00,1,100000.00,0,0.00,0,0.00,0,0,0,0,0,0,0,0,0,1,0,0,0,0,0,0,0,0,0,0,0,0,0,0,0,0,0,0,0,0
Isabela,1st District,Maconacon,Aplaya,PH0203117009,PH0203117,PH02031,2,7223166.50,1.42,3611583.25,2019,Farm-to-Market Road,Farm-to-Market Roads,Farm to Market Road Development Program | Rice Program,Diversion Dam | Farm-to-Market Road,1,4975000.00,1,2248166.50,0,0.00,0,0.00,0,0.00,0,0.00,0,0.00,0,0,0,0,1,1,0,0,0,0,0,0,0,0,0,0,0,0,0,0,0,0,0,0,0,0,0,0,0,0
Isabela,1st District,Maconacon,Diana,PH0203117001,PH0203117,PH02031,1,3201911.64,1.00,3201911.64,2022,Diversion Dam,Irrigation and Water Systems,Rice Program,Diversion Dam,0,0.00,1,3201911.64,0,0.00,0,0.00,0,0.00,0,0.00,0,0.00,0,0,0,0,1,0,0,0,0,0,0,0,0,0,0,0,0,0,0,0,0,0,0,0,0,0,0,0,0,0
Isabela,5th District,Mallig,,,PH0203119,PH02031,3,14677000.00,1.65,4892333.33,2018,Farm-to-Market Road,Farm-to-Market Roads,Farm to Market Road Development Program,Farm-to-Market Road,3,14677000.00,0,0.00,0,0.00,0,0.00,0,0.00,0,0.00,0,0.00,0,0,0,0,0,3,0,0,0,0,0,0,0,0,0,0,0,0,0,0,0,0,0,0,0,0,0,0,0,0
Isabela,5th District,Mallig,Binmonton,PH0203119002,PH0203119,PH02031,1,10000.00,1.00,10000.00,2022,School Garden,Food Gardens,High Value Crop Development Program,School Garden,0,0.00,0,0.00,0,0.00,0,0.00,1,10000.00,0,0.00,0,0.00,0,0,0,0,0,0,0,0,0,0,0,0,0,0,0,0,0,0,0,0,0,1,0,0,0,0,0,0,0,0
Isabela,5th District,Mallig,Casili,PH0203119003,PH0203119,PH02031,2,418930.89,2.00,209465.45,2024,School Garden,Food Gardens,High Value Crop Development Program | Rice Program,Palay Shed | School Garden,0,0.00,0,0.00,1,408930.89,0,0.00,1,10000.00,0,0.00,0,0.00,0,0,0,0,0,0,0,0,0,0,0,0,0,0,0,0,0,1,0,0,0,1,0,0,0,0,0,0,0,0
Isabela,5th District,Mallig,Centro I (Pob.);San Ramon,,PH0203119,PH02031,1,44374513.52,1.09,44374513.52,2021,Farm-to-Market Road,Farm-to-Market Roads,Farm to Market Road Development Program,Farm-to-Market Road,1,44374513.52,0,0.00,0,0.00,0,0.00,0,0.00,0,0.00,0,0.00,0,0,0,0,0,1,0,0,0,0,0,0,0,0,0,0,0,0,0,0,0,0,0,0,0,0,0,0,0,0
Isabela,5th District,Mallig,Centro II (Pob.),PH0203119009,PH0203119,PH02031,2,10069933.33,4.00,5034966.67,2023,Farm-to-Market Road,Farm-to-Market Roads,Farm to Market Road Development Program | High Value Crop Development Program,Farm-to-Market Road | Rainshelter,1,9952000.00,0,0.00,0,0.00,1,117933.33,0,0.00,0,0.00,0,0.00,0,0,0,0,0,1,0,0,0,0,0,0,0,0,0,0,0,0,0,1,0,0,0,0,0,0,0,0,0,0
Isabela,5th District,Mallig,Holy Friday,PH0203119005,PH0203119,PH02031,1,621834.14,1.00,621834.14,2022,Solar-Powered Irrigation System,Irrigation and Water Systems,High Value Crop Development Program,Solar-Powered Irrigation System,0,0.00,1,621834.14,0,0.00,0,0.00,0,0.00,0,0.00,0,0.00,0,0,0,0,0,0,0,0,0,0,0,0,0,0,0,0,0,0,0,0,0,0,0,0,1,0,0,0,0,0
Isabela,5th District,Mallig,Holy Friday;Maligaya,,PH0203119,PH02031,1,14918251.23,1.22,14918251.23,2024,Farm-to-Market Road,Farm-to-Market Roads,Farm to Market Road Development Program,Farm-to-Market Road,1,14918251.23,0,0.00,0,0.00,0,0.00,0,0.00,0,0.00,0,0.00,0,0,0,0,0,1,0,0,0,0,0,0,0,0,0,0,0,0,0,0,0,0,0,0,0,0,0,0,0,0
Isabela,5th District,Mallig,Manano,PH0203119007,PH0203119,PH02031,5,46217208.74,5.00,9243441.75,2017,Small Water Impounding Project,Irrigation and Water Systems,Rice Program,Small Water Impounding Project,0,0.00,5,46217208.74,0,0.00,0,0.00,0,0.00,0,0.00,0,0.00,0,0,0,0,0,0,0,0,0,0,0,0,0,0,0,0,0,0,0,0,0,0,5,0,0,0,0,0,0,0
Isabela,5th District,Mallig,San Jose Sur,PH0203119012,PH0203119,PH02031,1,4726300.00,0.66,4726300.00,2014,Farm-to-Market Road,Farm-to-Market Roads,Farm to Market Road Development Program,Farm-to-Market Road,1,4726300.00,0,0.00,0,0.00,0,0.00,0,0.00,0,0.00,0,0.00,0,0,0,0,0,1,0,0,0,0,0,0,0,0,0,0,0,0,0,0,0,0,0,0,0,0,0,0,0,0
Isabela,5th District,Mallig,San Pedro (Barucbuc Sur),PH0203119001,PH0203119,PH02031,1,12525137.37,1.28,12525137.37,2022,Farm-to-Market Road,Farm-to-Market Roads,Farm to Market Road Development Program,Farm-to-Market Road,1,12525137.37,0,0.00,0,0.00,0,0.00,0,0.00,0,0.00,0,0.00,0,0,0,0,0,1,0,0,0,0,0,0,0,0,0,0,0,0,0,0,0,0,0,0,0,0,0,0,0,0
Isabela,5th District,Mallig,Siempre Viva Norte,PH0203119013,PH0203119,PH02031,5,12687000.00,1.54,2537400.00,2015,Farm-to-Market Road,Farm-to-Market Roads,Farm to Market Road Development Program,Farm-to-Market Road,5,12687000.00,0,0.00,0,0.00,0,0.00,0,0.00,0,0.00,0,0.00,0,0,0,0,0,5,0,0,0,0,0,0,0,0,0,0,0,0,0,0,0,0,0,0,0,0,0,0,0,0
Isabela,5th District,Mallig,Trinidad,PH0203119014,PH0203119,PH02031,5,68135963.64,5.00,13627192.73,2023,Small Water Impounding Project,Irrigation and Water Systems,Rice Program,Small Water Impounding Project,0,0.00,5,68135963.64,0,0.00,0,0.00,0,0.00,0,0.00,0,0.00,0,0,0,0,0,0,0,0,0,0,0,0,0,0,0,0,0,0,0,0,0,0,5,0,0,0,0,0,0,0
Isabela,2nd District,Naguilian,Bagong Sikat,PH0203120002,PH0203120,PH02031,1,12374646.55,1.17,12374646.55,2020,Farm-to-Market Road,Farm-to-Market Roads,Farm to Market Road Development Program,Farm-to-Market Road,1,12374646.55,0,0.00,0,0.00,0,0.00,0,0.00,0,0.00,0,0.00,0,0,0,0,0,1,0,0,0,0,0,0,0,0,0,0,0,0,0,0,0,0,0,0,0,0,0,0,0,0
Isabela,2nd District,Naguilian,Burgos,PH0203120003,PH0203120,PH02031,2,24847555.53,1.67,12423777.77,2024,Farm-to-Market Road,Farm-to-Market Roads,Farm to Market Road Development Program,Farm-to-Market Road,2,24847555.53,0,0.00,0,0.00,0,0.00,0,0.00,0,0.00,0,0.00,0,0,0,0,0,2,0,0,0,0,0,0,0,0,0,0,0,0,0,0,0,0,0,0,0,0,0,0,0,0
Isabela,2nd District,Naguilian,Cabaruan,PH0203120004,PH0203120,PH02031,2,2000000.00,1.20,1000000.00,2022,Farm-to-Market Road,Farm-to-Market Roads,Farm to Market Road Development Program | High Value Crop Development Program,Farm-to-Market Road | School Garden,1,1990000.00,0,0.00,0,0.00,0,0.00,1,10000.00,0,0.00,0,0.00,0,0,0,0,0,1,0,0,0,0,0,0,0,0,0,0,0,0,0,0,0,1,0,0,0,0,0,0,0,0
Isabela,2nd District,Naguilian,Flores,PH0203120005,PH0203120,PH02031,1,12180323.95,1.00,12180323.95,2017,Small Water Impounding Project,Irrigation and Water Systems,Rice Program,Small Water Impounding Project,0,0.00,1,12180323.95,0,0.00,0,0.00,0,0.00,0,0.00,0,0.00,0,0,0,0,0,0,0,0,0,0,0,0,0,0,0,0,0,0,0,0,0,0,1,0,0,0,0,0,0,0
Isabela,2nd District,Naguilian,Magsaysay (Pob.),PH0203120007,PH0203120,PH02031,1,47502046.60,1.00,47502046.60,2023,Rice Processing Center,Postharvest and Processing,Rice Program,Rice Processing Center,0,0.00,0,0.00,1,47502046.60,0,0.00,0,0.00,0,0.00,0,0.00,0,0,0,0,0,0,0,0,0,0,0,0,0,0,0,0,0,0,0,0,1,0,0,0,0,0,0,0,0,0
Isabela,2nd District,Naguilian,Manaring,PH0203120008,PH0203120,PH02031,2,3980000.00,0.40,1990000.00,2015,Farm-to-Market Road,Farm-to-Market Roads,Farm to Market Road Development Program,Farm-to-Market Road,2,3980000.00,0,0.00,0,0.00,0,0.00,0,0.00,0,0.00,0,0.00,0,0,0,0,0,2,0,0,0,0,0,0,0,0,0,0,0,0,0,0,0,0,0,0,0,0,0,0,0,0
Isabela,2nd District,Naguilian,Mansibang,PH0203120009,PH0203120,PH02031,3,3990000.00,1.50,1330000.00,2022,Farm-to-Market Road,Farm-to-Market Roads,Farm to Market Road Development Program | High Value Crop Development Program,Farm-to-Market Road | School Garden,2,3980000.00,0,0.00,0,0.00,0,0.00,1,10000.00,0,0.00,0,0.00,0,0,0,0,0,2,0,0,0,0,0,0,0,0,0,0,0,0,0,0,0,1,0,0,0,0,0,0,0,0
Isabela,2nd District,Naguilian,Minallo,PH0203120010,PH0203120,PH02031,5,20223145.32,4.43,4044629.06,2022,Small Water Impounding Project,Irrigation and Water Systems,Farm to Market Road Development Program | Rice Program,Farm-to-Market Road | Small Water Impounding Project,2,13741803.79,3,6481341.53,0,0.00,0,0.00,0,0.00,0,0.00,0,0.00,0,0,0,0,0,2,0,0,0,0,0,0,0,0,0,0,0,0,0,0,0,0,3,0,0,0,0,0,0,0
Isabela,2nd District,Naguilian,Quinalabasa;Manaring,,PH0203120,PH02031,1,11578894.81,1.24,11578894.81,2021,Farm-to-Market Road,Farm-to-Market Roads,Farm to Market Road Development Program,Farm-to-Market Road,1,11578894.81,0,0.00,0,0.00,0,0.00,0,0.00,0,0.00,0,0.00,0,0,0,0,0,1,0,0,0,0,0,0,0,0,0,0,0,0,0,0,0,0,0,0,0,0,0,0,0,0
Isabela,2nd District,Naguilian,Quirino (Pob.),PH0203120015,PH0203120,PH02031,1,4820045.67,0.40,4820045.67,2019,Farm-to-Market Road,Farm-to-Market Roads,Farm to Market Road Development Program,Farm-to-Market Road,1,4820045.67,0,0.00,0,0.00,0,0.00,0,0.00,0,0.00,0,0.00,0,0,0,0,0,1,0,0,0,0,0,0,0,0,0,0,0,0,0,0,0,0,0,0,0,0,0,0,0,0
Isabela,2nd District,Naguilian,Rangayan,PH0203120016,PH0203120,PH02031,1,4975000.00,0.81,4975000.00,2018,Farm-to-Market Road,Farm-to-Market Roads,Farm to Market Road Development Program,Farm-to-Market Road,1,4975000.00,0,0.00,0,0.00,0,0.00,0,0.00,0,0.00,0,0.00,0,0,0,0,0,1,0,0,0,0,0,0,0,0,0,0,0,0,0,0,0,0,0,0,0,0,0,0,0,0
Isabela,2nd District,Naguilian,Rizal,PH0203120017,PH0203120,PH02031,1,100000.00,1.00,100000.00,2022,Gulayan sa Barangay,Food Gardens,High Value Crop Development Program,Gulayan sa Barangay,0,0.00,0,0.00,0,0.00,0,0.00,1,100000.00,0,0.00,0,0.00,0,0,0,0,0,0,0,0,0,1,0,0,0,0,0,0,0,0,0,0,0,0,0,0,0,0,0,0,0,0
Isabela,2nd District,Naguilian,Roxas (Pob.),PH0203120018,PH0203120,PH02031,1,4796790.40,0.61,4796790.40,2019,Farm-to-Market Road,Farm-to-Market Roads,Farm to Market Road Development Program,Farm-to-Market Road,1,4796790.40,0,0.00,0,0.00,0,0.00,0,0.00,0,0.00,0,0.00,0,0,0,0,0,1,0,0,0,0,0,0,0,0,0,0,0,0,0,0,0,0,0,0,0,0,0,0,0,0
Isabela,2nd District,Naguilian,San Manuel,PH0203120019,PH0203120,PH02031,1,4975000.00,0.50,4975000.00,2018,Farm-to-Market Road,Farm-to-Market Roads,Farm to Market Road Development Program,Farm-to-Market Road,1,4975000.00,0,0.00,0,0.00,0,0.00,0,0.00,0,0.00,0,0.00,0,0,0,0,0,1,0,0,0,0,0,0,0,0,0,0,0,0,0,0,0,0,0,0,0,0,0,0,0,0
Isabela,2nd District,Naguilian,Santo Tomas,PH0203120020,PH0203120,PH02031,2,11907169.28,2.00,5953584.64,2022,Farm-to-Market Road,Farm-to-Market Roads,Farm to Market Road Development Program | High Value Crop Development Program,Farm-to-Market Road | Gulayan sa Barangay,1,11807169.28,0,0.00,0,0.00,0,0.00,1,100000.00,0,0.00,0,0.00,0,0,0,0,0,1,0,0,0,1,0,0,0,0,0,0,0,0,0,0,0,0,0,0,0,0,0,0,0,0
Isabela,2nd District,Naguilian,Sunlife,PH0203120021,PH0203120,PH02031,1,100000.00,1.00,100000.00,2022,Gulayan sa Barangay,Food Gardens,High Value Crop Development Program,Gulayan sa Barangay,0,0.00,0,0.00,0,0.00,0,0.00,1,100000.00,0,0.00,0,0.00,0,0,0,0,0,0,0,0,0,1,0,0,0,0,0,0,0,0,0,0,0,0,0,0,0,0,0,0,0,0
Isabela,2nd District,Naguilian,Surcoc,PH0203120022,PH0203120,PH02031,1,10000.00,1.00,10000.00,2022,School Garden,Food Gardens,High Value Crop Development Program,School Garden,0,0.00,0,0.00,0,0.00,0,0.00,1,10000.00,0,0.00,0,0.00,0,0,0,0,0,0,0,0,0,0,0,0,0,0,0,0,0,0,0,0,0,1,0,0,0,0,0,0,0,0
Isabela,2nd District,Naguilian,Tomines,PH0203120023,PH0203120,PH02031,1,100000.00,1.00,100000.00,2022,Gulayan sa Barangay,Food Gardens,High Value Crop Development Program,Gulayan sa Barangay,0,0.00,0,0.00,0,0.00,0,0.00,1,100000.00,0,0.00,0,0.00,0,0,0,0,0,0,0,0,0,1,0,0,0,0,0,0,0,0,0,0,0,0,0,0,0,0,0,0,0,0
Isabela,2nd District,Palanan,Dicabisagan East (Pob.),PH0203121010,PH0203121,PH02031,1,10000.00,1.00,10000.00,2022,School Garden,Food Gardens,High Value Crop Development Program,School Garden,0,0.00,0,0.00,0,0.00,0,0.00,1,10000.00,0,0.00,0,0.00,0,0,0,0,0,0,0,0,0,0,0,0,0,0,0,0,0,0,0,0,0,1,0,0,0,0,0,0,0,0
Isabela,2nd District,Palanan,Dimasari,PH0203121006,PH0203121,PH02031,1,4725227.49,0.54,4725227.49,2019,Farm-to-Market Road,Farm-to-Market Roads,Farm to Market Road Development Program,Farm-to-Market Road,1,4725227.49,0,0.00,0,0.00,0,0.00,0,0.00,0,0.00,0,0.00,0,0,0,0,0,1,0,0,0,0,0,0,0,0,0,0,0,0,0,0,0,0,0,0,0,0,0,0,0,0
Isabela,2nd District,Palanan,Marikit,PH0203121009,PH0203121,PH02031,1,10000.00,1.00,10000.00,2022,School Garden,Food Gardens,High Value Crop Development Program,School Garden,0,0.00,0,0.00,0,0.00,0,0.00,1,10000.00,0,0.00,0,0.00,0,0,0,0,0,0,0,0,0,0,0,0,0,0,0,0,0,0,0,0,0,1,0,0,0,0,0,0,0,0
Isabela,5th District,Quezon,Abut,PH0203122001,PH0203122,PH02031,6,14025631.07,3.53,2337605.18,2022,Farm-to-Market Road,Farm-to-Market Roads,Farm to Market Road Development Program | High Value Crop Development Program | Rice Program,Farm-to-Market Road | Multi-Purpose Drying Pavement | Rice Processing Center | School Garden | Small Water Impounding Project,2,3980000.00,1,9554460.96,2,481170.11,0,0.00,1,10000.00,0,0.00,0,0.00,0,0,0,0,0,2,0,0,0,0,0,0,0,1,0,0,0,0,0,0,1,1,1,0,0,0,0,0,0,0
Isabela,5th District,Quezon,Arellano (Pob.),PH0203122003,PH0203122,PH02031,1,11980000.00,1.49,11980000.00,2016,Farm-to-Market Road,Farm-to-Market Roads,Farm to Market Road Development Program,Farm-to-Market Road,1,11980000.00,0,0.00,0,0.00,0,0.00,0,0.00,0,0.00,0,0.00,0,0,0,0,0,1,0,0,0,0,0,0,0,0,0,0,0,0,0,0,0,0,0,0,0,0,0,0,0,0
Isabela,5th District,Quezon,Barucboc Norte,PH0203122005,PH0203122,PH02031,1,12237304.90,1.05,12237304.90,2021,Farm-to-Market Road,Farm-to-Market Roads,Farm to Market Road Development Program,Farm-to-Market Road,1,12237304.90,0,0.00,0,0.00,0,0.00,0,0.00,0,0.00,0,0.00,0,0,0,0,0,1,0,0,0,0,0,0,0,0,0,0,0,0,0,0,0,0,0,0,0,0,0,0,0,0
Isabela,5th District,Quezon,Dunmon,PH0203122013,PH0203122,PH02031,1,1990000.00,0.23,1990000.00,2016,Farm-to-Market Road,Farm-to-Market Roads,Farm to Market Road Development Program,Farm-to-Market Road,1,1990000.00,0,0.00,0,0.00,0,0.00,0,0.00,0,0.00,0,0.00,0,0,0,0,0,1,0,0,0,0,0,0,0,0,0,0,0,0,0,0,0,0,0,0,0,0,0,0,0,0
Isabela,5th District,Quezon,Lepanto,PH0203122008,PH0203122,PH02031,4,6990000.00,2.07,1747500.00,2022,Farm-to-Market Road,Farm-to-Market Roads,Farm to Market Road Development Program | High Value Crop Development Program,Farm-to-Market Road | School Garden,3,6980000.00,0,0.00,0,0.00,0,0.00,1,10000.00,0,0.00,0,0.00,0,0,0,0,0,3,0,0,0,0,0,0,0,0,0,0,0,0,0,0,0,1,0,0,0,0,0,0,0,0
Isabela,5th District,Quezon,Mangga,PH0203122009,PH0203122,PH02031,5,37691387.07,3.67,7538277.41,2023,Small Water Impounding Project,Irrigation and Water Systems,Farm to Market Road Development Program | Rice Program,Farm-to-Market Road | Small Water Impounding Project,2,5820446.34,3,31870940.73,0,0.00,0,0.00,0,0.00,0,0.00,0,0.00,0,0,0,0,0,2,0,0,0,0,0,0,0,0,0,0,0,0,0,0,0,0,3,0,0,0,0,0,0,0
Isabela,5th District,Quezon,Minagbag,PH0203122010,PH0203122,PH02031,3,39219621.83,3.67,13073207.28,2023,Small Water Impounding Project,Irrigation and Water Systems,Farm to Market Road Development Program | Rice Program,Farm-to-Market Road | Small Water Impounding Project,1,19829823.64,2,19389798.19,0,0.00,0,0.00,0,0.00,0,0.00,0,0.00,0,0,0,0,0,1,0,0,0,0,0,0,0,0,0,0,0,0,0,0,0,0,2,0,0,0,0,0,0,0
Isabela,5th District,Quezon,Samonte (Pob.),PH0203122011,PH0203122,PH02031,5,4474857.82,5.00,894971.56,2025,Solar-Powered Irrigation System,Protected Cultivation and Nurseries,National Organic Agriculture Program | National Urban and Peri-Urban Agriculture Program,Chicken Housing | Greenhouse | Mushroom Fruiting House | Nursery Establishment | Solar-Powered Irrigation System,0,0.00,1,1674610.93,0,0.00,3,2621577.95,0,0.00,1,178668.94,0,0.00,0,1,0,0,0,0,0,0,1,0,0,0,0,0,1,1,0,0,0,0,0,0,0,0,1,0,0,0,0,0
Isabela,5th District,Quezon,San Juan,PH0203122015,PH0203122,PH02031,3,39854439.80,2.67,13284813.27,2022,Small Water Impounding Project,Irrigation and Water Systems,Farm to Market Road Development Program | Rice Program,Farm-to-Market Road | Small Water Impounding Project,1,4975000.00,2,34879439.80,0,0.00,0,0.00,0,0.00,0,0.00,0,0.00,0,0,0,0,0,1,0,0,0,0,0,0,0,0,0,0,0,0,0,0,0,0,2,0,0,0,0,0,0,0
Isabela,5th District,Quezon,Santos (Pob.),PH0203122007,PH0203122,PH02031,1,28900372.60,1.00,28900372.60,2016,Small Water Impounding Project,Irrigation and Water Systems,Rice Program,Small Water Impounding Project,0,0.00,1,28900372.60,0,0.00,0,0.00,0,0.00,0,0.00,0,0.00,0,0,0,0,0,0,0,0,0,0,0,0,0,0,0,0,0,0,0,0,0,0,1,0,0,0,0,0,0,0
Isabela,5th District,Quezon,Turod,PH0203122012,PH0203122,PH02031,2,14928290.66,2.00,7464145.33,2024,Farm-to-Market Road,Farm-to-Market Roads,Farm to Market Road Development Program | High Value Crop Development Program,Farm-to-Market Road | School Garden,1,14918290.66,0,0.00,0,0.00,0,0.00,1,10000.00,0,0.00,0,0.00,0,0,0,0,0,1,0,0,0,0,0,0,0,0,0,0,0,0,0,0,0,1,0,0,0,0,0,0,0,0
Isabela,5th District,Quirino,Manaoag,PH0203123006,PH0203123,PH02031,2,2299096.33,1.20,1149548.17,2024,Farm-to-Market Road,Farm-to-Market Roads,Farm to Market Road Development Program | Rice Program,Farm-to-Market Road | Palay Shed,1,1890165.44,0,0.00,1,408930.89,0,0.00,0,0.00,0,0.00,0,0.00,0,0,0,0,0,1,0,0,0,0,0,0,0,0,0,0,0,1,0,0,0,0,0,0,0,0,0,0,0,0
Isabela,5th District,Quirino,Rizal,PH0203123007,PH0203123,PH02031,1,1889408.82,0.20,1889408.82,2017,Farm-to-Market Road,Farm-to-Market Roads,Farm to Market Road Development Program,Farm-to-Market Road,1,1889408.82,0,0.00,0,0.00,0,0.00,0,0.00,0,0.00,0,0.00,0,0,0,0,0,1,0,0,0,0,0,0,0,0,0,0,0,0,0,0,0,0,0,0,0,0,0,0,0,0
Isabela,5th District,Quirino,San Isidro,PH0203123008,PH0203123,PH02031,3,4461170.11,1.87,1487056.70,2021,Farm-to-Market Road,Farm-to-Market Roads,Farm to Market Road Development Program | Rice Program,Farm-to-Market Road | Multi-Purpose Drying Pavement,2,3980000.00,0,0.00,1,481170.11,0,0.00,0,0.00,0,0.00,0,0.00,0,0,0,0,0,2,0,0,0,0,0,0,0,1,0,0,0,0,0,0,0,0,0,0,0,0,0,0,0,0
Isabela,5th District,Quirino,San Juan,PH0203123010,PH0203123,PH02031,1,10000.00,1.00,10000.00,2022,School Garden,Food Gardens,High Value Crop Development Program,School Garden,0,0.00,0,0.00,0,0.00,0,0.00,1,10000.00,0,0.00,0,0.00,0,0,0,0,0,0,0,0,0,0,0,0,0,0,0,0,0,0,0,0,0,1,0,0,0,0,0,0,0,0
Isabela,5th District,Quirino,San Mateo,PH0203123011,PH0203123,PH02031,2,3980000.00,0.40,1990000.00,2015,Farm-to-Market Road,Farm-to-Market Roads,Farm to Market Road Development Program,Farm-to-Market Road,2,3980000.00,0,0.00,0,0.00,0,0.00,0,0.00,0,0.00,0,0.00,0,0,0,0,0,2,0,0,0,0,0,0,0,0,0,0,0,0,0,0,0,0,0,0,0,0,0,0,0,0
Isabela,5th District,Quirino,San Mateo;San Isidro,,PH0203123,PH02031,1,22541698.67,1.92,22541698.67,2023,Farm-to-Market Road,Farm-to-Market Roads,Farm to Market Road Development Program,Farm-to-Market Road,1,22541698.67,0,0.00,0,0.00,0,0.00,0,0.00,0,0.00,0,0.00,0,0,0,0,0,1,0,0,0,0,0,0,0,0,0,0,0,0,0,0,0,0,0,0,0,0,0,0,0,0
Isabela,5th District,Quirino,Santiago,PH0203123015,PH0203123,PH02031,1,13788206.73,1.00,13788206.73,2021,Small Water Impounding Project,Irrigation and Water Systems,Rice Program,Small Water Impounding Project,0,0.00,1,13788206.73,0,0.00,0,0.00,0,0.00,0,0.00,0,0.00,0,0,0,0,0,0,0,0,0,0,0,0,0,0,0,0,0,0,0,0,0,0,1,0,0,0,0,0,0,0
Isabela,5th District,Quirino,Santo Domingo,PH0203123016,PH0203123,PH02031,3,878416.57,3.00,292805.52,2022,School Garden,Food Gardens,High Value Crop Development Program | National Organic Agriculture Program,School Garden | Solar-Powered Irrigation System,0,0.00,1,858416.57,0,0.00,0,0.00,2,20000.00,0,0.00,0,0.00,0,0,0,0,0,0,0,0,0,0,0,0,0,0,0,0,0,0,0,0,0,2,0,0,1,0,0,0,0,0
Isabela,5th District,Quirino,Sinait,PH0203123017,PH0203123,PH02031,1,4975000.00,0.50,4975000.00,2018,Farm-to-Market Road,Farm-to-Market Roads,Farm to Market Road Development Program,Farm-to-Market Road,1,4975000.00,0,0.00,0,0.00,0,0.00,0,0.00,0,0.00,0,0.00,0,0,0,0,0,1,0,0,0,0,0,0,0,0,0,0,0,0,0,0,0,0,0,0,0,0,0,0,0,0
Isabela,3rd District,Ramon,,,PH0203124,PH02031,1,9650000.00,1.28,9650000.00,2014,Farm-to-Market Road,Farm-to-Market Roads,Farm to Market Road Development Program,Farm-to-Market Road,1,9650000.00,0,0.00,0,0.00,0,0.00,0,0.00,0,0.00,0,0.00,0,0,0,0,0,1,0,0,0,0,0,0,0,0,0,0,0,0,0,0,0,0,0,0,0,0,0,0,0,0
Isabela,3rd District,Ramon,Ambatali,PH0203124001,PH0203124,PH02031,1,11939993.43,1.00,11939993.43,2023,Farm-to-Market Road,Farm-to-Market Roads,Farm to Market Road Development Program,Farm-to-Market Road,1,11939993.43,0,0.00,0,0.00,0,0.00,0,0.00,0,0.00,0,0.00,0,0,0,0,0,1,0,0,0,0,0,0,0,0,0,0,0,0,0,0,0,0,0,0,0,0,0,0,0,0
Isabela,3rd District,Ramon,Nagbacalan,PH0203124006,PH0203124,PH02031,1,9939400.45,0.83,9939400.45,2023,Farm-to-Market Road,Farm-to-Market Roads,Farm to Market Road Development Program,Farm-to-Market Road,1,9939400.45,0,0.00,0,0.00,0,0.00,0,0.00,0,0.00,0,0.00,0,0,0,0,0,1,0,0,0,0,0,0,0,0,0,0,0,0,0,0,0,0,0,0,0,0,0,0,0,0
Isabela,3rd District,Ramon,Oscariz,PH0203124007,PH0203124,PH02031,1,10000.00,1.00,10000.00,2022,School Garden,Food Gardens,High Value Crop Development Program,School Garden,0,0.00,0,0.00,0,0.00,0,0.00,1,10000.00,0,0.00,0,0.00,0,0,0,0,0,0,0,0,0,0,0,0,0,0,0,0,0,0,0,0,0,1,0,0,0,0,0,0,0,0
Isabela,3rd District,Ramon,Planas,PH0203124011,PH0203124,PH02031,2,5456170.11,1.40,2728085.06,2021,Farm-to-Market Road,Farm-to-Market Roads,Farm to Market Road Development Program | Rice Program,Farm-to-Market Road | Multi-Purpose Drying Pavement,1,4975000.00,0,0.00,1,481170.11,0,0.00,0,0.00,0,0.00,0,0.00,0,0,0,0,0,1,0,0,0,0,0,0,0,1,0,0,0,0,0,0,0,0,0,0,0,0,0,0,0,0
Isabela,3rd District,Ramon,San Miguel,PH0203124015,PH0203124,PH02031,3,24437473.60,3.13,8145824.53,2024,Farm-to-Market Road,Farm-to-Market Roads,Farm to Market Road Development Program | Rice Program,Farm-to-Market Road | Palay Shed,2,23996058.68,0,0.00,1,441414.92,0,0.00,0,0.00,0,0.00,0,0.00,0,0,0,0,0,2,0,0,0,0,0,0,0,0,0,0,0,1,0,0,0,0,0,0,0,0,0,0,0,0
Isabela,3rd District,Ramon,San Miguel;Planas,,PH0203124,PH02031,1,15539701.66,0.94,15539701.66,2021,Farm-to-Market Road,Farm-to-Market Roads,Farm to Market Road Development Program,Farm-to-Market Road,1,15539701.66,0,0.00,0,0.00,0,0.00,0,0.00,0,0.00,0,0.00,0,0,0,0,0,1,0,0,0,0,0,0,0,0,0,0,0,0,0,0,0,0,0,0,0,0,0,0,0,0
Isabela,3rd District,Ramon,San Sebastian,PH0203124016,PH0203124,PH02031,1,10000.00,1.00,10000.00,2022,School Garden,Food Gardens,High Value Crop Development Program,School Garden,0,0.00,0,0.00,0,0.00,0,0.00,1,10000.00,0,0.00,0,0.00,0,0,0,0,0,0,0,0,0,0,0,0,0,0,0,0,0,0,0,0,0,1,0,0,0,0,0,0,0,0
Isabela,3rd District,Ramon,Villa Carmen,PH0203124019,PH0203124,PH02031,1,0.00,0.00,0.00,2012,Rice Processing Center,Postharvest and Processing,Rice Program,Rice Processing Center,0,0.00,0,0.00,1,0.00,0,0.00,0,0.00,0,0.00,0,0.00,0,0,0,0,0,0,0,0,0,0,0,0,0,0,0,0,0,0,0,0,1,0,0,0,0,0,0,0,0,0
Isabela,2nd District,Reina Mercedes,Binarsang,PH0203125002,PH0203125,PH02031,1,10000.00,1.00,10000.00,2022,School Garden,Food Gardens,High Value Crop Development Program,School Garden,0,0.00,0,0.00,0,0.00,0,0.00,1,10000.00,0,0.00,0,0.00,0,0,0,0,0,0,0,0,0,0,0,0,0,0,0,0,0,0,0,0,0,1,0,0,0,0,0,0,0,0
Isabela,2nd District,Reina Mercedes,Cutog Grande,PH0203125003,PH0203125,PH02031,1,100000.00,1.00,100000.00,2022,Gulayan sa Barangay,Food Gardens,High Value Crop Development Program,Gulayan sa Barangay,0,0.00,0,0.00,0,0.00,0,0.00,1,100000.00,0,0.00,0,0.00,0,0,0,0,0,0,0,0,0,1,0,0,0,0,0,0,0,0,0,0,0,0,0,0,0,0,0,0,0,0
Isabela,2nd District,Reina Mercedes,Cutog Peque?o,,PH0203125,PH02031,1,10000.00,1.00,10000.00,2022,School Garden,Food Gardens,High Value Crop Development Program,School Garden,0,0.00,0,0.00,0,0.00,0,0.00,1,10000.00,0,0.00,0,0.00,0,0,0,0,0,0,0,0,0,0,0,0,0,0,0,0,0,0,0,0,0,1,0,0,0,0,0,0,0,0
Isabela,2nd District,Reina Mercedes,Dangan,PH0203125005,PH0203125,PH02031,2,23432320.59,2.00,11716160.29,2021,Farm-to-Market Road,Farm-to-Market Roads,Farm to Market Road Development Program,Farm-to-Market Road,2,23432320.59,0,0.00,0,0.00,0,0.00,0,0.00,0,0.00,0,0.00,0,0,0,0,0,2,0,0,0,0,0,0,0,0,0,0,0,0,0,0,0,0,0,0,0,0,0,0,0,0
Isabela,2nd District,Reina Mercedes,District II (Pob.),PH0203125007,PH0203125,PH02031,1,100000.00,1.00,100000.00,2022,Gulayan sa Barangay,Food Gardens,High Value Crop Development Program,Gulayan sa Barangay,0,0.00,0,0.00,0,0.00,0,0.00,1,100000.00,0,0.00,0,0.00,0,0,0,0,0,0,0,0,0,1,0,0,0,0,0,0,0,0,0,0,0,0,0,0,0,0,0,0,0,0
Isabela,2nd District,Reina Mercedes,Mallalatang Grande,PH0203125010,PH0203125,PH02031,1,100000.00,1.00,100000.00,2022,Gulayan sa Barangay,Food Gardens,High Value Crop Development Program,Gulayan sa Barangay,0,0.00,0,0.00,0,0.00,0,0.00,1,100000.00,0,0.00,0,0.00,0,0,0,0,0,0,0,0,0,1,0,0,0,0,0,0,0,0,0,0,0,0,0,0,0,0,0,0,0,0
Isabela,2nd District,Reina Mercedes,Napaccu Grande,PH0203125012,PH0203125,PH02031,1,100000.00,1.00,100000.00,2022,Gulayan sa Barangay,Food Gardens,High Value Crop Development Program,Gulayan sa Barangay,0,0.00,0,0.00,0,0.00,0,0.00,1,100000.00,0,0.00,0,0.00,0,0,0,0,0,0,0,0,0,1,0,0,0,0,0,0,0,0,0,0,0,0,0,0,0,0,0,0,0,0
Isabela,2nd District,Reina Mercedes,Turod,PH0203125019,PH0203125,PH02031,2,110000.00,2.00,55000.00,2022,Gulayan sa Barangay,Food Gardens,High Value Crop Development Program,Gulayan sa Barangay | School Garden,0,0.00,0,0.00,0,0.00,0,0.00,2,110000.00,0,0.00,0,0.00,0,0,0,0,0,0,0,0,0,1,0,0,0,0,0,0,0,0,0,0,0,1,0,0,0,0,0,0,0,0
Isabela,5th District,Roxas,Do?a Concha,,PH0203126,PH02031,1,10000.00,1.00,10000.00,2022,School Garden,Food Gardens,High Value Crop Development Program,School Garden,0,0.00,0,0.00,0,0.00,0,0.00,1,10000.00,0,0.00,0,0.00,0,0,0,0,0,0,0,0,0,0,0,0,0,0,0,0,0,0,0,0,0,1,0,0,0,0,0,0,0,0
Isabela,5th District,Roxas,Marcos,PH0203126007,PH0203126,PH02031,2,6965000.00,0.99,3482500.00,2016,Farm-to-Market Road,Farm-to-Market Roads,Farm to Market Road Development Program,Farm-to-Market Road,2,6965000.00,0,0.00,0,0.00,0,0.00,0,0.00,0,0.00,0,0.00,0,0,0,0,0,2,0,0,0,0,0,0,0,0,0,0,0,0,0,0,0,0,0,0,0,0,0,0,0,0
Isabela,5th District,Roxas,Matusalem,PH0203126028,PH0203126,PH02031,5,3462766.30,5.00,692553.26,2022,Greenhouse,Protected Cultivation and Nurseries,National Organic Agriculture Program | Rice Program,Greenhouse | Small Water Impounding Project | Solar-Powered Fertigation System (8) | Vermi-Composting Facilities,0,0.00,2,2032000.34,0,0.00,3,1430765.96,0,0.00,0,0.00,0,0.00,0,0,0,0,0,0,0,0,2,0,0,0,0,0,0,0,0,0,0,0,0,0,1,1,0,0,0,1,0,0
Isabela,5th District,Roxas,Quiling,PH0203126015,PH0203126,PH02031,1,12417040.58,1.03,12417040.58,2020,Farm-to-Market Road,Farm-to-Market Roads,Farm to Market Road Development Program,Farm-to-Market Road,1,12417040.58,0,0.00,0,0.00,0,0.00,0,0.00,0,0.00,0,0.00,0,0,0,0,0,1,0,0,0,0,0,0,0,0,0,0,0,0,0,0,0,0,0,0,0,0,0,0,0,0
Isabela,5th District,Roxas,Rang-ayan,PH0203126016,PH0203126,PH02031,2,6041833.14,1.66,3020916.57,2023,Farm-to-Market Road,Farm-to-Market Roads,Farm to Market Road Development Program | National Organic Agriculture Program,Farm-to-Market Road | Solar-Powered Irrigation System,1,4975000.00,1,1066833.14,0,0.00,0,0.00,0,0.00,0,0.00,0,0.00,0,0,0,0,0,1,0,0,0,0,0,0,0,0,0,0,0,0,0,0,0,0,0,0,1,0,0,0,0,0
Isabela,5th District,Roxas,San Antonio,PH0203126017,PH0203126,PH02031,1,10000.00,1.00,10000.00,2022,School Garden,Food Gardens,High Value Crop Development Program,School Garden,0,0.00,0,0.00,0,0.00,0,0.00,1,10000.00,0,0.00,0,0.00,0,0,0,0,0,0,0,0,0,0,0,0,0,0,0,0,0,0,0,0,0,1,0,0,0,0,0,0,0,0
Isabela,5th District,Roxas,San Jose,PH0203126018,PH0203126,PH02031,5,21477581.39,2.74,4295516.28,2020,Farm-to-Market Road,Farm-to-Market Roads,Farm to Market Road Development Program,Farm-to-Market Road,5,21477581.39,0,0.00,0,0.00,0,0.00,0,0.00,0,0.00,0,0.00,0,0,0,0,0,5,0,0,0,0,0,0,0,0,0,0,0,0,0,0,0,0,0,0,0,0,0,0,0,0
Isabela,5th District,Roxas,San Pedro,PH0203126019,PH0203126,PH02031,1,1889029.74,0.20,1889029.74,2017,Farm-to-Market Road,Farm-to-Market Roads,Farm to Market Road Development Program,Farm-to-Market Road,1,1889029.74,0,0.00,0,0.00,0,0.00,0,0.00,0,0.00,0,0.00,0,0,0,0,0,1,0,0,0,0,0,0,0,0,0,0,0,0,0,0,0,0,0,0,0,0,0,0,0,0
Isabela,5th District,Roxas,San Placido,PH0203126020,PH0203126,PH02031,1,4725857.56,0.50,4725857.56,2017,Farm-to-Market Road,Farm-to-Market Roads,Farm to Market Road Development Program,Farm-to-Market Road,1,4725857.56,0,0.00,0,0.00,0,0.00,0,0.00,0,0.00,0,0.00,0,0,0,0,0,1,0,0,0,0,0,0,0,0,0,0,0,0,0,0,0,0,0,0,0,0,0,0,0,0
Isabela,5th District,Roxas,Simimbaan,PH0203126023,PH0203126,PH02031,2,5871281.44,2.00,2935640.72,2024,Solar-Powered Irrigation System,Irrigation and Water Systems,High Value Crop Development Program | Rice Program,Small Water Impounding Project | Solar-Powered Irrigation System,0,0.00,2,5871281.44,0,0.00,0,0.00,0,0.00,0,0.00,0,0.00,0,0,0,0,0,0,0,0,0,0,0,0,0,0,0,0,0,0,0,0,0,0,1,0,1,0,0,0,0,0
Isabela,5th District,Roxas,Villa Concepcion,PH0203126026,PH0203126,PH02031,1,2985000.00,0.29,2985000.00,2016,Farm-to-Market Road,Farm-to-Market Roads,Farm to Market Road Development Program,Farm-to-Market Road,1,2985000.00,0,0.00,0,0.00,0,0.00,0,0.00,0,0.00,0,0.00,0,0,0,0,0,1,0,0,0,0,0,0,0,0,0,0,0,0,0,0,0,0,0,0,0,0,0,0,0,0
Isabela,4th District,San Agustin,Dabubu Peque?o,,PH0203127,PH02031,1,10000.00,1.00,10000.00,2022,School Garden,Food Gardens,High Value Crop Development Program,School Garden,0,0.00,0,0.00,0,0.00,0,0.00,1,10000.00,0,0.00,0,0.00,0,0,0,0,0,0,0,0,0,0,0,0,0,0,0,0,0,0,0,0,0,1,0,0,0,0,0,0,0,0
Isabela,4th District,San Agustin,Dappig,PH0203127005,PH0203127,PH02031,2,12790875.94,1.08,6395437.97,2024,Farm-to-Market Road,Farm-to-Market Roads,Farm to Market Road Development Program,Farm-to-Market Road,2,12790875.94,0,0.00,0,0.00,0,0.00,0,0.00,0,0.00,0,0.00,0,0,0,0,0,2,0,0,0,0,0,0,0,0,0,0,0,0,0,0,0,0,0,0,0,0,0,0,0,0
Isabela,4th District,San Agustin,Laoag,PH0203127006,PH0203127,PH02031,1,10000.00,1.00,10000.00,2022,School Garden,Food Gardens,High Value Crop Development Program,School Garden,0,0.00,0,0.00,0,0.00,0,0.00,1,10000.00,0,0.00,0,0.00,0,0,0,0,0,0,0,0,0,0,0,0,0,0,0,0,0,0,0,0,0,1,0,0,0,0,0,0,0,0
Isabela,4th District,San Agustin,Mapalad,PH0203127007,PH0203127,PH02031,1,4583750.00,1.00,4583750.00,2015,Small Water Impounding Project,Irrigation and Water Systems,Rice Program,Small Water Impounding Project,0,0.00,1,4583750.00,0,0.00,0,0.00,0,0.00,0,0.00,0,0.00,0,0,0,0,0,0,0,0,0,0,0,0,0,0,0,0,0,0,0,0,0,0,1,0,0,0,0,0,0,0
Isabela,4th District,San Agustin,Masaya Centro (Pob.),PH0203127008,PH0203127,PH02031,1,1990000.00,0.28,1990000.00,2014,Farm-to-Market Road,Farm-to-Market Roads,Farm to Market Road Development Program,Farm-to-Market Road,1,1990000.00,0,0.00,0,0.00,0,0.00,0,0.00,0,0.00,0,0.00,0,0,0,0,0,1,0,0,0,0,0,0,0,0,0,0,0,0,0,0,0,0,0,0,0,0,0,0,0,0
Isabela,4th District,San Agustin,Masaya Norte,PH0203127009,PH0203127,PH02031,1,4975000.00,0.47,4975000.00,2019,Farm-to-Market Road,Farm-to-Market Roads,Farm to Market Road Development Program,Farm-to-Market Road,1,4975000.00,0,0.00,0,0.00,0,0.00,0,0.00,0,0.00,0,0.00,0,0,0,0,0,1,0,0,0,0,0,0,0,0,0,0,0,0,0,0,0,0,0,0,0,0,0,0,0,0
Isabela,4th District,San Agustin,Masaya Sur,PH0203127010,PH0203127,PH02031,3,14606866.02,1.78,4868955.34,2024,Farm-to-Market Road,Farm-to-Market Roads,Farm to Market Road Development Program | Rice Program,Farm-to-Market Road | Solar-Powered Irrigation System,2,9950000.00,1,4656866.02,0,0.00,0,0.00,0,0.00,0,0.00,0,0.00,0,0,0,0,0,2,0,0,0,0,0,0,0,0,0,0,0,0,0,0,0,0,0,0,1,0,0,0,0,0
Isabela,4th District,San Agustin,Palacian,PH0203127012,PH0203127,PH02031,1,11046976.22,1.00,11046976.22,2023,Small Water Impounding Project,Irrigation and Water Systems,Rice Program,Small Water Impounding Project,0,0.00,1,11046976.22,0,0.00,0,0.00,0,0.00,0,0.00,0,0.00,0,0,0,0,0,0,0,0,0,0,0,0,0,0,0,0,0,0,0,0,0,0,1,0,0,0,0,0,0,0
Isabela,4th District,San Agustin,Quimalabasa Norte,PH0203127014,PH0203127,PH02031,1,1980000.00,0.17,1980000.00,2017,Farm-to-Market Road,Farm-to-Market Roads,Farm to Market Road Development Program,Farm-to-Market Road,1,1980000.00,0,0.00,0,0.00,0,0.00,0,0.00,0,0.00,0,0.00,0,0,0,0,0,1,0,0,0,0,0,0,0,0,0,0,0,0,0,0,0,0,0,0,0,0,0,0,0,0
Isabela,4th District,San Agustin,San Antonio,PH0203127018,PH0203127,PH02031,1,1990000.00,0.16,1990000.00,2018,Farm-to-Market Road,Farm-to-Market Roads,Farm to Market Road Development Program,Farm-to-Market Road,1,1990000.00,0,0.00,0,0.00,0,0.00,0,0.00,0,0.00,0,0.00,0,0,0,0,0,1,0,0,0,0,0,0,0,0,0,0,0,0,0,0,0,0,0,0,0,0,0,0,0,0
Isabela,4th District,San Agustin,Sinaoangan Norte,PH0203127021,PH0203127,PH02031,1,10000.00,1.00,10000.00,2022,School Garden,Food Gardens,High Value Crop Development Program,School Garden,0,0.00,0,0.00,0,0.00,0,0.00,1,10000.00,0,0.00,0,0.00,0,0,0,0,0,0,0,0,0,0,0,0,0,0,0,0,0,0,0,0,0,1,0,0,0,0,0,0,0,0
Isabela,4th District,San Agustin,Sinaoangan Sur,PH0203127022,PH0203127,PH02031,2,1207994.25,2.00,603997.12,2024,Mobile Solar Power Irrigation Unit,Irrigation and Water Systems,Corn Program | High Value Crop Development Program,Mobile Solar Power Irrigation Unit | School Garden,0,0.00,1,1197994.25,0,0.00,0,0.00,1,10000.00,0,0.00,0,0.00,0,0,0,0,0,0,0,0,0,0,1,0,0,0,0,0,0,0,0,0,0,1,0,0,0,0,0,0,0,0
Isabela,4th District,San Agustin,Virgoneza,PH0203127023,PH0203127,PH02031,1,4566900.00,0.59,4566900.00,2014,Farm-to-Market Road,Farm-to-Market Roads,Farm to Market Road Development Program,Farm-to-Market Road,1,4566900.00,0,0.00,0,0.00,0,0.00,0,0.00,0,0.00,0,0.00,0,0,0,0,0,1,0,0,0,0,0,0,0,0,0,0,0,0,0,0,0,0,0,0,0,0,0,0,0,0
Isabela,6th District,San Guillermo,Anonang,PH0203128001,PH0203128,PH02031,4,39534070.57,5.12,9883517.64,2017,Farm-to-Market Road,Farm-to-Market Roads,Farm to Market Road Development Program,Farm-to-Market Road,4,39534070.57,0,0.00,0,0.00,0,0.00,0,0.00,0,0.00,0,0.00,0,0,0,0,0,4,0,0,0,0,0,0,0,0,0,0,0,0,0,0,0,0,0,0,0,0,0,0,0,0
Isabela,6th District,San Guillermo,Centro 1 (Pob.),PH0203128004,PH0203128,PH02031,1,10000.00,1.00,10000.00,2022,School Garden,Food Gardens,High Value Crop Development Program,School Garden,0,0.00,0,0.00,0,0.00,0,0.00,1,10000.00,0,0.00,0,0.00,0,0,0,0,0,0,0,0,0,0,0,0,0,0,0,0,0,0,0,0,0,1,0,0,0,0,0,0,0,0
Isabela,6th District,San Guillermo,Centro 2 (Pob.),PH0203128005,PH0203128,PH02031,1,10000.00,1.00,10000.00,2022,School Garden,Food Gardens,High Value Crop Development Program,School Garden,0,0.00,0,0.00,0,0.00,0,0.00,1,10000.00,0,0.00,0,0.00,0,0,0,0,0,0,0,0,0,0,0,0,0,0,0,0,0,0,0,0,0,1,0,0,0,0,0,0,0,0
Isabela,6th District,San Guillermo,Rizal,PH0203128016,PH0203128,PH02031,1,10000.00,1.00,10000.00,2022,School Garden,Food Gardens,High Value Crop Development Program,School Garden,0,0.00,0,0.00,0,0.00,0,0.00,1,10000.00,0,0.00,0,0.00,0,0,0,0,0,0,0,0,0,0,0,0,0,0,0,0,0,0,0,0,0,1,0,0,0,0,0,0,0,0
Isabela,6th District,San Guillermo,San Francisco Norte,PH0203128026,PH0203128,PH02031,3,19553108.22,1.51,6517702.74,2024,Farm-to-Market Road,Farm-to-Market Roads,Farm to Market Road Development Program,Farm-to-Market Road,3,19553108.22,0,0.00,0,0.00,0,0.00,0,0.00,0,0.00,0,0.00,0,0,0,0,0,3,0,0,0,0,0,0,0,0,0,0,0,0,0,0,0,0,0,0,0,0,0,0,0,0
Isabela,6th District,San Guillermo,San Rafael,PH0203128028,PH0203128,PH02031,1,627250.22,1.00,627250.22,2024,Farm-to-Market Road,Farm-to-Market Roads,Farm to Market Road Development Program,Farm-to-Market Road,1,627250.22,0,0.00,0,0.00,0,0.00,0,0.00,0,0.00,0,0.00,0,0,0,0,0,1,0,0,0,0,0,0,0,0,0,0,0,0,0,0,0,0,0,0,0,0,0,0,0,0
Isabela,6th District,San Guillermo,San Rafael;Villa Rose,,PH0203128,PH02031,1,14700990.90,1.25,14700990.90,2023,Farm-to-Market Road,Farm-to-Market Roads,Farm to Market Road Development Program,Farm-to-Market Road,1,14700990.90,0,0.00,0,0.00,0,0.00,0,0.00,0,0.00,0,0.00,0,0,0,0,0,1,0,0,0,0,0,0,0,0,0,0,0,0,0,0,0,0,0,0,0,0,0,0,0,0
Isabela,6th District,San Guillermo,Sinalugan,PH0203128020,PH0203128,PH02031,1,10000000.00,1.00,10000000.00,2018,Farm-to-Market Road,Farm-to-Market Roads,Farm to Market Road Development Program,Farm-to-Market Road,1,10000000.00,0,0.00,0,0.00,0,0.00,0,0.00,0,0.00,0,0.00,0,0,0,0,0,1,0,0,0,0,0,0,0,0,0,0,0,0,0,0,0,0,0,0,0,0,0,0,0,0
Isabela,6th District,San Isidro,Camarag,PH0203129001,PH0203129,PH02031,1,100000.00,1.00,100000.00,2022,Gulayan sa Barangay,Food Gardens,High Value Crop Development Program,Gulayan sa Barangay,0,0.00,0,0.00,0,0.00,0,0.00,1,100000.00,0,0.00,0,0.00,0,0,0,0,0,0,0,0,0,1,0,0,0,0,0,0,0,0,0,0,0,0,0,0,0,0,0,0,0,0
Isabela,6th District,San Isidro,Patanad,PH0203129006,PH0203129,PH02031,1,100000.00,1.00,100000.00,2022,Gulayan sa Barangay,Food Gardens,High Value Crop Development Program,Gulayan sa Barangay,0,0.00,0,0.00,0,0.00,0,0.00,1,100000.00,0,0.00,0,0.00,0,0,0,0,0,0,0,0,0,1,0,0,0,0,0,0,0,0,0,0,0,0,0,0,0,0,0,0,0,0
Isabela,6th District,San Isidro,Patanad;Villaflor,,PH0203129,PH02031,1,12576796.24,1.00,12576796.24,2021,Farm-to-Market Road,Farm-to-Market Roads,Farm to Market Road Development Program,Farm-to-Market Road,1,12576796.24,0,0.00,0,0.00,0,0.00,0,0.00,0,0.00,0,0.00,0,0,0,0,0,1,0,0,0,0,0,0,0,0,0,0,0,0,0,0,0,0,0,0,0,0,0,0,0,0
Isabela,6th District,San Isidro,Quezon,PH0203129007,PH0203129,PH02031,1,6965000.00,0.71,6965000.00,2018,Farm-to-Market Road,Farm-to-Market Roads,Farm to Market Road Development Program,Farm-to-Market Road,1,6965000.00,0,0.00,0,0.00,0,0.00,0,0.00,0,0.00,0,0.00,0,0,0,0,0,1,0,0,0,0,0,0,0,0,0,0,0,0,0,0,0,0,0,0,0,0,0,0,0,0
Isabela,6th District,San Isidro,Ramos East,PH0203129009,PH0203129,PH02031,2,9851000.00,1.83,4925500.00,2022,Farm-to-Market Road,Farm-to-Market Roads,Farm to Market Road Development Program | High Value Crop Development Program,Farm-to-Market Road | Gulayan sa Barangay,1,9751000.00,0,0.00,0,0.00,0,0.00,1,100000.00,0,0.00,0,0.00,0,0,0,0,0,1,0,0,0,1,0,0,0,0,0,0,0,0,0,0,0,0,0,0,0,0,0,0,0,0
Isabela,6th District,San Isidro,Rizal East (Pob.),PH0203129012,PH0203129,PH02031,3,5085000.00,2.40,1695000.00,2022,Farm-to-Market Road,Food Gardens,Farm to Market Road Development Program | High Value Crop Development Program,Farm-to-Market Road | Gulayan sa Barangay | School Garden,1,4975000.00,0,0.00,0,0.00,0,0.00,2,110000.00,0,0.00,0,0.00,0,0,0,0,0,1,0,0,0,1,0,0,0,0,0,0,0,0,0,0,0,1,0,0,0,0,0,0,0,0
Isabela,6th District,San Isidro,Rizal West (Pob.),PH0203129013,PH0203129,PH02031,2,110000.00,2.00,55000.00,2022,Gulayan sa Barangay,Food Gardens,High Value Crop Development Program,Gulayan sa Barangay | School Garden,0,0.00,0,0.00,0,0.00,0,0.00,2,110000.00,0,0.00,0,0.00,0,0,0,0,0,0,0,0,0,1,0,0,0,0,0,0,0,0,0,0,0,1,0,0,0,0,0,0,0,0
Isabela,5th District,San Manuel,Babanuang,PH0203130002,PH0203130,PH02031,1,10000.00,1.00,10000.00,2022,School Garden,Food Gardens,High Value Crop Development Program,School Garden,0,0.00,0,0.00,0,0.00,0,0.00,1,10000.00,0,0.00,0,0.00,0,0,0,0,0,0,0,0,0,0,0,0,0,0,0,0,0,0,0,0,0,1,0,0,0,0,0,0,0,0
Isabela,5th District,San Manuel,Caraniogan,PH0203130004,PH0203130,PH02031,1,10000.00,1.00,10000.00,2022,School Garden,Food Gardens,High Value Crop Development Program,School Garden,0,0.00,0,0.00,0,0.00,0,0.00,1,10000.00,0,0.00,0,0.00,0,0,0,0,0,0,0,0,0,0,0,0,0,0,0,0,0,0,0,0,0,1,0,0,0,0,0,0,0,0
Isabela,5th District,San Manuel,Eden,PH0203130006,PH0203130,PH02031,2,35186746.57,2.00,17593373.29,2023,Small Water Impounding Project,Irrigation and Water Systems,National Organic Agriculture Program | Rice Program,Greenhouse | Small Water Impounding Project,0,0.00,1,34601925.76,0,0.00,1,584820.81,0,0.00,0,0.00,0,0.00,0,0,0,0,0,0,0,0,1,0,0,0,0,0,0,0,0,0,0,0,0,0,1,0,0,0,0,0,0,0
Isabela,5th District,San Manuel,Malalinta,PH0203130007,PH0203130,PH02031,5,25647488.52,2.62,5129497.70,2022,Farm-to-Market Road,Farm-to-Market Roads,Farm to Market Road Development Program | High Value Crop Development Program,Farm-to-Market Road | School Garden,4,25637488.52,0,0.00,0,0.00,0,0.00,1,10000.00,0,0.00,0,0.00,0,0,0,0,0,4,0,0,0,0,0,0,0,0,0,0,0,0,0,0,0,1,0,0,0,0,0,0,0,0
Isabela,5th District,San Manuel,Mararigue,PH0203130008,PH0203130,PH02031,1,5970000.00,0.60,5970000.00,2018,Farm-to-Market Road,Farm-to-Market Roads,Farm to Market Road Development Program,Farm-to-Market Road,1,5970000.00,0,0.00,0,0.00,0,0.00,0,0.00,0,0.00,0,0.00,0,0,0,0,0,1,0,0,0,0,0,0,0,0,0,0,0,0,0,0,0,0,0,0,0,0,0,0,0,0
Isabela,5th District,San Manuel,Nueva Era,PH0203130009,PH0203130,PH02031,1,0.00,0.00,0.00,2012,Rice Processing Center,Postharvest and Processing,Rice Program,Rice Processing Center,0,0.00,0,0.00,1,0.00,0,0.00,0,0.00,0,0.00,0,0.00,0,0,0,0,0,0,0,0,0,0,0,0,0,0,0,0,0,0,0,0,1,0,0,0,0,0,0,0,0,0
Isabela,5th District,San Manuel,Sandiat Centro,PH0203130016,PH0203130,PH02031,1,1890430.64,0.20,1890430.64,2017,Farm-to-Market Road,Farm-to-Market Roads,Farm to Market Road Development Program,Farm-to-Market Road,1,1890430.64,0,0.00,0,0.00,0,0.00,0,0.00,0,0.00,0,0.00,0,0,0,0,0,1,0,0,0,0,0,0,0,0,0,0,0,0,0,0,0,0,0,0,0,0,0,0,0,0
Isabela,5th District,San Manuel,Villanueva,PH0203130020,PH0203130,PH02031,1,1890285.54,0.20,1890285.54,2017,Farm-to-Market Road,Farm-to-Market Roads,Farm to Market Road Development Program,Farm-to-Market Road,1,1890285.54,0,0.00,0,0.00,0,0.00,0,0.00,0,0.00,0,0.00,0,0,0,0,0,1,0,0,0,0,0,0,0,0,0,0,0,0,0,0,0,0,0,0,0,0,0,0,0,0
Isabela,2nd District,San Mariano,,,PH0203131,PH02031,2,8576800.00,1.31,4288400.00,2014,Farm-to-Market Road,Farm-to-Market Roads,Farm to Market Road Development Program,Farm-to-Market Road,2,8576800.00,0,0.00,0,0.00,0,0.00,0,0.00,0,0.00,0,0.00,0,0,0,0,0,2,0,0,0,0,0,0,0,0,0,0,0,0,0,0,0,0,0,0,0,0,0,0,0,0
Isabela,2nd District,San Mariano,Alibadabad,PH0203131001,PH0203131,PH02031,4,194866338.11,4.00,48716584.53,2023,School Garden,Postharvest and Processing,Corn Program | High Value Crop Development Program,Multi-Purpose Drying Pavement | School Garden | Solar-Powered Irrigation System | Warehouse,0,0.00,1,7660015.40,2,187196322.71,0,0.00,1,10000.00,0,0.00,0,0.00,0,0,0,0,0,0,0,0,0,0,0,0,0,1,0,0,0,0,0,0,0,1,0,0,1,0,0,0,0,1
Isabela,2nd District,San Mariano,Binatug,PH0203131003,PH0203131,PH02031,1,9949981.86,1.21,9949981.86,2022,Farm-to-Market Road,Farm-to-Market Roads,Farm to Market Road Development Program,Farm-to-Market Road,1,9949981.86,0,0.00,0,0.00,0,0.00,0,0.00,0,0.00,0,0.00,0,0,0,0,0,1,0,0,0,0,0,0,0,0,0,0,0,0,0,0,0,0,0,0,0,0,0,0,0,0
Isabela,2nd District,San Mariano,Bitabian,PH0203131004,PH0203131,PH02031,2,7479900.00,0.73,3739950.00,2014,Farm-to-Market Road,Farm-to-Market Roads,Farm to Market Road Development Program,Farm-to-Market Road,2,7479900.00,0,0.00,0,0.00,0,0.00,0,0.00,0,0.00,0,0.00,0,0,0,0,0,2,0,0,0,0,0,0,0,0,0,0,0,0,0,0,0,0,0,0,0,0,0,0,0,0
Isabela,2nd District,San Mariano,Bitabian;Daragutan West,,PH0203131,PH02031,1,12251889.87,1.78,12251889.87,2021,Farm-to-Market Road,Farm-to-Market Roads,Farm to Market Road Development Program,Farm-to-Market Road,1,12251889.87,0,0.00,0,0.00,0,0.00,0,0.00,0,0.00,0,0.00,0,0,0,0,0,1,0,0,0,0,0,0,0,0,0,0,0,0,0,0,0,0,0,0,0,0,0,0,0,0
Isabela,2nd District,San Mariano,Buyasan;Cadsalan,,PH0203131,PH02031,1,9940041.12,0.67,9940041.12,2024,Farm-to-Market Road,Farm-to-Market Roads,Farm to Market Road Development Program,Farm-to-Market Road,1,9940041.12,0,0.00,0,0.00,0,0.00,0,0.00,0,0.00,0,0.00,0,0,0,0,0,1,0,0,0,0,0,0,0,0,0,0,0,0,0,0,0,0,0,0,0,0,0,0,0,0
Isabela,2nd District,San Mariano,Casala,PH0203131007,PH0203131,PH02031,1,369173.00,1.00,369173.00,2023,Spring Development,Irrigation and Water Systems,High Value Crop Development Program,Spring Development,0,0.00,1,369173.00,0,0.00,0,0.00,0,0.00,0,0.00,0,0.00,0,0,0,0,0,0,0,0,0,0,0,0,0,0,0,0,0,0,0,0,0,0,0,0,0,1,0,0,0,0
Isabela,2nd District,San Mariano,Cataguing,PH0203131008,PH0203131,PH02031,1,3166500.00,0.41,3166500.00,2014,Farm-to-Market Road,Farm-to-Market Roads,Farm to Market Road Development Program,Farm-to-Market Road,1,3166500.00,0,0.00,0,0.00,0,0.00,0,0.00,0,0.00,0,0.00,0,0,0,0,0,1,0,0,0,0,0,0,0,0,0,0,0,0,0,0,0,0,0,0,0,0,0,0,0,0
Isabela,2nd District,San Mariano,Daragutan East,PH0203131009,PH0203131,PH02031,1,10000.00,1.00,10000.00,2022,School Garden,Food Gardens,High Value Crop Development Program,School Garden,0,0.00,0,0.00,0,0.00,0,0.00,1,10000.00,0,0.00,0,0.00,0,0,0,0,0,0,0,0,0,0,0,0,0,0,0,0,0,0,0,0,0,1,0,0,0,0,0,0,0,0
Isabela,2nd District,San Mariano,Daragutan East;Ueg,,PH0203131,PH02031,1,11761029.76,1.49,11761029.76,2021,Farm-to-Market Road,Farm-to-Market Roads,Farm to Market Road Development Program,Farm-to-Market Road,1,11761029.76,0,0.00,0,0.00,0,0.00,0,0.00,0,0.00,0,0.00,0,0,0,0,0,1,0,0,0,0,0,0,0,0,0,0,0,0,0,0,0,0,0,0,0,0,0,0,0,0
Isabela,2nd District,San Mariano,Daragutan West,PH0203131010,PH0203131,PH02031,1,10000000.00,1.00,10000000.00,2017,Farm-to-Market Road,Farm-to-Market Roads,Farm to Market Road Development Program,Farm-to-Market Road,1,10000000.00,0,0.00,0,0.00,0,0.00,0,0.00,0,0.00,0,0.00,0,0,0,0,0,1,0,0,0,0,0,0,0,0,0,0,0,0,0,0,0,0,0,0,0,0,0,0,0,0
Isabela,2nd District,San Mariano,Del Pilar,PH0203131011,PH0203131,PH02031,1,585802.00,1.00,585802.00,2023,Spring Development,Irrigation and Water Systems,High Value Crop Development Program,Spring Development,0,0.00,1,585802.00,0,0.00,0,0.00,0,0.00,0,0.00,0,0.00,0,0,0,0,0,0,0,0,0,0,0,0,0,0,0,0,0,0,0,0,0,0,0,0,0,1,0,0,0,0
Isabela,2nd District,San Mariano,Dicamay,PH0203131013,PH0203131,PH02031,1,9950020.76,0.83,9950020.76,2022,Farm-to-Market Road,Farm-to-Market Roads,Farm to Market Road Development Program,Farm-to-Market Road,1,9950020.76,0,0.00,0,0.00,0,0.00,0,0.00,0,0.00,0,0.00,0,0,0,0,0,1,0,0,0,0,0,0,0,0,0,0,0,0,0,0,0,0,0,0,0,0,0,0,0,0
Isabela,2nd District,San Mariano,Dicamay;Dicamay,,PH0203131,PH02031,1,9939262.40,0.67,9939262.40,2024,Farm-to-Market Road,Farm-to-Market Roads,Farm to Market Road Development Program,Farm-to-Market Road,1,9939262.40,0,0.00,0,0.00,0,0.00,0,0.00,0,0.00,0,0.00,0,0,0,0,0,1,0,0,0,0,0,0,0,0,0,0,0,0,0,0,0,0,0,0,0,0,0,0,0,0
Isabela,2nd District,San Mariano,Disulap;Dibuluan,,PH0203131,PH02031,1,9944056.32,0.67,9944056.32,2024,Farm-to-Market Road,Farm-to-Market Roads,Farm to Market Road Development Program,Farm-to-Market Road,1,9944056.32,0,0.00,0,0.00,0,0.00,0,0.00,0,0.00,0,0.00,0,0,0,0,0,1,0,0,0,0,0,0,0,0,0,0,0,0,0,0,0,0,0,0,0,0,0,0,0,0
Isabela,2nd District,San Mariano,Ibujan,PH0203131018,PH0203131,PH02031,2,42225355.96,3.54,21112677.98,2023,Farm-to-Market Road,Farm-to-Market Roads,Farm to Market Road Development Program,Farm-to-Market Road,2,42225355.96,0,0.00,0,0.00,0,0.00,0,0.00,0,0.00,0,0.00,0,0,0,0,0,2,0,0,0,0,0,0,0,0,0,0,0,0,0,0,0,0,0,0,0,0,0,0,0,0
Isabela,2nd District,San Mariano,Macayucayu;Ibujan,,PH0203131,PH02031,1,12437478.52,1.04,12437478.52,2023,Farm-to-Market Road,Farm-to-Market Roads,Farm to Market Road Development Program,Farm-to-Market Road,1,12437478.52,0,0.00,0,0.00,0,0.00,0,0.00,0,0.00,0,0.00,0,0,0,0,0,1,0,0,0,0,0,0,0,0,0,0,0,0,0,0,0,0,0,0,0,0,0,0,0,0
Isabela,2nd District,San Mariano,Mallabo,PH0203131021,PH0203131,PH02031,1,4823260.00,0.61,4823260.00,2019,Farm-to-Market Road,Farm-to-Market Roads,Farm to Market Road Development Program,Farm-to-Market Road,1,4823260.00,0,0.00,0,0.00,0,0.00,0,0.00,0,0.00,0,0.00,0,0,0,0,0,1,0,0,0,0,0,0,0,0,0,0,0,0,0,0,0,0,0,0,0,0,0,0,0,0
Isabela,2nd District,San Mariano,Marannao,PH0203131022,PH0203131,PH02031,1,10000.00,1.00,10000.00,2022,School Garden,Food Gardens,High Value Crop Development Program,School Garden,0,0.00,0,0.00,0,0.00,0,0.00,1,10000.00,0,0.00,0,0.00,0,0,0,0,0,0,0,0,0,0,0,0,0,0,0,0,0,0,0,0,0,1,0,0,0,0,0,0,0,0
Isabela,2nd District,San Mariano,Minanga,PH0203131023,PH0203131,PH02031,1,9800651.39,1.47,9800651.39,2020,Farm-to-Market Road,Farm-to-Market Roads,Farm to Market Road Development Program,Farm-to-Market Road,1,9800651.39,0,0.00,0,0.00,0,0.00,0,0.00,0,0.00,0,0.00,0,0,0,0,0,1,0,0,0,0,0,0,0,0,0,0,0,0,0,0,0,0,0,0,0,0,0,0,0,0
Isabela,2nd District,San Mariano,Old San Mariano,PH0203131024,PH0203131,PH02031,2,14413631.26,4.34,7206815.63,2018,Farm-to-Market Road,Farm-to-Market Roads,Farm to Market Road Development Program,Farm-to-Market Road,2,14413631.26,0,0.00,0,0.00,0,0.00,0,0.00,0,0.00,0,0.00,0,0,0,0,0,2,0,0,0,0,0,0,0,0,0,0,0,0,0,0,0,0,0,0,0,0,0,0,0,0
Isabela,2nd District,San Mariano,Palutan,PH0203131025,PH0203131,PH02031,1,1890500.00,0.25,1890500.00,2014,Farm-to-Market Road,Farm-to-Market Roads,Farm to Market Road Development Program,Farm-to-Market Road,1,1890500.00,0,0.00,0,0.00,0,0.00,0,0.00,0,0.00,0,0.00,0,0,0,0,0,1,0,0,0,0,0,0,0,0,0,0,0,0,0,0,0,0,0,0,0,0,0,0,0,0
Isabela,2nd District,San Mariano,Panninan,PH0203131026,PH0203131,PH02031,1,10000.00,1.00,10000.00,2022,School Garden,Food Gardens,High Value Crop Development Program,School Garden,0,0.00,0,0.00,0,0.00,0,0.00,1,10000.00,0,0.00,0,0.00,0,0,0,0,0,0,0,0,0,0,0,0,0,0,0,0,0,0,0,0,0,1,0,0,0,0,0,0,0,0
Isabela,2nd District,San Mariano,Santa Filomina,PH0203131033,PH0203131,PH02031,1,10000.00,1.00,10000.00,2022,School Garden,Food Gardens,High Value Crop Development Program,School Garden,0,0.00,0,0.00,0,0.00,0,0.00,1,10000.00,0,0.00,0,0.00,0,0,0,0,0,0,0,0,0,0,0,0,0,0,0,0,0,0,0,0,0,1,0,0,0,0,0,0,0,0
Isabela,2nd District,San Mariano,Tappa,PH0203131034,PH0203131,PH02031,2,22387501.02,2.08,11193750.51,2022,Farm-to-Market Road,Farm-to-Market Roads,Farm to Market Road Development Program,Farm-to-Market Road,2,22387501.02,0,0.00,0,0.00,0,0.00,0,0.00,0,0.00,0,0.00,0,0,0,0,0,2,0,0,0,0,0,0,0,0,0,0,0,0,0,0,0,0,0,0,0,0,0,0,0,0
Isabela,2nd District,San Mariano,Zamora,PH0203131038,PH0203131,PH02031,2,1816833.14,2.00,908416.57,2021,Solar-Powered Irrigation System,Irrigation and Water Systems,National Organic Agriculture Program,Solar-Powered Irrigation System,0,0.00,2,1816833.14,0,0.00,0,0.00,0,0.00,0,0.00,0,0.00,0,0,0,0,0,0,0,0,0,0,0,0,0,0,0,0,0,0,0,0,0,0,0,0,2,0,0,0,0,0
Isabela,3rd District,San Mateo,Barangay IV (Pob.),PH0203132020,PH0203132,PH02031,1,6981626.44,1.00,6981626.44,2021,Warehouse,Postharvest and Processing,Rice Program,Warehouse,0,0.00,0,0.00,1,6981626.44,0,0.00,0,0.00,0,0.00,0,0.00,0,0,0,0,0,0,0,0,0,0,0,0,0,0,0,0,0,0,0,0,0,0,0,0,0,0,0,0,0,1
Isabela,3rd District,San Mateo,Marasat Peque?o,,PH0203132,PH02031,2,283290.57,2.00,141645.29,2022,School Garden,Food Gardens,High Value Crop Development Program | National Organic Agriculture Program,School Garden | Vermi-Composting Facilities,0,0.00,0,0.00,0,0.00,1,273290.57,1,10000.00,0,0.00,0,0.00,0,0,0,0,0,0,0,0,0,0,0,0,0,0,0,0,0,0,0,0,0,1,0,0,0,0,0,1,0,0
Isabela,3rd District,San Mateo,Old Centro I,PH0203132013,PH0203132,PH02031,2,20000.00,2.00,10000.00,2022,School Garden,Food Gardens,High Value Crop Development Program,School Garden,0,0.00,0,0.00,0,0.00,0,0.00,2,20000.00,0,0.00,0,0.00,0,0,0,0,0,0,0,0,0,0,0,0,0,0,0,0,0,0,0,0,0,2,0,0,0,0,0,0,0,0
Isabela,3rd District,San Mateo,Salinungan East,PH0203132021,PH0203132,PH02031,1,10000.00,1.00,10000.00,2022,School Garden,Food Gardens,High Value Crop Development Program,School Garden,0,0.00,0,0.00,0,0.00,0,0.00,1,10000.00,0,0.00,0,0.00,0,0,0,0,0,0,0,0,0,0,0,0,0,0,0,0,0,0,0,0,0,1,0,0,0,0,0,0,0,0
Isabela,3rd District,San Mateo,Salinungan West,PH0203132024,PH0203132,PH02031,1,12437500.00,0.90,12437500.00,2020,Farm-to-Market Road,Farm-to-Market Roads,Farm to Market Road Development Program,Farm-to-Market Road,1,12437500.00,0,0.00,0,0.00,0,0.00,0,0.00,0,0.00,0,0.00,0,0,0,0,0,1,0,0,0,0,0,0,0,0,0,0,0,0,0,0,0,0,0,0,0,0,0,0,0,0
Isabela,3rd District,San Mateo,San Andres,PH0203132025,PH0203132,PH02031,1,2000000.00,0.20,2000000.00,2018,Farm-to-Market Road,Farm-to-Market Roads,Farm to Market Road Development Program,Farm-to-Market Road,1,2000000.00,0,0.00,0,0.00,0,0.00,0,0.00,0,0.00,0,0.00,0,0,0,0,0,1,0,0,0,0,0,0,0,0,0,0,0,0,0,0,0,0,0,0,0,0,0,0,0,0
Isabela,3rd District,San Mateo,San Ignacio,PH0203132027,PH0203132,PH02031,1,1871417.57,0.40,1871417.57,2017,Farm-to-Market Road,Farm-to-Market Roads,Farm to Market Road Development Program,Farm-to-Market Road,1,1871417.57,0,0.00,0,0.00,0,0.00,0,0.00,0,0.00,0,0.00,0,0,0,0,0,1,0,0,0,0,0,0,0,0,0,0,0,0,0,0,0,0,0,0,0,0,0,0,0,0
Isabela,3rd District,San Mateo,San Roque,PH0203132030,PH0203132,PH02031,1,10000.00,1.00,10000.00,2022,School Garden,Food Gardens,High Value Crop Development Program,School Garden,0,0.00,0,0.00,0,0.00,0,0.00,1,10000.00,0,0.00,0,0.00,0,0,0,0,0,0,0,0,0,0,0,0,0,0,0,0,0,0,0,0,0,1,0,0,0,0,0,0,0,0
Isabela,3rd District,San Mateo,Sinamar Norte,PH0203132031,PH0203132,PH02031,1,5000000.00,0.50,5000000.00,2018,Farm-to-Market Road,Farm-to-Market Roads,Farm to Market Road Development Program,Farm-to-Market Road,1,5000000.00,0,0.00,0,0.00,0,0.00,0,0.00,0,0.00,0,0.00,0,0,0,0,0,1,0,0,0,0,0,0,0,0,0,0,0,0,0,0,0,0,0,0,0,0,0,0,0,0
Isabela,3rd District,San Mateo,Victoria,PH0203132033,PH0203132,PH02031,1,1870999.90,0.33,1870999.90,2017,Farm-to-Market Road,Farm-to-Market Roads,Farm to Market Road Development Program,Farm-to-Market Road,1,1870999.90,0,0.00,0,0.00,0,0.00,0,0.00,0,0.00,0,0.00,0,0,0,0,0,1,0,0,0,0,0,0,0,0,0,0,0,0,0,0,0,0,0,0,0,0,0,0,0,0
Isabela,3rd District,San Mateo,Villa Magat,PH0203132037,PH0203132,PH02031,1,10000.00,1.00,10000.00,2022,School Garden,Food Gardens,High Value Crop Development Program,School Garden,0,0.00,0,0.00,0,0.00,0,0.00,1,10000.00,0,0.00,0,0.00,0,0,0,0,0,0,0,0,0,0,0,0,0,0,0,0,0,0,0,0,0,1,0,0,0,0,0,0,0,0
Isabela,1st District,San Pablo,Annanuman,PH0203133001,PH0203133,PH02031,1,9952000.00,1.82,9952000.00,2016,Farm-to-Market Road,Farm-to-Market Roads,Farm to Market Road Development Program,Farm-to-Market Road,1,9952000.00,0,0.00,0,0.00,0,0.00,0,0.00,0,0.00,0,0.00,0,0,0,0,0,1,0,0,0,0,0,0,0,0,0,0,0,0,0,0,0,0,0,0,0,0,0,0,0,0
Isabela,1st District,San Pablo,Caddangan/Limbauan,PH0203133007,PH0203133,PH02031,1,0.00,1.00,0.00,2021,Farm-to-Market Road,Farm-to-Market Roads,Farm to Market Road Development Program,Farm-to-Market Road,1,0.00,0,0.00,0,0.00,0,0.00,0,0.00,0,0.00,0,0.00,0,0,0,0,0,1,0,0,0,0,0,0,0,0,0,0,0,0,0,0,0,0,0,0,0,0,0,0,0,0
Isabela,1st District,San Pablo,Poblacion,PH0203133014,PH0203133,PH02031,2,20000.00,2.00,10000.00,2022,School Garden,Food Gardens,High Value Crop Development Program,School Garden,0,0.00,0,0.00,0,0.00,0,0.00,2,20000.00,0,0.00,0,0.00,0,0,0,0,0,0,0,0,0,0,0,0,0,0,0,0,0,0,0,0,0,2,0,0,0,0,0,0,0,0
Isabela,1st District,San Pablo,Simanu Norte,PH0203133015,PH0203133,PH02031,4,30891357.15,3.71,7722839.29,2024,Farm-to-Market Road,Farm-to-Market Roads,Farm to Market Road Development Program | Rice Program,Farm-to-Market Road | Small Water Impounding Project,3,22215818.65,1,8675538.50,0,0.00,0,0.00,0,0.00,0,0.00,0,0.00,0,0,0,0,0,3,0,0,0,0,0,0,0,0,0,0,0,0,0,0,0,0,1,0,0,0,0,0,0,0
Isabela,1st District,San Pablo,Simanu Sur,PH0203133016,PH0203133,PH02031,1,1197994.25,1.00,1197994.25,2024,Mobile Solar Power Irrigation Unit,Irrigation and Water Systems,Corn Program,Mobile Solar Power Irrigation Unit,0,0.00,1,1197994.25,0,0.00,0,0.00,0,0.00,0,0.00,0,0.00,0,0,0,0,0,0,0,0,0,0,1,0,0,0,0,0,0,0,0,0,0,0,0,0,0,0,0,0,0,0
Isabela,1st District,Santa Maria,Calamagui West,PH0203134005,PH0203134,PH02031,3,46250284.37,2.69,15416761.46,2019,Small Water Impounding Project,Irrigation and Water Systems,Farm to Market Road Development Program | Rice Program,Farm-to-Market Road | Small Water Impounding Project,1,4975000.00,2,41275284.37,0,0.00,0,0.00,0,0.00,0,0.00,0,0.00,0,0,0,0,0,1,0,0,0,0,0,0,0,0,0,0,0,0,0,0,0,0,2,0,0,0,0,0,0,0
Isabela,1st District,Santa Maria,Lingaling,PH0203134008,PH0203134,PH02031,1,11935963.64,1.00,11935963.64,2023,Farm-to-Market Road,Farm-to-Market Roads,Farm to Market Road Development Program,Farm-to-Market Road,1,11935963.64,0,0.00,0,0.00,0,0.00,0,0.00,0,0.00,0,0.00,0,0,0,0,0,1,0,0,0,0,0,0,0,0,0,0,0,0,0,0,0,0,0,0,0,0,0,0,0,0
Isabela,1st District,Santa Maria,Mozzozzin North,PH0203134010,PH0203134,PH02031,1,5980000.00,0.65,5980000.00,2015,Farm-to-Market Road,Farm-to-Market Roads,Farm to Market Road Development Program,Farm-to-Market Road,1,5980000.00,0,0.00,0,0.00,0,0.00,0,0.00,0,0.00,0,0.00,0,0,0,0,0,1,0,0,0,0,0,0,0,0,0,0,0,0,0,0,0,0,0,0,0,0,0,0,0,0
Isabela,1st District,Santa Maria,Mozzozzin Sur,PH0203134009,PH0203134,PH02031,2,10945000.00,2.53,5472500.00,2016,Farm-to-Market Road,Farm-to-Market Roads,Farm to Market Road Development Program,Farm-to-Market Road,2,10945000.00,0,0.00,0,0.00,0,0.00,0,0.00,0,0.00,0,0.00,0,0,0,0,0,2,0,0,0,0,0,0,0,0,0,0,0,0,0,0,0,0,0,0,0,0,0,0,0,0
Isabela,1st District,Santa Maria,Naganacan,PH0203134011,PH0203134,PH02031,1,23640724.90,1.00,23640724.90,2021,Farm-to-Market Road,Farm-to-Market Roads,Farm to Market Road Development Program,Farm-to-Market Road,1,23640724.90,0,0.00,0,0.00,0,0.00,0,0.00,0,0.00,0,0.00,0,0,0,0,0,1,0,0,0,0,0,0,0,0,0,0,0,0,0,0,0,0,0,0,0,0,0,0,0,0
Isabela,1st District,Santa Maria,Poblacion 1,PH0203134012,PH0203134,PH02031,2,20000.00,2.00,10000.00,2022,School Garden,Food Gardens,High Value Crop Development Program,School Garden,0,0.00,0,0.00,0,0.00,0,0.00,2,20000.00,0,0.00,0,0.00,0,0,0,0,0,0,0,0,0,0,0,0,0,0,0,0,0,0,0,0,0,2,0,0,0,0,0,0,0,0
Isabela,1st District,Santa Maria,Poblacion 2,PH0203134013,PH0203134,PH02031,1,4727759.36,0.65,4727759.36,2017,Farm-to-Market Road,Farm-to-Market Roads,Farm to Market Road Development Program,Farm-to-Market Road,1,4727759.36,0,0.00,0,0.00,0,0.00,0,0.00,0,0.00,0,0.00,0,0,0,0,0,1,0,0,0,0,0,0,0,0,0,0,0,0,0,0,0,0,0,0,0,0,0,0,0,0
Isabela,1st District,Santa Maria,San Antonio,PH0203134016,PH0203134,PH02031,1,11936013.53,1.00,11936013.53,2023,Farm-to-Market Road,Farm-to-Market Roads,Farm to Market Road Development Program,Farm-to-Market Road,1,11936013.53,0,0.00,0,0.00,0,0.00,0,0.00,0,0.00,0,0.00,0,0,0,0,0,1,0,0,0,0,0,0,0,0,0,0,0,0,0,0,0,0,0,0,0,0,0,0,0,0
Isabela,1st District,Santa Maria,San Isidro East,PH0203134017,PH0203134,PH02031,1,6964946.77,0.79,6964946.77,2018,Farm-to-Market Road,Farm-to-Market Roads,Farm to Market Road Development Program,Farm-to-Market Road,1,6964946.77,0,0.00,0,0.00,0,0.00,0,0.00,0,0.00,0,0.00,0,0,0,0,0,1,0,0,0,0,0,0,0,0,0,0,0,0,0,0,0,0,0,0,0,0,0,0,0,0
Isabela,1st District,Santa Maria,San Isidro West,PH0203134018,PH0203134,PH02031,1,621834.14,1.00,621834.14,2022,Solar-Powered Irrigation System,Irrigation and Water Systems,High Value Crop Development Program,Solar-Powered Irrigation System,0,0.00,1,621834.14,0,0.00,0,0.00,0,0.00,0,0.00,0,0.00,0,0,0,0,0,0,0,0,0,0,0,0,0,0,0,0,0,0,0,0,0,0,0,0,1,0,0,0,0,0
Isabela,1st District,Santa Maria,Villabuena,PH0203134021,PH0203134,PH02031,5,47845304.36,7.02,9569060.87,2023,Farm-to-Market Road,Farm-to-Market Roads,Farm to Market Road Development Program | National Organic Agriculture Program | Rice Program,Farm-to-Market Road | Fertilizer Processing Center | Greenhouse | Small Water Impounding Project,2,29841713.55,1,14454700.79,1,2120529.08,1,1428360.94,0,0.00,0,0.00,0,0.00,0,0,0,0,0,2,1,0,1,0,0,0,0,0,0,0,0,0,0,0,0,0,1,0,0,0,0,0,0,0
Isabela,1st District,Santo Tomas,Bolinao-Culalabo,PH0203136009,PH0203136,PH02031,1,10000.00,1.00,10000.00,2022,School Garden,Food Gardens,High Value Crop Development Program,School Garden,0,0.00,0,0.00,0,0.00,0,0.00,1,10000.00,0,0.00,0,0.00,0,0,0,0,0,0,0,0,0,0,0,0,0,0,0,0,0,0,0,0,0,1,0,0,0,0,0,0,0,0
Isabela,1st District,Santo Tomas,Bubug,PH0203136008,PH0203136,PH02031,2,21676063.83,2.00,10838031.91,2017,Small Water Impounding Project,Irrigation and Water Systems,Rice Program,Small Water Impounding Project,0,0.00,2,21676063.83,0,0.00,0,0.00,0,0.00,0,0.00,0,0.00,0,0,0,0,0,0,0,0,0,0,0,0,0,0,0,0,0,0,0,0,0,0,2,0,0,0,0,0,0,0
Isabela,1st District,Santo Tomas,Ca?ogan Abajo Norte,,PH0203136,PH02031,1,10000.00,1.00,10000.00,2022,School Garden,Food Gardens,High Value Crop Development Program,School Garden,0,0.00,0,0.00,0,0.00,0,0.00,1,10000.00,0,0.00,0,0.00,0,0,0,0,0,0,0,0,0,0,0,0,0,0,0,0,0,0,0,0,0,1,0,0,0,0,0,0,0,0
Isabela,1st District,Santo Tomas,San Rafael Abajo,PH0203136022,PH0203136,PH02031,2,19775664.11,2.77,9887832.05,2020,Farm-to-Market Road,Farm-to-Market Roads,Farm to Market Road Development Program,Farm-to-Market Road,2,19775664.11,0,0.00,0,0.00,0,0.00,0,0.00,0,0.00,0,0.00,0,0,0,0,0,2,0,0,0,0,0,0,0,0,0,0,0,0,0,0,0,0,0,0,0,0,0,0,0,0
Isabela,1st District,Santo Tomas,San Rafael Alto,PH0203136023,PH0203136,PH02031,1,11834252.05,1.00,11834252.05,2021,Farm-to-Market Road,Farm-to-Market Roads,Farm to Market Road Development Program,Farm-to-Market Road,1,11834252.05,0,0.00,0,0.00,0,0.00,0,0.00,0,0.00,0,0.00,0,0,0,0,0,1,0,0,0,0,0,0,0,0,0,0,0,0,0,0,0,0,0,0,0,0,0,0,0,0
Isabela,1st District,Tumauini,,,PH0203137,PH02031,2,9948971.89,2.88,4974485.95,2018,Farm-to-Market Road,Farm-to-Market Roads,Farm to Market Road Development Program,Farm-to-Market Road,2,9948971.89,0,0.00,0,0.00,0,0.00,0,0.00,0,0.00,0,0.00,0,0,0,0,0,2,0,0,0,0,0,0,0,0,0,0,0,0,0,0,0,0,0,0,0,0,0,0,0,0
Isabela,1st District,Tumauini,Annafunan,PH0203137001,PH0203137,PH02031,1,10000.00,1.00,10000.00,2022,School Garden,Food Gardens,High Value Crop Development Program,School Garden,0,0.00,0,0.00,0,0.00,0,0.00,1,10000.00,0,0.00,0,0.00,0,0,0,0,0,0,0,0,0,0,0,0,0,0,0,0,0,0,0,0,0,1,0,0,0,0,0,0,0,0
Isabela,1st District,Tumauini,Antagan II;Namnama,,PH0203137,PH02031,1,11928754.07,1.16,11928754.07,2022,Farm-to-Market Road,Farm-to-Market Roads,Farm to Market Road Development Program,Farm-to-Market Road,1,11928754.07,0,0.00,0,0.00,0,0.00,0,0.00,0,0.00,0,0.00,0,0,0,0,0,1,0,0,0,0,0,0,0,0,0,0,0,0,0,0,0,0,0,0,0,0,0,0,0,0
Isabela,1st District,Tumauini,Arcon,PH0203137005,PH0203137,PH02031,3,3050212.47,3.00,1016737.49,2023,Rabbit Housing,Protected Cultivation and Nurseries,National Urban and Peri-Urban Agriculture Program,Greenhouse | Mushroom Fruiting House | Rabbit Housing,0,0.00,0,0.00,0,0.00,2,1018066.00,0,0.00,1,2032146.47,0,0.00,0,0,0,0,0,0,0,0,1,0,0,0,0,0,1,0,0,0,1,0,0,0,0,0,0,0,0,0,0,0
Isabela,1st District,Tumauini,Bantug,PH0203137009,PH0203137,PH02031,3,29235953.21,3.54,9745317.74,2022,Farm-to-Market Road,Farm-to-Market Roads,Farm to Market Road Development Program,Farm-to-Market Road,3,29235953.21,0,0.00,0,0.00,0,0.00,0,0.00,0,0.00,0,0.00,0,0,0,0,0,3,0,0,0,0,0,0,0,0,0,0,0,0,0,0,0,0,0,0,0,0,0,0,0,0
Isabela,1st District,Tumauini,Bayabo East,PH0203137010,PH0203137,PH02031,1,10000.00,1.00,10000.00,2022,School Garden,Food Gardens,High Value Crop Development Program,School Garden,0,0.00,0,0.00,0,0.00,0,0.00,1,10000.00,0,0.00,0,0.00,0,0,0,0,0,0,0,0,0,0,0,0,0,0,0,0,0,0,0,0,0,1,0,0,0,0,0,0,0,0
Isabela,1st District,Tumauini,Caligayan,PH0203137012,PH0203137,PH02031,3,31251717.55,3.36,10417239.18,2024,Farm-to-Market Road,Irrigation and Water Systems,Farm to Market Road Development Program | High Value Crop Development Program | Rice Program,Farm-to-Market Road | Small Water Impounding Project | Solar-Powered Irrigation System,1,9451938.27,2,21799779.28,0,0.00,0,0.00,0,0.00,0,0.00,0,0.00,0,0,0,0,0,1,0,0,0,0,0,0,0,0,0,0,0,0,0,0,0,0,1,0,1,0,0,0,0,0
Isabela,1st District,Tumauini,Camasi,PH0203137013,PH0203137,PH02031,2,17732757.98,1.77,8866378.99,2018,Small Water Impounding Project,Irrigation and Water Systems,Farm to Market Road Development Program | Rice Program,Farm-to-Market Road | Small Water Impounding Project,1,4974910.22,1,12757847.76,0,0.00,0,0.00,0,0.00,0,0.00,0,0.00,0,0,0,0,0,1,0,0,0,0,0,0,0,0,0,0,0,0,0,0,0,0,1,0,0,0,0,0,0,0
Isabela,1st District,Tumauini,Carpentero,PH0203137014,PH0203137,PH02031,1,10000.00,1.00,10000.00,2022,School Garden,Food Gardens,High Value Crop Development Program,School Garden,0,0.00,0,0.00,0,0.00,0,0.00,1,10000.00,0,0.00,0,0.00,0,0,0,0,0,0,0,0,0,0,0,0,0,0,0,0,0,0,0,0,0,1,0,0,0,0,0,0,0,0
Isabela,1st District,Tumauini,Cumabao,PH0203137016,PH0203137,PH02031,3,21773937.92,3.34,7257979.31,2022,Farm-to-Market Road,Farm-to-Market Roads,Farm to Market Road Development Program | High Value Crop Development Program,Farm-to-Market Road | School Garden,2,21763937.92,0,0.00,0,0.00,0,0.00,1,10000.00,0,0.00,0,0.00,0,0,0,0,0,2,0,0,0,0,0,0,0,0,0,0,0,0,0,0,0,1,0,0,0,0,0,0,0,0
Isabela,1st District,Tumauini,Dy-Abra,,PH0203137,PH02031,1,4726097.70,0.93,4726097.70,2019,Farm-to-Market Road,Farm-to-Market Roads,Farm to Market Road Development Program,Farm-to-Market Road,1,4726097.70,0,0.00,0,0.00,0,0.00,0,0.00,0,0.00,0,0.00,0,0,0,0,0,1,0,0,0,0,0,0,0,0,0,0,0,0,0,0,0,0,0,0,0,0,0,0,0,0
Isabela,1st District,Tumauini,Fermeldy (Hcda. San Francisco);Santa,,PH0203137,PH02031,1,14919500.85,1.00,14919500.85,2024,Farm-to-Market Road,Farm-to-Market Roads,Farm to Market Road Development Program,Farm-to-Market Road,1,14919500.85,0,0.00,0,0.00,0,0.00,0,0.00,0,0.00,0,0.00,0,0,0,0,0,1,0,0,0,0,0,0,0,0,0,0,0,0,0,0,0,0,0,0,0,0,0,0,0,0
Isabela,1st District,Tumauini,Lanna,PH0203137023,PH0203137,PH02031,1,16176968.50,1.00,16176968.50,2022,Farm-to-Market Road,Farm-to-Market Roads,Farm to Market Road Development Program,Farm-to-Market Road,1,16176968.50,0,0.00,0,0.00,0,0.00,0,0.00,0,0.00,0,0.00,0,0,0,0,0,1,0,0,0,0,0,0,0,0,0,0,0,0,0,0,0,0,0,0,0,0,0,0,0,0
Isabela,1st District,Tumauini,Lapogan,PH0203137024,PH0203137,PH02031,1,10000.00,1.00,10000.00,2022,School Garden,Food Gardens,High Value Crop Development Program,School Garden,0,0.00,0,0.00,0,0.00,0,0.00,1,10000.00,0,0.00,0,0.00,0,0,0,0,0,0,0,0,0,0,0,0,0,0,0,0,0,0,0,0,0,1,0,0,0,0,0,0,0,0
Isabela,1st District,Tumauini,Lapogan;Santo Niño,,PH0203137,PH02031,1,11818840.47,1.00,11818840.47,2021,Farm-to-Market Road,Farm-to-Market Roads,Farm to Market Road Development Program,Farm-to-Market Road,1,11818840.47,0,0.00,0,0.00,0,0.00,0,0.00,0,0.00,0,0.00,0,0,0,0,0,1,0,0,0,0,0,0,0,0,0,0,0,0,0,0,0,0,0,0,0,0,0,0,0,0
Isabela,1st District,Tumauini,Liwanag,PH0203137026,PH0203137,PH02031,2,10004725687.14,1.77,5002362843.57,2021,Farm-to-Market Road,Farm-to-Market Roads,Farm to Market Road Development Program,Farm-to-Market Road,2,10004725687.14,0,0.00,0,0.00,0,0.00,0,0.00,0,0.00,0,0.00,0,0,0,0,0,2,0,0,0,0,0,0,0,0,0,0,0,0,0,0,0,0,0,0,0,0,0,0,0,0
Isabela,1st District,Tumauini,Moldero,PH0203137055,PH0203137,PH02031,3,16676325.96,3.92,5558775.32,2017,Farm-to-Market Road,Farm-to-Market Roads,Farm to Market Road Development Program,Farm-to-Market Road,3,16676325.96,0,0.00,0,0.00,0,0.00,0,0.00,0,0.00,0,0.00,0,0,0,0,0,3,0,0,0,0,0,0,0,0,0,0,0,0,0,0,0,0,0,0,0,0,0,0,0,0
Isabela,1st District,Tumauini,Namnama,PH0203137033,PH0203137,PH02031,1,1891235.67,1.00,1891235.67,2016,Small Water Impounding Project,Irrigation and Water Systems,Rice Program,Small Water Impounding Project,0,0.00,1,1891235.67,0,0.00,0,0.00,0,0.00,0,0.00,0,0.00,0,0,0,0,0,0,0,0,0,0,0,0,0,0,0,0,0,0,0,0,0,0,1,0,0,0,0,0,0,0
Isabela,1st District,Tumauini,Namnama;Antagan II,,PH0203137,PH02031,1,11820592.87,1.00,11820592.87,2021,Farm-to-Market Road,Farm-to-Market Roads,Farm to Market Road Development Program,Farm-to-Market Road,1,11820592.87,0,0.00,0,0.00,0,0.00,0,0.00,0,0.00,0,0.00,0,0,0,0,0,1,0,0,0,0,0,0,0,0,0,0,0,0,0,0,0,0,0,0,0,0,0,0,0,0
Isabela,1st District,Tumauini,Pilitan,PH0203137036,PH0203137,PH02031,1,12414375.61,0.94,12414375.61,2022,Farm-to-Market Road,Farm-to-Market Roads,Farm to Market Road Development Program,Farm-to-Market Road,1,12414375.61,0,0.00,0,0.00,0,0.00,0,0.00,0,0.00,0,0.00,0,0,0,0,0,1,0,0,0,0,0,0,0,0,0,0,0,0,0,0,0,0,0,0,0,0,0,0,0,0
Isabela,1st District,Tumauini,San Pedro,PH0203137042,PH0203137,PH02031,2,12535137.37,1.99,6267568.68,2022,Farm-to-Market Road,Farm-to-Market Roads,Farm to Market Road Development Program | High Value Crop Development Program,Farm-to-Market Road | School Garden,1,12525137.37,0,0.00,0,0.00,0,0.00,1,10000.00,0,0.00,0,0.00,0,0,0,0,0,1,0,0,0,0,0,0,0,0,0,0,0,0,0,0,0,1,0,0,0,0,0,0,0,0
Isabela,1st District,Tumauini,San Vicente,PH0203137044,PH0203137,PH02031,2,43297394.57,3.13,21648697.29,2019,Farm-to-Market Road,Farm-to-Market Roads,Farm to Market Road Development Program | Rice Program,Farm-to-Market Road | Small Water Impounding Project,1,14176828.07,1,29120566.50,0,0.00,0,0.00,0,0.00,0,0.00,0,0.00,0,0,0,0,0,1,0,0,0,0,0,0,0,0,0,0,0,0,0,0,0,0,1,0,0,0,0,0,0,0
Isabela,1st District,Tumauini,Sisim Abajo,PH0203137050,PH0203137,PH02031,1,11817497.88,1.00,11817497.88,2021,Farm-to-Market Road,Farm-to-Market Roads,Farm to Market Road Development Program,Farm-to-Market Road,1,11817497.88,0,0.00,0,0.00,0,0.00,0,0.00,0,0.00,0,0.00,0,0,0,0,0,1,0,0,0,0,0,0,0,0,0,0,0,0,0,0,0,0,0,0,0,0,0,0,0,0
Isabela,1st District,Tumauini,Sisim Alto,PH0203137051,PH0203137,PH02031,1,4726125.82,0.91,4726125.82,2019,Farm-to-Market Road,Farm-to-Market Roads,Farm to Market Road Development Program,Farm-to-Market Road,1,4726125.82,0,0.00,0,0.00,0,0.00,0,0.00,0,0.00,0,0.00,0,0,0,0,0,1,0,0,0,0,0,0,0,0,0,0,0,0,0,0,0,0,0,0,0,0,0,0,0,0
Isabela,1st District,Tumauini,Tunggui,PH0203137053,PH0203137,PH02031,1,621283.72,1.00,621283.72,2024,Multi Crop Drying Pavement (MCDP),Postharvest and Processing,Corn Program,Multi Crop Drying Pavement (MCDP),0,0.00,0,0.00,1,621283.72,0,0.00,0,0.00,0,0.00,0,0.00,0,0,0,0,0,0,0,0,0,0,0,0,1,0,0,0,0,0,0,0,0,0,0,0,0,0,0,0,0,0
Isabela,1st District,Tumauini,Ugad,PH0203137054,PH0203137,PH02031,2,14890882.17,1.86,7445441.08,2022,Farm-to-Market Road,Farm-to-Market Roads,Farm to Market Road Development Program,Farm-to-Market Road,2,14890882.17,0,0.00,0,0.00,0,0.00,0,0.00,0,0.00,0,0.00,0,0,0,0,0,2,0,0,0,0,0,0,0,0,0,0,0,0,0,0,0,0,0,0,0,0,0,0,0,0
Nueva Vizcaya,Nueva Vizcaya,Alfonso Castaneda,Abuyo,PH0205015001,PH0205015,PH02050,1,1061399.97,9.00,1061399.97,2023,Rainshelter,Protected Cultivation and Nurseries,High Value Crop Development Program,Rainshelter,0,0.00,0,0.00,0,0.00,1,1061399.97,0,0.00,0,0.00,0,0.00,0,0,0,0,0,0,0,0,0,0,0,0,0,0,0,0,0,0,0,1,0,0,0,0,0,0,0,0,0,0
Nueva Vizcaya,Nueva Vizcaya,Alfonso Castaneda,Galintuja,PH0205015002,PH0205015,PH02050,2,1856250.00,1.47,928125.00,2025,Greenhouse,Protected Cultivation and Nurseries,Farm to Market Road Development Program | High Value Crop Development Program,Farm-to-Market Road | Greenhouse,1,1856250.00,0,0.00,0,0.00,1,0.00,0,0.00,0,0.00,0,0.00,0,0,0,0,0,1,0,0,1,0,0,0,0,0,0,0,0,0,0,0,0,0,0,0,0,0,0,0,0,0
Nueva Vizcaya,Nueva Vizcaya,Alfonso Castaneda,Lipuga,PH0205015004,PH0205015,PH02050,1,10000.00,1.00,10000.00,2022,School Garden,Food Gardens,High Value Crop Development Program,School Garden,0,0.00,0,0.00,0,0.00,0,0.00,1,10000.00,0,0.00,0,0.00,0,0,0,0,0,0,0,0,0,0,0,0,0,0,0,0,0,0,0,0,0,1,0,0,0,0,0,0,0,0
Nueva Vizcaya,Nueva Vizcaya,Alfonso Castaneda,Lublub (Pob.),PH0205015005,PH0205015,PH02050,7,12085173.37,7.00,1726453.34,2025,Nursery Establishment,Protected Cultivation and Nurseries,High Value Crop Development Program | Rice Program,Greenhouse | Nursery Establishment | Packinghouse | School Garden | Small Water Impounding Project,0,0.00,1,12075173.37,1,0.00,4,0.00,1,10000.00,0,0.00,0,0.00,0,0,0,0,0,0,0,0,2,0,0,0,0,0,0,2,1,0,0,0,0,1,1,0,0,0,0,0,0,0
Nueva Vizcaya,Nueva Vizcaya,Alfonso Castaneda,Pelaway,PH0205015006,PH0205015,PH02050,1,10000.00,1.00,10000.00,2022,School Garden,Food Gardens,High Value Crop Development Program,School Garden,0,0.00,0,0.00,0,0.00,0,0.00,1,10000.00,0,0.00,0,0.00,0,0,0,0,0,0,0,0,0,0,0,0,0,0,0,0,0,0,0,0,0,1,0,0,0,0,0,0,0,0
Nueva Vizcaya,Nueva Vizcaya,Ambaguio,Ammueg,,PH0205001,PH02050,1,1909029.36,0.28,1909029.36,2017,Farm-to-Market Road,Farm-to-Market Roads,Farm to Market Road Development Program,Farm-to-Market Road,1,1909029.36,0,0.00,0,0.00,0,0.00,0,0.00,0,0.00,0,0.00,0,0,0,0,0,1,0,0,0,0,0,0,0,0,0,0,0,0,0,0,0,0,0,0,0,0,0,0,0,0
Nueva Vizcaya,Nueva Vizcaya,Ambaguio,Dulli,PH0205001010,PH0205001,PH02050,2,1919225.13,1.26,959612.56,2022,Farm-to-Market Road,Farm-to-Market Roads,Farm to Market Road Development Program | High Value Crop Development Program,Farm-to-Market Road | School Garden,1,1909225.13,0,0.00,0,0.00,0,0.00,1,10000.00,0,0.00,0,0.00,0,0,0,0,0,1,0,0,0,0,0,0,0,0,0,0,0,0,0,0,0,1,0,0,0,0,0,0,0,0
Nueva Vizcaya,Nueva Vizcaya,Ambaguio,Poblacion,PH0205001007,PH0205001,PH02050,3,3990000.00,1.39,1330000.00,2022,Farm-to-Market Road,Farm-to-Market Roads,Farm to Market Road Development Program | High Value Crop Development Program,Farm-to-Market Road | School Garden,2,3980000.00,0,0.00,0,0.00,0,0.00,1,10000.00,0,0.00,0,0.00,0,0,0,0,0,2,0,0,0,0,0,0,0,0,0,0,0,0,0,0,0,1,0,0,0,0,0,0,0,0
Nueva Vizcaya,Nueva Vizcaya,Ambaguio,Salingsingan,PH0205001008,PH0205001,PH02050,2,1919549.21,1.23,959774.60,2022,Farm-to-Market Road,Farm-to-Market Roads,Farm to Market Road Development Program | High Value Crop Development Program,Farm-to-Market Road | School Garden,1,1909549.21,0,0.00,0,0.00,0,0.00,1,10000.00,0,0.00,0,0.00,0,0,0,0,0,1,0,0,0,0,0,0,0,0,0,0,0,0,0,0,0,1,0,0,0,0,0,0,0,0
Nueva Vizcaya,Nueva Vizcaya,Ambaguio,Tiblac,PH0205001009,PH0205001,PH02050,2,1919575.76,1.23,959787.88,2022,Farm-to-Market Road,Farm-to-Market Roads,Farm to Market Road Development Program | High Value Crop Development Program,Farm-to-Market Road | School Garden,1,1909575.76,0,0.00,0,0.00,0,0.00,1,10000.00,0,0.00,0,0.00,0,0,0,0,0,1,0,0,0,0,0,0,0,0,0,0,0,0,0,0,0,1,0,0,0,0,0,0,0,0
Nueva Vizcaya,Nueva Vizcaya,Aritao,,,PH0205002,PH02050,1,1999800.00,0.37,1999800.00,2014,Farm-to-Market Road,Farm-to-Market Roads,Farm to Market Road Development Program,Farm-to-Market Road,1,1999800.00,0,0.00,0,0.00,0,0.00,0,0.00,0,0.00,0,0.00,0,0,0,0,0,1,0,0,0,0,0,0,0,0,0,0,0,0,0,0,0,0,0,0,0,0,0,0,0,0
Nueva Vizcaya,Nueva Vizcaya,Aritao,Anayo,PH0205002016,PH0205002,PH02050,1,1809728.48,0.42,1809728.48,2017,Farm-to-Market Road,Farm-to-Market Roads,Farm to Market Road Development Program,Farm-to-Market Road,1,1809728.48,0,0.00,0,0.00,0,0.00,0,0.00,0,0.00,0,0.00,0,0,0,0,0,1,0,0,0,0,0,0,0,0,0,0,0,0,0,0,0,0,0,0,0,0,0,0,0,0
Nueva Vizcaya,Nueva Vizcaya,Aritao,Balite,PH0205002018,PH0205002,PH02050,1,1886941.16,0.59,1886941.16,2017,Farm-to-Market Road,Farm-to-Market Roads,Farm to Market Road Development Program,Farm-to-Market Road,1,1886941.16,0,0.00,0,0.00,0,0.00,0,0.00,0,0.00,0,0.00,0,0,0,0,0,1,0,0,0,0,0,0,0,0,0,0,0,0,0,0,0,0,0,0,0,0,0,0,0,0
Nueva Vizcaya,Nueva Vizcaya,Aritao,Banganan,PH0205002001,PH0205002,PH02050,1,20366250.00,1.00,20366250.00,2023,Cold Storage,Postharvest and Processing,High Value Crop Development Program,Cold Storage,0,0.00,0,0.00,1,20366250.00,0,0.00,0,0.00,0,0.00,0,0.00,0,0,0,1,0,0,0,0,0,0,0,0,0,0,0,0,0,0,0,0,0,0,0,0,0,0,0,0,0,0
Nueva Vizcaya,Nueva Vizcaya,Aritao,Beti,PH0205002002,PH0205002,PH02050,1,1999200.00,0.41,1999200.00,2014,Farm-to-Market Road,Farm-to-Market Roads,Farm to Market Road Development Program,Farm-to-Market Road,1,1999200.00,0,0.00,0,0.00,0,0.00,0,0.00,0,0.00,0,0.00,0,0,0,0,0,1,0,0,0,0,0,0,0,0,0,0,0,0,0,0,0,0,0,0,0,0,0,0,0,0
Nueva Vizcaya,Nueva Vizcaya,Aritao,Bone South,PH0205002004,PH0205002,PH02050,2,11903116.39,2.00,5951558.20,2023,Farm-to-Market Road,Farm-to-Market Roads,Farm to Market Road Development Program | High Value Crop Development Program,Farm-to-Market Road | School Garden,1,11893116.39,0,0.00,0,0.00,0,0.00,1,10000.00,0,0.00,0,0.00,0,0,0,0,0,1,0,0,0,0,0,0,0,0,0,0,0,0,0,0,0,1,0,0,0,0,0,0,0,0
Nueva Vizcaya,Nueva Vizcaya,Aritao,Calitlitan,PH0205002005,PH0205002,PH02050,1,10000.00,1.00,10000.00,2022,School Garden,Food Gardens,High Value Crop Development Program,School Garden,0,0.00,0,0.00,0,0.00,0,0.00,1,10000.00,0,0.00,0,0.00,0,0,0,0,0,0,0,0,0,0,0,0,0,0,0,0,0,0,0,0,0,1,0,0,0,0,0,0,0,0
Nueva Vizcaya,Nueva Vizcaya,Aritao,Canabuan,PH0205002019,PH0205002,PH02050,1,1841466.20,0.51,1841466.20,2017,Farm-to-Market Road,Farm-to-Market Roads,Farm to Market Road Development Program,Farm-to-Market Road,1,1841466.20,0,0.00,0,0.00,0,0.00,0,0.00,0,0.00,0,0.00,0,0,0,0,0,1,0,0,0,0,0,0,0,0,0,0,0,0,0,0,0,0,0,0,0,0,0,0,0,0
Nueva Vizcaya,Nueva Vizcaya,Aritao,Canarem,PH0205002020,PH0205002,PH02050,1,100000.00,1.00,100000.00,2022,Gulayan sa Barangay,Food Gardens,High Value Crop Development Program,Gulayan sa Barangay,0,0.00,0,0.00,0,0.00,0,0.00,1,100000.00,0,0.00,0,0.00,0,0,0,0,0,0,0,0,0,1,0,0,0,0,0,0,0,0,0,0,0,0,0,0,0,0,0,0,0,0
Nueva Vizcaya,Nueva Vizcaya,Aritao,Comon,PH0205002006,PH0205002,PH02050,3,3980000.00,1.54,1326666.67,2022,Farm-to-Market Road,Farm-to-Market Roads,Farm to Market Road Development Program | High Value Crop Development Program,Farm-to-Market Road | School Garden,2,3970000.00,0,0.00,0,0.00,0,0.00,1,10000.00,0,0.00,0,0.00,0,0,0,0,0,2,0,0,0,0,0,0,0,0,0,0,0,0,0,0,0,1,0,0,0,0,0,0,0,0
Nueva Vizcaya,Nueva Vizcaya,Aritao,Cutar,PH0205002007,PH0205002,PH02050,4,1092921.00,4.00,273230.25,2023,Gulayan sa Barangay,Protected Cultivation and Nurseries,High Value Crop Development Program | National Urban and Peri-Urban Agriculture Program,Greenhouse | Gulayan sa Barangay | Mushroom Fruiting House | Rabbit Housing,0,0.00,0,0.00,0,0.00,2,866906.00,1,100000.00,1,126015.00,0,0.00,0,0,0,0,0,0,0,0,1,1,0,0,0,0,1,0,0,0,1,0,0,0,0,0,0,0,0,0,0,0
Nueva Vizcaya,Nueva Vizcaya,Aritao,Darapidap,PH0205002008,PH0205002,PH02050,2,3269817.59,2.00,1634908.79,2018,Solar-Powered Irrigation System,Irrigation and Water Systems,National Organic Agriculture Program | Rice Program,Small Water Impounding Project | Solar-Powered Irrigation System,0,0.00,2,3269817.59,0,0.00,0,0.00,0,0.00,0,0.00,0,0.00,0,0,0,0,0,0,0,0,0,0,0,0,0,0,0,0,0,0,0,0,0,0,1,0,1,0,0,0,0,0
Nueva Vizcaya,Nueva Vizcaya,Aritao,Kirang,PH0205002009,PH0205002,PH02050,2,5922580.35,1.50,2961290.17,2018,Farm-to-Market Road,Farm-to-Market Roads,Farm to Market Road Development Program | Rice Program,Farm-to-Market Road | Small Water Impounding Project,1,4975000.00,1,947580.35,0,0.00,0,0.00,0,0.00,0,0.00,0,0.00,0,0,0,0,0,1,0,0,0,0,0,0,0,0,0,0,0,0,0,0,0,0,1,0,0,0,0,0,0,0
Nueva Vizcaya,Nueva Vizcaya,Aritao,Latar-Nocnoc-San Francisco,PH0205002021,PH0205002,PH02050,2,16848180.76,1.66,8424090.38,2023,Farm-to-Market Road,Farm-to-Market Roads,Farm to Market Road Development Program | Rice Program,Diversion Dam | Farm-to-Market Road,1,1871095.48,1,14977085.28,0,0.00,0,0.00,0,0.00,0,0.00,0,0.00,0,0,0,0,1,1,0,0,0,0,0,0,0,0,0,0,0,0,0,0,0,0,0,0,0,0,0,0,0,0
Nueva Vizcaya,Nueva Vizcaya,Aritao,Nagcuartelan,PH0205002010,PH0205002,PH02050,2,19326642.78,7.00,9663321.39,2022,Cold Storage,Postharvest and Processing,High Value Crop Development Program,Cold Storage | Rainshelter,0,0.00,0,0.00,1,18800000.01,1,526642.77,0,0.00,0,0.00,0,0.00,0,0,0,1,0,0,0,0,0,0,0,0,0,0,0,0,0,0,0,1,0,0,0,0,0,0,0,0,0,0
Nueva Vizcaya,Nueva Vizcaya,Aritao,Ocao-Capiniaan,PH0205002022,PH0205002,PH02050,1,11939874.23,0.79,11939874.23,2021,Farm-to-Market Road,Farm-to-Market Roads,Farm to Market Road Development Program,Farm-to-Market Road,1,11939874.23,0,0.00,0,0.00,0,0.00,0,0.00,0,0.00,0,0.00,0,0,0,0,0,1,0,0,0,0,0,0,0,0,0,0,0,0,0,0,0,0,0,0,0,0,0,0,0,0
Nueva Vizcaya,Nueva Vizcaya,Aritao,Poblacion,PH0205002011,PH0205002,PH02050,1,10000.00,1.00,10000.00,2022,School Garden,Food Gardens,High Value Crop Development Program,School Garden,0,0.00,0,0.00,0,0.00,0,0.00,1,10000.00,0,0.00,0,0.00,0,0,0,0,0,0,0,0,0,0,0,0,0,0,0,0,0,0,0,0,0,1,0,0,0,0,0,0,0,0
Nueva Vizcaya,Nueva Vizcaya,Aritao,Sta. Clara,PH0205002012,PH0205002,PH02050,3,609624.51,3.00,203208.17,2024,Palay Shed,Food Gardens,High Value Crop Development Program | Rice Program,Gulayan sa Barangay | Palay Shed | School Garden,0,0.00,0,0.00,1,499624.51,0,0.00,2,110000.00,0,0.00,0,0.00,0,0,0,0,0,0,0,0,0,1,0,0,0,0,0,0,0,1,0,0,0,1,0,0,0,0,0,0,0,0
Nueva Vizcaya,Nueva Vizcaya,Aritao,Tabueng,PH0205002013,PH0205002,PH02050,2,2009500.00,1.34,1004750.00,2022,School Garden,Food Gardens,Farm to Market Road Development Program | High Value Crop Development Program,Farm-to-Market Road | School Garden,1,1999500.00,0,0.00,0,0.00,0,0.00,1,10000.00,0,0.00,0,0.00,0,0,0,0,0,1,0,0,0,0,0,0,0,0,0,0,0,0,0,0,0,1,0,0,0,0,0,0,0,0
Nueva Vizcaya,Nueva Vizcaya,Aritao,Tucanon,PH0205002014,PH0205002,PH02050,1,4609699.64,1.00,4609699.64,2017,Small Water Impounding Project,Irrigation and Water Systems,Rice Program,Small Water Impounding Project,0,0.00,1,4609699.64,0,0.00,0,0.00,0,0.00,0,0.00,0,0.00,0,0,0,0,0,0,0,0,0,0,0,0,0,0,0,0,0,0,0,0,0,0,1,0,0,0,0,0,0,0
Nueva Vizcaya,Nueva Vizcaya,Bagabag,,,PH0205003,PH02050,1,4297200.00,0.43,4297200.00,2015,Farm-to-Market Road,Farm-to-Market Roads,Farm to Market Road Development Program,Farm-to-Market Road,1,4297200.00,0,0.00,0,0.00,0,0.00,0,0.00,0,0.00,0,0.00,0,0,0,0,0,1,0,0,0,0,0,0,0,0,0,0,0,0,0,0,0,0,0,0,0,0,0,0,0,0
Nueva Vizcaya,Nueva Vizcaya,Bagabag,Bakir,PH0205003001,PH0205003,PH02050,2,4785500.00,1.42,2392750.00,2022,Farm-to-Market Road,Farm-to-Market Roads,Farm to Market Road Development Program | High Value Crop Development Program,Farm-to-Market Road | School Garden,1,4775500.00,0,0.00,0,0.00,0,0.00,1,10000.00,0,0.00,0,0.00,0,0,0,0,0,1,0,0,0,0,0,0,0,0,0,0,0,0,0,0,0,1,0,0,0,0,0,0,0,0
Nueva Vizcaya,Nueva Vizcaya,Bagabag,Baretbet,PH0205003002,PH0205003,PH02050,2,10000.00,1.56,5000.00,2022,Farm-to-Market Road,Farm-to-Market Roads,Farm to Market Road Development Program | High Value Crop Development Program,Farm-to-Market Road | School Garden,1,0.00,0,0.00,0,0.00,0,0.00,1,10000.00,0,0.00,0,0.00,0,0,0,0,0,1,0,0,0,0,0,0,0,0,0,0,0,0,0,0,0,1,0,0,0,0,0,0,0,0
Nueva Vizcaya,Nueva Vizcaya,Bagabag,Careb,PH0205003003,PH0205003,PH02050,1,0.00,0.96,0.00,2020,Farm-to-Market Road,Farm-to-Market Roads,Farm to Market Road Development Program,Farm-to-Market Road,1,0.00,0,0.00,0,0.00,0,0.00,0,0.00,0,0.00,0,0.00,0,0,0,0,0,1,0,0,0,0,0,0,0,0,0,0,0,0,0,0,0,0,0,0,0,0,0,0,0,0
Nueva Vizcaya,Nueva Vizcaya,Bagabag,Lantap,PH0205003004,PH0205003,PH02050,2,10000.00,1.44,5000.00,2022,Farm-to-Market Road,Farm-to-Market Roads,Farm to Market Road Development Program | High Value Crop Development Program,Farm-to-Market Road | School Garden,1,0.00,0,0.00,0,0.00,0,0.00,1,10000.00,0,0.00,0,0.00,0,0,0,0,0,1,0,0,0,0,0,0,0,0,0,0,0,0,0,0,0,1,0,0,0,0,0,0,0,0
Nueva Vizcaya,Nueva Vizcaya,Bagabag,Murong,PH0205003005,PH0205003,PH02050,1,100000.00,1.00,100000.00,2022,Gulayan sa Barangay,Food Gardens,High Value Crop Development Program,Gulayan sa Barangay,0,0.00,0,0.00,0,0.00,0,0.00,1,100000.00,0,0.00,0,0.00,0,0,0,0,0,0,0,0,0,1,0,0,0,0,0,0,0,0,0,0,0,0,0,0,0,0,0,0,0,0
Nueva Vizcaya,Nueva Vizcaya,Bagabag,Nangalisan,PH0205003006,PH0205003,PH02050,3,1668267.24,3.00,556089.08,2024,Mobile Solar Power Irrigation Unit,Irrigation and Water Systems,Corn Program | High Value Crop Development Program | Rice Program,Mobile Solar Power Irrigation Unit | Palay Shed | School Garden,0,0.00,1,1198447.80,1,459819.44,0,0.00,1,10000.00,0,0.00,0,0.00,0,0,0,0,0,0,0,0,0,0,1,0,0,0,0,0,0,1,0,0,0,1,0,0,0,0,0,0,0,0
Nueva Vizcaya,Nueva Vizcaya,Bagabag,Paniki,PH0205003007,PH0205003,PH02050,1,5752921.00,1.00,5752921.00,2018,Solar-Powered Irrigation System,Irrigation and Water Systems,Corn Program,Solar-Powered Irrigation System,0,0.00,1,5752921.00,0,0.00,0,0.00,0,0.00,0,0.00,0,0.00,0,0,0,0,0,0,0,0,0,0,0,0,0,0,0,0,0,0,0,0,0,0,0,0,1,0,0,0,0,0
Nueva Vizcaya,Nueva Vizcaya,Bagabag,Pogonsino,PH0205003008,PH0205003,PH02050,1,4697683.17,1.00,4697683.17,2016,Diversion Dam,Irrigation and Water Systems,Rice Program,Diversion Dam,0,0.00,1,4697683.17,0,0.00,0,0.00,0,0.00,0,0.00,0,0.00,0,0,0,0,1,0,0,0,0,0,0,0,0,0,0,0,0,0,0,0,0,0,0,0,0,0,0,0,0,0
Nueva Vizcaya,Nueva Vizcaya,Bagabag,Sta. Cruz,PH0205003011,PH0205003,PH02050,1,100000.00,1.00,100000.00,2022,Gulayan sa Barangay,Food Gardens,High Value Crop Development Program,Gulayan sa Barangay,0,0.00,0,0.00,0,0.00,0,0.00,1,100000.00,0,0.00,0,0.00,0,0,0,0,0,0,0,0,0,1,0,0,0,0,0,0,0,0,0,0,0,0,0,0,0,0,0,0,0,0
Nueva Vizcaya,Nueva Vizcaya,Bagabag,Sta. Lucia,PH0205003012,PH0205003,PH02050,3,11556754.58,2.19,3852251.53,2022,Farm-to-Market Road,Farm-to-Market Roads,Farm to Market Road Development Program | High Value Crop Development Program,Farm-to-Market Road | Gulayan sa Barangay,2,11456754.58,0,0.00,0,0.00,0,0.00,1,100000.00,0,0.00,0,0.00,0,0,0,0,0,2,0,0,0,1,0,0,0,0,0,0,0,0,0,0,0,0,0,0,0,0,0,0,0,0
Nueva Vizcaya,Nueva Vizcaya,Bagabag,Tuao South,PH0205003018,PH0205003,PH02050,2,20000.00,2.00,10000.00,2022,School Garden,Food Gardens,High Value Crop Development Program,School Garden,0,0.00,0,0.00,0,0.00,0,0.00,2,20000.00,0,0.00,0,0.00,0,0,0,0,0,0,0,0,0,0,0,0,0,0,0,0,0,0,0,0,0,2,0,0,0,0,0,0,0,0
Nueva Vizcaya,Nueva Vizcaya,Bagabag,Villa Coloma (Pob.),PH0205003015,PH0205003,PH02050,2,4975000.00,1.47,2487500.00,2020,Farm-to-Market Road,Farm-to-Market Roads,Farm to Market Road Development Program,Farm-to-Market Road,2,4975000.00,0,0.00,0,0.00,0,0.00,0,0.00,0,0.00,0,0.00,0,0,0,0,0,2,0,0,0,0,0,0,0,0,0,0,0,0,0,0,0,0,0,0,0,0,0,0,0,0
Nueva Vizcaya,Nueva Vizcaya,Bagabag,Villaros,PH0205003017,PH0205003,PH02050,7,10526425.66,5.43,1503775.09,2024,Farm-to-Market Road,Farm-to-Market Roads,Farm to Market Road Development Program | National Organic Agriculture Program | National Urban and Peri-Urban Agriculture Program,Chicken Housing | Farm-to-Market Road | Mushroom Fruiting House | Nursery Establishment | Vermi-Composting Facilities,3,9455000.00,0,0.00,0,0.00,3,912543.86,0,0.00,1,158881.80,0,0.00,0,1,0,0,0,3,0,0,0,0,0,0,0,0,1,1,0,0,0,0,0,0,0,0,0,0,0,1,0,0
Nueva Vizcaya,Nueva Vizcaya,Bambang,,,PH0205004,PH02050,1,4975000.00,0.60,4975000.00,2018,Farm-to-Market Road,Farm-to-Market Roads,Farm to Market Road Development Program,Farm-to-Market Road,1,4975000.00,0,0.00,0,0.00,0,0.00,0,0.00,0,0.00,0,0.00,0,0,0,0,0,1,0,0,0,0,0,0,0,0,0,0,0,0,0,0,0,0,0,0,0,0,0,0,0,0
Nueva Vizcaya,Nueva Vizcaya,Bambang,Abian,PH0205004001,PH0205004,PH02050,4,18407500.00,2.09,4601875.00,2021,Farm-to-Market Road,Farm-to-Market Roads,Farm to Market Road Development Program,Farm-to-Market Road,4,18407500.00,0,0.00,0,0.00,0,0.00,0,0.00,0,0.00,0,0.00,0,0,0,0,0,4,0,0,0,0,0,0,0,0,0,0,0,0,0,0,0,0,0,0,0,0,0,0,0,0
Nueva Vizcaya,Nueva Vizcaya,Bambang,Abinganan,PH0205004002,PH0205004,PH02050,2,1918659.31,1.20,959329.66,2022,Farm-to-Market Road,Farm-to-Market Roads,Farm to Market Road Development Program | High Value Crop Development Program,Farm-to-Market Road | School Garden,1,1908659.31,0,0.00,0,0.00,0,0.00,1,10000.00,0,0.00,0,0.00,0,0,0,0,0,1,0,0,0,0,0,0,0,0,0,0,0,0,0,0,0,1,0,0,0,0,0,0,0,0
Nueva Vizcaya,Nueva Vizcaya,Bambang,Abinganan;San Fernando,,PH0205004,PH02050,1,11940000.00,1.00,11940000.00,2022,Farm-to-Market Road,Farm-to-Market Roads,Farm to Market Road Development Program,Farm-to-Market Road,1,11940000.00,0,0.00,0,0.00,0,0.00,0,0.00,0,0.00,0,0.00,0,0,0,0,0,1,0,0,0,0,0,0,0,0,0,0,0,0,0,0,0,0,0,0,0,0,0,0,0,0
Nueva Vizcaya,Nueva Vizcaya,Bambang,Aliaga,PH0205004003,PH0205004,PH02050,1,1990000.00,0.33,1990000.00,2015,Farm-to-Market Road,Farm-to-Market Roads,Farm to Market Road Development Program,Farm-to-Market Road,1,1990000.00,0,0.00,0,0.00,0,0.00,0,0.00,0,0.00,0,0.00,0,0,0,0,0,1,0,0,0,0,0,0,0,0,0,0,0,0,0,0,0,0,0,0,0,0,0,0,0,0
Nueva Vizcaya,Nueva Vizcaya,Bambang,Almaguer North,PH0205004005,PH0205004,PH02050,1,9952000.00,1.23,9952000.00,2016,Farm-to-Market Road,Farm-to-Market Roads,Farm to Market Road Development Program,Farm-to-Market Road,1,9952000.00,0,0.00,0,0.00,0,0.00,0,0.00,0,0.00,0,0.00,0,0,0,0,0,1,0,0,0,0,0,0,0,0,0,0,0,0,0,0,0,0,0,0,0,0,0,0,0,0
Nueva Vizcaya,Nueva Vizcaya,Bambang,Banggot (Pob.),PH0205004007,PH0205004,PH02050,1,10000.00,1.00,10000.00,2022,School Garden,Food Gardens,High Value Crop Development Program,School Garden,0,0.00,0,0.00,0,0.00,0,0.00,1,10000.00,0,0.00,0,0.00,0,0,0,0,0,0,0,0,0,0,0,0,0,0,0,0,0,0,0,0,0,1,0,0,0,0,0,0,0,0
Nueva Vizcaya,Nueva Vizcaya,Bambang,Barat,PH0205004008,PH0205004,PH02050,4,400000.00,4.00,100000.00,2025,Greenhouse,Protected Cultivation and Nurseries,High Value Crop Development Program | National Urban and Peri-Urban Agriculture Program,Chicken Housing | Greenhouse | Gulayan sa Barangay | Mushroom Fruiting House,0,0.00,0,0.00,0,0.00,2,0.00,1,100000.00,1,300000.00,0,0.00,0,1,0,0,0,0,0,0,1,1,0,0,0,0,1,0,0,0,0,0,0,0,0,0,0,0,0,0,0,0
Nueva Vizcaya,Nueva Vizcaya,Bambang,Calaocan (Pob.),PH0205004010,PH0205004,PH02050,3,21900000.00,3.00,7300000.00,2024,Farm-to-Market Road,Farm-to-Market Roads,Farm to Market Road Development Program | High Value Crop Development Program,Farm-to-Market Road | School Garden,2,21890000.00,0,0.00,0,0.00,0,0.00,1,10000.00,0,0.00,0,0.00,0,0,0,0,0,2,0,0,0,0,0,0,0,0,0,0,0,0,0,0,0,1,0,0,0,0,0,0,0,0
Nueva Vizcaya,Nueva Vizcaya,Bambang,Dullao,PH0205004011,PH0205004,PH02050,2,34964114.49,2.00,17482057.25,2024,Farm-to-Market Road,Farm-to-Market Roads,Farm to Market Road Development Program | Rice Program,Farm-to-Market Road | Small Water Impounding Project,1,14925000.01,1,20039114.48,0,0.00,0,0.00,0,0.00,0,0.00,0,0.00,0,0,0,0,0,1,0,0,0,0,0,0,0,0,0,0,0,0,0,0,0,0,1,0,0,0,0,0,0,0
Nueva Vizcaya,Nueva Vizcaya,Bambang,Mabuslo,PH0205004014,PH0205004,PH02050,3,23665639.59,1.90,7888546.53,2023,Farm-to-Market Road,Farm-to-Market Roads,Farm to Market Road Development Program,Farm-to-Market Road,3,23665639.59,0,0.00,0,0.00,0,0.00,0,0.00,0,0.00,0,0.00,0,0,0,0,0,3,0,0,0,0,0,0,0,0,0,0,0,0,0,0,0,0,0,0,0,0,0,0,0,0
Nueva Vizcaya,Nueva Vizcaya,Bambang,Macate,PH0205004015,PH0205004,PH02050,1,10000.00,1.00,10000.00,2022,School Garden,Food Gardens,High Value Crop Development Program,School Garden,0,0.00,0,0.00,0,0.00,0,0.00,1,10000.00,0,0.00,0,0.00,0,0,0,0,0,0,0,0,0,0,0,0,0,0,0,0,0,0,0,0,0,1,0,0,0,0,0,0,0,0
Nueva Vizcaya,Nueva Vizcaya,Bambang,Magsaysay Hills,PH0205004026,PH0205004,PH02050,2,23742421.37,1.83,11871210.68,2024,Farm-to-Market Road,Farm-to-Market Roads,Farm to Market Road Development Program,Farm-to-Market Road,2,23742421.37,0,0.00,0,0.00,0,0.00,0,0.00,0,0.00,0,0.00,0,0,0,0,0,2,0,0,0,0,0,0,0,0,0,0,0,0,0,0,0,0,0,0,0,0,0,0,0,0
Nueva Vizcaya,Nueva Vizcaya,Bambang,Manamtam,PH0205004016,PH0205004,PH02050,1,1930000.00,0.42,1930000.00,2014,Farm-to-Market Road,Farm-to-Market Roads,Farm to Market Road Development Program,Farm-to-Market Road,1,1930000.00,0,0.00,0,0.00,0,0.00,0,0.00,0,0.00,0,0.00,0,0,0,0,0,1,0,0,0,0,0,0,0,0,0,0,0,0,0,0,0,0,0,0,0,0,0,0,0,0
Nueva Vizcaya,Nueva Vizcaya,Bambang,Mauan,PH0205004017,PH0205004,PH02050,3,12496902.97,3.00,4165634.32,2024,Small Water Impounding Project,Irrigation and Water Systems,High Value Crop Development Program | Rice Program,School Garden | Small Water Impounding Project,0,0.00,2,12486902.97,0,0.00,0,0.00,1,10000.00,0,0.00,0,0.00,0,0,0,0,0,0,0,0,0,0,0,0,0,0,0,0,0,0,0,0,0,1,2,0,0,0,0,0,0,0
Nueva Vizcaya,Nueva Vizcaya,Bambang,Pallas,PH0205004025,PH0205004,PH02050,2,3980000.00,0.73,1990000.00,2015,Farm-to-Market Road,Farm-to-Market Roads,Farm to Market Road Development Program,Farm-to-Market Road,2,3980000.00,0,0.00,0,0.00,0,0.00,0,0.00,0,0.00,0,0.00,0,0,0,0,0,2,0,0,0,0,0,0,0,0,0,0,0,0,0,0,0,0,0,0,0,0,0,0,0,0
Nueva Vizcaya,Nueva Vizcaya,Bambang,Pallas;Pallas,,PH0205004,PH02050,1,14925000.00,1.00,14925000.00,2024,Farm-to-Market Road,Farm-to-Market Roads,Farm to Market Road Development Program,Farm-to-Market Road,1,14925000.00,0,0.00,0,0.00,0,0.00,0,0.00,0,0.00,0,0.00,0,0,0,0,0,1,0,0,0,0,0,0,0,0,0,0,0,0,0,0,0,0,0,0,0,0,0,0,0,0
Nueva Vizcaya,Nueva Vizcaya,Bambang,Salinas,PH0205004018,PH0205004,PH02050,3,22349837.84,2.41,7449945.95,2023,Farm-to-Market Road,Farm-to-Market Roads,Farm to Market Road Development Program,Farm-to-Market Road,3,22349837.84,0,0.00,0,0.00,0,0.00,0,0.00,0,0.00,0,0.00,0,0,0,0,0,3,0,0,0,0,0,0,0,0,0,0,0,0,0,0,0,0,0,0,0,0,0,0,0,0
Nueva Vizcaya,Nueva Vizcaya,Bambang,San Antonio North,PH0205004020,PH0205004,PH02050,4,9707319.75,2.88,2426829.94,2017,Farm-to-Market Road,Farm-to-Market Roads,Farm to Market Road Development Program | Rice Program,Farm-to-Market Road | Small Water Impounding Project,2,3980000.00,2,5727319.75,0,0.00,0,0.00,0,0.00,0,0.00,0,0.00,0,0,0,0,0,2,0,0,0,0,0,0,0,0,0,0,0,0,0,0,0,0,2,0,0,0,0,0,0,0
Nueva Vizcaya,Nueva Vizcaya,Bambang,San Antonio North;Dullao,,PH0205004,PH02050,1,12437500.00,0.87,12437500.00,2021,Farm-to-Market Road,Farm-to-Market Roads,Farm to Market Road Development Program,Farm-to-Market Road,1,12437500.00,0,0.00,0,0.00,0,0.00,0,0.00,0,0.00,0,0.00,0,0,0,0,0,1,0,0,0,0,0,0,0,0,0,0,0,0,0,0,0,0,0,0,0,0,0,0,0,0
Nueva Vizcaya,Nueva Vizcaya,Bambang,San Antonio South,PH0205004021,PH0205004,PH02050,2,2481804.99,1.25,1240902.50,2022,Farm-to-Market Road,Farm-to-Market Roads,Farm to Market Road Development Program | High Value Crop Development Program,Farm-to-Market Road | Solar-Powered Irrigation System,1,1913364.97,1,568440.02,0,0.00,0,0.00,0,0.00,0,0.00,0,0.00,0,0,0,0,0,1,0,0,0,0,0,0,0,0,0,0,0,0,0,0,0,0,0,0,1,0,0,0,0,0
Nueva Vizcaya,Nueva Vizcaya,Bambang,San Antonio South;Dullao,,PH0205004,PH02050,1,9028614.94,0.83,9028614.94,2023,Farm-to-Market Road,Farm-to-Market Roads,Farm to Market Road Development Program,Farm-to-Market Road,1,9028614.94,0,0.00,0,0.00,0,0.00,0,0.00,0,0.00,0,0.00,0,0,0,0,0,1,0,0,0,0,0,0,0,0,0,0,0,0,0,0,0,0,0,0,0,0,0,0,0,0
Nueva Vizcaya,Nueva Vizcaya,Bambang,San Leonardo,PH0205004023,PH0205004,PH02050,1,10000.00,1.00,10000.00,2022,School Garden,Food Gardens,High Value Crop Development Program,School Garden,0,0.00,0,0.00,0,0.00,0,0.00,1,10000.00,0,0.00,0,0.00,0,0,0,0,0,0,0,0,0,0,0,0,0,0,0,0,0,0,0,0,0,1,0,0,0,0,0,0,0,0
Nueva Vizcaya,Nueva Vizcaya,Bambang,Santo Domingo (Tabangan),PH0205004024,PH0205004,PH02050,1,441414.95,1.00,441414.95,2024,Palay Shed,Postharvest and Processing,Rice Program,Palay Shed,0,0.00,0,0.00,1,441414.95,0,0.00,0,0.00,0,0.00,0,0.00,0,0,0,0,0,0,0,0,0,0,0,0,0,0,0,0,0,1,0,0,0,0,0,0,0,0,0,0,0,0
Nueva Vizcaya,Nueva Vizcaya,Bambang,Santo Domingo West,PH0205004027,PH0205004,PH02050,2,12811483.04,1.26,6405741.52,2022,Farm-to-Market Road,Farm-to-Market Roads,Farm to Market Road Development Program,Farm-to-Market Road,2,12811483.04,0,0.00,0,0.00,0,0.00,0,0.00,0,0.00,0,0.00,0,0,0,0,0,2,0,0,0,0,0,0,0,0,0,0,0,0,0,0,0,0,0,0,0,0,0,0,0,0
Nueva Vizcaya,Nueva Vizcaya,Bayombong (Capital),Bansing,PH0205005019,PH0205005,PH02050,3,19626860.55,2.18,6542286.85,2024,Farm-to-Market Road,Farm-to-Market Roads,Farm to Market Road Development Program | National Organic Agriculture Program,Chicken Housing | Farm-to-Market Road,2,17412500.00,0,0.00,0,0.00,0,0.00,0,0.00,1,2214360.55,0,0.00,0,1,0,0,0,2,0,0,0,0,0,0,0,0,0,0,0,0,0,0,0,0,0,0,0,0,0,0,0,0
Nueva Vizcaya,Nueva Vizcaya,Bayombong (Capital),Bonfal East,PH0205005001,PH0205005,PH02050,1,10000.00,1.00,10000.00,2022,School Garden,Food Gardens,High Value Crop Development Program,School Garden,0,0.00,0,0.00,0,0.00,0,0.00,1,10000.00,0,0.00,0,0.00,0,0,0,0,0,0,0,0,0,0,0,0,0,0,0,0,0,0,0,0,0,1,0,0,0,0,0,0,0,0
Nueva Vizcaya,Nueva Vizcaya,Bayombong (Capital),Bonfal Proper,PH0205005002,PH0205005,PH02050,1,10000.00,1.00,10000.00,2022,School Garden,Food Gardens,High Value Crop Development Program,School Garden,0,0.00,0,0.00,0,0.00,0,0.00,1,10000.00,0,0.00,0,0.00,0,0,0,0,0,0,0,0,0,0,0,0,0,0,0,0,0,0,0,0,0,1,0,0,0,0,0,0,0,0
Nueva Vizcaya,Nueva Vizcaya,Bayombong (Capital),Buenavista (Vista Hills),PH0205005004,PH0205005,PH02050,9,15530779.62,12.88,1725642.18,2023,Farm-to-Market Road,Farm-to-Market Roads,Farm to Market Road Development Program | High Value Crop Development Program | National Urban and Peri-Urban Agriculture Program,Farm-to-Market Road | Greenhouse | Mushroom Fruiting House | Rainshelter | Spring Development,5,12771357.06,1,547883.00,0,0.00,3,2211539.56,0,0.00,0,0.00,0,0.00,0,0,0,0,0,5,0,0,1,0,0,0,0,0,1,0,0,0,0,1,0,0,0,0,0,1,0,0,0,0
Nueva Vizcaya,Nueva Vizcaya,Bayombong (Capital),Busilac,PH0205005005,PH0205005,PH02050,1,10000.00,1.00,10000.00,2022,School Garden,Food Gardens,High Value Crop Development Program,School Garden,0,0.00,0,0.00,0,0.00,0,0.00,1,10000.00,0,0.00,0,0.00,0,0,0,0,0,0,0,0,0,0,0,0,0,0,0,0,0,0,0,0,0,1,0,0,0,0,0,0,0,0
Nueva Vizcaya,Nueva Vizcaya,Bayombong (Capital),Cabuaan,PH0205005020,PH0205005,PH02050,2,3899385.55,0.65,1949692.77,2017,Farm-to-Market Road,Farm-to-Market Roads,Farm to Market Road Development Program,Farm-to-Market Road,2,3899385.55,0,0.00,0,0.00,0,0.00,0,0.00,0,0.00,0,0.00,0,0,0,0,0,2,0,0,0,0,0,0,0,0,0,0,0,0,0,0,0,0,0,0,0,0,0,0,0,0
Nueva Vizcaya,Nueva Vizcaya,Bayombong (Capital),Don Domingo Maddela Pob. (District I),PH0205005014,PH0205005,PH02050,1,273125.45,1.00,273125.45,2016,Vermi-Composting Facilities,Protected Cultivation and Nurseries,National Organic Agriculture Program,Vermi-Composting Facilities,0,0.00,0,0.00,0,0.00,1,273125.45,0,0.00,0,0.00,0,0.00,0,0,0,0,0,0,0,0,0,0,0,0,0,0,0,0,0,0,0,0,0,0,0,0,0,0,0,1,0,0
Nueva Vizcaya,Nueva Vizcaya,Bayombong (Capital),Don Mariano Marcos,PH0205005021,PH0205005,PH02050,1,384068.17,1.00,384068.17,2018,Greenhouse,Protected Cultivation and Nurseries,National Organic Agriculture Program,Greenhouse,0,0.00,0,0.00,0,0.00,1,384068.17,0,0.00,0,0.00,0,0.00,0,0,0,0,0,0,0,0,1,0,0,0,0,0,0,0,0,0,0,0,0,0,0,0,0,0,0,0,0,0
Nueva Vizcaya,Nueva Vizcaya,Bayombong (Capital),Ipil-Cuneg,PH0205005022,PH0205005,PH02050,1,11940000.00,0.64,11940000.00,2021,Farm-to-Market Road,Farm-to-Market Roads,Farm to Market Road Development Program,Farm-to-Market Road,1,11940000.00,0,0.00,0,0.00,0,0.00,0,0.00,0,0.00,0,0.00,0,0,0,0,0,1,0,0,0,0,0,0,0,0,0,0,0,0,0,0,0,0,0,0,0,0,0,0,0,0
Nueva Vizcaya,Nueva Vizcaya,Bayombong (Capital),La Torre South,PH0205005023,PH0205005,PH02050,1,10000.00,1.00,10000.00,2022,School Garden,Food Gardens,High Value Crop Development Program,School Garden,0,0.00,0,0.00,0,0.00,0,0.00,1,10000.00,0,0.00,0,0.00,0,0,0,0,0,0,0,0,0,0,0,0,0,0,0,0,0,0,0,0,0,1,0,0,0,0,0,0,0,0
Nueva Vizcaya,Nueva Vizcaya,Bayombong (Capital),Magapuy,PH0205005009,PH0205005,PH02050,2,10451627.78,1.83,5225813.89,2022,Multi-Purpose Drying Pavement,Postharvest and Processing,Corn Program | Farm to Market Road Development Program,Farm-to-Market Road | Multi-Purpose Drying Pavement,1,9950000.00,0,0.00,1,501627.78,0,0.00,0,0.00,0,0.00,0,0.00,0,0,0,0,0,1,0,0,0,0,0,0,0,1,0,0,0,0,0,0,0,0,0,0,0,0,0,0,0,0
Nueva Vizcaya,Nueva Vizcaya,Bayombong (Capital),Magsaysay,PH0205005010,PH0205005,PH02050,4,2151824.63,5.00,537956.16,2023,School Garden,Food Gardens,High Value Crop Development Program | National Organic Agriculture Program,Greenhouse | School Garden,0,0.00,0,0.00,0,0.00,2,2131824.63,2,20000.00,0,0.00,0,0.00,0,0,0,0,0,0,0,0,2,0,0,0,0,0,0,0,0,0,0,0,0,2,0,0,0,0,0,0,0,0
Nueva Vizcaya,Nueva Vizcaya,Bayombong (Capital),Masoc,PH0205005011,PH0205005,PH02050,1,10000.00,1.00,10000.00,2022,School Garden,Food Gardens,High Value Crop Development Program,School Garden,0,0.00,0,0.00,0,0.00,0,0.00,1,10000.00,0,0.00,0,0.00,0,0,0,0,0,0,0,0,0,0,0,0,0,0,0,0,0,0,0,0,0,1,0,0,0,0,0,0,0,0
Nueva Vizcaya,Nueva Vizcaya,Bayombong (Capital),Paitan,PH0205005012,PH0205005,PH02050,1,2385811.62,0.24,2385811.62,2017,Farm-to-Market Road,Farm-to-Market Roads,Farm to Market Road Development Program,Farm-to-Market Road,1,2385811.62,0,0.00,0,0.00,0,0.00,0,0.00,0,0.00,0,0.00,0,0,0,0,0,1,0,0,0,0,0,0,0,0,0,0,0,0,0,0,0,0,0,0,0,0,0,0,0,0
Nueva Vizcaya,Nueva Vizcaya,Diadi,,,PH0205006,PH02050,2,4833861.54,1.43,2416930.77,2017,Small Water Impounding Project,Irrigation and Water Systems,Farm to Market Road Development Program | Rice Program,Farm-to-Market Road | Small Water Impounding Project,1,1980000.00,1,2853861.54,0,0.00,0,0.00,0,0.00,0,0.00,0,0.00,0,0,0,0,0,1,0,0,0,0,0,0,0,0,0,0,0,0,0,0,0,0,1,0,0,0,0,0,0,0
Nueva Vizcaya,Nueva Vizcaya,Diadi,Balete,PH0205006002,PH0205006,PH02050,2,7267037.20,1.32,3633518.60,2016,Farm-to-Market Road,Farm-to-Market Roads,Farm to Market Road Development Program | Rice Program,Farm-to-Market Road | Small Water Impounding Project,1,1990000.00,1,5277037.20,0,0.00,0,0.00,0,0.00,0,0.00,0,0.00,0,0,0,0,0,1,0,0,0,0,0,0,0,0,0,0,0,0,0,0,0,0,1,0,0,0,0,0,0,0
Nueva Vizcaya,Nueva Vizcaya,Diadi,Bugnay,PH0205006003,PH0205006,PH02050,1,10000.00,1.00,10000.00,2022,School Garden,Food Gardens,High Value Crop Development Program,School Garden,0,0.00,0,0.00,0,0.00,0,0.00,1,10000.00,0,0.00,0,0.00,0,0,0,0,0,0,0,0,0,0,0,0,0,0,0,0,0,0,0,0,0,1,0,0,0,0,0,0,0,0
Nueva Vizcaya,Nueva Vizcaya,Diadi,Duruarog,PH0205006005,PH0205006,PH02050,2,13930000.00,1.28,6965000.00,2021,Farm-to-Market Road,Farm-to-Market Roads,Farm to Market Road Development Program,Farm-to-Market Road,2,13930000.00,0,0.00,0,0.00,0,0.00,0,0.00,0,0.00,0,0.00,0,0,0,0,0,2,0,0,0,0,0,0,0,0,0,0,0,0,0,0,0,0,0,0,0,0,0,0,0,0
Nueva Vizcaya,Nueva Vizcaya,Diadi,Escoting,PH0205006006,PH0205006,PH02050,2,2000000.00,1.27,1000000.00,2022,School Garden,Food Gardens,Farm to Market Road Development Program | High Value Crop Development Program,Farm-to-Market Road | School Garden,1,1990000.00,0,0.00,0,0.00,0,0.00,1,10000.00,0,0.00,0,0.00,0,0,0,0,0,1,0,0,0,0,0,0,0,0,0,0,0,0,0,0,0,1,0,0,0,0,0,0,0,0
Nueva Vizcaya,Nueva Vizcaya,Diadi,Langca,,PH0205006,PH02050,1,10000.00,1.00,10000.00,2022,School Garden,Food Gardens,High Value Crop Development Program,School Garden,0,0.00,0,0.00,0,0.00,0,0.00,1,10000.00,0,0.00,0,0.00,0,0,0,0,0,0,0,0,0,0,0,0,0,0,0,0,0,0,0,0,0,1,0,0,0,0,0,0,0,0
Nueva Vizcaya,Nueva Vizcaya,Diadi,Lurad,PH0205006014,PH0205006,PH02050,2,3898846.58,0.78,1949423.29,2017,Farm-to-Market Road,Farm-to-Market Roads,Farm to Market Road Development Program,Farm-to-Market Road,2,3898846.58,0,0.00,0,0.00,0,0.00,0,0.00,0,0.00,0,0.00,0,0,0,0,0,2,0,0,0,0,0,0,0,0,0,0,0,0,0,0,0,0,0,0,0,0,0,0,0,0
Nueva Vizcaya,Nueva Vizcaya,Diadi,Pinya,PH0205006009,PH0205006,PH02050,1,9950000.01,1.00,9950000.01,2024,Farm-to-Market Road,Farm-to-Market Roads,Farm to Market Road Development Program,Farm-to-Market Road,1,9950000.01,0,0.00,0,0.00,0,0.00,0,0.00,0,0.00,0,0.00,0,0,0,0,0,1,0,0,0,0,0,0,0,0,0,0,0,0,0,0,0,0,0,0,0,0,0,0,0,0
Nueva Vizcaya,Nueva Vizcaya,Diadi,Poblacion,PH0205006010,PH0205006,PH02050,2,22854185.59,2.00,11427092.79,2022,School Garden,Food Gardens,High Value Crop Development Program | Rice Program,School Garden | Small Water Impounding Project,0,0.00,1,22844185.59,0,0.00,0,0.00,1,10000.00,0,0.00,0,0.00,0,0,0,0,0,0,0,0,0,0,0,0,0,0,0,0,0,0,0,0,0,1,1,0,0,0,0,0,0,0
Nueva Vizcaya,Nueva Vizcaya,Diadi,Villa Aurora,PH0205006018,PH0205006,PH02050,1,1909346.58,0.43,1909346.58,2017,Farm-to-Market Road,Farm-to-Market Roads,Farm to Market Road Development Program,Farm-to-Market Road,1,1909346.58,0,0.00,0,0.00,0,0.00,0,0.00,0,0.00,0,0.00,0,0,0,0,0,1,0,0,0,0,0,0,0,0,0,0,0,0,0,0,0,0,0,0,0,0,0,0,0,0
Nueva Vizcaya,Nueva Vizcaya,Diadi,Villa Florentino;Villa Aurora,,PH0205006,PH02050,1,11940000.00,1.00,11940000.00,2023,Farm-to-Market Road,Farm-to-Market Roads,Farm to Market Road Development Program,Farm-to-Market Road,1,11940000.00,0,0.00,0,0.00,0,0.00,0,0.00,0,0.00,0,0.00,0,0,0,0,0,1,0,0,0,0,0,0,0,0,0,0,0,0,0,0,0,0,0,0,0,0,0,0,0,0
Nueva Vizcaya,Nueva Vizcaya,Dupax del Norte,,,PH0205007,PH02050,1,1999300.00,0.34,1999300.00,2014,Farm-to-Market Road,Farm-to-Market Roads,Farm to Market Road Development Program,Farm-to-Market Road,1,1999300.00,0,0.00,0,0.00,0,0.00,0,0.00,0,0.00,0,0.00,0,0,0,0,0,1,0,0,0,0,0,0,0,0,0,0,0,0,0,0,0,0,0,0,0,0,0,0,0,0
Nueva Vizcaya,Nueva Vizcaya,Dupax del Norte,Belance,PH0205007002,PH0205007,PH02050,7,21344543.64,5.74,3049220.52,2022,Farm-to-Market Road,Farm-to-Market Roads,Farm to Market Road Development Program | High Value Crop Development Program | National Organic Agriculture Program | Rice Program,Diversion Dam | Farm-to-Market Road | Greenhouse | School Garden | Small Water Impounding Project,3,16179677.91,2,4856780.23,0,0.00,1,298085.50,1,10000.00,0,0.00,0,0.00,0,0,0,0,1,3,0,0,1,0,0,0,0,0,0,0,0,0,0,0,0,1,1,0,0,0,0,0,0,0
Nueva Vizcaya,Nueva Vizcaya,Dupax del Norte,Binnuangan,,PH0205007,PH02050,4,23612491.27,3.96,5903122.82,2022,Farm-to-Market Road,Farm-to-Market Roads,Farm to Market Road Development Program | High Value Crop Development Program | Rice Program,Diversion Dam | Farm-to-Market Road | School Garden,2,21594531.36,1,2007959.91,0,0.00,0,0.00,1,10000.00,0,0.00,0,0.00,0,0,0,0,1,2,0,0,0,0,0,0,0,0,0,0,0,0,0,0,0,1,0,0,0,0,0,0,0,0
Nueva Vizcaya,Nueva Vizcaya,Dupax del Norte,Bitnong,PH0205007021,PH0205007,PH02050,4,19607370.59,4.00,4901842.65,2024,Diversion Dam,Irrigation and Water Systems,Rice Program,Diversion Dam,0,0.00,4,19607370.59,0,0.00,0,0.00,0,0.00,0,0.00,0,0.00,0,0,0,0,4,0,0,0,0,0,0,0,0,0,0,0,0,0,0,0,0,0,0,0,0,0,0,0,0,0
Nueva Vizcaya,Nueva Vizcaya,Dupax del Norte,Bulala,PH0205007003,PH0205007,PH02050,4,4647631.00,2.63,1161907.75,2024,Farm-to-Market Road,Farm-to-Market Roads,Farm to Market Road Development Program | High Value Crop Development Program,Farm-to-Market Road | School Garden | Spring Development,2,3989300.00,1,648331.00,0,0.00,0,0.00,1,10000.00,0,0.00,0,0.00,0,0,0,0,0,2,0,0,0,0,0,0,0,0,0,0,0,0,0,0,0,1,0,0,0,1,0,0,0,0
Nueva Vizcaya,Nueva Vizcaya,Dupax del Norte,Inaban,PH0205007009,PH0205007,PH02050,1,3075743.43,1.00,3075743.43,2016,Diversion Dam,Irrigation and Water Systems,Rice Program,Diversion Dam,0,0.00,1,3075743.43,0,0.00,0,0.00,0,0.00,0,0.00,0,0.00,0,0,0,0,1,0,0,0,0,0,0,0,0,0,0,0,0,0,0,0,0,0,0,0,0,0,0,0,0,0
Nueva Vizcaya,Nueva Vizcaya,Dupax del Norte,Ineangan,PH0205007010,PH0205007,PH02050,2,11406366.22,1.30,5703183.11,2022,Diversion Dam,Irrigation and Water Systems,Farm to Market Road Development Program | Rice Program,Diversion Dam | Farm-to-Market Road,1,1868126.94,1,9538239.28,0,0.00,0,0.00,0,0.00,0,0.00,0,0.00,0,0,0,0,1,1,0,0,0,0,0,0,0,0,0,0,0,0,0,0,0,0,0,0,0,0,0,0,0,0
Nueva Vizcaya,Nueva Vizcaya,Dupax del Norte,Lamo,PH0205007011,PH0205007,PH02050,1,10000.00,1.00,10000.00,2022,School Garden,Food Gardens,High Value Crop Development Program,School Garden,0,0.00,0,0.00,0,0.00,0,0.00,1,10000.00,0,0.00,0,0.00,0,0,0,0,0,0,0,0,0,0,0,0,0,0,0,0,0,0,0,0,0,1,0,0,0,0,0,0,0,0
Nueva Vizcaya,Nueva Vizcaya,Dupax del Norte,Macabenga,PH0205007022,PH0205007,PH02050,5,27312706.49,4.39,5462541.30,2021,Diversion Dam,Irrigation and Water Systems,Farm to Market Road Development Program | Rice Program,Diversion Dam | Farm-to-Market Road,2,16914701.45,3,10398005.04,0,0.00,0,0.00,0,0.00,0,0.00,0,0.00,0,0,0,0,3,2,0,0,0,0,0,0,0,0,0,0,0,0,0,0,0,0,0,0,0,0,0,0,0,0
Nueva Vizcaya,Nueva Vizcaya,Dupax del Norte,Malasin (Pob.),PH0205007013,PH0205007,PH02050,4,13926939.22,3.39,3481734.81,2022,Farm-to-Market Road,Farm-to-Market Roads,Farm to Market Road Development Program | High Value Crop Development Program | Rice Program,Farm-to-Market Road | School Garden | Small Water Impounding Project,2,10689540.64,1,3227398.58,0,0.00,0,0.00,1,10000.00,0,0.00,0,0.00,0,0,0,0,0,2,0,0,0,0,0,0,0,0,0,0,0,0,0,0,0,1,1,0,0,0,0,0,0,0
Nueva Vizcaya,Nueva Vizcaya,Dupax del Norte,Munguia,PH0205007015,PH0205007,PH02050,2,20702521.10,2.00,10351260.55,2017,Small Water Impounding Project,Irrigation and Water Systems,Rice Program,Diversion Dam | Small Water Impounding Project,0,0.00,2,20702521.10,0,0.00,0,0.00,0,0.00,0,0.00,0,0.00,0,0,0,0,1,0,0,0,0,0,0,0,0,0,0,0,0,0,0,0,0,0,1,0,0,0,0,0,0,0
Nueva Vizcaya,Nueva Vizcaya,Dupax del Norte,Oyao,PH0205007016,PH0205007,PH02050,1,10000.00,1.00,10000.00,2022,School Garden,Food Gardens,High Value Crop Development Program,School Garden,0,0.00,0,0.00,0,0.00,0,0.00,1,10000.00,0,0.00,0,0.00,0,0,0,0,0,0,0,0,0,0,0,0,0,0,0,0,0,0,0,0,0,1,0,0,0,0,0,0,0,0
Nueva Vizcaya,Nueva Vizcaya,Dupax del Norte,Parai,PH0205007023,PH0205007,PH02050,2,4592517.00,1.36,2296258.50,2017,Farm-to-Market Road,Farm-to-Market Roads,Farm to Market Road Development Program | Rice Program,Diversion Dam | Farm-to-Market Road,1,1841325.49,1,2751191.51,0,0.00,0,0.00,0,0.00,0,0.00,0,0.00,0,0,0,0,1,1,0,0,0,0,0,0,0,0,0,0,0,0,0,0,0,0,0,0,0,0,0,0,0,0
Nueva Vizcaya,Nueva Vizcaya,Dupax del Norte,Yabbi,PH0205007019,PH0205007,PH02050,1,9452258.52,0.71,9452258.52,2020,Farm-to-Market Road,Farm-to-Market Roads,Farm to Market Road Development Program,Farm-to-Market Road,1,9452258.52,0,0.00,0,0.00,0,0.00,0,0.00,0,0.00,0,0.00,0,0,0,0,0,1,0,0,0,0,0,0,0,0,0,0,0,0,0,0,0,0,0,0,0,0,0,0,0,0
Nueva Vizcaya,Nueva Vizcaya,Dupax del Sur,Balsain,PH0205008015,PH0205008,PH02050,2,2685845.57,1.39,1342922.78,2023,Solar-Powered Irrigation System,Irrigation and Water Systems,Farm to Market Road Development Program | High Value Crop Development Program,Farm-to-Market Road | Solar-Powered Irrigation System,1,1999800.00,1,686045.57,0,0.00,0,0.00,0,0.00,0,0.00,0,0.00,0,0,0,0,0,1,0,0,0,0,0,0,0,0,0,0,0,0,0,0,0,0,0,0,1,0,0,0,0,0
Nueva Vizcaya,Nueva Vizcaya,Dupax del Sur,Banila,PH0205008003,PH0205008,PH02050,1,649344.00,1.00,649344.00,2024,Spring Development,Irrigation and Water Systems,High Value Crop Development Program,Spring Development,0,0.00,1,649344.00,0,0.00,0,0.00,0,0.00,0,0.00,0,0.00,0,0,0,0,0,0,0,0,0,0,0,0,0,0,0,0,0,0,0,0,0,0,0,0,0,1,0,0,0,0
Nueva Vizcaya,Nueva Vizcaya,Dupax del Sur,Canabay,PH0205008016,PH0205008,PH02050,1,0.00,0.74,0.00,2018,Farm-to-Market Road,Farm-to-Market Roads,Farm to Market Road Development Program,Farm-to-Market Road,1,0.00,0,0.00,0,0.00,0,0.00,0,0.00,0,0.00,0,0.00,0,0,0,0,0,1,0,0,0,0,0,0,0,0,0,0,0,0,0,0,0,0,0,0,0,0,0,0,0,0
Nueva Vizcaya,Nueva Vizcaya,Dupax del Sur,Carolotan,PH0205008004,PH0205008,PH02050,1,11915123.38,0.49,11915123.38,2021,Farm-to-Market Road,Farm-to-Market Roads,Farm to Market Road Development Program,Farm-to-Market Road,1,11915123.38,0,0.00,0,0.00,0,0.00,0,0.00,0,0.00,0,0.00,0,0,0,0,0,1,0,0,0,0,0,0,0,0,0,0,0,0,0,0,0,0,0,0,0,0,0,0,0,0
Nueva Vizcaya,Nueva Vizcaya,Dupax del Sur,Dopaj,PH0205008018,PH0205008,PH02050,1,10000.00,1.00,10000.00,2022,School Garden,Food Gardens,High Value Crop Development Program,School Garden,0,0.00,0,0.00,0,0.00,0,0.00,1,10000.00,0,0.00,0,0.00,0,0,0,0,0,0,0,0,0,0,0,0,0,0,0,0,0,0,0,0,0,1,0,0,0,0,0,0,0,0
Nueva Vizcaya,Nueva Vizcaya,Dupax del Sur,Gabut,PH0205008007,PH0205008,PH02050,1,943446.64,12.00,943446.64,2023,Rainshelter,Protected Cultivation and Nurseries,High Value Crop Development Program,Rainshelter,0,0.00,0,0.00,0,0.00,1,943446.64,0,0.00,0,0.00,0,0.00,0,0,0,0,0,0,0,0,0,0,0,0,0,0,0,0,0,0,0,1,0,0,0,0,0,0,0,0,0,0
Nueva Vizcaya,Nueva Vizcaya,Dupax del Sur,Ganao (Lingad),PH0205008008,PH0205008,PH02050,2,767298.40,2.00,383649.20,2025,Spring Development,Irrigation and Water Systems,High Value Crop Development Program,School Garden | Spring Development,0,0.00,1,757298.40,0,0.00,0,0.00,1,10000.00,0,0.00,0,0.00,0,0,0,0,0,0,0,0,0,0,0,0,0,0,0,0,0,0,0,0,0,1,0,0,0,1,0,0,0,0
Nueva Vizcaya,Nueva Vizcaya,Dupax del Sur,Kimbutan,PH0205008019,PH0205008,PH02050,2,12697298.40,1.83,6348649.20,2025,Spring Development,Irrigation and Water Systems,Farm to Market Road Development Program | High Value Crop Development Program,Farm-to-Market Road | Spring Development,1,11940000.00,1,757298.40,0,0.00,0,0.00,0,0.00,0,0.00,0,0.00,0,0,0,0,0,1,0,0,0,0,0,0,0,0,0,0,0,0,0,0,0,0,0,0,0,1,0,0,0,0
Nueva Vizcaya,Nueva Vizcaya,Dupax del Sur,Kinabuan,PH0205008020,PH0205008,PH02050,1,0.00,0.74,0.00,2018,Farm-to-Market Road,Farm-to-Market Roads,Farm to Market Road Development Program,Farm-to-Market Road,1,0.00,0,0.00,0,0.00,0,0.00,0,0.00,0,0.00,0,0.00,0,0,0,0,0,1,0,0,0,0,0,0,0,0,0,0,0,0,0,0,0,0,0,0,0,0,0,0,0,0
Nueva Vizcaya,Nueva Vizcaya,Dupax del Sur,Mangayang,PH0205008011,PH0205008,PH02050,2,7193641.92,1.52,3596820.96,2019,Farm-to-Market Road,Farm-to-Market Roads,Farm to Market Road Development Program | Rice Program,Farm-to-Market Road | Small Water Impounding Project,1,4793413.24,1,2400228.68,0,0.00,0,0.00,0,0.00,0,0.00,0,0.00,0,0,0,0,0,1,0,0,0,0,0,0,0,0,0,0,0,0,0,0,0,0,1,0,0,0,0,0,0,0
Nueva Vizcaya,Nueva Vizcaya,Dupax del Sur,Palabotan,PH0205008012,PH0205008,PH02050,3,6699137.00,2.28,2233045.67,2022,School Garden,Food Gardens,Farm to Market Road Development Program | High Value Crop Development Program | Rice Program,Diversion Dam | Farm-to-Market Road | School Garden,1,1999700.00,1,4689437.00,0,0.00,0,0.00,1,10000.00,0,0.00,0,0.00,0,0,0,0,1,1,0,0,0,0,0,0,0,0,0,0,0,0,0,0,0,1,0,0,0,0,0,0,0,0
Nueva Vizcaya,Nueva Vizcaya,Dupax del Sur,Sanguit,PH0205008021,PH0205008,PH02050,3,1595961.82,3.00,531987.27,2024,Spring Development,Irrigation and Water Systems,High Value Crop Development Program,Greenhouse | Spring Development,0,0.00,2,1148529.00,0,0.00,1,447432.82,0,0.00,0,0.00,0,0.00,0,0,0,0,0,0,0,0,1,0,0,0,0,0,0,0,0,0,0,0,0,0,0,0,0,2,0,0,0,0
Nueva Vizcaya,Nueva Vizcaya,Dupax del Sur,Santa Maria,PH0205008022,PH0205008,PH02050,1,39949617.60,1.00,39949617.60,2024,Cold Storage,Postharvest and Processing,High Value Crop Development Program,Cold Storage,0,0.00,0,0.00,1,39949617.60,0,0.00,0,0.00,0,0.00,0,0.00,0,0,0,1,0,0,0,0,0,0,0,0,0,0,0,0,0,0,0,0,0,0,0,0,0,0,0,0,0,0
Nueva Vizcaya,Nueva Vizcaya,Kasibu,,,PH0205009,PH02050,1,0.00,0.61,0.00,2018,Farm-to-Market Road,Farm-to-Market Roads,Farm to Market Road Development Program,Farm-to-Market Road,1,0.00,0,0.00,0,0.00,0,0.00,0,0.00,0,0.00,0,0.00,0,0,0,0,0,1,0,0,0,0,0,0,0,0,0,0,0,0,0,0,0,0,0,0,0,0,0,0,0,0
Nueva Vizcaya,Nueva Vizcaya,Kasibu,Alloy,PH0205009029,PH0205009,PH02050,1,1990000.00,0.41,1990000.00,2016,Farm-to-Market Road,Farm-to-Market Roads,Farm to Market Road Development Program,Farm-to-Market Road,1,1990000.00,0,0.00,0,0.00,0,0.00,0,0.00,0,0.00,0,0.00,0,0,0,0,0,1,0,0,0,0,0,0,0,0,0,0,0,0,0,0,0,0,0,0,0,0,0,0,0,0
Nueva Vizcaya,Nueva Vizcaya,Kasibu,Antutot,PH0205009001,PH0205009,PH02050,1,11574705.95,0.76,11574705.95,2021,Farm-to-Market Road,Farm-to-Market Roads,Farm to Market Road Development Program,Farm-to-Market Road,1,11574705.95,0,0.00,0,0.00,0,0.00,0,0.00,0,0.00,0,0.00,0,0,0,0,0,1,0,0,0,0,0,0,0,0,0,0,0,0,0,0,0,0,0,0,0,0,0,0,0,0
Nueva Vizcaya,Nueva Vizcaya,Kasibu,Binogawan,PH0205009005,PH0205009,PH02050,2,2856311.78,2.00,1428155.89,2022,Solar-Powered Fertigation System (8),Irrigation and Water Systems,Rice Program,Diversion Dam | Solar-Powered Fertigation System (8),0,0.00,2,2856311.78,0,0.00,0,0.00,0,0.00,0,0.00,0,0.00,0,0,0,0,1,0,0,0,0,0,0,0,0,0,0,0,0,0,0,0,0,0,0,1,0,0,0,0,0,0
Nueva Vizcaya,Nueva Vizcaya,Kasibu,Biyoy,PH0205009007,PH0205009,PH02050,2,3970000.00,0.61,1985000.00,2015,Farm-to-Market Road,Farm-to-Market Roads,Farm to Market Road Development Program,Farm-to-Market Road,2,3970000.00,0,0.00,0,0.00,0,0.00,0,0.00,0,0.00,0,0.00,0,0,0,0,0,2,0,0,0,0,0,0,0,0,0,0,0,0,0,0,0,0,0,0,0,0,0,0,0,0
Nueva Vizcaya,Nueva Vizcaya,Kasibu,Bua,PH0205009006,PH0205009,PH02050,1,10000.00,1.00,10000.00,2022,School Garden,Food Gardens,High Value Crop Development Program,School Garden,0,0.00,0,0.00,0,0.00,0,0.00,1,10000.00,0,0.00,0,0.00,0,0,0,0,0,0,0,0,0,0,0,0,0,0,0,0,0,0,0,0,0,1,0,0,0,0,0,0,0,0
Nueva Vizcaya,Nueva Vizcaya,Kasibu,Camamasi,PH0205009026,PH0205009,PH02050,1,10000.00,1.00,10000.00,2022,School Garden,Food Gardens,High Value Crop Development Program,School Garden,0,0.00,0,0.00,0,0.00,0,0.00,1,10000.00,0,0.00,0,0.00,0,0,0,0,0,0,0,0,0,0,0,0,0,0,0,0,0,0,0,0,0,1,0,0,0,0,0,0,0,0
Nueva Vizcaya,Nueva Vizcaya,Kasibu,Catarawan,PH0205009027,PH0205009,PH02050,1,447446.82,1.00,447446.82,2022,Greenhouse,Protected Cultivation and Nurseries,High Value Crop Development Program,Greenhouse,0,0.00,0,0.00,0,0.00,1,447446.82,0,0.00,0,0.00,0,0.00,0,0,0,0,0,0,0,0,1,0,0,0,0,0,0,0,0,0,0,0,0,0,0,0,0,0,0,0,0,0
Nueva Vizcaya,Nueva Vizcaya,Kasibu,Cordon,PH0205009009,PH0205009,PH02050,2,3808644.16,0.79,1904322.08,2017,Farm-to-Market Road,Farm-to-Market Roads,Farm to Market Road Development Program,Farm-to-Market Road,2,3808644.16,0,0.00,0,0.00,0,0.00,0,0.00,0,0.00,0,0.00,0,0,0,0,0,2,0,0,0,0,0,0,0,0,0,0,0,0,0,0,0,0,0,0,0,0,0,0,0,0
Nueva Vizcaya,Nueva Vizcaya,Kasibu,Didipio,PH0205009010,PH0205009,PH02050,1,11049801.86,0.55,11049801.86,2021,Farm-to-Market Road,Farm-to-Market Roads,Farm to Market Road Development Program,Farm-to-Market Road,1,11049801.86,0,0.00,0,0.00,0,0.00,0,0.00,0,0.00,0,0.00,0,0,0,0,0,1,0,0,0,0,0,0,0,0,0,0,0,0,0,0,0,0,0,0,0,0,0,0,0,0
Nueva Vizcaya,Nueva Vizcaya,Kasibu,Kakiduguen,PH0205009012,PH0205009,PH02050,2,3998500.00,0.71,1999250.00,2014,Farm-to-Market Road,Farm-to-Market Roads,Farm to Market Road Development Program,Farm-to-Market Road,2,3998500.00,0,0.00,0,0.00,0,0.00,0,0.00,0,0.00,0,0.00,0,0,0,0,0,2,0,0,0,0,0,0,0,0,0,0,0,0,0,0,0,0,0,0,0,0,0,0,0,0
Nueva Vizcaya,Nueva Vizcaya,Kasibu,Kongkong,PH0205009030,PH0205009,PH02050,2,1949200.00,1.39,974600.00,2022,School Garden,Food Gardens,Farm to Market Road Development Program | High Value Crop Development Program,Farm-to-Market Road | School Garden,1,1939200.00,0,0.00,0,0.00,0,0.00,1,10000.00,0,0.00,0,0.00,0,0,0,0,0,1,0,0,0,0,0,0,0,0,0,0,0,0,0,0,0,1,0,0,0,0,0,0,0,0
Nueva Vizcaya,Nueva Vizcaya,Kasibu,Macalong,PH0205009015,PH0205009,PH02050,1,1990000.00,0.36,1990000.00,2016,Farm-to-Market Road,Farm-to-Market Roads,Farm to Market Road Development Program,Farm-to-Market Road,1,1990000.00,0,0.00,0,0.00,0,0.00,0,0.00,0,0.00,0,0.00,0,0,0,0,0,1,0,0,0,0,0,0,0,0,0,0,0,0,0,0,0,0,0,0,0,0,0,0,0,0
Nueva Vizcaya,Nueva Vizcaya,Kasibu,Malabing,PH0205009016,PH0205009,PH02050,2,2558667.52,1.15,1279333.76,2022,Farm-to-Market Road,Farm-to-Market Roads,Farm to Market Road Development Program | High Value Crop Development Program,Farm-to-Market Road | Solar-Powered Irrigation System,1,1990000.00,1,568667.52,0,0.00,0,0.00,0,0.00,0,0.00,0,0.00,0,0,0,0,0,1,0,0,0,0,0,0,0,0,0,0,0,0,0,0,0,0,0,0,1,0,0,0,0,0
Nueva Vizcaya,Nueva Vizcaya,Kasibu,Muta,PH0205009017,PH0205009,PH02050,4,8612957.40,2.29,2153239.35,2018,Farm-to-Market Road,Farm-to-Market Roads,Farm to Market Road Development Program | Rice Program,Diversion Dam | Farm-to-Market Road,3,5955000.00,1,2657957.40,0,0.00,0,0.00,0,0.00,0,0.00,0,0.00,0,0,0,0,1,3,0,0,0,0,0,0,0,0,0,0,0,0,0,0,0,0,0,0,0,0,0,0,0,0
Nueva Vizcaya,Nueva Vizcaya,Kasibu,Nantawacan,,PH0205009,PH02050,1,1841325.49,0.33,1841325.49,2017,Farm-to-Market Road,Farm-to-Market Roads,Farm to Market Road Development Program,Farm-to-Market Road,1,1841325.49,0,0.00,0,0.00,0,0.00,0,0.00,0,0.00,0,0.00,0,0,0,0,0,1,0,0,0,0,0,0,0,0,0,0,0,0,0,0,0,0,0,0,0,0,0,0,0,0
Nueva Vizcaya,Nueva Vizcaya,Kasibu,Pacquet (Ilongot Res.),,PH0205009,PH02050,1,10000.00,1.00,10000.00,2022,School Garden,Food Gardens,High Value Crop Development Program,School Garden,0,0.00,0,0.00,0,0.00,0,0.00,1,10000.00,0,0.00,0,0.00,0,0,0,0,0,0,0,0,0,0,0,0,0,0,0,0,0,0,0,0,0,1,0,0,0,0,0,0,0,0
Nueva Vizcaya,Nueva Vizcaya,Kasibu,Pao,PH0205009018,PH0205009,PH02050,1,0.00,0.48,0.00,2018,Farm-to-Market Road,Farm-to-Market Roads,Farm to Market Road Development Program,Farm-to-Market Road,1,0.00,0,0.00,0,0.00,0,0.00,0,0.00,0,0.00,0,0.00,0,0,0,0,0,1,0,0,0,0,0,0,0,0,0,0,0,0,0,0,0,0,0,0,0,0,0,0,0,0
Nueva Vizcaya,Nueva Vizcaya,Kasibu,Poblacion (Alloy),PH0205009003,PH0205009,PH02050,2,482069.00,2.00,241034.50,2024,Multi-Commodity Drying Shed,Postharvest and Processing,High Value Crop Development Program,Multi-Commodity Drying Shed | Spring Development,0,0.00,1,482069.00,1,0.00,0,0.00,0,0.00,0,0.00,0,0.00,0,0,0,0,0,0,0,0,0,0,0,1,0,0,0,0,0,0,0,0,0,0,0,0,0,1,0,0,0,0
Nueva Vizcaya,Nueva Vizcaya,Kasibu,Pudi,PH0205009020,PH0205009,PH02050,1,1990000.00,0.34,1990000.00,2016,Farm-to-Market Road,Farm-to-Market Roads,Farm to Market Road Development Program,Farm-to-Market Road,1,1990000.00,0,0.00,0,0.00,0,0.00,0,0.00,0,0.00,0,0.00,0,0,0,0,0,1,0,0,0,0,0,0,0,0,0,0,0,0,0,0,0,0,0,0,0,0,0,0,0,0
Nueva Vizcaya,Nueva Vizcaya,Kasibu,Seguem,,PH0205009,PH02050,2,14413583.73,1.37,7206791.87,2021,Farm-to-Market Road,Farm-to-Market Roads,Farm to Market Road Development Program,Farm-to-Market Road,2,14413583.73,0,0.00,0,0.00,0,0.00,0,0.00,0,0.00,0,0.00,0,0,0,0,0,2,0,0,0,0,0,0,0,0,0,0,0,0,0,0,0,0,0,0,0,0,0,0,0,0
Nueva Vizcaya,Nueva Vizcaya,Kasibu,Tadji,PH0205009023,PH0205009,PH02050,1,1990000.00,0.23,1990000.00,2016,Farm-to-Market Road,Farm-to-Market Roads,Farm to Market Road Development Program,Farm-to-Market Road,1,1990000.00,0,0.00,0,0.00,0,0.00,0,0.00,0,0.00,0,0.00,0,0,0,0,0,1,0,0,0,0,0,0,0,0,0,0,0,0,0,0,0,0,0,0,0,0,0,0,0,0
Nueva Vizcaya,Nueva Vizcaya,Kasibu,Tokod,,PH0205009,PH02050,1,10000.00,1.00,10000.00,2022,School Garden,Food Gardens,High Value Crop Development Program,School Garden,0,0.00,0,0.00,0,0.00,0,0.00,1,10000.00,0,0.00,0,0.00,0,0,0,0,0,0,0,0,0,0,0,0,0,0,0,0,0,0,0,0,0,1,0,0,0,0,0,0,0,0
Nueva Vizcaya,Nueva Vizcaya,Kasibu,Wangal,PH0205009024,PH0205009,PH02050,2,14934994.73,2.00,7467497.37,2024,Farm-to-Market Road,Farm-to-Market Roads,Farm to Market Road Development Program | High Value Crop Development Program,Farm-to-Market Road | School Garden,1,14924994.73,0,0.00,0,0.00,0,0.00,1,10000.00,0,0.00,0,0.00,0,0,0,0,0,1,0,0,0,0,0,0,0,0,0,0,0,0,0,0,0,1,0,0,0,0,0,0,0,0
Nueva Vizcaya,Nueva Vizcaya,Kasibu,Watwat,PH0205009025,PH0205009,PH02050,5,18151230.60,3.54,3630246.12,2022,Farm-to-Market Road,Farm-to-Market Roads,Farm to Market Road Development Program | Rice Program,Diversion Dam | Farm-to-Market Road,3,13847679.04,2,4303551.56,0,0.00,0,0.00,0,0.00,0,0.00,0,0.00,0,0,0,0,2,3,0,0,0,0,0,0,0,0,0,0,0,0,0,0,0,0,0,0,0,0,0,0,0,0
Nueva Vizcaya,Nueva Vizcaya,Kayapa,Acacia,PH0205010001,PH0205010,PH02050,4,11527441.56,4.00,2881860.39,2025,Spring Development,Irrigation and Water Systems,Farm to Market Road Development Program | High Value Crop Development Program,Farm-to-Market Road | Greenhouse | Spring Development,1,9949998.34,2,1130500.40,0,0.00,1,446942.82,0,0.00,0,0.00,0,0.00,0,0,0,0,0,1,0,0,1,0,0,0,0,0,0,0,0,0,0,0,0,0,0,0,0,2,0,0,0,0
Nueva Vizcaya,Nueva Vizcaya,Kayapa,Alang Salacsac,PH0205010023,PH0205010,PH02050,2,225122.92,3.00,112561.46,2024,Rainshelter,Protected Cultivation and Nurseries,High Value Crop Development Program | National Organic Agriculture Program,Rainshelter | School Garden,0,0.00,0,0.00,0,0.00,1,215122.92,1,10000.00,0,0.00,0,0.00,0,0,0,0,0,0,0,0,0,0,0,0,0,0,0,0,0,0,0,1,0,1,0,0,0,0,0,0,0,0
Nueva Vizcaya,Nueva Vizcaya,Kayapa,Baan,PH0205010004,PH0205010,PH02050,1,398645.00,1.00,398645.00,2020,Spring Development,Irrigation and Water Systems,High Value Crop Development Program,Spring Development,0,0.00,1,398645.00,0,0.00,0,0.00,0,0.00,0,0.00,0,0.00,0,0,0,0,0,0,0,0,0,0,0,0,0,0,0,0,0,0,0,0,0,0,0,0,0,1,0,0,0,0
Nueva Vizcaya,Nueva Vizcaya,Kayapa,Babadi,PH0205010005,PH0205010,PH02050,3,15573768.08,2.54,5191256.03,2024,Farm-to-Market Road,Farm-to-Market Roads,Farm to Market Road Development Program | High Value Crop Development Program,Farm-to-Market Road | Spring Development,2,14924664.08,1,649104.00,0,0.00,0,0.00,0,0.00,0,0.00,0,0.00,0,0,0,0,0,2,0,0,0,0,0,0,0,0,0,0,0,0,0,0,0,0,0,0,0,1,0,0,0,0
Nueva Vizcaya,Nueva Vizcaya,Kayapa,Balangabang,PH0205010006,PH0205010,PH02050,2,3132976.06,11.35,1566488.03,2024,Rainshelter,Protected Cultivation and Nurseries,Farm to Market Road Development Program | National Organic Agriculture Program,Farm-to-Market Road | Rainshelter,1,1949800.00,0,0.00,0,0.00,1,1183176.06,0,0.00,0,0.00,0,0.00,0,0,0,0,0,1,0,0,0,0,0,0,0,0,0,0,0,0,0,1,0,0,0,0,0,0,0,0,0,0
Nueva Vizcaya,Nueva Vizcaya,Kayapa,Besong,PH0205010009,PH0205010,PH02050,3,5016707.30,5.76,1672235.77,2024,Farm-to-Market Road,Farm-to-Market Roads,Farm to Market Road Development Program | National Organic Agriculture Program,Farm-to-Market Road | Rainshelter,2,4478900.00,0,0.00,0,0.00,1,537807.30,0,0.00,0,0.00,0,0.00,0,0,0,0,0,2,0,0,0,0,0,0,0,0,0,0,0,0,0,1,0,0,0,0,0,0,0,0,0,0
Nueva Vizcaya,Nueva Vizcaya,Kayapa,Binalian,PH0205010008,PH0205010,PH02050,1,4975000.00,0.60,4975000.00,2019,Farm-to-Market Road,Farm-to-Market Roads,Farm to Market Road Development Program,Farm-to-Market Road,1,4975000.00,0,0.00,0,0.00,0,0.00,0,0.00,0,0.00,0,0.00,0,0,0,0,0,1,0,0,0,0,0,0,0,0,0,0,0,0,0,0,0,0,0,0,0,0,0,0,0,0
Nueva Vizcaya,Nueva Vizcaya,Kayapa,Cabalatan Alang,PH0205010010,PH0205010,PH02050,2,1568357.58,5.00,784178.79,2024,Rainshelter,Protected Cultivation and Nurseries,High Value Crop Development Program | National Organic Agriculture Program,Rainshelter | Spring Development,0,0.00,1,1138111.74,0,0.00,1,430245.84,0,0.00,0,0.00,0,0.00,0,0,0,0,0,0,0,0,0,0,0,0,0,0,0,0,0,0,0,1,0,0,0,0,0,1,0,0,0,0
Nueva Vizcaya,Nueva Vizcaya,Kayapa,Cabanglasan,PH0205010011,PH0205010,PH02050,1,12118754.54,0.74,12118754.54,2021,Farm-to-Market Road,Farm-to-Market Roads,Farm to Market Road Development Program,Farm-to-Market Road,1,12118754.54,0,0.00,0,0.00,0,0.00,0,0.00,0,0.00,0,0.00,0,0,0,0,0,1,0,0,0,0,0,0,0,0,0,0,0,0,0,0,0,0,0,0,0,0,0,0,0,0
Nueva Vizcaya,Nueva Vizcaya,Kayapa,Cabayo,PH0205010026,PH0205010,PH02050,1,10000.00,1.00,10000.00,2022,School Garden,Food Gardens,High Value Crop Development Program,School Garden,0,0.00,0,0.00,0,0.00,0,0.00,1,10000.00,0,0.00,0,0.00,0,0,0,0,0,0,0,0,0,0,0,0,0,0,0,0,0,0,0,0,0,1,0,0,0,0,0,0,0,0
Nueva Vizcaya,Nueva Vizcaya,Kayapa,Kayapa Proper East,PH0205010012,PH0205010,PH02050,1,215122.92,2.00,215122.92,2024,Rainshelter,Protected Cultivation and Nurseries,National Organic Agriculture Program,Rainshelter,0,0.00,0,0.00,0,0.00,1,215122.92,0,0.00,0,0.00,0,0.00,0,0,0,0,0,0,0,0,0,0,0,0,0,0,0,0,0,0,0,1,0,0,0,0,0,0,0,0,0,0
Nueva Vizcaya,Nueva Vizcaya,Kayapa,Kayapa Proper West,PH0205010013,PH0205010,PH02050,3,7180122.92,2.72,2393374.31,2024,Farm-to-Market Road,Farm-to-Market Roads,Farm to Market Road Development Program | National Organic Agriculture Program,Farm-to-Market Road | Rainshelter,2,6965000.00,0,0.00,0,0.00,1,215122.92,0,0.00,0,0.00,0,0.00,0,0,0,0,0,2,0,0,0,0,0,0,0,0,0,0,0,0,0,1,0,0,0,0,0,0,0,0,0,0
Nueva Vizcaya,Nueva Vizcaya,Kayapa,Latbang,PH0205010028,PH0205010,PH02050,1,4793413.24,0.55,4793413.24,2019,Farm-to-Market Road,Farm-to-Market Roads,Farm to Market Road Development Program,Farm-to-Market Road,1,4793413.24,0,0.00,0,0.00,0,0.00,0,0.00,0,0.00,0,0.00,0,0,0,0,0,1,0,0,0,0,0,0,0,0,0,0,0,0,0,0,0,0,0,0,0,0,0,0,0,0
Nueva Vizcaya,Nueva Vizcaya,Kayapa,Nansiakan,PH0205010015,PH0205010,PH02050,2,1943111.24,1.42,971555.62,2022,Farm-to-Market Road,Farm-to-Market Roads,Farm to Market Road Development Program | High Value Crop Development Program,Farm-to-Market Road | Gulayan sa Barangay,1,1843111.24,0,0.00,0,0.00,0,0.00,1,100000.00,0,0.00,0,0.00,0,0,0,0,0,1,0,0,0,1,0,0,0,0,0,0,0,0,0,0,0,0,0,0,0,0,0,0,0,0
Nueva Vizcaya,Nueva Vizcaya,Kayapa,Pampang (Pob.),PH0205010016,PH0205010,PH02050,1,757298.40,1.00,757298.40,2025,Spring Development,Irrigation and Water Systems,High Value Crop Development Program,Spring Development,0,0.00,1,757298.40,0,0.00,0,0.00,0,0.00,0,0.00,0,0.00,0,0,0,0,0,0,0,0,0,0,0,0,0,0,0,0,0,0,0,0,0,0,0,0,0,1,0,0,0,0
Nueva Vizcaya,Nueva Vizcaya,Kayapa,Pangawan,PH0205010017,PH0205010,PH02050,2,1055559.24,6.00,527779.62,2024,Rainshelter,Protected Cultivation and Nurseries,National Organic Agriculture Program,Greenhouse | Rainshelter,0,0.00,0,0.00,0,0.00,2,1055559.24,0,0.00,0,0.00,0,0.00,0,0,0,0,0,0,0,0,1,0,0,0,0,0,0,0,0,0,0,1,0,0,0,0,0,0,0,0,0,0
Nueva Vizcaya,Nueva Vizcaya,Kayapa,Pinayag,PH0205010018,PH0205010,PH02050,4,20959482.87,11.67,5239870.72,2024,Farm-to-Market Road,Farm-to-Market Roads,Farm to Market Road Development Program | High Value Crop Development Program,Farm-to-Market Road | Rainshelter,3,19898082.90,0,0.00,0,0.00,1,1061399.97,0,0.00,0,0.00,0,0.00,0,0,0,0,0,3,0,0,0,0,0,0,0,0,0,0,0,0,0,1,0,0,0,0,0,0,0,0,0,0
Nueva Vizcaya,Nueva Vizcaya,Kayapa,Pingkian,PH0205010019,PH0205010,PH02050,5,3829746.66,6.00,765949.33,2024,School Garden,Protected Cultivation and Nurseries,High Value Crop Development Program | National Organic Agriculture Program,Fertilizer Processing Center | Greenhouse | Rainshelter | School Garden,0,0.00,0,0.00,1,2088112.51,2,1721634.15,2,20000.00,0,0.00,0,0.00,0,0,0,0,0,0,1,0,1,0,0,0,0,0,0,0,0,0,0,1,0,2,0,0,0,0,0,0,0,0
Nueva Vizcaya,Nueva Vizcaya,Kayapa,San Fabian,PH0205010020,PH0205010,PH02050,2,2009300.00,1.28,1004650.00,2022,School Garden,Food Gardens,Farm to Market Road Development Program | High Value Crop Development Program,Farm-to-Market Road | School Garden,1,1999300.00,0,0.00,0,0.00,0,0.00,1,10000.00,0,0.00,0,0.00,0,0,0,0,0,1,0,0,0,0,0,0,0,0,0,0,0,0,0,0,0,1,0,0,0,0,0,0,0,0
Nueva Vizcaya,Nueva Vizcaya,Kayapa,Talecabcab,,PH0205010,PH02050,2,3980000.00,0.84,1990000.00,2015,Farm-to-Market Road,Farm-to-Market Roads,Farm to Market Road Development Program,Farm-to-Market Road,2,3980000.00,0,0.00,0,0.00,0,0.00,0,0.00,0,0.00,0,0.00,0,0,0,0,0,2,0,0,0,0,0,0,0,0,0,0,0,0,0,0,0,0,0,0,0,0,0,0,0,0
Nueva Vizcaya,Nueva Vizcaya,Kayapa,Tubongan,,PH0205010,PH02050,2,117561.46,2.00,58780.73,2024,Rainshelter,Protected Cultivation and Nurseries,High Value Crop Development Program | National Organic Agriculture Program,Rainshelter | School Garden,0,0.00,0,0.00,0,0.00,1,107561.46,1,10000.00,0,0.00,0,0.00,0,0,0,0,0,0,0,0,0,0,0,0,0,0,0,0,0,0,0,1,0,1,0,0,0,0,0,0,0,0
Nueva Vizcaya,Nueva Vizcaya,Quezon,,,PH0205011,PH02050,1,1912442.55,0.30,1912442.55,2017,Farm-to-Market Road,Farm-to-Market Roads,Farm to Market Road Development Program,Farm-to-Market Road,1,1912442.55,0,0.00,0,0.00,0,0.00,0,0.00,0,0.00,0,0.00,0,0,0,0,0,1,0,0,0,0,0,0,0,0,0,0,0,0,0,0,0,0,0,0,0,0,0,0,0,0
Nueva Vizcaya,Nueva Vizcaya,Quezon,Aurora,PH0205011001,PH0205011,PH02050,3,16224071.59,3.05,5408023.86,2022,Farm-to-Market Road,Farm-to-Market Roads,Farm to Market Road Development Program | High Value Crop Development Program | Rice Program,Diversion Dam | Farm-to-Market Road | School Garden,1,12437500.00,1,3776571.59,0,0.00,0,0.00,1,10000.00,0,0.00,0,0.00,0,0,0,0,1,1,0,0,0,0,0,0,0,0,0,0,0,0,0,0,0,1,0,0,0,0,0,0,0,0
Nueva Vizcaya,Nueva Vizcaya,Quezon,Baresbes,PH0205011002,PH0205011,PH02050,1,552942.00,1.00,552942.00,2023,Spring Development,Irrigation and Water Systems,High Value Crop Development Program,Spring Development,0,0.00,1,552942.00,0,0.00,0,0.00,0,0.00,0,0.00,0,0.00,0,0,0,0,0,0,0,0,0,0,0,0,0,0,0,0,0,0,0,0,0,0,0,0,0,1,0,0,0,0
Nueva Vizcaya,Nueva Vizcaya,Quezon,Calaocan,PH0205011005,PH0205011,PH02050,1,2000000.00,0.29,2000000.00,2014,Farm-to-Market Road,Farm-to-Market Roads,Farm to Market Road Development Program,Farm-to-Market Road,1,2000000.00,0,0.00,0,0.00,0,0.00,0,0.00,0,0.00,0,0.00,0,0,0,0,0,1,0,0,0,0,0,0,0,0,0,0,0,0,0,0,0,0,0,0,0,0,0,0,0,0
Nueva Vizcaya,Nueva Vizcaya,Quezon,Caliat (Pob.),PH0205011006,PH0205011,PH02050,4,9860114.62,2.78,2465028.66,2022,Farm-to-Market Road,Farm-to-Market Roads,Farm to Market Road Development Program | High Value Crop Development Program | Rice Program,Diversion Dam | Farm-to-Market Road | School Garden,2,6965000.00,1,2885114.62,0,0.00,0,0.00,1,10000.00,0,0.00,0,0.00,0,0,0,0,1,2,0,0,0,0,0,0,0,0,0,0,0,0,0,0,0,1,0,0,0,0,0,0,0,0
Nueva Vizcaya,Nueva Vizcaya,Quezon,Dagupan,PH0205011012,PH0205011,PH02050,1,10000.00,1.00,10000.00,2022,School Garden,Food Gardens,High Value Crop Development Program,School Garden,0,0.00,0,0.00,0,0.00,0,0.00,1,10000.00,0,0.00,0,0.00,0,0,0,0,0,0,0,0,0,0,0,0,0,0,0,0,0,0,0,0,0,1,0,0,0,0,0,0,0,0
Nueva Vizcaya,Nueva Vizcaya,Quezon,Maasin,PH0205011011,PH0205011,PH02050,1,3918972.90,1.00,3918972.90,2017,Diversion Dam,Irrigation and Water Systems,Rice Program,Diversion Dam,0,0.00,1,3918972.90,0,0.00,0,0.00,0,0.00,0,0.00,0,0.00,0,0,0,0,1,0,0,0,0,0,0,0,0,0,0,0,0,0,0,0,0,0,0,0,0,0,0,0,0,0
Nueva Vizcaya,Nueva Vizcaya,Quezon,Maddiangat,PH0205011008,PH0205011,PH02050,1,10000.00,1.00,10000.00,2022,School Garden,Food Gardens,High Value Crop Development Program,School Garden,0,0.00,0,0.00,0,0.00,0,0.00,1,10000.00,0,0.00,0,0.00,0,0,0,0,0,0,0,0,0,0,0,0,0,0,0,0,0,0,0,0,0,1,0,0,0,0,0,0,0,0
Nueva Vizcaya,Nueva Vizcaya,Quezon,Nalubbunan,PH0205011009,PH0205011,PH02050,2,178690111.52,2.00,89345055.76,2021,Multi-Purpose Drying Pavement,Postharvest and Processing,Corn Program | Rice Program,Diversion Dam | Multi-Purpose Drying Pavement,0,0.00,1,956464.77,1,177733646.75,0,0.00,0,0.00,0,0.00,0,0.00,0,0,0,0,1,0,0,0,0,0,0,0,0,1,0,0,0,0,0,0,0,0,0,0,0,0,0,0,0,0
Nueva Vizcaya,Nueva Vizcaya,Santa Fe,Atbu,PH0205012013,PH0205012,PH02050,1,1983600.00,0.25,1983600.00,2014,Farm-to-Market Road,Farm-to-Market Roads,Farm to Market Road Development Program,Farm-to-Market Road,1,1983600.00,0,0.00,0,0.00,0,0.00,0,0.00,0,0.00,0,0.00,0,0,0,0,0,1,0,0,0,0,0,0,0,0,0,0,0,0,0,0,0,0,0,0,0,0,0,0,0,0
Nueva Vizcaya,Nueva Vizcaya,Santa Fe,Bacneng,PH0205012002,PH0205012,PH02050,1,10000.00,1.00,10000.00,2022,School Garden,Food Gardens,High Value Crop Development Program,School Garden,0,0.00,0,0.00,0,0.00,0,0.00,1,10000.00,0,0.00,0,0.00,0,0,0,0,0,0,0,0,0,0,0,0,0,0,0,0,0,0,0,0,0,1,0,0,0,0,0,0,0,0
Nueva Vizcaya,Nueva Vizcaya,Santa Fe,Baliling,PH0205012003,PH0205012,PH02050,2,1965000.00,1.30,982500.00,2022,School Garden,Food Gardens,Farm to Market Road Development Program | High Value Crop Development Program,Farm-to-Market Road | School Garden,1,1955000.00,0,0.00,0,0.00,0,0.00,1,10000.00,0,0.00,0,0.00,0,0,0,0,0,1,0,0,0,0,0,0,0,0,0,0,0,0,0,0,0,1,0,0,0,0,0,0,0,0
Nueva Vizcaya,Nueva Vizcaya,Santa Fe,Buyasyas,PH0205012006,PH0205012,PH02050,3,2492138.06,12.00,830712.69,2025,Spring Development,Irrigation and Water Systems,High Value Crop Development Program,Rainshelter | Spring Development,0,0.00,2,1548671.40,0,0.00,1,943466.66,0,0.00,0,0.00,0,0.00,0,0,0,0,0,0,0,0,0,0,0,0,0,0,0,0,0,0,0,1,0,0,0,0,0,2,0,0,0,0
Nueva Vizcaya,Nueva Vizcaya,Santa Fe,Imugan,PH0205012008,PH0205012,PH02050,1,10000.00,1.00,10000.00,2022,School Garden,Food Gardens,High Value Crop Development Program,School Garden,0,0.00,0,0.00,0,0.00,0,0.00,1,10000.00,0,0.00,0,0.00,0,0,0,0,0,0,0,0,0,0,0,0,0,0,0,0,0,0,0,0,0,1,0,0,0,0,0,0,0,0
Nueva Vizcaya,Nueva Vizcaya,Santa Fe,Unib,PH0205012018,PH0205012,PH02050,2,1601948.66,11.00,800974.33,2023,Rainshelter,Protected Cultivation and Nurseries,High Value Crop Development Program,Rainshelter | Spring Development,0,0.00,1,658482.00,0,0.00,1,943466.66,0,0.00,0,0.00,0,0.00,0,0,0,0,0,0,0,0,0,0,0,0,0,0,0,0,0,0,0,1,0,0,0,0,0,1,0,0,0,0
Nueva Vizcaya,Nueva Vizcaya,Solano,Aggub,PH0205013001,PH0205013,PH02050,3,5960000.09,1.18,1986666.70,2016,Farm-to-Market Road,Farm-to-Market Roads,Farm to Market Road Development Program,Farm-to-Market Road,3,5960000.09,0,0.00,0,0.00,0,0.00,0,0.00,0,0.00,0,0.00,0,0,0,0,0,3,0,0,0,0,0,0,0,0,0,0,0,0,0,0,0,0,0,0,0,0,0,0,0,0
Nueva Vizcaya,Nueva Vizcaya,Solano,Bagahabag,PH0205013020,PH0205013,PH02050,1,1990000.00,0.29,1990000.00,2018,Farm-to-Market Road,Farm-to-Market Roads,Farm to Market Road Development Program,Farm-to-Market Road,1,1990000.00,0,0.00,0,0.00,0,0.00,0,0.00,0,0.00,0,0.00,0,0,0,0,0,1,0,0,0,0,0,0,0,0,0,0,0,0,0,0,0,0,0,0,0,0,0,0,0,0
Nueva Vizcaya,Nueva Vizcaya,Solano,Bangaan,PH0205013002,PH0205013,PH02050,1,2952300.00,1.00,2952300.00,2015,Diversion Dam,Irrigation and Water Systems,Rice Program,Diversion Dam,0,0.00,1,2952300.00,0,0.00,0,0.00,0,0.00,0,0.00,0,0.00,0,0,0,0,1,0,0,0,0,0,0,0,0,0,0,0,0,0,0,0,0,0,0,0,0,0,0,0,0,0
Nueva Vizcaya,Nueva Vizcaya,Solano,Bangar,PH0205013003,PH0205013,PH02050,1,10000.00,1.00,10000.00,2022,School Garden,Food Gardens,High Value Crop Development Program,School Garden,0,0.00,0,0.00,0,0.00,0,0.00,1,10000.00,0,0.00,0,0.00,0,0,0,0,0,0,0,0,0,0,0,0,0,0,0,0,0,0,0,0,0,1,0,0,0,0,0,0,0,0
Nueva Vizcaya,Nueva Vizcaya,Solano,Bascaran,PH0205013004,PH0205013,PH02050,1,1990000.00,0.40,1990000.00,2016,Farm-to-Market Road,Farm-to-Market Roads,Farm to Market Road Development Program,Farm-to-Market Road,1,1990000.00,0,0.00,0,0.00,0,0.00,0,0.00,0,0.00,0,0.00,0,0,0,0,0,1,0,0,0,0,0,0,0,0,0,0,0,0,0,0,0,0,0,0,0,0,0,0,0,0
Nueva Vizcaya,Nueva Vizcaya,Solano,Communal,PH0205013021,PH0205013,PH02050,3,15561036.98,1.68,5187012.33,2022,Farm-to-Market Road,Farm-to-Market Roads,Farm to Market Road Development Program,Farm-to-Market Road,3,15561036.98,0,0.00,0,0.00,0,0.00,0,0.00,0,0.00,0,0.00,0,0,0,0,0,3,0,0,0,0,0,0,0,0,0,0,0,0,0,0,0,0,0,0,0,0,0,0,0,0
Nueva Vizcaya,Nueva Vizcaya,Solano,Curifang,PH0205013005,PH0205013,PH02050,1,1990000.00,0.27,1990000.00,2016,Farm-to-Market Road,Farm-to-Market Roads,Farm to Market Road Development Program,Farm-to-Market Road,1,1990000.00,0,0.00,0,0.00,0,0.00,0,0.00,0,0.00,0,0.00,0,0,0,0,0,1,0,0,0,0,0,0,0,0,0,0,0,0,0,0,0,0,0,0,0,0,0,0,0,0
Nueva Vizcaya,Nueva Vizcaya,Solano,Lactawan,PH0205013007,PH0205013,PH02050,1,10000.00,1.00,10000.00,2022,School Garden,Food Gardens,High Value Crop Development Program,School Garden,0,0.00,0,0.00,0,0.00,0,0.00,1,10000.00,0,0.00,0,0.00,0,0,0,0,0,0,0,0,0,0,0,0,0,0,0,0,0,0,0,0,0,1,0,0,0,0,0,0,0,0
Nueva Vizcaya,Nueva Vizcaya,Solano,Pilar D. Galima,PH0205013023,PH0205013,PH02050,1,2292500.50,1.00,2292500.50,2017,Diversion Dam,Irrigation and Water Systems,Rice Program,Diversion Dam,0,0.00,1,2292500.50,0,0.00,0,0.00,0,0.00,0,0.00,0,0.00,0,0,0,0,1,0,0,0,0,0,0,0,0,0,0,0,0,0,0,0,0,0,0,0,0,0,0,0,0,0
Nueva Vizcaya,Nueva Vizcaya,Solano,Poblacion South,PH0205013010,PH0205013,PH02050,1,10000.00,1.00,10000.00,2022,School Garden,Food Gardens,High Value Crop Development Program,School Garden,0,0.00,0,0.00,0,0.00,0,0.00,1,10000.00,0,0.00,0,0.00,0,0,0,0,0,0,0,0,0,0,0,0,0,0,0,0,0,0,0,0,0,1,0,0,0,0,0,0,0,0
Nueva Vizcaya,Nueva Vizcaya,Solano,Quezon,PH0205013011,PH0205013,PH02050,1,1980000.00,0.23,1980000.00,2016,Farm-to-Market Road,Farm-to-Market Roads,Farm to Market Road Development Program,Farm-to-Market Road,1,1980000.00,0,0.00,0,0.00,0,0.00,0,0.00,0,0.00,0,0.00,0,0,0,0,0,1,0,0,0,0,0,0,0,0,0,0,0,0,0,0,0,0,0,0,0,0,0,0,0,0
Nueva Vizcaya,Nueva Vizcaya,Solano,Quirino,PH0205013012,PH0205013,PH02050,1,100000.00,1.00,100000.00,2022,Gulayan sa Barangay,Food Gardens,High Value Crop Development Program,Gulayan sa Barangay,0,0.00,0,0.00,0,0.00,0,0.00,1,100000.00,0,0.00,0,0.00,0,0,0,0,0,0,0,0,0,1,0,0,0,0,0,0,0,0,0,0,0,0,0,0,0,0,0,0,0,0
Nueva Vizcaya,Nueva Vizcaya,Solano,San Juan,PH0205013014,PH0205013,PH02050,2,971942.67,2.00,485971.34,2022,School Garden,Food Gardens,High Value Crop Development Program | Rice Program,Diversion Dam | School Garden,0,0.00,1,961942.67,0,0.00,0,0.00,1,10000.00,0,0.00,0,0.00,0,0,0,0,1,0,0,0,0,0,0,0,0,0,0,0,0,0,0,0,0,1,0,0,0,0,0,0,0,0
Nueva Vizcaya,Nueva Vizcaya,Solano,San Luis,PH0205013015,PH0205013,PH02050,1,0.00,0.00,0.00,2017,Rice Processing Center,Postharvest and Processing,Rice Program,Rice Processing Center,0,0.00,0,0.00,1,0.00,0,0.00,0,0.00,0,0.00,0,0.00,0,0,0,0,0,0,0,0,0,0,0,0,0,0,0,0,0,0,0,0,1,0,0,0,0,0,0,0,0,0
Nueva Vizcaya,Nueva Vizcaya,Solano,Tucal,PH0205013017,PH0205013,PH02050,1,10000.00,1.00,10000.00,2022,School Garden,Food Gardens,High Value Crop Development Program,School Garden,0,0.00,0,0.00,0,0.00,0,0.00,1,10000.00,0,0.00,0,0.00,0,0,0,0,0,0,0,0,0,0,0,0,0,0,0,0,0,0,0,0,0,1,0,0,0,0,0,0,0,0
Nueva Vizcaya,Nueva Vizcaya,Solano,Uddiawan,PH0205013018,PH0205013,PH02050,2,789174.40,2.00,394587.20,2022,School Garden,Food Gardens,High Value Crop Development Program | Rice Program,Diversion Dam | School Garden,0,0.00,1,779174.40,0,0.00,0,0.00,1,10000.00,0,0.00,0,0.00,0,0,0,0,1,0,0,0,0,0,0,0,0,0,0,0,0,0,0,0,0,1,0,0,0,0,0,0,0,0
Nueva Vizcaya,Nueva Vizcaya,Villaverde,,,PH0205014,PH02050,1,1908500.00,0.30,1908500.00,2015,Farm-to-Market Road,Farm-to-Market Roads,Farm to Market Road Development Program,Farm-to-Market Road,1,1908500.00,0,0.00,0,0.00,0,0.00,0,0.00,0,0.00,0,0.00,0,0,0,0,0,1,0,0,0,0,0,0,0,0,0,0,0,0,0,0,0,0,0,0,0,0,0,0,0,0
Nueva Vizcaya,Nueva Vizcaya,Villaverde,Bintawan Norte,PH0205014009,PH0205014,PH02050,1,1990000.00,0.39,1990000.00,2014,Farm-to-Market Road,Farm-to-Market Roads,Farm to Market Road Development Program,Farm-to-Market Road,1,1990000.00,0,0.00,0,0.00,0,0.00,0,0.00,0,0.00,0,0.00,0,0,0,0,0,1,0,0,0,0,0,0,0,0,0,0,0,0,0,0,0,0,0,0,0,0,0,0,0,0
Nueva Vizcaya,Nueva Vizcaya,Villaverde,Bintawan Sur,PH0205014001,PH0205014,PH02050,1,841955.72,1.00,841955.72,2021,Solar-Powered Irrigation System,Irrigation and Water Systems,National Organic Agriculture Program,Solar-Powered Irrigation System,0,0.00,1,841955.72,0,0.00,0,0.00,0,0.00,0,0.00,0,0.00,0,0,0,0,0,0,0,0,0,0,0,0,0,0,0,0,0,0,0,0,0,0,0,0,1,0,0,0,0,0
Nueva Vizcaya,Nueva Vizcaya,Villaverde,Cabuluan,PH0205014003,PH0205014,PH02050,2,12447500.00,1.83,6223750.00,2022,Farm-to-Market Road,Farm-to-Market Roads,Farm to Market Road Development Program | High Value Crop Development Program,Farm-to-Market Road | School Garden,1,12437500.00,0,0.00,0,0.00,0,0.00,1,10000.00,0,0.00,0,0.00,0,0,0,0,0,1,0,0,0,0,0,0,0,0,0,0,0,0,0,0,0,1,0,0,0,0,0,0,0,0
Nueva Vizcaya,Nueva Vizcaya,Villaverde,Ibung,PH0205014002,PH0205014,PH02050,1,10000.00,1.00,10000.00,2022,School Garden,Food Gardens,High Value Crop Development Program,School Garden,0,0.00,0,0.00,0,0.00,0,0.00,1,10000.00,0,0.00,0,0.00,0,0,0,0,0,0,0,0,0,0,0,0,0,0,0,0,0,0,0,0,0,1,0,0,0,0,0,0,0,0
Nueva Vizcaya,Nueva Vizcaya,Villaverde,Nagbitin,PH0205014004,PH0205014,PH02050,3,13410801.49,3.00,4470267.16,2022,Small Water Impounding Project,Irrigation and Water Systems,High Value Crop Development Program | Rice Program,Gulayan sa Barangay | Small Water Impounding Project,0,0.00,2,13310801.49,0,0.00,0,0.00,1,100000.00,0,0.00,0,0.00,0,0,0,0,0,0,0,0,0,1,0,0,0,0,0,0,0,0,0,0,0,0,2,0,0,0,0,0,0,0
Nueva Vizcaya,Nueva Vizcaya,Villaverde,Pieza,PH0205014006,PH0205014,PH02050,1,2952300.00,1.00,2952300.00,2015,Small Water Impounding Project,Irrigation and Water Systems,Rice Program,Small Water Impounding Project,0,0.00,1,2952300.00,0,0.00,0,0.00,0,0.00,0,0.00,0,0.00,0,0,0,0,0,0,0,0,0,0,0,0,0,0,0,0,0,0,0,0,0,0,1,0,0,0,0,0,0,0
Nueva Vizcaya,Nueva Vizcaya,Villaverde,Poblacion (Turod),PH0205014008,PH0205014,PH02050,2,2000000.00,1.42,1000000.00,2022,School Garden,Food Gardens,Farm to Market Road Development Program | High Value Crop Development Program,Farm-to-Market Road | School Garden,1,1990000.00,0,0.00,0,0.00,0,0.00,1,10000.00,0,0.00,0,0.00,0,0,0,0,0,1,0,0,0,0,0,0,0,0,0,0,0,0,0,0,0,1,0,0,0,0,0,0,0,0
Nueva Vizcaya,Nueva Vizcaya,Villaverde,Sawmill,PH0205014007,PH0205014,PH02050,3,4080000.00,1.77,1360000.00,2022,Farm-to-Market Road,Farm-to-Market Roads,Farm to Market Road Development Program | High Value Crop Development Program,Farm-to-Market Road | Gulayan sa Barangay,2,3980000.00,0,0.00,0,0.00,0,0.00,1,100000.00,0,0.00,0,0.00,0,0,0,0,0,2,0,0,0,1,0,0,0,0,0,0,0,0,0,0,0,0,0,0,0,0,0,0,0,0
Quirino,Quirino,Aglipay,,,PH0205701,PH02057,1,0.00,0.50,0.00,2018,Farm-to-Market Road,Farm-to-Market Roads,Farm to Market Road Development Program,Farm-to-Market Road,1,0.00,0,0.00,0,0.00,0,0.00,0,0.00,0,0.00,0,0.00,0,0,0,0,0,1,0,0,0,0,0,0,0,0,0,0,0,0,0,0,0,0,0,0,0,0,0,0,0,0
Quirino,Quirino,Aglipay,Alicia,PH0205701018,PH0205701,PH02057,2,0.00,1.67,0.00,2021,Farm-to-Market Road,Farm-to-Market Roads,Farm to Market Road Development Program,Farm-to-Market Road,2,0.00,0,0.00,0,0.00,0,0.00,0,0.00,0,0.00,0,0.00,0,0,0,0,0,2,0,0,0,0,0,0,0,0,0,0,0,0,0,0,0,0,0,0,0,0,0,0,0,0
Quirino,Quirino,Aglipay,Dumabel,PH0205701002,PH0205701,PH02057,1,10000.00,1.00,10000.00,2022,School Garden,Food Gardens,High Value Crop Development Program,School Garden,0,0.00,0,0.00,0,0.00,0,0.00,1,10000.00,0,0.00,0,0.00,0,0,0,0,0,0,0,0,0,0,0,0,0,0,0,0,0,0,0,0,0,1,0,0,0,0,0,0,0,0
Quirino,Quirino,Aglipay,Dungo,,PH0205701,PH02057,6,20766464.76,5.42,3461077.46,2024,Farm-to-Market Road,Farm-to-Market Roads,Farm to Market Road Development Program | National Urban and Peri-Urban Agriculture Program,Chicken Housing | Farm-to-Market Road | Mushroom Fruiting House | Nursery Establishment,3,19914900.00,0,0.00,0,0.00,2,690972.51,0,0.00,1,160592.25,0,0.00,0,1,0,0,0,3,0,0,0,0,0,0,0,0,1,1,0,0,0,0,0,0,0,0,0,0,0,0,0,0
Quirino,Quirino,Aglipay,Dungo (Osme?a),,PH0205701,PH02057,2,5224788.28,2.00,2612394.14,2022,School Garden,Food Gardens,High Value Crop Development Program | Rice Program,School Garden | Small Water Impounding Project,0,0.00,1,5214788.28,0,0.00,0,0.00,1,10000.00,0,0.00,0,0.00,0,0,0,0,0,0,0,0,0,0,0,0,0,0,0,0,0,0,0,0,0,1,1,0,0,0,0,0,0,0
Quirino,Quirino,Aglipay,Nagabgaban,PH0205701021,PH0205701,PH02057,2,3979500.00,0.70,1989750.00,2015,Farm-to-Market Road,Farm-to-Market Roads,Farm to Market Road Development Program,Farm-to-Market Road,2,3979500.00,0,0.00,0,0.00,0,0.00,0,0.00,0,0.00,0,0.00,0,0,0,0,0,2,0,0,0,0,0,0,0,0,0,0,0,0,0,0,0,0,0,0,0,0,0,0,0,0
Quirino,Quirino,Aglipay,Palacian,PH0205701006,PH0205701,PH02057,2,6905322.80,0.60,3452661.40,2018,Farm-to-Market Road,Farm-to-Market Roads,Farm to Market Road Development Program,Farm-to-Market Road,2,6905322.80,0,0.00,0,0.00,0,0.00,0,0.00,0,0.00,0,0.00,0,0,0,0,0,2,0,0,0,0,0,0,0,0,0,0,0,0,0,0,0,0,0,0,0,0,0,0,0,0
Quirino,Quirino,Aglipay,Palacian;Diodol,,PH0205701,PH02057,1,12435290.06,1.04,12435290.06,2023,Farm-to-Market Road,Farm-to-Market Roads,Farm to Market Road Development Program,Farm-to-Market Road,1,12435290.06,0,0.00,0,0.00,0,0.00,0,0.00,0,0.00,0,0.00,0,0,0,0,0,1,0,0,0,0,0,0,0,0,0,0,0,0,0,0,0,0,0,0,0,0,0,0,0,0
Quirino,Quirino,Aglipay,Pinaripad Norte,PH0205701022,PH0205701,PH02057,2,9959970.00,2.00,4979985.00,2022,Farm-to-Market Road,Farm-to-Market Roads,Farm to Market Road Development Program | High Value Crop Development Program,Farm-to-Market Road | School Garden,1,9949970.00,0,0.00,0,0.00,0,0.00,1,10000.00,0,0.00,0,0.00,0,0,0,0,0,1,0,0,0,0,0,0,0,0,0,0,0,0,0,0,0,1,0,0,0,0,0,0,0,0
Quirino,Quirino,Aglipay,Pinaripad Sur,PH0205701007,PH0205701,PH02057,2,10000.00,1.60,5000.00,2020,School Garden,Food Gardens,Farm to Market Road Development Program | High Value Crop Development Program,Farm-to-Market Road | School Garden,1,0.00,0,0.00,0,0.00,0,0.00,1,10000.00,0,0.00,0,0.00,0,0,0,0,0,1,0,0,0,0,0,0,0,0,0,0,0,0,0,0,0,1,0,0,0,0,0,0,0,0
Quirino,Quirino,Aglipay,Progreso (Pob.),PH0205701008,PH0205701,PH02057,1,10000.00,1.00,10000.00,2022,School Garden,Food Gardens,High Value Crop Development Program,School Garden,0,0.00,0,0.00,0,0.00,0,0.00,1,10000.00,0,0.00,0,0.00,0,0,0,0,0,0,0,0,0,0,0,0,0,0,0,0,0,0,0,0,0,1,0,0,0,0,0,0,0,0
Quirino,Quirino,Aglipay,Ramos,PH0205701009,PH0205701,PH02057,1,1990000.00,0.28,1990000.00,2016,Farm-to-Market Road,Farm-to-Market Roads,Farm to Market Road Development Program,Farm-to-Market Road,1,1990000.00,0,0.00,0,0.00,0,0.00,0,0.00,0,0.00,0,0.00,0,0,0,0,0,1,0,0,0,0,0,0,0,0,0,0,0,0,0,0,0,0,0,0,0,0,0,0,0,0
Quirino,Quirino,Aglipay,San Leonardo (Cabarroguis),PH0205701013,PH0205701,PH02057,4,14932279.30,3.20,3733069.83,2023,Farm-to-Market Road,Farm-to-Market Roads,Farm to Market Road Development Program | High Value Crop Development Program,Farm-to-Market Road | School Garden,3,14922279.30,0,0.00,0,0.00,0,0.00,1,10000.00,0,0.00,0,0.00,0,0,0,0,0,3,0,0,0,0,0,0,0,0,0,0,0,0,0,0,0,1,0,0,0,0,0,0,0,0
Quirino,Quirino,Aglipay,San Manuel,PH0205701024,PH0205701,PH02057,1,100000.00,1.00,100000.00,2022,Gulayan sa Barangay,Food Gardens,High Value Crop Development Program,Gulayan sa Barangay,0,0.00,0,0.00,0,0.00,0,0.00,1,100000.00,0,0.00,0,0.00,0,0,0,0,0,0,0,0,0,1,0,0,0,0,0,0,0,0,0,0,0,0,0,0,0,0,0,0,0,0
Quirino,Quirino,Aglipay,San Ramon,PH0205701014,PH0205701,PH02057,3,16914600.00,1.82,5638200.00,2016,Farm-to-Market Road,Farm-to-Market Roads,Farm to Market Road Development Program,Farm-to-Market Road,3,16914600.00,0,0.00,0,0.00,0,0.00,0,0.00,0,0.00,0,0.00,0,0,0,0,0,3,0,0,0,0,0,0,0,0,0,0,0,0,0,0,0,0,0,0,0,0,0,0,0,0
Quirino,Quirino,Aglipay,Villa Santiago,PH0205701017,PH0205701,PH02057,1,0.00,0.50,0.00,2018,Farm-to-Market Road,Farm-to-Market Roads,Farm to Market Road Development Program,Farm-to-Market Road,1,0.00,0,0.00,0,0.00,0,0.00,0,0.00,0,0.00,0,0.00,0,0,0,0,0,1,0,0,0,0,0,0,0,0,0,0,0,0,0,0,0,0,0,0,0,0,0,0,0,0
Quirino,Quirino,Cabarroguis (Capital),Banuar,PH0205702001,PH0205702,PH02057,1,4999956.23,0.44,4999956.23,2019,Farm-to-Market Road,Farm-to-Market Roads,Farm to Market Road Development Program,Farm-to-Market Road,1,4999956.23,0,0.00,0,0.00,0,0.00,0,0.00,0,0.00,0,0.00,0,0,0,0,0,1,0,0,0,0,0,0,0,0,0,0,0,0,0,0,0,0,0,0,0,0,0,0,0,0
Quirino,Quirino,Cabarroguis (Capital),Burgos,PH0205702002,PH0205702,PH02057,1,4970609.05,0.33,4970609.05,2024,Farm-to-Market Road,Farm-to-Market Roads,Farm to Market Road Development Program,Farm-to-Market Road,1,4970609.05,0,0.00,0,0.00,0,0.00,0,0.00,0,0.00,0,0.00,0,0,0,0,0,1,0,0,0,0,0,0,0,0,0,0,0,0,0,0,0,0,0,0,0,0,0,0,0,0
Quirino,Quirino,Cabarroguis (Capital),Calaocan,PH0205702003,PH0205702,PH02057,1,9647685.69,1.00,9647685.69,2023,Farm-to-Market Road,Farm-to-Market Roads,Farm to Market Road Development Program,Farm-to-Market Road,1,9647685.69,0,0.00,0,0.00,0,0.00,0,0.00,0,0.00,0,0.00,0,0,0,0,0,1,0,0,0,0,0,0,0,0,0,0,0,0,0,0,0,0,0,0,0,0,0,0,0,0
Quirino,Quirino,Cabarroguis (Capital),Del Pilar,PH0205702004,PH0205702,PH02057,1,0.00,0.60,0.00,2018,Farm-to-Market Road,Farm-to-Market Roads,Farm to Market Road Development Program,Farm-to-Market Road,1,0.00,0,0.00,0,0.00,0,0.00,0,0.00,0,0.00,0,0.00,0,0,0,0,0,1,0,0,0,0,0,0,0,0,0,0,0,0,0,0,0,0,0,0,0,0,0,0,0,0
Quirino,Quirino,Cabarroguis (Capital),Dibibi,PH0205702005,PH0205702,PH02057,5,42392885.22,5.58,8478577.04,2022,Farm-to-Market Road,Farm-to-Market Roads,Farm to Market Road Development Program | High Value Crop Development Program,Coffee Processing Center | Farm-to-Market Road,4,41397330.22,0,0.00,1,995555.00,0,0.00,0,0.00,0,0.00,0,0.00,0,0,1,0,0,4,0,0,0,0,0,0,0,0,0,0,0,0,0,0,0,0,0,0,0,0,0,0,0,0
Quirino,Quirino,Cabarroguis (Capital),Dingasan,PH0205702014,PH0205702,PH02057,1,10000.00,1.00,10000.00,2022,School Garden,Food Gardens,High Value Crop Development Program,School Garden,0,0.00,0,0.00,0,0.00,0,0.00,1,10000.00,0,0.00,0,0.00,0,0,0,0,0,0,0,0,0,0,0,0,0,0,0,0,0,0,0,0,0,1,0,0,0,0,0,0,0,0
Quirino,Quirino,Cabarroguis (Capital),Eden,PH0205702006,PH0205702,PH02057,1,673656.17,1.00,673656.17,2024,Multi Crop Drying Pavement (MCDP),Postharvest and Processing,Corn Program,Multi Crop Drying Pavement (MCDP),0,0.00,0,0.00,1,673656.17,0,0.00,0,0.00,0,0.00,0,0.00,0,0,0,0,0,0,0,0,0,0,0,0,1,0,0,0,0,0,0,0,0,0,0,0,0,0,0,0,0,0
Quirino,Quirino,Cabarroguis (Capital),Gomez,PH0205702016,PH0205702,PH02057,1,4921057.31,1.00,4921057.31,2023,Farm-to-Market Road,Farm-to-Market Roads,Farm to Market Road Development Program,Farm-to-Market Road,1,4921057.31,0,0.00,0,0.00,0,0.00,0,0.00,0,0.00,0,0.00,0,0,0,0,0,1,0,0,0,0,0,0,0,0,0,0,0,0,0,0,0,0,0,0,0,0,0,0,0,0
Quirino,Quirino,Cabarroguis (Capital),Gundaway (Pob.),PH0205702007,PH0205702,PH02057,3,12449737.76,2.00,4149912.59,2017,Farm-to-Market Road,Farm-to-Market Roads,Farm to Market Road Development Program | Rice Program,Farm-to-Market Road | Small Water Impounding Project,2,9949800.00,1,2499937.76,0,0.00,0,0.00,0,0.00,0,0.00,0,0.00,0,0,0,0,0,2,0,0,0,0,0,0,0,0,0,0,0,0,0,0,0,0,1,0,0,0,0,0,0,0
Quirino,Quirino,Cabarroguis (Capital),Mangandingay (Pob.),PH0205702008,PH0205702,PH02057,3,21910795.28,2.29,7303598.43,2023,Farm-to-Market Road,Farm-to-Market Roads,Farm to Market Road Development Program,Farm-to-Market Road,3,21910795.28,0,0.00,0,0.00,0,0.00,0,0.00,0,0.00,0,0.00,0,0,0,0,0,3,0,0,0,0,0,0,0,0,0,0,0,0,0,0,0,0,0,0,0,0,0,0,0,0
Quirino,Quirino,Cabarroguis (Capital),San Marcos,PH0205702009,PH0205702,PH02057,3,1847843.72,3.00,615947.91,2022,School Garden,Food Gardens,High Value Crop Development Program | National Organic Agriculture Program,Coffee Processing Center | School Garden | Solar-Powered Irrigation System,0,0.00,1,841955.72,1,995888.00,0,0.00,1,10000.00,0,0.00,0,0.00,0,0,1,0,0,0,0,0,0,0,0,0,0,0,0,0,0,0,0,0,0,1,0,0,1,0,0,0,0,0
Quirino,Quirino,Cabarroguis (Capital),Santo Domingo,PH0205702017,PH0205702,PH02057,3,3048266.57,2.17,1016088.86,2022,Farm-to-Market Road,Farm-to-Market Roads,Farm to Market Road Development Program | High Value Crop Development Program | National Organic Agriculture Program,Farm-to-Market Road | Gulayan sa Barangay | Solar-Powered Irrigation System,1,1989850.00,1,958416.57,0,0.00,0,0.00,1,100000.00,0,0.00,0,0.00,0,0,0,0,0,1,0,0,0,1,0,0,0,0,0,0,0,0,0,0,0,0,0,0,1,0,0,0,0,0
Quirino,Quirino,Cabarroguis (Capital),Santo Domingo;Mangandingay (Pob.),,PH0205702,PH02057,1,9947356.01,1.00,9947356.01,2022,Farm-to-Market Road,Farm-to-Market Roads,Farm to Market Road Development Program,Farm-to-Market Road,1,9947356.01,0,0.00,0,0.00,0,0.00,0,0.00,0,0.00,0,0.00,0,0,0,0,0,1,0,0,0,0,0,0,0,0,0,0,0,0,0,0,0,0,0,0,0,0,0,0,0,0
Quirino,Quirino,Cabarroguis (Capital),Tucod,PH0205702015,PH0205702,PH02057,1,0.00,1.17,0.00,2021,Farm-to-Market Road,Farm-to-Market Roads,Farm to Market Road Development Program,Farm-to-Market Road,1,0.00,0,0.00,0,0.00,0,0.00,0,0.00,0,0.00,0,0.00,0,0,0,0,0,1,0,0,0,0,0,0,0,0,0,0,0,0,0,0,0,0,0,0,0,0,0,0,0,0
Quirino,Quirino,Cabarroguis (Capital),Villa Peña,,PH0205702,PH02057,1,1990000.00,0.24,1990000.00,2016,Farm-to-Market Road,Farm-to-Market Roads,Farm to Market Road Development Program,Farm-to-Market Road,1,1990000.00,0,0.00,0,0.00,0,0.00,0,0.00,0,0.00,0,0.00,0,0,0,0,0,1,0,0,0,0,0,0,0,0,0,0,0,0,0,0,0,0,0,0,0,0,0,0,0,0
Quirino,Quirino,Cabarroguis (Capital),Villamor,PH0205702010,PH0205702,PH02057,1,12271148.13,1.15,12271148.13,2020,Farm-to-Market Road,Farm-to-Market Roads,Farm to Market Road Development Program,Farm-to-Market Road,1,12271148.13,0,0.00,0,0.00,0,0.00,0,0.00,0,0.00,0,0.00,0,0,0,0,0,1,0,0,0,0,0,0,0,0,0,0,0,0,0,0,0,0,0,0,0,0,0,0,0,0
Quirino,Quirino,Cabarroguis (Capital),Villarose,PH0205702012,PH0205702,PH02057,1,4975000.00,0.40,4975000.00,2016,Farm-to-Market Road,Farm-to-Market Roads,Farm to Market Road Development Program,Farm-to-Market Road,1,4975000.00,0,0.00,0,0.00,0,0.00,0,0.00,0,0.00,0,0.00,0,0,0,0,0,1,0,0,0,0,0,0,0,0,0,0,0,0,0,0,0,0,0,0,0,0,0,0,0,0
Quirino,Quirino,Cabarroguis (Capital),Zamora,PH0205702011,PH0205702,PH02057,3,11947970.64,2.44,3982656.88,2022,Farm-to-Market Road,Farm-to-Market Roads,Farm to Market Road Development Program | High Value Crop Development Program,Farm-to-Market Road | School Garden,2,11937970.64,0,0.00,0,0.00,0,0.00,1,10000.00,0,0.00,0,0.00,0,0,0,0,0,2,0,0,0,0,0,0,0,0,0,0,0,0,0,0,0,1,0,0,0,0,0,0,0,0
Quirino,Quirino,Diffun,,,PH0205703,PH02057,2,0.00,0.80,0.00,2018,Farm-to-Market Road,Farm-to-Market Roads,Farm to Market Road Development Program,Farm-to-Market Road,2,0.00,0,0.00,0,0.00,0,0.00,0,0.00,0,0.00,0,0.00,0,0,0,0,0,2,0,0,0,0,0,0,0,0,0,0,0,0,0,0,0,0,0,0,0,0,0,0,0,0
Quirino,Quirino,Diffun,Aklan Village,PH0205703031,PH0205703,PH02057,1,1990000.00,0.17,1990000.00,2016,Farm-to-Market Road,Farm-to-Market Roads,Farm to Market Road Development Program,Farm-to-Market Road,1,1990000.00,0,0.00,0,0.00,0,0.00,0,0.00,0,0.00,0,0.00,0,0,0,0,0,1,0,0,0,0,0,0,0,0,0,0,0,0,0,0,0,0,0,0,0,0,0,0,0,0
Quirino,Quirino,Diffun,Andres Bonifacio (Pob.),PH0205703001,PH0205703,PH02057,6,5122167.26,6.00,853694.54,2022,School Garden,Postharvest and Processing,Corn Program | High Value Crop Development Program | National Organic Agriculture Program,Coffee Processing Center | Greenhouse | Multi-Purpose Drying Pavement | School Garden | Solar-Powered Irrigation System | Vermi-Composting Facilities,0,0.00,1,596000.00,2,3944956.31,2,571210.95,1,10000.00,0,0.00,0,0.00,0,0,1,0,0,0,0,0,1,0,0,0,0,1,0,0,0,0,0,0,0,1,0,0,1,0,0,1,0,0
Quirino,Quirino,Diffun,Aurora East (Pob.),PH0205703002,PH0205703,PH02057,2,20000.00,2.00,10000.00,2022,School Garden,Food Gardens,High Value Crop Development Program,School Garden,0,0.00,0,0.00,0,0.00,0,0.00,2,20000.00,0,0.00,0,0.00,0,0,0,0,0,0,0,0,0,0,0,0,0,0,0,0,0,0,0,0,0,2,0,0,0,0,0,0,0,0
Quirino,Quirino,Diffun,Aurora West (Pob.),PH0205703003,PH0205703,PH02057,2,10000.00,1.50,5000.00,2022,Farm-to-Market Road,Farm-to-Market Roads,Farm to Market Road Development Program | High Value Crop Development Program,Farm-to-Market Road | School Garden,1,0.00,0,0.00,0,0.00,0,0.00,1,10000.00,0,0.00,0,0.00,0,0,0,0,0,1,0,0,0,0,0,0,0,0,0,0,0,0,0,0,0,1,0,0,0,0,0,0,0,0
Quirino,Quirino,Diffun,Balagbag,PH0205703005,PH0205703,PH02057,3,24219288.68,2.93,8073096.23,2024,Farm-to-Market Road,Farm-to-Market Roads,Farm to Market Road Development Program | High Value Crop Development Program,Farm-to-Market Road | Gulayan sa Barangay,2,24119288.68,0,0.00,0,0.00,0,0.00,1,100000.00,0,0.00,0,0.00,0,0,0,0,0,2,0,0,0,1,0,0,0,0,0,0,0,0,0,0,0,0,0,0,0,0,0,0,0,0
Quirino,Quirino,Diffun,Cajel,PH0205703007,PH0205703,PH02057,1,761829.04,1.00,761829.04,2024,Multi Crop Drying Pavement (MCDP),Postharvest and Processing,Corn Program,Multi Crop Drying Pavement (MCDP),0,0.00,0,0.00,1,761829.04,0,0.00,0,0.00,0,0.00,0,0.00,0,0,0,0,0,0,0,0,0,0,0,0,1,0,0,0,0,0,0,0,0,0,0,0,0,0,0,0,0,0
Quirino,Quirino,Diffun,Campamento,PH0205703008,PH0205703,PH02057,1,1989956.38,3.60,1989956.38,2017,Farm-to-Market Road,Farm-to-Market Roads,Farm to Market Road Development Program,Farm-to-Market Road,1,1989956.38,0,0.00,0,0.00,0,0.00,0,0.00,0,0.00,0,0.00,0,0,0,0,0,1,0,0,0,0,0,0,0,0,0,0,0,0,0,0,0,0,0,0,0,0,0,0,0,0
Quirino,Quirino,Diffun,"Don Mariano Perez, Sr.",PH0205703010,PH0205703,PH02057,2,3979300.00,0.60,1989650.00,2015,Farm-to-Market Road,Farm-to-Market Roads,Farm to Market Road Development Program,Farm-to-Market Road,2,3979300.00,0,0.00,0,0.00,0,0.00,0,0.00,0,0.00,0,0.00,0,0,0,0,0,2,0,0,0,0,0,0,0,0,0,0,0,0,0,0,0,0,0,0,0,0,0,0,0,0
Quirino,Quirino,Diffun,Dumanisi,PH0205703012,PH0205703,PH02057,2,5734366.28,1.33,2867183.14,2024,Multi Crop Drying Pavement (MCDP),Postharvest and Processing,Corn Program | Farm to Market Road Development Program,Farm-to-Market Road | Multi Crop Drying Pavement (MCDP),1,4972537.24,0,0.00,1,761829.04,0,0.00,0,0.00,0,0.00,0,0.00,0,0,0,0,0,1,0,0,0,0,0,0,1,0,0,0,0,0,0,0,0,0,0,0,0,0,0,0,0,0
Quirino,Quirino,Diffun,Gulac,PH0205703014,PH0205703,PH02057,2,6959580.03,0.63,3479790.02,2024,Farm-to-Market Road,Farm-to-Market Roads,Farm to Market Road Development Program,Farm-to-Market Road,2,6959580.03,0,0.00,0,0.00,0,0.00,0,0.00,0,0.00,0,0.00,0,0,0,0,0,2,0,0,0,0,0,0,0,0,0,0,0,0,0,0,0,0,0,0,0,0,0,0,0,0
Quirino,Quirino,Diffun,Ifugao Village,PH0205703016,PH0205703,PH02057,2,4996392.34,0.83,2498196.17,2019,Farm-to-Market Road,Farm-to-Market Roads,Farm to Market Road Development Program,Farm-to-Market Road,2,4996392.34,0,0.00,0,0.00,0,0.00,0,0.00,0,0.00,0,0.00,0,0,0,0,0,2,0,0,0,0,0,0,0,0,0,0,0,0,0,0,0,0,0,0,0,0,0,0,0,0
Quirino,Quirino,Diffun,Luttuad,PH0205703020,PH0205703,PH02057,1,297073.32,1.00,297073.32,2016,Mushroom Fruiting House,Protected Cultivation and Nurseries,National Organic Agriculture Program,Mushroom Fruiting House,0,0.00,0,0.00,0,0.00,1,297073.32,0,0.00,0,0.00,0,0.00,0,0,0,0,0,0,0,0,0,0,0,0,0,0,1,0,0,0,0,0,0,0,0,0,0,0,0,0,0,0
Quirino,Quirino,Diffun,Magsaysay,PH0205703021,PH0205703,PH02057,1,10000.00,1.00,10000.00,2022,School Garden,Food Gardens,High Value Crop Development Program,School Garden,0,0.00,0,0.00,0,0.00,0,0.00,1,10000.00,0,0.00,0,0.00,0,0,0,0,0,0,0,0,0,0,0,0,0,0,0,0,0,0,0,0,0,1,0,0,0,0,0,0,0,0
Quirino,Quirino,Diffun,Makate,PH0205703022,PH0205703,PH02057,1,0.00,0.50,0.00,2018,Farm-to-Market Road,Farm-to-Market Roads,Farm to Market Road Development Program,Farm-to-Market Road,1,0.00,0,0.00,0,0.00,0,0.00,0,0.00,0,0.00,0,0.00,0,0,0,0,0,1,0,0,0,0,0,0,0,0,0,0,0,0,0,0,0,0,0,0,0,0,0,0,0,0
Quirino,Quirino,Diffun,Ricarte Norte,PH0205703025,PH0205703,PH02057,1,10000.00,1.00,10000.00,2022,School Garden,Food Gardens,High Value Crop Development Program,School Garden,0,0.00,0,0.00,0,0.00,0,0.00,1,10000.00,0,0.00,0,0.00,0,0,0,0,0,0,0,0,0,0,0,0,0,0,0,0,0,0,0,0,0,1,0,0,0,0,0,0,0,0
Quirino,Quirino,Diffun,Ricarte Sur,PH0205703026,PH0205703,PH02057,2,2676045.57,1.24,1338022.78,2023,Farm-to-Market Road,Farm-to-Market Roads,Farm to Market Road Development Program | High Value Crop Development Program,Farm-to-Market Road | Solar-Powered Irrigation System,1,1990000.00,1,686045.57,0,0.00,0,0.00,0,0.00,0,0.00,0,0.00,0,0,0,0,0,1,0,0,0,0,0,0,0,0,0,0,0,0,0,0,0,0,0,0,1,0,0,0,0,0
Quirino,Quirino,Diffun,Rizal (Pob.),PH0205703018,PH0205703,PH02057,3,19685402.11,1.84,6561800.70,2020,Farm-to-Market Road,Farm-to-Market Roads,Farm to Market Road Development Program,Farm-to-Market Road,3,19685402.11,0,0.00,0,0.00,0,0.00,0,0.00,0,0.00,0,0.00,0,0,0,0,0,3,0,0,0,0,0,0,0,0,0,0,0,0,0,0,0,0,0,0,0,0,0,0,0,0
Quirino,Quirino,Diffun,Rizal (Pob.);Villa Pascua,,PH0205703,PH02057,1,0.00,1.00,0.00,2021,Farm-to-Market Road,Farm-to-Market Roads,Farm to Market Road Development Program,Farm-to-Market Road,1,0.00,0,0.00,0,0.00,0,0.00,0,0.00,0,0.00,0,0.00,0,0,0,0,0,1,0,0,0,0,0,0,0,0,0,0,0,0,0,0,0,0,0,0,0,0,0,0,0,0
Quirino,Quirino,Diffun,San Isidro,PH0205703028,PH0205703,PH02057,2,23874534.43,1.89,11937267.21,2023,Farm-to-Market Road,Farm-to-Market Roads,Farm to Market Road Development Program,Farm-to-Market Road,2,23874534.43,0,0.00,0,0.00,0,0.00,0,0.00,0,0.00,0,0.00,0,0,0,0,0,2,0,0,0,0,0,0,0,0,0,0,0,0,0,0,0,0,0,0,0,0,0,0,0,0
Quirino,Quirino,Diffun,San Pascual,PH0205703029,PH0205703,PH02057,3,18902823.63,2.06,6300941.21,2022,Farm-to-Market Road,Farm-to-Market Roads,Farm to Market Road Development Program,Farm-to-Market Road,3,18902823.63,0,0.00,0,0.00,0,0.00,0,0.00,0,0.00,0,0.00,0,0,0,0,0,3,0,0,0,0,0,0,0,0,0,0,0,0,0,0,0,0,0,0,0,0,0,0,0,0
Quirino,Quirino,Maddela,,,PH0205704,PH02057,2,0.00,1.30,0.00,2018,Farm-to-Market Road,Farm-to-Market Roads,Farm to Market Road Development Program,Farm-to-Market Road,2,0.00,0,0.00,0,0.00,0,0.00,0,0.00,0,0.00,0,0.00,0,0,0,0,0,2,0,0,0,0,0,0,0,0,0,0,0,0,0,0,0,0,0,0,0,0,0,0,0,0
Quirino,Quirino,Maddela,Abbag,PH0205704001,PH0205704,PH02057,2,10000.00,1.70,5000.00,2022,School Garden,Food Gardens,Farm to Market Road Development Program | High Value Crop Development Program,Farm-to-Market Road | School Garden,1,0.00,0,0.00,0,0.00,0,0.00,1,10000.00,0,0.00,0,0.00,0,0,0,0,0,1,0,0,0,0,0,0,0,0,0,0,0,0,0,0,0,1,0,0,0,0,0,0,0,0
Quirino,Quirino,Maddela,Balligui,PH0205704003,PH0205704,PH02057,3,12526657.21,2.23,4175552.40,2022,Farm-to-Market Road,Farm-to-Market Roads,Farm to Market Road Development Program | High Value Crop Development Program | Rice Program,Farm-to-Market Road | School Garden | Small Water Impounding Project,1,1990000.00,1,10526657.21,0,0.00,0,0.00,1,10000.00,0,0.00,0,0.00,0,0,0,0,0,1,0,0,0,0,0,0,0,0,0,0,0,0,0,0,0,1,1,0,0,0,0,0,0,0
Quirino,Quirino,Maddela,Buenavista,PH0205704005,PH0205704,PH02057,1,0.00,0.70,0.00,2018,Farm-to-Market Road,Farm-to-Market Roads,Farm to Market Road Development Program,Farm-to-Market Road,1,0.00,0,0.00,0,0.00,0,0.00,0,0.00,0,0.00,0,0.00,0,0,0,0,0,1,0,0,0,0,0,0,0,0,0,0,0,0,0,0,0,0,0,0,0,0,0,0,0,0
Quirino,Quirino,Maddela,Cofcaville,PH0205704008,PH0205704,PH02057,2,10927213.89,1.50,5463606.95,2018,Small Water Impounding Project,Irrigation and Water Systems,Farm to Market Road Development Program | Rice Program,Farm-to-Market Road | Small Water Impounding Project,1,0.00,1,10927213.89,0,0.00,0,0.00,0,0.00,0,0.00,0,0.00,0,0,0,0,0,1,0,0,0,0,0,0,0,0,0,0,0,0,0,0,0,0,1,0,0,0,0,0,0,0
Quirino,Quirino,Maddela,Diduyon,PH0205704009,PH0205704,PH02057,1,1197994.25,1.00,1197994.25,2024,Mobile Solar Power Irrigation Unit,Irrigation and Water Systems,Corn Program,Mobile Solar Power Irrigation Unit,0,0.00,1,1197994.25,0,0.00,0,0.00,0,0.00,0,0.00,0,0.00,0,0,0,0,0,0,0,0,0,0,1,0,0,0,0,0,0,0,0,0,0,0,0,0,0,0,0,0,0,0
Quirino,Quirino,Maddela,Dipintin,PH0205704010,PH0205704,PH02057,6,5029161.47,5.50,838193.58,2022,Vermi-Composting Facilities,Protected Cultivation and Nurseries,Farm to Market Road Development Program | High Value Crop Development Program | National Organic Agriculture Program | Rice Program,Farm-to-Market Road | Greenhouse | School Garden | Small Water Impounding Project | Vermi-Composting Facilities,1,2000000.00,1,2161967.85,0,0.00,3,857193.62,1,10000.00,0,0.00,0,0.00,0,0,0,0,0,1,0,0,1,0,0,0,0,0,0,0,0,0,0,0,0,1,1,0,0,0,0,2,0,0
Quirino,Quirino,Maddela,Divisoria Sur (Bisangal),PH0205704004,PH0205704,PH02057,3,5698058.75,2.20,1899352.92,2018,Farm-to-Market Road,Farm-to-Market Roads,Farm to Market Road Development Program | Rice Program,Farm-to-Market Road | Small Water Impounding Project,2,2000000.00,1,3698058.75,0,0.00,0,0.00,0,0.00,0,0.00,0,0.00,0,0,0,0,0,2,0,0,0,0,0,0,0,0,0,0,0,0,0,0,0,0,1,0,0,0,0,0,0,0
Quirino,Quirino,Maddela,Dumabato Norte,PH0205704012,PH0205704,PH02057,5,23367738.43,3.96,4673547.69,2024,Farm-to-Market Road,Farm-to-Market Roads,Farm to Market Road Development Program | Rice Program,Farm-to-Market Road | Small Water Impounding Project,4,21441763.85,1,1925974.58,0,0.00,0,0.00,0,0.00,0,0.00,0,0.00,0,0,0,0,0,4,0,0,0,0,0,0,0,0,0,0,0,0,0,0,0,0,1,0,0,0,0,0,0,0
Quirino,Quirino,Maddela,Dumabato Sur,PH0205704013,PH0205704,PH02057,2,3979631.29,0.90,1989815.65,2017,Farm-to-Market Road,Farm-to-Market Roads,Farm to Market Road Development Program,Farm-to-Market Road,2,3979631.29,0,0.00,0,0.00,0,0.00,0,0.00,0,0.00,0,0.00,0,0,0,0,0,2,0,0,0,0,0,0,0,0,0,0,0,0,0,0,0,0,0,0,0,0,0,0,0,0
Quirino,Quirino,Maddela,Lusod,PH0205704014,PH0205704,PH02057,3,10049900.00,2.16,3349966.67,2022,Farm-to-Market Road,Farm-to-Market Roads,Farm to Market Road Development Program | High Value Crop Development Program,Farm-to-Market Road | Gulayan sa Barangay,2,9949900.00,0,0.00,0,0.00,0,0.00,1,100000.00,0,0.00,0,0.00,0,0,0,0,0,2,0,0,0,1,0,0,0,0,0,0,0,0,0,0,0,0,0,0,0,0,0,0,0,0
Quirino,Quirino,Maddela,Pedlisan,PH0205704016,PH0205704,PH02057,1,0.00,0.10,0.00,2018,Farm-to-Market Road,Farm-to-Market Roads,Farm to Market Road Development Program,Farm-to-Market Road,1,0.00,0,0.00,0,0.00,0,0.00,0,0.00,0,0.00,0,0.00,0,0,0,0,0,1,0,0,0,0,0,0,0,0,0,0,0,0,0,0,0,0,0,0,0,0,0,0,0,0
Quirino,Quirino,Maddela,Poblacion Norte,PH0205704017,PH0205704,PH02057,3,177753646.75,3.00,59251215.58,2022,School Garden,Food Gardens,Corn Program | High Value Crop Development Program,Multi-Purpose Drying Pavement | School Garden,0,0.00,0,0.00,1,177733646.75,0,0.00,2,20000.00,0,0.00,0,0.00,0,0,0,0,0,0,0,0,0,0,0,0,0,1,0,0,0,0,0,0,0,2,0,0,0,0,0,0,0,0
Quirino,Quirino,Maddela,Poblacion Sur,PH0205704036,PH0205704,PH02057,1,10000.00,1.00,10000.00,2022,School Garden,Food Gardens,High Value Crop Development Program,School Garden,0,0.00,0,0.00,0,0.00,0,0.00,1,10000.00,0,0.00,0,0.00,0,0,0,0,0,0,0,0,0,0,0,0,0,0,0,0,0,0,0,0,0,1,0,0,0,0,0,0,0,0
Quirino,Quirino,Maddela,San Bernabe,PH0205704019,PH0205704,PH02057,3,12374980.80,2.33,4124993.60,2024,Farm-to-Market Road,Farm-to-Market Roads,Farm to Market Road Development Program | National Organic Agriculture Program | Rice Program,Farm-to-Market Road | Greenhouse | Small Water Impounding Project,1,4824418.56,1,7017126.24,0,0.00,1,533436.00,0,0.00,0,0.00,0,0.00,0,0,0,0,0,1,0,0,1,0,0,0,0,0,0,0,0,0,0,0,0,0,1,0,0,0,0,0,0,0
Quirino,Quirino,Maddela,San Martin,PH0205704023,PH0205704,PH02057,1,9945193.12,1.00,9945193.12,2023,Farm-to-Market Road,Farm-to-Market Roads,Farm to Market Road Development Program,Farm-to-Market Road,1,9945193.12,0,0.00,0,0.00,0,0.00,0,0.00,0,0.00,0,0.00,0,0,0,0,0,1,0,0,0,0,0,0,0,0,0,0,0,0,0,0,0,0,0,0,0,0,0,0,0,0
Quirino,Quirino,Maddela,San Salvador,PH0205704025,PH0205704,PH02057,3,41168148.53,3.86,13722716.18,2022,Farm-to-Market Road,Farm-to-Market Roads,Farm to Market Road Development Program | Rice Program,Farm-to-Market Road | Small Water Impounding Project,2,29447991.86,1,11720156.67,0,0.00,0,0.00,0,0.00,0,0.00,0,0.00,0,0,0,0,0,2,0,0,0,0,0,0,0,0,0,0,0,0,0,0,0,0,1,0,0,0,0,0,0,0
Quirino,Quirino,Maddela,Santa Maria,PH0205704039,PH0205704,PH02057,2,3927460.17,1.50,1963730.08,2017,Farm-to-Market Road,Farm-to-Market Roads,Farm to Market Road Development Program,Farm-to-Market Road,2,3927460.17,0,0.00,0,0.00,0,0.00,0,0.00,0,0.00,0,0.00,0,0,0,0,0,2,0,0,0,0,0,0,0,0,0,0,0,0,0,0,0,0,0,0,0,0,0,0,0,0
Quirino,Quirino,Maddela,Villa Gracia,PH0205704028,PH0205704,PH02057,2,17108970.43,2.07,8554485.21,2023,Farm-to-Market Road,Farm-to-Market Roads,Farm to Market Road Development Program,Farm-to-Market Road,2,17108970.43,0,0.00,0,0.00,0,0.00,0,0.00,0,0.00,0,0.00,0,0,0,0,0,2,0,0,0,0,0,0,0,0,0,0,0,0,0,0,0,0,0,0,0,0,0,0,0,0
Quirino,Quirino,Maddela,Villa Hermosa Norte,PH0205704030,PH0205704,PH02057,1,1989970.00,0.25,1989970.00,2017,Farm-to-Market Road,Farm-to-Market Roads,Farm to Market Road Development Program,Farm-to-Market Road,1,1989970.00,0,0.00,0,0.00,0,0.00,0,0.00,0,0.00,0,0.00,0,0,0,0,0,1,0,0,0,0,0,0,0,0,0,0,0,0,0,0,0,0,0,0,0,0,0,0,0,0
Quirino,Quirino,Maddela,Villa Hermosa Sur,PH0205704029,PH0205704,PH02057,1,454879.26,1.00,454879.26,2024,Palay Shed,Postharvest and Processing,Rice Program,Palay Shed,0,0.00,0,0.00,1,454879.26,0,0.00,0,0.00,0,0.00,0,0.00,0,0,0,0,0,0,0,0,0,0,0,0,0,0,0,0,0,1,0,0,0,0,0,0,0,0,0,0,0,0
Quirino,Quirino,Maddela,Villa Jose V Ylanan,PH0205704037,PH0205704,PH02057,1,19990000.00,0.70,19990000.00,2014,Farm-to-Market Road,Farm-to-Market Roads,Farm to Market Road Development Program,Farm-to-Market Road,1,19990000.00,0,0.00,0,0.00,0,0.00,0,0.00,0,0.00,0,0.00,0,0,0,0,0,1,0,0,0,0,0,0,0,0,0,0,0,0,0,0,0,0,0,0,0,0,0,0,0,0
Quirino,Quirino,Nagtipunan,Anak,PH0205706001,PH0205706,PH02057,3,2497456.20,2.50,832485.40,2022,Farm-to-Market Road,Farm-to-Market Roads,Farm to Market Road Development Program | High Value Crop Development Program,Farm-to-Market Road | School Garden,2,2487456.20,0,0.00,0,0.00,0,0.00,1,10000.00,0,0.00,0,0.00,0,0,0,0,0,2,0,0,0,0,0,0,0,0,0,0,0,0,0,0,0,1,0,0,0,0,0,0,0,0
Quirino,Quirino,Nagtipunan,Asaklat,PH0205706016,PH0205706,PH02057,3,5636057.00,2.50,1878685.67,2023,Farm-to-Market Road,Farm-to-Market Roads,Farm to Market Road Development Program | High Value Crop Development Program,Farm-to-Market Road | School Garden | Spring Development,1,4975000.00,1,651057.00,0,0.00,0,0.00,1,10000.00,0,0.00,0,0.00,0,0,0,0,0,1,0,0,0,0,0,0,0,0,0,0,0,0,0,0,0,1,0,0,0,1,0,0,0,0
Quirino,Quirino,Nagtipunan,Dipantan,PH0205706002,PH0205706,PH02057,1,1989886.49,0.80,1989886.49,2017,Farm-to-Market Road,Farm-to-Market Roads,Farm to Market Road Development Program,Farm-to-Market Road,1,1989886.49,0,0.00,0,0.00,0,0.00,0,0.00,0,0.00,0,0.00,0,0,0,0,0,1,0,0,0,0,0,0,0,0,0,0,0,0,0,0,0,0,0,0,0,0,0,0,0,0
Quirino,Quirino,Nagtipunan,Dissimungal,PH0205706003,PH0205706,PH02057,1,10000.00,1.00,10000.00,2022,School Garden,Food Gardens,High Value Crop Development Program,School Garden,0,0.00,0,0.00,0,0.00,0,0.00,1,10000.00,0,0.00,0,0.00,0,0,0,0,0,0,0,0,0,0,0,0,0,0,0,0,0,0,0,0,0,1,0,0,0,0,0,0,0,0
Quirino,Quirino,Nagtipunan,Guino (Giayan),PH0205706004,PH0205706,PH02057,1,1080680.38,1.00,1080680.38,2023,Spring Development,Irrigation and Water Systems,High Value Crop Development Program,Spring Development,0,0.00,1,1080680.38,0,0.00,0,0.00,0,0.00,0,0.00,0,0.00,0,0,0,0,0,0,0,0,0,0,0,0,0,0,0,0,0,0,0,0,0,0,0,0,0,1,0,0,0,0
Quirino,Quirino,Nagtipunan,Landingan,PH0205706006,PH0205706,PH02057,2,2497492.27,2.10,1248746.14,2022,Farm-to-Market Road,Farm-to-Market Roads,Farm to Market Road Development Program | High Value Crop Development Program,Farm-to-Market Road | School Garden,1,2487492.27,0,0.00,0,0.00,0,0.00,1,10000.00,0,0.00,0,0.00,0,0,0,0,0,1,0,0,0,0,0,0,0,0,0,0,0,0,0,0,0,1,0,0,0,0,0,0,0,0
Quirino,Quirino,Nagtipunan,Mataddi,PH0205706007,PH0205706,PH02057,2,5874200.00,0.75,2937100.00,2015,Farm-to-Market Road,Farm-to-Market Roads,Farm to Market Road Development Program,Farm-to-Market Road,2,5874200.00,0,0.00,0,0.00,0,0.00,0,0.00,0,0.00,0,0.00,0,0,0,0,0,2,0,0,0,0,0,0,0,0,0,0,0,0,0,0,0,0,0,0,0,0,0,0,0,0
Quirino,Quirino,Nagtipunan,Ponggo,PH0205706010,PH0205706,PH02057,6,2016171.09,6.00,336028.51,2023,School Garden,Food Gardens,High Value Crop Development Program | National Urban and Peri-Urban Agriculture Program,Greenhouse | Mushroom Fruiting House | Rabbit Housing | School Garden | Solar-Powered Irrigation System,0,0.00,1,556411.13,0,0.00,2,1261680.29,2,20000.00,1,178079.67,0,0.00,0,0,0,0,0,0,0,0,1,0,0,0,0,0,1,0,0,0,1,0,0,2,0,0,1,0,0,0,0,0
Quirino,Quirino,Nagtipunan,San Dionisio II,PH0205706011,PH0205706,PH02057,3,10069314.65,2.58,3356438.22,2022,Farm-to-Market Road,Farm-to-Market Roads,Farm to Market Road Development Program | High Value Crop Development Program | Rice Program,Diversion Dam | Farm-to-Market Road | Gulayan sa Barangay,1,4975000.00,1,4994314.65,0,0.00,0,0.00,1,100000.00,0,0.00,0,0.00,0,0,0,0,1,1,0,0,0,1,0,0,0,0,0,0,0,0,0,0,0,0,0,0,0,0,0,0,0,0
Quirino,Quirino,Saguday,Cardenas,PH0205705008,PH0205705,PH02057,1,1989933.90,0.60,1989933.90,2017,Farm-to-Market Road,Farm-to-Market Roads,Farm to Market Road Development Program,Farm-to-Market Road,1,1989933.90,0,0.00,0,0.00,0,0.00,0,0.00,0,0.00,0,0.00,0,0,0,0,0,1,0,0,0,0,0,0,0,0,0,0,0,0,0,0,0,0,0,0,0,0,0,0,0,0
Quirino,Quirino,Saguday,Gamis,PH0205705009,PH0205705,PH02057,1,9878827.70,1.00,9878827.70,2015,Small Water Impounding Project,Irrigation and Water Systems,Rice Program,Small Water Impounding Project,0,0.00,1,9878827.70,0,0.00,0,0.00,0,0.00,0,0.00,0,0.00,0,0,0,0,0,0,0,0,0,0,0,0,0,0,0,0,0,0,0,0,0,0,1,0,0,0,0,0,0,0
Quirino,Quirino,Saguday,La Paz,PH0205705002,PH0205705,PH02057,4,13717530.43,2.22,3429382.61,2023,Farm-to-Market Road,Farm-to-Market Roads,Farm to Market Road Development Program,Farm-to-Market Road,4,13717530.43,0,0.00,0,0.00,0,0.00,0,0.00,0,0.00,0,0.00,0,0,0,0,0,4,0,0,0,0,0,0,0,0,0,0,0,0,0,0,0,0,0,0,0,0,0,0,0,0
Quirino,Quirino,Saguday,Magsaysay (Pob.),PH0205705003,PH0205705,PH02057,2,2000000.00,1.28,1000000.00,2022,Farm-to-Market Road,Farm-to-Market Roads,Farm to Market Road Development Program | High Value Crop Development Program,Farm-to-Market Road | School Garden,1,1990000.00,0,0.00,0,0.00,0,0.00,1,10000.00,0,0.00,0,0.00,0,0,0,0,0,1,0,0,0,0,0,0,0,0,0,0,0,0,0,0,0,1,0,0,0,0,0,0,0,0
Quirino,Quirino,Saguday,Rizal (Pob.),PH0205705004,PH0205705,PH02057,1,10000.00,1.00,10000.00,2022,School Garden,Food Gardens,High Value Crop Development Program,School Garden,0,0.00,0,0.00,0,0.00,0,0.00,1,10000.00,0,0.00,0,0.00,0,0,0,0,0,0,0,0,0,0,0,0,0,0,0,0,0,0,0,0,0,1,0,0,0,0,0,0,0,0
Quirino,Quirino,Saguday,Santo Tomas,PH0205705006,PH0205705,PH02057,2,6815410.83,0.63,3407705.42,2024,Farm-to-Market Road,Farm-to-Market Roads,Farm to Market Road Development Program,Farm-to-Market Road,2,6815410.83,0,0.00,0,0.00,0,0.00,0,0.00,0,0.00,0,0.00,0,0,0,0,0,2,0,0,0,0,0,0,0,0,0,0,0,0,0,0,0,0,0,0,0,0,0,0,0,0
