province,municipality,barangay,asf_lab_records,asf_sample_total,asf_positive_total,asf_negative_total,asf_positive_rate_pct,asf_tested_barangays,asf_affected_barangays,asf_first_report_date,asf_latest_report_date,asf_status,asf_risk_score,asf_source_note,asf_whole_blood_samples,asf_whole_blood_positive,asf_whole_blood_negative,asf_organ_samples,asf_organ_positive,asf_organ_negative,asf_environmental_swab_samples,asf_environmental_swab_positive,asf_environmental_swab_negative,asf_fecal_swab_samples,asf_fecal_swab_positive,asf_fecal_swab_negative,asf_meat_products_samples,asf_meat_products_positive,asf_meat_products_negative
Batanes,Basco,Kayvulaganan,2,12,0,12,0.00,1,0,2023-10-10,2023-10-23,At-risk,6.2,Sanitized aggregate from ASF laboratory-results Google Sheet; farmer names and farm identifiers excluded.,10,0,10,2,0,2,0,0,0,0,0,0,0,0,0
Batanes,Basco,N/A,3,31,0,31,0.00,1,0,2025-06-09,2025-06-09,At-risk,8.1,Sanitized aggregate from ASF laboratory-results Google Sheet; farmer names and farm identifiers excluded.,31,0,31,0,0,0,0,0,0,0,0,0,0,0,0
Batanes,Ivana,N/A,3,10,0,10,0.00,1,0,2024-05-21,2024-05-21,At-risk,6.0,Sanitized aggregate from ASF laboratory-results Google Sheet; farmer names and farm identifiers excluded.,10,0,10,0,0,0,0,0,0,0,0,0,0,0,0
Batanes,Mahatao,N/A,2,10,0,10,0.00,1,0,2024-05-21,2024-05-21,At-risk,6.0,Sanitized aggregate from ASF laboratory-results Google Sheet; farmer names and farm identifiers excluded.,10,0,10,0,0,0,0,0,0,0,0,0,0,0,0
Bulacan,N/A,N/A,1,6,0,6,0.00,1,0,2025-08-12,2025-08-12,At-risk,5.6,Sanitized aggregate from ASF laboratory-results Google Sheet; farmer names and farm identifiers excluded.,6,0,6,0,0,0,0,0,0,0,0,0,0,0,0
Cagayan,ABULUG,CALOG SUR,2,3,0,3,0.00,1,0,2021-02-24,2021-02-24,At-risk,5.3,Sanitized aggregate from ASF laboratory-results Google Sheet; farmer names and farm identifiers excluded.,3,0,3,0,0,0,0,0,0,0,0,0,0,0,0
Cagayan,ABULUG,CENTRO,1,2,2,0,100.00,1,1,2021-09-09,2021-09-09,Affected,40.0,Sanitized aggregate from ASF laboratory-results Google Sheet; farmer names and farm identifiers excluded.,2,2,0,0,0,0,0,0,0,0,0,0,0,0,0
Cagayan,ABULUG,DANA ILI,1,2,2,0,100.00,1,1,2021-12-16,2021-12-16,Affected,40.0,Sanitized aggregate from ASF laboratory-results Google Sheet; farmer names and farm identifiers excluded.,2,2,0,0,0,0,0,0,0,0,0,0,0,0,0
Cagayan,ABULUG,LIBERTAD,2,32,0,32,0.00,1,0,2021-05-06,2021-05-06,At-risk,8.2,Sanitized aggregate from ASF laboratory-results Google Sheet; farmer names and farm identifiers excluded.,2,0,2,0,0,0,30,0,30,0,0,0,0,0,0
Cagayan,ABULUG,N/A,1,6,0,6,0.00,1,0,2021-10-26,2021-10-26,At-risk,5.6,Sanitized aggregate from ASF laboratory-results Google Sheet; farmer names and farm identifiers excluded.,6,0,6,0,0,0,0,0,0,0,0,0,0,0,0
Cagayan,ABULUG,SAN AGUSTIN,1,1,1,0,100.00,1,1,2021-11-02,2021-11-02,Affected,38.5,Sanitized aggregate from ASF laboratory-results Google Sheet; farmer names and farm identifiers excluded.,1,1,0,0,0,0,0,0,0,0,0,0,0,0,0
Cagayan,ALCALA,CALANTAC,11,19,8,11,42.11,2,1,2020-10-12,2021-09-06,Affected,29.8,Sanitized aggregate from ASF laboratory-results Google Sheet; farmer names and farm identifiers excluded.,8,8,0,0,0,0,5,0,5,6,0,6,0,0,0
Cagayan,ALCALA,CARALLANGAN,9,13,7,6,53.85,2,1,2021-01-06,2021-09-06,Affected,31.9,Sanitized aggregate from ASF laboratory-results Google Sheet; farmer names and farm identifiers excluded.,7,7,0,0,0,0,0,0,0,6,0,6,0,0,0
Cagayan,ALCALA,DALADIG,1,5,0,5,0.00,1,0,2021-06-09,2021-06-09,At-risk,5.5,Sanitized aggregate from ASF laboratory-results Google Sheet; farmer names and farm identifiers excluded.,0,0,0,0,0,0,5,0,5,0,0,0,0,0,0
Cagayan,ALCALA,JURISDICCION,2,2,0,2,0.00,1,0,2021-09-06,2021-09-06,At-risk,5.2,Sanitized aggregate from ASF laboratory-results Google Sheet; farmer names and farm identifiers excluded.,0,0,0,0,0,0,0,0,0,2,0,2,0,0,0
Cagayan,ALCALA,LARALLANGAN,2,2,0,2,0.00,1,0,2021-08-20,2021-08-20,At-risk,5.2,Sanitized aggregate from ASF laboratory-results Google Sheet; farmer names and farm identifiers excluded.,2,0,2,0,0,0,0,0,0,0,0,0,0,0,0
Cagayan,ALCALA,MALASIN,1,8,0,8,0.00,1,0,2021-11-05,2021-11-05,At-risk,5.8,Sanitized aggregate from ASF laboratory-results Google Sheet; farmer names and farm identifiers excluded.,8,0,8,0,0,0,0,0,0,0,0,0,0,0,0
Cagayan,ALCALA,MASIM,9,9,0,9,0.00,1,0,2021-09-06,2021-09-06,At-risk,5.9,Sanitized aggregate from ASF laboratory-results Google Sheet; farmer names and farm identifiers excluded.,0,0,0,0,0,0,0,0,0,9,0,9,0,0,0
Cagayan,ALCALA,N/A,14,61,1,60,1.64,1,1,2020-11-24,2021-11-05,Affected,10.1,Sanitized aggregate from ASF laboratory-results Google Sheet; farmer names and farm identifiers excluded.,8,0,8,3,1,2,50,0,50,0,0,0,0,0,0
Cagayan,ALCALA,PAGBANGKERUAN,1,1,1,0,100.00,1,1,2021-11-02,2021-11-02,Affected,38.5,Sanitized aggregate from ASF laboratory-results Google Sheet; farmer names and farm identifiers excluded.,0,0,0,1,1,0,0,0,0,0,0,0,0,0,0
Cagayan,ALCALA,TAMBAN,1,2,0,2,0.00,1,0,2021-01-14,2021-01-14,At-risk,5.2,Sanitized aggregate from ASF laboratory-results Google Sheet; farmer names and farm identifiers excluded.,2,0,2,0,0,0,0,0,0,0,0,0,0,0,0
Cagayan,ALLACAPAN,BESSANG,1,2,2,0,100.00,1,1,2021-12-06,2021-12-06,Affected,40.0,Sanitized aggregate from ASF laboratory-results Google Sheet; farmer names and farm identifiers excluded.,2,2,0,0,0,0,0,0,0,0,0,0,0,0,0
Cagayan,ALLACAPAN,DAAN ILI,3,10,1,9,10.00,2,1,2021-07-28,2021-12-06,Affected,7.9,Sanitized aggregate from ASF laboratory-results Google Sheet; farmer names and farm identifiers excluded.,10,1,9,0,0,0,0,0,0,0,0,0,0,0,0
Cagayan,ALLACAPAN,DALAYAP,6,14,0,14,0.00,1,0,2021-06-21,2021-08-27,At-risk,6.4,Sanitized aggregate from ASF laboratory-results Google Sheet; farmer names and farm identifiers excluded.,14,0,14,0,0,0,0,0,0,0,0,0,0,0,0
Cagayan,AMULUNG,ANGUIRAY,1,1,0,1,0.00,1,0,2021-12-16,2021-12-16,At-risk,5.1,Sanitized aggregate from ASF laboratory-results Google Sheet; farmer names and farm identifiers excluded.,0,0,0,0,0,0,0,0,0,1,0,1,0,0,0
Cagayan,AMULUNG,ANGULDAY,1,2,2,0,100.00,1,1,2021-02-11,2021-02-11,Affected,40.0,Sanitized aggregate from ASF laboratory-results Google Sheet; farmer names and farm identifiers excluded.,2,2,0,0,0,0,0,0,0,0,0,0,0,0,0
Cagayan,AMULUNG,ANNABUCULAN,2,6,0,6,0.00,1,0,2021-06-22,2021-12-16,At-risk,5.6,Sanitized aggregate from ASF laboratory-results Google Sheet; farmer names and farm identifiers excluded.,0,0,0,0,0,0,5,0,5,1,0,1,0,0,0
Cagayan,AMULUNG,ANNAFUNAN,1,2,0,2,0.00,1,0,2021-04-22,2021-04-22,At-risk,5.2,Sanitized aggregate from ASF laboratory-results Google Sheet; farmer names and farm identifiers excluded.,0,0,0,0,0,0,2,0,2,0,0,0,0,0,0
Cagayan,AMULUNG,BACLING,1,1,0,1,0.00,1,0,2021-12-16,2021-12-16,At-risk,5.1,Sanitized aggregate from ASF laboratory-results Google Sheet; farmer names and farm identifiers excluded.,0,0,0,0,0,0,0,0,0,1,0,1,0,0,0
Cagayan,AMULUNG,BACULUD,4,4,0,4,0.00,2,0,2021-07-21,2021-12-16,At-risk,5.4,Sanitized aggregate from ASF laboratory-results Google Sheet; farmer names and farm identifiers excluded.,0,0,0,0,0,0,0,0,0,4,0,4,0,0,0
Cagayan,AMULUNG,CALAMAGUI,2,2,0,2,0.00,2,0,2021-07-21,2021-12-16,At-risk,5.2,Sanitized aggregate from ASF laboratory-results Google Sheet; farmer names and farm identifiers excluded.,0,0,0,0,0,0,0,0,0,2,0,2,0,0,0
Cagayan,AMULUNG,CASINGSINGAN,2,4,0,4,0.00,1,0,2021-04-22,2021-04-22,At-risk,5.4,Sanitized aggregate from ASF laboratory-results Google Sheet; farmer names and farm identifiers excluded.,0,0,0,0,0,0,4,0,4,0,0,0,0,0,0
Cagayan,AMULUNG,CORDOVA,3,6,0,6,0.00,1,0,2021-04-22,2021-04-22,At-risk,5.6,Sanitized aggregate from ASF laboratory-results Google Sheet; farmer names and farm identifiers excluded.,0,0,0,0,0,0,6,0,6,0,0,0,0,0,0
Cagayan,AMULUNG,DUGAYONG,1,1,0,1,0.00,1,0,2021-12-16,2021-12-16,At-risk,5.1,Sanitized aggregate from ASF laboratory-results Google Sheet; farmer names and farm identifiers excluded.,0,0,0,0,0,0,0,0,0,1,0,1,0,0,0
Cagayan,AMULUNG,JURISDICCION,2,2,0,2,0.00,2,0,2021-07-21,2021-12-16,At-risk,5.2,Sanitized aggregate from ASF laboratory-results Google Sheet; farmer names and farm identifiers excluded.,0,0,0,0,0,0,0,0,0,2,0,2,0,0,0
Cagayan,AMULUNG,MANALO,6,6,0,6,0.00,2,0,2021-07-21,2021-12-16,At-risk,5.6,Sanitized aggregate from ASF laboratory-results Google Sheet; farmer names and farm identifiers excluded.,0,0,0,0,0,0,0,0,0,6,0,6,0,0,0
Cagayan,AMULUNG,MONTE ALEGRE,1,6,0,6,0.00,1,0,2021-02-26,2021-02-26,At-risk,5.6,Sanitized aggregate from ASF laboratory-results Google Sheet; farmer names and farm identifiers excluded.,6,0,6,0,0,0,0,0,0,0,0,0,0,0,0
Cagayan,AMULUNG,NANGALISAN,1,2,0,2,0.00,1,0,2021-04-22,2021-04-22,At-risk,5.2,Sanitized aggregate from ASF laboratory-results Google Sheet; farmer names and farm identifiers excluded.,0,0,0,0,0,0,2,0,2,0,0,0,0,0,0
Cagayan,AMULUNG,PALACU,8,24,0,24,0.00,2,0,2021-06-17,2021-12-16,At-risk,7.4,Sanitized aggregate from ASF laboratory-results Google Sheet; farmer names and farm identifiers excluded.,0,0,0,0,0,0,20,0,20,4,0,4,0,0,0
Cagayan,AMULUNG,WARRAT,1,2,0,2,0.00,1,0,2021-04-22,2021-04-22,At-risk,5.2,Sanitized aggregate from ASF laboratory-results Google Sheet; farmer names and farm identifiers excluded.,0,0,0,0,0,0,2,0,2,0,0,0,0,0,0
Cagayan,APARRI,BACKILLING,1,2,2,0,100.00,1,1,2021-10-04,2021-10-04,Affected,40.0,Sanitized aggregate from ASF laboratory-results Google Sheet; farmer names and farm identifiers excluded.,2,2,0,0,0,0,0,0,0,0,0,0,0,0,0
Cagayan,APARRI,BULALA,1,2,2,0,100.00,1,1,2021-08-26,2021-08-26,Affected,40.0,Sanitized aggregate from ASF laboratory-results Google Sheet; farmer names and farm identifiers excluded.,2,2,0,0,0,0,0,0,0,0,0,0,0,0,0
Cagayan,APARRI,GADDANG,2,2,2,0,100.00,1,1,2021-01-06,2021-01-06,Affected,40.0,Sanitized aggregate from ASF laboratory-results Google Sheet; farmer names and farm identifiers excluded.,2,2,0,0,0,0,0,0,0,0,0,0,0,0,0
Cagayan,APARRI,MACANAYA,1,1,1,0,100.00,1,1,2021-01-19,2021-01-19,Affected,38.5,Sanitized aggregate from ASF laboratory-results Google Sheet; farmer names and farm identifiers excluded.,1,1,0,0,0,0,0,0,0,0,0,0,0,0,0
Cagayan,APARRI,MAURA,1,1,1,0,100.00,1,1,2021-01-19,2021-01-19,Affected,38.5,Sanitized aggregate from ASF laboratory-results Google Sheet; farmer names and farm identifiers excluded.,1,1,0,0,0,0,0,0,0,0,0,0,0,0,0
Cagayan,APARRI,N/A,3,3,3,0,100.00,1,1,2021-11-03,2021-11-03,Affected,41.5,Sanitized aggregate from ASF laboratory-results Google Sheet; farmer names and farm identifiers excluded.,3,3,0,0,0,0,0,0,0,0,0,0,0,0,0
Cagayan,APARRI,PADDAYA,13,18,16,1,88.89,1,1,2021-01-19,2021-02-03,Affected,57.3,Sanitized aggregate from ASF laboratory-results Google Sheet; farmer names and farm identifiers excluded.,18,16,1,0,0,0,0,0,0,0,0,0,0,0,0
Cagayan,APARRI,PAKUDDUN NORTE,1,1,1,0,100.00,1,1,2021-04-26,2021-04-26,Affected,38.5,Sanitized aggregate from ASF laboratory-results Google Sheet; farmer names and farm identifiers excluded.,1,1,0,0,0,0,0,0,0,0,0,0,0,0,0
Cagayan,APARRI,PARRUDUN NORTE,1,1,1,0,100.00,1,1,2021-01-29,2021-01-29,Affected,38.5,Sanitized aggregate from ASF laboratory-results Google Sheet; farmer names and farm identifiers excluded.,1,1,0,0,0,0,0,0,0,0,0,0,0,0,0
Cagayan,APARRI,TALIUNGAN,1,1,1,0,100.00,1,1,2021-01-19,2021-01-19,Affected,38.5,Sanitized aggregate from ASF laboratory-results Google Sheet; farmer names and farm identifiers excluded.,1,1,0,0,0,0,0,0,0,0,0,0,0,0,0
Cagayan,APARRI,TALLUNGAN,2,2,2,0,100.00,1,1,2021-01-29,2021-01-29,Affected,40.0,Sanitized aggregate from ASF laboratory-results Google Sheet; farmer names and farm identifiers excluded.,2,2,0,0,0,0,0,0,0,0,0,0,0,0,0
Cagayan,Abulug,Alinunu,3,5,3,2,60.00,1,1,2021-07-26,2022-03-21,Affected,27.7,Sanitized aggregate from ASF laboratory-results Google Sheet; farmer names and farm identifiers excluded.,5,3,2,0,0,0,0,0,0,0,0,0,0,0,0
Cagayan,Abulug,Calog Norte,16,44,8,36,18.18,2,1,2021-04-12,2022-11-17,Affected,24.0,Sanitized aggregate from ASF laboratory-results Google Sheet; farmer names and farm identifiers excluded.,19,8,11,0,0,0,25,0,25,0,0,0,0,0,0
Cagayan,Abulug,Guiddam,7,14,8,6,57.14,2,2,2021-09-09,2022-03-18,Affected,36.6,Sanitized aggregate from ASF laboratory-results Google Sheet; farmer names and farm identifiers excluded.,11,5,6,0,0,0,3,3,0,0,0,0,0,0,0
Cagayan,Abulug,Lucban,3,7,5,2,71.43,2,2,2021-11-08,2024-10-09,Affected,36.7,Sanitized aggregate from ASF laboratory-results Google Sheet; farmer names and farm identifiers excluded.,7,5,2,0,0,0,0,0,0,0,0,0,0,0,0
Cagayan,Abulug,Pinili,16,49,0,49,0.00,1,0,2022-01-05,2022-11-17,At-risk,9.9,Sanitized aggregate from ASF laboratory-results Google Sheet; farmer names and farm identifiers excluded.,9,0,9,0,0,0,40,0,40,0,0,0,0,0,0
Cagayan,Abulug,Sirit,19,20,1,19,5.00,2,1,2021-05-14,2023-10-17,Affected,7.2,Sanitized aggregate from ASF laboratory-results Google Sheet; farmer names and farm identifiers excluded.,20,1,19,0,0,0,0,0,0,0,0,0,0,0,0
Cagayan,Alcala,Agani,21,35,10,25,28.57,2,1,2020-10-02,2022-03-21,Affected,29.5,Sanitized aggregate from ASF laboratory-results Google Sheet; farmer names and farm identifiers excluded.,29,10,19,0,0,0,0,0,0,6,0,6,0,0,0
Cagayan,Alcala,Baculod,27,43,8,35,18.60,2,2,2021-06-09,2024-11-25,Affected,26.0,Sanitized aggregate from ASF laboratory-results Google Sheet; farmer names and farm identifiers excluded.,30,8,22,0,0,0,5,0,5,8,0,8,0,0,0
Cagayan,Alcala,Bantay,1,3,0,3,0.00,1,0,2020-10-02,2020-10-02,At-risk,5.3,Sanitized aggregate from ASF laboratory-results Google Sheet; farmer names and farm identifiers excluded.,3,0,3,0,0,0,0,0,0,0,0,0,0,0,0
Cagayan,Alcala,Baybayog,13,20,6,14,30.00,2,2,2020-11-11,2023-10-05,Affected,24.9,Sanitized aggregate from ASF laboratory-results Google Sheet; farmer names and farm identifiers excluded.,7,0,7,6,6,0,5,0,5,2,0,2,0,0,0
Cagayan,Alcala,Caraluangan,4,4,0,4,0.00,1,0,2022-03-21,2022-03-21,At-risk,5.4,Sanitized aggregate from ASF laboratory-results Google Sheet; farmer names and farm identifiers excluded.,4,0,4,0,0,0,0,0,0,0,0,0,0,0,0
Cagayan,Alcala,Centro,3,5,2,3,40.00,1,1,2020-10-12,2020-12-03,Affected,19.3,Sanitized aggregate from ASF laboratory-results Google Sheet; farmer names and farm identifiers excluded.,3,0,3,2,2,0,0,0,0,0,0,0,0,0,0
Cagayan,Alcala,Centro Norte,10,15,10,5,66.67,2,1,2020-11-11,2024-04-24,Affected,40.8,Sanitized aggregate from ASF laboratory-results Google Sheet; farmer names and farm identifiers excluded.,13,9,4,2,1,1,0,0,0,0,0,0,0,0,0
Cagayan,Alcala,Centro Sur,14,22,8,14,36.36,2,2,2021-11-10,2024-04-24,Affected,30.1,Sanitized aggregate from ASF laboratory-results Google Sheet; farmer names and farm identifiers excluded.,20,6,14,2,2,0,0,0,0,0,0,0,0,0,0
Cagayan,Alcala,Dalaoig,16,25,3,22,12.00,2,1,2020-11-09,2024-10-17,Affected,12.9,Sanitized aggregate from ASF laboratory-results Google Sheet; farmer names and farm identifiers excluded.,23,3,20,0,0,0,0,0,0,2,0,2,0,0,0
Cagayan,Alcala,Dalauig,2,2,0,2,0.00,1,0,2020-10-30,2020-10-30,At-risk,5.2,Sanitized aggregate from ASF laboratory-results Google Sheet; farmer names and farm identifiers excluded.,2,0,2,0,0,0,0,0,0,0,0,0,0,0,0
Cagayan,Alcala,Maraburab,10,16,1,15,6.25,2,1,2021-06-09,2024-10-30,Affected,7.2,Sanitized aggregate from ASF laboratory-results Google Sheet; farmer names and farm identifiers excluded.,9,1,8,0,0,0,5,0,5,2,0,2,0,0,0
Cagayan,Alcala,Masin,17,49,5,44,10.20,1,1,2020-11-18,2022-03-21,Affected,17.5,Sanitized aggregate from ASF laboratory-results Google Sheet; farmer names and farm identifiers excluded.,15,5,10,0,0,0,25,0,25,9,0,9,0,0,0
Cagayan,Alcala,Piggatan,9,15,0,15,0.00,2,0,2021-06-09,2022-03-21,At-risk,6.5,Sanitized aggregate from ASF laboratory-results Google Sheet; farmer names and farm identifiers excluded.,8,0,8,0,0,0,5,0,5,2,0,2,0,0,0
Cagayan,Alcala,Pinopoc,21,29,4,25,13.79,2,1,2020-10-27,2023-10-05,Affected,15.3,Sanitized aggregate from ASF laboratory-results Google Sheet; farmer names and farm identifiers excluded.,23,4,19,0,0,0,0,0,0,6,0,6,0,0,0
Cagayan,Alcala,Pussian,2,4,0,4,0.00,1,0,2022-03-21,2022-03-21,At-risk,5.4,Sanitized aggregate from ASF laboratory-results Google Sheet; farmer names and farm identifiers excluded.,4,0,4,0,0,0,0,0,0,0,0,0,0,0,0
Cagayan,Alcala,San Esteban,7,12,3,9,25.00,2,1,2021-11-16,2024-11-28,Affected,16.1,Sanitized aggregate from ASF laboratory-results Google Sheet; farmer names and farm identifiers excluded.,12,3,9,0,0,0,0,0,0,0,0,0,0,0,0
Cagayan,Alcala,Tupang,11,23,2,21,8.70,1,1,2020-11-06,2024-04-24,Affected,10.1,Sanitized aggregate from ASF laboratory-results Google Sheet; farmer names and farm identifiers excluded.,21,0,21,2,2,0,0,0,0,0,0,0,0,0,0
Cagayan,Allacapan,Bulo,2,10,10,0,100.00,1,1,2024-11-22,2024-11-22,Affected,52.0,Sanitized aggregate from ASF laboratory-results Google Sheet; farmer names and farm identifiers excluded.,10,10,0,0,0,0,0,0,0,0,0,0,0,0,0
Cagayan,Allacapan,Burot,5,8,6,2,75.00,2,2,2020-04-30,2024-10-21,Affected,39.4,Sanitized aggregate from ASF laboratory-results Google Sheet; farmer names and farm identifiers excluded.,7,5,2,1,1,0,0,0,0,0,0,0,0,0,0
Cagayan,Allacapan,Capanickan Sur,2,5,3,2,60.00,1,1,2024-10-17,2024-11-05,Affected,27.7,Sanitized aggregate from ASF laboratory-results Google Sheet; farmer names and farm identifiers excluded.,5,3,2,0,0,0,0,0,0,0,0,0,0,0,0
Cagayan,Allacapan,Capanickian,7,15,14,1,93.33,2,2,2021-09-16,2024-10-11,Affected,57.8,Sanitized aggregate from ASF laboratory-results Google Sheet; farmer names and farm identifiers excluded.,15,14,1,0,0,0,0,0,0,0,0,0,0,0,0
Cagayan,Allacapan,Cataratan,2,2,2,0,100.00,1,1,2024-10-07,2024-10-07,Affected,40.0,Sanitized aggregate from ASF laboratory-results Google Sheet; farmer names and farm identifiers excluded.,2,2,0,0,0,0,0,0,0,0,0,0,0,0,0
Cagayan,Allacapan,Centro Sur,1,2,2,0,100.00,1,1,2022-01-31,2022-01-31,Affected,40.0,Sanitized aggregate from ASF laboratory-results Google Sheet; farmer names and farm identifiers excluded.,2,2,0,0,0,0,0,0,0,0,0,0,0,0,0
Cagayan,Allacapan,Centro West,7,20,3,17,15.00,2,1,2021-02-19,2021-07-28,Affected,13.4,Sanitized aggregate from ASF laboratory-results Google Sheet; farmer names and farm identifiers excluded.,20,3,17,0,0,0,0,0,0,0,0,0,0,0,0
Cagayan,Allacapan,Dagupan,22,65,32,33,49.23,2,2,2021-02-16,2024-11-20,Affected,62.7,Sanitized aggregate from ASF laboratory-results Google Sheet; farmer names and farm identifiers excluded.,50,32,18,0,0,0,15,0,15,0,0,0,0,0,0
Cagayan,Allacapan,Gaddangan,2,3,3,0,100.00,1,1,2024-11-28,2024-11-28,Affected,41.5,Sanitized aggregate from ASF laboratory-results Google Sheet; farmer names and farm identifiers excluded.,3,3,0,0,0,0,0,0,0,0,0,0,0,0,0
Cagayan,Allacapan,Iringan,6,11,9,2,81.82,1,1,2023-11-14,2023-12-13,Affected,44.3,Sanitized aggregate from ASF laboratory-results Google Sheet; farmer names and farm identifiers excluded.,11,9,2,0,0,0,0,0,0,0,0,0,0,0,0
Cagayan,Allacapan,Labben,2,5,3,2,60.00,1,1,2023-02-27,2024-10-02,Affected,27.7,Sanitized aggregate from ASF laboratory-results Google Sheet; farmer names and farm identifiers excluded.,5,3,2,0,0,0,0,0,0,0,0,0,0,0,0
Cagayan,Allacapan,Maluyo,3,8,8,0,100.00,1,1,2024-10-09,2024-11-28,Affected,49.0,Sanitized aggregate from ASF laboratory-results Google Sheet; farmer names and farm identifiers excluded.,8,8,0,0,0,0,0,0,0,0,0,0,0,0,0
Cagayan,Allacapan,N/A,4,115,0,115,0.00,1,0,2021-11-05,2023-08-10,At-risk,15.0,Sanitized aggregate from ASF laboratory-results Google Sheet; farmer names and farm identifiers excluded.,110,0,110,0,0,0,5,0,5,0,0,0,0,0,0
Cagayan,Allacapan,Nagattatan,2,3,2,1,66.67,1,1,2024-11-22,2024-12-12,Affected,28.4,Sanitized aggregate from ASF laboratory-results Google Sheet; farmer names and farm identifiers excluded.,3,2,1,0,0,0,0,0,0,0,0,0,0,0,0
Cagayan,Allacapan,Silagan,30,48,19,29,39.58,2,1,2021-06-21,2024-11-05,Affected,47.3,Sanitized aggregate from ASF laboratory-results Google Sheet; farmer names and farm identifiers excluded.,48,19,29,0,0,0,0,0,0,0,0,0,0,0,0
Cagayan,Allacapan,Tamboli,1,1,1,0,100.00,1,1,2024-11-20,2024-11-20,Affected,38.5,Sanitized aggregate from ASF laboratory-results Google Sheet; farmer names and farm identifiers excluded.,1,1,0,0,0,0,0,0,0,0,0,0,0,0,0
Cagayan,Allacapan,Tubel,1,2,2,0,100.00,1,1,2024-11-20,2024-11-20,Affected,40.0,Sanitized aggregate from ASF laboratory-results Google Sheet; farmer names and farm identifiers excluded.,2,2,0,0,0,0,0,0,0,0,0,0,0,0,0
Cagayan,Allacapan,Utan,4,6,2,4,33.33,1,1,2023-04-25,2024-11-22,Affected,17.1,Sanitized aggregate from ASF laboratory-results Google Sheet; farmer names and farm identifiers excluded.,6,2,4,0,0,0,0,0,0,0,0,0,0,0,0
Cagayan,Amulung,Annabucalan,1,1,0,1,0.00,1,0,2022-11-14,2022-11-14,At-risk,5.1,Sanitized aggregate from ASF laboratory-results Google Sheet; farmer names and farm identifiers excluded.,1,0,1,0,0,0,0,0,0,0,0,0,0,0,0
Cagayan,Amulung,Annafatan,16,40,0,40,0.00,2,0,2021-06-17,2022-11-14,At-risk,9.0,Sanitized aggregate from ASF laboratory-results Google Sheet; farmer names and farm identifiers excluded.,5,0,5,0,0,0,30,0,30,5,0,5,0,0,0
Cagayan,Amulung,Anquiray,1,1,0,1,0.00,1,0,2021-07-21,2021-07-21,At-risk,5.1,Sanitized aggregate from ASF laboratory-results Google Sheet; farmer names and farm identifiers excluded.,0,0,0,0,0,0,0,0,0,1,0,1,0,0,0
Cagayan,Amulung,Bacring,7,19,0,19,0.00,2,0,2021-06-17,2021-07-21,At-risk,6.9,Sanitized aggregate from ASF laboratory-results Google Sheet; farmer names and farm identifiers excluded.,0,0,0,0,0,0,15,0,15,4,0,4,0,0,0
Cagayan,Amulung,Bayabat,63,198,12,186,6.06,2,1,2020-10-01,2022-05-11,Affected,30.9,Sanitized aggregate from ASF laboratory-results Google Sheet; farmer names and farm identifiers excluded.,25,12,13,0,0,0,158,0,158,15,0,15,0,0,0
Cagayan,Amulung,Catarauan,2,2,1,1,50.00,1,1,2020-12-23,2020-12-23,Affected,21.1,Sanitized aggregate from ASF laboratory-results Google Sheet; farmer names and farm identifiers excluded.,2,1,1,0,0,0,0,0,0,0,0,0,0,0,0
Cagayan,Amulung,Centro,13,17,8,9,47.06,2,1,2021-07-21,2024-09-16,Affected,31.4,Sanitized aggregate from ASF laboratory-results Google Sheet; farmer names and farm identifiers excluded.,15,8,7,0,0,0,0,0,0,2,0,2,0,0,0
Cagayan,Amulung,Concepcion,1,1,0,1,0.00,1,0,2022-11-14,2022-11-14,At-risk,5.1,Sanitized aggregate from ASF laboratory-results Google Sheet; farmer names and farm identifiers excluded.,1,0,1,0,0,0,0,0,0,0,0,0,0,0,0
Cagayan,Amulung,Dadda,1,3,0,3,0.00,1,0,2020-11-18,2020-11-18,At-risk,5.3,Sanitized aggregate from ASF laboratory-results Google Sheet; farmer names and farm identifiers excluded.,3,0,3,0,0,0,0,0,0,0,0,0,0,0,0
Cagayan,Amulung,Dugayung,1,1,0,1,0.00,1,0,2021-07-21,2021-07-21,At-risk,5.1,Sanitized aggregate from ASF laboratory-results Google Sheet; farmer names and farm identifiers excluded.,0,0,0,0,0,0,0,0,0,1,0,1,0,0,0
Cagayan,Amulung,Estefania,2,2,0,2,0.00,1,0,2022-11-14,2023-01-06,At-risk,5.2,Sanitized aggregate from ASF laboratory-results Google Sheet; farmer names and farm identifiers excluded.,2,0,2,0,0,0,0,0,0,0,0,0,0,0,0
Cagayan,Amulung,La Suerte,9,16,12,4,75.00,1,1,2020-09-10,2022-11-14,Affected,46.6,Sanitized aggregate from ASF laboratory-results Google Sheet; farmer names and farm identifiers excluded.,16,12,4,0,0,0,0,0,0,0,0,0,0,0,0
Cagayan,Amulung,Mahalo,1,1,0,1,0.00,1,0,2022-11-14,2022-11-14,At-risk,5.1,Sanitized aggregate from ASF laboratory-results Google Sheet; farmer names and farm identifiers excluded.,1,0,1,0,0,0,0,0,0,0,0,0,0,0,0
Cagayan,Amulung,Mamalo,2,2,2,0,100.00,1,1,2020-11-10,2020-11-10,Affected,40.0,Sanitized aggregate from ASF laboratory-results Google Sheet; farmer names and farm identifiers excluded.,2,2,0,0,0,0,0,0,0,0,0,0,0,0,0
Cagayan,Amulung,Masical,4,7,0,7,0.00,1,0,2020-12-03,2024-08-21,At-risk,5.7,Sanitized aggregate from ASF laboratory-results Google Sheet; farmer names and farm identifiers excluded.,7,0,7,0,0,0,0,0,0,0,0,0,0,0,0
Cagayan,Amulung,N/A,7,10,1,9,10.00,1,1,2020-09-11,2020-09-11,Affected,7.9,Sanitized aggregate from ASF laboratory-results Google Sheet; farmer names and farm identifiers excluded.,10,1,9,0,0,0,0,0,0,0,0,0,0,0,0
Cagayan,Amulung,Nabbalan,1,3,3,0,100.00,1,1,2020-12-03,2020-12-03,Affected,41.5,Sanitized aggregate from ASF laboratory-results Google Sheet; farmer names and farm identifiers excluded.,3,3,0,0,0,0,0,0,0,0,0,0,0,0,0
Cagayan,Amulung,Nagsaraban,1,1,1,0,100.00,1,1,2020-12-03,2020-12-03,Affected,38.5,Sanitized aggregate from ASF laboratory-results Google Sheet; farmer names and farm identifiers excluded.,1,1,0,0,0,0,0,0,0,0,0,0,0,0,0
Cagayan,Amulung,Pacac Pequeno,1,1,1,0,100.00,1,1,2020-12-03,2020-12-03,Affected,38.5,Sanitized aggregate from ASF laboratory-results Google Sheet; farmer names and farm identifiers excluded.,1,1,0,0,0,0,0,0,0,0,0,0,0,0,0
Cagayan,Amulung,Unag,1,1,0,1,0.00,1,0,2022-11-14,2022-11-14,At-risk,5.1,Sanitized aggregate from ASF laboratory-results Google Sheet; farmer names and farm identifiers excluded.,1,0,1,0,0,0,0,0,0,0,0,0,0,0,0
Cagayan,Aparri,Binalan,1,1,1,0,100.00,1,1,2023-11-30,2023-11-30,Affected,38.5,Sanitized aggregate from ASF laboratory-results Google Sheet; farmer names and farm identifiers excluded.,1,1,0,0,0,0,0,0,0,0,0,0,0,0,0
Cagayan,Aparri,Bukig,13,24,10,14,41.67,2,2,2021-02-02,2023-11-03,Affected,35.0,Sanitized aggregate from ASF laboratory-results Google Sheet; farmer names and farm identifiers excluded.,24,10,14,0,0,0,0,0,0,0,0,0,0,0,0
Cagayan,Aparri,Bulala Norte,1,2,0,2,0.00,1,0,2024-02-06,2024-02-06,At-risk,5.2,Sanitized aggregate from ASF laboratory-results Google Sheet; farmer names and farm identifiers excluded.,2,0,2,0,0,0,0,0,0,0,0,0,0,0,0
Cagayan,Aparri,Bulala Sur,2,2,0,2,0.00,1,0,2023-11-16,2023-11-16,At-risk,5.2,Sanitized aggregate from ASF laboratory-results Google Sheet; farmer names and farm identifiers excluded.,2,0,2,0,0,0,0,0,0,0,0,0,0,0,0
Cagayan,Aparri,Caagaman,21,35,14,21,40.00,2,2,2021-02-02,2024-12-17,Affected,41.1,Sanitized aggregate from ASF laboratory-results Google Sheet; farmer names and farm identifiers excluded.,27,14,13,0,0,0,8,0,8,0,0,0,0,0,0
Cagayan,Aparri,Callungan,2,6,0,6,0.00,1,0,2023-11-03,2023-11-03,At-risk,5.6,Sanitized aggregate from ASF laboratory-results Google Sheet; farmer names and farm identifiers excluded.,6,0,6,0,0,0,0,0,0,0,0,0,0,0,0
Cagayan,Aparri,Centro 9,2,18,0,18,0.00,2,0,2021-11-05,2022-01-05,At-risk,6.8,Sanitized aggregate from ASF laboratory-results Google Sheet; farmer names and farm identifiers excluded.,8,0,8,0,0,0,10,0,10,0,0,0,0,0,0
Cagayan,Aparri,Dodan,10,14,14,0,100.00,2,2,2021-01-06,2024-10-04,Affected,60.0,Sanitized aggregate from ASF laboratory-results Google Sheet; farmer names and farm identifiers excluded.,14,14,0,0,0,0,0,0,0,0,0,0,0,0,0
Cagayan,Aparri,Gaddan,9,50,0,50,0.00,1,0,2022-01-05,2022-01-05,At-risk,10.0,Sanitized aggregate from ASF laboratory-results Google Sheet; farmer names and farm identifiers excluded.,0,0,0,0,0,0,50,0,50,0,0,0,0,0,0
Cagayan,Aparri,Mabanguc,3,5,0,5,0.00,2,0,2021-03-08,2023-09-29,At-risk,5.5,Sanitized aggregate from ASF laboratory-results Google Sheet; farmer names and farm identifiers excluded.,5,0,5,0,0,0,0,0,0,0,0,0,0,0,0
Cagayan,Aparri,Navagan,1,1,0,1,0.00,1,0,2023-11-16,2023-11-16,At-risk,5.1,Sanitized aggregate from ASF laboratory-results Google Sheet; farmer names and farm identifiers excluded.,1,0,1,0,0,0,0,0,0,0,0,0,0,0,0
Cagayan,Aparri,Paruddun Norte,5,18,2,16,11.11,2,1,2021-04-07,2021-07-22,Affected,10.5,Sanitized aggregate from ASF laboratory-results Google Sheet; farmer names and farm identifiers excluded.,2,2,0,0,0,0,16,0,16,0,0,0,0,0,0
Cagayan,Aparri,Plasa,2,3,2,1,66.67,2,1,2021-09-30,2024-02-06,Affected,28.4,Sanitized aggregate from ASF laboratory-results Google Sheet; farmer names and farm identifiers excluded.,3,2,1,0,0,0,0,0,0,0,0,0,0,0,0
Cagayan,Aparri,Plaza Norte,4,4,2,2,50.00,1,1,2023-11-14,2023-11-14,Affected,22.7,Sanitized aggregate from ASF laboratory-results Google Sheet; farmer names and farm identifiers excluded.,4,2,2,0,0,0,0,0,0,0,0,0,0,0,0
Cagayan,Aparri,Toran,7,15,6,9,40.00,2,1,2021-01-29,2023-01-06,Affected,25.9,Sanitized aggregate from ASF laboratory-results Google Sheet; farmer names and farm identifiers excluded.,15,6,9,0,0,0,0,0,0,0,0,0,0,0,0
Cagayan,Aparri,Zinarag,9,28,2,26,7.14,2,1,2021-05-10,2021-07-22,Affected,10.1,Sanitized aggregate from ASF laboratory-results Google Sheet; farmer names and farm identifiers excluded.,4,2,2,0,0,0,24,0,24,0,0,0,0,0,0
Cagayan,BAGGAO,AGAMAN,8,40,0,40,0.00,1,0,2021-06-10,2021-06-10,At-risk,9.0,Sanitized aggregate from ASF laboratory-results Google Sheet; farmer names and farm identifiers excluded.,0,0,0,0,0,0,40,0,40,0,0,0,0,0,0
Cagayan,BAGGAO,MASICAL,9,9,0,9,0.00,1,0,2021-09-17,2021-09-17,At-risk,5.9,Sanitized aggregate from ASF laboratory-results Google Sheet; farmer names and farm identifiers excluded.,9,0,9,0,0,0,0,0,0,0,0,0,0,0,0
Cagayan,BAGGAO,N/A,6,7,4,3,57.14,1,1,2020-12-23,2021-11-05,Affected,28.3,Sanitized aggregate from ASF laboratory-results Google Sheet; farmer names and farm identifiers excluded.,7,4,3,0,0,0,0,0,0,0,0,0,0,0,0
Cagayan,BAGGAO,RENUS,2,10,0,10,0.00,1,0,2021-06-10,2021-06-10,At-risk,6.0,Sanitized aggregate from ASF laboratory-results Google Sheet; farmer names and farm identifiers excluded.,0,0,0,0,0,0,10,0,10,0,0,0,0,0,0
Cagayan,BAGGAO,SAN VICENTE,3,4,3,1,75.00,1,1,2021-01-29,2021-01-29,Affected,32.9,Sanitized aggregate from ASF laboratory-results Google Sheet; farmer names and farm identifiers excluded.,4,3,1,0,0,0,0,0,0,0,0,0,0,0,0
Cagayan,BALLESTEROS,SLH CENTRO,5,5,3,2,60.00,1,1,2021-11-08,2021-11-08,Affected,27.7,Sanitized aggregate from ASF laboratory-results Google Sheet; farmer names and farm identifiers excluded.,5,3,2,0,0,0,0,0,0,0,0,0,0,0,0
Cagayan,BALLESTEROS,STA CRUZ,1,2,0,2,0.00,1,0,2021-09-17,2021-09-17,At-risk,5.2,Sanitized aggregate from ASF laboratory-results Google Sheet; farmer names and farm identifiers excluded.,2,0,2,0,0,0,0,0,0,0,0,0,0,0,0
Cagayan,Baggao,Agaman Proper,36,64,0,64,0.00,2,0,2021-06-22,2024-02-02,At-risk,11.4,Sanitized aggregate from ASF laboratory-results Google Sheet; farmer names and farm identifiers excluded.,16,0,16,0,0,0,35,0,35,13,0,13,0,0,0
Cagayan,Baggao,Agaman Sur,1,1,0,1,0.00,1,0,2024-02-02,2024-02-02,At-risk,5.1,Sanitized aggregate from ASF laboratory-results Google Sheet; farmer names and farm identifiers excluded.,1,0,1,0,0,0,0,0,0,0,0,0,0,0,0
Cagayan,Baggao,Alba,38,87,3,84,3.45,2,1,2021-06-10,2024-04-12,Affected,16.1,Sanitized aggregate from ASF laboratory-results Google Sheet; farmer names and farm identifiers excluded.,20,3,17,0,0,0,55,0,55,12,0,12,0,0,0
Cagayan,Baggao,Annayatan,2,4,0,4,0.00,1,0,2022-03-21,2022-03-21,At-risk,5.4,Sanitized aggregate from ASF laboratory-results Google Sheet; farmer names and farm identifiers excluded.,4,0,4,0,0,0,0,0,0,0,0,0,0,0,0
Cagayan,Baggao,Asassi,6,7,2,5,28.57,1,1,2020-12-15,2020-12-15,Affected,15.5,Sanitized aggregate from ASF laboratory-results Google Sheet; farmer names and farm identifiers excluded.,7,2,5,0,0,0,0,0,0,0,0,0,0,0,0
Cagayan,Baggao,Asinga Via,1,3,0,3,0.00,1,0,2023-11-14,2023-11-14,At-risk,5.3,Sanitized aggregate from ASF laboratory-results Google Sheet; farmer names and farm identifiers excluded.,3,0,3,0,0,0,0,0,0,0,0,0,0,0,0
Cagayan,Baggao,Asinga-Via,13,14,2,12,14.29,1,1,2024-11-26,2024-12-12,Affected,11.2,Sanitized aggregate from ASF laboratory-results Google Sheet; farmer names and farm identifiers excluded.,14,2,12,0,0,0,0,0,0,0,0,0,0,0,0
Cagayan,Baggao,Awallan,17,20,1,19,5.00,2,1,2021-09-01,2024-05-07,Affected,7.2,Sanitized aggregate from ASF laboratory-results Google Sheet; farmer names and farm identifiers excluded.,20,1,19,0,0,0,0,0,0,0,0,0,0,0,0
Cagayan,Baggao,Bacagan,7,7,0,7,0.00,1,0,2022-03-21,2024-11-29,At-risk,5.7,Sanitized aggregate from ASF laboratory-results Google Sheet; farmer names and farm identifiers excluded.,7,0,7,0,0,0,0,0,0,0,0,0,0,0,0
Cagayan,Baggao,Bagunot,2,7,6,1,85.71,1,1,2020-12-14,2020-12-14,Affected,41.1,Sanitized aggregate from ASF laboratory-results Google Sheet; farmer names and farm identifiers excluded.,7,6,1,0,0,0,0,0,0,0,0,0,0,0,0
Cagayan,Baggao,Barsat West,8,11,0,11,0.00,1,0,2022-08-18,2025-01-10,At-risk,6.1,Sanitized aggregate from ASF laboratory-results Google Sheet; farmer names and farm identifiers excluded.,11,0,11,0,0,0,0,0,0,0,0,0,0,0,0
Cagayan,Baggao,Bitag Grande,2,4,0,4,0.00,1,0,2023-11-14,2023-11-14,At-risk,5.4,Sanitized aggregate from ASF laboratory-results Google Sheet; farmer names and farm identifiers excluded.,4,0,4,0,0,0,0,0,0,0,0,0,0,0,0
Cagayan,Baggao,C. Versoza,8,9,0,9,0.00,1,0,2024-02-02,2024-02-28,At-risk,5.9,Sanitized aggregate from ASF laboratory-results Google Sheet; farmer names and farm identifiers excluded.,9,0,9,0,0,0,0,0,0,0,0,0,0,0,0
Cagayan,Baggao,Carupian,5,5,2,3,40.00,1,1,2020-12-07,2020-12-07,Affected,19.3,Sanitized aggregate from ASF laboratory-results Google Sheet; farmer names and farm identifiers excluded.,5,2,3,0,0,0,0,0,0,0,0,0,0,0,0
Cagayan,Baggao,Catugay,1,3,0,3,0.00,1,0,2023-11-14,2023-11-14,At-risk,5.3,Sanitized aggregate from ASF laboratory-results Google Sheet; farmer names and farm identifiers excluded.,3,0,3,0,0,0,0,0,0,0,0,0,0,0,0
Cagayan,Baggao,Dalin,11,11,2,9,18.18,2,1,2021-10-04,2024-02-02,Affected,12.3,Sanitized aggregate from ASF laboratory-results Google Sheet; farmer names and farm identifiers excluded.,11,2,9,0,0,0,0,0,0,0,0,0,0,0,0
Cagayan,Baggao,Dalla,4,4,1,3,25.00,2,1,2021-11-02,2022-03-21,Affected,12.6,Sanitized aggregate from ASF laboratory-results Google Sheet; farmer names and farm identifiers excluded.,4,1,3,0,0,0,0,0,0,0,0,0,0,0,0
Cagayan,Baggao,Hacienda,1,2,2,0,100.00,1,1,2022-01-21,2022-01-21,Affected,40.0,Sanitized aggregate from ASF laboratory-results Google Sheet; farmer names and farm identifiers excluded.,2,2,0,0,0,0,0,0,0,0,0,0,0,0,0
Cagayan,Baggao,Hacienda Intal,23,25,4,21,16.00,2,1,2021-12-13,2025-03-28,Affected,15.7,Sanitized aggregate from ASF laboratory-results Google Sheet; farmer names and farm identifiers excluded.,25,4,21,0,0,0,0,0,0,0,0,0,0,0,0
Cagayan,Baggao,Imurung,2,4,0,4,0.00,1,0,2023-03-22,2025-02-07,At-risk,5.4,Sanitized aggregate from ASF laboratory-results Google Sheet; farmer names and farm identifiers excluded.,4,0,4,0,0,0,0,0,0,0,0,0,0,0,0
Cagayan,Baggao,Lasilat,5,9,0,9,0.00,1,0,2022-03-21,2023-11-14,At-risk,5.9,Sanitized aggregate from ASF laboratory-results Google Sheet; farmer names and farm identifiers excluded.,9,0,9,0,0,0,0,0,0,0,0,0,0,0,0
Cagayan,Baggao,Mabini,3,4,0,4,0.00,1,0,2022-08-26,2022-08-26,At-risk,5.4,Sanitized aggregate from ASF laboratory-results Google Sheet; farmer names and farm identifiers excluded.,4,0,4,0,0,0,0,0,0,0,0,0,0,0,0
Cagayan,Baggao,Mascal,1,20,0,20,0.00,1,0,2022-01-05,2022-01-05,At-risk,7.0,Sanitized aggregate from ASF laboratory-results Google Sheet; farmer names and farm identifiers excluded.,0,0,0,0,0,0,20,0,20,0,0,0,0,0,0
Cagayan,Baggao,Mocag,7,9,3,6,33.33,1,1,2023-03-22,2024-12-12,Affected,18.8,Sanitized aggregate from ASF laboratory-results Google Sheet; farmer names and farm identifiers excluded.,9,3,6,0,0,0,0,0,0,0,0,0,0,0,0
Cagayan,Baggao,Nangalinan,6,9,1,8,11.11,1,1,2022-08-18,2025-03-28,Affected,8.2,Sanitized aggregate from ASF laboratory-results Google Sheet; farmer names and farm identifiers excluded.,9,1,8,0,0,0,0,0,0,0,0,0,0,0,0
Cagayan,Baggao,Poblacion,5,7,1,6,14.29,1,1,2020-12-07,2023-11-14,Affected,9.1,Sanitized aggregate from ASF laboratory-results Google Sheet; farmer names and farm identifiers excluded.,7,1,6,0,0,0,0,0,0,0,0,0,0,0,0
Cagayan,Baggao,Remus,28,36,4,32,11.11,2,1,2021-06-22,2024-03-26,Affected,15.1,Sanitized aggregate from ASF laboratory-results Google Sheet; farmer names and farm identifiers excluded.,22,4,18,0,0,0,10,0,10,4,0,4,0,0,0
Cagayan,Baggao,San Jose,10,11,3,8,27.27,2,2,2020-11-25,2022-03-21,Affected,18.8,Sanitized aggregate from ASF laboratory-results Google Sheet; farmer names and farm identifiers excluded.,11,3,8,0,0,0,0,0,0,0,0,0,0,0,0
Cagayan,Baggao,Santor,16,17,1,16,5.88,2,1,2021-01-29,2025-01-06,Affected,7.2,Sanitized aggregate from ASF laboratory-results Google Sheet; farmer names and farm identifiers excluded.,17,1,16,0,0,0,0,0,0,0,0,0,0,0,0
Cagayan,Baggao,Sta. Margarita,2,2,0,2,0.00,1,0,2024-02-08,2024-02-08,At-risk,5.2,Sanitized aggregate from ASF laboratory-results Google Sheet; farmer names and farm identifiers excluded.,2,0,2,0,0,0,0,0,0,0,0,0,0,0,0
Cagayan,Baggao,Taguing,1,3,0,3,0.00,1,0,2023-11-14,2023-11-14,At-risk,5.3,Sanitized aggregate from ASF laboratory-results Google Sheet; farmer names and farm identifiers excluded.,3,0,3,0,0,0,0,0,0,0,0,0,0,0,0
Cagayan,Baggao,Taguntungan,12,13,2,11,15.38,1,1,2024-02-08,2025-01-06,Affected,11.5,Sanitized aggregate from ASF laboratory-results Google Sheet; farmer names and farm identifiers excluded.,13,2,11,0,0,0,0,0,0,0,0,0,0,0,0
Cagayan,Baggao,Tallang,19,25,2,23,8.00,2,1,2021-02-05,2024-12-19,Affected,10.1,Sanitized aggregate from ASF laboratory-results Google Sheet; farmer names and farm identifiers excluded.,25,2,23,0,0,0,0,0,0,0,0,0,0,0,0
Cagayan,Baggao,Taytay,8,14,4,10,28.57,2,2,2021-11-05,2023-11-14,Affected,21.0,Sanitized aggregate from ASF laboratory-results Google Sheet; farmer names and farm identifiers excluded.,14,4,10,0,0,0,0,0,0,0,0,0,0,0,0
Cagayan,Baggao,Tungel,2,5,0,5,0.00,1,0,2023-11-14,2023-11-14,At-risk,5.5,Sanitized aggregate from ASF laboratory-results Google Sheet; farmer names and farm identifiers excluded.,5,0,5,0,0,0,0,0,0,0,0,0,0,0,0
Cagayan,Baggao,"Zone 2, Asinga",1,1,1,0,100.00,1,1,2022-01-21,2022-01-21,Affected,38.5,Sanitized aggregate from ASF laboratory-results Google Sheet; farmer names and farm identifiers excluded.,1,1,0,0,0,0,0,0,0,0,0,0,0,0,0
Cagayan,Baggao,"Zone 3, Asinga",2,2,1,1,50.00,1,1,2022-01-21,2022-01-21,Affected,21.1,Sanitized aggregate from ASF laboratory-results Google Sheet; farmer names and farm identifiers excluded.,2,1,1,0,0,0,0,0,0,0,0,0,0,0,0
Cagayan,Ballesteros,Ammubuan,8,9,1,8,11.11,2,1,2021-11-04,2023-03-29,Affected,8.2,Sanitized aggregate from ASF laboratory-results Google Sheet; farmer names and farm identifiers excluded.,3,1,2,0,0,0,6,0,6,0,0,0,0,0,0
Cagayan,Ballesteros,Baran,10,11,1,10,9.09,2,1,2021-11-04,2024-11-22,Affected,7.7,Sanitized aggregate from ASF laboratory-results Google Sheet; farmer names and farm identifiers excluded.,5,1,4,0,0,0,6,0,6,0,0,0,0,0,0
Cagayan,Ballesteros,Cabaritan West,5,8,0,8,0.00,2,0,2021-08-12,2023-03-06,At-risk,5.8,Sanitized aggregate from ASF laboratory-results Google Sheet; farmer names and farm identifiers excluded.,5,0,5,0,0,0,3,0,3,0,0,0,0,0,0
Cagayan,Ballesteros,Cabayu,1,1,1,0,100.00,1,1,2024-11-06,2024-11-06,Affected,38.5,Sanitized aggregate from ASF laboratory-results Google Sheet; farmer names and farm identifiers excluded.,1,1,0,0,0,0,0,0,0,0,0,0,0,0,0
Cagayan,Ballesteros,Cabuluan East,2,2,0,2,0.00,1,0,2022-03-21,2022-03-21,At-risk,5.2,Sanitized aggregate from ASF laboratory-results Google Sheet; farmer names and farm identifiers excluded.,2,0,2,0,0,0,0,0,0,0,0,0,0,0,0
Cagayan,Ballesteros,Canuluan East,2,2,2,0,100.00,1,1,2024-10-30,2024-10-30,Affected,40.0,Sanitized aggregate from ASF laboratory-results Google Sheet; farmer names and farm identifiers excluded.,2,2,0,0,0,0,0,0,0,0,0,0,0,0,0
Cagayan,Ballesteros,Centro East,1,5,0,5,0.00,1,0,2022-02-08,2022-02-08,At-risk,5.5,Sanitized aggregate from ASF laboratory-results Google Sheet; farmer names and farm identifiers excluded.,0,0,0,0,0,0,5,0,5,0,0,0,0,0,0
Cagayan,Ballesteros,Centro West,7,7,0,7,0.00,1,0,2023-03-06,2023-03-29,At-risk,5.7,Sanitized aggregate from ASF laboratory-results Google Sheet; farmer names and farm identifiers excluded.,0,0,0,0,0,0,7,0,7,0,0,0,0,0,0
Cagayan,Ballesteros,Fugu,2,2,1,1,50.00,1,1,2023-03-29,2024-10-30,Affected,21.1,Sanitized aggregate from ASF laboratory-results Google Sheet; farmer names and farm identifiers excluded.,1,1,0,0,0,0,1,0,1,0,0,0,0,0,0
Cagayan,Ballesteros,Mabutal West,1,1,1,0,100.00,1,1,2024-10-29,2024-10-29,Affected,38.5,Sanitized aggregate from ASF laboratory-results Google Sheet; farmer names and farm identifiers excluded.,1,1,0,0,0,0,0,0,0,0,0,0,0,0,0
Cagayan,Ballesteros,Mabuttal,4,4,2,2,50.00,1,1,2023-03-06,2024-10-30,Affected,22.7,Sanitized aggregate from ASF laboratory-results Google Sheet; farmer names and farm identifiers excluded.,2,2,0,0,0,0,2,0,2,0,0,0,0,0,0
Cagayan,Ballesteros,Mabuttal East,3,3,0,3,0.00,1,0,2022-03-21,2023-03-29,At-risk,5.3,Sanitized aggregate from ASF laboratory-results Google Sheet; farmer names and farm identifiers excluded.,2,0,2,0,0,0,1,0,1,0,0,0,0,0,0
Cagayan,Ballesteros,Mabuttal West,1,1,0,1,0.00,1,0,2023-03-29,2023-03-29,At-risk,5.1,Sanitized aggregate from ASF laboratory-results Google Sheet; farmer names and farm identifiers excluded.,0,0,0,0,0,0,1,0,1,0,0,0,0,0,0
Cagayan,Ballesteros,N/A,5,36,31,5,86.11,1,1,2021-10-26,2022-01-05,Affected,70.7,Sanitized aggregate from ASF laboratory-results Google Sheet; farmer names and farm identifiers excluded.,31,31,0,0,0,0,5,0,5,0,0,0,0,0,0
Cagayan,Ballesteros,Nararagan,14,25,3,22,12.00,2,1,2021-09-09,2023-03-29,Affected,12.9,Sanitized aggregate from ASF laboratory-results Google Sheet; farmer names and farm identifiers excluded.,7,3,4,0,0,0,18,0,18,0,0,0,0,0,0
Cagayan,Ballesteros,Palloc,10,15,2,13,13.33,2,1,2021-08-12,2023-03-29,Affected,11.0,Sanitized aggregate from ASF laboratory-results Google Sheet; farmer names and farm identifiers excluded.,4,2,2,0,0,0,11,0,11,0,0,0,0,0,0
Cagayan,Ballesteros,Payagan East,10,18,1,17,5.56,2,1,2021-07-26,2023-11-21,Affected,7.1,Sanitized aggregate from ASF laboratory-results Google Sheet; farmer names and farm identifiers excluded.,9,1,8,0,0,0,9,0,9,0,0,0,0,0,0
Cagayan,Ballesteros,Payagan West,11,11,0,11,0.00,1,0,2023-03-06,2023-03-29,At-risk,6.1,Sanitized aggregate from ASF laboratory-results Google Sheet; farmer names and farm identifiers excluded.,0,0,0,0,0,0,11,0,11,0,0,0,0,0,0
Cagayan,Ballesteros,Payorgan,1,1,1,0,100.00,1,1,2024-10-30,2024-10-30,Affected,38.5,Sanitized aggregate from ASF laboratory-results Google Sheet; farmer names and farm identifiers excluded.,1,1,0,0,0,0,0,0,0,0,0,0,0,0,0
Cagayan,Ballesteros,Puyagan East,1,1,1,0,100.00,1,1,2024-11-22,2024-11-22,Affected,38.5,Sanitized aggregate from ASF laboratory-results Google Sheet; farmer names and farm identifiers excluded.,1,1,0,0,0,0,0,0,0,0,0,0,0,0,0
Cagayan,Ballesteros,San Juan,3,3,3,0,100.00,1,1,2024-11-06,2024-11-22,Affected,41.5,Sanitized aggregate from ASF laboratory-results Google Sheet; farmer names and farm identifiers excluded.,3,3,0,0,0,0,0,0,0,0,0,0,0,0,0
Cagayan,Ballesteros,Sta. Cruz,9,35,0,35,0.00,1,0,2022-01-05,2023-03-29,At-risk,8.5,Sanitized aggregate from ASF laboratory-results Google Sheet; farmer names and farm identifiers excluded.,2,0,2,0,0,0,33,0,33,0,0,0,0,0,0
Cagayan,Ballesteros,Zitanga,15,32,21,11,65.62,2,2,2021-08-20,2024-11-06,Affected,59.6,Sanitized aggregate from ASF laboratory-results Google Sheet; farmer names and farm identifiers excluded.,24,15,9,6,6,0,2,0,2,0,0,0,0,0,0
Cagayan,Buguey,Ballang,2,6,0,6,0.00,1,0,2022-02-24,2022-11-14,At-risk,5.6,Sanitized aggregate from ASF laboratory-results Google Sheet; farmer names and farm identifiers excluded.,1,0,1,0,0,0,5,0,5,0,0,0,0,0,0
Cagayan,Buguey,Cabaritan,1,1,0,1,0.00,1,0,2022-11-14,2022-11-14,At-risk,5.1,Sanitized aggregate from ASF laboratory-results Google Sheet; farmer names and farm identifiers excluded.,1,0,1,0,0,0,0,0,0,0,0,0,0,0,0
Cagayan,Buguey,Centro,1,2,0,2,0.00,1,0,2025-04-04,2025-04-04,At-risk,5.2,Sanitized aggregate from ASF laboratory-results Google Sheet; farmer names and farm identifiers excluded.,2,0,2,0,0,0,0,0,0,0,0,0,0,0,0
Cagayan,Buguey,Maddalero,5,10,0,10,0.00,1,0,2022-02-24,2024-07-09,At-risk,6.0,Sanitized aggregate from ASF laboratory-results Google Sheet; farmer names and farm identifiers excluded.,5,0,5,0,0,0,5,0,5,0,0,0,0,0,0
Cagayan,Buguey,N/A,1,1,1,0,100.00,1,1,2024-11-06,2024-11-06,Affected,38.5,Sanitized aggregate from ASF laboratory-results Google Sheet; farmer names and farm identifiers excluded.,1,1,0,0,0,0,0,0,0,0,0,0,0,0,0
Cagayan,Buguey,Paddaya East,3,15,0,15,0.00,1,0,2022-02-24,2022-02-24,At-risk,6.5,Sanitized aggregate from ASF laboratory-results Google Sheet; farmer names and farm identifiers excluded.,0,0,0,0,0,0,15,0,15,0,0,0,0,0,0
Cagayan,Buguey,Paddaya Este,1,6,6,0,100.00,1,1,2024-04-11,2024-04-11,Affected,46.0,Sanitized aggregate from ASF laboratory-results Google Sheet; farmer names and farm identifiers excluded.,6,6,0,0,0,0,0,0,0,0,0,0,0,0,0
Cagayan,Buguey,Paddaya West,9,25,0,25,0.00,1,0,2022-02-24,2022-11-14,At-risk,7.5,Sanitized aggregate from ASF laboratory-results Google Sheet; farmer names and farm identifiers excluded.,5,0,5,0,0,0,20,0,20,0,0,0,0,0,0
Cagayan,Buguey,Pattao,19,75,17,58,22.67,2,1,2021-02-09,2022-11-14,Affected,41.2,Sanitized aggregate from ASF laboratory-results Google Sheet; farmer names and farm identifiers excluded.,35,17,18,0,0,0,40,0,40,0,0,0,0,0,0
Cagayan,Buguey,Rebella,1,3,3,0,100.00,1,1,2023-04-25,2023-04-25,Affected,41.5,Sanitized aggregate from ASF laboratory-results Google Sheet; farmer names and farm identifiers excluded.,3,3,0,0,0,0,0,0,0,0,0,0,0,0,0
Cagayan,Buguey,Remebella,1,1,1,0,100.00,1,1,2024-11-06,2024-11-06,Affected,38.5,Sanitized aggregate from ASF laboratory-results Google Sheet; farmer names and farm identifiers excluded.,1,1,0,0,0,0,0,0,0,0,0,0,0,0,0
Cagayan,Buguey,San Lorenzo,2,3,0,3,0.00,1,0,2024-11-06,2024-11-06,At-risk,5.3,Sanitized aggregate from ASF laboratory-results Google Sheet; farmer names and farm identifiers excluded.,3,0,3,0,0,0,0,0,0,0,0,0,0,0,0
Cagayan,Buguey,San Vicente,2,4,4,0,100.00,1,1,2024-04-11,2024-04-11,Affected,43.0,Sanitized aggregate from ASF laboratory-results Google Sheet; farmer names and farm identifiers excluded.,4,4,0,0,0,0,0,0,0,0,0,0,0,0,0
Cagayan,Buguey,Sta. Isabel,1,1,1,0,100.00,1,1,2024-11-06,2024-11-06,Affected,38.5,Sanitized aggregate from ASF laboratory-results Google Sheet; farmer names and farm identifiers excluded.,1,1,0,0,0,0,0,0,0,0,0,0,0,0,0
Cagayan,Buguey,Tabbac,7,18,8,10,44.44,1,1,2022-02-24,2022-11-14,Affected,30.6,Sanitized aggregate from ASF laboratory-results Google Sheet; farmer names and farm identifiers excluded.,13,8,5,0,0,0,5,0,5,0,0,0,0,0,0
Cagayan,Buguey,Villa Gracia,1,3,3,0,100.00,1,1,2024-11-06,2024-11-06,Affected,41.5,Sanitized aggregate from ASF laboratory-results Google Sheet; farmer names and farm identifiers excluded.,3,3,0,0,0,0,0,0,0,0,0,0,0,0,0
Cagayan,Buguey,Villa Leonora,1,1,0,1,0.00,1,0,2022-11-14,2022-11-14,At-risk,5.1,Sanitized aggregate from ASF laboratory-results Google Sheet; farmer names and farm identifiers excluded.,1,0,1,0,0,0,0,0,0,0,0,0,0,0,0
Cagayan,CAMALANIUGAN,AGUSI,1,2,0,2,0.00,1,0,2021-02-09,2021-02-09,At-risk,5.2,Sanitized aggregate from ASF laboratory-results Google Sheet; farmer names and farm identifiers excluded.,2,0,2,0,0,0,0,0,0,0,0,0,0,0,0
Cagayan,CLAVERIA,BACSAY CATARAOAN NORTE,1,5,0,5,0.00,1,0,2021-09-17,2021-09-17,At-risk,5.5,Sanitized aggregate from ASF laboratory-results Google Sheet; farmer names and farm identifiers excluded.,5,0,5,0,0,0,0,0,0,0,0,0,0,0,0
Cagayan,CLAVERIA,BIBALIO,1,3,0,3,0.00,1,0,2021-08-20,2021-08-20,At-risk,5.3,Sanitized aggregate from ASF laboratory-results Google Sheet; farmer names and farm identifiers excluded.,3,0,3,0,0,0,0,0,0,0,0,0,0,0,0
Cagayan,CLAVERIA,CALCADIR EAST,1,3,0,3,0.00,1,0,2021-08-20,2021-08-20,At-risk,5.3,Sanitized aggregate from ASF laboratory-results Google Sheet; farmer names and farm identifiers excluded.,3,0,3,0,0,0,0,0,0,0,0,0,0,0,0
Cagayan,CLAVERIA,CATARAWAN NORTE,1,5,5,0,100.00,1,1,2021-08-23,2021-08-23,Affected,44.5,Sanitized aggregate from ASF laboratory-results Google Sheet; farmer names and farm identifiers excluded.,5,5,0,0,0,0,0,0,0,0,0,0,0,0,0
Cagayan,CLAVERIA,LUZON,2,6,5,1,83.33,1,1,2021-08-06,2021-11-10,Affected,38.8,Sanitized aggregate from ASF laboratory-results Google Sheet; farmer names and farm identifiers excluded.,6,5,1,0,0,0,0,0,0,0,0,0,0,0,0
Cagayan,CLAVERIA,STA MARIA,1,2,2,0,100.00,1,1,2021-08-17,2021-08-17,Affected,40.0,Sanitized aggregate from ASF laboratory-results Google Sheet; farmer names and farm identifiers excluded.,2,2,0,0,0,0,0,0,0,0,0,0,0,0,0
Cagayan,Camalaniugan,Bantay,1,2,0,2,0.00,1,0,2023-01-06,2023-01-06,At-risk,5.2,Sanitized aggregate from ASF laboratory-results Google Sheet; farmer names and farm identifiers excluded.,2,0,2,0,0,0,0,0,0,0,0,0,0,0,0
Cagayan,Camalaniugan,Batalla,2,3,0,3,0.00,2,0,2021-02-19,2023-01-06,At-risk,5.3,Sanitized aggregate from ASF laboratory-results Google Sheet; farmer names and farm identifiers excluded.,3,0,3,0,0,0,0,0,0,0,0,0,0,0,0
Cagayan,Camalaniugan,Bucalafugu,3,15,2,13,13.33,2,1,2021-11-05,2022-01-05,Affected,11.0,Sanitized aggregate from ASF laboratory-results Google Sheet; farmer names and farm identifiers excluded.,10,2,8,0,0,0,5,0,5,0,0,0,0,0,0
Cagayan,Camalaniugan,Bulala,5,6,0,6,0.00,1,0,2023-01-06,2023-01-06,At-risk,5.6,Sanitized aggregate from ASF laboratory-results Google Sheet; farmer names and farm identifiers excluded.,6,0,6,0,0,0,0,0,0,0,0,0,0,0,0
Cagayan,Camalaniugan,Casili,1,1,0,1,0.00,1,0,2023-01-06,2023-01-06,At-risk,5.1,Sanitized aggregate from ASF laboratory-results Google Sheet; farmer names and farm identifiers excluded.,1,0,1,0,0,0,0,0,0,0,0,0,0,0,0
Cagayan,Camalaniugan,Catotoran,2,3,2,1,66.67,1,1,2023-01-06,2023-01-06,Affected,28.4,Sanitized aggregate from ASF laboratory-results Google Sheet; farmer names and farm identifiers excluded.,3,2,1,0,0,0,0,0,0,0,0,0,0,0,0
Cagayan,Camalaniugan,Dugo,4,8,0,8,0.00,1,0,2021-07-24,2021-07-26,At-risk,5.8,Sanitized aggregate from ASF laboratory-results Google Sheet; farmer names and farm identifiers excluded.,8,0,8,0,0,0,0,0,0,0,0,0,0,0,0
Cagayan,Camalaniugan,Gen. Batalla,12,34,4,30,11.76,2,1,2021-03-16,2022-01-05,Affected,15.1,Sanitized aggregate from ASF laboratory-results Google Sheet; farmer names and farm identifiers excluded.,29,4,25,0,0,0,5,0,5,0,0,0,0,0,0
Cagayan,Camalaniugan,Gen. Battala,2,9,3,6,33.33,1,1,2021-07-26,2021-07-26,Affected,18.8,Sanitized aggregate from ASF laboratory-results Google Sheet; farmer names and farm identifiers excluded.,9,3,6,0,0,0,0,0,0,0,0,0,0,0,0
Cagayan,Camalaniugan,N/A,8,30,0,30,0.00,1,0,2021-08-04,2024-10-17,At-risk,8.0,Sanitized aggregate from ASF laboratory-results Google Sheet; farmer names and farm identifiers excluded.,29,0,29,0,0,0,1,0,1,0,0,0,0,0,0
Cagayan,Camalaniugan,Pugo,1,5,0,5,0.00,1,0,2022-01-05,2022-01-05,At-risk,5.5,Sanitized aggregate from ASF laboratory-results Google Sheet; farmer names and farm identifiers excluded.,0,0,0,0,0,0,5,0,5,0,0,0,0,0,0
Cagayan,Camalaniugan,Tulutuging,1,1,0,1,0.00,1,0,2023-01-06,2023-01-06,At-risk,5.1,Sanitized aggregate from ASF laboratory-results Google Sheet; farmer names and farm identifiers excluded.,1,0,1,0,0,0,0,0,0,0,0,0,0,0,0
Cagayan,Camalaniugan,Ziminila,3,6,0,6,0.00,1,0,2023-01-06,2023-01-06,At-risk,5.6,Sanitized aggregate from ASF laboratory-results Google Sheet; farmer names and farm identifiers excluded.,6,0,6,0,0,0,0,0,0,0,0,0,0,0,0
Cagayan,Claveria,Alimoan,2,6,0,6,0.00,1,0,2023-10-17,2023-10-17,At-risk,5.6,Sanitized aggregate from ASF laboratory-results Google Sheet; farmer names and farm identifiers excluded.,6,0,6,0,0,0,0,0,0,0,0,0,0,0,0
Cagayan,Claveria,Bacsay,3,7,0,7,0.00,1,0,2022-01-05,2022-07-28,At-risk,5.7,Sanitized aggregate from ASF laboratory-results Google Sheet; farmer names and farm identifiers excluded.,0,0,0,0,0,0,7,0,7,0,0,0,0,0,0
Cagayan,Claveria,Buenavista,24,38,0,38,0.00,1,0,2023-03-06,2023-09-08,At-risk,8.8,Sanitized aggregate from ASF laboratory-results Google Sheet; farmer names and farm identifiers excluded.,22,0,22,0,0,0,16,0,16,0,0,0,0,0,0
Cagayan,Claveria,Cadcadir,1,3,0,3,0.00,1,0,2023-10-17,2023-10-17,At-risk,5.3,Sanitized aggregate from ASF laboratory-results Google Sheet; farmer names and farm identifiers excluded.,3,0,3,0,0,0,0,0,0,0,0,0,0,0,0
Cagayan,Claveria,Capinnikian,3,9,0,9,0.00,1,0,2023-10-17,2023-10-17,At-risk,5.9,Sanitized aggregate from ASF laboratory-results Google Sheet; farmer names and farm identifiers excluded.,9,0,9,0,0,0,0,0,0,0,0,0,0,0,0
Cagayan,Claveria,Catarauan Norte,1,5,0,5,0.00,1,0,2022-01-05,2022-01-05,At-risk,5.5,Sanitized aggregate from ASF laboratory-results Google Sheet; farmer names and farm identifiers excluded.,0,0,0,0,0,0,5,0,5,0,0,0,0,0,0
Cagayan,Claveria,Centro 1,1,3,0,3,0.00,1,0,2023-10-17,2023-10-17,At-risk,5.3,Sanitized aggregate from ASF laboratory-results Google Sheet; farmer names and farm identifiers excluded.,3,0,3,0,0,0,0,0,0,0,0,0,0,0,0
Cagayan,Claveria,Centro 4,4,12,5,7,41.67,2,1,2021-09-30,2022-07-28,Affected,24.8,Sanitized aggregate from ASF laboratory-results Google Sheet; farmer names and farm identifiers excluded.,5,5,0,0,0,0,7,0,7,0,0,0,0,0,0
Cagayan,Claveria,Centro 6,1,3,0,3,0.00,1,0,2023-10-17,2023-10-17,At-risk,5.3,Sanitized aggregate from ASF laboratory-results Google Sheet; farmer names and farm identifiers excluded.,3,0,3,0,0,0,0,0,0,0,0,0,0,0,0
Cagayan,Claveria,Centro 7,4,12,1,11,8.33,2,1,2021-08-27,2023-10-17,Affected,7.5,Sanitized aggregate from ASF laboratory-results Google Sheet; farmer names and farm identifiers excluded.,7,1,6,0,0,0,5,0,5,0,0,0,0,0,0
Cagayan,Claveria,Centro 8,17,45,11,34,24.44,2,2,2021-07-26,2023-10-17,Affected,32.5,Sanitized aggregate from ASF laboratory-results Google Sheet; farmer names and farm identifiers excluded.,23,11,12,0,0,0,22,0,22,0,0,0,0,0,0
Cagayan,Claveria,Culao,1,3,0,3,0.00,1,0,2023-10-17,2023-10-17,At-risk,5.3,Sanitized aggregate from ASF laboratory-results Google Sheet; farmer names and farm identifiers excluded.,3,0,3,0,0,0,0,0,0,0,0,0,0,0,0
Cagayan,Claveria,Dibalio,5,6,2,4,33.33,2,1,2021-07-29,2022-07-28,Affected,17.1,Sanitized aggregate from ASF laboratory-results Google Sheet; farmer names and farm identifiers excluded.,4,2,2,0,0,0,2,0,2,0,0,0,0,0,0
Cagayan,Claveria,Dibalo,1,5,0,5,0.00,1,0,2022-01-05,2022-01-05,At-risk,5.5,Sanitized aggregate from ASF laboratory-results Google Sheet; farmer names and farm identifiers excluded.,0,0,0,0,0,0,5,0,5,0,0,0,0,0,0
Cagayan,Claveria,Dibbalo,1,1,0,1,0.00,1,0,2023-03-29,2023-03-29,At-risk,5.1,Sanitized aggregate from ASF laboratory-results Google Sheet; farmer names and farm identifiers excluded.,0,0,0,0,0,0,1,0,1,0,0,0,0,0,0
Cagayan,Claveria,Kikiling,4,12,0,12,0.00,1,0,2023-10-17,2023-10-17,At-risk,6.2,Sanitized aggregate from ASF laboratory-results Google Sheet; farmer names and farm identifiers excluded.,12,0,12,0,0,0,0,0,0,0,0,0,0,0,0
Cagayan,Claveria,Lablabig,1,22,0,22,0.00,1,0,2024-03-15,2024-03-15,At-risk,7.2,Sanitized aggregate from ASF laboratory-results Google Sheet; farmer names and farm identifiers excluded.,22,0,22,0,0,0,0,0,0,0,0,0,0,0,0
Cagayan,Claveria,Mabnag,2,6,0,6,0.00,1,0,2023-10-17,2023-10-17,At-risk,5.6,Sanitized aggregate from ASF laboratory-results Google Sheet; farmer names and farm identifiers excluded.,6,0,6,0,0,0,0,0,0,0,0,0,0,0,0
Cagayan,Claveria,N/A,1,8,0,8,0.00,1,0,2022-01-05,2022-01-05,At-risk,5.8,Sanitized aggregate from ASF laboratory-results Google Sheet; farmer names and farm identifiers excluded.,0,0,0,0,0,0,8,0,8,0,0,0,0,0,0
Cagayan,Claveria,San Antonio,2,2,0,2,0.00,1,0,2023-03-06,2023-03-29,At-risk,5.2,Sanitized aggregate from ASF laboratory-results Google Sheet; farmer names and farm identifiers excluded.,0,0,0,0,0,0,2,0,2,0,0,0,0,0,0
Cagayan,Claveria,San Isidro,10,20,5,15,25.00,1,1,2022-08-05,2023-09-08,Affected,19.8,Sanitized aggregate from ASF laboratory-results Google Sheet; farmer names and farm identifiers excluded.,14,5,9,0,0,0,6,0,6,0,0,0,0,0,0
Cagayan,Claveria,Sta. Maria,13,42,1,41,2.38,1,1,2021-07-26,2024-03-15,Affected,8.4,Sanitized aggregate from ASF laboratory-results Google Sheet; farmer names and farm identifiers excluded.,23,1,22,0,0,0,19,0,19,0,0,0,0,0,0
Cagayan,Claveria,Sto. Niño,9,17,1,16,5.88,1,1,2021-07-29,2023-09-08,Affected,7.2,Sanitized aggregate from ASF laboratory-results Google Sheet; farmer names and farm identifiers excluded.,7,1,6,0,0,0,10,0,10,0,0,0,0,0,0
Cagayan,Claveria,Tabbugan,13,39,11,28,28.21,2,1,2021-08-06,2023-10-17,Affected,31.2,Sanitized aggregate from ASF laboratory-results Google Sheet; farmer names and farm identifiers excluded.,29,11,18,0,0,0,10,0,10,0,0,0,0,0,0
Cagayan,Claveria,Tabbuyan,1,1,0,1,0.00,1,0,2023-03-06,2023-03-06,At-risk,5.1,Sanitized aggregate from ASF laboratory-results Google Sheet; farmer names and farm identifiers excluded.,0,0,0,0,0,0,1,0,1,0,0,0,0,0,0
Cagayan,Claveria,Taggat Sur,3,9,0,9,0.00,1,0,2023-10-17,2023-10-17,At-risk,5.9,Sanitized aggregate from ASF laboratory-results Google Sheet; farmer names and farm identifiers excluded.,9,0,9,0,0,0,0,0,0,0,0,0,0,0,0
Cagayan,Claveria,Union,2,5,2,3,40.00,1,1,2022-08-22,2023-10-17,Affected,19.3,Sanitized aggregate from ASF laboratory-results Google Sheet; farmer names and farm identifiers excluded.,5,2,3,0,0,0,0,0,0,0,0,0,0,0,0
Cagayan,ENRILE,MAGALANG EAST,1,6,6,0,100.00,1,1,2021-03-04,2021-03-04,Affected,46.0,Sanitized aggregate from ASF laboratory-results Google Sheet; farmer names and farm identifiers excluded.,6,6,0,0,0,0,0,0,0,0,0,0,0,0,0
Cagayan,ENRILE,ROMA,1,5,0,5,0.00,1,0,2021-12-21,2021-12-21,At-risk,5.5,Sanitized aggregate from ASF laboratory-results Google Sheet; farmer names and farm identifiers excluded.,0,0,0,0,0,0,5,0,5,0,0,0,0,0,0
Cagayan,Enrile,Alibago,10,20,9,11,45.00,1,1,2020-09-30,2024-12-17,Affected,32.4,Sanitized aggregate from ASF laboratory-results Google Sheet; farmer names and farm identifiers excluded.,20,9,11,0,0,0,0,0,0,0,0,0,0,0,0
Cagayan,Enrile,Barangay 2,3,3,0,3,0.00,1,0,2022-02-24,2022-02-24,At-risk,5.3,Sanitized aggregate from ASF laboratory-results Google Sheet; farmer names and farm identifiers excluded.,0,0,0,0,0,0,0,0,0,3,0,3,0,0,0
Cagayan,Enrile,Batu,3,6,4,2,66.67,1,1,2023-10-06,2024-12-20,Affected,31.5,Sanitized aggregate from ASF laboratory-results Google Sheet; farmer names and farm identifiers excluded.,6,4,2,0,0,0,0,0,0,0,0,0,0,0,0
Cagayan,Enrile,Brgy 2,1,2,0,2,0.00,1,0,2024-11-19,2024-11-19,At-risk,5.2,Sanitized aggregate from ASF laboratory-results Google Sheet; farmer names and farm identifiers excluded.,2,0,2,0,0,0,0,0,0,0,0,0,0,0,0
Cagayan,Enrile,Brgy 4,1,2,0,2,0.00,1,0,2023-10-06,2023-10-06,At-risk,5.2,Sanitized aggregate from ASF laboratory-results Google Sheet; farmer names and farm identifiers excluded.,2,0,2,0,0,0,0,0,0,0,0,0,0,0,0
Cagayan,Enrile,Brgy. 2,2,6,3,3,50.00,1,1,2024-09-13,2024-10-10,Affected,24.3,Sanitized aggregate from ASF laboratory-results Google Sheet; farmer names and farm identifiers excluded.,6,3,3,0,0,0,0,0,0,0,0,0,0,0,0
Cagayan,Enrile,Brgy. 4,5,10,10,0,100.00,1,1,2024-08-12,2024-10-08,Affected,52.0,Sanitized aggregate from ASF laboratory-results Google Sheet; farmer names and farm identifiers excluded.,10,10,0,0,0,0,0,0,0,0,0,0,0,0,0
Cagayan,Enrile,Centro,1,2,2,0,100.00,1,1,2020-12-15,2020-12-15,Affected,40.0,Sanitized aggregate from ASF laboratory-results Google Sheet; farmer names and farm identifiers excluded.,2,2,0,0,0,0,0,0,0,0,0,0,0,0,0
Cagayan,Enrile,Divisoria,17,37,9,29,24.32,2,1,2020-12-10,2024-10-14,Affected,26.8,Sanitized aggregate from ASF laboratory-results Google Sheet; farmer names and farm identifiers excluded.,31,9,23,0,0,0,5,0,5,1,0,1,0,0,0
Cagayan,Enrile,Inga,9,14,6,8,42.86,1,1,2022-03-21,2024-09-24,Affected,26.8,Sanitized aggregate from ASF laboratory-results Google Sheet; farmer names and farm identifiers excluded.,14,6,8,0,0,0,0,0,0,0,0,0,0,0,0
Cagayan,Enrile,Lanna,26,240,47,193,19.58,2,1,2020-08-26,2024-12-10,Affected,53.9,Sanitized aggregate from ASF laboratory-results Google Sheet; farmer names and farm identifiers excluded.,159,47,112,0,0,0,78,0,78,3,0,3,0,0,0
Cagayan,Enrile,Lemu Norte,16,33,6,27,18.18,1,1,2022-03-14,2024-12-03,Affected,20.1,Sanitized aggregate from ASF laboratory-results Google Sheet; farmer names and farm identifiers excluded.,33,6,27,0,0,0,0,0,0,0,0,0,0,0,0
Cagayan,Enrile,Lemu Sur,12,25,3,22,12.00,1,1,2022-01-06,2024-11-15,Affected,12.9,Sanitized aggregate from ASF laboratory-results Google Sheet; farmer names and farm identifiers excluded.,25,3,22,0,0,0,0,0,0,0,0,0,0,0,0
Cagayan,Enrile,Liwan Norte,9,20,8,12,40.00,1,1,2023-10-05,2024-10-21,Affected,29.2,Sanitized aggregate from ASF laboratory-results Google Sheet; farmer names and farm identifiers excluded.,20,8,12,0,0,0,0,0,0,0,0,0,0,0,0
Cagayan,Enrile,Liwan Sur,18,49,25,24,51.02,2,1,2020-09-10,2024-11-06,Affected,59.8,Sanitized aggregate from ASF laboratory-results Google Sheet; farmer names and farm identifiers excluded.,43,25,18,0,0,0,5,0,5,1,0,1,0,0,0
Cagayan,Enrile,Maddarulug Norte,2,4,4,0,100.00,1,1,2024-09-27,2024-10-16,Affected,43.0,Sanitized aggregate from ASF laboratory-results Google Sheet; farmer names and farm identifiers excluded.,4,4,0,0,0,0,0,0,0,0,0,0,0,0,0
Cagayan,Enrile,Maddarulug Sur,3,7,0,7,0.00,1,0,2023-10-06,2023-10-06,At-risk,5.7,Sanitized aggregate from ASF laboratory-results Google Sheet; farmer names and farm identifiers excluded.,7,0,7,0,0,0,0,0,0,0,0,0,0,0,0
Cagayan,Enrile,Magalalag East,3,7,2,5,28.57,1,1,2023-10-06,2024-12-03,Affected,15.5,Sanitized aggregate from ASF laboratory-results Google Sheet; farmer names and farm identifiers excluded.,7,2,5,0,0,0,0,0,0,0,0,0,0,0,0
Cagayan,Enrile,Maracuru,5,12,4,8,33.33,1,1,2023-10-06,2024-09-20,Affected,20.5,Sanitized aggregate from ASF laboratory-results Google Sheet; farmer names and farm identifiers excluded.,12,4,8,0,0,0,0,0,0,0,0,0,0,0,0
Cagayan,Enrile,Marracuru,7,11,7,4,63.64,1,1,2022-03-18,2024-10-14,Affected,35.2,Sanitized aggregate from ASF laboratory-results Google Sheet; farmer names and farm identifiers excluded.,11,7,4,0,0,0,0,0,0,0,0,0,0,0,0
Cagayan,Enrile,N/A,17,82,0,82,0.00,1,0,2022-01-05,2022-01-05,At-risk,13.2,Sanitized aggregate from ASF laboratory-results Google Sheet; farmer names and farm identifiers excluded.,2,0,2,0,0,0,80,0,80,0,0,0,0,0,0
Cagayan,Enrile,Roma Norte,3,4,2,2,50.00,2,1,2021-12-10,2024-10-14,Affected,22.7,Sanitized aggregate from ASF laboratory-results Google Sheet; farmer names and farm identifiers excluded.,3,2,1,0,0,0,0,0,0,1,0,1,0,0,0
Cagayan,Enrile,Roma Sur,16,37,5,32,13.51,2,1,2021-12-10,2024-10-16,Affected,17.4,Sanitized aggregate from ASF laboratory-results Google Sheet; farmer names and farm identifiers excluded.,13,5,8,0,0,0,20,0,20,4,0,4,0,0,0
Cagayan,Enrile,San Antonio,7,14,2,12,14.29,1,1,2023-10-06,2024-10-30,Affected,11.2,Sanitized aggregate from ASF laboratory-results Google Sheet; farmer names and farm identifiers excluded.,14,2,12,0,0,0,0,0,0,0,0,0,0,0,0
Cagayan,Enrile,San Jose,16,39,2,37,5.13,2,1,2021-12-10,2024-11-29,Affected,10.5,Sanitized aggregate from ASF laboratory-results Google Sheet; farmer names and farm identifiers excluded.,12,2,10,0,0,0,25,0,25,2,0,2,0,0,0
Cagayan,Enrile,San Roque,4,7,4,3,57.14,1,1,2023-10-06,2024-11-19,Affected,28.3,Sanitized aggregate from ASF laboratory-results Google Sheet; farmer names and farm identifiers excluded.,7,4,3,0,0,0,0,0,0,0,0,0,0,0,0
Cagayan,GATTARAN,ADVIENTO,1,1,1,0,100.00,1,1,2021-12-16,2021-12-16,Affected,38.5,Sanitized aggregate from ASF laboratory-results Google Sheet; farmer names and farm identifiers excluded.,0,0,0,0,0,0,1,1,0,0,0,0,0,0,0
Cagayan,GATTARAN,CULLIT,2,2,0,2,0.00,1,0,2021-05-11,2021-05-11,At-risk,5.2,Sanitized aggregate from ASF laboratory-results Google Sheet; farmer names and farm identifiers excluded.,2,0,2,0,0,0,0,0,0,0,0,0,0,0,0
Cagayan,GATTARAN,PINA ESTE,1,1,1,0,100.00,1,1,2021-12-16,2021-12-16,Affected,38.5,Sanitized aggregate from ASF laboratory-results Google Sheet; farmer names and farm identifiers excluded.,0,0,0,0,0,0,1,1,0,0,0,0,0,0,0
Cagayan,GATTARAN,TANGLAGAN,1,2,0,2,0.00,1,0,2021-12-13,2021-12-13,At-risk,5.2,Sanitized aggregate from ASF laboratory-results Google Sheet; farmer names and farm identifiers excluded.,0,0,0,0,0,0,2,0,2,0,0,0,0,0,0
Cagayan,Gattaran,Aguiguican,15,32,9,23,28.12,1,1,2022-01-13,2025-09-23,Affected,27.6,Sanitized aggregate from ASF laboratory-results Google Sheet; farmer names and farm identifiers excluded.,23,5,18,0,0,0,9,4,5,0,0,0,0,0,0
Cagayan,Gattaran,Bangatan,4,8,2,6,25.00,1,1,2022-02-21,2024-11-22,Affected,14.4,Sanitized aggregate from ASF laboratory-results Google Sheet; farmer names and farm identifiers excluded.,8,2,6,0,0,0,0,0,0,0,0,0,0,0,0
Cagayan,Gattaran,Baraccaoit,2,4,2,2,50.00,1,1,2022-01-13,2022-01-13,Affected,22.7,Sanitized aggregate from ASF laboratory-results Google Sheet; farmer names and farm identifiers excluded.,0,0,0,0,0,0,4,2,2,0,0,0,0,0,0
Cagayan,Gattaran,Baracoit,1,2,0,2,0.00,1,0,2022-03-21,2022-03-21,At-risk,5.2,Sanitized aggregate from ASF laboratory-results Google Sheet; farmer names and farm identifiers excluded.,2,0,2,0,0,0,0,0,0,0,0,0,0,0,0
Cagayan,Gattaran,Baraoidan,17,46,0,46,0.00,1,0,2022-03-21,2023-09-26,At-risk,9.6,Sanitized aggregate from ASF laboratory-results Google Sheet; farmer names and farm identifiers excluded.,46,0,46,0,0,0,0,0,0,0,0,0,0,0,0
Cagayan,Gattaran,Basao,3,10,0,10,0.00,1,0,2024-10-16,2025-09-23,At-risk,6.0,Sanitized aggregate from ASF laboratory-results Google Sheet; farmer names and farm identifiers excluded.,10,0,10,0,0,0,0,0,0,0,0,0,0,0,0
Cagayan,Gattaran,Cabayu,3,7,3,4,42.86,1,1,2022-09-16,2024-10-21,Affected,21.9,Sanitized aggregate from ASF laboratory-results Google Sheet; farmer names and farm identifiers excluded.,5,2,3,2,1,1,0,0,0,0,0,0,0,0,0
Cagayan,Gattaran,Calaoagan Bassit,1,2,0,2,0.00,1,0,2023-07-20,2023-07-20,At-risk,5.2,Sanitized aggregate from ASF laboratory-results Google Sheet; farmer names and farm identifiers excluded.,2,0,2,0,0,0,0,0,0,0,0,0,0,0,0
Cagayan,Gattaran,Capiddigan,5,7,0,7,0.00,1,0,2023-02-10,2023-09-29,At-risk,5.7,Sanitized aggregate from ASF laboratory-results Google Sheet; farmer names and farm identifiers excluded.,7,0,7,0,0,0,0,0,0,0,0,0,0,0,0
Cagayan,Gattaran,Capissayan Sur,6,12,0,12,0.00,1,0,2023-07-20,2025-09-23,At-risk,6.2,Sanitized aggregate from ASF laboratory-results Google Sheet; farmer names and farm identifiers excluded.,12,0,12,0,0,0,0,0,0,0,0,0,0,0,0
Cagayan,Gattaran,Cas Norte,2,2,1,1,50.00,1,1,2024-11-22,2024-11-22,Affected,21.1,Sanitized aggregate from ASF laboratory-results Google Sheet; farmer names and farm identifiers excluded.,2,1,1,0,0,0,0,0,0,0,0,0,0,0,0
Cagayan,Gattaran,Cascallan Norte,1,2,0,2,0.00,1,0,2025-09-15,2025-09-15,At-risk,5.2,Sanitized aggregate from ASF laboratory-results Google Sheet; farmer names and farm identifiers excluded.,2,0,2,0,0,0,0,0,0,0,0,0,0,0,0
Cagayan,Gattaran,Casicalan,1,2,0,2,0.00,1,0,2022-03-21,2022-03-21,At-risk,5.2,Sanitized aggregate from ASF laboratory-results Google Sheet; farmer names and farm identifiers excluded.,2,0,2,0,0,0,0,0,0,0,0,0,0,0,0
Cagayan,Gattaran,Centro Norte,2,4,0,4,0.00,1,0,2022-03-21,2022-03-21,At-risk,5.4,Sanitized aggregate from ASF laboratory-results Google Sheet; farmer names and farm identifiers excluded.,4,0,4,0,0,0,0,0,0,0,0,0,0,0,0
Cagayan,Gattaran,Centro Sur,27,128,56,72,43.75,2,2,2021-12-27,2025-02-12,Affected,64.3,Sanitized aggregate from ASF laboratory-results Google Sheet; farmer names and farm identifiers excluded.,49,1,48,15,4,11,64,51,13,0,0,0,0,0,0
Cagayan,Gattaran,Culilit,1,1,0,1,0.00,1,0,2025-02-04,2025-02-04,At-risk,5.1,Sanitized aggregate from ASF laboratory-results Google Sheet; farmer names and farm identifiers excluded.,1,0,1,0,0,0,0,0,0,0,0,0,0,0,0
Cagayan,Gattaran,Cumao,4,6,0,6,0.00,1,0,2022-03-21,2022-03-21,At-risk,5.6,Sanitized aggregate from ASF laboratory-results Google Sheet; farmer names and farm identifiers excluded.,6,0,6,0,0,0,0,0,0,0,0,0,0,0,0
Cagayan,Gattaran,Cunig,6,10,3,7,30.00,2,1,2021-11-08,2023-09-29,Affected,17.7,Sanitized aggregate from ASF laboratory-results Google Sheet; farmer names and farm identifiers excluded.,10,3,7,0,0,0,0,0,0,0,0,0,0,0,0
Cagayan,Gattaran,Dummun,1,1,0,1,0.00,1,0,2025-09-15,2025-09-15,At-risk,5.1,Sanitized aggregate from ASF laboratory-results Google Sheet; farmer names and farm identifiers excluded.,1,0,1,0,0,0,0,0,0,0,0,0,0,0,0
Cagayan,Gattaran,Fugu,2,4,1,3,25.00,1,1,2022-01-28,2023-07-20,Affected,12.6,Sanitized aggregate from ASF laboratory-results Google Sheet; farmer names and farm identifiers excluded.,4,1,3,0,0,0,0,0,0,0,0,0,0,0,0
Cagayan,Gattaran,Ganzano,1,1,1,0,100.00,1,1,2024-10-29,2024-10-29,Affected,38.5,Sanitized aggregate from ASF laboratory-results Google Sheet; farmer names and farm identifiers excluded.,1,1,0,0,0,0,0,0,0,0,0,0,0,0,0
Cagayan,Gattaran,Gonzano,1,2,0,2,0.00,1,0,2023-03-27,2023-03-27,At-risk,5.2,Sanitized aggregate from ASF laboratory-results Google Sheet; farmer names and farm identifiers excluded.,2,0,2,0,0,0,0,0,0,0,0,0,0,0,0
Cagayan,Gattaran,Guising,2,3,0,3,0.00,1,0,2024-11-06,2025-09-15,At-risk,5.3,Sanitized aggregate from ASF laboratory-results Google Sheet; farmer names and farm identifiers excluded.,3,0,3,0,0,0,0,0,0,0,0,0,0,0,0
Cagayan,Gattaran,L. Adviente,1,2,0,2,0.00,1,0,2025-09-17,2025-09-17,At-risk,5.2,Sanitized aggregate from ASF laboratory-results Google Sheet; farmer names and farm identifiers excluded.,2,0,2,0,0,0,0,0,0,0,0,0,0,0,0
Cagayan,Gattaran,L. Adviento,3,9,0,9,0.00,1,0,2023-07-20,2023-09-29,At-risk,5.9,Sanitized aggregate from ASF laboratory-results Google Sheet; farmer names and farm identifiers excluded.,9,0,9,0,0,0,0,0,0,0,0,0,0,0,0
Cagayan,Gattaran,Langgan,5,12,3,9,25.00,2,2,2021-12-13,2024-11-14,Affected,18.1,Sanitized aggregate from ASF laboratory-results Google Sheet; farmer names and farm identifiers excluded.,10,1,9,0,0,0,2,2,0,0,0,0,0,0,0
Cagayan,Gattaran,Lapogan,3,4,2,2,50.00,1,1,2024-10-02,2024-11-14,Affected,22.7,Sanitized aggregate from ASF laboratory-results Google Sheet; farmer names and farm identifiers excluded.,2,2,0,2,0,2,0,0,0,0,0,0,0,0,0
Cagayan,Gattaran,Mabuno,14,14,1,13,7.14,1,1,2022-02-21,2022-03-10,Affected,7.3,Sanitized aggregate from ASF laboratory-results Google Sheet; farmer names and farm identifiers excluded.,14,1,13,0,0,0,0,0,0,0,0,0,0,0,0
Cagayan,Gattaran,Mabuo,2,2,1,1,50.00,1,1,2024-11-28,2024-11-28,Affected,21.1,Sanitized aggregate from ASF laboratory-results Google Sheet; farmer names and farm identifiers excluded.,2,1,1,0,0,0,0,0,0,0,0,0,0,0,0
Cagayan,Gattaran,N/A,8,18,0,18,0.00,1,0,2024-05-23,2025-09-15,At-risk,6.8,Sanitized aggregate from ASF laboratory-results Google Sheet; farmer names and farm identifiers excluded.,18,0,18,0,0,0,0,0,0,0,0,0,0,0,0
Cagayan,Gattaran,Nabaccayan,4,21,3,18,14.29,1,1,2022-01-27,2022-03-21,Affected,13.3,Sanitized aggregate from ASF laboratory-results Google Sheet; farmer names and farm identifiers excluded.,3,0,3,0,0,0,18,3,15,0,0,0,0,0,0
Cagayan,Gattaran,Naddungan,9,15,2,13,13.33,1,1,2023-07-20,2024-10-02,Affected,11.0,Sanitized aggregate from ASF laboratory-results Google Sheet; farmer names and farm identifiers excluded.,15,2,13,0,0,0,0,0,0,0,0,0,0,0,0
Cagayan,Gattaran,Nagatutuan,3,11,0,11,0.00,1,0,2025-09-15,2025-09-17,At-risk,6.1,Sanitized aggregate from ASF laboratory-results Google Sheet; farmer names and farm identifiers excluded.,11,0,11,0,0,0,0,0,0,0,0,0,0,0,0
Cagayan,Gattaran,Nasiping,5,6,0,6,0.00,1,0,2022-03-21,2025-02-12,At-risk,5.6,Sanitized aggregate from ASF laboratory-results Google Sheet; farmer names and farm identifiers excluded.,6,0,6,0,0,0,0,0,0,0,0,0,0,0,0
Cagayan,Gattaran,Nassiping,1,3,0,3,0.00,1,0,2024-03-14,2024-03-14,At-risk,5.3,Sanitized aggregate from ASF laboratory-results Google Sheet; farmer names and farm identifiers excluded.,3,0,3,0,0,0,0,0,0,0,0,0,0,0,0
Cagayan,Gattaran,Newagac,19,48,3,45,6.25,1,1,2022-10-21,2025-02-04,Affected,13.2,Sanitized aggregate from ASF laboratory-results Google Sheet; farmer names and farm identifiers excluded.,47,3,44,1,0,1,0,0,0,0,0,0,0,0,0
Cagayan,Gattaran,Palagao Norte,2,4,1,3,25.00,2,1,2021-12-27,2023-07-20,Affected,12.6,Sanitized aggregate from ASF laboratory-results Google Sheet; farmer names and farm identifiers excluded.,4,1,3,0,0,0,0,0,0,0,0,0,0,0,0
Cagayan,Gattaran,Palagao Sur,3,8,2,6,25.00,2,1,2021-12-16,2023-09-29,Affected,14.4,Sanitized aggregate from ASF laboratory-results Google Sheet; farmer names and farm identifiers excluded.,6,0,6,0,0,0,2,2,0,0,0,0,0,0,0
Cagayan,Gattaran,Pallagao,2,6,0,6,0.00,1,0,2023-07-20,2023-07-20,At-risk,5.6,Sanitized aggregate from ASF laboratory-results Google Sheet; farmer names and farm identifiers excluded.,6,0,6,0,0,0,0,0,0,0,0,0,0,0,0
Cagayan,Gattaran,Piña Este,1,3,0,3,0.00,1,0,2023-07-20,2023-07-20,At-risk,5.3,Sanitized aggregate from ASF laboratory-results Google Sheet; farmer names and farm identifiers excluded.,3,0,3,0,0,0,0,0,0,0,0,0,0,0,0
Cagayan,Gattaran,San Carlos,6,6,0,6,0.00,1,0,2023-02-10,2023-02-10,At-risk,5.6,Sanitized aggregate from ASF laboratory-results Google Sheet; farmer names and farm identifiers excluded.,6,0,6,0,0,0,0,0,0,0,0,0,0,0,0
Cagayan,Gattaran,San Vicente,11,22,1,21,4.55,1,1,2022-03-21,2025-09-23,Affected,7.2,Sanitized aggregate from ASF laboratory-results Google Sheet; farmer names and farm identifiers excluded.,22,1,21,0,0,0,0,0,0,0,0,0,0,0,0
Cagayan,Gattaran,Sta. Maria,5,5,0,5,0.00,1,0,2022-04-01,2022-07-08,At-risk,5.5,Sanitized aggregate from ASF laboratory-results Google Sheet; farmer names and farm identifiers excluded.,5,0,5,0,0,0,0,0,0,0,0,0,0,0,0
Cagayan,Gattaran,Tagumay,2,4,0,4,0.00,1,0,2023-02-27,2023-07-20,At-risk,5.4,Sanitized aggregate from ASF laboratory-results Google Sheet; farmer names and farm identifiers excluded.,4,0,4,0,0,0,0,0,0,0,0,0,0,0,0
Cagayan,Gattaran,Takiki,2,3,0,3,0.00,1,0,2022-03-21,2022-03-21,At-risk,5.3,Sanitized aggregate from ASF laboratory-results Google Sheet; farmer names and farm identifiers excluded.,3,0,3,0,0,0,0,0,0,0,0,0,0,0,0
Cagayan,Gonzaga,Amunitan,3,4,0,4,0.00,1,0,2024-03-06,2024-11-05,At-risk,5.4,Sanitized aggregate from ASF laboratory-results Google Sheet; farmer names and farm identifiers excluded.,2,0,2,0,0,0,2,0,2,0,0,0,0,0,0
Cagayan,Gonzaga,Batangan,5,5,0,5,0.00,1,0,2022-03-21,2024-03-06,At-risk,5.5,Sanitized aggregate from ASF laboratory-results Google Sheet; farmer names and farm identifiers excluded.,5,0,5,0,0,0,0,0,0,0,0,0,0,0,0
Cagayan,Gonzaga,Baua,3,3,1,2,33.33,1,1,2024-02-21,2025-02-05,Affected,15.4,Sanitized aggregate from ASF laboratory-results Google Sheet; farmer names and farm identifiers excluded.,2,0,2,1,1,0,0,0,0,0,0,0,0,0,0
Cagayan,Gonzaga,Cabanbanan Sur,4,8,0,8,0.00,1,0,2022-03-21,2022-03-21,At-risk,5.8,Sanitized aggregate from ASF laboratory-results Google Sheet; farmer names and farm identifiers excluded.,8,0,8,0,0,0,0,0,0,0,0,0,0,0,0
Cagayan,Gonzaga,Cabiraoan,4,16,3,13,18.75,1,1,2022-12-07,2025-01-24,Affected,14.4,Sanitized aggregate from ASF laboratory-results Google Sheet; farmer names and farm identifiers excluded.,16,3,13,0,0,0,0,0,0,0,0,0,0,0,0
Cagayan,Gonzaga,Cabirraoan,3,3,0,3,0.00,1,0,2024-02-21,2024-03-06,At-risk,5.3,Sanitized aggregate from ASF laboratory-results Google Sheet; farmer names and farm identifiers excluded.,3,0,3,0,0,0,0,0,0,0,0,0,0,0,0
Cagayan,Gonzaga,Calayan,6,9,5,4,55.56,1,1,2024-03-06,2025-01-08,Affected,29.3,Sanitized aggregate from ASF laboratory-results Google Sheet; farmer names and farm identifiers excluded.,5,3,2,2,2,0,2,0,2,0,0,0,0,0,0
Cagayan,Gonzaga,Callao,1,2,2,0,100.00,1,1,2024-11-05,2024-11-05,Affected,40.0,Sanitized aggregate from ASF laboratory-results Google Sheet; farmer names and farm identifiers excluded.,2,2,0,0,0,0,0,0,0,0,0,0,0,0,0
Cagayan,Gonzaga,Casitan,6,6,0,6,0.00,2,0,2021-12-13,2022-02-24,At-risk,5.6,Sanitized aggregate from ASF laboratory-results Google Sheet; farmer names and farm identifiers excluded.,3,0,3,0,0,0,0,0,0,3,0,3,0,0,0
Cagayan,Gonzaga,Flourishing,37,84,14,70,16.67,2,1,2020-10-16,2024-09-24,Affected,35.8,Sanitized aggregate from ASF laboratory-results Google Sheet; farmer names and farm identifiers excluded.,83,14,69,0,0,0,0,0,0,1,0,1,0,0,0
Cagayan,Gonzaga,Ipil,9,17,0,17,0.00,1,0,2020-11-04,2025-03-11,At-risk,6.7,Sanitized aggregate from ASF laboratory-results Google Sheet; farmer names and farm identifiers excluded.,17,0,17,0,0,0,0,0,0,0,0,0,0,0,0
Cagayan,Gonzaga,Isca,3,3,0,3,0.00,1,0,2022-02-24,2024-03-06,At-risk,5.3,Sanitized aggregate from ASF laboratory-results Google Sheet; farmer names and farm identifiers excluded.,2,0,2,0,0,0,0,0,0,1,0,1,0,0,0
Cagayan,Gonzaga,Magrafil,3,4,0,4,0.00,1,0,2024-02-21,2024-03-06,At-risk,5.4,Sanitized aggregate from ASF laboratory-results Google Sheet; farmer names and farm identifiers excluded.,4,0,4,0,0,0,0,0,0,0,0,0,0,0,0
Cagayan,Gonzaga,N/A,3,26,0,26,0.00,1,0,2022-01-05,2022-01-05,At-risk,7.6,Sanitized aggregate from ASF laboratory-results Google Sheet; farmer names and farm identifiers excluded.,1,0,1,0,0,0,25,0,25,0,0,0,0,0,0
Cagayan,Gonzaga,Paradise,1,1,0,1,0.00,1,0,2024-02-21,2024-02-21,At-risk,5.1,Sanitized aggregate from ASF laboratory-results Google Sheet; farmer names and farm identifiers excluded.,1,0,1,0,0,0,0,0,0,0,0,0,0,0,0
Cagayan,Gonzaga,Pateng,6,62,1,61,1.61,2,1,2020-10-16,2025-03-26,Affected,10.2,Sanitized aggregate from ASF laboratory-results Google Sheet; farmer names and farm identifiers excluded.,5,0,5,1,1,0,56,0,56,0,0,0,0,0,0
Cagayan,Gonzaga,Rebecca,15,22,7,15,31.82,2,1,2021-12-13,2024-11-05,Affected,25.1,Sanitized aggregate from ASF laboratory-results Google Sheet; farmer names and farm identifiers excluded.,18,5,13,0,0,0,2,2,0,2,0,2,0,0,0
Cagayan,Gonzaga,San Jose,4,5,0,5,0.00,1,0,2024-02-21,2024-03-06,At-risk,5.5,Sanitized aggregate from ASF laboratory-results Google Sheet; farmer names and farm identifiers excluded.,5,0,5,0,0,0,0,0,0,0,0,0,0,0,0
Cagayan,Gonzaga,Smart,2,31,0,31,0.00,1,0,2020-10-23,2024-03-06,At-risk,8.1,Sanitized aggregate from ASF laboratory-results Google Sheet; farmer names and farm identifiers excluded.,31,0,31,0,0,0,0,0,0,0,0,0,0,0,0
Cagayan,Gonzaga,Sta. Clara,18,25,6,19,24.00,2,1,2020-10-16,2024-03-06,Affected,21.3,Sanitized aggregate from ASF laboratory-results Google Sheet; farmer names and farm identifiers excluded.,24,6,18,0,0,0,0,0,0,1,0,1,0,0,0
Cagayan,Gonzaga,Sta. Cruz,15,15,1,14,6.67,2,1,2021-12-13,2024-10-04,Affected,7.2,Sanitized aggregate from ASF laboratory-results Google Sheet; farmer names and farm identifiers excluded.,9,1,8,0,0,0,0,0,0,6,0,6,0,0,0
Cagayan,Gonzaga,Sta. Maria,17,24,1,23,4.17,2,1,2021-12-13,2025-01-09,Affected,7.3,Sanitized aggregate from ASF laboratory-results Google Sheet; farmer names and farm identifiers excluded.,21,1,20,0,0,0,0,0,0,3,0,3,0,0,0
Cagayan,Gonzaga,Tapel,10,16,1,15,6.25,2,1,2021-12-13,2025-01-24,Affected,7.2,Sanitized aggregate from ASF laboratory-results Google Sheet; farmer names and farm identifiers excluded.,13,1,12,0,0,0,0,0,0,3,0,3,0,0,0
Cagayan,IGUIG,AJAT,2,2,0,2,0.00,1,0,2021-12-13,2021-12-13,At-risk,5.2,Sanitized aggregate from ASF laboratory-results Google Sheet; farmer names and farm identifiers excluded.,2,0,2,0,0,0,0,0,0,0,0,0,0,0,0
Cagayan,IGUIG,MINANGA,10,10,1,9,10.00,2,1,2020-12-23,2021-12-13,Affected,7.9,Sanitized aggregate from ASF laboratory-results Google Sheet; farmer names and farm identifiers excluded.,10,1,9,0,0,0,0,0,0,0,0,0,0,0,0
Cagayan,IGUIG,SAN VICENTE,7,10,0,10,0.00,1,0,2021-11-10,2021-12-13,At-risk,6.0,Sanitized aggregate from ASF laboratory-results Google Sheet; farmer names and farm identifiers excluded.,10,0,10,0,0,0,0,0,0,0,0,0,0,0,0
Cagayan,IGUIG,STA. TERESITA,1,3,3,0,100.00,1,1,2021-02-15,2021-02-15,Affected,41.5,Sanitized aggregate from ASF laboratory-results Google Sheet; farmer names and farm identifiers excluded.,3,3,0,0,0,0,0,0,0,0,0,0,0,0,0
Cagayan,Iguig,Aguiguican,2,2,0,2,0.00,1,0,2022-03-22,2022-03-22,At-risk,5.2,Sanitized aggregate from ASF laboratory-results Google Sheet; farmer names and farm identifiers excluded.,2,0,2,0,0,0,0,0,0,0,0,0,0,0,0
Cagayan,Iguig,Baculod,5,17,13,4,76.47,1,1,2020-09-14,2024-10-14,Affected,48.7,Sanitized aggregate from ASF laboratory-results Google Sheet; farmer names and farm identifiers excluded.,17,13,4,0,0,0,0,0,0,0,0,0,0,0,0
Cagayan,Iguig,Baculud,8,13,0,13,0.00,1,0,2022-01-13,2024-01-11,At-risk,6.3,Sanitized aggregate from ASF laboratory-results Google Sheet; farmer names and farm identifiers excluded.,8,0,8,0,0,0,5,0,5,0,0,0,0,0,0
Cagayan,Iguig,Dumpao,3,3,0,3,0.00,1,0,2022-03-21,2022-03-21,At-risk,5.3,Sanitized aggregate from ASF laboratory-results Google Sheet; farmer names and farm identifiers excluded.,3,0,3,0,0,0,0,0,0,0,0,0,0,0,0
Cagayan,Iguig,Gammad,2,7,3,4,42.86,2,1,2021-11-02,2024-11-28,Affected,21.9,Sanitized aggregate from ASF laboratory-results Google Sheet; farmer names and farm identifiers excluded.,7,3,4,0,0,0,0,0,0,0,0,0,0,0,0
Cagayan,Iguig,Minanga Norte,18,27,1,26,3.70,2,1,2021-01-12,2023-10-06,Affected,7.4,Sanitized aggregate from ASF laboratory-results Google Sheet; farmer names and farm identifiers excluded.,22,1,21,0,0,0,5,0,5,0,0,0,0,0,0
Cagayan,Iguig,Minanga Sur,11,13,2,11,15.38,2,1,2021-01-12,2023-10-06,Affected,11.5,Sanitized aggregate from ASF laboratory-results Google Sheet; farmer names and farm identifiers excluded.,13,2,11,0,0,0,0,0,0,0,0,0,0,0,0
Cagayan,Iguig,N/A,67,126,2,124,1.59,1,1,2021-12-06,2025-06-18,Affected,15.4,Sanitized aggregate from ASF laboratory-results Google Sheet; farmer names and farm identifiers excluded.,30,0,30,2,2,0,94,0,94,0,0,0,0,0,0
Cagayan,Iguig,Nattanzan,3,3,0,3,0.00,2,0,2021-12-13,2022-03-21,At-risk,5.3,Sanitized aggregate from ASF laboratory-results Google Sheet; farmer names and farm identifiers excluded.,3,0,3,0,0,0,0,0,0,0,0,0,0,0,0
Cagayan,Iguig,Redondo,3,5,0,5,0.00,1,0,2022-03-21,2022-03-21,At-risk,5.5,Sanitized aggregate from ASF laboratory-results Google Sheet; farmer names and farm identifiers excluded.,5,0,5,0,0,0,0,0,0,0,0,0,0,0,0
Cagayan,Iguig,Salamague,9,9,1,8,11.11,2,1,2021-12-13,2023-10-06,Affected,8.2,Sanitized aggregate from ASF laboratory-results Google Sheet; farmer names and farm identifiers excluded.,9,1,8,0,0,0,0,0,0,0,0,0,0,0,0
Cagayan,Iguig,San Esteban,26,41,0,41,0.00,2,0,2021-12-13,2023-10-04,At-risk,9.1,Sanitized aggregate from ASF laboratory-results Google Sheet; farmer names and farm identifiers excluded.,36,0,36,0,0,0,5,0,5,0,0,0,0,0,0
Cagayan,Iguig,Sta. Barbara,2,3,2,1,66.67,1,1,2024-09-02,2024-09-02,Affected,28.4,Sanitized aggregate from ASF laboratory-results Google Sheet; farmer names and farm identifiers excluded.,3,2,1,0,0,0,0,0,0,0,0,0,0,0,0
Cagayan,Iguig,Sta. Rosa,6,8,3,5,37.50,2,1,2020-12-15,2022-03-22,Affected,20.1,Sanitized aggregate from ASF laboratory-results Google Sheet; farmer names and farm identifiers excluded.,8,3,5,0,0,0,0,0,0,0,0,0,0,0,0
Cagayan,Iguig,Sta. Teresa,3,5,0,5,0.00,1,0,2022-03-21,2022-03-21,At-risk,5.5,Sanitized aggregate from ASF laboratory-results Google Sheet; farmer names and farm identifiers excluded.,5,0,5,0,0,0,0,0,0,0,0,0,0,0,0
Cagayan,LAL-LO,NAGUILLIAN,1,1,0,1,0.00,1,0,2021-08-23,2021-08-23,At-risk,5.1,Sanitized aggregate from ASF laboratory-results Google Sheet; farmer names and farm identifiers excluded.,1,0,1,0,0,0,0,0,0,0,0,0,0,0,0
Cagayan,LAL-LO,STA MARIA,1,1,0,1,0.00,1,0,2021-08-23,2021-08-23,At-risk,5.1,Sanitized aggregate from ASF laboratory-results Google Sheet; farmer names and farm identifiers excluded.,1,0,1,0,0,0,0,0,0,0,0,0,0,0,0
Cagayan,LALLO,ABAGAO,4,5,2,3,40.00,1,1,2021-03-23,2021-05-06,Affected,19.3,Sanitized aggregate from ASF laboratory-results Google Sheet; farmer names and farm identifiers excluded.,5,2,3,0,0,0,0,0,0,0,0,0,0,0,0
Cagayan,LALLO,ALAGUIA,3,3,1,2,33.33,1,1,2021-02-17,2021-05-06,Affected,15.4,Sanitized aggregate from ASF laboratory-results Google Sheet; farmer names and farm identifiers excluded.,3,1,2,0,0,0,0,0,0,0,0,0,0,0,0
Cagayan,LALLO,BAGUMBAYAN,4,6,3,3,50.00,1,1,2021-02-11,2021-05-06,Affected,24.3,Sanitized aggregate from ASF laboratory-results Google Sheet; farmer names and farm identifiers excluded.,6,3,3,0,0,0,0,0,0,0,0,0,0,0,0
Cagayan,LALLO,CAMBONG,1,1,0,1,0.00,1,0,2021-05-11,2021-05-11,At-risk,5.1,Sanitized aggregate from ASF laboratory-results Google Sheet; farmer names and farm identifiers excluded.,1,0,1,0,0,0,0,0,0,0,0,0,0,0,0
Cagayan,LALLO,CATAAYAUAN,5,10,0,10,0.00,1,0,2021-03-23,2021-03-23,At-risk,6.0,Sanitized aggregate from ASF laboratory-results Google Sheet; farmer names and farm identifiers excluded.,10,0,10,0,0,0,0,0,0,0,0,0,0,0,0
Cagayan,LALLO,CATAUAYAUAN,1,1,0,1,0.00,1,0,2021-05-06,2021-05-06,At-risk,5.1,Sanitized aggregate from ASF laboratory-results Google Sheet; farmer names and farm identifiers excluded.,1,0,1,0,0,0,0,0,0,0,0,0,0,0,0
Cagayan,LALLO,MAGAPIT,3,3,1,2,33.33,1,1,2021-02-26,2021-05-06,Affected,15.4,Sanitized aggregate from ASF laboratory-results Google Sheet; farmer names and farm identifiers excluded.,3,1,2,0,0,0,0,0,0,0,0,0,0,0,0
Cagayan,LALLO,MAXINGAL,2,2,0,2,0.00,1,0,2021-05-06,2021-05-06,At-risk,5.2,Sanitized aggregate from ASF laboratory-results Google Sheet; farmer names and farm identifiers excluded.,2,0,2,0,0,0,0,0,0,0,0,0,0,0,0
Cagayan,LALLO,N/A,1,12,0,12,0.00,1,0,2021-11-05,2021-11-05,At-risk,6.2,Sanitized aggregate from ASF laboratory-results Google Sheet; farmer names and farm identifiers excluded.,12,0,12,0,0,0,0,0,0,0,0,0,0,0,0
Cagayan,LALLO,NAGUILIAN,1,1,0,1,0.00,1,0,2021-05-11,2021-05-11,At-risk,5.1,Sanitized aggregate from ASF laboratory-results Google Sheet; farmer names and farm identifiers excluded.,1,0,1,0,0,0,0,0,0,0,0,0,0,0,0
Cagayan,LALLO,ROSARIO,5,7,2,5,28.57,1,1,2021-03-23,2021-05-06,Affected,15.5,Sanitized aggregate from ASF laboratory-results Google Sheet; farmer names and farm identifiers excluded.,7,2,5,0,0,0,0,0,0,0,0,0,0,0,0
Cagayan,LALLO,SAN LORENZO,2,5,4,1,80.00,1,1,2021-02-17,2021-05-06,Affected,36.1,Sanitized aggregate from ASF laboratory-results Google Sheet; farmer names and farm identifiers excluded.,5,4,1,0,0,0,0,0,0,0,0,0,0,0,0
Cagayan,LALLO,SLH TUCALANA,7,7,1,6,14.29,1,1,2021-11-08,2021-11-08,Affected,9.1,Sanitized aggregate from ASF laboratory-results Google Sheet; farmer names and farm identifiers excluded.,7,1,6,0,0,0,0,0,0,0,0,0,0,0,0
Cagayan,LALLO,STA. MARIA,6,12,7,5,58.33,1,1,2021-02-09,2021-05-06,Affected,33.4,Sanitized aggregate from ASF laboratory-results Google Sheet; farmer names and farm identifiers excluded.,12,7,5,0,0,0,0,0,0,0,0,0,0,0,0
Cagayan,LALLO,TACALANA,1,5,0,5,0.00,1,0,2021-02-11,2021-02-11,At-risk,5.5,Sanitized aggregate from ASF laboratory-results Google Sheet; farmer names and farm identifiers excluded.,5,0,5,0,0,0,0,0,0,0,0,0,0,0,0
Cagayan,LALLO,TACULANA,5,5,5,0,100.00,1,1,2021-02-04,2021-03-09,Affected,44.5,Sanitized aggregate from ASF laboratory-results Google Sheet; farmer names and farm identifiers excluded.,5,5,0,0,0,0,0,0,0,0,0,0,0,0,0
Cagayan,LALLO,TUCALANA,3,7,7,0,100.00,1,1,2021-03-01,2021-03-01,Affected,47.5,Sanitized aggregate from ASF laboratory-results Google Sheet; farmer names and farm identifiers excluded.,7,7,0,0,0,0,0,0,0,0,0,0,0,0,0
Cagayan,Lal-lo,Abagao,6,6,1,5,16.67,2,1,2021-08-23,2024-09-06,Affected,9.8,Sanitized aggregate from ASF laboratory-results Google Sheet; farmer names and farm identifiers excluded.,6,1,5,0,0,0,0,0,0,0,0,0,0,0,0
Cagayan,Lal-lo,Alagia,2,2,0,2,0.00,1,0,2023-02-27,2024-11-19,At-risk,5.2,Sanitized aggregate from ASF laboratory-results Google Sheet; farmer names and farm identifiers excluded.,1,0,1,0,0,0,1,0,1,0,0,0,0,0,0
Cagayan,Lal-lo,Alaguia,7,20,1,19,5.00,2,1,2021-08-23,2024-03-07,Affected,7.2,Sanitized aggregate from ASF laboratory-results Google Sheet; farmer names and farm identifiers excluded.,4,1,3,0,0,0,16,0,16,0,0,0,0,0,0
Cagayan,Lal-lo,Bagumbayan,5,14,0,14,0.00,2,0,2021-08-23,2023-03-20,At-risk,6.4,Sanitized aggregate from ASF laboratory-results Google Sheet; farmer names and farm identifiers excluded.,1,0,1,0,0,0,13,0,13,0,0,0,0,0,0
Cagayan,Lal-lo,Bangag,4,14,5,9,35.71,1,1,2022-02-08,2024-11-19,Affected,22.9,Sanitized aggregate from ASF laboratory-results Google Sheet; farmer names and farm identifiers excluded.,9,0,9,0,0,0,5,5,0,0,0,0,0,0,0
Cagayan,Lal-lo,Bical,2,2,2,0,100.00,1,1,2024-09-18,2024-09-18,Affected,40.0,Sanitized aggregate from ASF laboratory-results Google Sheet; farmer names and farm identifiers excluded.,2,2,0,0,0,0,0,0,0,0,0,0,0,0,0
Cagayan,Lal-lo,Cagoran,5,5,0,5,0.00,1,0,2023-02-27,2023-03-20,At-risk,5.5,Sanitized aggregate from ASF laboratory-results Google Sheet; farmer names and farm identifiers excluded.,0,0,0,0,0,0,5,0,5,0,0,0,0,0,0
Cagayan,Lal-lo,Cambong,2,4,2,2,50.00,1,1,2023-08-03,2024-11-06,Affected,22.7,Sanitized aggregate from ASF laboratory-results Google Sheet; farmer names and farm identifiers excluded.,2,2,0,2,0,2,0,0,0,0,0,0,0,0,0
Cagayan,Lal-lo,Catayauan,6,10,0,10,0.00,2,0,2021-08-23,2023-03-20,At-risk,6.0,Sanitized aggregate from ASF laboratory-results Google Sheet; farmer names and farm identifiers excluded.,1,0,1,0,0,0,9,0,9,0,0,0,0,0,0
Cagayan,Lal-lo,Catugan,1,2,2,0,100.00,1,1,2023-11-16,2023-11-16,Affected,40.0,Sanitized aggregate from ASF laboratory-results Google Sheet; farmer names and farm identifiers excluded.,2,2,0,0,0,0,0,0,0,0,0,0,0,0,0
Cagayan,Lal-lo,Dagupan,5,7,3,4,42.86,1,1,2023-02-27,2024-10-21,Affected,21.9,Sanitized aggregate from ASF laboratory-results Google Sheet; farmer names and farm identifiers excluded.,3,3,0,0,0,0,4,0,4,0,0,0,0,0,0
Cagayan,Lal-lo,Dalaya,1,4,0,4,0.00,1,0,2022-03-22,2022-03-22,At-risk,5.4,Sanitized aggregate from ASF laboratory-results Google Sheet; farmer names and farm identifiers excluded.,4,0,4,0,0,0,0,0,0,0,0,0,0,0,0
Cagayan,Lal-lo,Fraina,2,2,0,2,0.00,1,0,2023-02-27,2023-02-27,At-risk,5.2,Sanitized aggregate from ASF laboratory-results Google Sheet; farmer names and farm identifiers excluded.,0,0,0,0,0,0,2,0,2,0,0,0,0,0,0
Cagayan,Lal-lo,Fusina,2,2,0,2,0.00,1,0,2023-03-20,2023-03-20,At-risk,5.2,Sanitized aggregate from ASF laboratory-results Google Sheet; farmer names and farm identifiers excluded.,0,0,0,0,0,0,2,0,2,0,0,0,0,0,0
Cagayan,Lal-lo,Logac,15,58,0,58,0.00,1,0,2020-04-30,2023-03-20,At-risk,10.8,Sanitized aggregate from ASF laboratory-results Google Sheet; farmer names and farm identifiers excluded.,39,0,39,0,0,0,19,0,19,0,0,0,0,0,0
Cagayan,Lal-lo,Magapit,5,7,0,7,0.00,2,0,2021-08-23,2023-03-20,At-risk,5.7,Sanitized aggregate from ASF laboratory-results Google Sheet; farmer names and farm identifiers excluded.,5,0,5,0,0,0,2,0,2,0,0,0,0,0,0
Cagayan,Lal-lo,Malanao,1,1,1,0,100.00,1,1,2023-11-16,2023-11-16,Affected,38.5,Sanitized aggregate from ASF laboratory-results Google Sheet; farmer names and farm identifiers excluded.,1,1,0,0,0,0,0,0,0,0,0,0,0,0,0
Cagayan,Lal-lo,Maxingal,4,19,0,19,0.00,1,0,2022-01-05,2023-03-20,At-risk,6.9,Sanitized aggregate from ASF laboratory-results Google Sheet; farmer names and farm identifiers excluded.,2,0,2,0,0,0,17,0,17,0,0,0,0,0,0
Cagayan,Lal-lo,Miyingal,2,2,0,2,0.00,1,0,2023-02-27,2023-02-27,At-risk,5.2,Sanitized aggregate from ASF laboratory-results Google Sheet; farmer names and farm identifiers excluded.,0,0,0,0,0,0,2,0,2,0,0,0,0,0,0
Cagayan,Lal-lo,N/A,1,10,0,10,0.00,1,0,2022-01-05,2022-01-05,At-risk,6.0,Sanitized aggregate from ASF laboratory-results Google Sheet; farmer names and farm identifiers excluded.,0,0,0,0,0,0,10,0,10,0,0,0,0,0,0
Cagayan,Lal-lo,Naguilian,2,10,0,10,0.00,1,0,2022-02-21,2022-02-21,At-risk,6.0,Sanitized aggregate from ASF laboratory-results Google Sheet; farmer names and farm identifiers excluded.,0,0,0,0,0,0,10,0,10,0,0,0,0,0,0
Cagayan,Lal-lo,Naguillan,6,6,0,6,0.00,1,0,2023-02-27,2023-03-20,At-risk,5.6,Sanitized aggregate from ASF laboratory-results Google Sheet; farmer names and farm identifiers excluded.,0,0,0,0,0,0,6,0,6,0,0,0,0,0,0
Cagayan,Lal-lo,Rosario,4,13,0,13,0.00,1,0,2022-02-21,2022-03-22,At-risk,6.3,Sanitized aggregate from ASF laboratory-results Google Sheet; farmer names and farm identifiers excluded.,3,0,3,0,0,0,10,0,10,0,0,0,0,0,0
Cagayan,Lal-lo,San Jose,1,1,1,0,100.00,1,1,2024-11-14,2024-11-14,Affected,38.5,Sanitized aggregate from ASF laboratory-results Google Sheet; farmer names and farm identifiers excluded.,1,1,0,0,0,0,0,0,0,0,0,0,0,0,0
Cagayan,Lal-lo,San Lorenzo,16,43,0,43,0.00,2,0,2021-08-23,2023-03-20,At-risk,9.3,Sanitized aggregate from ASF laboratory-results Google Sheet; farmer names and farm identifiers excluded.,9,0,9,0,0,0,34,0,34,0,0,0,0,0,0
Cagayan,Lal-lo,San Marianio,1,1,0,1,0.00,1,0,2023-02-27,2023-02-27,At-risk,5.1,Sanitized aggregate from ASF laboratory-results Google Sheet; farmer names and farm identifiers excluded.,0,0,0,0,0,0,1,0,1,0,0,0,0,0,0
Cagayan,Lal-lo,San Mariano,1,1,0,1,0.00,1,0,2023-03-20,2023-03-20,At-risk,5.1,Sanitized aggregate from ASF laboratory-results Google Sheet; farmer names and farm identifiers excluded.,0,0,0,0,0,0,1,0,1,0,0,0,0,0,0
Cagayan,Lal-lo,Santa Maria,3,3,0,3,0.00,1,0,2023-02-27,2023-02-27,At-risk,5.3,Sanitized aggregate from ASF laboratory-results Google Sheet; farmer names and farm identifiers excluded.,0,0,0,0,0,0,3,0,3,0,0,0,0,0,0
Cagayan,Lal-lo,Santa Teresa,1,1,0,1,0.00,1,0,2023-02-27,2023-02-27,At-risk,5.1,Sanitized aggregate from ASF laboratory-results Google Sheet; farmer names and farm identifiers excluded.,0,0,0,0,0,0,1,0,1,0,0,0,0,0,0
Cagayan,Lal-lo,Sta. Maria,7,14,0,14,0.00,1,0,2022-02-21,2023-03-20,At-risk,6.4,Sanitized aggregate from ASF laboratory-results Google Sheet; farmer names and farm identifiers excluded.,6,0,6,0,0,0,8,0,8,0,0,0,0,0,0
Cagayan,Lal-lo,Sta. Teresa,2,2,0,2,0.00,1,0,2023-03-20,2023-03-20,At-risk,5.2,Sanitized aggregate from ASF laboratory-results Google Sheet; farmer names and farm identifiers excluded.,0,0,0,0,0,0,2,0,2,0,0,0,0,0,0
Cagayan,Lal-lo,Tucalana,3,5,0,5,0.00,1,0,2022-03-22,2023-03-20,At-risk,5.5,Sanitized aggregate from ASF laboratory-results Google Sheet; farmer names and farm identifiers excluded.,3,0,3,0,0,0,2,0,2,0,0,0,0,0,0
Cagayan,Lallo,Cagoran,1,2,0,2,0.00,1,0,2025-01-10,2025-01-10,At-risk,5.2,Sanitized aggregate from ASF laboratory-results Google Sheet; farmer names and farm identifiers excluded.,2,0,2,0,0,0,0,0,0,0,0,0,0,0,0
Cagayan,Lallo,Catayauan,9,22,17,5,77.27,2,2,2021-01-14,2025-03-07,Affected,57.0,Sanitized aggregate from ASF laboratory-results Google Sheet; farmer names and farm identifiers excluded.,22,17,5,0,0,0,0,0,0,0,0,0,0,0,0
Cagayan,Lasam,Alannay,2,3,2,1,66.67,1,1,2024-11-21,2025-01-09,Affected,28.4,Sanitized aggregate from ASF laboratory-results Google Sheet; farmer names and farm identifiers excluded.,3,2,1,0,0,0,0,0,0,0,0,0,0,0,0
Cagayan,Lasam,Battacan,2,2,0,2,0.00,1,0,2023-10-17,2023-10-17,At-risk,5.2,Sanitized aggregate from ASF laboratory-results Google Sheet; farmer names and farm identifiers excluded.,2,0,2,0,0,0,0,0,0,0,0,0,0,0,0
Cagayan,Lasam,Battalan,6,15,11,4,73.33,1,1,2022-01-31,2022-03-17,Affected,44.6,Sanitized aggregate from ASF laboratory-results Google Sheet; farmer names and farm identifiers excluded.,15,11,4,0,0,0,0,0,0,0,0,0,0,0,0
Cagayan,Lasam,Cabatacan West,1,1,0,1,0.00,1,0,2023-10-17,2023-10-17,At-risk,5.1,Sanitized aggregate from ASF laboratory-results Google Sheet; farmer names and farm identifiers excluded.,1,0,1,0,0,0,0,0,0,0,0,0,0,0,0
Cagayan,Lasam,Calapangan,3,8,8,0,100.00,1,1,2024-12-03,2024-12-03,Affected,49.0,Sanitized aggregate from ASF laboratory-results Google Sheet; farmer names and farm identifiers excluded.,8,8,0,0,0,0,0,0,0,0,0,0,0,0,0
Cagayan,Lasam,Calapangan Norte,1,1,0,1,0.00,1,0,2023-10-17,2023-10-17,At-risk,5.1,Sanitized aggregate from ASF laboratory-results Google Sheet; farmer names and farm identifiers excluded.,1,0,1,0,0,0,0,0,0,0,0,0,0,0,0
Cagayan,Lasam,Calapangan Sur,2,2,1,1,50.00,1,1,2023-10-17,2024-12-05,Affected,21.1,Sanitized aggregate from ASF laboratory-results Google Sheet; farmer names and farm identifiers excluded.,2,1,1,0,0,0,0,0,0,0,0,0,0,0,0
Cagayan,Lasam,Callao Norte,1,1,0,1,0.00,1,0,2023-10-17,2023-10-17,At-risk,5.1,Sanitized aggregate from ASF laboratory-results Google Sheet; farmer names and farm identifiers excluded.,1,0,1,0,0,0,0,0,0,0,0,0,0,0,0
Cagayan,Lasam,Callao Sur,1,1,0,1,0.00,1,0,2023-10-17,2023-10-17,At-risk,5.1,Sanitized aggregate from ASF laboratory-results Google Sheet; farmer names and farm identifiers excluded.,1,0,1,0,0,0,0,0,0,0,0,0,0,0,0
Cagayan,Lasam,Centro 01,3,48,14,34,29.17,1,1,2022-02-10,2022-03-02,Affected,36.6,Sanitized aggregate from ASF laboratory-results Google Sheet; farmer names and farm identifiers excluded.,0,0,0,0,0,0,48,14,34,0,0,0,0,0,0
Cagayan,Lasam,Centro 03,3,7,1,6,14.29,1,1,2022-02-15,2022-03-02,Affected,9.1,Sanitized aggregate from ASF laboratory-results Google Sheet; farmer names and farm identifiers excluded.,7,1,6,0,0,0,0,0,0,0,0,0,0,0,0
Cagayan,Lasam,Centro 1,3,5,3,2,60.00,1,1,2022-01-21,2023-10-17,Affected,27.7,Sanitized aggregate from ASF laboratory-results Google Sheet; farmer names and farm identifiers excluded.,5,3,2,0,0,0,0,0,0,0,0,0,0,0,0
Cagayan,Lasam,Centro 2,3,5,3,2,60.00,1,1,2023-10-17,2024-12-03,Affected,27.7,Sanitized aggregate from ASF laboratory-results Google Sheet; farmer names and farm identifiers excluded.,5,3,2,0,0,0,0,0,0,0,0,0,0,0,0
Cagayan,Lasam,Centro 3,8,13,5,8,38.46,1,1,2022-03-15,2024-12-17,Affected,23.8,Sanitized aggregate from ASF laboratory-results Google Sheet; farmer names and farm identifiers excluded.,13,5,8,0,0,0,0,0,0,0,0,0,0,0,0
Cagayan,Lasam,Finugu Norte,1,1,0,1,0.00,1,0,2023-10-17,2023-10-17,At-risk,5.1,Sanitized aggregate from ASF laboratory-results Google Sheet; farmer names and farm identifiers excluded.,1,0,1,0,0,0,0,0,0,0,0,0,0,0,0
Cagayan,Lasam,Gabun,4,6,1,5,16.67,1,1,2022-01-25,2023-10-17,Affected,9.8,Sanitized aggregate from ASF laboratory-results Google Sheet; farmer names and farm identifiers excluded.,6,1,5,0,0,0,0,0,0,0,0,0,0,0,0
Cagayan,Lasam,Ignacio B. Jurado,5,54,2,52,3.70,1,1,2022-02-02,2023-10-17,Affected,11.5,Sanitized aggregate from ASF laboratory-results Google Sheet; farmer names and farm identifiers excluded.,54,2,52,0,0,0,0,0,0,0,0,0,0,0,0
Cagayan,Lasam,Mabannagan West,1,3,3,0,100.00,1,1,2024-11-27,2024-11-27,Affected,41.5,Sanitized aggregate from ASF laboratory-results Google Sheet; farmer names and farm identifiers excluded.,3,3,0,0,0,0,0,0,0,0,0,0,0,0,0
Cagayan,Lasam,Magsaysay,2,2,0,2,0.00,1,0,2023-10-17,2023-10-17,At-risk,5.2,Sanitized aggregate from ASF laboratory-results Google Sheet; farmer names and farm identifiers excluded.,2,0,2,0,0,0,0,0,0,0,0,0,0,0,0
Cagayan,Lasam,Malalinta,2,4,0,4,0.00,1,0,2022-03-21,2022-03-21,At-risk,5.4,Sanitized aggregate from ASF laboratory-results Google Sheet; farmer names and farm identifiers excluded.,4,0,4,0,0,0,0,0,0,0,0,0,0,0,0
Cagayan,Lasam,Malinta,1,1,0,1,0.00,1,0,2023-10-17,2023-10-17,At-risk,5.1,Sanitized aggregate from ASF laboratory-results Google Sheet; farmer names and farm identifiers excluded.,1,0,1,0,0,0,0,0,0,0,0,0,0,0,0
Cagayan,Lasam,Minanga Norte,1,1,0,1,0.00,1,0,2023-10-17,2023-10-17,At-risk,5.1,Sanitized aggregate from ASF laboratory-results Google Sheet; farmer names and farm identifiers excluded.,1,0,1,0,0,0,0,0,0,0,0,0,0,0,0
Cagayan,Lasam,N/A,4,70,1,69,1.43,1,1,2022-01-27,2024-05-10,Affected,10.9,Sanitized aggregate from ASF laboratory-results Google Sheet; farmer names and farm identifiers excluded.,1,0,1,2,1,1,67,0,67,0,0,0,0,0,0
Cagayan,Lasam,Nabannagan West,5,13,4,9,30.77,1,1,2022-05-24,2025-01-09,Affected,19.7,Sanitized aggregate from ASF laboratory-results Google Sheet; farmer names and farm identifiers excluded.,13,4,9,0,0,0,0,0,0,0,0,0,0,0,0
Cagayan,Lasam,New Orlins,1,1,0,1,0.00,1,0,2023-10-17,2023-10-17,At-risk,5.1,Sanitized aggregate from ASF laboratory-results Google Sheet; farmer names and farm identifiers excluded.,1,0,1,0,0,0,0,0,0,0,0,0,0,0,0
Cagayan,Lasam,Nicolas Agatep,2,5,0,5,0.00,1,0,2022-03-21,2023-10-17,At-risk,5.5,Sanitized aggregate from ASF laboratory-results Google Sheet; farmer names and farm identifiers excluded.,5,0,5,0,0,0,0,0,0,0,0,0,0,0,0
Cagayan,Lasam,San Pedro,2,3,2,1,66.67,1,1,2023-10-17,2024-11-14,Affected,28.4,Sanitized aggregate from ASF laboratory-results Google Sheet; farmer names and farm identifiers excluded.,3,2,1,0,0,0,0,0,0,0,0,0,0,0,0
Cagayan,Lasam,Sicalao,4,4,1,3,25.00,1,1,2022-03-14,2023-10-17,Affected,12.6,Sanitized aggregate from ASF laboratory-results Google Sheet; farmer names and farm identifiers excluded.,4,1,3,0,0,0,0,0,0,0,0,0,0,0,0
Cagayan,Lasam,Tucalan Passing,1,1,0,1,0.00,1,0,2023-10-17,2023-10-17,At-risk,5.1,Sanitized aggregate from ASF laboratory-results Google Sheet; farmer names and farm identifiers excluded.,1,0,1,0,0,0,0,0,0,0,0,0,0,0,0
Cagayan,Lasam,Viga,2,4,0,4,0.00,1,0,2022-01-21,2023-10-17,At-risk,5.4,Sanitized aggregate from ASF laboratory-results Google Sheet; farmer names and farm identifiers excluded.,4,0,4,0,0,0,0,0,0,0,0,0,0,0,0
Cagayan,PAMPLOMA,CURVA,2,7,0,7,0.00,1,0,2021-06-17,2021-06-17,At-risk,5.7,Sanitized aggregate from ASF laboratory-results Google Sheet; farmer names and farm identifiers excluded.,0,0,0,0,0,0,7,0,7,0,0,0,0,0,0
Cagayan,PAMPLONA,ALLASITAN,1,5,5,0,100.00,1,1,2021-09-09,2021-09-09,Affected,44.5,Sanitized aggregate from ASF laboratory-results Google Sheet; farmer names and farm identifiers excluded.,5,5,0,0,0,0,0,0,0,0,0,0,0,0,0
Cagayan,PAMPLONA,CABAGGAN,1,5,0,5,0.00,1,0,2021-05-06,2021-05-06,At-risk,5.5,Sanitized aggregate from ASF laboratory-results Google Sheet; farmer names and farm identifiers excluded.,5,0,5,0,0,0,0,0,0,0,0,0,0,0,0
Cagayan,PAMPLONA,CURVA,2,3,0,3,0.00,1,0,2021-05-20,2021-05-20,At-risk,5.3,Sanitized aggregate from ASF laboratory-results Google Sheet; farmer names and farm identifiers excluded.,3,0,3,0,0,0,0,0,0,0,0,0,0,0,0
Cagayan,PAMPLONA,N/A,7,15,0,15,0.00,1,0,2021-05-06,2021-05-06,At-risk,6.5,Sanitized aggregate from ASF laboratory-results Google Sheet; farmer names and farm identifiers excluded.,15,0,15,0,0,0,0,0,0,0,0,0,0,0,0
Cagayan,PAMPLONA,STA CRUZ,2,4,4,0,100.00,1,1,2021-04-07,2021-04-07,Affected,43.0,Sanitized aggregate from ASF laboratory-results Google Sheet; farmer names and farm identifiers excluded.,4,4,0,0,0,0,0,0,0,0,0,0,0,0,0
Cagayan,PENABLANCA,BALIUAG,1,3,3,0,100.00,1,1,2021-11-16,2021-11-16,Affected,41.5,Sanitized aggregate from ASF laboratory-results Google Sheet; farmer names and farm identifiers excluded.,3,3,0,0,0,0,0,0,0,0,0,0,0,0,0
Cagayan,PIAT,MAGUILLING,2,6,2,4,33.33,1,1,2021-08-06,2021-08-10,Affected,17.1,Sanitized aggregate from ASF laboratory-results Google Sheet; farmer names and farm identifiers excluded.,6,2,4,0,0,0,0,0,0,0,0,0,0,0,0
Cagayan,PIAT,STA BARBARA,2,3,0,3,0.00,1,0,2021-08-06,2021-08-06,At-risk,5.3,Sanitized aggregate from ASF laboratory-results Google Sheet; farmer names and farm identifiers excluded.,3,0,3,0,0,0,0,0,0,0,0,0,0,0,0
Cagayan,Pamplona,Bagu,2,4,1,3,25.00,1,1,2021-07-01,2024-10-17,Affected,12.6,Sanitized aggregate from ASF laboratory-results Google Sheet; farmer names and farm identifiers excluded.,4,1,3,0,0,0,0,0,0,0,0,0,0,0,0
Cagayan,Pamplona,Battong,1,5,0,5,0.00,1,0,2022-01-05,2022-01-05,At-risk,5.5,Sanitized aggregate from ASF laboratory-results Google Sheet; farmer names and farm identifiers excluded.,0,0,0,0,0,0,5,0,5,0,0,0,0,0,0
Cagayan,Pamplona,Bidduang,1,3,0,3,0.00,1,0,2023-10-18,2023-10-18,At-risk,5.3,Sanitized aggregate from ASF laboratory-results Google Sheet; farmer names and farm identifiers excluded.,3,0,3,0,0,0,0,0,0,0,0,0,0,0,0
Cagayan,Pamplona,Casitan,29,62,8,54,12.90,2,1,2021-08-27,2023-10-18,Affected,23.9,Sanitized aggregate from ASF laboratory-results Google Sheet; farmer names and farm identifiers excluded.,58,4,54,0,0,0,0,0,0,4,4,0,0,0,0
Cagayan,Pamplona,Masi,3,9,0,9,0.00,1,0,2023-10-18,2023-10-18,At-risk,5.9,Sanitized aggregate from ASF laboratory-results Google Sheet; farmer names and farm identifiers excluded.,9,0,9,0,0,0,0,0,0,0,0,0,0,0,0
Cagayan,Pamplona,Sta. Cruz,36,125,1,124,0.80,2,1,2021-05-14,2024-10-17,Affected,13.7,Sanitized aggregate from ASF laboratory-results Google Sheet; farmer names and farm identifiers excluded.,50,1,49,0,0,0,75,0,75,0,0,0,0,0,0
Cagayan,Penablanca,Aggugaddan,6,15,2,13,13.33,1,1,2024-12-19,2024-12-19,Affected,11.0,Sanitized aggregate from ASF laboratory-results Google Sheet; farmer names and farm identifiers excluded.,15,2,13,0,0,0,0,0,0,0,0,0,0,0,0
Cagayan,Penablanca,Bical,4,5,0,5,0.00,1,0,2024-08-08,2024-08-08,At-risk,5.5,Sanitized aggregate from ASF laboratory-results Google Sheet; farmer names and farm identifiers excluded.,5,0,5,0,0,0,0,0,0,0,0,0,0,0,0
Cagayan,Penablanca,Bugatay,10,16,6,10,37.50,1,1,2025-01-09,2025-01-15,Affected,25.1,Sanitized aggregate from ASF laboratory-results Google Sheet; farmer names and farm identifiers excluded.,16,6,10,0,0,0,0,0,0,0,0,0,0,0,0
Cagayan,Penablanca,Cabbo,4,5,3,2,60.00,1,1,2024-10-29,2024-11-05,Affected,27.7,Sanitized aggregate from ASF laboratory-results Google Sheet; farmer names and farm identifiers excluded.,5,3,2,0,0,0,0,0,0,0,0,0,0,0,0
Cagayan,Penablanca,Camasi,5,5,1,4,20.00,1,1,2025-01-10,2025-01-15,Affected,10.9,Sanitized aggregate from ASF laboratory-results Google Sheet; farmer names and farm identifiers excluded.,4,0,4,0,0,0,1,1,0,0,0,0,0,0,0
Cagayan,Penablanca,Centro,5,15,6,9,40.00,1,1,2024-10-21,2025-01-06,Affected,25.9,Sanitized aggregate from ASF laboratory-results Google Sheet; farmer names and farm identifiers excluded.,12,6,6,0,0,0,3,0,3,0,0,0,0,0,0
Cagayan,Penablanca,Dodan,43,77,25,56,32.47,1,1,2024-11-05,2024-12-26,Affected,56.1,Sanitized aggregate from ASF laboratory-results Google Sheet; farmer names and farm identifiers excluded.,76,25,55,0,0,0,1,0,1,0,0,0,0,0,0
Cagayan,Penablanca,Manga,4,4,1,3,25.00,1,1,2024-12-26,2024-12-26,Affected,12.6,Sanitized aggregate from ASF laboratory-results Google Sheet; farmer names and farm identifiers excluded.,2,0,2,0,0,0,2,1,1,0,0,0,0,0,0
Cagayan,Penablanca,Minanga,1,2,0,2,0.00,1,0,2024-02-01,2024-02-01,At-risk,5.2,Sanitized aggregate from ASF laboratory-results Google Sheet; farmer names and farm identifiers excluded.,2,0,2,0,0,0,0,0,0,0,0,0,0,0,0
Cagayan,Penablanca,Nababbalayan,1,1,0,1,0.00,1,0,2024-03-19,2024-03-19,At-risk,5.1,Sanitized aggregate from ASF laboratory-results Google Sheet; farmer names and farm identifiers excluded.,1,0,1,0,0,0,0,0,0,0,0,0,0,0,0
Cagayan,Penablanca,Nabbabalayan,10,17,5,12,29.41,1,1,2024-02-01,2024-02-01,Affected,21.0,Sanitized aggregate from ASF laboratory-results Google Sheet; farmer names and farm identifiers excluded.,17,5,12,0,0,0,0,0,0,0,0,0,0,0,0
Cagayan,Penablanca,Quibal,5,12,0,12,0.00,1,0,2024-07-29,2025-03-13,At-risk,6.2,Sanitized aggregate from ASF laboratory-results Google Sheet; farmer names and farm identifiers excluded.,12,0,12,0,0,0,0,0,0,0,0,0,0,0,0
Cagayan,Penablanca,San Roque,2,2,0,2,0.00,1,0,2025-01-09,2025-01-09,At-risk,5.2,Sanitized aggregate from ASF laboratory-results Google Sheet; farmer names and farm identifiers excluded.,2,0,2,0,0,0,0,0,0,0,0,0,0,0,0
Cagayan,Penablanca,Sisim,11,22,7,15,31.82,1,1,2025-01-10,2025-01-15,Affected,25.1,Sanitized aggregate from ASF laboratory-results Google Sheet; farmer names and farm identifiers excluded.,21,7,14,0,0,0,1,0,1,0,0,0,0,0,0
Cagayan,Peñablanca,Avucay,1,1,0,1,0.00,1,0,2022-08-17,2022-08-17,At-risk,5.1,Sanitized aggregate from ASF laboratory-results Google Sheet; farmer names and farm identifiers excluded.,1,0,1,0,0,0,0,0,0,0,0,0,0,0,0
Cagayan,Peñablanca,Baliuag,9,25,0,25,0.00,1,0,2023-10-04,2023-10-04,At-risk,7.5,Sanitized aggregate from ASF laboratory-results Google Sheet; farmer names and farm identifiers excluded.,25,0,25,0,0,0,0,0,0,0,0,0,0,0,0
Cagayan,Peñablanca,Bical,32,96,9,87,9.38,1,1,2022-04-13,2023-10-06,Affected,27.5,Sanitized aggregate from ASF laboratory-results Google Sheet; farmer names and farm identifiers excluded.,95,8,87,1,1,0,0,0,0,0,0,0,0,0,0
Cagayan,Peñablanca,Cabbo,10,10,0,10,0.00,1,0,2023-03-03,2023-03-03,At-risk,6.0,Sanitized aggregate from ASF laboratory-results Google Sheet; farmer names and farm identifiers excluded.,10,0,10,0,0,0,0,0,0,0,0,0,0,0,0
Cagayan,Peñablanca,Callao,3,6,0,6,0.00,1,0,2022-02-08,2022-02-08,At-risk,5.6,Sanitized aggregate from ASF laboratory-results Google Sheet; farmer names and farm identifiers excluded.,6,0,6,0,0,0,0,0,0,0,0,0,0,0,0
Cagayan,Peñablanca,Camasi,3,19,0,19,0.00,1,0,2020-10-06,2020-10-06,At-risk,6.9,Sanitized aggregate from ASF laboratory-results Google Sheet; farmer names and farm identifiers excluded.,19,0,19,0,0,0,0,0,0,0,0,0,0,0,0
Cagayan,Peñablanca,Manga,15,20,0,20,0.00,1,0,2022-09-14,2022-09-14,At-risk,7.0,Sanitized aggregate from ASF laboratory-results Google Sheet; farmer names and farm identifiers excluded.,20,0,20,0,0,0,0,0,0,0,0,0,0,0,0
Cagayan,Peñablanca,Minanga,4,9,0,9,0.00,1,0,2022-09-01,2022-09-01,At-risk,5.9,Sanitized aggregate from ASF laboratory-results Google Sheet; farmer names and farm identifiers excluded.,9,0,9,0,0,0,0,0,0,0,0,0,0,0,0
Cagayan,Peñablanca,Nabbabalayan,11,14,0,14,0.00,1,0,2022-09-14,2022-09-14,At-risk,6.4,Sanitized aggregate from ASF laboratory-results Google Sheet; farmer names and farm identifiers excluded.,14,0,14,0,0,0,0,0,0,0,0,0,0,0,0
Cagayan,Peñablanca,Nanguilattan,2,6,0,6,0.00,1,0,2020-10-06,2022-08-17,At-risk,5.6,Sanitized aggregate from ASF laboratory-results Google Sheet; farmer names and farm identifiers excluded.,6,0,6,0,0,0,0,0,0,0,0,0,0,0,0
Cagayan,Peñablanca,Quibal,1,3,0,3,0.00,1,0,2022-08-17,2022-08-17,At-risk,5.3,Sanitized aggregate from ASF laboratory-results Google Sheet; farmer names and farm identifiers excluded.,3,0,3,0,0,0,0,0,0,0,0,0,0,0,0
Cagayan,Piat,Apayao,2,2,0,2,0.00,1,0,2023-11-14,2023-11-14,At-risk,5.2,Sanitized aggregate from ASF laboratory-results Google Sheet; farmer names and farm identifiers excluded.,2,0,2,0,0,0,0,0,0,0,0,0,0,0,0
Cagayan,Piat,Aquib,9,12,2,10,16.67,2,1,2021-09-22,2023-11-14,Affected,11.8,Sanitized aggregate from ASF laboratory-results Google Sheet; farmer names and farm identifiers excluded.,12,2,10,0,0,0,0,0,0,0,0,0,0,0,0
Cagayan,Piat,Baung,4,13,0,13,0.00,1,0,2023-06-13,2024-07-01,At-risk,6.3,Sanitized aggregate from ASF laboratory-results Google Sheet; farmer names and farm identifiers excluded.,13,0,13,0,0,0,0,0,0,0,0,0,0,0,0
Cagayan,Piat,Calaoagan,5,6,2,4,33.33,1,1,2023-11-14,2024-10-28,Affected,17.1,Sanitized aggregate from ASF laboratory-results Google Sheet; farmer names and farm identifiers excluded.,6,2,4,0,0,0,0,0,0,0,0,0,0,0,0
Cagayan,Piat,Calaogan,3,4,0,4,0.00,1,0,2020-10-27,2020-11-09,At-risk,5.4,Sanitized aggregate from ASF laboratory-results Google Sheet; farmer names and farm identifiers excluded.,4,0,4,0,0,0,0,0,0,0,0,0,0,0,0
Cagayan,Piat,Catarauan,2,3,2,1,66.67,1,1,2023-11-14,2024-10-07,Affected,28.4,Sanitized aggregate from ASF laboratory-results Google Sheet; farmer names and farm identifiers excluded.,3,2,1,0,0,0,0,0,0,0,0,0,0,0,0
Cagayan,Piat,Cataroan,3,5,0,5,0.00,1,0,2020-09-24,2020-09-24,At-risk,5.5,Sanitized aggregate from ASF laboratory-results Google Sheet; farmer names and farm identifiers excluded.,5,0,5,0,0,0,0,0,0,0,0,0,0,0,0
Cagayan,Piat,Dugayung,1,1,0,1,0.00,1,0,2023-11-14,2023-11-14,At-risk,5.1,Sanitized aggregate from ASF laboratory-results Google Sheet; farmer names and farm identifiers excluded.,1,0,1,0,0,0,0,0,0,0,0,0,0,0,0
Cagayan,Piat,Gumarueng,1,1,0,1,0.00,1,0,2023-11-14,2023-11-14,At-risk,5.1,Sanitized aggregate from ASF laboratory-results Google Sheet; farmer names and farm identifiers excluded.,1,0,1,0,0,0,0,0,0,0,0,0,0,0,0
Cagayan,Piat,Maguiling,16,26,5,21,19.23,1,1,2021-07-13,2024-10-11,Affected,18.3,Sanitized aggregate from ASF laboratory-results Google Sheet; farmer names and farm identifiers excluded.,15,5,10,0,0,0,10,0,10,1,0,1,0,0,0
Cagayan,Piat,N/A,3,27,0,27,0.00,1,0,2022-01-05,2025-02-26,At-risk,7.7,Sanitized aggregate from ASF laboratory-results Google Sheet; farmer names and farm identifiers excluded.,17,0,17,0,0,0,10,0,10,0,0,0,0,0,0
Cagayan,Piat,Poblacion,1,1,0,1,0.00,1,0,2023-11-14,2023-11-14,At-risk,5.1,Sanitized aggregate from ASF laboratory-results Google Sheet; farmer names and farm identifiers excluded.,1,0,1,0,0,0,0,0,0,0,0,0,0,0,0
Cagayan,Piat,Poblacion 02,2,12,0,12,0.00,1,0,2020-09-11,2020-10-27,At-risk,6.2,Sanitized aggregate from ASF laboratory-results Google Sheet; farmer names and farm identifiers excluded.,12,0,12,0,0,0,0,0,0,0,0,0,0,0,0
Cagayan,Piat,Poblacion 1,2,2,1,1,50.00,1,1,2023-08-10,2024-09-26,Affected,21.1,Sanitized aggregate from ASF laboratory-results Google Sheet; farmer names and farm identifiers excluded.,2,1,1,0,0,0,0,0,0,0,0,0,0,0,0
Cagayan,Piat,Sta. Barbara,4,6,4,2,66.67,1,1,2023-11-14,2024-09-27,Affected,31.5,Sanitized aggregate from ASF laboratory-results Google Sheet; farmer names and farm identifiers excluded.,6,4,2,0,0,0,0,0,0,0,0,0,0,0,0
Cagayan,Piat,Sto. Domingo,25,48,5,43,10.42,2,2,2021-07-13,2024-11-14,Affected,19.4,Sanitized aggregate from ASF laboratory-results Google Sheet; farmer names and farm identifiers excluded.,18,5,13,0,0,0,25,0,25,5,0,5,0,0,0
Cagayan,Piat,Villarey,5,21,1,20,4.76,2,1,2021-07-13,2022-01-05,Affected,7.2,Sanitized aggregate from ASF laboratory-results Google Sheet; farmer names and farm identifiers excluded.,1,1,0,0,0,0,20,0,20,0,0,0,0,0,0
Cagayan,Piat,Warat,38,89,2,87,2.25,1,1,2020-09-15,2023-11-14,Affected,14.5,Sanitized aggregate from ASF laboratory-results Google Sheet; farmer names and farm identifiers excluded.,15,2,13,0,0,0,60,0,60,14,0,14,0,0,0
Cagayan,Rizal,Anaguan,1,6,0,6,0.00,1,0,2023-01-06,2023-01-06,At-risk,5.6,Sanitized aggregate from ASF laboratory-results Google Sheet; farmer names and farm identifiers excluded.,6,0,6,0,0,0,0,0,0,0,0,0,0,0,0
Cagayan,Rizal,Duyun,5,8,0,8,0.00,1,0,2023-11-20,2023-11-20,At-risk,5.8,Sanitized aggregate from ASF laboratory-results Google Sheet; farmer names and farm identifiers excluded.,8,0,8,0,0,0,0,0,0,0,0,0,0,0,0
Cagayan,SOLANA,CATARAN,1,2,0,2,0.00,1,0,2021-04-26,2021-04-26,At-risk,5.2,Sanitized aggregate from ASF laboratory-results Google Sheet; farmer names and farm identifiers excluded.,0,0,0,0,0,0,2,0,2,0,0,0,0,0,0
Cagayan,SOLANA,FURAGUI,2,4,0,4,0.00,1,0,2021-04-22,2021-04-26,At-risk,5.4,Sanitized aggregate from ASF laboratory-results Google Sheet; farmer names and farm identifiers excluded.,0,0,0,0,0,0,4,0,4,0,0,0,0,0,0
Cagayan,SOLANA,GEN. BALAO,1,2,0,2,0.00,1,0,2021-04-26,2021-04-26,At-risk,5.2,Sanitized aggregate from ASF laboratory-results Google Sheet; farmer names and farm identifiers excluded.,0,0,0,0,0,0,2,0,2,0,0,0,0,0,0
Cagayan,SOLANA,LANNIG,3,6,0,6,0.00,1,0,2021-04-22,2021-04-22,At-risk,5.6,Sanitized aggregate from ASF laboratory-results Google Sheet; farmer names and farm identifiers excluded.,0,0,0,0,0,0,6,0,6,0,0,0,0,0,0
Cagayan,SOLANA,NATAPIAN,2,4,0,4,0.00,1,0,2021-04-12,2021-04-22,At-risk,5.4,Sanitized aggregate from ASF laboratory-results Google Sheet; farmer names and farm identifiers excluded.,0,0,0,0,0,0,4,0,4,0,0,0,0,0,0
Cagayan,STA ANA,CASAMBALANGA,1,2,0,2,0.00,1,0,2021-11-10,2021-11-10,At-risk,5.2,Sanitized aggregate from ASF laboratory-results Google Sheet; farmer names and farm identifiers excluded.,2,0,2,0,0,0,0,0,0,0,0,0,0,0,0
Cagayan,STA ANA,N/A,1,1,0,1,0.00,1,0,2021-11-10,2021-11-10,At-risk,5.1,Sanitized aggregate from ASF laboratory-results Google Sheet; farmer names and farm identifiers excluded.,1,0,1,0,0,0,0,0,0,0,0,0,0,0,0
Cagayan,STA. ANA,BATANGAN,1,1,1,0,100.00,1,1,2021-03-08,2021-03-08,Affected,38.5,Sanitized aggregate from ASF laboratory-results Google Sheet; farmer names and farm identifiers excluded.,1,1,0,0,0,0,0,0,0,0,0,0,0,0,0
Cagayan,STO. NINO,LUBO,2,4,0,4,0.00,1,0,2021-04-13,2021-04-13,At-risk,5.4,Sanitized aggregate from ASF laboratory-results Google Sheet; farmer names and farm identifiers excluded.,4,0,4,0,0,0,0,0,0,0,0,0,0,0,0
Cagayan,STO. NIÑO,MATALAO,1,3,3,0,100.00,1,1,2021-02-03,2021-02-03,Affected,41.5,Sanitized aggregate from ASF laboratory-results Google Sheet; farmer names and farm identifiers excluded.,3,3,0,0,0,0,0,0,0,0,0,0,0,0,0
Cagayan,STO. NIÑO,NAMUCCCAYAN,9,19,18,1,94.74,1,1,2021-02-16,2021-02-16,Affected,62.3,Sanitized aggregate from ASF laboratory-results Google Sheet; farmer names and farm identifiers excluded.,19,18,1,0,0,0,0,0,0,0,0,0,0,0,0
Cagayan,STO. NIÑO,STA. FELICITAS,22,24,1,23,4.17,1,1,2021-01-25,2021-01-25,Affected,7.3,Sanitized aggregate from ASF laboratory-results Google Sheet; farmer names and farm identifiers excluded.,24,1,23,0,0,0,0,0,0,0,0,0,0,0,0
Cagayan,Sanchez Mira,Bangan,17,24,8,16,33.33,1,1,2022-07-11,2024-10-30,Affected,27.3,Sanitized aggregate from ASF laboratory-results Google Sheet; farmer names and farm identifiers excluded.,24,8,16,0,0,0,0,0,0,0,0,0,0,0,0
Cagayan,Sanchez Mira,Buenavista,2,2,0,2,0.00,1,0,2022-08-22,2022-08-22,At-risk,5.2,Sanitized aggregate from ASF laboratory-results Google Sheet; farmer names and farm identifiers excluded.,2,0,2,0,0,0,0,0,0,0,0,0,0,0,0
Cagayan,Sanchez Mira,C-2,1,1,1,0,100.00,1,1,2024-09-10,2024-09-10,Affected,38.5,Sanitized aggregate from ASF laboratory-results Google Sheet; farmer names and farm identifiers excluded.,1,1,0,0,0,0,0,0,0,0,0,0,0,0,0
Cagayan,Sanchez Mira,C. Marzan,2,3,0,3,0.00,1,0,2022-10-12,2022-10-12,At-risk,5.3,Sanitized aggregate from ASF laboratory-results Google Sheet; farmer names and farm identifiers excluded.,3,0,3,0,0,0,0,0,0,0,0,0,0,0,0
Cagayan,Sanchez Mira,Callungan,1,100,0,100,0.00,1,0,2024-11-06,2024-11-06,At-risk,15.0,Sanitized aggregate from ASF laboratory-results Google Sheet; farmer names and farm identifiers excluded.,100,0,100,0,0,0,0,0,0,0,0,0,0,0,0
Cagayan,Sanchez Mira,Centro,1,2,1,1,50.00,1,1,2025-08-27,2025-08-27,Affected,21.1,Sanitized aggregate from ASF laboratory-results Google Sheet; farmer names and farm identifiers excluded.,2,1,1,0,0,0,0,0,0,0,0,0,0,0,0
Cagayan,Sanchez Mira,Centro 02,3,5,5,0,100.00,1,1,2022-02-10,2022-02-10,Affected,44.5,Sanitized aggregate from ASF laboratory-results Google Sheet; farmer names and farm identifiers excluded.,5,5,0,0,0,0,0,0,0,0,0,0,0,0,0
Cagayan,Sanchez Mira,Centro 1,2,3,0,3,0.00,1,0,2022-08-19,2025-09-26,At-risk,5.3,Sanitized aggregate from ASF laboratory-results Google Sheet; farmer names and farm identifiers excluded.,3,0,3,0,0,0,0,0,0,0,0,0,0,0,0
Cagayan,Sanchez Mira,Centro 2,12,17,8,9,47.06,1,1,2022-04-28,2025-09-17,Affected,31.4,Sanitized aggregate from ASF laboratory-results Google Sheet; farmer names and farm identifiers excluded.,17,8,9,0,0,0,0,0,0,0,0,0,0,0,0
Cagayan,Sanchez Mira,Centro I,2,2,0,2,0.00,1,0,2022-03-21,2022-03-21,At-risk,5.2,Sanitized aggregate from ASF laboratory-results Google Sheet; farmer names and farm identifiers excluded.,2,0,2,0,0,0,0,0,0,0,0,0,0,0,0
Cagayan,Sanchez Mira,Centro II,1,2,0,2,0.00,1,0,2022-03-11,2022-03-11,At-risk,5.2,Sanitized aggregate from ASF laboratory-results Google Sheet; farmer names and farm identifiers excluded.,2,0,2,0,0,0,0,0,0,0,0,0,0,0,0
Cagayan,Sanchez Mira,Dacal,7,10,0,10,0.00,1,0,2022-07-01,2022-08-22,At-risk,6.0,Sanitized aggregate from ASF laboratory-results Google Sheet; farmer names and farm identifiers excluded.,10,0,10,0,0,0,0,0,0,0,0,0,0,0,0
Cagayan,Sanchez Mira,Dagueray,4,9,0,9,0.00,1,0,2022-07-28,2022-10-05,At-risk,5.9,Sanitized aggregate from ASF laboratory-results Google Sheet; farmer names and farm identifiers excluded.,9,0,9,0,0,0,0,0,0,0,0,0,0,0,0
Cagayan,Sanchez Mira,Dakal,1,1,0,1,0.00,1,0,2022-08-19,2022-08-19,At-risk,5.1,Sanitized aggregate from ASF laboratory-results Google Sheet; farmer names and farm identifiers excluded.,1,0,1,0,0,0,0,0,0,0,0,0,0,0,0
Cagayan,Sanchez Mira,Dammang,2,3,0,3,0.00,1,0,2022-11-02,2022-11-02,At-risk,5.3,Sanitized aggregate from ASF laboratory-results Google Sheet; farmer names and farm identifiers excluded.,3,0,3,0,0,0,0,0,0,0,0,0,0,0,0
Cagayan,Sanchez Mira,Langagan,7,15,6,9,40.00,1,1,2022-09-09,2023-11-03,Affected,25.9,Sanitized aggregate from ASF laboratory-results Google Sheet; farmer names and farm identifiers excluded.,15,6,9,0,0,0,0,0,0,0,0,0,0,0,0
Cagayan,Sanchez Mira,Langan,3,13,0,13,0.00,1,0,2022-08-22,2022-08-22,At-risk,6.3,Sanitized aggregate from ASF laboratory-results Google Sheet; farmer names and farm identifiers excluded.,13,0,13,0,0,0,0,0,0,0,0,0,0,0,0
Cagayan,Sanchez Mira,Langgan,1,1,0,1,0.00,1,0,2024-08-28,2024-08-28,At-risk,5.1,Sanitized aggregate from ASF laboratory-results Google Sheet; farmer names and farm identifiers excluded.,1,0,1,0,0,0,0,0,0,0,0,0,0,0,0
Cagayan,Sanchez Mira,Magacan,1,2,2,0,100.00,1,1,2024-10-30,2024-10-30,Affected,40.0,Sanitized aggregate from ASF laboratory-results Google Sheet; farmer names and farm identifiers excluded.,2,2,0,0,0,0,0,0,0,0,0,0,0,0,0
Cagayan,Sanchez Mira,Marzan,20,37,2,35,5.41,1,1,2022-08-19,2024-11-28,Affected,10.4,Sanitized aggregate from ASF laboratory-results Google Sheet; farmer names and farm identifiers excluded.,37,2,35,0,0,0,0,0,0,0,0,0,0,0,0
Cagayan,Sanchez Mira,Masisit,12,44,28,16,63.64,1,1,2022-06-24,2024-12-10,Affected,63.7,Sanitized aggregate from ASF laboratory-results Google Sheet; farmer names and farm identifiers excluded.,44,28,16,0,0,0,0,0,0,0,0,0,0,0,0
Cagayan,Sanchez Mira,N/A,3,24,2,22,8.33,1,1,2021-11-05,2025-02-05,Affected,10.1,Sanitized aggregate from ASF laboratory-results Google Sheet; farmer names and farm identifiers excluded.,24,2,22,0,0,0,0,0,0,0,0,0,0,0,0
Cagayan,Sanchez Mira,Naganacan,1,1,0,1,0.00,1,0,2022-10-12,2022-10-12,At-risk,5.1,Sanitized aggregate from ASF laboratory-results Google Sheet; farmer names and farm identifiers excluded.,1,0,1,0,0,0,0,0,0,0,0,0,0,0,0
Cagayan,Sanchez Mira,Nagrangtayan,11,28,17,11,60.71,1,1,2022-07-05,2022-10-12,Affected,49.8,Sanitized aggregate from ASF laboratory-results Google Sheet; farmer names and farm identifiers excluded.,25,14,11,3,3,0,0,0,0,0,0,0,0,0,0
Cagayan,Sanchez Mira,Namuac,16,19,1,18,5.26,1,1,2022-06-24,2022-10-05,Affected,7.1,Sanitized aggregate from ASF laboratory-results Google Sheet; farmer names and farm identifiers excluded.,19,1,18,0,0,0,0,0,0,0,0,0,0,0,0
Cagayan,Sanchez Mira,San Andres,10,17,8,9,47.06,1,1,2022-07-11,2024-10-30,Affected,31.4,Sanitized aggregate from ASF laboratory-results Google Sheet; farmer names and farm identifiers excluded.,17,8,9,0,0,0,0,0,0,0,0,0,0,0,0
Cagayan,Sanchez Mira,Santiago,2,4,0,4,0.00,1,0,2022-03-11,2022-04-28,At-risk,5.4,Sanitized aggregate from ASF laboratory-results Google Sheet; farmer names and farm identifiers excluded.,4,0,4,0,0,0,0,0,0,0,0,0,0,0,0
Cagayan,Sanchez Mira,Santor,17,150,5,145,3.33,1,1,2022-03-21,2023-09-13,Affected,20.2,Sanitized aggregate from ASF laboratory-results Google Sheet; farmer names and farm identifiers excluded.,150,5,145,0,0,0,0,0,0,0,0,0,0,0,0
Cagayan,Sanchez Mira,Tokitok,32,1240,0,1240,0.00,2,0,2021-05-12,2024-11-25,At-risk,15.0,Sanitized aggregate from ASF laboratory-results Google Sheet; farmer names and farm identifiers excluded.,1240,0,1240,0,0,0,0,0,0,0,0,0,0,0,0
Cagayan,Sanchez Mira,Toktok,5,25,0,25,0.00,1,0,2022-01-05,2022-01-05,At-risk,7.5,Sanitized aggregate from ASF laboratory-results Google Sheet; farmer names and farm identifiers excluded.,0,0,0,0,0,0,25,0,25,0,0,0,0,0,0
Cagayan,Sanchez Mira,Villa Garcia,2,6,0,6,0.00,1,0,2022-07-01,2022-07-04,At-risk,5.6,Sanitized aggregate from ASF laboratory-results Google Sheet; farmer names and farm identifiers excluded.,6,0,6,0,0,0,0,0,0,0,0,0,0,0,0
Cagayan,Santa Praxedes,Capacuan,4,10,0,10,0.00,1,0,2025-01-27,2025-01-27,At-risk,6.0,Sanitized aggregate from ASF laboratory-results Google Sheet; farmer names and farm identifiers excluded.,10,0,10,0,0,0,0,0,0,0,0,0,0,0,0
Cagayan,Santa Praxedes,Centro 2,1,1,1,0,100.00,1,1,2025-01-27,2025-01-27,Affected,38.5,Sanitized aggregate from ASF laboratory-results Google Sheet; farmer names and farm identifiers excluded.,1,1,0,0,0,0,0,0,0,0,0,0,0,0,0
Cagayan,Santa Praxedes,Salungsong,3,10,0,10,0.00,1,0,2025-01-27,2025-01-27,At-risk,6.0,Sanitized aggregate from ASF laboratory-results Google Sheet; farmer names and farm identifiers excluded.,10,0,10,0,0,0,0,0,0,0,0,0,0,0,0
Cagayan,Solana,Andarayan North,9,271,23,248,8.49,1,1,2023-04-14,2025-09-15,Affected,47.2,Sanitized aggregate from ASF laboratory-results Google Sheet; farmer names and farm identifiers excluded.,271,23,248,0,0,0,0,0,0,0,0,0,0,0,0
Cagayan,Solana,Andarayan South,1,1,1,0,100.00,1,1,2024-08-22,2024-08-22,Affected,38.5,Sanitized aggregate from ASF laboratory-results Google Sheet; farmer names and farm identifiers excluded.,1,1,0,0,0,0,0,0,0,0,0,0,0,0,0
Cagayan,Solana,Bacnor East,5,5,0,5,0.00,1,0,2022-11-21,2022-11-21,At-risk,5.5,Sanitized aggregate from ASF laboratory-results Google Sheet; farmer names and farm identifiers excluded.,5,0,5,0,0,0,0,0,0,0,0,0,0,0,0
Cagayan,Solana,Bangag,10,26,2,24,7.69,1,1,2020-10-12,2025-03-13,Affected,10.1,Sanitized aggregate from ASF laboratory-results Google Sheet; farmer names and farm identifiers excluded.,26,2,24,0,0,0,0,0,0,0,0,0,0,0,0
Cagayan,Solana,Basi,5,36,0,36,0.00,2,0,2021-04-12,2025-03-13,At-risk,8.6,Sanitized aggregate from ASF laboratory-results Google Sheet; farmer names and farm identifiers excluded.,32,0,32,0,0,0,4,0,4,0,0,0,0,0,0
Cagayan,Solana,Basi East,10,221,0,221,0.00,2,0,2021-04-22,2025-11-04,At-risk,15.0,Sanitized aggregate from ASF laboratory-results Google Sheet; farmer names and farm identifiers excluded.,214,0,214,0,0,0,7,0,7,0,0,0,0,0,0
Cagayan,Solana,Basi West,1,2,0,2,0.00,1,0,2020-11-11,2020-11-11,At-risk,5.2,Sanitized aggregate from ASF laboratory-results Google Sheet; farmer names and farm identifiers excluded.,2,0,2,0,0,0,0,0,0,0,0,0,0,0,0
Cagayan,Solana,Bauan,9,17,1,16,5.88,2,1,2021-04-22,2024-08-22,Affected,7.2,Sanitized aggregate from ASF laboratory-results Google Sheet; farmer names and farm identifiers excluded.,12,0,12,1,1,0,4,0,4,0,0,0,0,0,0
Cagayan,Solana,Bauan East,1,5,0,5,0.00,1,0,2022-02-24,2022-02-24,At-risk,5.5,Sanitized aggregate from ASF laboratory-results Google Sheet; farmer names and farm identifiers excluded.,0,0,0,0,0,0,5,0,5,0,0,0,0,0,0
Cagayan,Solana,Cadaanan,3,4,1,3,25.00,2,1,2020-09-15,2025-03-13,Affected,12.6,Sanitized aggregate from ASF laboratory-results Google Sheet; farmer names and farm identifiers excluded.,2,1,1,0,0,0,2,0,2,0,0,0,0,0,0
Cagayan,Solana,Calamagui,3,6,1,5,16.67,2,1,2021-04-26,2024-08-22,Affected,9.8,Sanitized aggregate from ASF laboratory-results Google Sheet; farmer names and farm identifiers excluded.,4,1,3,0,0,0,2,0,2,0,0,0,0,0,0
Cagayan,Solana,Calillauan,1,1,0,1,0.00,1,0,2024-08-22,2024-08-22,At-risk,5.1,Sanitized aggregate from ASF laboratory-results Google Sheet; farmer names and farm identifiers excluded.,1,0,1,0,0,0,0,0,0,0,0,0,0,0,0
Cagayan,Solana,Centro,5,38,0,38,0.00,2,0,2021-04-12,2024-08-22,At-risk,8.8,Sanitized aggregate from ASF laboratory-results Google Sheet; farmer names and farm identifiers excluded.,32,0,32,0,0,0,6,0,6,0,0,0,0,0,0
Cagayan,Solana,Centro Northeast,1,2,2,0,100.00,1,1,2020-12-23,2020-12-23,Affected,40.0,Sanitized aggregate from ASF laboratory-results Google Sheet; farmer names and farm identifiers excluded.,2,2,0,0,0,0,0,0,0,0,0,0,0,0,0
Cagayan,Solana,Dassun,11,28,0,28,0.00,1,0,2023-10-23,2023-10-23,At-risk,7.8,Sanitized aggregate from ASF laboratory-results Google Sheet; farmer names and farm identifiers excluded.,28,0,28,0,0,0,0,0,0,0,0,0,0,0,0
Cagayan,Solana,Gadu,5,12,4,8,33.33,2,1,2020-10-28,2022-12-05,Affected,20.5,Sanitized aggregate from ASF laboratory-results Google Sheet; farmer names and farm identifiers excluded.,6,4,2,0,0,0,6,0,6,0,0,0,0,0,0
Cagayan,Solana,Iraga,53,124,3,121,2.42,2,1,2020-09-17,2023-10-24,Affected,17.0,Sanitized aggregate from ASF laboratory-results Google Sheet; farmer names and farm identifiers excluded.,38,3,35,0,0,0,60,0,60,26,0,26,0,0,0
Cagayan,Solana,Kalamagi,3,3,0,3,0.00,1,0,2023-02-10,2023-02-10,At-risk,5.3,Sanitized aggregate from ASF laboratory-results Google Sheet; farmer names and farm identifiers excluded.,3,0,3,0,0,0,0,0,0,0,0,0,0,0,0
Cagayan,Solana,Lanna,10,17,1,16,5.88,2,1,2021-01-06,2025-03-13,Affected,7.2,Sanitized aggregate from ASF laboratory-results Google Sheet; farmer names and farm identifiers excluded.,13,1,12,0,0,0,4,0,4,0,0,0,0,0,0
Cagayan,Solana,Lingu,6,13,4,9,30.77,2,1,2020-12-15,2024-08-22,Affected,19.7,Sanitized aggregate from ASF laboratory-results Google Sheet; farmer names and farm identifiers excluded.,11,4,7,0,0,0,2,0,2,0,0,0,0,0,0
Cagayan,Solana,Maguirig,7,30,18,12,60.00,2,1,2020-09-15,2022-01-05,Affected,51.2,Sanitized aggregate from ASF laboratory-results Google Sheet; farmer names and farm identifiers excluded.,17,17,0,1,1,0,12,0,12,0,0,0,0,0,0
Cagayan,Solana,Malacabibi,24,57,0,57,0.00,2,0,2021-04-22,2023-10-23,At-risk,10.7,Sanitized aggregate from ASF laboratory-results Google Sheet; farmer names and farm identifiers excluded.,6,0,6,0,0,0,37,0,37,14,0,14,0,0,0
Cagayan,Solana,N/A,16,47,0,47,0.00,1,0,2021-12-21,2024-01-10,At-risk,9.7,Sanitized aggregate from ASF laboratory-results Google Sheet; farmer names and farm identifiers excluded.,33,0,33,0,0,0,14,0,14,0,0,0,0,0,0
Cagayan,Solana,Nangalisan,8,17,11,6,64.71,2,1,2020-10-28,2024-08-22,Affected,41.7,Sanitized aggregate from ASF laboratory-results Google Sheet; farmer names and farm identifiers excluded.,13,11,2,0,0,0,4,0,4,0,0,0,0,0,0
Cagayan,Solana,Natappian,3,4,1,3,25.00,1,1,2024-08-22,2024-08-22,Affected,12.6,Sanitized aggregate from ASF laboratory-results Google Sheet; farmer names and farm identifiers excluded.,4,1,3,0,0,0,0,0,0,0,0,0,0,0,0
Cagayan,Solana,Padul,2,3,0,3,0.00,2,0,2021-04-22,2025-03-13,At-risk,5.3,Sanitized aggregate from ASF laboratory-results Google Sheet; farmer names and farm identifiers excluded.,1,0,1,0,0,0,2,0,2,0,0,0,0,0,0
Cagayan,Solana,Palao,2,7,7,0,100.00,1,1,2020-09-17,2020-09-21,Affected,47.5,Sanitized aggregate from ASF laboratory-results Google Sheet; farmer names and farm identifiers excluded.,7,7,0,0,0,0,0,0,0,0,0,0,0,0,0
Cagayan,Solana,Parog-Parog,1,1,1,0,100.00,1,1,2020-09-09,2020-09-09,Affected,38.5,Sanitized aggregate from ASF laboratory-results Google Sheet; farmer names and farm identifiers excluded.,1,1,0,0,0,0,0,0,0,0,0,0,0,0,0
Cagayan,Solana,Parogparog,15,75,0,75,0.00,1,0,2022-01-05,2022-01-05,At-risk,12.5,Sanitized aggregate from ASF laboratory-results Google Sheet; farmer names and farm identifiers excluded.,0,0,0,0,0,0,75,0,75,0,0,0,0,0,0
Cagayan,Solana,Sampaguita,9,16,5,11,31.25,2,1,2021-04-22,2024-10-15,Affected,21.5,Sanitized aggregate from ASF laboratory-results Google Sheet; farmer names and farm identifiers excluded.,10,5,5,0,0,0,6,0,6,0,0,0,0,0,0
Cagayan,Sta. Ana,Casagan,2,2,0,2,0.00,1,0,2023-03-20,2023-03-20,At-risk,5.2,Sanitized aggregate from ASF laboratory-results Google Sheet; farmer names and farm identifiers excluded.,0,0,0,0,0,0,2,0,2,0,0,0,0,0,0
Cagayan,Sta. Ana,Casambalanagan,1,25,0,25,0.00,1,0,2022-01-05,2022-01-05,At-risk,7.5,Sanitized aggregate from ASF laboratory-results Google Sheet; farmer names and farm identifiers excluded.,0,0,0,0,0,0,25,0,25,0,0,0,0,0,0
Cagayan,Sta. Ana,Casambalangan,32,55,19,36,34.55,2,1,2021-02-15,2023-03-20,Affected,46.2,Sanitized aggregate from ASF laboratory-results Google Sheet; farmer names and farm identifiers excluded.,51,19,32,0,0,0,4,0,4,0,0,0,0,0,0
Cagayan,Sta. Ana,Centro,21,61,11,50,18.03,2,1,2021-02-22,2023-03-20,Affected,29.8,Sanitized aggregate from ASF laboratory-results Google Sheet; farmer names and farm identifiers excluded.,28,11,17,0,0,0,33,0,33,0,0,0,0,0,0
Cagayan,Sta. Ana,Dungeg,3,3,0,3,0.00,1,0,2023-03-20,2023-03-20,At-risk,5.3,Sanitized aggregate from ASF laboratory-results Google Sheet; farmer names and farm identifiers excluded.,0,0,0,0,0,0,3,0,3,0,0,0,0,0,0
Cagayan,Sta. Ana,Marede,3,3,0,3,0.00,1,0,2023-03-20,2023-03-20,At-risk,5.3,Sanitized aggregate from ASF laboratory-results Google Sheet; farmer names and farm identifiers excluded.,0,0,0,0,0,0,3,0,3,0,0,0,0,0,0
Cagayan,Sta. Ana,Palawig,3,3,0,3,0.00,1,0,2023-03-20,2023-03-20,At-risk,5.3,Sanitized aggregate from ASF laboratory-results Google Sheet; farmer names and farm identifiers excluded.,0,0,0,0,0,0,3,0,3,0,0,0,0,0,0
Cagayan,Sta. Ana,Parada Batu,1,1,0,1,0.00,1,0,2023-03-20,2023-03-20,At-risk,5.1,Sanitized aggregate from ASF laboratory-results Google Sheet; farmer names and farm identifiers excluded.,0,0,0,0,0,0,1,0,1,0,0,0,0,0,0
Cagayan,Sta. Ana,Patunungan,1,1,0,1,0.00,1,0,2023-03-20,2023-03-20,At-risk,5.1,Sanitized aggregate from ASF laboratory-results Google Sheet; farmer names and farm identifiers excluded.,0,0,0,0,0,0,1,0,1,0,0,0,0,0,0
Cagayan,Sta. Ana,Rapuli,10,14,5,9,35.71,2,1,2021-02-22,2023-03-20,Affected,22.9,Sanitized aggregate from ASF laboratory-results Google Sheet; farmer names and farm identifiers excluded.,9,5,4,0,0,0,5,0,5,0,0,0,0,0,0
Cagayan,Sta. Ana,San Vicente,1,1,0,1,0.00,1,0,2023-03-20,2023-03-20,At-risk,5.1,Sanitized aggregate from ASF laboratory-results Google Sheet; farmer names and farm identifiers excluded.,0,0,0,0,0,0,1,0,1,0,0,0,0,0,0
Cagayan,Sta. Ana,Sta. Clara,2,3,0,3,0.00,2,0,2021-03-08,2023-03-20,At-risk,5.3,Sanitized aggregate from ASF laboratory-results Google Sheet; farmer names and farm identifiers excluded.,2,0,2,0,0,0,1,0,1,0,0,0,0,0,0
Cagayan,Sta. Ana,Tangatan,1,1,0,1,0.00,1,0,2023-03-20,2023-03-20,At-risk,5.1,Sanitized aggregate from ASF laboratory-results Google Sheet; farmer names and farm identifiers excluded.,0,0,0,0,0,0,1,0,1,0,0,0,0,0,0
Cagayan,Sta. Ana,Visitacion,8,10,0,10,0.00,2,0,2021-02-22,2023-03-20,At-risk,6.0,Sanitized aggregate from ASF laboratory-results Google Sheet; farmer names and farm identifiers excluded.,8,0,8,0,0,0,2,0,2,0,0,0,0,0,0
Cagayan,Sta. Praxedes,Cadongdongan,3,5,0,5,0.00,1,0,2023-03-06,2023-06-17,At-risk,5.5,Sanitized aggregate from ASF laboratory-results Google Sheet; farmer names and farm identifiers excluded.,3,0,3,0,0,0,2,0,2,0,0,0,0,0,0
Cagayan,Sta. Praxedes,Capacuan,5,9,0,9,0.00,1,0,2023-03-29,2023-06-17,At-risk,5.9,Sanitized aggregate from ASF laboratory-results Google Sheet; farmer names and farm identifiers excluded.,6,0,6,0,0,0,3,0,3,0,0,0,0,0,0
Cagayan,Sta. Praxedes,Capauan,3,3,0,3,0.00,1,0,2023-03-06,2023-03-06,At-risk,5.3,Sanitized aggregate from ASF laboratory-results Google Sheet; farmer names and farm identifiers excluded.,0,0,0,0,0,0,3,0,3,0,0,0,0,0,0
Cagayan,Sta. Praxedes,Centro 1,4,6,0,6,0.00,1,0,2023-03-06,2023-06-17,At-risk,5.6,Sanitized aggregate from ASF laboratory-results Google Sheet; farmer names and farm identifiers excluded.,3,0,3,0,0,0,3,0,3,0,0,0,0,0,0
Cagayan,Sta. Praxedes,Centro 2,7,13,0,13,0.00,1,0,2023-03-06,2023-06-17,At-risk,6.3,Sanitized aggregate from ASF laboratory-results Google Sheet; farmer names and farm identifiers excluded.,9,0,9,0,0,0,4,0,4,0,0,0,0,0,0
Cagayan,Sta. Praxedes,Macatel,3,5,0,5,0.00,1,0,2023-03-06,2023-06-17,At-risk,5.5,Sanitized aggregate from ASF laboratory-results Google Sheet; farmer names and farm identifiers excluded.,3,0,3,0,0,0,2,0,2,0,0,0,0,0,0
Cagayan,Sta. Praxedes,Portabaga,4,6,0,6,0.00,1,0,2023-03-06,2023-06-17,At-risk,5.6,Sanitized aggregate from ASF laboratory-results Google Sheet; farmer names and farm identifiers excluded.,3,0,3,0,0,0,3,0,3,0,0,0,0,0,0
Cagayan,Sta. Praxedes,Salongsong,7,13,0,13,0.00,1,0,2023-03-06,2023-06-17,At-risk,6.3,Sanitized aggregate from ASF laboratory-results Google Sheet; farmer names and farm identifiers excluded.,9,0,9,0,0,0,4,0,4,0,0,0,0,0,0
Cagayan,Sta. Praxedes,San Juan,6,10,0,10,0.00,1,0,2023-03-06,2023-06-17,At-risk,6.0,Sanitized aggregate from ASF laboratory-results Google Sheet; farmer names and farm identifiers excluded.,6,0,6,0,0,0,4,0,4,0,0,0,0,0,0
Cagayan,Sta. Praxedes,Sicul,3,5,0,5,0.00,1,0,2023-03-06,2023-06-17,At-risk,5.5,Sanitized aggregate from ASF laboratory-results Google Sheet; farmer names and farm identifiers excluded.,3,0,3,0,0,0,2,0,2,0,0,0,0,0,0
Cagayan,Sta. Teresita,Alucao,7,7,1,6,14.29,1,1,2023-03-27,2024-10-17,Affected,9.1,Sanitized aggregate from ASF laboratory-results Google Sheet; farmer names and farm identifiers excluded.,1,1,0,0,0,0,6,0,6,0,0,0,0,0,0
Cagayan,Sta. Teresita,Aridowen,9,9,2,7,22.22,1,1,2023-03-27,2024-09-26,Affected,13.5,Sanitized aggregate from ASF laboratory-results Google Sheet; farmer names and farm identifiers excluded.,3,2,1,0,0,0,6,0,6,0,0,0,0,0,0
Cagayan,Sta. Teresita,Buyun,3,5,3,2,60.00,1,1,2023-03-27,2024-09-04,Affected,27.7,Sanitized aggregate from ASF laboratory-results Google Sheet; farmer names and farm identifiers excluded.,3,3,0,0,0,0,2,0,2,0,0,0,0,0,0
Cagayan,Sta. Teresita,Centro,1,20,0,20,0.00,1,0,2022-02-08,2022-02-08,At-risk,7.0,Sanitized aggregate from ASF laboratory-results Google Sheet; farmer names and farm identifiers excluded.,0,0,0,0,0,0,20,0,20,0,0,0,0,0,0
Cagayan,Sta. Teresita,Centro East,1,2,0,2,0.00,1,0,2022-03-21,2022-03-21,At-risk,5.2,Sanitized aggregate from ASF laboratory-results Google Sheet; farmer names and farm identifiers excluded.,2,0,2,0,0,0,0,0,0,0,0,0,0,0,0
Cagayan,Sta. Teresita,Centro West,13,15,3,12,20.00,1,1,2022-01-06,2024-09-26,Affected,14.7,Sanitized aggregate from ASF laboratory-results Google Sheet; farmer names and farm identifiers excluded.,5,3,2,0,0,0,10,0,10,0,0,0,0,0,0
Cagayan,Sta. Teresita,Dungeg,6,6,0,6,0.00,1,0,2023-03-27,2023-03-29,At-risk,5.6,Sanitized aggregate from ASF laboratory-results Google Sheet; farmer names and farm identifiers excluded.,0,0,0,0,0,0,6,0,6,0,0,0,0,0,0
Cagayan,Sta. Teresita,Luga,3,3,3,0,100.00,1,1,2024-10-17,2024-10-17,Affected,41.5,Sanitized aggregate from ASF laboratory-results Google Sheet; farmer names and farm identifiers excluded.,3,3,0,0,0,0,0,0,0,0,0,0,0,0,0
Cagayan,Sta. Teresita,Masi,5,6,1,5,16.67,1,1,2022-03-21,2024-09-26,Affected,9.8,Sanitized aggregate from ASF laboratory-results Google Sheet; farmer names and farm identifiers excluded.,4,1,3,0,0,0,2,0,2,0,0,0,0,0,0
Cagayan,Sta. Teresita,Mission,6,6,0,6,0.00,1,0,2023-03-27,2023-03-29,At-risk,5.6,Sanitized aggregate from ASF laboratory-results Google Sheet; farmer names and farm identifiers excluded.,0,0,0,0,0,0,6,0,6,0,0,0,0,0,0
Cagayan,Sta. Teresita,N/A,1,2,0,2,0.00,1,0,2024-10-17,2024-10-17,At-risk,5.2,Sanitized aggregate from ASF laboratory-results Google Sheet; farmer names and farm identifiers excluded.,2,0,2,0,0,0,0,0,0,0,0,0,0,0,0
Cagayan,Sta. Teresita,Simbaluca,4,4,0,4,0.00,1,0,2023-03-27,2023-03-29,At-risk,5.4,Sanitized aggregate from ASF laboratory-results Google Sheet; farmer names and farm identifiers excluded.,0,0,0,0,0,0,4,0,4,0,0,0,0,0,0
Cagayan,Sta. Teresita,Simpatuyo,10,17,9,8,52.94,1,1,2022-03-21,2024-09-04,Affected,34.8,Sanitized aggregate from ASF laboratory-results Google Sheet; farmer names and farm identifiers excluded.,11,9,2,0,0,0,6,0,6,0,0,0,0,0,0
Cagayan,Sta. Teresita,Villa,12,12,0,12,0.00,1,0,2023-03-27,2023-03-29,At-risk,6.2,Sanitized aggregate from ASF laboratory-results Google Sheet; farmer names and farm identifiers excluded.,0,0,0,0,0,0,12,0,12,0,0,0,0,0,0
Cagayan,Sto. Nino,Centro Norte,6,6,0,6,0.00,1,0,2022-11-11,2022-11-11,At-risk,5.6,Sanitized aggregate from ASF laboratory-results Google Sheet; farmer names and farm identifiers excluded.,6,0,6,0,0,0,0,0,0,0,0,0,0,0,0
Cagayan,Sto. Nino,Centro Sur,5,5,0,5,0.00,1,0,2022-11-11,2022-11-11,At-risk,5.5,Sanitized aggregate from ASF laboratory-results Google Sheet; farmer names and farm identifiers excluded.,5,0,5,0,0,0,0,0,0,0,0,0,0,0,0
Cagayan,Sto. Nino,Dungao,3,3,0,3,0.00,1,0,2022-11-11,2022-11-11,At-risk,5.3,Sanitized aggregate from ASF laboratory-results Google Sheet; farmer names and farm identifiers excluded.,3,0,3,0,0,0,0,0,0,0,0,0,0,0,0
Cagayan,Sto. Niño,Abariongan Uneg,1,3,2,1,66.67,1,1,2024-02-05,2024-02-05,Affected,28.4,Sanitized aggregate from ASF laboratory-results Google Sheet; farmer names and farm identifiers excluded.,3,2,1,0,0,0,0,0,0,0,0,0,0,0,0
Cagayan,Sto. Niño,Cabayo,1,2,0,2,0.00,1,0,2023-10-05,2023-10-05,At-risk,5.2,Sanitized aggregate from ASF laboratory-results Google Sheet; farmer names and farm identifiers excluded.,2,0,2,0,0,0,0,0,0,0,0,0,0,0,0
Cagayan,Sto. Niño,Campo,2,2,1,1,50.00,1,1,2024-09-18,2024-09-18,Affected,21.1,Sanitized aggregate from ASF laboratory-results Google Sheet; farmer names and farm identifiers excluded.,2,1,1,0,0,0,0,0,0,0,0,0,0,0,0
Cagayan,Sto. Niño,Centro Norte,13,26,3,23,11.54,2,2,2021-01-12,2024-10-29,Affected,14.8,Sanitized aggregate from ASF laboratory-results Google Sheet; farmer names and farm identifiers excluded.,21,3,18,0,0,0,5,0,5,0,0,0,0,0,0
Cagayan,Sto. Niño,Centro Sur,10,21,12,9,57.14,1,1,2023-10-05,2024-11-06,Affected,40.9,Sanitized aggregate from ASF laboratory-results Google Sheet; farmer names and farm identifiers excluded.,21,12,9,0,0,0,0,0,0,0,0,0,0,0,0
Cagayan,Sto. Niño,Dungao,21,37,4,33,10.81,2,2,2021-01-19,2024-11-06,Affected,17.1,Sanitized aggregate from ASF laboratory-results Google Sheet; farmer names and farm identifiers excluded.,27,4,23,0,0,0,10,0,10,0,0,0,0,0,0
Cagayan,Sto. Niño,Lattac,12,20,6,14,30.00,2,2,2021-02-10,2024-10-17,Affected,24.9,Sanitized aggregate from ASF laboratory-results Google Sheet; farmer names and farm identifiers excluded.,20,6,14,0,0,0,0,0,0,0,0,0,0,0,0
Cagayan,Sto. Niño,Lubo,8,10,5,5,50.00,2,2,2021-11-04,2024-10-03,Affected,29.5,Sanitized aggregate from ASF laboratory-results Google Sheet; farmer names and farm identifiers excluded.,10,5,5,0,0,0,0,0,0,0,0,0,0,0,0
Cagayan,Sto. Niño,Mabibitnog,1,2,2,0,100.00,1,1,2024-10-29,2024-10-29,Affected,40.0,Sanitized aggregate from ASF laboratory-results Google Sheet; farmer names and farm identifiers excluded.,2,2,0,0,0,0,0,0,0,0,0,0,0,0,0
Cagayan,Sto. Niño,Mabibitnong,3,5,4,1,80.00,1,1,2024-10-03,2024-10-29,Affected,36.1,Sanitized aggregate from ASF laboratory-results Google Sheet; farmer names and farm identifiers excluded.,5,4,1,0,0,0,0,0,0,0,0,0,0,0,0
Cagayan,Sto. Niño,Mabitbitnog,11,15,4,11,26.67,1,1,2024-10-11,2024-10-11,Affected,18.4,Sanitized aggregate from ASF laboratory-results Google Sheet; farmer names and farm identifiers excluded.,15,4,11,0,0,0,0,0,0,0,0,0,0,0,0
Cagayan,Sto. Niño,Mabitbitnung,2,2,0,2,0.00,1,0,2024-10-17,2024-10-17,At-risk,5.2,Sanitized aggregate from ASF laboratory-results Google Sheet; farmer names and farm identifiers excluded.,2,0,2,0,0,0,0,0,0,0,0,0,0,0,0
Cagayan,Sto. Niño,Masical,6,12,7,5,58.33,2,2,2021-01-12,2024-10-03,Affected,35.4,Sanitized aggregate from ASF laboratory-results Google Sheet; farmer names and farm identifiers excluded.,12,7,5,0,0,0,0,0,0,0,0,0,0,0,0
Cagayan,Sto. Niño,Nag-uma,12,21,2,19,9.52,2,1,2021-01-14,2024-10-04,Affected,10.2,Sanitized aggregate from ASF laboratory-results Google Sheet; farmer names and farm identifiers excluded.,21,2,19,0,0,0,0,0,0,0,0,0,0,0,0
Cagayan,Sto. Niño,Namuccayan,20,30,9,21,30.00,2,2,2021-01-13,2023-11-14,Affected,30.1,Sanitized aggregate from ASF laboratory-results Google Sheet; farmer names and farm identifiers excluded.,30,9,21,0,0,0,0,0,0,0,0,0,0,0,0
Cagayan,Sto. Niño,Nilug Sur,1,3,3,0,100.00,1,1,2024-10-11,2024-10-11,Affected,41.5,Sanitized aggregate from ASF laboratory-results Google Sheet; farmer names and farm identifiers excluded.,3,3,0,0,0,0,0,0,0,0,0,0,0,0,0
Cagayan,Sto. Niño,Niug Norte,4,10,3,7,30.00,1,1,2023-10-05,2024-10-28,Affected,17.7,Sanitized aggregate from ASF laboratory-results Google Sheet; farmer names and farm identifiers excluded.,10,3,7,0,0,0,0,0,0,0,0,0,0,0,0
Cagayan,Sto. Niño,Niug Sur,4,5,3,2,60.00,1,1,2023-10-05,2024-10-17,Affected,27.7,Sanitized aggregate from ASF laboratory-results Google Sheet; farmer names and farm identifiers excluded.,5,3,2,0,0,0,0,0,0,0,0,0,0,0,0
Cagayan,Sto. Niño,Palusao,2,4,4,0,100.00,1,1,2024-10-11,2024-11-06,Affected,43.0,Sanitized aggregate from ASF laboratory-results Google Sheet; farmer names and farm identifiers excluded.,4,4,0,0,0,0,0,0,0,0,0,0,0,0,0
Cagayan,Sto. Niño,Puncao,3,15,0,15,0.00,1,0,2022-01-05,2022-01-05,At-risk,6.5,Sanitized aggregate from ASF laboratory-results Google Sheet; farmer names and farm identifiers excluded.,0,0,0,0,0,0,15,0,15,0,0,0,0,0,0
Cagayan,Sto. Niño,San Manuel,16,45,4,41,8.89,2,1,2021-02-05,2022-01-05,Affected,15.2,Sanitized aggregate from ASF laboratory-results Google Sheet; farmer names and farm identifiers excluded.,31,4,27,0,0,0,14,0,14,0,0,0,0,0,0
Cagayan,Sto. Niño,Sidiran,3,6,2,4,33.33,1,1,2024-10-17,2024-10-28,Affected,17.1,Sanitized aggregate from ASF laboratory-results Google Sheet; farmer names and farm identifiers excluded.,6,2,4,0,0,0,0,0,0,0,0,0,0,0,0
Cagayan,Sto. Niño,Sta. Maria,2,4,2,2,50.00,1,1,2024-10-03,2024-10-11,Affected,22.7,Sanitized aggregate from ASF laboratory-results Google Sheet; farmer names and farm identifiers excluded.,4,2,2,0,0,0,0,0,0,0,0,0,0,0,0
Cagayan,Sto. Niño,Tabang,12,25,8,17,32.00,1,1,2023-10-05,2024-10-11,Affected,26.9,Sanitized aggregate from ASF laboratory-results Google Sheet; farmer names and farm identifiers excluded.,25,8,17,0,0,0,0,0,0,0,0,0,0,0,0
Cagayan,Sto. Niño,Tamucco,19,32,8,24,25.00,2,1,2021-01-25,2023-10-05,Affected,25.2,Sanitized aggregate from ASF laboratory-results Google Sheet; farmer names and farm identifiers excluded.,32,8,24,0,0,0,0,0,0,0,0,0,0,0,0
Cagayan,Sto. Niño,Virginia,2,3,1,2,33.33,1,1,2023-09-25,2024-09-18,Affected,15.4,Sanitized aggregate from ASF laboratory-results Google Sheet; farmer names and farm identifiers excluded.,3,1,2,0,0,0,0,0,0,0,0,0,0,0,0
Cagayan,TUAO,ACCUSILIAN,1,1,1,0,100.00,1,1,2021-09-16,2021-09-16,Affected,38.5,Sanitized aggregate from ASF laboratory-results Google Sheet; farmer names and farm identifiers excluded.,1,1,0,0,0,0,0,0,0,0,0,0,0,0,0
Cagayan,TUAO,ALABUG,1,2,2,0,100.00,1,1,2021-10-06,2021-10-06,Affected,40.0,Sanitized aggregate from ASF laboratory-results Google Sheet; farmer names and farm identifiers excluded.,2,2,0,0,0,0,0,0,0,0,0,0,0,0,0
Cagayan,TUAO,ANANG,1,2,0,2,0.00,1,0,2021-04-26,2021-04-26,At-risk,5.2,Sanitized aggregate from ASF laboratory-results Google Sheet; farmer names and farm identifiers excluded.,0,0,0,0,0,0,2,0,2,0,0,0,0,0,0
Cagayan,TUAO,BULAGAO,8,12,0,12,0.00,1,0,2021-09-30,2021-09-30,At-risk,6.2,Sanitized aggregate from ASF laboratory-results Google Sheet; farmer names and farm identifiers excluded.,12,0,12,0,0,0,0,0,0,0,0,0,0,0,0
Cagayan,TUAO,CAGUMITAN,46,69,14,55,20.29,1,1,2021-09-09,2021-10-18,Affected,35.6,Sanitized aggregate from ASF laboratory-results Google Sheet; farmer names and farm identifiers excluded.,69,14,55,0,0,0,0,0,0,0,0,0,0,0,0
Cagayan,TUAO,LAKAMIBINI,3,4,2,2,50.00,1,1,2021-09-16,2021-09-22,Affected,22.7,Sanitized aggregate from ASF laboratory-results Google Sheet; farmer names and farm identifiers excluded.,4,2,2,0,0,0,0,0,0,0,0,0,0,0,0
Cagayan,TUAO,LMALALINTA,1,1,0,1,0.00,1,0,2021-08-06,2021-08-06,At-risk,5.1,Sanitized aggregate from ASF laboratory-results Google Sheet; farmer names and farm identifiers excluded.,0,0,0,1,0,1,0,0,0,0,0,0,0,0,0
Cagayan,TUAO,MUNGO,1,6,6,0,100.00,1,1,2021-10-26,2021-10-26,Affected,46.0,Sanitized aggregate from ASF laboratory-results Google Sheet; farmer names and farm identifiers excluded.,6,6,0,0,0,0,0,0,0,0,0,0,0,0,0
Cagayan,TUGUEGARAO CITY,CATAGGAMAN NUEVO,1,2,0,2,0.00,1,0,2021-03-24,2021-03-24,At-risk,5.2,Sanitized aggregate from ASF laboratory-results Google Sheet; farmer names and farm identifiers excluded.,0,0,0,0,0,0,0,0,0,0,0,0,2,0,2
Cagayan,Tuao,Accusilan,1,3,0,3,0.00,1,0,2020-09-21,2020-09-21,At-risk,5.3,Sanitized aggregate from ASF laboratory-results Google Sheet; farmer names and farm identifiers excluded.,3,0,3,0,0,0,0,0,0,0,0,0,0,0,0
Cagayan,Tuao,Angang,2,3,0,3,0.00,1,0,2024-01-25,2024-01-25,At-risk,5.3,Sanitized aggregate from ASF laboratory-results Google Sheet; farmer names and farm identifiers excluded.,3,0,3,0,0,0,0,0,0,0,0,0,0,0,0
Cagayan,Tuao,Bagumbayan,2,5,1,4,20.00,1,1,2023-09-26,2024-01-10,Affected,10.9,Sanitized aggregate from ASF laboratory-results Google Sheet; farmer names and farm identifiers excluded.,5,1,4,0,0,0,0,0,0,0,0,0,0,0,0
Cagayan,Tuao,Bugnay,53,86,5,81,5.81,2,1,2020-09-25,2021-07-16,Affected,19.6,Sanitized aggregate from ASF laboratory-results Google Sheet; farmer names and farm identifiers excluded.,47,5,42,0,0,0,32,0,32,7,0,7,0,0,0
Cagayan,Tuao,Centro II,1,12,0,12,0.00,1,0,2024-10-09,2024-10-09,At-risk,6.2,Sanitized aggregate from ASF laboratory-results Google Sheet; farmer names and farm identifiers excluded.,12,0,12,0,0,0,0,0,0,0,0,0,0,0,0
Cagayan,Tuao,Culung,1,1,0,1,0.00,1,0,2020-09-29,2020-09-29,At-risk,5.1,Sanitized aggregate from ASF laboratory-results Google Sheet; farmer names and farm identifiers excluded.,1,0,1,0,0,0,0,0,0,0,0,0,0,0,0
Cagayan,Tuao,Dagupan,22,109,25,84,22.94,2,1,2020-09-04,2022-01-05,Affected,55.0,Sanitized aggregate from ASF laboratory-results Google Sheet; farmer names and farm identifiers excluded.,30,25,5,0,0,0,77,0,77,2,0,2,0,0,0
Cagayan,Tuao,Lakambini,1,5,1,4,20.00,1,1,2024-09-27,2024-09-27,Affected,10.9,Sanitized aggregate from ASF laboratory-results Google Sheet; farmer names and farm identifiers excluded.,5,1,4,0,0,0,0,0,0,0,0,0,0,0,0
Cagayan,Tuao,Malalinta,44,110,7,103,6.36,2,1,2020-09-15,2024-01-25,Affected,24.0,Sanitized aggregate from ASF laboratory-results Google Sheet; farmer names and farm identifiers excluded.,21,7,14,0,0,0,75,0,75,14,0,14,0,0,0
Cagayan,Tuao,Malummin,4,6,0,6,0.00,1,0,2020-09-21,2020-12-15,At-risk,5.6,Sanitized aggregate from ASF laboratory-results Google Sheet; farmer names and farm identifiers excluded.,6,0,6,0,0,0,0,0,0,0,0,0,0,0,0
Cagayan,Tuao,N/A,2,20,5,15,25.00,1,1,2022-01-05,2022-01-13,Affected,19.8,Sanitized aggregate from ASF laboratory-results Google Sheet; farmer names and farm identifiers excluded.,0,0,0,0,0,0,20,5,15,0,0,0,0,0,0
Cagayan,Tuao,Naruangan,6,12,6,6,50.00,1,1,2024-04-05,2025-10-24,Affected,29.1,Sanitized aggregate from ASF laboratory-results Google Sheet; farmer names and farm identifiers excluded.,6,0,6,6,6,0,0,0,0,0,0,0,0,0,0
Cagayan,Tuao,Palca,85,144,17,127,11.81,2,1,2020-09-21,2023-11-07,Affected,39.9,Sanitized aggregate from ASF laboratory-results Google Sheet; farmer names and farm identifiers excluded.,106,17,89,0,0,0,31,0,31,7,0,7,0,0,0
Cagayan,Tuao,Pata,1,3,3,0,100.00,1,1,2024-11-14,2024-11-14,Affected,41.5,Sanitized aggregate from ASF laboratory-results Google Sheet; farmer names and farm identifiers excluded.,3,3,0,0,0,0,0,0,0,0,0,0,0,0,0
Cagayan,Tuao,San Luis,2,4,1,3,25.00,1,1,2023-10-17,2024-01-18,Affected,12.6,Sanitized aggregate from ASF laboratory-results Google Sheet; farmer names and farm identifiers excluded.,4,1,3,0,0,0,0,0,0,0,0,0,0,0,0
Cagayan,Tuao,Sto. Tomas,4,8,2,6,25.00,1,1,2023-11-09,2024-01-26,Affected,14.4,Sanitized aggregate from ASF laboratory-results Google Sheet; farmer names and farm identifiers excluded.,8,2,6,0,0,0,0,0,0,0,0,0,0,0,0
Cagayan,Tug. City,Atulayan,2,3,0,3,0.00,1,0,2023-02-10,2023-02-10,At-risk,5.3,Sanitized aggregate from ASF laboratory-results Google Sheet; farmer names and farm identifiers excluded.,3,0,3,0,0,0,0,0,0,0,0,0,0,0,0
Cagayan,Tug. City,Bagumbayan,3,3,0,3,0.00,2,0,2023-02-10,2023-02-10,At-risk,5.3,Sanitized aggregate from ASF laboratory-results Google Sheet; farmer names and farm identifiers excluded.,3,0,3,0,0,0,0,0,0,0,0,0,0,0,0
Cagayan,Tug. City,CApatan,9,13,3,10,23.08,2,2,2023-01-06,2023-02-10,Affected,17.6,Sanitized aggregate from ASF laboratory-results Google Sheet; farmer names and farm identifiers excluded.,13,3,10,0,0,0,0,0,0,0,0,0,0,0,0
Cagayan,Tug. City,Caritan,2,7,0,7,0.00,1,0,2023-02-10,2023-02-10,At-risk,5.7,Sanitized aggregate from ASF laboratory-results Google Sheet; farmer names and farm identifiers excluded.,7,0,7,0,0,0,0,0,0,0,0,0,0,0,0
Cagayan,Tug. City,Cataggaman,4,6,0,6,0.00,1,0,2023-02-10,2023-02-10,At-risk,5.6,Sanitized aggregate from ASF laboratory-results Google Sheet; farmer names and farm identifiers excluded.,6,0,6,0,0,0,0,0,0,0,0,0,0,0,0
Cagayan,Tug. City,Don Domingo,1,2,0,2,0.00,1,0,2023-02-10,2023-02-10,At-risk,5.2,Sanitized aggregate from ASF laboratory-results Google Sheet; farmer names and farm identifiers excluded.,2,0,2,0,0,0,0,0,0,0,0,0,0,0,0
Cagayan,Tug. City,Libag,5,8,0,8,0.00,1,0,2023-02-10,2023-02-10,At-risk,5.8,Sanitized aggregate from ASF laboratory-results Google Sheet; farmer names and farm identifiers excluded.,8,0,8,0,0,0,0,0,0,0,0,0,0,0,0
Cagayan,Tug. City,Linao,8,10,0,10,0.00,1,0,2023-02-10,2023-02-10,At-risk,6.0,Sanitized aggregate from ASF laboratory-results Google Sheet; farmer names and farm identifiers excluded.,10,0,10,0,0,0,0,0,0,0,0,0,0,0,0
Cagayan,Tug. City,Pengue,1,2,0,2,0.00,1,0,2023-02-10,2023-02-10,At-risk,5.2,Sanitized aggregate from ASF laboratory-results Google Sheet; farmer names and farm identifiers excluded.,2,0,2,0,0,0,0,0,0,0,0,0,0,0,0
Cagayan,Tug. City,Ugac Sur,1,2,2,0,100.00,1,1,2023-02-10,2023-02-10,Affected,40.0,Sanitized aggregate from ASF laboratory-results Google Sheet; farmer names and farm identifiers excluded.,2,2,0,0,0,0,0,0,0,0,0,0,0,0,0
Cagayan,Tuguegarao City,Capatan,2,16,6,10,37.50,2,1,2021-11-10,2022-01-05,Affected,25.1,Sanitized aggregate from ASF laboratory-results Google Sheet; farmer names and farm identifiers excluded.,11,6,5,0,0,0,5,0,5,0,0,0,0,0,0
Cagayan,Tuguegarao City,Gosi,2,10,0,10,0.00,1,0,2024-02-28,2024-05-27,At-risk,6.0,Sanitized aggregate from ASF laboratory-results Google Sheet; farmer names and farm identifiers excluded.,10,0,10,0,0,0,0,0,0,0,0,0,0,0,0
Cagayan,Tuguegarao City,Gosi Sur,51,200,5,192,2.50,1,1,2024-02-05,2025-10-03,Affected,19.9,Sanitized aggregate from ASF laboratory-results Google Sheet; farmer names and farm identifiers excluded.,200,5,192,0,0,0,0,0,0,0,0,0,0,0,0
Cagayan,Tuguegarao City,N/A,2,2,0,2,0.00,1,0,2025-03-13,2025-03-13,At-risk,5.2,Sanitized aggregate from ASF laboratory-results Google Sheet; farmer names and farm identifiers excluded.,2,0,2,0,0,0,0,0,0,0,0,0,0,0,0
Cagayan,Tuguegarao City,Namabbalan Norte,1,1,0,1,0.00,1,0,2024-01-08,2024-01-08,At-risk,5.1,Sanitized aggregate from ASF laboratory-results Google Sheet; farmer names and farm identifiers excluded.,1,0,1,0,0,0,0,0,0,0,0,0,0,0,0
Cagayan,Tuguegarao City,Ugac Norte,1,4,4,0,100.00,1,1,2020-12-11,2020-12-11,Affected,43.0,Sanitized aggregate from ASF laboratory-results Google Sheet; farmer names and farm identifiers excluded.,0,0,0,4,4,0,0,0,0,0,0,0,0,0,0
ISABELA,ALICIA,AMISTALD,1,1,0,1,0.00,1,0,2021-03-30,2021-03-30,At-risk,5.1,Sanitized aggregate from ASF laboratory-results Google Sheet; farmer names and farm identifiers excluded.,0,0,0,0,0,0,1,0,1,0,0,0,0,0,0
ISABELA,ALICIA,APANAY,1,2,0,2,0.00,1,0,2021-05-11,2021-05-11,At-risk,5.2,Sanitized aggregate from ASF laboratory-results Google Sheet; farmer names and farm identifiers excluded.,0,0,0,0,0,0,2,0,2,0,0,0,0,0,0
ISABELA,ALICIA,BAGNUS,1,2,0,2,0.00,1,0,2021-05-11,2021-05-11,At-risk,5.2,Sanitized aggregate from ASF laboratory-results Google Sheet; farmer names and farm identifiers excluded.,0,0,0,0,0,0,2,0,2,0,0,0,0,0,0
ISABELA,ALICIA,BAGONG SIKAT,1,2,0,2,0.00,1,0,2021-05-11,2021-05-11,At-risk,5.2,Sanitized aggregate from ASF laboratory-results Google Sheet; farmer names and farm identifiers excluded.,0,0,0,0,0,0,2,0,2,0,0,0,0,0,0
ISABELA,ALICIA,BANTOG,1,2,0,2,0.00,1,0,2021-05-11,2021-05-11,At-risk,5.2,Sanitized aggregate from ASF laboratory-results Google Sheet; farmer names and farm identifiers excluded.,0,0,0,0,0,0,2,0,2,0,0,0,0,0,0
ISABELA,ALICIA,BURGOS,4,7,2,5,28.57,2,1,2020-09-11,2021-05-11,Affected,15.5,Sanitized aggregate from ASF laboratory-results Google Sheet; farmer names and farm identifiers excluded.,2,2,0,0,0,0,5,0,5,0,0,0,0,0,0
ISABELA,ALICIA,CALLAO,2,4,2,2,50.00,2,1,2020-08-26,2021-05-11,Affected,22.7,Sanitized aggregate from ASF laboratory-results Google Sheet; farmer names and farm identifiers excluded.,2,2,0,0,0,0,2,0,2,0,0,0,0,0,0
ISABELA,ALICIA,CALOOCAN,1,2,0,2,0.00,1,0,2021-05-11,2021-05-11,At-risk,5.2,Sanitized aggregate from ASF laboratory-results Google Sheet; farmer names and farm identifiers excluded.,0,0,0,0,0,0,2,0,2,0,0,0,0,0,0
ISABELA,ALICIA,DEL PILAR,1,2,0,2,0.00,1,0,2021-05-11,2021-05-11,At-risk,5.2,Sanitized aggregate from ASF laboratory-results Google Sheet; farmer names and farm identifiers excluded.,0,0,0,0,0,0,2,0,2,0,0,0,0,0,0
ISABELA,ALICIA,INANAMA,1,2,0,2,0.00,1,0,2021-05-11,2021-05-11,At-risk,5.2,Sanitized aggregate from ASF laboratory-results Google Sheet; farmer names and farm identifiers excluded.,0,0,0,0,0,0,2,0,2,0,0,0,0,0,0
ISABELA,ALICIA,LING-LINGAY,1,2,0,2,0.00,1,0,2021-05-11,2021-05-11,At-risk,5.2,Sanitized aggregate from ASF laboratory-results Google Sheet; farmer names and farm identifiers excluded.,0,0,0,0,0,0,2,0,2,0,0,0,0,0,0
ISABELA,ALICIA,MABINI,1,2,0,2,0.00,1,0,2021-05-11,2021-05-11,At-risk,5.2,Sanitized aggregate from ASF laboratory-results Google Sheet; farmer names and farm identifiers excluded.,0,0,0,0,0,0,2,0,2,0,0,0,0,0,0
ISABELA,ALICIA,MAGSAYSAY,1,2,0,2,0.00,1,0,2021-05-11,2021-05-11,At-risk,5.2,Sanitized aggregate from ASF laboratory-results Google Sheet; farmer names and farm identifiers excluded.,0,0,0,0,0,0,2,0,2,0,0,0,0,0,0
ISABELA,ALICIA,PADDAD,3,6,2,4,33.33,2,1,2020-09-04,2021-05-11,Affected,17.1,Sanitized aggregate from ASF laboratory-results Google Sheet; farmer names and farm identifiers excluded.,2,2,0,0,0,0,4,0,4,0,0,0,0,0,0
ISABELA,ALICIA,RIZAL,2,3,1,2,33.33,2,1,2020-09-11,2021-03-30,Affected,15.4,Sanitized aggregate from ASF laboratory-results Google Sheet; farmer names and farm identifiers excluded.,1,1,0,0,0,0,2,0,2,0,0,0,0,0,0
ISABELA,ALICIA,SALVASION,1,2,0,2,0.00,1,0,2021-05-11,2021-05-11,At-risk,5.2,Sanitized aggregate from ASF laboratory-results Google Sheet; farmer names and farm identifiers excluded.,0,0,0,0,0,0,2,0,2,0,0,0,0,0,0
ISABELA,ALICIA,SAN ANTONIO,1,2,0,2,0.00,1,0,2021-05-11,2021-05-11,At-risk,5.2,Sanitized aggregate from ASF laboratory-results Google Sheet; farmer names and farm identifiers excluded.,0,0,0,0,0,0,2,0,2,0,0,0,0,0,0
ISABELA,ALICIA,SAN FERNANDO,3,5,2,3,40.00,2,1,2020-09-11,2021-05-11,Affected,19.3,Sanitized aggregate from ASF laboratory-results Google Sheet; farmer names and farm identifiers excluded.,3,2,1,0,0,0,2,0,2,0,0,0,0,0,0
ISABELA,ALICIA,SAN FRANCISCO,4,8,6,2,75.00,2,1,2020-09-11,2021-05-11,Affected,37.4,Sanitized aggregate from ASF laboratory-results Google Sheet; farmer names and farm identifiers excluded.,6,6,0,0,0,0,2,0,2,0,0,0,0,0,0
ISABELA,ALICIA,SAN PABLO,2,3,1,2,33.33,2,1,2020-09-11,2021-05-11,Affected,15.4,Sanitized aggregate from ASF laboratory-results Google Sheet; farmer names and farm identifiers excluded.,1,1,0,0,0,0,2,0,2,0,0,0,0,0,0
ISABELA,ALICIA,STO. DOMINGO,2,4,2,2,50.00,2,1,2020-09-04,2021-05-11,Affected,22.7,Sanitized aggregate from ASF laboratory-results Google Sheet; farmer names and farm identifiers excluded.,2,2,0,0,0,0,2,0,2,0,0,0,0,0,0
ISABELA,ALICIA,STO. TOMAS,3,5,2,3,40.00,2,1,2020-09-04,2021-05-11,Affected,19.3,Sanitized aggregate from ASF laboratory-results Google Sheet; farmer names and farm identifiers excluded.,2,2,0,0,0,0,3,0,3,0,0,0,0,0,0
ISABELA,ALICIA,ZAMORA,4,8,2,6,25.00,2,1,2020-09-04,2021-05-11,Affected,14.4,Sanitized aggregate from ASF laboratory-results Google Sheet; farmer names and farm identifiers excluded.,2,2,0,0,0,0,6,0,6,0,0,0,0,0,0
ISABELA,AURORA,DALIG KALINGA,2,10,0,10,0.00,1,0,2021-10-22,2021-11-08,At-risk,6.0,Sanitized aggregate from ASF laboratory-results Google Sheet; farmer names and farm identifiers excluded.,0,0,0,0,0,0,10,0,10,0,0,0,0,0,0
ISABELA,AURORA,ESPERANZA WEST,5,15,2,13,13.33,2,1,2020-09-07,2021-11-08,Affected,11.0,Sanitized aggregate from ASF laboratory-results Google Sheet; farmer names and farm identifiers excluded.,2,2,0,0,0,0,13,0,13,0,0,0,0,0,0
ISABELA,AURORA,EXPERANZA EAST,1,5,0,5,0.00,1,0,2021-10-22,2021-10-22,At-risk,5.5,Sanitized aggregate from ASF laboratory-results Google Sheet; farmer names and farm identifiers excluded.,0,0,0,0,0,0,5,0,5,0,0,0,0,0,0
ISABELA,AURORA,EZPERANZA EAST,1,5,0,5,0.00,1,0,2021-10-22,2021-10-22,At-risk,5.5,Sanitized aggregate from ASF laboratory-results Google Sheet; farmer names and farm identifiers excluded.,0,0,0,0,0,0,5,0,5,0,0,0,0,0,0
ISABELA,AURORA,EZPERANZA WEST,6,16,0,16,0.00,1,0,2021-10-22,2021-12-09,At-risk,6.6,Sanitized aggregate from ASF laboratory-results Google Sheet; farmer names and farm identifiers excluded.,3,0,3,0,0,0,13,0,13,0,0,0,0,0,0
ISABELA,AURORA,KALINGA,1,1,0,1,0.00,1,0,2021-12-09,2021-12-09,At-risk,5.1,Sanitized aggregate from ASF laboratory-results Google Sheet; farmer names and farm identifiers excluded.,1,0,1,0,0,0,0,0,0,0,0,0,0,0,0
ISABELA,AURORA,N/A,28,28,0,28,0.00,1,0,2021-12-09,2021-12-09,At-risk,7.8,Sanitized aggregate from ASF laboratory-results Google Sheet; farmer names and farm identifiers excluded.,28,0,28,0,0,0,0,0,0,0,0,0,0,0,0
ISABELA,AURORA,SAN ANDREW,2,10,0,10,0.00,1,0,2021-10-22,2021-10-22,At-risk,6.0,Sanitized aggregate from ASF laboratory-results Google Sheet; farmer names and farm identifiers excluded.,0,0,0,0,0,0,10,0,10,0,0,0,0,0,0
ISABELA,AURORA,SARANGAY,1,5,0,5,0.00,1,0,2021-10-22,2021-10-22,At-risk,5.5,Sanitized aggregate from ASF laboratory-results Google Sheet; farmer names and farm identifiers excluded.,0,0,0,0,0,0,5,0,5,0,0,0,0,0,0
ISABELA,AURORA,STA ROSA,2,2,0,2,0.00,1,0,2021-12-09,2021-12-09,At-risk,5.2,Sanitized aggregate from ASF laboratory-results Google Sheet; farmer names and farm identifiers excluded.,2,0,2,0,0,0,0,0,0,0,0,0,0,0,0
ISABELA,AURORA,STO NINO,12,12,0,12,0.00,1,0,2021-12-09,2021-12-09,At-risk,6.2,Sanitized aggregate from ASF laboratory-results Google Sheet; farmer names and farm identifiers excluded.,12,0,12,0,0,0,0,0,0,0,0,0,0,0,0
ISABELA,AURORA,VILLA NUESO,6,28,0,28,0.00,1,0,2021-11-08,2021-11-08,At-risk,7.8,Sanitized aggregate from ASF laboratory-results Google Sheet; farmer names and farm identifiers excluded.,0,0,0,0,0,0,28,0,28,0,0,0,0,0,0
ISABELA,AURORA,VILLAFUGU,1,4,0,4,0.00,1,0,2021-11-08,2021-11-08,At-risk,5.4,Sanitized aggregate from ASF laboratory-results Google Sheet; farmer names and farm identifiers excluded.,0,0,0,0,0,0,4,0,4,0,0,0,0,0,0
ISABELA,AURORA,VILLANUEVA,7,24,2,22,8.33,2,1,2020-08-24,2021-10-22,Affected,10.1,Sanitized aggregate from ASF laboratory-results Google Sheet; farmer names and farm identifiers excluded.,2,2,0,0,0,0,22,0,22,0,0,0,0,0,0
ISABELA,Alicia,Amistad,3,4,0,4,0.00,2,0,2021-05-11,2022-11-16,At-risk,5.4,Sanitized aggregate from ASF laboratory-results Google Sheet; farmer names and farm identifiers excluded.,1,0,1,0,0,0,3,0,3,0,0,0,0,0,0
ISABELA,Alicia,Aurora,3,4,0,4,0.00,2,0,2021-03-30,2022-12-09,At-risk,5.4,Sanitized aggregate from ASF laboratory-results Google Sheet; farmer names and farm identifiers excluded.,0,0,0,0,0,0,4,0,4,0,0,0,0,0,0
ISABELA,Alicia,Bagnos,3,4,2,2,50.00,1,1,2020-09-11,2022-12-09,Affected,22.7,Sanitized aggregate from ASF laboratory-results Google Sheet; farmer names and farm identifiers excluded.,2,2,0,0,0,0,2,0,2,0,0,0,0,0,0
ISABELA,Alicia,Bantug Petines,29,30,0,30,0.00,2,0,2021-05-11,2022-11-16,At-risk,8.0,Sanitized aggregate from ASF laboratory-results Google Sheet; farmer names and farm identifiers excluded.,14,0,14,0,0,0,16,0,16,0,0,0,0,0,0
ISABELA,Alicia,Dagupan,11,18,8,10,44.44,2,1,2020-08-26,2022-12-09,Affected,30.6,Sanitized aggregate from ASF laboratory-results Google Sheet; farmer names and farm identifiers excluded.,9,8,1,0,0,0,9,0,9,0,0,0,0,0,0
ISABELA,Alicia,Mataas na Kahoy,3,4,1,3,25.00,2,1,2020-09-04,2022-12-09,Affected,12.6,Sanitized aggregate from ASF laboratory-results Google Sheet; farmer names and farm identifiers excluded.,1,1,0,0,0,0,3,0,3,0,0,0,0,0,0
ISABELA,Alicia,Salvacion,32,34,3,31,8.82,1,1,2020-09-11,2022-11-16,Affected,12.7,Sanitized aggregate from ASF laboratory-results Google Sheet; farmer names and farm identifiers excluded.,18,3,15,0,0,0,16,0,16,0,0,0,0,0,0
ISABELA,Alicia,San Juan,33,35,1,34,2.86,2,1,2020-09-04,2022-11-16,Affected,7.9,Sanitized aggregate from ASF laboratory-results Google Sheet; farmer names and farm identifiers excluded.,16,1,15,0,0,0,19,0,19,0,0,0,0,0,0
ISABELA,Alicia,Sta. Maria,4,5,1,4,20.00,2,1,2020-09-04,2022-11-16,Affected,10.9,Sanitized aggregate from ASF laboratory-results Google Sheet; farmer names and farm identifiers excluded.,2,1,1,0,0,0,3,0,3,0,0,0,0,0,0
ISABELA,Angadanan,Baui,1,1,0,1,0.00,1,0,2022-12-09,2022-12-09,At-risk,5.1,Sanitized aggregate from ASF laboratory-results Google Sheet; farmer names and farm identifiers excluded.,0,0,0,0,0,0,1,0,1,0,0,0,0,0,0
ISABELA,Angadanan,Ramona,28,69,0,69,0.00,1,0,2022-04-11,2022-10-27,At-risk,11.9,Sanitized aggregate from ASF laboratory-results Google Sheet; farmer names and farm identifiers excluded.,14,0,14,0,0,0,55,0,55,0,0,0,0,0,0
ISABELA,Angadanan,Viga,30,113,0,113,0.00,1,0,2022-01-24,2022-10-27,At-risk,15.0,Sanitized aggregate from ASF laboratory-results Google Sheet; farmer names and farm identifiers excluded.,44,0,44,0,0,0,69,0,69,0,0,0,0,0,0
ISABELA,Angadanan,Villa Domingo,31,81,0,81,0.00,1,0,2022-04-11,2022-10-27,At-risk,13.1,Sanitized aggregate from ASF laboratory-results Google Sheet; farmer names and farm identifiers excluded.,17,0,17,0,0,0,64,0,64,0,0,0,0,0,0
ISABELA,Aurora,Bagnos,16,45,3,42,6.67,2,1,2020-08-24,2022-02-24,Affected,13.0,Sanitized aggregate from ASF laboratory-results Google Sheet; farmer names and farm identifiers excluded.,8,3,5,0,0,0,34,0,34,3,0,3,0,0,0
ISABELA,Aurora,Caipilan,5,5,0,5,0.00,1,0,2022-02-03,2022-02-03,At-risk,5.5,Sanitized aggregate from ASF laboratory-results Google Sheet; farmer names and farm identifiers excluded.,0,0,0,0,0,0,0,0,0,5,0,5,0,0,0
ISABELA,Aurora,Dalig-Kalinga,2,7,0,7,0.00,1,0,2022-02-21,2022-03-22,At-risk,5.7,Sanitized aggregate from ASF laboratory-results Google Sheet; farmer names and farm identifiers excluded.,0,0,0,1,0,1,6,0,6,0,0,0,0,0,0
ISABELA,Aurora,Esperanza East,9,22,4,18,18.18,2,1,2020-08-24,2022-02-07,Affected,16.2,Sanitized aggregate from ASF laboratory-results Google Sheet; farmer names and farm identifiers excluded.,8,4,4,0,0,0,14,0,14,0,0,0,0,0,0
ISABELA,Aurora,Ezperanza,3,3,0,3,0.00,1,0,2022-02-24,2022-02-24,At-risk,5.3,Sanitized aggregate from ASF laboratory-results Google Sheet; farmer names and farm identifiers excluded.,0,0,0,0,0,0,0,0,0,3,0,3,0,0,0
ISABELA,Aurora,Kalabasa,2,2,0,2,0.00,1,0,2022-02-03,2022-02-03,At-risk,5.2,Sanitized aggregate from ASF laboratory-results Google Sheet; farmer names and farm identifiers excluded.,0,0,0,0,0,0,0,0,0,2,0,2,0,0,0
ISABELA,Aurora,Kalabaza,7,16,3,13,18.75,2,1,2020-08-26,2022-12-09,Affected,14.4,Sanitized aggregate from ASF laboratory-results Google Sheet; farmer names and farm identifiers excluded.,3,3,0,0,0,0,11,0,11,2,0,2,0,0,0
ISABELA,Aurora,Malasin,19,50,7,43,14.00,2,1,2020-02-11,2022-02-24,Affected,21.7,Sanitized aggregate from ASF laboratory-results Google Sheet; farmer names and farm identifiers excluded.,13,7,6,0,0,0,33,0,33,4,0,4,0,0,0
ISABELA,Aurora,Panecien,2,3,2,1,66.67,1,1,2020-08-03,2022-02-03,Affected,28.4,Sanitized aggregate from ASF laboratory-results Google Sheet; farmer names and farm identifiers excluded.,2,2,0,0,0,0,0,0,0,1,0,1,0,0,0
ISABELA,Aurora,Panicien,2,6,0,6,0.00,2,0,2021-10-22,2022-02-24,At-risk,5.6,Sanitized aggregate from ASF laboratory-results Google Sheet; farmer names and farm identifiers excluded.,0,0,0,0,0,0,5,0,5,1,0,1,0,0,0
ISABELA,Aurora,San Andres,5,13,1,12,7.69,2,1,2020-08-26,2022-02-03,Affected,7.4,Sanitized aggregate from ASF laboratory-results Google Sheet; farmer names and farm identifiers excluded.,1,1,0,0,0,0,10,0,10,2,0,2,0,0,0
ISABELA,Aurora,San Pedro,1,1,0,1,0.00,1,0,2022-12-09,2022-12-09,At-risk,5.1,Sanitized aggregate from ASF laboratory-results Google Sheet; farmer names and farm identifiers excluded.,0,0,0,0,0,0,1,0,1,0,0,0,0,0,0
ISABELA,Aurora,Saranay,4,6,4,2,66.67,1,1,2020-08-26,2022-02-24,Affected,31.5,Sanitized aggregate from ASF laboratory-results Google Sheet; farmer names and farm identifiers excluded.,4,4,0,0,0,0,0,0,0,2,0,2,0,0,0
ISABELA,Aurora,Sili,6,14,0,14,0.00,2,0,2021-10-22,2022-02-24,At-risk,6.4,Sanitized aggregate from ASF laboratory-results Google Sheet; farmer names and farm identifiers excluded.,0,0,0,0,0,0,10,0,10,4,0,4,0,0,0
ISABELA,Aurora,Sta. Rosa,4,11,0,11,0.00,2,0,2021-10-22,2022-02-03,At-risk,6.1,Sanitized aggregate from ASF laboratory-results Google Sheet; farmer names and farm identifiers excluded.,0,0,0,0,0,0,9,0,9,2,0,2,0,0,0
ISABELA,Aurora,Victoria,2,6,0,6,0.00,2,0,2021-10-22,2022-02-07,At-risk,5.6,Sanitized aggregate from ASF laboratory-results Google Sheet; farmer names and farm identifiers excluded.,0,0,0,0,0,0,5,0,5,1,0,1,0,0,0
ISABELA,Aurora,Villa Fugu,6,14,0,14,0.00,2,0,2021-10-22,2022-02-24,At-risk,6.4,Sanitized aggregate from ASF laboratory-results Google Sheet; farmer names and farm identifiers excluded.,0,0,0,0,0,0,10,0,10,4,0,4,0,0,0
ISABELA,Aurora,Villanuesa,7,7,1,6,14.29,1,1,2022-01-24,2022-02-24,Affected,9.1,Sanitized aggregate from ASF laboratory-results Google Sheet; farmer names and farm identifiers excluded.,1,1,0,0,0,0,0,0,0,6,0,6,0,0,0
ISABELA,BENITO SOLIVEN,YEBAN SUR,1,5,0,5,0.00,1,0,,,At-risk,5.5,Sanitized aggregate from ASF laboratory-results Google Sheet; farmer names and farm identifiers excluded.,0,0,0,0,0,0,5,0,5,0,0,0,0,0,0
ISABELA,BURGOS,CULLALABO,3,14,0,14,0.00,1,0,2021-11-08,2021-11-08,At-risk,6.4,Sanitized aggregate from ASF laboratory-results Google Sheet; farmer names and farm identifiers excluded.,0,0,0,0,0,0,14,0,14,0,0,0,0,0,0
ISABELA,Benito Soliven,Danipa,14,14,0,14,0.00,1,0,2022-12-21,2022-12-21,At-risk,6.4,Sanitized aggregate from ASF laboratory-results Google Sheet; farmer names and farm identifiers excluded.,0,0,0,0,0,0,14,0,14,0,0,0,0,0,0
ISABELA,Benito Soliven,District 1,8,8,0,8,0.00,1,0,2022-11-28,2022-11-28,At-risk,5.8,Sanitized aggregate from ASF laboratory-results Google Sheet; farmer names and farm identifiers excluded.,0,0,0,0,0,0,8,0,8,0,0,0,0,0,0
ISABELA,Benito Soliven,La Salette,12,12,0,12,0.00,1,0,2022-12-21,2022-12-21,At-risk,6.2,Sanitized aggregate from ASF laboratory-results Google Sheet; farmer names and farm identifiers excluded.,0,0,0,0,0,0,12,0,12,0,0,0,0,0,0
ISABELA,Benito Soliven,New Magsaysay,18,18,0,18,0.00,1,0,2022-12-21,2022-12-21,At-risk,6.8,Sanitized aggregate from ASF laboratory-results Google Sheet; farmer names and farm identifiers excluded.,0,0,0,0,0,0,18,0,18,0,0,0,0,0,0
ISABELA,Benito Soliven,Sevillana,14,14,0,14,0.00,1,0,2022-12-28,2022-12-28,At-risk,6.4,Sanitized aggregate from ASF laboratory-results Google Sheet; farmer names and farm identifiers excluded.,0,0,0,0,0,0,14,0,14,0,0,0,0,0,0
ISABELA,Benito Soliven,Villaluz,47,161,7,154,4.35,2,1,2020-10-01,2022-01-28,Affected,23.3,Sanitized aggregate from ASF laboratory-results Google Sheet; farmer names and farm identifiers excluded.,22,7,15,0,0,0,139,0,139,0,0,0,0,0,0
ISABELA,Burgos,Bacnor East,14,18,0,18,0.00,2,0,2021-08-18,2023-01-16,At-risk,6.8,Sanitized aggregate from ASF laboratory-results Google Sheet; farmer names and farm identifiers excluded.,7,0,7,0,0,0,11,0,11,0,0,0,0,0,0
ISABELA,Burgos,Bacnor West,23,65,0,65,0.00,2,0,2021-10-26,2023-01-16,At-risk,11.5,Sanitized aggregate from ASF laboratory-results Google Sheet; farmer names and farm identifiers excluded.,5,0,5,0,0,0,60,0,60,0,0,0,0,0,0
ISABELA,Burgos,CAlliguian,10,10,0,10,0.00,1,0,2023-01-16,2023-01-16,At-risk,6.0,Sanitized aggregate from ASF laboratory-results Google Sheet; farmer names and farm identifiers excluded.,0,0,0,0,0,0,10,0,10,0,0,0,0,0,0
ISABELA,Burgos,Caliguian,5,13,0,13,0.00,2,0,2021-10-26,2022-12-09,At-risk,6.3,Sanitized aggregate from ASF laboratory-results Google Sheet; farmer names and farm identifiers excluded.,1,0,1,0,0,0,12,0,12,0,0,0,0,0,0
ISABELA,Burgos,Collalabo Del Norte,8,8,0,8,0.00,1,0,2023-01-16,2023-01-16,At-risk,5.8,Sanitized aggregate from ASF laboratory-results Google Sheet; farmer names and farm identifiers excluded.,0,0,0,0,0,0,8,0,8,0,0,0,0,0,0
ISABELA,Burgos,Cullalabo Del Sur,7,20,3,17,15.00,2,1,2020-09-14,2022-01-28,Affected,13.4,Sanitized aggregate from ASF laboratory-results Google Sheet; farmer names and farm identifiers excluded.,6,3,3,0,0,0,14,0,14,0,0,0,0,0,0
ISABELA,Burgos,Dalig,2,2,0,2,0.00,1,0,2023-01-16,2023-01-16,At-risk,5.2,Sanitized aggregate from ASF laboratory-results Google Sheet; farmer names and farm identifiers excluded.,0,0,0,0,0,0,2,0,2,0,0,0,0,0,0
ISABELA,Burgos,Dallig,1,1,0,1,0.00,1,0,2022-12-09,2022-12-09,At-risk,5.1,Sanitized aggregate from ASF laboratory-results Google Sheet; farmer names and farm identifiers excluded.,0,0,0,0,0,0,1,0,1,0,0,0,0,0,0
ISABELA,Burgos,Malasin,9,10,3,7,30.00,1,1,2020-09-14,2023-01-16,Affected,17.7,Sanitized aggregate from ASF laboratory-results Google Sheet; farmer names and farm identifiers excluded.,3,3,0,0,0,0,7,0,7,0,0,0,0,0,0
ISABELA,Burgos,SAn Miguel,12,12,0,12,0.00,2,0,2022-12-09,2023-01-16,At-risk,6.2,Sanitized aggregate from ASF laboratory-results Google Sheet; farmer names and farm identifiers excluded.,0,0,0,0,0,0,12,0,12,0,0,0,0,0,0
ISABELA,Burgos,San Antonio,24,59,0,59,0.00,2,0,2021-10-26,2023-01-27,At-risk,10.9,Sanitized aggregate from ASF laboratory-results Google Sheet; farmer names and farm identifiers excluded.,5,0,5,0,0,0,54,0,54,0,0,0,0,0,0
ISABELA,CABATUAN,LA PAZ,2,7,5,2,71.43,2,1,2020-09-01,2021-05-06,Affected,34.7,Sanitized aggregate from ASF laboratory-results Google Sheet; farmer names and farm identifiers excluded.,5,5,0,0,0,0,2,0,2,0,0,0,0,0,0
ISABELA,CABATUAN,LULILING,1,2,0,2,0.00,1,0,2021-05-06,2021-05-06,At-risk,5.2,Sanitized aggregate from ASF laboratory-results Google Sheet; farmer names and farm identifiers excluded.,0,0,0,0,0,0,2,0,2,0,0,0,0,0,0
ISABELA,CAUAYAN CITY,CULALABATI,1,15,0,15,0.00,1,0,2021-10-21,2021-10-21,At-risk,6.5,Sanitized aggregate from ASF laboratory-results Google Sheet; farmer names and farm identifiers excluded.,0,0,0,0,0,0,15,0,15,0,0,0,0,0,0
ISABELA,CAUAYAN CITY,DABBURAB,3,4,2,2,50.00,2,1,2020-09-01,2021-05-10,Affected,22.7,Sanitized aggregate from ASF laboratory-results Google Sheet; farmer names and farm identifiers excluded.,2,2,0,0,0,0,2,0,2,0,0,0,0,0,0
ISABELA,CAUAYAN CITY,DABURAB,1,2,0,2,0.00,1,0,2021-04-26,2021-04-26,At-risk,5.2,Sanitized aggregate from ASF laboratory-results Google Sheet; farmer names and farm identifiers excluded.,0,0,0,0,0,0,2,0,2,0,0,0,0,0,0
ISABELA,CAUAYAN CITY,MINANTE,6,8,2,6,25.00,2,1,2020-09-01,2021-04-26,Affected,14.4,Sanitized aggregate from ASF laboratory-results Google Sheet; farmer names and farm identifiers excluded.,2,2,0,0,0,0,6,0,6,0,0,0,0,0,0
ISABELA,CITY OF ILAGAN,BALLACONG,1,2,0,2,0.00,1,0,2021-05-10,2021-05-10,At-risk,5.2,Sanitized aggregate from ASF laboratory-results Google Sheet; farmer names and farm identifiers excluded.,0,0,0,0,0,0,2,0,2,0,0,0,0,0,0
ISABELA,CITY OF ILAGAN,FUYO,1,18,0,18,0.00,1,0,2021-06-02,2021-06-02,At-risk,6.8,Sanitized aggregate from ASF laboratory-results Google Sheet; farmer names and farm identifiers excluded.,0,0,0,0,0,0,18,0,18,0,0,0,0,0,0
ISABELA,CITY OF ILAGAN,MARANA 1ST,10,15,2,13,13.33,1,1,2021-05-10,2021-12-22,Affected,11.0,Sanitized aggregate from ASF laboratory-results Google Sheet; farmer names and farm identifiers excluded.,0,0,0,0,0,0,4,0,4,0,0,0,11,2,9
ISABELA,CITY OF ILAGAN,SAN ANTONIO,2,4,0,4,0.00,1,0,2021-04-26,2021-04-26,At-risk,5.4,Sanitized aggregate from ASF laboratory-results Google Sheet; farmer names and farm identifiers excluded.,0,0,0,0,0,0,4,0,4,0,0,0,0,0,0
ISABELA,CITY OF ILAGAN,SAN FELIPE,1,2,2,0,100.00,1,1,2021-03-22,2021-03-22,Affected,40.0,Sanitized aggregate from ASF laboratory-results Google Sheet; farmer names and farm identifiers excluded.,2,2,0,0,0,0,0,0,0,0,0,0,0,0,0
ISABELA,CITY OF ILAGAN,SAN ISIDRO,1,3,3,0,100.00,1,1,2021-12-09,2021-12-09,Affected,41.5,Sanitized aggregate from ASF laboratory-results Google Sheet; farmer names and farm identifiers excluded.,3,3,0,0,0,0,0,0,0,0,0,0,0,0,0
ISABELA,CITY OF ILAGAN,STA VICTORIA,7,190,0,190,0.00,1,0,2021-06-10,2022-06-25,At-risk,15.0,Sanitized aggregate from ASF laboratory-results Google Sheet; farmer names and farm identifiers excluded.,190,0,190,0,0,0,0,0,0,0,0,0,0,0,0
ISABELA,CITY OF ILAGAN,STA. ISABEL,1,2,0,2,0.00,1,0,2021-05-10,2021-05-10,At-risk,5.2,Sanitized aggregate from ASF laboratory-results Google Sheet; farmer names and farm identifiers excluded.,0,0,0,0,0,0,2,0,2,0,0,0,0,0,0
ISABELA,Cabagan,Aggub,7,9,3,6,33.33,1,1,2020-09-07,2022-11-28,Affected,18.8,Sanitized aggregate from ASF laboratory-results Google Sheet; farmer names and farm identifiers excluded.,3,3,0,0,0,0,6,0,6,0,0,0,0,0,0
ISABELA,Cabagan,Anao,1,1,0,1,0.00,1,0,2022-11-28,2022-11-28,At-risk,5.1,Sanitized aggregate from ASF laboratory-results Google Sheet; farmer names and farm identifiers excluded.,0,0,0,0,0,0,1,0,1,0,0,0,0,0,0
ISABELA,Cabagan,Angancasilian,3,3,0,3,0.00,1,0,2022-06-21,2022-06-21,At-risk,5.3,Sanitized aggregate from ASF laboratory-results Google Sheet; farmer names and farm identifiers excluded.,0,0,0,0,0,0,3,0,3,0,0,0,0,0,0
ISABELA,Cabagan,Cubag,3,5,0,5,0.00,2,0,2021-04-26,2022-11-28,At-risk,5.5,Sanitized aggregate from ASF laboratory-results Google Sheet; farmer names and farm identifiers excluded.,0,0,0,0,0,0,5,0,5,0,0,0,0,0,0
ISABELA,Cabagan,Masipi West,5,5,1,4,20.00,2,1,2021-10-08,2022-11-10,Affected,10.9,Sanitized aggregate from ASF laboratory-results Google Sheet; farmer names and farm identifiers excluded.,3,1,2,0,0,0,2,0,2,0,0,0,0,0,0
ISABELA,Cabatuan,Culing Centro,2,7,0,7,0.00,1,0,2022-04-25,2022-04-25,At-risk,5.7,Sanitized aggregate from ASF laboratory-results Google Sheet; farmer names and farm identifiers excluded.,0,0,0,0,0,0,7,0,7,0,0,0,0,0,0
ISABELA,Cabatuan,Culing East,2,8,0,8,0.00,1,0,2022-04-25,2022-04-25,At-risk,5.8,Sanitized aggregate from ASF laboratory-results Google Sheet; farmer names and farm identifiers excluded.,0,0,0,0,0,0,8,0,8,0,0,0,0,0,0
ISABELA,Cabatuan,Culing West,5,15,5,10,33.33,1,1,2020-09-11,2022-05-06,Affected,22.2,Sanitized aggregate from ASF laboratory-results Google Sheet; farmer names and farm identifiers excluded.,5,5,0,0,0,0,10,0,10,0,0,0,0,0,0
ISABELA,Cabatuan,Del Pilar,4,9,4,5,44.44,1,1,2020-09-11,2022-05-06,Affected,24.1,Sanitized aggregate from ASF laboratory-results Google Sheet; farmer names and farm identifiers excluded.,4,4,0,0,0,0,5,0,5,0,0,0,0,0,0
ISABELA,Cabatuan,Diamantina,11,19,3,16,15.79,2,1,2020-09-01,2022-05-06,Affected,13.6,Sanitized aggregate from ASF laboratory-results Google Sheet; farmer names and farm identifiers excluded.,4,3,1,0,0,0,15,0,15,0,0,0,0,0,0
ISABELA,Cabatuan,Lapaz,5,18,0,18,0.00,1,0,2022-02-21,2022-05-06,At-risk,6.8,Sanitized aggregate from ASF laboratory-results Google Sheet; farmer names and farm identifiers excluded.,0,0,0,0,0,0,18,0,18,0,0,0,0,0,0
ISABELA,Cabatuan,Macalaoat,5,13,4,9,30.77,1,1,2020-08-24,2022-05-06,Affected,19.7,Sanitized aggregate from ASF laboratory-results Google Sheet; farmer names and farm identifiers excluded.,4,4,0,0,0,0,9,0,9,0,0,0,0,0,0
ISABELA,Cabatuan,Magdalena,15,18,3,15,16.67,2,1,2020-09-11,2022-05-06,Affected,13.8,Sanitized aggregate from ASF laboratory-results Google Sheet; farmer names and farm identifiers excluded.,5,3,2,0,0,0,13,0,13,0,0,0,0,0,0
ISABELA,Cabatuan,Magsaysay,5,16,2,14,12.50,1,1,2020-09-11,2022-05-06,Affected,10.8,Sanitized aggregate from ASF laboratory-results Google Sheet; farmer names and farm identifiers excluded.,2,2,0,0,0,0,14,0,14,0,0,0,0,0,0
ISABELA,Cabatuan,Namnama,5,18,4,14,22.22,1,1,2020-08-24,2022-04-25,Affected,17.2,Sanitized aggregate from ASF laboratory-results Google Sheet; farmer names and farm identifiers excluded.,4,4,0,0,0,0,14,0,14,0,0,0,0,0,0
ISABELA,Cabatuan,Paraiso,7,15,4,11,26.67,1,1,2020-08-24,2022-05-06,Affected,18.4,Sanitized aggregate from ASF laboratory-results Google Sheet; farmer names and farm identifiers excluded.,4,4,0,0,0,0,11,0,11,0,0,0,0,0,0
ISABELA,Cabatuan,Rang-ay,1,1,0,1,0.00,1,0,2022-05-06,2022-05-06,At-risk,5.1,Sanitized aggregate from ASF laboratory-results Google Sheet; farmer names and farm identifiers excluded.,0,0,0,0,0,0,1,0,1,0,0,0,0,0,0
ISABELA,Cabatuan,Sampaloc,3,6,1,5,16.67,1,1,2020-09-11,2022-05-06,Affected,9.8,Sanitized aggregate from ASF laboratory-results Google Sheet; farmer names and farm identifiers excluded.,1,1,0,0,0,0,5,0,5,0,0,0,0,0,0
ISABELA,Cabatuan,San Andres,4,4,0,4,0.00,2,0,2021-09-20,2022-05-06,At-risk,5.4,Sanitized aggregate from ASF laboratory-results Google Sheet; farmer names and farm identifiers excluded.,1,0,1,0,0,0,3,0,3,0,0,0,0,0,0
ISABELA,Cabatuan,Saranay,5,14,12,2,85.71,1,1,2020-08-24,2022-05-06,Affected,50.2,Sanitized aggregate from ASF laboratory-results Google Sheet; farmer names and farm identifiers excluded.,12,12,0,0,0,0,2,0,2,0,0,0,0,0,0
ISABELA,Cabatuan,Tandul,12,29,6,23,20.69,1,1,2020-08-24,2022-04-25,Affected,20.5,Sanitized aggregate from ASF laboratory-results Google Sheet; farmer names and farm identifiers excluded.,6,6,0,0,0,0,23,0,23,0,0,0,0,0,0
ISABELA,Cauayan City,Alicaocao,4,21,0,21,0.00,2,0,2021-10-21,2022-05-10,At-risk,7.1,Sanitized aggregate from ASF laboratory-results Google Sheet; farmer names and farm identifiers excluded.,1,0,1,0,0,0,20,0,20,0,0,0,0,0,0
ISABELA,Cauayan City,Alinam,6,6,2,4,33.33,1,1,2020-09-01,2022-12-05,Affected,17.1,Sanitized aggregate from ASF laboratory-results Google Sheet; farmer names and farm identifiers excluded.,4,2,2,0,0,0,2,0,2,0,0,0,0,0,0
ISABELA,Cauayan City,Amobocan,10,10,0,10,0.00,1,0,2022-08-22,2022-12-05,At-risk,6.0,Sanitized aggregate from ASF laboratory-results Google Sheet; farmer names and farm identifiers excluded.,5,0,5,0,0,0,5,0,5,0,0,0,0,0,0
ISABELA,Cauayan City,Baculod,8,8,0,8,0.00,1,0,2022-08-22,2022-12-05,At-risk,5.8,Sanitized aggregate from ASF laboratory-results Google Sheet; farmer names and farm identifiers excluded.,4,0,4,0,0,0,4,0,4,0,0,0,0,0,0
ISABELA,Cauayan City,Baringin Norte,4,17,1,16,5.88,2,1,2020-09-15,2022-05-10,Affected,7.2,Sanitized aggregate from ASF laboratory-results Google Sheet; farmer names and farm identifiers excluded.,2,1,1,0,0,0,15,0,15,0,0,0,0,0,0
ISABELA,Cauayan City,Baringin Sur,9,23,2,21,8.70,2,1,2020-09-15,2022-05-10,Affected,10.1,Sanitized aggregate from ASF laboratory-results Google Sheet; farmer names and farm identifiers excluded.,4,2,2,0,0,0,19,0,19,0,0,0,0,0,0
ISABELA,Cauayan City,Buena Suerte,8,26,6,20,23.08,2,1,2020-08-27,2022-05-10,Affected,21.1,Sanitized aggregate from ASF laboratory-results Google Sheet; farmer names and farm identifiers excluded.,7,6,1,0,0,0,19,0,19,0,0,0,0,0,0
ISABELA,Cauayan City,Cabugao,1,1,0,1,0.00,1,0,2022-12-09,2022-12-09,At-risk,5.1,Sanitized aggregate from ASF laboratory-results Google Sheet; farmer names and farm identifiers excluded.,0,0,0,0,0,0,1,0,1,0,0,0,0,0,0
ISABELA,Cauayan City,Cansan,3,12,0,12,0.00,1,0,2022-01-27,2022-01-27,At-risk,6.2,Sanitized aggregate from ASF laboratory-results Google Sheet; farmer names and farm identifiers excluded.,0,0,0,0,0,0,12,0,12,0,0,0,0,0,0
ISABELA,Cauayan City,District 1,1,1,0,1,0.00,1,0,2022-12-09,2022-12-09,At-risk,5.1,Sanitized aggregate from ASF laboratory-results Google Sheet; farmer names and farm identifiers excluded.,0,0,0,0,0,0,1,0,1,0,0,0,0,0,0
ISABELA,Cauayan City,Gagabutan,6,23,1,22,4.35,2,1,2020-09-01,2022-05-10,Affected,7.2,Sanitized aggregate from ASF laboratory-results Google Sheet; farmer names and farm identifiers excluded.,3,1,2,0,0,0,20,0,20,0,0,0,0,0,0
ISABELA,Cauayan City,Gappal,14,14,1,13,7.14,1,1,2020-09-01,2022-12-09,Affected,7.3,Sanitized aggregate from ASF laboratory-results Google Sheet; farmer names and farm identifiers excluded.,7,1,6,0,0,0,7,0,7,0,0,0,0,0,0
ISABELA,Cauayan City,Guayabal,2,6,0,6,0.00,1,0,2022-01-27,2022-05-10,At-risk,5.6,Sanitized aggregate from ASF laboratory-results Google Sheet; farmer names and farm identifiers excluded.,1,0,1,0,0,0,5,0,5,0,0,0,0,0,0
ISABELA,Cauayan City,Labinab,9,40,2,38,5.00,2,1,2020-09-15,2022-05-10,Affected,10.6,Sanitized aggregate from ASF laboratory-results Google Sheet; farmer names and farm identifiers excluded.,5,2,3,0,0,0,35,0,35,0,0,0,0,0,0
ISABELA,Cauayan City,Labinab Grande,1,1,0,1,0.00,1,0,2022-12-09,2022-12-09,At-risk,5.1,Sanitized aggregate from ASF laboratory-results Google Sheet; farmer names and farm identifiers excluded.,0,0,0,0,0,0,1,0,1,0,0,0,0,0,0
ISABELA,Cauayan City,Mamaoag,7,7,0,7,0.00,1,0,2022-08-22,2022-08-22,At-risk,5.7,Sanitized aggregate from ASF laboratory-results Google Sheet; farmer names and farm identifiers excluded.,0,0,0,0,0,0,7,0,7,0,0,0,0,0,0
ISABELA,Cauayan City,Manaoag,9,9,2,7,22.22,1,1,2020-09-01,2022-12-05,Affected,13.5,Sanitized aggregate from ASF laboratory-results Google Sheet; farmer names and farm identifiers excluded.,9,2,7,0,0,0,0,0,0,0,0,0,0,0,0
ISABELA,Cauayan City,Marabulig 1,8,16,0,16,0.00,1,0,2022-01-27,2022-08-22,At-risk,6.6,Sanitized aggregate from ASF laboratory-results Google Sheet; farmer names and farm identifiers excluded.,2,0,2,0,0,0,14,0,14,0,0,0,0,0,0
ISABELA,Cauayan City,Marabulig 2,4,4,0,4,0.00,1,0,2022-08-22,2022-08-22,At-risk,5.4,Sanitized aggregate from ASF laboratory-results Google Sheet; farmer names and farm identifiers excluded.,0,0,0,0,0,0,4,0,4,0,0,0,0,0,0
ISABELA,Cauayan City,Marabulig II,6,7,1,6,14.29,1,1,2020-08-27,2022-12-05,Affected,9.1,Sanitized aggregate from ASF laboratory-results Google Sheet; farmer names and farm identifiers excluded.,7,1,6,0,0,0,0,0,0,0,0,0,0,0,0
ISABELA,Cauayan City,Minante 2,5,5,0,5,0.00,1,0,2022-08-22,2022-08-22,At-risk,5.5,Sanitized aggregate from ASF laboratory-results Google Sheet; farmer names and farm identifiers excluded.,0,0,0,0,0,0,5,0,5,0,0,0,0,0,0
ISABELA,Cauayan City,Minante II,7,8,3,5,37.50,1,1,2020-08-27,2022-12-05,Affected,20.1,Sanitized aggregate from ASF laboratory-results Google Sheet; farmer names and farm identifiers excluded.,8,3,5,0,0,0,0,0,0,0,0,0,0,0,0
ISABELA,Cauayan City,Naganacan,8,10,2,8,20.00,2,1,2020-08-27,2022-12-09,Affected,12.8,Sanitized aggregate from ASF laboratory-results Google Sheet; farmer names and farm identifiers excluded.,4,2,2,0,0,0,6,0,6,0,0,0,0,0,0
ISABELA,Cauayan City,Nagrumbuan,16,17,3,14,17.65,1,1,2020-08-27,2022-12-09,Affected,14.1,Sanitized aggregate from ASF laboratory-results Google Sheet; farmer names and farm identifiers excluded.,9,3,6,0,0,0,8,0,8,0,0,0,0,0,0
ISABELA,Cauayan City,Nungnungan 2,2,2,0,2,0.00,1,0,2022-08-22,2022-08-22,At-risk,5.2,Sanitized aggregate from ASF laboratory-results Google Sheet; farmer names and farm identifiers excluded.,0,0,0,0,0,0,2,0,2,0,0,0,0,0,0
ISABELA,Cauayan City,Nungnungan I,3,3,1,2,33.33,1,1,2020-09-01,2022-12-05,Affected,15.4,Sanitized aggregate from ASF laboratory-results Google Sheet; farmer names and farm identifiers excluded.,3,1,2,0,0,0,0,0,0,0,0,0,0,0,0
ISABELA,Cauayan City,Nungnungan II,3,4,2,2,50.00,1,1,2020-09-01,2022-12-05,Affected,22.7,Sanitized aggregate from ASF laboratory-results Google Sheet; farmer names and farm identifiers excluded.,4,2,2,0,0,0,0,0,0,0,0,0,0,0,0
ISABELA,Cauayan City,Pinoma,13,14,2,12,14.29,1,1,2020-08-27,2022-12-09,Affected,11.2,Sanitized aggregate from ASF laboratory-results Google Sheet; farmer names and farm identifiers excluded.,7,2,5,0,0,0,7,0,7,0,0,0,0,0,0
ISABELA,Cauayan City,Rizal,5,14,1,13,7.14,2,1,2020-08-27,2022-05-10,Affected,7.3,Sanitized aggregate from ASF laboratory-results Google Sheet; farmer names and farm identifiers excluded.,2,1,1,0,0,0,12,0,12,0,0,0,0,0,0
ISABELA,Cauayan City,San Antonio,4,4,2,2,50.00,1,1,2020-08-27,2022-12-09,Affected,22.7,Sanitized aggregate from ASF laboratory-results Google Sheet; farmer names and farm identifiers excluded.,2,2,0,0,0,0,2,0,2,0,0,0,0,0,0
ISABELA,Cauayan City,San Francisco,16,17,3,14,17.65,1,1,2020-08-27,2022-12-05,Affected,14.1,Sanitized aggregate from ASF laboratory-results Google Sheet; farmer names and farm identifiers excluded.,10,3,7,0,0,0,7,0,7,0,0,0,0,0,0
ISABELA,Cauayan City,San Isidro,3,5,4,1,80.00,1,1,2020-08-27,2022-12-09,Affected,36.1,Sanitized aggregate from ASF laboratory-results Google Sheet; farmer names and farm identifiers excluded.,4,4,0,0,0,0,1,0,1,0,0,0,0,0,0
ISABELA,Cauayan City,San Pablo,13,13,2,11,15.38,2,1,2020-09-01,2022-12-05,Affected,11.5,Sanitized aggregate from ASF laboratory-results Google Sheet; farmer names and farm identifiers excluded.,7,2,5,0,0,0,6,0,6,0,0,0,0,0,0
ISABELA,Cauayan City,Silawit,3,34,3,31,8.82,1,1,2020-08-27,2022-08-22,Affected,12.7,Sanitized aggregate from ASF laboratory-results Google Sheet; farmer names and farm identifiers excluded.,33,3,30,0,0,0,1,0,1,0,0,0,0,0,0
ISABELA,Cauayan City,Sillawit,2,31,0,31,0.00,2,0,2021-06-02,2022-12-05,At-risk,8.1,Sanitized aggregate from ASF laboratory-results Google Sheet; farmer names and farm identifiers excluded.,31,0,31,0,0,0,0,0,0,0,0,0,0,0,0
ISABELA,Cauayan City,Sta. Luciana,15,59,4,55,6.78,2,1,2020-08-27,2022-05-10,Affected,15.9,Sanitized aggregate from ASF laboratory-results Google Sheet; farmer names and farm identifiers excluded.,9,4,5,0,0,0,50,0,50,0,0,0,0,0,0
ISABELA,Cauayan City,Sta. Luciano,1,1,0,1,0.00,1,0,2022-12-09,2022-12-09,At-risk,5.1,Sanitized aggregate from ASF laboratory-results Google Sheet; farmer names and farm identifiers excluded.,0,0,0,0,0,0,1,0,1,0,0,0,0,0,0
ISABELA,Cauayan City,Villa Luna,4,108,1,107,0.93,1,1,2020-09-21,2022-12-22,Affected,13.7,Sanitized aggregate from ASF laboratory-results Google Sheet; farmer names and farm identifiers excluded.,98,1,97,0,0,0,10,0,10,0,0,0,0,0,0
ISABELA,City of Ilagan,Arusip,11,11,0,11,0.00,1,0,2022-12-09,2023-10-19,At-risk,6.1,Sanitized aggregate from ASF laboratory-results Google Sheet; farmer names and farm identifiers excluded.,9,0,9,0,0,0,2,0,2,0,0,0,0,0,0
ISABELA,City of Ilagan,Cabannungan 1st,2,2,0,2,0.00,1,0,2022-12-09,2023-10-19,At-risk,5.2,Sanitized aggregate from ASF laboratory-results Google Sheet; farmer names and farm identifiers excluded.,1,0,1,0,0,0,1,0,1,0,0,0,0,0,0
ISABELA,City of Ilagan,Cabannungan 2nd,6,9,0,9,0.00,2,0,2021-05-10,2023-10-19,At-risk,5.9,Sanitized aggregate from ASF laboratory-results Google Sheet; farmer names and farm identifiers excluded.,3,0,3,0,0,0,6,0,6,0,0,0,0,0,0
ISABELA,City of Ilagan,Calamagui 2nd,2,2,0,2,0.00,1,0,2023-10-19,2023-10-19,At-risk,5.2,Sanitized aggregate from ASF laboratory-results Google Sheet; farmer names and farm identifiers excluded.,2,0,2,0,0,0,0,0,0,0,0,0,0,0,0
ISABELA,City of Ilagan,Guinatan,1,1,0,1,0.00,1,0,2023-10-19,2023-10-19,At-risk,5.1,Sanitized aggregate from ASF laboratory-results Google Sheet; farmer names and farm identifiers excluded.,1,0,1,0,0,0,0,0,0,0,0,0,0,0,0
ISABELA,City of Ilagan,Malalam,1,1,0,1,0.00,1,0,2023-10-19,2023-10-19,At-risk,5.1,Sanitized aggregate from ASF laboratory-results Google Sheet; farmer names and farm identifiers excluded.,1,0,1,0,0,0,0,0,0,0,0,0,0,0,0
ISABELA,City of Ilagan,Malasin,2,2,0,2,0.00,1,0,2023-10-19,2023-10-19,At-risk,5.2,Sanitized aggregate from ASF laboratory-results Google Sheet; farmer names and farm identifiers excluded.,2,0,2,0,0,0,0,0,0,0,0,0,0,0,0
ISABELA,City of Ilagan,Naguilian Sur,1,1,0,1,0.00,1,0,2023-10-19,2023-10-19,At-risk,5.1,Sanitized aggregate from ASF laboratory-results Google Sheet; farmer names and farm identifiers excluded.,1,0,1,0,0,0,0,0,0,0,0,0,0,0,0
ISABELA,City of Ilagan,Osmeña,1,1,0,1,0.00,1,0,2023-10-19,2023-10-19,At-risk,5.1,Sanitized aggregate from ASF laboratory-results Google Sheet; farmer names and farm identifiers excluded.,1,0,1,0,0,0,0,0,0,0,0,0,0,0,0
ISABELA,City of Ilagan,Rugao,1,1,0,1,0.00,1,0,2023-10-19,2023-10-19,At-risk,5.1,Sanitized aggregate from ASF laboratory-results Google Sheet; farmer names and farm identifiers excluded.,1,0,1,0,0,0,0,0,0,0,0,0,0,0,0
ISABELA,City of Ilagan,San Ignacio,12,12,0,12,0.00,1,0,2023-10-19,2023-10-19,At-risk,6.2,Sanitized aggregate from ASF laboratory-results Google Sheet; farmer names and farm identifiers excluded.,12,0,12,0,0,0,0,0,0,0,0,0,0,0,0
ISABELA,City of Ilagan,San Juan,16,74,5,69,6.76,1,1,2020-10-20,2022-04-11,Affected,18.8,Sanitized aggregate from ASF laboratory-results Google Sheet; farmer names and farm identifiers excluded.,5,5,0,0,0,0,69,0,69,0,0,0,0,0,0
ISABELA,City of Ilagan,Sta. Victoria,1,1,0,1,0.00,1,0,2023-10-19,2023-10-19,At-risk,5.1,Sanitized aggregate from ASF laboratory-results Google Sheet; farmer names and farm identifiers excluded.,1,0,1,0,0,0,0,0,0,0,0,0,0,0,0
ISABELA,Cordon,Anonang,28,28,1,27,3.57,2,1,2020-09-21,2022-08-26,Affected,7.5,Sanitized aggregate from ASF laboratory-results Google Sheet; farmer names and farm identifiers excluded.,1,1,0,2,0,2,10,0,10,15,0,15,0,0,0
ISABELA,Cordon,Calimaturod,4,4,0,4,0.00,1,0,2022-12-09,2022-12-14,At-risk,5.4,Sanitized aggregate from ASF laboratory-results Google Sheet; farmer names and farm identifiers excluded.,0,0,0,0,0,0,4,0,4,0,0,0,0,0,0
ISABELA,Cordon,Capirpiriwan,6,13,0,13,0.00,2,0,2021-06-18,2022-08-26,At-risk,6.3,Sanitized aggregate from ASF laboratory-results Google Sheet; farmer names and farm identifiers excluded.,0,0,0,0,0,0,13,0,13,0,0,0,0,0,0
ISABELA,Cordon,Capirpirwan,1,1,0,1,0.00,1,0,2022-12-09,2022-12-09,At-risk,5.1,Sanitized aggregate from ASF laboratory-results Google Sheet; farmer names and farm identifiers excluded.,0,0,0,0,0,0,1,0,1,0,0,0,0,0,0
ISABELA,Cordon,Capirwan,4,12,0,12,0.00,2,0,2021-06-09,2021-07-22,At-risk,6.2,Sanitized aggregate from ASF laboratory-results Google Sheet; farmer names and farm identifiers excluded.,0,0,0,0,0,0,10,0,10,2,0,2,0,0,0
ISABELA,Cordon,Dallao,18,18,4,14,22.22,1,1,2020-09-04,2022-12-28,Affected,17.2,Sanitized aggregate from ASF laboratory-results Google Sheet; farmer names and farm identifiers excluded.,4,4,0,0,0,0,14,0,14,0,0,0,0,0,0
ISABELA,Cordon,Minanga,2,2,0,2,0.00,1,0,2022-12-28,2022-12-28,At-risk,5.2,Sanitized aggregate from ASF laboratory-results Google Sheet; farmer names and farm identifiers excluded.,0,0,0,0,0,0,2,0,2,0,0,0,0,0,0
ISABELA,Cordon,Quirino,1,1,0,1,0.00,1,0,2022-12-14,2022-12-14,At-risk,5.1,Sanitized aggregate from ASF laboratory-results Google Sheet; farmer names and farm identifiers excluded.,0,0,0,0,0,0,1,0,1,0,0,0,0,0,0
ISABELA,Cordon,Sagat,1,1,0,1,0.00,1,0,2022-12-14,2022-12-14,At-risk,5.1,Sanitized aggregate from ASF laboratory-results Google Sheet; farmer names and farm identifiers excluded.,0,0,0,0,0,0,1,0,1,0,0,0,0,0,0
ISABELA,Cordon,Sotero Nuesa,2,2,0,2,0.00,1,0,2022-12-09,2022-12-09,At-risk,5.2,Sanitized aggregate from ASF laboratory-results Google Sheet; farmer names and farm identifiers excluded.,0,0,0,0,0,0,2,0,2,0,0,0,0,0,0
ISABELA,Cordon,Tanggal,3,5,4,1,80.00,1,1,2020-09-21,2022-12-09,Affected,36.1,Sanitized aggregate from ASF laboratory-results Google Sheet; farmer names and farm identifiers excluded.,4,4,0,0,0,0,1,0,1,0,0,0,0,0,0
ISABELA,Cordon,Villa Miemban,24,24,0,24,0.00,1,0,2022-12-28,2022-12-28,At-risk,7.4,Sanitized aggregate from ASF laboratory-results Google Sheet; farmer names and farm identifiers excluded.,0,0,0,0,0,0,24,0,24,0,0,0,0,0,0
ISABELA,DELFIN ALBANO,VILLA PEREDA,2,40,15,25,37.50,2,1,2020-09-15,2021-06-02,Affected,40.1,Sanitized aggregate from ASF laboratory-results Google Sheet; farmer names and farm identifiers excluded.,15,15,0,0,0,0,25,0,25,0,0,0,0,0,0
ISABELA,Delfin Albano,Aga,5,7,3,4,42.86,1,1,2020-09-16,2022-12-21,Affected,21.9,Sanitized aggregate from ASF laboratory-results Google Sheet; farmer names and farm identifiers excluded.,3,3,0,0,0,0,4,0,4,0,0,0,0,0,0
ISABELA,Delfin Albano,Andarayan,13,32,0,32,0.00,1,0,2022-05-06,2022-12-21,At-risk,8.2,Sanitized aggregate from ASF laboratory-results Google Sheet; farmer names and farm identifiers excluded.,4,0,4,0,0,0,28,0,28,0,0,0,0,0,0
ISABELA,Delfin Albano,Bayabo,6,7,2,5,28.57,1,1,2020-09-07,2022-12-21,Affected,15.5,Sanitized aggregate from ASF laboratory-results Google Sheet; farmer names and farm identifiers excluded.,2,2,0,0,0,0,5,0,5,0,0,0,0,0,0
ISABELA,Delfin Albano,Calaocan,2,2,0,2,0.00,1,0,2022-12-21,2022-12-21,At-risk,5.2,Sanitized aggregate from ASF laboratory-results Google Sheet; farmer names and farm identifiers excluded.,0,0,0,0,0,0,2,0,2,0,0,0,0,0,0
ISABELA,Delfin Albano,Calinaoan,3,7,0,7,0.00,2,0,2021-10-21,2022-12-21,At-risk,5.7,Sanitized aggregate from ASF laboratory-results Google Sheet; farmer names and farm identifiers excluded.,0,0,0,0,0,0,7,0,7,0,0,0,0,0,0
ISABELA,Delfin Albano,Capitol,4,4,1,3,25.00,1,1,2020-09-16,2022-12-21,Affected,12.6,Sanitized aggregate from ASF laboratory-results Google Sheet; farmer names and farm identifiers excluded.,1,1,0,0,0,0,3,0,3,0,0,0,0,0,0
ISABELA,Delfin Albano,Carmencita,6,6,0,6,0.00,1,0,2022-12-21,2022-12-21,At-risk,5.6,Sanitized aggregate from ASF laboratory-results Google Sheet; farmer names and farm identifiers excluded.,0,0,0,0,0,0,6,0,6,0,0,0,0,0,0
ISABELA,Delfin Albano,Maui,4,4,0,4,0.00,1,0,2022-12-21,2022-12-21,At-risk,5.4,Sanitized aggregate from ASF laboratory-results Google Sheet; farmer names and farm identifiers excluded.,0,0,0,0,0,0,4,0,4,0,0,0,0,0,0
ISABELA,Delfin Albano,Quibal,2,2,0,2,0.00,1,0,2022-12-21,2022-12-21,At-risk,5.2,Sanitized aggregate from ASF laboratory-results Google Sheet; farmer names and farm identifiers excluded.,0,0,0,0,0,0,2,0,2,0,0,0,0,0,0
ISABELA,Delfin Albano,Ragan Almacen,2,2,0,2,0.00,1,0,2022-12-21,2022-12-21,At-risk,5.2,Sanitized aggregate from ASF laboratory-results Google Sheet; farmer names and farm identifiers excluded.,0,0,0,0,0,0,2,0,2,0,0,0,0,0,0
ISABELA,Delfin Albano,Ragan Norte,3,7,0,7,0.00,2,0,2021-10-21,2022-12-21,At-risk,5.7,Sanitized aggregate from ASF laboratory-results Google Sheet; farmer names and farm identifiers excluded.,0,0,0,0,0,0,7,0,7,0,0,0,0,0,0
ISABELA,Delfin Albano,Ragan Sur,1,1,0,1,0.00,1,0,2022-12-21,2022-12-21,At-risk,5.1,Sanitized aggregate from ASF laboratory-results Google Sheet; farmer names and farm identifiers excluded.,0,0,0,0,0,0,1,0,1,0,0,0,0,0,0
ISABELA,Delfin Albano,San Andres,3,7,0,7,0.00,2,0,2021-10-21,2022-12-21,At-risk,5.7,Sanitized aggregate from ASF laboratory-results Google Sheet; farmer names and farm identifiers excluded.,0,0,0,0,0,0,7,0,7,0,0,0,0,0,0
ISABELA,Delfin Albano,San Antonio,9,14,2,12,14.29,2,1,2020-09-16,2022-12-21,Affected,11.2,Sanitized aggregate from ASF laboratory-results Google Sheet; farmer names and farm identifiers excluded.,2,2,0,0,0,0,12,0,12,0,0,0,0,0,0
ISABELA,Delfin Albano,San Isidro,3,3,0,3,0.00,1,0,2022-12-09,2022-12-21,At-risk,5.3,Sanitized aggregate from ASF laboratory-results Google Sheet; farmer names and farm identifiers excluded.,0,0,0,0,0,0,3,0,3,0,0,0,0,0,0
ISABELA,Delfin Albano,San Macario,5,6,3,3,50.00,1,1,2020-09-16,2022-12-21,Affected,24.3,Sanitized aggregate from ASF laboratory-results Google Sheet; farmer names and farm identifiers excluded.,3,3,0,0,0,0,3,0,3,0,0,0,0,0,0
ISABELA,Delfin Albano,San Nicolas,3,3,0,3,0.00,1,0,2022-12-09,2022-12-21,At-risk,5.3,Sanitized aggregate from ASF laboratory-results Google Sheet; farmer names and farm identifiers excluded.,0,0,0,0,0,0,3,0,3,0,0,0,0,0,0
ISABELA,Delfin Albano,San Patricio,2,2,0,2,0.00,1,0,2022-12-21,2022-12-21,At-risk,5.2,Sanitized aggregate from ASF laboratory-results Google Sheet; farmer names and farm identifiers excluded.,0,0,0,0,0,0,2,0,2,0,0,0,0,0,0
ISABELA,Delfin Albano,Santo Rosario,12,53,1,52,1.89,1,1,2020-09-16,2022-05-06,Affected,9.4,Sanitized aggregate from ASF laboratory-results Google Sheet; farmer names and farm identifiers excluded.,1,1,0,0,0,0,52,0,52,0,0,0,0,0,0
ISABELA,Delfin Albano,Santor,9,21,0,21,0.00,1,0,2022-05-06,2022-12-21,At-risk,7.1,Sanitized aggregate from ASF laboratory-results Google Sheet; farmer names and farm identifiers excluded.,4,0,4,0,0,0,17,0,17,0,0,0,0,0,0
ISABELA,Delfin Albano,Villa Luz,3,3,2,1,66.67,1,1,2020-09-07,2022-12-09,Affected,28.4,Sanitized aggregate from ASF laboratory-results Google Sheet; farmer names and farm identifiers excluded.,2,2,0,0,0,0,1,0,1,0,0,0,0,0,0
ISABELA,Delfin Albano,Villa Pareda,2,2,0,2,0.00,1,0,2022-12-21,2022-12-21,At-risk,5.2,Sanitized aggregate from ASF laboratory-results Google Sheet; farmer names and farm identifiers excluded.,0,0,0,0,0,0,2,0,2,0,0,0,0,0,0
ISABELA,Delfin Albano,Villa TJ,11,26,0,26,0.00,1,0,2022-05-06,2022-11-11,At-risk,7.6,Sanitized aggregate from ASF laboratory-results Google Sheet; farmer names and farm identifiers excluded.,5,0,5,0,0,0,21,0,21,0,0,0,0,0,0
ISABELA,Delfin Albano,Villaluz,5,9,0,9,0.00,2,0,2021-10-21,2022-12-21,At-risk,5.9,Sanitized aggregate from ASF laboratory-results Google Sheet; farmer names and farm identifiers excluded.,0,0,0,0,0,0,9,0,9,0,0,0,0,0,0
ISABELA,Delfin Albano,Visitacion,2,2,0,2,0.00,1,0,2022-12-21,2022-12-21,At-risk,5.2,Sanitized aggregate from ASF laboratory-results Google Sheet; farmer names and farm identifiers excluded.,0,0,0,0,0,0,2,0,2,0,0,0,0,0,0
ISABELA,ECHAGUE,DAMAMANG,1,3,0,3,0.00,1,0,2021-03-30,2021-03-30,At-risk,5.3,Sanitized aggregate from ASF laboratory-results Google Sheet; farmer names and farm identifiers excluded.,0,0,0,0,0,0,3,0,3,0,0,0,0,0,0
ISABELA,ECHAGUE,MALIBAGO,1,2,0,2,0.00,1,0,2021-03-30,2021-03-30,At-risk,5.2,Sanitized aggregate from ASF laboratory-results Google Sheet; farmer names and farm identifiers excluded.,0,0,0,0,0,0,2,0,2,0,0,0,0,0,0
ISABELA,ECHAGUE,MINIT,1,1,0,1,0.00,1,0,2021-03-30,2021-03-30,At-risk,5.1,Sanitized aggregate from ASF laboratory-results Google Sheet; farmer names and farm identifiers excluded.,0,0,0,0,0,0,1,0,1,0,0,0,0,0,0
ISABELA,ECHAGUE,PAG-ASA,3,3,1,2,33.33,2,1,2020-09-28,2021-03-30,Affected,15.4,Sanitized aggregate from ASF laboratory-results Google Sheet; farmer names and farm identifiers excluded.,1,1,0,0,0,0,2,0,2,0,0,0,0,0,0
ISABELA,ECHAGUE,STO. DOMINGO,1,1,0,1,0.00,1,0,2021-03-30,2021-03-30,At-risk,5.1,Sanitized aggregate from ASF laboratory-results Google Sheet; farmer names and farm identifiers excluded.,0,0,0,0,0,0,1,0,1,0,0,0,0,0,0
ISABELA,Echague,Angoluan,3,8,0,8,0.00,2,0,2021-03-30,2022-12-09,At-risk,5.8,Sanitized aggregate from ASF laboratory-results Google Sheet; farmer names and farm identifiers excluded.,0,0,0,0,0,0,8,0,8,0,0,0,0,0,0
ISABELA,Echague,Dammang West,1,1,0,1,0.00,1,0,2022-12-09,2022-12-09,At-risk,5.1,Sanitized aggregate from ASF laboratory-results Google Sheet; farmer names and farm identifiers excluded.,0,0,0,0,0,0,1,0,1,0,0,0,0,0,0
ISABELA,Echague,Libertad,3,33,2,31,6.06,1,1,2020-08-26,2022-12-09,Affected,10.2,Sanitized aggregate from ASF laboratory-results Google Sheet; farmer names and farm identifiers excluded.,32,2,30,0,0,0,1,0,1,0,0,0,0,0,0
ISABELA,Echague,Pangal Norte,3,3,2,1,66.67,1,1,2020-09-21,2022-12-09,Affected,28.4,Sanitized aggregate from ASF laboratory-results Google Sheet; farmer names and farm identifiers excluded.,2,2,0,0,0,0,1,0,1,0,0,0,0,0,0
ISABELA,Echague,Rumang-ay,2,3,2,1,66.67,1,1,2020-09-21,2022-12-09,Affected,28.4,Sanitized aggregate from ASF laboratory-results Google Sheet; farmer names and farm identifiers excluded.,2,2,0,0,0,0,1,0,1,0,0,0,0,0,0
ISABELA,Echague,San Antonio,13,13,0,13,0.00,1,0,2021-07-22,2021-07-22,At-risk,6.3,Sanitized aggregate from ASF laboratory-results Google Sheet; farmer names and farm identifiers excluded.,0,0,0,0,0,0,0,0,0,13,0,13,0,0,0
ISABELA,Echague,San Salvador,1,1,0,1,0.00,1,0,2022-12-09,2022-12-09,At-risk,5.1,Sanitized aggregate from ASF laboratory-results Google Sheet; farmer names and farm identifiers excluded.,0,0,0,0,0,0,1,0,1,0,0,0,0,0,0
ISABELA,Gamu,Barcolan,7,11,0,11,0.00,1,0,2022-02-15,2022-12-14,At-risk,6.1,Sanitized aggregate from ASF laboratory-results Google Sheet; farmer names and farm identifiers excluded.,1,0,1,0,0,0,10,0,10,0,0,0,0,0,0
ISABELA,Gamu,Buenavista,13,30,0,30,0.00,2,0,2021-04-26,2022-12-21,At-risk,8.0,Sanitized aggregate from ASF laboratory-results Google Sheet; farmer names and farm identifiers excluded.,5,0,5,0,0,0,25,0,25,0,0,0,0,0,0
ISABELA,Gamu,Distrcit 3,1,1,0,1,0.00,1,0,2022-12-14,2022-12-14,At-risk,5.1,Sanitized aggregate from ASF laboratory-results Google Sheet; farmer names and farm identifiers excluded.,0,0,0,0,0,0,1,0,1,0,0,0,0,0,0
ISABELA,Gamu,District 1,10,17,0,17,0.00,1,0,2022-02-15,2022-12-14,At-risk,6.7,Sanitized aggregate from ASF laboratory-results Google Sheet; farmer names and farm identifiers excluded.,2,0,2,0,0,0,15,0,15,0,0,0,0,0,0
ISABELA,Gamu,District 2,23,49,0,49,0.00,2,0,2022-02-15,2022-12-14,At-risk,9.9,Sanitized aggregate from ASF laboratory-results Google Sheet; farmer names and farm identifiers excluded.,6,0,6,0,0,0,43,0,43,0,0,0,0,0,0
ISABELA,Gamu,Lenzon,9,15,0,15,0.00,1,0,2022-02-15,2022-12-14,At-risk,6.5,Sanitized aggregate from ASF laboratory-results Google Sheet; farmer names and farm identifiers excluded.,2,0,2,0,0,0,13,0,13,0,0,0,0,0,0
ISABELA,Gamu,Linglingay,8,15,2,13,13.33,1,1,2020-09-11,2022-12-14,Affected,11.0,Sanitized aggregate from ASF laboratory-results Google Sheet; farmer names and farm identifiers excluded.,4,2,2,0,0,0,11,0,11,0,0,0,0,0,0
ISABELA,Gamu,Pintor,18,43,1,42,2.33,1,1,2020-10-01,2022-04-19,Affected,8.5,Sanitized aggregate from ASF laboratory-results Google Sheet; farmer names and farm identifiers excluded.,10,1,9,0,0,0,33,0,33,0,0,0,0,0,0
ISABELA,Gamu,Rizal,6,17,0,17,0.00,1,0,2022-02-15,2022-04-19,At-risk,6.7,Sanitized aggregate from ASF laboratory-results Google Sheet; farmer names and farm identifiers excluded.,3,0,3,0,0,0,14,0,14,0,0,0,0,0,0
ISABELA,Gamu,Songsong,7,9,3,6,33.33,1,1,2020-09-21,2022-12-14,Affected,18.8,Sanitized aggregate from ASF laboratory-results Google Sheet; farmer names and farm identifiers excluded.,3,3,0,0,0,0,6,0,6,0,0,0,0,0,0
ISABELA,Ilagan,Cabannungan 1st,2,2,0,2,0.00,1,0,2022-11-28,2022-11-28,At-risk,5.2,Sanitized aggregate from ASF laboratory-results Google Sheet; farmer names and farm identifiers excluded.,0,0,0,0,0,0,2,0,2,0,0,0,0,0,0
ISABELA,Ilagan,Cabannungan 2nd,4,4,0,4,0.00,1,0,2022-11-28,2022-11-28,At-risk,5.4,Sanitized aggregate from ASF laboratory-results Google Sheet; farmer names and farm identifiers excluded.,0,0,0,0,0,0,4,0,4,0,0,0,0,0,0
ISABELA,Ilagan,San Ignacio,1,1,0,1,0.00,1,0,2022-11-28,2022-11-28,At-risk,5.1,Sanitized aggregate from ASF laboratory-results Google Sheet; farmer names and farm identifiers excluded.,0,0,0,0,0,0,1,0,1,0,0,0,0,0,0
ISABELA,Ilagan,San Isidro,15,15,0,15,0.00,1,0,2023-01-16,2023-01-16,At-risk,6.5,Sanitized aggregate from ASF laboratory-results Google Sheet; farmer names and farm identifiers excluded.,0,0,0,0,0,0,15,0,15,0,0,0,0,0,0
ISABELA,Ilagan City,Sta. Victoria,1,30,0,30,0.00,1,0,,,At-risk,8.0,Sanitized aggregate from ASF laboratory-results Google Sheet; farmer names and farm identifiers excluded.,30,0,30,0,0,0,0,0,0,0,0,0,0,0,0
ISABELA,JONES,N/A,1,2,0,2,0.00,1,0,2021-05-11,2021-05-11,At-risk,5.2,Sanitized aggregate from ASF laboratory-results Google Sheet; farmer names and farm identifiers excluded.,0,0,0,0,0,0,2,0,2,0,0,0,0,0,0
ISABELA,Jones,Arubub,5,6,2,4,33.33,1,1,2020-10-05,2022-12-09,Affected,17.1,Sanitized aggregate from ASF laboratory-results Google Sheet; farmer names and farm identifiers excluded.,2,2,0,0,0,0,4,0,4,0,0,0,0,0,0
ISABELA,Jones,Diarao,11,11,0,11,0.00,1,0,2022-06-28,2022-12-09,At-risk,6.1,Sanitized aggregate from ASF laboratory-results Google Sheet; farmer names and farm identifiers excluded.,0,0,0,0,0,0,11,0,11,0,0,0,0,0,0
ISABELA,Jones,Divinan,3,3,1,2,33.33,1,1,2020-09-28,2022-06-28,Affected,15.4,Sanitized aggregate from ASF laboratory-results Google Sheet; farmer names and farm identifiers excluded.,1,1,0,0,0,0,2,0,2,0,0,0,0,0,0
ISABELA,Jones,Lacab,7,8,2,6,25.00,1,1,2020-09-15,2022-06-28,Affected,14.4,Sanitized aggregate from ASF laboratory-results Google Sheet; farmer names and farm identifiers excluded.,2,2,0,0,0,0,6,0,6,0,0,0,0,0,0
ISABELA,Jones,Linamanan,8,8,5,3,62.50,1,1,2020-09-15,2022-06-28,Affected,31.7,Sanitized aggregate from ASF laboratory-results Google Sheet; farmer names and farm identifiers excluded.,5,5,0,0,0,0,3,0,3,0,0,0,0,0,0
ISABELA,Jones,Papan Weste,2,4,3,1,75.00,1,1,2020-10-05,2022-12-09,Affected,32.9,Sanitized aggregate from ASF laboratory-results Google Sheet; farmer names and farm identifiers excluded.,3,3,0,0,0,0,1,0,1,0,0,0,0,0,0
ISABELA,Jones,Pungponan,1,1,0,1,0.00,1,0,2022-06-28,2022-06-28,At-risk,5.1,Sanitized aggregate from ASF laboratory-results Google Sheet; farmer names and farm identifiers excluded.,0,0,0,0,0,0,1,0,1,0,0,0,0,0,0
ISABELA,Jones,San Isidro,3,4,2,2,50.00,1,1,2020-09-23,2022-06-28,Affected,22.7,Sanitized aggregate from ASF laboratory-results Google Sheet; farmer names and farm identifiers excluded.,2,2,0,0,0,0,2,0,2,0,0,0,0,0,0
ISABELA,Jones,San Sebastian,2,4,3,1,75.00,1,1,2020-10-15,2022-06-28,Affected,32.9,Sanitized aggregate from ASF laboratory-results Google Sheet; farmer names and farm identifiers excluded.,3,3,0,0,0,0,1,0,1,0,0,0,0,0,0
ISABELA,Jones,San Vicente,5,5,2,3,40.00,1,1,2020-09-23,2022-06-28,Affected,19.3,Sanitized aggregate from ASF laboratory-results Google Sheet; farmer names and farm identifiers excluded.,2,2,0,0,0,0,3,0,3,0,0,0,0,0,0
ISABELA,LUNA,LALOG 2,2,7,2,5,28.57,2,1,2020-08-27,2021-12-16,Affected,15.5,Sanitized aggregate from ASF laboratory-results Google Sheet; farmer names and farm identifiers excluded.,2,2,0,0,0,0,5,0,5,0,0,0,0,0,0
ISABELA,Luna,Bustamante,2,2,1,1,50.00,1,1,2020-08-27,2022-04-27,Affected,21.1,Sanitized aggregate from ASF laboratory-results Google Sheet; farmer names and farm identifiers excluded.,2,1,1,0,0,0,0,0,0,0,0,0,0,0,0
ISABELA,Luna,Centro 3,3,3,0,3,0.00,1,0,2022-04-27,2022-12-09,At-risk,5.3,Sanitized aggregate from ASF laboratory-results Google Sheet; farmer names and farm identifiers excluded.,2,0,2,0,0,0,1,0,1,0,0,0,0,0,0
ISABELA,Luna,Lalog 02,2,7,0,7,0.00,1,0,2022-02-24,2022-04-27,At-risk,5.7,Sanitized aggregate from ASF laboratory-results Google Sheet; farmer names and farm identifiers excluded.,1,0,1,0,0,0,6,0,6,0,0,0,0,0,0
ISABELA,Luna,Mambabanga,4,8,4,4,50.00,1,1,2020-03-03,2022-04-27,Affected,25.9,Sanitized aggregate from ASF laboratory-results Google Sheet; farmer names and farm identifiers excluded.,8,4,4,0,0,0,0,0,0,0,0,0,0,0,0
ISABELA,Luna,Union Kalinga,2,3,2,1,66.67,1,1,2020-09-04,2022-12-09,Affected,28.4,Sanitized aggregate from ASF laboratory-results Google Sheet; farmer names and farm identifiers excluded.,2,2,0,0,0,0,1,0,1,0,0,0,0,0,0
ISABELA,Mallig,Bimonton,3,14,0,14,0.00,1,0,2022-03-10,2022-03-17,At-risk,6.4,Sanitized aggregate from ASF laboratory-results Google Sheet; farmer names and farm identifiers excluded.,0,0,0,0,0,0,14,0,14,0,0,0,0,0,0
ISABELA,Mallig,Calisi,4,20,0,20,0.00,1,0,2022-03-10,2022-03-10,At-risk,7.0,Sanitized aggregate from ASF laboratory-results Google Sheet; farmer names and farm identifiers excluded.,0,0,0,0,0,0,20,0,20,0,0,0,0,0,0
ISABELA,Mallig,Casili,10,32,1,31,3.12,1,1,2020-09-04,2022-12-09,Affected,7.7,Sanitized aggregate from ASF laboratory-results Google Sheet; farmer names and farm identifiers excluded.,1,1,0,0,0,0,31,0,31,0,0,0,0,0,0
ISABELA,Mallig,Centro 2,1,1,0,1,0.00,1,0,2022-12-09,2022-12-09,At-risk,5.1,Sanitized aggregate from ASF laboratory-results Google Sheet; farmer names and farm identifiers excluded.,0,0,0,0,0,0,1,0,1,0,0,0,0,0,0
ISABELA,Mallig,Holy Friday,8,14,5,9,35.71,2,1,2020-08-05,2022-03-10,Affected,22.9,Sanitized aggregate from ASF laboratory-results Google Sheet; farmer names and farm identifiers excluded.,5,5,0,0,0,0,9,0,9,0,0,0,0,0,0
ISABELA,Mallig,Maligaya,4,17,2,15,11.76,1,1,2020-09-04,2022-03-10,Affected,10.6,Sanitized aggregate from ASF laboratory-results Google Sheet; farmer names and farm identifiers excluded.,2,2,0,0,0,0,15,0,15,0,0,0,0,0,0
ISABELA,Mallig,Manano,7,24,2,22,8.33,1,1,2020-08-26,2022-03-17,Affected,10.1,Sanitized aggregate from ASF laboratory-results Google Sheet; farmer names and farm identifiers excluded.,2,2,0,0,0,0,22,0,22,0,0,0,0,0,0
ISABELA,Mallig,Olango,6,11,8,3,72.73,1,1,2020-08-05,2022-12-09,Affected,39.8,Sanitized aggregate from ASF laboratory-results Google Sheet; farmer names and farm identifiers excluded.,8,8,0,0,0,0,3,0,3,0,0,0,0,0,0
ISABELA,Mallig,Rang-ayan,4,10,2,8,20.00,1,1,2020-08-26,2022-03-17,Affected,12.8,Sanitized aggregate from ASF laboratory-results Google Sheet; farmer names and farm identifiers excluded.,2,2,0,0,0,0,8,0,8,0,0,0,0,0,0
ISABELA,Mallig,San Jose Norte 1,2,10,0,10,0.00,1,0,2022-03-10,2022-03-10,At-risk,6.0,Sanitized aggregate from ASF laboratory-results Google Sheet; farmer names and farm identifiers excluded.,0,0,0,0,0,0,10,0,10,0,0,0,0,0,0
ISABELA,Mallig,San Jose Norte 2,4,12,0,12,0.00,1,0,2022-03-10,2022-12-09,At-risk,6.2,Sanitized aggregate from ASF laboratory-results Google Sheet; farmer names and farm identifiers excluded.,0,0,0,0,0,0,12,0,12,0,0,0,0,0,0
ISABELA,Mallig,San Jose Sur,3,15,5,10,33.33,1,1,2020-09-04,2022-03-17,Affected,22.2,Sanitized aggregate from ASF laboratory-results Google Sheet; farmer names and farm identifiers excluded.,5,5,0,0,0,0,10,0,10,0,0,0,0,0,0
ISABELA,Mallig,San Pedro,2,10,0,10,0.00,1,0,2022-03-10,2022-03-10,At-risk,6.0,Sanitized aggregate from ASF laboratory-results Google Sheet; farmer names and farm identifiers excluded.,0,0,0,0,0,0,10,0,10,0,0,0,0,0,0
ISABELA,Mallig,Siempre Viva Norte,2,10,0,10,0.00,1,0,2022-03-10,2022-03-10,At-risk,6.0,Sanitized aggregate from ASF laboratory-results Google Sheet; farmer names and farm identifiers excluded.,0,0,0,0,0,0,10,0,10,0,0,0,0,0,0
ISABELA,Mallig,Siempre Viva Sur,11,29,10,19,34.48,1,1,2020-03-03,2022-03-10,Affected,31.0,Sanitized aggregate from ASF laboratory-results Google Sheet; farmer names and farm identifiers excluded.,14,10,4,0,0,0,15,0,15,0,0,0,0,0,0
ISABELA,Mallig,Trinidad,5,17,2,15,11.76,1,1,2020-08-28,2022-03-10,Affected,10.6,Sanitized aggregate from ASF laboratory-results Google Sheet; farmer names and farm identifiers excluded.,2,2,0,0,0,0,15,0,15,0,0,0,0,0,0
ISABELA,Mallig,Victoria,5,20,5,15,25.00,1,1,2020-08-26,2022-03-10,Affected,19.8,Sanitized aggregate from ASF laboratory-results Google Sheet; farmer names and farm identifiers excluded.,5,5,0,0,0,0,15,0,15,0,0,0,0,0,0
ISABELA,NAGUILIAN,SAN MANUEL,1,2,0,2,0.00,1,0,2021-04-26,2021-04-26,At-risk,5.2,Sanitized aggregate from ASF laboratory-results Google Sheet; farmer names and farm identifiers excluded.,0,0,0,0,0,0,2,0,2,0,0,0,0,0,0
ISABELA,NAGUILIAN,SURCOC,2,5,0,5,0.00,1,0,2021-04-26,2021-04-26,At-risk,5.5,Sanitized aggregate from ASF laboratory-results Google Sheet; farmer names and farm identifiers excluded.,3,0,3,0,0,0,2,0,2,0,0,0,0,0,0
ISABELA,Naguilian,Cabaruan,7,9,3,6,33.33,1,1,2020-10-06,2022-12-05,Affected,18.8,Sanitized aggregate from ASF laboratory-results Google Sheet; farmer names and farm identifiers excluded.,4,3,1,0,0,0,5,0,5,0,0,0,0,0,0
ISABELA,Naguilian,Flores,4,7,2,5,28.57,1,1,2020-09-21,2022-12-05,Affected,15.5,Sanitized aggregate from ASF laboratory-results Google Sheet; farmer names and farm identifiers excluded.,6,2,4,0,0,0,1,0,1,0,0,0,0,0,0
ISABELA,Naguilian,Magsaysay,13,13,1,12,7.69,1,1,2020-09-08,2022-12-05,Affected,7.4,Sanitized aggregate from ASF laboratory-results Google Sheet; farmer names and farm identifiers excluded.,7,1,6,0,0,0,6,0,6,0,0,0,0,0,0
ISABELA,Naguilian,Manaring,7,7,1,6,14.29,1,1,2020-10-12,2022-12-05,Affected,9.1,Sanitized aggregate from ASF laboratory-results Google Sheet; farmer names and farm identifiers excluded.,4,1,3,0,0,0,3,0,3,0,0,0,0,0,0
ISABELA,Naguilian,Mansibang,5,5,1,4,20.00,1,1,2020-09-08,2022-12-05,Affected,10.9,Sanitized aggregate from ASF laboratory-results Google Sheet; farmer names and farm identifiers excluded.,3,1,2,0,0,0,2,0,2,0,0,0,0,0,0
ISABELA,Naguilian,Minallo,15,16,2,14,12.50,2,1,2020-09-08,2022-12-05,Affected,10.8,Sanitized aggregate from ASF laboratory-results Google Sheet; farmer names and farm identifiers excluded.,13,2,11,0,0,0,3,0,3,0,0,0,0,0,0
ISABELA,Naguilian,Minalo,11,11,0,11,0.00,1,0,2022-09-28,2022-09-28,At-risk,6.1,Sanitized aggregate from ASF laboratory-results Google Sheet; farmer names and farm identifiers excluded.,0,0,0,0,0,0,11,0,11,0,0,0,0,0,0
ISABELA,Naguilian,Minanga,9,9,1,8,11.11,1,1,2020-09-08,2022-12-05,Affected,8.2,Sanitized aggregate from ASF laboratory-results Google Sheet; farmer names and farm identifiers excluded.,5,1,4,0,0,0,4,0,4,0,0,0,0,0,0
ISABELA,Naguilian,Palattao,8,8,2,6,25.00,1,1,2020-09-11,2022-12-05,Affected,14.4,Sanitized aggregate from ASF laboratory-results Google Sheet; farmer names and farm identifiers excluded.,5,2,3,0,0,0,3,0,3,0,0,0,0,0,0
ISABELA,Naguilian,Quirino,5,5,1,4,20.00,1,1,2020-09-21,2022-12-05,Affected,10.9,Sanitized aggregate from ASF laboratory-results Google Sheet; farmer names and farm identifiers excluded.,3,1,2,0,0,0,2,0,2,0,0,0,0,0,0
ISABELA,Naguilian,Rang-Ayan,10,10,3,7,30.00,2,1,2020-09-08,2022-12-05,Affected,17.7,Sanitized aggregate from ASF laboratory-results Google Sheet; farmer names and farm identifiers excluded.,10,3,7,0,0,0,0,0,0,0,0,0,0,0,0
ISABELA,Naguilian,Rangayan,8,8,0,8,0.00,1,0,2022-09-28,2022-09-28,At-risk,5.8,Sanitized aggregate from ASF laboratory-results Google Sheet; farmer names and farm identifiers excluded.,0,0,0,0,0,0,8,0,8,0,0,0,0,0,0
ISABELA,Naguilian,Tomines,2,2,0,2,0.00,1,0,2022-11-28,2022-11-28,At-risk,5.2,Sanitized aggregate from ASF laboratory-results Google Sheet; farmer names and farm identifiers excluded.,0,0,0,0,0,0,2,0,2,0,0,0,0,0,0
ISABELA,Naguilian,Villa Paz,4,4,0,4,0.00,1,0,2022-09-28,2022-12-05,At-risk,5.4,Sanitized aggregate from ASF laboratory-results Google Sheet; farmer names and farm identifiers excluded.,2,0,2,0,0,0,2,0,2,0,0,0,0,0,0
ISABELA,Nagulian,Palattao,1,30,0,30,0.00,1,0,2021-07-19,2021-07-19,At-risk,8.0,Sanitized aggregate from ASF laboratory-results Google Sheet; farmer names and farm identifiers excluded.,0,0,0,0,0,0,30,0,30,0,0,0,0,0,0
ISABELA,QUEZON,DUMMON,1,2,0,2,0.00,1,0,2021-05-06,2021-05-06,At-risk,5.2,Sanitized aggregate from ASF laboratory-results Google Sheet; farmer names and farm identifiers excluded.,0,0,0,0,0,0,2,0,2,0,0,0,0,0,0
ISABELA,Quezon,Santos,22,81,10,71,12.35,1,1,2020-08-18,2022-12-09,Affected,28.4,Sanitized aggregate from ASF laboratory-results Google Sheet; farmer names and farm identifiers excluded.,10,10,0,0,0,0,71,0,71,0,0,0,0,0,0
ISABELA,Quirino,Camal,1,1,0,1,0.00,1,0,2022-12-05,2022-12-05,At-risk,5.1,Sanitized aggregate from ASF laboratory-results Google Sheet; farmer names and farm identifiers excluded.,1,0,1,0,0,0,0,0,0,0,0,0,0,0,0
ISABELA,Quirino,Carnaal,1,1,0,1,0.00,1,0,2022-07-26,2022-07-26,At-risk,5.1,Sanitized aggregate from ASF laboratory-results Google Sheet; farmer names and farm identifiers excluded.,0,0,0,0,0,0,1,0,1,0,0,0,0,0,0
ISABELA,Quirino,Villa Miguel,31,39,10,28,25.64,1,1,2020-01-21,2022-12-05,Affected,28.9,Sanitized aggregate from ASF laboratory-results Google Sheet; farmer names and farm identifiers excluded.,28,10,17,0,0,0,11,0,11,0,0,0,0,0,0
ISABELA,REINA MERCEDES,LABINAB,1,2,0,2,0.00,1,0,2021-05-10,2021-05-10,At-risk,5.2,Sanitized aggregate from ASF laboratory-results Google Sheet; farmer names and farm identifiers excluded.,0,0,0,0,0,0,2,0,2,0,0,0,0,0,0
ISABELA,REINA MERCEDES,NAPACCU,1,2,0,2,0.00,1,0,2021-04-26,2021-04-26,At-risk,5.2,Sanitized aggregate from ASF laboratory-results Google Sheet; farmer names and farm identifiers excluded.,0,0,0,0,0,0,2,0,2,0,0,0,0,0,0
ISABELA,REINA MERCEDES,SINNIPIL,2,4,0,4,0.00,1,0,2021-04-26,2021-04-26,At-risk,5.4,Sanitized aggregate from ASF laboratory-results Google Sheet; farmer names and farm identifiers excluded.,0,0,0,0,0,0,4,0,4,0,0,0,0,0,0
ISABELA,Ramon,Ambatali,30,60,2,58,3.33,1,1,2020-03-17,2022-12-05,Affected,12.0,Sanitized aggregate from ASF laboratory-results Google Sheet; farmer names and farm identifiers excluded.,46,2,44,0,0,0,14,0,14,0,0,0,0,0,0
ISABELA,Ramon,Bugallion Norte,3,7,4,3,57.14,1,1,2020-09-23,2022-10-21,Affected,28.3,Sanitized aggregate from ASF laboratory-results Google Sheet; farmer names and farm identifiers excluded.,4,4,0,0,0,0,3,0,3,0,0,0,0,0,0
ISABELA,Ramon,Bugallon Proper,26,27,0,27,0.00,1,0,2020-03-17,2022-12-21,At-risk,7.7,Sanitized aggregate from ASF laboratory-results Google Sheet; farmer names and farm identifiers excluded.,5,0,5,0,0,0,22,0,22,0,0,0,0,0,0
ISABELA,Ramon,Burgos,3,3,0,3,0.00,1,0,2022-12-09,2022-12-21,At-risk,5.3,Sanitized aggregate from ASF laboratory-results Google Sheet; farmer names and farm identifiers excluded.,0,0,0,0,0,0,3,0,3,0,0,0,0,0,0
ISABELA,Ramon,Gen. Aguinaldo,10,13,5,8,38.46,1,1,2020-08-26,2022-12-21,Affected,23.8,Sanitized aggregate from ASF laboratory-results Google Sheet; farmer names and farm identifiers excluded.,5,5,0,0,0,0,8,0,8,0,0,0,0,0,0
ISABELA,Ramon,General Aguinaldo,2,2,0,2,0.00,1,0,2022-12-09,2022-12-09,At-risk,5.2,Sanitized aggregate from ASF laboratory-results Google Sheet; farmer names and farm identifiers excluded.,0,0,0,0,0,0,2,0,2,0,0,0,0,0,0
ISABELA,Ramon,Oscariz,1,1,0,1,0.00,1,0,2022-12-09,2022-12-09,At-risk,5.1,Sanitized aggregate from ASF laboratory-results Google Sheet; farmer names and farm identifiers excluded.,0,0,0,0,0,0,1,0,1,0,0,0,0,0,0
ISABELA,Ramon,Pagrang-ayan,13,14,4,10,28.57,2,2,2020-09-11,2022-12-05,Affected,21.0,Sanitized aggregate from ASF laboratory-results Google Sheet; farmer names and farm identifiers excluded.,9,4,5,0,0,0,5,0,5,0,0,0,0,0,0
ISABELA,Ramon,Pagrangayan,7,7,0,7,0.00,1,0,2022-12-21,2022-12-21,At-risk,5.7,Sanitized aggregate from ASF laboratory-results Google Sheet; farmer names and farm identifiers excluded.,0,0,0,0,0,0,7,0,7,0,0,0,0,0,0
ISABELA,Ramon,Planas,10,12,3,9,25.00,1,1,2020-10-12,2022-12-21,Affected,16.1,Sanitized aggregate from ASF laboratory-results Google Sheet; farmer names and farm identifiers excluded.,3,3,0,0,0,0,9,0,9,0,0,0,0,0,0
ISABELA,Ramon,Putok ni Bulan,1,1,0,1,0.00,1,0,2022-12-09,2022-12-09,At-risk,5.1,Sanitized aggregate from ASF laboratory-results Google Sheet; farmer names and farm identifiers excluded.,0,0,0,0,0,0,1,0,1,0,0,0,0,0,0
ISABELA,Ramon,San Antonio,15,15,0,15,0.00,1,0,2022-09-14,2022-12-21,At-risk,6.5,Sanitized aggregate from ASF laboratory-results Google Sheet; farmer names and farm identifiers excluded.,6,0,6,0,0,0,9,0,9,0,0,0,0,0,0
ISABELA,Ramon,San Miguel,22,23,2,21,8.70,1,1,2020-09-11,2022-12-21,Affected,10.1,Sanitized aggregate from ASF laboratory-results Google Sheet; farmer names and farm identifiers excluded.,2,2,0,0,0,0,21,0,21,0,0,0,0,0,0
ISABELA,Ramon,San Sebastian,6,16,4,12,25.00,1,1,2020-05-19,2022-12-21,Affected,18.0,Sanitized aggregate from ASF laboratory-results Google Sheet; farmer names and farm identifiers excluded.,14,4,10,0,0,0,2,0,2,0,0,0,0,0,0
ISABELA,Ramon,Villa Beltran,10,11,0,11,0.00,1,0,2020-03-17,2022-12-05,At-risk,6.1,Sanitized aggregate from ASF laboratory-results Google Sheet; farmer names and farm identifiers excluded.,5,0,5,0,0,0,6,0,6,0,0,0,0,0,0
ISABELA,Ramon,Villa Carmen,11,11,2,9,18.18,1,1,2020-09-11,2022-12-21,Affected,12.3,Sanitized aggregate from ASF laboratory-results Google Sheet; farmer names and farm identifiers excluded.,2,2,0,0,0,0,9,0,9,0,0,0,0,0,0
ISABELA,Reina Mercedes,Cutog Grande,3,11,2,9,18.18,1,1,2020-08-26,2022-05-06,Affected,12.3,Sanitized aggregate from ASF laboratory-results Google Sheet; farmer names and farm identifiers excluded.,2,2,0,0,0,0,9,0,9,0,0,0,0,0,0
ISABELA,Reina Mercedes,Cutug Grande,1,4,0,4,0.00,1,0,2022-05-06,2022-05-06,At-risk,5.4,Sanitized aggregate from ASF laboratory-results Google Sheet; farmer names and farm identifiers excluded.,0,0,0,0,0,0,4,0,4,0,0,0,0,0,0
ISABELA,Reina Mercedes,Cutug Pequeño,1,5,0,5,0.00,1,0,2022-05-06,2022-05-06,At-risk,5.5,Sanitized aggregate from ASF laboratory-results Google Sheet; farmer names and farm identifiers excluded.,0,0,0,0,0,0,5,0,5,0,0,0,0,0,0
ISABELA,Reina Mercedes,Dangan,4,10,0,10,0.00,1,0,2022-05-06,2022-11-28,At-risk,6.0,Sanitized aggregate from ASF laboratory-results Google Sheet; farmer names and farm identifiers excluded.,0,0,0,0,0,0,10,0,10,0,0,0,0,0,0
ISABELA,Reina Mercedes,Disrict 01,1,4,0,4,0.00,1,0,2022-05-06,2022-05-06,At-risk,5.4,Sanitized aggregate from ASF laboratory-results Google Sheet; farmer names and farm identifiers excluded.,0,0,0,0,0,0,4,0,4,0,0,0,0,0,0
ISABELA,Reina Mercedes,District 01,2,9,0,9,0.00,1,0,2022-05-06,2022-05-06,At-risk,5.9,Sanitized aggregate from ASF laboratory-results Google Sheet; farmer names and farm identifiers excluded.,0,0,0,0,0,0,9,0,9,0,0,0,0,0,0
ISABELA,Reina Mercedes,District 02,1,4,0,4,0.00,1,0,2022-05-06,2022-05-06,At-risk,5.4,Sanitized aggregate from ASF laboratory-results Google Sheet; farmer names and farm identifiers excluded.,0,0,0,0,0,0,4,0,4,0,0,0,0,0,0
ISABELA,Reina Mercedes,Labinab Grande,4,14,0,14,0.00,1,0,2022-05-06,2022-11-28,At-risk,6.4,Sanitized aggregate from ASF laboratory-results Google Sheet; farmer names and farm identifiers excluded.,0,0,0,0,0,0,14,0,14,0,0,0,0,0,0
ISABELA,Reina Mercedes,Labinab Pequeño,3,12,0,12,0.00,1,0,2022-05-06,2022-05-06,At-risk,6.2,Sanitized aggregate from ASF laboratory-results Google Sheet; farmer names and farm identifiers excluded.,0,0,0,0,0,0,12,0,12,0,0,0,0,0,0
ISABELA,Reina Mercedes,Mallalatang,3,14,0,14,0.00,1,0,2022-05-06,2022-05-06,At-risk,6.4,Sanitized aggregate from ASF laboratory-results Google Sheet; farmer names and farm identifiers excluded.,0,0,0,0,0,0,14,0,14,0,0,0,0,0,0
ISABELA,Reina Mercedes,Mallalatang Tunggi,1,1,0,1,0.00,1,0,2022-11-28,2022-11-28,At-risk,5.1,Sanitized aggregate from ASF laboratory-results Google Sheet; farmer names and farm identifiers excluded.,0,0,0,0,0,0,1,0,1,0,0,0,0,0,0
ISABELA,Reina Mercedes,Napaccu Grande,2,16,15,1,93.75,1,1,2020-08-27,2022-11-28,Affected,57.4,Sanitized aggregate from ASF laboratory-results Google Sheet; farmer names and farm identifiers excluded.,15,15,0,0,0,0,1,0,1,0,0,0,0,0,0
ISABELA,Reina Mercedes,Napaccu Pequeno,1,1,0,1,0.00,1,0,2022-11-28,2022-11-28,At-risk,5.1,Sanitized aggregate from ASF laboratory-results Google Sheet; farmer names and farm identifiers excluded.,0,0,0,0,0,0,1,0,1,0,0,0,0,0,0
ISABELA,Reina Mercedes,Nappacu Grande,1,5,0,5,0.00,1,0,2022-05-06,2022-05-06,At-risk,5.5,Sanitized aggregate from ASF laboratory-results Google Sheet; farmer names and farm identifiers excluded.,0,0,0,0,0,0,5,0,5,0,0,0,0,0,0
ISABELA,Reina Mercedes,Nappacu Pequeño,3,13,0,13,0.00,1,0,2022-05-06,2022-05-06,At-risk,6.3,Sanitized aggregate from ASF laboratory-results Google Sheet; farmer names and farm identifiers excluded.,0,0,0,0,0,0,13,0,13,0,0,0,0,0,0
ISABELA,Reina Mercedes,Santiago,6,10,4,6,40.00,1,1,2020-02-21,2022-11-28,Affected,22.6,Sanitized aggregate from ASF laboratory-results Google Sheet; farmer names and farm identifiers excluded.,9,4,5,0,0,0,1,0,1,0,0,0,0,0,0
ISABELA,Reina Mercedes,Santor,6,24,5,19,20.83,2,1,2021-08-12,2022-05-06,Affected,18.7,Sanitized aggregate from ASF laboratory-results Google Sheet; farmer names and farm identifiers excluded.,4,4,0,0,0,0,19,0,19,0,0,0,1,1,0
ISABELA,Reina Mercedes,Sinippil,1,1,0,1,0.00,1,0,2022-11-28,2022-11-28,At-risk,5.1,Sanitized aggregate from ASF laboratory-results Google Sheet; farmer names and farm identifiers excluded.,0,0,0,0,0,0,1,0,1,0,0,0,0,0,0
ISABELA,Reina Mercedes,Tallungan,4,17,3,14,17.65,1,1,2020-09-04,2022-05-06,Affected,14.1,Sanitized aggregate from ASF laboratory-results Google Sheet; farmer names and farm identifiers excluded.,3,3,0,0,0,0,14,0,14,0,0,0,0,0,0
ISABELA,Reina Mercedes,Turod,3,14,0,14,0.00,1,0,2022-05-06,2022-05-06,At-risk,6.4,Sanitized aggregate from ASF laboratory-results Google Sheet; farmer names and farm identifiers excluded.,0,0,0,0,0,0,14,0,14,0,0,0,0,0,0
ISABELA,Reina Mercedes,Villador,1,5,0,5,0.00,1,0,2022-05-06,2022-05-06,At-risk,5.5,Sanitized aggregate from ASF laboratory-results Google Sheet; farmer names and farm identifiers excluded.,0,0,0,0,0,0,5,0,5,0,0,0,0,0,0
ISABELA,Roxas,Bantug,3,5,4,1,80.00,1,1,2020-02-13,2022-12-09,Affected,36.1,Sanitized aggregate from ASF laboratory-results Google Sheet; farmer names and farm identifiers excluded.,3,3,0,1,1,0,1,0,1,0,0,0,0,0,0
ISABELA,Roxas,Doña Concha,6,6,1,5,16.67,1,1,2020-09-07,2022-01-28,Affected,9.8,Sanitized aggregate from ASF laboratory-results Google Sheet; farmer names and farm identifiers excluded.,6,1,5,0,0,0,0,0,0,0,0,0,0,0,0
ISABELA,Roxas,Lanting,1,1,0,1,0.00,1,0,2022-01-27,2022-01-27,At-risk,5.1,Sanitized aggregate from ASF laboratory-results Google Sheet; farmer names and farm identifiers excluded.,1,0,1,0,0,0,0,0,0,0,0,0,0,0,0
ISABELA,Roxas,Marcos,1,1,0,1,0.00,1,0,2022-12-09,2022-12-09,At-risk,5.1,Sanitized aggregate from ASF laboratory-results Google Sheet; farmer names and farm identifiers excluded.,0,0,0,0,0,0,1,0,1,0,0,0,0,0,0
ISABELA,Roxas,Muñoz West,3,3,0,3,0.00,1,0,2022-01-28,2022-01-28,At-risk,5.3,Sanitized aggregate from ASF laboratory-results Google Sheet; farmer names and farm identifiers excluded.,3,0,3,0,0,0,0,0,0,0,0,0,0,0,0
ISABELA,Roxas,San Antonio,6,14,12,2,85.71,1,1,2020-02-19,2022-01-27,Affected,50.2,Sanitized aggregate from ASF laboratory-results Google Sheet; farmer names and farm identifiers excluded.,11,9,2,3,3,0,0,0,0,0,0,0,0,0,0
ISABELA,Roxas,San Jose,9,11,3,8,27.27,1,1,2020-09-11,2022-12-09,Affected,16.8,Sanitized aggregate from ASF laboratory-results Google Sheet; farmer names and farm identifiers excluded.,10,3,7,0,0,0,1,0,1,0,0,0,0,0,0
ISABELA,Roxas,Simimbaan,3,3,2,1,66.67,1,1,2020-03-03,2022-12-09,Affected,28.4,Sanitized aggregate from ASF laboratory-results Google Sheet; farmer names and farm identifiers excluded.,2,2,0,0,0,0,1,0,1,0,0,0,0,0,0
ISABELA,Roxas,Sinamar,2,2,1,1,50.00,1,1,2020-03-11,2022-12-09,Affected,21.1,Sanitized aggregate from ASF laboratory-results Google Sheet; farmer names and farm identifiers excluded.,1,1,0,0,0,0,1,0,1,0,0,0,0,0,0
ISABELA,Roxas,Sotero Nuesa,6,6,0,6,0.00,1,0,2022-01-28,2022-01-28,At-risk,5.6,Sanitized aggregate from ASF laboratory-results Google Sheet; farmer names and farm identifiers excluded.,6,0,6,0,0,0,0,0,0,0,0,0,0,0,0
ISABELA,Roxas,Villa Concepcion,3,8,7,1,87.50,1,1,2020-02-19,2022-01-28,Affected,43.2,Sanitized aggregate from ASF laboratory-results Google Sheet; farmer names and farm identifiers excluded.,7,6,1,1,1,0,0,0,0,0,0,0,0,0,0
ISABELA,SAN GUILLERMO,CENTRO I,4,17,0,17,0.00,1,0,2021-06-21,2021-06-21,At-risk,6.7,Sanitized aggregate from ASF laboratory-results Google Sheet; farmer names and farm identifiers excluded.,0,0,0,0,0,0,17,0,17,0,0,0,0,0,0
ISABELA,SAN GUILLERMO,NAKAN,1,4,0,4,0.00,1,0,2021-06-09,2021-06-09,At-risk,5.4,Sanitized aggregate from ASF laboratory-results Google Sheet; farmer names and farm identifiers excluded.,0,0,0,0,0,0,4,0,4,0,0,0,0,0,0
ISABELA,SAN ISIDRO,RIZAL EAST,2,4,3,1,75.00,2,1,2020-09-28,2021-03-30,Affected,32.9,Sanitized aggregate from ASF laboratory-results Google Sheet; farmer names and farm identifiers excluded.,3,3,0,0,0,0,1,0,1,0,0,0,0,0,0
ISABELA,SAN MANUEL,DISTRICT,1,2,0,2,0.00,1,0,2021-05-06,2021-05-06,At-risk,5.2,Sanitized aggregate from ASF laboratory-results Google Sheet; farmer names and farm identifiers excluded.,0,0,0,0,0,0,2,0,2,0,0,0,0,0,0
ISABELA,SAN MATEO,N/A,16,26,19,7,73.08,1,1,2020-09-01,2021-05-11,Affected,56.8,Sanitized aggregate from ASF laboratory-results Google Sheet; farmer names and farm identifiers excluded.,22,19,3,0,0,0,4,0,4,0,0,0,0,0,0
ISABELA,SAN PABLO,ANNANUMAN,1,2,0,2,0.00,1,0,2021-05-10,2021-05-10,At-risk,5.2,Sanitized aggregate from ASF laboratory-results Google Sheet; farmer names and farm identifiers excluded.,0,0,0,0,0,0,2,0,2,0,0,0,0,0,0
ISABELA,SANTIAGO,SAN ISIDRO,2,2,0,2,0.00,1,0,2021-03-30,2021-03-30,At-risk,5.2,Sanitized aggregate from ASF laboratory-results Google Sheet; farmer names and farm identifiers excluded.,0,0,0,0,0,0,2,0,2,0,0,0,0,0,0
ISABELA,SANTIAGO CITY,ROSARIO,1,1,0,1,0.00,1,0,2021-05-14,2021-05-14,At-risk,5.1,Sanitized aggregate from ASF laboratory-results Google Sheet; farmer names and farm identifiers excluded.,0,0,0,1,0,1,0,0,0,0,0,0,0,0,0
ISABELA,STO TOMAS,BIGA ACCIDENTAL,1,2,0,2,0.00,1,0,2021-04-26,2021-04-26,At-risk,5.2,Sanitized aggregate from ASF laboratory-results Google Sheet; farmer names and farm identifiers excluded.,0,0,0,0,0,0,2,0,2,0,0,0,0,0,0
ISABELA,San Agustin,Caloocan,4,4,0,4,0.00,1,0,2022-06-28,2022-06-28,At-risk,5.4,Sanitized aggregate from ASF laboratory-results Google Sheet; farmer names and farm identifiers excluded.,0,0,0,0,0,0,4,0,4,0,0,0,0,0,0
ISABELA,San Agustin,Palacian,2,2,0,2,0.00,1,0,2022-06-28,2022-06-28,At-risk,5.2,Sanitized aggregate from ASF laboratory-results Google Sheet; farmer names and farm identifiers excluded.,0,0,0,0,0,0,2,0,2,0,0,0,0,0,0
ISABELA,San Guillermo,Cenrto 2,3,3,0,3,0.00,1,0,2021-07-22,2021-07-22,At-risk,5.3,Sanitized aggregate from ASF laboratory-results Google Sheet; farmer names and farm identifiers excluded.,0,0,0,0,0,0,0,0,0,3,0,3,0,0,0
ISABELA,San Guillermo,Centro 2,11,36,0,36,0.00,2,0,2021-06-09,2022-12-09,At-risk,8.6,Sanitized aggregate from ASF laboratory-results Google Sheet; farmer names and farm identifiers excluded.,3,0,3,0,0,0,33,0,33,0,0,0,0,0,0
ISABELA,San Guillermo,Colorado,3,3,0,3,0.00,1,0,2022-12-09,2022-12-09,At-risk,5.3,Sanitized aggregate from ASF laboratory-results Google Sheet; farmer names and farm identifiers excluded.,0,0,0,0,0,0,3,0,3,0,0,0,0,0,0
ISABELA,San Guillermo,Dipacamo,1,1,0,1,0.00,1,0,2023-01-27,2023-01-27,At-risk,5.1,Sanitized aggregate from ASF laboratory-results Google Sheet; farmer names and farm identifiers excluded.,0,0,0,0,0,0,1,0,1,0,0,0,0,0,0
ISABELA,San Guillermo,Nakar,19,112,5,107,4.46,2,1,2020-09-08,2023-01-27,Affected,20.6,Sanitized aggregate from ASF laboratory-results Google Sheet; farmer names and farm identifiers excluded.,96,5,91,0,0,0,15,0,15,1,0,1,0,0,0
ISABELA,San Guillermo,Progreso,6,6,0,6,0.00,1,0,2023-01-27,2023-01-27,At-risk,5.6,Sanitized aggregate from ASF laboratory-results Google Sheet; farmer names and farm identifiers excluded.,0,0,0,0,0,0,6,0,6,0,0,0,0,0,0
ISABELA,San Guillermo,San Francisco Norte,4,4,0,4,0.00,1,0,2023-01-27,2023-01-27,At-risk,5.4,Sanitized aggregate from ASF laboratory-results Google Sheet; farmer names and farm identifiers excluded.,0,0,0,0,0,0,4,0,4,0,0,0,0,0,0
ISABELA,San Isidro,Gomez,1,1,0,1,0.00,1,0,2022-12-09,2022-12-09,At-risk,5.1,Sanitized aggregate from ASF laboratory-results Google Sheet; farmer names and farm identifiers excluded.,0,0,0,0,0,0,1,0,1,0,0,0,0,0,0
ISABELA,San Isidro,Nagbukel,61,156,0,156,0.00,2,0,2021-06-09,2022-12-09,At-risk,15.0,Sanitized aggregate from ASF laboratory-results Google Sheet; farmer names and farm identifiers excluded.,15,0,15,0,0,0,126,0,126,15,0,15,0,0,0
ISABELA,San Isidro,Rizal West,2,2,0,2,0.00,1,0,2022-12-09,2022-12-09,At-risk,5.2,Sanitized aggregate from ASF laboratory-results Google Sheet; farmer names and farm identifiers excluded.,0,0,0,0,0,0,2,0,2,0,0,0,0,0,0
ISABELA,San Isidro,Victoria,1,1,0,1,0.00,1,0,2022-12-09,2022-12-09,At-risk,5.1,Sanitized aggregate from ASF laboratory-results Google Sheet; farmer names and farm identifiers excluded.,0,0,0,0,0,0,1,0,1,0,0,0,0,0,0
ISABELA,San Isidro,Villaflor,2,3,2,1,66.67,1,1,2020-09-04,2022-12-09,Affected,28.4,Sanitized aggregate from ASF laboratory-results Google Sheet; farmer names and farm identifiers excluded.,2,2,0,0,0,0,1,0,1,0,0,0,0,0,0
ISABELA,San Manuel,Distirct 3,1,1,0,1,0.00,1,0,2022-12-09,2022-12-09,At-risk,5.1,Sanitized aggregate from ASF laboratory-results Google Sheet; farmer names and farm identifiers excluded.,0,0,0,0,0,0,1,0,1,0,0,0,0,0,0
ISABELA,San Manuel,District 04,1,6,0,6,0.00,1,0,2022-02-21,2022-02-21,At-risk,5.6,Sanitized aggregate from ASF laboratory-results Google Sheet; farmer names and farm identifiers excluded.,0,0,0,0,0,0,6,0,6,0,0,0,0,0,0
ISABELA,San Manuel,District II,1,1,1,0,100.00,1,1,2022-12-01,2022-12-01,Affected,38.5,Sanitized aggregate from ASF laboratory-results Google Sheet; farmer names and farm identifiers excluded.,1,1,0,0,0,0,0,0,0,0,0,0,0,0,0
ISABELA,San Manuel,District IV,1,1,1,0,100.00,1,1,2022-12-01,2022-12-01,Affected,38.5,Sanitized aggregate from ASF laboratory-results Google Sheet; farmer names and farm identifiers excluded.,1,1,0,0,0,0,0,0,0,0,0,0,0,0,0
ISABELA,San Manuel,Mararigue,3,4,3,1,75.00,1,1,2020-09-11,2022-12-09,Affected,32.9,Sanitized aggregate from ASF laboratory-results Google Sheet; farmer names and farm identifiers excluded.,3,3,0,0,0,0,1,0,1,0,0,0,0,0,0
ISABELA,San Manuel,N/A,1,6,0,6,0.00,1,0,2022-02-21,2022-02-21,At-risk,5.6,Sanitized aggregate from ASF laboratory-results Google Sheet; farmer names and farm identifiers excluded.,0,0,0,0,0,0,6,0,6,0,0,0,0,0,0
ISABELA,San Manuel,San Antonio,1,6,0,6,0.00,1,0,2022-02-21,2022-02-21,At-risk,5.6,Sanitized aggregate from ASF laboratory-results Google Sheet; farmer names and farm identifiers excluded.,0,0,0,0,0,0,6,0,6,0,0,0,0,0,0
ISABELA,San Mariano,Binatug,9,21,3,18,14.29,1,1,2020-10-23,2022-06-21,Affected,13.3,Sanitized aggregate from ASF laboratory-results Google Sheet; farmer names and farm identifiers excluded.,6,3,3,0,0,0,15,0,15,0,0,0,0,0,0
ISABELA,San Mariano,Del Pilar,10,44,0,44,0.00,1,0,2022-05-26,2022-05-26,At-risk,9.4,Sanitized aggregate from ASF laboratory-results Google Sheet; farmer names and farm identifiers excluded.,0,0,0,0,0,0,44,0,44,0,0,0,0,0,0
ISABELA,San Mariano,Gangalan,13,41,4,37,9.76,1,1,2020-12-10,2022-05-26,Affected,15.1,Sanitized aggregate from ASF laboratory-results Google Sheet; farmer names and farm identifiers excluded.,4,4,0,0,0,0,37,0,37,0,0,0,0,0,0
ISABELA,San Mariano,Tappa,7,7,0,7,0.00,1,0,2022-11-07,2022-11-28,At-risk,5.7,Sanitized aggregate from ASF laboratory-results Google Sheet; farmer names and farm identifiers excluded.,0,0,0,0,0,0,7,0,7,0,0,0,0,0,0
ISABELA,San Mateo,Bella Luz,1,1,0,1,0.00,1,0,2022-12-09,2022-12-09,At-risk,5.1,Sanitized aggregate from ASF laboratory-results Google Sheet; farmer names and farm identifiers excluded.,0,0,0,0,0,0,1,0,1,0,0,0,0,0,0
ISABELA,San Mateo,Dagupan,7,8,3,5,37.50,1,1,2020-09-11,2023-01-27,Affected,20.1,Sanitized aggregate from ASF laboratory-results Google Sheet; farmer names and farm identifiers excluded.,3,3,0,0,0,0,5,0,5,0,0,0,0,0,0
ISABELA,San Mateo,Daramuangan Norte,10,41,0,41,0.00,1,0,2022-03-29,2022-12-09,At-risk,9.1,Sanitized aggregate from ASF laboratory-results Google Sheet; farmer names and farm identifiers excluded.,0,0,0,0,0,0,41,0,41,0,0,0,0,0,0
ISABELA,San Mateo,Estrella,5,22,0,22,0.00,1,0,2022-03-29,2022-03-29,At-risk,7.2,Sanitized aggregate from ASF laboratory-results Google Sheet; farmer names and farm identifiers excluded.,0,0,0,0,0,0,22,0,22,0,0,0,0,0,0
ISABELA,San Mateo,Gaddanan,7,29,2,27,6.90,1,1,2022-03-29,2022-09-20,Affected,10.1,Sanitized aggregate from ASF laboratory-results Google Sheet; farmer names and farm identifiers excluded.,2,2,0,0,0,0,27,0,27,0,0,0,0,0,0
ISABELA,San Mateo,Malasin,14,14,0,14,0.00,2,0,2021-03-30,2023-01-27,At-risk,6.4,Sanitized aggregate from ASF laboratory-results Google Sheet; farmer names and farm identifiers excluded.,1,0,1,0,0,0,13,0,13,0,0,0,0,0,0
ISABELA,San Mateo,Mapuroc,1,6,0,6,0.00,1,0,2022-02-21,2022-02-21,At-risk,5.6,Sanitized aggregate from ASF laboratory-results Google Sheet; farmer names and farm identifiers excluded.,0,0,0,0,0,0,6,0,6,0,0,0,0,0,0
ISABELA,San Mateo,Marasat Pequeño,5,5,0,5,0.00,1,0,2023-01-27,2023-01-27,At-risk,5.5,Sanitized aggregate from ASF laboratory-results Google Sheet; farmer names and farm identifiers excluded.,0,0,0,0,0,0,5,0,5,0,0,0,0,0,0
ISABELA,San Mateo,Old Centro I,1,1,0,1,0.00,1,0,2022-12-09,2022-12-09,At-risk,5.1,Sanitized aggregate from ASF laboratory-results Google Sheet; farmer names and farm identifiers excluded.,0,0,0,0,0,0,1,0,1,0,0,0,0,0,0
ISABELA,San Mateo,Old Centro Proper,6,6,1,5,16.67,1,1,2020-09-11,2023-01-27,Affected,9.8,Sanitized aggregate from ASF laboratory-results Google Sheet; farmer names and farm identifiers excluded.,2,1,1,0,0,0,4,0,4,0,0,0,0,0,0
ISABELA,San Mateo,Salinungan East,5,24,0,24,0.00,1,0,2022-03-29,2022-03-29,At-risk,7.4,Sanitized aggregate from ASF laboratory-results Google Sheet; farmer names and farm identifiers excluded.,0,0,0,0,0,0,24,0,24,0,0,0,0,0,0
ISABELA,San Mateo,San Antonio,8,35,6,29,17.14,1,1,2020-08-18,2022-03-29,Affected,19.9,Sanitized aggregate from ASF laboratory-results Google Sheet; farmer names and farm identifiers excluded.,6,6,0,0,0,0,29,0,29,0,0,0,0,0,0
ISABELA,San Mateo,San Ignacio,13,17,6,11,35.29,1,1,2020-08-18,2023-01-27,Affected,24.5,Sanitized aggregate from ASF laboratory-results Google Sheet; farmer names and farm identifiers excluded.,6,6,0,0,0,0,11,0,11,0,0,0,0,0,0
ISABELA,San Mateo,San Manuel,9,9,1,8,11.11,1,1,2020-09-11,2023-01-27,Affected,8.2,Sanitized aggregate from ASF laboratory-results Google Sheet; farmer names and farm identifiers excluded.,1,1,0,0,0,0,8,0,8,0,0,0,0,0,0
ISABELA,San Mateo,San Marcos,12,12,1,11,8.33,1,1,2020-09-11,2023-01-27,Affected,7.5,Sanitized aggregate from ASF laboratory-results Google Sheet; farmer names and farm identifiers excluded.,1,1,0,0,0,0,11,0,11,0,0,0,0,0,0
ISABELA,San Mateo,San Roque,12,14,3,11,21.43,1,1,2020-08-26,2023-01-27,Affected,15.1,Sanitized aggregate from ASF laboratory-results Google Sheet; farmer names and farm identifiers excluded.,3,3,0,0,0,0,11,0,11,0,0,0,0,0,0
ISABELA,San Mateo,Sinamar Sur,8,8,1,7,12.50,1,1,2020-09-11,2023-01-27,Affected,8.6,Sanitized aggregate from ASF laboratory-results Google Sheet; farmer names and farm identifiers excluded.,1,1,0,0,0,0,7,0,7,0,0,0,0,0,0
ISABELA,San Mateo,Victoria,13,88,2,86,2.27,1,1,2020-09-11,2022-03-29,Affected,14.4,Sanitized aggregate from ASF laboratory-results Google Sheet; farmer names and farm identifiers excluded.,2,2,0,0,0,0,86,0,86,0,0,0,0,0,0
ISABELA,San Mateo,Villa Cruz,4,9,3,6,33.33,1,1,2020-09-11,2022-02-21,Affected,18.8,Sanitized aggregate from ASF laboratory-results Google Sheet; farmer names and farm identifiers excluded.,3,3,0,0,0,0,6,0,6,0,0,0,0,0,0
ISABELA,San Mateo,Villa Fuerte,6,7,2,5,28.57,1,1,2020-09-28,2023-01-27,Affected,15.5,Sanitized aggregate from ASF laboratory-results Google Sheet; farmer names and farm identifiers excluded.,2,2,0,0,0,0,5,0,5,0,0,0,0,0,0
ISABELA,San Mateo,Villa Gamiao,8,34,0,34,0.00,1,0,2022-03-29,2022-12-09,At-risk,8.4,Sanitized aggregate from ASF laboratory-results Google Sheet; farmer names and farm identifiers excluded.,0,0,0,0,0,0,34,0,34,0,0,0,0,0,0
ISABELA,San Mateo,Villa Luz,6,26,0,26,0.00,1,0,2022-03-29,2022-03-29,At-risk,7.6,Sanitized aggregate from ASF laboratory-results Google Sheet; farmer names and farm identifiers excluded.,0,0,0,0,0,0,26,0,26,0,0,0,0,0,0
ISABELA,San Pablo,Ballacayu,2,6,0,6,0.00,1,0,2022-03-18,2022-03-18,At-risk,5.6,Sanitized aggregate from ASF laboratory-results Google Sheet; farmer names and farm identifiers excluded.,0,0,0,0,0,0,6,0,6,0,0,0,0,0,0
ISABELA,Santiago City,Abra,2,2,0,2,0.00,1,0,2022-11-28,2022-11-28,At-risk,5.2,Sanitized aggregate from ASF laboratory-results Google Sheet; farmer names and farm identifiers excluded.,2,0,2,0,0,0,0,0,0,0,0,0,0,0,0
ISABELA,Santiago City,Balintocatoc,3,8,7,1,87.50,1,1,2020-09-07,2022-11-21,Affected,43.2,Sanitized aggregate from ASF laboratory-results Google Sheet; farmer names and farm identifiers excluded.,8,7,1,0,0,0,0,0,0,0,0,0,0,0,0
ISABELA,Santiago City,Baluarte,12,12,1,11,8.33,1,1,2022-11-17,2022-11-28,Affected,7.5,Sanitized aggregate from ASF laboratory-results Google Sheet; farmer names and farm identifiers excluded.,12,1,11,0,0,0,0,0,0,0,0,0,0,0,0
ISABELA,Santiago City,Bannawag Norte,3,3,1,2,33.33,1,1,2020-10-05,2022-11-21,Affected,15.4,Sanitized aggregate from ASF laboratory-results Google Sheet; farmer names and farm identifiers excluded.,3,1,2,0,0,0,0,0,0,0,0,0,0,0,0
ISABELA,Santiago City,Calao East,1,1,0,1,0.00,1,0,2022-11-28,2022-11-28,At-risk,5.1,Sanitized aggregate from ASF laboratory-results Google Sheet; farmer names and farm identifiers excluded.,1,0,1,0,0,0,0,0,0,0,0,0,0,0,0
ISABELA,Santiago City,Divisoria,2,3,2,1,66.67,1,1,2020-09-11,2022-11-21,Affected,28.4,Sanitized aggregate from ASF laboratory-results Google Sheet; farmer names and farm identifiers excluded.,3,2,1,0,0,0,0,0,0,0,0,0,0,0,0
ISABELA,Santiago City,Dubinan East,1,1,0,1,0.00,1,0,2022-11-28,2022-11-28,At-risk,5.1,Sanitized aggregate from ASF laboratory-results Google Sheet; farmer names and farm identifiers excluded.,1,0,1,0,0,0,0,0,0,0,0,0,0,0,0
ISABELA,Santiago City,Dubinan West,2,2,0,2,0.00,1,0,2022-11-28,2022-11-28,At-risk,5.2,Sanitized aggregate from ASF laboratory-results Google Sheet; farmer names and farm identifiers excluded.,2,0,2,0,0,0,0,0,0,0,0,0,0,0,0
ISABELA,Santiago City,Luna,2,2,0,2,0.00,1,0,2022-11-21,2022-11-21,At-risk,5.2,Sanitized aggregate from ASF laboratory-results Google Sheet; farmer names and farm identifiers excluded.,2,0,2,0,0,0,0,0,0,0,0,0,0,0,0
ISABELA,Santiago City,Naggasican,3,3,0,3,0.00,1,0,2022-11-17,2022-11-28,At-risk,5.3,Sanitized aggregate from ASF laboratory-results Google Sheet; farmer names and farm identifiers excluded.,3,0,3,0,0,0,0,0,0,0,0,0,0,0,0
ISABELA,Santiago City,Patul,8,11,4,7,36.36,1,1,2020-09-21,2022-11-21,Affected,21.4,Sanitized aggregate from ASF laboratory-results Google Sheet; farmer names and farm identifiers excluded.,11,4,7,0,0,0,0,0,0,0,0,0,0,0,0
ISABELA,Santiago City,Rizal,6,37,29,8,78.38,1,1,2020-09-22,2022-11-21,Affected,68.1,Sanitized aggregate from ASF laboratory-results Google Sheet; farmer names and farm identifiers excluded.,37,29,8,0,0,0,0,0,0,0,0,0,0,0,0
ISABELA,Santiago City,Sagana,9,11,8,3,72.73,1,1,2020-09-11,2022-11-17,Affected,39.8,Sanitized aggregate from ASF laboratory-results Google Sheet; farmer names and farm identifiers excluded.,11,8,3,0,0,0,0,0,0,0,0,0,0,0,0
ISABELA,Santiago City,Salvador,4,4,1,3,25.00,1,1,2020-09-11,2022-11-21,Affected,12.6,Sanitized aggregate from ASF laboratory-results Google Sheet; farmer names and farm identifiers excluded.,4,1,3,0,0,0,0,0,0,0,0,0,0,0,0
ISABELA,Santiago City,San Andres,2,3,2,1,66.67,1,1,2020-09-11,2022-11-28,Affected,28.4,Sanitized aggregate from ASF laboratory-results Google Sheet; farmer names and farm identifiers excluded.,3,2,1,0,0,0,0,0,0,0,0,0,0,0,0
ISABELA,Santiago City,San Isidro,12,12,1,11,8.33,1,1,2022-11-17,2022-11-21,Affected,7.5,Sanitized aggregate from ASF laboratory-results Google Sheet; farmer names and farm identifiers excluded.,12,1,11,0,0,0,0,0,0,0,0,0,0,0,0
ISABELA,Santiago City,San Jose,3,5,4,1,80.00,1,1,2020-10-05,2022-11-21,Affected,36.1,Sanitized aggregate from ASF laboratory-results Google Sheet; farmer names and farm identifiers excluded.,5,4,1,0,0,0,0,0,0,0,0,0,0,0,0
ISABELA,Santiago City,Santa Rosa,3,3,0,3,0.00,1,0,2022-11-21,2022-11-21,At-risk,5.3,Sanitized aggregate from ASF laboratory-results Google Sheet; farmer names and farm identifiers excluded.,3,0,3,0,0,0,0,0,0,0,0,0,0,0,0
ISABELA,Santiago City,Sinili,7,10,7,3,70.00,1,1,2020-09-11,2022-11-21,Affected,37.3,Sanitized aggregate from ASF laboratory-results Google Sheet; farmer names and farm identifiers excluded.,10,7,3,0,0,0,0,0,0,0,0,0,0,0,0
ISABELA,Santiago City,Sinsayon,4,5,2,3,40.00,1,1,2020-10-15,2022-11-28,Affected,19.3,Sanitized aggregate from ASF laboratory-results Google Sheet; farmer names and farm identifiers excluded.,5,2,3,0,0,0,0,0,0,0,0,0,0,0,0
ISABELA,Santiago City,Villa Gonzaga,3,3,0,3,0.00,1,0,2022-11-21,2022-11-21,At-risk,5.3,Sanitized aggregate from ASF laboratory-results Google Sheet; farmer names and farm identifiers excluded.,3,0,3,0,0,0,0,0,0,0,0,0,0,0,0
ISABELA,Sta. Maria,Buenavista,7,7,2,5,28.57,1,1,2020-11-26,2023-01-27,Affected,15.5,Sanitized aggregate from ASF laboratory-results Google Sheet; farmer names and farm identifiers excluded.,2,2,0,0,0,0,5,0,5,0,0,0,0,0,0
ISABELA,Sta. Maria,Calamagui East,2,2,0,2,0.00,1,0,2022-07-01,2023-01-27,At-risk,5.2,Sanitized aggregate from ASF laboratory-results Google Sheet; farmer names and farm identifiers excluded.,0,0,0,0,0,0,2,0,2,0,0,0,0,0,0
ISABELA,Sta. Maria,Calamagui West,2,2,0,2,0.00,1,0,2022-07-01,2022-11-28,At-risk,5.2,Sanitized aggregate from ASF laboratory-results Google Sheet; farmer names and farm identifiers excluded.,0,0,0,0,0,0,2,0,2,0,0,0,0,0,0
ISABELA,Sta. Maria,Divisoria,1,32,0,32,0.00,1,0,2021-07-16,2021-07-16,At-risk,8.2,Sanitized aggregate from ASF laboratory-results Google Sheet; farmer names and farm identifiers excluded.,0,0,0,0,0,0,32,0,32,0,0,0,0,0,0
ISABELA,Sta. Maria,Lingaling,3,4,0,4,0.00,2,0,2021-01-13,2022-11-28,At-risk,5.4,Sanitized aggregate from ASF laboratory-results Google Sheet; farmer names and farm identifiers excluded.,2,0,2,0,0,0,2,0,2,0,0,0,0,0,0
ISABELA,Sta. Maria,Mozzozzin Norte,3,3,0,3,0.00,1,0,2022-11-28,2023-01-27,At-risk,5.3,Sanitized aggregate from ASF laboratory-results Google Sheet; farmer names and farm identifiers excluded.,0,0,0,0,0,0,3,0,3,0,0,0,0,0,0
ISABELA,Sta. Maria,Mozzozzin Sur,5,5,0,5,0.00,1,0,2022-07-01,2023-01-27,At-risk,5.5,Sanitized aggregate from ASF laboratory-results Google Sheet; farmer names and farm identifiers excluded.,0,0,0,0,0,0,5,0,5,0,0,0,0,0,0
ISABELA,Sta. Maria,Naganacan,3,32,0,32,0.00,1,0,2022-04-13,2023-01-27,At-risk,8.2,Sanitized aggregate from ASF laboratory-results Google Sheet; farmer names and farm identifiers excluded.,30,0,30,0,0,0,2,0,2,0,0,0,0,0,0
ISABELA,Sta. Maria,Nagaracan,1,1,0,1,0.00,1,0,2022-11-28,2022-11-28,At-risk,5.1,Sanitized aggregate from ASF laboratory-results Google Sheet; farmer names and farm identifiers excluded.,0,0,0,0,0,0,1,0,1,0,0,0,0,0,0
ISABELA,Sta. Maria,Poblacion 1,4,6,3,3,50.00,1,1,2020-11-26,2023-01-27,Affected,24.3,Sanitized aggregate from ASF laboratory-results Google Sheet; farmer names and farm identifiers excluded.,3,3,0,0,0,0,3,0,3,0,0,0,0,0,0
ISABELA,Sta. Maria,Poblacion 2,2,2,0,2,0.00,1,0,2022-07-01,2023-01-27,At-risk,5.2,Sanitized aggregate from ASF laboratory-results Google Sheet; farmer names and farm identifiers excluded.,0,0,0,0,0,0,2,0,2,0,0,0,0,0,0
ISABELA,Sta. Maria,Poblacion 3,3,3,0,3,0.00,1,0,2022-07-01,2023-01-27,At-risk,5.3,Sanitized aggregate from ASF laboratory-results Google Sheet; farmer names and farm identifiers excluded.,0,0,0,0,0,0,3,0,3,0,0,0,0,0,0
ISABELA,Sta. Maria,Quinagabian,4,4,0,4,0.00,1,0,2022-07-01,2023-01-27,At-risk,5.4,Sanitized aggregate from ASF laboratory-results Google Sheet; farmer names and farm identifiers excluded.,0,0,0,0,0,0,4,0,4,0,0,0,0,0,0
ISABELA,Sta. Maria,San Antonio,1,1,0,1,0.00,1,0,2023-01-27,2023-01-27,At-risk,5.1,Sanitized aggregate from ASF laboratory-results Google Sheet; farmer names and farm identifiers excluded.,0,0,0,0,0,0,1,0,1,0,0,0,0,0,0
ISABELA,Sta. Maria,San Rafael East,2,2,0,2,0.00,1,0,2022-07-01,2022-07-01,At-risk,5.2,Sanitized aggregate from ASF laboratory-results Google Sheet; farmer names and farm identifiers excluded.,0,0,0,0,0,0,2,0,2,0,0,0,0,0,0
ISABELA,Sta. Maria,Villabuena,1,1,0,1,0.00,1,0,2023-01-27,2023-01-27,At-risk,5.1,Sanitized aggregate from ASF laboratory-results Google Sheet; farmer names and farm identifiers excluded.,0,0,0,0,0,0,1,0,1,0,0,0,0,0,0
ISABELA,Sto. Tomas,Antagan,4,4,0,4,0.00,1,0,2022-08-05,2022-11-10,At-risk,5.4,Sanitized aggregate from ASF laboratory-results Google Sheet; farmer names and farm identifiers excluded.,2,0,2,0,0,0,2,0,2,0,0,0,0,0,0
ISABELA,Sto. Tomas,Bagabag,4,4,0,4,0.00,1,0,2022-12-09,2022-12-09,At-risk,5.4,Sanitized aggregate from ASF laboratory-results Google Sheet; farmer names and farm identifiers excluded.,0,0,0,0,0,0,4,0,4,0,0,0,0,0,0
ISABELA,Sto. Tomas,Baleleng,2,2,0,2,0.00,1,0,2022-11-10,2022-11-10,At-risk,5.2,Sanitized aggregate from ASF laboratory-results Google Sheet; farmer names and farm identifiers excluded.,2,0,2,0,0,0,0,0,0,0,0,0,0,0,0
ISABELA,Sto. Tomas,Balelleng,2,2,0,2,0.00,1,0,2022-08-05,2022-08-05,At-risk,5.2,Sanitized aggregate from ASF laboratory-results Google Sheet; farmer names and farm identifiers excluded.,0,0,0,0,0,0,2,0,2,0,0,0,0,0,0
ISABELA,Sto. Tomas,Bolinao,1,1,0,1,0.00,1,0,2022-12-09,2022-12-09,At-risk,5.1,Sanitized aggregate from ASF laboratory-results Google Sheet; farmer names and farm identifiers excluded.,0,0,0,0,0,0,1,0,1,0,0,0,0,0,0
ISABELA,Sto. Tomas,Calinaoan Malasi,11,11,0,11,0.00,1,0,2022-08-05,2022-08-05,At-risk,6.1,Sanitized aggregate from ASF laboratory-results Google Sheet; farmer names and farm identifiers excluded.,0,0,0,0,0,0,11,0,11,0,0,0,0,0,0
ISABELA,Sto. Tomas,Calinaoan Malasin,11,11,0,11,0.00,1,0,2022-11-10,2022-11-10,At-risk,6.1,Sanitized aggregate from ASF laboratory-results Google Sheet; farmer names and farm identifiers excluded.,11,0,11,0,0,0,0,0,0,0,0,0,0,0,0
ISABELA,Sto. Tomas,Centro,3,3,0,3,0.00,1,0,2022-12-09,2022-12-09,At-risk,5.3,Sanitized aggregate from ASF laboratory-results Google Sheet; farmer names and farm identifiers excluded.,0,0,0,0,0,0,3,0,3,0,0,0,0,0,0
ISABELA,TUMAUINI,ANTAGAN 1ST,2,10,0,10,0.00,1,0,2021-10-21,2021-10-21,At-risk,6.0,Sanitized aggregate from ASF laboratory-results Google Sheet; farmer names and farm identifiers excluded.,0,0,0,0,0,0,10,0,10,0,0,0,0,0,0
ISABELA,TUMAUINI,ANTAGAN 2ND,1,5,0,5,0.00,1,0,2021-10-21,2021-10-21,At-risk,5.5,Sanitized aggregate from ASF laboratory-results Google Sheet; farmer names and farm identifiers excluded.,0,0,0,0,0,0,5,0,5,0,0,0,0,0,0
ISABELA,TUMAUINI,BANTUG,1,5,0,5,0.00,1,0,2021-10-21,2021-10-21,At-risk,5.5,Sanitized aggregate from ASF laboratory-results Google Sheet; farmer names and farm identifiers excluded.,0,0,0,0,0,0,5,0,5,0,0,0,0,0,0
ISABELA,TUMAUINI,CUMABAO,1,5,0,5,0.00,1,0,2021-10-21,2021-10-21,At-risk,5.5,Sanitized aggregate from ASF laboratory-results Google Sheet; farmer names and farm identifiers excluded.,0,0,0,0,0,0,5,0,5,0,0,0,0,0,0
ISABELA,TUMAUINI,MALIGAYA,1,2,0,2,0.00,1,0,2021-05-10,2021-05-10,At-risk,5.2,Sanitized aggregate from ASF laboratory-results Google Sheet; farmer names and farm identifiers excluded.,0,0,0,0,0,0,2,0,2,0,0,0,0,0,0
ISABELA,Tumauini,Arcon,3,6,4,2,66.67,1,1,2020-11-18,2022-11-11,Affected,31.5,Sanitized aggregate from ASF laboratory-results Google Sheet; farmer names and farm identifiers excluded.,5,4,1,0,0,0,1,0,1,0,0,0,0,0,0
ISABELA,Tumauini,Fugu Sur,1,1,0,1,0.00,1,0,2022-11-28,2022-11-28,At-risk,5.1,Sanitized aggregate from ASF laboratory-results Google Sheet; farmer names and farm identifiers excluded.,0,0,0,0,0,0,1,0,1,0,0,0,0,0,0
ISABELA,Tumauini,Lapogan,21,23,3,20,13.04,1,1,2020-09-16,2022-11-11,Affected,13.1,Sanitized aggregate from ASF laboratory-results Google Sheet; farmer names and farm identifiers excluded.,13,3,10,0,0,0,10,0,10,0,0,0,0,0,0
ISABELA,Tumauini,Liwanag,1,1,0,1,0.00,1,0,2022-11-28,2022-11-28,At-risk,5.1,Sanitized aggregate from ASF laboratory-results Google Sheet; farmer names and farm identifiers excluded.,0,0,0,0,0,0,1,0,1,0,0,0,0,0,0
ISABELA,Tumauini,N/A,2,7,0,7,0.00,1,0,2021-05-10,2022-01-27,At-risk,5.7,Sanitized aggregate from ASF laboratory-results Google Sheet; farmer names and farm identifiers excluded.,0,0,0,0,0,0,7,0,7,0,0,0,0,0,0
ISABELA,Tumauini,San Vicente,7,8,0,8,0.00,2,0,2021-05-10,2022-11-28,At-risk,5.8,Sanitized aggregate from ASF laboratory-results Google Sheet; farmer names and farm identifiers excluded.,2,0,2,0,0,0,6,0,6,0,0,0,0,0,0
ISABELA,Tumauini,Sisim Abayao,2,2,0,2,0.00,1,0,2022-11-28,2022-11-28,At-risk,5.2,Sanitized aggregate from ASF laboratory-results Google Sheet; farmer names and farm identifiers excluded.,0,0,0,0,0,0,2,0,2,0,0,0,0,0,0
ISABELA,Tumauini,Sto. Nino,2,2,0,2,0.00,1,0,2022-11-11,2022-11-11,At-risk,5.2,Sanitized aggregate from ASF laboratory-results Google Sheet; farmer names and farm identifiers excluded.,2,0,2,0,0,0,0,0,0,0,0,0,0,0,0
ISABELA,Tumauini,Sto. Niño,2,2,0,2,0.00,1,0,2022-07-08,2022-07-08,At-risk,5.2,Sanitized aggregate from ASF laboratory-results Google Sheet; farmer names and farm identifiers excluded.,0,0,0,0,0,0,2,0,2,0,0,0,0,0,0
ISABELA,Tumauini,Ugad,2,2,0,2,0.00,1,0,2022-11-28,2022-11-28,At-risk,5.2,Sanitized aggregate from ASF laboratory-results Google Sheet; farmer names and farm identifiers excluded.,0,0,0,0,0,0,2,0,2,0,0,0,0,0,0
Isabela,Alicia,Amistal,1,3,3,0,100.00,1,1,2020-08-26,2020-08-26,Affected,41.5,Sanitized aggregate from ASF laboratory-results Google Sheet; farmer names and farm identifiers excluded.,3,3,0,0,0,0,0,0,0,0,0,0,0,0,0
Isabela,Alicia,Antonino,1,2,2,0,100.00,1,1,2020-09-11,2020-09-11,Affected,40.0,Sanitized aggregate from ASF laboratory-results Google Sheet; farmer names and farm identifiers excluded.,2,2,0,0,0,0,0,0,0,0,0,0,0,0,0
Isabela,Alicia,Bantug Petine,2,6,6,0,100.00,1,1,2020-08-26,2020-08-26,Affected,46.0,Sanitized aggregate from ASF laboratory-results Google Sheet; farmer names and farm identifiers excluded.,6,6,0,0,0,0,0,0,0,0,0,0,0,0,0
Isabela,Alicia,Bonifacio,1,1,1,0,100.00,1,1,2020-09-11,2020-09-11,Affected,38.5,Sanitized aggregate from ASF laboratory-results Google Sheet; farmer names and farm identifiers excluded.,1,1,0,0,0,0,0,0,0,0,0,0,0,0,0
Isabela,Alicia,Linglinga,2,2,2,0,100.00,1,1,2020-09-04,2020-09-04,Affected,40.0,Sanitized aggregate from ASF laboratory-results Google Sheet; farmer names and farm identifiers excluded.,2,2,0,0,0,0,0,0,0,0,0,0,0,0,0
Isabela,Alicia,Rizaluna,33,37,3,34,8.11,2,1,2020-08-26,2023-09-26,Affected,12.7,Sanitized aggregate from ASF laboratory-results Google Sheet; farmer names and farm identifiers excluded.,20,3,17,0,0,0,17,0,17,0,0,0,0,0,0
Isabela,Alicia,San Pedro,1,2,2,0,100.00,1,1,2020-09-11,2020-09-11,Affected,40.0,Sanitized aggregate from ASF laboratory-results Google Sheet; farmer names and farm identifiers excluded.,2,2,0,0,0,0,0,0,0,0,0,0,0,0,0
Isabela,Alicia,Sta. Cruz,2,9,9,0,100.00,1,1,2020-08-17,2020-09-11,Affected,50.5,Sanitized aggregate from ASF laboratory-results Google Sheet; farmer names and farm identifiers excluded.,9,9,0,0,0,0,0,0,0,0,0,0,0,0,0
Isabela,Alicia,Victoria,34,37,3,34,8.11,2,1,2021-05-11,2023-09-26,Affected,12.7,Sanitized aggregate from ASF laboratory-results Google Sheet; farmer names and farm identifiers excluded.,18,3,15,0,0,0,19,0,19,0,0,0,0,0,0
Isabela,Angadanan,Allangigan,5,5,0,5,0.00,1,0,2023-03-20,2023-03-20,At-risk,5.5,Sanitized aggregate from ASF laboratory-results Google Sheet; farmer names and farm identifiers excluded.,0,0,0,0,0,0,5,0,5,0,0,0,0,0,0
Isabela,Angadanan,Amog,1,2,2,0,100.00,1,1,2020-09-21,2020-09-21,Affected,40.0,Sanitized aggregate from ASF laboratory-results Google Sheet; farmer names and farm identifiers excluded.,2,2,0,0,0,0,0,0,0,0,0,0,0,0,0
Isabela,Angadanan,Aniog,5,5,0,5,0.00,1,0,2023-03-20,2023-03-20,At-risk,5.5,Sanitized aggregate from ASF laboratory-results Google Sheet; farmer names and farm identifiers excluded.,0,0,0,0,0,0,5,0,5,0,0,0,0,0,0
Isabela,Angadanan,Baniket,1,1,1,0,100.00,1,1,2020-09-01,2020-09-01,Affected,38.5,Sanitized aggregate from ASF laboratory-results Google Sheet; farmer names and farm identifiers excluded.,1,1,0,0,0,0,0,0,0,0,0,0,0,0,0
Isabela,Angadanan,Bannawag,2,2,1,1,50.00,1,1,2020-09-21,2020-09-21,Affected,21.1,Sanitized aggregate from ASF laboratory-results Google Sheet; farmer names and farm identifiers excluded.,2,1,1,0,0,0,0,0,0,0,0,0,0,0,0
Isabela,Angadanan,Barangcuag,7,8,2,6,25.00,1,1,2023-03-20,2023-09-13,Affected,14.4,Sanitized aggregate from ASF laboratory-results Google Sheet; farmer names and farm identifiers excluded.,3,2,1,0,0,0,5,0,5,0,0,0,0,0,0
Isabela,Angadanan,Buenavista,2,2,2,0,100.00,1,1,2024-08-08,2024-08-08,Affected,40.0,Sanitized aggregate from ASF laboratory-results Google Sheet; farmer names and farm identifiers excluded.,2,2,0,0,0,0,0,0,0,0,0,0,0,0,0
Isabela,Angadanan,Bunnay,3,3,1,2,33.33,1,1,2022-12-09,2024-08-19,Affected,15.4,Sanitized aggregate from ASF laboratory-results Google Sheet; farmer names and farm identifiers excluded.,1,1,0,0,0,0,2,0,2,0,0,0,0,0,0
Isabela,Angadanan,Calabayan,1,3,3,0,100.00,1,1,2020-09-01,2020-09-01,Affected,41.5,Sanitized aggregate from ASF laboratory-results Google Sheet; farmer names and farm identifiers excluded.,3,3,0,0,0,0,0,0,0,0,0,0,0,0,0
Isabela,Angadanan,Calaccab,7,15,14,1,93.33,1,1,2020-09-21,2023-10-18,Affected,55.8,Sanitized aggregate from ASF laboratory-results Google Sheet; farmer names and farm identifiers excluded.,14,14,0,0,0,0,1,0,1,0,0,0,0,0,0
Isabela,Angadanan,Campanario,3,3,1,2,33.33,1,1,2023-03-20,2023-09-13,Affected,15.4,Sanitized aggregate from ASF laboratory-results Google Sheet; farmer names and farm identifiers excluded.,1,1,0,0,0,0,2,0,2,0,0,0,0,0,0
Isabela,Angadanan,Cananyan,6,6,0,6,0.00,1,0,2023-03-20,2023-03-20,At-risk,5.6,Sanitized aggregate from ASF laboratory-results Google Sheet; farmer names and farm identifiers excluded.,0,0,0,0,0,0,6,0,6,0,0,0,0,0,0
Isabela,Angadanan,Centro 2,6,6,0,6,0.00,1,0,2022-12-09,2023-03-20,At-risk,5.6,Sanitized aggregate from ASF laboratory-results Google Sheet; farmer names and farm identifiers excluded.,0,0,0,0,0,0,6,0,6,0,0,0,0,0,0
Isabela,Angadanan,Consular,1,1,1,0,100.00,1,1,2020-09-01,2020-09-01,Affected,38.5,Sanitized aggregate from ASF laboratory-results Google Sheet; farmer names and farm identifiers excluded.,1,1,0,0,0,0,0,0,0,0,0,0,0,0,0
Isabela,Angadanan,Dalakip,2,2,2,0,100.00,1,1,2020-09-01,2020-09-01,Affected,40.0,Sanitized aggregate from ASF laboratory-results Google Sheet; farmer names and farm identifiers excluded.,2,2,0,0,0,0,0,0,0,0,0,0,0,0,0
Isabela,Angadanan,Dalenap,3,3,0,3,0.00,1,0,2023-03-20,2023-03-20,At-risk,5.3,Sanitized aggregate from ASF laboratory-results Google Sheet; farmer names and farm identifiers excluded.,0,0,0,0,0,0,3,0,3,0,0,0,0,0,0
Isabela,Angadanan,Dipaluda,5,5,0,5,0.00,1,0,2023-03-20,2023-03-20,At-risk,5.5,Sanitized aggregate from ASF laboratory-results Google Sheet; farmer names and farm identifiers excluded.,0,0,0,0,0,0,5,0,5,0,0,0,0,0,0
Isabela,Angadanan,Dipalupa,2,3,1,2,33.33,1,1,2020-09-21,2020-09-21,Affected,15.4,Sanitized aggregate from ASF laboratory-results Google Sheet; farmer names and farm identifiers excluded.,3,1,2,0,0,0,0,0,0,0,0,0,0,0,0
Isabela,Angadanan,Duroc,5,5,0,5,0.00,1,0,2023-03-20,2023-03-20,At-risk,5.5,Sanitized aggregate from ASF laboratory-results Google Sheet; farmer names and farm identifiers excluded.,0,0,0,0,0,0,5,0,5,0,0,0,0,0,0
Isabela,Angadanan,Fugaru,1,2,2,0,100.00,1,1,2020-09-01,2020-09-01,Affected,40.0,Sanitized aggregate from ASF laboratory-results Google Sheet; farmer names and farm identifiers excluded.,2,2,0,0,0,0,0,0,0,0,0,0,0,0,0
Isabela,Angadanan,Ingud Norte,5,5,0,5,0.00,1,0,2023-03-20,2023-03-20,At-risk,5.5,Sanitized aggregate from ASF laboratory-results Google Sheet; farmer names and farm identifiers excluded.,0,0,0,0,0,0,5,0,5,0,0,0,0,0,0
Isabela,Angadanan,Ingud Sur,2,2,2,0,100.00,1,1,2020-09-01,2020-09-01,Affected,40.0,Sanitized aggregate from ASF laboratory-results Google Sheet; farmer names and farm identifiers excluded.,2,2,0,0,0,0,0,0,0,0,0,0,0,0,0
Isabela,Angadanan,Kalusutan,5,5,1,4,20.00,1,1,2023-03-20,2024-08-09,Affected,10.9,Sanitized aggregate from ASF laboratory-results Google Sheet; farmer names and farm identifiers excluded.,1,1,0,0,0,0,4,0,4,0,0,0,0,0,0
Isabela,Angadanan,La Suerte,2,2,2,0,100.00,1,1,2020-09-21,2024-08-08,Affected,40.0,Sanitized aggregate from ASF laboratory-results Google Sheet; farmer names and farm identifiers excluded.,2,2,0,0,0,0,0,0,0,0,0,0,0,0,0
Isabela,Angadanan,Lomboy,5,5,0,5,0.00,1,0,2023-03-20,2023-03-20,At-risk,5.5,Sanitized aggregate from ASF laboratory-results Google Sheet; farmer names and farm identifiers excluded.,0,0,0,0,0,0,5,0,5,0,0,0,0,0,0
Isabela,Angadanan,Loria,3,5,5,0,100.00,1,1,2020-09-01,2020-09-01,Affected,44.5,Sanitized aggregate from ASF laboratory-results Google Sheet; farmer names and farm identifiers excluded.,5,5,0,0,0,0,0,0,0,0,0,0,0,0,0
Isabela,Angadanan,Mabuhay,1,2,2,0,100.00,1,1,2020-09-21,2020-09-21,Affected,40.0,Sanitized aggregate from ASF laboratory-results Google Sheet; farmer names and farm identifiers excluded.,2,2,0,0,0,0,0,0,0,0,0,0,0,0,0
Isabela,Angadanan,Macalanat,1,2,2,0,100.00,1,1,2020-09-01,2020-09-01,Affected,40.0,Sanitized aggregate from ASF laboratory-results Google Sheet; farmer names and farm identifiers excluded.,2,2,0,0,0,0,0,0,0,0,0,0,0,0,0
Isabela,Angadanan,Macalauat,3,3,2,1,66.67,1,1,2022-12-09,2023-10-18,Affected,28.4,Sanitized aggregate from ASF laboratory-results Google Sheet; farmer names and farm identifiers excluded.,2,2,0,0,0,0,1,0,1,0,0,0,0,0,0
Isabela,Angadanan,Malannao,6,6,0,6,0.00,1,0,2023-03-20,2023-03-20,At-risk,5.6,Sanitized aggregate from ASF laboratory-results Google Sheet; farmer names and farm identifiers excluded.,0,0,0,0,0,0,6,0,6,0,0,0,0,0,0
Isabela,Angadanan,Malasin,5,5,0,5,0.00,1,0,2023-03-20,2023-03-20,At-risk,5.5,Sanitized aggregate from ASF laboratory-results Google Sheet; farmer names and farm identifiers excluded.,0,0,0,0,0,0,5,0,5,0,0,0,0,0,0
Isabela,Angadanan,Minanga Proper,5,5,0,5,0.00,1,0,2022-12-09,2023-03-20,At-risk,5.5,Sanitized aggregate from ASF laboratory-results Google Sheet; farmer names and farm identifiers excluded.,0,0,0,0,0,0,5,0,5,0,0,0,0,0,0
Isabela,Angadanan,Pappat,3,3,0,3,0.00,1,0,2023-03-20,2023-03-20,At-risk,5.3,Sanitized aggregate from ASF laboratory-results Google Sheet; farmer names and farm identifiers excluded.,0,0,0,0,0,0,3,0,3,0,0,0,0,0,0
Isabela,Angadanan,Pissay,2,2,2,0,100.00,1,1,2024-08-19,2024-08-19,Affected,40.0,Sanitized aggregate from ASF laboratory-results Google Sheet; farmer names and farm identifiers excluded.,2,2,0,0,0,0,0,0,0,0,0,0,0,0,0
Isabela,Angadanan,Rang-ayan,5,5,0,5,0.00,1,0,2023-03-20,2023-03-20,At-risk,5.5,Sanitized aggregate from ASF laboratory-results Google Sheet; farmer names and farm identifiers excluded.,0,0,0,0,0,0,5,0,5,0,0,0,0,0,0
Isabela,Angadanan,San Vicente,3,3,0,3,0.00,1,0,2023-03-20,2023-03-20,At-risk,5.3,Sanitized aggregate from ASF laboratory-results Google Sheet; farmer names and farm identifiers excluded.,0,0,0,0,0,0,3,0,3,0,0,0,0,0,0
Isabela,Angadanan,Sto. Niño,7,7,0,7,0.00,1,0,2023-03-20,2023-03-20,At-risk,5.7,Sanitized aggregate from ASF laboratory-results Google Sheet; farmer names and farm identifiers excluded.,0,0,0,0,0,0,7,0,7,0,0,0,0,0,0
Isabela,Angadanan,Victory,1,1,1,0,100.00,1,1,2020-09-21,2020-09-21,Affected,38.5,Sanitized aggregate from ASF laboratory-results Google Sheet; farmer names and farm identifiers excluded.,1,1,0,0,0,0,0,0,0,0,0,0,0,0,0
Isabela,Aurora,Bagong Tanza,41,108,5,103,4.63,2,1,2020-08-26,2023-03-20,Affected,20.6,Sanitized aggregate from ASF laboratory-results Google Sheet; farmer names and farm identifiers excluded.,5,5,0,0,0,0,90,0,90,13,0,13,0,0,0
Isabela,Aurora,Ballesteros,7,7,3,4,42.86,1,1,2020-08-26,2023-03-20,Affected,21.9,Sanitized aggregate from ASF laboratory-results Google Sheet; farmer names and farm identifiers excluded.,3,3,0,0,0,0,4,0,4,0,0,0,0,0,0
Isabela,Aurora,Bannagao,6,18,2,16,11.11,2,1,2020-09-11,2023-03-20,Affected,10.5,Sanitized aggregate from ASF laboratory-results Google Sheet; farmer names and farm identifiers excluded.,2,2,0,0,0,0,16,0,16,0,0,0,0,0,0
Isabela,Aurora,Bannawag,10,10,0,10,0.00,1,0,2023-03-20,2023-03-20,At-risk,6.0,Sanitized aggregate from ASF laboratory-results Google Sheet; farmer names and farm identifiers excluded.,0,0,0,0,0,0,10,0,10,0,0,0,0,0,0
Isabela,Aurora,Bolinao,21,44,2,42,4.55,2,1,2021-10-22,2023-03-20,Affected,10.8,Sanitized aggregate from ASF laboratory-results Google Sheet; farmer names and farm identifiers excluded.,2,2,0,1,0,1,32,0,32,9,0,9,0,0,0
Isabela,Aurora,Bulinao,1,1,1,0,100.00,1,1,2020-09-07,2020-09-07,Affected,38.5,Sanitized aggregate from ASF laboratory-results Google Sheet; farmer names and farm identifiers excluded.,1,1,0,0,0,0,0,0,0,0,0,0,0,0,0
Isabela,Aurora,Camarungayan,1,1,1,0,100.00,1,1,2020-09-11,2020-09-11,Affected,38.5,Sanitized aggregate from ASF laboratory-results Google Sheet; farmer names and farm identifiers excluded.,1,1,0,0,0,0,0,0,0,0,0,0,0,0,0
Isabela,Aurora,Dalig,3,3,0,3,0.00,1,0,2023-03-20,2023-03-20,At-risk,5.3,Sanitized aggregate from ASF laboratory-results Google Sheet; farmer names and farm identifiers excluded.,0,0,0,0,0,0,3,0,3,0,0,0,0,0,0
Isabela,Aurora,Diamantina,28,60,4,56,6.67,2,1,2020-08-26,2023-03-20,Affected,15.9,Sanitized aggregate from ASF laboratory-results Google Sheet; farmer names and farm identifiers excluded.,8,4,4,0,0,0,46,0,46,6,0,6,0,0,0
Isabela,Aurora,Divisoria,10,11,5,6,45.45,1,1,2020-09-07,2023-09-28,Affected,26.0,Sanitized aggregate from ASF laboratory-results Google Sheet; farmer names and farm identifiers excluded.,5,5,0,0,0,0,6,0,6,0,0,0,0,0,0
Isabela,Aurora,Macatal,6,7,2,5,28.57,1,1,2020-08-26,2023-03-20,Affected,15.5,Sanitized aggregate from ASF laboratory-results Google Sheet; farmer names and farm identifiers excluded.,2,2,0,0,0,0,5,0,5,0,0,0,0,0,0
Isabela,Aurora,Nampicuan,18,49,0,49,0.00,2,0,2021-10-22,2023-03-20,At-risk,9.9,Sanitized aggregate from ASF laboratory-results Google Sheet; farmer names and farm identifiers excluded.,8,0,8,0,0,0,41,0,41,0,0,0,0,0,0
Isabela,Aurora,Nampikuan,1,1,1,0,100.00,1,1,2020-09-07,2020-09-07,Affected,38.5,Sanitized aggregate from ASF laboratory-results Google Sheet; farmer names and farm identifiers excluded.,1,1,0,0,0,0,0,0,0,0,0,0,0,0,0
Isabela,Aurora,SP PS,2,2,0,2,0.00,1,0,2023-03-20,2023-03-20,At-risk,5.2,Sanitized aggregate from ASF laboratory-results Google Sheet; farmer names and farm identifiers excluded.,0,0,0,0,0,0,2,0,2,0,0,0,0,0,0
Isabela,Aurora,San Juan,1,3,3,0,100.00,1,1,2020-08-24,2020-08-24,Affected,41.5,Sanitized aggregate from ASF laboratory-results Google Sheet; farmer names and farm identifiers excluded.,3,3,0,0,0,0,0,0,0,0,0,0,0,0,0
Isabela,Aurora,San Rafael,25,60,1,59,1.67,2,1,2020-08-24,2023-03-20,Affected,10.0,Sanitized aggregate from ASF laboratory-results Google Sheet; farmer names and farm identifiers excluded.,6,1,5,0,0,0,49,0,49,5,0,5,0,0,0
Isabela,Aurora,San Ramon,18,47,3,44,6.38,2,1,2020-09-07,2023-03-20,Affected,13.1,Sanitized aggregate from ASF laboratory-results Google Sheet; farmer names and farm identifiers excluded.,1,1,0,2,2,0,40,0,40,4,0,4,0,0,0
Isabela,Aurora,Sta. Rita,1,1,1,0,100.00,1,1,2020-09-07,2020-09-07,Affected,38.5,Sanitized aggregate from ASF laboratory-results Google Sheet; farmer names and farm identifiers excluded.,1,1,0,0,0,0,0,0,0,0,0,0,0,0,0
Isabela,Aurora,Sto Niño,1,1,1,0,100.00,1,1,2020-09-07,2020-09-07,Affected,38.5,Sanitized aggregate from ASF laboratory-results Google Sheet; farmer names and farm identifiers excluded.,1,1,0,0,0,0,0,0,0,0,0,0,0,0,0
Isabela,Aurora,Sto. Niño,14,42,0,42,0.00,2,0,2021-10-22,2023-03-20,At-risk,9.2,Sanitized aggregate from ASF laboratory-results Google Sheet; farmer names and farm identifiers excluded.,0,0,0,0,0,0,42,0,42,0,0,0,0,0,0
Isabela,Aurora,Tanza,5,6,3,3,50.00,1,1,2020-08-26,2020-08-26,Affected,24.3,Sanitized aggregate from ASF laboratory-results Google Sheet; farmer names and farm identifiers excluded.,6,3,3,0,0,0,0,0,0,0,0,0,0,0,0
Isabela,Aurora,Villa Nuesa,5,5,0,5,0.00,1,0,2022-12-09,2023-03-20,At-risk,5.5,Sanitized aggregate from ASF laboratory-results Google Sheet; farmer names and farm identifiers excluded.,0,0,0,0,0,0,5,0,5,0,0,0,0,0,0
Isabela,Benito Soliven,District 01,1,10,0,10,0.00,1,0,2020-09-25,2020-09-25,At-risk,6.0,Sanitized aggregate from ASF laboratory-results Google Sheet; farmer names and farm identifiers excluded.,10,0,10,0,0,0,0,0,0,0,0,0,0,0,0
Isabela,Benito Soliven,N/A,3,29,0,29,0.00,1,0,2022-02-21,2025-08-12,At-risk,7.9,Sanitized aggregate from ASF laboratory-results Google Sheet; farmer names and farm identifiers excluded.,7,0,7,0,0,0,22,0,22,0,0,0,0,0,0
Isabela,Burgos,Cullalabo Del Norte,1,2,2,0,100.00,1,1,2020-09-14,2020-09-14,Affected,40.0,Sanitized aggregate from ASF laboratory-results Google Sheet; farmer names and farm identifiers excluded.,2,2,0,0,0,0,0,0,0,0,0,0,0,0,0
Isabela,Burgos,N/A,35,78,54,24,69.23,1,1,2024-10-30,2024-10-30,Affected,69.0,Sanitized aggregate from ASF laboratory-results Google Sheet; farmer names and farm identifiers excluded.,78,54,24,0,0,0,0,0,0,0,0,0,0,0,0
Isabela,Burgos,San Antonino,1,1,1,0,100.00,1,1,2020-09-14,2020-09-14,Affected,38.5,Sanitized aggregate from ASF laboratory-results Google Sheet; farmer names and farm identifiers excluded.,1,1,0,0,0,0,0,0,0,0,0,0,0,0,0
Isabela,Burgos,San Manuel,2,10,10,0,100.00,1,1,2020-08-24,2020-08-24,Affected,52.0,Sanitized aggregate from ASF laboratory-results Google Sheet; farmer names and farm identifiers excluded.,10,10,0,0,0,0,0,0,0,0,0,0,0,0,0
Isabela,CABATUAN,CALOOCAN,1,1,0,1,0.00,1,0,2021-09-20,2021-09-20,At-risk,5.1,Sanitized aggregate from ASF laboratory-results Google Sheet; farmer names and farm identifiers excluded.,1,0,1,0,0,0,0,0,0,0,0,0,0,0,0
Isabela,CABATUAN,CANAN,2,5,3,2,60.00,2,1,2020-09-01,2021-09-20,Affected,27.7,Sanitized aggregate from ASF laboratory-results Google Sheet; farmer names and farm identifiers excluded.,5,3,2,0,0,0,0,0,0,0,0,0,0,0,0
Isabela,CABATUAN,CENTRO,1,3,0,3,0.00,1,0,2021-09-20,2021-09-20,At-risk,5.3,Sanitized aggregate from ASF laboratory-results Google Sheet; farmer names and farm identifiers excluded.,3,0,3,0,0,0,0,0,0,0,0,0,0,0,0
Isabela,CABATUAN,NUEVA ERA,2,6,3,3,50.00,2,1,2020-09-01,2021-09-20,Affected,24.3,Sanitized aggregate from ASF laboratory-results Google Sheet; farmer names and farm identifiers excluded.,6,3,3,0,0,0,0,0,0,0,0,0,0,0,0
Isabela,CORDON,ANORANG,23,82,0,82,0.00,1,0,2021-06-09,2021-09-09,At-risk,13.2,Sanitized aggregate from ASF laboratory-results Google Sheet; farmer names and farm identifiers excluded.,7,0,7,0,0,0,75,0,75,0,0,0,0,0,0
Isabela,CPF Gamu,N/A,6,11,0,11,0.00,1,0,2025-08-12,2025-08-12,At-risk,6.1,Sanitized aggregate from ASF laboratory-results Google Sheet; farmer names and farm identifiers excluded.,11,0,11,0,0,0,0,0,0,0,0,0,0,0,0
Isabela,Cabagan,Angancauilan,2,5,5,0,100.00,1,1,2020-11-16,2020-11-16,Affected,44.5,Sanitized aggregate from ASF laboratory-results Google Sheet; farmer names and farm identifiers excluded.,5,5,0,0,0,0,0,0,0,0,0,0,0,0,0
Isabela,Cabagan,Balasig,1,5,0,5,0.00,1,0,2020-02-19,2020-02-19,At-risk,5.5,Sanitized aggregate from ASF laboratory-results Google Sheet; farmer names and farm identifiers excluded.,5,0,5,0,0,0,0,0,0,0,0,0,0,0,0
Isabela,Cabagan,Cansan,2,12,4,8,33.33,1,1,2020-12-29,2025-04-30,Affected,20.5,Sanitized aggregate from ASF laboratory-results Google Sheet; farmer names and farm identifiers excluded.,4,4,0,0,0,0,8,0,8,0,0,0,0,0,0
Isabela,Cabagan,Casibarag Sur,1,2,0,2,0.00,1,0,2020-11-16,2020-11-16,At-risk,5.2,Sanitized aggregate from ASF laboratory-results Google Sheet; farmer names and farm identifiers excluded.,2,0,2,0,0,0,0,0,0,0,0,0,0,0,0
Isabela,Cabagan,Mabangug,1,11,11,0,100.00,1,1,2024-01-04,2024-01-04,Affected,53.5,Sanitized aggregate from ASF laboratory-results Google Sheet; farmer names and farm identifiers excluded.,11,11,0,0,0,0,0,0,0,0,0,0,0,0,0
Isabela,Cabagan,N/A,4,7,7,0,100.00,1,1,2020-09-23,2020-09-23,Affected,47.5,Sanitized aggregate from ASF laboratory-results Google Sheet; farmer names and farm identifiers excluded.,7,7,0,0,0,0,0,0,0,0,0,0,0,0,0
Isabela,Cabagan,San Bernando,1,22,0,22,0.00,1,0,2020-09-10,2020-09-10,At-risk,7.2,Sanitized aggregate from ASF laboratory-results Google Sheet; farmer names and farm identifiers excluded.,22,0,22,0,0,0,0,0,0,0,0,0,0,0,0
Isabela,Cabagan,San Bernardo,9,11,2,9,18.18,1,1,2022-11-10,2023-11-22,Affected,12.3,Sanitized aggregate from ASF laboratory-results Google Sheet; farmer names and farm identifiers excluded.,7,2,5,0,0,0,4,0,4,0,0,0,0,0,0
Isabela,Cabagan,San Juan,7,25,21,4,84.00,1,1,2020-09-16,2023-10-05,Affected,63.3,Sanitized aggregate from ASF laboratory-results Google Sheet; farmer names and farm identifiers excluded.,23,21,2,0,0,0,2,0,2,0,0,0,0,0,0
Isabela,Cabagan,Tallag,33,49,30,19,61.22,1,1,2022-06-21,2024-10-30,Affected,63.3,Sanitized aggregate from ASF laboratory-results Google Sheet; farmer names and farm identifiers excluded.,38,30,8,0,0,0,11,0,11,0,0,0,0,0,0
Isabela,Cabatuan,Calaocan,1,3,3,0,100.00,1,1,2020-09-01,2020-09-01,Affected,41.5,Sanitized aggregate from ASF laboratory-results Google Sheet; farmer names and farm identifiers excluded.,3,3,0,0,0,0,0,0,0,0,0,0,0,0,0
Isabela,Cabatuan,Luzon,6,11,4,7,36.36,1,1,2020-03-10,2023-09-27,Affected,21.4,Sanitized aggregate from ASF laboratory-results Google Sheet; farmer names and farm identifiers excluded.,11,4,7,0,0,0,0,0,0,0,0,0,0,0,0
Isabela,Cauayan City,Ambocan,2,3,3,0,100.00,1,1,2020-08-27,2020-08-27,Affected,41.5,Sanitized aggregate from ASF laboratory-results Google Sheet; farmer names and farm identifiers excluded.,3,3,0,0,0,0,0,0,0,0,0,0,0,0,0
Isabela,Cauayan City,Bacolod,1,1,1,0,100.00,1,1,2020-09-01,2020-09-01,Affected,38.5,Sanitized aggregate from ASF laboratory-results Google Sheet; farmer names and farm identifiers excluded.,1,1,0,0,0,0,0,0,0,0,0,0,0,0,0
Isabela,Cauayan City,Baringin,2,2,2,0,100.00,1,1,2020-08-27,2020-08-27,Affected,40.0,Sanitized aggregate from ASF laboratory-results Google Sheet; farmer names and farm identifiers excluded.,2,2,0,0,0,0,0,0,0,0,0,0,0,0,0
Isabela,Cauayan City,Buenasuerte,1,1,0,1,0.00,1,0,2023-02-16,2023-02-16,At-risk,5.1,Sanitized aggregate from ASF laboratory-results Google Sheet; farmer names and farm identifiers excluded.,1,0,1,0,0,0,0,0,0,0,0,0,0,0,0
Isabela,Cauayan City,Cabaruan,12,16,0,16,0.00,1,0,2023-02-16,2025-08-12,At-risk,6.6,Sanitized aggregate from ASF laboratory-results Google Sheet; farmer names and farm identifiers excluded.,16,0,16,0,0,0,0,0,0,0,0,0,0,0,0
Isabela,Cauayan City,Cabarvan,1,1,1,0,100.00,1,1,2020-09-15,2020-09-15,Affected,38.5,Sanitized aggregate from ASF laboratory-results Google Sheet; farmer names and farm identifiers excluded.,1,1,0,0,0,0,0,0,0,0,0,0,0,0,0
Isabela,Cauayan City,Cassap,1,1,1,0,100.00,1,1,2020-09-15,2020-09-15,Affected,38.5,Sanitized aggregate from ASF laboratory-results Google Sheet; farmer names and farm identifiers excluded.,1,1,0,0,0,0,0,0,0,0,0,0,0,0,0
Isabela,Cauayan City,Culalabat,7,15,2,13,13.33,1,1,2020-09-15,2025-08-12,Affected,11.0,Sanitized aggregate from ASF laboratory-results Google Sheet; farmer names and farm identifiers excluded.,5,2,3,0,0,0,10,0,10,0,0,0,0,0,0
Isabela,Cauayan City,Disimuray,1,1,0,1,0.00,1,0,2020-10-05,2020-10-05,At-risk,5.1,Sanitized aggregate from ASF laboratory-results Google Sheet; farmer names and farm identifiers excluded.,1,0,1,0,0,0,0,0,0,0,0,0,0,0,0
Isabela,Cauayan City,District 01,2,2,2,0,100.00,1,1,2020-09-15,2020-09-15,Affected,40.0,Sanitized aggregate from ASF laboratory-results Google Sheet; farmer names and farm identifiers excluded.,2,2,0,0,0,0,0,0,0,0,0,0,0,0,0
Isabela,Cauayan City,District 02,1,1,1,0,100.00,1,1,2020-09-04,2020-09-04,Affected,38.5,Sanitized aggregate from ASF laboratory-results Google Sheet; farmer names and farm identifiers excluded.,1,1,0,0,0,0,0,0,0,0,0,0,0,0,0
Isabela,Cauayan City,District 2,1,1,0,1,0.00,1,0,2024-08-13,2024-08-13,At-risk,5.1,Sanitized aggregate from ASF laboratory-results Google Sheet; farmer names and farm identifiers excluded.,1,0,1,0,0,0,0,0,0,0,0,0,0,0,0
Isabela,Cauayan City,District I,5,6,0,6,0.00,1,0,2023-02-16,2025-08-12,At-risk,5.6,Sanitized aggregate from ASF laboratory-results Google Sheet; farmer names and farm identifiers excluded.,6,0,6,0,0,0,0,0,0,0,0,0,0,0,0
Isabela,Cauayan City,District III,1,1,0,1,0.00,1,0,2025-08-12,2025-08-12,At-risk,5.1,Sanitized aggregate from ASF laboratory-results Google Sheet; farmer names and farm identifiers excluded.,1,0,1,0,0,0,0,0,0,0,0,0,0,0,0
Isabela,Cauayan City,Duminit,1,2,2,0,100.00,1,1,2020-09-04,2020-09-04,Affected,40.0,Sanitized aggregate from ASF laboratory-results Google Sheet; farmer names and farm identifiers excluded.,2,2,0,0,0,0,0,0,0,0,0,0,0,0,0
Isabela,Cauayan City,Faustino,4,6,3,3,50.00,1,1,2020-08-27,2025-08-12,Affected,24.3,Sanitized aggregate from ASF laboratory-results Google Sheet; farmer names and farm identifiers excluded.,6,3,3,0,0,0,0,0,0,0,0,0,0,0,0
Isabela,Cauayan City,Linglingay,1,1,1,0,100.00,1,1,2020-09-21,2020-09-21,Affected,38.5,Sanitized aggregate from ASF laboratory-results Google Sheet; farmer names and farm identifiers excluded.,1,1,0,0,0,0,0,0,0,0,0,0,0,0,0
Isabela,Cauayan City,Maligaya,2,2,2,0,100.00,1,1,2020-09-15,2020-09-15,Affected,40.0,Sanitized aggregate from ASF laboratory-results Google Sheet; farmer names and farm identifiers excluded.,2,2,0,0,0,0,0,0,0,0,0,0,0,0,0
Isabela,Cauayan City,Marabulig I,11,16,5,11,31.25,1,1,2020-08-27,2023-02-16,Affected,21.5,Sanitized aggregate from ASF laboratory-results Google Sheet; farmer names and farm identifiers excluded.,13,5,8,0,0,0,3,0,3,0,0,0,0,0,0
Isabela,Cauayan City,Minante I,21,24,9,15,37.50,1,1,2020-08-27,2025-08-12,Affected,30.1,Sanitized aggregate from ASF laboratory-results Google Sheet; farmer names and farm identifiers excluded.,17,9,8,0,0,0,7,0,7,0,0,0,0,0,0
Isabela,Cauayan City,N/A,2,36,0,36,0.00,1,0,2022-02-21,2024-04-12,At-risk,8.6,Sanitized aggregate from ASF laboratory-results Google Sheet; farmer names and farm identifiers excluded.,20,0,20,0,0,0,16,0,16,0,0,0,0,0,0
Isabela,Cauayan City,Nungnungan,3,7,5,2,71.43,1,1,2020-08-27,2025-08-12,Affected,34.7,Sanitized aggregate from ASF laboratory-results Google Sheet; farmer names and farm identifiers excluded.,7,5,2,0,0,0,0,0,0,0,0,0,0,0,0
Isabela,Cauayan City,Nungnungan 1,4,5,0,5,0.00,1,0,2022-08-22,2024-08-13,At-risk,5.5,Sanitized aggregate from ASF laboratory-results Google Sheet; farmer names and farm identifiers excluded.,2,0,2,0,0,0,3,0,3,0,0,0,0,0,0
Isabela,Cauayan City,San Fermin,21,49,1,48,2.04,3,1,2020-09-01,2025-08-12,Affected,9.0,Sanitized aggregate from ASF laboratory-results Google Sheet; farmer names and farm identifiers excluded.,28,1,27,0,0,0,21,0,21,0,0,0,0,0,0
Isabela,Cauayan City,San Luis,1,1,1,0,100.00,1,1,2020-09-15,2020-09-15,Affected,38.5,Sanitized aggregate from ASF laboratory-results Google Sheet; farmer names and farm identifiers excluded.,1,1,0,0,0,0,0,0,0,0,0,0,0,0,0
Isabela,Cauayan City,Sinippil,4,291,0,291,0.00,2,0,2020-10-05,2024-03-04,At-risk,15.0,Sanitized aggregate from ASF laboratory-results Google Sheet; farmer names and farm identifiers excluded.,86,0,86,0,0,0,205,0,205,0,0,0,0,0,0
Isabela,Cauayan City,Tagaran,16,73,0,73,0.00,2,0,2021-10-21,2023-02-16,At-risk,12.3,Sanitized aggregate from ASF laboratory-results Google Sheet; farmer names and farm identifiers excluded.,7,0,7,0,0,0,66,0,66,0,0,0,0,0,0
Isabela,Cauayan City,Turayong,5,19,2,17,10.53,1,1,2020-09-01,2024-08-13,Affected,10.4,Sanitized aggregate from ASF laboratory-results Google Sheet; farmer names and farm identifiers excluded.,19,2,17,0,0,0,0,0,0,0,0,0,0,0,0
Isabela,Cauayan City,Turayung,3,6,0,6,0.00,1,0,2023-02-16,2023-02-16,At-risk,5.6,Sanitized aggregate from ASF laboratory-results Google Sheet; farmer names and farm identifiers excluded.,6,0,6,0,0,0,0,0,0,0,0,0,0,0,0
Isabela,Cauayan City,Union,1,1,1,0,100.00,1,1,2020-09-15,2020-09-15,Affected,38.5,Sanitized aggregate from ASF laboratory-results Google Sheet; farmer names and farm identifiers excluded.,1,1,0,0,0,0,0,0,0,0,0,0,0,0,0
Isabela,Cauayan City,Villaluna,1,47,0,47,0.00,1,0,2023-02-09,2023-02-09,At-risk,9.7,Sanitized aggregate from ASF laboratory-results Google Sheet; farmer names and farm identifiers excluded.,47,0,47,0,0,0,0,0,0,0,0,0,0,0,0
Isabela,City of Ilagan,Alibagu,6,44,0,44,0.00,1,0,2020-03-13,2025-02-05,At-risk,9.4,Sanitized aggregate from ASF laboratory-results Google Sheet; farmer names and farm identifiers excluded.,36,0,36,0,0,0,8,0,8,0,0,0,0,0,0
Isabela,City of Ilagan,N/A,4,120,0,120,0.00,1,0,2021-12-10,2025-05-14,At-risk,15.0,Sanitized aggregate from ASF laboratory-results Google Sheet; farmer names and farm identifiers excluded.,120,0,120,0,0,0,0,0,0,0,0,0,0,0,0
Isabela,Cordon,Aguinaldo,59,124,2,122,1.61,2,1,2020-10-05,2023-10-13,Affected,15.4,Sanitized aggregate from ASF laboratory-results Google Sheet; farmer names and farm identifiers excluded.,10,2,8,0,0,0,98,0,98,16,0,16,0,0,0
Isabela,Cordon,Calima Turod,1,3,0,3,0.00,1,0,2020-09-28,2020-09-28,At-risk,5.3,Sanitized aggregate from ASF laboratory-results Google Sheet; farmer names and farm identifiers excluded.,3,0,3,0,0,0,0,0,0,0,0,0,0,0,0
Isabela,Cordon,Camarao,3,3,2,1,66.67,1,1,2020-10-05,2023-10-13,Affected,28.4,Sanitized aggregate from ASF laboratory-results Google Sheet; farmer names and farm identifiers excluded.,2,2,0,0,0,0,1,0,1,0,0,0,0,0,0
Isabela,Cordon,Capirpirawan,6,6,2,4,33.33,2,1,2020-09-28,2023-10-13,Affected,17.1,Sanitized aggregate from ASF laboratory-results Google Sheet; farmer names and farm identifiers excluded.,4,2,2,0,0,0,0,0,0,2,0,2,0,0,0
Isabela,Cordon,Gayong,2,4,4,0,100.00,1,1,2020-09-21,2020-10-05,Affected,43.0,Sanitized aggregate from ASF laboratory-results Google Sheet; farmer names and farm identifiers excluded.,4,4,0,0,0,0,0,0,0,0,0,0,0,0,0
Isabela,Cordon,Malapat,4,4,1,3,25.00,1,1,2022-12-09,2023-10-13,Affected,12.6,Sanitized aggregate from ASF laboratory-results Google Sheet; farmer names and farm identifiers excluded.,1,1,0,0,0,0,3,0,3,0,0,0,0,0,0
Isabela,Cordon,Malapat South,1,1,0,1,0.00,1,0,2020-10-05,2020-10-05,At-risk,5.1,Sanitized aggregate from ASF laboratory-results Google Sheet; farmer names and farm identifiers excluded.,1,0,1,0,0,0,0,0,0,0,0,0,0,0,0
Isabela,Cordon,N/A,3,3,1,2,33.33,1,1,2020-02-14,2020-02-14,Affected,15.4,Sanitized aggregate from ASF laboratory-results Google Sheet; farmer names and farm identifiers excluded.,3,1,2,0,0,0,0,0,0,0,0,0,0,0,0
Isabela,Cordon,Taliktik,2,4,4,0,100.00,1,1,2020-09-28,2020-09-28,Affected,43.0,Sanitized aggregate from ASF laboratory-results Google Sheet; farmer names and farm identifiers excluded.,4,4,0,0,0,0,0,0,0,0,0,0,0,0,0
Isabela,Cordon,Turod,1,1,1,0,100.00,1,1,2020-10-05,2020-10-05,Affected,38.5,Sanitized aggregate from ASF laboratory-results Google Sheet; farmer names and farm identifiers excluded.,1,1,0,0,0,0,0,0,0,0,0,0,0,0,0
Isabela,Cordon,Wigan,5,8,5,3,62.50,1,1,2020-09-28,2023-10-17,Affected,31.7,Sanitized aggregate from ASF laboratory-results Google Sheet; farmer names and farm identifiers excluded.,5,5,0,0,0,0,3,0,3,0,0,0,0,0,0
Isabela,DIFFUN,VILLA PASCUA,1,1,0,1,0.00,1,0,,,At-risk,5.1,Sanitized aggregate from ASF laboratory-results Google Sheet; farmer names and farm identifiers excluded.,1,0,1,0,0,0,0,0,0,0,0,0,0,0,0
Isabela,Delfin Albano,Aneg,26,61,9,52,14.75,1,1,2020-09-16,2024-10-29,Affected,25.9,Sanitized aggregate from ASF laboratory-results Google Sheet; farmer names and farm identifiers excluded.,18,9,9,0,0,0,43,0,43,0,0,0,0,0,0
Isabela,Delfin Albano,Calinagan,1,1,1,0,100.00,1,1,2020-09-16,2020-09-16,Affected,38.5,Sanitized aggregate from ASF laboratory-results Google Sheet; farmer names and farm identifiers excluded.,1,1,0,0,0,0,0,0,0,0,0,0,0,0,0
Isabela,Delfin Albano,Concepcion,3,4,3,1,75.00,1,1,2022-12-21,2024-10-29,Affected,32.9,Sanitized aggregate from ASF laboratory-results Google Sheet; farmer names and farm identifiers excluded.,3,3,0,0,0,0,1,0,1,0,0,0,0,0,0
Isabela,Delfin Albano,Regan Sur,5,5,4,1,80.00,1,1,2020-09-16,2020-09-16,Affected,36.1,Sanitized aggregate from ASF laboratory-results Google Sheet; farmer names and farm identifiers excluded.,5,4,1,0,0,0,0,0,0,0,0,0,0,0,0
Isabela,Delfin Albano,Rizal,13,22,6,16,27.27,2,1,2020-09-16,2024-10-29,Affected,22.1,Sanitized aggregate from ASF laboratory-results Google Sheet; farmer names and farm identifiers excluded.,9,6,3,0,0,0,13,0,13,0,0,0,0,0,0
Isabela,Delfin Albano,San Jose,16,22,15,7,68.18,1,1,2022-12-21,2024-10-29,Affected,49.1,Sanitized aggregate from ASF laboratory-results Google Sheet; farmer names and farm identifiers excluded.,15,15,0,0,0,0,7,0,7,0,0,0,0,0,0
Isabela,Delfin Albano,San Juan,19,30,3,27,10.00,1,1,2020-09-16,2024-10-29,Affected,12.7,Sanitized aggregate from ASF laboratory-results Google Sheet; farmer names and farm identifiers excluded.,10,3,7,0,0,0,20,0,20,0,0,0,0,0,0
Isabela,Delfin Albano,San Roque,25,54,6,48,11.11,2,1,2021-05-10,2024-10-29,Affected,19.7,Sanitized aggregate from ASF laboratory-results Google Sheet; farmer names and farm identifiers excluded.,16,6,10,0,0,0,38,0,38,0,0,0,0,0,0
Isabela,Delfin Albano,Sto. Rosario,17,18,0,18,0.00,1,0,2022-11-11,2024-10-29,At-risk,6.8,Sanitized aggregate from ASF laboratory-results Google Sheet; farmer names and farm identifiers excluded.,14,0,14,0,0,0,4,0,4,0,0,0,0,0,0
Isabela,Dinapigue,Bucal Norte,15,99,0,99,0.00,1,0,2023-05-15,2023-06-13,At-risk,14.9,Sanitized aggregate from ASF laboratory-results Google Sheet; farmer names and farm identifiers excluded.,99,0,99,0,0,0,0,0,0,0,0,0,0,0,0
Isabela,Dinapigue,Bucal Sur,12,25,0,25,0.00,1,0,2023-03-16,2023-06-13,At-risk,7.5,Sanitized aggregate from ASF laboratory-results Google Sheet; farmer names and farm identifiers excluded.,25,0,25,0,0,0,0,0,0,0,0,0,0,0,0
Isabela,Dinapigue,Dibulo,23,170,0,170,0.00,1,0,2023-03-15,2023-06-13,At-risk,15.0,Sanitized aggregate from ASF laboratory-results Google Sheet; farmer names and farm identifiers excluded.,170,0,170,0,0,0,0,0,0,0,0,0,0,0,0
Isabela,Dinapigue,Digumased,14,36,8,28,22.22,1,1,2023-03-11,2023-06-13,Affected,24.6,Sanitized aggregate from ASF laboratory-results Google Sheet; farmer names and farm identifiers excluded.,36,8,28,0,0,0,0,0,0,0,0,0,0,0,0
Isabela,ECHAGUE,SAN MANUEL,13,28,8,20,28.57,2,1,2020-02-21,2021-08-27,Affected,26.0,Sanitized aggregate from ASF laboratory-results Google Sheet; farmer names and farm identifiers excluded.,13,8,5,0,0,0,13,0,13,2,0,2,0,0,0
Isabela,Echague,Annafunan,2,2,0,2,0.00,1,0,2025-04-14,2025-04-14,At-risk,5.2,Sanitized aggregate from ASF laboratory-results Google Sheet; farmer names and farm identifiers excluded.,2,0,2,0,0,0,0,0,0,0,0,0,0,0,0
Isabela,Echague,Arabiat,1,2,2,0,100.00,1,1,2020-09-21,2020-09-21,Affected,40.0,Sanitized aggregate from ASF laboratory-results Google Sheet; farmer names and farm identifiers excluded.,2,2,0,0,0,0,0,0,0,0,0,0,0,0,0
Isabela,Echague,Aromin,1,1,1,0,100.00,1,1,2020-09-28,2020-09-28,Affected,38.5,Sanitized aggregate from ASF laboratory-results Google Sheet; farmer names and farm identifiers excluded.,1,1,0,0,0,0,0,0,0,0,0,0,0,0,0
Isabela,Echague,Babaran,2,5,0,5,0.00,1,0,2021-07-28,2021-07-28,At-risk,5.5,Sanitized aggregate from ASF laboratory-results Google Sheet; farmer names and farm identifiers excluded.,2,0,2,0,0,0,3,0,3,0,0,0,0,0,0
Isabela,Echague,Bucelelao,1,2,2,0,100.00,1,1,2023-09-29,2023-09-29,Affected,40.0,Sanitized aggregate from ASF laboratory-results Google Sheet; farmer names and farm identifiers excluded.,2,2,0,0,0,0,0,0,0,0,0,0,0,0,0
Isabela,Echague,Buselalao,2,5,5,0,100.00,1,1,2020-09-21,2020-09-28,Affected,44.5,Sanitized aggregate from ASF laboratory-results Google Sheet; farmer names and farm identifiers excluded.,5,5,0,0,0,0,0,0,0,0,0,0,0,0,0
Isabela,Echague,Busilelao,4,5,0,5,0.00,1,0,2024-02-02,2024-02-02,At-risk,5.5,Sanitized aggregate from ASF laboratory-results Google Sheet; farmer names and farm identifiers excluded.,5,0,5,0,0,0,0,0,0,0,0,0,0,0,0
Isabela,Echague,Cabugao,1,1,0,1,0.00,1,0,2025-04-14,2025-04-14,At-risk,5.1,Sanitized aggregate from ASF laboratory-results Google Sheet; farmer names and farm identifiers excluded.,1,0,1,0,0,0,0,0,0,0,0,0,0,0,0
Isabela,Echague,Cabugaw,5,5,0,5,0.00,1,0,2025-04-14,2025-04-14,At-risk,5.5,Sanitized aggregate from ASF laboratory-results Google Sheet; farmer names and farm identifiers excluded.,5,0,5,0,0,0,0,0,0,0,0,0,0,0,0
Isabela,Echague,Carulay,9,17,7,10,41.18,1,1,2020-09-08,2024-02-02,Affected,27.9,Sanitized aggregate from ASF laboratory-results Google Sheet; farmer names and farm identifiers excluded.,17,7,10,0,0,0,0,0,0,0,0,0,0,0,0
Isabela,Echague,Castillo,1,3,3,0,100.00,1,1,2020-09-04,2020-09-04,Affected,41.5,Sanitized aggregate from ASF laboratory-results Google Sheet; farmer names and farm identifiers excluded.,3,3,0,0,0,0,0,0,0,0,0,0,0,0,0
Isabela,Echague,Dammang,1,1,0,1,0.00,1,0,2025-04-14,2025-04-14,At-risk,5.1,Sanitized aggregate from ASF laboratory-results Google Sheet; farmer names and farm identifiers excluded.,1,0,1,0,0,0,0,0,0,0,0,0,0,0,0
Isabela,Echague,Dammang East,1,1,1,0,100.00,1,1,2020-09-21,2020-09-21,Affected,38.5,Sanitized aggregate from ASF laboratory-results Google Sheet; farmer names and farm identifiers excluded.,1,1,0,0,0,0,0,0,0,0,0,0,0,0,0
Isabela,Echague,Dicaraoyan,2,2,1,1,50.00,1,1,2020-10-05,2020-10-05,Affected,21.1,Sanitized aggregate from ASF laboratory-results Google Sheet; farmer names and farm identifiers excluded.,2,1,1,0,0,0,0,0,0,0,0,0,0,0,0
Isabela,Echague,Dugayong,1,2,2,0,100.00,1,1,2020-09-08,2020-09-08,Affected,40.0,Sanitized aggregate from ASF laboratory-results Google Sheet; farmer names and farm identifiers excluded.,2,2,0,0,0,0,0,0,0,0,0,0,0,0,0
Isabela,Echague,Fugu,5,9,3,6,33.33,1,1,2020-09-21,2024-02-02,Affected,18.8,Sanitized aggregate from ASF laboratory-results Google Sheet; farmer names and farm identifiers excluded.,9,3,6,0,0,0,0,0,0,0,0,0,0,0,0
Isabela,Echague,Garit Norte,1,1,1,0,100.00,1,1,2020-09-08,2020-09-08,Affected,38.5,Sanitized aggregate from ASF laboratory-results Google Sheet; farmer names and farm identifiers excluded.,1,1,0,0,0,0,0,0,0,0,0,0,0,0,0
Isabela,Echague,Garit Sur,1,1,1,0,100.00,1,1,2020-09-08,2020-09-08,Affected,38.5,Sanitized aggregate from ASF laboratory-results Google Sheet; farmer names and farm identifiers excluded.,1,1,0,0,0,0,0,0,0,0,0,0,0,0,0
Isabela,Echague,Gucab,1,3,3,0,100.00,1,1,2020-08-26,2020-08-26,Affected,41.5,Sanitized aggregate from ASF laboratory-results Google Sheet; farmer names and farm identifiers excluded.,3,3,0,0,0,0,0,0,0,0,0,0,0,0,0
Isabela,Echague,Gumabaon,1,3,3,0,100.00,1,1,2020-08-26,2020-08-26,Affected,41.5,Sanitized aggregate from ASF laboratory-results Google Sheet; farmer names and farm identifiers excluded.,3,3,0,0,0,0,0,0,0,0,0,0,0,0,0
Isabela,Echague,Ipil,1,1,1,0,100.00,1,1,2020-09-21,2020-09-21,Affected,38.5,Sanitized aggregate from ASF laboratory-results Google Sheet; farmer names and farm identifiers excluded.,1,1,0,0,0,0,0,0,0,0,0,0,0,0,0
Isabela,Echague,Mabuhay,7,12,4,8,33.33,1,1,2020-09-08,2024-02-02,Affected,20.5,Sanitized aggregate from ASF laboratory-results Google Sheet; farmer names and farm identifiers excluded.,11,4,7,0,0,0,1,0,1,0,0,0,0,0,0
Isabela,Echague,Malibagu,2,4,4,0,100.00,1,1,2020-08-26,2020-08-26,Affected,43.0,Sanitized aggregate from ASF laboratory-results Google Sheet; farmer names and farm identifiers excluded.,4,4,0,0,0,0,0,0,0,0,0,0,0,0,0
Isabela,Echague,Maligaya,1,1,0,1,0.00,1,0,2023-10-11,2023-10-11,At-risk,5.1,Sanitized aggregate from ASF laboratory-results Google Sheet; farmer names and farm identifiers excluded.,1,0,1,0,0,0,0,0,0,0,0,0,0,0,0
Isabela,Echague,Malitao,1,2,2,0,100.00,1,1,2020-09-21,2020-09-21,Affected,40.0,Sanitized aggregate from ASF laboratory-results Google Sheet; farmer names and farm identifiers excluded.,2,2,0,0,0,0,0,0,0,0,0,0,0,0,0
Isabela,Echague,N/A,18,59,20,39,33.90,1,1,2020-08-05,2023-03-20,Affected,47.8,Sanitized aggregate from ASF laboratory-results Google Sheet; farmer names and farm identifiers excluded.,20,11,9,0,0,0,39,9,30,0,0,0,0,0,0
Isabela,Echague,Pangal Sur,12,18,6,12,33.33,2,1,2020-02-21,2024-02-02,Affected,23.9,Sanitized aggregate from ASF laboratory-results Google Sheet; farmer names and farm identifiers excluded.,16,6,10,0,0,0,2,0,2,0,0,0,0,0,0
Isabela,Echague,Salay,4,4,0,4,0.00,1,0,2025-04-14,2025-04-14,At-risk,5.4,Sanitized aggregate from ASF laboratory-results Google Sheet; farmer names and farm identifiers excluded.,4,0,4,0,0,0,0,0,0,0,0,0,0,0,0
Isabela,Echague,San Antonio Minit,44,192,0,192,0.00,2,0,2020-03-06,2024-12-12,At-risk,15.0,Sanitized aggregate from ASF laboratory-results Google Sheet; farmer names and farm identifiers excluded.,50,0,50,0,0,0,142,0,142,0,0,0,0,0,0
Isabela,Echague,San Fabian,4,82,68,14,82.93,1,1,2020-08-18,2024-03-01,Affected,74.2,Sanitized aggregate from ASF laboratory-results Google Sheet; farmer names and farm identifiers excluded.,14,8,6,0,0,0,68,60,8,0,0,0,0,0,0
Isabela,Echague,San Felipe,2,2,2,0,100.00,1,1,2020-09-21,2020-09-21,Affected,40.0,Sanitized aggregate from ASF laboratory-results Google Sheet; farmer names and farm identifiers excluded.,2,2,0,0,0,0,0,0,0,0,0,0,0,0,0
Isabela,Echague,San Juan,5,11,3,8,27.27,1,1,2020-09-23,2024-02-02,Affected,16.8,Sanitized aggregate from ASF laboratory-results Google Sheet; farmer names and farm identifiers excluded.,11,3,8,0,0,0,0,0,0,0,0,0,0,0,0
Isabela,Echague,Sayung,1,1,0,1,0.00,1,0,2025-04-14,2025-04-14,At-risk,5.1,Sanitized aggregate from ASF laboratory-results Google Sheet; farmer names and farm identifiers excluded.,1,0,1,0,0,0,0,0,0,0,0,0,0,0,0
Isabela,Echague,Silanan Sur,1,1,1,0,100.00,1,1,2020-09-21,2020-09-21,Affected,38.5,Sanitized aggregate from ASF laboratory-results Google Sheet; farmer names and farm identifiers excluded.,1,1,0,0,0,0,0,0,0,0,0,0,0,0,0
Isabela,Echague,Silauan Norte,2,4,4,0,100.00,1,1,2020-09-04,2020-09-08,Affected,43.0,Sanitized aggregate from ASF laboratory-results Google Sheet; farmer names and farm identifiers excluded.,4,4,0,0,0,0,0,0,0,0,0,0,0,0,0
Isabela,Echague,Silawan,2,2,0,2,0.00,1,0,2025-04-14,2025-04-14,At-risk,5.2,Sanitized aggregate from ASF laboratory-results Google Sheet; farmer names and farm identifiers excluded.,2,0,2,0,0,0,0,0,0,0,0,0,0,0,0
Isabela,Echague,Silawan Norte,2,2,0,2,0.00,1,0,2025-04-14,2025-04-14,At-risk,5.2,Sanitized aggregate from ASF laboratory-results Google Sheet; farmer names and farm identifiers excluded.,2,0,2,0,0,0,0,0,0,0,0,0,0,0,0
Isabela,Echague,Soyung,1,1,1,0,100.00,1,1,2020-09-21,2020-09-21,Affected,38.5,Sanitized aggregate from ASF laboratory-results Google Sheet; farmer names and farm identifiers excluded.,1,1,0,0,0,0,0,0,0,0,0,0,0,0,0
Isabela,Echague,Sta. Cruz,1,1,1,0,100.00,1,1,2020-09-28,2020-09-28,Affected,38.5,Sanitized aggregate from ASF laboratory-results Google Sheet; farmer names and farm identifiers excluded.,1,1,0,0,0,0,0,0,0,0,0,0,0,0,0
Isabela,Echague,Sta. Monica,2,6,6,0,100.00,1,1,2020-09-21,2020-09-21,Affected,46.0,Sanitized aggregate from ASF laboratory-results Google Sheet; farmer names and farm identifiers excluded.,6,6,0,0,0,0,0,0,0,0,0,0,0,0,0
Isabela,Echague,Taggapan,1,2,2,0,100.00,1,1,2020-09-21,2020-09-21,Affected,40.0,Sanitized aggregate from ASF laboratory-results Google Sheet; farmer names and farm identifiers excluded.,2,2,0,0,0,0,0,0,0,0,0,0,0,0,0
Isabela,Echague,Tuguegarao,15,16,2,14,12.50,1,1,2022-12-09,2025-04-14,Affected,10.8,Sanitized aggregate from ASF laboratory-results Google Sheet; farmer names and farm identifiers excluded.,12,2,10,0,0,0,4,0,4,0,0,0,0,0,0
Isabela,Echague,Villa Fermin,1,1,1,0,100.00,1,1,2020-09-28,2020-09-28,Affected,38.5,Sanitized aggregate from ASF laboratory-results Google Sheet; farmer names and farm identifiers excluded.,1,1,0,0,0,0,0,0,0,0,0,0,0,0,0
Isabela,Gamu,Dammao,1,1,1,0,100.00,1,1,2020-09-14,2020-09-14,Affected,38.5,Sanitized aggregate from ASF laboratory-results Google Sheet; farmer names and farm identifiers excluded.,1,1,0,0,0,0,0,0,0,0,0,0,0,0,0
Isabela,Gamu,Distric 02,1,2,2,0,100.00,1,1,2020-09-14,2020-09-14,Affected,40.0,Sanitized aggregate from ASF laboratory-results Google Sheet; farmer names and farm identifiers excluded.,2,2,0,0,0,0,0,0,0,0,0,0,0,0,0
Isabela,Gamu,District 02,1,2,2,0,100.00,1,1,2020-09-14,2020-09-14,Affected,40.0,Sanitized aggregate from ASF laboratory-results Google Sheet; farmer names and farm identifiers excluded.,2,2,0,0,0,0,0,0,0,0,0,0,0,0,0
Isabela,Gamu,District 3,22,39,0,39,0.00,2,0,2021-10-04,2024-09-17,At-risk,8.9,Sanitized aggregate from ASF laboratory-results Google Sheet; farmer names and farm identifiers excluded.,7,0,7,2,0,2,30,0,30,0,0,0,0,0,0
Isabela,Gamu,Furao,23,40,0,40,0.00,1,0,2022-02-15,2023-02-16,At-risk,9.0,Sanitized aggregate from ASF laboratory-results Google Sheet; farmer names and farm identifiers excluded.,6,0,6,0,0,0,34,0,34,0,0,0,0,0,0
Isabela,Gamu,Guibang,7,14,9,5,64.29,1,1,2020-09-21,2024-09-16,Affected,38.5,Sanitized aggregate from ASF laboratory-results Google Sheet; farmer names and farm identifiers excluded.,9,9,0,0,0,0,5,0,5,0,0,0,0,0,0
Isabela,Gamu,Mabini,38,114,8,106,7.02,1,1,2020-02-14,2023-09-27,Affected,25.7,Sanitized aggregate from ASF laboratory-results Google Sheet; farmer names and farm identifiers excluded.,52,8,44,0,0,0,62,0,62,0,0,0,0,0,0
Isabela,Gamu,N/A,3,5,1,4,20.00,1,1,2022-03-24,2025-06-18,Affected,10.9,Sanitized aggregate from ASF laboratory-results Google Sheet; farmer names and farm identifiers excluded.,4,0,4,1,1,0,0,0,0,0,0,0,0,0,0
Isabela,Gamu,Santa Rosa,1,31,0,31,0.00,1,0,2020-03-17,2020-03-17,At-risk,8.1,Sanitized aggregate from ASF laboratory-results Google Sheet; farmer names and farm identifiers excluded.,31,0,31,0,0,0,0,0,0,0,0,0,0,0,0
Isabela,Gamu,Union,13,34,7,27,20.59,1,1,2020-02-14,2023-09-27,Affected,22.4,Sanitized aggregate from ASF laboratory-results Google Sheet; farmer names and farm identifiers excluded.,12,7,5,0,0,0,22,0,22,0,0,0,0,0,0
Isabela,Gamu,Upi,24,69,16,53,23.19,1,1,2020-03-03,2023-09-18,Affected,39.4,Sanitized aggregate from ASF laboratory-results Google Sheet; farmer names and farm identifiers excluded.,36,14,22,2,2,0,31,0,31,0,0,0,0,0,0
Isabela,Jones,Abulan,10,29,7,22,24.14,1,1,2020-09-23,2023-03-09,Affected,23.1,Sanitized aggregate from ASF laboratory-results Google Sheet; farmer names and farm identifiers excluded.,22,7,15,0,0,0,7,0,7,0,0,0,0,0,0
Isabela,Jones,Addalan,1,1,1,0,100.00,1,1,2020-09-23,2020-09-23,Affected,38.5,Sanitized aggregate from ASF laboratory-results Google Sheet; farmer names and farm identifiers excluded.,1,1,0,0,0,0,0,0,0,0,0,0,0,0,0
Isabela,Jones,Akusub,6,6,0,6,0.00,1,0,2023-03-09,2023-03-09,At-risk,5.6,Sanitized aggregate from ASF laboratory-results Google Sheet; farmer names and farm identifiers excluded.,0,0,0,0,0,0,6,0,6,0,0,0,0,0,0
Isabela,Jones,Bantay,1,1,1,0,100.00,1,1,2020-10-05,2020-10-05,Affected,38.5,Sanitized aggregate from ASF laboratory-results Google Sheet; farmer names and farm identifiers excluded.,1,1,0,0,0,0,0,0,0,0,0,0,0,0,0
Isabela,Jones,Barangay 1,1,1,0,1,0.00,1,0,2023-03-09,2023-03-09,At-risk,5.1,Sanitized aggregate from ASF laboratory-results Google Sheet; farmer names and farm identifiers excluded.,0,0,0,0,0,0,1,0,1,0,0,0,0,0,0
Isabela,Jones,Barangay 2,3,4,3,1,75.00,1,1,2020-09-15,2023-03-09,Affected,32.9,Sanitized aggregate from ASF laboratory-results Google Sheet; farmer names and farm identifiers excluded.,3,3,0,0,0,0,1,0,1,0,0,0,0,0,0
Isabela,Jones,Barangcuag,1,1,1,0,100.00,1,1,2020-09-23,2020-09-23,Affected,38.5,Sanitized aggregate from ASF laboratory-results Google Sheet; farmer names and farm identifiers excluded.,1,1,0,0,0,0,0,0,0,0,0,0,0,0,0
Isabela,Jones,Dalibubon,15,16,4,12,25.00,1,1,2020-09-23,2023-03-09,Affected,18.0,Sanitized aggregate from ASF laboratory-results Google Sheet; farmer names and farm identifiers excluded.,4,4,0,0,0,0,12,0,12,0,0,0,0,0,0
Isabela,Jones,Diaro,4,5,4,1,80.00,1,1,2020-09-15,2020-09-15,Affected,36.1,Sanitized aggregate from ASF laboratory-results Google Sheet; farmer names and farm identifiers excluded.,5,4,1,0,0,0,0,0,0,0,0,0,0,0,0
Isabela,Jones,Dibulan,1,1,0,1,0.00,1,0,2023-03-09,2023-03-09,At-risk,5.1,Sanitized aggregate from ASF laboratory-results Google Sheet; farmer names and farm identifiers excluded.,0,0,0,0,0,0,1,0,1,0,0,0,0,0,0
Isabela,Jones,Dibuluan,1,2,2,0,100.00,1,1,2020-09-28,2020-09-28,Affected,40.0,Sanitized aggregate from ASF laboratory-results Google Sheet; farmer names and farm identifiers excluded.,2,2,0,0,0,0,0,0,0,0,0,0,0,0,0
Isabela,Jones,Dipangit,1,1,1,0,100.00,1,1,2020-09-15,2020-09-15,Affected,38.5,Sanitized aggregate from ASF laboratory-results Google Sheet; farmer names and farm identifiers excluded.,1,1,0,0,0,0,0,0,0,0,0,0,0,0,0
Isabela,Jones,Dumawing,2,2,2,0,100.00,1,1,2020-10-15,2020-10-15,Affected,40.0,Sanitized aggregate from ASF laboratory-results Google Sheet; farmer names and farm identifiers excluded.,2,2,0,0,0,0,0,0,0,0,0,0,0,0,0
Isabela,Jones,Lacdo,2,4,4,0,100.00,1,1,2020-09-15,2020-09-15,Affected,43.0,Sanitized aggregate from ASF laboratory-results Google Sheet; farmer names and farm identifiers excluded.,4,4,0,0,0,0,0,0,0,0,0,0,0,0,0
Isabela,Jones,Limonot,1,3,3,0,100.00,1,1,2020-09-23,2020-09-23,Affected,41.5,Sanitized aggregate from ASF laboratory-results Google Sheet; farmer names and farm identifiers excluded.,3,3,0,0,0,0,0,0,0,0,0,0,0,0,0
Isabela,Jones,Linomot,13,13,0,13,0.00,1,0,2023-03-09,2023-03-09,At-risk,6.3,Sanitized aggregate from ASF laboratory-results Google Sheet; farmer names and farm identifiers excluded.,0,0,0,0,0,0,13,0,13,0,0,0,0,0,0
Isabela,Jones,Malannit,1,1,1,0,100.00,1,1,2020-09-15,2020-09-15,Affected,38.5,Sanitized aggregate from ASF laboratory-results Google Sheet; farmer names and farm identifiers excluded.,1,1,0,0,0,0,0,0,0,0,0,0,0,0,0
Isabela,Jones,Minuri,13,14,3,11,21.43,1,1,2020-10-05,2023-03-09,Affected,15.1,Sanitized aggregate from ASF laboratory-results Google Sheet; farmer names and farm identifiers excluded.,3,3,0,0,0,0,11,0,11,0,0,0,0,0,0
Isabela,Jones,Napaliong,8,8,3,5,37.50,1,1,2020-09-28,2023-03-09,Affected,20.1,Sanitized aggregate from ASF laboratory-results Google Sheet; farmer names and farm identifiers excluded.,3,3,0,0,0,0,5,0,5,0,0,0,0,0,0
Isabela,Jones,Papan Este,6,7,3,4,42.86,1,1,2020-10-05,2023-03-09,Affected,21.9,Sanitized aggregate from ASF laboratory-results Google Sheet; farmer names and farm identifiers excluded.,3,3,0,0,0,0,4,0,4,0,0,0,0,0,0
Isabela,Jones,Payac,29,53,24,29,45.28,1,1,2020-02-11,2023-03-09,Affected,56.7,Sanitized aggregate from ASF laboratory-results Google Sheet; farmer names and farm identifiers excluded.,51,24,27,0,0,0,2,0,2,0,0,0,0,0,0
Isabela,Jones,Pungpongan,2,4,4,0,100.00,1,1,2020-09-15,2020-09-15,Affected,43.0,Sanitized aggregate from ASF laboratory-results Google Sheet; farmer names and farm identifiers excluded.,4,4,0,0,0,0,0,0,0,0,0,0,0,0,0
Isabela,Jones,San Roque,2,3,3,0,100.00,1,1,2020-10-15,2020-10-15,Affected,41.5,Sanitized aggregate from ASF laboratory-results Google Sheet; farmer names and farm identifiers excluded.,3,3,0,0,0,0,0,0,0,0,0,0,0,0,0
Isabela,Jones,Tupax,14,15,2,13,13.33,1,1,2020-10-05,2023-03-09,Affected,11.0,Sanitized aggregate from ASF laboratory-results Google Sheet; farmer names and farm identifiers excluded.,2,2,0,0,0,0,13,0,13,0,0,0,0,0,0
Isabela,Jones,Usol,2,5,5,0,100.00,1,1,2020-09-23,2020-10-15,Affected,44.5,Sanitized aggregate from ASF laboratory-results Google Sheet; farmer names and farm identifiers excluded.,5,5,0,0,0,0,0,0,0,0,0,0,0,0,0
Isabela,Jones,Villa Bello,2,3,3,0,100.00,1,1,2020-10-05,2020-10-05,Affected,41.5,Sanitized aggregate from ASF laboratory-results Google Sheet; farmer names and farm identifiers excluded.,3,3,0,0,0,0,0,0,0,0,0,0,0,0,0
Isabela,Luna,Centro 01,1,1,1,0,100.00,1,1,2020-08-27,2020-08-27,Affected,38.5,Sanitized aggregate from ASF laboratory-results Google Sheet; farmer names and farm identifiers excluded.,1,1,0,0,0,0,0,0,0,0,0,0,0,0,0
Isabela,Luna,Centro 02,2,3,1,2,33.33,1,1,2020-03-03,2020-08-24,Affected,15.4,Sanitized aggregate from ASF laboratory-results Google Sheet; farmer names and farm identifiers excluded.,3,1,2,0,0,0,0,0,0,0,0,0,0,0,0
Isabela,Luna,Centro 03,1,3,3,0,100.00,1,1,2020-08-24,2020-08-24,Affected,41.5,Sanitized aggregate from ASF laboratory-results Google Sheet; farmer names and farm identifiers excluded.,3,3,0,0,0,0,0,0,0,0,0,0,0,0,0
Isabela,Luna,Centro 1,6,6,0,6,0.00,1,0,2022-04-27,2023-03-27,At-risk,5.6,Sanitized aggregate from ASF laboratory-results Google Sheet; farmer names and farm identifiers excluded.,3,0,3,0,0,0,3,0,3,0,0,0,0,0,0
Isabela,Luna,Centro 2,7,7,0,7,0.00,1,0,2022-04-27,2023-03-27,At-risk,5.7,Sanitized aggregate from ASF laboratory-results Google Sheet; farmer names and farm identifiers excluded.,1,0,1,0,0,0,6,0,6,0,0,0,0,0,0
Isabela,Luna,Centro I,1,1,1,0,100.00,1,1,2023-09-27,2023-09-27,Affected,38.5,Sanitized aggregate from ASF laboratory-results Google Sheet; farmer names and farm identifiers excluded.,1,1,0,0,0,0,0,0,0,0,0,0,0,0,0
Isabela,Luna,Concepcion,2,3,2,1,66.67,1,1,2020-09-04,2023-03-27,Affected,28.4,Sanitized aggregate from ASF laboratory-results Google Sheet; farmer names and farm identifiers excluded.,2,2,0,0,0,0,1,0,1,0,0,0,0,0,0
Isabela,Luna,Dadap,11,225,2,224,0.89,1,1,2020-09-04,2023-03-27,Affected,15.1,Sanitized aggregate from ASF laboratory-results Google Sheet; farmer names and farm identifiers excluded.,198,2,196,2,0,2,25,0,26,0,0,0,0,0,0
Isabela,Luna,Harana,2,12,12,0,100.00,1,1,2020-08-03,2023-09-15,Affected,55.0,Sanitized aggregate from ASF laboratory-results Google Sheet; farmer names and farm identifiers excluded.,12,12,0,0,0,0,0,0,0,0,0,0,0,0,0
Isabela,Luna,Lalog,6,7,0,7,0.00,2,0,2021-05-10,2023-03-27,At-risk,5.7,Sanitized aggregate from ASF laboratory-results Google Sheet; farmer names and farm identifiers excluded.,0,0,0,0,0,0,7,0,7,0,0,0,0,0,0
Isabela,Luna,Lalog I,1,5,5,0,100.00,1,1,2020-08-13,2020-08-13,Affected,44.5,Sanitized aggregate from ASF laboratory-results Google Sheet; farmer names and farm identifiers excluded.,5,5,0,0,0,0,0,0,0,0,0,0,0,0,0
Isabela,Luna,Luyao,5,6,3,3,50.00,1,1,2020-09-04,2023-03-27,Affected,24.3,Sanitized aggregate from ASF laboratory-results Google Sheet; farmer names and farm identifiers excluded.,5,3,2,0,0,0,1,0,1,0,0,0,0,0,0
Isabela,Luna,Macaniao,2,5,5,0,100.00,1,1,2020-08-27,2020-08-27,Affected,44.5,Sanitized aggregate from ASF laboratory-results Google Sheet; farmer names and farm identifiers excluded.,5,5,0,0,0,0,0,0,0,0,0,0,0,0,0
Isabela,Luna,Macañao,1,1,0,1,0.00,1,0,2023-03-27,2023-03-27,At-risk,5.1,Sanitized aggregate from ASF laboratory-results Google Sheet; farmer names and farm identifiers excluded.,0,0,0,0,0,0,1,0,1,0,0,0,0,0,0
Isabela,Luna,Macugay,1,3,3,0,100.00,1,1,2020-08-24,2020-08-24,Affected,41.5,Sanitized aggregate from ASF laboratory-results Google Sheet; farmer names and farm identifiers excluded.,3,3,0,0,0,0,0,0,0,0,0,0,0,0,0
Isabela,Luna,Masugay,1,5,0,5,0.00,1,0,2020-03-12,2020-03-12,At-risk,5.5,Sanitized aggregate from ASF laboratory-results Google Sheet; farmer names and farm identifiers excluded.,5,0,5,0,0,0,0,0,0,0,0,0,0,0,0
Isabela,Luna,Pulay,15,18,3,15,16.67,2,1,2020-08-24,2023-03-27,Affected,13.8,Sanitized aggregate from ASF laboratory-results Google Sheet; farmer names and farm identifiers excluded.,4,3,1,0,0,0,14,0,14,0,0,0,0,0,0
Isabela,Luna,Puroc,15,17,2,15,11.76,2,1,2020-08-27,2023-03-27,Affected,10.6,Sanitized aggregate from ASF laboratory-results Google Sheet; farmer names and farm identifiers excluded.,7,2,5,0,0,0,10,0,10,0,0,0,0,0,0
Isabela,Luna,San Isidro,9,10,4,6,40.00,1,1,2020-08-18,2023-03-27,Affected,22.6,Sanitized aggregate from ASF laboratory-results Google Sheet; farmer names and farm identifiers excluded.,9,4,5,0,0,0,1,0,1,0,0,0,0,0,0
Isabela,Luna,San Miguel,5,6,2,4,33.33,1,1,2020-08-27,2023-03-27,Affected,17.1,Sanitized aggregate from ASF laboratory-results Google Sheet; farmer names and farm identifiers excluded.,2,2,0,0,0,0,4,0,4,0,0,0,0,0,0
Isabela,Luna,Sto. Domingo,14,15,2,13,13.33,1,1,2020-08-27,2023-03-27,Affected,11.0,Sanitized aggregate from ASF laboratory-results Google Sheet; farmer names and farm identifiers excluded.,9,2,7,0,0,0,6,0,6,0,0,0,0,0,0
Isabela,MALLIG,N/A,1,1,0,1,0.00,1,0,2021-09-30,2021-09-30,At-risk,5.1,Sanitized aggregate from ASF laboratory-results Google Sheet; farmer names and farm identifiers excluded.,0,0,0,1,0,1,0,0,0,0,0,0,0,0,0
Isabela,Mallig,Centro I,1,1,1,0,100.00,1,1,2020-08-26,2020-08-26,Affected,38.5,Sanitized aggregate from ASF laboratory-results Google Sheet; farmer names and farm identifiers excluded.,1,1,0,0,0,0,0,0,0,0,0,0,0,0,0
Isabela,Mallig,San Jose Norte,2,6,6,0,100.00,1,1,2020-08-18,2020-08-18,Affected,46.0,Sanitized aggregate from ASF laboratory-results Google Sheet; farmer names and farm identifiers excluded.,6,6,0,0,0,0,0,0,0,0,0,0,0,0,0
Isabela,Mallig,San Ramon,6,13,7,6,53.85,1,1,2020-08-18,2023-09-26,Affected,31.9,Sanitized aggregate from ASF laboratory-results Google Sheet; farmer names and farm identifiers excluded.,8,7,1,0,0,0,5,0,5,0,0,0,0,0,0
Isabela,Mallig,Sitio Villa Corazon,1,2,2,0,100.00,1,1,2020-09-04,2020-09-04,Affected,40.0,Sanitized aggregate from ASF laboratory-results Google Sheet; farmer names and farm identifiers excluded.,2,2,0,0,0,0,0,0,0,0,0,0,0,0,0
Isabela,Naguilian,Burgos,1,2,2,0,100.00,1,1,2020-09-21,2020-09-21,Affected,40.0,Sanitized aggregate from ASF laboratory-results Google Sheet; farmer names and farm identifiers excluded.,2,2,0,0,0,0,0,0,0,0,0,0,0,0,0
Isabela,Naguilian,Quimalabasa,1,3,3,0,100.00,1,1,2020-10-06,2020-10-06,Affected,41.5,Sanitized aggregate from ASF laboratory-results Google Sheet; farmer names and farm identifiers excluded.,3,3,0,0,0,0,0,0,0,0,0,0,0,0,0
Isabela,Naguilian,Rizal,1,3,0,3,0.00,1,0,2020-10-28,2020-10-28,At-risk,5.3,Sanitized aggregate from ASF laboratory-results Google Sheet; farmer names and farm identifiers excluded.,3,0,3,0,0,0,0,0,0,0,0,0,0,0,0
Isabela,Naguilian,Roxas,1,3,0,3,0.00,1,0,2020-09-21,2020-09-21,At-risk,5.3,Sanitized aggregate from ASF laboratory-results Google Sheet; farmer names and farm identifiers excluded.,3,0,3,0,0,0,0,0,0,0,0,0,0,0,0
Isabela,Naguilian,Sto. Tomas,2,3,3,0,100.00,1,1,2020-11-06,2020-11-06,Affected,41.5,Sanitized aggregate from ASF laboratory-results Google Sheet; farmer names and farm identifiers excluded.,3,3,0,0,0,0,0,0,0,0,0,0,0,0,0
Isabela,Palanan,Dicabisagan East,1,1,1,0,100.00,1,1,2023-04-17,2023-04-17,Affected,38.5,Sanitized aggregate from ASF laboratory-results Google Sheet; farmer names and farm identifiers excluded.,0,0,0,1,1,0,0,0,0,0,0,0,0,0,0
Isabela,QUEZON,SAN MANUEL,2,5,5,0,100.00,1,1,2021-08-04,2021-08-04,Affected,44.5,Sanitized aggregate from ASF laboratory-results Google Sheet; farmer names and farm identifiers excluded.,0,0,0,0,0,0,5,5,0,0,0,0,0,0,0
Isabela,Quezon,Abut,4,11,8,3,72.73,2,2,2020-08-07,2023-02-16,Affected,41.8,Sanitized aggregate from ASF laboratory-results Google Sheet; farmer names and farm identifiers excluded.,8,8,0,0,0,0,3,0,3,0,0,0,0,0,0
Isabela,Quezon,Alunan,18,65,18,47,27.69,1,1,2020-02-10,2023-02-16,Affected,43.4,Sanitized aggregate from ASF laboratory-results Google Sheet; farmer names and farm identifiers excluded.,18,18,0,0,0,0,47,0,47,0,0,0,0,0,0
Isabela,Quezon,Arellano,25,80,4,76,5.00,1,1,2020-08-26,2023-07-03,Affected,17.4,Sanitized aggregate from ASF laboratory-results Google Sheet; farmer names and farm identifiers excluded.,7,4,3,0,0,0,73,0,73,0,0,0,0,0,0
Isabela,Quezon,Aurora,7,16,10,6,62.50,1,1,2020-08-05,2023-02-16,Affected,39.5,Sanitized aggregate from ASF laboratory-results Google Sheet; farmer names and farm identifiers excluded.,10,10,0,0,0,0,6,0,6,0,0,0,0,0,0
Isabela,Quezon,Barucboc,8,10,3,7,30.00,1,1,2020-07-28,2023-02-16,Affected,17.7,Sanitized aggregate from ASF laboratory-results Google Sheet; farmer names and farm identifiers excluded.,3,3,0,0,0,0,7,0,7,0,0,0,0,0,0
Isabela,Quezon,Callanguigan,3,3,2,1,66.67,1,1,2020-08-26,2020-08-26,Affected,28.4,Sanitized aggregate from ASF laboratory-results Google Sheet; farmer names and farm identifiers excluded.,3,2,1,0,0,0,0,0,0,0,0,0,0,0,0
Isabela,Quezon,Estrada,12,12,0,12,0.00,1,0,2023-02-16,2023-03-15,At-risk,6.2,Sanitized aggregate from ASF laboratory-results Google Sheet; farmer names and farm identifiers excluded.,1,0,1,0,0,0,11,0,11,0,0,0,0,0,0
Isabela,Quezon,Lepanto,17,19,4,15,21.05,1,1,2020-08-07,2023-03-15,Affected,16.9,Sanitized aggregate from ASF laboratory-results Google Sheet; farmer names and farm identifiers excluded.,4,4,0,0,0,0,15,0,15,0,0,0,0,0,0
Isabela,Quezon,Mangga,1,1,0,1,0.00,1,0,2020-08-26,2020-08-26,At-risk,5.1,Sanitized aggregate from ASF laboratory-results Google Sheet; farmer names and farm identifiers excluded.,1,0,1,0,0,0,0,0,0,0,0,0,0,0,0
Isabela,Quezon,Minagbag,20,23,4,19,17.39,2,1,2020-08-18,2023-02-16,Affected,16.0,Sanitized aggregate from ASF laboratory-results Google Sheet; farmer names and farm identifiers excluded.,4,4,0,0,0,0,19,0,19,0,0,0,0,0,0
Isabela,Quezon,Olango,1,1,1,0,100.00,1,1,2020-08-26,2020-08-26,Affected,38.5,Sanitized aggregate from ASF laboratory-results Google Sheet; farmer names and farm identifiers excluded.,1,1,0,0,0,0,0,0,0,0,0,0,0,0,0
Isabela,Quezon,Samonte,19,59,10,49,16.95,1,1,2020-08-03,2023-02-16,Affected,27.8,Sanitized aggregate from ASF laboratory-results Google Sheet; farmer names and farm identifiers excluded.,10,10,0,0,0,0,49,0,49,0,0,0,0,0,0
Isabela,Quezon,San Juan,8,8,0,8,0.00,1,0,2023-02-16,2023-02-16,At-risk,5.8,Sanitized aggregate from ASF laboratory-results Google Sheet; farmer names and farm identifiers excluded.,0,0,0,0,0,0,8,0,8,0,0,0,0,0,0
Isabela,Quezon,Turod,5,22,22,0,100.00,1,1,2020-02-10,2020-08-18,Affected,70.0,Sanitized aggregate from ASF laboratory-results Google Sheet; farmer names and farm identifiers excluded.,22,22,0,0,0,0,0,0,0,0,0,0,0,0,0
Isabela,Quirino,Binarzang,6,6,0,6,0.00,1,0,2023-03-27,2023-03-27,At-risk,5.6,Sanitized aggregate from ASF laboratory-results Google Sheet; farmer names and farm identifiers excluded.,0,0,0,0,0,0,6,0,6,0,0,0,0,0,0
Isabela,Quirino,Cabaruan,4,4,0,4,0.00,1,0,2023-03-27,2023-03-27,At-risk,5.4,Sanitized aggregate from ASF laboratory-results Google Sheet; farmer names and farm identifiers excluded.,0,0,0,0,0,0,4,0,4,0,0,0,0,0,0
Isabela,Quirino,Camaal,8,8,0,8,0.00,1,0,2023-03-27,2023-03-27,At-risk,5.8,Sanitized aggregate from ASF laboratory-results Google Sheet; farmer names and farm identifiers excluded.,0,0,0,0,0,0,8,0,8,0,0,0,0,0,0
Isabela,Quirino,Dobrer,2,2,0,2,0.00,1,0,2023-03-27,2023-03-27,At-risk,5.2,Sanitized aggregate from ASF laboratory-results Google Sheet; farmer names and farm identifiers excluded.,0,0,0,0,0,0,2,0,2,0,0,0,0,0,0
Isabela,Quirino,Dolores,2,2,2,0,100.00,1,1,2020-09-07,2020-09-07,Affected,40.0,Sanitized aggregate from ASF laboratory-results Google Sheet; farmer names and farm identifiers excluded.,2,2,0,0,0,0,0,0,0,0,0,0,0,0,0
Isabela,Quirino,Luna,13,16,3,13,18.75,1,1,2020-03-18,2023-09-19,Affected,14.4,Sanitized aggregate from ASF laboratory-results Google Sheet; farmer names and farm identifiers excluded.,9,3,6,0,0,0,7,0,7,0,0,0,0,0,0
Isabela,Quirino,Manaoag,5,6,2,4,33.33,1,1,2020-09-07,2023-03-27,Affected,17.1,Sanitized aggregate from ASF laboratory-results Google Sheet; farmer names and farm identifiers excluded.,2,2,0,0,0,0,4,0,4,0,0,0,0,0,0
Isabela,Quirino,Rizal,7,11,6,5,54.55,1,1,2020-08-24,2023-03-27,Affected,30.6,Sanitized aggregate from ASF laboratory-results Google Sheet; farmer names and farm identifiers excluded.,6,6,0,0,0,0,5,0,5,0,0,0,0,0,0
Isabela,Quirino,San Juan,29,32,5,27,15.62,1,1,2020-09-07,2023-03-27,Affected,17.7,Sanitized aggregate from ASF laboratory-results Google Sheet; farmer names and farm identifiers excluded.,10,5,5,0,0,0,22,0,22,0,0,0,0,0,0
Isabela,Quirino,San Mateo,29,30,3,27,10.00,1,1,2020-09-16,2023-03-27,Affected,12.7,Sanitized aggregate from ASF laboratory-results Google Sheet; farmer names and farm identifiers excluded.,16,3,13,0,0,0,14,0,14,0,0,0,0,0,0
Isabela,Quirino,San Vicente,3,3,1,2,33.33,1,1,2020-09-16,2023-03-27,Affected,15.4,Sanitized aggregate from ASF laboratory-results Google Sheet; farmer names and farm identifiers excluded.,1,1,0,0,0,0,2,0,2,0,0,0,0,0,0
Isabela,Quirino,Santa Lucia,1,1,1,0,100.00,1,1,2023-09-19,2023-09-19,Affected,38.5,Sanitized aggregate from ASF laboratory-results Google Sheet; farmer names and farm identifiers excluded.,1,1,0,0,0,0,0,0,0,0,0,0,0,0,0
Isabela,Quirino,Santiago,12,14,3,11,21.43,1,1,2020-09-07,2023-03-27,Affected,15.1,Sanitized aggregate from ASF laboratory-results Google Sheet; farmer names and farm identifiers excluded.,5,3,2,0,0,0,9,0,9,0,0,0,0,0,0
Isabela,Quirino,Sinait,7,8,0,8,0.00,1,0,2020-09-16,2023-03-27,At-risk,5.8,Sanitized aggregate from ASF laboratory-results Google Sheet; farmer names and farm identifiers excluded.,2,0,2,0,0,0,6,0,6,0,0,0,0,0,0
Isabela,Quirino,Sta. Lucia,15,16,2,14,12.50,1,1,2020-09-07,2023-03-27,Affected,10.8,Sanitized aggregate from ASF laboratory-results Google Sheet; farmer names and farm identifiers excluded.,6,2,4,0,0,0,10,0,10,0,0,0,0,0,0
Isabela,Quirino,Sto. Domingo,15,20,8,12,40.00,1,1,2020-02-21,2023-03-27,Affected,29.2,Sanitized aggregate from ASF laboratory-results Google Sheet; farmer names and farm identifiers excluded.,11,8,3,0,0,0,9,0,9,0,0,0,0,0,0
Isabela,Quirino,Suerte,6,7,3,4,42.86,1,1,2020-09-16,2023-03-27,Affected,21.9,Sanitized aggregate from ASF laboratory-results Google Sheet; farmer names and farm identifiers excluded.,5,3,2,0,0,0,2,0,2,0,0,0,0,0,0
Isabela,Quirino,Villa Bulusan,3,3,0,3,0.00,1,0,2023-03-27,2023-03-27,At-risk,5.3,Sanitized aggregate from ASF laboratory-results Google Sheet; farmer names and farm identifiers excluded.,0,0,0,0,0,0,3,0,3,0,0,0,0,0,0
Isabela,Quirino,Vintar,4,4,1,3,25.00,1,1,2020-09-16,2023-03-27,Affected,12.6,Sanitized aggregate from ASF laboratory-results Google Sheet; farmer names and farm identifiers excluded.,1,1,0,0,0,0,3,0,3,0,0,0,0,0,0
Isabela,Ramon,Bantug,1,1,1,0,100.00,1,1,2020-08-26,2020-08-26,Affected,38.5,Sanitized aggregate from ASF laboratory-results Google Sheet; farmer names and farm identifiers excluded.,1,1,0,0,0,0,0,0,0,0,0,0,0,0,0
Isabela,Ramon,Bugallion Proper,1,1,1,0,100.00,1,1,2020-09-28,2020-09-28,Affected,38.5,Sanitized aggregate from ASF laboratory-results Google Sheet; farmer names and farm identifiers excluded.,1,1,0,0,0,0,0,0,0,0,0,0,0,0,0
Isabela,Ramon,Bugallon,1,3,3,0,100.00,1,1,2020-09-01,2020-09-01,Affected,41.5,Sanitized aggregate from ASF laboratory-results Google Sheet; farmer names and farm identifiers excluded.,3,3,0,0,0,0,0,0,0,0,0,0,0,0,0
Isabela,Ramon,Bugallon Norte,17,47,17,30,36.17,1,1,2020-08-03,2024-10-21,Affected,43.2,Sanitized aggregate from ASF laboratory-results Google Sheet; farmer names and farm identifiers excluded.,39,17,22,0,0,0,8,0,8,0,0,0,0,0,0
Isabela,Ramon,Bulan,1,1,1,0,100.00,1,1,2020-09-01,2020-09-01,Affected,38.5,Sanitized aggregate from ASF laboratory-results Google Sheet; farmer names and farm identifiers excluded.,1,1,0,0,0,0,0,0,0,0,0,0,0,0,0
Isabela,Ramon,N/A,10,26,0,26,0.00,1,0,2025-12-17,2025-12-17,At-risk,7.6,Sanitized aggregate from ASF laboratory-results Google Sheet; farmer names and farm identifiers excluded.,26,0,26,0,0,0,0,0,0,0,0,0,0,0,0
Isabela,Ramon,Oscaris,1,1,0,1,0.00,1,0,2020-08-26,2020-08-26,At-risk,5.1,Sanitized aggregate from ASF laboratory-results Google Sheet; farmer names and farm identifiers excluded.,1,0,1,0,0,0,0,0,0,0,0,0,0,0,0
Isabela,Ramon,Raniag,35,49,9,40,18.37,2,1,2020-03-17,2023-09-26,Affected,25.9,Sanitized aggregate from ASF laboratory-results Google Sheet; farmer names and farm identifiers excluded.,31,9,22,0,0,0,18,0,18,0,0,0,0,0,0
Isabela,Ramon,Sitio San Miguel,2,2,2,0,100.00,1,1,2020-09-23,2020-09-23,Affected,40.0,Sanitized aggregate from ASF laboratory-results Google Sheet; farmer names and farm identifiers excluded.,2,2,0,0,0,0,0,0,0,0,0,0,0,0,0
Isabela,Ramon,Villa Marcos,10,20,6,14,30.00,1,1,2020-04-28,2020-08-03,Affected,22.9,Sanitized aggregate from ASF laboratory-results Google Sheet; farmer names and farm identifiers excluded.,20,6,14,0,0,0,0,0,0,0,0,0,0,0,0
Isabela,Reina Mercedes,N/A,1,1,0,1,0.00,1,0,2025-08-12,2025-08-12,At-risk,5.1,Sanitized aggregate from ASF laboratory-results Google Sheet; farmer names and farm identifiers excluded.,1,0,1,0,0,0,0,0,0,0,0,0,0,0,0
Isabela,Reina Mercedes,Tunod,1,1,1,0,100.00,1,1,2020-09-01,2020-09-01,Affected,38.5,Sanitized aggregate from ASF laboratory-results Google Sheet; farmer names and farm identifiers excluded.,1,1,0,0,0,0,0,0,0,0,0,0,0,0,0
Isabela,Roxas,Anao,2,6,6,0,100.00,1,1,2020-03-11,2020-08-24,Affected,46.0,Sanitized aggregate from ASF laboratory-results Google Sheet; farmer names and farm identifiers excluded.,6,6,0,0,0,0,0,0,0,0,0,0,0,0,0
Isabela,Roxas,Bantog,2,5,0,5,0.00,1,0,2023-02-16,2023-02-16,At-risk,5.5,Sanitized aggregate from ASF laboratory-results Google Sheet; farmer names and farm identifiers excluded.,5,0,5,0,0,0,0,0,0,0,0,0,0,0,0
Isabela,Roxas,Imbiao,2,3,3,0,100.00,1,1,2020-09-07,2023-09-14,Affected,41.5,Sanitized aggregate from ASF laboratory-results Google Sheet; farmer names and farm identifiers excluded.,3,3,0,0,0,0,0,0,0,0,0,0,0,0,0
Isabela,Roxas,Lucban,11,17,14,3,82.35,1,1,2020-07-28,2023-09-14,Affected,52.1,Sanitized aggregate from ASF laboratory-results Google Sheet; farmer names and farm identifiers excluded.,16,14,2,0,0,0,1,0,1,0,0,0,0,0,0
Isabela,Roxas,Matusalem,1,4,4,0,100.00,1,1,2020-08-07,2020-08-07,Affected,43.0,Sanitized aggregate from ASF laboratory-results Google Sheet; farmer names and farm identifiers excluded.,4,4,0,0,0,0,0,0,0,0,0,0,0,0,0
Isabela,Roxas,Muñoz,1,1,1,0,100.00,1,1,2020-08-24,2020-08-24,Affected,38.5,Sanitized aggregate from ASF laboratory-results Google Sheet; farmer names and farm identifiers excluded.,1,1,0,0,0,0,0,0,0,0,0,0,0,0,0
Isabela,Roxas,Muñoz East,2,10,10,0,100.00,1,1,2020-03-03,2020-07-28,Affected,52.0,Sanitized aggregate from ASF laboratory-results Google Sheet; farmer names and farm identifiers excluded.,10,10,0,0,0,0,0,0,0,0,0,0,0,0,0
Isabela,Roxas,N/A,2,46,0,46,0.00,1,0,2020-11-06,2024-09-09,At-risk,9.6,Sanitized aggregate from ASF laboratory-results Google Sheet; farmer names and farm identifiers excluded.,0,0,0,0,0,0,46,0,46,0,0,0,0,0,0
Isabela,Roxas,Nuesa,5,8,4,4,50.00,1,1,2020-08-24,2023-02-16,Affected,25.9,Sanitized aggregate from ASF laboratory-results Google Sheet; farmer names and farm identifiers excluded.,8,4,4,0,0,0,0,0,0,0,0,0,0,0,0
Isabela,Roxas,Rang-ayan,2,2,1,1,50.00,1,1,2020-03-11,2020-08-07,Affected,21.1,Sanitized aggregate from ASF laboratory-results Google Sheet; farmer names and farm identifiers excluded.,2,1,1,0,0,0,0,0,0,0,0,0,0,0,0
Isabela,Roxas,Rizal,2,2,0,2,0.00,1,0,2022-12-09,2023-02-16,At-risk,5.2,Sanitized aggregate from ASF laboratory-results Google Sheet; farmer names and farm identifiers excluded.,1,0,1,0,0,0,1,0,1,0,0,0,0,0,0
Isabela,Roxas,San Pedro,4,63,28,35,44.44,1,1,2020-08-03,2025-09-26,Affected,58.9,Sanitized aggregate from ASF laboratory-results Google Sheet; farmer names and farm identifiers excluded.,31,5,26,0,0,0,32,23,9,0,0,0,0,0,0
Isabela,Roxas,San Placido,1,2,2,0,100.00,1,1,2020-03-03,2020-03-03,Affected,40.0,Sanitized aggregate from ASF laboratory-results Google Sheet; farmer names and farm identifiers excluded.,2,2,0,0,0,0,0,0,0,0,0,0,0,0,0
Isabela,Roxas,Vira,2,2,1,1,50.00,1,1,2020-03-03,2023-02-16,Affected,21.1,Sanitized aggregate from ASF laboratory-results Google Sheet; farmer names and farm identifiers excluded.,2,1,1,0,0,0,0,0,0,0,0,0,0,0,0
Isabela,SAN GUILLERMO,ESTRELLA,22,57,0,57,0.00,2,0,2021-06-09,2021-08-26,At-risk,10.7,Sanitized aggregate from ASF laboratory-results Google Sheet; farmer names and farm identifiers excluded.,6,0,6,0,0,0,45,0,45,6,0,6,0,0,0
Isabela,SAN GUILLERMO,MALLABO,1,3,0,3,0.00,1,0,2021-09-20,2021-09-20,At-risk,5.3,Sanitized aggregate from ASF laboratory-results Google Sheet; farmer names and farm identifiers excluded.,3,0,3,0,0,0,0,0,0,0,0,0,0,0,0
Isabela,SAN GUILLERMO,NACAR,2,2,0,2,0.00,1,0,2021-09-20,2021-09-20,At-risk,5.2,Sanitized aggregate from ASF laboratory-results Google Sheet; farmer names and farm identifiers excluded.,2,0,2,0,0,0,0,0,0,0,0,0,0,0,0
Isabela,SAN MATEO,SINAMAR,1,4,0,4,0.00,1,0,2021-08-18,2021-08-18,At-risk,5.4,Sanitized aggregate from ASF laboratory-results Google Sheet; farmer names and farm identifiers excluded.,0,0,0,0,0,0,4,0,4,0,0,0,0,0,0
Isabela,SAN MATEO,VILLALUZ,1,1,1,0,100.00,1,1,2021-08-18,2021-08-18,Affected,38.5,Sanitized aggregate from ASF laboratory-results Google Sheet; farmer names and farm identifiers excluded.,1,1,0,0,0,0,0,0,0,0,0,0,0,0,0
Isabela,STA MARIA,N/A,1,6,6,0,100.00,1,1,2021-08-04,2021-08-04,Affected,46.0,Sanitized aggregate from ASF laboratory-results Google Sheet; farmer names and farm identifiers excluded.,0,0,0,0,0,0,6,6,0,0,0,0,0,0,0
Isabela,San Agustin,Dabubu Grande,7,7,0,7,0.00,1,0,2022-06-28,2023-03-09,At-risk,5.7,Sanitized aggregate from ASF laboratory-results Google Sheet; farmer names and farm identifiers excluded.,0,0,0,0,0,0,7,0,7,0,0,0,0,0,0
Isabela,San Agustin,Dabubu Pequeño,5,5,0,5,0.00,1,0,2023-03-09,2023-03-09,At-risk,5.5,Sanitized aggregate from ASF laboratory-results Google Sheet; farmer names and farm identifiers excluded.,0,0,0,0,0,0,5,0,5,0,0,0,0,0,0
Isabela,San Agustin,Dappig,2,2,0,2,0.00,1,0,2023-03-09,2023-03-09,At-risk,5.2,Sanitized aggregate from ASF laboratory-results Google Sheet; farmer names and farm identifiers excluded.,0,0,0,0,0,0,2,0,2,0,0,0,0,0,0
Isabela,San Agustin,Laoag,8,8,0,8,0.00,1,0,2023-03-09,2023-03-09,At-risk,5.8,Sanitized aggregate from ASF laboratory-results Google Sheet; farmer names and farm identifiers excluded.,0,0,0,0,0,0,8,0,8,0,0,0,0,0,0
Isabela,San Agustin,Masaya Norte,4,4,1,3,25.00,1,1,2020-09-21,2023-03-09,Affected,12.6,Sanitized aggregate from ASF laboratory-results Google Sheet; farmer names and farm identifiers excluded.,1,1,0,0,0,0,3,0,3,0,0,0,0,0,0
Isabela,San Agustin,Masaya Sur,6,8,3,5,37.50,1,1,2020-09-21,2023-03-09,Affected,20.1,Sanitized aggregate from ASF laboratory-results Google Sheet; farmer names and farm identifiers excluded.,3,3,0,0,0,0,5,0,5,0,0,0,0,0,0
Isabela,San Agustin,Nammatan,2,2,0,2,0.00,1,0,2023-03-09,2023-03-09,At-risk,5.2,Sanitized aggregate from ASF laboratory-results Google Sheet; farmer names and farm identifiers excluded.,0,0,0,0,0,0,2,0,2,0,0,0,0,0,0
Isabela,San Agustin,Panang,4,4,0,4,0.00,1,0,2023-03-09,2023-03-09,At-risk,5.4,Sanitized aggregate from ASF laboratory-results Google Sheet; farmer names and farm identifiers excluded.,0,0,0,0,0,0,4,0,4,0,0,0,0,0,0
Isabela,San Agustin,Quimalabasa Norte,4,6,4,2,66.67,1,1,2020-09-11,2023-03-09,Affected,31.5,Sanitized aggregate from ASF laboratory-results Google Sheet; farmer names and farm identifiers excluded.,4,4,0,0,0,0,2,0,2,0,0,0,0,0,0
Isabela,San Agustin,Santos,1,1,0,1,0.00,1,0,2023-03-09,2023-03-09,At-risk,5.1,Sanitized aggregate from ASF laboratory-results Google Sheet; farmer names and farm identifiers excluded.,0,0,0,0,0,0,1,0,1,0,0,0,0,0,0
Isabela,San Agustin,Sinaongan,1,1,0,1,0.00,1,0,2023-03-09,2023-03-09,At-risk,5.1,Sanitized aggregate from ASF laboratory-results Google Sheet; farmer names and farm identifiers excluded.,0,0,0,0,0,0,1,0,1,0,0,0,0,0,0
Isabela,San Agustin,Sto. Niño,7,7,0,7,0.00,1,0,2022-06-28,2023-03-09,At-risk,5.7,Sanitized aggregate from ASF laboratory-results Google Sheet; farmer names and farm identifiers excluded.,0,0,0,0,0,0,7,0,7,0,0,0,0,0,0
Isabela,San Agustin,Virgoneza,1,1,0,1,0.00,1,0,2023-03-09,2023-03-09,At-risk,5.1,Sanitized aggregate from ASF laboratory-results Google Sheet; farmer names and farm identifiers excluded.,0,0,0,0,0,0,1,0,1,0,0,0,0,0,0
Isabela,San Guillermo,Anonang,2,2,1,1,50.00,1,1,2022-12-09,2024-08-14,Affected,21.1,Sanitized aggregate from ASF laboratory-results Google Sheet; farmer names and farm identifiers excluded.,1,1,0,0,0,0,1,0,1,0,0,0,0,0,0
Isabela,San Guillermo,Centro,1,6,3,3,50.00,1,1,2020-03-10,2020-03-10,Affected,24.3,Sanitized aggregate from ASF laboratory-results Google Sheet; farmer names and farm identifiers excluded.,6,3,3,0,0,0,0,0,0,0,0,0,0,0,0
Isabela,San Guillermo,Centro 02,2,2,2,0,100.00,1,1,2020-09-08,2020-09-08,Affected,40.0,Sanitized aggregate from ASF laboratory-results Google Sheet; farmer names and farm identifiers excluded.,2,2,0,0,0,0,0,0,0,0,0,0,0,0,0
Isabela,San Guillermo,Centro 1,31,44,2,42,4.55,2,1,2021-06-09,2024-08-14,Affected,10.8,Sanitized aggregate from ASF laboratory-results Google Sheet; farmer names and farm identifiers excluded.,7,2,5,0,0,0,32,0,32,5,0,5,0,0,0
Isabela,San Guillermo,N/A,1,3,3,0,100.00,1,1,2020-09-28,2020-09-28,Affected,41.5,Sanitized aggregate from ASF laboratory-results Google Sheet; farmer names and farm identifiers excluded.,3,3,0,0,0,0,0,0,0,0,0,0,0,0,0
Isabela,San Guillermo,Nipacamo,11,11,0,11,0.00,1,0,2023-02-16,2023-02-16,At-risk,6.1,Sanitized aggregate from ASF laboratory-results Google Sheet; farmer names and farm identifiers excluded.,0,0,0,0,0,0,11,0,11,0,0,0,0,0,0
Isabela,San Guillermo,Sinalugan,1,4,4,0,100.00,1,1,2020-10-12,2020-10-12,Affected,43.0,Sanitized aggregate from ASF laboratory-results Google Sheet; farmer names and farm identifiers excluded.,4,4,0,0,0,0,0,0,0,0,0,0,0,0,0
Isabela,San Isidro,Camarag,1,2,2,0,100.00,1,1,2020-09-15,2020-09-15,Affected,40.0,Sanitized aggregate from ASF laboratory-results Google Sheet; farmer names and farm identifiers excluded.,2,2,0,0,0,0,0,0,0,0,0,0,0,0,0
Isabela,San Isidro,Cebu,1,2,2,0,100.00,1,1,2020-09-04,2020-09-04,Affected,40.0,Sanitized aggregate from ASF laboratory-results Google Sheet; farmer names and farm identifiers excluded.,2,2,0,0,0,0,0,0,0,0,0,0,0,0,0
Isabela,San Isidro,Doña Paulina,1,3,3,0,100.00,1,1,2020-09-28,2020-09-28,Affected,41.5,Sanitized aggregate from ASF laboratory-results Google Sheet; farmer names and farm identifiers excluded.,3,3,0,0,0,0,0,0,0,0,0,0,0,0,0
Isabela,San Isidro,Gud,4,9,7,2,77.78,1,1,2020-09-04,2023-09-27,Affected,39.9,Sanitized aggregate from ASF laboratory-results Google Sheet; farmer names and farm identifiers excluded.,7,7,0,0,0,0,2,0,2,0,0,0,0,0,0
Isabela,San Isidro,Nagbukal,5,7,7,0,100.00,1,1,2020-09-15,2020-09-15,Affected,47.5,Sanitized aggregate from ASF laboratory-results Google Sheet; farmer names and farm identifiers excluded.,7,7,0,0,0,0,0,0,0,0,0,0,0,0,0
Isabela,San Isidro,Ramon West,2,12,10,2,83.33,1,1,2020-03-03,2020-03-03,Affected,46.4,Sanitized aggregate from ASF laboratory-results Google Sheet; farmer names and farm identifiers excluded.,12,10,2,0,0,0,0,0,0,0,0,0,0,0,0
Isabela,San Isidro,Ramos West,1,1,1,0,100.00,1,1,2020-09-15,2020-09-15,Affected,38.5,Sanitized aggregate from ASF laboratory-results Google Sheet; farmer names and farm identifiers excluded.,1,1,0,0,0,0,0,0,0,0,0,0,0,0,0
Isabela,San MAnuel,District 3,5,5,0,5,0.00,1,0,2022-12-09,2023-03-20,At-risk,5.5,Sanitized aggregate from ASF laboratory-results Google Sheet; farmer names and farm identifiers excluded.,0,0,0,0,0,0,5,0,5,0,0,0,0,0,0
Isabela,San Manuel,Babanuang,24,24,1,23,4.17,1,1,2020-09-07,2023-03-20,Affected,7.3,Sanitized aggregate from ASF laboratory-results Google Sheet; farmer names and farm identifiers excluded.,15,1,14,0,0,0,9,0,9,0,0,0,0,0,0
Isabela,San Manuel,Cabaritan,16,36,0,36,0.00,2,0,2021-12-16,2023-03-06,At-risk,8.6,Sanitized aggregate from ASF laboratory-results Google Sheet; farmer names and farm identifiers excluded.,6,0,6,0,0,0,30,0,30,0,0,0,0,0,0
Isabela,San Manuel,Cabintar,2,2,2,0,100.00,1,1,2020-09-07,2020-09-07,Affected,40.0,Sanitized aggregate from ASF laboratory-results Google Sheet; farmer names and farm identifiers excluded.,2,2,0,0,0,0,0,0,0,0,0,0,0,0,0
Isabela,San Manuel,Caraniogan,11,11,3,8,27.27,1,1,2020-08-26,2023-03-06,Affected,16.8,Sanitized aggregate from ASF laboratory-results Google Sheet; farmer names and farm identifiers excluded.,3,3,0,0,0,0,8,0,8,0,0,0,0,0,0
Isabela,San Manuel,Daramuangan Sur,1,8,0,8,0.00,1,0,2024-10-17,2024-10-17,At-risk,5.8,Sanitized aggregate from ASF laboratory-results Google Sheet; farmer names and farm identifiers excluded.,8,0,8,0,0,0,0,0,0,0,0,0,0,0,0
Isabela,San Manuel,District 02,1,3,3,0,100.00,1,1,2020-08-26,2020-08-26,Affected,41.5,Sanitized aggregate from ASF laboratory-results Google Sheet; farmer names and farm identifiers excluded.,3,3,0,0,0,0,0,0,0,0,0,0,0,0,0
Isabela,San Manuel,District 1,6,6,0,6,0.00,1,0,2023-03-06,2023-03-06,At-risk,5.6,Sanitized aggregate from ASF laboratory-results Google Sheet; farmer names and farm identifiers excluded.,0,0,0,0,0,0,6,0,6,0,0,0,0,0,0
Isabela,San Manuel,District 2,2,2,0,2,0.00,1,0,2023-03-06,2023-03-06,At-risk,5.2,Sanitized aggregate from ASF laboratory-results Google Sheet; farmer names and farm identifiers excluded.,0,0,0,0,0,0,2,0,2,0,0,0,0,0,0
Isabela,San Manuel,District 4,3,3,0,3,0.00,1,0,2022-12-09,2023-03-20,At-risk,5.3,Sanitized aggregate from ASF laboratory-results Google Sheet; farmer names and farm identifiers excluded.,0,0,0,0,0,0,3,0,3,0,0,0,0,0,0
Isabela,San Manuel,Eden,29,60,3,57,5.00,2,1,2020-09-07,2025-12-23,Affected,13.9,Sanitized aggregate from ASF laboratory-results Google Sheet; farmer names and farm identifiers excluded.,15,3,12,0,0,0,45,0,45,0,0,0,0,0,0
Isabela,San Manuel,Malalinta,14,48,0,48,0.00,2,0,2021-05-06,2023-03-06,At-risk,9.8,Sanitized aggregate from ASF laboratory-results Google Sheet; farmer names and farm identifiers excluded.,31,0,31,0,0,0,17,0,17,0,0,0,0,0,0
Isabela,San Manuel,Mararigne,4,4,0,4,0.00,1,0,2023-03-06,2023-03-06,At-risk,5.4,Sanitized aggregate from ASF laboratory-results Google Sheet; farmer names and farm identifiers excluded.,0,0,0,0,0,0,4,0,4,0,0,0,0,0,0
Isabela,San Manuel,Marasat Grande,1,6,0,6,0.00,1,0,2024-10-17,2024-10-17,At-risk,5.6,Sanitized aggregate from ASF laboratory-results Google Sheet; farmer names and farm identifiers excluded.,6,0,6,0,0,0,0,0,0,0,0,0,0,0,0
Isabela,San Manuel,Nueva Era,21,39,4,35,10.26,2,1,2020-08-26,2023-03-06,Affected,15.1,Sanitized aggregate from ASF laboratory-results Google Sheet; farmer names and farm identifiers excluded.,15,4,11,0,0,0,24,0,24,0,0,0,0,0,0
Isabela,San Manuel,Pisang,3,3,0,3,0.00,1,0,2023-03-06,2023-03-06,At-risk,5.3,Sanitized aggregate from ASF laboratory-results Google Sheet; farmer names and farm identifiers excluded.,0,0,0,0,0,0,3,0,3,0,0,0,0,0,0
Isabela,San Manuel,Pisang Sandiat,3,3,3,0,100.00,1,1,2020-09-07,2020-09-07,Affected,41.5,Sanitized aggregate from ASF laboratory-results Google Sheet; farmer names and farm identifiers excluded.,3,3,0,0,0,0,0,0,0,0,0,0,0,0,0
Isabela,San Manuel,San Francisco,7,9,5,4,55.56,1,1,2020-08-26,2023-03-06,Affected,29.3,Sanitized aggregate from ASF laboratory-results Google Sheet; farmer names and farm identifiers excluded.,6,5,1,0,0,0,3,0,3,0,0,0,0,0,0
Isabela,San Manuel,Sandiat East,18,18,0,18,0.00,1,0,2022-01-28,2023-03-20,At-risk,6.8,Sanitized aggregate from ASF laboratory-results Google Sheet; farmer names and farm identifiers excluded.,2,0,2,0,0,0,16,0,16,0,0,0,0,0,0
Isabela,San Manuel,Sandiat West,20,22,13,9,59.09,1,1,2020-08-26,2024-08-19,Affected,43.1,Sanitized aggregate from ASF laboratory-results Google Sheet; farmer names and farm identifiers excluded.,18,13,5,0,0,0,4,0,4,0,0,0,0,0,0
Isabela,San Manuel,Santa Cruz,7,7,0,7,0.00,1,0,2023-03-06,2023-03-06,At-risk,5.7,Sanitized aggregate from ASF laboratory-results Google Sheet; farmer names and farm identifiers excluded.,0,0,0,0,0,0,7,0,7,0,0,0,0,0,0
Isabela,San Manuel,Sta. Cruz,4,4,3,1,75.00,1,1,2020-08-26,2020-08-26,Affected,32.9,Sanitized aggregate from ASF laboratory-results Google Sheet; farmer names and farm identifiers excluded.,4,3,1,0,0,0,0,0,0,0,0,0,0,0,0
Isabela,San Manuel,Villanueva,19,20,6,14,30.00,1,1,2020-08-26,2023-03-20,Affected,22.9,Sanitized aggregate from ASF laboratory-results Google Sheet; farmer names and farm identifiers excluded.,10,6,4,0,0,0,10,0,10,0,0,0,0,0,0
Isabela,San Mariano,Bitabian,1,1,0,1,0.00,1,0,2023-06-16,2023-06-16,At-risk,5.1,Sanitized aggregate from ASF laboratory-results Google Sheet; farmer names and farm identifiers excluded.,1,0,1,0,0,0,0,0,0,0,0,0,0,0,0
Isabela,San Mariano,Minanga,14,32,0,32,0.00,1,0,2022-06-21,2023-06-16,At-risk,8.2,Sanitized aggregate from ASF laboratory-results Google Sheet; farmer names and farm identifiers excluded.,6,0,6,0,0,0,26,0,26,0,0,0,0,0,0
Isabela,San Mariano,Minangga,1,2,2,0,100.00,1,1,2020-12-29,2020-12-29,Affected,40.0,Sanitized aggregate from ASF laboratory-results Google Sheet; farmer names and farm identifiers excluded.,2,2,0,0,0,0,0,0,0,0,0,0,0,0,0
Isabela,San Mariano,N/A,2,6,6,0,100.00,1,1,2020-11-25,2020-12-10,Affected,46.0,Sanitized aggregate from ASF laboratory-results Google Sheet; farmer names and farm identifiers excluded.,6,6,0,0,0,0,0,0,0,0,0,0,0,0,0
Isabela,San Mariano,Sta. Filomena,9,9,0,9,0.00,1,0,2022-11-28,2023-06-16,At-risk,5.9,Sanitized aggregate from ASF laboratory-results Google Sheet; farmer names and farm identifiers excluded.,6,0,6,0,0,0,3,0,3,0,0,0,0,0,0
Isabela,San Mateo,Bacarrena,5,52,0,52,0.00,1,0,2024-07-19,2025-08-14,At-risk,10.2,Sanitized aggregate from ASF laboratory-results Google Sheet; farmer names and farm identifiers excluded.,32,0,32,0,0,0,20,0,20,0,0,0,0,0,0
Isabela,San Mateo,Bagong Sikat,1,2,2,0,100.00,1,1,2020-09-11,2020-09-11,Affected,40.0,Sanitized aggregate from ASF laboratory-results Google Sheet; farmer names and farm identifiers excluded.,2,2,0,0,0,0,0,0,0,0,0,0,0,0,0
Isabela,San Mateo,Bella Cruz,3,3,3,0,100.00,1,1,2020-09-11,2020-09-11,Affected,41.5,Sanitized aggregate from ASF laboratory-results Google Sheet; farmer names and farm identifiers excluded.,3,3,0,0,0,0,0,0,0,0,0,0,0,0,0
Isabela,San Mateo,Brgy. 01,1,2,0,2,0.00,1,0,2024-07-19,2024-07-19,At-risk,5.2,Sanitized aggregate from ASF laboratory-results Google Sheet; farmer names and farm identifiers excluded.,2,0,2,0,0,0,0,0,0,0,0,0,0,0,0
Isabela,San Mateo,Brgy. 04,1,1,1,0,100.00,1,1,2020-09-28,2020-09-28,Affected,38.5,Sanitized aggregate from ASF laboratory-results Google Sheet; farmer names and farm identifiers excluded.,1,1,0,0,0,0,0,0,0,0,0,0,0,0,0
Isabela,San Mateo,Brgy. 10,1,4,0,4,0.00,1,0,2024-07-19,2024-07-19,At-risk,5.4,Sanitized aggregate from ASF laboratory-results Google Sheet; farmer names and farm identifiers excluded.,4,0,4,0,0,0,0,0,0,0,0,0,0,0,0
Isabela,San Mateo,Brgy. 2,1,2,0,2,0.00,1,0,2024-07-19,2024-07-19,At-risk,5.2,Sanitized aggregate from ASF laboratory-results Google Sheet; farmer names and farm identifiers excluded.,2,0,2,0,0,0,0,0,0,0,0,0,0,0,0
Isabela,San Mateo,Brgy. 4,2,3,0,3,0.00,1,0,2024-07-19,2024-07-19,At-risk,5.3,Sanitized aggregate from ASF laboratory-results Google Sheet; farmer names and farm identifiers excluded.,3,0,3,0,0,0,0,0,0,0,0,0,0,0,0
Isabela,San Mateo,Daramuangan Sur,1,2,0,2,0.00,1,0,2024-07-19,2024-07-19,At-risk,5.2,Sanitized aggregate from ASF laboratory-results Google Sheet; farmer names and farm identifiers excluded.,2,0,2,0,0,0,0,0,0,0,0,0,0,0,0
Isabela,San Mateo,Gaddan,4,6,6,0,100.00,1,1,2020-08-18,2020-08-18,Affected,46.0,Sanitized aggregate from ASF laboratory-results Google Sheet; farmer names and farm identifiers excluded.,6,6,0,0,0,0,0,0,0,0,0,0,0,0,0
Isabela,San Mateo,Marasat,2,2,2,0,100.00,1,1,2020-08-18,2020-08-18,Affected,40.0,Sanitized aggregate from ASF laboratory-results Google Sheet; farmer names and farm identifiers excluded.,2,2,0,0,0,0,0,0,0,0,0,0,0,0,0
Isabela,San Mateo,Marasat Grande,2,10,10,0,100.00,1,1,2022-09-20,2024-10-29,Affected,52.0,Sanitized aggregate from ASF laboratory-results Google Sheet; farmer names and farm identifiers excluded.,10,10,0,0,0,0,0,0,0,0,0,0,0,0,0
Isabela,San Mateo,Marupok,1,3,3,0,100.00,1,1,2020-08-26,2020-08-26,Affected,41.5,Sanitized aggregate from ASF laboratory-results Google Sheet; farmer names and farm identifiers excluded.,3,3,0,0,0,0,0,0,0,0,0,0,0,0,0
Isabela,San Mateo,Old Centro 1,11,12,2,10,16.67,1,1,2023-01-27,2024-10-29,Affected,11.8,Sanitized aggregate from ASF laboratory-results Google Sheet; farmer names and farm identifiers excluded.,0,0,0,2,2,0,10,0,10,0,0,0,0,0,0
Isabela,San Mateo,Salinungan West,12,42,0,42,0.00,1,0,2022-03-29,2024-07-19,At-risk,9.2,Sanitized aggregate from ASF laboratory-results Google Sheet; farmer names and farm identifiers excluded.,4,0,4,0,0,0,38,0,38,0,0,0,0,0,0
Isabela,San Mateo,Sinamar Norte,10,11,3,8,27.27,1,1,2020-09-11,2024-07-19,Affected,16.8,Sanitized aggregate from ASF laboratory-results Google Sheet; farmer names and farm identifiers excluded.,6,3,3,0,0,0,5,0,5,0,0,0,0,0,0
Isabela,San Mateo,Villa Gamio,2,6,6,0,100.00,1,1,2020-08-18,2020-08-18,Affected,46.0,Sanitized aggregate from ASF laboratory-results Google Sheet; farmer names and farm identifiers excluded.,6,6,0,0,0,0,0,0,0,0,0,0,0,0,0
Isabela,San Mateo,Villa Magat,8,12,4,8,33.33,1,1,2020-09-28,2024-07-19,Affected,20.5,Sanitized aggregate from ASF laboratory-results Google Sheet; farmer names and farm identifiers excluded.,7,4,3,0,0,0,5,0,5,0,0,0,0,0,0
Isabela,San Pablo,San Pedro,2,2,2,0,100.00,1,1,2020-09-07,2020-09-07,Affected,40.0,Sanitized aggregate from ASF laboratory-results Google Sheet; farmer names and farm identifiers excluded.,2,2,0,0,0,0,0,0,0,0,0,0,0,0,0
Isabela,Santiago City,Ambalatungan I,1,5,5,0,100.00,1,1,2020-09-07,2020-09-07,Affected,44.5,Sanitized aggregate from ASF laboratory-results Google Sheet; farmer names and farm identifiers excluded.,5,5,0,0,0,0,0,0,0,0,0,0,0,0,0
Isabela,Santiago City,Balluarte,2,3,3,0,100.00,1,1,2020-09-21,2020-09-21,Affected,41.5,Sanitized aggregate from ASF laboratory-results Google Sheet; farmer names and farm identifiers excluded.,3,3,0,0,0,0,0,0,0,0,0,0,0,0,0
Isabela,Santiago City,Batal,6,101,18,55,17.82,1,1,2024-04-16,2025-06-18,Affected,43.4,Sanitized aggregate from ASF laboratory-results Google Sheet; farmer names and farm identifiers excluded.,52,2,50,1,1,0,48,15,5,0,0,0,0,0,0
Isabela,Santiago City,Buenavista,8,10,2,8,20.00,1,1,2020-09-11,2025-06-18,Affected,12.8,Sanitized aggregate from ASF laboratory-results Google Sheet; farmer names and farm identifiers excluded.,10,2,8,0,0,0,0,0,0,0,0,0,0,0,0
Isabela,Santiago City,Callao East,1,1,1,0,100.00,1,1,2020-09-11,2020-09-11,Affected,38.5,Sanitized aggregate from ASF laboratory-results Google Sheet; farmer names and farm identifiers excluded.,1,1,0,0,0,0,0,0,0,0,0,0,0,0,0
Isabela,Santiago City,Caloocan,1,2,2,0,100.00,1,1,2020-09-21,2020-09-21,Affected,40.0,Sanitized aggregate from ASF laboratory-results Google Sheet; farmer names and farm identifiers excluded.,2,2,0,0,0,0,0,0,0,0,0,0,0,0,0
Isabela,Santiago City,N/A,1,30,0,30,0.00,1,0,2024-09-09,2024-09-09,At-risk,8.0,Sanitized aggregate from ASF laboratory-results Google Sheet; farmer names and farm identifiers excluded.,0,0,0,0,0,0,30,0,30,0,0,0,0,0,0
Isabela,Santiago City,Nabbuan,4,13,0,13,0.00,1,0,2022-11-17,2024-02-23,At-risk,6.3,Sanitized aggregate from ASF laboratory-results Google Sheet; farmer names and farm identifiers excluded.,3,0,3,0,0,0,10,0,10,0,0,0,0,0,0
Isabela,Santiago City,Nagassican,2,9,6,3,66.67,1,1,2020-09-28,2020-09-28,Affected,34.6,Sanitized aggregate from ASF laboratory-results Google Sheet; farmer names and farm identifiers excluded.,9,6,3,0,0,0,0,0,0,0,0,0,0,0,0
Isabela,Sta. Maria,Mozzozin Sur,1,2,2,0,100.00,1,1,2020-11-26,2020-11-26,Affected,40.0,Sanitized aggregate from ASF laboratory-results Google Sheet; farmer names and farm identifiers excluded.,2,2,0,0,0,0,0,0,0,0,0,0,0,0,0
Isabela,Sta. Maria,N/A,2,6,6,0,100.00,1,1,2020-12-03,2020-12-03,Affected,46.0,Sanitized aggregate from ASF laboratory-results Google Sheet; farmer names and farm identifiers excluded.,6,6,0,0,0,0,0,0,0,0,0,0,0,0,0
Isabela,Sta. Maria,Nagannacan,1,5,5,0,100.00,1,1,2020-11-18,2020-11-18,Affected,44.5,Sanitized aggregate from ASF laboratory-results Google Sheet; farmer names and farm identifiers excluded.,5,5,0,0,0,0,0,0,0,0,0,0,0,0,0
Isabela,Sto. Tomas,Calinauan Malasin,1,2,2,0,100.00,1,1,2020-09-30,2020-09-30,Affected,40.0,Sanitized aggregate from ASF laboratory-results Google Sheet; farmer names and farm identifiers excluded.,2,2,0,0,0,0,0,0,0,0,0,0,0,0,0
Isabela,Sto. Tomas,Calinauan Norte,1,1,0,1,0.00,1,0,2020-09-30,2020-09-30,At-risk,5.1,Sanitized aggregate from ASF laboratory-results Google Sheet; farmer names and farm identifiers excluded.,1,0,1,0,0,0,0,0,0,0,0,0,0,0,0
Isabela,Tumauini,Bayabo East,1,2,0,2,0.00,1,0,2023-09-26,2023-09-26,At-risk,5.2,Sanitized aggregate from ASF laboratory-results Google Sheet; farmer names and farm identifiers excluded.,2,0,2,0,0,0,0,0,0,0,0,0,0,0,0
Isabela,Tumauini,San Mateo,1,2,2,0,100.00,1,1,2020-09-16,2020-09-16,Affected,40.0,Sanitized aggregate from ASF laboratory-results Google Sheet; farmer names and farm identifiers excluded.,2,2,0,0,0,0,0,0,0,0,0,0,0,0,0
Isabela,Tumauini,Sta. Catalina,2,4,4,0,100.00,1,1,2020-09-23,2020-09-23,Affected,43.0,Sanitized aggregate from ASF laboratory-results Google Sheet; farmer names and farm identifiers excluded.,4,4,0,0,0,0,0,0,0,0,0,0,0,0,0
NUEVA VIZCAYA,Ambaguio,Tiblac,6,6,0,6,0.00,1,0,2022-05-26,2022-05-26,At-risk,5.6,Sanitized aggregate from ASF laboratory-results Google Sheet; farmer names and farm identifiers excluded.,6,0,6,0,0,0,0,0,0,0,0,0,0,0,0
NUEVA VIZCAYA,Aritao,Banganan,1,1,0,1,0.00,1,0,2022-05-26,2022-05-26,At-risk,5.1,Sanitized aggregate from ASF laboratory-results Google Sheet; farmer names and farm identifiers excluded.,1,0,1,0,0,0,0,0,0,0,0,0,0,0,0
NUEVA VIZCAYA,Bagabag,Pogonsino,8,9,2,7,22.22,1,1,2020-11-18,2022-05-26,Affected,13.5,Sanitized aggregate from ASF laboratory-results Google Sheet; farmer names and farm identifiers excluded.,7,0,7,2,2,0,0,0,0,0,0,0,0,0,0
NUEVA VIZCAYA,Bagabag,Tapaya,2,15,12,3,80.00,1,1,2022-11-16,2022-12-07,Affected,48.3,Sanitized aggregate from ASF laboratory-results Google Sheet; farmer names and farm identifiers excluded.,12,12,0,3,0,3,0,0,0,0,0,0,0,0,0
NUEVA VIZCAYA,Bayombong,Bonfal East,15,40,2,38,5.00,2,1,2020-11-18,2022-05-26,Affected,10.6,Sanitized aggregate from ASF laboratory-results Google Sheet; farmer names and farm identifiers excluded.,6,0,6,2,2,0,32,0,32,0,0,0,0,0,0
NUEVA VIZCAYA,Bayombong,Bonfal Proper,12,39,0,39,0.00,2,0,2021-08-20,2022-05-26,At-risk,8.9,Sanitized aggregate from ASF laboratory-results Google Sheet; farmer names and farm identifiers excluded.,6,0,6,0,0,0,33,0,33,0,0,0,0,0,0
NUEVA VIZCAYA,Bayombong,Bonfal West,2,6,0,6,0.00,1,0,2022-02-24,2022-05-26,At-risk,5.6,Sanitized aggregate from ASF laboratory-results Google Sheet; farmer names and farm identifiers excluded.,1,0,1,0,0,0,5,0,5,0,0,0,0,0,0
NUEVA VIZCAYA,Bayombong,Decabacan,6,30,0,30,0.00,1,0,2022-02-09,2022-02-09,At-risk,8.0,Sanitized aggregate from ASF laboratory-results Google Sheet; farmer names and farm identifiers excluded.,0,0,0,0,0,0,30,0,30,0,0,0,0,0,0
NUEVA VIZCAYA,Bayombong,Lingayngay,1,5,0,5,0.00,1,0,2022-11-09,2022-11-09,At-risk,5.5,Sanitized aggregate from ASF laboratory-results Google Sheet; farmer names and farm identifiers excluded.,0,0,0,0,0,0,5,0,5,0,0,0,0,0,0
NUEVA VIZCAYA,Bayombong,N/A,11,42,1,41,2.38,1,1,2021-04-12,2022-11-04,Affected,8.4,Sanitized aggregate from ASF laboratory-results Google Sheet; farmer names and farm identifiers excluded.,3,1,2,0,0,0,39,0,39,0,0,0,0,0,0
NUEVA VIZCAYA,DUPAX DEL NORTE,MUNGIA,1,1,1,0,100.00,1,1,2021-11-05,2021-11-05,Affected,38.5,Sanitized aggregate from ASF laboratory-results Google Sheet; farmer names and farm identifiers excluded.,0,0,0,1,1,0,0,0,0,0,0,0,0,0,0
NUEVA VIZCAYA,Diadi,Decabacan,6,9,0,9,0.00,1,0,2022-03-14,2022-05-26,At-risk,5.9,Sanitized aggregate from ASF laboratory-results Google Sheet; farmer names and farm identifiers excluded.,3,0,3,0,0,0,6,0,6,0,0,0,0,0,0
NUEVA VIZCAYA,Diadi,Escoting,6,27,9,18,33.33,1,1,2020-10-02,2022-05-26,Affected,29.0,Sanitized aggregate from ASF laboratory-results Google Sheet; farmer names and farm identifiers excluded.,10,9,1,0,0,0,17,0,17,0,0,0,0,0,0
NUEVA VIZCAYA,Diadi,Nagsabaran,2,3,0,3,0.00,1,0,2022-03-14,2022-05-26,At-risk,5.3,Sanitized aggregate from ASF laboratory-results Google Sheet; farmer names and farm identifiers excluded.,1,0,1,0,0,0,2,0,2,0,0,0,0,0,0
NUEVA VIZCAYA,Dupax Del Norte,Oyao,6,8,6,2,75.00,1,1,2022-04-26,2022-05-02,Affected,37.4,Sanitized aggregate from ASF laboratory-results Google Sheet; farmer names and farm identifiers excluded.,1,1,0,7,5,2,0,0,0,0,0,0,0,0,0
NUEVA VIZCAYA,Kasibu,Binogauan,4,9,0,9,0.00,2,0,2021-08-13,2022-05-26,At-risk,5.9,Sanitized aggregate from ASF laboratory-results Google Sheet; farmer names and farm identifiers excluded.,2,0,2,0,0,0,5,0,5,2,0,2,0,0,0
NUEVA VIZCAYA,Kasibu,Kongkong,8,18,0,18,0.00,2,0,2021-08-20,2022-05-26,At-risk,6.8,Sanitized aggregate from ASF laboratory-results Google Sheet; farmer names and farm identifiers excluded.,8,0,8,0,0,0,10,0,10,0,0,0,0,0,0
NUEVA VIZCAYA,Kasibu,Pudi,3,11,0,11,0.00,2,0,2021-10-07,2022-05-26,At-risk,6.1,Sanitized aggregate from ASF laboratory-results Google Sheet; farmer names and farm identifiers excluded.,1,0,1,0,0,0,10,0,10,0,0,0,0,0,0
NUEVA VIZCAYA,Kayapa,Nansiaran,1,1,1,0,100.00,1,1,2022-03-10,2022-03-10,Affected,38.5,Sanitized aggregate from ASF laboratory-results Google Sheet; farmer names and farm identifiers excluded.,0,0,0,1,1,0,0,0,0,0,0,0,0,0,0
NUEVA VIZCAYA,Kayapa,Pingkian,22,50,4,46,8.00,2,2,2020-11-25,2022-05-26,Affected,17.4,Sanitized aggregate from ASF laboratory-results Google Sheet; farmer names and farm identifiers excluded.,13,2,11,2,2,0,29,0,29,6,0,6,0,0,0
NUEVA VIZCAYA,QUEZON,DAGUPAN,1,1,1,0,100.00,1,1,2021-11-05,2021-11-05,Affected,38.5,Sanitized aggregate from ASF laboratory-results Google Sheet; farmer names and farm identifiers excluded.,0,0,0,1,1,0,0,0,0,0,0,0,0,0,0
NUEVA VIZCAYA,Quezon,Darruba,10,22,0,22,0.00,1,0,2022-02-24,2022-05-26,At-risk,7.2,Sanitized aggregate from ASF laboratory-results Google Sheet; farmer names and farm identifiers excluded.,6,0,6,0,0,0,16,0,16,0,0,0,0,0,0
NUEVA VIZCAYA,Quezon,Nalubbuanan,4,4,0,4,0.00,1,0,2022-05-26,2022-05-26,At-risk,5.4,Sanitized aggregate from ASF laboratory-results Google Sheet; farmer names and farm identifiers excluded.,4,0,4,0,0,0,0,0,0,0,0,0,0,0,0
NUEVA VIZCAYA,Sta. Fe,Poblacion,6,21,0,21,0.00,2,0,2021-10-07,2022-05-26,At-risk,7.1,Sanitized aggregate from ASF laboratory-results Google Sheet; farmer names and farm identifiers excluded.,1,0,1,0,0,0,20,0,20,0,0,0,0,0,0
NUEVA VIZCAYA,Sta. Fe,Tacta,1,5,0,5,0.00,1,0,2022-11-09,2022-11-09,At-risk,5.5,Sanitized aggregate from ASF laboratory-results Google Sheet; farmer names and farm identifiers excluded.,0,0,0,0,0,0,5,0,5,0,0,0,0,0,0
NUEVA VIZCAYA,Sta. Fe,Tarlac,2,2,0,2,0.00,1,0,2022-05-26,2022-05-26,At-risk,5.2,Sanitized aggregate from ASF laboratory-results Google Sheet; farmer names and farm identifiers excluded.,2,0,2,0,0,0,0,0,0,0,0,0,0,0,0
NUEVA VIZCAYA,Villaverde,Bintawan Norte,6,15,0,15,0.00,2,0,2021-08-13,2022-05-26,At-risk,6.5,Sanitized aggregate from ASF laboratory-results Google Sheet; farmer names and farm identifiers excluded.,3,0,3,0,0,0,10,0,10,2,0,2,0,0,0
NUEVA VIZCAYA,Villaverde,Ibung,1,5,0,5,0.00,1,0,2022-02-24,2022-02-24,At-risk,5.5,Sanitized aggregate from ASF laboratory-results Google Sheet; farmer names and farm identifiers excluded.,0,0,0,0,0,0,5,0,5,0,0,0,0,0,0
Nueva Vizcaya,AMBAGUIO,TIBLAK,1,1,0,1,0.00,1,0,2021-08-20,2021-08-20,At-risk,5.1,Sanitized aggregate from ASF laboratory-results Google Sheet; farmer names and farm identifiers excluded.,1,0,1,0,0,0,0,0,0,0,0,0,0,0,0
Nueva Vizcaya,ARITAO,BANGARAN,2,2,0,2,0.00,1,0,2021-08-20,2021-08-20,At-risk,5.2,Sanitized aggregate from ASF laboratory-results Google Sheet; farmer names and farm identifiers excluded.,2,0,2,0,0,0,0,0,0,0,0,0,0,0,0
Nueva Vizcaya,ARITAO,LATAR,3,3,1,2,33.33,2,1,2020-11-23,2021-08-20,Affected,15.4,Sanitized aggregate from ASF laboratory-results Google Sheet; farmer names and farm identifiers excluded.,2,0,2,1,1,0,0,0,0,0,0,0,0,0,0
Nueva Vizcaya,ARITAO,MAGUATELA,1,1,0,1,0.00,1,0,2021-08-20,2021-08-20,At-risk,5.1,Sanitized aggregate from ASF laboratory-results Google Sheet; farmer names and farm identifiers excluded.,1,0,1,0,0,0,0,0,0,0,0,0,0,0,0
Nueva Vizcaya,ARITAO,"PAMIR, COMON",1,1,1,0,100.00,1,1,2021-01-14,2021-01-14,Affected,38.5,Sanitized aggregate from ASF laboratory-results Google Sheet; farmer names and farm identifiers excluded.,0,0,0,1,1,0,0,0,0,0,0,0,0,0,0
Nueva Vizcaya,ARITAO,QUIRANG,2,4,0,4,0.00,1,0,2021-05-10,2021-05-10,At-risk,5.4,Sanitized aggregate from ASF laboratory-results Google Sheet; farmer names and farm identifiers excluded.,0,0,0,0,0,0,4,0,4,0,0,0,0,0,0
Nueva Vizcaya,ARITAO,YAWAY,1,1,0,1,0.00,1,0,2021-08-20,2021-08-20,At-risk,5.1,Sanitized aggregate from ASF laboratory-results Google Sheet; farmer names and farm identifiers excluded.,1,0,1,0,0,0,0,0,0,0,0,0,0,0,0
Nueva Vizcaya,Alfonso Castañeda,Galintuja,3,8,0,8,0.00,1,0,2023-07-27,2023-07-27,At-risk,5.8,Sanitized aggregate from ASF laboratory-results Google Sheet; farmer names and farm identifiers excluded.,8,0,8,0,0,0,0,0,0,0,0,0,0,0,0
Nueva Vizcaya,Alfonso Castañeda,Lublub,11,33,0,33,0.00,1,0,2023-07-27,2023-07-27,At-risk,8.3,Sanitized aggregate from ASF laboratory-results Google Sheet; farmer names and farm identifiers excluded.,33,0,33,0,0,0,0,0,0,0,0,0,0,0,0
Nueva Vizcaya,Alfonso Castañeda,Marikit East,1,3,0,3,0.00,1,0,2023-07-27,2023-07-27,At-risk,5.3,Sanitized aggregate from ASF laboratory-results Google Sheet; farmer names and farm identifiers excluded.,3,0,3,0,0,0,0,0,0,0,0,0,0,0,0
Nueva Vizcaya,Ambaguio,Ammoweg,4,8,0,8,0.00,1,0,2023-10-02,2023-10-02,At-risk,5.8,Sanitized aggregate from ASF laboratory-results Google Sheet; farmer names and farm identifiers excluded.,8,0,8,0,0,0,0,0,0,0,0,0,0,0,0
Nueva Vizcaya,Ambaguio,Dulli,4,8,0,8,0.00,1,0,2023-10-02,2023-10-02,At-risk,5.8,Sanitized aggregate from ASF laboratory-results Google Sheet; farmer names and farm identifiers excluded.,8,0,8,0,0,0,0,0,0,0,0,0,0,0,0
Nueva Vizcaya,Ambaguio,Poblacion,22,71,0,71,0.00,2,0,2021-05-10,2023-05-09,At-risk,12.1,Sanitized aggregate from ASF laboratory-results Google Sheet; farmer names and farm identifiers excluded.,49,0,49,0,0,0,22,0,22,0,0,0,0,0,0
Nueva Vizcaya,Aritao,Baan,2,6,3,3,50.00,1,1,2023-10-12,2024-05-09,Affected,24.3,Sanitized aggregate from ASF laboratory-results Google Sheet; farmer names and farm identifiers excluded.,6,3,3,0,0,0,0,0,0,0,0,0,0,0,0
Nueva Vizcaya,Aritao,Bone North,2,2,2,0,100.00,1,1,2024-04-26,2024-04-26,Affected,40.0,Sanitized aggregate from ASF laboratory-results Google Sheet; farmer names and farm identifiers excluded.,2,2,0,0,0,0,0,0,0,0,0,0,0,0,0
Nueva Vizcaya,Aritao,Bone South,5,14,1,13,7.14,1,1,2020-03-16,2023-10-26,Affected,7.3,Sanitized aggregate from ASF laboratory-results Google Sheet; farmer names and farm identifiers excluded.,8,0,8,0,0,0,5,0,5,0,0,0,1,1,0
Nueva Vizcaya,Aritao,Camon,2,5,0,5,0.00,1,0,2023-05-09,2023-05-09,At-risk,5.5,Sanitized aggregate from ASF laboratory-results Google Sheet; farmer names and farm identifiers excluded.,5,0,5,0,0,0,0,0,0,0,0,0,0,0,0
Nueva Vizcaya,Aritao,Canabuan,20,59,2,57,3.39,1,1,2020-12-01,2023-10-02,Affected,11.9,Sanitized aggregate from ASF laboratory-results Google Sheet; farmer names and farm identifiers excluded.,22,0,22,2,2,0,35,0,35,0,0,0,0,0,0
Nueva Vizcaya,Aritao,Canarem,5,12,2,10,16.67,1,1,2022-11-09,2024-01-25,Affected,11.8,Sanitized aggregate from ASF laboratory-results Google Sheet; farmer names and farm identifiers excluded.,6,1,5,1,1,0,5,0,5,0,0,0,0,0,0
Nueva Vizcaya,Aritao,Common,1,1,0,1,0.00,1,0,2023-10-25,2023-10-25,At-risk,5.1,Sanitized aggregate from ASF laboratory-results Google Sheet; farmer names and farm identifiers excluded.,1,0,1,0,0,0,0,0,0,0,0,0,0,0,0
Nueva Vizcaya,Aritao,Comon,12,36,0,36,0.00,2,0,2021-10-07,2023-10-18,At-risk,8.6,Sanitized aggregate from ASF laboratory-results Google Sheet; farmer names and farm identifiers excluded.,7,0,7,0,0,0,29,0,29,0,0,0,0,0,0
Nueva Vizcaya,Aritao,Cutar,4,6,1,5,16.67,1,1,2023-10-19,2023-10-31,Affected,9.8,Sanitized aggregate from ASF laboratory-results Google Sheet; farmer names and farm identifiers excluded.,6,1,5,0,0,0,0,0,0,0,0,0,0,0,0
Nueva Vizcaya,Aritao,Darapidap,12,21,0,21,0.00,2,0,2021-02-09,2023-11-06,At-risk,7.1,Sanitized aggregate from ASF laboratory-results Google Sheet; farmer names and farm identifiers excluded.,20,0,20,1,0,1,0,0,0,0,0,0,0,0,0
Nueva Vizcaya,Aritao,Kirang,23,52,5,47,9.62,2,2,2021-01-18,2023-11-03,Affected,19.6,Sanitized aggregate from ASF laboratory-results Google Sheet; farmer names and farm identifiers excluded.,31,4,27,1,1,0,20,0,20,0,0,0,0,0,0
Nueva Vizcaya,Aritao,N/A,4,6,1,5,16.67,1,1,2023-10-27,2023-10-27,Affected,9.8,Sanitized aggregate from ASF laboratory-results Google Sheet; farmer names and farm identifiers excluded.,6,1,5,0,0,0,0,0,0,0,0,0,0,0,0
Nueva Vizcaya,Aritao,Nagcuartelan,8,25,0,25,0.00,2,0,2021-08-20,2023-10-02,At-risk,7.5,Sanitized aggregate from ASF laboratory-results Google Sheet; farmer names and farm identifiers excluded.,5,0,5,0,0,0,20,0,20,0,0,0,0,0,0
Nueva Vizcaya,Aritao,Nagwartelan,2,6,0,6,0.00,1,0,2023-05-09,2023-05-09,At-risk,5.6,Sanitized aggregate from ASF laboratory-results Google Sheet; farmer names and farm identifiers excluded.,6,0,6,0,0,0,0,0,0,0,0,0,0,0,0
Nueva Vizcaya,Aritao,Sta. Clara,4,10,1,9,10.00,2,1,2021-01-14,2023-10-18,Affected,7.9,Sanitized aggregate from ASF laboratory-results Google Sheet; farmer names and farm identifiers excluded.,4,0,4,1,1,0,5,0,5,0,0,0,0,0,0
Nueva Vizcaya,Aritao,Tabueng,1,3,0,3,0.00,1,0,2023-10-16,2023-10-16,At-risk,5.3,Sanitized aggregate from ASF laboratory-results Google Sheet; farmer names and farm identifiers excluded.,3,0,3,0,0,0,0,0,0,0,0,0,0,0,0
Nueva Vizcaya,Aritao,Tucanon,20,58,0,58,0.00,2,0,2021-08-20,2023-11-03,At-risk,10.8,Sanitized aggregate from ASF laboratory-results Google Sheet; farmer names and farm identifiers excluded.,23,0,23,0,0,0,35,0,35,0,0,0,0,0,0
Nueva Vizcaya,BAGABAG,CABULLAN VILLAVERDE,1,5,0,5,0.00,1,0,2021-10-07,2021-10-07,At-risk,5.5,Sanitized aggregate from ASF laboratory-results Google Sheet; farmer names and farm identifiers excluded.,0,0,0,0,0,0,5,0,5,0,0,0,0,0,0
Nueva Vizcaya,BAGABAG,LANTAP,2,3,0,3,0.00,1,0,2021-08-13,2021-08-19,At-risk,5.3,Sanitized aggregate from ASF laboratory-results Google Sheet; farmer names and farm identifiers excluded.,1,0,1,0,0,0,0,0,0,2,0,2,0,0,0
Nueva Vizcaya,BAGABAG,STA CRUZ,2,3,0,3,0.00,1,0,2021-08-13,2021-08-19,At-risk,5.3,Sanitized aggregate from ASF laboratory-results Google Sheet; farmer names and farm identifiers excluded.,1,0,1,0,0,0,0,0,0,2,0,2,0,0,0
Nueva Vizcaya,BAGABAG,STA LUCIA,4,6,0,6,0.00,1,0,2021-08-13,2021-08-19,At-risk,5.6,Sanitized aggregate from ASF laboratory-results Google Sheet; farmer names and farm identifiers excluded.,2,0,2,0,0,0,0,0,0,4,0,4,0,0,0
Nueva Vizcaya,BAGABAG,TUBONGAN,1,2,0,2,0.00,1,0,2021-08-13,2021-08-13,At-risk,5.2,Sanitized aggregate from ASF laboratory-results Google Sheet; farmer names and farm identifiers excluded.,0,0,0,0,0,0,0,0,0,2,0,2,0,0,0
Nueva Vizcaya,BAGABAG,VILLA COLOMA,4,7,4,3,57.14,1,1,2021-03-03,2021-10-20,Affected,28.3,Sanitized aggregate from ASF laboratory-results Google Sheet; farmer names and farm identifiers excluded.,4,3,1,1,1,0,0,0,0,2,0,2,0,0,0
Nueva Vizcaya,BAGABAG,VILLALOMA,1,5,0,5,0.00,1,0,2021-10-07,2021-10-07,At-risk,5.5,Sanitized aggregate from ASF laboratory-results Google Sheet; farmer names and farm identifiers excluded.,0,0,0,0,0,0,5,0,5,0,0,0,0,0,0
Nueva Vizcaya,BAMBANG,MABULSO,1,2,0,2,0.00,1,0,2021-05-10,2021-05-10,At-risk,5.2,Sanitized aggregate from ASF laboratory-results Google Sheet; farmer names and farm identifiers excluded.,0,0,0,0,0,0,2,0,2,0,0,0,0,0,0
Nueva Vizcaya,BAMBANG,STO DOMINGO,2,4,0,4,0.00,1,0,2021-05-10,2021-05-10,At-risk,5.4,Sanitized aggregate from ASF laboratory-results Google Sheet; farmer names and farm identifiers excluded.,0,0,0,0,0,0,4,0,4,0,0,0,0,0,0
Nueva Vizcaya,BAYOMBONG,BONFAL,1,2,0,2,0.00,1,0,2021-09-03,2021-09-03,At-risk,5.2,Sanitized aggregate from ASF laboratory-results Google Sheet; farmer names and farm identifiers excluded.,2,0,2,0,0,0,0,0,0,0,0,0,0,0,0
Nueva Vizcaya,BAYOMBONG,BUSILLA,1,2,0,2,0.00,1,0,2021-05-10,2021-05-10,At-risk,5.2,Sanitized aggregate from ASF laboratory-results Google Sheet; farmer names and farm identifiers excluded.,0,0,0,0,0,0,2,0,2,0,0,0,0,0,0
Nueva Vizcaya,BAYOMBONG,LATORRE,1,2,0,2,0.00,1,0,2021-05-10,2021-05-10,At-risk,5.2,Sanitized aggregate from ASF laboratory-results Google Sheet; farmer names and farm identifiers excluded.,0,0,0,0,0,0,2,0,2,0,0,0,0,0,0
Nueva Vizcaya,BAYOMBONG,LTN,2,2,0,2,0.00,1,0,2021-08-19,2021-08-19,At-risk,5.2,Sanitized aggregate from ASF laboratory-results Google Sheet; farmer names and farm identifiers excluded.,2,0,2,0,0,0,0,0,0,0,0,0,0,0,0
Nueva Vizcaya,BAYOMBONG,LUYANG,10,14,1,13,7.14,1,1,2021-08-13,2021-10-08,Affected,7.3,Sanitized aggregate from ASF laboratory-results Google Sheet; farmer names and farm identifiers excluded.,6,1,5,0,0,0,0,0,0,8,0,8,0,0,0
Nueva Vizcaya,BAYOMBONG,PANTURU,1,1,0,1,0.00,1,0,2021-08-19,2021-08-19,At-risk,5.1,Sanitized aggregate from ASF laboratory-results Google Sheet; farmer names and farm identifiers excluded.,1,0,1,0,0,0,0,0,0,0,0,0,0,0,0
Nueva Vizcaya,Bagabag,Bakir,15,27,1,26,3.70,2,1,2021-08-13,2023-11-06,Affected,7.4,Sanitized aggregate from ASF laboratory-results Google Sheet; farmer names and farm identifiers excluded.,25,1,24,0,0,0,0,0,0,2,0,2,0,0,0
Nueva Vizcaya,Bagabag,Baretbet,3,3,3,0,100.00,2,2,2021-03-26,2023-10-20,Affected,43.5,Sanitized aggregate from ASF laboratory-results Google Sheet; farmer names and farm identifiers excluded.,1,1,0,2,2,0,0,0,0,0,0,0,0,0,0
Nueva Vizcaya,Bagabag,Careb,3,3,3,0,100.00,2,2,2021-02-17,2023-10-20,Affected,43.5,Sanitized aggregate from ASF laboratory-results Google Sheet; farmer names and farm identifiers excluded.,2,2,0,1,1,0,0,0,0,0,0,0,0,0,0
Nueva Vizcaya,Bagabag,Murong,4,6,3,3,50.00,2,1,2021-08-13,2023-11-06,Affected,24.3,Sanitized aggregate from ASF laboratory-results Google Sheet; farmer names and farm identifiers excluded.,2,1,1,2,2,0,0,0,0,2,0,2,0,0,0
Nueva Vizcaya,Bagabag,Nangalisan,4,6,2,4,33.33,2,1,2020-12-03,2023-07-27,Affected,17.1,Sanitized aggregate from ASF laboratory-results Google Sheet; farmer names and farm identifiers excluded.,2,0,2,2,2,0,2,0,2,0,0,0,0,0,0
Nueva Vizcaya,Bagabag,Paniki,4,7,0,7,0.00,2,0,2021-08-13,2023-07-27,At-risk,5.7,Sanitized aggregate from ASF laboratory-results Google Sheet; farmer names and farm identifiers excluded.,5,0,5,0,0,0,0,0,0,2,0,2,0,0,0
Nueva Vizcaya,Bagabag,Santa Lucia,8,16,0,16,0.00,1,0,2023-10-02,2023-10-02,At-risk,6.6,Sanitized aggregate from ASF laboratory-results Google Sheet; farmer names and farm identifiers excluded.,16,0,16,0,0,0,0,0,0,0,0,0,0,0,0
Nueva Vizcaya,Bagabag,Sta. Cruz,2,28,14,14,50.00,1,1,2023-10-25,2025-10-22,Affected,41.9,Sanitized aggregate from ASF laboratory-results Google Sheet; farmer names and farm identifiers excluded.,28,14,14,0,0,0,0,0,0,0,0,0,0,0,0
Nueva Vizcaya,Bagabag,Sta. Lucia,4,19,1,18,5.26,2,1,2021-03-16,2024-07-26,Affected,7.1,Sanitized aggregate from ASF laboratory-results Google Sheet; farmer names and farm identifiers excluded.,1,0,1,1,1,0,17,0,17,0,0,0,0,0,0
Nueva Vizcaya,Bagabag,Tapaya Villaros,1,10,0,10,0.00,1,0,2023-03-27,2023-03-27,At-risk,6.0,Sanitized aggregate from ASF laboratory-results Google Sheet; farmer names and farm identifiers excluded.,0,0,0,0,0,0,10,0,10,0,0,0,0,0,0
Nueva Vizcaya,Bagabag,Tuao,3,36,10,26,27.78,1,1,2023-01-12,2023-09-18,Affected,29.3,Sanitized aggregate from ASF laboratory-results Google Sheet; farmer names and farm identifiers excluded.,31,10,21,0,0,0,5,0,5,0,0,0,0,0,0
Nueva Vizcaya,Bagabag,Villaros,2,4,2,2,50.00,1,1,2023-10-17,2023-10-26,Affected,22.7,Sanitized aggregate from ASF laboratory-results Google Sheet; farmer names and farm identifiers excluded.,4,2,2,0,0,0,0,0,0,0,0,0,0,0,0
Nueva Vizcaya,Bambang,Abian,11,24,4,20,16.67,2,2,2021-07-19,2024-07-31,Affected,17.8,Sanitized aggregate from ASF laboratory-results Google Sheet; farmer names and farm identifiers excluded.,8,2,6,2,2,0,10,0,10,4,0,4,0,0,0
Nueva Vizcaya,Bambang,Abinganan,27,75,11,64,14.67,1,1,2022-11-09,2023-10-31,Affected,30.0,Sanitized aggregate from ASF laboratory-results Google Sheet; farmer names and farm identifiers excluded.,31,7,24,4,4,0,40,0,40,0,0,0,0,0,0
Nueva Vizcaya,Bambang,Aliaga,5,10,1,9,10.00,2,1,2021-07-19,2024-07-22,Affected,7.9,Sanitized aggregate from ASF laboratory-results Google Sheet; farmer names and farm identifiers excluded.,2,0,2,1,1,0,5,0,5,2,0,2,0,0,0
Nueva Vizcaya,Bambang,Buag,1,3,0,3,0.00,1,0,2024-07-22,2024-07-22,At-risk,5.3,Sanitized aggregate from ASF laboratory-results Google Sheet; farmer names and farm identifiers excluded.,3,0,3,0,0,0,0,0,0,0,0,0,0,0,0
Nueva Vizcaya,Bambang,Dullao,1,1,0,1,0.00,1,0,2024-07-22,2024-07-22,At-risk,5.1,Sanitized aggregate from ASF laboratory-results Google Sheet; farmer names and farm identifiers excluded.,1,0,1,0,0,0,0,0,0,0,0,0,0,0,0
Nueva Vizcaya,Bambang,Mabuslo,5,11,8,3,72.73,1,1,2021-07-28,2024-07-22,Affected,39.8,Sanitized aggregate from ASF laboratory-results Google Sheet; farmer names and farm identifiers excluded.,11,8,3,0,0,0,0,0,0,0,0,0,0,0,0
Nueva Vizcaya,Bambang,Macate,4,5,2,3,40.00,1,1,2023-10-13,2023-10-31,Affected,19.3,Sanitized aggregate from ASF laboratory-results Google Sheet; farmer names and farm identifiers excluded.,5,2,3,0,0,0,0,0,0,0,0,0,0,0,0
Nueva Vizcaya,Bambang,N/A,1,1,0,1,0.00,1,0,2024-07-22,2024-07-22,At-risk,5.1,Sanitized aggregate from ASF laboratory-results Google Sheet; farmer names and farm identifiers excluded.,1,0,1,0,0,0,0,0,0,0,0,0,0,0,0
Nueva Vizcaya,Bambang,Salinas,2,5,0,5,0.00,1,0,2023-10-24,2023-10-27,At-risk,5.5,Sanitized aggregate from ASF laboratory-results Google Sheet; farmer names and farm identifiers excluded.,5,0,5,0,0,0,0,0,0,0,0,0,0,0,0
Nueva Vizcaya,Bambang,San Antonio North,3,4,2,2,50.00,1,1,2023-05-31,2023-05-31,Affected,22.7,Sanitized aggregate from ASF laboratory-results Google Sheet; farmer names and farm identifiers excluded.,3,2,1,1,0,1,0,0,0,0,0,0,0,0,0
Nueva Vizcaya,Bambang,San Fernando,10,23,0,23,0.00,2,0,2021-07-19,2024-07-22,At-risk,7.3,Sanitized aggregate from ASF laboratory-results Google Sheet; farmer names and farm identifiers excluded.,9,0,9,0,0,0,10,0,10,4,0,4,0,0,0
Nueva Vizcaya,Bambang,San Leonardo,1,2,2,0,100.00,1,1,2024-08-05,2024-08-05,Affected,40.0,Sanitized aggregate from ASF laboratory-results Google Sheet; farmer names and farm identifiers excluded.,2,2,0,0,0,0,0,0,0,0,0,0,0,0,0
Nueva Vizcaya,Bambang,Sto. Domingo,2,4,0,4,0.00,1,0,2021-07-28,2021-07-28,At-risk,5.4,Sanitized aggregate from ASF laboratory-results Google Sheet; farmer names and farm identifiers excluded.,4,0,4,0,0,0,0,0,0,0,0,0,0,0,0
Nueva Vizcaya,Bayombong,Bintawan,1,3,0,3,0.00,1,0,2024-09-13,2024-09-13,At-risk,5.3,Sanitized aggregate from ASF laboratory-results Google Sheet; farmer names and farm identifiers excluded.,3,0,3,0,0,0,0,0,0,0,0,0,0,0,0
Nueva Vizcaya,Bayombong,Buenavista,1,1,0,1,0.00,1,0,2023-02-16,2023-02-16,At-risk,5.1,Sanitized aggregate from ASF laboratory-results Google Sheet; farmer names and farm identifiers excluded.,1,0,1,0,0,0,0,0,0,0,0,0,0,0,0
Nueva Vizcaya,Bayombong,Casat,42,114,2,112,1.75,2,1,2021-08-13,2023-06-01,Affected,15.4,Sanitized aggregate from ASF laboratory-results Google Sheet; farmer names and farm identifiers excluded.,47,0,47,4,2,2,47,0,47,16,0,16,0,0,0
Nueva Vizcaya,Bayombong,La Torre,1,1,1,0,100.00,1,1,2021-07-21,2021-07-21,Affected,38.5,Sanitized aggregate from ASF laboratory-results Google Sheet; farmer names and farm identifiers excluded.,1,1,0,0,0,0,0,0,0,0,0,0,0,0,0
Nueva Vizcaya,Bayombong,La Torre North,11,38,0,38,0.00,2,0,2021-08-13,2023-06-01,At-risk,8.8,Sanitized aggregate from ASF laboratory-results Google Sheet; farmer names and farm identifiers excluded.,18,0,18,1,0,1,15,0,15,4,0,4,0,0,0
Nueva Vizcaya,Bayombong,Magapuy,9,17,1,16,5.88,1,1,2023-10-02,2023-10-31,Affected,7.2,Sanitized aggregate from ASF laboratory-results Google Sheet; farmer names and farm identifiers excluded.,16,0,16,1,1,0,0,0,0,0,0,0,0,0,0
Nueva Vizcaya,Bayombong,Magsaysay,10,211,2,209,0.95,2,1,2021-05-10,2023-09-20,Affected,15.1,Sanitized aggregate from ASF laboratory-results Google Sheet; farmer names and farm identifiers excluded.,198,2,196,0,0,0,13,0,13,0,0,0,0,0,0
Nueva Vizcaya,Bayombong,Masoc,4,27,13,14,48.15,1,1,2020-01-15,2024-09-13,Affected,39.8,Sanitized aggregate from ASF laboratory-results Google Sheet; farmer names and farm identifiers excluded.,14,0,14,13,13,0,0,0,0,0,0,0,0,0,0
Nueva Vizcaya,Bayombong,Paitan,2,7,0,7,0.00,2,0,2021-08-13,2023-02-16,At-risk,5.7,Sanitized aggregate from ASF laboratory-results Google Sheet; farmer names and farm identifiers excluded.,5,0,5,0,0,0,0,0,0,2,0,2,0,0,0
Nueva Vizcaya,Bayombong,Vista Allegre,1,1,1,0,100.00,1,1,2020-12-11,2020-12-11,Affected,38.5,Sanitized aggregate from ASF laboratory-results Google Sheet; farmer names and farm identifiers excluded.,0,0,0,1,1,0,0,0,0,0,0,0,0,0,0
Nueva Vizcaya,DIADI,DURWAROG,1,1,0,1,0.00,1,0,2022-03-30,2022-03-30,At-risk,5.1,Sanitized aggregate from ASF laboratory-results Google Sheet; farmer names and farm identifiers excluded.,0,0,0,0,0,0,1,0,1,0,0,0,0,0,0
Nueva Vizcaya,DUPAX DEL NORTE,ANTENG MABASA,2,3,0,3,0.00,1,0,2021-08-13,2021-08-19,At-risk,5.3,Sanitized aggregate from ASF laboratory-results Google Sheet; farmer names and farm identifiers excluded.,1,0,1,0,0,0,0,0,0,2,0,2,0,0,0
Nueva Vizcaya,DUPAX DEL NORTE,CABATUAN MABASA,2,4,0,4,0.00,1,0,2021-08-13,2021-08-13,At-risk,5.4,Sanitized aggregate from ASF laboratory-results Google Sheet; farmer names and farm identifiers excluded.,0,0,0,0,0,0,0,0,0,4,0,4,0,0,0
Nueva Vizcaya,DUPAX DEL NORTE,DOMANG,1,1,0,1,0.00,1,0,2021-08-20,2021-08-20,At-risk,5.1,Sanitized aggregate from ASF laboratory-results Google Sheet; farmer names and farm identifiers excluded.,1,0,1,0,0,0,0,0,0,0,0,0,0,0,0
Nueva Vizcaya,DUPAX DEL NORTE,GUIJO BITNONG,1,1,0,1,0.00,1,0,2021-08-19,2021-08-19,At-risk,5.1,Sanitized aggregate from ASF laboratory-results Google Sheet; farmer names and farm identifiers excluded.,1,0,1,0,0,0,0,0,0,0,0,0,0,0,0
Nueva Vizcaya,DUPAX DEL NORTE,KEON BITNONG,1,1,0,1,0.00,1,0,2021-08-19,2021-08-19,At-risk,5.1,Sanitized aggregate from ASF laboratory-results Google Sheet; farmer names and farm identifiers excluded.,1,0,1,0,0,0,0,0,0,0,0,0,0,0,0
Nueva Vizcaya,DUPAX DEL NORTE,MABARIT MABASA,1,2,0,2,0.00,1,0,2021-08-13,2021-08-13,At-risk,5.2,Sanitized aggregate from ASF laboratory-results Google Sheet; farmer names and farm identifiers excluded.,0,0,0,0,0,0,0,0,0,2,0,2,0,0,0
Nueva Vizcaya,DUPAX DEL NORTE,MOLAVE BITNONG,4,4,0,4,0.00,1,0,2021-08-19,2021-08-19,At-risk,5.4,Sanitized aggregate from ASF laboratory-results Google Sheet; farmer names and farm identifiers excluded.,4,0,4,0,0,0,0,0,0,0,0,0,0,0,0
Nueva Vizcaya,DUPAX DEL NORTE,NUNGUIA,1,2,0,2,0.00,1,0,2021-08-20,2021-08-20,At-risk,5.2,Sanitized aggregate from ASF laboratory-results Google Sheet; farmer names and farm identifiers excluded.,2,0,2,0,0,0,0,0,0,0,0,0,0,0,0
Nueva Vizcaya,Diadi,Arwas,2,3,3,0,100.00,1,1,2023-10-23,2023-11-03,Affected,41.5,Sanitized aggregate from ASF laboratory-results Google Sheet; farmer names and farm identifiers excluded.,3,3,0,0,0,0,0,0,0,0,0,0,0,0,0
Nueva Vizcaya,Diadi,Bugnay,1,1,1,0,100.00,1,1,2020-10-02,2020-10-02,Affected,38.5,Sanitized aggregate from ASF laboratory-results Google Sheet; farmer names and farm identifiers excluded.,1,1,0,0,0,0,0,0,0,0,0,0,0,0,0
Nueva Vizcaya,Diadi,Butao,13,24,18,6,75.00,1,1,2023-09-06,2023-10-24,Affected,55.9,Sanitized aggregate from ASF laboratory-results Google Sheet; farmer names and farm identifiers excluded.,24,18,6,0,0,0,0,0,0,0,0,0,0,0,0
Nueva Vizcaya,Diadi,Poblacion,14,23,3,20,13.04,2,1,2020-10-20,2023-11-06,Affected,13.1,Sanitized aggregate from ASF laboratory-results Google Sheet; farmer names and farm identifiers excluded.,9,1,8,2,2,0,12,0,12,0,0,0,0,0,0
Nueva Vizcaya,Diadi,San Pablo,43,141,0,141,0.00,1,0,2022-03-14,2023-11-03,At-risk,15.0,Sanitized aggregate from ASF laboratory-results Google Sheet; farmer names and farm identifiers excluded.,56,0,56,0,0,0,85,0,85,0,0,0,0,0,0
Nueva Vizcaya,Dupax Del Norte,Bitnong,25,64,2,62,3.12,2,1,2021-07-19,2023-05-09,Affected,12.3,Sanitized aggregate from ASF laboratory-results Google Sheet; farmer names and farm identifiers excluded.,20,0,20,1,1,0,30,0,30,12,0,12,1,1,0
Nueva Vizcaya,Dupax Del Norte,Inaban,11,44,4,40,9.09,2,2,2020-12-11,2023-05-09,Affected,17.2,Sanitized aggregate from ASF laboratory-results Google Sheet; farmer names and farm identifiers excluded.,43,3,40,1,1,0,0,0,0,0,0,0,0,0,0
Nueva Vizcaya,Dupax Del Norte,Lamo,3,5,3,2,60.00,1,1,2022-05-26,2024-07-23,Affected,27.7,Sanitized aggregate from ASF laboratory-results Google Sheet; farmer names and farm identifiers excluded.,5,3,2,0,0,0,0,0,0,0,0,0,0,0,0
Nueva Vizcaya,Dupax Del Norte,Mabasa,14,34,7,27,20.59,2,2,2021-07-19,2024-01-04,Affected,24.4,Sanitized aggregate from ASF laboratory-results Google Sheet; farmer names and farm identifiers excluded.,19,4,15,5,3,2,10,0,10,0,0,0,0,0,0
Nueva Vizcaya,Dupax Del Norte,Malasin,5,16,0,16,0.00,2,0,2021-08-20,2023-10-13,At-risk,6.6,Sanitized aggregate from ASF laboratory-results Google Sheet; farmer names and farm identifiers excluded.,8,0,8,0,0,0,8,0,8,0,0,0,0,0,0
Nueva Vizcaya,Dupax Del Norte,Munguia,1,2,0,2,0.00,1,0,2023-10-13,2023-10-13,At-risk,5.2,Sanitized aggregate from ASF laboratory-results Google Sheet; farmer names and farm identifiers excluded.,2,0,2,0,0,0,0,0,0,0,0,0,0,0,0
Nueva Vizcaya,Dupax Del Norte,N/A,7,16,0,16,0.00,1,0,2023-10-26,2023-10-26,At-risk,6.6,Sanitized aggregate from ASF laboratory-results Google Sheet; farmer names and farm identifiers excluded.,16,0,16,0,0,0,0,0,0,0,0,0,0,0,0
Nueva Vizcaya,Dupax Del Norte,Parai,3,4,0,4,0.00,1,0,2022-05-26,2023-10-13,At-risk,5.4,Sanitized aggregate from ASF laboratory-results Google Sheet; farmer names and farm identifiers excluded.,4,0,4,0,0,0,0,0,0,0,0,0,0,0,0
Nueva Vizcaya,Dupax Del Sur,Bagumbayan,2,5,3,2,60.00,1,1,2023-10-20,2024-01-17,Affected,27.7,Sanitized aggregate from ASF laboratory-results Google Sheet; farmer names and farm identifiers excluded.,4,2,2,1,1,0,0,0,0,0,0,0,0,0,0
Nueva Vizcaya,Dupax Del Sur,Canabay,15,42,0,42,0.00,1,0,2023-05-09,2023-05-09,At-risk,9.2,Sanitized aggregate from ASF laboratory-results Google Sheet; farmer names and farm identifiers excluded.,42,0,42,0,0,0,0,0,0,0,0,0,0,0,0
Nueva Vizcaya,Dupax Del Sur,Carolotan,10,20,0,20,0.00,1,0,2023-10-02,2024-07-26,At-risk,7.0,Sanitized aggregate from ASF laboratory-results Google Sheet; farmer names and farm identifiers excluded.,20,0,20,0,0,0,0,0,0,0,0,0,0,0,0
Nueva Vizcaya,Dupax Del Sur,Dopaj,1,2,1,1,50.00,1,1,2024-01-03,2024-01-03,Affected,21.1,Sanitized aggregate from ASF laboratory-results Google Sheet; farmer names and farm identifiers excluded.,1,1,0,1,0,1,0,0,0,0,0,0,0,0,0
Nueva Vizcaya,Dupax Del Sur,Mangayang,1,5,2,3,40.00,1,1,2023-10-24,2023-10-24,Affected,19.3,Sanitized aggregate from ASF laboratory-results Google Sheet; farmer names and farm identifiers excluded.,5,2,3,0,0,0,0,0,0,0,0,0,0,0,0
Nueva Vizcaya,Dupax Del Sur,Sta. Maria,1,2,2,0,100.00,1,1,2024-08-05,2024-08-05,Affected,40.0,Sanitized aggregate from ASF laboratory-results Google Sheet; farmer names and farm identifiers excluded.,2,2,0,0,0,0,0,0,0,0,0,0,0,0,0
Nueva Vizcaya,KASIBU,LUANGAL,2,2,0,2,0.00,1,0,2021-08-19,2021-08-19,At-risk,5.2,Sanitized aggregate from ASF laboratory-results Google Sheet; farmer names and farm identifiers excluded.,2,0,2,0,0,0,0,0,0,0,0,0,0,0,0
Nueva Vizcaya,KAYAPA,BAAN,3,8,0,8,0.00,2,0,2021-07-19,2021-08-19,At-risk,5.8,Sanitized aggregate from ASF laboratory-results Google Sheet; farmer names and farm identifiers excluded.,1,0,1,0,0,0,5,0,5,2,0,2,0,0,0
Nueva Vizcaya,KAYAPA,BESONG,3,6,0,6,0.00,1,0,2021-08-20,2021-08-20,At-risk,5.6,Sanitized aggregate from ASF laboratory-results Google Sheet; farmer names and farm identifiers excluded.,6,0,6,0,0,0,0,0,0,0,0,0,0,0,0
Nueva Vizcaya,KAYAPA,BOAN,1,3,0,3,0.00,1,0,2021-10-08,2021-10-08,At-risk,5.3,Sanitized aggregate from ASF laboratory-results Google Sheet; farmer names and farm identifiers excluded.,3,0,3,0,0,0,0,0,0,0,0,0,0,0,0
Nueva Vizcaya,KAYAPA,CASTILLLO VILLAGE,5,8,0,8,0.00,1,0,2021-08-13,2021-08-20,At-risk,5.8,Sanitized aggregate from ASF laboratory-results Google Sheet; farmer names and farm identifiers excluded.,4,0,4,0,0,0,0,0,0,4,0,4,0,0,0
Nueva Vizcaya,KAYAPA,N/A,6,16,0,16,0.00,1,0,2021-10-20,2021-10-20,At-risk,6.6,Sanitized aggregate from ASF laboratory-results Google Sheet; farmer names and farm identifiers excluded.,16,0,16,0,0,0,0,0,0,0,0,0,0,0,0
Nueva Vizcaya,KAYAPA,PAMPANG,29,77,9,68,11.69,2,1,2021-07-19,2021-10-08,Affected,26.4,Sanitized aggregate from ASF laboratory-results Google Sheet; farmer names and farm identifiers excluded.,19,3,16,6,6,0,38,0,38,14,0,14,0,0,0
Nueva Vizcaya,KAYAPA,PANGAWAN,1,3,0,3,0.00,1,0,2021-08-20,2021-08-20,At-risk,5.3,Sanitized aggregate from ASF laboratory-results Google Sheet; farmer names and farm identifiers excluded.,3,0,3,0,0,0,0,0,0,0,0,0,0,0,0
Nueva Vizcaya,KAYAPA,TABUNGAN,1,4,0,4,0.00,1,0,2021-10-07,2021-10-07,At-risk,5.4,Sanitized aggregate from ASF laboratory-results Google Sheet; farmer names and farm identifiers excluded.,0,0,0,0,0,0,4,0,4,0,0,0,0,0,0
Nueva Vizcaya,KAYAPA,TUBONGAN,5,10,0,10,0.00,1,0,2021-08-13,2021-10-08,At-risk,6.0,Sanitized aggregate from ASF laboratory-results Google Sheet; farmer names and farm identifiers excluded.,8,0,8,0,0,0,0,0,0,2,0,2,0,0,0
Nueva Vizcaya,Kasibu,Alloy,6,18,3,15,16.67,1,1,2022-02-10,2023-09-22,Affected,13.8,Sanitized aggregate from ASF laboratory-results Google Sheet; farmer names and farm identifiers excluded.,8,3,5,0,0,0,10,0,10,0,0,0,0,0,0
Nueva Vizcaya,Kasibu,Binogawan,6,12,0,12,0.00,1,0,2023-10-02,2023-10-26,At-risk,6.2,Sanitized aggregate from ASF laboratory-results Google Sheet; farmer names and farm identifiers excluded.,12,0,12,0,0,0,0,0,0,0,0,0,0,0,0
Nueva Vizcaya,Kasibu,Binowagan,3,3,3,0,100.00,1,1,2023-10-23,2023-10-26,Affected,41.5,Sanitized aggregate from ASF laboratory-results Google Sheet; farmer names and farm identifiers excluded.,3,3,0,0,0,0,0,0,0,0,0,0,0,0,0
Nueva Vizcaya,Kasibu,Binugauan,2,10,0,10,0.00,1,0,2021-07-19,2021-07-19,At-risk,6.0,Sanitized aggregate from ASF laboratory-results Google Sheet; farmer names and farm identifiers excluded.,0,0,0,0,0,0,10,0,10,0,0,0,0,0,0
Nueva Vizcaya,Kasibu,Capisaan,1,3,3,0,100.00,1,1,2023-10-17,2023-10-17,Affected,41.5,Sanitized aggregate from ASF laboratory-results Google Sheet; farmer names and farm identifiers excluded.,3,3,0,0,0,0,0,0,0,0,0,0,0,0,0
Nueva Vizcaya,Kasibu,Catarawan,1,1,1,0,100.00,1,1,2020-11-10,2020-11-10,Affected,38.5,Sanitized aggregate from ASF laboratory-results Google Sheet; farmer names and farm identifiers excluded.,0,0,0,1,1,0,0,0,0,0,0,0,0,0,0
Nueva Vizcaya,Kasibu,Dine,1,2,2,0,100.00,1,1,2023-10-11,2023-10-11,Affected,40.0,Sanitized aggregate from ASF laboratory-results Google Sheet; farmer names and farm identifiers excluded.,1,1,0,1,1,0,0,0,0,0,0,0,0,0,0
Nueva Vizcaya,Kasibu,Macalong,1,1,1,0,100.00,1,1,2024-01-05,2024-01-05,Affected,38.5,Sanitized aggregate from ASF laboratory-results Google Sheet; farmer names and farm identifiers excluded.,1,1,0,0,0,0,0,0,0,0,0,0,0,0,0
Nueva Vizcaya,Kasibu,Malabing,6,17,3,14,17.65,1,1,2020-10-28,2023-10-02,Affected,14.1,Sanitized aggregate from ASF laboratory-results Google Sheet; farmer names and farm identifiers excluded.,7,3,4,0,0,0,10,0,10,0,0,0,0,0,0
Nueva Vizcaya,Kasibu,N/A,1,2,2,0,100.00,1,1,2025-10-06,2025-10-06,Affected,40.0,Sanitized aggregate from ASF laboratory-results Google Sheet; farmer names and farm identifiers excluded.,0,0,0,2,2,0,0,0,0,0,0,0,0,0,0
Nueva Vizcaya,Kasibu,Papaya,3,4,2,2,50.00,1,1,2023-09-22,2023-10-23,Affected,22.7,Sanitized aggregate from ASF laboratory-results Google Sheet; farmer names and farm identifiers excluded.,4,2,2,0,0,0,0,0,0,0,0,0,0,0,0
Nueva Vizcaya,Kasibu,Paquet,1,1,1,0,100.00,1,1,2020-11-10,2020-11-10,Affected,38.5,Sanitized aggregate from ASF laboratory-results Google Sheet; farmer names and farm identifiers excluded.,0,0,0,1,1,0,0,0,0,0,0,0,0,0,0
Nueva Vizcaya,Kasibu,Payapa,2,4,0,4,0.00,1,0,2023-10-02,2023-10-02,At-risk,5.4,Sanitized aggregate from ASF laboratory-results Google Sheet; farmer names and farm identifiers excluded.,4,0,4,0,0,0,0,0,0,0,0,0,0,0,0
Nueva Vizcaya,Kasibu,Poblacion,11,22,1,21,4.55,2,1,2021-07-19,2023-10-13,Affected,7.2,Sanitized aggregate from ASF laboratory-results Google Sheet; farmer names and farm identifiers excluded.,8,1,7,0,0,0,10,0,10,4,0,4,0,0,0
Nueva Vizcaya,Kasibu,Tadji,19,55,0,55,0.00,1,0,2022-02-10,2023-05-09,At-risk,10.5,Sanitized aggregate from ASF laboratory-results Google Sheet; farmer names and farm identifiers excluded.,45,0,45,0,0,0,10,0,10,0,0,0,0,0,0
Nueva Vizcaya,Kasibu,Wangal,5,15,1,14,6.67,2,1,2021-07-19,2023-10-26,Affected,7.2,Sanitized aggregate from ASF laboratory-results Google Sheet; farmer names and farm identifiers excluded.,1,1,0,0,0,0,10,0,10,4,0,4,0,0,0
Nueva Vizcaya,Kasibu,Watwat,1,2,0,2,0.00,1,0,2023-09-25,2023-09-25,At-risk,5.2,Sanitized aggregate from ASF laboratory-results Google Sheet; farmer names and farm identifiers excluded.,2,0,2,0,0,0,0,0,0,0,0,0,0,0,0
Nueva Vizcaya,Kayapa,Amelong Labeng,1,2,0,2,0.00,1,0,2023-10-26,2023-10-26,At-risk,5.2,Sanitized aggregate from ASF laboratory-results Google Sheet; farmer names and farm identifiers excluded.,2,0,2,0,0,0,0,0,0,0,0,0,0,0,0
Nueva Vizcaya,Kayapa,Babadi,1,2,0,2,0.00,1,0,2023-10-26,2023-10-26,At-risk,5.2,Sanitized aggregate from ASF laboratory-results Google Sheet; farmer names and farm identifiers excluded.,2,0,2,0,0,0,0,0,0,0,0,0,0,0,0
Nueva Vizcaya,Kayapa,Balangabang,2,3,0,3,0.00,1,0,2024-07-19,2024-07-19,At-risk,5.3,Sanitized aggregate from ASF laboratory-results Google Sheet; farmer names and farm identifiers excluded.,2,0,2,1,0,1,0,0,0,0,0,0,0,0,0
Nueva Vizcaya,Kayapa,Castillo Village,7,15,5,10,33.33,2,1,2021-07-19,2023-10-26,Affected,22.2,Sanitized aggregate from ASF laboratory-results Google Sheet; farmer names and farm identifiers excluded.,7,4,3,1,1,0,7,0,7,0,0,0,0,0,0
Nueva Vizcaya,Kayapa,Nansiakan,30,112,0,112,0.00,1,0,2022-11-09,2023-05-09,At-risk,15.0,Sanitized aggregate from ASF laboratory-results Google Sheet; farmer names and farm identifiers excluded.,37,0,37,0,0,0,75,0,75,0,0,0,0,0,0
Nueva Vizcaya,Kayapa,Pinayag,1,2,0,2,0.00,1,0,2023-10-26,2023-10-26,At-risk,5.2,Sanitized aggregate from ASF laboratory-results Google Sheet; farmer names and farm identifiers excluded.,2,0,2,0,0,0,0,0,0,0,0,0,0,0,0
Nueva Vizcaya,Kayapa,Pingkain,1,5,0,5,0.00,1,0,2021-07-19,2021-07-19,At-risk,5.5,Sanitized aggregate from ASF laboratory-results Google Sheet; farmer names and farm identifiers excluded.,0,0,0,0,0,0,5,0,5,0,0,0,0,0,0
Nueva Vizcaya,Kayapa,Tubungan,2,10,0,10,0.00,1,0,2021-07-19,2021-07-19,At-risk,6.0,Sanitized aggregate from ASF laboratory-results Google Sheet; farmer names and farm identifiers excluded.,0,0,0,0,0,0,10,0,10,0,0,0,0,0,0
Nueva Vizcaya,QUEZON,DUMALIGYA,1,1,0,1,0.00,1,0,2021-08-20,2021-08-20,At-risk,5.1,Sanitized aggregate from ASF laboratory-results Google Sheet; farmer names and farm identifiers excluded.,1,0,1,0,0,0,0,0,0,0,0,0,0,0,0
Nueva Vizcaya,QUEZON,GARUBBA,2,10,0,10,0.00,1,0,2021-10-07,2021-10-07,At-risk,6.0,Sanitized aggregate from ASF laboratory-results Google Sheet; farmer names and farm identifiers excluded.,0,0,0,0,0,0,10,0,10,0,0,0,0,0,0
Nueva Vizcaya,Quezon,Aurora,48,147,20,127,13.61,2,1,2020-11-06,2023-11-06,Affected,44.8,Sanitized aggregate from ASF laboratory-results Google Sheet; farmer names and farm identifiers excluded.,49,15,34,5,5,0,93,0,93,0,0,0,0,0,0
Nueva Vizcaya,Quezon,Baresbes,2,4,1,3,25.00,1,1,2022-04-11,2023-09-26,Affected,12.6,Sanitized aggregate from ASF laboratory-results Google Sheet; farmer names and farm identifiers excluded.,1,1,0,0,0,0,3,0,3,0,0,0,0,0,0
Nueva Vizcaya,Quezon,Bolinao,2,2,2,0,100.00,1,1,2020-11-10,2020-11-25,Affected,40.0,Sanitized aggregate from ASF laboratory-results Google Sheet; farmer names and farm identifiers excluded.,1,1,0,1,1,0,0,0,0,0,0,0,0,0,0
Nueva Vizcaya,Quezon,Bonifacio,2,4,4,0,100.00,1,1,2023-10-11,2023-10-13,Affected,43.0,Sanitized aggregate from ASF laboratory-results Google Sheet; farmer names and farm identifiers excluded.,4,4,0,0,0,0,0,0,0,0,0,0,0,0,0
Nueva Vizcaya,Quezon,Buliwao,7,7,2,5,28.57,1,1,2022-05-26,2023-10-17,Affected,15.5,Sanitized aggregate from ASF laboratory-results Google Sheet; farmer names and farm identifiers excluded.,6,1,5,1,1,0,0,0,0,0,0,0,0,0,0
Nueva Vizcaya,Quezon,Caliat,15,38,13,25,34.21,1,1,2020-11-06,2023-10-26,Affected,36.0,Sanitized aggregate from ASF laboratory-results Google Sheet; farmer names and farm identifiers excluded.,15,10,5,3,3,0,20,0,20,0,0,0,0,0,0
Nueva Vizcaya,Quezon,Caloocan,1,2,0,2,0.00,1,0,2023-02-16,2023-02-16,At-risk,5.2,Sanitized aggregate from ASF laboratory-results Google Sheet; farmer names and farm identifiers excluded.,2,0,2,0,0,0,0,0,0,0,0,0,0,0,0
Nueva Vizcaya,Quezon,Darubba,7,9,9,0,100.00,1,1,2020-10-28,2024-01-08,Affected,50.5,Sanitized aggregate from ASF laboratory-results Google Sheet; farmer names and farm identifiers excluded.,6,6,0,3,3,0,0,0,0,0,0,0,0,0,0
Nueva Vizcaya,Quezon,Maddiangat,12,20,8,12,40.00,1,1,2020-11-25,2023-09-26,Affected,29.2,Sanitized aggregate from ASF laboratory-results Google Sheet; farmer names and farm identifiers excluded.,10,5,5,3,3,0,7,0,7,0,0,0,0,0,0
Nueva Vizcaya,Quezon,Nalubbunan,24,51,23,28,45.10,1,1,2020-11-06,2023-10-26,Affected,55.1,Sanitized aggregate from ASF laboratory-results Google Sheet; farmer names and farm identifiers excluded.,24,18,6,7,5,2,20,0,20,0,0,0,0,0,0
Nueva Vizcaya,Quezon,Runruno,2,4,4,0,100.00,1,1,2023-10-18,2023-10-31,Affected,43.0,Sanitized aggregate from ASF laboratory-results Google Sheet; farmer names and farm identifiers excluded.,4,4,0,0,0,0,0,0,0,0,0,0,0,0,0
Nueva Vizcaya,SOLANO,N/A,1,1,0,1,0.00,1,0,2021-08-20,2021-08-20,At-risk,5.1,Sanitized aggregate from ASF laboratory-results Google Sheet; farmer names and farm identifiers excluded.,1,0,1,0,0,0,0,0,0,0,0,0,0,0,0
Nueva Vizcaya,STA FE,BACNENG,1,2,0,2,0.00,1,0,2021-08-20,2021-08-20,At-risk,5.2,Sanitized aggregate from ASF laboratory-results Google Sheet; farmer names and farm identifiers excluded.,2,0,2,0,0,0,0,0,0,0,0,0,0,0,0
Nueva Vizcaya,STA FE,POBLACION,2,3,0,3,0.00,1,0,2021-08-20,2021-08-20,At-risk,5.3,Sanitized aggregate from ASF laboratory-results Google Sheet; farmer names and farm identifiers excluded.,3,0,3,0,0,0,0,0,0,0,0,0,0,0,0
Nueva Vizcaya,Santa Fe,Tactac,1,4,0,4,0.00,1,0,2024-09-13,2024-09-13,At-risk,5.4,Sanitized aggregate from ASF laboratory-results Google Sheet; farmer names and farm identifiers excluded.,4,0,4,0,0,0,0,0,0,0,0,0,0,0,0
Nueva Vizcaya,Solano,Aggub,3,3,1,2,33.33,1,1,2023-07-27,2023-11-03,Affected,15.4,Sanitized aggregate from ASF laboratory-results Google Sheet; farmer names and farm identifiers excluded.,3,1,2,0,0,0,0,0,0,0,0,0,0,0,0
Nueva Vizcaya,Solano,Bagababag,1,2,0,2,0.00,1,0,2024-09-13,2024-09-13,At-risk,5.2,Sanitized aggregate from ASF laboratory-results Google Sheet; farmer names and farm identifiers excluded.,2,0,2,0,0,0,0,0,0,0,0,0,0,0,0
Nueva Vizcaya,Solano,Bagabag,1,2,0,2,0.00,1,0,2023-10-02,2023-10-02,At-risk,5.2,Sanitized aggregate from ASF laboratory-results Google Sheet; farmer names and farm identifiers excluded.,2,0,2,0,0,0,0,0,0,0,0,0,0,0,0
Nueva Vizcaya,Solano,Bagahabag,5,5,0,5,0.00,2,0,2021-08-20,2023-07-27,At-risk,5.5,Sanitized aggregate from ASF laboratory-results Google Sheet; farmer names and farm identifiers excluded.,5,0,5,0,0,0,0,0,0,0,0,0,0,0,0
Nueva Vizcaya,Solano,Bangaan,18,54,1,53,1.85,1,1,2022-02-24,2023-07-27,Affected,9.4,Sanitized aggregate from ASF laboratory-results Google Sheet; farmer names and farm identifiers excluded.,9,1,8,0,0,0,45,0,45,0,0,0,0,0,0
Nueva Vizcaya,Solano,Bintawan,1,1,0,1,0.00,1,0,2023-02-16,2023-02-16,At-risk,5.1,Sanitized aggregate from ASF laboratory-results Google Sheet; farmer names and farm identifiers excluded.,1,0,1,0,0,0,0,0,0,0,0,0,0,0,0
Nueva Vizcaya,Solano,Commonal,1,3,0,3,0.00,1,0,2023-02-16,2023-02-16,At-risk,5.3,Sanitized aggregate from ASF laboratory-results Google Sheet; farmer names and farm identifiers excluded.,3,0,3,0,0,0,0,0,0,0,0,0,0,0,0
Nueva Vizcaya,Solano,Communal,1,1,0,1,0.00,1,0,2024-09-13,2024-09-13,At-risk,5.1,Sanitized aggregate from ASF laboratory-results Google Sheet; farmer names and farm identifiers excluded.,1,0,1,0,0,0,0,0,0,0,0,0,0,0,0
Nueva Vizcaya,Solano,Curifang,9,11,3,8,27.27,1,1,2020-11-18,2023-10-02,Affected,16.8,Sanitized aggregate from ASF laboratory-results Google Sheet; farmer names and farm identifiers excluded.,10,2,8,1,1,0,0,0,0,0,0,0,0,0,0
Nueva Vizcaya,Solano,Curipang,1,1,0,1,0.00,1,0,2023-07-27,2023-07-27,At-risk,5.1,Sanitized aggregate from ASF laboratory-results Google Sheet; farmer names and farm identifiers excluded.,1,0,1,0,0,0,0,0,0,0,0,0,0,0,0
Nueva Vizcaya,Solano,Dadap,8,10,2,8,20.00,2,1,2020-11-18,2021-07-28,Affected,12.8,Sanitized aggregate from ASF laboratory-results Google Sheet; farmer names and farm identifiers excluded.,7,1,6,1,1,0,2,0,2,0,0,0,0,0,0
Nueva Vizcaya,Solano,Lactawan,1,1,1,0,100.00,1,1,2020-11-25,2020-11-25,Affected,38.5,Sanitized aggregate from ASF laboratory-results Google Sheet; farmer names and farm identifiers excluded.,1,1,0,0,0,0,0,0,0,0,0,0,0,0,0
Nueva Vizcaya,Solano,Laktawan,3,3,0,3,0.00,1,0,2023-02-16,2023-02-16,At-risk,5.3,Sanitized aggregate from ASF laboratory-results Google Sheet; farmer names and farm identifiers excluded.,3,0,3,0,0,0,0,0,0,0,0,0,0,0,0
Nueva Vizcaya,Solano,Osmena,4,8,0,8,0.00,1,0,2023-02-16,2023-02-16,At-risk,5.8,Sanitized aggregate from ASF laboratory-results Google Sheet; farmer names and farm identifiers excluded.,8,0,8,0,0,0,0,0,0,0,0,0,0,0,0
Nueva Vizcaya,Solano,Osmeña,1,3,0,3,0.00,1,0,2023-10-02,2023-10-02,At-risk,5.3,Sanitized aggregate from ASF laboratory-results Google Sheet; farmer names and farm identifiers excluded.,3,0,3,0,0,0,0,0,0,0,0,0,0,0,0
Nueva Vizcaya,Solano,Picala,1,3,0,3,0.00,1,0,2023-02-16,2023-02-16,At-risk,5.3,Sanitized aggregate from ASF laboratory-results Google Sheet; farmer names and farm identifiers excluded.,3,0,3,0,0,0,0,0,0,0,0,0,0,0,0
Nueva Vizcaya,Solano,Quezon,4,44,2,42,4.55,1,1,2023-02-16,2025-10-20,Affected,10.8,Sanitized aggregate from ASF laboratory-results Google Sheet; farmer names and farm identifiers excluded.,44,2,42,0,0,0,0,0,0,0,0,0,0,0,0
Nueva Vizcaya,Solano,Quirino,8,25,0,25,0.00,2,0,2021-10-07,2024-09-13,At-risk,7.5,Sanitized aggregate from ASF laboratory-results Google Sheet; farmer names and farm identifiers excluded.,19,0,19,0,0,0,6,0,6,0,0,0,0,0,0
Nueva Vizcaya,Solano,Roxas,17,32,3,29,9.38,2,1,2021-08-20,2024-09-13,Affected,12.7,Sanitized aggregate from ASF laboratory-results Google Sheet; farmer names and farm identifiers excluded.,32,3,29,0,0,0,0,0,0,0,0,0,0,0,0
Nueva Vizcaya,Solano,San Juan,8,22,2,20,9.09,1,1,2022-02-24,2023-10-31,Affected,10.2,Sanitized aggregate from ASF laboratory-results Google Sheet; farmer names and farm identifiers excluded.,7,2,5,0,0,0,15,0,15,0,0,0,0,0,0
Nueva Vizcaya,Solano,San Luis,5,27,3,24,11.11,1,1,2020-11-10,2024-09-13,Affected,12.8,Sanitized aggregate from ASF laboratory-results Google Sheet; farmer names and farm identifiers excluded.,26,2,24,1,1,0,0,0,0,0,0,0,0,0,0
Nueva Vizcaya,Solano,Uddiawan,6,8,1,7,12.50,1,1,2020-11-26,2023-09-26,Affected,8.6,Sanitized aggregate from ASF laboratory-results Google Sheet; farmer names and farm identifiers excluded.,8,1,7,0,0,0,0,0,0,0,0,0,0,0,0
Nueva Vizcaya,Solano,Wacal,2,2,0,2,0.00,1,0,2023-10-02,2023-10-02,At-risk,5.2,Sanitized aggregate from ASF laboratory-results Google Sheet; farmer names and farm identifiers excluded.,2,0,2,0,0,0,0,0,0,0,0,0,0,0,0
Nueva Vizcaya,Sta. Fe,Bacneng,36,138,0,138,0.00,2,0,2021-10-07,2023-05-09,At-risk,15.0,Sanitized aggregate from ASF laboratory-results Google Sheet; farmer names and farm identifiers excluded.,45,0,45,0,0,0,93,0,93,0,0,0,0,0,0
Nueva Vizcaya,Sta. Fe,Baliling,19,51,3,48,5.88,1,1,2022-02-24,2024-07-30,Affected,13.4,Sanitized aggregate from ASF laboratory-results Google Sheet; farmer names and farm identifiers excluded.,18,0,18,3,3,0,30,0,30,0,0,0,0,0,0
Nueva Vizcaya,Sta. Fe,Bantinam,1,2,1,1,50.00,1,1,2023-10-23,2023-10-23,Affected,21.1,Sanitized aggregate from ASF laboratory-results Google Sheet; farmer names and farm identifiers excluded.,2,1,1,0,0,0,0,0,0,0,0,0,0,0,0
Nueva Vizcaya,Sta. Fe,Bantinan,2,6,2,4,33.33,1,1,2023-10-26,2023-10-26,Affected,17.1,Sanitized aggregate from ASF laboratory-results Google Sheet; farmer names and farm identifiers excluded.,6,2,4,0,0,0,0,0,0,0,0,0,0,0,0
Nueva Vizcaya,Sta. Fe,Baracbac,5,9,9,0,100.00,1,1,2024-07-30,2024-08-01,Affected,50.5,Sanitized aggregate from ASF laboratory-results Google Sheet; farmer names and farm identifiers excluded.,8,8,0,1,1,0,0,0,0,0,0,0,0,0,0
Nueva Vizcaya,Sta. Fe,Canabuan,2,2,2,0,100.00,1,1,2020-12-11,2020-12-11,Affected,40.0,Sanitized aggregate from ASF laboratory-results Google Sheet; farmer names and farm identifiers excluded.,2,2,0,0,0,0,0,0,0,0,0,0,0,0,0
Nueva Vizcaya,Sta. Fe,N/A,1,2,2,0,100.00,1,1,2020-12-11,2020-12-11,Affected,40.0,Sanitized aggregate from ASF laboratory-results Google Sheet; farmer names and farm identifiers excluded.,2,2,0,0,0,0,0,0,0,0,0,0,0,0,0
Nueva Vizcaya,Sta. Fe,Sinapaoan,6,17,1,16,5.88,1,1,2022-02-24,2023-10-31,Affected,7.2,Sanitized aggregate from ASF laboratory-results Google Sheet; farmer names and farm identifiers excluded.,7,1,6,0,0,0,10,0,10,0,0,0,0,0,0
Nueva Vizcaya,Sta. Fe,Sinapaon,1,3,0,3,0.00,1,0,2023-10-27,2023-10-27,At-risk,5.3,Sanitized aggregate from ASF laboratory-results Google Sheet; farmer names and farm identifiers excluded.,3,0,3,0,0,0,0,0,0,0,0,0,0,0,0
Nueva Vizcaya,Sta. Fe,Tactac,4,11,3,8,27.27,1,1,2022-02-24,2024-07-12,Affected,16.8,Sanitized aggregate from ASF laboratory-results Google Sheet; farmer names and farm identifiers excluded.,4,1,3,2,2,0,5,0,5,0,0,0,0,0,0
Nueva Vizcaya,Sta. Fe,Villaflores,8,28,8,20,28.57,2,1,2021-10-07,2024-07-18,Affected,26.0,Sanitized aggregate from ASF laboratory-results Google Sheet; farmer names and farm identifiers excluded.,13,8,5,0,0,0,15,0,15,0,0,0,0,0,0
Nueva Vizcaya,VILLAVERDE,BINTAWAN,1,2,0,2,0.00,1,0,2021-05-10,2021-05-10,At-risk,5.2,Sanitized aggregate from ASF laboratory-results Google Sheet; farmer names and farm identifiers excluded.,0,0,0,0,0,0,2,0,2,0,0,0,0,0,0
Nueva Vizcaya,VILLAVERDE,POBLACION,1,2,0,2,0.00,1,0,2021-08-20,2021-08-20,At-risk,5.2,Sanitized aggregate from ASF laboratory-results Google Sheet; farmer names and farm identifiers excluded.,2,0,2,0,0,0,0,0,0,0,0,0,0,0,0
Nueva Vizcaya,VILLAVERDE,UMOK NAGBITIN,4,4,0,4,0.00,1,0,2021-08-19,2021-08-19,At-risk,5.4,Sanitized aggregate from ASF laboratory-results Google Sheet; farmer names and farm identifiers excluded.,4,0,4,0,0,0,0,0,0,0,0,0,0,0,0
Nueva Vizcaya,Villaverde,Bintauan Sur,2,3,3,0,100.00,1,1,2020-11-25,2020-12-11,Affected,41.5,Sanitized aggregate from ASF laboratory-results Google Sheet; farmer names and farm identifiers excluded.,3,3,0,0,0,0,0,0,0,0,0,0,0,0,0
Nueva Vizcaya,Villaverde,Bintawan Sur,2,4,2,2,50.00,1,1,2023-10-02,2025-08-22,Affected,22.7,Sanitized aggregate from ASF laboratory-results Google Sheet; farmer names and farm identifiers excluded.,3,1,2,1,1,0,0,0,0,0,0,0,0,0,0
Nueva Vizcaya,Villaverde,Ibong,2,4,0,4,0.00,1,0,2023-10-02,2023-10-02,At-risk,5.4,Sanitized aggregate from ASF laboratory-results Google Sheet; farmer names and farm identifiers excluded.,4,0,4,0,0,0,0,0,0,0,0,0,0,0,0
Nueva Vizcaya,Villaverde,Nagbitin,34,130,0,130,0.00,2,0,2021-08-13,2023-06-01,At-risk,15.0,Sanitized aggregate from ASF laboratory-results Google Sheet; farmer names and farm identifiers excluded.,47,0,47,0,0,0,75,0,75,8,0,8,0,0,0
Nueva Vizcaya,Villaverde,Ocapon,3,6,0,6,0.00,2,0,2021-08-20,2023-10-26,At-risk,5.6,Sanitized aggregate from ASF laboratory-results Google Sheet; farmer names and farm identifiers excluded.,6,0,6,0,0,0,0,0,0,0,0,0,0,0,0
Nueva Vizcaya,Villaverde,Pieza,10,31,0,31,0.00,2,0,2021-10-07,2023-10-02,At-risk,8.1,Sanitized aggregate from ASF laboratory-results Google Sheet; farmer names and farm identifiers excluded.,6,0,6,0,0,0,25,0,25,0,0,0,0,0,0
Nueva Vizcaya,Villaverde,Sawmill,4,9,1,8,11.11,2,1,2021-08-20,2023-10-20,Affected,8.2,Sanitized aggregate from ASF laboratory-results Google Sheet; farmer names and farm identifiers excluded.,9,1,8,0,0,0,0,0,0,0,0,0,0,0,0
Nueva Vizcaya,Villverde,Ocapon,1,2,0,2,0.00,1,0,2023-10-16,2023-10-16,At-risk,5.2,Sanitized aggregate from ASF laboratory-results Google Sheet; farmer names and farm identifiers excluded.,2,0,2,0,0,0,0,0,0,0,0,0,0,0,0
QUIRINO,Aglipay,Dumabel,4,8,4,4,50.00,1,1,2020-10-20,2022-01-27,Affected,25.9,Sanitized aggregate from ASF laboratory-results Google Sheet; farmer names and farm identifiers excluded.,4,4,0,0,0,0,4,0,4,0,0,0,0,0,0
QUIRINO,Aglipay,Ligaya,28,61,4,57,6.56,2,2,2020-10-05,2022-01-27,Affected,18.0,Sanitized aggregate from ASF laboratory-results Google Sheet; farmer names and farm identifiers excluded.,12,4,8,0,0,0,43,0,43,6,0,6,0,0,0
QUIRINO,Aglipay,San Leonardo,4,13,3,10,23.08,2,1,2020-10-05,2022-01-27,Affected,15.6,Sanitized aggregate from ASF laboratory-results Google Sheet; farmer names and farm identifiers excluded.,3,3,0,0,0,0,10,0,10,0,0,0,0,0,0
QUIRINO,Diffun,Doña Imelda,3,6,2,4,33.33,1,1,2020-09-25,2022-02-10,Affected,17.1,Sanitized aggregate from ASF laboratory-results Google Sheet; farmer names and farm identifiers excluded.,2,2,0,0,0,0,4,0,4,0,0,0,0,0,0
QUIRINO,Maddela,Divisoria Sur,1,1,1,0,100.00,1,1,2022-01-21,2022-01-21,Affected,38.5,Sanitized aggregate from ASF laboratory-results Google Sheet; farmer names and farm identifiers excluded.,1,1,0,0,0,0,0,0,0,0,0,0,0,0,0
Quirino,AGLIPAY,GUINALBIN,16,22,2,20,9.09,2,1,2020-09-28,2020-10-02,Affected,10.2,Sanitized aggregate from ASF laboratory-results Google Sheet; farmer names and farm identifiers excluded.,10,2,8,0,0,0,8,0,8,4,0,4,0,0,0
Quirino,Aglipay,Alicia,1,1,1,0,100.00,1,1,2020-10-27,2020-10-27,Affected,38.5,Sanitized aggregate from ASF laboratory-results Google Sheet; farmer names and farm identifiers excluded.,1,1,0,0,0,0,0,0,0,0,0,0,0,0,0
Quirino,Aglipay,Burgos,1,1,1,0,100.00,1,1,2020-11-09,2020-11-09,Affected,38.5,Sanitized aggregate from ASF laboratory-results Google Sheet; farmer names and farm identifiers excluded.,1,1,0,0,0,0,0,0,0,0,0,0,0,0,0
Quirino,Aglipay,Dagupan,14,30,4,26,13.33,2,1,2020-09-14,2023-01-31,Affected,15.3,Sanitized aggregate from ASF laboratory-results Google Sheet; farmer names and farm identifiers excluded.,6,4,2,0,0,0,24,0,24,0,0,0,0,0,0
Quirino,Aglipay,Dungo,1,1,0,1,0.00,1,0,2023-01-31,2023-01-31,At-risk,5.1,Sanitized aggregate from ASF laboratory-results Google Sheet; farmer names and farm identifiers excluded.,0,0,0,0,0,0,1,0,1,0,0,0,0,0,0
Quirino,Aglipay,Palacian,8,11,0,11,0.00,2,0,2022-01-27,2023-01-31,At-risk,6.1,Sanitized aggregate from ASF laboratory-results Google Sheet; farmer names and farm identifiers excluded.,2,0,2,0,0,0,8,0,8,1,0,1,0,0,0
Quirino,Aglipay,Pinaripad Norte,4,5,2,3,40.00,1,1,2020-10-20,2023-01-31,Affected,19.3,Sanitized aggregate from ASF laboratory-results Google Sheet; farmer names and farm identifiers excluded.,2,2,0,0,0,0,3,0,3,0,0,0,0,0,0
Quirino,Aglipay,Progreso,5,11,3,8,27.27,1,1,2020-10-02,2024-10-04,Affected,16.8,Sanitized aggregate from ASF laboratory-results Google Sheet; farmer names and farm identifiers excluded.,3,3,0,0,0,0,8,0,8,0,0,0,0,0,0
Quirino,Aglipay,Rang-ayan,2,4,4,0,100.00,1,1,2020-09-21,2020-09-28,Affected,43.0,Sanitized aggregate from ASF laboratory-results Google Sheet; farmer names and farm identifiers excluded.,4,4,0,0,0,0,0,0,0,0,0,0,0,0,0
Quirino,Aglipay,San Benigno,9,21,0,21,0.00,1,0,2022-01-27,2023-01-31,At-risk,7.1,Sanitized aggregate from ASF laboratory-results Google Sheet; farmer names and farm identifiers excluded.,0,0,0,0,0,0,21,0,21,0,0,0,0,0,0
Quirino,Aglipay,San Francisco,2,2,1,1,50.00,1,1,2020-10-02,2023-01-31,Affected,21.1,Sanitized aggregate from ASF laboratory-results Google Sheet; farmer names and farm identifiers excluded.,1,1,0,0,0,0,1,0,1,0,0,0,0,0,0
Quirino,Aglipay,San Manuel,6,13,0,13,0.00,2,0,2022-01-27,2023-01-31,At-risk,6.3,Sanitized aggregate from ASF laboratory-results Google Sheet; farmer names and farm identifiers excluded.,2,0,2,0,0,0,11,0,11,0,0,0,0,0,0
Quirino,Aglipay,San Ramon,4,13,0,13,0.00,1,0,2022-01-27,2023-01-31,At-risk,6.3,Sanitized aggregate from ASF laboratory-results Google Sheet; farmer names and farm identifiers excluded.,0,0,0,0,0,0,13,0,13,0,0,0,0,0,0
Quirino,Aglipay,Sto. Domingo,1,1,1,0,100.00,1,1,2020-11-09,2020-11-09,Affected,38.5,Sanitized aggregate from ASF laboratory-results Google Sheet; farmer names and farm identifiers excluded.,1,1,0,0,0,0,0,0,0,0,0,0,0,0,0
Quirino,Aglipay,Victoria,11,11,0,11,0.00,1,0,2023-01-31,2023-01-31,At-risk,6.1,Sanitized aggregate from ASF laboratory-results Google Sheet; farmer names and farm identifiers excluded.,0,0,0,0,0,0,11,0,11,0,0,0,0,0,0
Quirino,Aglipay,Villa Pagaduan,16,48,10,21,20.83,2,1,2020-09-10,2023-01-31,Affected,28.1,Sanitized aggregate from ASF laboratory-results Google Sheet; farmer names and farm identifiers excluded.,10,10,0,0,0,0,38,0,21,0,0,0,0,0,0
Quirino,Aglipay,Villa Ventura,11,11,0,11,0.00,1,0,2023-01-31,2023-01-31,At-risk,6.1,Sanitized aggregate from ASF laboratory-results Google Sheet; farmer names and farm identifiers excluded.,0,0,0,0,0,0,11,0,11,0,0,0,0,0,0
Quirino,CABARROGUIS,LIGAYA,1,1,0,1,0.00,1,0,,,At-risk,5.1,Sanitized aggregate from ASF laboratory-results Google Sheet; farmer names and farm identifiers excluded.,1,0,1,0,0,0,0,0,0,0,0,0,0,0,0
Quirino,CABARROGUIS,LUTTUAD,1,4,0,4,0.00,1,0,,,At-risk,5.4,Sanitized aggregate from ASF laboratory-results Google Sheet; farmer names and farm identifiers excluded.,0,0,0,0,0,0,4,0,4,0,0,0,0,0,0
Quirino,CABARROGUIS,MANGANDINAY,11,23,3,20,13.04,2,2,2020-09-14,2020-10-12,Affected,15.1,Sanitized aggregate from ASF laboratory-results Google Sheet; farmer names and farm identifiers excluded.,8,3,5,0,0,0,15,0,15,0,0,0,0,0,0
Quirino,CABARROGUIS,SALVACION,1,3,0,3,0.00,1,0,,,At-risk,5.3,Sanitized aggregate from ASF laboratory-results Google Sheet; farmer names and farm identifiers excluded.,3,0,3,0,0,0,0,0,0,0,0,0,0,0,0
Quirino,CABARROGUIS,STO DOMINGO,4,4,0,4,0.00,1,0,,,At-risk,5.4,Sanitized aggregate from ASF laboratory-results Google Sheet; farmer names and farm identifiers excluded.,2,0,2,0,0,0,0,0,0,2,0,2,0,0,0
Quirino,CABARROGUIS,VILLA PENA,3,7,0,7,0.00,1,0,,,At-risk,5.7,Sanitized aggregate from ASF laboratory-results Google Sheet; farmer names and farm identifiers excluded.,1,0,1,0,0,0,5,0,5,1,0,1,0,0,0
Quirino,CABARROGUIS,VILLAR PENA,1,1,0,1,0.00,1,0,,,At-risk,5.1,Sanitized aggregate from ASF laboratory-results Google Sheet; farmer names and farm identifiers excluded.,1,0,1,0,0,0,0,0,0,0,0,0,0,0,0
Quirino,Cabarroguis,Banuar,3,6,2,4,33.33,1,1,2025-12-17,2025-12-17,Affected,17.1,Sanitized aggregate from ASF laboratory-results Google Sheet; farmer names and farm identifiers excluded.,6,2,4,0,0,0,0,0,0,0,0,0,0,0,0
Quirino,Cabarroguis,Burgos,5,6,3,3,50.00,1,1,2020-11-18,2023-01-31,Affected,24.3,Sanitized aggregate from ASF laboratory-results Google Sheet; farmer names and farm identifiers excluded.,3,3,0,0,0,0,3,0,3,0,0,0,0,0,0
Quirino,Cabarroguis,Calaocan,1,1,0,1,0.00,1,0,2023-01-31,2023-01-31,At-risk,5.1,Sanitized aggregate from ASF laboratory-results Google Sheet; farmer names and farm identifiers excluded.,0,0,0,0,0,0,1,0,1,0,0,0,0,0,0
Quirino,Cabarroguis,Capitol Hills,1,5,0,5,0.00,1,0,2025-12-17,2025-12-17,At-risk,5.5,Sanitized aggregate from ASF laboratory-results Google Sheet; farmer names and farm identifiers excluded.,5,0,5,0,0,0,0,0,0,0,0,0,0,0,0
Quirino,Cabarroguis,Del Pilar,6,15,0,15,0.00,2,0,2023-01-31,2023-10-03,At-risk,6.5,Sanitized aggregate from ASF laboratory-results Google Sheet; farmer names and farm identifiers excluded.,8,0,8,0,0,0,6,0,6,1,0,1,0,0,0
Quirino,Cabarroguis,Del Pillar,3,3,3,0,100.00,1,1,2020-10-20,2020-10-27,Affected,41.5,Sanitized aggregate from ASF laboratory-results Google Sheet; farmer names and farm identifiers excluded.,3,3,0,0,0,0,0,0,0,0,0,0,0,0,0
Quirino,Cabarroguis,Dibibi,2,2,0,2,0.00,1,0,2023-01-31,2024-10-18,At-risk,5.2,Sanitized aggregate from ASF laboratory-results Google Sheet; farmer names and farm identifiers excluded.,1,0,1,0,0,0,1,0,1,0,0,0,0,0,0
Quirino,Cabarroguis,Dingasan,1,1,0,1,0.00,1,0,2023-01-31,2023-01-31,At-risk,5.1,Sanitized aggregate from ASF laboratory-results Google Sheet; farmer names and farm identifiers excluded.,0,0,0,0,0,0,1,0,1,0,0,0,0,0,0
Quirino,Cabarroguis,Dumabel,1,1,0,1,0.00,1,0,2024-10-18,2024-10-18,At-risk,5.1,Sanitized aggregate from ASF laboratory-results Google Sheet; farmer names and farm identifiers excluded.,1,0,1,0,0,0,0,0,0,0,0,0,0,0,0
Quirino,Cabarroguis,Gomez,2,2,0,2,0.00,1,0,2024-10-18,2024-10-18,At-risk,5.2,Sanitized aggregate from ASF laboratory-results Google Sheet; farmer names and farm identifiers excluded.,2,0,2,0,0,0,0,0,0,0,0,0,0,0,0
Quirino,Cabarroguis,Gundaway,19,25,6,19,24.00,2,1,2020-09-21,2025-12-17,Affected,21.3,Sanitized aggregate from ASF laboratory-results Google Sheet; farmer names and farm identifiers excluded.,12,6,6,0,0,0,12,0,12,1,0,1,0,0,0
Quirino,Cabarroguis,La Paz,1,2,0,2,0.00,1,0,2024-10-18,2024-10-18,At-risk,5.2,Sanitized aggregate from ASF laboratory-results Google Sheet; farmer names and farm identifiers excluded.,2,0,2,0,0,0,0,0,0,0,0,0,0,0,0
Quirino,Cabarroguis,Liwayway,2,6,0,6,0.00,2,0,,,At-risk,5.6,Sanitized aggregate from ASF laboratory-results Google Sheet; farmer names and farm identifiers excluded.,0,0,0,0,0,0,5,0,5,1,0,1,0,0,0
Quirino,Cabarroguis,Luttad,1,1,0,1,0.00,1,0,,,At-risk,5.1,Sanitized aggregate from ASF laboratory-results Google Sheet; farmer names and farm identifiers excluded.,0,0,0,0,0,0,0,0,0,1,0,1,0,0,0
Quirino,Cabarroguis,Mangandingag,2,2,2,0,100.00,1,1,2020-10-02,2020-10-02,Affected,40.0,Sanitized aggregate from ASF laboratory-results Google Sheet; farmer names and farm identifiers excluded.,2,2,0,0,0,0,0,0,0,0,0,0,0,0,0
Quirino,Cabarroguis,Mangandingay,26,27,1,26,3.70,2,1,2023-01-31,2025-12-17,Affected,7.4,Sanitized aggregate from ASF laboratory-results Google Sheet; farmer names and farm identifiers excluded.,11,1,10,0,0,0,10,0,10,6,0,6,0,0,0
Quirino,Cabarroguis,N/A,1,1,1,0,100.00,1,1,2020-10-23,2020-10-23,Affected,38.5,Sanitized aggregate from ASF laboratory-results Google Sheet; farmer names and farm identifiers excluded.,1,1,0,0,0,0,0,0,0,0,0,0,0,0,0
Quirino,Cabarroguis,San Marcos,41,70,7,63,10.00,2,1,2020-09-11,2025-12-17,Affected,22.3,Sanitized aggregate from ASF laboratory-results Google Sheet; farmer names and farm identifiers excluded.,25,7,18,0,0,0,40,0,40,5,0,5,0,0,0
Quirino,Cabarroguis,Sto. Domingo,8,39,4,35,10.26,2,1,2020-09-29,2025-12-17,Affected,15.1,Sanitized aggregate from ASF laboratory-results Google Sheet; farmer names and farm identifiers excluded.,29,4,25,0,0,0,10,0,10,0,0,0,0,0,0
Quirino,Cabarroguis,Sto. Niño,1,1,1,0,100.00,1,1,2020-11-18,2020-11-18,Affected,38.5,Sanitized aggregate from ASF laboratory-results Google Sheet; farmer names and farm identifiers excluded.,1,1,0,0,0,0,0,0,0,0,0,0,0,0,0
Quirino,Cabarroguis,Tucod,2,2,2,0,100.00,1,1,2025-09-27,2025-09-27,Affected,40.0,Sanitized aggregate from ASF laboratory-results Google Sheet; farmer names and farm identifiers excluded.,2,2,0,0,0,0,0,0,0,0,0,0,0,0,0
Quirino,Cabarroguis,Villa Peña,2,2,0,2,0.00,1,0,2023-01-31,2023-01-31,At-risk,5.2,Sanitized aggregate from ASF laboratory-results Google Sheet; farmer names and farm identifiers excluded.,0,0,0,0,0,0,2,0,2,0,0,0,0,0,0
Quirino,Cabarroguis,Villamar,1,5,0,5,0.00,1,0,2025-12-17,2025-12-17,At-risk,5.5,Sanitized aggregate from ASF laboratory-results Google Sheet; farmer names and farm identifiers excluded.,5,0,5,0,0,0,0,0,0,0,0,0,0,0,0
Quirino,Cabarroguis,Villamor,14,21,13,8,61.90,2,2,2020-10-05,2024-10-18,Affected,46.0,Sanitized aggregate from ASF laboratory-results Google Sheet; farmer names and farm identifiers excluded.,15,13,2,0,0,0,6,0,6,0,0,0,0,0,0
Quirino,Cabarroguis,Villaros,1,1,1,0,100.00,1,1,2020-09-17,2020-09-17,Affected,38.5,Sanitized aggregate from ASF laboratory-results Google Sheet; farmer names and farm identifiers excluded.,1,1,0,0,0,0,0,0,0,0,0,0,0,0,0
Quirino,Cabarroguis,Villarose,1,3,0,3,0.00,1,0,2025-12-17,2025-12-17,At-risk,5.3,Sanitized aggregate from ASF laboratory-results Google Sheet; farmer names and farm identifiers excluded.,3,0,3,0,0,0,0,0,0,0,0,0,0,0,0
Quirino,Cabarroguis,Zamora,17,23,10,13,43.48,2,2,2020-09-21,2024-07-31,Affected,35.5,Sanitized aggregate from ASF laboratory-results Google Sheet; farmer names and farm identifiers excluded.,11,10,1,0,0,0,11,0,11,1,0,1,0,0,0
Quirino,DIFFUN,MACATE,1,1,0,1,0.00,1,0,,,At-risk,5.1,Sanitized aggregate from ASF laboratory-results Google Sheet; farmer names and farm identifiers excluded.,0,0,0,0,0,0,1,0,1,0,0,0,0,0,0
Quirino,DIFFUN,MARIA CLARA,7,10,9,1,90.00,2,2,2020-09-07,2020-11-20,Affected,49.1,Sanitized aggregate from ASF laboratory-results Google Sheet; farmer names and farm identifiers excluded.,10,9,1,0,0,0,0,0,0,0,0,0,0,0,0
Quirino,Diadi,Balete,1,10,10,0,100.00,1,1,2020-10-15,2020-10-15,Affected,52.0,Sanitized aggregate from ASF laboratory-results Google Sheet; farmer names and farm identifiers excluded.,10,10,0,0,0,0,0,0,0,0,0,0,0,0,0
Quirino,Diadi,Butao,1,3,3,0,100.00,1,1,2020-10-15,2020-10-15,Affected,41.5,Sanitized aggregate from ASF laboratory-results Google Sheet; farmer names and farm identifiers excluded.,3,3,0,0,0,0,0,0,0,0,0,0,0,0,0
Quirino,Diadi,Langka,1,6,6,0,100.00,1,1,2020-10-15,2020-10-15,Affected,46.0,Sanitized aggregate from ASF laboratory-results Google Sheet; farmer names and farm identifiers excluded.,6,6,0,0,0,0,0,0,0,0,0,0,0,0,0
Quirino,Diffun,A. Bonifacio,6,10,8,2,80.00,1,1,2020-09-18,2020-11-23,Affected,42.2,Sanitized aggregate from ASF laboratory-results Google Sheet; farmer names and farm identifiers excluded.,10,8,2,0,0,0,0,0,0,0,0,0,0,0,0
Quirino,Diffun,Andres Bonifacio,5,8,1,7,12.50,1,1,2022-02-10,2024-10-01,Affected,8.6,Sanitized aggregate from ASF laboratory-results Google Sheet; farmer names and farm identifiers excluded.,1,1,0,0,0,0,7,0,7,0,0,0,0,0,0
Quirino,Diffun,Aurora East,4,7,0,7,0.00,1,0,2022-02-10,2023-01-31,At-risk,5.7,Sanitized aggregate from ASF laboratory-results Google Sheet; farmer names and farm identifiers excluded.,0,0,0,0,0,0,7,0,7,0,0,0,0,0,0
Quirino,Diffun,Aurora West,2,2,0,2,0.00,1,0,2023-01-31,2023-01-31,At-risk,5.2,Sanitized aggregate from ASF laboratory-results Google Sheet; farmer names and farm identifiers excluded.,0,0,0,0,0,0,2,0,2,0,0,0,0,0,0
Quirino,Diffun,Baguio Village,2,2,0,2,0.00,1,0,2023-01-31,2023-01-31,At-risk,5.2,Sanitized aggregate from ASF laboratory-results Google Sheet; farmer names and farm identifiers excluded.,0,0,0,0,0,0,2,0,2,0,0,0,0,0,0
Quirino,Diffun,Balagbag,4,7,1,6,14.29,1,1,2020-10-05,2023-01-31,Affected,9.1,Sanitized aggregate from ASF laboratory-results Google Sheet; farmer names and farm identifiers excluded.,1,1,0,0,0,0,6,0,6,0,0,0,0,0,0
Quirino,Diffun,Bannawag Sur,3,3,3,0,100.00,1,1,2020-09-25,2020-10-02,Affected,41.5,Sanitized aggregate from ASF laboratory-results Google Sheet; farmer names and farm identifiers excluded.,3,3,0,0,0,0,0,0,0,0,0,0,0,0,0
Quirino,Diffun,Cajel,10,13,3,10,23.08,2,1,2020-10-05,2023-01-31,Affected,15.6,Sanitized aggregate from ASF laboratory-results Google Sheet; farmer names and farm identifiers excluded.,4,3,1,0,0,0,8,0,8,1,0,1,0,0,0
Quirino,Diffun,Diego Silang,40,78,1,77,1.28,2,1,2022-02-10,2024-07-30,Affected,11.6,Sanitized aggregate from ASF laboratory-results Google Sheet; farmer names and farm identifiers excluded.,12,1,11,0,0,0,57,0,57,9,0,9,0,0,0
Quirino,Diffun,Dumanisi,2,2,2,0,100.00,1,1,2020-09-25,2020-10-02,Affected,40.0,Sanitized aggregate from ASF laboratory-results Google Sheet; farmer names and farm identifiers excluded.,2,2,0,0,0,0,0,0,0,0,0,0,0,0,0
Quirino,Diffun,Gabriela Silang,1,1,0,1,0.00,1,0,2020-09-29,2020-09-29,At-risk,5.1,Sanitized aggregate from ASF laboratory-results Google Sheet; farmer names and farm identifiers excluded.,1,0,1,0,0,0,0,0,0,0,0,0,0,0,0
Quirino,Diffun,Guiac,1,1,1,0,100.00,1,1,2020-09-22,2020-09-22,Affected,38.5,Sanitized aggregate from ASF laboratory-results Google Sheet; farmer names and farm identifiers excluded.,1,1,0,0,0,0,0,0,0,0,0,0,0,0,0
Quirino,Diffun,Gulac,7,11,4,7,36.36,1,1,2020-09-23,2023-01-31,Affected,21.4,Sanitized aggregate from ASF laboratory-results Google Sheet; farmer names and farm identifiers excluded.,4,4,0,0,0,0,7,0,7,0,0,0,0,0,0
Quirino,Diffun,Isidro Paredes,8,12,4,8,33.33,1,1,2020-09-14,2023-11-14,Affected,20.5,Sanitized aggregate from ASF laboratory-results Google Sheet; farmer names and farm identifiers excluded.,4,4,0,0,0,0,8,0,8,0,0,0,0,0,0
Quirino,Diffun,Liwayway,14,15,11,4,73.33,2,1,2020-09-22,2023-11-30,Affected,44.6,Sanitized aggregate from ASF laboratory-results Google Sheet; farmer names and farm identifiers excluded.,12,11,1,0,0,0,3,0,3,0,0,0,0,0,0
Quirino,Diffun,Luttuad,14,26,6,20,23.08,2,1,2020-09-17,2024-08-30,Affected,21.1,Sanitized aggregate from ASF laboratory-results Google Sheet; farmer names and farm identifiers excluded.,7,6,1,0,0,0,19,0,19,0,0,0,0,0,0
Quirino,Diffun,Ricarte Norte,6,12,2,10,16.67,1,1,2020-09-22,2023-01-31,Affected,11.8,Sanitized aggregate from ASF laboratory-results Google Sheet; farmer names and farm identifiers excluded.,2,2,0,0,0,0,10,0,10,0,0,0,0,0,0
Quirino,Diffun,Ricarte Sur,3,3,2,1,66.67,1,1,2020-09-23,2023-01-31,Affected,28.4,Sanitized aggregate from ASF laboratory-results Google Sheet; farmer names and farm identifiers excluded.,2,2,0,0,0,0,1,0,1,0,0,0,0,0,0
Quirino,Diffun,Rizal,12,18,8,10,44.44,1,1,2020-09-22,2024-08-07,Affected,30.6,Sanitized aggregate from ASF laboratory-results Google Sheet; farmer names and farm identifiers excluded.,8,8,0,0,0,0,10,0,10,0,0,0,0,0,0
Quirino,Diffun,Sagat,1,1,1,0,100.00,1,1,2020-09-23,2020-09-23,Affected,38.5,Sanitized aggregate from ASF laboratory-results Google Sheet; farmer names and farm identifiers excluded.,1,1,0,0,0,0,0,0,0,0,0,0,0,0,0
Quirino,Diffun,San Antonio,30,52,4,48,7.69,2,1,2020-09-17,2023-01-31,Affected,15.5,Sanitized aggregate from ASF laboratory-results Google Sheet; farmer names and farm identifiers excluded.,10,4,6,0,0,0,35,0,35,7,0,7,0,0,0
Quirino,Diffun,San Isidro,16,37,3,34,8.11,2,1,2020-10-27,2023-01-31,Affected,12.7,Sanitized aggregate from ASF laboratory-results Google Sheet; farmer names and farm identifiers excluded.,5,3,2,0,0,0,31,0,31,1,0,1,0,0,0
Quirino,Diffun,Villa Pascua,6,9,4,5,44.44,1,1,2020-09-22,2023-01-31,Affected,24.1,Sanitized aggregate from ASF laboratory-results Google Sheet; farmer names and farm identifiers excluded.,4,4,0,0,0,0,5,0,5,0,0,0,0,0,0
Quirino,MADDELA,ABARUAN,1,1,0,1,0.00,1,0,,,At-risk,5.1,Sanitized aggregate from ASF laboratory-results Google Sheet; farmer names and farm identifiers excluded.,1,0,1,0,0,0,0,0,0,0,0,0,0,0,0
Quirino,MADDELA,SAN MARTIN,1,2,2,0,100.00,1,1,2021-04-26,2021-04-26,Affected,40.0,Sanitized aggregate from ASF laboratory-results Google Sheet; farmer names and farm identifiers excluded.,2,2,0,0,0,0,0,0,0,0,0,0,0,0,0
Quirino,MADDELA,VILLA SUR,1,1,0,1,0.00,1,0,,,At-risk,5.1,Sanitized aggregate from ASF laboratory-results Google Sheet; farmer names and farm identifiers excluded.,1,0,1,0,0,0,0,0,0,0,0,0,0,0,0
Quirino,MADDELA,VILLA YLLANAN,1,1,0,1,0.00,1,0,2021-04-26,2021-04-26,At-risk,5.1,Sanitized aggregate from ASF laboratory-results Google Sheet; farmer names and farm identifiers excluded.,1,0,1,0,0,0,0,0,0,0,0,0,0,0,0
Quirino,Maddela,Cofcaville,1,1,1,0,100.00,1,1,2020-12-01,2020-12-01,Affected,38.5,Sanitized aggregate from ASF laboratory-results Google Sheet; farmer names and farm identifiers excluded.,1,1,0,0,0,0,0,0,0,0,0,0,0,0,0
Quirino,Maddela,Dipintin,2,3,3,0,100.00,1,1,2020-09-28,2020-10-20,Affected,41.5,Sanitized aggregate from ASF laboratory-results Google Sheet; farmer names and farm identifiers excluded.,3,3,0,0,0,0,0,0,0,0,0,0,0,0,0
Quirino,Maddela,Dumabato,1,1,0,1,0.00,1,0,2020-12-01,2020-12-01,At-risk,5.1,Sanitized aggregate from ASF laboratory-results Google Sheet; farmer names and farm identifiers excluded.,1,0,1,0,0,0,0,0,0,0,0,0,0,0,0
Quirino,Maddela,Sto. Niño,1,1,0,1,0.00,1,0,2020-12-01,2020-12-01,At-risk,5.1,Sanitized aggregate from ASF laboratory-results Google Sheet; farmer names and farm identifiers excluded.,1,0,1,0,0,0,0,0,0,0,0,0,0,0,0
Quirino,Maddela,Villa Yllana,5,5,3,2,60.00,1,1,2020-11-18,2020-12-29,Affected,27.7,Sanitized aggregate from ASF laboratory-results Google Sheet; farmer names and farm identifiers excluded.,5,3,2,0,0,0,0,0,0,0,0,0,0,0,0
Quirino,NAGTIPUNAN,GIAYAM,2,2,1,1,50.00,1,1,,,Affected,21.1,Sanitized aggregate from ASF laboratory-results Google Sheet; farmer names and farm identifiers excluded.,2,1,1,0,0,0,0,0,0,0,0,0,0,0,0
Quirino,NAGTIPUNAN,N/A,1,2,2,0,100.00,1,1,,,Affected,40.0,Sanitized aggregate from ASF laboratory-results Google Sheet; farmer names and farm identifiers excluded.,2,2,0,0,0,0,0,0,0,0,0,0,0,0,0
Quirino,Nagtipunan,Asaklat,1,1,0,1,0.00,1,0,2023-01-31,2023-01-31,At-risk,5.1,Sanitized aggregate from ASF laboratory-results Google Sheet; farmer names and farm identifiers excluded.,0,0,0,0,0,0,1,0,1,0,0,0,0,0,0
Quirino,Nagtipunan,Dipantan,16,18,3,15,16.67,2,1,2020-03-05,2023-01-31,Affected,13.8,Sanitized aggregate from ASF laboratory-results Google Sheet; farmer names and farm identifiers excluded.,3,3,0,1,0,1,14,0,14,0,0,0,0,0,0
Quirino,Nagtipunan,Ponggo,9,9,1,8,11.11,1,1,2023-01-31,2024-02-07,Affected,8.2,Sanitized aggregate from ASF laboratory-results Google Sheet; farmer names and farm identifiers excluded.,1,1,0,0,0,0,8,0,8,0,0,0,0,0,0
Quirino,Nagtipunan,San Dionisio II,12,12,4,8,33.33,1,1,2020-12-14,2024-09-02,Affected,20.5,Sanitized aggregate from ASF laboratory-results Google Sheet; farmer names and farm identifiers excluded.,4,4,0,0,0,0,8,0,8,0,0,0,0,0,0
Quirino,Nagtipunan,San Ramos,1,1,0,1,0.00,1,0,2023-01-31,2023-01-31,At-risk,5.1,Sanitized aggregate from ASF laboratory-results Google Sheet; farmer names and farm identifiers excluded.,0,0,0,0,0,0,1,0,1,0,0,0,0,0,0
Quirino,Nagtipunan,Wasid,20,20,3,17,15.00,1,1,2020-11-24,2023-01-31,Affected,13.4,Sanitized aggregate from ASF laboratory-results Google Sheet; farmer names and farm identifiers excluded.,3,3,0,0,0,0,17,0,17,0,0,0,0,0,0
Quirino,SAGUDAY,DAGUPAN,1,1,0,1,0.00,1,0,,,At-risk,5.1,Sanitized aggregate from ASF laboratory-results Google Sheet; farmer names and farm identifiers excluded.,1,0,1,0,0,0,0,0,0,0,0,0,0,0,0
Quirino,SAGUDAY,GANIS,1,1,0,1,0.00,1,0,,,At-risk,5.1,Sanitized aggregate from ASF laboratory-results Google Sheet; farmer names and farm identifiers excluded.,1,0,1,0,0,0,0,0,0,0,0,0,0,0,0
Quirino,SAGUDAY,STO TOMAS,3,3,0,3,0.00,1,0,,,At-risk,5.3,Sanitized aggregate from ASF laboratory-results Google Sheet; farmer names and farm identifiers excluded.,1,0,1,0,0,0,0,0,0,2,0,2,0,0,0
Quirino,Saguday,Cardenas,10,13,1,12,7.69,2,1,2023-01-31,2023-11-14,Affected,7.4,Sanitized aggregate from ASF laboratory-results Google Sheet; farmer names and farm identifiers excluded.,2,1,1,0,0,0,10,0,10,1,0,1,0,0,0
Quirino,Saguday,Dibul,14,19,4,15,21.05,2,1,2020-09-17,2023-01-31,Affected,16.9,Sanitized aggregate from ASF laboratory-results Google Sheet; farmer names and farm identifiers excluded.,10,4,6,0,0,0,8,0,8,1,0,1,0,0,0
Quirino,Saguday,Gamis,9,17,4,13,23.53,2,2,2020-10-20,2023-01-31,Affected,19.5,Sanitized aggregate from ASF laboratory-results Google Sheet; farmer names and farm identifiers excluded.,6,4,2,0,0,0,9,0,9,2,0,2,0,0,0
Quirino,Saguday,La Paz,23,37,14,23,37.84,2,1,2020-03-03,2023-01-31,Affected,38.5,Sanitized aggregate from ASF laboratory-results Google Sheet; farmer names and farm identifiers excluded.,23,14,9,0,0,0,12,0,12,2,0,2,0,0,0
Quirino,Saguday,Magsaysay,31,51,10,41,19.61,2,1,2020-09-23,2024-09-28,Affected,28.0,Sanitized aggregate from ASF laboratory-results Google Sheet; farmer names and farm identifiers excluded.,18,10,8,0,0,0,31,0,31,2,0,2,0,0,0
Quirino,Saguday,Progreso,1,2,2,0,100.00,1,1,2020-09-23,2020-09-23,Affected,40.0,Sanitized aggregate from ASF laboratory-results Google Sheet; farmer names and farm identifiers excluded.,2,2,0,0,0,0,0,0,0,0,0,0,0,0,0
Quirino,Saguday,Rizal,17,37,8,29,21.62,2,2,2020-09-23,2023-01-31,Affected,26.5,Sanitized aggregate from ASF laboratory-results Google Sheet; farmer names and farm identifiers excluded.,8,3,5,0,0,0,27,5,22,2,0,2,0,0,0
Quirino,Saguday,Salvacion,24,35,3,32,8.57,2,1,2020-09-17,2023-01-31,Affected,12.7,Sanitized aggregate from ASF laboratory-results Google Sheet; farmer names and farm identifiers excluded.,10,3,7,0,0,0,22,0,22,3,0,3,0,0,0
Quirino,Saguday,Sto. Tomas,19,44,12,32,27.27,2,1,2020-09-10,2023-01-31,Affected,32.7,Sanitized aggregate from ASF laboratory-results Google Sheet; farmer names and farm identifiers excluded.,14,12,2,0,0,0,30,0,30,0,0,0,0,0,0
Quirino,Saguday,Tres Reyes,25,49,14,35,28.57,2,2,2020-09-11,2023-09-01,Affected,38.5,Sanitized aggregate from ASF laboratory-results Google Sheet; farmer names and farm identifiers excluded.,18,14,4,0,0,0,29,0,29,2,0,2,0,0,0
Quirino,Saguday,Villa Cardenas,1,1,1,0,100.00,1,1,2020-09-21,2020-09-21,Affected,38.5,Sanitized aggregate from ASF laboratory-results Google Sheet; farmer names and farm identifiers excluded.,1,1,0,0,0,0,0,0,0,0,0,0,0,0,0
