station,province,latitude,longitude,year,month_number,month,climatological_season,philippine_season,annual_rainfall_mm,rainfall_mm,date,source_url
Aparri,Cagayan,18.35,121.6167,1991,1,Jan,DJF,Dry Season,1885.2,44.5,1991-01-01,https://app.powerbi.com/view?r=eyJrIjoiOTJkN2U4MjUtYWE1Ny00NzA4LWExMzctMDBiYjQ2NjZiZWVjIiwidCI6ImJkMDNhNzM1LTJhYTMtNGNjYS05NzIyLTJhZTQ5MjlhYjNlYyIsImMiOjEwfQ%3D%3D&pageName=adfba30c52355c5b1631
Aparri,Cagayan,18.35,121.6167,1991,2,Feb,DJF,Dry Season,1885.2,92,1991-02-01,https://app.powerbi.com/view?r=eyJrIjoiOTJkN2U4MjUtYWE1Ny00NzA4LWExMzctMDBiYjQ2NjZiZWVjIiwidCI6ImJkMDNhNzM1LTJhYTMtNGNjYS05NzIyLTJhZTQ5MjlhYjNlYyIsImMiOjEwfQ%3D%3D&pageName=adfba30c52355c5b1631
Aparri,Cagayan,18.35,121.6167,1991,3,Mar,MAM,Dry Season,1885.2,16.5,1991-03-01,https://app.powerbi.com/view?r=eyJrIjoiOTJkN2U4MjUtYWE1Ny00NzA4LWExMzctMDBiYjQ2NjZiZWVjIiwidCI6ImJkMDNhNzM1LTJhYTMtNGNjYS05NzIyLTJhZTQ5MjlhYjNlYyIsImMiOjEwfQ%3D%3D&pageName=adfba30c52355c5b1631
Aparri,Cagayan,18.35,121.6167,1991,4,Apr,MAM,Dry Season,1885.2,19.5,1991-04-01,https://app.powerbi.com/view?r=eyJrIjoiOTJkN2U4MjUtYWE1Ny00NzA4LWExMzctMDBiYjQ2NjZiZWVjIiwidCI6ImJkMDNhNzM1LTJhYTMtNGNjYS05NzIyLTJhZTQ5MjlhYjNlYyIsImMiOjEwfQ%3D%3D&pageName=adfba30c52355c5b1631
Aparri,Cagayan,18.35,121.6167,1991,5,May,MAM,Wet Season,1885.2,2,1991-05-01,https://app.powerbi.com/view?r=eyJrIjoiOTJkN2U4MjUtYWE1Ny00NzA4LWExMzctMDBiYjQ2NjZiZWVjIiwidCI6ImJkMDNhNzM1LTJhYTMtNGNjYS05NzIyLTJhZTQ5MjlhYjNlYyIsImMiOjEwfQ%3D%3D&pageName=adfba30c52355c5b1631
Aparri,Cagayan,18.35,121.6167,1991,6,Jun,JJA,Wet Season,1885.2,8,1991-06-01,https://app.powerbi.com/view?r=eyJrIjoiOTJkN2U4MjUtYWE1Ny00NzA4LWExMzctMDBiYjQ2NjZiZWVjIiwidCI6ImJkMDNhNzM1LTJhYTMtNGNjYS05NzIyLTJhZTQ5MjlhYjNlYyIsImMiOjEwfQ%3D%3D&pageName=adfba30c52355c5b1631
Aparri,Cagayan,18.35,121.6167,1991,7,Jul,JJA,Wet Season,1885.2,395.7,1991-07-01,https://app.powerbi.com/view?r=eyJrIjoiOTJkN2U4MjUtYWE1Ny00NzA4LWExMzctMDBiYjQ2NjZiZWVjIiwidCI6ImJkMDNhNzM1LTJhYTMtNGNjYS05NzIyLTJhZTQ5MjlhYjNlYyIsImMiOjEwfQ%3D%3D&pageName=adfba30c52355c5b1631
Aparri,Cagayan,18.35,121.6167,1991,8,Aug,JJA,Wet Season,1885.2,352.9,1991-08-01,https://app.powerbi.com/view?r=eyJrIjoiOTJkN2U4MjUtYWE1Ny00NzA4LWExMzctMDBiYjQ2NjZiZWVjIiwidCI6ImJkMDNhNzM1LTJhYTMtNGNjYS05NzIyLTJhZTQ5MjlhYjNlYyIsImMiOjEwfQ%3D%3D&pageName=adfba30c52355c5b1631
Aparri,Cagayan,18.35,121.6167,1991,9,Sep,SON,Wet Season,1885.2,320.6,1991-09-01,https://app.powerbi.com/view?r=eyJrIjoiOTJkN2U4MjUtYWE1Ny00NzA4LWExMzctMDBiYjQ2NjZiZWVjIiwidCI6ImJkMDNhNzM1LTJhYTMtNGNjYS05NzIyLTJhZTQ5MjlhYjNlYyIsImMiOjEwfQ%3D%3D&pageName=adfba30c52355c5b1631
Aparri,Cagayan,18.35,121.6167,1991,10,Oct,SON,Wet Season,1885.2,310,1991-10-01,https://app.powerbi.com/view?r=eyJrIjoiOTJkN2U4MjUtYWE1Ny00NzA4LWExMzctMDBiYjQ2NjZiZWVjIiwidCI6ImJkMDNhNzM1LTJhYTMtNGNjYS05NzIyLTJhZTQ5MjlhYjNlYyIsImMiOjEwfQ%3D%3D&pageName=adfba30c52355c5b1631
Aparri,Cagayan,18.35,121.6167,1991,11,Nov,SON,Dry Season,1885.2,271.5,1991-11-01,https://app.powerbi.com/view?r=eyJrIjoiOTJkN2U4MjUtYWE1Ny00NzA4LWExMzctMDBiYjQ2NjZiZWVjIiwidCI6ImJkMDNhNzM1LTJhYTMtNGNjYS05NzIyLTJhZTQ5MjlhYjNlYyIsImMiOjEwfQ%3D%3D&pageName=adfba30c52355c5b1631
Aparri,Cagayan,18.35,121.6167,1991,12,Dec,DJF,Dry Season,1885.2,52,1991-12-01,https://app.powerbi.com/view?r=eyJrIjoiOTJkN2U4MjUtYWE1Ny00NzA4LWExMzctMDBiYjQ2NjZiZWVjIiwidCI6ImJkMDNhNzM1LTJhYTMtNGNjYS05NzIyLTJhZTQ5MjlhYjNlYyIsImMiOjEwfQ%3D%3D&pageName=adfba30c52355c5b1631
Aparri,Cagayan,18.35,121.6167,1992,1,Jan,DJF,Dry Season,1596.1,130.2,1992-01-01,https://app.powerbi.com/view?r=eyJrIjoiOTJkN2U4MjUtYWE1Ny00NzA4LWExMzctMDBiYjQ2NjZiZWVjIiwidCI6ImJkMDNhNzM1LTJhYTMtNGNjYS05NzIyLTJhZTQ5MjlhYjNlYyIsImMiOjEwfQ%3D%3D&pageName=adfba30c52355c5b1631
Aparri,Cagayan,18.35,121.6167,1992,2,Feb,DJF,Dry Season,1596.1,13.4,1992-02-01,https://app.powerbi.com/view?r=eyJrIjoiOTJkN2U4MjUtYWE1Ny00NzA4LWExMzctMDBiYjQ2NjZiZWVjIiwidCI6ImJkMDNhNzM1LTJhYTMtNGNjYS05NzIyLTJhZTQ5MjlhYjNlYyIsImMiOjEwfQ%3D%3D&pageName=adfba30c52355c5b1631
Aparri,Cagayan,18.35,121.6167,1992,3,Mar,MAM,Dry Season,1596.1,26,1992-03-01,https://app.powerbi.com/view?r=eyJrIjoiOTJkN2U4MjUtYWE1Ny00NzA4LWExMzctMDBiYjQ2NjZiZWVjIiwidCI6ImJkMDNhNzM1LTJhYTMtNGNjYS05NzIyLTJhZTQ5MjlhYjNlYyIsImMiOjEwfQ%3D%3D&pageName=adfba30c52355c5b1631
Aparri,Cagayan,18.35,121.6167,1992,4,Apr,MAM,Dry Season,1596.1,82.3,1992-04-01,https://app.powerbi.com/view?r=eyJrIjoiOTJkN2U4MjUtYWE1Ny00NzA4LWExMzctMDBiYjQ2NjZiZWVjIiwidCI6ImJkMDNhNzM1LTJhYTMtNGNjYS05NzIyLTJhZTQ5MjlhYjNlYyIsImMiOjEwfQ%3D%3D&pageName=adfba30c52355c5b1631
Aparri,Cagayan,18.35,121.6167,1992,5,May,MAM,Wet Season,1596.1,73.1,1992-05-01,https://app.powerbi.com/view?r=eyJrIjoiOTJkN2U4MjUtYWE1Ny00NzA4LWExMzctMDBiYjQ2NjZiZWVjIiwidCI6ImJkMDNhNzM1LTJhYTMtNGNjYS05NzIyLTJhZTQ5MjlhYjNlYyIsImMiOjEwfQ%3D%3D&pageName=adfba30c52355c5b1631
Aparri,Cagayan,18.35,121.6167,1992,6,Jun,JJA,Wet Season,1596.1,121.5,1992-06-01,https://app.powerbi.com/view?r=eyJrIjoiOTJkN2U4MjUtYWE1Ny00NzA4LWExMzctMDBiYjQ2NjZiZWVjIiwidCI6ImJkMDNhNzM1LTJhYTMtNGNjYS05NzIyLTJhZTQ5MjlhYjNlYyIsImMiOjEwfQ%3D%3D&pageName=adfba30c52355c5b1631
Aparri,Cagayan,18.35,121.6167,1992,7,Jul,JJA,Wet Season,1596.1,143.3,1992-07-01,https://app.powerbi.com/view?r=eyJrIjoiOTJkN2U4MjUtYWE1Ny00NzA4LWExMzctMDBiYjQ2NjZiZWVjIiwidCI6ImJkMDNhNzM1LTJhYTMtNGNjYS05NzIyLTJhZTQ5MjlhYjNlYyIsImMiOjEwfQ%3D%3D&pageName=adfba30c52355c5b1631
Aparri,Cagayan,18.35,121.6167,1992,8,Aug,JJA,Wet Season,1596.1,139.3,1992-08-01,https://app.powerbi.com/view?r=eyJrIjoiOTJkN2U4MjUtYWE1Ny00NzA4LWExMzctMDBiYjQ2NjZiZWVjIiwidCI6ImJkMDNhNzM1LTJhYTMtNGNjYS05NzIyLTJhZTQ5MjlhYjNlYyIsImMiOjEwfQ%3D%3D&pageName=adfba30c52355c5b1631
Aparri,Cagayan,18.35,121.6167,1992,9,Sep,SON,Wet Season,1596.1,261.5,1992-09-01,https://app.powerbi.com/view?r=eyJrIjoiOTJkN2U4MjUtYWE1Ny00NzA4LWExMzctMDBiYjQ2NjZiZWVjIiwidCI6ImJkMDNhNzM1LTJhYTMtNGNjYS05NzIyLTJhZTQ5MjlhYjNlYyIsImMiOjEwfQ%3D%3D&pageName=adfba30c52355c5b1631
Aparri,Cagayan,18.35,121.6167,1992,10,Oct,SON,Wet Season,1596.1,371.5,1992-10-01,https://app.powerbi.com/view?r=eyJrIjoiOTJkN2U4MjUtYWE1Ny00NzA4LWExMzctMDBiYjQ2NjZiZWVjIiwidCI6ImJkMDNhNzM1LTJhYTMtNGNjYS05NzIyLTJhZTQ5MjlhYjNlYyIsImMiOjEwfQ%3D%3D&pageName=adfba30c52355c5b1631
Aparri,Cagayan,18.35,121.6167,1992,11,Nov,SON,Dry Season,1596.1,154,1992-11-01,https://app.powerbi.com/view?r=eyJrIjoiOTJkN2U4MjUtYWE1Ny00NzA4LWExMzctMDBiYjQ2NjZiZWVjIiwidCI6ImJkMDNhNzM1LTJhYTMtNGNjYS05NzIyLTJhZTQ5MjlhYjNlYyIsImMiOjEwfQ%3D%3D&pageName=adfba30c52355c5b1631
Aparri,Cagayan,18.35,121.6167,1992,12,Dec,DJF,Dry Season,1596.1,80,1992-12-01,https://app.powerbi.com/view?r=eyJrIjoiOTJkN2U4MjUtYWE1Ny00NzA4LWExMzctMDBiYjQ2NjZiZWVjIiwidCI6ImJkMDNhNzM1LTJhYTMtNGNjYS05NzIyLTJhZTQ5MjlhYjNlYyIsImMiOjEwfQ%3D%3D&pageName=adfba30c52355c5b1631
Aparri,Cagayan,18.35,121.6167,1993,1,Jan,DJF,Dry Season,1291.3,158.9,1993-01-01,https://app.powerbi.com/view?r=eyJrIjoiOTJkN2U4MjUtYWE1Ny00NzA4LWExMzctMDBiYjQ2NjZiZWVjIiwidCI6ImJkMDNhNzM1LTJhYTMtNGNjYS05NzIyLTJhZTQ5MjlhYjNlYyIsImMiOjEwfQ%3D%3D&pageName=adfba30c52355c5b1631
Aparri,Cagayan,18.35,121.6167,1993,2,Feb,DJF,Dry Season,1291.3,32,1993-02-01,https://app.powerbi.com/view?r=eyJrIjoiOTJkN2U4MjUtYWE1Ny00NzA4LWExMzctMDBiYjQ2NjZiZWVjIiwidCI6ImJkMDNhNzM1LTJhYTMtNGNjYS05NzIyLTJhZTQ5MjlhYjNlYyIsImMiOjEwfQ%3D%3D&pageName=adfba30c52355c5b1631
Aparri,Cagayan,18.35,121.6167,1993,3,Mar,MAM,Dry Season,1291.3,14.1,1993-03-01,https://app.powerbi.com/view?r=eyJrIjoiOTJkN2U4MjUtYWE1Ny00NzA4LWExMzctMDBiYjQ2NjZiZWVjIiwidCI6ImJkMDNhNzM1LTJhYTMtNGNjYS05NzIyLTJhZTQ5MjlhYjNlYyIsImMiOjEwfQ%3D%3D&pageName=adfba30c52355c5b1631
Aparri,Cagayan,18.35,121.6167,1993,4,Apr,MAM,Dry Season,1291.3,6.5,1993-04-01,https://app.powerbi.com/view?r=eyJrIjoiOTJkN2U4MjUtYWE1Ny00NzA4LWExMzctMDBiYjQ2NjZiZWVjIiwidCI6ImJkMDNhNzM1LTJhYTMtNGNjYS05NzIyLTJhZTQ5MjlhYjNlYyIsImMiOjEwfQ%3D%3D&pageName=adfba30c52355c5b1631
Aparri,Cagayan,18.35,121.6167,1993,5,May,MAM,Wet Season,1291.3,6.2,1993-05-01,https://app.powerbi.com/view?r=eyJrIjoiOTJkN2U4MjUtYWE1Ny00NzA4LWExMzctMDBiYjQ2NjZiZWVjIiwidCI6ImJkMDNhNzM1LTJhYTMtNGNjYS05NzIyLTJhZTQ5MjlhYjNlYyIsImMiOjEwfQ%3D%3D&pageName=adfba30c52355c5b1631
Aparri,Cagayan,18.35,121.6167,1993,6,Jun,JJA,Wet Season,1291.3,88.9,1993-06-01,https://app.powerbi.com/view?r=eyJrIjoiOTJkN2U4MjUtYWE1Ny00NzA4LWExMzctMDBiYjQ2NjZiZWVjIiwidCI6ImJkMDNhNzM1LTJhYTMtNGNjYS05NzIyLTJhZTQ5MjlhYjNlYyIsImMiOjEwfQ%3D%3D&pageName=adfba30c52355c5b1631
Aparri,Cagayan,18.35,121.6167,1993,7,Jul,JJA,Wet Season,1291.3,42,1993-07-01,https://app.powerbi.com/view?r=eyJrIjoiOTJkN2U4MjUtYWE1Ny00NzA4LWExMzctMDBiYjQ2NjZiZWVjIiwidCI6ImJkMDNhNzM1LTJhYTMtNGNjYS05NzIyLTJhZTQ5MjlhYjNlYyIsImMiOjEwfQ%3D%3D&pageName=adfba30c52355c5b1631
Aparri,Cagayan,18.35,121.6167,1993,8,Aug,JJA,Wet Season,1291.3,115,1993-08-01,https://app.powerbi.com/view?r=eyJrIjoiOTJkN2U4MjUtYWE1Ny00NzA4LWExMzctMDBiYjQ2NjZiZWVjIiwidCI6ImJkMDNhNzM1LTJhYTMtNGNjYS05NzIyLTJhZTQ5MjlhYjNlYyIsImMiOjEwfQ%3D%3D&pageName=adfba30c52355c5b1631
Aparri,Cagayan,18.35,121.6167,1993,9,Sep,SON,Wet Season,1291.3,215.5,1993-09-01,https://app.powerbi.com/view?r=eyJrIjoiOTJkN2U4MjUtYWE1Ny00NzA4LWExMzctMDBiYjQ2NjZiZWVjIiwidCI6ImJkMDNhNzM1LTJhYTMtNGNjYS05NzIyLTJhZTQ5MjlhYjNlYyIsImMiOjEwfQ%3D%3D&pageName=adfba30c52355c5b1631
Aparri,Cagayan,18.35,121.6167,1993,10,Oct,SON,Wet Season,1291.3,316.7,1993-10-01,https://app.powerbi.com/view?r=eyJrIjoiOTJkN2U4MjUtYWE1Ny00NzA4LWExMzctMDBiYjQ2NjZiZWVjIiwidCI6ImJkMDNhNzM1LTJhYTMtNGNjYS05NzIyLTJhZTQ5MjlhYjNlYyIsImMiOjEwfQ%3D%3D&pageName=adfba30c52355c5b1631
Aparri,Cagayan,18.35,121.6167,1993,11,Nov,SON,Dry Season,1291.3,130.5,1993-11-01,https://app.powerbi.com/view?r=eyJrIjoiOTJkN2U4MjUtYWE1Ny00NzA4LWExMzctMDBiYjQ2NjZiZWVjIiwidCI6ImJkMDNhNzM1LTJhYTMtNGNjYS05NzIyLTJhZTQ5MjlhYjNlYyIsImMiOjEwfQ%3D%3D&pageName=adfba30c52355c5b1631
Aparri,Cagayan,18.35,121.6167,1993,12,Dec,DJF,Dry Season,1291.3,165,1993-12-01,https://app.powerbi.com/view?r=eyJrIjoiOTJkN2U4MjUtYWE1Ny00NzA4LWExMzctMDBiYjQ2NjZiZWVjIiwidCI6ImJkMDNhNzM1LTJhYTMtNGNjYS05NzIyLTJhZTQ5MjlhYjNlYyIsImMiOjEwfQ%3D%3D&pageName=adfba30c52355c5b1631
Aparri,Cagayan,18.35,121.6167,1994,1,Jan,DJF,Dry Season,1184.9,67.1,1994-01-01,https://app.powerbi.com/view?r=eyJrIjoiOTJkN2U4MjUtYWE1Ny00NzA4LWExMzctMDBiYjQ2NjZiZWVjIiwidCI6ImJkMDNhNzM1LTJhYTMtNGNjYS05NzIyLTJhZTQ5MjlhYjNlYyIsImMiOjEwfQ%3D%3D&pageName=adfba30c52355c5b1631
Aparri,Cagayan,18.35,121.6167,1994,2,Feb,DJF,Dry Season,1184.9,23.1,1994-02-01,https://app.powerbi.com/view?r=eyJrIjoiOTJkN2U4MjUtYWE1Ny00NzA4LWExMzctMDBiYjQ2NjZiZWVjIiwidCI6ImJkMDNhNzM1LTJhYTMtNGNjYS05NzIyLTJhZTQ5MjlhYjNlYyIsImMiOjEwfQ%3D%3D&pageName=adfba30c52355c5b1631
Aparri,Cagayan,18.35,121.6167,1994,3,Mar,MAM,Dry Season,1184.9,31.6,1994-03-01,https://app.powerbi.com/view?r=eyJrIjoiOTJkN2U4MjUtYWE1Ny00NzA4LWExMzctMDBiYjQ2NjZiZWVjIiwidCI6ImJkMDNhNzM1LTJhYTMtNGNjYS05NzIyLTJhZTQ5MjlhYjNlYyIsImMiOjEwfQ%3D%3D&pageName=adfba30c52355c5b1631
Aparri,Cagayan,18.35,121.6167,1994,4,Apr,MAM,Dry Season,1184.9,17,1994-04-01,https://app.powerbi.com/view?r=eyJrIjoiOTJkN2U4MjUtYWE1Ny00NzA4LWExMzctMDBiYjQ2NjZiZWVjIiwidCI6ImJkMDNhNzM1LTJhYTMtNGNjYS05NzIyLTJhZTQ5MjlhYjNlYyIsImMiOjEwfQ%3D%3D&pageName=adfba30c52355c5b1631
Aparri,Cagayan,18.35,121.6167,1994,5,May,MAM,Wet Season,1184.9,114,1994-05-01,https://app.powerbi.com/view?r=eyJrIjoiOTJkN2U4MjUtYWE1Ny00NzA4LWExMzctMDBiYjQ2NjZiZWVjIiwidCI6ImJkMDNhNzM1LTJhYTMtNGNjYS05NzIyLTJhZTQ5MjlhYjNlYyIsImMiOjEwfQ%3D%3D&pageName=adfba30c52355c5b1631
Aparri,Cagayan,18.35,121.6167,1994,6,Jun,JJA,Wet Season,1184.9,21.6,1994-06-01,https://app.powerbi.com/view?r=eyJrIjoiOTJkN2U4MjUtYWE1Ny00NzA4LWExMzctMDBiYjQ2NjZiZWVjIiwidCI6ImJkMDNhNzM1LTJhYTMtNGNjYS05NzIyLTJhZTQ5MjlhYjNlYyIsImMiOjEwfQ%3D%3D&pageName=adfba30c52355c5b1631
Aparri,Cagayan,18.35,121.6167,1994,7,Jul,JJA,Wet Season,1184.9,250.5,1994-07-01,https://app.powerbi.com/view?r=eyJrIjoiOTJkN2U4MjUtYWE1Ny00NzA4LWExMzctMDBiYjQ2NjZiZWVjIiwidCI6ImJkMDNhNzM1LTJhYTMtNGNjYS05NzIyLTJhZTQ5MjlhYjNlYyIsImMiOjEwfQ%3D%3D&pageName=adfba30c52355c5b1631
Aparri,Cagayan,18.35,121.6167,1994,8,Aug,JJA,Wet Season,1184.9,203,1994-08-01,https://app.powerbi.com/view?r=eyJrIjoiOTJkN2U4MjUtYWE1Ny00NzA4LWExMzctMDBiYjQ2NjZiZWVjIiwidCI6ImJkMDNhNzM1LTJhYTMtNGNjYS05NzIyLTJhZTQ5MjlhYjNlYyIsImMiOjEwfQ%3D%3D&pageName=adfba30c52355c5b1631
Aparri,Cagayan,18.35,121.6167,1994,9,Sep,SON,Wet Season,1184.9,234.5,1994-09-01,https://app.powerbi.com/view?r=eyJrIjoiOTJkN2U4MjUtYWE1Ny00NzA4LWExMzctMDBiYjQ2NjZiZWVjIiwidCI6ImJkMDNhNzM1LTJhYTMtNGNjYS05NzIyLTJhZTQ5MjlhYjNlYyIsImMiOjEwfQ%3D%3D&pageName=adfba30c52355c5b1631
Aparri,Cagayan,18.35,121.6167,1994,10,Oct,SON,Wet Season,1184.9,98,1994-10-01,https://app.powerbi.com/view?r=eyJrIjoiOTJkN2U4MjUtYWE1Ny00NzA4LWExMzctMDBiYjQ2NjZiZWVjIiwidCI6ImJkMDNhNzM1LTJhYTMtNGNjYS05NzIyLTJhZTQ5MjlhYjNlYyIsImMiOjEwfQ%3D%3D&pageName=adfba30c52355c5b1631
Aparri,Cagayan,18.35,121.6167,1994,11,Nov,SON,Dry Season,1184.9,110.5,1994-11-01,https://app.powerbi.com/view?r=eyJrIjoiOTJkN2U4MjUtYWE1Ny00NzA4LWExMzctMDBiYjQ2NjZiZWVjIiwidCI6ImJkMDNhNzM1LTJhYTMtNGNjYS05NzIyLTJhZTQ5MjlhYjNlYyIsImMiOjEwfQ%3D%3D&pageName=adfba30c52355c5b1631
Aparri,Cagayan,18.35,121.6167,1994,12,Dec,DJF,Dry Season,1184.9,14,1994-12-01,https://app.powerbi.com/view?r=eyJrIjoiOTJkN2U4MjUtYWE1Ny00NzA4LWExMzctMDBiYjQ2NjZiZWVjIiwidCI6ImJkMDNhNzM1LTJhYTMtNGNjYS05NzIyLTJhZTQ5MjlhYjNlYyIsImMiOjEwfQ%3D%3D&pageName=adfba30c52355c5b1631
Aparri,Cagayan,18.35,121.6167,1995,1,Jan,DJF,Dry Season,1992.4,72,1995-01-01,https://app.powerbi.com/view?r=eyJrIjoiOTJkN2U4MjUtYWE1Ny00NzA4LWExMzctMDBiYjQ2NjZiZWVjIiwidCI6ImJkMDNhNzM1LTJhYTMtNGNjYS05NzIyLTJhZTQ5MjlhYjNlYyIsImMiOjEwfQ%3D%3D&pageName=adfba30c52355c5b1631
Aparri,Cagayan,18.35,121.6167,1995,2,Feb,DJF,Dry Season,1992.4,95,1995-02-01,https://app.powerbi.com/view?r=eyJrIjoiOTJkN2U4MjUtYWE1Ny00NzA4LWExMzctMDBiYjQ2NjZiZWVjIiwidCI6ImJkMDNhNzM1LTJhYTMtNGNjYS05NzIyLTJhZTQ5MjlhYjNlYyIsImMiOjEwfQ%3D%3D&pageName=adfba30c52355c5b1631
Aparri,Cagayan,18.35,121.6167,1995,3,Mar,MAM,Dry Season,1992.4,12.5,1995-03-01,https://app.powerbi.com/view?r=eyJrIjoiOTJkN2U4MjUtYWE1Ny00NzA4LWExMzctMDBiYjQ2NjZiZWVjIiwidCI6ImJkMDNhNzM1LTJhYTMtNGNjYS05NzIyLTJhZTQ5MjlhYjNlYyIsImMiOjEwfQ%3D%3D&pageName=adfba30c52355c5b1631
Aparri,Cagayan,18.35,121.6167,1995,4,Apr,MAM,Dry Season,1992.4,0,1995-04-01,https://app.powerbi.com/view?r=eyJrIjoiOTJkN2U4MjUtYWE1Ny00NzA4LWExMzctMDBiYjQ2NjZiZWVjIiwidCI6ImJkMDNhNzM1LTJhYTMtNGNjYS05NzIyLTJhZTQ5MjlhYjNlYyIsImMiOjEwfQ%3D%3D&pageName=adfba30c52355c5b1631
Aparri,Cagayan,18.35,121.6167,1995,5,May,MAM,Wet Season,1992.4,124.7,1995-05-01,https://app.powerbi.com/view?r=eyJrIjoiOTJkN2U4MjUtYWE1Ny00NzA4LWExMzctMDBiYjQ2NjZiZWVjIiwidCI6ImJkMDNhNzM1LTJhYTMtNGNjYS05NzIyLTJhZTQ5MjlhYjNlYyIsImMiOjEwfQ%3D%3D&pageName=adfba30c52355c5b1631
Aparri,Cagayan,18.35,121.6167,1995,6,Jun,JJA,Wet Season,1992.4,83.5,1995-06-01,https://app.powerbi.com/view?r=eyJrIjoiOTJkN2U4MjUtYWE1Ny00NzA4LWExMzctMDBiYjQ2NjZiZWVjIiwidCI6ImJkMDNhNzM1LTJhYTMtNGNjYS05NzIyLTJhZTQ5MjlhYjNlYyIsImMiOjEwfQ%3D%3D&pageName=adfba30c52355c5b1631
Aparri,Cagayan,18.35,121.6167,1995,7,Jul,JJA,Wet Season,1992.4,363.1,1995-07-01,https://app.powerbi.com/view?r=eyJrIjoiOTJkN2U4MjUtYWE1Ny00NzA4LWExMzctMDBiYjQ2NjZiZWVjIiwidCI6ImJkMDNhNzM1LTJhYTMtNGNjYS05NzIyLTJhZTQ5MjlhYjNlYyIsImMiOjEwfQ%3D%3D&pageName=adfba30c52355c5b1631
Aparri,Cagayan,18.35,121.6167,1995,8,Aug,JJA,Wet Season,1992.4,182.5,1995-08-01,https://app.powerbi.com/view?r=eyJrIjoiOTJkN2U4MjUtYWE1Ny00NzA4LWExMzctMDBiYjQ2NjZiZWVjIiwidCI6ImJkMDNhNzM1LTJhYTMtNGNjYS05NzIyLTJhZTQ5MjlhYjNlYyIsImMiOjEwfQ%3D%3D&pageName=adfba30c52355c5b1631
Aparri,Cagayan,18.35,121.6167,1995,9,Sep,SON,Wet Season,1992.4,268,1995-09-01,https://app.powerbi.com/view?r=eyJrIjoiOTJkN2U4MjUtYWE1Ny00NzA4LWExMzctMDBiYjQ2NjZiZWVjIiwidCI6ImJkMDNhNzM1LTJhYTMtNGNjYS05NzIyLTJhZTQ5MjlhYjNlYyIsImMiOjEwfQ%3D%3D&pageName=adfba30c52355c5b1631
Aparri,Cagayan,18.35,121.6167,1995,10,Oct,SON,Wet Season,1992.4,186.5,1995-10-01,https://app.powerbi.com/view?r=eyJrIjoiOTJkN2U4MjUtYWE1Ny00NzA4LWExMzctMDBiYjQ2NjZiZWVjIiwidCI6ImJkMDNhNzM1LTJhYTMtNGNjYS05NzIyLTJhZTQ5MjlhYjNlYyIsImMiOjEwfQ%3D%3D&pageName=adfba30c52355c5b1631
Aparri,Cagayan,18.35,121.6167,1995,11,Nov,SON,Dry Season,1992.4,349,1995-11-01,https://app.powerbi.com/view?r=eyJrIjoiOTJkN2U4MjUtYWE1Ny00NzA4LWExMzctMDBiYjQ2NjZiZWVjIiwidCI6ImJkMDNhNzM1LTJhYTMtNGNjYS05NzIyLTJhZTQ5MjlhYjNlYyIsImMiOjEwfQ%3D%3D&pageName=adfba30c52355c5b1631
Aparri,Cagayan,18.35,121.6167,1995,12,Dec,DJF,Dry Season,1992.4,255.6,1995-12-01,https://app.powerbi.com/view?r=eyJrIjoiOTJkN2U4MjUtYWE1Ny00NzA4LWExMzctMDBiYjQ2NjZiZWVjIiwidCI6ImJkMDNhNzM1LTJhYTMtNGNjYS05NzIyLTJhZTQ5MjlhYjNlYyIsImMiOjEwfQ%3D%3D&pageName=adfba30c52355c5b1631
Aparri,Cagayan,18.35,121.6167,1996,1,Jan,DJF,Dry Season,2281.5,107,1996-01-01,https://app.powerbi.com/view?r=eyJrIjoiOTJkN2U4MjUtYWE1Ny00NzA4LWExMzctMDBiYjQ2NjZiZWVjIiwidCI6ImJkMDNhNzM1LTJhYTMtNGNjYS05NzIyLTJhZTQ5MjlhYjNlYyIsImMiOjEwfQ%3D%3D&pageName=adfba30c52355c5b1631
Aparri,Cagayan,18.35,121.6167,1996,2,Feb,DJF,Dry Season,2281.5,25,1996-02-01,https://app.powerbi.com/view?r=eyJrIjoiOTJkN2U4MjUtYWE1Ny00NzA4LWExMzctMDBiYjQ2NjZiZWVjIiwidCI6ImJkMDNhNzM1LTJhYTMtNGNjYS05NzIyLTJhZTQ5MjlhYjNlYyIsImMiOjEwfQ%3D%3D&pageName=adfba30c52355c5b1631
Aparri,Cagayan,18.35,121.6167,1996,3,Mar,MAM,Dry Season,2281.5,2,1996-03-01,https://app.powerbi.com/view?r=eyJrIjoiOTJkN2U4MjUtYWE1Ny00NzA4LWExMzctMDBiYjQ2NjZiZWVjIiwidCI6ImJkMDNhNzM1LTJhYTMtNGNjYS05NzIyLTJhZTQ5MjlhYjNlYyIsImMiOjEwfQ%3D%3D&pageName=adfba30c52355c5b1631
Aparri,Cagayan,18.35,121.6167,1996,4,Apr,MAM,Dry Season,2281.5,79.5,1996-04-01,https://app.powerbi.com/view?r=eyJrIjoiOTJkN2U4MjUtYWE1Ny00NzA4LWExMzctMDBiYjQ2NjZiZWVjIiwidCI6ImJkMDNhNzM1LTJhYTMtNGNjYS05NzIyLTJhZTQ5MjlhYjNlYyIsImMiOjEwfQ%3D%3D&pageName=adfba30c52355c5b1631
Aparri,Cagayan,18.35,121.6167,1996,5,May,MAM,Wet Season,2281.5,148.5,1996-05-01,https://app.powerbi.com/view?r=eyJrIjoiOTJkN2U4MjUtYWE1Ny00NzA4LWExMzctMDBiYjQ2NjZiZWVjIiwidCI6ImJkMDNhNzM1LTJhYTMtNGNjYS05NzIyLTJhZTQ5MjlhYjNlYyIsImMiOjEwfQ%3D%3D&pageName=adfba30c52355c5b1631
Aparri,Cagayan,18.35,121.6167,1996,6,Jun,JJA,Wet Season,2281.5,5,1996-06-01,https://app.powerbi.com/view?r=eyJrIjoiOTJkN2U4MjUtYWE1Ny00NzA4LWExMzctMDBiYjQ2NjZiZWVjIiwidCI6ImJkMDNhNzM1LTJhYTMtNGNjYS05NzIyLTJhZTQ5MjlhYjNlYyIsImMiOjEwfQ%3D%3D&pageName=adfba30c52355c5b1631
Aparri,Cagayan,18.35,121.6167,1996,7,Jul,JJA,Wet Season,2281.5,167,1996-07-01,https://app.powerbi.com/view?r=eyJrIjoiOTJkN2U4MjUtYWE1Ny00NzA4LWExMzctMDBiYjQ2NjZiZWVjIiwidCI6ImJkMDNhNzM1LTJhYTMtNGNjYS05NzIyLTJhZTQ5MjlhYjNlYyIsImMiOjEwfQ%3D%3D&pageName=adfba30c52355c5b1631
Aparri,Cagayan,18.35,121.6167,1996,8,Aug,JJA,Wet Season,2281.5,185,1996-08-01,https://app.powerbi.com/view?r=eyJrIjoiOTJkN2U4MjUtYWE1Ny00NzA4LWExMzctMDBiYjQ2NjZiZWVjIiwidCI6ImJkMDNhNzM1LTJhYTMtNGNjYS05NzIyLTJhZTQ5MjlhYjNlYyIsImMiOjEwfQ%3D%3D&pageName=adfba30c52355c5b1631
Aparri,Cagayan,18.35,121.6167,1996,9,Sep,SON,Wet Season,2281.5,320,1996-09-01,https://app.powerbi.com/view?r=eyJrIjoiOTJkN2U4MjUtYWE1Ny00NzA4LWExMzctMDBiYjQ2NjZiZWVjIiwidCI6ImJkMDNhNzM1LTJhYTMtNGNjYS05NzIyLTJhZTQ5MjlhYjNlYyIsImMiOjEwfQ%3D%3D&pageName=adfba30c52355c5b1631
Aparri,Cagayan,18.35,121.6167,1996,10,Oct,SON,Wet Season,2281.5,625.5,1996-10-01,https://app.powerbi.com/view?r=eyJrIjoiOTJkN2U4MjUtYWE1Ny00NzA4LWExMzctMDBiYjQ2NjZiZWVjIiwidCI6ImJkMDNhNzM1LTJhYTMtNGNjYS05NzIyLTJhZTQ5MjlhYjNlYyIsImMiOjEwfQ%3D%3D&pageName=adfba30c52355c5b1631
Aparri,Cagayan,18.35,121.6167,1996,11,Nov,SON,Dry Season,2281.5,502.5,1996-11-01,https://app.powerbi.com/view?r=eyJrIjoiOTJkN2U4MjUtYWE1Ny00NzA4LWExMzctMDBiYjQ2NjZiZWVjIiwidCI6ImJkMDNhNzM1LTJhYTMtNGNjYS05NzIyLTJhZTQ5MjlhYjNlYyIsImMiOjEwfQ%3D%3D&pageName=adfba30c52355c5b1631
Aparri,Cagayan,18.35,121.6167,1996,12,Dec,DJF,Dry Season,2281.5,114.5,1996-12-01,https://app.powerbi.com/view?r=eyJrIjoiOTJkN2U4MjUtYWE1Ny00NzA4LWExMzctMDBiYjQ2NjZiZWVjIiwidCI6ImJkMDNhNzM1LTJhYTMtNGNjYS05NzIyLTJhZTQ5MjlhYjNlYyIsImMiOjEwfQ%3D%3D&pageName=adfba30c52355c5b1631
Aparri,Cagayan,18.35,121.6167,1997,1,Jan,DJF,Dry Season,1090,139,1997-01-01,https://app.powerbi.com/view?r=eyJrIjoiOTJkN2U4MjUtYWE1Ny00NzA4LWExMzctMDBiYjQ2NjZiZWVjIiwidCI6ImJkMDNhNzM1LTJhYTMtNGNjYS05NzIyLTJhZTQ5MjlhYjNlYyIsImMiOjEwfQ%3D%3D&pageName=adfba30c52355c5b1631
Aparri,Cagayan,18.35,121.6167,1997,2,Feb,DJF,Dry Season,1090,13.5,1997-02-01,https://app.powerbi.com/view?r=eyJrIjoiOTJkN2U4MjUtYWE1Ny00NzA4LWExMzctMDBiYjQ2NjZiZWVjIiwidCI6ImJkMDNhNzM1LTJhYTMtNGNjYS05NzIyLTJhZTQ5MjlhYjNlYyIsImMiOjEwfQ%3D%3D&pageName=adfba30c52355c5b1631
Aparri,Cagayan,18.35,121.6167,1997,3,Mar,MAM,Dry Season,1090,28,1997-03-01,https://app.powerbi.com/view?r=eyJrIjoiOTJkN2U4MjUtYWE1Ny00NzA4LWExMzctMDBiYjQ2NjZiZWVjIiwidCI6ImJkMDNhNzM1LTJhYTMtNGNjYS05NzIyLTJhZTQ5MjlhYjNlYyIsImMiOjEwfQ%3D%3D&pageName=adfba30c52355c5b1631
Aparri,Cagayan,18.35,121.6167,1997,4,Apr,MAM,Dry Season,1090,20,1997-04-01,https://app.powerbi.com/view?r=eyJrIjoiOTJkN2U4MjUtYWE1Ny00NzA4LWExMzctMDBiYjQ2NjZiZWVjIiwidCI6ImJkMDNhNzM1LTJhYTMtNGNjYS05NzIyLTJhZTQ5MjlhYjNlYyIsImMiOjEwfQ%3D%3D&pageName=adfba30c52355c5b1631
Aparri,Cagayan,18.35,121.6167,1997,5,May,MAM,Wet Season,1090,78.5,1997-05-01,https://app.powerbi.com/view?r=eyJrIjoiOTJkN2U4MjUtYWE1Ny00NzA4LWExMzctMDBiYjQ2NjZiZWVjIiwidCI6ImJkMDNhNzM1LTJhYTMtNGNjYS05NzIyLTJhZTQ5MjlhYjNlYyIsImMiOjEwfQ%3D%3D&pageName=adfba30c52355c5b1631
Aparri,Cagayan,18.35,121.6167,1997,6,Jun,JJA,Wet Season,1090,44,1997-06-01,https://app.powerbi.com/view?r=eyJrIjoiOTJkN2U4MjUtYWE1Ny00NzA4LWExMzctMDBiYjQ2NjZiZWVjIiwidCI6ImJkMDNhNzM1LTJhYTMtNGNjYS05NzIyLTJhZTQ5MjlhYjNlYyIsImMiOjEwfQ%3D%3D&pageName=adfba30c52355c5b1631
Aparri,Cagayan,18.35,121.6167,1997,7,Jul,JJA,Wet Season,1090,68.5,1997-07-01,https://app.powerbi.com/view?r=eyJrIjoiOTJkN2U4MjUtYWE1Ny00NzA4LWExMzctMDBiYjQ2NjZiZWVjIiwidCI6ImJkMDNhNzM1LTJhYTMtNGNjYS05NzIyLTJhZTQ5MjlhYjNlYyIsImMiOjEwfQ%3D%3D&pageName=adfba30c52355c5b1631
Aparri,Cagayan,18.35,121.6167,1997,8,Aug,JJA,Wet Season,1090,23.5,1997-08-01,https://app.powerbi.com/view?r=eyJrIjoiOTJkN2U4MjUtYWE1Ny00NzA4LWExMzctMDBiYjQ2NjZiZWVjIiwidCI6ImJkMDNhNzM1LTJhYTMtNGNjYS05NzIyLTJhZTQ5MjlhYjNlYyIsImMiOjEwfQ%3D%3D&pageName=adfba30c52355c5b1631
Aparri,Cagayan,18.35,121.6167,1997,9,Sep,SON,Wet Season,1090,104,1997-09-01,https://app.powerbi.com/view?r=eyJrIjoiOTJkN2U4MjUtYWE1Ny00NzA4LWExMzctMDBiYjQ2NjZiZWVjIiwidCI6ImJkMDNhNzM1LTJhYTMtNGNjYS05NzIyLTJhZTQ5MjlhYjNlYyIsImMiOjEwfQ%3D%3D&pageName=adfba30c52355c5b1631
Aparri,Cagayan,18.35,121.6167,1997,10,Oct,SON,Wet Season,1090,317,1997-10-01,https://app.powerbi.com/view?r=eyJrIjoiOTJkN2U4MjUtYWE1Ny00NzA4LWExMzctMDBiYjQ2NjZiZWVjIiwidCI6ImJkMDNhNzM1LTJhYTMtNGNjYS05NzIyLTJhZTQ5MjlhYjNlYyIsImMiOjEwfQ%3D%3D&pageName=adfba30c52355c5b1631
Aparri,Cagayan,18.35,121.6167,1997,11,Nov,SON,Dry Season,1090,111,1997-11-01,https://app.powerbi.com/view?r=eyJrIjoiOTJkN2U4MjUtYWE1Ny00NzA4LWExMzctMDBiYjQ2NjZiZWVjIiwidCI6ImJkMDNhNzM1LTJhYTMtNGNjYS05NzIyLTJhZTQ5MjlhYjNlYyIsImMiOjEwfQ%3D%3D&pageName=adfba30c52355c5b1631
Aparri,Cagayan,18.35,121.6167,1997,12,Dec,DJF,Dry Season,1090,143,1997-12-01,https://app.powerbi.com/view?r=eyJrIjoiOTJkN2U4MjUtYWE1Ny00NzA4LWExMzctMDBiYjQ2NjZiZWVjIiwidCI6ImJkMDNhNzM1LTJhYTMtNGNjYS05NzIyLTJhZTQ5MjlhYjNlYyIsImMiOjEwfQ%3D%3D&pageName=adfba30c52355c5b1631
Aparri,Cagayan,18.35,121.6167,1998,1,Jan,DJF,Dry Season,2072.6,14.5,1998-01-01,https://app.powerbi.com/view?r=eyJrIjoiOTJkN2U4MjUtYWE1Ny00NzA4LWExMzctMDBiYjQ2NjZiZWVjIiwidCI6ImJkMDNhNzM1LTJhYTMtNGNjYS05NzIyLTJhZTQ5MjlhYjNlYyIsImMiOjEwfQ%3D%3D&pageName=adfba30c52355c5b1631
Aparri,Cagayan,18.35,121.6167,1998,2,Feb,DJF,Dry Season,2072.6,19,1998-02-01,https://app.powerbi.com/view?r=eyJrIjoiOTJkN2U4MjUtYWE1Ny00NzA4LWExMzctMDBiYjQ2NjZiZWVjIiwidCI6ImJkMDNhNzM1LTJhYTMtNGNjYS05NzIyLTJhZTQ5MjlhYjNlYyIsImMiOjEwfQ%3D%3D&pageName=adfba30c52355c5b1631
Aparri,Cagayan,18.35,121.6167,1998,3,Mar,MAM,Dry Season,2072.6,1,1998-03-01,https://app.powerbi.com/view?r=eyJrIjoiOTJkN2U4MjUtYWE1Ny00NzA4LWExMzctMDBiYjQ2NjZiZWVjIiwidCI6ImJkMDNhNzM1LTJhYTMtNGNjYS05NzIyLTJhZTQ5MjlhYjNlYyIsImMiOjEwfQ%3D%3D&pageName=adfba30c52355c5b1631
Aparri,Cagayan,18.35,121.6167,1998,4,Apr,MAM,Dry Season,2072.6,59,1998-04-01,https://app.powerbi.com/view?r=eyJrIjoiOTJkN2U4MjUtYWE1Ny00NzA4LWExMzctMDBiYjQ2NjZiZWVjIiwidCI6ImJkMDNhNzM1LTJhYTMtNGNjYS05NzIyLTJhZTQ5MjlhYjNlYyIsImMiOjEwfQ%3D%3D&pageName=adfba30c52355c5b1631
Aparri,Cagayan,18.35,121.6167,1998,5,May,MAM,Wet Season,2072.6,116.5,1998-05-01,https://app.powerbi.com/view?r=eyJrIjoiOTJkN2U4MjUtYWE1Ny00NzA4LWExMzctMDBiYjQ2NjZiZWVjIiwidCI6ImJkMDNhNzM1LTJhYTMtNGNjYS05NzIyLTJhZTQ5MjlhYjNlYyIsImMiOjEwfQ%3D%3D&pageName=adfba30c52355c5b1631
Aparri,Cagayan,18.35,121.6167,1998,6,Jun,JJA,Wet Season,2072.6,146,1998-06-01,https://app.powerbi.com/view?r=eyJrIjoiOTJkN2U4MjUtYWE1Ny00NzA4LWExMzctMDBiYjQ2NjZiZWVjIiwidCI6ImJkMDNhNzM1LTJhYTMtNGNjYS05NzIyLTJhZTQ5MjlhYjNlYyIsImMiOjEwfQ%3D%3D&pageName=adfba30c52355c5b1631
Aparri,Cagayan,18.35,121.6167,1998,7,Jul,JJA,Wet Season,2072.6,29,1998-07-01,https://app.powerbi.com/view?r=eyJrIjoiOTJkN2U4MjUtYWE1Ny00NzA4LWExMzctMDBiYjQ2NjZiZWVjIiwidCI6ImJkMDNhNzM1LTJhYTMtNGNjYS05NzIyLTJhZTQ5MjlhYjNlYyIsImMiOjEwfQ%3D%3D&pageName=adfba30c52355c5b1631
Aparri,Cagayan,18.35,121.6167,1998,8,Aug,JJA,Wet Season,2072.6,181.9,1998-08-01,https://app.powerbi.com/view?r=eyJrIjoiOTJkN2U4MjUtYWE1Ny00NzA4LWExMzctMDBiYjQ2NjZiZWVjIiwidCI6ImJkMDNhNzM1LTJhYTMtNGNjYS05NzIyLTJhZTQ5MjlhYjNlYyIsImMiOjEwfQ%3D%3D&pageName=adfba30c52355c5b1631
Aparri,Cagayan,18.35,121.6167,1998,9,Sep,SON,Wet Season,2072.6,120.5,1998-09-01,https://app.powerbi.com/view?r=eyJrIjoiOTJkN2U4MjUtYWE1Ny00NzA4LWExMzctMDBiYjQ2NjZiZWVjIiwidCI6ImJkMDNhNzM1LTJhYTMtNGNjYS05NzIyLTJhZTQ5MjlhYjNlYyIsImMiOjEwfQ%3D%3D&pageName=adfba30c52355c5b1631
Aparri,Cagayan,18.35,121.6167,1998,10,Oct,SON,Wet Season,2072.6,212.6,1998-10-01,https://app.powerbi.com/view?r=eyJrIjoiOTJkN2U4MjUtYWE1Ny00NzA4LWExMzctMDBiYjQ2NjZiZWVjIiwidCI6ImJkMDNhNzM1LTJhYTMtNGNjYS05NzIyLTJhZTQ5MjlhYjNlYyIsImMiOjEwfQ%3D%3D&pageName=adfba30c52355c5b1631
Aparri,Cagayan,18.35,121.6167,1998,11,Nov,SON,Dry Season,2072.6,676.5,1998-11-01,https://app.powerbi.com/view?r=eyJrIjoiOTJkN2U4MjUtYWE1Ny00NzA4LWExMzctMDBiYjQ2NjZiZWVjIiwidCI6ImJkMDNhNzM1LTJhYTMtNGNjYS05NzIyLTJhZTQ5MjlhYjNlYyIsImMiOjEwfQ%3D%3D&pageName=adfba30c52355c5b1631
Aparri,Cagayan,18.35,121.6167,1998,12,Dec,DJF,Dry Season,2072.6,496.1,1998-12-01,https://app.powerbi.com/view?r=eyJrIjoiOTJkN2U4MjUtYWE1Ny00NzA4LWExMzctMDBiYjQ2NjZiZWVjIiwidCI6ImJkMDNhNzM1LTJhYTMtNGNjYS05NzIyLTJhZTQ5MjlhYjNlYyIsImMiOjEwfQ%3D%3D&pageName=adfba30c52355c5b1631
Aparri,Cagayan,18.35,121.6167,1999,1,Jan,DJF,Dry Season,3050,178,1999-01-01,https://app.powerbi.com/view?r=eyJrIjoiOTJkN2U4MjUtYWE1Ny00NzA4LWExMzctMDBiYjQ2NjZiZWVjIiwidCI6ImJkMDNhNzM1LTJhYTMtNGNjYS05NzIyLTJhZTQ5MjlhYjNlYyIsImMiOjEwfQ%3D%3D&pageName=adfba30c52355c5b1631
Aparri,Cagayan,18.35,121.6167,1999,2,Feb,DJF,Dry Season,3050,68,1999-02-01,https://app.powerbi.com/view?r=eyJrIjoiOTJkN2U4MjUtYWE1Ny00NzA4LWExMzctMDBiYjQ2NjZiZWVjIiwidCI6ImJkMDNhNzM1LTJhYTMtNGNjYS05NzIyLTJhZTQ5MjlhYjNlYyIsImMiOjEwfQ%3D%3D&pageName=adfba30c52355c5b1631
Aparri,Cagayan,18.35,121.6167,1999,3,Mar,MAM,Dry Season,3050,65,1999-03-01,https://app.powerbi.com/view?r=eyJrIjoiOTJkN2U4MjUtYWE1Ny00NzA4LWExMzctMDBiYjQ2NjZiZWVjIiwidCI6ImJkMDNhNzM1LTJhYTMtNGNjYS05NzIyLTJhZTQ5MjlhYjNlYyIsImMiOjEwfQ%3D%3D&pageName=adfba30c52355c5b1631
Aparri,Cagayan,18.35,121.6167,1999,4,Apr,MAM,Dry Season,3050,129.5,1999-04-01,https://app.powerbi.com/view?r=eyJrIjoiOTJkN2U4MjUtYWE1Ny00NzA4LWExMzctMDBiYjQ2NjZiZWVjIiwidCI6ImJkMDNhNzM1LTJhYTMtNGNjYS05NzIyLTJhZTQ5MjlhYjNlYyIsImMiOjEwfQ%3D%3D&pageName=adfba30c52355c5b1631
Aparri,Cagayan,18.35,121.6167,1999,5,May,MAM,Wet Season,3050,198.5,1999-05-01,https://app.powerbi.com/view?r=eyJrIjoiOTJkN2U4MjUtYWE1Ny00NzA4LWExMzctMDBiYjQ2NjZiZWVjIiwidCI6ImJkMDNhNzM1LTJhYTMtNGNjYS05NzIyLTJhZTQ5MjlhYjNlYyIsImMiOjEwfQ%3D%3D&pageName=adfba30c52355c5b1631
Aparri,Cagayan,18.35,121.6167,1999,6,Jun,JJA,Wet Season,3050,257.5,1999-06-01,https://app.powerbi.com/view?r=eyJrIjoiOTJkN2U4MjUtYWE1Ny00NzA4LWExMzctMDBiYjQ2NjZiZWVjIiwidCI6ImJkMDNhNzM1LTJhYTMtNGNjYS05NzIyLTJhZTQ5MjlhYjNlYyIsImMiOjEwfQ%3D%3D&pageName=adfba30c52355c5b1631
Aparri,Cagayan,18.35,121.6167,1999,7,Jul,JJA,Wet Season,3050,172.5,1999-07-01,https://app.powerbi.com/view?r=eyJrIjoiOTJkN2U4MjUtYWE1Ny00NzA4LWExMzctMDBiYjQ2NjZiZWVjIiwidCI6ImJkMDNhNzM1LTJhYTMtNGNjYS05NzIyLTJhZTQ5MjlhYjNlYyIsImMiOjEwfQ%3D%3D&pageName=adfba30c52355c5b1631
Aparri,Cagayan,18.35,121.6167,1999,8,Aug,JJA,Wet Season,3050,271,1999-08-01,https://app.powerbi.com/view?r=eyJrIjoiOTJkN2U4MjUtYWE1Ny00NzA4LWExMzctMDBiYjQ2NjZiZWVjIiwidCI6ImJkMDNhNzM1LTJhYTMtNGNjYS05NzIyLTJhZTQ5MjlhYjNlYyIsImMiOjEwfQ%3D%3D&pageName=adfba30c52355c5b1631
Aparri,Cagayan,18.35,121.6167,1999,9,Sep,SON,Wet Season,3050,640.5,1999-09-01,https://app.powerbi.com/view?r=eyJrIjoiOTJkN2U4MjUtYWE1Ny00NzA4LWExMzctMDBiYjQ2NjZiZWVjIiwidCI6ImJkMDNhNzM1LTJhYTMtNGNjYS05NzIyLTJhZTQ5MjlhYjNlYyIsImMiOjEwfQ%3D%3D&pageName=adfba30c52355c5b1631
Aparri,Cagayan,18.35,121.6167,1999,10,Oct,SON,Wet Season,3050,377,1999-10-01,https://app.powerbi.com/view?r=eyJrIjoiOTJkN2U4MjUtYWE1Ny00NzA4LWExMzctMDBiYjQ2NjZiZWVjIiwidCI6ImJkMDNhNzM1LTJhYTMtNGNjYS05NzIyLTJhZTQ5MjlhYjNlYyIsImMiOjEwfQ%3D%3D&pageName=adfba30c52355c5b1631
Aparri,Cagayan,18.35,121.6167,1999,11,Nov,SON,Dry Season,3050,259.5,1999-11-01,https://app.powerbi.com/view?r=eyJrIjoiOTJkN2U4MjUtYWE1Ny00NzA4LWExMzctMDBiYjQ2NjZiZWVjIiwidCI6ImJkMDNhNzM1LTJhYTMtNGNjYS05NzIyLTJhZTQ5MjlhYjNlYyIsImMiOjEwfQ%3D%3D&pageName=adfba30c52355c5b1631
Aparri,Cagayan,18.35,121.6167,1999,12,Dec,DJF,Dry Season,3050,433,1999-12-01,https://app.powerbi.com/view?r=eyJrIjoiOTJkN2U4MjUtYWE1Ny00NzA4LWExMzctMDBiYjQ2NjZiZWVjIiwidCI6ImJkMDNhNzM1LTJhYTMtNGNjYS05NzIyLTJhZTQ5MjlhYjNlYyIsImMiOjEwfQ%3D%3D&pageName=adfba30c52355c5b1631
Aparri,Cagayan,18.35,121.6167,2000,1,Jan,DJF,Dry Season,2063.5,92.5,2000-01-01,https://app.powerbi.com/view?r=eyJrIjoiOTJkN2U4MjUtYWE1Ny00NzA4LWExMzctMDBiYjQ2NjZiZWVjIiwidCI6ImJkMDNhNzM1LTJhYTMtNGNjYS05NzIyLTJhZTQ5MjlhYjNlYyIsImMiOjEwfQ%3D%3D&pageName=adfba30c52355c5b1631
Aparri,Cagayan,18.35,121.6167,2000,2,Feb,DJF,Dry Season,2063.5,21.5,2000-02-01,https://app.powerbi.com/view?r=eyJrIjoiOTJkN2U4MjUtYWE1Ny00NzA4LWExMzctMDBiYjQ2NjZiZWVjIiwidCI6ImJkMDNhNzM1LTJhYTMtNGNjYS05NzIyLTJhZTQ5MjlhYjNlYyIsImMiOjEwfQ%3D%3D&pageName=adfba30c52355c5b1631
Aparri,Cagayan,18.35,121.6167,2000,3,Mar,MAM,Dry Season,2063.5,97.9,2000-03-01,https://app.powerbi.com/view?r=eyJrIjoiOTJkN2U4MjUtYWE1Ny00NzA4LWExMzctMDBiYjQ2NjZiZWVjIiwidCI6ImJkMDNhNzM1LTJhYTMtNGNjYS05NzIyLTJhZTQ5MjlhYjNlYyIsImMiOjEwfQ%3D%3D&pageName=adfba30c52355c5b1631
Aparri,Cagayan,18.35,121.6167,2000,4,Apr,MAM,Dry Season,2063.5,10.3,2000-04-01,https://app.powerbi.com/view?r=eyJrIjoiOTJkN2U4MjUtYWE1Ny00NzA4LWExMzctMDBiYjQ2NjZiZWVjIiwidCI6ImJkMDNhNzM1LTJhYTMtNGNjYS05NzIyLTJhZTQ5MjlhYjNlYyIsImMiOjEwfQ%3D%3D&pageName=adfba30c52355c5b1631
Aparri,Cagayan,18.35,121.6167,2000,5,May,MAM,Wet Season,2063.5,119,2000-05-01,https://app.powerbi.com/view?r=eyJrIjoiOTJkN2U4MjUtYWE1Ny00NzA4LWExMzctMDBiYjQ2NjZiZWVjIiwidCI6ImJkMDNhNzM1LTJhYTMtNGNjYS05NzIyLTJhZTQ5MjlhYjNlYyIsImMiOjEwfQ%3D%3D&pageName=adfba30c52355c5b1631
Aparri,Cagayan,18.35,121.6167,2000,6,Jun,JJA,Wet Season,2063.5,76,2000-06-01,https://app.powerbi.com/view?r=eyJrIjoiOTJkN2U4MjUtYWE1Ny00NzA4LWExMzctMDBiYjQ2NjZiZWVjIiwidCI6ImJkMDNhNzM1LTJhYTMtNGNjYS05NzIyLTJhZTQ5MjlhYjNlYyIsImMiOjEwfQ%3D%3D&pageName=adfba30c52355c5b1631
Aparri,Cagayan,18.35,121.6167,2000,7,Jul,JJA,Wet Season,2063.5,165.4,2000-07-01,https://app.powerbi.com/view?r=eyJrIjoiOTJkN2U4MjUtYWE1Ny00NzA4LWExMzctMDBiYjQ2NjZiZWVjIiwidCI6ImJkMDNhNzM1LTJhYTMtNGNjYS05NzIyLTJhZTQ5MjlhYjNlYyIsImMiOjEwfQ%3D%3D&pageName=adfba30c52355c5b1631
Aparri,Cagayan,18.35,121.6167,2000,8,Aug,JJA,Wet Season,2063.5,161,2000-08-01,https://app.powerbi.com/view?r=eyJrIjoiOTJkN2U4MjUtYWE1Ny00NzA4LWExMzctMDBiYjQ2NjZiZWVjIiwidCI6ImJkMDNhNzM1LTJhYTMtNGNjYS05NzIyLTJhZTQ5MjlhYjNlYyIsImMiOjEwfQ%3D%3D&pageName=adfba30c52355c5b1631
Aparri,Cagayan,18.35,121.6167,2000,9,Sep,SON,Wet Season,2063.5,341,2000-09-01,https://app.powerbi.com/view?r=eyJrIjoiOTJkN2U4MjUtYWE1Ny00NzA4LWExMzctMDBiYjQ2NjZiZWVjIiwidCI6ImJkMDNhNzM1LTJhYTMtNGNjYS05NzIyLTJhZTQ5MjlhYjNlYyIsImMiOjEwfQ%3D%3D&pageName=adfba30c52355c5b1631
Aparri,Cagayan,18.35,121.6167,2000,10,Oct,SON,Wet Season,2063.5,192.5,2000-10-01,https://app.powerbi.com/view?r=eyJrIjoiOTJkN2U4MjUtYWE1Ny00NzA4LWExMzctMDBiYjQ2NjZiZWVjIiwidCI6ImJkMDNhNzM1LTJhYTMtNGNjYS05NzIyLTJhZTQ5MjlhYjNlYyIsImMiOjEwfQ%3D%3D&pageName=adfba30c52355c5b1631
Aparri,Cagayan,18.35,121.6167,2000,11,Nov,SON,Dry Season,2063.5,398.9,2000-11-01,https://app.powerbi.com/view?r=eyJrIjoiOTJkN2U4MjUtYWE1Ny00NzA4LWExMzctMDBiYjQ2NjZiZWVjIiwidCI6ImJkMDNhNzM1LTJhYTMtNGNjYS05NzIyLTJhZTQ5MjlhYjNlYyIsImMiOjEwfQ%3D%3D&pageName=adfba30c52355c5b1631
Aparri,Cagayan,18.35,121.6167,2000,12,Dec,DJF,Dry Season,2063.5,387.5,2000-12-01,https://app.powerbi.com/view?r=eyJrIjoiOTJkN2U4MjUtYWE1Ny00NzA4LWExMzctMDBiYjQ2NjZiZWVjIiwidCI6ImJkMDNhNzM1LTJhYTMtNGNjYS05NzIyLTJhZTQ5MjlhYjNlYyIsImMiOjEwfQ%3D%3D&pageName=adfba30c52355c5b1631
Aparri,Cagayan,18.35,121.6167,2001,1,Jan,DJF,Dry Season,2682.6,54.5,2001-01-01,https://app.powerbi.com/view?r=eyJrIjoiOTJkN2U4MjUtYWE1Ny00NzA4LWExMzctMDBiYjQ2NjZiZWVjIiwidCI6ImJkMDNhNzM1LTJhYTMtNGNjYS05NzIyLTJhZTQ5MjlhYjNlYyIsImMiOjEwfQ%3D%3D&pageName=adfba30c52355c5b1631
Aparri,Cagayan,18.35,121.6167,2001,2,Feb,DJF,Dry Season,2682.6,346.2,2001-02-01,https://app.powerbi.com/view?r=eyJrIjoiOTJkN2U4MjUtYWE1Ny00NzA4LWExMzctMDBiYjQ2NjZiZWVjIiwidCI6ImJkMDNhNzM1LTJhYTMtNGNjYS05NzIyLTJhZTQ5MjlhYjNlYyIsImMiOjEwfQ%3D%3D&pageName=adfba30c52355c5b1631
Aparri,Cagayan,18.35,121.6167,2001,3,Mar,MAM,Dry Season,2682.6,121,2001-03-01,https://app.powerbi.com/view?r=eyJrIjoiOTJkN2U4MjUtYWE1Ny00NzA4LWExMzctMDBiYjQ2NjZiZWVjIiwidCI6ImJkMDNhNzM1LTJhYTMtNGNjYS05NzIyLTJhZTQ5MjlhYjNlYyIsImMiOjEwfQ%3D%3D&pageName=adfba30c52355c5b1631
Aparri,Cagayan,18.35,121.6167,2001,4,Apr,MAM,Dry Season,2682.6,20.5,2001-04-01,https://app.powerbi.com/view?r=eyJrIjoiOTJkN2U4MjUtYWE1Ny00NzA4LWExMzctMDBiYjQ2NjZiZWVjIiwidCI6ImJkMDNhNzM1LTJhYTMtNGNjYS05NzIyLTJhZTQ5MjlhYjNlYyIsImMiOjEwfQ%3D%3D&pageName=adfba30c52355c5b1631
Aparri,Cagayan,18.35,121.6167,2001,5,May,MAM,Wet Season,2682.6,123.5,2001-05-01,https://app.powerbi.com/view?r=eyJrIjoiOTJkN2U4MjUtYWE1Ny00NzA4LWExMzctMDBiYjQ2NjZiZWVjIiwidCI6ImJkMDNhNzM1LTJhYTMtNGNjYS05NzIyLTJhZTQ5MjlhYjNlYyIsImMiOjEwfQ%3D%3D&pageName=adfba30c52355c5b1631
Aparri,Cagayan,18.35,121.6167,2001,6,Jun,JJA,Wet Season,2682.6,207,2001-06-01,https://app.powerbi.com/view?r=eyJrIjoiOTJkN2U4MjUtYWE1Ny00NzA4LWExMzctMDBiYjQ2NjZiZWVjIiwidCI6ImJkMDNhNzM1LTJhYTMtNGNjYS05NzIyLTJhZTQ5MjlhYjNlYyIsImMiOjEwfQ%3D%3D&pageName=adfba30c52355c5b1631
Aparri,Cagayan,18.35,121.6167,2001,7,Jul,JJA,Wet Season,2682.6,571.1,2001-07-01,https://app.powerbi.com/view?r=eyJrIjoiOTJkN2U4MjUtYWE1Ny00NzA4LWExMzctMDBiYjQ2NjZiZWVjIiwidCI6ImJkMDNhNzM1LTJhYTMtNGNjYS05NzIyLTJhZTQ5MjlhYjNlYyIsImMiOjEwfQ%3D%3D&pageName=adfba30c52355c5b1631
Aparri,Cagayan,18.35,121.6167,2001,8,Aug,JJA,Wet Season,2682.6,247.9,2001-08-01,https://app.powerbi.com/view?r=eyJrIjoiOTJkN2U4MjUtYWE1Ny00NzA4LWExMzctMDBiYjQ2NjZiZWVjIiwidCI6ImJkMDNhNzM1LTJhYTMtNGNjYS05NzIyLTJhZTQ5MjlhYjNlYyIsImMiOjEwfQ%3D%3D&pageName=adfba30c52355c5b1631
Aparri,Cagayan,18.35,121.6167,2001,9,Sep,SON,Wet Season,2682.6,284.9,2001-09-01,https://app.powerbi.com/view?r=eyJrIjoiOTJkN2U4MjUtYWE1Ny00NzA4LWExMzctMDBiYjQ2NjZiZWVjIiwidCI6ImJkMDNhNzM1LTJhYTMtNGNjYS05NzIyLTJhZTQ5MjlhYjNlYyIsImMiOjEwfQ%3D%3D&pageName=adfba30c52355c5b1631
Aparri,Cagayan,18.35,121.6167,2001,10,Oct,SON,Wet Season,2682.6,168.5,2001-10-01,https://app.powerbi.com/view?r=eyJrIjoiOTJkN2U4MjUtYWE1Ny00NzA4LWExMzctMDBiYjQ2NjZiZWVjIiwidCI6ImJkMDNhNzM1LTJhYTMtNGNjYS05NzIyLTJhZTQ5MjlhYjNlYyIsImMiOjEwfQ%3D%3D&pageName=adfba30c52355c5b1631
Aparri,Cagayan,18.35,121.6167,2001,11,Nov,SON,Dry Season,2682.6,361,2001-11-01,https://app.powerbi.com/view?r=eyJrIjoiOTJkN2U4MjUtYWE1Ny00NzA4LWExMzctMDBiYjQ2NjZiZWVjIiwidCI6ImJkMDNhNzM1LTJhYTMtNGNjYS05NzIyLTJhZTQ5MjlhYjNlYyIsImMiOjEwfQ%3D%3D&pageName=adfba30c52355c5b1631
Aparri,Cagayan,18.35,121.6167,2001,12,Dec,DJF,Dry Season,2682.6,176.5,2001-12-01,https://app.powerbi.com/view?r=eyJrIjoiOTJkN2U4MjUtYWE1Ny00NzA4LWExMzctMDBiYjQ2NjZiZWVjIiwidCI6ImJkMDNhNzM1LTJhYTMtNGNjYS05NzIyLTJhZTQ5MjlhYjNlYyIsImMiOjEwfQ%3D%3D&pageName=adfba30c52355c5b1631
Aparri,Cagayan,18.35,121.6167,2002,1,Jan,DJF,Dry Season,1122,48.5,2002-01-01,https://app.powerbi.com/view?r=eyJrIjoiOTJkN2U4MjUtYWE1Ny00NzA4LWExMzctMDBiYjQ2NjZiZWVjIiwidCI6ImJkMDNhNzM1LTJhYTMtNGNjYS05NzIyLTJhZTQ5MjlhYjNlYyIsImMiOjEwfQ%3D%3D&pageName=adfba30c52355c5b1631
Aparri,Cagayan,18.35,121.6167,2002,2,Feb,DJF,Dry Season,1122,21.5,2002-02-01,https://app.powerbi.com/view?r=eyJrIjoiOTJkN2U4MjUtYWE1Ny00NzA4LWExMzctMDBiYjQ2NjZiZWVjIiwidCI6ImJkMDNhNzM1LTJhYTMtNGNjYS05NzIyLTJhZTQ5MjlhYjNlYyIsImMiOjEwfQ%3D%3D&pageName=adfba30c52355c5b1631
Aparri,Cagayan,18.35,121.6167,2002,3,Mar,MAM,Dry Season,1122,13,2002-03-01,https://app.powerbi.com/view?r=eyJrIjoiOTJkN2U4MjUtYWE1Ny00NzA4LWExMzctMDBiYjQ2NjZiZWVjIiwidCI6ImJkMDNhNzM1LTJhYTMtNGNjYS05NzIyLTJhZTQ5MjlhYjNlYyIsImMiOjEwfQ%3D%3D&pageName=adfba30c52355c5b1631
Aparri,Cagayan,18.35,121.6167,2002,4,Apr,MAM,Dry Season,1122,4,2002-04-01,https://app.powerbi.com/view?r=eyJrIjoiOTJkN2U4MjUtYWE1Ny00NzA4LWExMzctMDBiYjQ2NjZiZWVjIiwidCI6ImJkMDNhNzM1LTJhYTMtNGNjYS05NzIyLTJhZTQ5MjlhYjNlYyIsImMiOjEwfQ%3D%3D&pageName=adfba30c52355c5b1631
Aparri,Cagayan,18.35,121.6167,2002,5,May,MAM,Wet Season,1122,129.5,2002-05-01,https://app.powerbi.com/view?r=eyJrIjoiOTJkN2U4MjUtYWE1Ny00NzA4LWExMzctMDBiYjQ2NjZiZWVjIiwidCI6ImJkMDNhNzM1LTJhYTMtNGNjYS05NzIyLTJhZTQ5MjlhYjNlYyIsImMiOjEwfQ%3D%3D&pageName=adfba30c52355c5b1631
Aparri,Cagayan,18.35,121.6167,2002,6,Jun,JJA,Wet Season,1122,81.3,2002-06-01,https://app.powerbi.com/view?r=eyJrIjoiOTJkN2U4MjUtYWE1Ny00NzA4LWExMzctMDBiYjQ2NjZiZWVjIiwidCI6ImJkMDNhNzM1LTJhYTMtNGNjYS05NzIyLTJhZTQ5MjlhYjNlYyIsImMiOjEwfQ%3D%3D&pageName=adfba30c52355c5b1631
Aparri,Cagayan,18.35,121.6167,2002,7,Jul,JJA,Wet Season,1122,290,2002-07-01,https://app.powerbi.com/view?r=eyJrIjoiOTJkN2U4MjUtYWE1Ny00NzA4LWExMzctMDBiYjQ2NjZiZWVjIiwidCI6ImJkMDNhNzM1LTJhYTMtNGNjYS05NzIyLTJhZTQ5MjlhYjNlYyIsImMiOjEwfQ%3D%3D&pageName=adfba30c52355c5b1631
Aparri,Cagayan,18.35,121.6167,2002,8,Aug,JJA,Wet Season,1122,71,2002-08-01,https://app.powerbi.com/view?r=eyJrIjoiOTJkN2U4MjUtYWE1Ny00NzA4LWExMzctMDBiYjQ2NjZiZWVjIiwidCI6ImJkMDNhNzM1LTJhYTMtNGNjYS05NzIyLTJhZTQ5MjlhYjNlYyIsImMiOjEwfQ%3D%3D&pageName=adfba30c52355c5b1631
Aparri,Cagayan,18.35,121.6167,2002,9,Sep,SON,Wet Season,1122,105.1,2002-09-01,https://app.powerbi.com/view?r=eyJrIjoiOTJkN2U4MjUtYWE1Ny00NzA4LWExMzctMDBiYjQ2NjZiZWVjIiwidCI6ImJkMDNhNzM1LTJhYTMtNGNjYS05NzIyLTJhZTQ5MjlhYjNlYyIsImMiOjEwfQ%3D%3D&pageName=adfba30c52355c5b1631
Aparri,Cagayan,18.35,121.6167,2002,10,Oct,SON,Wet Season,1122,59,2002-10-01,https://app.powerbi.com/view?r=eyJrIjoiOTJkN2U4MjUtYWE1Ny00NzA4LWExMzctMDBiYjQ2NjZiZWVjIiwidCI6ImJkMDNhNzM1LTJhYTMtNGNjYS05NzIyLTJhZTQ5MjlhYjNlYyIsImMiOjEwfQ%3D%3D&pageName=adfba30c52355c5b1631
Aparri,Cagayan,18.35,121.6167,2002,11,Nov,SON,Dry Season,1122,190.1,2002-11-01,https://app.powerbi.com/view?r=eyJrIjoiOTJkN2U4MjUtYWE1Ny00NzA4LWExMzctMDBiYjQ2NjZiZWVjIiwidCI6ImJkMDNhNzM1LTJhYTMtNGNjYS05NzIyLTJhZTQ5MjlhYjNlYyIsImMiOjEwfQ%3D%3D&pageName=adfba30c52355c5b1631
Aparri,Cagayan,18.35,121.6167,2002,12,Dec,DJF,Dry Season,1122,109,2002-12-01,https://app.powerbi.com/view?r=eyJrIjoiOTJkN2U4MjUtYWE1Ny00NzA4LWExMzctMDBiYjQ2NjZiZWVjIiwidCI6ImJkMDNhNzM1LTJhYTMtNGNjYS05NzIyLTJhZTQ5MjlhYjNlYyIsImMiOjEwfQ%3D%3D&pageName=adfba30c52355c5b1631
Aparri,Cagayan,18.35,121.6167,2003,1,Jan,DJF,Dry Season,1693.1,67,2003-01-01,https://app.powerbi.com/view?r=eyJrIjoiOTJkN2U4MjUtYWE1Ny00NzA4LWExMzctMDBiYjQ2NjZiZWVjIiwidCI6ImJkMDNhNzM1LTJhYTMtNGNjYS05NzIyLTJhZTQ5MjlhYjNlYyIsImMiOjEwfQ%3D%3D&pageName=adfba30c52355c5b1631
Aparri,Cagayan,18.35,121.6167,2003,2,Feb,DJF,Dry Season,1693.1,44.7,2003-02-01,https://app.powerbi.com/view?r=eyJrIjoiOTJkN2U4MjUtYWE1Ny00NzA4LWExMzctMDBiYjQ2NjZiZWVjIiwidCI6ImJkMDNhNzM1LTJhYTMtNGNjYS05NzIyLTJhZTQ5MjlhYjNlYyIsImMiOjEwfQ%3D%3D&pageName=adfba30c52355c5b1631
Aparri,Cagayan,18.35,121.6167,2003,3,Mar,MAM,Dry Season,1693.1,5,2003-03-01,https://app.powerbi.com/view?r=eyJrIjoiOTJkN2U4MjUtYWE1Ny00NzA4LWExMzctMDBiYjQ2NjZiZWVjIiwidCI6ImJkMDNhNzM1LTJhYTMtNGNjYS05NzIyLTJhZTQ5MjlhYjNlYyIsImMiOjEwfQ%3D%3D&pageName=adfba30c52355c5b1631
Aparri,Cagayan,18.35,121.6167,2003,4,Apr,MAM,Dry Season,1693.1,25,2003-04-01,https://app.powerbi.com/view?r=eyJrIjoiOTJkN2U4MjUtYWE1Ny00NzA4LWExMzctMDBiYjQ2NjZiZWVjIiwidCI6ImJkMDNhNzM1LTJhYTMtNGNjYS05NzIyLTJhZTQ5MjlhYjNlYyIsImMiOjEwfQ%3D%3D&pageName=adfba30c52355c5b1631
Aparri,Cagayan,18.35,121.6167,2003,5,May,MAM,Wet Season,1693.1,313.7,2003-05-01,https://app.powerbi.com/view?r=eyJrIjoiOTJkN2U4MjUtYWE1Ny00NzA4LWExMzctMDBiYjQ2NjZiZWVjIiwidCI6ImJkMDNhNzM1LTJhYTMtNGNjYS05NzIyLTJhZTQ5MjlhYjNlYyIsImMiOjEwfQ%3D%3D&pageName=adfba30c52355c5b1631
Aparri,Cagayan,18.35,121.6167,2003,6,Jun,JJA,Wet Season,1693.1,285,2003-06-01,https://app.powerbi.com/view?r=eyJrIjoiOTJkN2U4MjUtYWE1Ny00NzA4LWExMzctMDBiYjQ2NjZiZWVjIiwidCI6ImJkMDNhNzM1LTJhYTMtNGNjYS05NzIyLTJhZTQ5MjlhYjNlYyIsImMiOjEwfQ%3D%3D&pageName=adfba30c52355c5b1631
Aparri,Cagayan,18.35,121.6167,2003,7,Jul,JJA,Wet Season,1693.1,37,2003-07-01,https://app.powerbi.com/view?r=eyJrIjoiOTJkN2U4MjUtYWE1Ny00NzA4LWExMzctMDBiYjQ2NjZiZWVjIiwidCI6ImJkMDNhNzM1LTJhYTMtNGNjYS05NzIyLTJhZTQ5MjlhYjNlYyIsImMiOjEwfQ%3D%3D&pageName=adfba30c52355c5b1631
Aparri,Cagayan,18.35,121.6167,2003,8,Aug,JJA,Wet Season,1693.1,131,2003-08-01,https://app.powerbi.com/view?r=eyJrIjoiOTJkN2U4MjUtYWE1Ny00NzA4LWExMzctMDBiYjQ2NjZiZWVjIiwidCI6ImJkMDNhNzM1LTJhYTMtNGNjYS05NzIyLTJhZTQ5MjlhYjNlYyIsImMiOjEwfQ%3D%3D&pageName=adfba30c52355c5b1631
Aparri,Cagayan,18.35,121.6167,2003,9,Sep,SON,Wet Season,1693.1,91.5,2003-09-01,https://app.powerbi.com/view?r=eyJrIjoiOTJkN2U4MjUtYWE1Ny00NzA4LWExMzctMDBiYjQ2NjZiZWVjIiwidCI6ImJkMDNhNzM1LTJhYTMtNGNjYS05NzIyLTJhZTQ5MjlhYjNlYyIsImMiOjEwfQ%3D%3D&pageName=adfba30c52355c5b1631
Aparri,Cagayan,18.35,121.6167,2003,10,Oct,SON,Wet Season,1693.1,303.1,2003-10-01,https://app.powerbi.com/view?r=eyJrIjoiOTJkN2U4MjUtYWE1Ny00NzA4LWExMzctMDBiYjQ2NjZiZWVjIiwidCI6ImJkMDNhNzM1LTJhYTMtNGNjYS05NzIyLTJhZTQ5MjlhYjNlYyIsImMiOjEwfQ%3D%3D&pageName=adfba30c52355c5b1631
Aparri,Cagayan,18.35,121.6167,2003,11,Nov,SON,Dry Season,1693.1,236.1,2003-11-01,https://app.powerbi.com/view?r=eyJrIjoiOTJkN2U4MjUtYWE1Ny00NzA4LWExMzctMDBiYjQ2NjZiZWVjIiwidCI6ImJkMDNhNzM1LTJhYTMtNGNjYS05NzIyLTJhZTQ5MjlhYjNlYyIsImMiOjEwfQ%3D%3D&pageName=adfba30c52355c5b1631
Aparri,Cagayan,18.35,121.6167,2003,12,Dec,DJF,Dry Season,1693.1,154,2003-12-01,https://app.powerbi.com/view?r=eyJrIjoiOTJkN2U4MjUtYWE1Ny00NzA4LWExMzctMDBiYjQ2NjZiZWVjIiwidCI6ImJkMDNhNzM1LTJhYTMtNGNjYS05NzIyLTJhZTQ5MjlhYjNlYyIsImMiOjEwfQ%3D%3D&pageName=adfba30c52355c5b1631
Aparri,Cagayan,18.35,121.6167,2004,1,Jan,DJF,Dry Season,1336.1,109,2004-01-01,https://app.powerbi.com/view?r=eyJrIjoiOTJkN2U4MjUtYWE1Ny00NzA4LWExMzctMDBiYjQ2NjZiZWVjIiwidCI6ImJkMDNhNzM1LTJhYTMtNGNjYS05NzIyLTJhZTQ5MjlhYjNlYyIsImMiOjEwfQ%3D%3D&pageName=adfba30c52355c5b1631
Aparri,Cagayan,18.35,121.6167,2004,2,Feb,DJF,Dry Season,1336.1,35.9,2004-02-01,https://app.powerbi.com/view?r=eyJrIjoiOTJkN2U4MjUtYWE1Ny00NzA4LWExMzctMDBiYjQ2NjZiZWVjIiwidCI6ImJkMDNhNzM1LTJhYTMtNGNjYS05NzIyLTJhZTQ5MjlhYjNlYyIsImMiOjEwfQ%3D%3D&pageName=adfba30c52355c5b1631
Aparri,Cagayan,18.35,121.6167,2004,3,Mar,MAM,Dry Season,1336.1,19,2004-03-01,https://app.powerbi.com/view?r=eyJrIjoiOTJkN2U4MjUtYWE1Ny00NzA4LWExMzctMDBiYjQ2NjZiZWVjIiwidCI6ImJkMDNhNzM1LTJhYTMtNGNjYS05NzIyLTJhZTQ5MjlhYjNlYyIsImMiOjEwfQ%3D%3D&pageName=adfba30c52355c5b1631
Aparri,Cagayan,18.35,121.6167,2004,4,Apr,MAM,Dry Season,1336.1,0.1,2004-04-01,https://app.powerbi.com/view?r=eyJrIjoiOTJkN2U4MjUtYWE1Ny00NzA4LWExMzctMDBiYjQ2NjZiZWVjIiwidCI6ImJkMDNhNzM1LTJhYTMtNGNjYS05NzIyLTJhZTQ5MjlhYjNlYyIsImMiOjEwfQ%3D%3D&pageName=adfba30c52355c5b1631
Aparri,Cagayan,18.35,121.6167,2004,5,May,MAM,Wet Season,1336.1,107.5,2004-05-01,https://app.powerbi.com/view?r=eyJrIjoiOTJkN2U4MjUtYWE1Ny00NzA4LWExMzctMDBiYjQ2NjZiZWVjIiwidCI6ImJkMDNhNzM1LTJhYTMtNGNjYS05NzIyLTJhZTQ5MjlhYjNlYyIsImMiOjEwfQ%3D%3D&pageName=adfba30c52355c5b1631
Aparri,Cagayan,18.35,121.6167,2004,6,Jun,JJA,Wet Season,1336.1,445.7,2004-06-01,https://app.powerbi.com/view?r=eyJrIjoiOTJkN2U4MjUtYWE1Ny00NzA4LWExMzctMDBiYjQ2NjZiZWVjIiwidCI6ImJkMDNhNzM1LTJhYTMtNGNjYS05NzIyLTJhZTQ5MjlhYjNlYyIsImMiOjEwfQ%3D%3D&pageName=adfba30c52355c5b1631
Aparri,Cagayan,18.35,121.6167,2004,7,Jul,JJA,Wet Season,1336.1,39.1,2004-07-01,https://app.powerbi.com/view?r=eyJrIjoiOTJkN2U4MjUtYWE1Ny00NzA4LWExMzctMDBiYjQ2NjZiZWVjIiwidCI6ImJkMDNhNzM1LTJhYTMtNGNjYS05NzIyLTJhZTQ5MjlhYjNlYyIsImMiOjEwfQ%3D%3D&pageName=adfba30c52355c5b1631
Aparri,Cagayan,18.35,121.6167,2004,8,Aug,JJA,Wet Season,1336.1,108.7,2004-08-01,https://app.powerbi.com/view?r=eyJrIjoiOTJkN2U4MjUtYWE1Ny00NzA4LWExMzctMDBiYjQ2NjZiZWVjIiwidCI6ImJkMDNhNzM1LTJhYTMtNGNjYS05NzIyLTJhZTQ5MjlhYjNlYyIsImMiOjEwfQ%3D%3D&pageName=adfba30c52355c5b1631
Aparri,Cagayan,18.35,121.6167,2004,9,Sep,SON,Wet Season,1336.1,10,2004-09-01,https://app.powerbi.com/view?r=eyJrIjoiOTJkN2U4MjUtYWE1Ny00NzA4LWExMzctMDBiYjQ2NjZiZWVjIiwidCI6ImJkMDNhNzM1LTJhYTMtNGNjYS05NzIyLTJhZTQ5MjlhYjNlYyIsImMiOjEwfQ%3D%3D&pageName=adfba30c52355c5b1631
Aparri,Cagayan,18.35,121.6167,2004,10,Oct,SON,Wet Season,1336.1,78.4,2004-10-01,https://app.powerbi.com/view?r=eyJrIjoiOTJkN2U4MjUtYWE1Ny00NzA4LWExMzctMDBiYjQ2NjZiZWVjIiwidCI6ImJkMDNhNzM1LTJhYTMtNGNjYS05NzIyLTJhZTQ5MjlhYjNlYyIsImMiOjEwfQ%3D%3D&pageName=adfba30c52355c5b1631
Aparri,Cagayan,18.35,121.6167,2004,11,Nov,SON,Dry Season,1336.1,265,2004-11-01,https://app.powerbi.com/view?r=eyJrIjoiOTJkN2U4MjUtYWE1Ny00NzA4LWExMzctMDBiYjQ2NjZiZWVjIiwidCI6ImJkMDNhNzM1LTJhYTMtNGNjYS05NzIyLTJhZTQ5MjlhYjNlYyIsImMiOjEwfQ%3D%3D&pageName=adfba30c52355c5b1631
Aparri,Cagayan,18.35,121.6167,2004,12,Dec,DJF,Dry Season,1336.1,117.8,2004-12-01,https://app.powerbi.com/view?r=eyJrIjoiOTJkN2U4MjUtYWE1Ny00NzA4LWExMzctMDBiYjQ2NjZiZWVjIiwidCI6ImJkMDNhNzM1LTJhYTMtNGNjYS05NzIyLTJhZTQ5MjlhYjNlYyIsImMiOjEwfQ%3D%3D&pageName=adfba30c52355c5b1631
Aparri,Cagayan,18.35,121.6167,2005,1,Jan,DJF,Dry Season,1661.1,57.5,2005-01-01,https://app.powerbi.com/view?r=eyJrIjoiOTJkN2U4MjUtYWE1Ny00NzA4LWExMzctMDBiYjQ2NjZiZWVjIiwidCI6ImJkMDNhNzM1LTJhYTMtNGNjYS05NzIyLTJhZTQ5MjlhYjNlYyIsImMiOjEwfQ%3D%3D&pageName=adfba30c52355c5b1631
Aparri,Cagayan,18.35,121.6167,2005,2,Feb,DJF,Dry Season,1661.1,62.4,2005-02-01,https://app.powerbi.com/view?r=eyJrIjoiOTJkN2U4MjUtYWE1Ny00NzA4LWExMzctMDBiYjQ2NjZiZWVjIiwidCI6ImJkMDNhNzM1LTJhYTMtNGNjYS05NzIyLTJhZTQ5MjlhYjNlYyIsImMiOjEwfQ%3D%3D&pageName=adfba30c52355c5b1631
Aparri,Cagayan,18.35,121.6167,2005,3,Mar,MAM,Dry Season,1661.1,84.5,2005-03-01,https://app.powerbi.com/view?r=eyJrIjoiOTJkN2U4MjUtYWE1Ny00NzA4LWExMzctMDBiYjQ2NjZiZWVjIiwidCI6ImJkMDNhNzM1LTJhYTMtNGNjYS05NzIyLTJhZTQ5MjlhYjNlYyIsImMiOjEwfQ%3D%3D&pageName=adfba30c52355c5b1631
Aparri,Cagayan,18.35,121.6167,2005,4,Apr,MAM,Dry Season,1661.1,1,2005-04-01,https://app.powerbi.com/view?r=eyJrIjoiOTJkN2U4MjUtYWE1Ny00NzA4LWExMzctMDBiYjQ2NjZiZWVjIiwidCI6ImJkMDNhNzM1LTJhYTMtNGNjYS05NzIyLTJhZTQ5MjlhYjNlYyIsImMiOjEwfQ%3D%3D&pageName=adfba30c52355c5b1631
Aparri,Cagayan,18.35,121.6167,2005,5,May,MAM,Wet Season,1661.1,128,2005-05-01,https://app.powerbi.com/view?r=eyJrIjoiOTJkN2U4MjUtYWE1Ny00NzA4LWExMzctMDBiYjQ2NjZiZWVjIiwidCI6ImJkMDNhNzM1LTJhYTMtNGNjYS05NzIyLTJhZTQ5MjlhYjNlYyIsImMiOjEwfQ%3D%3D&pageName=adfba30c52355c5b1631
Aparri,Cagayan,18.35,121.6167,2005,6,Jun,JJA,Wet Season,1661.1,177,2005-06-01,https://app.powerbi.com/view?r=eyJrIjoiOTJkN2U4MjUtYWE1Ny00NzA4LWExMzctMDBiYjQ2NjZiZWVjIiwidCI6ImJkMDNhNzM1LTJhYTMtNGNjYS05NzIyLTJhZTQ5MjlhYjNlYyIsImMiOjEwfQ%3D%3D&pageName=adfba30c52355c5b1631
Aparri,Cagayan,18.35,121.6167,2005,7,Jul,JJA,Wet Season,1661.1,30,2005-07-01,https://app.powerbi.com/view?r=eyJrIjoiOTJkN2U4MjUtYWE1Ny00NzA4LWExMzctMDBiYjQ2NjZiZWVjIiwidCI6ImJkMDNhNzM1LTJhYTMtNGNjYS05NzIyLTJhZTQ5MjlhYjNlYyIsImMiOjEwfQ%3D%3D&pageName=adfba30c52355c5b1631
Aparri,Cagayan,18.35,121.6167,2005,8,Aug,JJA,Wet Season,1661.1,185.5,2005-08-01,https://app.powerbi.com/view?r=eyJrIjoiOTJkN2U4MjUtYWE1Ny00NzA4LWExMzctMDBiYjQ2NjZiZWVjIiwidCI6ImJkMDNhNzM1LTJhYTMtNGNjYS05NzIyLTJhZTQ5MjlhYjNlYyIsImMiOjEwfQ%3D%3D&pageName=adfba30c52355c5b1631
Aparri,Cagayan,18.35,121.6167,2005,9,Sep,SON,Wet Season,1661.1,315.7,2005-09-01,https://app.powerbi.com/view?r=eyJrIjoiOTJkN2U4MjUtYWE1Ny00NzA4LWExMzctMDBiYjQ2NjZiZWVjIiwidCI6ImJkMDNhNzM1LTJhYTMtNGNjYS05NzIyLTJhZTQ5MjlhYjNlYyIsImMiOjEwfQ%3D%3D&pageName=adfba30c52355c5b1631
Aparri,Cagayan,18.35,121.6167,2005,10,Oct,SON,Wet Season,1661.1,170.2,2005-10-01,https://app.powerbi.com/view?r=eyJrIjoiOTJkN2U4MjUtYWE1Ny00NzA4LWExMzctMDBiYjQ2NjZiZWVjIiwidCI6ImJkMDNhNzM1LTJhYTMtNGNjYS05NzIyLTJhZTQ5MjlhYjNlYyIsImMiOjEwfQ%3D%3D&pageName=adfba30c52355c5b1631
Aparri,Cagayan,18.35,121.6167,2005,11,Nov,SON,Dry Season,1661.1,322.8,2005-11-01,https://app.powerbi.com/view?r=eyJrIjoiOTJkN2U4MjUtYWE1Ny00NzA4LWExMzctMDBiYjQ2NjZiZWVjIiwidCI6ImJkMDNhNzM1LTJhYTMtNGNjYS05NzIyLTJhZTQ5MjlhYjNlYyIsImMiOjEwfQ%3D%3D&pageName=adfba30c52355c5b1631
Aparri,Cagayan,18.35,121.6167,2005,12,Dec,DJF,Dry Season,1661.1,126.5,2005-12-01,https://app.powerbi.com/view?r=eyJrIjoiOTJkN2U4MjUtYWE1Ny00NzA4LWExMzctMDBiYjQ2NjZiZWVjIiwidCI6ImJkMDNhNzM1LTJhYTMtNGNjYS05NzIyLTJhZTQ5MjlhYjNlYyIsImMiOjEwfQ%3D%3D&pageName=adfba30c52355c5b1631
Aparri,Cagayan,18.35,121.6167,2006,1,Jan,DJF,Dry Season,1519.9,75.5,2006-01-01,https://app.powerbi.com/view?r=eyJrIjoiOTJkN2U4MjUtYWE1Ny00NzA4LWExMzctMDBiYjQ2NjZiZWVjIiwidCI6ImJkMDNhNzM1LTJhYTMtNGNjYS05NzIyLTJhZTQ5MjlhYjNlYyIsImMiOjEwfQ%3D%3D&pageName=adfba30c52355c5b1631
Aparri,Cagayan,18.35,121.6167,2006,2,Feb,DJF,Dry Season,1519.9,40.4,2006-02-01,https://app.powerbi.com/view?r=eyJrIjoiOTJkN2U4MjUtYWE1Ny00NzA4LWExMzctMDBiYjQ2NjZiZWVjIiwidCI6ImJkMDNhNzM1LTJhYTMtNGNjYS05NzIyLTJhZTQ5MjlhYjNlYyIsImMiOjEwfQ%3D%3D&pageName=adfba30c52355c5b1631
Aparri,Cagayan,18.35,121.6167,2006,3,Mar,MAM,Dry Season,1519.9,20.7,2006-03-01,https://app.powerbi.com/view?r=eyJrIjoiOTJkN2U4MjUtYWE1Ny00NzA4LWExMzctMDBiYjQ2NjZiZWVjIiwidCI6ImJkMDNhNzM1LTJhYTMtNGNjYS05NzIyLTJhZTQ5MjlhYjNlYyIsImMiOjEwfQ%3D%3D&pageName=adfba30c52355c5b1631
Aparri,Cagayan,18.35,121.6167,2006,4,Apr,MAM,Dry Season,1519.9,2,2006-04-01,https://app.powerbi.com/view?r=eyJrIjoiOTJkN2U4MjUtYWE1Ny00NzA4LWExMzctMDBiYjQ2NjZiZWVjIiwidCI6ImJkMDNhNzM1LTJhYTMtNGNjYS05NzIyLTJhZTQ5MjlhYjNlYyIsImMiOjEwfQ%3D%3D&pageName=adfba30c52355c5b1631
Aparri,Cagayan,18.35,121.6167,2006,5,May,MAM,Wet Season,1519.9,66.7,2006-05-01,https://app.powerbi.com/view?r=eyJrIjoiOTJkN2U4MjUtYWE1Ny00NzA4LWExMzctMDBiYjQ2NjZiZWVjIiwidCI6ImJkMDNhNzM1LTJhYTMtNGNjYS05NzIyLTJhZTQ5MjlhYjNlYyIsImMiOjEwfQ%3D%3D&pageName=adfba30c52355c5b1631
Aparri,Cagayan,18.35,121.6167,2006,6,Jun,JJA,Wet Season,1519.9,10.6,2006-06-01,https://app.powerbi.com/view?r=eyJrIjoiOTJkN2U4MjUtYWE1Ny00NzA4LWExMzctMDBiYjQ2NjZiZWVjIiwidCI6ImJkMDNhNzM1LTJhYTMtNGNjYS05NzIyLTJhZTQ5MjlhYjNlYyIsImMiOjEwfQ%3D%3D&pageName=adfba30c52355c5b1631
Aparri,Cagayan,18.35,121.6167,2006,7,Jul,JJA,Wet Season,1519.9,320.5,2006-07-01,https://app.powerbi.com/view?r=eyJrIjoiOTJkN2U4MjUtYWE1Ny00NzA4LWExMzctMDBiYjQ2NjZiZWVjIiwidCI6ImJkMDNhNzM1LTJhYTMtNGNjYS05NzIyLTJhZTQ5MjlhYjNlYyIsImMiOjEwfQ%3D%3D&pageName=adfba30c52355c5b1631
Aparri,Cagayan,18.35,121.6167,2006,8,Aug,JJA,Wet Season,1519.9,117.1,2006-08-01,https://app.powerbi.com/view?r=eyJrIjoiOTJkN2U4MjUtYWE1Ny00NzA4LWExMzctMDBiYjQ2NjZiZWVjIiwidCI6ImJkMDNhNzM1LTJhYTMtNGNjYS05NzIyLTJhZTQ5MjlhYjNlYyIsImMiOjEwfQ%3D%3D&pageName=adfba30c52355c5b1631
Aparri,Cagayan,18.35,121.6167,2006,9,Sep,SON,Wet Season,1519.9,68.7,2006-09-01,https://app.powerbi.com/view?r=eyJrIjoiOTJkN2U4MjUtYWE1Ny00NzA4LWExMzctMDBiYjQ2NjZiZWVjIiwidCI6ImJkMDNhNzM1LTJhYTMtNGNjYS05NzIyLTJhZTQ5MjlhYjNlYyIsImMiOjEwfQ%3D%3D&pageName=adfba30c52355c5b1631
Aparri,Cagayan,18.35,121.6167,2006,10,Oct,SON,Wet Season,1519.9,317,2006-10-01,https://app.powerbi.com/view?r=eyJrIjoiOTJkN2U4MjUtYWE1Ny00NzA4LWExMzctMDBiYjQ2NjZiZWVjIiwidCI6ImJkMDNhNzM1LTJhYTMtNGNjYS05NzIyLTJhZTQ5MjlhYjNlYyIsImMiOjEwfQ%3D%3D&pageName=adfba30c52355c5b1631
Aparri,Cagayan,18.35,121.6167,2006,11,Nov,SON,Dry Season,1519.9,139.9,2006-11-01,https://app.powerbi.com/view?r=eyJrIjoiOTJkN2U4MjUtYWE1Ny00NzA4LWExMzctMDBiYjQ2NjZiZWVjIiwidCI6ImJkMDNhNzM1LTJhYTMtNGNjYS05NzIyLTJhZTQ5MjlhYjNlYyIsImMiOjEwfQ%3D%3D&pageName=adfba30c52355c5b1631
Aparri,Cagayan,18.35,121.6167,2006,12,Dec,DJF,Dry Season,1519.9,340.8,2006-12-01,https://app.powerbi.com/view?r=eyJrIjoiOTJkN2U4MjUtYWE1Ny00NzA4LWExMzctMDBiYjQ2NjZiZWVjIiwidCI6ImJkMDNhNzM1LTJhYTMtNGNjYS05NzIyLTJhZTQ5MjlhYjNlYyIsImMiOjEwfQ%3D%3D&pageName=adfba30c52355c5b1631
Aparri,Cagayan,18.35,121.6167,2007,1,Jan,DJF,Dry Season,1419.3,111.2,2007-01-01,https://app.powerbi.com/view?r=eyJrIjoiOTJkN2U4MjUtYWE1Ny00NzA4LWExMzctMDBiYjQ2NjZiZWVjIiwidCI6ImJkMDNhNzM1LTJhYTMtNGNjYS05NzIyLTJhZTQ5MjlhYjNlYyIsImMiOjEwfQ%3D%3D&pageName=adfba30c52355c5b1631
Aparri,Cagayan,18.35,121.6167,2007,2,Feb,DJF,Dry Season,1419.3,8.1,2007-02-01,https://app.powerbi.com/view?r=eyJrIjoiOTJkN2U4MjUtYWE1Ny00NzA4LWExMzctMDBiYjQ2NjZiZWVjIiwidCI6ImJkMDNhNzM1LTJhYTMtNGNjYS05NzIyLTJhZTQ5MjlhYjNlYyIsImMiOjEwfQ%3D%3D&pageName=adfba30c52355c5b1631
Aparri,Cagayan,18.35,121.6167,2007,3,Mar,MAM,Dry Season,1419.3,6.3,2007-03-01,https://app.powerbi.com/view?r=eyJrIjoiOTJkN2U4MjUtYWE1Ny00NzA4LWExMzctMDBiYjQ2NjZiZWVjIiwidCI6ImJkMDNhNzM1LTJhYTMtNGNjYS05NzIyLTJhZTQ5MjlhYjNlYyIsImMiOjEwfQ%3D%3D&pageName=adfba30c52355c5b1631
Aparri,Cagayan,18.35,121.6167,2007,4,Apr,MAM,Dry Season,1419.3,4.2,2007-04-01,https://app.powerbi.com/view?r=eyJrIjoiOTJkN2U4MjUtYWE1Ny00NzA4LWExMzctMDBiYjQ2NjZiZWVjIiwidCI6ImJkMDNhNzM1LTJhYTMtNGNjYS05NzIyLTJhZTQ5MjlhYjNlYyIsImMiOjEwfQ%3D%3D&pageName=adfba30c52355c5b1631
Aparri,Cagayan,18.35,121.6167,2007,5,May,MAM,Wet Season,1419.3,77.8,2007-05-01,https://app.powerbi.com/view?r=eyJrIjoiOTJkN2U4MjUtYWE1Ny00NzA4LWExMzctMDBiYjQ2NjZiZWVjIiwidCI6ImJkMDNhNzM1LTJhYTMtNGNjYS05NzIyLTJhZTQ5MjlhYjNlYyIsImMiOjEwfQ%3D%3D&pageName=adfba30c52355c5b1631
Aparri,Cagayan,18.35,121.6167,2007,6,Jun,JJA,Wet Season,1419.3,146,2007-06-01,https://app.powerbi.com/view?r=eyJrIjoiOTJkN2U4MjUtYWE1Ny00NzA4LWExMzctMDBiYjQ2NjZiZWVjIiwidCI6ImJkMDNhNzM1LTJhYTMtNGNjYS05NzIyLTJhZTQ5MjlhYjNlYyIsImMiOjEwfQ%3D%3D&pageName=adfba30c52355c5b1631
Aparri,Cagayan,18.35,121.6167,2007,7,Jul,JJA,Wet Season,1419.3,28.4,2007-07-01,https://app.powerbi.com/view?r=eyJrIjoiOTJkN2U4MjUtYWE1Ny00NzA4LWExMzctMDBiYjQ2NjZiZWVjIiwidCI6ImJkMDNhNzM1LTJhYTMtNGNjYS05NzIyLTJhZTQ5MjlhYjNlYyIsImMiOjEwfQ%3D%3D&pageName=adfba30c52355c5b1631
Aparri,Cagayan,18.35,121.6167,2007,8,Aug,JJA,Wet Season,1419.3,180.6,2007-08-01,https://app.powerbi.com/view?r=eyJrIjoiOTJkN2U4MjUtYWE1Ny00NzA4LWExMzctMDBiYjQ2NjZiZWVjIiwidCI6ImJkMDNhNzM1LTJhYTMtNGNjYS05NzIyLTJhZTQ5MjlhYjNlYyIsImMiOjEwfQ%3D%3D&pageName=adfba30c52355c5b1631
Aparri,Cagayan,18.35,121.6167,2007,9,Sep,SON,Wet Season,1419.3,191,2007-09-01,https://app.powerbi.com/view?r=eyJrIjoiOTJkN2U4MjUtYWE1Ny00NzA4LWExMzctMDBiYjQ2NjZiZWVjIiwidCI6ImJkMDNhNzM1LTJhYTMtNGNjYS05NzIyLTJhZTQ5MjlhYjNlYyIsImMiOjEwfQ%3D%3D&pageName=adfba30c52355c5b1631
Aparri,Cagayan,18.35,121.6167,2007,10,Oct,SON,Wet Season,1419.3,249.4,2007-10-01,https://app.powerbi.com/view?r=eyJrIjoiOTJkN2U4MjUtYWE1Ny00NzA4LWExMzctMDBiYjQ2NjZiZWVjIiwidCI6ImJkMDNhNzM1LTJhYTMtNGNjYS05NzIyLTJhZTQ5MjlhYjNlYyIsImMiOjEwfQ%3D%3D&pageName=adfba30c52355c5b1631
Aparri,Cagayan,18.35,121.6167,2007,11,Nov,SON,Dry Season,1419.3,316.4,2007-11-01,https://app.powerbi.com/view?r=eyJrIjoiOTJkN2U4MjUtYWE1Ny00NzA4LWExMzctMDBiYjQ2NjZiZWVjIiwidCI6ImJkMDNhNzM1LTJhYTMtNGNjYS05NzIyLTJhZTQ5MjlhYjNlYyIsImMiOjEwfQ%3D%3D&pageName=adfba30c52355c5b1631
Aparri,Cagayan,18.35,121.6167,2007,12,Dec,DJF,Dry Season,1419.3,99.9,2007-12-01,https://app.powerbi.com/view?r=eyJrIjoiOTJkN2U4MjUtYWE1Ny00NzA4LWExMzctMDBiYjQ2NjZiZWVjIiwidCI6ImJkMDNhNzM1LTJhYTMtNGNjYS05NzIyLTJhZTQ5MjlhYjNlYyIsImMiOjEwfQ%3D%3D&pageName=adfba30c52355c5b1631
Aparri,Cagayan,18.35,121.6167,2008,1,Jan,DJF,Dry Season,2185.4,151.2,2008-01-01,https://app.powerbi.com/view?r=eyJrIjoiOTJkN2U4MjUtYWE1Ny00NzA4LWExMzctMDBiYjQ2NjZiZWVjIiwidCI6ImJkMDNhNzM1LTJhYTMtNGNjYS05NzIyLTJhZTQ5MjlhYjNlYyIsImMiOjEwfQ%3D%3D&pageName=adfba30c52355c5b1631
Aparri,Cagayan,18.35,121.6167,2008,2,Feb,DJF,Dry Season,2185.4,100.2,2008-02-01,https://app.powerbi.com/view?r=eyJrIjoiOTJkN2U4MjUtYWE1Ny00NzA4LWExMzctMDBiYjQ2NjZiZWVjIiwidCI6ImJkMDNhNzM1LTJhYTMtNGNjYS05NzIyLTJhZTQ5MjlhYjNlYyIsImMiOjEwfQ%3D%3D&pageName=adfba30c52355c5b1631
Aparri,Cagayan,18.35,121.6167,2008,3,Mar,MAM,Dry Season,2185.4,37.1,2008-03-01,https://app.powerbi.com/view?r=eyJrIjoiOTJkN2U4MjUtYWE1Ny00NzA4LWExMzctMDBiYjQ2NjZiZWVjIiwidCI6ImJkMDNhNzM1LTJhYTMtNGNjYS05NzIyLTJhZTQ5MjlhYjNlYyIsImMiOjEwfQ%3D%3D&pageName=adfba30c52355c5b1631
Aparri,Cagayan,18.35,121.6167,2008,4,Apr,MAM,Dry Season,2185.4,23.4,2008-04-01,https://app.powerbi.com/view?r=eyJrIjoiOTJkN2U4MjUtYWE1Ny00NzA4LWExMzctMDBiYjQ2NjZiZWVjIiwidCI6ImJkMDNhNzM1LTJhYTMtNGNjYS05NzIyLTJhZTQ5MjlhYjNlYyIsImMiOjEwfQ%3D%3D&pageName=adfba30c52355c5b1631
Aparri,Cagayan,18.35,121.6167,2008,5,May,MAM,Wet Season,2185.4,120.5,2008-05-01,https://app.powerbi.com/view?r=eyJrIjoiOTJkN2U4MjUtYWE1Ny00NzA4LWExMzctMDBiYjQ2NjZiZWVjIiwidCI6ImJkMDNhNzM1LTJhYTMtNGNjYS05NzIyLTJhZTQ5MjlhYjNlYyIsImMiOjEwfQ%3D%3D&pageName=adfba30c52355c5b1631
Aparri,Cagayan,18.35,121.6167,2008,6,Jun,JJA,Wet Season,2185.4,112.5,2008-06-01,https://app.powerbi.com/view?r=eyJrIjoiOTJkN2U4MjUtYWE1Ny00NzA4LWExMzctMDBiYjQ2NjZiZWVjIiwidCI6ImJkMDNhNzM1LTJhYTMtNGNjYS05NzIyLTJhZTQ5MjlhYjNlYyIsImMiOjEwfQ%3D%3D&pageName=adfba30c52355c5b1631
Aparri,Cagayan,18.35,121.6167,2008,7,Jul,JJA,Wet Season,2185.4,332.2,2008-07-01,https://app.powerbi.com/view?r=eyJrIjoiOTJkN2U4MjUtYWE1Ny00NzA4LWExMzctMDBiYjQ2NjZiZWVjIiwidCI6ImJkMDNhNzM1LTJhYTMtNGNjYS05NzIyLTJhZTQ5MjlhYjNlYyIsImMiOjEwfQ%3D%3D&pageName=adfba30c52355c5b1631
Aparri,Cagayan,18.35,121.6167,2008,8,Aug,JJA,Wet Season,2185.4,332.8,2008-08-01,https://app.powerbi.com/view?r=eyJrIjoiOTJkN2U4MjUtYWE1Ny00NzA4LWExMzctMDBiYjQ2NjZiZWVjIiwidCI6ImJkMDNhNzM1LTJhYTMtNGNjYS05NzIyLTJhZTQ5MjlhYjNlYyIsImMiOjEwfQ%3D%3D&pageName=adfba30c52355c5b1631
Aparri,Cagayan,18.35,121.6167,2008,9,Sep,SON,Wet Season,2185.4,390.5,2008-09-01,https://app.powerbi.com/view?r=eyJrIjoiOTJkN2U4MjUtYWE1Ny00NzA4LWExMzctMDBiYjQ2NjZiZWVjIiwidCI6ImJkMDNhNzM1LTJhYTMtNGNjYS05NzIyLTJhZTQ5MjlhYjNlYyIsImMiOjEwfQ%3D%3D&pageName=adfba30c52355c5b1631
Aparri,Cagayan,18.35,121.6167,2008,10,Oct,SON,Wet Season,2185.4,120.1,2008-10-01,https://app.powerbi.com/view?r=eyJrIjoiOTJkN2U4MjUtYWE1Ny00NzA4LWExMzctMDBiYjQ2NjZiZWVjIiwidCI6ImJkMDNhNzM1LTJhYTMtNGNjYS05NzIyLTJhZTQ5MjlhYjNlYyIsImMiOjEwfQ%3D%3D&pageName=adfba30c52355c5b1631
Aparri,Cagayan,18.35,121.6167,2008,11,Nov,SON,Dry Season,2185.4,411.5,2008-11-01,https://app.powerbi.com/view?r=eyJrIjoiOTJkN2U4MjUtYWE1Ny00NzA4LWExMzctMDBiYjQ2NjZiZWVjIiwidCI6ImJkMDNhNzM1LTJhYTMtNGNjYS05NzIyLTJhZTQ5MjlhYjNlYyIsImMiOjEwfQ%3D%3D&pageName=adfba30c52355c5b1631
Aparri,Cagayan,18.35,121.6167,2008,12,Dec,DJF,Dry Season,2185.4,53.4,2008-12-01,https://app.powerbi.com/view?r=eyJrIjoiOTJkN2U4MjUtYWE1Ny00NzA4LWExMzctMDBiYjQ2NjZiZWVjIiwidCI6ImJkMDNhNzM1LTJhYTMtNGNjYS05NzIyLTJhZTQ5MjlhYjNlYyIsImMiOjEwfQ%3D%3D&pageName=adfba30c52355c5b1631
Aparri,Cagayan,18.35,121.6167,2009,1,Jan,DJF,Dry Season,2107.7,94.8,2009-01-01,https://app.powerbi.com/view?r=eyJrIjoiOTJkN2U4MjUtYWE1Ny00NzA4LWExMzctMDBiYjQ2NjZiZWVjIiwidCI6ImJkMDNhNzM1LTJhYTMtNGNjYS05NzIyLTJhZTQ5MjlhYjNlYyIsImMiOjEwfQ%3D%3D&pageName=adfba30c52355c5b1631
Aparri,Cagayan,18.35,121.6167,2009,2,Feb,DJF,Dry Season,2107.7,58,2009-02-01,https://app.powerbi.com/view?r=eyJrIjoiOTJkN2U4MjUtYWE1Ny00NzA4LWExMzctMDBiYjQ2NjZiZWVjIiwidCI6ImJkMDNhNzM1LTJhYTMtNGNjYS05NzIyLTJhZTQ5MjlhYjNlYyIsImMiOjEwfQ%3D%3D&pageName=adfba30c52355c5b1631
Aparri,Cagayan,18.35,121.6167,2009,3,Mar,MAM,Dry Season,2107.7,13.7,2009-03-01,https://app.powerbi.com/view?r=eyJrIjoiOTJkN2U4MjUtYWE1Ny00NzA4LWExMzctMDBiYjQ2NjZiZWVjIiwidCI6ImJkMDNhNzM1LTJhYTMtNGNjYS05NzIyLTJhZTQ5MjlhYjNlYyIsImMiOjEwfQ%3D%3D&pageName=adfba30c52355c5b1631
Aparri,Cagayan,18.35,121.6167,2009,4,Apr,MAM,Dry Season,2107.7,245.5,2009-04-01,https://app.powerbi.com/view?r=eyJrIjoiOTJkN2U4MjUtYWE1Ny00NzA4LWExMzctMDBiYjQ2NjZiZWVjIiwidCI6ImJkMDNhNzM1LTJhYTMtNGNjYS05NzIyLTJhZTQ5MjlhYjNlYyIsImMiOjEwfQ%3D%3D&pageName=adfba30c52355c5b1631
Aparri,Cagayan,18.35,121.6167,2009,5,May,MAM,Wet Season,2107.7,65.9,2009-05-01,https://app.powerbi.com/view?r=eyJrIjoiOTJkN2U4MjUtYWE1Ny00NzA4LWExMzctMDBiYjQ2NjZiZWVjIiwidCI6ImJkMDNhNzM1LTJhYTMtNGNjYS05NzIyLTJhZTQ5MjlhYjNlYyIsImMiOjEwfQ%3D%3D&pageName=adfba30c52355c5b1631
Aparri,Cagayan,18.35,121.6167,2009,6,Jun,JJA,Wet Season,2107.7,90.4,2009-06-01,https://app.powerbi.com/view?r=eyJrIjoiOTJkN2U4MjUtYWE1Ny00NzA4LWExMzctMDBiYjQ2NjZiZWVjIiwidCI6ImJkMDNhNzM1LTJhYTMtNGNjYS05NzIyLTJhZTQ5MjlhYjNlYyIsImMiOjEwfQ%3D%3D&pageName=adfba30c52355c5b1631
Aparri,Cagayan,18.35,121.6167,2009,7,Jul,JJA,Wet Season,2107.7,401.6,2009-07-01,https://app.powerbi.com/view?r=eyJrIjoiOTJkN2U4MjUtYWE1Ny00NzA4LWExMzctMDBiYjQ2NjZiZWVjIiwidCI6ImJkMDNhNzM1LTJhYTMtNGNjYS05NzIyLTJhZTQ5MjlhYjNlYyIsImMiOjEwfQ%3D%3D&pageName=adfba30c52355c5b1631
Aparri,Cagayan,18.35,121.6167,2009,8,Aug,JJA,Wet Season,2107.7,177.6,2009-08-01,https://app.powerbi.com/view?r=eyJrIjoiOTJkN2U4MjUtYWE1Ny00NzA4LWExMzctMDBiYjQ2NjZiZWVjIiwidCI6ImJkMDNhNzM1LTJhYTMtNGNjYS05NzIyLTJhZTQ5MjlhYjNlYyIsImMiOjEwfQ%3D%3D&pageName=adfba30c52355c5b1631
Aparri,Cagayan,18.35,121.6167,2009,9,Sep,SON,Wet Season,2107.7,347.7,2009-09-01,https://app.powerbi.com/view?r=eyJrIjoiOTJkN2U4MjUtYWE1Ny00NzA4LWExMzctMDBiYjQ2NjZiZWVjIiwidCI6ImJkMDNhNzM1LTJhYTMtNGNjYS05NzIyLTJhZTQ5MjlhYjNlYyIsImMiOjEwfQ%3D%3D&pageName=adfba30c52355c5b1631
Aparri,Cagayan,18.35,121.6167,2009,10,Oct,SON,Wet Season,2107.7,343.5,2009-10-01,https://app.powerbi.com/view?r=eyJrIjoiOTJkN2U4MjUtYWE1Ny00NzA4LWExMzctMDBiYjQ2NjZiZWVjIiwidCI6ImJkMDNhNzM1LTJhYTMtNGNjYS05NzIyLTJhZTQ5MjlhYjNlYyIsImMiOjEwfQ%3D%3D&pageName=adfba30c52355c5b1631
Aparri,Cagayan,18.35,121.6167,2009,11,Nov,SON,Dry Season,2107.7,143.7,2009-11-01,https://app.powerbi.com/view?r=eyJrIjoiOTJkN2U4MjUtYWE1Ny00NzA4LWExMzctMDBiYjQ2NjZiZWVjIiwidCI6ImJkMDNhNzM1LTJhYTMtNGNjYS05NzIyLTJhZTQ5MjlhYjNlYyIsImMiOjEwfQ%3D%3D&pageName=adfba30c52355c5b1631
Aparri,Cagayan,18.35,121.6167,2009,12,Dec,DJF,Dry Season,2107.7,125.3,2009-12-01,https://app.powerbi.com/view?r=eyJrIjoiOTJkN2U4MjUtYWE1Ny00NzA4LWExMzctMDBiYjQ2NjZiZWVjIiwidCI6ImJkMDNhNzM1LTJhYTMtNGNjYS05NzIyLTJhZTQ5MjlhYjNlYyIsImMiOjEwfQ%3D%3D&pageName=adfba30c52355c5b1631
Aparri,Cagayan,18.35,121.6167,2010,1,Jan,DJF,Dry Season,1888.8,41,2010-01-01,https://app.powerbi.com/view?r=eyJrIjoiOTJkN2U4MjUtYWE1Ny00NzA4LWExMzctMDBiYjQ2NjZiZWVjIiwidCI6ImJkMDNhNzM1LTJhYTMtNGNjYS05NzIyLTJhZTQ5MjlhYjNlYyIsImMiOjEwfQ%3D%3D&pageName=adfba30c52355c5b1631
Aparri,Cagayan,18.35,121.6167,2010,2,Feb,DJF,Dry Season,1888.8,41.3,2010-02-01,https://app.powerbi.com/view?r=eyJrIjoiOTJkN2U4MjUtYWE1Ny00NzA4LWExMzctMDBiYjQ2NjZiZWVjIiwidCI6ImJkMDNhNzM1LTJhYTMtNGNjYS05NzIyLTJhZTQ5MjlhYjNlYyIsImMiOjEwfQ%3D%3D&pageName=adfba30c52355c5b1631
Aparri,Cagayan,18.35,121.6167,2010,3,Mar,MAM,Dry Season,1888.8,2,2010-03-01,https://app.powerbi.com/view?r=eyJrIjoiOTJkN2U4MjUtYWE1Ny00NzA4LWExMzctMDBiYjQ2NjZiZWVjIiwidCI6ImJkMDNhNzM1LTJhYTMtNGNjYS05NzIyLTJhZTQ5MjlhYjNlYyIsImMiOjEwfQ%3D%3D&pageName=adfba30c52355c5b1631
Aparri,Cagayan,18.35,121.6167,2010,4,Apr,MAM,Dry Season,1888.8,74.6,2010-04-01,https://app.powerbi.com/view?r=eyJrIjoiOTJkN2U4MjUtYWE1Ny00NzA4LWExMzctMDBiYjQ2NjZiZWVjIiwidCI6ImJkMDNhNzM1LTJhYTMtNGNjYS05NzIyLTJhZTQ5MjlhYjNlYyIsImMiOjEwfQ%3D%3D&pageName=adfba30c52355c5b1631
Aparri,Cagayan,18.35,121.6167,2010,5,May,MAM,Wet Season,1888.8,40.5,2010-05-01,https://app.powerbi.com/view?r=eyJrIjoiOTJkN2U4MjUtYWE1Ny00NzA4LWExMzctMDBiYjQ2NjZiZWVjIiwidCI6ImJkMDNhNzM1LTJhYTMtNGNjYS05NzIyLTJhZTQ5MjlhYjNlYyIsImMiOjEwfQ%3D%3D&pageName=adfba30c52355c5b1631
Aparri,Cagayan,18.35,121.6167,2010,6,Jun,JJA,Wet Season,1888.8,93,2010-06-01,https://app.powerbi.com/view?r=eyJrIjoiOTJkN2U4MjUtYWE1Ny00NzA4LWExMzctMDBiYjQ2NjZiZWVjIiwidCI6ImJkMDNhNzM1LTJhYTMtNGNjYS05NzIyLTJhZTQ5MjlhYjNlYyIsImMiOjEwfQ%3D%3D&pageName=adfba30c52355c5b1631
Aparri,Cagayan,18.35,121.6167,2010,7,Jul,JJA,Wet Season,1888.8,77.8,2010-07-01,https://app.powerbi.com/view?r=eyJrIjoiOTJkN2U4MjUtYWE1Ny00NzA4LWExMzctMDBiYjQ2NjZiZWVjIiwidCI6ImJkMDNhNzM1LTJhYTMtNGNjYS05NzIyLTJhZTQ5MjlhYjNlYyIsImMiOjEwfQ%3D%3D&pageName=adfba30c52355c5b1631
Aparri,Cagayan,18.35,121.6167,2010,8,Aug,JJA,Wet Season,1888.8,148,2010-08-01,https://app.powerbi.com/view?r=eyJrIjoiOTJkN2U4MjUtYWE1Ny00NzA4LWExMzctMDBiYjQ2NjZiZWVjIiwidCI6ImJkMDNhNzM1LTJhYTMtNGNjYS05NzIyLTJhZTQ5MjlhYjNlYyIsImMiOjEwfQ%3D%3D&pageName=adfba30c52355c5b1631
Aparri,Cagayan,18.35,121.6167,2010,9,Sep,SON,Wet Season,1888.8,129.2,2010-09-01,https://app.powerbi.com/view?r=eyJrIjoiOTJkN2U4MjUtYWE1Ny00NzA4LWExMzctMDBiYjQ2NjZiZWVjIiwidCI6ImJkMDNhNzM1LTJhYTMtNGNjYS05NzIyLTJhZTQ5MjlhYjNlYyIsImMiOjEwfQ%3D%3D&pageName=adfba30c52355c5b1631
Aparri,Cagayan,18.35,121.6167,2010,10,Oct,SON,Wet Season,1888.8,259.9,2010-10-01,https://app.powerbi.com/view?r=eyJrIjoiOTJkN2U4MjUtYWE1Ny00NzA4LWExMzctMDBiYjQ2NjZiZWVjIiwidCI6ImJkMDNhNzM1LTJhYTMtNGNjYS05NzIyLTJhZTQ5MjlhYjNlYyIsImMiOjEwfQ%3D%3D&pageName=adfba30c52355c5b1631
Aparri,Cagayan,18.35,121.6167,2010,11,Nov,SON,Dry Season,1888.8,754,2010-11-01,https://app.powerbi.com/view?r=eyJrIjoiOTJkN2U4MjUtYWE1Ny00NzA4LWExMzctMDBiYjQ2NjZiZWVjIiwidCI6ImJkMDNhNzM1LTJhYTMtNGNjYS05NzIyLTJhZTQ5MjlhYjNlYyIsImMiOjEwfQ%3D%3D&pageName=adfba30c52355c5b1631
Aparri,Cagayan,18.35,121.6167,2010,12,Dec,DJF,Dry Season,1888.8,227.5,2010-12-01,https://app.powerbi.com/view?r=eyJrIjoiOTJkN2U4MjUtYWE1Ny00NzA4LWExMzctMDBiYjQ2NjZiZWVjIiwidCI6ImJkMDNhNzM1LTJhYTMtNGNjYS05NzIyLTJhZTQ5MjlhYjNlYyIsImMiOjEwfQ%3D%3D&pageName=adfba30c52355c5b1631
Aparri,Cagayan,18.35,121.6167,2011,1,Jan,DJF,Dry Season,2587.1,149.2,2011-01-01,https://app.powerbi.com/view?r=eyJrIjoiOTJkN2U4MjUtYWE1Ny00NzA4LWExMzctMDBiYjQ2NjZiZWVjIiwidCI6ImJkMDNhNzM1LTJhYTMtNGNjYS05NzIyLTJhZTQ5MjlhYjNlYyIsImMiOjEwfQ%3D%3D&pageName=adfba30c52355c5b1631
Aparri,Cagayan,18.35,121.6167,2011,2,Feb,DJF,Dry Season,2587.1,28,2011-02-01,https://app.powerbi.com/view?r=eyJrIjoiOTJkN2U4MjUtYWE1Ny00NzA4LWExMzctMDBiYjQ2NjZiZWVjIiwidCI6ImJkMDNhNzM1LTJhYTMtNGNjYS05NzIyLTJhZTQ5MjlhYjNlYyIsImMiOjEwfQ%3D%3D&pageName=adfba30c52355c5b1631
Aparri,Cagayan,18.35,121.6167,2011,3,Mar,MAM,Dry Season,2587.1,133.4,2011-03-01,https://app.powerbi.com/view?r=eyJrIjoiOTJkN2U4MjUtYWE1Ny00NzA4LWExMzctMDBiYjQ2NjZiZWVjIiwidCI6ImJkMDNhNzM1LTJhYTMtNGNjYS05NzIyLTJhZTQ5MjlhYjNlYyIsImMiOjEwfQ%3D%3D&pageName=adfba30c52355c5b1631
Aparri,Cagayan,18.35,121.6167,2011,4,Apr,MAM,Dry Season,2587.1,55,2011-04-01,https://app.powerbi.com/view?r=eyJrIjoiOTJkN2U4MjUtYWE1Ny00NzA4LWExMzctMDBiYjQ2NjZiZWVjIiwidCI6ImJkMDNhNzM1LTJhYTMtNGNjYS05NzIyLTJhZTQ5MjlhYjNlYyIsImMiOjEwfQ%3D%3D&pageName=adfba30c52355c5b1631
Aparri,Cagayan,18.35,121.6167,2011,5,May,MAM,Wet Season,2587.1,172.5,2011-05-01,https://app.powerbi.com/view?r=eyJrIjoiOTJkN2U4MjUtYWE1Ny00NzA4LWExMzctMDBiYjQ2NjZiZWVjIiwidCI6ImJkMDNhNzM1LTJhYTMtNGNjYS05NzIyLTJhZTQ5MjlhYjNlYyIsImMiOjEwfQ%3D%3D&pageName=adfba30c52355c5b1631
Aparri,Cagayan,18.35,121.6167,2011,6,Jun,JJA,Wet Season,2587.1,108.5,2011-06-01,https://app.powerbi.com/view?r=eyJrIjoiOTJkN2U4MjUtYWE1Ny00NzA4LWExMzctMDBiYjQ2NjZiZWVjIiwidCI6ImJkMDNhNzM1LTJhYTMtNGNjYS05NzIyLTJhZTQ5MjlhYjNlYyIsImMiOjEwfQ%3D%3D&pageName=adfba30c52355c5b1631
Aparri,Cagayan,18.35,121.6167,2011,7,Jul,JJA,Wet Season,2587.1,137,2011-07-01,https://app.powerbi.com/view?r=eyJrIjoiOTJkN2U4MjUtYWE1Ny00NzA4LWExMzctMDBiYjQ2NjZiZWVjIiwidCI6ImJkMDNhNzM1LTJhYTMtNGNjYS05NzIyLTJhZTQ5MjlhYjNlYyIsImMiOjEwfQ%3D%3D&pageName=adfba30c52355c5b1631
Aparri,Cagayan,18.35,121.6167,2011,8,Aug,JJA,Wet Season,2587.1,231,2011-08-01,https://app.powerbi.com/view?r=eyJrIjoiOTJkN2U4MjUtYWE1Ny00NzA4LWExMzctMDBiYjQ2NjZiZWVjIiwidCI6ImJkMDNhNzM1LTJhYTMtNGNjYS05NzIyLTJhZTQ5MjlhYjNlYyIsImMiOjEwfQ%3D%3D&pageName=adfba30c52355c5b1631
Aparri,Cagayan,18.35,121.6167,2011,9,Sep,SON,Wet Season,2587.1,270.5,2011-09-01,https://app.powerbi.com/view?r=eyJrIjoiOTJkN2U4MjUtYWE1Ny00NzA4LWExMzctMDBiYjQ2NjZiZWVjIiwidCI6ImJkMDNhNzM1LTJhYTMtNGNjYS05NzIyLTJhZTQ5MjlhYjNlYyIsImMiOjEwfQ%3D%3D&pageName=adfba30c52355c5b1631
Aparri,Cagayan,18.35,121.6167,2011,10,Oct,SON,Wet Season,2587.1,352,2011-10-01,https://app.powerbi.com/view?r=eyJrIjoiOTJkN2U4MjUtYWE1Ny00NzA4LWExMzctMDBiYjQ2NjZiZWVjIiwidCI6ImJkMDNhNzM1LTJhYTMtNGNjYS05NzIyLTJhZTQ5MjlhYjNlYyIsImMiOjEwfQ%3D%3D&pageName=adfba30c52355c5b1631
Aparri,Cagayan,18.35,121.6167,2011,11,Nov,SON,Dry Season,2587.1,359,2011-11-01,https://app.powerbi.com/view?r=eyJrIjoiOTJkN2U4MjUtYWE1Ny00NzA4LWExMzctMDBiYjQ2NjZiZWVjIiwidCI6ImJkMDNhNzM1LTJhYTMtNGNjYS05NzIyLTJhZTQ5MjlhYjNlYyIsImMiOjEwfQ%3D%3D&pageName=adfba30c52355c5b1631
Aparri,Cagayan,18.35,121.6167,2011,12,Dec,DJF,Dry Season,2587.1,591,2011-12-01,https://app.powerbi.com/view?r=eyJrIjoiOTJkN2U4MjUtYWE1Ny00NzA4LWExMzctMDBiYjQ2NjZiZWVjIiwidCI6ImJkMDNhNzM1LTJhYTMtNGNjYS05NzIyLTJhZTQ5MjlhYjNlYyIsImMiOjEwfQ%3D%3D&pageName=adfba30c52355c5b1631
Aparri,Cagayan,18.35,121.6167,2012,1,Jan,DJF,Dry Season,1901.8,69,2012-01-01,https://app.powerbi.com/view?r=eyJrIjoiOTJkN2U4MjUtYWE1Ny00NzA4LWExMzctMDBiYjQ2NjZiZWVjIiwidCI6ImJkMDNhNzM1LTJhYTMtNGNjYS05NzIyLTJhZTQ5MjlhYjNlYyIsImMiOjEwfQ%3D%3D&pageName=adfba30c52355c5b1631
Aparri,Cagayan,18.35,121.6167,2012,2,Feb,DJF,Dry Season,1901.8,83,2012-02-01,https://app.powerbi.com/view?r=eyJrIjoiOTJkN2U4MjUtYWE1Ny00NzA4LWExMzctMDBiYjQ2NjZiZWVjIiwidCI6ImJkMDNhNzM1LTJhYTMtNGNjYS05NzIyLTJhZTQ5MjlhYjNlYyIsImMiOjEwfQ%3D%3D&pageName=adfba30c52355c5b1631
Aparri,Cagayan,18.35,121.6167,2012,3,Mar,MAM,Dry Season,1901.8,93.5,2012-03-01,https://app.powerbi.com/view?r=eyJrIjoiOTJkN2U4MjUtYWE1Ny00NzA4LWExMzctMDBiYjQ2NjZiZWVjIiwidCI6ImJkMDNhNzM1LTJhYTMtNGNjYS05NzIyLTJhZTQ5MjlhYjNlYyIsImMiOjEwfQ%3D%3D&pageName=adfba30c52355c5b1631
Aparri,Cagayan,18.35,121.6167,2012,4,Apr,MAM,Dry Season,1901.8,58,2012-04-01,https://app.powerbi.com/view?r=eyJrIjoiOTJkN2U4MjUtYWE1Ny00NzA4LWExMzctMDBiYjQ2NjZiZWVjIiwidCI6ImJkMDNhNzM1LTJhYTMtNGNjYS05NzIyLTJhZTQ5MjlhYjNlYyIsImMiOjEwfQ%3D%3D&pageName=adfba30c52355c5b1631
Aparri,Cagayan,18.35,121.6167,2012,5,May,MAM,Wet Season,1901.8,148.5,2012-05-01,https://app.powerbi.com/view?r=eyJrIjoiOTJkN2U4MjUtYWE1Ny00NzA4LWExMzctMDBiYjQ2NjZiZWVjIiwidCI6ImJkMDNhNzM1LTJhYTMtNGNjYS05NzIyLTJhZTQ5MjlhYjNlYyIsImMiOjEwfQ%3D%3D&pageName=adfba30c52355c5b1631
Aparri,Cagayan,18.35,121.6167,2012,6,Jun,JJA,Wet Season,1901.8,235,2012-06-01,https://app.powerbi.com/view?r=eyJrIjoiOTJkN2U4MjUtYWE1Ny00NzA4LWExMzctMDBiYjQ2NjZiZWVjIiwidCI6ImJkMDNhNzM1LTJhYTMtNGNjYS05NzIyLTJhZTQ5MjlhYjNlYyIsImMiOjEwfQ%3D%3D&pageName=adfba30c52355c5b1631
Aparri,Cagayan,18.35,121.6167,2012,7,Jul,JJA,Wet Season,1901.8,213,2012-07-01,https://app.powerbi.com/view?r=eyJrIjoiOTJkN2U4MjUtYWE1Ny00NzA4LWExMzctMDBiYjQ2NjZiZWVjIiwidCI6ImJkMDNhNzM1LTJhYTMtNGNjYS05NzIyLTJhZTQ5MjlhYjNlYyIsImMiOjEwfQ%3D%3D&pageName=adfba30c52355c5b1631
Aparri,Cagayan,18.35,121.6167,2012,8,Aug,JJA,Wet Season,1901.8,224.5,2012-08-01,https://app.powerbi.com/view?r=eyJrIjoiOTJkN2U4MjUtYWE1Ny00NzA4LWExMzctMDBiYjQ2NjZiZWVjIiwidCI6ImJkMDNhNzM1LTJhYTMtNGNjYS05NzIyLTJhZTQ5MjlhYjNlYyIsImMiOjEwfQ%3D%3D&pageName=adfba30c52355c5b1631
Aparri,Cagayan,18.35,121.6167,2012,9,Sep,SON,Wet Season,1901.8,195,2012-09-01,https://app.powerbi.com/view?r=eyJrIjoiOTJkN2U4MjUtYWE1Ny00NzA4LWExMzctMDBiYjQ2NjZiZWVjIiwidCI6ImJkMDNhNzM1LTJhYTMtNGNjYS05NzIyLTJhZTQ5MjlhYjNlYyIsImMiOjEwfQ%3D%3D&pageName=adfba30c52355c5b1631
Aparri,Cagayan,18.35,121.6167,2012,10,Oct,SON,Wet Season,1901.8,175,2012-10-01,https://app.powerbi.com/view?r=eyJrIjoiOTJkN2U4MjUtYWE1Ny00NzA4LWExMzctMDBiYjQ2NjZiZWVjIiwidCI6ImJkMDNhNzM1LTJhYTMtNGNjYS05NzIyLTJhZTQ5MjlhYjNlYyIsImMiOjEwfQ%3D%3D&pageName=adfba30c52355c5b1631
Aparri,Cagayan,18.35,121.6167,2012,11,Nov,SON,Dry Season,1901.8,246.5,2012-11-01,https://app.powerbi.com/view?r=eyJrIjoiOTJkN2U4MjUtYWE1Ny00NzA4LWExMzctMDBiYjQ2NjZiZWVjIiwidCI6ImJkMDNhNzM1LTJhYTMtNGNjYS05NzIyLTJhZTQ5MjlhYjNlYyIsImMiOjEwfQ%3D%3D&pageName=adfba30c52355c5b1631
Aparri,Cagayan,18.35,121.6167,2012,12,Dec,DJF,Dry Season,1901.8,160.8,2012-12-01,https://app.powerbi.com/view?r=eyJrIjoiOTJkN2U4MjUtYWE1Ny00NzA4LWExMzctMDBiYjQ2NjZiZWVjIiwidCI6ImJkMDNhNzM1LTJhYTMtNGNjYS05NzIyLTJhZTQ5MjlhYjNlYyIsImMiOjEwfQ%3D%3D&pageName=adfba30c52355c5b1631
Aparri,Cagayan,18.35,121.6167,2013,1,Jan,DJF,Dry Season,1651.3,70,2013-01-01,https://app.powerbi.com/view?r=eyJrIjoiOTJkN2U4MjUtYWE1Ny00NzA4LWExMzctMDBiYjQ2NjZiZWVjIiwidCI6ImJkMDNhNzM1LTJhYTMtNGNjYS05NzIyLTJhZTQ5MjlhYjNlYyIsImMiOjEwfQ%3D%3D&pageName=adfba30c52355c5b1631
Aparri,Cagayan,18.35,121.6167,2013,2,Feb,DJF,Dry Season,1651.3,18,2013-02-01,https://app.powerbi.com/view?r=eyJrIjoiOTJkN2U4MjUtYWE1Ny00NzA4LWExMzctMDBiYjQ2NjZiZWVjIiwidCI6ImJkMDNhNzM1LTJhYTMtNGNjYS05NzIyLTJhZTQ5MjlhYjNlYyIsImMiOjEwfQ%3D%3D&pageName=adfba30c52355c5b1631
Aparri,Cagayan,18.35,121.6167,2013,3,Mar,MAM,Dry Season,1651.3,11,2013-03-01,https://app.powerbi.com/view?r=eyJrIjoiOTJkN2U4MjUtYWE1Ny00NzA4LWExMzctMDBiYjQ2NjZiZWVjIiwidCI6ImJkMDNhNzM1LTJhYTMtNGNjYS05NzIyLTJhZTQ5MjlhYjNlYyIsImMiOjEwfQ%3D%3D&pageName=adfba30c52355c5b1631
Aparri,Cagayan,18.35,121.6167,2013,4,Apr,MAM,Dry Season,1651.3,10.5,2013-04-01,https://app.powerbi.com/view?r=eyJrIjoiOTJkN2U4MjUtYWE1Ny00NzA4LWExMzctMDBiYjQ2NjZiZWVjIiwidCI6ImJkMDNhNzM1LTJhYTMtNGNjYS05NzIyLTJhZTQ5MjlhYjNlYyIsImMiOjEwfQ%3D%3D&pageName=adfba30c52355c5b1631
Aparri,Cagayan,18.35,121.6167,2013,5,May,MAM,Wet Season,1651.3,86.5,2013-05-01,https://app.powerbi.com/view?r=eyJrIjoiOTJkN2U4MjUtYWE1Ny00NzA4LWExMzctMDBiYjQ2NjZiZWVjIiwidCI6ImJkMDNhNzM1LTJhYTMtNGNjYS05NzIyLTJhZTQ5MjlhYjNlYyIsImMiOjEwfQ%3D%3D&pageName=adfba30c52355c5b1631
Aparri,Cagayan,18.35,121.6167,2013,6,Jun,JJA,Wet Season,1651.3,40.6,2013-06-01,https://app.powerbi.com/view?r=eyJrIjoiOTJkN2U4MjUtYWE1Ny00NzA4LWExMzctMDBiYjQ2NjZiZWVjIiwidCI6ImJkMDNhNzM1LTJhYTMtNGNjYS05NzIyLTJhZTQ5MjlhYjNlYyIsImMiOjEwfQ%3D%3D&pageName=adfba30c52355c5b1631
Aparri,Cagayan,18.35,121.6167,2013,7,Jul,JJA,Wet Season,1651.3,95,2013-07-01,https://app.powerbi.com/view?r=eyJrIjoiOTJkN2U4MjUtYWE1Ny00NzA4LWExMzctMDBiYjQ2NjZiZWVjIiwidCI6ImJkMDNhNzM1LTJhYTMtNGNjYS05NzIyLTJhZTQ5MjlhYjNlYyIsImMiOjEwfQ%3D%3D&pageName=adfba30c52355c5b1631
Aparri,Cagayan,18.35,121.6167,2013,8,Aug,JJA,Wet Season,1651.3,134.7,2013-08-01,https://app.powerbi.com/view?r=eyJrIjoiOTJkN2U4MjUtYWE1Ny00NzA4LWExMzctMDBiYjQ2NjZiZWVjIiwidCI6ImJkMDNhNzM1LTJhYTMtNGNjYS05NzIyLTJhZTQ5MjlhYjNlYyIsImMiOjEwfQ%3D%3D&pageName=adfba30c52355c5b1631
Aparri,Cagayan,18.35,121.6167,2013,9,Sep,SON,Wet Season,1651.3,272,2013-09-01,https://app.powerbi.com/view?r=eyJrIjoiOTJkN2U4MjUtYWE1Ny00NzA4LWExMzctMDBiYjQ2NjZiZWVjIiwidCI6ImJkMDNhNzM1LTJhYTMtNGNjYS05NzIyLTJhZTQ5MjlhYjNlYyIsImMiOjEwfQ%3D%3D&pageName=adfba30c52355c5b1631
Aparri,Cagayan,18.35,121.6167,2013,10,Oct,SON,Wet Season,1651.3,548.5,2013-10-01,https://app.powerbi.com/view?r=eyJrIjoiOTJkN2U4MjUtYWE1Ny00NzA4LWExMzctMDBiYjQ2NjZiZWVjIiwidCI6ImJkMDNhNzM1LTJhYTMtNGNjYS05NzIyLTJhZTQ5MjlhYjNlYyIsImMiOjEwfQ%3D%3D&pageName=adfba30c52355c5b1631
Aparri,Cagayan,18.35,121.6167,2013,11,Nov,SON,Dry Season,1651.3,208,2013-11-01,https://app.powerbi.com/view?r=eyJrIjoiOTJkN2U4MjUtYWE1Ny00NzA4LWExMzctMDBiYjQ2NjZiZWVjIiwidCI6ImJkMDNhNzM1LTJhYTMtNGNjYS05NzIyLTJhZTQ5MjlhYjNlYyIsImMiOjEwfQ%3D%3D&pageName=adfba30c52355c5b1631
Aparri,Cagayan,18.35,121.6167,2013,12,Dec,DJF,Dry Season,1651.3,156.5,2013-12-01,https://app.powerbi.com/view?r=eyJrIjoiOTJkN2U4MjUtYWE1Ny00NzA4LWExMzctMDBiYjQ2NjZiZWVjIiwidCI6ImJkMDNhNzM1LTJhYTMtNGNjYS05NzIyLTJhZTQ5MjlhYjNlYyIsImMiOjEwfQ%3D%3D&pageName=adfba30c52355c5b1631
Aparri,Cagayan,18.35,121.6167,2014,1,Jan,DJF,Dry Season,1421.5,62.5,2014-01-01,https://app.powerbi.com/view?r=eyJrIjoiOTJkN2U4MjUtYWE1Ny00NzA4LWExMzctMDBiYjQ2NjZiZWVjIiwidCI6ImJkMDNhNzM1LTJhYTMtNGNjYS05NzIyLTJhZTQ5MjlhYjNlYyIsImMiOjEwfQ%3D%3D&pageName=adfba30c52355c5b1631
Aparri,Cagayan,18.35,121.6167,2014,2,Feb,DJF,Dry Season,1421.5,22.5,2014-02-01,https://app.powerbi.com/view?r=eyJrIjoiOTJkN2U4MjUtYWE1Ny00NzA4LWExMzctMDBiYjQ2NjZiZWVjIiwidCI6ImJkMDNhNzM1LTJhYTMtNGNjYS05NzIyLTJhZTQ5MjlhYjNlYyIsImMiOjEwfQ%3D%3D&pageName=adfba30c52355c5b1631
Aparri,Cagayan,18.35,121.6167,2014,3,Mar,MAM,Dry Season,1421.5,7.5,2014-03-01,https://app.powerbi.com/view?r=eyJrIjoiOTJkN2U4MjUtYWE1Ny00NzA4LWExMzctMDBiYjQ2NjZiZWVjIiwidCI6ImJkMDNhNzM1LTJhYTMtNGNjYS05NzIyLTJhZTQ5MjlhYjNlYyIsImMiOjEwfQ%3D%3D&pageName=adfba30c52355c5b1631
Aparri,Cagayan,18.35,121.6167,2014,4,Apr,MAM,Dry Season,1421.5,2.5,2014-04-01,https://app.powerbi.com/view?r=eyJrIjoiOTJkN2U4MjUtYWE1Ny00NzA4LWExMzctMDBiYjQ2NjZiZWVjIiwidCI6ImJkMDNhNzM1LTJhYTMtNGNjYS05NzIyLTJhZTQ5MjlhYjNlYyIsImMiOjEwfQ%3D%3D&pageName=adfba30c52355c5b1631
Aparri,Cagayan,18.35,121.6167,2014,5,May,MAM,Wet Season,1421.5,32.5,2014-05-01,https://app.powerbi.com/view?r=eyJrIjoiOTJkN2U4MjUtYWE1Ny00NzA4LWExMzctMDBiYjQ2NjZiZWVjIiwidCI6ImJkMDNhNzM1LTJhYTMtNGNjYS05NzIyLTJhZTQ5MjlhYjNlYyIsImMiOjEwfQ%3D%3D&pageName=adfba30c52355c5b1631
Aparri,Cagayan,18.35,121.6167,2014,6,Jun,JJA,Wet Season,1421.5,197,2014-06-01,https://app.powerbi.com/view?r=eyJrIjoiOTJkN2U4MjUtYWE1Ny00NzA4LWExMzctMDBiYjQ2NjZiZWVjIiwidCI6ImJkMDNhNzM1LTJhYTMtNGNjYS05NzIyLTJhZTQ5MjlhYjNlYyIsImMiOjEwfQ%3D%3D&pageName=adfba30c52355c5b1631
Aparri,Cagayan,18.35,121.6167,2014,7,Jul,JJA,Wet Season,1421.5,358.5,2014-07-01,https://app.powerbi.com/view?r=eyJrIjoiOTJkN2U4MjUtYWE1Ny00NzA4LWExMzctMDBiYjQ2NjZiZWVjIiwidCI6ImJkMDNhNzM1LTJhYTMtNGNjYS05NzIyLTJhZTQ5MjlhYjNlYyIsImMiOjEwfQ%3D%3D&pageName=adfba30c52355c5b1631
Aparri,Cagayan,18.35,121.6167,2014,8,Aug,JJA,Wet Season,1421.5,138,2014-08-01,https://app.powerbi.com/view?r=eyJrIjoiOTJkN2U4MjUtYWE1Ny00NzA4LWExMzctMDBiYjQ2NjZiZWVjIiwidCI6ImJkMDNhNzM1LTJhYTMtNGNjYS05NzIyLTJhZTQ5MjlhYjNlYyIsImMiOjEwfQ%3D%3D&pageName=adfba30c52355c5b1631
Aparri,Cagayan,18.35,121.6167,2014,9,Sep,SON,Wet Season,1421.5,239.5,2014-09-01,https://app.powerbi.com/view?r=eyJrIjoiOTJkN2U4MjUtYWE1Ny00NzA4LWExMzctMDBiYjQ2NjZiZWVjIiwidCI6ImJkMDNhNzM1LTJhYTMtNGNjYS05NzIyLTJhZTQ5MjlhYjNlYyIsImMiOjEwfQ%3D%3D&pageName=adfba30c52355c5b1631
Aparri,Cagayan,18.35,121.6167,2014,10,Oct,SON,Wet Season,1421.5,114,2014-10-01,https://app.powerbi.com/view?r=eyJrIjoiOTJkN2U4MjUtYWE1Ny00NzA4LWExMzctMDBiYjQ2NjZiZWVjIiwidCI6ImJkMDNhNzM1LTJhYTMtNGNjYS05NzIyLTJhZTQ5MjlhYjNlYyIsImMiOjEwfQ%3D%3D&pageName=adfba30c52355c5b1631
Aparri,Cagayan,18.35,121.6167,2014,11,Nov,SON,Dry Season,1421.5,41,2014-11-01,https://app.powerbi.com/view?r=eyJrIjoiOTJkN2U4MjUtYWE1Ny00NzA4LWExMzctMDBiYjQ2NjZiZWVjIiwidCI6ImJkMDNhNzM1LTJhYTMtNGNjYS05NzIyLTJhZTQ5MjlhYjNlYyIsImMiOjEwfQ%3D%3D&pageName=adfba30c52355c5b1631
Aparri,Cagayan,18.35,121.6167,2014,12,Dec,DJF,Dry Season,1421.5,206,2014-12-01,https://app.powerbi.com/view?r=eyJrIjoiOTJkN2U4MjUtYWE1Ny00NzA4LWExMzctMDBiYjQ2NjZiZWVjIiwidCI6ImJkMDNhNzM1LTJhYTMtNGNjYS05NzIyLTJhZTQ5MjlhYjNlYyIsImMiOjEwfQ%3D%3D&pageName=adfba30c52355c5b1631
Aparri,Cagayan,18.35,121.6167,2015,1,Jan,DJF,Dry Season,1806.6,77.5,2015-01-01,https://app.powerbi.com/view?r=eyJrIjoiOTJkN2U4MjUtYWE1Ny00NzA4LWExMzctMDBiYjQ2NjZiZWVjIiwidCI6ImJkMDNhNzM1LTJhYTMtNGNjYS05NzIyLTJhZTQ5MjlhYjNlYyIsImMiOjEwfQ%3D%3D&pageName=adfba30c52355c5b1631
Aparri,Cagayan,18.35,121.6167,2015,2,Feb,DJF,Dry Season,1806.6,63.6,2015-02-01,https://app.powerbi.com/view?r=eyJrIjoiOTJkN2U4MjUtYWE1Ny00NzA4LWExMzctMDBiYjQ2NjZiZWVjIiwidCI6ImJkMDNhNzM1LTJhYTMtNGNjYS05NzIyLTJhZTQ5MjlhYjNlYyIsImMiOjEwfQ%3D%3D&pageName=adfba30c52355c5b1631
Aparri,Cagayan,18.35,121.6167,2015,3,Mar,MAM,Dry Season,1806.6,27.5,2015-03-01,https://app.powerbi.com/view?r=eyJrIjoiOTJkN2U4MjUtYWE1Ny00NzA4LWExMzctMDBiYjQ2NjZiZWVjIiwidCI6ImJkMDNhNzM1LTJhYTMtNGNjYS05NzIyLTJhZTQ5MjlhYjNlYyIsImMiOjEwfQ%3D%3D&pageName=adfba30c52355c5b1631
Aparri,Cagayan,18.35,121.6167,2015,4,Apr,MAM,Dry Season,1806.6,37.8,2015-04-01,https://app.powerbi.com/view?r=eyJrIjoiOTJkN2U4MjUtYWE1Ny00NzA4LWExMzctMDBiYjQ2NjZiZWVjIiwidCI6ImJkMDNhNzM1LTJhYTMtNGNjYS05NzIyLTJhZTQ5MjlhYjNlYyIsImMiOjEwfQ%3D%3D&pageName=adfba30c52355c5b1631
Aparri,Cagayan,18.35,121.6167,2015,5,May,MAM,Wet Season,1806.6,105,2015-05-01,https://app.powerbi.com/view?r=eyJrIjoiOTJkN2U4MjUtYWE1Ny00NzA4LWExMzctMDBiYjQ2NjZiZWVjIiwidCI6ImJkMDNhNzM1LTJhYTMtNGNjYS05NzIyLTJhZTQ5MjlhYjNlYyIsImMiOjEwfQ%3D%3D&pageName=adfba30c52355c5b1631
Aparri,Cagayan,18.35,121.6167,2015,6,Jun,JJA,Wet Season,1806.6,50.3,2015-06-01,https://app.powerbi.com/view?r=eyJrIjoiOTJkN2U4MjUtYWE1Ny00NzA4LWExMzctMDBiYjQ2NjZiZWVjIiwidCI6ImJkMDNhNzM1LTJhYTMtNGNjYS05NzIyLTJhZTQ5MjlhYjNlYyIsImMiOjEwfQ%3D%3D&pageName=adfba30c52355c5b1631
Aparri,Cagayan,18.35,121.6167,2015,7,Jul,JJA,Wet Season,1806.6,167.2,2015-07-01,https://app.powerbi.com/view?r=eyJrIjoiOTJkN2U4MjUtYWE1Ny00NzA4LWExMzctMDBiYjQ2NjZiZWVjIiwidCI6ImJkMDNhNzM1LTJhYTMtNGNjYS05NzIyLTJhZTQ5MjlhYjNlYyIsImMiOjEwfQ%3D%3D&pageName=adfba30c52355c5b1631
Aparri,Cagayan,18.35,121.6167,2015,8,Aug,JJA,Wet Season,1806.6,446.3,2015-08-01,https://app.powerbi.com/view?r=eyJrIjoiOTJkN2U4MjUtYWE1Ny00NzA4LWExMzctMDBiYjQ2NjZiZWVjIiwidCI6ImJkMDNhNzM1LTJhYTMtNGNjYS05NzIyLTJhZTQ5MjlhYjNlYyIsImMiOjEwfQ%3D%3D&pageName=adfba30c52355c5b1631
Aparri,Cagayan,18.35,121.6167,2015,9,Sep,SON,Wet Season,1806.6,30.3,2015-09-01,https://app.powerbi.com/view?r=eyJrIjoiOTJkN2U4MjUtYWE1Ny00NzA4LWExMzctMDBiYjQ2NjZiZWVjIiwidCI6ImJkMDNhNzM1LTJhYTMtNGNjYS05NzIyLTJhZTQ5MjlhYjNlYyIsImMiOjEwfQ%3D%3D&pageName=adfba30c52355c5b1631
Aparri,Cagayan,18.35,121.6167,2015,10,Oct,SON,Wet Season,1806.6,412,2015-10-01,https://app.powerbi.com/view?r=eyJrIjoiOTJkN2U4MjUtYWE1Ny00NzA4LWExMzctMDBiYjQ2NjZiZWVjIiwidCI6ImJkMDNhNzM1LTJhYTMtNGNjYS05NzIyLTJhZTQ5MjlhYjNlYyIsImMiOjEwfQ%3D%3D&pageName=adfba30c52355c5b1631
Aparri,Cagayan,18.35,121.6167,2015,11,Nov,SON,Dry Season,1806.6,80.4,2015-11-01,https://app.powerbi.com/view?r=eyJrIjoiOTJkN2U4MjUtYWE1Ny00NzA4LWExMzctMDBiYjQ2NjZiZWVjIiwidCI6ImJkMDNhNzM1LTJhYTMtNGNjYS05NzIyLTJhZTQ5MjlhYjNlYyIsImMiOjEwfQ%3D%3D&pageName=adfba30c52355c5b1631
Aparri,Cagayan,18.35,121.6167,2015,12,Dec,DJF,Dry Season,1806.6,308.7,2015-12-01,https://app.powerbi.com/view?r=eyJrIjoiOTJkN2U4MjUtYWE1Ny00NzA4LWExMzctMDBiYjQ2NjZiZWVjIiwidCI6ImJkMDNhNzM1LTJhYTMtNGNjYS05NzIyLTJhZTQ5MjlhYjNlYyIsImMiOjEwfQ%3D%3D&pageName=adfba30c52355c5b1631
Aparri,Cagayan,18.35,121.6167,2016,1,Jan,DJF,Dry Season,2041.4,52.7,2016-01-01,https://app.powerbi.com/view?r=eyJrIjoiOTJkN2U4MjUtYWE1Ny00NzA4LWExMzctMDBiYjQ2NjZiZWVjIiwidCI6ImJkMDNhNzM1LTJhYTMtNGNjYS05NzIyLTJhZTQ5MjlhYjNlYyIsImMiOjEwfQ%3D%3D&pageName=adfba30c52355c5b1631
Aparri,Cagayan,18.35,121.6167,2016,2,Feb,DJF,Dry Season,2041.4,133.3,2016-02-01,https://app.powerbi.com/view?r=eyJrIjoiOTJkN2U4MjUtYWE1Ny00NzA4LWExMzctMDBiYjQ2NjZiZWVjIiwidCI6ImJkMDNhNzM1LTJhYTMtNGNjYS05NzIyLTJhZTQ5MjlhYjNlYyIsImMiOjEwfQ%3D%3D&pageName=adfba30c52355c5b1631
Aparri,Cagayan,18.35,121.6167,2016,3,Mar,MAM,Dry Season,2041.4,41.1,2016-03-01,https://app.powerbi.com/view?r=eyJrIjoiOTJkN2U4MjUtYWE1Ny00NzA4LWExMzctMDBiYjQ2NjZiZWVjIiwidCI6ImJkMDNhNzM1LTJhYTMtNGNjYS05NzIyLTJhZTQ5MjlhYjNlYyIsImMiOjEwfQ%3D%3D&pageName=adfba30c52355c5b1631
Aparri,Cagayan,18.35,121.6167,2016,4,Apr,MAM,Dry Season,2041.4,0.1,2016-04-01,https://app.powerbi.com/view?r=eyJrIjoiOTJkN2U4MjUtYWE1Ny00NzA4LWExMzctMDBiYjQ2NjZiZWVjIiwidCI6ImJkMDNhNzM1LTJhYTMtNGNjYS05NzIyLTJhZTQ5MjlhYjNlYyIsImMiOjEwfQ%3D%3D&pageName=adfba30c52355c5b1631
Aparri,Cagayan,18.35,121.6167,2016,5,May,MAM,Wet Season,2041.4,115.3,2016-05-01,https://app.powerbi.com/view?r=eyJrIjoiOTJkN2U4MjUtYWE1Ny00NzA4LWExMzctMDBiYjQ2NjZiZWVjIiwidCI6ImJkMDNhNzM1LTJhYTMtNGNjYS05NzIyLTJhZTQ5MjlhYjNlYyIsImMiOjEwfQ%3D%3D&pageName=adfba30c52355c5b1631
Aparri,Cagayan,18.35,121.6167,2016,6,Jun,JJA,Wet Season,2041.4,112.6,2016-06-01,https://app.powerbi.com/view?r=eyJrIjoiOTJkN2U4MjUtYWE1Ny00NzA4LWExMzctMDBiYjQ2NjZiZWVjIiwidCI6ImJkMDNhNzM1LTJhYTMtNGNjYS05NzIyLTJhZTQ5MjlhYjNlYyIsImMiOjEwfQ%3D%3D&pageName=adfba30c52355c5b1631
Aparri,Cagayan,18.35,121.6167,2016,7,Jul,JJA,Wet Season,2041.4,302.4,2016-07-01,https://app.powerbi.com/view?r=eyJrIjoiOTJkN2U4MjUtYWE1Ny00NzA4LWExMzctMDBiYjQ2NjZiZWVjIiwidCI6ImJkMDNhNzM1LTJhYTMtNGNjYS05NzIyLTJhZTQ5MjlhYjNlYyIsImMiOjEwfQ%3D%3D&pageName=adfba30c52355c5b1631
Aparri,Cagayan,18.35,121.6167,2016,8,Aug,JJA,Wet Season,2041.4,91.9,2016-08-01,https://app.powerbi.com/view?r=eyJrIjoiOTJkN2U4MjUtYWE1Ny00NzA4LWExMzctMDBiYjQ2NjZiZWVjIiwidCI6ImJkMDNhNzM1LTJhYTMtNGNjYS05NzIyLTJhZTQ5MjlhYjNlYyIsImMiOjEwfQ%3D%3D&pageName=adfba30c52355c5b1631
Aparri,Cagayan,18.35,121.6167,2016,9,Sep,SON,Wet Season,2041.4,212.5,2016-09-01,https://app.powerbi.com/view?r=eyJrIjoiOTJkN2U4MjUtYWE1Ny00NzA4LWExMzctMDBiYjQ2NjZiZWVjIiwidCI6ImJkMDNhNzM1LTJhYTMtNGNjYS05NzIyLTJhZTQ5MjlhYjNlYyIsImMiOjEwfQ%3D%3D&pageName=adfba30c52355c5b1631
Aparri,Cagayan,18.35,121.6167,2016,10,Oct,SON,Wet Season,2041.4,272.8,2016-10-01,https://app.powerbi.com/view?r=eyJrIjoiOTJkN2U4MjUtYWE1Ny00NzA4LWExMzctMDBiYjQ2NjZiZWVjIiwidCI6ImJkMDNhNzM1LTJhYTMtNGNjYS05NzIyLTJhZTQ5MjlhYjNlYyIsImMiOjEwfQ%3D%3D&pageName=adfba30c52355c5b1631
Aparri,Cagayan,18.35,121.6167,2016,11,Nov,SON,Dry Season,2041.4,334,2016-11-01,https://app.powerbi.com/view?r=eyJrIjoiOTJkN2U4MjUtYWE1Ny00NzA4LWExMzctMDBiYjQ2NjZiZWVjIiwidCI6ImJkMDNhNzM1LTJhYTMtNGNjYS05NzIyLTJhZTQ5MjlhYjNlYyIsImMiOjEwfQ%3D%3D&pageName=adfba30c52355c5b1631
Aparri,Cagayan,18.35,121.6167,2016,12,Dec,DJF,Dry Season,2041.4,372.8,2016-12-01,https://app.powerbi.com/view?r=eyJrIjoiOTJkN2U4MjUtYWE1Ny00NzA4LWExMzctMDBiYjQ2NjZiZWVjIiwidCI6ImJkMDNhNzM1LTJhYTMtNGNjYS05NzIyLTJhZTQ5MjlhYjNlYyIsImMiOjEwfQ%3D%3D&pageName=adfba30c52355c5b1631
Aparri,Cagayan,18.35,121.6167,2017,1,Jan,DJF,Dry Season,2267.7,117.5,2017-01-01,https://app.powerbi.com/view?r=eyJrIjoiOTJkN2U4MjUtYWE1Ny00NzA4LWExMzctMDBiYjQ2NjZiZWVjIiwidCI6ImJkMDNhNzM1LTJhYTMtNGNjYS05NzIyLTJhZTQ5MjlhYjNlYyIsImMiOjEwfQ%3D%3D&pageName=adfba30c52355c5b1631
Aparri,Cagayan,18.35,121.6167,2017,2,Feb,DJF,Dry Season,2267.7,159.1,2017-02-01,https://app.powerbi.com/view?r=eyJrIjoiOTJkN2U4MjUtYWE1Ny00NzA4LWExMzctMDBiYjQ2NjZiZWVjIiwidCI6ImJkMDNhNzM1LTJhYTMtNGNjYS05NzIyLTJhZTQ5MjlhYjNlYyIsImMiOjEwfQ%3D%3D&pageName=adfba30c52355c5b1631
Aparri,Cagayan,18.35,121.6167,2017,3,Mar,MAM,Dry Season,2267.7,24.2,2017-03-01,https://app.powerbi.com/view?r=eyJrIjoiOTJkN2U4MjUtYWE1Ny00NzA4LWExMzctMDBiYjQ2NjZiZWVjIiwidCI6ImJkMDNhNzM1LTJhYTMtNGNjYS05NzIyLTJhZTQ5MjlhYjNlYyIsImMiOjEwfQ%3D%3D&pageName=adfba30c52355c5b1631
Aparri,Cagayan,18.35,121.6167,2017,4,Apr,MAM,Dry Season,2267.7,43.1,2017-04-01,https://app.powerbi.com/view?r=eyJrIjoiOTJkN2U4MjUtYWE1Ny00NzA4LWExMzctMDBiYjQ2NjZiZWVjIiwidCI6ImJkMDNhNzM1LTJhYTMtNGNjYS05NzIyLTJhZTQ5MjlhYjNlYyIsImMiOjEwfQ%3D%3D&pageName=adfba30c52355c5b1631
Aparri,Cagayan,18.35,121.6167,2017,5,May,MAM,Wet Season,2267.7,182.6,2017-05-01,https://app.powerbi.com/view?r=eyJrIjoiOTJkN2U4MjUtYWE1Ny00NzA4LWExMzctMDBiYjQ2NjZiZWVjIiwidCI6ImJkMDNhNzM1LTJhYTMtNGNjYS05NzIyLTJhZTQ5MjlhYjNlYyIsImMiOjEwfQ%3D%3D&pageName=adfba30c52355c5b1631
Aparri,Cagayan,18.35,121.6167,2017,6,Jun,JJA,Wet Season,2267.7,121.2,2017-06-01,https://app.powerbi.com/view?r=eyJrIjoiOTJkN2U4MjUtYWE1Ny00NzA4LWExMzctMDBiYjQ2NjZiZWVjIiwidCI6ImJkMDNhNzM1LTJhYTMtNGNjYS05NzIyLTJhZTQ5MjlhYjNlYyIsImMiOjEwfQ%3D%3D&pageName=adfba30c52355c5b1631
Aparri,Cagayan,18.35,121.6167,2017,7,Jul,JJA,Wet Season,2267.7,41.9,2017-07-01,https://app.powerbi.com/view?r=eyJrIjoiOTJkN2U4MjUtYWE1Ny00NzA4LWExMzctMDBiYjQ2NjZiZWVjIiwidCI6ImJkMDNhNzM1LTJhYTMtNGNjYS05NzIyLTJhZTQ5MjlhYjNlYyIsImMiOjEwfQ%3D%3D&pageName=adfba30c52355c5b1631
Aparri,Cagayan,18.35,121.6167,2017,8,Aug,JJA,Wet Season,2267.7,335.4,2017-08-01,https://app.powerbi.com/view?r=eyJrIjoiOTJkN2U4MjUtYWE1Ny00NzA4LWExMzctMDBiYjQ2NjZiZWVjIiwidCI6ImJkMDNhNzM1LTJhYTMtNGNjYS05NzIyLTJhZTQ5MjlhYjNlYyIsImMiOjEwfQ%3D%3D&pageName=adfba30c52355c5b1631
Aparri,Cagayan,18.35,121.6167,2017,9,Sep,SON,Wet Season,2267.7,156.4,2017-09-01,https://app.powerbi.com/view?r=eyJrIjoiOTJkN2U4MjUtYWE1Ny00NzA4LWExMzctMDBiYjQ2NjZiZWVjIiwidCI6ImJkMDNhNzM1LTJhYTMtNGNjYS05NzIyLTJhZTQ5MjlhYjNlYyIsImMiOjEwfQ%3D%3D&pageName=adfba30c52355c5b1631
Aparri,Cagayan,18.35,121.6167,2017,10,Oct,SON,Wet Season,2267.7,516.7,2017-10-01,https://app.powerbi.com/view?r=eyJrIjoiOTJkN2U4MjUtYWE1Ny00NzA4LWExMzctMDBiYjQ2NjZiZWVjIiwidCI6ImJkMDNhNzM1LTJhYTMtNGNjYS05NzIyLTJhZTQ5MjlhYjNlYyIsImMiOjEwfQ%3D%3D&pageName=adfba30c52355c5b1631
Aparri,Cagayan,18.35,121.6167,2017,11,Nov,SON,Dry Season,2267.7,444.6,2017-11-01,https://app.powerbi.com/view?r=eyJrIjoiOTJkN2U4MjUtYWE1Ny00NzA4LWExMzctMDBiYjQ2NjZiZWVjIiwidCI6ImJkMDNhNzM1LTJhYTMtNGNjYS05NzIyLTJhZTQ5MjlhYjNlYyIsImMiOjEwfQ%3D%3D&pageName=adfba30c52355c5b1631
Aparri,Cagayan,18.35,121.6167,2017,12,Dec,DJF,Dry Season,2267.7,125,2017-12-01,https://app.powerbi.com/view?r=eyJrIjoiOTJkN2U4MjUtYWE1Ny00NzA4LWExMzctMDBiYjQ2NjZiZWVjIiwidCI6ImJkMDNhNzM1LTJhYTMtNGNjYS05NzIyLTJhZTQ5MjlhYjNlYyIsImMiOjEwfQ%3D%3D&pageName=adfba30c52355c5b1631
Aparri,Cagayan,18.35,121.6167,2018,1,Jan,DJF,Dry Season,1641.6,117.1,2018-01-01,https://app.powerbi.com/view?r=eyJrIjoiOTJkN2U4MjUtYWE1Ny00NzA4LWExMzctMDBiYjQ2NjZiZWVjIiwidCI6ImJkMDNhNzM1LTJhYTMtNGNjYS05NzIyLTJhZTQ5MjlhYjNlYyIsImMiOjEwfQ%3D%3D&pageName=adfba30c52355c5b1631
Aparri,Cagayan,18.35,121.6167,2018,2,Feb,DJF,Dry Season,1641.6,165.9,2018-02-01,https://app.powerbi.com/view?r=eyJrIjoiOTJkN2U4MjUtYWE1Ny00NzA4LWExMzctMDBiYjQ2NjZiZWVjIiwidCI6ImJkMDNhNzM1LTJhYTMtNGNjYS05NzIyLTJhZTQ5MjlhYjNlYyIsImMiOjEwfQ%3D%3D&pageName=adfba30c52355c5b1631
Aparri,Cagayan,18.35,121.6167,2018,3,Mar,MAM,Dry Season,1641.6,68.3,2018-03-01,https://app.powerbi.com/view?r=eyJrIjoiOTJkN2U4MjUtYWE1Ny00NzA4LWExMzctMDBiYjQ2NjZiZWVjIiwidCI6ImJkMDNhNzM1LTJhYTMtNGNjYS05NzIyLTJhZTQ5MjlhYjNlYyIsImMiOjEwfQ%3D%3D&pageName=adfba30c52355c5b1631
Aparri,Cagayan,18.35,121.6167,2018,4,Apr,MAM,Dry Season,1641.6,25,2018-04-01,https://app.powerbi.com/view?r=eyJrIjoiOTJkN2U4MjUtYWE1Ny00NzA4LWExMzctMDBiYjQ2NjZiZWVjIiwidCI6ImJkMDNhNzM1LTJhYTMtNGNjYS05NzIyLTJhZTQ5MjlhYjNlYyIsImMiOjEwfQ%3D%3D&pageName=adfba30c52355c5b1631
Aparri,Cagayan,18.35,121.6167,2018,5,May,MAM,Wet Season,1641.6,3.8,2018-05-01,https://app.powerbi.com/view?r=eyJrIjoiOTJkN2U4MjUtYWE1Ny00NzA4LWExMzctMDBiYjQ2NjZiZWVjIiwidCI6ImJkMDNhNzM1LTJhYTMtNGNjYS05NzIyLTJhZTQ5MjlhYjNlYyIsImMiOjEwfQ%3D%3D&pageName=adfba30c52355c5b1631
Aparri,Cagayan,18.35,121.6167,2018,6,Jun,JJA,Wet Season,1641.6,43.9,2018-06-01,https://app.powerbi.com/view?r=eyJrIjoiOTJkN2U4MjUtYWE1Ny00NzA4LWExMzctMDBiYjQ2NjZiZWVjIiwidCI6ImJkMDNhNzM1LTJhYTMtNGNjYS05NzIyLTJhZTQ5MjlhYjNlYyIsImMiOjEwfQ%3D%3D&pageName=adfba30c52355c5b1631
Aparri,Cagayan,18.35,121.6167,2018,7,Jul,JJA,Wet Season,1641.6,167.5,2018-07-01,https://app.powerbi.com/view?r=eyJrIjoiOTJkN2U4MjUtYWE1Ny00NzA4LWExMzctMDBiYjQ2NjZiZWVjIiwidCI6ImJkMDNhNzM1LTJhYTMtNGNjYS05NzIyLTJhZTQ5MjlhYjNlYyIsImMiOjEwfQ%3D%3D&pageName=adfba30c52355c5b1631
Aparri,Cagayan,18.35,121.6167,2018,8,Aug,JJA,Wet Season,1641.6,160.8,2018-08-01,https://app.powerbi.com/view?r=eyJrIjoiOTJkN2U4MjUtYWE1Ny00NzA4LWExMzctMDBiYjQ2NjZiZWVjIiwidCI6ImJkMDNhNzM1LTJhYTMtNGNjYS05NzIyLTJhZTQ5MjlhYjNlYyIsImMiOjEwfQ%3D%3D&pageName=adfba30c52355c5b1631
Aparri,Cagayan,18.35,121.6167,2018,9,Sep,SON,Wet Season,1641.6,265.1,2018-09-01,https://app.powerbi.com/view?r=eyJrIjoiOTJkN2U4MjUtYWE1Ny00NzA4LWExMzctMDBiYjQ2NjZiZWVjIiwidCI6ImJkMDNhNzM1LTJhYTMtNGNjYS05NzIyLTJhZTQ5MjlhYjNlYyIsImMiOjEwfQ%3D%3D&pageName=adfba30c52355c5b1631
Aparri,Cagayan,18.35,121.6167,2018,10,Oct,SON,Wet Season,1641.6,305.5,2018-10-01,https://app.powerbi.com/view?r=eyJrIjoiOTJkN2U4MjUtYWE1Ny00NzA4LWExMzctMDBiYjQ2NjZiZWVjIiwidCI6ImJkMDNhNzM1LTJhYTMtNGNjYS05NzIyLTJhZTQ5MjlhYjNlYyIsImMiOjEwfQ%3D%3D&pageName=adfba30c52355c5b1631
Aparri,Cagayan,18.35,121.6167,2018,11,Nov,SON,Dry Season,1641.6,71.9,2018-11-01,https://app.powerbi.com/view?r=eyJrIjoiOTJkN2U4MjUtYWE1Ny00NzA4LWExMzctMDBiYjQ2NjZiZWVjIiwidCI6ImJkMDNhNzM1LTJhYTMtNGNjYS05NzIyLTJhZTQ5MjlhYjNlYyIsImMiOjEwfQ%3D%3D&pageName=adfba30c52355c5b1631
Aparri,Cagayan,18.35,121.6167,2018,12,Dec,DJF,Dry Season,1641.6,246.8,2018-12-01,https://app.powerbi.com/view?r=eyJrIjoiOTJkN2U4MjUtYWE1Ny00NzA4LWExMzctMDBiYjQ2NjZiZWVjIiwidCI6ImJkMDNhNzM1LTJhYTMtNGNjYS05NzIyLTJhZTQ5MjlhYjNlYyIsImMiOjEwfQ%3D%3D&pageName=adfba30c52355c5b1631
Aparri,Cagayan,18.35,121.6167,2019,1,Jan,DJF,Dry Season,2939.2,127.7,2019-01-01,https://app.powerbi.com/view?r=eyJrIjoiOTJkN2U4MjUtYWE1Ny00NzA4LWExMzctMDBiYjQ2NjZiZWVjIiwidCI6ImJkMDNhNzM1LTJhYTMtNGNjYS05NzIyLTJhZTQ5MjlhYjNlYyIsImMiOjEwfQ%3D%3D&pageName=adfba30c52355c5b1631
Aparri,Cagayan,18.35,121.6167,2019,2,Feb,DJF,Dry Season,2939.2,0.4,2019-02-01,https://app.powerbi.com/view?r=eyJrIjoiOTJkN2U4MjUtYWE1Ny00NzA4LWExMzctMDBiYjQ2NjZiZWVjIiwidCI6ImJkMDNhNzM1LTJhYTMtNGNjYS05NzIyLTJhZTQ5MjlhYjNlYyIsImMiOjEwfQ%3D%3D&pageName=adfba30c52355c5b1631
Aparri,Cagayan,18.35,121.6167,2019,3,Mar,MAM,Dry Season,2939.2,30.4,2019-03-01,https://app.powerbi.com/view?r=eyJrIjoiOTJkN2U4MjUtYWE1Ny00NzA4LWExMzctMDBiYjQ2NjZiZWVjIiwidCI6ImJkMDNhNzM1LTJhYTMtNGNjYS05NzIyLTJhZTQ5MjlhYjNlYyIsImMiOjEwfQ%3D%3D&pageName=adfba30c52355c5b1631
Aparri,Cagayan,18.35,121.6167,2019,4,Apr,MAM,Dry Season,2939.2,23.3,2019-04-01,https://app.powerbi.com/view?r=eyJrIjoiOTJkN2U4MjUtYWE1Ny00NzA4LWExMzctMDBiYjQ2NjZiZWVjIiwidCI6ImJkMDNhNzM1LTJhYTMtNGNjYS05NzIyLTJhZTQ5MjlhYjNlYyIsImMiOjEwfQ%3D%3D&pageName=adfba30c52355c5b1631
Aparri,Cagayan,18.35,121.6167,2019,5,May,MAM,Wet Season,2939.2,215,2019-05-01,https://app.powerbi.com/view?r=eyJrIjoiOTJkN2U4MjUtYWE1Ny00NzA4LWExMzctMDBiYjQ2NjZiZWVjIiwidCI6ImJkMDNhNzM1LTJhYTMtNGNjYS05NzIyLTJhZTQ5MjlhYjNlYyIsImMiOjEwfQ%3D%3D&pageName=adfba30c52355c5b1631
Aparri,Cagayan,18.35,121.6167,2019,6,Jun,JJA,Wet Season,2939.2,55.9,2019-06-01,https://app.powerbi.com/view?r=eyJrIjoiOTJkN2U4MjUtYWE1Ny00NzA4LWExMzctMDBiYjQ2NjZiZWVjIiwidCI6ImJkMDNhNzM1LTJhYTMtNGNjYS05NzIyLTJhZTQ5MjlhYjNlYyIsImMiOjEwfQ%3D%3D&pageName=adfba30c52355c5b1631
Aparri,Cagayan,18.35,121.6167,2019,7,Jul,JJA,Wet Season,2939.2,304.2,2019-07-01,https://app.powerbi.com/view?r=eyJrIjoiOTJkN2U4MjUtYWE1Ny00NzA4LWExMzctMDBiYjQ2NjZiZWVjIiwidCI6ImJkMDNhNzM1LTJhYTMtNGNjYS05NzIyLTJhZTQ5MjlhYjNlYyIsImMiOjEwfQ%3D%3D&pageName=adfba30c52355c5b1631
Aparri,Cagayan,18.35,121.6167,2019,8,Aug,JJA,Wet Season,2939.2,411.9,2019-08-01,https://app.powerbi.com/view?r=eyJrIjoiOTJkN2U4MjUtYWE1Ny00NzA4LWExMzctMDBiYjQ2NjZiZWVjIiwidCI6ImJkMDNhNzM1LTJhYTMtNGNjYS05NzIyLTJhZTQ5MjlhYjNlYyIsImMiOjEwfQ%3D%3D&pageName=adfba30c52355c5b1631
Aparri,Cagayan,18.35,121.6167,2019,9,Sep,SON,Wet Season,2939.2,257.9,2019-09-01,https://app.powerbi.com/view?r=eyJrIjoiOTJkN2U4MjUtYWE1Ny00NzA4LWExMzctMDBiYjQ2NjZiZWVjIiwidCI6ImJkMDNhNzM1LTJhYTMtNGNjYS05NzIyLTJhZTQ5MjlhYjNlYyIsImMiOjEwfQ%3D%3D&pageName=adfba30c52355c5b1631
Aparri,Cagayan,18.35,121.6167,2019,10,Oct,SON,Wet Season,2939.2,158.1,2019-10-01,https://app.powerbi.com/view?r=eyJrIjoiOTJkN2U4MjUtYWE1Ny00NzA4LWExMzctMDBiYjQ2NjZiZWVjIiwidCI6ImJkMDNhNzM1LTJhYTMtNGNjYS05NzIyLTJhZTQ5MjlhYjNlYyIsImMiOjEwfQ%3D%3D&pageName=adfba30c52355c5b1631
Aparri,Cagayan,18.35,121.6167,2019,11,Nov,SON,Dry Season,2939.2,862.8,2019-11-01,https://app.powerbi.com/view?r=eyJrIjoiOTJkN2U4MjUtYWE1Ny00NzA4LWExMzctMDBiYjQ2NjZiZWVjIiwidCI6ImJkMDNhNzM1LTJhYTMtNGNjYS05NzIyLTJhZTQ5MjlhYjNlYyIsImMiOjEwfQ%3D%3D&pageName=adfba30c52355c5b1631
Aparri,Cagayan,18.35,121.6167,2019,12,Dec,DJF,Dry Season,2939.2,491.6,2019-12-01,https://app.powerbi.com/view?r=eyJrIjoiOTJkN2U4MjUtYWE1Ny00NzA4LWExMzctMDBiYjQ2NjZiZWVjIiwidCI6ImJkMDNhNzM1LTJhYTMtNGNjYS05NzIyLTJhZTQ5MjlhYjNlYyIsImMiOjEwfQ%3D%3D&pageName=adfba30c52355c5b1631
Aparri,Cagayan,18.35,121.6167,2020,1,Jan,DJF,Dry Season,2558.3,206.4,2020-01-01,https://app.powerbi.com/view?r=eyJrIjoiOTJkN2U4MjUtYWE1Ny00NzA4LWExMzctMDBiYjQ2NjZiZWVjIiwidCI6ImJkMDNhNzM1LTJhYTMtNGNjYS05NzIyLTJhZTQ5MjlhYjNlYyIsImMiOjEwfQ%3D%3D&pageName=adfba30c52355c5b1631
Aparri,Cagayan,18.35,121.6167,2020,2,Feb,DJF,Dry Season,2558.3,32.7,2020-02-01,https://app.powerbi.com/view?r=eyJrIjoiOTJkN2U4MjUtYWE1Ny00NzA4LWExMzctMDBiYjQ2NjZiZWVjIiwidCI6ImJkMDNhNzM1LTJhYTMtNGNjYS05NzIyLTJhZTQ5MjlhYjNlYyIsImMiOjEwfQ%3D%3D&pageName=adfba30c52355c5b1631
Aparri,Cagayan,18.35,121.6167,2020,3,Mar,MAM,Dry Season,2558.3,8,2020-03-01,https://app.powerbi.com/view?r=eyJrIjoiOTJkN2U4MjUtYWE1Ny00NzA4LWExMzctMDBiYjQ2NjZiZWVjIiwidCI6ImJkMDNhNzM1LTJhYTMtNGNjYS05NzIyLTJhZTQ5MjlhYjNlYyIsImMiOjEwfQ%3D%3D&pageName=adfba30c52355c5b1631
Aparri,Cagayan,18.35,121.6167,2020,4,Apr,MAM,Dry Season,2558.3,44.5,2020-04-01,https://app.powerbi.com/view?r=eyJrIjoiOTJkN2U4MjUtYWE1Ny00NzA4LWExMzctMDBiYjQ2NjZiZWVjIiwidCI6ImJkMDNhNzM1LTJhYTMtNGNjYS05NzIyLTJhZTQ5MjlhYjNlYyIsImMiOjEwfQ%3D%3D&pageName=adfba30c52355c5b1631
Aparri,Cagayan,18.35,121.6167,2020,5,May,MAM,Wet Season,2558.3,55.5,2020-05-01,https://app.powerbi.com/view?r=eyJrIjoiOTJkN2U4MjUtYWE1Ny00NzA4LWExMzctMDBiYjQ2NjZiZWVjIiwidCI6ImJkMDNhNzM1LTJhYTMtNGNjYS05NzIyLTJhZTQ5MjlhYjNlYyIsImMiOjEwfQ%3D%3D&pageName=adfba30c52355c5b1631
Aparri,Cagayan,18.35,121.6167,2020,6,Jun,JJA,Wet Season,2558.3,35.4,2020-06-01,https://app.powerbi.com/view?r=eyJrIjoiOTJkN2U4MjUtYWE1Ny00NzA4LWExMzctMDBiYjQ2NjZiZWVjIiwidCI6ImJkMDNhNzM1LTJhYTMtNGNjYS05NzIyLTJhZTQ5MjlhYjNlYyIsImMiOjEwfQ%3D%3D&pageName=adfba30c52355c5b1631
Aparri,Cagayan,18.35,121.6167,2020,7,Jul,JJA,Wet Season,2558.3,176.7,2020-07-01,https://app.powerbi.com/view?r=eyJrIjoiOTJkN2U4MjUtYWE1Ny00NzA4LWExMzctMDBiYjQ2NjZiZWVjIiwidCI6ImJkMDNhNzM1LTJhYTMtNGNjYS05NzIyLTJhZTQ5MjlhYjNlYyIsImMiOjEwfQ%3D%3D&pageName=adfba30c52355c5b1631
Aparri,Cagayan,18.35,121.6167,2020,8,Aug,JJA,Wet Season,2558.3,197.3,2020-08-01,https://app.powerbi.com/view?r=eyJrIjoiOTJkN2U4MjUtYWE1Ny00NzA4LWExMzctMDBiYjQ2NjZiZWVjIiwidCI6ImJkMDNhNzM1LTJhYTMtNGNjYS05NzIyLTJhZTQ5MjlhYjNlYyIsImMiOjEwfQ%3D%3D&pageName=adfba30c52355c5b1631
Aparri,Cagayan,18.35,121.6167,2020,9,Sep,SON,Wet Season,2558.3,93.1,2020-09-01,https://app.powerbi.com/view?r=eyJrIjoiOTJkN2U4MjUtYWE1Ny00NzA4LWExMzctMDBiYjQ2NjZiZWVjIiwidCI6ImJkMDNhNzM1LTJhYTMtNGNjYS05NzIyLTJhZTQ5MjlhYjNlYyIsImMiOjEwfQ%3D%3D&pageName=adfba30c52355c5b1631
Aparri,Cagayan,18.35,121.6167,2020,10,Oct,SON,Wet Season,2558.3,496,2020-10-01,https://app.powerbi.com/view?r=eyJrIjoiOTJkN2U4MjUtYWE1Ny00NzA4LWExMzctMDBiYjQ2NjZiZWVjIiwidCI6ImJkMDNhNzM1LTJhYTMtNGNjYS05NzIyLTJhZTQ5MjlhYjNlYyIsImMiOjEwfQ%3D%3D&pageName=adfba30c52355c5b1631
Aparri,Cagayan,18.35,121.6167,2020,11,Nov,SON,Dry Season,2558.3,640.4,2020-11-01,https://app.powerbi.com/view?r=eyJrIjoiOTJkN2U4MjUtYWE1Ny00NzA4LWExMzctMDBiYjQ2NjZiZWVjIiwidCI6ImJkMDNhNzM1LTJhYTMtNGNjYS05NzIyLTJhZTQ5MjlhYjNlYyIsImMiOjEwfQ%3D%3D&pageName=adfba30c52355c5b1631
Aparri,Cagayan,18.35,121.6167,2020,12,Dec,DJF,Dry Season,2558.3,572.3,2020-12-01,https://app.powerbi.com/view?r=eyJrIjoiOTJkN2U4MjUtYWE1Ny00NzA4LWExMzctMDBiYjQ2NjZiZWVjIiwidCI6ImJkMDNhNzM1LTJhYTMtNGNjYS05NzIyLTJhZTQ5MjlhYjNlYyIsImMiOjEwfQ%3D%3D&pageName=adfba30c52355c5b1631
Basco,Batanes,20.4167,121.9667,2000,1,Jan,DJF,Dry Season,3594.5,131.5,2000-01-01,https://app.powerbi.com/view?r=eyJrIjoiOTJkN2U4MjUtYWE1Ny00NzA4LWExMzctMDBiYjQ2NjZiZWVjIiwidCI6ImJkMDNhNzM1LTJhYTMtNGNjYS05NzIyLTJhZTQ5MjlhYjNlYyIsImMiOjEwfQ%3D%3D&pageName=adfba30c52355c5b1631
Basco,Batanes,20.4167,121.9667,2000,2,Feb,DJF,Dry Season,3594.5,145.2,2000-02-01,https://app.powerbi.com/view?r=eyJrIjoiOTJkN2U4MjUtYWE1Ny00NzA4LWExMzctMDBiYjQ2NjZiZWVjIiwidCI6ImJkMDNhNzM1LTJhYTMtNGNjYS05NzIyLTJhZTQ5MjlhYjNlYyIsImMiOjEwfQ%3D%3D&pageName=adfba30c52355c5b1631
Basco,Batanes,20.4167,121.9667,2000,3,Mar,MAM,Dry Season,3594.5,91,2000-03-01,https://app.powerbi.com/view?r=eyJrIjoiOTJkN2U4MjUtYWE1Ny00NzA4LWExMzctMDBiYjQ2NjZiZWVjIiwidCI6ImJkMDNhNzM1LTJhYTMtNGNjYS05NzIyLTJhZTQ5MjlhYjNlYyIsImMiOjEwfQ%3D%3D&pageName=adfba30c52355c5b1631
Basco,Batanes,20.4167,121.9667,2000,4,Apr,MAM,Dry Season,3594.5,37.8,2000-04-01,https://app.powerbi.com/view?r=eyJrIjoiOTJkN2U4MjUtYWE1Ny00NzA4LWExMzctMDBiYjQ2NjZiZWVjIiwidCI6ImJkMDNhNzM1LTJhYTMtNGNjYS05NzIyLTJhZTQ5MjlhYjNlYyIsImMiOjEwfQ%3D%3D&pageName=adfba30c52355c5b1631
Basco,Batanes,20.4167,121.9667,2000,5,May,MAM,Wet Season,3594.5,480.2,2000-05-01,https://app.powerbi.com/view?r=eyJrIjoiOTJkN2U4MjUtYWE1Ny00NzA4LWExMzctMDBiYjQ2NjZiZWVjIiwidCI6ImJkMDNhNzM1LTJhYTMtNGNjYS05NzIyLTJhZTQ5MjlhYjNlYyIsImMiOjEwfQ%3D%3D&pageName=adfba30c52355c5b1631
Basco,Batanes,20.4167,121.9667,2000,6,Jun,JJA,Wet Season,3594.5,263.9,2000-06-01,https://app.powerbi.com/view?r=eyJrIjoiOTJkN2U4MjUtYWE1Ny00NzA4LWExMzctMDBiYjQ2NjZiZWVjIiwidCI6ImJkMDNhNzM1LTJhYTMtNGNjYS05NzIyLTJhZTQ5MjlhYjNlYyIsImMiOjEwfQ%3D%3D&pageName=adfba30c52355c5b1631
Basco,Batanes,20.4167,121.9667,2000,7,Jul,JJA,Wet Season,3594.5,334.9,2000-07-01,https://app.powerbi.com/view?r=eyJrIjoiOTJkN2U4MjUtYWE1Ny00NzA4LWExMzctMDBiYjQ2NjZiZWVjIiwidCI6ImJkMDNhNzM1LTJhYTMtNGNjYS05NzIyLTJhZTQ5MjlhYjNlYyIsImMiOjEwfQ%3D%3D&pageName=adfba30c52355c5b1631
Basco,Batanes,20.4167,121.9667,2000,8,Aug,JJA,Wet Season,3594.5,346.4,2000-08-01,https://app.powerbi.com/view?r=eyJrIjoiOTJkN2U4MjUtYWE1Ny00NzA4LWExMzctMDBiYjQ2NjZiZWVjIiwidCI6ImJkMDNhNzM1LTJhYTMtNGNjYS05NzIyLTJhZTQ5MjlhYjNlYyIsImMiOjEwfQ%3D%3D&pageName=adfba30c52355c5b1631
Basco,Batanes,20.4167,121.9667,2000,9,Sep,SON,Wet Season,3594.5,317.1,2000-09-01,https://app.powerbi.com/view?r=eyJrIjoiOTJkN2U4MjUtYWE1Ny00NzA4LWExMzctMDBiYjQ2NjZiZWVjIiwidCI6ImJkMDNhNzM1LTJhYTMtNGNjYS05NzIyLTJhZTQ5MjlhYjNlYyIsImMiOjEwfQ%3D%3D&pageName=adfba30c52355c5b1631
Basco,Batanes,20.4167,121.9667,2000,10,Oct,SON,Wet Season,3594.5,561.4,2000-10-01,https://app.powerbi.com/view?r=eyJrIjoiOTJkN2U4MjUtYWE1Ny00NzA4LWExMzctMDBiYjQ2NjZiZWVjIiwidCI6ImJkMDNhNzM1LTJhYTMtNGNjYS05NzIyLTJhZTQ5MjlhYjNlYyIsImMiOjEwfQ%3D%3D&pageName=adfba30c52355c5b1631
Basco,Batanes,20.4167,121.9667,2000,11,Nov,SON,Dry Season,3594.5,458.1,2000-11-01,https://app.powerbi.com/view?r=eyJrIjoiOTJkN2U4MjUtYWE1Ny00NzA4LWExMzctMDBiYjQ2NjZiZWVjIiwidCI6ImJkMDNhNzM1LTJhYTMtNGNjYS05NzIyLTJhZTQ5MjlhYjNlYyIsImMiOjEwfQ%3D%3D&pageName=adfba30c52355c5b1631
Basco,Batanes,20.4167,121.9667,2000,12,Dec,DJF,Dry Season,3594.5,427,2000-12-01,https://app.powerbi.com/view?r=eyJrIjoiOTJkN2U4MjUtYWE1Ny00NzA4LWExMzctMDBiYjQ2NjZiZWVjIiwidCI6ImJkMDNhNzM1LTJhYTMtNGNjYS05NzIyLTJhZTQ5MjlhYjNlYyIsImMiOjEwfQ%3D%3D&pageName=adfba30c52355c5b1631
Basco,Batanes,20.4167,121.9667,2001,1,Jan,DJF,Dry Season,3387.9,55.3,2001-01-01,https://app.powerbi.com/view?r=eyJrIjoiOTJkN2U4MjUtYWE1Ny00NzA4LWExMzctMDBiYjQ2NjZiZWVjIiwidCI6ImJkMDNhNzM1LTJhYTMtNGNjYS05NzIyLTJhZTQ5MjlhYjNlYyIsImMiOjEwfQ%3D%3D&pageName=adfba30c52355c5b1631
Basco,Batanes,20.4167,121.9667,2001,2,Feb,DJF,Dry Season,3387.9,487.5,2001-02-01,https://app.powerbi.com/view?r=eyJrIjoiOTJkN2U4MjUtYWE1Ny00NzA4LWExMzctMDBiYjQ2NjZiZWVjIiwidCI6ImJkMDNhNzM1LTJhYTMtNGNjYS05NzIyLTJhZTQ5MjlhYjNlYyIsImMiOjEwfQ%3D%3D&pageName=adfba30c52355c5b1631
Basco,Batanes,20.4167,121.9667,2001,3,Mar,MAM,Dry Season,3387.9,190.1,2001-03-01,https://app.powerbi.com/view?r=eyJrIjoiOTJkN2U4MjUtYWE1Ny00NzA4LWExMzctMDBiYjQ2NjZiZWVjIiwidCI6ImJkMDNhNzM1LTJhYTMtNGNjYS05NzIyLTJhZTQ5MjlhYjNlYyIsImMiOjEwfQ%3D%3D&pageName=adfba30c52355c5b1631
Basco,Batanes,20.4167,121.9667,2001,4,Apr,MAM,Dry Season,3387.9,24.2,2001-04-01,https://app.powerbi.com/view?r=eyJrIjoiOTJkN2U4MjUtYWE1Ny00NzA4LWExMzctMDBiYjQ2NjZiZWVjIiwidCI6ImJkMDNhNzM1LTJhYTMtNGNjYS05NzIyLTJhZTQ5MjlhYjNlYyIsImMiOjEwfQ%3D%3D&pageName=adfba30c52355c5b1631
Basco,Batanes,20.4167,121.9667,2001,5,May,MAM,Wet Season,3387.9,617.3,2001-05-01,https://app.powerbi.com/view?r=eyJrIjoiOTJkN2U4MjUtYWE1Ny00NzA4LWExMzctMDBiYjQ2NjZiZWVjIiwidCI6ImJkMDNhNzM1LTJhYTMtNGNjYS05NzIyLTJhZTQ5MjlhYjNlYyIsImMiOjEwfQ%3D%3D&pageName=adfba30c52355c5b1631
Basco,Batanes,20.4167,121.9667,2001,6,Jun,JJA,Wet Season,3387.9,255.9,2001-06-01,https://app.powerbi.com/view?r=eyJrIjoiOTJkN2U4MjUtYWE1Ny00NzA4LWExMzctMDBiYjQ2NjZiZWVjIiwidCI6ImJkMDNhNzM1LTJhYTMtNGNjYS05NzIyLTJhZTQ5MjlhYjNlYyIsImMiOjEwfQ%3D%3D&pageName=adfba30c52355c5b1631
Basco,Batanes,20.4167,121.9667,2001,7,Jul,JJA,Wet Season,3387.9,388.2,2001-07-01,https://app.powerbi.com/view?r=eyJrIjoiOTJkN2U4MjUtYWE1Ny00NzA4LWExMzctMDBiYjQ2NjZiZWVjIiwidCI6ImJkMDNhNzM1LTJhYTMtNGNjYS05NzIyLTJhZTQ5MjlhYjNlYyIsImMiOjEwfQ%3D%3D&pageName=adfba30c52355c5b1631
Basco,Batanes,20.4167,121.9667,2001,8,Aug,JJA,Wet Season,3387.9,196.5,2001-08-01,https://app.powerbi.com/view?r=eyJrIjoiOTJkN2U4MjUtYWE1Ny00NzA4LWExMzctMDBiYjQ2NjZiZWVjIiwidCI6ImJkMDNhNzM1LTJhYTMtNGNjYS05NzIyLTJhZTQ5MjlhYjNlYyIsImMiOjEwfQ%3D%3D&pageName=adfba30c52355c5b1631
Basco,Batanes,20.4167,121.9667,2001,9,Sep,SON,Wet Season,3387.9,669.6,2001-09-01,https://app.powerbi.com/view?r=eyJrIjoiOTJkN2U4MjUtYWE1Ny00NzA4LWExMzctMDBiYjQ2NjZiZWVjIiwidCI6ImJkMDNhNzM1LTJhYTMtNGNjYS05NzIyLTJhZTQ5MjlhYjNlYyIsImMiOjEwfQ%3D%3D&pageName=adfba30c52355c5b1631
Basco,Batanes,20.4167,121.9667,2001,10,Oct,SON,Wet Season,3387.9,290.9,2001-10-01,https://app.powerbi.com/view?r=eyJrIjoiOTJkN2U4MjUtYWE1Ny00NzA4LWExMzctMDBiYjQ2NjZiZWVjIiwidCI6ImJkMDNhNzM1LTJhYTMtNGNjYS05NzIyLTJhZTQ5MjlhYjNlYyIsImMiOjEwfQ%3D%3D&pageName=adfba30c52355c5b1631
Basco,Batanes,20.4167,121.9667,2001,11,Nov,SON,Dry Season,3387.9,160.5,2001-11-01,https://app.powerbi.com/view?r=eyJrIjoiOTJkN2U4MjUtYWE1Ny00NzA4LWExMzctMDBiYjQ2NjZiZWVjIiwidCI6ImJkMDNhNzM1LTJhYTMtNGNjYS05NzIyLTJhZTQ5MjlhYjNlYyIsImMiOjEwfQ%3D%3D&pageName=adfba30c52355c5b1631
Basco,Batanes,20.4167,121.9667,2001,12,Dec,DJF,Dry Season,3387.9,51.9,2001-12-01,https://app.powerbi.com/view?r=eyJrIjoiOTJkN2U4MjUtYWE1Ny00NzA4LWExMzctMDBiYjQ2NjZiZWVjIiwidCI6ImJkMDNhNzM1LTJhYTMtNGNjYS05NzIyLTJhZTQ5MjlhYjNlYyIsImMiOjEwfQ%3D%3D&pageName=adfba30c52355c5b1631
Basco,Batanes,20.4167,121.9667,2002,1,Jan,DJF,Dry Season,2419.8,34.4,2002-01-01,https://app.powerbi.com/view?r=eyJrIjoiOTJkN2U4MjUtYWE1Ny00NzA4LWExMzctMDBiYjQ2NjZiZWVjIiwidCI6ImJkMDNhNzM1LTJhYTMtNGNjYS05NzIyLTJhZTQ5MjlhYjNlYyIsImMiOjEwfQ%3D%3D&pageName=adfba30c52355c5b1631
Basco,Batanes,20.4167,121.9667,2002,2,Feb,DJF,Dry Season,2419.8,40.2,2002-02-01,https://app.powerbi.com/view?r=eyJrIjoiOTJkN2U4MjUtYWE1Ny00NzA4LWExMzctMDBiYjQ2NjZiZWVjIiwidCI6ImJkMDNhNzM1LTJhYTMtNGNjYS05NzIyLTJhZTQ5MjlhYjNlYyIsImMiOjEwfQ%3D%3D&pageName=adfba30c52355c5b1631
Basco,Batanes,20.4167,121.9667,2002,3,Mar,MAM,Dry Season,2419.8,29.6,2002-03-01,https://app.powerbi.com/view?r=eyJrIjoiOTJkN2U4MjUtYWE1Ny00NzA4LWExMzctMDBiYjQ2NjZiZWVjIiwidCI6ImJkMDNhNzM1LTJhYTMtNGNjYS05NzIyLTJhZTQ5MjlhYjNlYyIsImMiOjEwfQ%3D%3D&pageName=adfba30c52355c5b1631
Basco,Batanes,20.4167,121.9667,2002,4,Apr,MAM,Dry Season,2419.8,36.9,2002-04-01,https://app.powerbi.com/view?r=eyJrIjoiOTJkN2U4MjUtYWE1Ny00NzA4LWExMzctMDBiYjQ2NjZiZWVjIiwidCI6ImJkMDNhNzM1LTJhYTMtNGNjYS05NzIyLTJhZTQ5MjlhYjNlYyIsImMiOjEwfQ%3D%3D&pageName=adfba30c52355c5b1631
Basco,Batanes,20.4167,121.9667,2002,5,May,MAM,Wet Season,2419.8,189.3,2002-05-01,https://app.powerbi.com/view?r=eyJrIjoiOTJkN2U4MjUtYWE1Ny00NzA4LWExMzctMDBiYjQ2NjZiZWVjIiwidCI6ImJkMDNhNzM1LTJhYTMtNGNjYS05NzIyLTJhZTQ5MjlhYjNlYyIsImMiOjEwfQ%3D%3D&pageName=adfba30c52355c5b1631
Basco,Batanes,20.4167,121.9667,2002,6,Jun,JJA,Wet Season,2419.8,504.2,2002-06-01,https://app.powerbi.com/view?r=eyJrIjoiOTJkN2U4MjUtYWE1Ny00NzA4LWExMzctMDBiYjQ2NjZiZWVjIiwidCI6ImJkMDNhNzM1LTJhYTMtNGNjYS05NzIyLTJhZTQ5MjlhYjNlYyIsImMiOjEwfQ%3D%3D&pageName=adfba30c52355c5b1631
Basco,Batanes,20.4167,121.9667,2002,7,Jul,JJA,Wet Season,2419.8,187.7,2002-07-01,https://app.powerbi.com/view?r=eyJrIjoiOTJkN2U4MjUtYWE1Ny00NzA4LWExMzctMDBiYjQ2NjZiZWVjIiwidCI6ImJkMDNhNzM1LTJhYTMtNGNjYS05NzIyLTJhZTQ5MjlhYjNlYyIsImMiOjEwfQ%3D%3D&pageName=adfba30c52355c5b1631
Basco,Batanes,20.4167,121.9667,2002,8,Aug,JJA,Wet Season,2419.8,87.1,2002-08-01,https://app.powerbi.com/view?r=eyJrIjoiOTJkN2U4MjUtYWE1Ny00NzA4LWExMzctMDBiYjQ2NjZiZWVjIiwidCI6ImJkMDNhNzM1LTJhYTMtNGNjYS05NzIyLTJhZTQ5MjlhYjNlYyIsImMiOjEwfQ%3D%3D&pageName=adfba30c52355c5b1631
Basco,Batanes,20.4167,121.9667,2002,9,Sep,SON,Wet Season,2419.8,328.5,2002-09-01,https://app.powerbi.com/view?r=eyJrIjoiOTJkN2U4MjUtYWE1Ny00NzA4LWExMzctMDBiYjQ2NjZiZWVjIiwidCI6ImJkMDNhNzM1LTJhYTMtNGNjYS05NzIyLTJhZTQ5MjlhYjNlYyIsImMiOjEwfQ%3D%3D&pageName=adfba30c52355c5b1631
Basco,Batanes,20.4167,121.9667,2002,10,Oct,SON,Wet Season,2419.8,351.7,2002-10-01,https://app.powerbi.com/view?r=eyJrIjoiOTJkN2U4MjUtYWE1Ny00NzA4LWExMzctMDBiYjQ2NjZiZWVjIiwidCI6ImJkMDNhNzM1LTJhYTMtNGNjYS05NzIyLTJhZTQ5MjlhYjNlYyIsImMiOjEwfQ%3D%3D&pageName=adfba30c52355c5b1631
Basco,Batanes,20.4167,121.9667,2002,11,Nov,SON,Dry Season,2419.8,342.5,2002-11-01,https://app.powerbi.com/view?r=eyJrIjoiOTJkN2U4MjUtYWE1Ny00NzA4LWExMzctMDBiYjQ2NjZiZWVjIiwidCI6ImJkMDNhNzM1LTJhYTMtNGNjYS05NzIyLTJhZTQ5MjlhYjNlYyIsImMiOjEwfQ%3D%3D&pageName=adfba30c52355c5b1631
Basco,Batanes,20.4167,121.9667,2002,12,Dec,DJF,Dry Season,2419.8,287.7,2002-12-01,https://app.powerbi.com/view?r=eyJrIjoiOTJkN2U4MjUtYWE1Ny00NzA4LWExMzctMDBiYjQ2NjZiZWVjIiwidCI6ImJkMDNhNzM1LTJhYTMtNGNjYS05NzIyLTJhZTQ5MjlhYjNlYyIsImMiOjEwfQ%3D%3D&pageName=adfba30c52355c5b1631
Basco,Batanes,20.4167,121.9667,2003,1,Jan,DJF,Dry Season,2238.6,52.2,2003-01-01,https://app.powerbi.com/view?r=eyJrIjoiOTJkN2U4MjUtYWE1Ny00NzA4LWExMzctMDBiYjQ2NjZiZWVjIiwidCI6ImJkMDNhNzM1LTJhYTMtNGNjYS05NzIyLTJhZTQ5MjlhYjNlYyIsImMiOjEwfQ%3D%3D&pageName=adfba30c52355c5b1631
Basco,Batanes,20.4167,121.9667,2003,2,Feb,DJF,Dry Season,2238.6,76.3,2003-02-01,https://app.powerbi.com/view?r=eyJrIjoiOTJkN2U4MjUtYWE1Ny00NzA4LWExMzctMDBiYjQ2NjZiZWVjIiwidCI6ImJkMDNhNzM1LTJhYTMtNGNjYS05NzIyLTJhZTQ5MjlhYjNlYyIsImMiOjEwfQ%3D%3D&pageName=adfba30c52355c5b1631
Basco,Batanes,20.4167,121.9667,2003,3,Mar,MAM,Dry Season,2238.6,25.9,2003-03-01,https://app.powerbi.com/view?r=eyJrIjoiOTJkN2U4MjUtYWE1Ny00NzA4LWExMzctMDBiYjQ2NjZiZWVjIiwidCI6ImJkMDNhNzM1LTJhYTMtNGNjYS05NzIyLTJhZTQ5MjlhYjNlYyIsImMiOjEwfQ%3D%3D&pageName=adfba30c52355c5b1631
Basco,Batanes,20.4167,121.9667,2003,4,Apr,MAM,Dry Season,2238.6,11.8,2003-04-01,https://app.powerbi.com/view?r=eyJrIjoiOTJkN2U4MjUtYWE1Ny00NzA4LWExMzctMDBiYjQ2NjZiZWVjIiwidCI6ImJkMDNhNzM1LTJhYTMtNGNjYS05NzIyLTJhZTQ5MjlhYjNlYyIsImMiOjEwfQ%3D%3D&pageName=adfba30c52355c5b1631
Basco,Batanes,20.4167,121.9667,2003,5,May,MAM,Wet Season,2238.6,123.2,2003-05-01,https://app.powerbi.com/view?r=eyJrIjoiOTJkN2U4MjUtYWE1Ny00NzA4LWExMzctMDBiYjQ2NjZiZWVjIiwidCI6ImJkMDNhNzM1LTJhYTMtNGNjYS05NzIyLTJhZTQ5MjlhYjNlYyIsImMiOjEwfQ%3D%3D&pageName=adfba30c52355c5b1631
Basco,Batanes,20.4167,121.9667,2003,6,Jun,JJA,Wet Season,2238.6,256.7,2003-06-01,https://app.powerbi.com/view?r=eyJrIjoiOTJkN2U4MjUtYWE1Ny00NzA4LWExMzctMDBiYjQ2NjZiZWVjIiwidCI6ImJkMDNhNzM1LTJhYTMtNGNjYS05NzIyLTJhZTQ5MjlhYjNlYyIsImMiOjEwfQ%3D%3D&pageName=adfba30c52355c5b1631
Basco,Batanes,20.4167,121.9667,2003,7,Jul,JJA,Wet Season,2238.6,90.2,2003-07-01,https://app.powerbi.com/view?r=eyJrIjoiOTJkN2U4MjUtYWE1Ny00NzA4LWExMzctMDBiYjQ2NjZiZWVjIiwidCI6ImJkMDNhNzM1LTJhYTMtNGNjYS05NzIyLTJhZTQ5MjlhYjNlYyIsImMiOjEwfQ%3D%3D&pageName=adfba30c52355c5b1631
Basco,Batanes,20.4167,121.9667,2003,8,Aug,JJA,Wet Season,2238.6,340.7,2003-08-01,https://app.powerbi.com/view?r=eyJrIjoiOTJkN2U4MjUtYWE1Ny00NzA4LWExMzctMDBiYjQ2NjZiZWVjIiwidCI6ImJkMDNhNzM1LTJhYTMtNGNjYS05NzIyLTJhZTQ5MjlhYjNlYyIsImMiOjEwfQ%3D%3D&pageName=adfba30c52355c5b1631
Basco,Batanes,20.4167,121.9667,2003,9,Sep,SON,Wet Season,2238.6,440.6,2003-09-01,https://app.powerbi.com/view?r=eyJrIjoiOTJkN2U4MjUtYWE1Ny00NzA4LWExMzctMDBiYjQ2NjZiZWVjIiwidCI6ImJkMDNhNzM1LTJhYTMtNGNjYS05NzIyLTJhZTQ5MjlhYjNlYyIsImMiOjEwfQ%3D%3D&pageName=adfba30c52355c5b1631
Basco,Batanes,20.4167,121.9667,2003,10,Oct,SON,Wet Season,2238.6,416.9,2003-10-01,https://app.powerbi.com/view?r=eyJrIjoiOTJkN2U4MjUtYWE1Ny00NzA4LWExMzctMDBiYjQ2NjZiZWVjIiwidCI6ImJkMDNhNzM1LTJhYTMtNGNjYS05NzIyLTJhZTQ5MjlhYjNlYyIsImMiOjEwfQ%3D%3D&pageName=adfba30c52355c5b1631
Basco,Batanes,20.4167,121.9667,2003,11,Nov,SON,Dry Season,2238.6,285.1,2003-11-01,https://app.powerbi.com/view?r=eyJrIjoiOTJkN2U4MjUtYWE1Ny00NzA4LWExMzctMDBiYjQ2NjZiZWVjIiwidCI6ImJkMDNhNzM1LTJhYTMtNGNjYS05NzIyLTJhZTQ5MjlhYjNlYyIsImMiOjEwfQ%3D%3D&pageName=adfba30c52355c5b1631
Basco,Batanes,20.4167,121.9667,2003,12,Dec,DJF,Dry Season,2238.6,119,2003-12-01,https://app.powerbi.com/view?r=eyJrIjoiOTJkN2U4MjUtYWE1Ny00NzA4LWExMzctMDBiYjQ2NjZiZWVjIiwidCI6ImJkMDNhNzM1LTJhYTMtNGNjYS05NzIyLTJhZTQ5MjlhYjNlYyIsImMiOjEwfQ%3D%3D&pageName=adfba30c52355c5b1631
Basco,Batanes,20.4167,121.9667,2004,1,Jan,DJF,Dry Season,1692.3,104.3,2004-01-01,https://app.powerbi.com/view?r=eyJrIjoiOTJkN2U4MjUtYWE1Ny00NzA4LWExMzctMDBiYjQ2NjZiZWVjIiwidCI6ImJkMDNhNzM1LTJhYTMtNGNjYS05NzIyLTJhZTQ5MjlhYjNlYyIsImMiOjEwfQ%3D%3D&pageName=adfba30c52355c5b1631
Basco,Batanes,20.4167,121.9667,2004,2,Feb,DJF,Dry Season,1692.3,96.8,2004-02-01,https://app.powerbi.com/view?r=eyJrIjoiOTJkN2U4MjUtYWE1Ny00NzA4LWExMzctMDBiYjQ2NjZiZWVjIiwidCI6ImJkMDNhNzM1LTJhYTMtNGNjYS05NzIyLTJhZTQ5MjlhYjNlYyIsImMiOjEwfQ%3D%3D&pageName=adfba30c52355c5b1631
Basco,Batanes,20.4167,121.9667,2004,3,Mar,MAM,Dry Season,1692.3,93.9,2004-03-01,https://app.powerbi.com/view?r=eyJrIjoiOTJkN2U4MjUtYWE1Ny00NzA4LWExMzctMDBiYjQ2NjZiZWVjIiwidCI6ImJkMDNhNzM1LTJhYTMtNGNjYS05NzIyLTJhZTQ5MjlhYjNlYyIsImMiOjEwfQ%3D%3D&pageName=adfba30c52355c5b1631
Basco,Batanes,20.4167,121.9667,2004,4,Apr,MAM,Dry Season,1692.3,90.6,2004-04-01,https://app.powerbi.com/view?r=eyJrIjoiOTJkN2U4MjUtYWE1Ny00NzA4LWExMzctMDBiYjQ2NjZiZWVjIiwidCI6ImJkMDNhNzM1LTJhYTMtNGNjYS05NzIyLTJhZTQ5MjlhYjNlYyIsImMiOjEwfQ%3D%3D&pageName=adfba30c52355c5b1631
Basco,Batanes,20.4167,121.9667,2004,5,May,MAM,Wet Season,1692.3,356.8,2004-05-01,https://app.powerbi.com/view?r=eyJrIjoiOTJkN2U4MjUtYWE1Ny00NzA4LWExMzctMDBiYjQ2NjZiZWVjIiwidCI6ImJkMDNhNzM1LTJhYTMtNGNjYS05NzIyLTJhZTQ5MjlhYjNlYyIsImMiOjEwfQ%3D%3D&pageName=adfba30c52355c5b1631
Basco,Batanes,20.4167,121.9667,2004,6,Jun,JJA,Wet Season,1692.3,285.5,2004-06-01,https://app.powerbi.com/view?r=eyJrIjoiOTJkN2U4MjUtYWE1Ny00NzA4LWExMzctMDBiYjQ2NjZiZWVjIiwidCI6ImJkMDNhNzM1LTJhYTMtNGNjYS05NzIyLTJhZTQ5MjlhYjNlYyIsImMiOjEwfQ%3D%3D&pageName=adfba30c52355c5b1631
Basco,Batanes,20.4167,121.9667,2004,7,Jul,JJA,Wet Season,1692.3,153,2004-07-01,https://app.powerbi.com/view?r=eyJrIjoiOTJkN2U4MjUtYWE1Ny00NzA4LWExMzctMDBiYjQ2NjZiZWVjIiwidCI6ImJkMDNhNzM1LTJhYTMtNGNjYS05NzIyLTJhZTQ5MjlhYjNlYyIsImMiOjEwfQ%3D%3D&pageName=adfba30c52355c5b1631
Basco,Batanes,20.4167,121.9667,2004,8,Aug,JJA,Wet Season,1692.3,100.8,2004-08-01,https://app.powerbi.com/view?r=eyJrIjoiOTJkN2U4MjUtYWE1Ny00NzA4LWExMzctMDBiYjQ2NjZiZWVjIiwidCI6ImJkMDNhNzM1LTJhYTMtNGNjYS05NzIyLTJhZTQ5MjlhYjNlYyIsImMiOjEwfQ%3D%3D&pageName=adfba30c52355c5b1631
Basco,Batanes,20.4167,121.9667,2004,9,Sep,SON,Wet Season,1692.3,199,2004-09-01,https://app.powerbi.com/view?r=eyJrIjoiOTJkN2U4MjUtYWE1Ny00NzA4LWExMzctMDBiYjQ2NjZiZWVjIiwidCI6ImJkMDNhNzM1LTJhYTMtNGNjYS05NzIyLTJhZTQ5MjlhYjNlYyIsImMiOjEwfQ%3D%3D&pageName=adfba30c52355c5b1631
Basco,Batanes,20.4167,121.9667,2004,10,Oct,SON,Wet Season,1692.3,61.5,2004-10-01,https://app.powerbi.com/view?r=eyJrIjoiOTJkN2U4MjUtYWE1Ny00NzA4LWExMzctMDBiYjQ2NjZiZWVjIiwidCI6ImJkMDNhNzM1LTJhYTMtNGNjYS05NzIyLTJhZTQ5MjlhYjNlYyIsImMiOjEwfQ%3D%3D&pageName=adfba30c52355c5b1631
Basco,Batanes,20.4167,121.9667,2004,11,Nov,SON,Dry Season,1692.3,55.4,2004-11-01,https://app.powerbi.com/view?r=eyJrIjoiOTJkN2U4MjUtYWE1Ny00NzA4LWExMzctMDBiYjQ2NjZiZWVjIiwidCI6ImJkMDNhNzM1LTJhYTMtNGNjYS05NzIyLTJhZTQ5MjlhYjNlYyIsImMiOjEwfQ%3D%3D&pageName=adfba30c52355c5b1631
Basco,Batanes,20.4167,121.9667,2004,12,Dec,DJF,Dry Season,1692.3,94.7,2004-12-01,https://app.powerbi.com/view?r=eyJrIjoiOTJkN2U4MjUtYWE1Ny00NzA4LWExMzctMDBiYjQ2NjZiZWVjIiwidCI6ImJkMDNhNzM1LTJhYTMtNGNjYS05NzIyLTJhZTQ5MjlhYjNlYyIsImMiOjEwfQ%3D%3D&pageName=adfba30c52355c5b1631
Basco,Batanes,20.4167,121.9667,2005,1,Jan,DJF,Dry Season,1916.7,226.9,2005-01-01,https://app.powerbi.com/view?r=eyJrIjoiOTJkN2U4MjUtYWE1Ny00NzA4LWExMzctMDBiYjQ2NjZiZWVjIiwidCI6ImJkMDNhNzM1LTJhYTMtNGNjYS05NzIyLTJhZTQ5MjlhYjNlYyIsImMiOjEwfQ%3D%3D&pageName=adfba30c52355c5b1631
Basco,Batanes,20.4167,121.9667,2005,2,Feb,DJF,Dry Season,1916.7,24.2,2005-02-01,https://app.powerbi.com/view?r=eyJrIjoiOTJkN2U4MjUtYWE1Ny00NzA4LWExMzctMDBiYjQ2NjZiZWVjIiwidCI6ImJkMDNhNzM1LTJhYTMtNGNjYS05NzIyLTJhZTQ5MjlhYjNlYyIsImMiOjEwfQ%3D%3D&pageName=adfba30c52355c5b1631
Basco,Batanes,20.4167,121.9667,2005,3,Mar,MAM,Dry Season,1916.7,40.4,2005-03-01,https://app.powerbi.com/view?r=eyJrIjoiOTJkN2U4MjUtYWE1Ny00NzA4LWExMzctMDBiYjQ2NjZiZWVjIiwidCI6ImJkMDNhNzM1LTJhYTMtNGNjYS05NzIyLTJhZTQ5MjlhYjNlYyIsImMiOjEwfQ%3D%3D&pageName=adfba30c52355c5b1631
Basco,Batanes,20.4167,121.9667,2005,4,Apr,MAM,Dry Season,1916.7,1.9,2005-04-01,https://app.powerbi.com/view?r=eyJrIjoiOTJkN2U4MjUtYWE1Ny00NzA4LWExMzctMDBiYjQ2NjZiZWVjIiwidCI6ImJkMDNhNzM1LTJhYTMtNGNjYS05NzIyLTJhZTQ5MjlhYjNlYyIsImMiOjEwfQ%3D%3D&pageName=adfba30c52355c5b1631
Basco,Batanes,20.4167,121.9667,2005,5,May,MAM,Wet Season,1916.7,277.6,2005-05-01,https://app.powerbi.com/view?r=eyJrIjoiOTJkN2U4MjUtYWE1Ny00NzA4LWExMzctMDBiYjQ2NjZiZWVjIiwidCI6ImJkMDNhNzM1LTJhYTMtNGNjYS05NzIyLTJhZTQ5MjlhYjNlYyIsImMiOjEwfQ%3D%3D&pageName=adfba30c52355c5b1631
Basco,Batanes,20.4167,121.9667,2005,6,Jun,JJA,Wet Season,1916.7,202.6,2005-06-01,https://app.powerbi.com/view?r=eyJrIjoiOTJkN2U4MjUtYWE1Ny00NzA4LWExMzctMDBiYjQ2NjZiZWVjIiwidCI6ImJkMDNhNzM1LTJhYTMtNGNjYS05NzIyLTJhZTQ5MjlhYjNlYyIsImMiOjEwfQ%3D%3D&pageName=adfba30c52355c5b1631
Basco,Batanes,20.4167,121.9667,2005,7,Jul,JJA,Wet Season,1916.7,159.1,2005-07-01,https://app.powerbi.com/view?r=eyJrIjoiOTJkN2U4MjUtYWE1Ny00NzA4LWExMzctMDBiYjQ2NjZiZWVjIiwidCI6ImJkMDNhNzM1LTJhYTMtNGNjYS05NzIyLTJhZTQ5MjlhYjNlYyIsImMiOjEwfQ%3D%3D&pageName=adfba30c52355c5b1631
Basco,Batanes,20.4167,121.9667,2005,8,Aug,JJA,Wet Season,1916.7,154.3,2005-08-01,https://app.powerbi.com/view?r=eyJrIjoiOTJkN2U4MjUtYWE1Ny00NzA4LWExMzctMDBiYjQ2NjZiZWVjIiwidCI6ImJkMDNhNzM1LTJhYTMtNGNjYS05NzIyLTJhZTQ5MjlhYjNlYyIsImMiOjEwfQ%3D%3D&pageName=adfba30c52355c5b1631
Basco,Batanes,20.4167,121.9667,2005,9,Sep,SON,Wet Season,1916.7,191.8,2005-09-01,https://app.powerbi.com/view?r=eyJrIjoiOTJkN2U4MjUtYWE1Ny00NzA4LWExMzctMDBiYjQ2NjZiZWVjIiwidCI6ImJkMDNhNzM1LTJhYTMtNGNjYS05NzIyLTJhZTQ5MjlhYjNlYyIsImMiOjEwfQ%3D%3D&pageName=adfba30c52355c5b1631
Basco,Batanes,20.4167,121.9667,2005,10,Oct,SON,Wet Season,1916.7,238,2005-10-01,https://app.powerbi.com/view?r=eyJrIjoiOTJkN2U4MjUtYWE1Ny00NzA4LWExMzctMDBiYjQ2NjZiZWVjIiwidCI6ImJkMDNhNzM1LTJhYTMtNGNjYS05NzIyLTJhZTQ5MjlhYjNlYyIsImMiOjEwfQ%3D%3D&pageName=adfba30c52355c5b1631
Basco,Batanes,20.4167,121.9667,2005,11,Nov,SON,Dry Season,1916.7,313.6,2005-11-01,https://app.powerbi.com/view?r=eyJrIjoiOTJkN2U4MjUtYWE1Ny00NzA4LWExMzctMDBiYjQ2NjZiZWVjIiwidCI6ImJkMDNhNzM1LTJhYTMtNGNjYS05NzIyLTJhZTQ5MjlhYjNlYyIsImMiOjEwfQ%3D%3D&pageName=adfba30c52355c5b1631
Basco,Batanes,20.4167,121.9667,2005,12,Dec,DJF,Dry Season,1916.7,86.3,2005-12-01,https://app.powerbi.com/view?r=eyJrIjoiOTJkN2U4MjUtYWE1Ny00NzA4LWExMzctMDBiYjQ2NjZiZWVjIiwidCI6ImJkMDNhNzM1LTJhYTMtNGNjYS05NzIyLTJhZTQ5MjlhYjNlYyIsImMiOjEwfQ%3D%3D&pageName=adfba30c52355c5b1631
Basco,Batanes,20.4167,121.9667,2006,1,Jan,DJF,Dry Season,2031.4,190.5,2006-01-01,https://app.powerbi.com/view?r=eyJrIjoiOTJkN2U4MjUtYWE1Ny00NzA4LWExMzctMDBiYjQ2NjZiZWVjIiwidCI6ImJkMDNhNzM1LTJhYTMtNGNjYS05NzIyLTJhZTQ5MjlhYjNlYyIsImMiOjEwfQ%3D%3D&pageName=adfba30c52355c5b1631
Basco,Batanes,20.4167,121.9667,2006,2,Feb,DJF,Dry Season,2031.4,139.4,2006-02-01,https://app.powerbi.com/view?r=eyJrIjoiOTJkN2U4MjUtYWE1Ny00NzA4LWExMzctMDBiYjQ2NjZiZWVjIiwidCI6ImJkMDNhNzM1LTJhYTMtNGNjYS05NzIyLTJhZTQ5MjlhYjNlYyIsImMiOjEwfQ%3D%3D&pageName=adfba30c52355c5b1631
Basco,Batanes,20.4167,121.9667,2006,3,Mar,MAM,Dry Season,2031.4,43.4,2006-03-01,https://app.powerbi.com/view?r=eyJrIjoiOTJkN2U4MjUtYWE1Ny00NzA4LWExMzctMDBiYjQ2NjZiZWVjIiwidCI6ImJkMDNhNzM1LTJhYTMtNGNjYS05NzIyLTJhZTQ5MjlhYjNlYyIsImMiOjEwfQ%3D%3D&pageName=adfba30c52355c5b1631
Basco,Batanes,20.4167,121.9667,2006,4,Apr,MAM,Dry Season,2031.4,32.2,2006-04-01,https://app.powerbi.com/view?r=eyJrIjoiOTJkN2U4MjUtYWE1Ny00NzA4LWExMzctMDBiYjQ2NjZiZWVjIiwidCI6ImJkMDNhNzM1LTJhYTMtNGNjYS05NzIyLTJhZTQ5MjlhYjNlYyIsImMiOjEwfQ%3D%3D&pageName=adfba30c52355c5b1631
Basco,Batanes,20.4167,121.9667,2006,5,May,MAM,Wet Season,2031.4,188.2,2006-05-01,https://app.powerbi.com/view?r=eyJrIjoiOTJkN2U4MjUtYWE1Ny00NzA4LWExMzctMDBiYjQ2NjZiZWVjIiwidCI6ImJkMDNhNzM1LTJhYTMtNGNjYS05NzIyLTJhZTQ5MjlhYjNlYyIsImMiOjEwfQ%3D%3D&pageName=adfba30c52355c5b1631
Basco,Batanes,20.4167,121.9667,2006,6,Jun,JJA,Wet Season,2031.4,139.2,2006-06-01,https://app.powerbi.com/view?r=eyJrIjoiOTJkN2U4MjUtYWE1Ny00NzA4LWExMzctMDBiYjQ2NjZiZWVjIiwidCI6ImJkMDNhNzM1LTJhYTMtNGNjYS05NzIyLTJhZTQ5MjlhYjNlYyIsImMiOjEwfQ%3D%3D&pageName=adfba30c52355c5b1631
Basco,Batanes,20.4167,121.9667,2006,7,Jul,JJA,Wet Season,2031.4,559.5,2006-07-01,https://app.powerbi.com/view?r=eyJrIjoiOTJkN2U4MjUtYWE1Ny00NzA4LWExMzctMDBiYjQ2NjZiZWVjIiwidCI6ImJkMDNhNzM1LTJhYTMtNGNjYS05NzIyLTJhZTQ5MjlhYjNlYyIsImMiOjEwfQ%3D%3D&pageName=adfba30c52355c5b1631
Basco,Batanes,20.4167,121.9667,2006,8,Aug,JJA,Wet Season,2031.4,193.4,2006-08-01,https://app.powerbi.com/view?r=eyJrIjoiOTJkN2U4MjUtYWE1Ny00NzA4LWExMzctMDBiYjQ2NjZiZWVjIiwidCI6ImJkMDNhNzM1LTJhYTMtNGNjYS05NzIyLTJhZTQ5MjlhYjNlYyIsImMiOjEwfQ%3D%3D&pageName=adfba30c52355c5b1631
Basco,Batanes,20.4167,121.9667,2006,9,Sep,SON,Wet Season,2031.4,228.2,2006-09-01,https://app.powerbi.com/view?r=eyJrIjoiOTJkN2U4MjUtYWE1Ny00NzA4LWExMzctMDBiYjQ2NjZiZWVjIiwidCI6ImJkMDNhNzM1LTJhYTMtNGNjYS05NzIyLTJhZTQ5MjlhYjNlYyIsImMiOjEwfQ%3D%3D&pageName=adfba30c52355c5b1631
Basco,Batanes,20.4167,121.9667,2006,10,Oct,SON,Wet Season,2031.4,91.6,2006-10-01,https://app.powerbi.com/view?r=eyJrIjoiOTJkN2U4MjUtYWE1Ny00NzA4LWExMzctMDBiYjQ2NjZiZWVjIiwidCI6ImJkMDNhNzM1LTJhYTMtNGNjYS05NzIyLTJhZTQ5MjlhYjNlYyIsImMiOjEwfQ%3D%3D&pageName=adfba30c52355c5b1631
Basco,Batanes,20.4167,121.9667,2006,11,Nov,SON,Dry Season,2031.4,125.2,2006-11-01,https://app.powerbi.com/view?r=eyJrIjoiOTJkN2U4MjUtYWE1Ny00NzA4LWExMzctMDBiYjQ2NjZiZWVjIiwidCI6ImJkMDNhNzM1LTJhYTMtNGNjYS05NzIyLTJhZTQ5MjlhYjNlYyIsImMiOjEwfQ%3D%3D&pageName=adfba30c52355c5b1631
Basco,Batanes,20.4167,121.9667,2006,12,Dec,DJF,Dry Season,2031.4,100.6,2006-12-01,https://app.powerbi.com/view?r=eyJrIjoiOTJkN2U4MjUtYWE1Ny00NzA4LWExMzctMDBiYjQ2NjZiZWVjIiwidCI6ImJkMDNhNzM1LTJhYTMtNGNjYS05NzIyLTJhZTQ5MjlhYjNlYyIsImMiOjEwfQ%3D%3D&pageName=adfba30c52355c5b1631
Basco,Batanes,20.4167,121.9667,2007,1,Jan,DJF,Dry Season,2175,247.7,2007-01-01,https://app.powerbi.com/view?r=eyJrIjoiOTJkN2U4MjUtYWE1Ny00NzA4LWExMzctMDBiYjQ2NjZiZWVjIiwidCI6ImJkMDNhNzM1LTJhYTMtNGNjYS05NzIyLTJhZTQ5MjlhYjNlYyIsImMiOjEwfQ%3D%3D&pageName=adfba30c52355c5b1631
Basco,Batanes,20.4167,121.9667,2007,2,Feb,DJF,Dry Season,2175,13.8,2007-02-01,https://app.powerbi.com/view?r=eyJrIjoiOTJkN2U4MjUtYWE1Ny00NzA4LWExMzctMDBiYjQ2NjZiZWVjIiwidCI6ImJkMDNhNzM1LTJhYTMtNGNjYS05NzIyLTJhZTQ5MjlhYjNlYyIsImMiOjEwfQ%3D%3D&pageName=adfba30c52355c5b1631
Basco,Batanes,20.4167,121.9667,2007,3,Mar,MAM,Dry Season,2175,9.4,2007-03-01,https://app.powerbi.com/view?r=eyJrIjoiOTJkN2U4MjUtYWE1Ny00NzA4LWExMzctMDBiYjQ2NjZiZWVjIiwidCI6ImJkMDNhNzM1LTJhYTMtNGNjYS05NzIyLTJhZTQ5MjlhYjNlYyIsImMiOjEwfQ%3D%3D&pageName=adfba30c52355c5b1631
Basco,Batanes,20.4167,121.9667,2007,4,Apr,MAM,Dry Season,2175,14.7,2007-04-01,https://app.powerbi.com/view?r=eyJrIjoiOTJkN2U4MjUtYWE1Ny00NzA4LWExMzctMDBiYjQ2NjZiZWVjIiwidCI6ImJkMDNhNzM1LTJhYTMtNGNjYS05NzIyLTJhZTQ5MjlhYjNlYyIsImMiOjEwfQ%3D%3D&pageName=adfba30c52355c5b1631
Basco,Batanes,20.4167,121.9667,2007,5,May,MAM,Wet Season,2175,122.1,2007-05-01,https://app.powerbi.com/view?r=eyJrIjoiOTJkN2U4MjUtYWE1Ny00NzA4LWExMzctMDBiYjQ2NjZiZWVjIiwidCI6ImJkMDNhNzM1LTJhYTMtNGNjYS05NzIyLTJhZTQ5MjlhYjNlYyIsImMiOjEwfQ%3D%3D&pageName=adfba30c52355c5b1631
Basco,Batanes,20.4167,121.9667,2007,6,Jun,JJA,Wet Season,2175,87.6,2007-06-01,https://app.powerbi.com/view?r=eyJrIjoiOTJkN2U4MjUtYWE1Ny00NzA4LWExMzctMDBiYjQ2NjZiZWVjIiwidCI6ImJkMDNhNzM1LTJhYTMtNGNjYS05NzIyLTJhZTQ5MjlhYjNlYyIsImMiOjEwfQ%3D%3D&pageName=adfba30c52355c5b1631
Basco,Batanes,20.4167,121.9667,2007,7,Jul,JJA,Wet Season,2175,30.2,2007-07-01,https://app.powerbi.com/view?r=eyJrIjoiOTJkN2U4MjUtYWE1Ny00NzA4LWExMzctMDBiYjQ2NjZiZWVjIiwidCI6ImJkMDNhNzM1LTJhYTMtNGNjYS05NzIyLTJhZTQ5MjlhYjNlYyIsImMiOjEwfQ%3D%3D&pageName=adfba30c52355c5b1631
Basco,Batanes,20.4167,121.9667,2007,8,Aug,JJA,Wet Season,2175,345.6,2007-08-01,https://app.powerbi.com/view?r=eyJrIjoiOTJkN2U4MjUtYWE1Ny00NzA4LWExMzctMDBiYjQ2NjZiZWVjIiwidCI6ImJkMDNhNzM1LTJhYTMtNGNjYS05NzIyLTJhZTQ5MjlhYjNlYyIsImMiOjEwfQ%3D%3D&pageName=adfba30c52355c5b1631
Basco,Batanes,20.4167,121.9667,2007,9,Sep,SON,Wet Season,2175,476.5,2007-09-01,https://app.powerbi.com/view?r=eyJrIjoiOTJkN2U4MjUtYWE1Ny00NzA4LWExMzctMDBiYjQ2NjZiZWVjIiwidCI6ImJkMDNhNzM1LTJhYTMtNGNjYS05NzIyLTJhZTQ5MjlhYjNlYyIsImMiOjEwfQ%3D%3D&pageName=adfba30c52355c5b1631
Basco,Batanes,20.4167,121.9667,2007,10,Oct,SON,Wet Season,2175,284.3,2007-10-01,https://app.powerbi.com/view?r=eyJrIjoiOTJkN2U4MjUtYWE1Ny00NzA4LWExMzctMDBiYjQ2NjZiZWVjIiwidCI6ImJkMDNhNzM1LTJhYTMtNGNjYS05NzIyLTJhZTQ5MjlhYjNlYyIsImMiOjEwfQ%3D%3D&pageName=adfba30c52355c5b1631
Basco,Batanes,20.4167,121.9667,2007,11,Nov,SON,Dry Season,2175,492.7,2007-11-01,https://app.powerbi.com/view?r=eyJrIjoiOTJkN2U4MjUtYWE1Ny00NzA4LWExMzctMDBiYjQ2NjZiZWVjIiwidCI6ImJkMDNhNzM1LTJhYTMtNGNjYS05NzIyLTJhZTQ5MjlhYjNlYyIsImMiOjEwfQ%3D%3D&pageName=adfba30c52355c5b1631
Basco,Batanes,20.4167,121.9667,2007,12,Dec,DJF,Dry Season,2175,50.4,2007-12-01,https://app.powerbi.com/view?r=eyJrIjoiOTJkN2U4MjUtYWE1Ny00NzA4LWExMzctMDBiYjQ2NjZiZWVjIiwidCI6ImJkMDNhNzM1LTJhYTMtNGNjYS05NzIyLTJhZTQ5MjlhYjNlYyIsImMiOjEwfQ%3D%3D&pageName=adfba30c52355c5b1631
Basco,Batanes,20.4167,121.9667,2008,1,Jan,DJF,Dry Season,2551.7,290.9,2008-01-01,https://app.powerbi.com/view?r=eyJrIjoiOTJkN2U4MjUtYWE1Ny00NzA4LWExMzctMDBiYjQ2NjZiZWVjIiwidCI6ImJkMDNhNzM1LTJhYTMtNGNjYS05NzIyLTJhZTQ5MjlhYjNlYyIsImMiOjEwfQ%3D%3D&pageName=adfba30c52355c5b1631
Basco,Batanes,20.4167,121.9667,2008,2,Feb,DJF,Dry Season,2551.7,240.4,2008-02-01,https://app.powerbi.com/view?r=eyJrIjoiOTJkN2U4MjUtYWE1Ny00NzA4LWExMzctMDBiYjQ2NjZiZWVjIiwidCI6ImJkMDNhNzM1LTJhYTMtNGNjYS05NzIyLTJhZTQ5MjlhYjNlYyIsImMiOjEwfQ%3D%3D&pageName=adfba30c52355c5b1631
Basco,Batanes,20.4167,121.9667,2008,3,Mar,MAM,Dry Season,2551.7,45.8,2008-03-01,https://app.powerbi.com/view?r=eyJrIjoiOTJkN2U4MjUtYWE1Ny00NzA4LWExMzctMDBiYjQ2NjZiZWVjIiwidCI6ImJkMDNhNzM1LTJhYTMtNGNjYS05NzIyLTJhZTQ5MjlhYjNlYyIsImMiOjEwfQ%3D%3D&pageName=adfba30c52355c5b1631
Basco,Batanes,20.4167,121.9667,2008,4,Apr,MAM,Dry Season,2551.7,10.6,2008-04-01,https://app.powerbi.com/view?r=eyJrIjoiOTJkN2U4MjUtYWE1Ny00NzA4LWExMzctMDBiYjQ2NjZiZWVjIiwidCI6ImJkMDNhNzM1LTJhYTMtNGNjYS05NzIyLTJhZTQ5MjlhYjNlYyIsImMiOjEwfQ%3D%3D&pageName=adfba30c52355c5b1631
Basco,Batanes,20.4167,121.9667,2008,5,May,MAM,Wet Season,2551.7,149,2008-05-01,https://app.powerbi.com/view?r=eyJrIjoiOTJkN2U4MjUtYWE1Ny00NzA4LWExMzctMDBiYjQ2NjZiZWVjIiwidCI6ImJkMDNhNzM1LTJhYTMtNGNjYS05NzIyLTJhZTQ5MjlhYjNlYyIsImMiOjEwfQ%3D%3D&pageName=adfba30c52355c5b1631
Basco,Batanes,20.4167,121.9667,2008,6,Jun,JJA,Wet Season,2551.7,66,2008-06-01,https://app.powerbi.com/view?r=eyJrIjoiOTJkN2U4MjUtYWE1Ny00NzA4LWExMzctMDBiYjQ2NjZiZWVjIiwidCI6ImJkMDNhNzM1LTJhYTMtNGNjYS05NzIyLTJhZTQ5MjlhYjNlYyIsImMiOjEwfQ%3D%3D&pageName=adfba30c52355c5b1631
Basco,Batanes,20.4167,121.9667,2008,7,Jul,JJA,Wet Season,2551.7,404.5,2008-07-01,https://app.powerbi.com/view?r=eyJrIjoiOTJkN2U4MjUtYWE1Ny00NzA4LWExMzctMDBiYjQ2NjZiZWVjIiwidCI6ImJkMDNhNzM1LTJhYTMtNGNjYS05NzIyLTJhZTQ5MjlhYjNlYyIsImMiOjEwfQ%3D%3D&pageName=adfba30c52355c5b1631
Basco,Batanes,20.4167,121.9667,2008,8,Aug,JJA,Wet Season,2551.7,356,2008-08-01,https://app.powerbi.com/view?r=eyJrIjoiOTJkN2U4MjUtYWE1Ny00NzA4LWExMzctMDBiYjQ2NjZiZWVjIiwidCI6ImJkMDNhNzM1LTJhYTMtNGNjYS05NzIyLTJhZTQ5MjlhYjNlYyIsImMiOjEwfQ%3D%3D&pageName=adfba30c52355c5b1631
Basco,Batanes,20.4167,121.9667,2008,9,Sep,SON,Wet Season,2551.7,322.6,2008-09-01,https://app.powerbi.com/view?r=eyJrIjoiOTJkN2U4MjUtYWE1Ny00NzA4LWExMzctMDBiYjQ2NjZiZWVjIiwidCI6ImJkMDNhNzM1LTJhYTMtNGNjYS05NzIyLTJhZTQ5MjlhYjNlYyIsImMiOjEwfQ%3D%3D&pageName=adfba30c52355c5b1631
Basco,Batanes,20.4167,121.9667,2008,10,Oct,SON,Wet Season,2551.7,323.8,2008-10-01,https://app.powerbi.com/view?r=eyJrIjoiOTJkN2U4MjUtYWE1Ny00NzA4LWExMzctMDBiYjQ2NjZiZWVjIiwidCI6ImJkMDNhNzM1LTJhYTMtNGNjYS05NzIyLTJhZTQ5MjlhYjNlYyIsImMiOjEwfQ%3D%3D&pageName=adfba30c52355c5b1631
Basco,Batanes,20.4167,121.9667,2008,11,Nov,SON,Dry Season,2551.7,235.4,2008-11-01,https://app.powerbi.com/view?r=eyJrIjoiOTJkN2U4MjUtYWE1Ny00NzA4LWExMzctMDBiYjQ2NjZiZWVjIiwidCI6ImJkMDNhNzM1LTJhYTMtNGNjYS05NzIyLTJhZTQ5MjlhYjNlYyIsImMiOjEwfQ%3D%3D&pageName=adfba30c52355c5b1631
Basco,Batanes,20.4167,121.9667,2008,12,Dec,DJF,Dry Season,2551.7,106.7,2008-12-01,https://app.powerbi.com/view?r=eyJrIjoiOTJkN2U4MjUtYWE1Ny00NzA4LWExMzctMDBiYjQ2NjZiZWVjIiwidCI6ImJkMDNhNzM1LTJhYTMtNGNjYS05NzIyLTJhZTQ5MjlhYjNlYyIsImMiOjEwfQ%3D%3D&pageName=adfba30c52355c5b1631
Basco,Batanes,20.4167,121.9667,2009,1,Jan,DJF,Dry Season,1863.4,38.4,2009-01-01,https://app.powerbi.com/view?r=eyJrIjoiOTJkN2U4MjUtYWE1Ny00NzA4LWExMzctMDBiYjQ2NjZiZWVjIiwidCI6ImJkMDNhNzM1LTJhYTMtNGNjYS05NzIyLTJhZTQ5MjlhYjNlYyIsImMiOjEwfQ%3D%3D&pageName=adfba30c52355c5b1631
Basco,Batanes,20.4167,121.9667,2009,2,Feb,DJF,Dry Season,1863.4,13.8,2009-02-01,https://app.powerbi.com/view?r=eyJrIjoiOTJkN2U4MjUtYWE1Ny00NzA4LWExMzctMDBiYjQ2NjZiZWVjIiwidCI6ImJkMDNhNzM1LTJhYTMtNGNjYS05NzIyLTJhZTQ5MjlhYjNlYyIsImMiOjEwfQ%3D%3D&pageName=adfba30c52355c5b1631
Basco,Batanes,20.4167,121.9667,2009,3,Mar,MAM,Dry Season,1863.4,60.5,2009-03-01,https://app.powerbi.com/view?r=eyJrIjoiOTJkN2U4MjUtYWE1Ny00NzA4LWExMzctMDBiYjQ2NjZiZWVjIiwidCI6ImJkMDNhNzM1LTJhYTMtNGNjYS05NzIyLTJhZTQ5MjlhYjNlYyIsImMiOjEwfQ%3D%3D&pageName=adfba30c52355c5b1631
Basco,Batanes,20.4167,121.9667,2009,4,Apr,MAM,Dry Season,1863.4,190.3,2009-04-01,https://app.powerbi.com/view?r=eyJrIjoiOTJkN2U4MjUtYWE1Ny00NzA4LWExMzctMDBiYjQ2NjZiZWVjIiwidCI6ImJkMDNhNzM1LTJhYTMtNGNjYS05NzIyLTJhZTQ5MjlhYjNlYyIsImMiOjEwfQ%3D%3D&pageName=adfba30c52355c5b1631
Basco,Batanes,20.4167,121.9667,2009,5,May,MAM,Wet Season,1863.4,24.2,2009-05-01,https://app.powerbi.com/view?r=eyJrIjoiOTJkN2U4MjUtYWE1Ny00NzA4LWExMzctMDBiYjQ2NjZiZWVjIiwidCI6ImJkMDNhNzM1LTJhYTMtNGNjYS05NzIyLTJhZTQ5MjlhYjNlYyIsImMiOjEwfQ%3D%3D&pageName=adfba30c52355c5b1631
Basco,Batanes,20.4167,121.9667,2009,6,Jun,JJA,Wet Season,1863.4,156.8,2009-06-01,https://app.powerbi.com/view?r=eyJrIjoiOTJkN2U4MjUtYWE1Ny00NzA4LWExMzctMDBiYjQ2NjZiZWVjIiwidCI6ImJkMDNhNzM1LTJhYTMtNGNjYS05NzIyLTJhZTQ5MjlhYjNlYyIsImMiOjEwfQ%3D%3D&pageName=adfba30c52355c5b1631
Basco,Batanes,20.4167,121.9667,2009,7,Jul,JJA,Wet Season,1863.4,158.7,2009-07-01,https://app.powerbi.com/view?r=eyJrIjoiOTJkN2U4MjUtYWE1Ny00NzA4LWExMzctMDBiYjQ2NjZiZWVjIiwidCI6ImJkMDNhNzM1LTJhYTMtNGNjYS05NzIyLTJhZTQ5MjlhYjNlYyIsImMiOjEwfQ%3D%3D&pageName=adfba30c52355c5b1631
Basco,Batanes,20.4167,121.9667,2009,8,Aug,JJA,Wet Season,1863.4,311.1,2009-08-01,https://app.powerbi.com/view?r=eyJrIjoiOTJkN2U4MjUtYWE1Ny00NzA4LWExMzctMDBiYjQ2NjZiZWVjIiwidCI6ImJkMDNhNzM1LTJhYTMtNGNjYS05NzIyLTJhZTQ5MjlhYjNlYyIsImMiOjEwfQ%3D%3D&pageName=adfba30c52355c5b1631
Basco,Batanes,20.4167,121.9667,2009,9,Sep,SON,Wet Season,1863.4,232.8,2009-09-01,https://app.powerbi.com/view?r=eyJrIjoiOTJkN2U4MjUtYWE1Ny00NzA4LWExMzctMDBiYjQ2NjZiZWVjIiwidCI6ImJkMDNhNzM1LTJhYTMtNGNjYS05NzIyLTJhZTQ5MjlhYjNlYyIsImMiOjEwfQ%3D%3D&pageName=adfba30c52355c5b1631
Basco,Batanes,20.4167,121.9667,2009,10,Oct,SON,Wet Season,1863.4,582.3,2009-10-01,https://app.powerbi.com/view?r=eyJrIjoiOTJkN2U4MjUtYWE1Ny00NzA4LWExMzctMDBiYjQ2NjZiZWVjIiwidCI6ImJkMDNhNzM1LTJhYTMtNGNjYS05NzIyLTJhZTQ5MjlhYjNlYyIsImMiOjEwfQ%3D%3D&pageName=adfba30c52355c5b1631
Basco,Batanes,20.4167,121.9667,2009,11,Nov,SON,Dry Season,1863.4,72,2009-11-01,https://app.powerbi.com/view?r=eyJrIjoiOTJkN2U4MjUtYWE1Ny00NzA4LWExMzctMDBiYjQ2NjZiZWVjIiwidCI6ImJkMDNhNzM1LTJhYTMtNGNjYS05NzIyLTJhZTQ5MjlhYjNlYyIsImMiOjEwfQ%3D%3D&pageName=adfba30c52355c5b1631
Basco,Batanes,20.4167,121.9667,2009,12,Dec,DJF,Dry Season,1863.4,22.5,2009-12-01,https://app.powerbi.com/view?r=eyJrIjoiOTJkN2U4MjUtYWE1Ny00NzA4LWExMzctMDBiYjQ2NjZiZWVjIiwidCI6ImJkMDNhNzM1LTJhYTMtNGNjYS05NzIyLTJhZTQ5MjlhYjNlYyIsImMiOjEwfQ%3D%3D&pageName=adfba30c52355c5b1631
Basco,Batanes,20.4167,121.9667,2010,1,Jan,DJF,Dry Season,2778.8,69,2010-01-01,https://app.powerbi.com/view?r=eyJrIjoiOTJkN2U4MjUtYWE1Ny00NzA4LWExMzctMDBiYjQ2NjZiZWVjIiwidCI6ImJkMDNhNzM1LTJhYTMtNGNjYS05NzIyLTJhZTQ5MjlhYjNlYyIsImMiOjEwfQ%3D%3D&pageName=adfba30c52355c5b1631
Basco,Batanes,20.4167,121.9667,2010,2,Feb,DJF,Dry Season,2778.8,88.5,2010-02-01,https://app.powerbi.com/view?r=eyJrIjoiOTJkN2U4MjUtYWE1Ny00NzA4LWExMzctMDBiYjQ2NjZiZWVjIiwidCI6ImJkMDNhNzM1LTJhYTMtNGNjYS05NzIyLTJhZTQ5MjlhYjNlYyIsImMiOjEwfQ%3D%3D&pageName=adfba30c52355c5b1631
Basco,Batanes,20.4167,121.9667,2010,3,Mar,MAM,Dry Season,2778.8,43.9,2010-03-01,https://app.powerbi.com/view?r=eyJrIjoiOTJkN2U4MjUtYWE1Ny00NzA4LWExMzctMDBiYjQ2NjZiZWVjIiwidCI6ImJkMDNhNzM1LTJhYTMtNGNjYS05NzIyLTJhZTQ5MjlhYjNlYyIsImMiOjEwfQ%3D%3D&pageName=adfba30c52355c5b1631
Basco,Batanes,20.4167,121.9667,2010,4,Apr,MAM,Dry Season,2778.8,62.5,2010-04-01,https://app.powerbi.com/view?r=eyJrIjoiOTJkN2U4MjUtYWE1Ny00NzA4LWExMzctMDBiYjQ2NjZiZWVjIiwidCI6ImJkMDNhNzM1LTJhYTMtNGNjYS05NzIyLTJhZTQ5MjlhYjNlYyIsImMiOjEwfQ%3D%3D&pageName=adfba30c52355c5b1631
Basco,Batanes,20.4167,121.9667,2010,5,May,MAM,Wet Season,2778.8,198.2,2010-05-01,https://app.powerbi.com/view?r=eyJrIjoiOTJkN2U4MjUtYWE1Ny00NzA4LWExMzctMDBiYjQ2NjZiZWVjIiwidCI6ImJkMDNhNzM1LTJhYTMtNGNjYS05NzIyLTJhZTQ5MjlhYjNlYyIsImMiOjEwfQ%3D%3D&pageName=adfba30c52355c5b1631
Basco,Batanes,20.4167,121.9667,2010,6,Jun,JJA,Wet Season,2778.8,290,2010-06-01,https://app.powerbi.com/view?r=eyJrIjoiOTJkN2U4MjUtYWE1Ny00NzA4LWExMzctMDBiYjQ2NjZiZWVjIiwidCI6ImJkMDNhNzM1LTJhYTMtNGNjYS05NzIyLTJhZTQ5MjlhYjNlYyIsImMiOjEwfQ%3D%3D&pageName=adfba30c52355c5b1631
Basco,Batanes,20.4167,121.9667,2010,7,Jul,JJA,Wet Season,2778.8,103.3,2010-07-01,https://app.powerbi.com/view?r=eyJrIjoiOTJkN2U4MjUtYWE1Ny00NzA4LWExMzctMDBiYjQ2NjZiZWVjIiwidCI6ImJkMDNhNzM1LTJhYTMtNGNjYS05NzIyLTJhZTQ5MjlhYjNlYyIsImMiOjEwfQ%3D%3D&pageName=adfba30c52355c5b1631
Basco,Batanes,20.4167,121.9667,2010,8,Aug,JJA,Wet Season,2778.8,644.6,2010-08-01,https://app.powerbi.com/view?r=eyJrIjoiOTJkN2U4MjUtYWE1Ny00NzA4LWExMzctMDBiYjQ2NjZiZWVjIiwidCI6ImJkMDNhNzM1LTJhYTMtNGNjYS05NzIyLTJhZTQ5MjlhYjNlYyIsImMiOjEwfQ%3D%3D&pageName=adfba30c52355c5b1631
Basco,Batanes,20.4167,121.9667,2010,9,Sep,SON,Wet Season,2778.8,417.2,2010-09-01,https://app.powerbi.com/view?r=eyJrIjoiOTJkN2U4MjUtYWE1Ny00NzA4LWExMzctMDBiYjQ2NjZiZWVjIiwidCI6ImJkMDNhNzM1LTJhYTMtNGNjYS05NzIyLTJhZTQ5MjlhYjNlYyIsImMiOjEwfQ%3D%3D&pageName=adfba30c52355c5b1631
Basco,Batanes,20.4167,121.9667,2010,10,Oct,SON,Wet Season,2778.8,171.9,2010-10-01,https://app.powerbi.com/view?r=eyJrIjoiOTJkN2U4MjUtYWE1Ny00NzA4LWExMzctMDBiYjQ2NjZiZWVjIiwidCI6ImJkMDNhNzM1LTJhYTMtNGNjYS05NzIyLTJhZTQ5MjlhYjNlYyIsImMiOjEwfQ%3D%3D&pageName=adfba30c52355c5b1631
Basco,Batanes,20.4167,121.9667,2010,11,Nov,SON,Dry Season,2778.8,637.7,2010-11-01,https://app.powerbi.com/view?r=eyJrIjoiOTJkN2U4MjUtYWE1Ny00NzA4LWExMzctMDBiYjQ2NjZiZWVjIiwidCI6ImJkMDNhNzM1LTJhYTMtNGNjYS05NzIyLTJhZTQ5MjlhYjNlYyIsImMiOjEwfQ%3D%3D&pageName=adfba30c52355c5b1631
Basco,Batanes,20.4167,121.9667,2010,12,Dec,DJF,Dry Season,2778.8,52,2010-12-01,https://app.powerbi.com/view?r=eyJrIjoiOTJkN2U4MjUtYWE1Ny00NzA4LWExMzctMDBiYjQ2NjZiZWVjIiwidCI6ImJkMDNhNzM1LTJhYTMtNGNjYS05NzIyLTJhZTQ5MjlhYjNlYyIsImMiOjEwfQ%3D%3D&pageName=adfba30c52355c5b1631
Basco,Batanes,20.4167,121.9667,2011,1,Jan,DJF,Dry Season,3106.8,414.9,2011-01-01,https://app.powerbi.com/view?r=eyJrIjoiOTJkN2U4MjUtYWE1Ny00NzA4LWExMzctMDBiYjQ2NjZiZWVjIiwidCI6ImJkMDNhNzM1LTJhYTMtNGNjYS05NzIyLTJhZTQ5MjlhYjNlYyIsImMiOjEwfQ%3D%3D&pageName=adfba30c52355c5b1631
Basco,Batanes,20.4167,121.9667,2011,2,Feb,DJF,Dry Season,3106.8,33,2011-02-01,https://app.powerbi.com/view?r=eyJrIjoiOTJkN2U4MjUtYWE1Ny00NzA4LWExMzctMDBiYjQ2NjZiZWVjIiwidCI6ImJkMDNhNzM1LTJhYTMtNGNjYS05NzIyLTJhZTQ5MjlhYjNlYyIsImMiOjEwfQ%3D%3D&pageName=adfba30c52355c5b1631
Basco,Batanes,20.4167,121.9667,2011,3,Mar,MAM,Dry Season,3106.8,127.4,2011-03-01,https://app.powerbi.com/view?r=eyJrIjoiOTJkN2U4MjUtYWE1Ny00NzA4LWExMzctMDBiYjQ2NjZiZWVjIiwidCI6ImJkMDNhNzM1LTJhYTMtNGNjYS05NzIyLTJhZTQ5MjlhYjNlYyIsImMiOjEwfQ%3D%3D&pageName=adfba30c52355c5b1631
Basco,Batanes,20.4167,121.9667,2011,4,Apr,MAM,Dry Season,3106.8,19.8,2011-04-01,https://app.powerbi.com/view?r=eyJrIjoiOTJkN2U4MjUtYWE1Ny00NzA4LWExMzctMDBiYjQ2NjZiZWVjIiwidCI6ImJkMDNhNzM1LTJhYTMtNGNjYS05NzIyLTJhZTQ5MjlhYjNlYyIsImMiOjEwfQ%3D%3D&pageName=adfba30c52355c5b1631
Basco,Batanes,20.4167,121.9667,2011,5,May,MAM,Wet Season,3106.8,203.4,2011-05-01,https://app.powerbi.com/view?r=eyJrIjoiOTJkN2U4MjUtYWE1Ny00NzA4LWExMzctMDBiYjQ2NjZiZWVjIiwidCI6ImJkMDNhNzM1LTJhYTMtNGNjYS05NzIyLTJhZTQ5MjlhYjNlYyIsImMiOjEwfQ%3D%3D&pageName=adfba30c52355c5b1631
Basco,Batanes,20.4167,121.9667,2011,6,Jun,JJA,Wet Season,3106.8,68,2011-06-01,https://app.powerbi.com/view?r=eyJrIjoiOTJkN2U4MjUtYWE1Ny00NzA4LWExMzctMDBiYjQ2NjZiZWVjIiwidCI6ImJkMDNhNzM1LTJhYTMtNGNjYS05NzIyLTJhZTQ5MjlhYjNlYyIsImMiOjEwfQ%3D%3D&pageName=adfba30c52355c5b1631
Basco,Batanes,20.4167,121.9667,2011,7,Jul,JJA,Wet Season,3106.8,266.5,2011-07-01,https://app.powerbi.com/view?r=eyJrIjoiOTJkN2U4MjUtYWE1Ny00NzA4LWExMzctMDBiYjQ2NjZiZWVjIiwidCI6ImJkMDNhNzM1LTJhYTMtNGNjYS05NzIyLTJhZTQ5MjlhYjNlYyIsImMiOjEwfQ%3D%3D&pageName=adfba30c52355c5b1631
Basco,Batanes,20.4167,121.9667,2011,8,Aug,JJA,Wet Season,3106.8,241.5,2011-08-01,https://app.powerbi.com/view?r=eyJrIjoiOTJkN2U4MjUtYWE1Ny00NzA4LWExMzctMDBiYjQ2NjZiZWVjIiwidCI6ImJkMDNhNzM1LTJhYTMtNGNjYS05NzIyLTJhZTQ5MjlhYjNlYyIsImMiOjEwfQ%3D%3D&pageName=adfba30c52355c5b1631
Basco,Batanes,20.4167,121.9667,2011,9,Sep,SON,Wet Season,3106.8,382.8,2011-09-01,https://app.powerbi.com/view?r=eyJrIjoiOTJkN2U4MjUtYWE1Ny00NzA4LWExMzctMDBiYjQ2NjZiZWVjIiwidCI6ImJkMDNhNzM1LTJhYTMtNGNjYS05NzIyLTJhZTQ5MjlhYjNlYyIsImMiOjEwfQ%3D%3D&pageName=adfba30c52355c5b1631
Basco,Batanes,20.4167,121.9667,2011,10,Oct,SON,Wet Season,3106.8,594.7,2011-10-01,https://app.powerbi.com/view?r=eyJrIjoiOTJkN2U4MjUtYWE1Ny00NzA4LWExMzctMDBiYjQ2NjZiZWVjIiwidCI6ImJkMDNhNzM1LTJhYTMtNGNjYS05NzIyLTJhZTQ5MjlhYjNlYyIsImMiOjEwfQ%3D%3D&pageName=adfba30c52355c5b1631
Basco,Batanes,20.4167,121.9667,2011,11,Nov,SON,Dry Season,3106.8,410.5,2011-11-01,https://app.powerbi.com/view?r=eyJrIjoiOTJkN2U4MjUtYWE1Ny00NzA4LWExMzctMDBiYjQ2NjZiZWVjIiwidCI6ImJkMDNhNzM1LTJhYTMtNGNjYS05NzIyLTJhZTQ5MjlhYjNlYyIsImMiOjEwfQ%3D%3D&pageName=adfba30c52355c5b1631
Basco,Batanes,20.4167,121.9667,2011,12,Dec,DJF,Dry Season,3106.8,344.3,2011-12-01,https://app.powerbi.com/view?r=eyJrIjoiOTJkN2U4MjUtYWE1Ny00NzA4LWExMzctMDBiYjQ2NjZiZWVjIiwidCI6ImJkMDNhNzM1LTJhYTMtNGNjYS05NzIyLTJhZTQ5MjlhYjNlYyIsImMiOjEwfQ%3D%3D&pageName=adfba30c52355c5b1631
Basco,Batanes,20.4167,121.9667,2012,1,Jan,DJF,Dry Season,2420.2,101.2,2012-01-01,https://app.powerbi.com/view?r=eyJrIjoiOTJkN2U4MjUtYWE1Ny00NzA4LWExMzctMDBiYjQ2NjZiZWVjIiwidCI6ImJkMDNhNzM1LTJhYTMtNGNjYS05NzIyLTJhZTQ5MjlhYjNlYyIsImMiOjEwfQ%3D%3D&pageName=adfba30c52355c5b1631
Basco,Batanes,20.4167,121.9667,2012,2,Feb,DJF,Dry Season,2420.2,88.6,2012-02-01,https://app.powerbi.com/view?r=eyJrIjoiOTJkN2U4MjUtYWE1Ny00NzA4LWExMzctMDBiYjQ2NjZiZWVjIiwidCI6ImJkMDNhNzM1LTJhYTMtNGNjYS05NzIyLTJhZTQ5MjlhYjNlYyIsImMiOjEwfQ%3D%3D&pageName=adfba30c52355c5b1631
Basco,Batanes,20.4167,121.9667,2012,3,Mar,MAM,Dry Season,2420.2,112,2012-03-01,https://app.powerbi.com/view?r=eyJrIjoiOTJkN2U4MjUtYWE1Ny00NzA4LWExMzctMDBiYjQ2NjZiZWVjIiwidCI6ImJkMDNhNzM1LTJhYTMtNGNjYS05NzIyLTJhZTQ5MjlhYjNlYyIsImMiOjEwfQ%3D%3D&pageName=adfba30c52355c5b1631
Basco,Batanes,20.4167,121.9667,2012,4,Apr,MAM,Dry Season,2420.2,108,2012-04-01,https://app.powerbi.com/view?r=eyJrIjoiOTJkN2U4MjUtYWE1Ny00NzA4LWExMzctMDBiYjQ2NjZiZWVjIiwidCI6ImJkMDNhNzM1LTJhYTMtNGNjYS05NzIyLTJhZTQ5MjlhYjNlYyIsImMiOjEwfQ%3D%3D&pageName=adfba30c52355c5b1631
Basco,Batanes,20.4167,121.9667,2012,5,May,MAM,Wet Season,2420.2,274.3,2012-05-01,https://app.powerbi.com/view?r=eyJrIjoiOTJkN2U4MjUtYWE1Ny00NzA4LWExMzctMDBiYjQ2NjZiZWVjIiwidCI6ImJkMDNhNzM1LTJhYTMtNGNjYS05NzIyLTJhZTQ5MjlhYjNlYyIsImMiOjEwfQ%3D%3D&pageName=adfba30c52355c5b1631
Basco,Batanes,20.4167,121.9667,2012,6,Jun,JJA,Wet Season,2420.2,207.8,2012-06-01,https://app.powerbi.com/view?r=eyJrIjoiOTJkN2U4MjUtYWE1Ny00NzA4LWExMzctMDBiYjQ2NjZiZWVjIiwidCI6ImJkMDNhNzM1LTJhYTMtNGNjYS05NzIyLTJhZTQ5MjlhYjNlYyIsImMiOjEwfQ%3D%3D&pageName=adfba30c52355c5b1631
Basco,Batanes,20.4167,121.9667,2012,7,Jul,JJA,Wet Season,2420.2,592.6,2012-07-01,https://app.powerbi.com/view?r=eyJrIjoiOTJkN2U4MjUtYWE1Ny00NzA4LWExMzctMDBiYjQ2NjZiZWVjIiwidCI6ImJkMDNhNzM1LTJhYTMtNGNjYS05NzIyLTJhZTQ5MjlhYjNlYyIsImMiOjEwfQ%3D%3D&pageName=adfba30c52355c5b1631
Basco,Batanes,20.4167,121.9667,2012,8,Aug,JJA,Wet Season,2420.2,239.3,2012-08-01,https://app.powerbi.com/view?r=eyJrIjoiOTJkN2U4MjUtYWE1Ny00NzA4LWExMzctMDBiYjQ2NjZiZWVjIiwidCI6ImJkMDNhNzM1LTJhYTMtNGNjYS05NzIyLTJhZTQ5MjlhYjNlYyIsImMiOjEwfQ%3D%3D&pageName=adfba30c52355c5b1631
Basco,Batanes,20.4167,121.9667,2012,9,Sep,SON,Wet Season,2420.2,285.3,2012-09-01,https://app.powerbi.com/view?r=eyJrIjoiOTJkN2U4MjUtYWE1Ny00NzA4LWExMzctMDBiYjQ2NjZiZWVjIiwidCI6ImJkMDNhNzM1LTJhYTMtNGNjYS05NzIyLTJhZTQ5MjlhYjNlYyIsImMiOjEwfQ%3D%3D&pageName=adfba30c52355c5b1631
Basco,Batanes,20.4167,121.9667,2012,10,Oct,SON,Wet Season,2420.2,15.4,2012-10-01,https://app.powerbi.com/view?r=eyJrIjoiOTJkN2U4MjUtYWE1Ny00NzA4LWExMzctMDBiYjQ2NjZiZWVjIiwidCI6ImJkMDNhNzM1LTJhYTMtNGNjYS05NzIyLTJhZTQ5MjlhYjNlYyIsImMiOjEwfQ%3D%3D&pageName=adfba30c52355c5b1631
Basco,Batanes,20.4167,121.9667,2012,11,Nov,SON,Dry Season,2420.2,156.3,2012-11-01,https://app.powerbi.com/view?r=eyJrIjoiOTJkN2U4MjUtYWE1Ny00NzA4LWExMzctMDBiYjQ2NjZiZWVjIiwidCI6ImJkMDNhNzM1LTJhYTMtNGNjYS05NzIyLTJhZTQ5MjlhYjNlYyIsImMiOjEwfQ%3D%3D&pageName=adfba30c52355c5b1631
Basco,Batanes,20.4167,121.9667,2012,12,Dec,DJF,Dry Season,2420.2,239.4,2012-12-01,https://app.powerbi.com/view?r=eyJrIjoiOTJkN2U4MjUtYWE1Ny00NzA4LWExMzctMDBiYjQ2NjZiZWVjIiwidCI6ImJkMDNhNzM1LTJhYTMtNGNjYS05NzIyLTJhZTQ5MjlhYjNlYyIsImMiOjEwfQ%3D%3D&pageName=adfba30c52355c5b1631
Basco,Batanes,20.4167,121.9667,2013,1,Jan,DJF,Dry Season,2103,225.4,2013-01-01,https://app.powerbi.com/view?r=eyJrIjoiOTJkN2U4MjUtYWE1Ny00NzA4LWExMzctMDBiYjQ2NjZiZWVjIiwidCI6ImJkMDNhNzM1LTJhYTMtNGNjYS05NzIyLTJhZTQ5MjlhYjNlYyIsImMiOjEwfQ%3D%3D&pageName=adfba30c52355c5b1631
Basco,Batanes,20.4167,121.9667,2013,2,Feb,DJF,Dry Season,2103,55.3,2013-02-01,https://app.powerbi.com/view?r=eyJrIjoiOTJkN2U4MjUtYWE1Ny00NzA4LWExMzctMDBiYjQ2NjZiZWVjIiwidCI6ImJkMDNhNzM1LTJhYTMtNGNjYS05NzIyLTJhZTQ5MjlhYjNlYyIsImMiOjEwfQ%3D%3D&pageName=adfba30c52355c5b1631
Basco,Batanes,20.4167,121.9667,2013,3,Mar,MAM,Dry Season,2103,42.1,2013-03-01,https://app.powerbi.com/view?r=eyJrIjoiOTJkN2U4MjUtYWE1Ny00NzA4LWExMzctMDBiYjQ2NjZiZWVjIiwidCI6ImJkMDNhNzM1LTJhYTMtNGNjYS05NzIyLTJhZTQ5MjlhYjNlYyIsImMiOjEwfQ%3D%3D&pageName=adfba30c52355c5b1631
Basco,Batanes,20.4167,121.9667,2013,4,Apr,MAM,Dry Season,2103,66.1,2013-04-01,https://app.powerbi.com/view?r=eyJrIjoiOTJkN2U4MjUtYWE1Ny00NzA4LWExMzctMDBiYjQ2NjZiZWVjIiwidCI6ImJkMDNhNzM1LTJhYTMtNGNjYS05NzIyLTJhZTQ5MjlhYjNlYyIsImMiOjEwfQ%3D%3D&pageName=adfba30c52355c5b1631
Basco,Batanes,20.4167,121.9667,2013,5,May,MAM,Wet Season,2103,135,2013-05-01,https://app.powerbi.com/view?r=eyJrIjoiOTJkN2U4MjUtYWE1Ny00NzA4LWExMzctMDBiYjQ2NjZiZWVjIiwidCI6ImJkMDNhNzM1LTJhYTMtNGNjYS05NzIyLTJhZTQ5MjlhYjNlYyIsImMiOjEwfQ%3D%3D&pageName=adfba30c52355c5b1631
Basco,Batanes,20.4167,121.9667,2013,6,Jun,JJA,Wet Season,2103,83.2,2013-06-01,https://app.powerbi.com/view?r=eyJrIjoiOTJkN2U4MjUtYWE1Ny00NzA4LWExMzctMDBiYjQ2NjZiZWVjIiwidCI6ImJkMDNhNzM1LTJhYTMtNGNjYS05NzIyLTJhZTQ5MjlhYjNlYyIsImMiOjEwfQ%3D%3D&pageName=adfba30c52355c5b1631
Basco,Batanes,20.4167,121.9667,2013,7,Jul,JJA,Wet Season,2103,146.2,2013-07-01,https://app.powerbi.com/view?r=eyJrIjoiOTJkN2U4MjUtYWE1Ny00NzA4LWExMzctMDBiYjQ2NjZiZWVjIiwidCI6ImJkMDNhNzM1LTJhYTMtNGNjYS05NzIyLTJhZTQ5MjlhYjNlYyIsImMiOjEwfQ%3D%3D&pageName=adfba30c52355c5b1631
Basco,Batanes,20.4167,121.9667,2013,8,Aug,JJA,Wet Season,2103,392.4,2013-08-01,https://app.powerbi.com/view?r=eyJrIjoiOTJkN2U4MjUtYWE1Ny00NzA4LWExMzctMDBiYjQ2NjZiZWVjIiwidCI6ImJkMDNhNzM1LTJhYTMtNGNjYS05NzIyLTJhZTQ5MjlhYjNlYyIsImMiOjEwfQ%3D%3D&pageName=adfba30c52355c5b1631
Basco,Batanes,20.4167,121.9667,2013,9,Sep,SON,Wet Season,2103,592.2,2013-09-01,https://app.powerbi.com/view?r=eyJrIjoiOTJkN2U4MjUtYWE1Ny00NzA4LWExMzctMDBiYjQ2NjZiZWVjIiwidCI6ImJkMDNhNzM1LTJhYTMtNGNjYS05NzIyLTJhZTQ5MjlhYjNlYyIsImMiOjEwfQ%3D%3D&pageName=adfba30c52355c5b1631
Basco,Batanes,20.4167,121.9667,2013,10,Oct,SON,Wet Season,2103,61.1,2013-10-01,https://app.powerbi.com/view?r=eyJrIjoiOTJkN2U4MjUtYWE1Ny00NzA4LWExMzctMDBiYjQ2NjZiZWVjIiwidCI6ImJkMDNhNzM1LTJhYTMtNGNjYS05NzIyLTJhZTQ5MjlhYjNlYyIsImMiOjEwfQ%3D%3D&pageName=adfba30c52355c5b1631
Basco,Batanes,20.4167,121.9667,2013,11,Nov,SON,Dry Season,2103,161.8,2013-11-01,https://app.powerbi.com/view?r=eyJrIjoiOTJkN2U4MjUtYWE1Ny00NzA4LWExMzctMDBiYjQ2NjZiZWVjIiwidCI6ImJkMDNhNzM1LTJhYTMtNGNjYS05NzIyLTJhZTQ5MjlhYjNlYyIsImMiOjEwfQ%3D%3D&pageName=adfba30c52355c5b1631
Basco,Batanes,20.4167,121.9667,2013,12,Dec,DJF,Dry Season,2103,142.2,2013-12-01,https://app.powerbi.com/view?r=eyJrIjoiOTJkN2U4MjUtYWE1Ny00NzA4LWExMzctMDBiYjQ2NjZiZWVjIiwidCI6ImJkMDNhNzM1LTJhYTMtNGNjYS05NzIyLTJhZTQ5MjlhYjNlYyIsImMiOjEwfQ%3D%3D&pageName=adfba30c52355c5b1631
Basco,Batanes,20.4167,121.9667,2014,1,Jan,DJF,Dry Season,1369.2,55,2014-01-01,https://app.powerbi.com/view?r=eyJrIjoiOTJkN2U4MjUtYWE1Ny00NzA4LWExMzctMDBiYjQ2NjZiZWVjIiwidCI6ImJkMDNhNzM1LTJhYTMtNGNjYS05NzIyLTJhZTQ5MjlhYjNlYyIsImMiOjEwfQ%3D%3D&pageName=adfba30c52355c5b1631
Basco,Batanes,20.4167,121.9667,2014,2,Feb,DJF,Dry Season,1369.2,24.1,2014-02-01,https://app.powerbi.com/view?r=eyJrIjoiOTJkN2U4MjUtYWE1Ny00NzA4LWExMzctMDBiYjQ2NjZiZWVjIiwidCI6ImJkMDNhNzM1LTJhYTMtNGNjYS05NzIyLTJhZTQ5MjlhYjNlYyIsImMiOjEwfQ%3D%3D&pageName=adfba30c52355c5b1631
Basco,Batanes,20.4167,121.9667,2014,3,Mar,MAM,Dry Season,1369.2,20.1,2014-03-01,https://app.powerbi.com/view?r=eyJrIjoiOTJkN2U4MjUtYWE1Ny00NzA4LWExMzctMDBiYjQ2NjZiZWVjIiwidCI6ImJkMDNhNzM1LTJhYTMtNGNjYS05NzIyLTJhZTQ5MjlhYjNlYyIsImMiOjEwfQ%3D%3D&pageName=adfba30c52355c5b1631
Basco,Batanes,20.4167,121.9667,2014,4,Apr,MAM,Dry Season,1369.2,65.1,2014-04-01,https://app.powerbi.com/view?r=eyJrIjoiOTJkN2U4MjUtYWE1Ny00NzA4LWExMzctMDBiYjQ2NjZiZWVjIiwidCI6ImJkMDNhNzM1LTJhYTMtNGNjYS05NzIyLTJhZTQ5MjlhYjNlYyIsImMiOjEwfQ%3D%3D&pageName=adfba30c52355c5b1631
Basco,Batanes,20.4167,121.9667,2014,5,May,MAM,Wet Season,1369.2,70.9,2014-05-01,https://app.powerbi.com/view?r=eyJrIjoiOTJkN2U4MjUtYWE1Ny00NzA4LWExMzctMDBiYjQ2NjZiZWVjIiwidCI6ImJkMDNhNzM1LTJhYTMtNGNjYS05NzIyLTJhZTQ5MjlhYjNlYyIsImMiOjEwfQ%3D%3D&pageName=adfba30c52355c5b1631
Basco,Batanes,20.4167,121.9667,2014,6,Jun,JJA,Wet Season,1369.2,321.3,2014-06-01,https://app.powerbi.com/view?r=eyJrIjoiOTJkN2U4MjUtYWE1Ny00NzA4LWExMzctMDBiYjQ2NjZiZWVjIiwidCI6ImJkMDNhNzM1LTJhYTMtNGNjYS05NzIyLTJhZTQ5MjlhYjNlYyIsImMiOjEwfQ%3D%3D&pageName=adfba30c52355c5b1631
Basco,Batanes,20.4167,121.9667,2014,7,Jul,JJA,Wet Season,1369.2,169.8,2014-07-01,https://app.powerbi.com/view?r=eyJrIjoiOTJkN2U4MjUtYWE1Ny00NzA4LWExMzctMDBiYjQ2NjZiZWVjIiwidCI6ImJkMDNhNzM1LTJhYTMtNGNjYS05NzIyLTJhZTQ5MjlhYjNlYyIsImMiOjEwfQ%3D%3D&pageName=adfba30c52355c5b1631
Basco,Batanes,20.4167,121.9667,2014,8,Aug,JJA,Wet Season,1369.2,162,2014-08-01,https://app.powerbi.com/view?r=eyJrIjoiOTJkN2U4MjUtYWE1Ny00NzA4LWExMzctMDBiYjQ2NjZiZWVjIiwidCI6ImJkMDNhNzM1LTJhYTMtNGNjYS05NzIyLTJhZTQ5MjlhYjNlYyIsImMiOjEwfQ%3D%3D&pageName=adfba30c52355c5b1631
Basco,Batanes,20.4167,121.9667,2014,9,Sep,SON,Wet Season,1369.2,154,2014-09-01,https://app.powerbi.com/view?r=eyJrIjoiOTJkN2U4MjUtYWE1Ny00NzA4LWExMzctMDBiYjQ2NjZiZWVjIiwidCI6ImJkMDNhNzM1LTJhYTMtNGNjYS05NzIyLTJhZTQ5MjlhYjNlYyIsImMiOjEwfQ%3D%3D&pageName=adfba30c52355c5b1631
Basco,Batanes,20.4167,121.9667,2014,10,Oct,SON,Wet Season,1369.2,68.1,2014-10-01,https://app.powerbi.com/view?r=eyJrIjoiOTJkN2U4MjUtYWE1Ny00NzA4LWExMzctMDBiYjQ2NjZiZWVjIiwidCI6ImJkMDNhNzM1LTJhYTMtNGNjYS05NzIyLTJhZTQ5MjlhYjNlYyIsImMiOjEwfQ%3D%3D&pageName=adfba30c52355c5b1631
Basco,Batanes,20.4167,121.9667,2014,11,Nov,SON,Dry Season,1369.2,122.1,2014-11-01,https://app.powerbi.com/view?r=eyJrIjoiOTJkN2U4MjUtYWE1Ny00NzA4LWExMzctMDBiYjQ2NjZiZWVjIiwidCI6ImJkMDNhNzM1LTJhYTMtNGNjYS05NzIyLTJhZTQ5MjlhYjNlYyIsImMiOjEwfQ%3D%3D&pageName=adfba30c52355c5b1631
Basco,Batanes,20.4167,121.9667,2014,12,Dec,DJF,Dry Season,1369.2,136.7,2014-12-01,https://app.powerbi.com/view?r=eyJrIjoiOTJkN2U4MjUtYWE1Ny00NzA4LWExMzctMDBiYjQ2NjZiZWVjIiwidCI6ImJkMDNhNzM1LTJhYTMtNGNjYS05NzIyLTJhZTQ5MjlhYjNlYyIsImMiOjEwfQ%3D%3D&pageName=adfba30c52355c5b1631
Basco,Batanes,20.4167,121.9667,2015,1,Jan,DJF,Dry Season,1516.2,100.8,2015-01-01,https://app.powerbi.com/view?r=eyJrIjoiOTJkN2U4MjUtYWE1Ny00NzA4LWExMzctMDBiYjQ2NjZiZWVjIiwidCI6ImJkMDNhNzM1LTJhYTMtNGNjYS05NzIyLTJhZTQ5MjlhYjNlYyIsImMiOjEwfQ%3D%3D&pageName=adfba30c52355c5b1631
Basco,Batanes,20.4167,121.9667,2015,2,Feb,DJF,Dry Season,1516.2,28.7,2015-02-01,https://app.powerbi.com/view?r=eyJrIjoiOTJkN2U4MjUtYWE1Ny00NzA4LWExMzctMDBiYjQ2NjZiZWVjIiwidCI6ImJkMDNhNzM1LTJhYTMtNGNjYS05NzIyLTJhZTQ5MjlhYjNlYyIsImMiOjEwfQ%3D%3D&pageName=adfba30c52355c5b1631
Basco,Batanes,20.4167,121.9667,2015,3,Mar,MAM,Dry Season,1516.2,26.9,2015-03-01,https://app.powerbi.com/view?r=eyJrIjoiOTJkN2U4MjUtYWE1Ny00NzA4LWExMzctMDBiYjQ2NjZiZWVjIiwidCI6ImJkMDNhNzM1LTJhYTMtNGNjYS05NzIyLTJhZTQ5MjlhYjNlYyIsImMiOjEwfQ%3D%3D&pageName=adfba30c52355c5b1631
Basco,Batanes,20.4167,121.9667,2015,4,Apr,MAM,Dry Season,1516.2,137.4,2015-04-01,https://app.powerbi.com/view?r=eyJrIjoiOTJkN2U4MjUtYWE1Ny00NzA4LWExMzctMDBiYjQ2NjZiZWVjIiwidCI6ImJkMDNhNzM1LTJhYTMtNGNjYS05NzIyLTJhZTQ5MjlhYjNlYyIsImMiOjEwfQ%3D%3D&pageName=adfba30c52355c5b1631
Basco,Batanes,20.4167,121.9667,2015,5,May,MAM,Wet Season,1516.2,181.7,2015-05-01,https://app.powerbi.com/view?r=eyJrIjoiOTJkN2U4MjUtYWE1Ny00NzA4LWExMzctMDBiYjQ2NjZiZWVjIiwidCI6ImJkMDNhNzM1LTJhYTMtNGNjYS05NzIyLTJhZTQ5MjlhYjNlYyIsImMiOjEwfQ%3D%3D&pageName=adfba30c52355c5b1631
Basco,Batanes,20.4167,121.9667,2015,6,Jun,JJA,Wet Season,1516.2,22,2015-06-01,https://app.powerbi.com/view?r=eyJrIjoiOTJkN2U4MjUtYWE1Ny00NzA4LWExMzctMDBiYjQ2NjZiZWVjIiwidCI6ImJkMDNhNzM1LTJhYTMtNGNjYS05NzIyLTJhZTQ5MjlhYjNlYyIsImMiOjEwfQ%3D%3D&pageName=adfba30c52355c5b1631
Basco,Batanes,20.4167,121.9667,2015,7,Jul,JJA,Wet Season,1516.2,92.7,2015-07-01,https://app.powerbi.com/view?r=eyJrIjoiOTJkN2U4MjUtYWE1Ny00NzA4LWExMzctMDBiYjQ2NjZiZWVjIiwidCI6ImJkMDNhNzM1LTJhYTMtNGNjYS05NzIyLTJhZTQ5MjlhYjNlYyIsImMiOjEwfQ%3D%3D&pageName=adfba30c52355c5b1631
Basco,Batanes,20.4167,121.9667,2015,8,Aug,JJA,Wet Season,1516.2,238.5,2015-08-01,https://app.powerbi.com/view?r=eyJrIjoiOTJkN2U4MjUtYWE1Ny00NzA4LWExMzctMDBiYjQ2NjZiZWVjIiwidCI6ImJkMDNhNzM1LTJhYTMtNGNjYS05NzIyLTJhZTQ5MjlhYjNlYyIsImMiOjEwfQ%3D%3D&pageName=adfba30c52355c5b1631
Basco,Batanes,20.4167,121.9667,2015,9,Sep,SON,Wet Season,1516.2,100.4,2015-09-01,https://app.powerbi.com/view?r=eyJrIjoiOTJkN2U4MjUtYWE1Ny00NzA4LWExMzctMDBiYjQ2NjZiZWVjIiwidCI6ImJkMDNhNzM1LTJhYTMtNGNjYS05NzIyLTJhZTQ5MjlhYjNlYyIsImMiOjEwfQ%3D%3D&pageName=adfba30c52355c5b1631
Basco,Batanes,20.4167,121.9667,2015,10,Oct,SON,Wet Season,1516.2,363.9,2015-10-01,https://app.powerbi.com/view?r=eyJrIjoiOTJkN2U4MjUtYWE1Ny00NzA4LWExMzctMDBiYjQ2NjZiZWVjIiwidCI6ImJkMDNhNzM1LTJhYTMtNGNjYS05NzIyLTJhZTQ5MjlhYjNlYyIsImMiOjEwfQ%3D%3D&pageName=adfba30c52355c5b1631
Basco,Batanes,20.4167,121.9667,2015,11,Nov,SON,Dry Season,1516.2,130.2,2015-11-01,https://app.powerbi.com/view?r=eyJrIjoiOTJkN2U4MjUtYWE1Ny00NzA4LWExMzctMDBiYjQ2NjZiZWVjIiwidCI6ImJkMDNhNzM1LTJhYTMtNGNjYS05NzIyLTJhZTQ5MjlhYjNlYyIsImMiOjEwfQ%3D%3D&pageName=adfba30c52355c5b1631
Basco,Batanes,20.4167,121.9667,2015,12,Dec,DJF,Dry Season,1516.2,93,2015-12-01,https://app.powerbi.com/view?r=eyJrIjoiOTJkN2U4MjUtYWE1Ny00NzA4LWExMzctMDBiYjQ2NjZiZWVjIiwidCI6ImJkMDNhNzM1LTJhYTMtNGNjYS05NzIyLTJhZTQ5MjlhYjNlYyIsImMiOjEwfQ%3D%3D&pageName=adfba30c52355c5b1631
Basco,Batanes,20.4167,121.9667,2016,1,Jan,DJF,Dry Season,2849.1,164.8,2016-01-01,https://app.powerbi.com/view?r=eyJrIjoiOTJkN2U4MjUtYWE1Ny00NzA4LWExMzctMDBiYjQ2NjZiZWVjIiwidCI6ImJkMDNhNzM1LTJhYTMtNGNjYS05NzIyLTJhZTQ5MjlhYjNlYyIsImMiOjEwfQ%3D%3D&pageName=adfba30c52355c5b1631
Basco,Batanes,20.4167,121.9667,2016,2,Feb,DJF,Dry Season,2849.1,108.4,2016-02-01,https://app.powerbi.com/view?r=eyJrIjoiOTJkN2U4MjUtYWE1Ny00NzA4LWExMzctMDBiYjQ2NjZiZWVjIiwidCI6ImJkMDNhNzM1LTJhYTMtNGNjYS05NzIyLTJhZTQ5MjlhYjNlYyIsImMiOjEwfQ%3D%3D&pageName=adfba30c52355c5b1631
Basco,Batanes,20.4167,121.9667,2016,3,Mar,MAM,Dry Season,2849.1,32.8,2016-03-01,https://app.powerbi.com/view?r=eyJrIjoiOTJkN2U4MjUtYWE1Ny00NzA4LWExMzctMDBiYjQ2NjZiZWVjIiwidCI6ImJkMDNhNzM1LTJhYTMtNGNjYS05NzIyLTJhZTQ5MjlhYjNlYyIsImMiOjEwfQ%3D%3D&pageName=adfba30c52355c5b1631
Basco,Batanes,20.4167,121.9667,2016,4,Apr,MAM,Dry Season,2849.1,12.5,2016-04-01,https://app.powerbi.com/view?r=eyJrIjoiOTJkN2U4MjUtYWE1Ny00NzA4LWExMzctMDBiYjQ2NjZiZWVjIiwidCI6ImJkMDNhNzM1LTJhYTMtNGNjYS05NzIyLTJhZTQ5MjlhYjNlYyIsImMiOjEwfQ%3D%3D&pageName=adfba30c52355c5b1631
Basco,Batanes,20.4167,121.9667,2016,5,May,MAM,Wet Season,2849.1,203.3,2016-05-01,https://app.powerbi.com/view?r=eyJrIjoiOTJkN2U4MjUtYWE1Ny00NzA4LWExMzctMDBiYjQ2NjZiZWVjIiwidCI6ImJkMDNhNzM1LTJhYTMtNGNjYS05NzIyLTJhZTQ5MjlhYjNlYyIsImMiOjEwfQ%3D%3D&pageName=adfba30c52355c5b1631
Basco,Batanes,20.4167,121.9667,2016,6,Jun,JJA,Wet Season,2849.1,128.7,2016-06-01,https://app.powerbi.com/view?r=eyJrIjoiOTJkN2U4MjUtYWE1Ny00NzA4LWExMzctMDBiYjQ2NjZiZWVjIiwidCI6ImJkMDNhNzM1LTJhYTMtNGNjYS05NzIyLTJhZTQ5MjlhYjNlYyIsImMiOjEwfQ%3D%3D&pageName=adfba30c52355c5b1631
Basco,Batanes,20.4167,121.9667,2016,7,Jul,JJA,Wet Season,2849.1,215.7,2016-07-01,https://app.powerbi.com/view?r=eyJrIjoiOTJkN2U4MjUtYWE1Ny00NzA4LWExMzctMDBiYjQ2NjZiZWVjIiwidCI6ImJkMDNhNzM1LTJhYTMtNGNjYS05NzIyLTJhZTQ5MjlhYjNlYyIsImMiOjEwfQ%3D%3D&pageName=adfba30c52355c5b1631
Basco,Batanes,20.4167,121.9667,2016,8,Aug,JJA,Wet Season,2849.1,502.7,2016-08-01,https://app.powerbi.com/view?r=eyJrIjoiOTJkN2U4MjUtYWE1Ny00NzA4LWExMzctMDBiYjQ2NjZiZWVjIiwidCI6ImJkMDNhNzM1LTJhYTMtNGNjYS05NzIyLTJhZTQ5MjlhYjNlYyIsImMiOjEwfQ%3D%3D&pageName=adfba30c52355c5b1631
Basco,Batanes,20.4167,121.9667,2016,9,Sep,SON,Wet Season,2849.1,630.8,2016-09-01,https://app.powerbi.com/view?r=eyJrIjoiOTJkN2U4MjUtYWE1Ny00NzA4LWExMzctMDBiYjQ2NjZiZWVjIiwidCI6ImJkMDNhNzM1LTJhYTMtNGNjYS05NzIyLTJhZTQ5MjlhYjNlYyIsImMiOjEwfQ%3D%3D&pageName=adfba30c52355c5b1631
Basco,Batanes,20.4167,121.9667,2016,10,Oct,SON,Wet Season,2849.1,361.4,2016-10-01,https://app.powerbi.com/view?r=eyJrIjoiOTJkN2U4MjUtYWE1Ny00NzA4LWExMzctMDBiYjQ2NjZiZWVjIiwidCI6ImJkMDNhNzM1LTJhYTMtNGNjYS05NzIyLTJhZTQ5MjlhYjNlYyIsImMiOjEwfQ%3D%3D&pageName=adfba30c52355c5b1631
Basco,Batanes,20.4167,121.9667,2016,11,Nov,SON,Dry Season,2849.1,309.6,2016-11-01,https://app.powerbi.com/view?r=eyJrIjoiOTJkN2U4MjUtYWE1Ny00NzA4LWExMzctMDBiYjQ2NjZiZWVjIiwidCI6ImJkMDNhNzM1LTJhYTMtNGNjYS05NzIyLTJhZTQ5MjlhYjNlYyIsImMiOjEwfQ%3D%3D&pageName=adfba30c52355c5b1631
Basco,Batanes,20.4167,121.9667,2016,12,Dec,DJF,Dry Season,2849.1,178.4,2016-12-01,https://app.powerbi.com/view?r=eyJrIjoiOTJkN2U4MjUtYWE1Ny00NzA4LWExMzctMDBiYjQ2NjZiZWVjIiwidCI6ImJkMDNhNzM1LTJhYTMtNGNjYS05NzIyLTJhZTQ5MjlhYjNlYyIsImMiOjEwfQ%3D%3D&pageName=adfba30c52355c5b1631
Basco,Batanes,20.4167,121.9667,2017,1,Jan,DJF,Dry Season,2975.4,117.3,2017-01-01,https://app.powerbi.com/view?r=eyJrIjoiOTJkN2U4MjUtYWE1Ny00NzA4LWExMzctMDBiYjQ2NjZiZWVjIiwidCI6ImJkMDNhNzM1LTJhYTMtNGNjYS05NzIyLTJhZTQ5MjlhYjNlYyIsImMiOjEwfQ%3D%3D&pageName=adfba30c52355c5b1631
Basco,Batanes,20.4167,121.9667,2017,2,Feb,DJF,Dry Season,2975.4,70,2017-02-01,https://app.powerbi.com/view?r=eyJrIjoiOTJkN2U4MjUtYWE1Ny00NzA4LWExMzctMDBiYjQ2NjZiZWVjIiwidCI6ImJkMDNhNzM1LTJhYTMtNGNjYS05NzIyLTJhZTQ5MjlhYjNlYyIsImMiOjEwfQ%3D%3D&pageName=adfba30c52355c5b1631
Basco,Batanes,20.4167,121.9667,2017,3,Mar,MAM,Dry Season,2975.4,10.1,2017-03-01,https://app.powerbi.com/view?r=eyJrIjoiOTJkN2U4MjUtYWE1Ny00NzA4LWExMzctMDBiYjQ2NjZiZWVjIiwidCI6ImJkMDNhNzM1LTJhYTMtNGNjYS05NzIyLTJhZTQ5MjlhYjNlYyIsImMiOjEwfQ%3D%3D&pageName=adfba30c52355c5b1631
Basco,Batanes,20.4167,121.9667,2017,4,Apr,MAM,Dry Season,2975.4,85.1,2017-04-01,https://app.powerbi.com/view?r=eyJrIjoiOTJkN2U4MjUtYWE1Ny00NzA4LWExMzctMDBiYjQ2NjZiZWVjIiwidCI6ImJkMDNhNzM1LTJhYTMtNGNjYS05NzIyLTJhZTQ5MjlhYjNlYyIsImMiOjEwfQ%3D%3D&pageName=adfba30c52355c5b1631
Basco,Batanes,20.4167,121.9667,2017,5,May,MAM,Wet Season,2975.4,422,2017-05-01,https://app.powerbi.com/view?r=eyJrIjoiOTJkN2U4MjUtYWE1Ny00NzA4LWExMzctMDBiYjQ2NjZiZWVjIiwidCI6ImJkMDNhNzM1LTJhYTMtNGNjYS05NzIyLTJhZTQ5MjlhYjNlYyIsImMiOjEwfQ%3D%3D&pageName=adfba30c52355c5b1631
Basco,Batanes,20.4167,121.9667,2017,6,Jun,JJA,Wet Season,2975.4,45.7,2017-06-01,https://app.powerbi.com/view?r=eyJrIjoiOTJkN2U4MjUtYWE1Ny00NzA4LWExMzctMDBiYjQ2NjZiZWVjIiwidCI6ImJkMDNhNzM1LTJhYTMtNGNjYS05NzIyLTJhZTQ5MjlhYjNlYyIsImMiOjEwfQ%3D%3D&pageName=adfba30c52355c5b1631
Basco,Batanes,20.4167,121.9667,2017,7,Jul,JJA,Wet Season,2975.4,294,2017-07-01,https://app.powerbi.com/view?r=eyJrIjoiOTJkN2U4MjUtYWE1Ny00NzA4LWExMzctMDBiYjQ2NjZiZWVjIiwidCI6ImJkMDNhNzM1LTJhYTMtNGNjYS05NzIyLTJhZTQ5MjlhYjNlYyIsImMiOjEwfQ%3D%3D&pageName=adfba30c52355c5b1631
Basco,Batanes,20.4167,121.9667,2017,8,Aug,JJA,Wet Season,2975.4,379.6,2017-08-01,https://app.powerbi.com/view?r=eyJrIjoiOTJkN2U4MjUtYWE1Ny00NzA4LWExMzctMDBiYjQ2NjZiZWVjIiwidCI6ImJkMDNhNzM1LTJhYTMtNGNjYS05NzIyLTJhZTQ5MjlhYjNlYyIsImMiOjEwfQ%3D%3D&pageName=adfba30c52355c5b1631
Basco,Batanes,20.4167,121.9667,2017,9,Sep,SON,Wet Season,2975.4,144.7,2017-09-01,https://app.powerbi.com/view?r=eyJrIjoiOTJkN2U4MjUtYWE1Ny00NzA4LWExMzctMDBiYjQ2NjZiZWVjIiwidCI6ImJkMDNhNzM1LTJhYTMtNGNjYS05NzIyLTJhZTQ5MjlhYjNlYyIsImMiOjEwfQ%3D%3D&pageName=adfba30c52355c5b1631
Basco,Batanes,20.4167,121.9667,2017,10,Oct,SON,Wet Season,2975.4,355.5,2017-10-01,https://app.powerbi.com/view?r=eyJrIjoiOTJkN2U4MjUtYWE1Ny00NzA4LWExMzctMDBiYjQ2NjZiZWVjIiwidCI6ImJkMDNhNzM1LTJhYTMtNGNjYS05NzIyLTJhZTQ5MjlhYjNlYyIsImMiOjEwfQ%3D%3D&pageName=adfba30c52355c5b1631
Basco,Batanes,20.4167,121.9667,2017,11,Nov,SON,Dry Season,2975.4,705,2017-11-01,https://app.powerbi.com/view?r=eyJrIjoiOTJkN2U4MjUtYWE1Ny00NzA4LWExMzctMDBiYjQ2NjZiZWVjIiwidCI6ImJkMDNhNzM1LTJhYTMtNGNjYS05NzIyLTJhZTQ5MjlhYjNlYyIsImMiOjEwfQ%3D%3D&pageName=adfba30c52355c5b1631
Basco,Batanes,20.4167,121.9667,2017,12,Dec,DJF,Dry Season,2975.4,346.4,2017-12-01,https://app.powerbi.com/view?r=eyJrIjoiOTJkN2U4MjUtYWE1Ny00NzA4LWExMzctMDBiYjQ2NjZiZWVjIiwidCI6ImJkMDNhNzM1LTJhYTMtNGNjYS05NzIyLTJhZTQ5MjlhYjNlYyIsImMiOjEwfQ%3D%3D&pageName=adfba30c52355c5b1631
Basco,Batanes,20.4167,121.9667,2018,1,Jan,DJF,Dry Season,2561.8,138.1,2018-01-01,https://app.powerbi.com/view?r=eyJrIjoiOTJkN2U4MjUtYWE1Ny00NzA4LWExMzctMDBiYjQ2NjZiZWVjIiwidCI6ImJkMDNhNzM1LTJhYTMtNGNjYS05NzIyLTJhZTQ5MjlhYjNlYyIsImMiOjEwfQ%3D%3D&pageName=adfba30c52355c5b1631
Basco,Batanes,20.4167,121.9667,2018,2,Feb,DJF,Dry Season,2561.8,172.8,2018-02-01,https://app.powerbi.com/view?r=eyJrIjoiOTJkN2U4MjUtYWE1Ny00NzA4LWExMzctMDBiYjQ2NjZiZWVjIiwidCI6ImJkMDNhNzM1LTJhYTMtNGNjYS05NzIyLTJhZTQ5MjlhYjNlYyIsImMiOjEwfQ%3D%3D&pageName=adfba30c52355c5b1631
Basco,Batanes,20.4167,121.9667,2018,3,Mar,MAM,Dry Season,2561.8,31.4,2018-03-01,https://app.powerbi.com/view?r=eyJrIjoiOTJkN2U4MjUtYWE1Ny00NzA4LWExMzctMDBiYjQ2NjZiZWVjIiwidCI6ImJkMDNhNzM1LTJhYTMtNGNjYS05NzIyLTJhZTQ5MjlhYjNlYyIsImMiOjEwfQ%3D%3D&pageName=adfba30c52355c5b1631
Basco,Batanes,20.4167,121.9667,2018,4,Apr,MAM,Dry Season,2561.8,15.2,2018-04-01,https://app.powerbi.com/view?r=eyJrIjoiOTJkN2U4MjUtYWE1Ny00NzA4LWExMzctMDBiYjQ2NjZiZWVjIiwidCI6ImJkMDNhNzM1LTJhYTMtNGNjYS05NzIyLTJhZTQ5MjlhYjNlYyIsImMiOjEwfQ%3D%3D&pageName=adfba30c52355c5b1631
Basco,Batanes,20.4167,121.9667,2018,5,May,MAM,Wet Season,2561.8,9.8,2018-05-01,https://app.powerbi.com/view?r=eyJrIjoiOTJkN2U4MjUtYWE1Ny00NzA4LWExMzctMDBiYjQ2NjZiZWVjIiwidCI6ImJkMDNhNzM1LTJhYTMtNGNjYS05NzIyLTJhZTQ5MjlhYjNlYyIsImMiOjEwfQ%3D%3D&pageName=adfba30c52355c5b1631
Basco,Batanes,20.4167,121.9667,2018,6,Jun,JJA,Wet Season,2561.8,431,2018-06-01,https://app.powerbi.com/view?r=eyJrIjoiOTJkN2U4MjUtYWE1Ny00NzA4LWExMzctMDBiYjQ2NjZiZWVjIiwidCI6ImJkMDNhNzM1LTJhYTMtNGNjYS05NzIyLTJhZTQ5MjlhYjNlYyIsImMiOjEwfQ%3D%3D&pageName=adfba30c52355c5b1631
Basco,Batanes,20.4167,121.9667,2018,7,Jul,JJA,Wet Season,2561.8,302.1,2018-07-01,https://app.powerbi.com/view?r=eyJrIjoiOTJkN2U4MjUtYWE1Ny00NzA4LWExMzctMDBiYjQ2NjZiZWVjIiwidCI6ImJkMDNhNzM1LTJhYTMtNGNjYS05NzIyLTJhZTQ5MjlhYjNlYyIsImMiOjEwfQ%3D%3D&pageName=adfba30c52355c5b1631
Basco,Batanes,20.4167,121.9667,2018,8,Aug,JJA,Wet Season,2561.8,566.9,2018-08-01,https://app.powerbi.com/view?r=eyJrIjoiOTJkN2U4MjUtYWE1Ny00NzA4LWExMzctMDBiYjQ2NjZiZWVjIiwidCI6ImJkMDNhNzM1LTJhYTMtNGNjYS05NzIyLTJhZTQ5MjlhYjNlYyIsImMiOjEwfQ%3D%3D&pageName=adfba30c52355c5b1631
Basco,Batanes,20.4167,121.9667,2018,9,Sep,SON,Wet Season,2561.8,416.1,2018-09-01,https://app.powerbi.com/view?r=eyJrIjoiOTJkN2U4MjUtYWE1Ny00NzA4LWExMzctMDBiYjQ2NjZiZWVjIiwidCI6ImJkMDNhNzM1LTJhYTMtNGNjYS05NzIyLTJhZTQ5MjlhYjNlYyIsImMiOjEwfQ%3D%3D&pageName=adfba30c52355c5b1631
Basco,Batanes,20.4167,121.9667,2018,10,Oct,SON,Wet Season,2561.8,125.2,2018-10-01,https://app.powerbi.com/view?r=eyJrIjoiOTJkN2U4MjUtYWE1Ny00NzA4LWExMzctMDBiYjQ2NjZiZWVjIiwidCI6ImJkMDNhNzM1LTJhYTMtNGNjYS05NzIyLTJhZTQ5MjlhYjNlYyIsImMiOjEwfQ%3D%3D&pageName=adfba30c52355c5b1631
Basco,Batanes,20.4167,121.9667,2018,11,Nov,SON,Dry Season,2561.8,90.7,2018-11-01,https://app.powerbi.com/view?r=eyJrIjoiOTJkN2U4MjUtYWE1Ny00NzA4LWExMzctMDBiYjQ2NjZiZWVjIiwidCI6ImJkMDNhNzM1LTJhYTMtNGNjYS05NzIyLTJhZTQ5MjlhYjNlYyIsImMiOjEwfQ%3D%3D&pageName=adfba30c52355c5b1631
Basco,Batanes,20.4167,121.9667,2018,12,Dec,DJF,Dry Season,2561.8,262.5,2018-12-01,https://app.powerbi.com/view?r=eyJrIjoiOTJkN2U4MjUtYWE1Ny00NzA4LWExMzctMDBiYjQ2NjZiZWVjIiwidCI6ImJkMDNhNzM1LTJhYTMtNGNjYS05NzIyLTJhZTQ5MjlhYjNlYyIsImMiOjEwfQ%3D%3D&pageName=adfba30c52355c5b1631
Basco,Batanes,20.4167,121.9667,2019,1,Jan,DJF,Dry Season,2859,88.5,2019-01-01,https://app.powerbi.com/view?r=eyJrIjoiOTJkN2U4MjUtYWE1Ny00NzA4LWExMzctMDBiYjQ2NjZiZWVjIiwidCI6ImJkMDNhNzM1LTJhYTMtNGNjYS05NzIyLTJhZTQ5MjlhYjNlYyIsImMiOjEwfQ%3D%3D&pageName=adfba30c52355c5b1631
Basco,Batanes,20.4167,121.9667,2019,2,Feb,DJF,Dry Season,2859,6.1,2019-02-01,https://app.powerbi.com/view?r=eyJrIjoiOTJkN2U4MjUtYWE1Ny00NzA4LWExMzctMDBiYjQ2NjZiZWVjIiwidCI6ImJkMDNhNzM1LTJhYTMtNGNjYS05NzIyLTJhZTQ5MjlhYjNlYyIsImMiOjEwfQ%3D%3D&pageName=adfba30c52355c5b1631
Basco,Batanes,20.4167,121.9667,2019,3,Mar,MAM,Dry Season,2859,54.4,2019-03-01,https://app.powerbi.com/view?r=eyJrIjoiOTJkN2U4MjUtYWE1Ny00NzA4LWExMzctMDBiYjQ2NjZiZWVjIiwidCI6ImJkMDNhNzM1LTJhYTMtNGNjYS05NzIyLTJhZTQ5MjlhYjNlYyIsImMiOjEwfQ%3D%3D&pageName=adfba30c52355c5b1631
Basco,Batanes,20.4167,121.9667,2019,4,Apr,MAM,Dry Season,2859,43.2,2019-04-01,https://app.powerbi.com/view?r=eyJrIjoiOTJkN2U4MjUtYWE1Ny00NzA4LWExMzctMDBiYjQ2NjZiZWVjIiwidCI6ImJkMDNhNzM1LTJhYTMtNGNjYS05NzIyLTJhZTQ5MjlhYjNlYyIsImMiOjEwfQ%3D%3D&pageName=adfba30c52355c5b1631
Basco,Batanes,20.4167,121.9667,2019,5,May,MAM,Wet Season,2859,388.6,2019-05-01,https://app.powerbi.com/view?r=eyJrIjoiOTJkN2U4MjUtYWE1Ny00NzA4LWExMzctMDBiYjQ2NjZiZWVjIiwidCI6ImJkMDNhNzM1LTJhYTMtNGNjYS05NzIyLTJhZTQ5MjlhYjNlYyIsImMiOjEwfQ%3D%3D&pageName=adfba30c52355c5b1631
Basco,Batanes,20.4167,121.9667,2019,6,Jun,JJA,Wet Season,2859,104.6,2019-06-01,https://app.powerbi.com/view?r=eyJrIjoiOTJkN2U4MjUtYWE1Ny00NzA4LWExMzctMDBiYjQ2NjZiZWVjIiwidCI6ImJkMDNhNzM1LTJhYTMtNGNjYS05NzIyLTJhZTQ5MjlhYjNlYyIsImMiOjEwfQ%3D%3D&pageName=adfba30c52355c5b1631
Basco,Batanes,20.4167,121.9667,2019,7,Jul,JJA,Wet Season,2859,180.5,2019-07-01,https://app.powerbi.com/view?r=eyJrIjoiOTJkN2U4MjUtYWE1Ny00NzA4LWExMzctMDBiYjQ2NjZiZWVjIiwidCI6ImJkMDNhNzM1LTJhYTMtNGNjYS05NzIyLTJhZTQ5MjlhYjNlYyIsImMiOjEwfQ%3D%3D&pageName=adfba30c52355c5b1631
Basco,Batanes,20.4167,121.9667,2019,8,Aug,JJA,Wet Season,2859,677.8,2019-08-01,https://app.powerbi.com/view?r=eyJrIjoiOTJkN2U4MjUtYWE1Ny00NzA4LWExMzctMDBiYjQ2NjZiZWVjIiwidCI6ImJkMDNhNzM1LTJhYTMtNGNjYS05NzIyLTJhZTQ5MjlhYjNlYyIsImMiOjEwfQ%3D%3D&pageName=adfba30c52355c5b1631
Basco,Batanes,20.4167,121.9667,2019,9,Sep,SON,Wet Season,2859,571.5,2019-09-01,https://app.powerbi.com/view?r=eyJrIjoiOTJkN2U4MjUtYWE1Ny00NzA4LWExMzctMDBiYjQ2NjZiZWVjIiwidCI6ImJkMDNhNzM1LTJhYTMtNGNjYS05NzIyLTJhZTQ5MjlhYjNlYyIsImMiOjEwfQ%3D%3D&pageName=adfba30c52355c5b1631
Basco,Batanes,20.4167,121.9667,2019,10,Oct,SON,Wet Season,2859,147.9,2019-10-01,https://app.powerbi.com/view?r=eyJrIjoiOTJkN2U4MjUtYWE1Ny00NzA4LWExMzctMDBiYjQ2NjZiZWVjIiwidCI6ImJkMDNhNzM1LTJhYTMtNGNjYS05NzIyLTJhZTQ5MjlhYjNlYyIsImMiOjEwfQ%3D%3D&pageName=adfba30c52355c5b1631
Basco,Batanes,20.4167,121.9667,2019,11,Nov,SON,Dry Season,2859,386,2019-11-01,https://app.powerbi.com/view?r=eyJrIjoiOTJkN2U4MjUtYWE1Ny00NzA4LWExMzctMDBiYjQ2NjZiZWVjIiwidCI6ImJkMDNhNzM1LTJhYTMtNGNjYS05NzIyLTJhZTQ5MjlhYjNlYyIsImMiOjEwfQ%3D%3D&pageName=adfba30c52355c5b1631
Basco,Batanes,20.4167,121.9667,2019,12,Dec,DJF,Dry Season,2859,209.9,2019-12-01,https://app.powerbi.com/view?r=eyJrIjoiOTJkN2U4MjUtYWE1Ny00NzA4LWExMzctMDBiYjQ2NjZiZWVjIiwidCI6ImJkMDNhNzM1LTJhYTMtNGNjYS05NzIyLTJhZTQ5MjlhYjNlYyIsImMiOjEwfQ%3D%3D&pageName=adfba30c52355c5b1631
Basco,Batanes,20.4167,121.9667,2020,1,Jan,DJF,Dry Season,1803.7,155.8,2020-01-01,https://app.powerbi.com/view?r=eyJrIjoiOTJkN2U4MjUtYWE1Ny00NzA4LWExMzctMDBiYjQ2NjZiZWVjIiwidCI6ImJkMDNhNzM1LTJhYTMtNGNjYS05NzIyLTJhZTQ5MjlhYjNlYyIsImMiOjEwfQ%3D%3D&pageName=adfba30c52355c5b1631
Basco,Batanes,20.4167,121.9667,2020,2,Feb,DJF,Dry Season,1803.7,20.8,2020-02-01,https://app.powerbi.com/view?r=eyJrIjoiOTJkN2U4MjUtYWE1Ny00NzA4LWExMzctMDBiYjQ2NjZiZWVjIiwidCI6ImJkMDNhNzM1LTJhYTMtNGNjYS05NzIyLTJhZTQ5MjlhYjNlYyIsImMiOjEwfQ%3D%3D&pageName=adfba30c52355c5b1631
Basco,Batanes,20.4167,121.9667,2020,3,Mar,MAM,Dry Season,1803.7,60.3,2020-03-01,https://app.powerbi.com/view?r=eyJrIjoiOTJkN2U4MjUtYWE1Ny00NzA4LWExMzctMDBiYjQ2NjZiZWVjIiwidCI6ImJkMDNhNzM1LTJhYTMtNGNjYS05NzIyLTJhZTQ5MjlhYjNlYyIsImMiOjEwfQ%3D%3D&pageName=adfba30c52355c5b1631
Basco,Batanes,20.4167,121.9667,2020,4,Apr,MAM,Dry Season,1803.7,100.6,2020-04-01,https://app.powerbi.com/view?r=eyJrIjoiOTJkN2U4MjUtYWE1Ny00NzA4LWExMzctMDBiYjQ2NjZiZWVjIiwidCI6ImJkMDNhNzM1LTJhYTMtNGNjYS05NzIyLTJhZTQ5MjlhYjNlYyIsImMiOjEwfQ%3D%3D&pageName=adfba30c52355c5b1631
Basco,Batanes,20.4167,121.9667,2020,5,May,MAM,Wet Season,1803.7,210,2020-05-01,https://app.powerbi.com/view?r=eyJrIjoiOTJkN2U4MjUtYWE1Ny00NzA4LWExMzctMDBiYjQ2NjZiZWVjIiwidCI6ImJkMDNhNzM1LTJhYTMtNGNjYS05NzIyLTJhZTQ5MjlhYjNlYyIsImMiOjEwfQ%3D%3D&pageName=adfba30c52355c5b1631
Basco,Batanes,20.4167,121.9667,2020,6,Jun,JJA,Wet Season,1803.7,10.8,2020-06-01,https://app.powerbi.com/view?r=eyJrIjoiOTJkN2U4MjUtYWE1Ny00NzA4LWExMzctMDBiYjQ2NjZiZWVjIiwidCI6ImJkMDNhNzM1LTJhYTMtNGNjYS05NzIyLTJhZTQ5MjlhYjNlYyIsImMiOjEwfQ%3D%3D&pageName=adfba30c52355c5b1631
Basco,Batanes,20.4167,121.9667,2020,7,Jul,JJA,Wet Season,1803.7,113.8,2020-07-01,https://app.powerbi.com/view?r=eyJrIjoiOTJkN2U4MjUtYWE1Ny00NzA4LWExMzctMDBiYjQ2NjZiZWVjIiwidCI6ImJkMDNhNzM1LTJhYTMtNGNjYS05NzIyLTJhZTQ5MjlhYjNlYyIsImMiOjEwfQ%3D%3D&pageName=adfba30c52355c5b1631
Basco,Batanes,20.4167,121.9667,2020,8,Aug,JJA,Wet Season,1803.7,291.9,2020-08-01,https://app.powerbi.com/view?r=eyJrIjoiOTJkN2U4MjUtYWE1Ny00NzA4LWExMzctMDBiYjQ2NjZiZWVjIiwidCI6ImJkMDNhNzM1LTJhYTMtNGNjYS05NzIyLTJhZTQ5MjlhYjNlYyIsImMiOjEwfQ%3D%3D&pageName=adfba30c52355c5b1631
Basco,Batanes,20.4167,121.9667,2020,9,Sep,SON,Wet Season,1803.7,86.2,2020-09-01,https://app.powerbi.com/view?r=eyJrIjoiOTJkN2U4MjUtYWE1Ny00NzA4LWExMzctMDBiYjQ2NjZiZWVjIiwidCI6ImJkMDNhNzM1LTJhYTMtNGNjYS05NzIyLTJhZTQ5MjlhYjNlYyIsImMiOjEwfQ%3D%3D&pageName=adfba30c52355c5b1631
Basco,Batanes,20.4167,121.9667,2020,10,Oct,SON,Wet Season,1803.7,307.7,2020-10-01,https://app.powerbi.com/view?r=eyJrIjoiOTJkN2U4MjUtYWE1Ny00NzA4LWExMzctMDBiYjQ2NjZiZWVjIiwidCI6ImJkMDNhNzM1LTJhYTMtNGNjYS05NzIyLTJhZTQ5MjlhYjNlYyIsImMiOjEwfQ%3D%3D&pageName=adfba30c52355c5b1631
Basco,Batanes,20.4167,121.9667,2020,11,Nov,SON,Dry Season,1803.7,209.4,2020-11-01,https://app.powerbi.com/view?r=eyJrIjoiOTJkN2U4MjUtYWE1Ny00NzA4LWExMzctMDBiYjQ2NjZiZWVjIiwidCI6ImJkMDNhNzM1LTJhYTMtNGNjYS05NzIyLTJhZTQ5MjlhYjNlYyIsImMiOjEwfQ%3D%3D&pageName=adfba30c52355c5b1631
Basco,Batanes,20.4167,121.9667,2020,12,Dec,DJF,Dry Season,1803.7,236.4,2020-12-01,https://app.powerbi.com/view?r=eyJrIjoiOTJkN2U4MjUtYWE1Ny00NzA4LWExMzctMDBiYjQ2NjZiZWVjIiwidCI6ImJkMDNhNzM1LTJhYTMtNGNjYS05NzIyLTJhZTQ5MjlhYjNlYyIsImMiOjEwfQ%3D%3D&pageName=adfba30c52355c5b1631
Calayan,Cagayan,19.263465,121.477261,1991,4,Apr,MAM,Dry Season,36.2,36.2,1991-04-01,https://app.powerbi.com/view?r=eyJrIjoiOTJkN2U4MjUtYWE1Ny00NzA4LWExMzctMDBiYjQ2NjZiZWVjIiwidCI6ImJkMDNhNzM1LTJhYTMtNGNjYS05NzIyLTJhZTQ5MjlhYjNlYyIsImMiOjEwfQ%3D%3D&pageName=adfba30c52355c5b1631
Calayan,Cagayan,19.263465,121.477261,1994,8,Aug,JJA,Wet Season,69.6,69.6,1994-08-01,https://app.powerbi.com/view?r=eyJrIjoiOTJkN2U4MjUtYWE1Ny00NzA4LWExMzctMDBiYjQ2NjZiZWVjIiwidCI6ImJkMDNhNzM1LTJhYTMtNGNjYS05NzIyLTJhZTQ5MjlhYjNlYyIsImMiOjEwfQ%3D%3D&pageName=adfba30c52355c5b1631
Calayan,Cagayan,19.263465,121.477261,1995,8,Aug,JJA,Wet Season,23.4,23.4,1995-08-01,https://app.powerbi.com/view?r=eyJrIjoiOTJkN2U4MjUtYWE1Ny00NzA4LWExMzctMDBiYjQ2NjZiZWVjIiwidCI6ImJkMDNhNzM1LTJhYTMtNGNjYS05NzIyLTJhZTQ5MjlhYjNlYyIsImMiOjEwfQ%3D%3D&pageName=adfba30c52355c5b1631
Calayan,Cagayan,19.263465,121.477261,1996,1,Jan,DJF,Dry Season,115.8,1.8,1996-01-01,https://app.powerbi.com/view?r=eyJrIjoiOTJkN2U4MjUtYWE1Ny00NzA4LWExMzctMDBiYjQ2NjZiZWVjIiwidCI6ImJkMDNhNzM1LTJhYTMtNGNjYS05NzIyLTJhZTQ5MjlhYjNlYyIsImMiOjEwfQ%3D%3D&pageName=adfba30c52355c5b1631
Calayan,Cagayan,19.263465,121.477261,1996,2,Feb,DJF,Dry Season,115.8,95.2,1996-02-01,https://app.powerbi.com/view?r=eyJrIjoiOTJkN2U4MjUtYWE1Ny00NzA4LWExMzctMDBiYjQ2NjZiZWVjIiwidCI6ImJkMDNhNzM1LTJhYTMtNGNjYS05NzIyLTJhZTQ5MjlhYjNlYyIsImMiOjEwfQ%3D%3D&pageName=adfba30c52355c5b1631
Calayan,Cagayan,19.263465,121.477261,1996,10,Oct,SON,Wet Season,115.8,18.8,1996-10-01,https://app.powerbi.com/view?r=eyJrIjoiOTJkN2U4MjUtYWE1Ny00NzA4LWExMzctMDBiYjQ2NjZiZWVjIiwidCI6ImJkMDNhNzM1LTJhYTMtNGNjYS05NzIyLTJhZTQ5MjlhYjNlYyIsImMiOjEwfQ%3D%3D&pageName=adfba30c52355c5b1631
Calayan,Cagayan,19.263465,121.477261,2001,1,Jan,DJF,Dry Season,3303.7,106.6,2001-01-01,https://app.powerbi.com/view?r=eyJrIjoiOTJkN2U4MjUtYWE1Ny00NzA4LWExMzctMDBiYjQ2NjZiZWVjIiwidCI6ImJkMDNhNzM1LTJhYTMtNGNjYS05NzIyLTJhZTQ5MjlhYjNlYyIsImMiOjEwfQ%3D%3D&pageName=adfba30c52355c5b1631
Calayan,Cagayan,19.263465,121.477261,2001,2,Feb,DJF,Dry Season,3303.7,334.4,2001-02-01,https://app.powerbi.com/view?r=eyJrIjoiOTJkN2U4MjUtYWE1Ny00NzA4LWExMzctMDBiYjQ2NjZiZWVjIiwidCI6ImJkMDNhNzM1LTJhYTMtNGNjYS05NzIyLTJhZTQ5MjlhYjNlYyIsImMiOjEwfQ%3D%3D&pageName=adfba30c52355c5b1631
Calayan,Cagayan,19.263465,121.477261,2001,3,Mar,MAM,Dry Season,3303.7,84.6,2001-03-01,https://app.powerbi.com/view?r=eyJrIjoiOTJkN2U4MjUtYWE1Ny00NzA4LWExMzctMDBiYjQ2NjZiZWVjIiwidCI6ImJkMDNhNzM1LTJhYTMtNGNjYS05NzIyLTJhZTQ5MjlhYjNlYyIsImMiOjEwfQ%3D%3D&pageName=adfba30c52355c5b1631
Calayan,Cagayan,19.263465,121.477261,2001,4,Apr,MAM,Dry Season,3303.7,50.2,2001-04-01,https://app.powerbi.com/view?r=eyJrIjoiOTJkN2U4MjUtYWE1Ny00NzA4LWExMzctMDBiYjQ2NjZiZWVjIiwidCI6ImJkMDNhNzM1LTJhYTMtNGNjYS05NzIyLTJhZTQ5MjlhYjNlYyIsImMiOjEwfQ%3D%3D&pageName=adfba30c52355c5b1631
Calayan,Cagayan,19.263465,121.477261,2001,5,May,MAM,Wet Season,3303.7,134,2001-05-01,https://app.powerbi.com/view?r=eyJrIjoiOTJkN2U4MjUtYWE1Ny00NzA4LWExMzctMDBiYjQ2NjZiZWVjIiwidCI6ImJkMDNhNzM1LTJhYTMtNGNjYS05NzIyLTJhZTQ5MjlhYjNlYyIsImMiOjEwfQ%3D%3D&pageName=adfba30c52355c5b1631
Calayan,Cagayan,19.263465,121.477261,2001,6,Jun,JJA,Wet Season,3303.7,174.4,2001-06-01,https://app.powerbi.com/view?r=eyJrIjoiOTJkN2U4MjUtYWE1Ny00NzA4LWExMzctMDBiYjQ2NjZiZWVjIiwidCI6ImJkMDNhNzM1LTJhYTMtNGNjYS05NzIyLTJhZTQ5MjlhYjNlYyIsImMiOjEwfQ%3D%3D&pageName=adfba30c52355c5b1631
Calayan,Cagayan,19.263465,121.477261,2001,7,Jul,JJA,Wet Season,3303.7,303.4,2001-07-01,https://app.powerbi.com/view?r=eyJrIjoiOTJkN2U4MjUtYWE1Ny00NzA4LWExMzctMDBiYjQ2NjZiZWVjIiwidCI6ImJkMDNhNzM1LTJhYTMtNGNjYS05NzIyLTJhZTQ5MjlhYjNlYyIsImMiOjEwfQ%3D%3D&pageName=adfba30c52355c5b1631
Calayan,Cagayan,19.263465,121.477261,2001,8,Aug,JJA,Wet Season,3303.7,215.3,2001-08-01,https://app.powerbi.com/view?r=eyJrIjoiOTJkN2U4MjUtYWE1Ny00NzA4LWExMzctMDBiYjQ2NjZiZWVjIiwidCI6ImJkMDNhNzM1LTJhYTMtNGNjYS05NzIyLTJhZTQ5MjlhYjNlYyIsImMiOjEwfQ%3D%3D&pageName=adfba30c52355c5b1631
Calayan,Cagayan,19.263465,121.477261,2001,9,Sep,SON,Wet Season,3303.7,972,2001-09-01,https://app.powerbi.com/view?r=eyJrIjoiOTJkN2U4MjUtYWE1Ny00NzA4LWExMzctMDBiYjQ2NjZiZWVjIiwidCI6ImJkMDNhNzM1LTJhYTMtNGNjYS05NzIyLTJhZTQ5MjlhYjNlYyIsImMiOjEwfQ%3D%3D&pageName=adfba30c52355c5b1631
Calayan,Cagayan,19.263465,121.477261,2001,10,Oct,SON,Wet Season,3303.7,182.2,2001-10-01,https://app.powerbi.com/view?r=eyJrIjoiOTJkN2U4MjUtYWE1Ny00NzA4LWExMzctMDBiYjQ2NjZiZWVjIiwidCI6ImJkMDNhNzM1LTJhYTMtNGNjYS05NzIyLTJhZTQ5MjlhYjNlYyIsImMiOjEwfQ%3D%3D&pageName=adfba30c52355c5b1631
Calayan,Cagayan,19.263465,121.477261,2001,11,Nov,SON,Dry Season,3303.7,294,2001-11-01,https://app.powerbi.com/view?r=eyJrIjoiOTJkN2U4MjUtYWE1Ny00NzA4LWExMzctMDBiYjQ2NjZiZWVjIiwidCI6ImJkMDNhNzM1LTJhYTMtNGNjYS05NzIyLTJhZTQ5MjlhYjNlYyIsImMiOjEwfQ%3D%3D&pageName=adfba30c52355c5b1631
Calayan,Cagayan,19.263465,121.477261,2001,12,Dec,DJF,Dry Season,3303.7,452.6,2001-12-01,https://app.powerbi.com/view?r=eyJrIjoiOTJkN2U4MjUtYWE1Ny00NzA4LWExMzctMDBiYjQ2NjZiZWVjIiwidCI6ImJkMDNhNzM1LTJhYTMtNGNjYS05NzIyLTJhZTQ5MjlhYjNlYyIsImMiOjEwfQ%3D%3D&pageName=adfba30c52355c5b1631
Calayan,Cagayan,19.263465,121.477261,2002,1,Jan,DJF,Dry Season,2315.2,37,2002-01-01,https://app.powerbi.com/view?r=eyJrIjoiOTJkN2U4MjUtYWE1Ny00NzA4LWExMzctMDBiYjQ2NjZiZWVjIiwidCI6ImJkMDNhNzM1LTJhYTMtNGNjYS05NzIyLTJhZTQ5MjlhYjNlYyIsImMiOjEwfQ%3D%3D&pageName=adfba30c52355c5b1631
Calayan,Cagayan,19.263465,121.477261,2002,2,Feb,DJF,Dry Season,2315.2,55.4,2002-02-01,https://app.powerbi.com/view?r=eyJrIjoiOTJkN2U4MjUtYWE1Ny00NzA4LWExMzctMDBiYjQ2NjZiZWVjIiwidCI6ImJkMDNhNzM1LTJhYTMtNGNjYS05NzIyLTJhZTQ5MjlhYjNlYyIsImMiOjEwfQ%3D%3D&pageName=adfba30c52355c5b1631
Calayan,Cagayan,19.263465,121.477261,2002,3,Mar,MAM,Dry Season,2315.2,9.2,2002-03-01,https://app.powerbi.com/view?r=eyJrIjoiOTJkN2U4MjUtYWE1Ny00NzA4LWExMzctMDBiYjQ2NjZiZWVjIiwidCI6ImJkMDNhNzM1LTJhYTMtNGNjYS05NzIyLTJhZTQ5MjlhYjNlYyIsImMiOjEwfQ%3D%3D&pageName=adfba30c52355c5b1631
Calayan,Cagayan,19.263465,121.477261,2002,4,Apr,MAM,Dry Season,2315.2,0,2002-04-01,https://app.powerbi.com/view?r=eyJrIjoiOTJkN2U4MjUtYWE1Ny00NzA4LWExMzctMDBiYjQ2NjZiZWVjIiwidCI6ImJkMDNhNzM1LTJhYTMtNGNjYS05NzIyLTJhZTQ5MjlhYjNlYyIsImMiOjEwfQ%3D%3D&pageName=adfba30c52355c5b1631
Calayan,Cagayan,19.263465,121.477261,2002,5,May,MAM,Wet Season,2315.2,110.4,2002-05-01,https://app.powerbi.com/view?r=eyJrIjoiOTJkN2U4MjUtYWE1Ny00NzA4LWExMzctMDBiYjQ2NjZiZWVjIiwidCI6ImJkMDNhNzM1LTJhYTMtNGNjYS05NzIyLTJhZTQ5MjlhYjNlYyIsImMiOjEwfQ%3D%3D&pageName=adfba30c52355c5b1631
Calayan,Cagayan,19.263465,121.477261,2002,6,Jun,JJA,Wet Season,2315.2,453.4,2002-06-01,https://app.powerbi.com/view?r=eyJrIjoiOTJkN2U4MjUtYWE1Ny00NzA4LWExMzctMDBiYjQ2NjZiZWVjIiwidCI6ImJkMDNhNzM1LTJhYTMtNGNjYS05NzIyLTJhZTQ5MjlhYjNlYyIsImMiOjEwfQ%3D%3D&pageName=adfba30c52355c5b1631
Calayan,Cagayan,19.263465,121.477261,2002,7,Jul,JJA,Wet Season,2315.2,211.6,2002-07-01,https://app.powerbi.com/view?r=eyJrIjoiOTJkN2U4MjUtYWE1Ny00NzA4LWExMzctMDBiYjQ2NjZiZWVjIiwidCI6ImJkMDNhNzM1LTJhYTMtNGNjYS05NzIyLTJhZTQ5MjlhYjNlYyIsImMiOjEwfQ%3D%3D&pageName=adfba30c52355c5b1631
Calayan,Cagayan,19.263465,121.477261,2002,8,Aug,JJA,Wet Season,2315.2,121.4,2002-08-01,https://app.powerbi.com/view?r=eyJrIjoiOTJkN2U4MjUtYWE1Ny00NzA4LWExMzctMDBiYjQ2NjZiZWVjIiwidCI6ImJkMDNhNzM1LTJhYTMtNGNjYS05NzIyLTJhZTQ5MjlhYjNlYyIsImMiOjEwfQ%3D%3D&pageName=adfba30c52355c5b1631
Calayan,Cagayan,19.263465,121.477261,2002,9,Sep,SON,Wet Season,2315.2,358.6,2002-09-01,https://app.powerbi.com/view?r=eyJrIjoiOTJkN2U4MjUtYWE1Ny00NzA4LWExMzctMDBiYjQ2NjZiZWVjIiwidCI6ImJkMDNhNzM1LTJhYTMtNGNjYS05NzIyLTJhZTQ5MjlhYjNlYyIsImMiOjEwfQ%3D%3D&pageName=adfba30c52355c5b1631
Calayan,Cagayan,19.263465,121.477261,2002,10,Oct,SON,Wet Season,2315.2,290.7,2002-10-01,https://app.powerbi.com/view?r=eyJrIjoiOTJkN2U4MjUtYWE1Ny00NzA4LWExMzctMDBiYjQ2NjZiZWVjIiwidCI6ImJkMDNhNzM1LTJhYTMtNGNjYS05NzIyLTJhZTQ5MjlhYjNlYyIsImMiOjEwfQ%3D%3D&pageName=adfba30c52355c5b1631
Calayan,Cagayan,19.263465,121.477261,2002,11,Nov,SON,Dry Season,2315.2,405.2,2002-11-01,https://app.powerbi.com/view?r=eyJrIjoiOTJkN2U4MjUtYWE1Ny00NzA4LWExMzctMDBiYjQ2NjZiZWVjIiwidCI6ImJkMDNhNzM1LTJhYTMtNGNjYS05NzIyLTJhZTQ5MjlhYjNlYyIsImMiOjEwfQ%3D%3D&pageName=adfba30c52355c5b1631
Calayan,Cagayan,19.263465,121.477261,2002,12,Dec,DJF,Dry Season,2315.2,262.3,2002-12-01,https://app.powerbi.com/view?r=eyJrIjoiOTJkN2U4MjUtYWE1Ny00NzA4LWExMzctMDBiYjQ2NjZiZWVjIiwidCI6ImJkMDNhNzM1LTJhYTMtNGNjYS05NzIyLTJhZTQ5MjlhYjNlYyIsImMiOjEwfQ%3D%3D&pageName=adfba30c52355c5b1631
Calayan,Cagayan,19.263465,121.477261,2003,1,Jan,DJF,Dry Season,2947.2,79.4,2003-01-01,https://app.powerbi.com/view?r=eyJrIjoiOTJkN2U4MjUtYWE1Ny00NzA4LWExMzctMDBiYjQ2NjZiZWVjIiwidCI6ImJkMDNhNzM1LTJhYTMtNGNjYS05NzIyLTJhZTQ5MjlhYjNlYyIsImMiOjEwfQ%3D%3D&pageName=adfba30c52355c5b1631
Calayan,Cagayan,19.263465,121.477261,2003,2,Feb,DJF,Dry Season,2947.2,106.6,2003-02-01,https://app.powerbi.com/view?r=eyJrIjoiOTJkN2U4MjUtYWE1Ny00NzA4LWExMzctMDBiYjQ2NjZiZWVjIiwidCI6ImJkMDNhNzM1LTJhYTMtNGNjYS05NzIyLTJhZTQ5MjlhYjNlYyIsImMiOjEwfQ%3D%3D&pageName=adfba30c52355c5b1631
Calayan,Cagayan,19.263465,121.477261,2003,3,Mar,MAM,Dry Season,2947.2,51.7,2003-03-01,https://app.powerbi.com/view?r=eyJrIjoiOTJkN2U4MjUtYWE1Ny00NzA4LWExMzctMDBiYjQ2NjZiZWVjIiwidCI6ImJkMDNhNzM1LTJhYTMtNGNjYS05NzIyLTJhZTQ5MjlhYjNlYyIsImMiOjEwfQ%3D%3D&pageName=adfba30c52355c5b1631
Calayan,Cagayan,19.263465,121.477261,2003,4,Apr,MAM,Dry Season,2947.2,15.2,2003-04-01,https://app.powerbi.com/view?r=eyJrIjoiOTJkN2U4MjUtYWE1Ny00NzA4LWExMzctMDBiYjQ2NjZiZWVjIiwidCI6ImJkMDNhNzM1LTJhYTMtNGNjYS05NzIyLTJhZTQ5MjlhYjNlYyIsImMiOjEwfQ%3D%3D&pageName=adfba30c52355c5b1631
Calayan,Cagayan,19.263465,121.477261,2003,5,May,MAM,Wet Season,2947.2,191.9,2003-05-01,https://app.powerbi.com/view?r=eyJrIjoiOTJkN2U4MjUtYWE1Ny00NzA4LWExMzctMDBiYjQ2NjZiZWVjIiwidCI6ImJkMDNhNzM1LTJhYTMtNGNjYS05NzIyLTJhZTQ5MjlhYjNlYyIsImMiOjEwfQ%3D%3D&pageName=adfba30c52355c5b1631
Calayan,Cagayan,19.263465,121.477261,2003,6,Jun,JJA,Wet Season,2947.2,341.8,2003-06-01,https://app.powerbi.com/view?r=eyJrIjoiOTJkN2U4MjUtYWE1Ny00NzA4LWExMzctMDBiYjQ2NjZiZWVjIiwidCI6ImJkMDNhNzM1LTJhYTMtNGNjYS05NzIyLTJhZTQ5MjlhYjNlYyIsImMiOjEwfQ%3D%3D&pageName=adfba30c52355c5b1631
Calayan,Cagayan,19.263465,121.477261,2003,7,Jul,JJA,Wet Season,2947.2,47.4,2003-07-01,https://app.powerbi.com/view?r=eyJrIjoiOTJkN2U4MjUtYWE1Ny00NzA4LWExMzctMDBiYjQ2NjZiZWVjIiwidCI6ImJkMDNhNzM1LTJhYTMtNGNjYS05NzIyLTJhZTQ5MjlhYjNlYyIsImMiOjEwfQ%3D%3D&pageName=adfba30c52355c5b1631
Calayan,Cagayan,19.263465,121.477261,2003,8,Aug,JJA,Wet Season,2947.2,459.4,2003-08-01,https://app.powerbi.com/view?r=eyJrIjoiOTJkN2U4MjUtYWE1Ny00NzA4LWExMzctMDBiYjQ2NjZiZWVjIiwidCI6ImJkMDNhNzM1LTJhYTMtNGNjYS05NzIyLTJhZTQ5MjlhYjNlYyIsImMiOjEwfQ%3D%3D&pageName=adfba30c52355c5b1631
Calayan,Cagayan,19.263465,121.477261,2003,9,Sep,SON,Wet Season,2947.2,387,2003-09-01,https://app.powerbi.com/view?r=eyJrIjoiOTJkN2U4MjUtYWE1Ny00NzA4LWExMzctMDBiYjQ2NjZiZWVjIiwidCI6ImJkMDNhNzM1LTJhYTMtNGNjYS05NzIyLTJhZTQ5MjlhYjNlYyIsImMiOjEwfQ%3D%3D&pageName=adfba30c52355c5b1631
Calayan,Cagayan,19.263465,121.477261,2003,10,Oct,SON,Wet Season,2947.2,428.8,2003-10-01,https://app.powerbi.com/view?r=eyJrIjoiOTJkN2U4MjUtYWE1Ny00NzA4LWExMzctMDBiYjQ2NjZiZWVjIiwidCI6ImJkMDNhNzM1LTJhYTMtNGNjYS05NzIyLTJhZTQ5MjlhYjNlYyIsImMiOjEwfQ%3D%3D&pageName=adfba30c52355c5b1631
Calayan,Cagayan,19.263465,121.477261,2003,11,Nov,SON,Dry Season,2947.2,597.8,2003-11-01,https://app.powerbi.com/view?r=eyJrIjoiOTJkN2U4MjUtYWE1Ny00NzA4LWExMzctMDBiYjQ2NjZiZWVjIiwidCI6ImJkMDNhNzM1LTJhYTMtNGNjYS05NzIyLTJhZTQ5MjlhYjNlYyIsImMiOjEwfQ%3D%3D&pageName=adfba30c52355c5b1631
Calayan,Cagayan,19.263465,121.477261,2003,12,Dec,DJF,Dry Season,2947.2,240.2,2003-12-01,https://app.powerbi.com/view?r=eyJrIjoiOTJkN2U4MjUtYWE1Ny00NzA4LWExMzctMDBiYjQ2NjZiZWVjIiwidCI6ImJkMDNhNzM1LTJhYTMtNGNjYS05NzIyLTJhZTQ5MjlhYjNlYyIsImMiOjEwfQ%3D%3D&pageName=adfba30c52355c5b1631
Calayan,Cagayan,19.263465,121.477261,2004,1,Jan,DJF,Dry Season,1924.6,179.2,2004-01-01,https://app.powerbi.com/view?r=eyJrIjoiOTJkN2U4MjUtYWE1Ny00NzA4LWExMzctMDBiYjQ2NjZiZWVjIiwidCI6ImJkMDNhNzM1LTJhYTMtNGNjYS05NzIyLTJhZTQ5MjlhYjNlYyIsImMiOjEwfQ%3D%3D&pageName=adfba30c52355c5b1631
Calayan,Cagayan,19.263465,121.477261,2004,2,Feb,DJF,Dry Season,1924.6,113.4,2004-02-01,https://app.powerbi.com/view?r=eyJrIjoiOTJkN2U4MjUtYWE1Ny00NzA4LWExMzctMDBiYjQ2NjZiZWVjIiwidCI6ImJkMDNhNzM1LTJhYTMtNGNjYS05NzIyLTJhZTQ5MjlhYjNlYyIsImMiOjEwfQ%3D%3D&pageName=adfba30c52355c5b1631
Calayan,Cagayan,19.263465,121.477261,2004,3,Mar,MAM,Dry Season,1924.6,96.8,2004-03-01,https://app.powerbi.com/view?r=eyJrIjoiOTJkN2U4MjUtYWE1Ny00NzA4LWExMzctMDBiYjQ2NjZiZWVjIiwidCI6ImJkMDNhNzM1LTJhYTMtNGNjYS05NzIyLTJhZTQ5MjlhYjNlYyIsImMiOjEwfQ%3D%3D&pageName=adfba30c52355c5b1631
Calayan,Cagayan,19.263465,121.477261,2004,4,Apr,MAM,Dry Season,1924.6,3.2,2004-04-01,https://app.powerbi.com/view?r=eyJrIjoiOTJkN2U4MjUtYWE1Ny00NzA4LWExMzctMDBiYjQ2NjZiZWVjIiwidCI6ImJkMDNhNzM1LTJhYTMtNGNjYS05NzIyLTJhZTQ5MjlhYjNlYyIsImMiOjEwfQ%3D%3D&pageName=adfba30c52355c5b1631
Calayan,Cagayan,19.263465,121.477261,2004,5,May,MAM,Wet Season,1924.6,82,2004-05-01,https://app.powerbi.com/view?r=eyJrIjoiOTJkN2U4MjUtYWE1Ny00NzA4LWExMzctMDBiYjQ2NjZiZWVjIiwidCI6ImJkMDNhNzM1LTJhYTMtNGNjYS05NzIyLTJhZTQ5MjlhYjNlYyIsImMiOjEwfQ%3D%3D&pageName=adfba30c52355c5b1631
Calayan,Cagayan,19.263465,121.477261,2004,6,Jun,JJA,Wet Season,1924.6,478,2004-06-01,https://app.powerbi.com/view?r=eyJrIjoiOTJkN2U4MjUtYWE1Ny00NzA4LWExMzctMDBiYjQ2NjZiZWVjIiwidCI6ImJkMDNhNzM1LTJhYTMtNGNjYS05NzIyLTJhZTQ5MjlhYjNlYyIsImMiOjEwfQ%3D%3D&pageName=adfba30c52355c5b1631
Calayan,Cagayan,19.263465,121.477261,2004,7,Jul,JJA,Wet Season,1924.6,155.4,2004-07-01,https://app.powerbi.com/view?r=eyJrIjoiOTJkN2U4MjUtYWE1Ny00NzA4LWExMzctMDBiYjQ2NjZiZWVjIiwidCI6ImJkMDNhNzM1LTJhYTMtNGNjYS05NzIyLTJhZTQ5MjlhYjNlYyIsImMiOjEwfQ%3D%3D&pageName=adfba30c52355c5b1631
Calayan,Cagayan,19.263465,121.477261,2004,8,Aug,JJA,Wet Season,1924.6,319.8,2004-08-01,https://app.powerbi.com/view?r=eyJrIjoiOTJkN2U4MjUtYWE1Ny00NzA4LWExMzctMDBiYjQ2NjZiZWVjIiwidCI6ImJkMDNhNzM1LTJhYTMtNGNjYS05NzIyLTJhZTQ5MjlhYjNlYyIsImMiOjEwfQ%3D%3D&pageName=adfba30c52355c5b1631
Calayan,Cagayan,19.263465,121.477261,2004,9,Sep,SON,Wet Season,1924.6,67.8,2004-09-01,https://app.powerbi.com/view?r=eyJrIjoiOTJkN2U4MjUtYWE1Ny00NzA4LWExMzctMDBiYjQ2NjZiZWVjIiwidCI6ImJkMDNhNzM1LTJhYTMtNGNjYS05NzIyLTJhZTQ5MjlhYjNlYyIsImMiOjEwfQ%3D%3D&pageName=adfba30c52355c5b1631
Calayan,Cagayan,19.263465,121.477261,2004,10,Oct,SON,Wet Season,1924.6,123.7,2004-10-01,https://app.powerbi.com/view?r=eyJrIjoiOTJkN2U4MjUtYWE1Ny00NzA4LWExMzctMDBiYjQ2NjZiZWVjIiwidCI6ImJkMDNhNzM1LTJhYTMtNGNjYS05NzIyLTJhZTQ5MjlhYjNlYyIsImMiOjEwfQ%3D%3D&pageName=adfba30c52355c5b1631
Calayan,Cagayan,19.263465,121.477261,2004,11,Nov,SON,Dry Season,1924.6,161.3,2004-11-01,https://app.powerbi.com/view?r=eyJrIjoiOTJkN2U4MjUtYWE1Ny00NzA4LWExMzctMDBiYjQ2NjZiZWVjIiwidCI6ImJkMDNhNzM1LTJhYTMtNGNjYS05NzIyLTJhZTQ5MjlhYjNlYyIsImMiOjEwfQ%3D%3D&pageName=adfba30c52355c5b1631
Calayan,Cagayan,19.263465,121.477261,2004,12,Dec,DJF,Dry Season,1924.6,144,2004-12-01,https://app.powerbi.com/view?r=eyJrIjoiOTJkN2U4MjUtYWE1Ny00NzA4LWExMzctMDBiYjQ2NjZiZWVjIiwidCI6ImJkMDNhNzM1LTJhYTMtNGNjYS05NzIyLTJhZTQ5MjlhYjNlYyIsImMiOjEwfQ%3D%3D&pageName=adfba30c52355c5b1631
Calayan,Cagayan,19.263465,121.477261,2005,1,Jan,DJF,Dry Season,2264.2,206.3,2005-01-01,https://app.powerbi.com/view?r=eyJrIjoiOTJkN2U4MjUtYWE1Ny00NzA4LWExMzctMDBiYjQ2NjZiZWVjIiwidCI6ImJkMDNhNzM1LTJhYTMtNGNjYS05NzIyLTJhZTQ5MjlhYjNlYyIsImMiOjEwfQ%3D%3D&pageName=adfba30c52355c5b1631
Calayan,Cagayan,19.263465,121.477261,2005,2,Feb,DJF,Dry Season,2264.2,31.2,2005-02-01,https://app.powerbi.com/view?r=eyJrIjoiOTJkN2U4MjUtYWE1Ny00NzA4LWExMzctMDBiYjQ2NjZiZWVjIiwidCI6ImJkMDNhNzM1LTJhYTMtNGNjYS05NzIyLTJhZTQ5MjlhYjNlYyIsImMiOjEwfQ%3D%3D&pageName=adfba30c52355c5b1631
Calayan,Cagayan,19.263465,121.477261,2005,3,Mar,MAM,Dry Season,2264.2,108.8,2005-03-01,https://app.powerbi.com/view?r=eyJrIjoiOTJkN2U4MjUtYWE1Ny00NzA4LWExMzctMDBiYjQ2NjZiZWVjIiwidCI6ImJkMDNhNzM1LTJhYTMtNGNjYS05NzIyLTJhZTQ5MjlhYjNlYyIsImMiOjEwfQ%3D%3D&pageName=adfba30c52355c5b1631
Calayan,Cagayan,19.263465,121.477261,2005,4,Apr,MAM,Dry Season,2264.2,13.6,2005-04-01,https://app.powerbi.com/view?r=eyJrIjoiOTJkN2U4MjUtYWE1Ny00NzA4LWExMzctMDBiYjQ2NjZiZWVjIiwidCI6ImJkMDNhNzM1LTJhYTMtNGNjYS05NzIyLTJhZTQ5MjlhYjNlYyIsImMiOjEwfQ%3D%3D&pageName=adfba30c52355c5b1631
Calayan,Cagayan,19.263465,121.477261,2005,5,May,MAM,Wet Season,2264.2,169,2005-05-01,https://app.powerbi.com/view?r=eyJrIjoiOTJkN2U4MjUtYWE1Ny00NzA4LWExMzctMDBiYjQ2NjZiZWVjIiwidCI6ImJkMDNhNzM1LTJhYTMtNGNjYS05NzIyLTJhZTQ5MjlhYjNlYyIsImMiOjEwfQ%3D%3D&pageName=adfba30c52355c5b1631
Calayan,Cagayan,19.263465,121.477261,2005,6,Jun,JJA,Wet Season,2264.2,152.8,2005-06-01,https://app.powerbi.com/view?r=eyJrIjoiOTJkN2U4MjUtYWE1Ny00NzA4LWExMzctMDBiYjQ2NjZiZWVjIiwidCI6ImJkMDNhNzM1LTJhYTMtNGNjYS05NzIyLTJhZTQ5MjlhYjNlYyIsImMiOjEwfQ%3D%3D&pageName=adfba30c52355c5b1631
Calayan,Cagayan,19.263465,121.477261,2005,7,Jul,JJA,Wet Season,2264.2,48,2005-07-01,https://app.powerbi.com/view?r=eyJrIjoiOTJkN2U4MjUtYWE1Ny00NzA4LWExMzctMDBiYjQ2NjZiZWVjIiwidCI6ImJkMDNhNzM1LTJhYTMtNGNjYS05NzIyLTJhZTQ5MjlhYjNlYyIsImMiOjEwfQ%3D%3D&pageName=adfba30c52355c5b1631
Calayan,Cagayan,19.263465,121.477261,2005,8,Aug,JJA,Wet Season,2264.2,134.2,2005-08-01,https://app.powerbi.com/view?r=eyJrIjoiOTJkN2U4MjUtYWE1Ny00NzA4LWExMzctMDBiYjQ2NjZiZWVjIiwidCI6ImJkMDNhNzM1LTJhYTMtNGNjYS05NzIyLTJhZTQ5MjlhYjNlYyIsImMiOjEwfQ%3D%3D&pageName=adfba30c52355c5b1631
Calayan,Cagayan,19.263465,121.477261,2005,9,Sep,SON,Wet Season,2264.2,306.8,2005-09-01,https://app.powerbi.com/view?r=eyJrIjoiOTJkN2U4MjUtYWE1Ny00NzA4LWExMzctMDBiYjQ2NjZiZWVjIiwidCI6ImJkMDNhNzM1LTJhYTMtNGNjYS05NzIyLTJhZTQ5MjlhYjNlYyIsImMiOjEwfQ%3D%3D&pageName=adfba30c52355c5b1631
Calayan,Cagayan,19.263465,121.477261,2005,10,Oct,SON,Wet Season,2264.2,388,2005-10-01,https://app.powerbi.com/view?r=eyJrIjoiOTJkN2U4MjUtYWE1Ny00NzA4LWExMzctMDBiYjQ2NjZiZWVjIiwidCI6ImJkMDNhNzM1LTJhYTMtNGNjYS05NzIyLTJhZTQ5MjlhYjNlYyIsImMiOjEwfQ%3D%3D&pageName=adfba30c52355c5b1631
Calayan,Cagayan,19.263465,121.477261,2005,11,Nov,SON,Dry Season,2264.2,465.2,2005-11-01,https://app.powerbi.com/view?r=eyJrIjoiOTJkN2U4MjUtYWE1Ny00NzA4LWExMzctMDBiYjQ2NjZiZWVjIiwidCI6ImJkMDNhNzM1LTJhYTMtNGNjYS05NzIyLTJhZTQ5MjlhYjNlYyIsImMiOjEwfQ%3D%3D&pageName=adfba30c52355c5b1631
Calayan,Cagayan,19.263465,121.477261,2005,12,Dec,DJF,Dry Season,2264.2,240.3,2005-12-01,https://app.powerbi.com/view?r=eyJrIjoiOTJkN2U4MjUtYWE1Ny00NzA4LWExMzctMDBiYjQ2NjZiZWVjIiwidCI6ImJkMDNhNzM1LTJhYTMtNGNjYS05NzIyLTJhZTQ5MjlhYjNlYyIsImMiOjEwfQ%3D%3D&pageName=adfba30c52355c5b1631
Calayan,Cagayan,19.263465,121.477261,2006,1,Jan,DJF,Dry Season,2154,198.8,2006-01-01,https://app.powerbi.com/view?r=eyJrIjoiOTJkN2U4MjUtYWE1Ny00NzA4LWExMzctMDBiYjQ2NjZiZWVjIiwidCI6ImJkMDNhNzM1LTJhYTMtNGNjYS05NzIyLTJhZTQ5MjlhYjNlYyIsImMiOjEwfQ%3D%3D&pageName=adfba30c52355c5b1631
Calayan,Cagayan,19.263465,121.477261,2006,2,Feb,DJF,Dry Season,2154,224.6,2006-02-01,https://app.powerbi.com/view?r=eyJrIjoiOTJkN2U4MjUtYWE1Ny00NzA4LWExMzctMDBiYjQ2NjZiZWVjIiwidCI6ImJkMDNhNzM1LTJhYTMtNGNjYS05NzIyLTJhZTQ5MjlhYjNlYyIsImMiOjEwfQ%3D%3D&pageName=adfba30c52355c5b1631
Calayan,Cagayan,19.263465,121.477261,2006,3,Mar,MAM,Dry Season,2154,52.4,2006-03-01,https://app.powerbi.com/view?r=eyJrIjoiOTJkN2U4MjUtYWE1Ny00NzA4LWExMzctMDBiYjQ2NjZiZWVjIiwidCI6ImJkMDNhNzM1LTJhYTMtNGNjYS05NzIyLTJhZTQ5MjlhYjNlYyIsImMiOjEwfQ%3D%3D&pageName=adfba30c52355c5b1631
Calayan,Cagayan,19.263465,121.477261,2006,4,Apr,MAM,Dry Season,2154,34.6,2006-04-01,https://app.powerbi.com/view?r=eyJrIjoiOTJkN2U4MjUtYWE1Ny00NzA4LWExMzctMDBiYjQ2NjZiZWVjIiwidCI6ImJkMDNhNzM1LTJhYTMtNGNjYS05NzIyLTJhZTQ5MjlhYjNlYyIsImMiOjEwfQ%3D%3D&pageName=adfba30c52355c5b1631
Calayan,Cagayan,19.263465,121.477261,2006,5,May,MAM,Wet Season,2154,93.6,2006-05-01,https://app.powerbi.com/view?r=eyJrIjoiOTJkN2U4MjUtYWE1Ny00NzA4LWExMzctMDBiYjQ2NjZiZWVjIiwidCI6ImJkMDNhNzM1LTJhYTMtNGNjYS05NzIyLTJhZTQ5MjlhYjNlYyIsImMiOjEwfQ%3D%3D&pageName=adfba30c52355c5b1631
Calayan,Cagayan,19.263465,121.477261,2006,6,Jun,JJA,Wet Season,2154,6.8,2006-06-01,https://app.powerbi.com/view?r=eyJrIjoiOTJkN2U4MjUtYWE1Ny00NzA4LWExMzctMDBiYjQ2NjZiZWVjIiwidCI6ImJkMDNhNzM1LTJhYTMtNGNjYS05NzIyLTJhZTQ5MjlhYjNlYyIsImMiOjEwfQ%3D%3D&pageName=adfba30c52355c5b1631
Calayan,Cagayan,19.263465,121.477261,2006,7,Jul,JJA,Wet Season,2154,524.6,2006-07-01,https://app.powerbi.com/view?r=eyJrIjoiOTJkN2U4MjUtYWE1Ny00NzA4LWExMzctMDBiYjQ2NjZiZWVjIiwidCI6ImJkMDNhNzM1LTJhYTMtNGNjYS05NzIyLTJhZTQ5MjlhYjNlYyIsImMiOjEwfQ%3D%3D&pageName=adfba30c52355c5b1631
Calayan,Cagayan,19.263465,121.477261,2006,8,Aug,JJA,Wet Season,2154,157.8,2006-08-01,https://app.powerbi.com/view?r=eyJrIjoiOTJkN2U4MjUtYWE1Ny00NzA4LWExMzctMDBiYjQ2NjZiZWVjIiwidCI6ImJkMDNhNzM1LTJhYTMtNGNjYS05NzIyLTJhZTQ5MjlhYjNlYyIsImMiOjEwfQ%3D%3D&pageName=adfba30c52355c5b1631
Calayan,Cagayan,19.263465,121.477261,2006,9,Sep,SON,Wet Season,2154,276.4,2006-09-01,https://app.powerbi.com/view?r=eyJrIjoiOTJkN2U4MjUtYWE1Ny00NzA4LWExMzctMDBiYjQ2NjZiZWVjIiwidCI6ImJkMDNhNzM1LTJhYTMtNGNjYS05NzIyLTJhZTQ5MjlhYjNlYyIsImMiOjEwfQ%3D%3D&pageName=adfba30c52355c5b1631
Calayan,Cagayan,19.263465,121.477261,2006,10,Oct,SON,Wet Season,2154,129,2006-10-01,https://app.powerbi.com/view?r=eyJrIjoiOTJkN2U4MjUtYWE1Ny00NzA4LWExMzctMDBiYjQ2NjZiZWVjIiwidCI6ImJkMDNhNzM1LTJhYTMtNGNjYS05NzIyLTJhZTQ5MjlhYjNlYyIsImMiOjEwfQ%3D%3D&pageName=adfba30c52355c5b1631
Calayan,Cagayan,19.263465,121.477261,2006,11,Nov,SON,Dry Season,2154,80.6,2006-11-01,https://app.powerbi.com/view?r=eyJrIjoiOTJkN2U4MjUtYWE1Ny00NzA4LWExMzctMDBiYjQ2NjZiZWVjIiwidCI6ImJkMDNhNzM1LTJhYTMtNGNjYS05NzIyLTJhZTQ5MjlhYjNlYyIsImMiOjEwfQ%3D%3D&pageName=adfba30c52355c5b1631
Calayan,Cagayan,19.263465,121.477261,2006,12,Dec,DJF,Dry Season,2154,374.8,2006-12-01,https://app.powerbi.com/view?r=eyJrIjoiOTJkN2U4MjUtYWE1Ny00NzA4LWExMzctMDBiYjQ2NjZiZWVjIiwidCI6ImJkMDNhNzM1LTJhYTMtNGNjYS05NzIyLTJhZTQ5MjlhYjNlYyIsImMiOjEwfQ%3D%3D&pageName=adfba30c52355c5b1631
Calayan,Cagayan,19.263465,121.477261,2007,1,Jan,DJF,Dry Season,2993.8,331.6,2007-01-01,https://app.powerbi.com/view?r=eyJrIjoiOTJkN2U4MjUtYWE1Ny00NzA4LWExMzctMDBiYjQ2NjZiZWVjIiwidCI6ImJkMDNhNzM1LTJhYTMtNGNjYS05NzIyLTJhZTQ5MjlhYjNlYyIsImMiOjEwfQ%3D%3D&pageName=adfba30c52355c5b1631
Calayan,Cagayan,19.263465,121.477261,2007,2,Feb,DJF,Dry Season,2993.8,129.6,2007-02-01,https://app.powerbi.com/view?r=eyJrIjoiOTJkN2U4MjUtYWE1Ny00NzA4LWExMzctMDBiYjQ2NjZiZWVjIiwidCI6ImJkMDNhNzM1LTJhYTMtNGNjYS05NzIyLTJhZTQ5MjlhYjNlYyIsImMiOjEwfQ%3D%3D&pageName=adfba30c52355c5b1631
Calayan,Cagayan,19.263465,121.477261,2007,3,Mar,MAM,Dry Season,2993.8,59.8,2007-03-01,https://app.powerbi.com/view?r=eyJrIjoiOTJkN2U4MjUtYWE1Ny00NzA4LWExMzctMDBiYjQ2NjZiZWVjIiwidCI6ImJkMDNhNzM1LTJhYTMtNGNjYS05NzIyLTJhZTQ5MjlhYjNlYyIsImMiOjEwfQ%3D%3D&pageName=adfba30c52355c5b1631
Calayan,Cagayan,19.263465,121.477261,2007,4,Apr,MAM,Dry Season,2993.8,46.6,2007-04-01,https://app.powerbi.com/view?r=eyJrIjoiOTJkN2U4MjUtYWE1Ny00NzA4LWExMzctMDBiYjQ2NjZiZWVjIiwidCI6ImJkMDNhNzM1LTJhYTMtNGNjYS05NzIyLTJhZTQ5MjlhYjNlYyIsImMiOjEwfQ%3D%3D&pageName=adfba30c52355c5b1631
Calayan,Cagayan,19.263465,121.477261,2007,5,May,MAM,Wet Season,2993.8,311.2,2007-05-01,https://app.powerbi.com/view?r=eyJrIjoiOTJkN2U4MjUtYWE1Ny00NzA4LWExMzctMDBiYjQ2NjZiZWVjIiwidCI6ImJkMDNhNzM1LTJhYTMtNGNjYS05NzIyLTJhZTQ5MjlhYjNlYyIsImMiOjEwfQ%3D%3D&pageName=adfba30c52355c5b1631
Calayan,Cagayan,19.263465,121.477261,2007,6,Jun,JJA,Wet Season,2993.8,162,2007-06-01,https://app.powerbi.com/view?r=eyJrIjoiOTJkN2U4MjUtYWE1Ny00NzA4LWExMzctMDBiYjQ2NjZiZWVjIiwidCI6ImJkMDNhNzM1LTJhYTMtNGNjYS05NzIyLTJhZTQ5MjlhYjNlYyIsImMiOjEwfQ%3D%3D&pageName=adfba30c52355c5b1631
Calayan,Cagayan,19.263465,121.477261,2007,7,Jul,JJA,Wet Season,2993.8,59.6,2007-07-01,https://app.powerbi.com/view?r=eyJrIjoiOTJkN2U4MjUtYWE1Ny00NzA4LWExMzctMDBiYjQ2NjZiZWVjIiwidCI6ImJkMDNhNzM1LTJhYTMtNGNjYS05NzIyLTJhZTQ5MjlhYjNlYyIsImMiOjEwfQ%3D%3D&pageName=adfba30c52355c5b1631
Calayan,Cagayan,19.263465,121.477261,2007,8,Aug,JJA,Wet Season,2993.8,489.6,2007-08-01,https://app.powerbi.com/view?r=eyJrIjoiOTJkN2U4MjUtYWE1Ny00NzA4LWExMzctMDBiYjQ2NjZiZWVjIiwidCI6ImJkMDNhNzM1LTJhYTMtNGNjYS05NzIyLTJhZTQ5MjlhYjNlYyIsImMiOjEwfQ%3D%3D&pageName=adfba30c52355c5b1631
Calayan,Cagayan,19.263465,121.477261,2007,9,Sep,SON,Wet Season,2993.8,524,2007-09-01,https://app.powerbi.com/view?r=eyJrIjoiOTJkN2U4MjUtYWE1Ny00NzA4LWExMzctMDBiYjQ2NjZiZWVjIiwidCI6ImJkMDNhNzM1LTJhYTMtNGNjYS05NzIyLTJhZTQ5MjlhYjNlYyIsImMiOjEwfQ%3D%3D&pageName=adfba30c52355c5b1631
Calayan,Cagayan,19.263465,121.477261,2007,10,Oct,SON,Wet Season,2993.8,523.8,2007-10-01,https://app.powerbi.com/view?r=eyJrIjoiOTJkN2U4MjUtYWE1Ny00NzA4LWExMzctMDBiYjQ2NjZiZWVjIiwidCI6ImJkMDNhNzM1LTJhYTMtNGNjYS05NzIyLTJhZTQ5MjlhYjNlYyIsImMiOjEwfQ%3D%3D&pageName=adfba30c52355c5b1631
Calayan,Cagayan,19.263465,121.477261,2007,11,Nov,SON,Dry Season,2993.8,253,2007-11-01,https://app.powerbi.com/view?r=eyJrIjoiOTJkN2U4MjUtYWE1Ny00NzA4LWExMzctMDBiYjQ2NjZiZWVjIiwidCI6ImJkMDNhNzM1LTJhYTMtNGNjYS05NzIyLTJhZTQ5MjlhYjNlYyIsImMiOjEwfQ%3D%3D&pageName=adfba30c52355c5b1631
Calayan,Cagayan,19.263465,121.477261,2007,12,Dec,DJF,Dry Season,2993.8,103,2007-12-01,https://app.powerbi.com/view?r=eyJrIjoiOTJkN2U4MjUtYWE1Ny00NzA4LWExMzctMDBiYjQ2NjZiZWVjIiwidCI6ImJkMDNhNzM1LTJhYTMtNGNjYS05NzIyLTJhZTQ5MjlhYjNlYyIsImMiOjEwfQ%3D%3D&pageName=adfba30c52355c5b1631
Calayan,Cagayan,19.263465,121.477261,2008,1,Jan,DJF,Dry Season,1798.7,312,2008-01-01,https://app.powerbi.com/view?r=eyJrIjoiOTJkN2U4MjUtYWE1Ny00NzA4LWExMzctMDBiYjQ2NjZiZWVjIiwidCI6ImJkMDNhNzM1LTJhYTMtNGNjYS05NzIyLTJhZTQ5MjlhYjNlYyIsImMiOjEwfQ%3D%3D&pageName=adfba30c52355c5b1631
Calayan,Cagayan,19.263465,121.477261,2008,2,Feb,DJF,Dry Season,1798.7,160.6,2008-02-01,https://app.powerbi.com/view?r=eyJrIjoiOTJkN2U4MjUtYWE1Ny00NzA4LWExMzctMDBiYjQ2NjZiZWVjIiwidCI6ImJkMDNhNzM1LTJhYTMtNGNjYS05NzIyLTJhZTQ5MjlhYjNlYyIsImMiOjEwfQ%3D%3D&pageName=adfba30c52355c5b1631
Calayan,Cagayan,19.263465,121.477261,2008,3,Mar,MAM,Dry Season,1798.7,54.4,2008-03-01,https://app.powerbi.com/view?r=eyJrIjoiOTJkN2U4MjUtYWE1Ny00NzA4LWExMzctMDBiYjQ2NjZiZWVjIiwidCI6ImJkMDNhNzM1LTJhYTMtNGNjYS05NzIyLTJhZTQ5MjlhYjNlYyIsImMiOjEwfQ%3D%3D&pageName=adfba30c52355c5b1631
Calayan,Cagayan,19.263465,121.477261,2008,4,Apr,MAM,Dry Season,1798.7,15.6,2008-04-01,https://app.powerbi.com/view?r=eyJrIjoiOTJkN2U4MjUtYWE1Ny00NzA4LWExMzctMDBiYjQ2NjZiZWVjIiwidCI6ImJkMDNhNzM1LTJhYTMtNGNjYS05NzIyLTJhZTQ5MjlhYjNlYyIsImMiOjEwfQ%3D%3D&pageName=adfba30c52355c5b1631
Calayan,Cagayan,19.263465,121.477261,2008,5,May,MAM,Wet Season,1798.7,155.2,2008-05-01,https://app.powerbi.com/view?r=eyJrIjoiOTJkN2U4MjUtYWE1Ny00NzA4LWExMzctMDBiYjQ2NjZiZWVjIiwidCI6ImJkMDNhNzM1LTJhYTMtNGNjYS05NzIyLTJhZTQ5MjlhYjNlYyIsImMiOjEwfQ%3D%3D&pageName=adfba30c52355c5b1631
Calayan,Cagayan,19.263465,121.477261,2008,6,Jun,JJA,Wet Season,1798.7,61.2,2008-06-01,https://app.powerbi.com/view?r=eyJrIjoiOTJkN2U4MjUtYWE1Ny00NzA4LWExMzctMDBiYjQ2NjZiZWVjIiwidCI6ImJkMDNhNzM1LTJhYTMtNGNjYS05NzIyLTJhZTQ5MjlhYjNlYyIsImMiOjEwfQ%3D%3D&pageName=adfba30c52355c5b1631
Calayan,Cagayan,19.263465,121.477261,2008,10,Oct,SON,Wet Season,1798.7,404.8,2008-10-01,https://app.powerbi.com/view?r=eyJrIjoiOTJkN2U4MjUtYWE1Ny00NzA4LWExMzctMDBiYjQ2NjZiZWVjIiwidCI6ImJkMDNhNzM1LTJhYTMtNGNjYS05NzIyLTJhZTQ5MjlhYjNlYyIsImMiOjEwfQ%3D%3D&pageName=adfba30c52355c5b1631
Calayan,Cagayan,19.263465,121.477261,2008,11,Nov,SON,Dry Season,1798.7,442,2008-11-01,https://app.powerbi.com/view?r=eyJrIjoiOTJkN2U4MjUtYWE1Ny00NzA4LWExMzctMDBiYjQ2NjZiZWVjIiwidCI6ImJkMDNhNzM1LTJhYTMtNGNjYS05NzIyLTJhZTQ5MjlhYjNlYyIsImMiOjEwfQ%3D%3D&pageName=adfba30c52355c5b1631
Calayan,Cagayan,19.263465,121.477261,2008,12,Dec,DJF,Dry Season,1798.7,192.9,2008-12-01,https://app.powerbi.com/view?r=eyJrIjoiOTJkN2U4MjUtYWE1Ny00NzA4LWExMzctMDBiYjQ2NjZiZWVjIiwidCI6ImJkMDNhNzM1LTJhYTMtNGNjYS05NzIyLTJhZTQ5MjlhYjNlYyIsImMiOjEwfQ%3D%3D&pageName=adfba30c52355c5b1631
Calayan,Cagayan,19.263465,121.477261,2009,1,Jan,DJF,Dry Season,2056.6,108.5,2009-01-01,https://app.powerbi.com/view?r=eyJrIjoiOTJkN2U4MjUtYWE1Ny00NzA4LWExMzctMDBiYjQ2NjZiZWVjIiwidCI6ImJkMDNhNzM1LTJhYTMtNGNjYS05NzIyLTJhZTQ5MjlhYjNlYyIsImMiOjEwfQ%3D%3D&pageName=adfba30c52355c5b1631
Calayan,Cagayan,19.263465,121.477261,2009,2,Feb,DJF,Dry Season,2056.6,40.7,2009-02-01,https://app.powerbi.com/view?r=eyJrIjoiOTJkN2U4MjUtYWE1Ny00NzA4LWExMzctMDBiYjQ2NjZiZWVjIiwidCI6ImJkMDNhNzM1LTJhYTMtNGNjYS05NzIyLTJhZTQ5MjlhYjNlYyIsImMiOjEwfQ%3D%3D&pageName=adfba30c52355c5b1631
Calayan,Cagayan,19.263465,121.477261,2009,3,Mar,MAM,Dry Season,2056.6,62.8,2009-03-01,https://app.powerbi.com/view?r=eyJrIjoiOTJkN2U4MjUtYWE1Ny00NzA4LWExMzctMDBiYjQ2NjZiZWVjIiwidCI6ImJkMDNhNzM1LTJhYTMtNGNjYS05NzIyLTJhZTQ5MjlhYjNlYyIsImMiOjEwfQ%3D%3D&pageName=adfba30c52355c5b1631
Calayan,Cagayan,19.263465,121.477261,2009,4,Apr,MAM,Dry Season,2056.6,235,2009-04-01,https://app.powerbi.com/view?r=eyJrIjoiOTJkN2U4MjUtYWE1Ny00NzA4LWExMzctMDBiYjQ2NjZiZWVjIiwidCI6ImJkMDNhNzM1LTJhYTMtNGNjYS05NzIyLTJhZTQ5MjlhYjNlYyIsImMiOjEwfQ%3D%3D&pageName=adfba30c52355c5b1631
Calayan,Cagayan,19.263465,121.477261,2009,5,May,MAM,Wet Season,2056.6,117.2,2009-05-01,https://app.powerbi.com/view?r=eyJrIjoiOTJkN2U4MjUtYWE1Ny00NzA4LWExMzctMDBiYjQ2NjZiZWVjIiwidCI6ImJkMDNhNzM1LTJhYTMtNGNjYS05NzIyLTJhZTQ5MjlhYjNlYyIsImMiOjEwfQ%3D%3D&pageName=adfba30c52355c5b1631
Calayan,Cagayan,19.263465,121.477261,2009,6,Jun,JJA,Wet Season,2056.6,46.8,2009-06-01,https://app.powerbi.com/view?r=eyJrIjoiOTJkN2U4MjUtYWE1Ny00NzA4LWExMzctMDBiYjQ2NjZiZWVjIiwidCI6ImJkMDNhNzM1LTJhYTMtNGNjYS05NzIyLTJhZTQ5MjlhYjNlYyIsImMiOjEwfQ%3D%3D&pageName=adfba30c52355c5b1631
Calayan,Cagayan,19.263465,121.477261,2009,7,Jul,JJA,Wet Season,2056.6,272.8,2009-07-01,https://app.powerbi.com/view?r=eyJrIjoiOTJkN2U4MjUtYWE1Ny00NzA4LWExMzctMDBiYjQ2NjZiZWVjIiwidCI6ImJkMDNhNzM1LTJhYTMtNGNjYS05NzIyLTJhZTQ5MjlhYjNlYyIsImMiOjEwfQ%3D%3D&pageName=adfba30c52355c5b1631
Calayan,Cagayan,19.263465,121.477261,2009,8,Aug,JJA,Wet Season,2056.6,125.8,2009-08-01,https://app.powerbi.com/view?r=eyJrIjoiOTJkN2U4MjUtYWE1Ny00NzA4LWExMzctMDBiYjQ2NjZiZWVjIiwidCI6ImJkMDNhNzM1LTJhYTMtNGNjYS05NzIyLTJhZTQ5MjlhYjNlYyIsImMiOjEwfQ%3D%3D&pageName=adfba30c52355c5b1631
Calayan,Cagayan,19.263465,121.477261,2009,9,Sep,SON,Wet Season,2056.6,402.2,2009-09-01,https://app.powerbi.com/view?r=eyJrIjoiOTJkN2U4MjUtYWE1Ny00NzA4LWExMzctMDBiYjQ2NjZiZWVjIiwidCI6ImJkMDNhNzM1LTJhYTMtNGNjYS05NzIyLTJhZTQ5MjlhYjNlYyIsImMiOjEwfQ%3D%3D&pageName=adfba30c52355c5b1631
Calayan,Cagayan,19.263465,121.477261,2009,10,Oct,SON,Wet Season,2056.6,392.6,2009-10-01,https://app.powerbi.com/view?r=eyJrIjoiOTJkN2U4MjUtYWE1Ny00NzA4LWExMzctMDBiYjQ2NjZiZWVjIiwidCI6ImJkMDNhNzM1LTJhYTMtNGNjYS05NzIyLTJhZTQ5MjlhYjNlYyIsImMiOjEwfQ%3D%3D&pageName=adfba30c52355c5b1631
Calayan,Cagayan,19.263465,121.477261,2009,11,Nov,SON,Dry Season,2056.6,169.8,2009-11-01,https://app.powerbi.com/view?r=eyJrIjoiOTJkN2U4MjUtYWE1Ny00NzA4LWExMzctMDBiYjQ2NjZiZWVjIiwidCI6ImJkMDNhNzM1LTJhYTMtNGNjYS05NzIyLTJhZTQ5MjlhYjNlYyIsImMiOjEwfQ%3D%3D&pageName=adfba30c52355c5b1631
Calayan,Cagayan,19.263465,121.477261,2009,12,Dec,DJF,Dry Season,2056.6,82.4,2009-12-01,https://app.powerbi.com/view?r=eyJrIjoiOTJkN2U4MjUtYWE1Ny00NzA4LWExMzctMDBiYjQ2NjZiZWVjIiwidCI6ImJkMDNhNzM1LTJhYTMtNGNjYS05NzIyLTJhZTQ5MjlhYjNlYyIsImMiOjEwfQ%3D%3D&pageName=adfba30c52355c5b1631
Calayan,Cagayan,19.263465,121.477261,2010,1,Jan,DJF,Dry Season,2197.8,68.2,2010-01-01,https://app.powerbi.com/view?r=eyJrIjoiOTJkN2U4MjUtYWE1Ny00NzA4LWExMzctMDBiYjQ2NjZiZWVjIiwidCI6ImJkMDNhNzM1LTJhYTMtNGNjYS05NzIyLTJhZTQ5MjlhYjNlYyIsImMiOjEwfQ%3D%3D&pageName=adfba30c52355c5b1631
Calayan,Cagayan,19.263465,121.477261,2010,2,Feb,DJF,Dry Season,2197.8,3.8,2010-02-01,https://app.powerbi.com/view?r=eyJrIjoiOTJkN2U4MjUtYWE1Ny00NzA4LWExMzctMDBiYjQ2NjZiZWVjIiwidCI6ImJkMDNhNzM1LTJhYTMtNGNjYS05NzIyLTJhZTQ5MjlhYjNlYyIsImMiOjEwfQ%3D%3D&pageName=adfba30c52355c5b1631
Calayan,Cagayan,19.263465,121.477261,2010,3,Mar,MAM,Dry Season,2197.8,41.6,2010-03-01,https://app.powerbi.com/view?r=eyJrIjoiOTJkN2U4MjUtYWE1Ny00NzA4LWExMzctMDBiYjQ2NjZiZWVjIiwidCI6ImJkMDNhNzM1LTJhYTMtNGNjYS05NzIyLTJhZTQ5MjlhYjNlYyIsImMiOjEwfQ%3D%3D&pageName=adfba30c52355c5b1631
Calayan,Cagayan,19.263465,121.477261,2010,4,Apr,MAM,Dry Season,2197.8,115.4,2010-04-01,https://app.powerbi.com/view?r=eyJrIjoiOTJkN2U4MjUtYWE1Ny00NzA4LWExMzctMDBiYjQ2NjZiZWVjIiwidCI6ImJkMDNhNzM1LTJhYTMtNGNjYS05NzIyLTJhZTQ5MjlhYjNlYyIsImMiOjEwfQ%3D%3D&pageName=adfba30c52355c5b1631
Calayan,Cagayan,19.263465,121.477261,2010,5,May,MAM,Wet Season,2197.8,146.4,2010-05-01,https://app.powerbi.com/view?r=eyJrIjoiOTJkN2U4MjUtYWE1Ny00NzA4LWExMzctMDBiYjQ2NjZiZWVjIiwidCI6ImJkMDNhNzM1LTJhYTMtNGNjYS05NzIyLTJhZTQ5MjlhYjNlYyIsImMiOjEwfQ%3D%3D&pageName=adfba30c52355c5b1631
Calayan,Cagayan,19.263465,121.477261,2010,6,Jun,JJA,Wet Season,2197.8,475.6,2010-06-01,https://app.powerbi.com/view?r=eyJrIjoiOTJkN2U4MjUtYWE1Ny00NzA4LWExMzctMDBiYjQ2NjZiZWVjIiwidCI6ImJkMDNhNzM1LTJhYTMtNGNjYS05NzIyLTJhZTQ5MjlhYjNlYyIsImMiOjEwfQ%3D%3D&pageName=adfba30c52355c5b1631
Calayan,Cagayan,19.263465,121.477261,2010,7,Jul,JJA,Wet Season,2197.8,65.8,2010-07-01,https://app.powerbi.com/view?r=eyJrIjoiOTJkN2U4MjUtYWE1Ny00NzA4LWExMzctMDBiYjQ2NjZiZWVjIiwidCI6ImJkMDNhNzM1LTJhYTMtNGNjYS05NzIyLTJhZTQ5MjlhYjNlYyIsImMiOjEwfQ%3D%3D&pageName=adfba30c52355c5b1631
Calayan,Cagayan,19.263465,121.477261,2010,8,Aug,JJA,Wet Season,2197.8,235,2010-08-01,https://app.powerbi.com/view?r=eyJrIjoiOTJkN2U4MjUtYWE1Ny00NzA4LWExMzctMDBiYjQ2NjZiZWVjIiwidCI6ImJkMDNhNzM1LTJhYTMtNGNjYS05NzIyLTJhZTQ5MjlhYjNlYyIsImMiOjEwfQ%3D%3D&pageName=adfba30c52355c5b1631
Calayan,Cagayan,19.263465,121.477261,2010,9,Sep,SON,Wet Season,2197.8,284.8,2010-09-01,https://app.powerbi.com/view?r=eyJrIjoiOTJkN2U4MjUtYWE1Ny00NzA4LWExMzctMDBiYjQ2NjZiZWVjIiwidCI6ImJkMDNhNzM1LTJhYTMtNGNjYS05NzIyLTJhZTQ5MjlhYjNlYyIsImMiOjEwfQ%3D%3D&pageName=adfba30c52355c5b1631
Calayan,Cagayan,19.263465,121.477261,2010,10,Oct,SON,Wet Season,2197.8,139.9,2010-10-01,https://app.powerbi.com/view?r=eyJrIjoiOTJkN2U4MjUtYWE1Ny00NzA4LWExMzctMDBiYjQ2NjZiZWVjIiwidCI6ImJkMDNhNzM1LTJhYTMtNGNjYS05NzIyLTJhZTQ5MjlhYjNlYyIsImMiOjEwfQ%3D%3D&pageName=adfba30c52355c5b1631
Calayan,Cagayan,19.263465,121.477261,2010,11,Nov,SON,Dry Season,2197.8,500.6,2010-11-01,https://app.powerbi.com/view?r=eyJrIjoiOTJkN2U4MjUtYWE1Ny00NzA4LWExMzctMDBiYjQ2NjZiZWVjIiwidCI6ImJkMDNhNzM1LTJhYTMtNGNjYS05NzIyLTJhZTQ5MjlhYjNlYyIsImMiOjEwfQ%3D%3D&pageName=adfba30c52355c5b1631
Calayan,Cagayan,19.263465,121.477261,2010,12,Dec,DJF,Dry Season,2197.8,120.7,2010-12-01,https://app.powerbi.com/view?r=eyJrIjoiOTJkN2U4MjUtYWE1Ny00NzA4LWExMzctMDBiYjQ2NjZiZWVjIiwidCI6ImJkMDNhNzM1LTJhYTMtNGNjYS05NzIyLTJhZTQ5MjlhYjNlYyIsImMiOjEwfQ%3D%3D&pageName=adfba30c52355c5b1631
Calayan,Cagayan,19.263465,121.477261,2011,1,Jan,DJF,Dry Season,3180.7,362.2,2011-01-01,https://app.powerbi.com/view?r=eyJrIjoiOTJkN2U4MjUtYWE1Ny00NzA4LWExMzctMDBiYjQ2NjZiZWVjIiwidCI6ImJkMDNhNzM1LTJhYTMtNGNjYS05NzIyLTJhZTQ5MjlhYjNlYyIsImMiOjEwfQ%3D%3D&pageName=adfba30c52355c5b1631
Calayan,Cagayan,19.263465,121.477261,2011,2,Feb,DJF,Dry Season,3180.7,11.4,2011-02-01,https://app.powerbi.com/view?r=eyJrIjoiOTJkN2U4MjUtYWE1Ny00NzA4LWExMzctMDBiYjQ2NjZiZWVjIiwidCI6ImJkMDNhNzM1LTJhYTMtNGNjYS05NzIyLTJhZTQ5MjlhYjNlYyIsImMiOjEwfQ%3D%3D&pageName=adfba30c52355c5b1631
Calayan,Cagayan,19.263465,121.477261,2011,3,Mar,MAM,Dry Season,3180.7,198.8,2011-03-01,https://app.powerbi.com/view?r=eyJrIjoiOTJkN2U4MjUtYWE1Ny00NzA4LWExMzctMDBiYjQ2NjZiZWVjIiwidCI6ImJkMDNhNzM1LTJhYTMtNGNjYS05NzIyLTJhZTQ5MjlhYjNlYyIsImMiOjEwfQ%3D%3D&pageName=adfba30c52355c5b1631
Calayan,Cagayan,19.263465,121.477261,2011,4,Apr,MAM,Dry Season,3180.7,7.8,2011-04-01,https://app.powerbi.com/view?r=eyJrIjoiOTJkN2U4MjUtYWE1Ny00NzA4LWExMzctMDBiYjQ2NjZiZWVjIiwidCI6ImJkMDNhNzM1LTJhYTMtNGNjYS05NzIyLTJhZTQ5MjlhYjNlYyIsImMiOjEwfQ%3D%3D&pageName=adfba30c52355c5b1631
Calayan,Cagayan,19.263465,121.477261,2011,5,May,MAM,Wet Season,3180.7,104.2,2011-05-01,https://app.powerbi.com/view?r=eyJrIjoiOTJkN2U4MjUtYWE1Ny00NzA4LWExMzctMDBiYjQ2NjZiZWVjIiwidCI6ImJkMDNhNzM1LTJhYTMtNGNjYS05NzIyLTJhZTQ5MjlhYjNlYyIsImMiOjEwfQ%3D%3D&pageName=adfba30c52355c5b1631
Calayan,Cagayan,19.263465,121.477261,2011,6,Jun,JJA,Wet Season,3180.7,94.8,2011-06-01,https://app.powerbi.com/view?r=eyJrIjoiOTJkN2U4MjUtYWE1Ny00NzA4LWExMzctMDBiYjQ2NjZiZWVjIiwidCI6ImJkMDNhNzM1LTJhYTMtNGNjYS05NzIyLTJhZTQ5MjlhYjNlYyIsImMiOjEwfQ%3D%3D&pageName=adfba30c52355c5b1631
Calayan,Cagayan,19.263465,121.477261,2011,7,Jul,JJA,Wet Season,3180.7,190.8,2011-07-01,https://app.powerbi.com/view?r=eyJrIjoiOTJkN2U4MjUtYWE1Ny00NzA4LWExMzctMDBiYjQ2NjZiZWVjIiwidCI6ImJkMDNhNzM1LTJhYTMtNGNjYS05NzIyLTJhZTQ5MjlhYjNlYyIsImMiOjEwfQ%3D%3D&pageName=adfba30c52355c5b1631
Calayan,Cagayan,19.263465,121.477261,2011,8,Aug,JJA,Wet Season,3180.7,406.1,2011-08-01,https://app.powerbi.com/view?r=eyJrIjoiOTJkN2U4MjUtYWE1Ny00NzA4LWExMzctMDBiYjQ2NjZiZWVjIiwidCI6ImJkMDNhNzM1LTJhYTMtNGNjYS05NzIyLTJhZTQ5MjlhYjNlYyIsImMiOjEwfQ%3D%3D&pageName=adfba30c52355c5b1631
Calayan,Cagayan,19.263465,121.477261,2011,9,Sep,SON,Wet Season,3180.7,650.8,2011-09-01,https://app.powerbi.com/view?r=eyJrIjoiOTJkN2U4MjUtYWE1Ny00NzA4LWExMzctMDBiYjQ2NjZiZWVjIiwidCI6ImJkMDNhNzM1LTJhYTMtNGNjYS05NzIyLTJhZTQ5MjlhYjNlYyIsImMiOjEwfQ%3D%3D&pageName=adfba30c52355c5b1631
Calayan,Cagayan,19.263465,121.477261,2011,10,Oct,SON,Wet Season,3180.7,301.2,2011-10-01,https://app.powerbi.com/view?r=eyJrIjoiOTJkN2U4MjUtYWE1Ny00NzA4LWExMzctMDBiYjQ2NjZiZWVjIiwidCI6ImJkMDNhNzM1LTJhYTMtNGNjYS05NzIyLTJhZTQ5MjlhYjNlYyIsImMiOjEwfQ%3D%3D&pageName=adfba30c52355c5b1631
Calayan,Cagayan,19.263465,121.477261,2011,11,Nov,SON,Dry Season,3180.7,240.6,2011-11-01,https://app.powerbi.com/view?r=eyJrIjoiOTJkN2U4MjUtYWE1Ny00NzA4LWExMzctMDBiYjQ2NjZiZWVjIiwidCI6ImJkMDNhNzM1LTJhYTMtNGNjYS05NzIyLTJhZTQ5MjlhYjNlYyIsImMiOjEwfQ%3D%3D&pageName=adfba30c52355c5b1631
Calayan,Cagayan,19.263465,121.477261,2011,12,Dec,DJF,Dry Season,3180.7,612,2011-12-01,https://app.powerbi.com/view?r=eyJrIjoiOTJkN2U4MjUtYWE1Ny00NzA4LWExMzctMDBiYjQ2NjZiZWVjIiwidCI6ImJkMDNhNzM1LTJhYTMtNGNjYS05NzIyLTJhZTQ5MjlhYjNlYyIsImMiOjEwfQ%3D%3D&pageName=adfba30c52355c5b1631
Calayan,Cagayan,19.263465,121.477261,2012,1,Jan,DJF,Dry Season,2277.4,115.6,2012-01-01,https://app.powerbi.com/view?r=eyJrIjoiOTJkN2U4MjUtYWE1Ny00NzA4LWExMzctMDBiYjQ2NjZiZWVjIiwidCI6ImJkMDNhNzM1LTJhYTMtNGNjYS05NzIyLTJhZTQ5MjlhYjNlYyIsImMiOjEwfQ%3D%3D&pageName=adfba30c52355c5b1631
Calayan,Cagayan,19.263465,121.477261,2012,2,Feb,DJF,Dry Season,2277.4,128,2012-02-01,https://app.powerbi.com/view?r=eyJrIjoiOTJkN2U4MjUtYWE1Ny00NzA4LWExMzctMDBiYjQ2NjZiZWVjIiwidCI6ImJkMDNhNzM1LTJhYTMtNGNjYS05NzIyLTJhZTQ5MjlhYjNlYyIsImMiOjEwfQ%3D%3D&pageName=adfba30c52355c5b1631
Calayan,Cagayan,19.263465,121.477261,2012,3,Mar,MAM,Dry Season,2277.4,227.2,2012-03-01,https://app.powerbi.com/view?r=eyJrIjoiOTJkN2U4MjUtYWE1Ny00NzA4LWExMzctMDBiYjQ2NjZiZWVjIiwidCI6ImJkMDNhNzM1LTJhYTMtNGNjYS05NzIyLTJhZTQ5MjlhYjNlYyIsImMiOjEwfQ%3D%3D&pageName=adfba30c52355c5b1631
Calayan,Cagayan,19.263465,121.477261,2012,4,Apr,MAM,Dry Season,2277.4,36.2,2012-04-01,https://app.powerbi.com/view?r=eyJrIjoiOTJkN2U4MjUtYWE1Ny00NzA4LWExMzctMDBiYjQ2NjZiZWVjIiwidCI6ImJkMDNhNzM1LTJhYTMtNGNjYS05NzIyLTJhZTQ5MjlhYjNlYyIsImMiOjEwfQ%3D%3D&pageName=adfba30c52355c5b1631
Calayan,Cagayan,19.263465,121.477261,2012,5,May,MAM,Wet Season,2277.4,207.6,2012-05-01,https://app.powerbi.com/view?r=eyJrIjoiOTJkN2U4MjUtYWE1Ny00NzA4LWExMzctMDBiYjQ2NjZiZWVjIiwidCI6ImJkMDNhNzM1LTJhYTMtNGNjYS05NzIyLTJhZTQ5MjlhYjNlYyIsImMiOjEwfQ%3D%3D&pageName=adfba30c52355c5b1631
Calayan,Cagayan,19.263465,121.477261,2012,6,Jun,JJA,Wet Season,2277.4,197.8,2012-06-01,https://app.powerbi.com/view?r=eyJrIjoiOTJkN2U4MjUtYWE1Ny00NzA4LWExMzctMDBiYjQ2NjZiZWVjIiwidCI6ImJkMDNhNzM1LTJhYTMtNGNjYS05NzIyLTJhZTQ5MjlhYjNlYyIsImMiOjEwfQ%3D%3D&pageName=adfba30c52355c5b1631
Calayan,Cagayan,19.263465,121.477261,2012,7,Jul,JJA,Wet Season,2277.4,390.8,2012-07-01,https://app.powerbi.com/view?r=eyJrIjoiOTJkN2U4MjUtYWE1Ny00NzA4LWExMzctMDBiYjQ2NjZiZWVjIiwidCI6ImJkMDNhNzM1LTJhYTMtNGNjYS05NzIyLTJhZTQ5MjlhYjNlYyIsImMiOjEwfQ%3D%3D&pageName=adfba30c52355c5b1631
Calayan,Cagayan,19.263465,121.477261,2012,8,Aug,JJA,Wet Season,2277.4,229.4,2012-08-01,https://app.powerbi.com/view?r=eyJrIjoiOTJkN2U4MjUtYWE1Ny00NzA4LWExMzctMDBiYjQ2NjZiZWVjIiwidCI6ImJkMDNhNzM1LTJhYTMtNGNjYS05NzIyLTJhZTQ5MjlhYjNlYyIsImMiOjEwfQ%3D%3D&pageName=adfba30c52355c5b1631
Calayan,Cagayan,19.263465,121.477261,2012,9,Sep,SON,Wet Season,2277.4,163.2,2012-09-01,https://app.powerbi.com/view?r=eyJrIjoiOTJkN2U4MjUtYWE1Ny00NzA4LWExMzctMDBiYjQ2NjZiZWVjIiwidCI6ImJkMDNhNzM1LTJhYTMtNGNjYS05NzIyLTJhZTQ5MjlhYjNlYyIsImMiOjEwfQ%3D%3D&pageName=adfba30c52355c5b1631
Calayan,Cagayan,19.263465,121.477261,2012,10,Oct,SON,Wet Season,2277.4,102,2012-10-01,https://app.powerbi.com/view?r=eyJrIjoiOTJkN2U4MjUtYWE1Ny00NzA4LWExMzctMDBiYjQ2NjZiZWVjIiwidCI6ImJkMDNhNzM1LTJhYTMtNGNjYS05NzIyLTJhZTQ5MjlhYjNlYyIsImMiOjEwfQ%3D%3D&pageName=adfba30c52355c5b1631
Calayan,Cagayan,19.263465,121.477261,2012,11,Nov,SON,Dry Season,2277.4,73.6,2012-11-01,https://app.powerbi.com/view?r=eyJrIjoiOTJkN2U4MjUtYWE1Ny00NzA4LWExMzctMDBiYjQ2NjZiZWVjIiwidCI6ImJkMDNhNzM1LTJhYTMtNGNjYS05NzIyLTJhZTQ5MjlhYjNlYyIsImMiOjEwfQ%3D%3D&pageName=adfba30c52355c5b1631
Calayan,Cagayan,19.263465,121.477261,2012,12,Dec,DJF,Dry Season,2277.4,406,2012-12-01,https://app.powerbi.com/view?r=eyJrIjoiOTJkN2U4MjUtYWE1Ny00NzA4LWExMzctMDBiYjQ2NjZiZWVjIiwidCI6ImJkMDNhNzM1LTJhYTMtNGNjYS05NzIyLTJhZTQ5MjlhYjNlYyIsImMiOjEwfQ%3D%3D&pageName=adfba30c52355c5b1631
Calayan,Cagayan,19.263465,121.477261,2013,1,Jan,DJF,Dry Season,3018.5,168.5,2013-01-01,https://app.powerbi.com/view?r=eyJrIjoiOTJkN2U4MjUtYWE1Ny00NzA4LWExMzctMDBiYjQ2NjZiZWVjIiwidCI6ImJkMDNhNzM1LTJhYTMtNGNjYS05NzIyLTJhZTQ5MjlhYjNlYyIsImMiOjEwfQ%3D%3D&pageName=adfba30c52355c5b1631
Calayan,Cagayan,19.263465,121.477261,2013,2,Feb,DJF,Dry Season,3018.5,40.6,2013-02-01,https://app.powerbi.com/view?r=eyJrIjoiOTJkN2U4MjUtYWE1Ny00NzA4LWExMzctMDBiYjQ2NjZiZWVjIiwidCI6ImJkMDNhNzM1LTJhYTMtNGNjYS05NzIyLTJhZTQ5MjlhYjNlYyIsImMiOjEwfQ%3D%3D&pageName=adfba30c52355c5b1631
Calayan,Cagayan,19.263465,121.477261,2013,3,Mar,MAM,Dry Season,3018.5,6.2,2013-03-01,https://app.powerbi.com/view?r=eyJrIjoiOTJkN2U4MjUtYWE1Ny00NzA4LWExMzctMDBiYjQ2NjZiZWVjIiwidCI6ImJkMDNhNzM1LTJhYTMtNGNjYS05NzIyLTJhZTQ5MjlhYjNlYyIsImMiOjEwfQ%3D%3D&pageName=adfba30c52355c5b1631
Calayan,Cagayan,19.263465,121.477261,2013,4,Apr,MAM,Dry Season,3018.5,44,2013-04-01,https://app.powerbi.com/view?r=eyJrIjoiOTJkN2U4MjUtYWE1Ny00NzA4LWExMzctMDBiYjQ2NjZiZWVjIiwidCI6ImJkMDNhNzM1LTJhYTMtNGNjYS05NzIyLTJhZTQ5MjlhYjNlYyIsImMiOjEwfQ%3D%3D&pageName=adfba30c52355c5b1631
Calayan,Cagayan,19.263465,121.477261,2013,5,May,MAM,Wet Season,3018.5,144.6,2013-05-01,https://app.powerbi.com/view?r=eyJrIjoiOTJkN2U4MjUtYWE1Ny00NzA4LWExMzctMDBiYjQ2NjZiZWVjIiwidCI6ImJkMDNhNzM1LTJhYTMtNGNjYS05NzIyLTJhZTQ5MjlhYjNlYyIsImMiOjEwfQ%3D%3D&pageName=adfba30c52355c5b1631
Calayan,Cagayan,19.263465,121.477261,2013,6,Jun,JJA,Wet Season,3018.5,70.8,2013-06-01,https://app.powerbi.com/view?r=eyJrIjoiOTJkN2U4MjUtYWE1Ny00NzA4LWExMzctMDBiYjQ2NjZiZWVjIiwidCI6ImJkMDNhNzM1LTJhYTMtNGNjYS05NzIyLTJhZTQ5MjlhYjNlYyIsImMiOjEwfQ%3D%3D&pageName=adfba30c52355c5b1631
Calayan,Cagayan,19.263465,121.477261,2013,7,Jul,JJA,Wet Season,3018.5,247,2013-07-01,https://app.powerbi.com/view?r=eyJrIjoiOTJkN2U4MjUtYWE1Ny00NzA4LWExMzctMDBiYjQ2NjZiZWVjIiwidCI6ImJkMDNhNzM1LTJhYTMtNGNjYS05NzIyLTJhZTQ5MjlhYjNlYyIsImMiOjEwfQ%3D%3D&pageName=adfba30c52355c5b1631
Calayan,Cagayan,19.263465,121.477261,2013,8,Aug,JJA,Wet Season,3018.5,394.2,2013-08-01,https://app.powerbi.com/view?r=eyJrIjoiOTJkN2U4MjUtYWE1Ny00NzA4LWExMzctMDBiYjQ2NjZiZWVjIiwidCI6ImJkMDNhNzM1LTJhYTMtNGNjYS05NzIyLTJhZTQ5MjlhYjNlYyIsImMiOjEwfQ%3D%3D&pageName=adfba30c52355c5b1631
Calayan,Cagayan,19.263465,121.477261,2013,9,Sep,SON,Wet Season,3018.5,1170.2,2013-09-01,https://app.powerbi.com/view?r=eyJrIjoiOTJkN2U4MjUtYWE1Ny00NzA4LWExMzctMDBiYjQ2NjZiZWVjIiwidCI6ImJkMDNhNzM1LTJhYTMtNGNjYS05NzIyLTJhZTQ5MjlhYjNlYyIsImMiOjEwfQ%3D%3D&pageName=adfba30c52355c5b1631
Calayan,Cagayan,19.263465,121.477261,2013,10,Oct,SON,Wet Season,3018.5,250.8,2013-10-01,https://app.powerbi.com/view?r=eyJrIjoiOTJkN2U4MjUtYWE1Ny00NzA4LWExMzctMDBiYjQ2NjZiZWVjIiwidCI6ImJkMDNhNzM1LTJhYTMtNGNjYS05NzIyLTJhZTQ5MjlhYjNlYyIsImMiOjEwfQ%3D%3D&pageName=adfba30c52355c5b1631
Calayan,Cagayan,19.263465,121.477261,2013,11,Nov,SON,Dry Season,3018.5,137.6,2013-11-01,https://app.powerbi.com/view?r=eyJrIjoiOTJkN2U4MjUtYWE1Ny00NzA4LWExMzctMDBiYjQ2NjZiZWVjIiwidCI6ImJkMDNhNzM1LTJhYTMtNGNjYS05NzIyLTJhZTQ5MjlhYjNlYyIsImMiOjEwfQ%3D%3D&pageName=adfba30c52355c5b1631
Calayan,Cagayan,19.263465,121.477261,2013,12,Dec,DJF,Dry Season,3018.5,344,2013-12-01,https://app.powerbi.com/view?r=eyJrIjoiOTJkN2U4MjUtYWE1Ny00NzA4LWExMzctMDBiYjQ2NjZiZWVjIiwidCI6ImJkMDNhNzM1LTJhYTMtNGNjYS05NzIyLTJhZTQ5MjlhYjNlYyIsImMiOjEwfQ%3D%3D&pageName=adfba30c52355c5b1631
Calayan,Cagayan,19.263465,121.477261,2014,1,Jan,DJF,Dry Season,1539.2,214.8,2014-01-01,https://app.powerbi.com/view?r=eyJrIjoiOTJkN2U4MjUtYWE1Ny00NzA4LWExMzctMDBiYjQ2NjZiZWVjIiwidCI6ImJkMDNhNzM1LTJhYTMtNGNjYS05NzIyLTJhZTQ5MjlhYjNlYyIsImMiOjEwfQ%3D%3D&pageName=adfba30c52355c5b1631
Calayan,Cagayan,19.263465,121.477261,2014,2,Feb,DJF,Dry Season,1539.2,64.2,2014-02-01,https://app.powerbi.com/view?r=eyJrIjoiOTJkN2U4MjUtYWE1Ny00NzA4LWExMzctMDBiYjQ2NjZiZWVjIiwidCI6ImJkMDNhNzM1LTJhYTMtNGNjYS05NzIyLTJhZTQ5MjlhYjNlYyIsImMiOjEwfQ%3D%3D&pageName=adfba30c52355c5b1631
Calayan,Cagayan,19.263465,121.477261,2014,3,Mar,MAM,Dry Season,1539.2,23.3,2014-03-01,https://app.powerbi.com/view?r=eyJrIjoiOTJkN2U4MjUtYWE1Ny00NzA4LWExMzctMDBiYjQ2NjZiZWVjIiwidCI6ImJkMDNhNzM1LTJhYTMtNGNjYS05NzIyLTJhZTQ5MjlhYjNlYyIsImMiOjEwfQ%3D%3D&pageName=adfba30c52355c5b1631
Calayan,Cagayan,19.263465,121.477261,2014,4,Apr,MAM,Dry Season,1539.2,24,2014-04-01,https://app.powerbi.com/view?r=eyJrIjoiOTJkN2U4MjUtYWE1Ny00NzA4LWExMzctMDBiYjQ2NjZiZWVjIiwidCI6ImJkMDNhNzM1LTJhYTMtNGNjYS05NzIyLTJhZTQ5MjlhYjNlYyIsImMiOjEwfQ%3D%3D&pageName=adfba30c52355c5b1631
Calayan,Cagayan,19.263465,121.477261,2014,5,May,MAM,Wet Season,1539.2,0.6,2014-05-01,https://app.powerbi.com/view?r=eyJrIjoiOTJkN2U4MjUtYWE1Ny00NzA4LWExMzctMDBiYjQ2NjZiZWVjIiwidCI6ImJkMDNhNzM1LTJhYTMtNGNjYS05NzIyLTJhZTQ5MjlhYjNlYyIsImMiOjEwfQ%3D%3D&pageName=adfba30c52355c5b1631
Calayan,Cagayan,19.263465,121.477261,2014,6,Jun,JJA,Wet Season,1539.2,165.4,2014-06-01,https://app.powerbi.com/view?r=eyJrIjoiOTJkN2U4MjUtYWE1Ny00NzA4LWExMzctMDBiYjQ2NjZiZWVjIiwidCI6ImJkMDNhNzM1LTJhYTMtNGNjYS05NzIyLTJhZTQ5MjlhYjNlYyIsImMiOjEwfQ%3D%3D&pageName=adfba30c52355c5b1631
Calayan,Cagayan,19.263465,121.477261,2014,7,Jul,JJA,Wet Season,1539.2,240.3,2014-07-01,https://app.powerbi.com/view?r=eyJrIjoiOTJkN2U4MjUtYWE1Ny00NzA4LWExMzctMDBiYjQ2NjZiZWVjIiwidCI6ImJkMDNhNzM1LTJhYTMtNGNjYS05NzIyLTJhZTQ5MjlhYjNlYyIsImMiOjEwfQ%3D%3D&pageName=adfba30c52355c5b1631
Calayan,Cagayan,19.263465,121.477261,2014,8,Aug,JJA,Wet Season,1539.2,148.6,2014-08-01,https://app.powerbi.com/view?r=eyJrIjoiOTJkN2U4MjUtYWE1Ny00NzA4LWExMzctMDBiYjQ2NjZiZWVjIiwidCI6ImJkMDNhNzM1LTJhYTMtNGNjYS05NzIyLTJhZTQ5MjlhYjNlYyIsImMiOjEwfQ%3D%3D&pageName=adfba30c52355c5b1631
Calayan,Cagayan,19.263465,121.477261,2014,9,Sep,SON,Wet Season,1539.2,197.4,2014-09-01,https://app.powerbi.com/view?r=eyJrIjoiOTJkN2U4MjUtYWE1Ny00NzA4LWExMzctMDBiYjQ2NjZiZWVjIiwidCI6ImJkMDNhNzM1LTJhYTMtNGNjYS05NzIyLTJhZTQ5MjlhYjNlYyIsImMiOjEwfQ%3D%3D&pageName=adfba30c52355c5b1631
Calayan,Cagayan,19.263465,121.477261,2014,10,Oct,SON,Wet Season,1539.2,55.6,2014-10-01,https://app.powerbi.com/view?r=eyJrIjoiOTJkN2U4MjUtYWE1Ny00NzA4LWExMzctMDBiYjQ2NjZiZWVjIiwidCI6ImJkMDNhNzM1LTJhYTMtNGNjYS05NzIyLTJhZTQ5MjlhYjNlYyIsImMiOjEwfQ%3D%3D&pageName=adfba30c52355c5b1631
Calayan,Cagayan,19.263465,121.477261,2014,11,Nov,SON,Dry Season,1539.2,129.4,2014-11-01,https://app.powerbi.com/view?r=eyJrIjoiOTJkN2U4MjUtYWE1Ny00NzA4LWExMzctMDBiYjQ2NjZiZWVjIiwidCI6ImJkMDNhNzM1LTJhYTMtNGNjYS05NzIyLTJhZTQ5MjlhYjNlYyIsImMiOjEwfQ%3D%3D&pageName=adfba30c52355c5b1631
Calayan,Cagayan,19.263465,121.477261,2014,12,Dec,DJF,Dry Season,1539.2,275.6,2014-12-01,https://app.powerbi.com/view?r=eyJrIjoiOTJkN2U4MjUtYWE1Ny00NzA4LWExMzctMDBiYjQ2NjZiZWVjIiwidCI6ImJkMDNhNzM1LTJhYTMtNGNjYS05NzIyLTJhZTQ5MjlhYjNlYyIsImMiOjEwfQ%3D%3D&pageName=adfba30c52355c5b1631
Calayan,Cagayan,19.263465,121.477261,2015,1,Jan,DJF,Dry Season,2127.4,72,2015-01-01,https://app.powerbi.com/view?r=eyJrIjoiOTJkN2U4MjUtYWE1Ny00NzA4LWExMzctMDBiYjQ2NjZiZWVjIiwidCI6ImJkMDNhNzM1LTJhYTMtNGNjYS05NzIyLTJhZTQ5MjlhYjNlYyIsImMiOjEwfQ%3D%3D&pageName=adfba30c52355c5b1631
Calayan,Cagayan,19.263465,121.477261,2015,2,Feb,DJF,Dry Season,2127.4,105.7,2015-02-01,https://app.powerbi.com/view?r=eyJrIjoiOTJkN2U4MjUtYWE1Ny00NzA4LWExMzctMDBiYjQ2NjZiZWVjIiwidCI6ImJkMDNhNzM1LTJhYTMtNGNjYS05NzIyLTJhZTQ5MjlhYjNlYyIsImMiOjEwfQ%3D%3D&pageName=adfba30c52355c5b1631
Calayan,Cagayan,19.263465,121.477261,2015,3,Mar,MAM,Dry Season,2127.4,41.3,2015-03-01,https://app.powerbi.com/view?r=eyJrIjoiOTJkN2U4MjUtYWE1Ny00NzA4LWExMzctMDBiYjQ2NjZiZWVjIiwidCI6ImJkMDNhNzM1LTJhYTMtNGNjYS05NzIyLTJhZTQ5MjlhYjNlYyIsImMiOjEwfQ%3D%3D&pageName=adfba30c52355c5b1631
Calayan,Cagayan,19.263465,121.477261,2015,4,Apr,MAM,Dry Season,2127.4,40,2015-04-01,https://app.powerbi.com/view?r=eyJrIjoiOTJkN2U4MjUtYWE1Ny00NzA4LWExMzctMDBiYjQ2NjZiZWVjIiwidCI6ImJkMDNhNzM1LTJhYTMtNGNjYS05NzIyLTJhZTQ5MjlhYjNlYyIsImMiOjEwfQ%3D%3D&pageName=adfba30c52355c5b1631
Calayan,Cagayan,19.263465,121.477261,2015,5,May,MAM,Wet Season,2127.4,81.6,2015-05-01,https://app.powerbi.com/view?r=eyJrIjoiOTJkN2U4MjUtYWE1Ny00NzA4LWExMzctMDBiYjQ2NjZiZWVjIiwidCI6ImJkMDNhNzM1LTJhYTMtNGNjYS05NzIyLTJhZTQ5MjlhYjNlYyIsImMiOjEwfQ%3D%3D&pageName=adfba30c52355c5b1631
Calayan,Cagayan,19.263465,121.477261,2015,6,Jun,JJA,Wet Season,2127.4,70.2,2015-06-01,https://app.powerbi.com/view?r=eyJrIjoiOTJkN2U4MjUtYWE1Ny00NzA4LWExMzctMDBiYjQ2NjZiZWVjIiwidCI6ImJkMDNhNzM1LTJhYTMtNGNjYS05NzIyLTJhZTQ5MjlhYjNlYyIsImMiOjEwfQ%3D%3D&pageName=adfba30c52355c5b1631
Calayan,Cagayan,19.263465,121.477261,2015,7,Jul,JJA,Wet Season,2127.4,145.6,2015-07-01,https://app.powerbi.com/view?r=eyJrIjoiOTJkN2U4MjUtYWE1Ny00NzA4LWExMzctMDBiYjQ2NjZiZWVjIiwidCI6ImJkMDNhNzM1LTJhYTMtNGNjYS05NzIyLTJhZTQ5MjlhYjNlYyIsImMiOjEwfQ%3D%3D&pageName=adfba30c52355c5b1631
Calayan,Cagayan,19.263465,121.477261,2015,8,Aug,JJA,Wet Season,2127.4,753.4,2015-08-01,https://app.powerbi.com/view?r=eyJrIjoiOTJkN2U4MjUtYWE1Ny00NzA4LWExMzctMDBiYjQ2NjZiZWVjIiwidCI6ImJkMDNhNzM1LTJhYTMtNGNjYS05NzIyLTJhZTQ5MjlhYjNlYyIsImMiOjEwfQ%3D%3D&pageName=adfba30c52355c5b1631
Calayan,Cagayan,19.263465,121.477261,2015,9,Sep,SON,Wet Season,2127.4,57,2015-09-01,https://app.powerbi.com/view?r=eyJrIjoiOTJkN2U4MjUtYWE1Ny00NzA4LWExMzctMDBiYjQ2NjZiZWVjIiwidCI6ImJkMDNhNzM1LTJhYTMtNGNjYS05NzIyLTJhZTQ5MjlhYjNlYyIsImMiOjEwfQ%3D%3D&pageName=adfba30c52355c5b1631
Calayan,Cagayan,19.263465,121.477261,2015,10,Oct,SON,Wet Season,2127.4,333.8,2015-10-01,https://app.powerbi.com/view?r=eyJrIjoiOTJkN2U4MjUtYWE1Ny00NzA4LWExMzctMDBiYjQ2NjZiZWVjIiwidCI6ImJkMDNhNzM1LTJhYTMtNGNjYS05NzIyLTJhZTQ5MjlhYjNlYyIsImMiOjEwfQ%3D%3D&pageName=adfba30c52355c5b1631
Calayan,Cagayan,19.263465,121.477261,2015,11,Nov,SON,Dry Season,2127.4,97.6,2015-11-01,https://app.powerbi.com/view?r=eyJrIjoiOTJkN2U4MjUtYWE1Ny00NzA4LWExMzctMDBiYjQ2NjZiZWVjIiwidCI6ImJkMDNhNzM1LTJhYTMtNGNjYS05NzIyLTJhZTQ5MjlhYjNlYyIsImMiOjEwfQ%3D%3D&pageName=adfba30c52355c5b1631
Calayan,Cagayan,19.263465,121.477261,2015,12,Dec,DJF,Dry Season,2127.4,329.2,2015-12-01,https://app.powerbi.com/view?r=eyJrIjoiOTJkN2U4MjUtYWE1Ny00NzA4LWExMzctMDBiYjQ2NjZiZWVjIiwidCI6ImJkMDNhNzM1LTJhYTMtNGNjYS05NzIyLTJhZTQ5MjlhYjNlYyIsImMiOjEwfQ%3D%3D&pageName=adfba30c52355c5b1631
Calayan,Cagayan,19.263465,121.477261,2016,1,Jan,DJF,Dry Season,2941.7,196.6,2016-01-01,https://app.powerbi.com/view?r=eyJrIjoiOTJkN2U4MjUtYWE1Ny00NzA4LWExMzctMDBiYjQ2NjZiZWVjIiwidCI6ImJkMDNhNzM1LTJhYTMtNGNjYS05NzIyLTJhZTQ5MjlhYjNlYyIsImMiOjEwfQ%3D%3D&pageName=adfba30c52355c5b1631
Calayan,Cagayan,19.263465,121.477261,2016,2,Feb,DJF,Dry Season,2941.7,141.8,2016-02-01,https://app.powerbi.com/view?r=eyJrIjoiOTJkN2U4MjUtYWE1Ny00NzA4LWExMzctMDBiYjQ2NjZiZWVjIiwidCI6ImJkMDNhNzM1LTJhYTMtNGNjYS05NzIyLTJhZTQ5MjlhYjNlYyIsImMiOjEwfQ%3D%3D&pageName=adfba30c52355c5b1631
Calayan,Cagayan,19.263465,121.477261,2016,3,Mar,MAM,Dry Season,2941.7,87.6,2016-03-01,https://app.powerbi.com/view?r=eyJrIjoiOTJkN2U4MjUtYWE1Ny00NzA4LWExMzctMDBiYjQ2NjZiZWVjIiwidCI6ImJkMDNhNzM1LTJhYTMtNGNjYS05NzIyLTJhZTQ5MjlhYjNlYyIsImMiOjEwfQ%3D%3D&pageName=adfba30c52355c5b1631
Calayan,Cagayan,19.263465,121.477261,2016,4,Apr,MAM,Dry Season,2941.7,11.6,2016-04-01,https://app.powerbi.com/view?r=eyJrIjoiOTJkN2U4MjUtYWE1Ny00NzA4LWExMzctMDBiYjQ2NjZiZWVjIiwidCI6ImJkMDNhNzM1LTJhYTMtNGNjYS05NzIyLTJhZTQ5MjlhYjNlYyIsImMiOjEwfQ%3D%3D&pageName=adfba30c52355c5b1631
Calayan,Cagayan,19.263465,121.477261,2016,5,May,MAM,Wet Season,2941.7,99,2016-05-01,https://app.powerbi.com/view?r=eyJrIjoiOTJkN2U4MjUtYWE1Ny00NzA4LWExMzctMDBiYjQ2NjZiZWVjIiwidCI6ImJkMDNhNzM1LTJhYTMtNGNjYS05NzIyLTJhZTQ5MjlhYjNlYyIsImMiOjEwfQ%3D%3D&pageName=adfba30c52355c5b1631
Calayan,Cagayan,19.263465,121.477261,2016,6,Jun,JJA,Wet Season,2941.7,126.8,2016-06-01,https://app.powerbi.com/view?r=eyJrIjoiOTJkN2U4MjUtYWE1Ny00NzA4LWExMzctMDBiYjQ2NjZiZWVjIiwidCI6ImJkMDNhNzM1LTJhYTMtNGNjYS05NzIyLTJhZTQ5MjlhYjNlYyIsImMiOjEwfQ%3D%3D&pageName=adfba30c52355c5b1631
Calayan,Cagayan,19.263465,121.477261,2016,7,Jul,JJA,Wet Season,2941.7,223.8,2016-07-01,https://app.powerbi.com/view?r=eyJrIjoiOTJkN2U4MjUtYWE1Ny00NzA4LWExMzctMDBiYjQ2NjZiZWVjIiwidCI6ImJkMDNhNzM1LTJhYTMtNGNjYS05NzIyLTJhZTQ5MjlhYjNlYyIsImMiOjEwfQ%3D%3D&pageName=adfba30c52355c5b1631
Calayan,Cagayan,19.263465,121.477261,2016,8,Aug,JJA,Wet Season,2941.7,348.2,2016-08-01,https://app.powerbi.com/view?r=eyJrIjoiOTJkN2U4MjUtYWE1Ny00NzA4LWExMzctMDBiYjQ2NjZiZWVjIiwidCI6ImJkMDNhNzM1LTJhYTMtNGNjYS05NzIyLTJhZTQ5MjlhYjNlYyIsImMiOjEwfQ%3D%3D&pageName=adfba30c52355c5b1631
Calayan,Cagayan,19.263465,121.477261,2016,9,Sep,SON,Wet Season,2941.7,330.1,2016-09-01,https://app.powerbi.com/view?r=eyJrIjoiOTJkN2U4MjUtYWE1Ny00NzA4LWExMzctMDBiYjQ2NjZiZWVjIiwidCI6ImJkMDNhNzM1LTJhYTMtNGNjYS05NzIyLTJhZTQ5MjlhYjNlYyIsImMiOjEwfQ%3D%3D&pageName=adfba30c52355c5b1631
Calayan,Cagayan,19.263465,121.477261,2016,10,Oct,SON,Wet Season,2941.7,275.2,2016-10-01,https://app.powerbi.com/view?r=eyJrIjoiOTJkN2U4MjUtYWE1Ny00NzA4LWExMzctMDBiYjQ2NjZiZWVjIiwidCI6ImJkMDNhNzM1LTJhYTMtNGNjYS05NzIyLTJhZTQ5MjlhYjNlYyIsImMiOjEwfQ%3D%3D&pageName=adfba30c52355c5b1631
Calayan,Cagayan,19.263465,121.477261,2016,11,Nov,SON,Dry Season,2941.7,482.6,2016-11-01,https://app.powerbi.com/view?r=eyJrIjoiOTJkN2U4MjUtYWE1Ny00NzA4LWExMzctMDBiYjQ2NjZiZWVjIiwidCI6ImJkMDNhNzM1LTJhYTMtNGNjYS05NzIyLTJhZTQ5MjlhYjNlYyIsImMiOjEwfQ%3D%3D&pageName=adfba30c52355c5b1631
Calayan,Cagayan,19.263465,121.477261,2016,12,Dec,DJF,Dry Season,2941.7,618.4,2016-12-01,https://app.powerbi.com/view?r=eyJrIjoiOTJkN2U4MjUtYWE1Ny00NzA4LWExMzctMDBiYjQ2NjZiZWVjIiwidCI6ImJkMDNhNzM1LTJhYTMtNGNjYS05NzIyLTJhZTQ5MjlhYjNlYyIsImMiOjEwfQ%3D%3D&pageName=adfba30c52355c5b1631
Calayan,Cagayan,19.263465,121.477261,2017,1,Jan,DJF,Dry Season,3581.6,372,2017-01-01,https://app.powerbi.com/view?r=eyJrIjoiOTJkN2U4MjUtYWE1Ny00NzA4LWExMzctMDBiYjQ2NjZiZWVjIiwidCI6ImJkMDNhNzM1LTJhYTMtNGNjYS05NzIyLTJhZTQ5MjlhYjNlYyIsImMiOjEwfQ%3D%3D&pageName=adfba30c52355c5b1631
Calayan,Cagayan,19.263465,121.477261,2017,2,Feb,DJF,Dry Season,3581.6,231.8,2017-02-01,https://app.powerbi.com/view?r=eyJrIjoiOTJkN2U4MjUtYWE1Ny00NzA4LWExMzctMDBiYjQ2NjZiZWVjIiwidCI6ImJkMDNhNzM1LTJhYTMtNGNjYS05NzIyLTJhZTQ5MjlhYjNlYyIsImMiOjEwfQ%3D%3D&pageName=adfba30c52355c5b1631
Calayan,Cagayan,19.263465,121.477261,2017,3,Mar,MAM,Dry Season,3581.6,49.2,2017-03-01,https://app.powerbi.com/view?r=eyJrIjoiOTJkN2U4MjUtYWE1Ny00NzA4LWExMzctMDBiYjQ2NjZiZWVjIiwidCI6ImJkMDNhNzM1LTJhYTMtNGNjYS05NzIyLTJhZTQ5MjlhYjNlYyIsImMiOjEwfQ%3D%3D&pageName=adfba30c52355c5b1631
Calayan,Cagayan,19.263465,121.477261,2017,4,Apr,MAM,Dry Season,3581.6,106.6,2017-04-01,https://app.powerbi.com/view?r=eyJrIjoiOTJkN2U4MjUtYWE1Ny00NzA4LWExMzctMDBiYjQ2NjZiZWVjIiwidCI6ImJkMDNhNzM1LTJhYTMtNGNjYS05NzIyLTJhZTQ5MjlhYjNlYyIsImMiOjEwfQ%3D%3D&pageName=adfba30c52355c5b1631
Calayan,Cagayan,19.263465,121.477261,2017,5,May,MAM,Wet Season,3581.6,228.4,2017-05-01,https://app.powerbi.com/view?r=eyJrIjoiOTJkN2U4MjUtYWE1Ny00NzA4LWExMzctMDBiYjQ2NjZiZWVjIiwidCI6ImJkMDNhNzM1LTJhYTMtNGNjYS05NzIyLTJhZTQ5MjlhYjNlYyIsImMiOjEwfQ%3D%3D&pageName=adfba30c52355c5b1631
Calayan,Cagayan,19.263465,121.477261,2017,6,Jun,JJA,Wet Season,3581.6,44,2017-06-01,https://app.powerbi.com/view?r=eyJrIjoiOTJkN2U4MjUtYWE1Ny00NzA4LWExMzctMDBiYjQ2NjZiZWVjIiwidCI6ImJkMDNhNzM1LTJhYTMtNGNjYS05NzIyLTJhZTQ5MjlhYjNlYyIsImMiOjEwfQ%3D%3D&pageName=adfba30c52355c5b1631
Calayan,Cagayan,19.263465,121.477261,2017,7,Jul,JJA,Wet Season,3581.6,94.2,2017-07-01,https://app.powerbi.com/view?r=eyJrIjoiOTJkN2U4MjUtYWE1Ny00NzA4LWExMzctMDBiYjQ2NjZiZWVjIiwidCI6ImJkMDNhNzM1LTJhYTMtNGNjYS05NzIyLTJhZTQ5MjlhYjNlYyIsImMiOjEwfQ%3D%3D&pageName=adfba30c52355c5b1631
Calayan,Cagayan,19.263465,121.477261,2017,8,Aug,JJA,Wet Season,3581.6,648,2017-08-01,https://app.powerbi.com/view?r=eyJrIjoiOTJkN2U4MjUtYWE1Ny00NzA4LWExMzctMDBiYjQ2NjZiZWVjIiwidCI6ImJkMDNhNzM1LTJhYTMtNGNjYS05NzIyLTJhZTQ5MjlhYjNlYyIsImMiOjEwfQ%3D%3D&pageName=adfba30c52355c5b1631
Calayan,Cagayan,19.263465,121.477261,2017,9,Sep,SON,Wet Season,3581.6,343.6,2017-09-01,https://app.powerbi.com/view?r=eyJrIjoiOTJkN2U4MjUtYWE1Ny00NzA4LWExMzctMDBiYjQ2NjZiZWVjIiwidCI6ImJkMDNhNzM1LTJhYTMtNGNjYS05NzIyLTJhZTQ5MjlhYjNlYyIsImMiOjEwfQ%3D%3D&pageName=adfba30c52355c5b1631
Calayan,Cagayan,19.263465,121.477261,2017,10,Oct,SON,Wet Season,3581.6,490.4,2017-10-01,https://app.powerbi.com/view?r=eyJrIjoiOTJkN2U4MjUtYWE1Ny00NzA4LWExMzctMDBiYjQ2NjZiZWVjIiwidCI6ImJkMDNhNzM1LTJhYTMtNGNjYS05NzIyLTJhZTQ5MjlhYjNlYyIsImMiOjEwfQ%3D%3D&pageName=adfba30c52355c5b1631
Calayan,Cagayan,19.263465,121.477261,2017,11,Nov,SON,Dry Season,3581.6,673.8,2017-11-01,https://app.powerbi.com/view?r=eyJrIjoiOTJkN2U4MjUtYWE1Ny00NzA4LWExMzctMDBiYjQ2NjZiZWVjIiwidCI6ImJkMDNhNzM1LTJhYTMtNGNjYS05NzIyLTJhZTQ5MjlhYjNlYyIsImMiOjEwfQ%3D%3D&pageName=adfba30c52355c5b1631
Calayan,Cagayan,19.263465,121.477261,2017,12,Dec,DJF,Dry Season,3581.6,299.6,2017-12-01,https://app.powerbi.com/view?r=eyJrIjoiOTJkN2U4MjUtYWE1Ny00NzA4LWExMzctMDBiYjQ2NjZiZWVjIiwidCI6ImJkMDNhNzM1LTJhYTMtNGNjYS05NzIyLTJhZTQ5MjlhYjNlYyIsImMiOjEwfQ%3D%3D&pageName=adfba30c52355c5b1631
Calayan,Cagayan,19.263465,121.477261,2018,1,Jan,DJF,Dry Season,2148.4,220.4,2018-01-01,https://app.powerbi.com/view?r=eyJrIjoiOTJkN2U4MjUtYWE1Ny00NzA4LWExMzctMDBiYjQ2NjZiZWVjIiwidCI6ImJkMDNhNzM1LTJhYTMtNGNjYS05NzIyLTJhZTQ5MjlhYjNlYyIsImMiOjEwfQ%3D%3D&pageName=adfba30c52355c5b1631
Calayan,Cagayan,19.263465,121.477261,2018,2,Feb,DJF,Dry Season,2148.4,260.8,2018-02-01,https://app.powerbi.com/view?r=eyJrIjoiOTJkN2U4MjUtYWE1Ny00NzA4LWExMzctMDBiYjQ2NjZiZWVjIiwidCI6ImJkMDNhNzM1LTJhYTMtNGNjYS05NzIyLTJhZTQ5MjlhYjNlYyIsImMiOjEwfQ%3D%3D&pageName=adfba30c52355c5b1631
Calayan,Cagayan,19.263465,121.477261,2018,3,Mar,MAM,Dry Season,2148.4,33,2018-03-01,https://app.powerbi.com/view?r=eyJrIjoiOTJkN2U4MjUtYWE1Ny00NzA4LWExMzctMDBiYjQ2NjZiZWVjIiwidCI6ImJkMDNhNzM1LTJhYTMtNGNjYS05NzIyLTJhZTQ5MjlhYjNlYyIsImMiOjEwfQ%3D%3D&pageName=adfba30c52355c5b1631
Calayan,Cagayan,19.263465,121.477261,2018,4,Apr,MAM,Dry Season,2148.4,35.6,2018-04-01,https://app.powerbi.com/view?r=eyJrIjoiOTJkN2U4MjUtYWE1Ny00NzA4LWExMzctMDBiYjQ2NjZiZWVjIiwidCI6ImJkMDNhNzM1LTJhYTMtNGNjYS05NzIyLTJhZTQ5MjlhYjNlYyIsImMiOjEwfQ%3D%3D&pageName=adfba30c52355c5b1631
Calayan,Cagayan,19.263465,121.477261,2018,5,May,MAM,Wet Season,2148.4,5.6,2018-05-01,https://app.powerbi.com/view?r=eyJrIjoiOTJkN2U4MjUtYWE1Ny00NzA4LWExMzctMDBiYjQ2NjZiZWVjIiwidCI6ImJkMDNhNzM1LTJhYTMtNGNjYS05NzIyLTJhZTQ5MjlhYjNlYyIsImMiOjEwfQ%3D%3D&pageName=adfba30c52355c5b1631
Calayan,Cagayan,19.263465,121.477261,2018,6,Jun,JJA,Wet Season,2148.4,36.4,2018-06-01,https://app.powerbi.com/view?r=eyJrIjoiOTJkN2U4MjUtYWE1Ny00NzA4LWExMzctMDBiYjQ2NjZiZWVjIiwidCI6ImJkMDNhNzM1LTJhYTMtNGNjYS05NzIyLTJhZTQ5MjlhYjNlYyIsImMiOjEwfQ%3D%3D&pageName=adfba30c52355c5b1631
Calayan,Cagayan,19.263465,121.477261,2018,7,Jul,JJA,Wet Season,2148.4,403.2,2018-07-01,https://app.powerbi.com/view?r=eyJrIjoiOTJkN2U4MjUtYWE1Ny00NzA4LWExMzctMDBiYjQ2NjZiZWVjIiwidCI6ImJkMDNhNzM1LTJhYTMtNGNjYS05NzIyLTJhZTQ5MjlhYjNlYyIsImMiOjEwfQ%3D%3D&pageName=adfba30c52355c5b1631
Calayan,Cagayan,19.263465,121.477261,2018,8,Aug,JJA,Wet Season,2148.4,398,2018-08-01,https://app.powerbi.com/view?r=eyJrIjoiOTJkN2U4MjUtYWE1Ny00NzA4LWExMzctMDBiYjQ2NjZiZWVjIiwidCI6ImJkMDNhNzM1LTJhYTMtNGNjYS05NzIyLTJhZTQ5MjlhYjNlYyIsImMiOjEwfQ%3D%3D&pageName=adfba30c52355c5b1631
Calayan,Cagayan,19.263465,121.477261,2018,9,Sep,SON,Wet Season,2148.4,246.6,2018-09-01,https://app.powerbi.com/view?r=eyJrIjoiOTJkN2U4MjUtYWE1Ny00NzA4LWExMzctMDBiYjQ2NjZiZWVjIiwidCI6ImJkMDNhNzM1LTJhYTMtNGNjYS05NzIyLTJhZTQ5MjlhYjNlYyIsImMiOjEwfQ%3D%3D&pageName=adfba30c52355c5b1631
Calayan,Cagayan,19.263465,121.477261,2018,10,Oct,SON,Wet Season,2148.4,115.8,2018-10-01,https://app.powerbi.com/view?r=eyJrIjoiOTJkN2U4MjUtYWE1Ny00NzA4LWExMzctMDBiYjQ2NjZiZWVjIiwidCI6ImJkMDNhNzM1LTJhYTMtNGNjYS05NzIyLTJhZTQ5MjlhYjNlYyIsImMiOjEwfQ%3D%3D&pageName=adfba30c52355c5b1631
Calayan,Cagayan,19.263465,121.477261,2018,11,Nov,SON,Dry Season,2148.4,129,2018-11-01,https://app.powerbi.com/view?r=eyJrIjoiOTJkN2U4MjUtYWE1Ny00NzA4LWExMzctMDBiYjQ2NjZiZWVjIiwidCI6ImJkMDNhNzM1LTJhYTMtNGNjYS05NzIyLTJhZTQ5MjlhYjNlYyIsImMiOjEwfQ%3D%3D&pageName=adfba30c52355c5b1631
Calayan,Cagayan,19.263465,121.477261,2018,12,Dec,DJF,Dry Season,2148.4,264,2018-12-01,https://app.powerbi.com/view?r=eyJrIjoiOTJkN2U4MjUtYWE1Ny00NzA4LWExMzctMDBiYjQ2NjZiZWVjIiwidCI6ImJkMDNhNzM1LTJhYTMtNGNjYS05NzIyLTJhZTQ5MjlhYjNlYyIsImMiOjEwfQ%3D%3D&pageName=adfba30c52355c5b1631
Calayan,Cagayan,19.263465,121.477261,2019,1,Jan,DJF,Dry Season,2763.4,243,2019-01-01,https://app.powerbi.com/view?r=eyJrIjoiOTJkN2U4MjUtYWE1Ny00NzA4LWExMzctMDBiYjQ2NjZiZWVjIiwidCI6ImJkMDNhNzM1LTJhYTMtNGNjYS05NzIyLTJhZTQ5MjlhYjNlYyIsImMiOjEwfQ%3D%3D&pageName=adfba30c52355c5b1631
Calayan,Cagayan,19.263465,121.477261,2019,2,Feb,DJF,Dry Season,2763.4,8.6,2019-02-01,https://app.powerbi.com/view?r=eyJrIjoiOTJkN2U4MjUtYWE1Ny00NzA4LWExMzctMDBiYjQ2NjZiZWVjIiwidCI6ImJkMDNhNzM1LTJhYTMtNGNjYS05NzIyLTJhZTQ5MjlhYjNlYyIsImMiOjEwfQ%3D%3D&pageName=adfba30c52355c5b1631
Calayan,Cagayan,19.263465,121.477261,2019,3,Mar,MAM,Dry Season,2763.4,32.8,2019-03-01,https://app.powerbi.com/view?r=eyJrIjoiOTJkN2U4MjUtYWE1Ny00NzA4LWExMzctMDBiYjQ2NjZiZWVjIiwidCI6ImJkMDNhNzM1LTJhYTMtNGNjYS05NzIyLTJhZTQ5MjlhYjNlYyIsImMiOjEwfQ%3D%3D&pageName=adfba30c52355c5b1631
Calayan,Cagayan,19.263465,121.477261,2019,4,Apr,MAM,Dry Season,2763.4,58.8,2019-04-01,https://app.powerbi.com/view?r=eyJrIjoiOTJkN2U4MjUtYWE1Ny00NzA4LWExMzctMDBiYjQ2NjZiZWVjIiwidCI6ImJkMDNhNzM1LTJhYTMtNGNjYS05NzIyLTJhZTQ5MjlhYjNlYyIsImMiOjEwfQ%3D%3D&pageName=adfba30c52355c5b1631
Calayan,Cagayan,19.263465,121.477261,2019,5,May,MAM,Wet Season,2763.4,230.2,2019-05-01,https://app.powerbi.com/view?r=eyJrIjoiOTJkN2U4MjUtYWE1Ny00NzA4LWExMzctMDBiYjQ2NjZiZWVjIiwidCI6ImJkMDNhNzM1LTJhYTMtNGNjYS05NzIyLTJhZTQ5MjlhYjNlYyIsImMiOjEwfQ%3D%3D&pageName=adfba30c52355c5b1631
Calayan,Cagayan,19.263465,121.477261,2019,6,Jun,JJA,Wet Season,2763.4,53.2,2019-06-01,https://app.powerbi.com/view?r=eyJrIjoiOTJkN2U4MjUtYWE1Ny00NzA4LWExMzctMDBiYjQ2NjZiZWVjIiwidCI6ImJkMDNhNzM1LTJhYTMtNGNjYS05NzIyLTJhZTQ5MjlhYjNlYyIsImMiOjEwfQ%3D%3D&pageName=adfba30c52355c5b1631
Calayan,Cagayan,19.263465,121.477261,2019,7,Jul,JJA,Wet Season,2763.4,142.6,2019-07-01,https://app.powerbi.com/view?r=eyJrIjoiOTJkN2U4MjUtYWE1Ny00NzA4LWExMzctMDBiYjQ2NjZiZWVjIiwidCI6ImJkMDNhNzM1LTJhYTMtNGNjYS05NzIyLTJhZTQ5MjlhYjNlYyIsImMiOjEwfQ%3D%3D&pageName=adfba30c52355c5b1631
Calayan,Cagayan,19.263465,121.477261,2019,8,Aug,JJA,Wet Season,2763.4,424.5,2019-08-01,https://app.powerbi.com/view?r=eyJrIjoiOTJkN2U4MjUtYWE1Ny00NzA4LWExMzctMDBiYjQ2NjZiZWVjIiwidCI6ImJkMDNhNzM1LTJhYTMtNGNjYS05NzIyLTJhZTQ5MjlhYjNlYyIsImMiOjEwfQ%3D%3D&pageName=adfba30c52355c5b1631
Calayan,Cagayan,19.263465,121.477261,2019,9,Sep,SON,Wet Season,2763.4,399,2019-09-01,https://app.powerbi.com/view?r=eyJrIjoiOTJkN2U4MjUtYWE1Ny00NzA4LWExMzctMDBiYjQ2NjZiZWVjIiwidCI6ImJkMDNhNzM1LTJhYTMtNGNjYS05NzIyLTJhZTQ5MjlhYjNlYyIsImMiOjEwfQ%3D%3D&pageName=adfba30c52355c5b1631
Calayan,Cagayan,19.263465,121.477261,2019,10,Oct,SON,Wet Season,2763.4,238.6,2019-10-01,https://app.powerbi.com/view?r=eyJrIjoiOTJkN2U4MjUtYWE1Ny00NzA4LWExMzctMDBiYjQ2NjZiZWVjIiwidCI6ImJkMDNhNzM1LTJhYTMtNGNjYS05NzIyLTJhZTQ5MjlhYjNlYyIsImMiOjEwfQ%3D%3D&pageName=adfba30c52355c5b1631
Calayan,Cagayan,19.263465,121.477261,2019,11,Nov,SON,Dry Season,2763.4,503.1,2019-11-01,https://app.powerbi.com/view?r=eyJrIjoiOTJkN2U4MjUtYWE1Ny00NzA4LWExMzctMDBiYjQ2NjZiZWVjIiwidCI6ImJkMDNhNzM1LTJhYTMtNGNjYS05NzIyLTJhZTQ5MjlhYjNlYyIsImMiOjEwfQ%3D%3D&pageName=adfba30c52355c5b1631
Calayan,Cagayan,19.263465,121.477261,2019,12,Dec,DJF,Dry Season,2763.4,429,2019-12-01,https://app.powerbi.com/view?r=eyJrIjoiOTJkN2U4MjUtYWE1Ny00NzA4LWExMzctMDBiYjQ2NjZiZWVjIiwidCI6ImJkMDNhNzM1LTJhYTMtNGNjYS05NzIyLTJhZTQ5MjlhYjNlYyIsImMiOjEwfQ%3D%3D&pageName=adfba30c52355c5b1631
Calayan,Cagayan,19.263465,121.477261,2020,1,Jan,DJF,Dry Season,2353.4,84.6,2020-01-01,https://app.powerbi.com/view?r=eyJrIjoiOTJkN2U4MjUtYWE1Ny00NzA4LWExMzctMDBiYjQ2NjZiZWVjIiwidCI6ImJkMDNhNzM1LTJhYTMtNGNjYS05NzIyLTJhZTQ5MjlhYjNlYyIsImMiOjEwfQ%3D%3D&pageName=adfba30c52355c5b1631
Calayan,Cagayan,19.263465,121.477261,2020,2,Feb,DJF,Dry Season,2353.4,38.8,2020-02-01,https://app.powerbi.com/view?r=eyJrIjoiOTJkN2U4MjUtYWE1Ny00NzA4LWExMzctMDBiYjQ2NjZiZWVjIiwidCI6ImJkMDNhNzM1LTJhYTMtNGNjYS05NzIyLTJhZTQ5MjlhYjNlYyIsImMiOjEwfQ%3D%3D&pageName=adfba30c52355c5b1631
Calayan,Cagayan,19.263465,121.477261,2020,3,Mar,MAM,Dry Season,2353.4,46.6,2020-03-01,https://app.powerbi.com/view?r=eyJrIjoiOTJkN2U4MjUtYWE1Ny00NzA4LWExMzctMDBiYjQ2NjZiZWVjIiwidCI6ImJkMDNhNzM1LTJhYTMtNGNjYS05NzIyLTJhZTQ5MjlhYjNlYyIsImMiOjEwfQ%3D%3D&pageName=adfba30c52355c5b1631
Calayan,Cagayan,19.263465,121.477261,2020,4,Apr,MAM,Dry Season,2353.4,110.6,2020-04-01,https://app.powerbi.com/view?r=eyJrIjoiOTJkN2U4MjUtYWE1Ny00NzA4LWExMzctMDBiYjQ2NjZiZWVjIiwidCI6ImJkMDNhNzM1LTJhYTMtNGNjYS05NzIyLTJhZTQ5MjlhYjNlYyIsImMiOjEwfQ%3D%3D&pageName=adfba30c52355c5b1631
Calayan,Cagayan,19.263465,121.477261,2020,5,May,MAM,Wet Season,2353.4,51.4,2020-05-01,https://app.powerbi.com/view?r=eyJrIjoiOTJkN2U4MjUtYWE1Ny00NzA4LWExMzctMDBiYjQ2NjZiZWVjIiwidCI6ImJkMDNhNzM1LTJhYTMtNGNjYS05NzIyLTJhZTQ5MjlhYjNlYyIsImMiOjEwfQ%3D%3D&pageName=adfba30c52355c5b1631
Calayan,Cagayan,19.263465,121.477261,2020,6,Jun,JJA,Wet Season,2353.4,17.2,2020-06-01,https://app.powerbi.com/view?r=eyJrIjoiOTJkN2U4MjUtYWE1Ny00NzA4LWExMzctMDBiYjQ2NjZiZWVjIiwidCI6ImJkMDNhNzM1LTJhYTMtNGNjYS05NzIyLTJhZTQ5MjlhYjNlYyIsImMiOjEwfQ%3D%3D&pageName=adfba30c52355c5b1631
Calayan,Cagayan,19.263465,121.477261,2020,7,Jul,JJA,Wet Season,2353.4,135.2,2020-07-01,https://app.powerbi.com/view?r=eyJrIjoiOTJkN2U4MjUtYWE1Ny00NzA4LWExMzctMDBiYjQ2NjZiZWVjIiwidCI6ImJkMDNhNzM1LTJhYTMtNGNjYS05NzIyLTJhZTQ5MjlhYjNlYyIsImMiOjEwfQ%3D%3D&pageName=adfba30c52355c5b1631
Calayan,Cagayan,19.263465,121.477261,2020,8,Aug,JJA,Wet Season,2353.4,329.2,2020-08-01,https://app.powerbi.com/view?r=eyJrIjoiOTJkN2U4MjUtYWE1Ny00NzA4LWExMzctMDBiYjQ2NjZiZWVjIiwidCI6ImJkMDNhNzM1LTJhYTMtNGNjYS05NzIyLTJhZTQ5MjlhYjNlYyIsImMiOjEwfQ%3D%3D&pageName=adfba30c52355c5b1631
Calayan,Cagayan,19.263465,121.477261,2020,9,Sep,SON,Wet Season,2353.4,135.2,2020-09-01,https://app.powerbi.com/view?r=eyJrIjoiOTJkN2U4MjUtYWE1Ny00NzA4LWExMzctMDBiYjQ2NjZiZWVjIiwidCI6ImJkMDNhNzM1LTJhYTMtNGNjYS05NzIyLTJhZTQ5MjlhYjNlYyIsImMiOjEwfQ%3D%3D&pageName=adfba30c52355c5b1631
Calayan,Cagayan,19.263465,121.477261,2020,10,Oct,SON,Wet Season,2353.4,414.4,2020-10-01,https://app.powerbi.com/view?r=eyJrIjoiOTJkN2U4MjUtYWE1Ny00NzA4LWExMzctMDBiYjQ2NjZiZWVjIiwidCI6ImJkMDNhNzM1LTJhYTMtNGNjYS05NzIyLTJhZTQ5MjlhYjNlYyIsImMiOjEwfQ%3D%3D&pageName=adfba30c52355c5b1631
Calayan,Cagayan,19.263465,121.477261,2020,11,Nov,SON,Dry Season,2353.4,452.2,2020-11-01,https://app.powerbi.com/view?r=eyJrIjoiOTJkN2U4MjUtYWE1Ny00NzA4LWExMzctMDBiYjQ2NjZiZWVjIiwidCI6ImJkMDNhNzM1LTJhYTMtNGNjYS05NzIyLTJhZTQ5MjlhYjNlYyIsImMiOjEwfQ%3D%3D&pageName=adfba30c52355c5b1631
Calayan,Cagayan,19.263465,121.477261,2020,12,Dec,DJF,Dry Season,2353.4,538,2020-12-01,https://app.powerbi.com/view?r=eyJrIjoiOTJkN2U4MjUtYWE1Ny00NzA4LWExMzctMDBiYjQ2NjZiZWVjIiwidCI6ImJkMDNhNzM1LTJhYTMtNGNjYS05NzIyLTJhZTQ5MjlhYjNlYyIsImMiOjEwfQ%3D%3D&pageName=adfba30c52355c5b1631
Casiguran,Aurora,16.25,122.1667,1991,1,Jan,DJF,Dry Season,3134.8,167,1991-01-01,https://app.powerbi.com/view?r=eyJrIjoiOTJkN2U4MjUtYWE1Ny00NzA4LWExMzctMDBiYjQ2NjZiZWVjIiwidCI6ImJkMDNhNzM1LTJhYTMtNGNjYS05NzIyLTJhZTQ5MjlhYjNlYyIsImMiOjEwfQ%3D%3D&pageName=adfba30c52355c5b1631
Casiguran,Aurora,16.25,122.1667,1991,2,Feb,DJF,Dry Season,3134.8,316.1,1991-02-01,https://app.powerbi.com/view?r=eyJrIjoiOTJkN2U4MjUtYWE1Ny00NzA4LWExMzctMDBiYjQ2NjZiZWVjIiwidCI6ImJkMDNhNzM1LTJhYTMtNGNjYS05NzIyLTJhZTQ5MjlhYjNlYyIsImMiOjEwfQ%3D%3D&pageName=adfba30c52355c5b1631
Casiguran,Aurora,16.25,122.1667,1991,3,Mar,MAM,Dry Season,3134.8,76.7,1991-03-01,https://app.powerbi.com/view?r=eyJrIjoiOTJkN2U4MjUtYWE1Ny00NzA4LWExMzctMDBiYjQ2NjZiZWVjIiwidCI6ImJkMDNhNzM1LTJhYTMtNGNjYS05NzIyLTJhZTQ5MjlhYjNlYyIsImMiOjEwfQ%3D%3D&pageName=adfba30c52355c5b1631
Casiguran,Aurora,16.25,122.1667,1991,4,Apr,MAM,Dry Season,3134.8,315.2,1991-04-01,https://app.powerbi.com/view?r=eyJrIjoiOTJkN2U4MjUtYWE1Ny00NzA4LWExMzctMDBiYjQ2NjZiZWVjIiwidCI6ImJkMDNhNzM1LTJhYTMtNGNjYS05NzIyLTJhZTQ5MjlhYjNlYyIsImMiOjEwfQ%3D%3D&pageName=adfba30c52355c5b1631
Casiguran,Aurora,16.25,122.1667,1991,5,May,MAM,Wet Season,3134.8,234,1991-05-01,https://app.powerbi.com/view?r=eyJrIjoiOTJkN2U4MjUtYWE1Ny00NzA4LWExMzctMDBiYjQ2NjZiZWVjIiwidCI6ImJkMDNhNzM1LTJhYTMtNGNjYS05NzIyLTJhZTQ5MjlhYjNlYyIsImMiOjEwfQ%3D%3D&pageName=adfba30c52355c5b1631
Casiguran,Aurora,16.25,122.1667,1991,6,Jun,JJA,Wet Season,3134.8,216.2,1991-06-01,https://app.powerbi.com/view?r=eyJrIjoiOTJkN2U4MjUtYWE1Ny00NzA4LWExMzctMDBiYjQ2NjZiZWVjIiwidCI6ImJkMDNhNzM1LTJhYTMtNGNjYS05NzIyLTJhZTQ5MjlhYjNlYyIsImMiOjEwfQ%3D%3D&pageName=adfba30c52355c5b1631
Casiguran,Aurora,16.25,122.1667,1991,7,Jul,JJA,Wet Season,3134.8,372.4,1991-07-01,https://app.powerbi.com/view?r=eyJrIjoiOTJkN2U4MjUtYWE1Ny00NzA4LWExMzctMDBiYjQ2NjZiZWVjIiwidCI6ImJkMDNhNzM1LTJhYTMtNGNjYS05NzIyLTJhZTQ5MjlhYjNlYyIsImMiOjEwfQ%3D%3D&pageName=adfba30c52355c5b1631
Casiguran,Aurora,16.25,122.1667,1991,8,Aug,JJA,Wet Season,3134.8,383.5,1991-08-01,https://app.powerbi.com/view?r=eyJrIjoiOTJkN2U4MjUtYWE1Ny00NzA4LWExMzctMDBiYjQ2NjZiZWVjIiwidCI6ImJkMDNhNzM1LTJhYTMtNGNjYS05NzIyLTJhZTQ5MjlhYjNlYyIsImMiOjEwfQ%3D%3D&pageName=adfba30c52355c5b1631
Casiguran,Aurora,16.25,122.1667,1991,9,Sep,SON,Wet Season,3134.8,299.4,1991-09-01,https://app.powerbi.com/view?r=eyJrIjoiOTJkN2U4MjUtYWE1Ny00NzA4LWExMzctMDBiYjQ2NjZiZWVjIiwidCI6ImJkMDNhNzM1LTJhYTMtNGNjYS05NzIyLTJhZTQ5MjlhYjNlYyIsImMiOjEwfQ%3D%3D&pageName=adfba30c52355c5b1631
Casiguran,Aurora,16.25,122.1667,1991,10,Oct,SON,Wet Season,3134.8,125.5,1991-10-01,https://app.powerbi.com/view?r=eyJrIjoiOTJkN2U4MjUtYWE1Ny00NzA4LWExMzctMDBiYjQ2NjZiZWVjIiwidCI6ImJkMDNhNzM1LTJhYTMtNGNjYS05NzIyLTJhZTQ5MjlhYjNlYyIsImMiOjEwfQ%3D%3D&pageName=adfba30c52355c5b1631
Casiguran,Aurora,16.25,122.1667,1991,11,Nov,SON,Dry Season,3134.8,467.3,1991-11-01,https://app.powerbi.com/view?r=eyJrIjoiOTJkN2U4MjUtYWE1Ny00NzA4LWExMzctMDBiYjQ2NjZiZWVjIiwidCI6ImJkMDNhNzM1LTJhYTMtNGNjYS05NzIyLTJhZTQ5MjlhYjNlYyIsImMiOjEwfQ%3D%3D&pageName=adfba30c52355c5b1631
Casiguran,Aurora,16.25,122.1667,1991,12,Dec,DJF,Dry Season,3134.8,161.5,1991-12-01,https://app.powerbi.com/view?r=eyJrIjoiOTJkN2U4MjUtYWE1Ny00NzA4LWExMzctMDBiYjQ2NjZiZWVjIiwidCI6ImJkMDNhNzM1LTJhYTMtNGNjYS05NzIyLTJhZTQ5MjlhYjNlYyIsImMiOjEwfQ%3D%3D&pageName=adfba30c52355c5b1631
Casiguran,Aurora,16.25,122.1667,1992,1,Jan,DJF,Dry Season,2766.6,179.1,1992-01-01,https://app.powerbi.com/view?r=eyJrIjoiOTJkN2U4MjUtYWE1Ny00NzA4LWExMzctMDBiYjQ2NjZiZWVjIiwidCI6ImJkMDNhNzM1LTJhYTMtNGNjYS05NzIyLTJhZTQ5MjlhYjNlYyIsImMiOjEwfQ%3D%3D&pageName=adfba30c52355c5b1631
Casiguran,Aurora,16.25,122.1667,1992,2,Feb,DJF,Dry Season,2766.6,78.7,1992-02-01,https://app.powerbi.com/view?r=eyJrIjoiOTJkN2U4MjUtYWE1Ny00NzA4LWExMzctMDBiYjQ2NjZiZWVjIiwidCI6ImJkMDNhNzM1LTJhYTMtNGNjYS05NzIyLTJhZTQ5MjlhYjNlYyIsImMiOjEwfQ%3D%3D&pageName=adfba30c52355c5b1631
Casiguran,Aurora,16.25,122.1667,1992,3,Mar,MAM,Dry Season,2766.6,66.5,1992-03-01,https://app.powerbi.com/view?r=eyJrIjoiOTJkN2U4MjUtYWE1Ny00NzA4LWExMzctMDBiYjQ2NjZiZWVjIiwidCI6ImJkMDNhNzM1LTJhYTMtNGNjYS05NzIyLTJhZTQ5MjlhYjNlYyIsImMiOjEwfQ%3D%3D&pageName=adfba30c52355c5b1631
Casiguran,Aurora,16.25,122.1667,1992,4,Apr,MAM,Dry Season,2766.6,9.2,1992-04-01,https://app.powerbi.com/view?r=eyJrIjoiOTJkN2U4MjUtYWE1Ny00NzA4LWExMzctMDBiYjQ2NjZiZWVjIiwidCI6ImJkMDNhNzM1LTJhYTMtNGNjYS05NzIyLTJhZTQ5MjlhYjNlYyIsImMiOjEwfQ%3D%3D&pageName=adfba30c52355c5b1631
Casiguran,Aurora,16.25,122.1667,1992,5,May,MAM,Wet Season,2766.6,151.8,1992-05-01,https://app.powerbi.com/view?r=eyJrIjoiOTJkN2U4MjUtYWE1Ny00NzA4LWExMzctMDBiYjQ2NjZiZWVjIiwidCI6ImJkMDNhNzM1LTJhYTMtNGNjYS05NzIyLTJhZTQ5MjlhYjNlYyIsImMiOjEwfQ%3D%3D&pageName=adfba30c52355c5b1631
Casiguran,Aurora,16.25,122.1667,1992,6,Jun,JJA,Wet Season,2766.6,112.4,1992-06-01,https://app.powerbi.com/view?r=eyJrIjoiOTJkN2U4MjUtYWE1Ny00NzA4LWExMzctMDBiYjQ2NjZiZWVjIiwidCI6ImJkMDNhNzM1LTJhYTMtNGNjYS05NzIyLTJhZTQ5MjlhYjNlYyIsImMiOjEwfQ%3D%3D&pageName=adfba30c52355c5b1631
Casiguran,Aurora,16.25,122.1667,1992,7,Jul,JJA,Wet Season,2766.6,464.1,1992-07-01,https://app.powerbi.com/view?r=eyJrIjoiOTJkN2U4MjUtYWE1Ny00NzA4LWExMzctMDBiYjQ2NjZiZWVjIiwidCI6ImJkMDNhNzM1LTJhYTMtNGNjYS05NzIyLTJhZTQ5MjlhYjNlYyIsImMiOjEwfQ%3D%3D&pageName=adfba30c52355c5b1631
Casiguran,Aurora,16.25,122.1667,1992,8,Aug,JJA,Wet Season,2766.6,105.5,1992-08-01,https://app.powerbi.com/view?r=eyJrIjoiOTJkN2U4MjUtYWE1Ny00NzA4LWExMzctMDBiYjQ2NjZiZWVjIiwidCI6ImJkMDNhNzM1LTJhYTMtNGNjYS05NzIyLTJhZTQ5MjlhYjNlYyIsImMiOjEwfQ%3D%3D&pageName=adfba30c52355c5b1631
Casiguran,Aurora,16.25,122.1667,1992,9,Sep,SON,Wet Season,2766.6,302.6,1992-09-01,https://app.powerbi.com/view?r=eyJrIjoiOTJkN2U4MjUtYWE1Ny00NzA4LWExMzctMDBiYjQ2NjZiZWVjIiwidCI6ImJkMDNhNzM1LTJhYTMtNGNjYS05NzIyLTJhZTQ5MjlhYjNlYyIsImMiOjEwfQ%3D%3D&pageName=adfba30c52355c5b1631
Casiguran,Aurora,16.25,122.1667,1992,10,Oct,SON,Wet Season,2766.6,473.3,1992-10-01,https://app.powerbi.com/view?r=eyJrIjoiOTJkN2U4MjUtYWE1Ny00NzA4LWExMzctMDBiYjQ2NjZiZWVjIiwidCI6ImJkMDNhNzM1LTJhYTMtNGNjYS05NzIyLTJhZTQ5MjlhYjNlYyIsImMiOjEwfQ%3D%3D&pageName=adfba30c52355c5b1631
Casiguran,Aurora,16.25,122.1667,1992,11,Nov,SON,Dry Season,2766.6,361.8,1992-11-01,https://app.powerbi.com/view?r=eyJrIjoiOTJkN2U4MjUtYWE1Ny00NzA4LWExMzctMDBiYjQ2NjZiZWVjIiwidCI6ImJkMDNhNzM1LTJhYTMtNGNjYS05NzIyLTJhZTQ5MjlhYjNlYyIsImMiOjEwfQ%3D%3D&pageName=adfba30c52355c5b1631
Casiguran,Aurora,16.25,122.1667,1992,12,Dec,DJF,Dry Season,2766.6,461.6,1992-12-01,https://app.powerbi.com/view?r=eyJrIjoiOTJkN2U4MjUtYWE1Ny00NzA4LWExMzctMDBiYjQ2NjZiZWVjIiwidCI6ImJkMDNhNzM1LTJhYTMtNGNjYS05NzIyLTJhZTQ5MjlhYjNlYyIsImMiOjEwfQ%3D%3D&pageName=adfba30c52355c5b1631
Casiguran,Aurora,16.25,122.1667,1993,1,Jan,DJF,Dry Season,3802.2,36.5,1993-01-01,https://app.powerbi.com/view?r=eyJrIjoiOTJkN2U4MjUtYWE1Ny00NzA4LWExMzctMDBiYjQ2NjZiZWVjIiwidCI6ImJkMDNhNzM1LTJhYTMtNGNjYS05NzIyLTJhZTQ5MjlhYjNlYyIsImMiOjEwfQ%3D%3D&pageName=adfba30c52355c5b1631
Casiguran,Aurora,16.25,122.1667,1993,2,Feb,DJF,Dry Season,3802.2,214.3,1993-02-01,https://app.powerbi.com/view?r=eyJrIjoiOTJkN2U4MjUtYWE1Ny00NzA4LWExMzctMDBiYjQ2NjZiZWVjIiwidCI6ImJkMDNhNzM1LTJhYTMtNGNjYS05NzIyLTJhZTQ5MjlhYjNlYyIsImMiOjEwfQ%3D%3D&pageName=adfba30c52355c5b1631
Casiguran,Aurora,16.25,122.1667,1993,3,Mar,MAM,Dry Season,3802.2,127.6,1993-03-01,https://app.powerbi.com/view?r=eyJrIjoiOTJkN2U4MjUtYWE1Ny00NzA4LWExMzctMDBiYjQ2NjZiZWVjIiwidCI6ImJkMDNhNzM1LTJhYTMtNGNjYS05NzIyLTJhZTQ5MjlhYjNlYyIsImMiOjEwfQ%3D%3D&pageName=adfba30c52355c5b1631
Casiguran,Aurora,16.25,122.1667,1993,4,Apr,MAM,Dry Season,3802.2,124,1993-04-01,https://app.powerbi.com/view?r=eyJrIjoiOTJkN2U4MjUtYWE1Ny00NzA4LWExMzctMDBiYjQ2NjZiZWVjIiwidCI6ImJkMDNhNzM1LTJhYTMtNGNjYS05NzIyLTJhZTQ5MjlhYjNlYyIsImMiOjEwfQ%3D%3D&pageName=adfba30c52355c5b1631
Casiguran,Aurora,16.25,122.1667,1993,5,May,MAM,Wet Season,3802.2,193,1993-05-01,https://app.powerbi.com/view?r=eyJrIjoiOTJkN2U4MjUtYWE1Ny00NzA4LWExMzctMDBiYjQ2NjZiZWVjIiwidCI6ImJkMDNhNzM1LTJhYTMtNGNjYS05NzIyLTJhZTQ5MjlhYjNlYyIsImMiOjEwfQ%3D%3D&pageName=adfba30c52355c5b1631
Casiguran,Aurora,16.25,122.1667,1993,6,Jun,JJA,Wet Season,3802.2,172.8,1993-06-01,https://app.powerbi.com/view?r=eyJrIjoiOTJkN2U4MjUtYWE1Ny00NzA4LWExMzctMDBiYjQ2NjZiZWVjIiwidCI6ImJkMDNhNzM1LTJhYTMtNGNjYS05NzIyLTJhZTQ5MjlhYjNlYyIsImMiOjEwfQ%3D%3D&pageName=adfba30c52355c5b1631
Casiguran,Aurora,16.25,122.1667,1993,7,Jul,JJA,Wet Season,3802.2,161.1,1993-07-01,https://app.powerbi.com/view?r=eyJrIjoiOTJkN2U4MjUtYWE1Ny00NzA4LWExMzctMDBiYjQ2NjZiZWVjIiwidCI6ImJkMDNhNzM1LTJhYTMtNGNjYS05NzIyLTJhZTQ5MjlhYjNlYyIsImMiOjEwfQ%3D%3D&pageName=adfba30c52355c5b1631
Casiguran,Aurora,16.25,122.1667,1993,8,Aug,JJA,Wet Season,3802.2,228.1,1993-08-01,https://app.powerbi.com/view?r=eyJrIjoiOTJkN2U4MjUtYWE1Ny00NzA4LWExMzctMDBiYjQ2NjZiZWVjIiwidCI6ImJkMDNhNzM1LTJhYTMtNGNjYS05NzIyLTJhZTQ5MjlhYjNlYyIsImMiOjEwfQ%3D%3D&pageName=adfba30c52355c5b1631
Casiguran,Aurora,16.25,122.1667,1993,9,Sep,SON,Wet Season,3802.2,313.6,1993-09-01,https://app.powerbi.com/view?r=eyJrIjoiOTJkN2U4MjUtYWE1Ny00NzA4LWExMzctMDBiYjQ2NjZiZWVjIiwidCI6ImJkMDNhNzM1LTJhYTMtNGNjYS05NzIyLTJhZTQ5MjlhYjNlYyIsImMiOjEwfQ%3D%3D&pageName=adfba30c52355c5b1631
Casiguran,Aurora,16.25,122.1667,1993,10,Oct,SON,Wet Season,3802.2,644.5,1993-10-01,https://app.powerbi.com/view?r=eyJrIjoiOTJkN2U4MjUtYWE1Ny00NzA4LWExMzctMDBiYjQ2NjZiZWVjIiwidCI6ImJkMDNhNzM1LTJhYTMtNGNjYS05NzIyLTJhZTQ5MjlhYjNlYyIsImMiOjEwfQ%3D%3D&pageName=adfba30c52355c5b1631
Casiguran,Aurora,16.25,122.1667,1993,11,Nov,SON,Dry Season,3802.2,590.5,1993-11-01,https://app.powerbi.com/view?r=eyJrIjoiOTJkN2U4MjUtYWE1Ny00NzA4LWExMzctMDBiYjQ2NjZiZWVjIiwidCI6ImJkMDNhNzM1LTJhYTMtNGNjYS05NzIyLTJhZTQ5MjlhYjNlYyIsImMiOjEwfQ%3D%3D&pageName=adfba30c52355c5b1631
Casiguran,Aurora,16.25,122.1667,1993,12,Dec,DJF,Dry Season,3802.2,996.2,1993-12-01,https://app.powerbi.com/view?r=eyJrIjoiOTJkN2U4MjUtYWE1Ny00NzA4LWExMzctMDBiYjQ2NjZiZWVjIiwidCI6ImJkMDNhNzM1LTJhYTMtNGNjYS05NzIyLTJhZTQ5MjlhYjNlYyIsImMiOjEwfQ%3D%3D&pageName=adfba30c52355c5b1631
Casiguran,Aurora,16.25,122.1667,1994,1,Jan,DJF,Dry Season,3119.7,576.3,1994-01-01,https://app.powerbi.com/view?r=eyJrIjoiOTJkN2U4MjUtYWE1Ny00NzA4LWExMzctMDBiYjQ2NjZiZWVjIiwidCI6ImJkMDNhNzM1LTJhYTMtNGNjYS05NzIyLTJhZTQ5MjlhYjNlYyIsImMiOjEwfQ%3D%3D&pageName=adfba30c52355c5b1631
Casiguran,Aurora,16.25,122.1667,1994,2,Feb,DJF,Dry Season,3119.7,87.9,1994-02-01,https://app.powerbi.com/view?r=eyJrIjoiOTJkN2U4MjUtYWE1Ny00NzA4LWExMzctMDBiYjQ2NjZiZWVjIiwidCI6ImJkMDNhNzM1LTJhYTMtNGNjYS05NzIyLTJhZTQ5MjlhYjNlYyIsImMiOjEwfQ%3D%3D&pageName=adfba30c52355c5b1631
Casiguran,Aurora,16.25,122.1667,1994,3,Mar,MAM,Dry Season,3119.7,319.6,1994-03-01,https://app.powerbi.com/view?r=eyJrIjoiOTJkN2U4MjUtYWE1Ny00NzA4LWExMzctMDBiYjQ2NjZiZWVjIiwidCI6ImJkMDNhNzM1LTJhYTMtNGNjYS05NzIyLTJhZTQ5MjlhYjNlYyIsImMiOjEwfQ%3D%3D&pageName=adfba30c52355c5b1631
Casiguran,Aurora,16.25,122.1667,1994,4,Apr,MAM,Dry Season,3119.7,104.4,1994-04-01,https://app.powerbi.com/view?r=eyJrIjoiOTJkN2U4MjUtYWE1Ny00NzA4LWExMzctMDBiYjQ2NjZiZWVjIiwidCI6ImJkMDNhNzM1LTJhYTMtNGNjYS05NzIyLTJhZTQ5MjlhYjNlYyIsImMiOjEwfQ%3D%3D&pageName=adfba30c52355c5b1631
Casiguran,Aurora,16.25,122.1667,1994,5,May,MAM,Wet Season,3119.7,259.1,1994-05-01,https://app.powerbi.com/view?r=eyJrIjoiOTJkN2U4MjUtYWE1Ny00NzA4LWExMzctMDBiYjQ2NjZiZWVjIiwidCI6ImJkMDNhNzM1LTJhYTMtNGNjYS05NzIyLTJhZTQ5MjlhYjNlYyIsImMiOjEwfQ%3D%3D&pageName=adfba30c52355c5b1631
Casiguran,Aurora,16.25,122.1667,1994,6,Jun,JJA,Wet Season,3119.7,246,1994-06-01,https://app.powerbi.com/view?r=eyJrIjoiOTJkN2U4MjUtYWE1Ny00NzA4LWExMzctMDBiYjQ2NjZiZWVjIiwidCI6ImJkMDNhNzM1LTJhYTMtNGNjYS05NzIyLTJhZTQ5MjlhYjNlYyIsImMiOjEwfQ%3D%3D&pageName=adfba30c52355c5b1631
Casiguran,Aurora,16.25,122.1667,1994,7,Jul,JJA,Wet Season,3119.7,203.3,1994-07-01,https://app.powerbi.com/view?r=eyJrIjoiOTJkN2U4MjUtYWE1Ny00NzA4LWExMzctMDBiYjQ2NjZiZWVjIiwidCI6ImJkMDNhNzM1LTJhYTMtNGNjYS05NzIyLTJhZTQ5MjlhYjNlYyIsImMiOjEwfQ%3D%3D&pageName=adfba30c52355c5b1631
Casiguran,Aurora,16.25,122.1667,1994,8,Aug,JJA,Wet Season,3119.7,92.8,1994-08-01,https://app.powerbi.com/view?r=eyJrIjoiOTJkN2U4MjUtYWE1Ny00NzA4LWExMzctMDBiYjQ2NjZiZWVjIiwidCI6ImJkMDNhNzM1LTJhYTMtNGNjYS05NzIyLTJhZTQ5MjlhYjNlYyIsImMiOjEwfQ%3D%3D&pageName=adfba30c52355c5b1631
Casiguran,Aurora,16.25,122.1667,1994,9,Sep,SON,Wet Season,3119.7,361.8,1994-09-01,https://app.powerbi.com/view?r=eyJrIjoiOTJkN2U4MjUtYWE1Ny00NzA4LWExMzctMDBiYjQ2NjZiZWVjIiwidCI6ImJkMDNhNzM1LTJhYTMtNGNjYS05NzIyLTJhZTQ5MjlhYjNlYyIsImMiOjEwfQ%3D%3D&pageName=adfba30c52355c5b1631
Casiguran,Aurora,16.25,122.1667,1994,10,Oct,SON,Wet Season,3119.7,329.2,1994-10-01,https://app.powerbi.com/view?r=eyJrIjoiOTJkN2U4MjUtYWE1Ny00NzA4LWExMzctMDBiYjQ2NjZiZWVjIiwidCI6ImJkMDNhNzM1LTJhYTMtNGNjYS05NzIyLTJhZTQ5MjlhYjNlYyIsImMiOjEwfQ%3D%3D&pageName=adfba30c52355c5b1631
Casiguran,Aurora,16.25,122.1667,1994,11,Nov,SON,Dry Season,3119.7,311.1,1994-11-01,https://app.powerbi.com/view?r=eyJrIjoiOTJkN2U4MjUtYWE1Ny00NzA4LWExMzctMDBiYjQ2NjZiZWVjIiwidCI6ImJkMDNhNzM1LTJhYTMtNGNjYS05NzIyLTJhZTQ5MjlhYjNlYyIsImMiOjEwfQ%3D%3D&pageName=adfba30c52355c5b1631
Casiguran,Aurora,16.25,122.1667,1994,12,Dec,DJF,Dry Season,3119.7,228.2,1994-12-01,https://app.powerbi.com/view?r=eyJrIjoiOTJkN2U4MjUtYWE1Ny00NzA4LWExMzctMDBiYjQ2NjZiZWVjIiwidCI6ImJkMDNhNzM1LTJhYTMtNGNjYS05NzIyLTJhZTQ5MjlhYjNlYyIsImMiOjEwfQ%3D%3D&pageName=adfba30c52355c5b1631
Casiguran,Aurora,16.25,122.1667,1995,1,Jan,DJF,Dry Season,4713.7,372.9,1995-01-01,https://app.powerbi.com/view?r=eyJrIjoiOTJkN2U4MjUtYWE1Ny00NzA4LWExMzctMDBiYjQ2NjZiZWVjIiwidCI6ImJkMDNhNzM1LTJhYTMtNGNjYS05NzIyLTJhZTQ5MjlhYjNlYyIsImMiOjEwfQ%3D%3D&pageName=adfba30c52355c5b1631
Casiguran,Aurora,16.25,122.1667,1995,2,Feb,DJF,Dry Season,4713.7,212.2,1995-02-01,https://app.powerbi.com/view?r=eyJrIjoiOTJkN2U4MjUtYWE1Ny00NzA4LWExMzctMDBiYjQ2NjZiZWVjIiwidCI6ImJkMDNhNzM1LTJhYTMtNGNjYS05NzIyLTJhZTQ5MjlhYjNlYyIsImMiOjEwfQ%3D%3D&pageName=adfba30c52355c5b1631
Casiguran,Aurora,16.25,122.1667,1995,3,Mar,MAM,Dry Season,4713.7,141.4,1995-03-01,https://app.powerbi.com/view?r=eyJrIjoiOTJkN2U4MjUtYWE1Ny00NzA4LWExMzctMDBiYjQ2NjZiZWVjIiwidCI6ImJkMDNhNzM1LTJhYTMtNGNjYS05NzIyLTJhZTQ5MjlhYjNlYyIsImMiOjEwfQ%3D%3D&pageName=adfba30c52355c5b1631
Casiguran,Aurora,16.25,122.1667,1995,4,Apr,MAM,Dry Season,4713.7,36.9,1995-04-01,https://app.powerbi.com/view?r=eyJrIjoiOTJkN2U4MjUtYWE1Ny00NzA4LWExMzctMDBiYjQ2NjZiZWVjIiwidCI6ImJkMDNhNzM1LTJhYTMtNGNjYS05NzIyLTJhZTQ5MjlhYjNlYyIsImMiOjEwfQ%3D%3D&pageName=adfba30c52355c5b1631
Casiguran,Aurora,16.25,122.1667,1995,5,May,MAM,Wet Season,4713.7,273.1,1995-05-01,https://app.powerbi.com/view?r=eyJrIjoiOTJkN2U4MjUtYWE1Ny00NzA4LWExMzctMDBiYjQ2NjZiZWVjIiwidCI6ImJkMDNhNzM1LTJhYTMtNGNjYS05NzIyLTJhZTQ5MjlhYjNlYyIsImMiOjEwfQ%3D%3D&pageName=adfba30c52355c5b1631
Casiguran,Aurora,16.25,122.1667,1995,6,Jun,JJA,Wet Season,4713.7,165.1,1995-06-01,https://app.powerbi.com/view?r=eyJrIjoiOTJkN2U4MjUtYWE1Ny00NzA4LWExMzctMDBiYjQ2NjZiZWVjIiwidCI6ImJkMDNhNzM1LTJhYTMtNGNjYS05NzIyLTJhZTQ5MjlhYjNlYyIsImMiOjEwfQ%3D%3D&pageName=adfba30c52355c5b1631
Casiguran,Aurora,16.25,122.1667,1995,7,Jul,JJA,Wet Season,4713.7,360.4,1995-07-01,https://app.powerbi.com/view?r=eyJrIjoiOTJkN2U4MjUtYWE1Ny00NzA4LWExMzctMDBiYjQ2NjZiZWVjIiwidCI6ImJkMDNhNzM1LTJhYTMtNGNjYS05NzIyLTJhZTQ5MjlhYjNlYyIsImMiOjEwfQ%3D%3D&pageName=adfba30c52355c5b1631
Casiguran,Aurora,16.25,122.1667,1995,8,Aug,JJA,Wet Season,4713.7,302.9,1995-08-01,https://app.powerbi.com/view?r=eyJrIjoiOTJkN2U4MjUtYWE1Ny00NzA4LWExMzctMDBiYjQ2NjZiZWVjIiwidCI6ImJkMDNhNzM1LTJhYTMtNGNjYS05NzIyLTJhZTQ5MjlhYjNlYyIsImMiOjEwfQ%3D%3D&pageName=adfba30c52355c5b1631
Casiguran,Aurora,16.25,122.1667,1995,9,Sep,SON,Wet Season,4713.7,510.8,1995-09-01,https://app.powerbi.com/view?r=eyJrIjoiOTJkN2U4MjUtYWE1Ny00NzA4LWExMzctMDBiYjQ2NjZiZWVjIiwidCI6ImJkMDNhNzM1LTJhYTMtNGNjYS05NzIyLTJhZTQ5MjlhYjNlYyIsImMiOjEwfQ%3D%3D&pageName=adfba30c52355c5b1631
Casiguran,Aurora,16.25,122.1667,1995,10,Oct,SON,Wet Season,4713.7,777,1995-10-01,https://app.powerbi.com/view?r=eyJrIjoiOTJkN2U4MjUtYWE1Ny00NzA4LWExMzctMDBiYjQ2NjZiZWVjIiwidCI6ImJkMDNhNzM1LTJhYTMtNGNjYS05NzIyLTJhZTQ5MjlhYjNlYyIsImMiOjEwfQ%3D%3D&pageName=adfba30c52355c5b1631
Casiguran,Aurora,16.25,122.1667,1995,11,Nov,SON,Dry Season,4713.7,355.6,1995-11-01,https://app.powerbi.com/view?r=eyJrIjoiOTJkN2U4MjUtYWE1Ny00NzA4LWExMzctMDBiYjQ2NjZiZWVjIiwidCI6ImJkMDNhNzM1LTJhYTMtNGNjYS05NzIyLTJhZTQ5MjlhYjNlYyIsImMiOjEwfQ%3D%3D&pageName=adfba30c52355c5b1631
Casiguran,Aurora,16.25,122.1667,1995,12,Dec,DJF,Dry Season,4713.7,1205.4,1995-12-01,https://app.powerbi.com/view?r=eyJrIjoiOTJkN2U4MjUtYWE1Ny00NzA4LWExMzctMDBiYjQ2NjZiZWVjIiwidCI6ImJkMDNhNzM1LTJhYTMtNGNjYS05NzIyLTJhZTQ5MjlhYjNlYyIsImMiOjEwfQ%3D%3D&pageName=adfba30c52355c5b1631
Casiguran,Aurora,16.25,122.1667,1996,1,Jan,DJF,Dry Season,3963.2,236,1996-01-01,https://app.powerbi.com/view?r=eyJrIjoiOTJkN2U4MjUtYWE1Ny00NzA4LWExMzctMDBiYjQ2NjZiZWVjIiwidCI6ImJkMDNhNzM1LTJhYTMtNGNjYS05NzIyLTJhZTQ5MjlhYjNlYyIsImMiOjEwfQ%3D%3D&pageName=adfba30c52355c5b1631
Casiguran,Aurora,16.25,122.1667,1996,2,Feb,DJF,Dry Season,3963.2,166.6,1996-02-01,https://app.powerbi.com/view?r=eyJrIjoiOTJkN2U4MjUtYWE1Ny00NzA4LWExMzctMDBiYjQ2NjZiZWVjIiwidCI6ImJkMDNhNzM1LTJhYTMtNGNjYS05NzIyLTJhZTQ5MjlhYjNlYyIsImMiOjEwfQ%3D%3D&pageName=adfba30c52355c5b1631
Casiguran,Aurora,16.25,122.1667,1996,3,Mar,MAM,Dry Season,3963.2,53.5,1996-03-01,https://app.powerbi.com/view?r=eyJrIjoiOTJkN2U4MjUtYWE1Ny00NzA4LWExMzctMDBiYjQ2NjZiZWVjIiwidCI6ImJkMDNhNzM1LTJhYTMtNGNjYS05NzIyLTJhZTQ5MjlhYjNlYyIsImMiOjEwfQ%3D%3D&pageName=adfba30c52355c5b1631
Casiguran,Aurora,16.25,122.1667,1996,4,Apr,MAM,Dry Season,3963.2,302.8,1996-04-01,https://app.powerbi.com/view?r=eyJrIjoiOTJkN2U4MjUtYWE1Ny00NzA4LWExMzctMDBiYjQ2NjZiZWVjIiwidCI6ImJkMDNhNzM1LTJhYTMtNGNjYS05NzIyLTJhZTQ5MjlhYjNlYyIsImMiOjEwfQ%3D%3D&pageName=adfba30c52355c5b1631
Casiguran,Aurora,16.25,122.1667,1996,5,May,MAM,Wet Season,3963.2,345.1,1996-05-01,https://app.powerbi.com/view?r=eyJrIjoiOTJkN2U4MjUtYWE1Ny00NzA4LWExMzctMDBiYjQ2NjZiZWVjIiwidCI6ImJkMDNhNzM1LTJhYTMtNGNjYS05NzIyLTJhZTQ5MjlhYjNlYyIsImMiOjEwfQ%3D%3D&pageName=adfba30c52355c5b1631
Casiguran,Aurora,16.25,122.1667,1996,6,Jun,JJA,Wet Season,3963.2,256.9,1996-06-01,https://app.powerbi.com/view?r=eyJrIjoiOTJkN2U4MjUtYWE1Ny00NzA4LWExMzctMDBiYjQ2NjZiZWVjIiwidCI6ImJkMDNhNzM1LTJhYTMtNGNjYS05NzIyLTJhZTQ5MjlhYjNlYyIsImMiOjEwfQ%3D%3D&pageName=adfba30c52355c5b1631
Casiguran,Aurora,16.25,122.1667,1996,7,Jul,JJA,Wet Season,3963.2,160.1,1996-07-01,https://app.powerbi.com/view?r=eyJrIjoiOTJkN2U4MjUtYWE1Ny00NzA4LWExMzctMDBiYjQ2NjZiZWVjIiwidCI6ImJkMDNhNzM1LTJhYTMtNGNjYS05NzIyLTJhZTQ5MjlhYjNlYyIsImMiOjEwfQ%3D%3D&pageName=adfba30c52355c5b1631
Casiguran,Aurora,16.25,122.1667,1996,8,Aug,JJA,Wet Season,3963.2,328.7,1996-08-01,https://app.powerbi.com/view?r=eyJrIjoiOTJkN2U4MjUtYWE1Ny00NzA4LWExMzctMDBiYjQ2NjZiZWVjIiwidCI6ImJkMDNhNzM1LTJhYTMtNGNjYS05NzIyLTJhZTQ5MjlhYjNlYyIsImMiOjEwfQ%3D%3D&pageName=adfba30c52355c5b1631
Casiguran,Aurora,16.25,122.1667,1996,9,Sep,SON,Wet Season,3963.2,283.2,1996-09-01,https://app.powerbi.com/view?r=eyJrIjoiOTJkN2U4MjUtYWE1Ny00NzA4LWExMzctMDBiYjQ2NjZiZWVjIiwidCI6ImJkMDNhNzM1LTJhYTMtNGNjYS05NzIyLTJhZTQ5MjlhYjNlYyIsImMiOjEwfQ%3D%3D&pageName=adfba30c52355c5b1631
Casiguran,Aurora,16.25,122.1667,1996,10,Oct,SON,Wet Season,3963.2,573.3,1996-10-01,https://app.powerbi.com/view?r=eyJrIjoiOTJkN2U4MjUtYWE1Ny00NzA4LWExMzctMDBiYjQ2NjZiZWVjIiwidCI6ImJkMDNhNzM1LTJhYTMtNGNjYS05NzIyLTJhZTQ5MjlhYjNlYyIsImMiOjEwfQ%3D%3D&pageName=adfba30c52355c5b1631
Casiguran,Aurora,16.25,122.1667,1996,11,Nov,SON,Dry Season,3963.2,927.4,1996-11-01,https://app.powerbi.com/view?r=eyJrIjoiOTJkN2U4MjUtYWE1Ny00NzA4LWExMzctMDBiYjQ2NjZiZWVjIiwidCI6ImJkMDNhNzM1LTJhYTMtNGNjYS05NzIyLTJhZTQ5MjlhYjNlYyIsImMiOjEwfQ%3D%3D&pageName=adfba30c52355c5b1631
Casiguran,Aurora,16.25,122.1667,1996,12,Dec,DJF,Dry Season,3963.2,329.6,1996-12-01,https://app.powerbi.com/view?r=eyJrIjoiOTJkN2U4MjUtYWE1Ny00NzA4LWExMzctMDBiYjQ2NjZiZWVjIiwidCI6ImJkMDNhNzM1LTJhYTMtNGNjYS05NzIyLTJhZTQ5MjlhYjNlYyIsImMiOjEwfQ%3D%3D&pageName=adfba30c52355c5b1631
Casiguran,Aurora,16.25,122.1667,1997,1,Jan,DJF,Dry Season,2284.2,141,1997-01-01,https://app.powerbi.com/view?r=eyJrIjoiOTJkN2U4MjUtYWE1Ny00NzA4LWExMzctMDBiYjQ2NjZiZWVjIiwidCI6ImJkMDNhNzM1LTJhYTMtNGNjYS05NzIyLTJhZTQ5MjlhYjNlYyIsImMiOjEwfQ%3D%3D&pageName=adfba30c52355c5b1631
Casiguran,Aurora,16.25,122.1667,1997,2,Feb,DJF,Dry Season,2284.2,250.3,1997-02-01,https://app.powerbi.com/view?r=eyJrIjoiOTJkN2U4MjUtYWE1Ny00NzA4LWExMzctMDBiYjQ2NjZiZWVjIiwidCI6ImJkMDNhNzM1LTJhYTMtNGNjYS05NzIyLTJhZTQ5MjlhYjNlYyIsImMiOjEwfQ%3D%3D&pageName=adfba30c52355c5b1631
Casiguran,Aurora,16.25,122.1667,1997,3,Mar,MAM,Dry Season,2284.2,107.5,1997-03-01,https://app.powerbi.com/view?r=eyJrIjoiOTJkN2U4MjUtYWE1Ny00NzA4LWExMzctMDBiYjQ2NjZiZWVjIiwidCI6ImJkMDNhNzM1LTJhYTMtNGNjYS05NzIyLTJhZTQ5MjlhYjNlYyIsImMiOjEwfQ%3D%3D&pageName=adfba30c52355c5b1631
Casiguran,Aurora,16.25,122.1667,1997,4,Apr,MAM,Dry Season,2284.2,41.4,1997-04-01,https://app.powerbi.com/view?r=eyJrIjoiOTJkN2U4MjUtYWE1Ny00NzA4LWExMzctMDBiYjQ2NjZiZWVjIiwidCI6ImJkMDNhNzM1LTJhYTMtNGNjYS05NzIyLTJhZTQ5MjlhYjNlYyIsImMiOjEwfQ%3D%3D&pageName=adfba30c52355c5b1631
Casiguran,Aurora,16.25,122.1667,1997,5,May,MAM,Wet Season,2284.2,169.8,1997-05-01,https://app.powerbi.com/view?r=eyJrIjoiOTJkN2U4MjUtYWE1Ny00NzA4LWExMzctMDBiYjQ2NjZiZWVjIiwidCI6ImJkMDNhNzM1LTJhYTMtNGNjYS05NzIyLTJhZTQ5MjlhYjNlYyIsImMiOjEwfQ%3D%3D&pageName=adfba30c52355c5b1631
Casiguran,Aurora,16.25,122.1667,1997,6,Jun,JJA,Wet Season,2284.2,263.2,1997-06-01,https://app.powerbi.com/view?r=eyJrIjoiOTJkN2U4MjUtYWE1Ny00NzA4LWExMzctMDBiYjQ2NjZiZWVjIiwidCI6ImJkMDNhNzM1LTJhYTMtNGNjYS05NzIyLTJhZTQ5MjlhYjNlYyIsImMiOjEwfQ%3D%3D&pageName=adfba30c52355c5b1631
Casiguran,Aurora,16.25,122.1667,1997,7,Jul,JJA,Wet Season,2284.2,440.8,1997-07-01,https://app.powerbi.com/view?r=eyJrIjoiOTJkN2U4MjUtYWE1Ny00NzA4LWExMzctMDBiYjQ2NjZiZWVjIiwidCI6ImJkMDNhNzM1LTJhYTMtNGNjYS05NzIyLTJhZTQ5MjlhYjNlYyIsImMiOjEwfQ%3D%3D&pageName=adfba30c52355c5b1631
Casiguran,Aurora,16.25,122.1667,1997,8,Aug,JJA,Wet Season,2284.2,71.5,1997-08-01,https://app.powerbi.com/view?r=eyJrIjoiOTJkN2U4MjUtYWE1Ny00NzA4LWExMzctMDBiYjQ2NjZiZWVjIiwidCI6ImJkMDNhNzM1LTJhYTMtNGNjYS05NzIyLTJhZTQ5MjlhYjNlYyIsImMiOjEwfQ%3D%3D&pageName=adfba30c52355c5b1631
Casiguran,Aurora,16.25,122.1667,1997,9,Sep,SON,Wet Season,2284.2,177.2,1997-09-01,https://app.powerbi.com/view?r=eyJrIjoiOTJkN2U4MjUtYWE1Ny00NzA4LWExMzctMDBiYjQ2NjZiZWVjIiwidCI6ImJkMDNhNzM1LTJhYTMtNGNjYS05NzIyLTJhZTQ5MjlhYjNlYyIsImMiOjEwfQ%3D%3D&pageName=adfba30c52355c5b1631
Casiguran,Aurora,16.25,122.1667,1997,10,Oct,SON,Wet Season,2284.2,170.4,1997-10-01,https://app.powerbi.com/view?r=eyJrIjoiOTJkN2U4MjUtYWE1Ny00NzA4LWExMzctMDBiYjQ2NjZiZWVjIiwidCI6ImJkMDNhNzM1LTJhYTMtNGNjYS05NzIyLTJhZTQ5MjlhYjNlYyIsImMiOjEwfQ%3D%3D&pageName=adfba30c52355c5b1631
Casiguran,Aurora,16.25,122.1667,1997,11,Nov,SON,Dry Season,2284.2,190.1,1997-11-01,https://app.powerbi.com/view?r=eyJrIjoiOTJkN2U4MjUtYWE1Ny00NzA4LWExMzctMDBiYjQ2NjZiZWVjIiwidCI6ImJkMDNhNzM1LTJhYTMtNGNjYS05NzIyLTJhZTQ5MjlhYjNlYyIsImMiOjEwfQ%3D%3D&pageName=adfba30c52355c5b1631
Casiguran,Aurora,16.25,122.1667,1997,12,Dec,DJF,Dry Season,2284.2,261,1997-12-01,https://app.powerbi.com/view?r=eyJrIjoiOTJkN2U4MjUtYWE1Ny00NzA4LWExMzctMDBiYjQ2NjZiZWVjIiwidCI6ImJkMDNhNzM1LTJhYTMtNGNjYS05NzIyLTJhZTQ5MjlhYjNlYyIsImMiOjEwfQ%3D%3D&pageName=adfba30c52355c5b1631
Casiguran,Aurora,16.25,122.1667,1998,1,Jan,DJF,Dry Season,4302,155.9,1998-01-01,https://app.powerbi.com/view?r=eyJrIjoiOTJkN2U4MjUtYWE1Ny00NzA4LWExMzctMDBiYjQ2NjZiZWVjIiwidCI6ImJkMDNhNzM1LTJhYTMtNGNjYS05NzIyLTJhZTQ5MjlhYjNlYyIsImMiOjEwfQ%3D%3D&pageName=adfba30c52355c5b1631
Casiguran,Aurora,16.25,122.1667,1998,2,Feb,DJF,Dry Season,4302,38.2,1998-02-01,https://app.powerbi.com/view?r=eyJrIjoiOTJkN2U4MjUtYWE1Ny00NzA4LWExMzctMDBiYjQ2NjZiZWVjIiwidCI6ImJkMDNhNzM1LTJhYTMtNGNjYS05NzIyLTJhZTQ5MjlhYjNlYyIsImMiOjEwfQ%3D%3D&pageName=adfba30c52355c5b1631
Casiguran,Aurora,16.25,122.1667,1998,3,Mar,MAM,Dry Season,4302,220.2,1998-03-01,https://app.powerbi.com/view?r=eyJrIjoiOTJkN2U4MjUtYWE1Ny00NzA4LWExMzctMDBiYjQ2NjZiZWVjIiwidCI6ImJkMDNhNzM1LTJhYTMtNGNjYS05NzIyLTJhZTQ5MjlhYjNlYyIsImMiOjEwfQ%3D%3D&pageName=adfba30c52355c5b1631
Casiguran,Aurora,16.25,122.1667,1998,4,Apr,MAM,Dry Season,4302,172.8,1998-04-01,https://app.powerbi.com/view?r=eyJrIjoiOTJkN2U4MjUtYWE1Ny00NzA4LWExMzctMDBiYjQ2NjZiZWVjIiwidCI6ImJkMDNhNzM1LTJhYTMtNGNjYS05NzIyLTJhZTQ5MjlhYjNlYyIsImMiOjEwfQ%3D%3D&pageName=adfba30c52355c5b1631
Casiguran,Aurora,16.25,122.1667,1998,5,May,MAM,Wet Season,4302,272.2,1998-05-01,https://app.powerbi.com/view?r=eyJrIjoiOTJkN2U4MjUtYWE1Ny00NzA4LWExMzctMDBiYjQ2NjZiZWVjIiwidCI6ImJkMDNhNzM1LTJhYTMtNGNjYS05NzIyLTJhZTQ5MjlhYjNlYyIsImMiOjEwfQ%3D%3D&pageName=adfba30c52355c5b1631
Casiguran,Aurora,16.25,122.1667,1998,6,Jun,JJA,Wet Season,4302,360.4,1998-06-01,https://app.powerbi.com/view?r=eyJrIjoiOTJkN2U4MjUtYWE1Ny00NzA4LWExMzctMDBiYjQ2NjZiZWVjIiwidCI6ImJkMDNhNzM1LTJhYTMtNGNjYS05NzIyLTJhZTQ5MjlhYjNlYyIsImMiOjEwfQ%3D%3D&pageName=adfba30c52355c5b1631
Casiguran,Aurora,16.25,122.1667,1998,7,Jul,JJA,Wet Season,4302,68,1998-07-01,https://app.powerbi.com/view?r=eyJrIjoiOTJkN2U4MjUtYWE1Ny00NzA4LWExMzctMDBiYjQ2NjZiZWVjIiwidCI6ImJkMDNhNzM1LTJhYTMtNGNjYS05NzIyLTJhZTQ5MjlhYjNlYyIsImMiOjEwfQ%3D%3D&pageName=adfba30c52355c5b1631
Casiguran,Aurora,16.25,122.1667,1998,8,Aug,JJA,Wet Season,4302,297.2,1998-08-01,https://app.powerbi.com/view?r=eyJrIjoiOTJkN2U4MjUtYWE1Ny00NzA4LWExMzctMDBiYjQ2NjZiZWVjIiwidCI6ImJkMDNhNzM1LTJhYTMtNGNjYS05NzIyLTJhZTQ5MjlhYjNlYyIsImMiOjEwfQ%3D%3D&pageName=adfba30c52355c5b1631
Casiguran,Aurora,16.25,122.1667,1998,9,Sep,SON,Wet Season,4302,190.5,1998-09-01,https://app.powerbi.com/view?r=eyJrIjoiOTJkN2U4MjUtYWE1Ny00NzA4LWExMzctMDBiYjQ2NjZiZWVjIiwidCI6ImJkMDNhNzM1LTJhYTMtNGNjYS05NzIyLTJhZTQ5MjlhYjNlYyIsImMiOjEwfQ%3D%3D&pageName=adfba30c52355c5b1631
Casiguran,Aurora,16.25,122.1667,1998,10,Oct,SON,Wet Season,4302,719.8,1998-10-01,https://app.powerbi.com/view?r=eyJrIjoiOTJkN2U4MjUtYWE1Ny00NzA4LWExMzctMDBiYjQ2NjZiZWVjIiwidCI6ImJkMDNhNzM1LTJhYTMtNGNjYS05NzIyLTJhZTQ5MjlhYjNlYyIsImMiOjEwfQ%3D%3D&pageName=adfba30c52355c5b1631
Casiguran,Aurora,16.25,122.1667,1998,11,Nov,SON,Dry Season,4302,452.4,1998-11-01,https://app.powerbi.com/view?r=eyJrIjoiOTJkN2U4MjUtYWE1Ny00NzA4LWExMzctMDBiYjQ2NjZiZWVjIiwidCI6ImJkMDNhNzM1LTJhYTMtNGNjYS05NzIyLTJhZTQ5MjlhYjNlYyIsImMiOjEwfQ%3D%3D&pageName=adfba30c52355c5b1631
Casiguran,Aurora,16.25,122.1667,1998,12,Dec,DJF,Dry Season,4302,1354.4,1998-12-01,https://app.powerbi.com/view?r=eyJrIjoiOTJkN2U4MjUtYWE1Ny00NzA4LWExMzctMDBiYjQ2NjZiZWVjIiwidCI6ImJkMDNhNzM1LTJhYTMtNGNjYS05NzIyLTJhZTQ5MjlhYjNlYyIsImMiOjEwfQ%3D%3D&pageName=adfba30c52355c5b1631
Casiguran,Aurora,16.25,122.1667,1999,1,Jan,DJF,Dry Season,5572.3,778.6,1999-01-01,https://app.powerbi.com/view?r=eyJrIjoiOTJkN2U4MjUtYWE1Ny00NzA4LWExMzctMDBiYjQ2NjZiZWVjIiwidCI6ImJkMDNhNzM1LTJhYTMtNGNjYS05NzIyLTJhZTQ5MjlhYjNlYyIsImMiOjEwfQ%3D%3D&pageName=adfba30c52355c5b1631
Casiguran,Aurora,16.25,122.1667,1999,2,Feb,DJF,Dry Season,5572.3,111.6,1999-02-01,https://app.powerbi.com/view?r=eyJrIjoiOTJkN2U4MjUtYWE1Ny00NzA4LWExMzctMDBiYjQ2NjZiZWVjIiwidCI6ImJkMDNhNzM1LTJhYTMtNGNjYS05NzIyLTJhZTQ5MjlhYjNlYyIsImMiOjEwfQ%3D%3D&pageName=adfba30c52355c5b1631
Casiguran,Aurora,16.25,122.1667,1999,3,Mar,MAM,Dry Season,5572.3,633.3,1999-03-01,https://app.powerbi.com/view?r=eyJrIjoiOTJkN2U4MjUtYWE1Ny00NzA4LWExMzctMDBiYjQ2NjZiZWVjIiwidCI6ImJkMDNhNzM1LTJhYTMtNGNjYS05NzIyLTJhZTQ5MjlhYjNlYyIsImMiOjEwfQ%3D%3D&pageName=adfba30c52355c5b1631
Casiguran,Aurora,16.25,122.1667,1999,4,Apr,MAM,Dry Season,5572.3,615.2,1999-04-01,https://app.powerbi.com/view?r=eyJrIjoiOTJkN2U4MjUtYWE1Ny00NzA4LWExMzctMDBiYjQ2NjZiZWVjIiwidCI6ImJkMDNhNzM1LTJhYTMtNGNjYS05NzIyLTJhZTQ5MjlhYjNlYyIsImMiOjEwfQ%3D%3D&pageName=adfba30c52355c5b1631
Casiguran,Aurora,16.25,122.1667,1999,5,May,MAM,Wet Season,5572.3,148.3,1999-05-01,https://app.powerbi.com/view?r=eyJrIjoiOTJkN2U4MjUtYWE1Ny00NzA4LWExMzctMDBiYjQ2NjZiZWVjIiwidCI6ImJkMDNhNzM1LTJhYTMtNGNjYS05NzIyLTJhZTQ5MjlhYjNlYyIsImMiOjEwfQ%3D%3D&pageName=adfba30c52355c5b1631
Casiguran,Aurora,16.25,122.1667,1999,6,Jun,JJA,Wet Season,5572.3,290.8,1999-06-01,https://app.powerbi.com/view?r=eyJrIjoiOTJkN2U4MjUtYWE1Ny00NzA4LWExMzctMDBiYjQ2NjZiZWVjIiwidCI6ImJkMDNhNzM1LTJhYTMtNGNjYS05NzIyLTJhZTQ5MjlhYjNlYyIsImMiOjEwfQ%3D%3D&pageName=adfba30c52355c5b1631
Casiguran,Aurora,16.25,122.1667,1999,7,Jul,JJA,Wet Season,5572.3,84.8,1999-07-01,https://app.powerbi.com/view?r=eyJrIjoiOTJkN2U4MjUtYWE1Ny00NzA4LWExMzctMDBiYjQ2NjZiZWVjIiwidCI6ImJkMDNhNzM1LTJhYTMtNGNjYS05NzIyLTJhZTQ5MjlhYjNlYyIsImMiOjEwfQ%3D%3D&pageName=adfba30c52355c5b1631
Casiguran,Aurora,16.25,122.1667,1999,8,Aug,JJA,Wet Season,5572.3,217.4,1999-08-01,https://app.powerbi.com/view?r=eyJrIjoiOTJkN2U4MjUtYWE1Ny00NzA4LWExMzctMDBiYjQ2NjZiZWVjIiwidCI6ImJkMDNhNzM1LTJhYTMtNGNjYS05NzIyLTJhZTQ5MjlhYjNlYyIsImMiOjEwfQ%3D%3D&pageName=adfba30c52355c5b1631
Casiguran,Aurora,16.25,122.1667,1999,9,Sep,SON,Wet Season,5572.3,289.8,1999-09-01,https://app.powerbi.com/view?r=eyJrIjoiOTJkN2U4MjUtYWE1Ny00NzA4LWExMzctMDBiYjQ2NjZiZWVjIiwidCI6ImJkMDNhNzM1LTJhYTMtNGNjYS05NzIyLTJhZTQ5MjlhYjNlYyIsImMiOjEwfQ%3D%3D&pageName=adfba30c52355c5b1631
Casiguran,Aurora,16.25,122.1667,1999,10,Oct,SON,Wet Season,5572.3,496.5,1999-10-01,https://app.powerbi.com/view?r=eyJrIjoiOTJkN2U4MjUtYWE1Ny00NzA4LWExMzctMDBiYjQ2NjZiZWVjIiwidCI6ImJkMDNhNzM1LTJhYTMtNGNjYS05NzIyLTJhZTQ5MjlhYjNlYyIsImMiOjEwfQ%3D%3D&pageName=adfba30c52355c5b1631
Casiguran,Aurora,16.25,122.1667,1999,11,Nov,SON,Dry Season,5572.3,925.6,1999-11-01,https://app.powerbi.com/view?r=eyJrIjoiOTJkN2U4MjUtYWE1Ny00NzA4LWExMzctMDBiYjQ2NjZiZWVjIiwidCI6ImJkMDNhNzM1LTJhYTMtNGNjYS05NzIyLTJhZTQ5MjlhYjNlYyIsImMiOjEwfQ%3D%3D&pageName=adfba30c52355c5b1631
Casiguran,Aurora,16.25,122.1667,1999,12,Dec,DJF,Dry Season,5572.3,980.4,1999-12-01,https://app.powerbi.com/view?r=eyJrIjoiOTJkN2U4MjUtYWE1Ny00NzA4LWExMzctMDBiYjQ2NjZiZWVjIiwidCI6ImJkMDNhNzM1LTJhYTMtNGNjYS05NzIyLTJhZTQ5MjlhYjNlYyIsImMiOjEwfQ%3D%3D&pageName=adfba30c52355c5b1631
Casiguran,Aurora,16.25,122.1667,2000,1,Jan,DJF,Dry Season,5739.8,432.4,2000-01-01,https://app.powerbi.com/view?r=eyJrIjoiOTJkN2U4MjUtYWE1Ny00NzA4LWExMzctMDBiYjQ2NjZiZWVjIiwidCI6ImJkMDNhNzM1LTJhYTMtNGNjYS05NzIyLTJhZTQ5MjlhYjNlYyIsImMiOjEwfQ%3D%3D&pageName=adfba30c52355c5b1631
Casiguran,Aurora,16.25,122.1667,2000,2,Feb,DJF,Dry Season,5739.8,835.6,2000-02-01,https://app.powerbi.com/view?r=eyJrIjoiOTJkN2U4MjUtYWE1Ny00NzA4LWExMzctMDBiYjQ2NjZiZWVjIiwidCI6ImJkMDNhNzM1LTJhYTMtNGNjYS05NzIyLTJhZTQ5MjlhYjNlYyIsImMiOjEwfQ%3D%3D&pageName=adfba30c52355c5b1631
Casiguran,Aurora,16.25,122.1667,2000,3,Mar,MAM,Dry Season,5739.8,323.2,2000-03-01,https://app.powerbi.com/view?r=eyJrIjoiOTJkN2U4MjUtYWE1Ny00NzA4LWExMzctMDBiYjQ2NjZiZWVjIiwidCI6ImJkMDNhNzM1LTJhYTMtNGNjYS05NzIyLTJhZTQ5MjlhYjNlYyIsImMiOjEwfQ%3D%3D&pageName=adfba30c52355c5b1631
Casiguran,Aurora,16.25,122.1667,2000,4,Apr,MAM,Dry Season,5739.8,122.4,2000-04-01,https://app.powerbi.com/view?r=eyJrIjoiOTJkN2U4MjUtYWE1Ny00NzA4LWExMzctMDBiYjQ2NjZiZWVjIiwidCI6ImJkMDNhNzM1LTJhYTMtNGNjYS05NzIyLTJhZTQ5MjlhYjNlYyIsImMiOjEwfQ%3D%3D&pageName=adfba30c52355c5b1631
Casiguran,Aurora,16.25,122.1667,2000,5,May,MAM,Wet Season,5739.8,274.2,2000-05-01,https://app.powerbi.com/view?r=eyJrIjoiOTJkN2U4MjUtYWE1Ny00NzA4LWExMzctMDBiYjQ2NjZiZWVjIiwidCI6ImJkMDNhNzM1LTJhYTMtNGNjYS05NzIyLTJhZTQ5MjlhYjNlYyIsImMiOjEwfQ%3D%3D&pageName=adfba30c52355c5b1631
Casiguran,Aurora,16.25,122.1667,2000,6,Jun,JJA,Wet Season,5739.8,243.2,2000-06-01,https://app.powerbi.com/view?r=eyJrIjoiOTJkN2U4MjUtYWE1Ny00NzA4LWExMzctMDBiYjQ2NjZiZWVjIiwidCI6ImJkMDNhNzM1LTJhYTMtNGNjYS05NzIyLTJhZTQ5MjlhYjNlYyIsImMiOjEwfQ%3D%3D&pageName=adfba30c52355c5b1631
Casiguran,Aurora,16.25,122.1667,2000,7,Jul,JJA,Wet Season,5739.8,271.2,2000-07-01,https://app.powerbi.com/view?r=eyJrIjoiOTJkN2U4MjUtYWE1Ny00NzA4LWExMzctMDBiYjQ2NjZiZWVjIiwidCI6ImJkMDNhNzM1LTJhYTMtNGNjYS05NzIyLTJhZTQ5MjlhYjNlYyIsImMiOjEwfQ%3D%3D&pageName=adfba30c52355c5b1631
Casiguran,Aurora,16.25,122.1667,2000,8,Aug,JJA,Wet Season,5739.8,119.6,2000-08-01,https://app.powerbi.com/view?r=eyJrIjoiOTJkN2U4MjUtYWE1Ny00NzA4LWExMzctMDBiYjQ2NjZiZWVjIiwidCI6ImJkMDNhNzM1LTJhYTMtNGNjYS05NzIyLTJhZTQ5MjlhYjNlYyIsImMiOjEwfQ%3D%3D&pageName=adfba30c52355c5b1631
Casiguran,Aurora,16.25,122.1667,2000,9,Sep,SON,Wet Season,5739.8,265.9,2000-09-01,https://app.powerbi.com/view?r=eyJrIjoiOTJkN2U4MjUtYWE1Ny00NzA4LWExMzctMDBiYjQ2NjZiZWVjIiwidCI6ImJkMDNhNzM1LTJhYTMtNGNjYS05NzIyLTJhZTQ5MjlhYjNlYyIsImMiOjEwfQ%3D%3D&pageName=adfba30c52355c5b1631
Casiguran,Aurora,16.25,122.1667,2000,10,Oct,SON,Wet Season,5739.8,698.4,2000-10-01,https://app.powerbi.com/view?r=eyJrIjoiOTJkN2U4MjUtYWE1Ny00NzA4LWExMzctMDBiYjQ2NjZiZWVjIiwidCI6ImJkMDNhNzM1LTJhYTMtNGNjYS05NzIyLTJhZTQ5MjlhYjNlYyIsImMiOjEwfQ%3D%3D&pageName=adfba30c52355c5b1631
Casiguran,Aurora,16.25,122.1667,2000,11,Nov,SON,Dry Season,5739.8,1097.8,2000-11-01,https://app.powerbi.com/view?r=eyJrIjoiOTJkN2U4MjUtYWE1Ny00NzA4LWExMzctMDBiYjQ2NjZiZWVjIiwidCI6ImJkMDNhNzM1LTJhYTMtNGNjYS05NzIyLTJhZTQ5MjlhYjNlYyIsImMiOjEwfQ%3D%3D&pageName=adfba30c52355c5b1631
Casiguran,Aurora,16.25,122.1667,2000,12,Dec,DJF,Dry Season,5739.8,1055.9,2000-12-01,https://app.powerbi.com/view?r=eyJrIjoiOTJkN2U4MjUtYWE1Ny00NzA4LWExMzctMDBiYjQ2NjZiZWVjIiwidCI6ImJkMDNhNzM1LTJhYTMtNGNjYS05NzIyLTJhZTQ5MjlhYjNlYyIsImMiOjEwfQ%3D%3D&pageName=adfba30c52355c5b1631
Casiguran,Aurora,16.25,122.1667,2001,1,Jan,DJF,Dry Season,4180.5,285.5,2001-01-01,https://app.powerbi.com/view?r=eyJrIjoiOTJkN2U4MjUtYWE1Ny00NzA4LWExMzctMDBiYjQ2NjZiZWVjIiwidCI6ImJkMDNhNzM1LTJhYTMtNGNjYS05NzIyLTJhZTQ5MjlhYjNlYyIsImMiOjEwfQ%3D%3D&pageName=adfba30c52355c5b1631
Casiguran,Aurora,16.25,122.1667,2001,2,Feb,DJF,Dry Season,4180.5,649.2,2001-02-01,https://app.powerbi.com/view?r=eyJrIjoiOTJkN2U4MjUtYWE1Ny00NzA4LWExMzctMDBiYjQ2NjZiZWVjIiwidCI6ImJkMDNhNzM1LTJhYTMtNGNjYS05NzIyLTJhZTQ5MjlhYjNlYyIsImMiOjEwfQ%3D%3D&pageName=adfba30c52355c5b1631
Casiguran,Aurora,16.25,122.1667,2001,3,Mar,MAM,Dry Season,4180.5,281,2001-03-01,https://app.powerbi.com/view?r=eyJrIjoiOTJkN2U4MjUtYWE1Ny00NzA4LWExMzctMDBiYjQ2NjZiZWVjIiwidCI6ImJkMDNhNzM1LTJhYTMtNGNjYS05NzIyLTJhZTQ5MjlhYjNlYyIsImMiOjEwfQ%3D%3D&pageName=adfba30c52355c5b1631
Casiguran,Aurora,16.25,122.1667,2001,4,Apr,MAM,Dry Season,4180.5,333.8,2001-04-01,https://app.powerbi.com/view?r=eyJrIjoiOTJkN2U4MjUtYWE1Ny00NzA4LWExMzctMDBiYjQ2NjZiZWVjIiwidCI6ImJkMDNhNzM1LTJhYTMtNGNjYS05NzIyLTJhZTQ5MjlhYjNlYyIsImMiOjEwfQ%3D%3D&pageName=adfba30c52355c5b1631
Casiguran,Aurora,16.25,122.1667,2001,5,May,MAM,Wet Season,4180.5,417,2001-05-01,https://app.powerbi.com/view?r=eyJrIjoiOTJkN2U4MjUtYWE1Ny00NzA4LWExMzctMDBiYjQ2NjZiZWVjIiwidCI6ImJkMDNhNzM1LTJhYTMtNGNjYS05NzIyLTJhZTQ5MjlhYjNlYyIsImMiOjEwfQ%3D%3D&pageName=adfba30c52355c5b1631
Casiguran,Aurora,16.25,122.1667,2001,6,Jun,JJA,Wet Season,4180.5,254,2001-06-01,https://app.powerbi.com/view?r=eyJrIjoiOTJkN2U4MjUtYWE1Ny00NzA4LWExMzctMDBiYjQ2NjZiZWVjIiwidCI6ImJkMDNhNzM1LTJhYTMtNGNjYS05NzIyLTJhZTQ5MjlhYjNlYyIsImMiOjEwfQ%3D%3D&pageName=adfba30c52355c5b1631
Casiguran,Aurora,16.25,122.1667,2001,7,Jul,JJA,Wet Season,4180.5,339,2001-07-01,https://app.powerbi.com/view?r=eyJrIjoiOTJkN2U4MjUtYWE1Ny00NzA4LWExMzctMDBiYjQ2NjZiZWVjIiwidCI6ImJkMDNhNzM1LTJhYTMtNGNjYS05NzIyLTJhZTQ5MjlhYjNlYyIsImMiOjEwfQ%3D%3D&pageName=adfba30c52355c5b1631
Casiguran,Aurora,16.25,122.1667,2001,8,Aug,JJA,Wet Season,4180.5,215,2001-08-01,https://app.powerbi.com/view?r=eyJrIjoiOTJkN2U4MjUtYWE1Ny00NzA4LWExMzctMDBiYjQ2NjZiZWVjIiwidCI6ImJkMDNhNzM1LTJhYTMtNGNjYS05NzIyLTJhZTQ5MjlhYjNlYyIsImMiOjEwfQ%3D%3D&pageName=adfba30c52355c5b1631
Casiguran,Aurora,16.25,122.1667,2001,9,Sep,SON,Wet Season,4180.5,71.7,2001-09-01,https://app.powerbi.com/view?r=eyJrIjoiOTJkN2U4MjUtYWE1Ny00NzA4LWExMzctMDBiYjQ2NjZiZWVjIiwidCI6ImJkMDNhNzM1LTJhYTMtNGNjYS05NzIyLTJhZTQ5MjlhYjNlYyIsImMiOjEwfQ%3D%3D&pageName=adfba30c52355c5b1631
Casiguran,Aurora,16.25,122.1667,2001,10,Oct,SON,Wet Season,4180.5,402.4,2001-10-01,https://app.powerbi.com/view?r=eyJrIjoiOTJkN2U4MjUtYWE1Ny00NzA4LWExMzctMDBiYjQ2NjZiZWVjIiwidCI6ImJkMDNhNzM1LTJhYTMtNGNjYS05NzIyLTJhZTQ5MjlhYjNlYyIsImMiOjEwfQ%3D%3D&pageName=adfba30c52355c5b1631
Casiguran,Aurora,16.25,122.1667,2001,11,Nov,SON,Dry Season,4180.5,361.3,2001-11-01,https://app.powerbi.com/view?r=eyJrIjoiOTJkN2U4MjUtYWE1Ny00NzA4LWExMzctMDBiYjQ2NjZiZWVjIiwidCI6ImJkMDNhNzM1LTJhYTMtNGNjYS05NzIyLTJhZTQ5MjlhYjNlYyIsImMiOjEwfQ%3D%3D&pageName=adfba30c52355c5b1631
Casiguran,Aurora,16.25,122.1667,2001,12,Dec,DJF,Dry Season,4180.5,570.6,2001-12-01,https://app.powerbi.com/view?r=eyJrIjoiOTJkN2U4MjUtYWE1Ny00NzA4LWExMzctMDBiYjQ2NjZiZWVjIiwidCI6ImJkMDNhNzM1LTJhYTMtNGNjYS05NzIyLTJhZTQ5MjlhYjNlYyIsImMiOjEwfQ%3D%3D&pageName=adfba30c52355c5b1631
Casiguran,Aurora,16.25,122.1667,2002,1,Jan,DJF,Dry Season,3381.1,297.2,2002-01-01,https://app.powerbi.com/view?r=eyJrIjoiOTJkN2U4MjUtYWE1Ny00NzA4LWExMzctMDBiYjQ2NjZiZWVjIiwidCI6ImJkMDNhNzM1LTJhYTMtNGNjYS05NzIyLTJhZTQ5MjlhYjNlYyIsImMiOjEwfQ%3D%3D&pageName=adfba30c52355c5b1631
Casiguran,Aurora,16.25,122.1667,2002,2,Feb,DJF,Dry Season,3381.1,192.8,2002-02-01,https://app.powerbi.com/view?r=eyJrIjoiOTJkN2U4MjUtYWE1Ny00NzA4LWExMzctMDBiYjQ2NjZiZWVjIiwidCI6ImJkMDNhNzM1LTJhYTMtNGNjYS05NzIyLTJhZTQ5MjlhYjNlYyIsImMiOjEwfQ%3D%3D&pageName=adfba30c52355c5b1631
Casiguran,Aurora,16.25,122.1667,2002,3,Mar,MAM,Dry Season,3381.1,132,2002-03-01,https://app.powerbi.com/view?r=eyJrIjoiOTJkN2U4MjUtYWE1Ny00NzA4LWExMzctMDBiYjQ2NjZiZWVjIiwidCI6ImJkMDNhNzM1LTJhYTMtNGNjYS05NzIyLTJhZTQ5MjlhYjNlYyIsImMiOjEwfQ%3D%3D&pageName=adfba30c52355c5b1631
Casiguran,Aurora,16.25,122.1667,2002,4,Apr,MAM,Dry Season,3381.1,140.9,2002-04-01,https://app.powerbi.com/view?r=eyJrIjoiOTJkN2U4MjUtYWE1Ny00NzA4LWExMzctMDBiYjQ2NjZiZWVjIiwidCI6ImJkMDNhNzM1LTJhYTMtNGNjYS05NzIyLTJhZTQ5MjlhYjNlYyIsImMiOjEwfQ%3D%3D&pageName=adfba30c52355c5b1631
Casiguran,Aurora,16.25,122.1667,2002,5,May,MAM,Wet Season,3381.1,170.8,2002-05-01,https://app.powerbi.com/view?r=eyJrIjoiOTJkN2U4MjUtYWE1Ny00NzA4LWExMzctMDBiYjQ2NjZiZWVjIiwidCI6ImJkMDNhNzM1LTJhYTMtNGNjYS05NzIyLTJhZTQ5MjlhYjNlYyIsImMiOjEwfQ%3D%3D&pageName=adfba30c52355c5b1631
Casiguran,Aurora,16.25,122.1667,2002,6,Jun,JJA,Wet Season,3381.1,41.4,2002-06-01,https://app.powerbi.com/view?r=eyJrIjoiOTJkN2U4MjUtYWE1Ny00NzA4LWExMzctMDBiYjQ2NjZiZWVjIiwidCI6ImJkMDNhNzM1LTJhYTMtNGNjYS05NzIyLTJhZTQ5MjlhYjNlYyIsImMiOjEwfQ%3D%3D&pageName=adfba30c52355c5b1631
Casiguran,Aurora,16.25,122.1667,2002,7,Jul,JJA,Wet Season,3381.1,337.8,2002-07-01,https://app.powerbi.com/view?r=eyJrIjoiOTJkN2U4MjUtYWE1Ny00NzA4LWExMzctMDBiYjQ2NjZiZWVjIiwidCI6ImJkMDNhNzM1LTJhYTMtNGNjYS05NzIyLTJhZTQ5MjlhYjNlYyIsImMiOjEwfQ%3D%3D&pageName=adfba30c52355c5b1631
Casiguran,Aurora,16.25,122.1667,2002,8,Aug,JJA,Wet Season,3381.1,181.6,2002-08-01,https://app.powerbi.com/view?r=eyJrIjoiOTJkN2U4MjUtYWE1Ny00NzA4LWExMzctMDBiYjQ2NjZiZWVjIiwidCI6ImJkMDNhNzM1LTJhYTMtNGNjYS05NzIyLTJhZTQ5MjlhYjNlYyIsImMiOjEwfQ%3D%3D&pageName=adfba30c52355c5b1631
Casiguran,Aurora,16.25,122.1667,2002,9,Sep,SON,Wet Season,3381.1,371.1,2002-09-01,https://app.powerbi.com/view?r=eyJrIjoiOTJkN2U4MjUtYWE1Ny00NzA4LWExMzctMDBiYjQ2NjZiZWVjIiwidCI6ImJkMDNhNzM1LTJhYTMtNGNjYS05NzIyLTJhZTQ5MjlhYjNlYyIsImMiOjEwfQ%3D%3D&pageName=adfba30c52355c5b1631
Casiguran,Aurora,16.25,122.1667,2002,10,Oct,SON,Wet Season,3381.1,263.6,2002-10-01,https://app.powerbi.com/view?r=eyJrIjoiOTJkN2U4MjUtYWE1Ny00NzA4LWExMzctMDBiYjQ2NjZiZWVjIiwidCI6ImJkMDNhNzM1LTJhYTMtNGNjYS05NzIyLTJhZTQ5MjlhYjNlYyIsImMiOjEwfQ%3D%3D&pageName=adfba30c52355c5b1631
Casiguran,Aurora,16.25,122.1667,2002,11,Nov,SON,Dry Season,3381.1,1054.2,2002-11-01,https://app.powerbi.com/view?r=eyJrIjoiOTJkN2U4MjUtYWE1Ny00NzA4LWExMzctMDBiYjQ2NjZiZWVjIiwidCI6ImJkMDNhNzM1LTJhYTMtNGNjYS05NzIyLTJhZTQ5MjlhYjNlYyIsImMiOjEwfQ%3D%3D&pageName=adfba30c52355c5b1631
Casiguran,Aurora,16.25,122.1667,2002,12,Dec,DJF,Dry Season,3381.1,197.7,2002-12-01,https://app.powerbi.com/view?r=eyJrIjoiOTJkN2U4MjUtYWE1Ny00NzA4LWExMzctMDBiYjQ2NjZiZWVjIiwidCI6ImJkMDNhNzM1LTJhYTMtNGNjYS05NzIyLTJhZTQ5MjlhYjNlYyIsImMiOjEwfQ%3D%3D&pageName=adfba30c52355c5b1631
Casiguran,Aurora,16.25,122.1667,2003,1,Jan,DJF,Dry Season,3242.5,170,2003-01-01,https://app.powerbi.com/view?r=eyJrIjoiOTJkN2U4MjUtYWE1Ny00NzA4LWExMzctMDBiYjQ2NjZiZWVjIiwidCI6ImJkMDNhNzM1LTJhYTMtNGNjYS05NzIyLTJhZTQ5MjlhYjNlYyIsImMiOjEwfQ%3D%3D&pageName=adfba30c52355c5b1631
Casiguran,Aurora,16.25,122.1667,2003,2,Feb,DJF,Dry Season,3242.5,211.1,2003-02-01,https://app.powerbi.com/view?r=eyJrIjoiOTJkN2U4MjUtYWE1Ny00NzA4LWExMzctMDBiYjQ2NjZiZWVjIiwidCI6ImJkMDNhNzM1LTJhYTMtNGNjYS05NzIyLTJhZTQ5MjlhYjNlYyIsImMiOjEwfQ%3D%3D&pageName=adfba30c52355c5b1631
Casiguran,Aurora,16.25,122.1667,2003,3,Mar,MAM,Dry Season,3242.5,147.2,2003-03-01,https://app.powerbi.com/view?r=eyJrIjoiOTJkN2U4MjUtYWE1Ny00NzA4LWExMzctMDBiYjQ2NjZiZWVjIiwidCI6ImJkMDNhNzM1LTJhYTMtNGNjYS05NzIyLTJhZTQ5MjlhYjNlYyIsImMiOjEwfQ%3D%3D&pageName=adfba30c52355c5b1631
Casiguran,Aurora,16.25,122.1667,2003,4,Apr,MAM,Dry Season,3242.5,314.8,2003-04-01,https://app.powerbi.com/view?r=eyJrIjoiOTJkN2U4MjUtYWE1Ny00NzA4LWExMzctMDBiYjQ2NjZiZWVjIiwidCI6ImJkMDNhNzM1LTJhYTMtNGNjYS05NzIyLTJhZTQ5MjlhYjNlYyIsImMiOjEwfQ%3D%3D&pageName=adfba30c52355c5b1631
Casiguran,Aurora,16.25,122.1667,2003,5,May,MAM,Wet Season,3242.5,234.2,2003-05-01,https://app.powerbi.com/view?r=eyJrIjoiOTJkN2U4MjUtYWE1Ny00NzA4LWExMzctMDBiYjQ2NjZiZWVjIiwidCI6ImJkMDNhNzM1LTJhYTMtNGNjYS05NzIyLTJhZTQ5MjlhYjNlYyIsImMiOjEwfQ%3D%3D&pageName=adfba30c52355c5b1631
Casiguran,Aurora,16.25,122.1667,2003,6,Jun,JJA,Wet Season,3242.5,298.4,2003-06-01,https://app.powerbi.com/view?r=eyJrIjoiOTJkN2U4MjUtYWE1Ny00NzA4LWExMzctMDBiYjQ2NjZiZWVjIiwidCI6ImJkMDNhNzM1LTJhYTMtNGNjYS05NzIyLTJhZTQ5MjlhYjNlYyIsImMiOjEwfQ%3D%3D&pageName=adfba30c52355c5b1631
Casiguran,Aurora,16.25,122.1667,2003,7,Jul,JJA,Wet Season,3242.5,432,2003-07-01,https://app.powerbi.com/view?r=eyJrIjoiOTJkN2U4MjUtYWE1Ny00NzA4LWExMzctMDBiYjQ2NjZiZWVjIiwidCI6ImJkMDNhNzM1LTJhYTMtNGNjYS05NzIyLTJhZTQ5MjlhYjNlYyIsImMiOjEwfQ%3D%3D&pageName=adfba30c52355c5b1631
Casiguran,Aurora,16.25,122.1667,2003,8,Aug,JJA,Wet Season,3242.5,138,2003-08-01,https://app.powerbi.com/view?r=eyJrIjoiOTJkN2U4MjUtYWE1Ny00NzA4LWExMzctMDBiYjQ2NjZiZWVjIiwidCI6ImJkMDNhNzM1LTJhYTMtNGNjYS05NzIyLTJhZTQ5MjlhYjNlYyIsImMiOjEwfQ%3D%3D&pageName=adfba30c52355c5b1631
Casiguran,Aurora,16.25,122.1667,2003,9,Sep,SON,Wet Season,3242.5,514.4,2003-09-01,https://app.powerbi.com/view?r=eyJrIjoiOTJkN2U4MjUtYWE1Ny00NzA4LWExMzctMDBiYjQ2NjZiZWVjIiwidCI6ImJkMDNhNzM1LTJhYTMtNGNjYS05NzIyLTJhZTQ5MjlhYjNlYyIsImMiOjEwfQ%3D%3D&pageName=adfba30c52355c5b1631
Casiguran,Aurora,16.25,122.1667,2003,10,Oct,SON,Wet Season,3242.5,152.4,2003-10-01,https://app.powerbi.com/view?r=eyJrIjoiOTJkN2U4MjUtYWE1Ny00NzA4LWExMzctMDBiYjQ2NjZiZWVjIiwidCI6ImJkMDNhNzM1LTJhYTMtNGNjYS05NzIyLTJhZTQ5MjlhYjNlYyIsImMiOjEwfQ%3D%3D&pageName=adfba30c52355c5b1631
Casiguran,Aurora,16.25,122.1667,2003,11,Nov,SON,Dry Season,3242.5,309.6,2003-11-01,https://app.powerbi.com/view?r=eyJrIjoiOTJkN2U4MjUtYWE1Ny00NzA4LWExMzctMDBiYjQ2NjZiZWVjIiwidCI6ImJkMDNhNzM1LTJhYTMtNGNjYS05NzIyLTJhZTQ5MjlhYjNlYyIsImMiOjEwfQ%3D%3D&pageName=adfba30c52355c5b1631
Casiguran,Aurora,16.25,122.1667,2003,12,Dec,DJF,Dry Season,3242.5,320.4,2003-12-01,https://app.powerbi.com/view?r=eyJrIjoiOTJkN2U4MjUtYWE1Ny00NzA4LWExMzctMDBiYjQ2NjZiZWVjIiwidCI6ImJkMDNhNzM1LTJhYTMtNGNjYS05NzIyLTJhZTQ5MjlhYjNlYyIsImMiOjEwfQ%3D%3D&pageName=adfba30c52355c5b1631
Casiguran,Aurora,16.25,122.1667,2004,1,Jan,DJF,Dry Season,3046.5,140.7,2004-01-01,https://app.powerbi.com/view?r=eyJrIjoiOTJkN2U4MjUtYWE1Ny00NzA4LWExMzctMDBiYjQ2NjZiZWVjIiwidCI6ImJkMDNhNzM1LTJhYTMtNGNjYS05NzIyLTJhZTQ5MjlhYjNlYyIsImMiOjEwfQ%3D%3D&pageName=adfba30c52355c5b1631
Casiguran,Aurora,16.25,122.1667,2004,2,Feb,DJF,Dry Season,3046.5,358.8,2004-02-01,https://app.powerbi.com/view?r=eyJrIjoiOTJkN2U4MjUtYWE1Ny00NzA4LWExMzctMDBiYjQ2NjZiZWVjIiwidCI6ImJkMDNhNzM1LTJhYTMtNGNjYS05NzIyLTJhZTQ5MjlhYjNlYyIsImMiOjEwfQ%3D%3D&pageName=adfba30c52355c5b1631
Casiguran,Aurora,16.25,122.1667,2004,3,Mar,MAM,Dry Season,3046.5,26.4,2004-03-01,https://app.powerbi.com/view?r=eyJrIjoiOTJkN2U4MjUtYWE1Ny00NzA4LWExMzctMDBiYjQ2NjZiZWVjIiwidCI6ImJkMDNhNzM1LTJhYTMtNGNjYS05NzIyLTJhZTQ5MjlhYjNlYyIsImMiOjEwfQ%3D%3D&pageName=adfba30c52355c5b1631
Casiguran,Aurora,16.25,122.1667,2004,4,Apr,MAM,Dry Season,3046.5,40.4,2004-04-01,https://app.powerbi.com/view?r=eyJrIjoiOTJkN2U4MjUtYWE1Ny00NzA4LWExMzctMDBiYjQ2NjZiZWVjIiwidCI6ImJkMDNhNzM1LTJhYTMtNGNjYS05NzIyLTJhZTQ5MjlhYjNlYyIsImMiOjEwfQ%3D%3D&pageName=adfba30c52355c5b1631
Casiguran,Aurora,16.25,122.1667,2004,5,May,MAM,Wet Season,3046.5,290,2004-05-01,https://app.powerbi.com/view?r=eyJrIjoiOTJkN2U4MjUtYWE1Ny00NzA4LWExMzctMDBiYjQ2NjZiZWVjIiwidCI6ImJkMDNhNzM1LTJhYTMtNGNjYS05NzIyLTJhZTQ5MjlhYjNlYyIsImMiOjEwfQ%3D%3D&pageName=adfba30c52355c5b1631
Casiguran,Aurora,16.25,122.1667,2004,6,Jun,JJA,Wet Season,3046.5,363.4,2004-06-01,https://app.powerbi.com/view?r=eyJrIjoiOTJkN2U4MjUtYWE1Ny00NzA4LWExMzctMDBiYjQ2NjZiZWVjIiwidCI6ImJkMDNhNzM1LTJhYTMtNGNjYS05NzIyLTJhZTQ5MjlhYjNlYyIsImMiOjEwfQ%3D%3D&pageName=adfba30c52355c5b1631
Casiguran,Aurora,16.25,122.1667,2004,7,Jul,JJA,Wet Season,3046.5,294.2,2004-07-01,https://app.powerbi.com/view?r=eyJrIjoiOTJkN2U4MjUtYWE1Ny00NzA4LWExMzctMDBiYjQ2NjZiZWVjIiwidCI6ImJkMDNhNzM1LTJhYTMtNGNjYS05NzIyLTJhZTQ5MjlhYjNlYyIsImMiOjEwfQ%3D%3D&pageName=adfba30c52355c5b1631
Casiguran,Aurora,16.25,122.1667,2004,8,Aug,JJA,Wet Season,3046.5,189,2004-08-01,https://app.powerbi.com/view?r=eyJrIjoiOTJkN2U4MjUtYWE1Ny00NzA4LWExMzctMDBiYjQ2NjZiZWVjIiwidCI6ImJkMDNhNzM1LTJhYTMtNGNjYS05NzIyLTJhZTQ5MjlhYjNlYyIsImMiOjEwfQ%3D%3D&pageName=adfba30c52355c5b1631
Casiguran,Aurora,16.25,122.1667,2004,9,Sep,SON,Wet Season,3046.5,137.4,2004-09-01,https://app.powerbi.com/view?r=eyJrIjoiOTJkN2U4MjUtYWE1Ny00NzA4LWExMzctMDBiYjQ2NjZiZWVjIiwidCI6ImJkMDNhNzM1LTJhYTMtNGNjYS05NzIyLTJhZTQ5MjlhYjNlYyIsImMiOjEwfQ%3D%3D&pageName=adfba30c52355c5b1631
Casiguran,Aurora,16.25,122.1667,2004,10,Oct,SON,Wet Season,3046.5,168.2,2004-10-01,https://app.powerbi.com/view?r=eyJrIjoiOTJkN2U4MjUtYWE1Ny00NzA4LWExMzctMDBiYjQ2NjZiZWVjIiwidCI6ImJkMDNhNzM1LTJhYTMtNGNjYS05NzIyLTJhZTQ5MjlhYjNlYyIsImMiOjEwfQ%3D%3D&pageName=adfba30c52355c5b1631
Casiguran,Aurora,16.25,122.1667,2004,11,Nov,SON,Dry Season,3046.5,833.6,2004-11-01,https://app.powerbi.com/view?r=eyJrIjoiOTJkN2U4MjUtYWE1Ny00NzA4LWExMzctMDBiYjQ2NjZiZWVjIiwidCI6ImJkMDNhNzM1LTJhYTMtNGNjYS05NzIyLTJhZTQ5MjlhYjNlYyIsImMiOjEwfQ%3D%3D&pageName=adfba30c52355c5b1631
Casiguran,Aurora,16.25,122.1667,2004,12,Dec,DJF,Dry Season,3046.5,204.4,2004-12-01,https://app.powerbi.com/view?r=eyJrIjoiOTJkN2U4MjUtYWE1Ny00NzA4LWExMzctMDBiYjQ2NjZiZWVjIiwidCI6ImJkMDNhNzM1LTJhYTMtNGNjYS05NzIyLTJhZTQ5MjlhYjNlYyIsImMiOjEwfQ%3D%3D&pageName=adfba30c52355c5b1631
Casiguran,Aurora,16.25,122.1667,2005,1,Jan,DJF,Dry Season,4716.4,81.9,2005-01-01,https://app.powerbi.com/view?r=eyJrIjoiOTJkN2U4MjUtYWE1Ny00NzA4LWExMzctMDBiYjQ2NjZiZWVjIiwidCI6ImJkMDNhNzM1LTJhYTMtNGNjYS05NzIyLTJhZTQ5MjlhYjNlYyIsImMiOjEwfQ%3D%3D&pageName=adfba30c52355c5b1631
Casiguran,Aurora,16.25,122.1667,2005,2,Feb,DJF,Dry Season,4716.4,36.1,2005-02-01,https://app.powerbi.com/view?r=eyJrIjoiOTJkN2U4MjUtYWE1Ny00NzA4LWExMzctMDBiYjQ2NjZiZWVjIiwidCI6ImJkMDNhNzM1LTJhYTMtNGNjYS05NzIyLTJhZTQ5MjlhYjNlYyIsImMiOjEwfQ%3D%3D&pageName=adfba30c52355c5b1631
Casiguran,Aurora,16.25,122.1667,2005,3,Mar,MAM,Dry Season,4716.4,392.6,2005-03-01,https://app.powerbi.com/view?r=eyJrIjoiOTJkN2U4MjUtYWE1Ny00NzA4LWExMzctMDBiYjQ2NjZiZWVjIiwidCI6ImJkMDNhNzM1LTJhYTMtNGNjYS05NzIyLTJhZTQ5MjlhYjNlYyIsImMiOjEwfQ%3D%3D&pageName=adfba30c52355c5b1631
Casiguran,Aurora,16.25,122.1667,2005,4,Apr,MAM,Dry Season,4716.4,118.8,2005-04-01,https://app.powerbi.com/view?r=eyJrIjoiOTJkN2U4MjUtYWE1Ny00NzA4LWExMzctMDBiYjQ2NjZiZWVjIiwidCI6ImJkMDNhNzM1LTJhYTMtNGNjYS05NzIyLTJhZTQ5MjlhYjNlYyIsImMiOjEwfQ%3D%3D&pageName=adfba30c52355c5b1631
Casiguran,Aurora,16.25,122.1667,2005,5,May,MAM,Wet Season,4716.4,157.8,2005-05-01,https://app.powerbi.com/view?r=eyJrIjoiOTJkN2U4MjUtYWE1Ny00NzA4LWExMzctMDBiYjQ2NjZiZWVjIiwidCI6ImJkMDNhNzM1LTJhYTMtNGNjYS05NzIyLTJhZTQ5MjlhYjNlYyIsImMiOjEwfQ%3D%3D&pageName=adfba30c52355c5b1631
Casiguran,Aurora,16.25,122.1667,2005,6,Jun,JJA,Wet Season,4716.4,272.4,2005-06-01,https://app.powerbi.com/view?r=eyJrIjoiOTJkN2U4MjUtYWE1Ny00NzA4LWExMzctMDBiYjQ2NjZiZWVjIiwidCI6ImJkMDNhNzM1LTJhYTMtNGNjYS05NzIyLTJhZTQ5MjlhYjNlYyIsImMiOjEwfQ%3D%3D&pageName=adfba30c52355c5b1631
Casiguran,Aurora,16.25,122.1667,2005,7,Jul,JJA,Wet Season,4716.4,226,2005-07-01,https://app.powerbi.com/view?r=eyJrIjoiOTJkN2U4MjUtYWE1Ny00NzA4LWExMzctMDBiYjQ2NjZiZWVjIiwidCI6ImJkMDNhNzM1LTJhYTMtNGNjYS05NzIyLTJhZTQ5MjlhYjNlYyIsImMiOjEwfQ%3D%3D&pageName=adfba30c52355c5b1631
Casiguran,Aurora,16.25,122.1667,2005,8,Aug,JJA,Wet Season,4716.4,309.2,2005-08-01,https://app.powerbi.com/view?r=eyJrIjoiOTJkN2U4MjUtYWE1Ny00NzA4LWExMzctMDBiYjQ2NjZiZWVjIiwidCI6ImJkMDNhNzM1LTJhYTMtNGNjYS05NzIyLTJhZTQ5MjlhYjNlYyIsImMiOjEwfQ%3D%3D&pageName=adfba30c52355c5b1631
Casiguran,Aurora,16.25,122.1667,2005,9,Sep,SON,Wet Season,4716.4,606.4,2005-09-01,https://app.powerbi.com/view?r=eyJrIjoiOTJkN2U4MjUtYWE1Ny00NzA4LWExMzctMDBiYjQ2NjZiZWVjIiwidCI6ImJkMDNhNzM1LTJhYTMtNGNjYS05NzIyLTJhZTQ5MjlhYjNlYyIsImMiOjEwfQ%3D%3D&pageName=adfba30c52355c5b1631
Casiguran,Aurora,16.25,122.1667,2005,10,Oct,SON,Wet Season,4716.4,340.6,2005-10-01,https://app.powerbi.com/view?r=eyJrIjoiOTJkN2U4MjUtYWE1Ny00NzA4LWExMzctMDBiYjQ2NjZiZWVjIiwidCI6ImJkMDNhNzM1LTJhYTMtNGNjYS05NzIyLTJhZTQ5MjlhYjNlYyIsImMiOjEwfQ%3D%3D&pageName=adfba30c52355c5b1631
Casiguran,Aurora,16.25,122.1667,2005,11,Nov,SON,Dry Season,4716.4,877.3,2005-11-01,https://app.powerbi.com/view?r=eyJrIjoiOTJkN2U4MjUtYWE1Ny00NzA4LWExMzctMDBiYjQ2NjZiZWVjIiwidCI6ImJkMDNhNzM1LTJhYTMtNGNjYS05NzIyLTJhZTQ5MjlhYjNlYyIsImMiOjEwfQ%3D%3D&pageName=adfba30c52355c5b1631
Casiguran,Aurora,16.25,122.1667,2005,12,Dec,DJF,Dry Season,4716.4,1297.3,2005-12-01,https://app.powerbi.com/view?r=eyJrIjoiOTJkN2U4MjUtYWE1Ny00NzA4LWExMzctMDBiYjQ2NjZiZWVjIiwidCI6ImJkMDNhNzM1LTJhYTMtNGNjYS05NzIyLTJhZTQ5MjlhYjNlYyIsImMiOjEwfQ%3D%3D&pageName=adfba30c52355c5b1631
Casiguran,Aurora,16.25,122.1667,2006,1,Jan,DJF,Dry Season,4976.4,641.7,2006-01-01,https://app.powerbi.com/view?r=eyJrIjoiOTJkN2U4MjUtYWE1Ny00NzA4LWExMzctMDBiYjQ2NjZiZWVjIiwidCI6ImJkMDNhNzM1LTJhYTMtNGNjYS05NzIyLTJhZTQ5MjlhYjNlYyIsImMiOjEwfQ%3D%3D&pageName=adfba30c52355c5b1631
Casiguran,Aurora,16.25,122.1667,2006,2,Feb,DJF,Dry Season,4976.4,199.2,2006-02-01,https://app.powerbi.com/view?r=eyJrIjoiOTJkN2U4MjUtYWE1Ny00NzA4LWExMzctMDBiYjQ2NjZiZWVjIiwidCI6ImJkMDNhNzM1LTJhYTMtNGNjYS05NzIyLTJhZTQ5MjlhYjNlYyIsImMiOjEwfQ%3D%3D&pageName=adfba30c52355c5b1631
Casiguran,Aurora,16.25,122.1667,2006,3,Mar,MAM,Dry Season,4976.4,712,2006-03-01,https://app.powerbi.com/view?r=eyJrIjoiOTJkN2U4MjUtYWE1Ny00NzA4LWExMzctMDBiYjQ2NjZiZWVjIiwidCI6ImJkMDNhNzM1LTJhYTMtNGNjYS05NzIyLTJhZTQ5MjlhYjNlYyIsImMiOjEwfQ%3D%3D&pageName=adfba30c52355c5b1631
Casiguran,Aurora,16.25,122.1667,2006,4,Apr,MAM,Dry Season,4976.4,1.8,2006-04-01,https://app.powerbi.com/view?r=eyJrIjoiOTJkN2U4MjUtYWE1Ny00NzA4LWExMzctMDBiYjQ2NjZiZWVjIiwidCI6ImJkMDNhNzM1LTJhYTMtNGNjYS05NzIyLTJhZTQ5MjlhYjNlYyIsImMiOjEwfQ%3D%3D&pageName=adfba30c52355c5b1631
Casiguran,Aurora,16.25,122.1667,2006,5,May,MAM,Wet Season,4976.4,354.4,2006-05-01,https://app.powerbi.com/view?r=eyJrIjoiOTJkN2U4MjUtYWE1Ny00NzA4LWExMzctMDBiYjQ2NjZiZWVjIiwidCI6ImJkMDNhNzM1LTJhYTMtNGNjYS05NzIyLTJhZTQ5MjlhYjNlYyIsImMiOjEwfQ%3D%3D&pageName=adfba30c52355c5b1631
Casiguran,Aurora,16.25,122.1667,2006,6,Jun,JJA,Wet Season,4976.4,300.7,2006-06-01,https://app.powerbi.com/view?r=eyJrIjoiOTJkN2U4MjUtYWE1Ny00NzA4LWExMzctMDBiYjQ2NjZiZWVjIiwidCI6ImJkMDNhNzM1LTJhYTMtNGNjYS05NzIyLTJhZTQ5MjlhYjNlYyIsImMiOjEwfQ%3D%3D&pageName=adfba30c52355c5b1631
Casiguran,Aurora,16.25,122.1667,2006,7,Jul,JJA,Wet Season,4976.4,394.7,2006-07-01,https://app.powerbi.com/view?r=eyJrIjoiOTJkN2U4MjUtYWE1Ny00NzA4LWExMzctMDBiYjQ2NjZiZWVjIiwidCI6ImJkMDNhNzM1LTJhYTMtNGNjYS05NzIyLTJhZTQ5MjlhYjNlYyIsImMiOjEwfQ%3D%3D&pageName=adfba30c52355c5b1631
Casiguran,Aurora,16.25,122.1667,2006,8,Aug,JJA,Wet Season,4976.4,265.3,2006-08-01,https://app.powerbi.com/view?r=eyJrIjoiOTJkN2U4MjUtYWE1Ny00NzA4LWExMzctMDBiYjQ2NjZiZWVjIiwidCI6ImJkMDNhNzM1LTJhYTMtNGNjYS05NzIyLTJhZTQ5MjlhYjNlYyIsImMiOjEwfQ%3D%3D&pageName=adfba30c52355c5b1631
Casiguran,Aurora,16.25,122.1667,2006,9,Sep,SON,Wet Season,4976.4,296.5,2006-09-01,https://app.powerbi.com/view?r=eyJrIjoiOTJkN2U4MjUtYWE1Ny00NzA4LWExMzctMDBiYjQ2NjZiZWVjIiwidCI6ImJkMDNhNzM1LTJhYTMtNGNjYS05NzIyLTJhZTQ5MjlhYjNlYyIsImMiOjEwfQ%3D%3D&pageName=adfba30c52355c5b1631
Casiguran,Aurora,16.25,122.1667,2006,10,Oct,SON,Wet Season,4976.4,710.8,2006-10-01,https://app.powerbi.com/view?r=eyJrIjoiOTJkN2U4MjUtYWE1Ny00NzA4LWExMzctMDBiYjQ2NjZiZWVjIiwidCI6ImJkMDNhNzM1LTJhYTMtNGNjYS05NzIyLTJhZTQ5MjlhYjNlYyIsImMiOjEwfQ%3D%3D&pageName=adfba30c52355c5b1631
Casiguran,Aurora,16.25,122.1667,2006,11,Nov,SON,Dry Season,4976.4,596.8,2006-11-01,https://app.powerbi.com/view?r=eyJrIjoiOTJkN2U4MjUtYWE1Ny00NzA4LWExMzctMDBiYjQ2NjZiZWVjIiwidCI6ImJkMDNhNzM1LTJhYTMtNGNjYS05NzIyLTJhZTQ5MjlhYjNlYyIsImMiOjEwfQ%3D%3D&pageName=adfba30c52355c5b1631
Casiguran,Aurora,16.25,122.1667,2006,12,Dec,DJF,Dry Season,4976.4,502.5,2006-12-01,https://app.powerbi.com/view?r=eyJrIjoiOTJkN2U4MjUtYWE1Ny00NzA4LWExMzctMDBiYjQ2NjZiZWVjIiwidCI6ImJkMDNhNzM1LTJhYTMtNGNjYS05NzIyLTJhZTQ5MjlhYjNlYyIsImMiOjEwfQ%3D%3D&pageName=adfba30c52355c5b1631
Casiguran,Aurora,16.25,122.1667,2007,1,Jan,DJF,Dry Season,3519.4,227.8,2007-01-01,https://app.powerbi.com/view?r=eyJrIjoiOTJkN2U4MjUtYWE1Ny00NzA4LWExMzctMDBiYjQ2NjZiZWVjIiwidCI6ImJkMDNhNzM1LTJhYTMtNGNjYS05NzIyLTJhZTQ5MjlhYjNlYyIsImMiOjEwfQ%3D%3D&pageName=adfba30c52355c5b1631
Casiguran,Aurora,16.25,122.1667,2007,2,Feb,DJF,Dry Season,3519.4,67.6,2007-02-01,https://app.powerbi.com/view?r=eyJrIjoiOTJkN2U4MjUtYWE1Ny00NzA4LWExMzctMDBiYjQ2NjZiZWVjIiwidCI6ImJkMDNhNzM1LTJhYTMtNGNjYS05NzIyLTJhZTQ5MjlhYjNlYyIsImMiOjEwfQ%3D%3D&pageName=adfba30c52355c5b1631
Casiguran,Aurora,16.25,122.1667,2007,3,Mar,MAM,Dry Season,3519.4,270.6,2007-03-01,https://app.powerbi.com/view?r=eyJrIjoiOTJkN2U4MjUtYWE1Ny00NzA4LWExMzctMDBiYjQ2NjZiZWVjIiwidCI6ImJkMDNhNzM1LTJhYTMtNGNjYS05NzIyLTJhZTQ5MjlhYjNlYyIsImMiOjEwfQ%3D%3D&pageName=adfba30c52355c5b1631
Casiguran,Aurora,16.25,122.1667,2007,4,Apr,MAM,Dry Season,3519.4,153.7,2007-04-01,https://app.powerbi.com/view?r=eyJrIjoiOTJkN2U4MjUtYWE1Ny00NzA4LWExMzctMDBiYjQ2NjZiZWVjIiwidCI6ImJkMDNhNzM1LTJhYTMtNGNjYS05NzIyLTJhZTQ5MjlhYjNlYyIsImMiOjEwfQ%3D%3D&pageName=adfba30c52355c5b1631
Casiguran,Aurora,16.25,122.1667,2007,5,May,MAM,Wet Season,3519.4,174.1,2007-05-01,https://app.powerbi.com/view?r=eyJrIjoiOTJkN2U4MjUtYWE1Ny00NzA4LWExMzctMDBiYjQ2NjZiZWVjIiwidCI6ImJkMDNhNzM1LTJhYTMtNGNjYS05NzIyLTJhZTQ5MjlhYjNlYyIsImMiOjEwfQ%3D%3D&pageName=adfba30c52355c5b1631
Casiguran,Aurora,16.25,122.1667,2007,6,Jun,JJA,Wet Season,3519.4,336,2007-06-01,https://app.powerbi.com/view?r=eyJrIjoiOTJkN2U4MjUtYWE1Ny00NzA4LWExMzctMDBiYjQ2NjZiZWVjIiwidCI6ImJkMDNhNzM1LTJhYTMtNGNjYS05NzIyLTJhZTQ5MjlhYjNlYyIsImMiOjEwfQ%3D%3D&pageName=adfba30c52355c5b1631
Casiguran,Aurora,16.25,122.1667,2007,7,Jul,JJA,Wet Season,3519.4,129.2,2007-07-01,https://app.powerbi.com/view?r=eyJrIjoiOTJkN2U4MjUtYWE1Ny00NzA4LWExMzctMDBiYjQ2NjZiZWVjIiwidCI6ImJkMDNhNzM1LTJhYTMtNGNjYS05NzIyLTJhZTQ5MjlhYjNlYyIsImMiOjEwfQ%3D%3D&pageName=adfba30c52355c5b1631
Casiguran,Aurora,16.25,122.1667,2007,8,Aug,JJA,Wet Season,3519.4,250.4,2007-08-01,https://app.powerbi.com/view?r=eyJrIjoiOTJkN2U4MjUtYWE1Ny00NzA4LWExMzctMDBiYjQ2NjZiZWVjIiwidCI6ImJkMDNhNzM1LTJhYTMtNGNjYS05NzIyLTJhZTQ5MjlhYjNlYyIsImMiOjEwfQ%3D%3D&pageName=adfba30c52355c5b1631
Casiguran,Aurora,16.25,122.1667,2007,9,Sep,SON,Wet Season,3519.4,355.8,2007-09-01,https://app.powerbi.com/view?r=eyJrIjoiOTJkN2U4MjUtYWE1Ny00NzA4LWExMzctMDBiYjQ2NjZiZWVjIiwidCI6ImJkMDNhNzM1LTJhYTMtNGNjYS05NzIyLTJhZTQ5MjlhYjNlYyIsImMiOjEwfQ%3D%3D&pageName=adfba30c52355c5b1631
Casiguran,Aurora,16.25,122.1667,2007,10,Oct,SON,Wet Season,3519.4,378.8,2007-10-01,https://app.powerbi.com/view?r=eyJrIjoiOTJkN2U4MjUtYWE1Ny00NzA4LWExMzctMDBiYjQ2NjZiZWVjIiwidCI6ImJkMDNhNzM1LTJhYTMtNGNjYS05NzIyLTJhZTQ5MjlhYjNlYyIsImMiOjEwfQ%3D%3D&pageName=adfba30c52355c5b1631
Casiguran,Aurora,16.25,122.1667,2007,11,Nov,SON,Dry Season,3519.4,620,2007-11-01,https://app.powerbi.com/view?r=eyJrIjoiOTJkN2U4MjUtYWE1Ny00NzA4LWExMzctMDBiYjQ2NjZiZWVjIiwidCI6ImJkMDNhNzM1LTJhYTMtNGNjYS05NzIyLTJhZTQ5MjlhYjNlYyIsImMiOjEwfQ%3D%3D&pageName=adfba30c52355c5b1631
Casiguran,Aurora,16.25,122.1667,2007,12,Dec,DJF,Dry Season,3519.4,555.4,2007-12-01,https://app.powerbi.com/view?r=eyJrIjoiOTJkN2U4MjUtYWE1Ny00NzA4LWExMzctMDBiYjQ2NjZiZWVjIiwidCI6ImJkMDNhNzM1LTJhYTMtNGNjYS05NzIyLTJhZTQ5MjlhYjNlYyIsImMiOjEwfQ%3D%3D&pageName=adfba30c52355c5b1631
Casiguran,Aurora,16.25,122.1667,2008,1,Jan,DJF,Dry Season,4827.4,433.6,2008-01-01,https://app.powerbi.com/view?r=eyJrIjoiOTJkN2U4MjUtYWE1Ny00NzA4LWExMzctMDBiYjQ2NjZiZWVjIiwidCI6ImJkMDNhNzM1LTJhYTMtNGNjYS05NzIyLTJhZTQ5MjlhYjNlYyIsImMiOjEwfQ%3D%3D&pageName=adfba30c52355c5b1631
Casiguran,Aurora,16.25,122.1667,2008,2,Feb,DJF,Dry Season,4827.4,377,2008-02-01,https://app.powerbi.com/view?r=eyJrIjoiOTJkN2U4MjUtYWE1Ny00NzA4LWExMzctMDBiYjQ2NjZiZWVjIiwidCI6ImJkMDNhNzM1LTJhYTMtNGNjYS05NzIyLTJhZTQ5MjlhYjNlYyIsImMiOjEwfQ%3D%3D&pageName=adfba30c52355c5b1631
Casiguran,Aurora,16.25,122.1667,2008,3,Mar,MAM,Dry Season,4827.4,84.9,2008-03-01,https://app.powerbi.com/view?r=eyJrIjoiOTJkN2U4MjUtYWE1Ny00NzA4LWExMzctMDBiYjQ2NjZiZWVjIiwidCI6ImJkMDNhNzM1LTJhYTMtNGNjYS05NzIyLTJhZTQ5MjlhYjNlYyIsImMiOjEwfQ%3D%3D&pageName=adfba30c52355c5b1631
Casiguran,Aurora,16.25,122.1667,2008,4,Apr,MAM,Dry Season,4827.4,166.9,2008-04-01,https://app.powerbi.com/view?r=eyJrIjoiOTJkN2U4MjUtYWE1Ny00NzA4LWExMzctMDBiYjQ2NjZiZWVjIiwidCI6ImJkMDNhNzM1LTJhYTMtNGNjYS05NzIyLTJhZTQ5MjlhYjNlYyIsImMiOjEwfQ%3D%3D&pageName=adfba30c52355c5b1631
Casiguran,Aurora,16.25,122.1667,2008,5,May,MAM,Wet Season,4827.4,428.2,2008-05-01,https://app.powerbi.com/view?r=eyJrIjoiOTJkN2U4MjUtYWE1Ny00NzA4LWExMzctMDBiYjQ2NjZiZWVjIiwidCI6ImJkMDNhNzM1LTJhYTMtNGNjYS05NzIyLTJhZTQ5MjlhYjNlYyIsImMiOjEwfQ%3D%3D&pageName=adfba30c52355c5b1631
Casiguran,Aurora,16.25,122.1667,2008,6,Jun,JJA,Wet Season,4827.4,180.7,2008-06-01,https://app.powerbi.com/view?r=eyJrIjoiOTJkN2U4MjUtYWE1Ny00NzA4LWExMzctMDBiYjQ2NjZiZWVjIiwidCI6ImJkMDNhNzM1LTJhYTMtNGNjYS05NzIyLTJhZTQ5MjlhYjNlYyIsImMiOjEwfQ%3D%3D&pageName=adfba30c52355c5b1631
Casiguran,Aurora,16.25,122.1667,2008,7,Jul,JJA,Wet Season,4827.4,199.1,2008-07-01,https://app.powerbi.com/view?r=eyJrIjoiOTJkN2U4MjUtYWE1Ny00NzA4LWExMzctMDBiYjQ2NjZiZWVjIiwidCI6ImJkMDNhNzM1LTJhYTMtNGNjYS05NzIyLTJhZTQ5MjlhYjNlYyIsImMiOjEwfQ%3D%3D&pageName=adfba30c52355c5b1631
Casiguran,Aurora,16.25,122.1667,2008,8,Aug,JJA,Wet Season,4827.4,216.1,2008-08-01,https://app.powerbi.com/view?r=eyJrIjoiOTJkN2U4MjUtYWE1Ny00NzA4LWExMzctMDBiYjQ2NjZiZWVjIiwidCI6ImJkMDNhNzM1LTJhYTMtNGNjYS05NzIyLTJhZTQ5MjlhYjNlYyIsImMiOjEwfQ%3D%3D&pageName=adfba30c52355c5b1631
Casiguran,Aurora,16.25,122.1667,2008,9,Sep,SON,Wet Season,4827.4,191.4,2008-09-01,https://app.powerbi.com/view?r=eyJrIjoiOTJkN2U4MjUtYWE1Ny00NzA4LWExMzctMDBiYjQ2NjZiZWVjIiwidCI6ImJkMDNhNzM1LTJhYTMtNGNjYS05NzIyLTJhZTQ5MjlhYjNlYyIsImMiOjEwfQ%3D%3D&pageName=adfba30c52355c5b1631
Casiguran,Aurora,16.25,122.1667,2008,10,Oct,SON,Wet Season,4827.4,704.1,2008-10-01,https://app.powerbi.com/view?r=eyJrIjoiOTJkN2U4MjUtYWE1Ny00NzA4LWExMzctMDBiYjQ2NjZiZWVjIiwidCI6ImJkMDNhNzM1LTJhYTMtNGNjYS05NzIyLTJhZTQ5MjlhYjNlYyIsImMiOjEwfQ%3D%3D&pageName=adfba30c52355c5b1631
Casiguran,Aurora,16.25,122.1667,2008,11,Nov,SON,Dry Season,4827.4,1500.1,2008-11-01,https://app.powerbi.com/view?r=eyJrIjoiOTJkN2U4MjUtYWE1Ny00NzA4LWExMzctMDBiYjQ2NjZiZWVjIiwidCI6ImJkMDNhNzM1LTJhYTMtNGNjYS05NzIyLTJhZTQ5MjlhYjNlYyIsImMiOjEwfQ%3D%3D&pageName=adfba30c52355c5b1631
Casiguran,Aurora,16.25,122.1667,2008,12,Dec,DJF,Dry Season,4827.4,345.3,2008-12-01,https://app.powerbi.com/view?r=eyJrIjoiOTJkN2U4MjUtYWE1Ny00NzA4LWExMzctMDBiYjQ2NjZiZWVjIiwidCI6ImJkMDNhNzM1LTJhYTMtNGNjYS05NzIyLTJhZTQ5MjlhYjNlYyIsImMiOjEwfQ%3D%3D&pageName=adfba30c52355c5b1631
Casiguran,Aurora,16.25,122.1667,2009,1,Jan,DJF,Dry Season,3985.9,94.4,2009-01-01,https://app.powerbi.com/view?r=eyJrIjoiOTJkN2U4MjUtYWE1Ny00NzA4LWExMzctMDBiYjQ2NjZiZWVjIiwidCI6ImJkMDNhNzM1LTJhYTMtNGNjYS05NzIyLTJhZTQ5MjlhYjNlYyIsImMiOjEwfQ%3D%3D&pageName=adfba30c52355c5b1631
Casiguran,Aurora,16.25,122.1667,2009,2,Feb,DJF,Dry Season,3985.9,462.6,2009-02-01,https://app.powerbi.com/view?r=eyJrIjoiOTJkN2U4MjUtYWE1Ny00NzA4LWExMzctMDBiYjQ2NjZiZWVjIiwidCI6ImJkMDNhNzM1LTJhYTMtNGNjYS05NzIyLTJhZTQ5MjlhYjNlYyIsImMiOjEwfQ%3D%3D&pageName=adfba30c52355c5b1631
Casiguran,Aurora,16.25,122.1667,2009,3,Mar,MAM,Dry Season,3985.9,271.7,2009-03-01,https://app.powerbi.com/view?r=eyJrIjoiOTJkN2U4MjUtYWE1Ny00NzA4LWExMzctMDBiYjQ2NjZiZWVjIiwidCI6ImJkMDNhNzM1LTJhYTMtNGNjYS05NzIyLTJhZTQ5MjlhYjNlYyIsImMiOjEwfQ%3D%3D&pageName=adfba30c52355c5b1631
Casiguran,Aurora,16.25,122.1667,2009,4,Apr,MAM,Dry Season,3985.9,486.2,2009-04-01,https://app.powerbi.com/view?r=eyJrIjoiOTJkN2U4MjUtYWE1Ny00NzA4LWExMzctMDBiYjQ2NjZiZWVjIiwidCI6ImJkMDNhNzM1LTJhYTMtNGNjYS05NzIyLTJhZTQ5MjlhYjNlYyIsImMiOjEwfQ%3D%3D&pageName=adfba30c52355c5b1631
Casiguran,Aurora,16.25,122.1667,2009,5,May,MAM,Wet Season,3985.9,447,2009-05-01,https://app.powerbi.com/view?r=eyJrIjoiOTJkN2U4MjUtYWE1Ny00NzA4LWExMzctMDBiYjQ2NjZiZWVjIiwidCI6ImJkMDNhNzM1LTJhYTMtNGNjYS05NzIyLTJhZTQ5MjlhYjNlYyIsImMiOjEwfQ%3D%3D&pageName=adfba30c52355c5b1631
Casiguran,Aurora,16.25,122.1667,2009,6,Jun,JJA,Wet Season,3985.9,262.3,2009-06-01,https://app.powerbi.com/view?r=eyJrIjoiOTJkN2U4MjUtYWE1Ny00NzA4LWExMzctMDBiYjQ2NjZiZWVjIiwidCI6ImJkMDNhNzM1LTJhYTMtNGNjYS05NzIyLTJhZTQ5MjlhYjNlYyIsImMiOjEwfQ%3D%3D&pageName=adfba30c52355c5b1631
Casiguran,Aurora,16.25,122.1667,2009,7,Jul,JJA,Wet Season,3985.9,311.9,2009-07-01,https://app.powerbi.com/view?r=eyJrIjoiOTJkN2U4MjUtYWE1Ny00NzA4LWExMzctMDBiYjQ2NjZiZWVjIiwidCI6ImJkMDNhNzM1LTJhYTMtNGNjYS05NzIyLTJhZTQ5MjlhYjNlYyIsImMiOjEwfQ%3D%3D&pageName=adfba30c52355c5b1631
Casiguran,Aurora,16.25,122.1667,2009,8,Aug,JJA,Wet Season,3985.9,218.8,2009-08-01,https://app.powerbi.com/view?r=eyJrIjoiOTJkN2U4MjUtYWE1Ny00NzA4LWExMzctMDBiYjQ2NjZiZWVjIiwidCI6ImJkMDNhNzM1LTJhYTMtNGNjYS05NzIyLTJhZTQ5MjlhYjNlYyIsImMiOjEwfQ%3D%3D&pageName=adfba30c52355c5b1631
Casiguran,Aurora,16.25,122.1667,2009,9,Sep,SON,Wet Season,3985.9,371.3,2009-09-01,https://app.powerbi.com/view?r=eyJrIjoiOTJkN2U4MjUtYWE1Ny00NzA4LWExMzctMDBiYjQ2NjZiZWVjIiwidCI6ImJkMDNhNzM1LTJhYTMtNGNjYS05NzIyLTJhZTQ5MjlhYjNlYyIsImMiOjEwfQ%3D%3D&pageName=adfba30c52355c5b1631
Casiguran,Aurora,16.25,122.1667,2009,10,Oct,SON,Wet Season,3985.9,448,2009-10-01,https://app.powerbi.com/view?r=eyJrIjoiOTJkN2U4MjUtYWE1Ny00NzA4LWExMzctMDBiYjQ2NjZiZWVjIiwidCI6ImJkMDNhNzM1LTJhYTMtNGNjYS05NzIyLTJhZTQ5MjlhYjNlYyIsImMiOjEwfQ%3D%3D&pageName=adfba30c52355c5b1631
Casiguran,Aurora,16.25,122.1667,2009,11,Nov,SON,Dry Season,3985.9,418.7,2009-11-01,https://app.powerbi.com/view?r=eyJrIjoiOTJkN2U4MjUtYWE1Ny00NzA4LWExMzctMDBiYjQ2NjZiZWVjIiwidCI6ImJkMDNhNzM1LTJhYTMtNGNjYS05NzIyLTJhZTQ5MjlhYjNlYyIsImMiOjEwfQ%3D%3D&pageName=adfba30c52355c5b1631
Casiguran,Aurora,16.25,122.1667,2009,12,Dec,DJF,Dry Season,3985.9,193,2009-12-01,https://app.powerbi.com/view?r=eyJrIjoiOTJkN2U4MjUtYWE1Ny00NzA4LWExMzctMDBiYjQ2NjZiZWVjIiwidCI6ImJkMDNhNzM1LTJhYTMtNGNjYS05NzIyLTJhZTQ5MjlhYjNlYyIsImMiOjEwfQ%3D%3D&pageName=adfba30c52355c5b1631
Casiguran,Aurora,16.25,122.1667,2010,1,Jan,DJF,Dry Season,3713.9,274.8,2010-01-01,https://app.powerbi.com/view?r=eyJrIjoiOTJkN2U4MjUtYWE1Ny00NzA4LWExMzctMDBiYjQ2NjZiZWVjIiwidCI6ImJkMDNhNzM1LTJhYTMtNGNjYS05NzIyLTJhZTQ5MjlhYjNlYyIsImMiOjEwfQ%3D%3D&pageName=adfba30c52355c5b1631
Casiguran,Aurora,16.25,122.1667,2010,2,Feb,DJF,Dry Season,3713.9,31.4,2010-02-01,https://app.powerbi.com/view?r=eyJrIjoiOTJkN2U4MjUtYWE1Ny00NzA4LWExMzctMDBiYjQ2NjZiZWVjIiwidCI6ImJkMDNhNzM1LTJhYTMtNGNjYS05NzIyLTJhZTQ5MjlhYjNlYyIsImMiOjEwfQ%3D%3D&pageName=adfba30c52355c5b1631
Casiguran,Aurora,16.25,122.1667,2010,3,Mar,MAM,Dry Season,3713.9,168.2,2010-03-01,https://app.powerbi.com/view?r=eyJrIjoiOTJkN2U4MjUtYWE1Ny00NzA4LWExMzctMDBiYjQ2NjZiZWVjIiwidCI6ImJkMDNhNzM1LTJhYTMtNGNjYS05NzIyLTJhZTQ5MjlhYjNlYyIsImMiOjEwfQ%3D%3D&pageName=adfba30c52355c5b1631
Casiguran,Aurora,16.25,122.1667,2010,4,Apr,MAM,Dry Season,3713.9,294.4,2010-04-01,https://app.powerbi.com/view?r=eyJrIjoiOTJkN2U4MjUtYWE1Ny00NzA4LWExMzctMDBiYjQ2NjZiZWVjIiwidCI6ImJkMDNhNzM1LTJhYTMtNGNjYS05NzIyLTJhZTQ5MjlhYjNlYyIsImMiOjEwfQ%3D%3D&pageName=adfba30c52355c5b1631
Casiguran,Aurora,16.25,122.1667,2010,5,May,MAM,Wet Season,3713.9,74.4,2010-05-01,https://app.powerbi.com/view?r=eyJrIjoiOTJkN2U4MjUtYWE1Ny00NzA4LWExMzctMDBiYjQ2NjZiZWVjIiwidCI6ImJkMDNhNzM1LTJhYTMtNGNjYS05NzIyLTJhZTQ5MjlhYjNlYyIsImMiOjEwfQ%3D%3D&pageName=adfba30c52355c5b1631
Casiguran,Aurora,16.25,122.1667,2010,6,Jun,JJA,Wet Season,3713.9,137.7,2010-06-01,https://app.powerbi.com/view?r=eyJrIjoiOTJkN2U4MjUtYWE1Ny00NzA4LWExMzctMDBiYjQ2NjZiZWVjIiwidCI6ImJkMDNhNzM1LTJhYTMtNGNjYS05NzIyLTJhZTQ5MjlhYjNlYyIsImMiOjEwfQ%3D%3D&pageName=adfba30c52355c5b1631
Casiguran,Aurora,16.25,122.1667,2010,7,Jul,JJA,Wet Season,3713.9,524.2,2010-07-01,https://app.powerbi.com/view?r=eyJrIjoiOTJkN2U4MjUtYWE1Ny00NzA4LWExMzctMDBiYjQ2NjZiZWVjIiwidCI6ImJkMDNhNzM1LTJhYTMtNGNjYS05NzIyLTJhZTQ5MjlhYjNlYyIsImMiOjEwfQ%3D%3D&pageName=adfba30c52355c5b1631
Casiguran,Aurora,16.25,122.1667,2010,8,Aug,JJA,Wet Season,3713.9,250.5,2010-08-01,https://app.powerbi.com/view?r=eyJrIjoiOTJkN2U4MjUtYWE1Ny00NzA4LWExMzctMDBiYjQ2NjZiZWVjIiwidCI6ImJkMDNhNzM1LTJhYTMtNGNjYS05NzIyLTJhZTQ5MjlhYjNlYyIsImMiOjEwfQ%3D%3D&pageName=adfba30c52355c5b1631
Casiguran,Aurora,16.25,122.1667,2010,9,Sep,SON,Wet Season,3713.9,203,2010-09-01,https://app.powerbi.com/view?r=eyJrIjoiOTJkN2U4MjUtYWE1Ny00NzA4LWExMzctMDBiYjQ2NjZiZWVjIiwidCI6ImJkMDNhNzM1LTJhYTMtNGNjYS05NzIyLTJhZTQ5MjlhYjNlYyIsImMiOjEwfQ%3D%3D&pageName=adfba30c52355c5b1631
Casiguran,Aurora,16.25,122.1667,2010,10,Oct,SON,Wet Season,3713.9,404.8,2010-10-01,https://app.powerbi.com/view?r=eyJrIjoiOTJkN2U4MjUtYWE1Ny00NzA4LWExMzctMDBiYjQ2NjZiZWVjIiwidCI6ImJkMDNhNzM1LTJhYTMtNGNjYS05NzIyLTJhZTQ5MjlhYjNlYyIsImMiOjEwfQ%3D%3D&pageName=adfba30c52355c5b1631
Casiguran,Aurora,16.25,122.1667,2010,11,Nov,SON,Dry Season,3713.9,1085.9,2010-11-01,https://app.powerbi.com/view?r=eyJrIjoiOTJkN2U4MjUtYWE1Ny00NzA4LWExMzctMDBiYjQ2NjZiZWVjIiwidCI6ImJkMDNhNzM1LTJhYTMtNGNjYS05NzIyLTJhZTQ5MjlhYjNlYyIsImMiOjEwfQ%3D%3D&pageName=adfba30c52355c5b1631
Casiguran,Aurora,16.25,122.1667,2010,12,Dec,DJF,Dry Season,3713.9,264.6,2010-12-01,https://app.powerbi.com/view?r=eyJrIjoiOTJkN2U4MjUtYWE1Ny00NzA4LWExMzctMDBiYjQ2NjZiZWVjIiwidCI6ImJkMDNhNzM1LTJhYTMtNGNjYS05NzIyLTJhZTQ5MjlhYjNlYyIsImMiOjEwfQ%3D%3D&pageName=adfba30c52355c5b1631
Casiguran,Aurora,16.25,122.1667,2011,1,Jan,DJF,Dry Season,5748.9,468.4,2011-01-01,https://app.powerbi.com/view?r=eyJrIjoiOTJkN2U4MjUtYWE1Ny00NzA4LWExMzctMDBiYjQ2NjZiZWVjIiwidCI6ImJkMDNhNzM1LTJhYTMtNGNjYS05NzIyLTJhZTQ5MjlhYjNlYyIsImMiOjEwfQ%3D%3D&pageName=adfba30c52355c5b1631
Casiguran,Aurora,16.25,122.1667,2011,2,Feb,DJF,Dry Season,5748.9,88,2011-02-01,https://app.powerbi.com/view?r=eyJrIjoiOTJkN2U4MjUtYWE1Ny00NzA4LWExMzctMDBiYjQ2NjZiZWVjIiwidCI6ImJkMDNhNzM1LTJhYTMtNGNjYS05NzIyLTJhZTQ5MjlhYjNlYyIsImMiOjEwfQ%3D%3D&pageName=adfba30c52355c5b1631
Casiguran,Aurora,16.25,122.1667,2011,3,Mar,MAM,Dry Season,5748.9,338.2,2011-03-01,https://app.powerbi.com/view?r=eyJrIjoiOTJkN2U4MjUtYWE1Ny00NzA4LWExMzctMDBiYjQ2NjZiZWVjIiwidCI6ImJkMDNhNzM1LTJhYTMtNGNjYS05NzIyLTJhZTQ5MjlhYjNlYyIsImMiOjEwfQ%3D%3D&pageName=adfba30c52355c5b1631
Casiguran,Aurora,16.25,122.1667,2011,4,Apr,MAM,Dry Season,5748.9,384.5,2011-04-01,https://app.powerbi.com/view?r=eyJrIjoiOTJkN2U4MjUtYWE1Ny00NzA4LWExMzctMDBiYjQ2NjZiZWVjIiwidCI6ImJkMDNhNzM1LTJhYTMtNGNjYS05NzIyLTJhZTQ5MjlhYjNlYyIsImMiOjEwfQ%3D%3D&pageName=adfba30c52355c5b1631
Casiguran,Aurora,16.25,122.1667,2011,5,May,MAM,Wet Season,5748.9,314.1,2011-05-01,https://app.powerbi.com/view?r=eyJrIjoiOTJkN2U4MjUtYWE1Ny00NzA4LWExMzctMDBiYjQ2NjZiZWVjIiwidCI6ImJkMDNhNzM1LTJhYTMtNGNjYS05NzIyLTJhZTQ5MjlhYjNlYyIsImMiOjEwfQ%3D%3D&pageName=adfba30c52355c5b1631
Casiguran,Aurora,16.25,122.1667,2011,6,Jun,JJA,Wet Season,5748.9,219.5,2011-06-01,https://app.powerbi.com/view?r=eyJrIjoiOTJkN2U4MjUtYWE1Ny00NzA4LWExMzctMDBiYjQ2NjZiZWVjIiwidCI6ImJkMDNhNzM1LTJhYTMtNGNjYS05NzIyLTJhZTQ5MjlhYjNlYyIsImMiOjEwfQ%3D%3D&pageName=adfba30c52355c5b1631
Casiguran,Aurora,16.25,122.1667,2011,7,Jul,JJA,Wet Season,5748.9,498.6,2011-07-01,https://app.powerbi.com/view?r=eyJrIjoiOTJkN2U4MjUtYWE1Ny00NzA4LWExMzctMDBiYjQ2NjZiZWVjIiwidCI6ImJkMDNhNzM1LTJhYTMtNGNjYS05NzIyLTJhZTQ5MjlhYjNlYyIsImMiOjEwfQ%3D%3D&pageName=adfba30c52355c5b1631
Casiguran,Aurora,16.25,122.1667,2011,8,Aug,JJA,Wet Season,5748.9,184.2,2011-08-01,https://app.powerbi.com/view?r=eyJrIjoiOTJkN2U4MjUtYWE1Ny00NzA4LWExMzctMDBiYjQ2NjZiZWVjIiwidCI6ImJkMDNhNzM1LTJhYTMtNGNjYS05NzIyLTJhZTQ5MjlhYjNlYyIsImMiOjEwfQ%3D%3D&pageName=adfba30c52355c5b1631
Casiguran,Aurora,16.25,122.1667,2011,9,Sep,SON,Wet Season,5748.9,501.3,2011-09-01,https://app.powerbi.com/view?r=eyJrIjoiOTJkN2U4MjUtYWE1Ny00NzA4LWExMzctMDBiYjQ2NjZiZWVjIiwidCI6ImJkMDNhNzM1LTJhYTMtNGNjYS05NzIyLTJhZTQ5MjlhYjNlYyIsImMiOjEwfQ%3D%3D&pageName=adfba30c52355c5b1631
Casiguran,Aurora,16.25,122.1667,2011,10,Oct,SON,Wet Season,5748.9,662.7,2011-10-01,https://app.powerbi.com/view?r=eyJrIjoiOTJkN2U4MjUtYWE1Ny00NzA4LWExMzctMDBiYjQ2NjZiZWVjIiwidCI6ImJkMDNhNzM1LTJhYTMtNGNjYS05NzIyLTJhZTQ5MjlhYjNlYyIsImMiOjEwfQ%3D%3D&pageName=adfba30c52355c5b1631
Casiguran,Aurora,16.25,122.1667,2011,11,Nov,SON,Dry Season,5748.9,985.7,2011-11-01,https://app.powerbi.com/view?r=eyJrIjoiOTJkN2U4MjUtYWE1Ny00NzA4LWExMzctMDBiYjQ2NjZiZWVjIiwidCI6ImJkMDNhNzM1LTJhYTMtNGNjYS05NzIyLTJhZTQ5MjlhYjNlYyIsImMiOjEwfQ%3D%3D&pageName=adfba30c52355c5b1631
Casiguran,Aurora,16.25,122.1667,2011,12,Dec,DJF,Dry Season,5748.9,1103.7,2011-12-01,https://app.powerbi.com/view?r=eyJrIjoiOTJkN2U4MjUtYWE1Ny00NzA4LWExMzctMDBiYjQ2NjZiZWVjIiwidCI6ImJkMDNhNzM1LTJhYTMtNGNjYS05NzIyLTJhZTQ5MjlhYjNlYyIsImMiOjEwfQ%3D%3D&pageName=adfba30c52355c5b1631
Casiguran,Aurora,16.25,122.1667,2012,1,Jan,DJF,Dry Season,4066.2,197.9,2012-01-01,https://app.powerbi.com/view?r=eyJrIjoiOTJkN2U4MjUtYWE1Ny00NzA4LWExMzctMDBiYjQ2NjZiZWVjIiwidCI6ImJkMDNhNzM1LTJhYTMtNGNjYS05NzIyLTJhZTQ5MjlhYjNlYyIsImMiOjEwfQ%3D%3D&pageName=adfba30c52355c5b1631
Casiguran,Aurora,16.25,122.1667,2012,2,Feb,DJF,Dry Season,4066.2,728.3,2012-02-01,https://app.powerbi.com/view?r=eyJrIjoiOTJkN2U4MjUtYWE1Ny00NzA4LWExMzctMDBiYjQ2NjZiZWVjIiwidCI6ImJkMDNhNzM1LTJhYTMtNGNjYS05NzIyLTJhZTQ5MjlhYjNlYyIsImMiOjEwfQ%3D%3D&pageName=adfba30c52355c5b1631
Casiguran,Aurora,16.25,122.1667,2012,3,Mar,MAM,Dry Season,4066.2,662.3,2012-03-01,https://app.powerbi.com/view?r=eyJrIjoiOTJkN2U4MjUtYWE1Ny00NzA4LWExMzctMDBiYjQ2NjZiZWVjIiwidCI6ImJkMDNhNzM1LTJhYTMtNGNjYS05NzIyLTJhZTQ5MjlhYjNlYyIsImMiOjEwfQ%3D%3D&pageName=adfba30c52355c5b1631
Casiguran,Aurora,16.25,122.1667,2012,4,Apr,MAM,Dry Season,4066.2,132.9,2012-04-01,https://app.powerbi.com/view?r=eyJrIjoiOTJkN2U4MjUtYWE1Ny00NzA4LWExMzctMDBiYjQ2NjZiZWVjIiwidCI6ImJkMDNhNzM1LTJhYTMtNGNjYS05NzIyLTJhZTQ5MjlhYjNlYyIsImMiOjEwfQ%3D%3D&pageName=adfba30c52355c5b1631
Casiguran,Aurora,16.25,122.1667,2012,5,May,MAM,Wet Season,4066.2,179.3,2012-05-01,https://app.powerbi.com/view?r=eyJrIjoiOTJkN2U4MjUtYWE1Ny00NzA4LWExMzctMDBiYjQ2NjZiZWVjIiwidCI6ImJkMDNhNzM1LTJhYTMtNGNjYS05NzIyLTJhZTQ5MjlhYjNlYyIsImMiOjEwfQ%3D%3D&pageName=adfba30c52355c5b1631
Casiguran,Aurora,16.25,122.1667,2012,6,Jun,JJA,Wet Season,4066.2,86.7,2012-06-01,https://app.powerbi.com/view?r=eyJrIjoiOTJkN2U4MjUtYWE1Ny00NzA4LWExMzctMDBiYjQ2NjZiZWVjIiwidCI6ImJkMDNhNzM1LTJhYTMtNGNjYS05NzIyLTJhZTQ5MjlhYjNlYyIsImMiOjEwfQ%3D%3D&pageName=adfba30c52355c5b1631
Casiguran,Aurora,16.25,122.1667,2012,7,Jul,JJA,Wet Season,4066.2,356.6,2012-07-01,https://app.powerbi.com/view?r=eyJrIjoiOTJkN2U4MjUtYWE1Ny00NzA4LWExMzctMDBiYjQ2NjZiZWVjIiwidCI6ImJkMDNhNzM1LTJhYTMtNGNjYS05NzIyLTJhZTQ5MjlhYjNlYyIsImMiOjEwfQ%3D%3D&pageName=adfba30c52355c5b1631
Casiguran,Aurora,16.25,122.1667,2012,8,Aug,JJA,Wet Season,4066.2,103.7,2012-08-01,https://app.powerbi.com/view?r=eyJrIjoiOTJkN2U4MjUtYWE1Ny00NzA4LWExMzctMDBiYjQ2NjZiZWVjIiwidCI6ImJkMDNhNzM1LTJhYTMtNGNjYS05NzIyLTJhZTQ5MjlhYjNlYyIsImMiOjEwfQ%3D%3D&pageName=adfba30c52355c5b1631
Casiguran,Aurora,16.25,122.1667,2012,9,Sep,SON,Wet Season,4066.2,285.2,2012-09-01,https://app.powerbi.com/view?r=eyJrIjoiOTJkN2U4MjUtYWE1Ny00NzA4LWExMzctMDBiYjQ2NjZiZWVjIiwidCI6ImJkMDNhNzM1LTJhYTMtNGNjYS05NzIyLTJhZTQ5MjlhYjNlYyIsImMiOjEwfQ%3D%3D&pageName=adfba30c52355c5b1631
Casiguran,Aurora,16.25,122.1667,2012,10,Oct,SON,Wet Season,4066.2,443.4,2012-10-01,https://app.powerbi.com/view?r=eyJrIjoiOTJkN2U4MjUtYWE1Ny00NzA4LWExMzctMDBiYjQ2NjZiZWVjIiwidCI6ImJkMDNhNzM1LTJhYTMtNGNjYS05NzIyLTJhZTQ5MjlhYjNlYyIsImMiOjEwfQ%3D%3D&pageName=adfba30c52355c5b1631
Casiguran,Aurora,16.25,122.1667,2012,11,Nov,SON,Dry Season,4066.2,279.6,2012-11-01,https://app.powerbi.com/view?r=eyJrIjoiOTJkN2U4MjUtYWE1Ny00NzA4LWExMzctMDBiYjQ2NjZiZWVjIiwidCI6ImJkMDNhNzM1LTJhYTMtNGNjYS05NzIyLTJhZTQ5MjlhYjNlYyIsImMiOjEwfQ%3D%3D&pageName=adfba30c52355c5b1631
Casiguran,Aurora,16.25,122.1667,2012,12,Dec,DJF,Dry Season,4066.2,610.3,2012-12-01,https://app.powerbi.com/view?r=eyJrIjoiOTJkN2U4MjUtYWE1Ny00NzA4LWExMzctMDBiYjQ2NjZiZWVjIiwidCI6ImJkMDNhNzM1LTJhYTMtNGNjYS05NzIyLTJhZTQ5MjlhYjNlYyIsImMiOjEwfQ%3D%3D&pageName=adfba30c52355c5b1631
Casiguran,Aurora,16.25,122.1667,2013,1,Jan,DJF,Dry Season,5443.6,345.5,2013-01-01,https://app.powerbi.com/view?r=eyJrIjoiOTJkN2U4MjUtYWE1Ny00NzA4LWExMzctMDBiYjQ2NjZiZWVjIiwidCI6ImJkMDNhNzM1LTJhYTMtNGNjYS05NzIyLTJhZTQ5MjlhYjNlYyIsImMiOjEwfQ%3D%3D&pageName=adfba30c52355c5b1631
Casiguran,Aurora,16.25,122.1667,2013,2,Feb,DJF,Dry Season,5443.6,458.4,2013-02-01,https://app.powerbi.com/view?r=eyJrIjoiOTJkN2U4MjUtYWE1Ny00NzA4LWExMzctMDBiYjQ2NjZiZWVjIiwidCI6ImJkMDNhNzM1LTJhYTMtNGNjYS05NzIyLTJhZTQ5MjlhYjNlYyIsImMiOjEwfQ%3D%3D&pageName=adfba30c52355c5b1631
Casiguran,Aurora,16.25,122.1667,2013,3,Mar,MAM,Dry Season,5443.6,254.5,2013-03-01,https://app.powerbi.com/view?r=eyJrIjoiOTJkN2U4MjUtYWE1Ny00NzA4LWExMzctMDBiYjQ2NjZiZWVjIiwidCI6ImJkMDNhNzM1LTJhYTMtNGNjYS05NzIyLTJhZTQ5MjlhYjNlYyIsImMiOjEwfQ%3D%3D&pageName=adfba30c52355c5b1631
Casiguran,Aurora,16.25,122.1667,2013,4,Apr,MAM,Dry Season,5443.6,89.9,2013-04-01,https://app.powerbi.com/view?r=eyJrIjoiOTJkN2U4MjUtYWE1Ny00NzA4LWExMzctMDBiYjQ2NjZiZWVjIiwidCI6ImJkMDNhNzM1LTJhYTMtNGNjYS05NzIyLTJhZTQ5MjlhYjNlYyIsImMiOjEwfQ%3D%3D&pageName=adfba30c52355c5b1631
Casiguran,Aurora,16.25,122.1667,2013,5,May,MAM,Wet Season,5443.6,124.9,2013-05-01,https://app.powerbi.com/view?r=eyJrIjoiOTJkN2U4MjUtYWE1Ny00NzA4LWExMzctMDBiYjQ2NjZiZWVjIiwidCI6ImJkMDNhNzM1LTJhYTMtNGNjYS05NzIyLTJhZTQ5MjlhYjNlYyIsImMiOjEwfQ%3D%3D&pageName=adfba30c52355c5b1631
Casiguran,Aurora,16.25,122.1667,2013,6,Jun,JJA,Wet Season,5443.6,314.9,2013-06-01,https://app.powerbi.com/view?r=eyJrIjoiOTJkN2U4MjUtYWE1Ny00NzA4LWExMzctMDBiYjQ2NjZiZWVjIiwidCI6ImJkMDNhNzM1LTJhYTMtNGNjYS05NzIyLTJhZTQ5MjlhYjNlYyIsImMiOjEwfQ%3D%3D&pageName=adfba30c52355c5b1631
Casiguran,Aurora,16.25,122.1667,2013,7,Jul,JJA,Wet Season,5443.6,712.2,2013-07-01,https://app.powerbi.com/view?r=eyJrIjoiOTJkN2U4MjUtYWE1Ny00NzA4LWExMzctMDBiYjQ2NjZiZWVjIiwidCI6ImJkMDNhNzM1LTJhYTMtNGNjYS05NzIyLTJhZTQ5MjlhYjNlYyIsImMiOjEwfQ%3D%3D&pageName=adfba30c52355c5b1631
Casiguran,Aurora,16.25,122.1667,2013,8,Aug,JJA,Wet Season,5443.6,456.9,2013-08-01,https://app.powerbi.com/view?r=eyJrIjoiOTJkN2U4MjUtYWE1Ny00NzA4LWExMzctMDBiYjQ2NjZiZWVjIiwidCI6ImJkMDNhNzM1LTJhYTMtNGNjYS05NzIyLTJhZTQ5MjlhYjNlYyIsImMiOjEwfQ%3D%3D&pageName=adfba30c52355c5b1631
Casiguran,Aurora,16.25,122.1667,2013,9,Sep,SON,Wet Season,5443.6,191,2013-09-01,https://app.powerbi.com/view?r=eyJrIjoiOTJkN2U4MjUtYWE1Ny00NzA4LWExMzctMDBiYjQ2NjZiZWVjIiwidCI6ImJkMDNhNzM1LTJhYTMtNGNjYS05NzIyLTJhZTQ5MjlhYjNlYyIsImMiOjEwfQ%3D%3D&pageName=adfba30c52355c5b1631
Casiguran,Aurora,16.25,122.1667,2013,10,Oct,SON,Wet Season,5443.6,308.7,2013-10-01,https://app.powerbi.com/view?r=eyJrIjoiOTJkN2U4MjUtYWE1Ny00NzA4LWExMzctMDBiYjQ2NjZiZWVjIiwidCI6ImJkMDNhNzM1LTJhYTMtNGNjYS05NzIyLTJhZTQ5MjlhYjNlYyIsImMiOjEwfQ%3D%3D&pageName=adfba30c52355c5b1631
Casiguran,Aurora,16.25,122.1667,2013,11,Nov,SON,Dry Season,5443.6,960,2013-11-01,https://app.powerbi.com/view?r=eyJrIjoiOTJkN2U4MjUtYWE1Ny00NzA4LWExMzctMDBiYjQ2NjZiZWVjIiwidCI6ImJkMDNhNzM1LTJhYTMtNGNjYS05NzIyLTJhZTQ5MjlhYjNlYyIsImMiOjEwfQ%3D%3D&pageName=adfba30c52355c5b1631
Casiguran,Aurora,16.25,122.1667,2013,12,Dec,DJF,Dry Season,5443.6,1226.7,2013-12-01,https://app.powerbi.com/view?r=eyJrIjoiOTJkN2U4MjUtYWE1Ny00NzA4LWExMzctMDBiYjQ2NjZiZWVjIiwidCI6ImJkMDNhNzM1LTJhYTMtNGNjYS05NzIyLTJhZTQ5MjlhYjNlYyIsImMiOjEwfQ%3D%3D&pageName=adfba30c52355c5b1631
Casiguran,Aurora,16.25,122.1667,2014,1,Jan,DJF,Dry Season,3104.3,108.4,2014-01-01,https://app.powerbi.com/view?r=eyJrIjoiOTJkN2U4MjUtYWE1Ny00NzA4LWExMzctMDBiYjQ2NjZiZWVjIiwidCI6ImJkMDNhNzM1LTJhYTMtNGNjYS05NzIyLTJhZTQ5MjlhYjNlYyIsImMiOjEwfQ%3D%3D&pageName=adfba30c52355c5b1631
Casiguran,Aurora,16.25,122.1667,2014,2,Feb,DJF,Dry Season,3104.3,49.2,2014-02-01,https://app.powerbi.com/view?r=eyJrIjoiOTJkN2U4MjUtYWE1Ny00NzA4LWExMzctMDBiYjQ2NjZiZWVjIiwidCI6ImJkMDNhNzM1LTJhYTMtNGNjYS05NzIyLTJhZTQ5MjlhYjNlYyIsImMiOjEwfQ%3D%3D&pageName=adfba30c52355c5b1631
Casiguran,Aurora,16.25,122.1667,2014,3,Mar,MAM,Dry Season,3104.3,413.1,2014-03-01,https://app.powerbi.com/view?r=eyJrIjoiOTJkN2U4MjUtYWE1Ny00NzA4LWExMzctMDBiYjQ2NjZiZWVjIiwidCI6ImJkMDNhNzM1LTJhYTMtNGNjYS05NzIyLTJhZTQ5MjlhYjNlYyIsImMiOjEwfQ%3D%3D&pageName=adfba30c52355c5b1631
Casiguran,Aurora,16.25,122.1667,2014,4,Apr,MAM,Dry Season,3104.3,67.7,2014-04-01,https://app.powerbi.com/view?r=eyJrIjoiOTJkN2U4MjUtYWE1Ny00NzA4LWExMzctMDBiYjQ2NjZiZWVjIiwidCI6ImJkMDNhNzM1LTJhYTMtNGNjYS05NzIyLTJhZTQ5MjlhYjNlYyIsImMiOjEwfQ%3D%3D&pageName=adfba30c52355c5b1631
Casiguran,Aurora,16.25,122.1667,2014,5,May,MAM,Wet Season,3104.3,39.6,2014-05-01,https://app.powerbi.com/view?r=eyJrIjoiOTJkN2U4MjUtYWE1Ny00NzA4LWExMzctMDBiYjQ2NjZiZWVjIiwidCI6ImJkMDNhNzM1LTJhYTMtNGNjYS05NzIyLTJhZTQ5MjlhYjNlYyIsImMiOjEwfQ%3D%3D&pageName=adfba30c52355c5b1631
Casiguran,Aurora,16.25,122.1667,2014,6,Jun,JJA,Wet Season,3104.3,70.8,2014-06-01,https://app.powerbi.com/view?r=eyJrIjoiOTJkN2U4MjUtYWE1Ny00NzA4LWExMzctMDBiYjQ2NjZiZWVjIiwidCI6ImJkMDNhNzM1LTJhYTMtNGNjYS05NzIyLTJhZTQ5MjlhYjNlYyIsImMiOjEwfQ%3D%3D&pageName=adfba30c52355c5b1631
Casiguran,Aurora,16.25,122.1667,2014,7,Jul,JJA,Wet Season,3104.3,189.7,2014-07-01,https://app.powerbi.com/view?r=eyJrIjoiOTJkN2U4MjUtYWE1Ny00NzA4LWExMzctMDBiYjQ2NjZiZWVjIiwidCI6ImJkMDNhNzM1LTJhYTMtNGNjYS05NzIyLTJhZTQ5MjlhYjNlYyIsImMiOjEwfQ%3D%3D&pageName=adfba30c52355c5b1631
Casiguran,Aurora,16.25,122.1667,2014,8,Aug,JJA,Wet Season,3104.3,283.4,2014-08-01,https://app.powerbi.com/view?r=eyJrIjoiOTJkN2U4MjUtYWE1Ny00NzA4LWExMzctMDBiYjQ2NjZiZWVjIiwidCI6ImJkMDNhNzM1LTJhYTMtNGNjYS05NzIyLTJhZTQ5MjlhYjNlYyIsImMiOjEwfQ%3D%3D&pageName=adfba30c52355c5b1631
Casiguran,Aurora,16.25,122.1667,2014,9,Sep,SON,Wet Season,3104.3,255.4,2014-09-01,https://app.powerbi.com/view?r=eyJrIjoiOTJkN2U4MjUtYWE1Ny00NzA4LWExMzctMDBiYjQ2NjZiZWVjIiwidCI6ImJkMDNhNzM1LTJhYTMtNGNjYS05NzIyLTJhZTQ5MjlhYjNlYyIsImMiOjEwfQ%3D%3D&pageName=adfba30c52355c5b1631
Casiguran,Aurora,16.25,122.1667,2014,10,Oct,SON,Wet Season,3104.3,539,2014-10-01,https://app.powerbi.com/view?r=eyJrIjoiOTJkN2U4MjUtYWE1Ny00NzA4LWExMzctMDBiYjQ2NjZiZWVjIiwidCI6ImJkMDNhNzM1LTJhYTMtNGNjYS05NzIyLTJhZTQ5MjlhYjNlYyIsImMiOjEwfQ%3D%3D&pageName=adfba30c52355c5b1631
Casiguran,Aurora,16.25,122.1667,2014,11,Nov,SON,Dry Season,3104.3,481.5,2014-11-01,https://app.powerbi.com/view?r=eyJrIjoiOTJkN2U4MjUtYWE1Ny00NzA4LWExMzctMDBiYjQ2NjZiZWVjIiwidCI6ImJkMDNhNzM1LTJhYTMtNGNjYS05NzIyLTJhZTQ5MjlhYjNlYyIsImMiOjEwfQ%3D%3D&pageName=adfba30c52355c5b1631
Casiguran,Aurora,16.25,122.1667,2014,12,Dec,DJF,Dry Season,3104.3,606.5,2014-12-01,https://app.powerbi.com/view?r=eyJrIjoiOTJkN2U4MjUtYWE1Ny00NzA4LWExMzctMDBiYjQ2NjZiZWVjIiwidCI6ImJkMDNhNzM1LTJhYTMtNGNjYS05NzIyLTJhZTQ5MjlhYjNlYyIsImMiOjEwfQ%3D%3D&pageName=adfba30c52355c5b1631
Casiguran,Aurora,16.25,122.1667,2015,1,Jan,DJF,Dry Season,3253.2,173.4,2015-01-01,https://app.powerbi.com/view?r=eyJrIjoiOTJkN2U4MjUtYWE1Ny00NzA4LWExMzctMDBiYjQ2NjZiZWVjIiwidCI6ImJkMDNhNzM1LTJhYTMtNGNjYS05NzIyLTJhZTQ5MjlhYjNlYyIsImMiOjEwfQ%3D%3D&pageName=adfba30c52355c5b1631
Casiguran,Aurora,16.25,122.1667,2015,2,Feb,DJF,Dry Season,3253.2,260.6,2015-02-01,https://app.powerbi.com/view?r=eyJrIjoiOTJkN2U4MjUtYWE1Ny00NzA4LWExMzctMDBiYjQ2NjZiZWVjIiwidCI6ImJkMDNhNzM1LTJhYTMtNGNjYS05NzIyLTJhZTQ5MjlhYjNlYyIsImMiOjEwfQ%3D%3D&pageName=adfba30c52355c5b1631
Casiguran,Aurora,16.25,122.1667,2015,3,Mar,MAM,Dry Season,3253.2,325.6,2015-03-01,https://app.powerbi.com/view?r=eyJrIjoiOTJkN2U4MjUtYWE1Ny00NzA4LWExMzctMDBiYjQ2NjZiZWVjIiwidCI6ImJkMDNhNzM1LTJhYTMtNGNjYS05NzIyLTJhZTQ5MjlhYjNlYyIsImMiOjEwfQ%3D%3D&pageName=adfba30c52355c5b1631
Casiguran,Aurora,16.25,122.1667,2015,4,Apr,MAM,Dry Season,3253.2,84.8,2015-04-01,https://app.powerbi.com/view?r=eyJrIjoiOTJkN2U4MjUtYWE1Ny00NzA4LWExMzctMDBiYjQ2NjZiZWVjIiwidCI6ImJkMDNhNzM1LTJhYTMtNGNjYS05NzIyLTJhZTQ5MjlhYjNlYyIsImMiOjEwfQ%3D%3D&pageName=adfba30c52355c5b1631
Casiguran,Aurora,16.25,122.1667,2015,5,May,MAM,Wet Season,3253.2,97.6,2015-05-01,https://app.powerbi.com/view?r=eyJrIjoiOTJkN2U4MjUtYWE1Ny00NzA4LWExMzctMDBiYjQ2NjZiZWVjIiwidCI6ImJkMDNhNzM1LTJhYTMtNGNjYS05NzIyLTJhZTQ5MjlhYjNlYyIsImMiOjEwfQ%3D%3D&pageName=adfba30c52355c5b1631
Casiguran,Aurora,16.25,122.1667,2015,6,Jun,JJA,Wet Season,3253.2,137.5,2015-06-01,https://app.powerbi.com/view?r=eyJrIjoiOTJkN2U4MjUtYWE1Ny00NzA4LWExMzctMDBiYjQ2NjZiZWVjIiwidCI6ImJkMDNhNzM1LTJhYTMtNGNjYS05NzIyLTJhZTQ5MjlhYjNlYyIsImMiOjEwfQ%3D%3D&pageName=adfba30c52355c5b1631
Casiguran,Aurora,16.25,122.1667,2015,7,Jul,JJA,Wet Season,3253.2,115.9,2015-07-01,https://app.powerbi.com/view?r=eyJrIjoiOTJkN2U4MjUtYWE1Ny00NzA4LWExMzctMDBiYjQ2NjZiZWVjIiwidCI6ImJkMDNhNzM1LTJhYTMtNGNjYS05NzIyLTJhZTQ5MjlhYjNlYyIsImMiOjEwfQ%3D%3D&pageName=adfba30c52355c5b1631
Casiguran,Aurora,16.25,122.1667,2015,8,Aug,JJA,Wet Season,3253.2,69.5,2015-08-01,https://app.powerbi.com/view?r=eyJrIjoiOTJkN2U4MjUtYWE1Ny00NzA4LWExMzctMDBiYjQ2NjZiZWVjIiwidCI6ImJkMDNhNzM1LTJhYTMtNGNjYS05NzIyLTJhZTQ5MjlhYjNlYyIsImMiOjEwfQ%3D%3D&pageName=adfba30c52355c5b1631
Casiguran,Aurora,16.25,122.1667,2015,9,Sep,SON,Wet Season,3253.2,167.2,2015-09-01,https://app.powerbi.com/view?r=eyJrIjoiOTJkN2U4MjUtYWE1Ny00NzA4LWExMzctMDBiYjQ2NjZiZWVjIiwidCI6ImJkMDNhNzM1LTJhYTMtNGNjYS05NzIyLTJhZTQ5MjlhYjNlYyIsImMiOjEwfQ%3D%3D&pageName=adfba30c52355c5b1631
Casiguran,Aurora,16.25,122.1667,2015,10,Oct,SON,Wet Season,3253.2,548.5,2015-10-01,https://app.powerbi.com/view?r=eyJrIjoiOTJkN2U4MjUtYWE1Ny00NzA4LWExMzctMDBiYjQ2NjZiZWVjIiwidCI6ImJkMDNhNzM1LTJhYTMtNGNjYS05NzIyLTJhZTQ5MjlhYjNlYyIsImMiOjEwfQ%3D%3D&pageName=adfba30c52355c5b1631
Casiguran,Aurora,16.25,122.1667,2015,11,Nov,SON,Dry Season,3253.2,238.6,2015-11-01,https://app.powerbi.com/view?r=eyJrIjoiOTJkN2U4MjUtYWE1Ny00NzA4LWExMzctMDBiYjQ2NjZiZWVjIiwidCI6ImJkMDNhNzM1LTJhYTMtNGNjYS05NzIyLTJhZTQ5MjlhYjNlYyIsImMiOjEwfQ%3D%3D&pageName=adfba30c52355c5b1631
Casiguran,Aurora,16.25,122.1667,2015,12,Dec,DJF,Dry Season,3253.2,1034,2015-12-01,https://app.powerbi.com/view?r=eyJrIjoiOTJkN2U4MjUtYWE1Ny00NzA4LWExMzctMDBiYjQ2NjZiZWVjIiwidCI6ImJkMDNhNzM1LTJhYTMtNGNjYS05NzIyLTJhZTQ5MjlhYjNlYyIsImMiOjEwfQ%3D%3D&pageName=adfba30c52355c5b1631
Casiguran,Aurora,16.25,122.1667,2016,1,Jan,DJF,Dry Season,3777.9,253.8,2016-01-01,https://app.powerbi.com/view?r=eyJrIjoiOTJkN2U4MjUtYWE1Ny00NzA4LWExMzctMDBiYjQ2NjZiZWVjIiwidCI6ImJkMDNhNzM1LTJhYTMtNGNjYS05NzIyLTJhZTQ5MjlhYjNlYyIsImMiOjEwfQ%3D%3D&pageName=adfba30c52355c5b1631
Casiguran,Aurora,16.25,122.1667,2016,2,Feb,DJF,Dry Season,3777.9,194.4,2016-02-01,https://app.powerbi.com/view?r=eyJrIjoiOTJkN2U4MjUtYWE1Ny00NzA4LWExMzctMDBiYjQ2NjZiZWVjIiwidCI6ImJkMDNhNzM1LTJhYTMtNGNjYS05NzIyLTJhZTQ5MjlhYjNlYyIsImMiOjEwfQ%3D%3D&pageName=adfba30c52355c5b1631
Casiguran,Aurora,16.25,122.1667,2016,3,Mar,MAM,Dry Season,3777.9,116.5,2016-03-01,https://app.powerbi.com/view?r=eyJrIjoiOTJkN2U4MjUtYWE1Ny00NzA4LWExMzctMDBiYjQ2NjZiZWVjIiwidCI6ImJkMDNhNzM1LTJhYTMtNGNjYS05NzIyLTJhZTQ5MjlhYjNlYyIsImMiOjEwfQ%3D%3D&pageName=adfba30c52355c5b1631
Casiguran,Aurora,16.25,122.1667,2016,4,Apr,MAM,Dry Season,3777.9,87.9,2016-04-01,https://app.powerbi.com/view?r=eyJrIjoiOTJkN2U4MjUtYWE1Ny00NzA4LWExMzctMDBiYjQ2NjZiZWVjIiwidCI6ImJkMDNhNzM1LTJhYTMtNGNjYS05NzIyLTJhZTQ5MjlhYjNlYyIsImMiOjEwfQ%3D%3D&pageName=adfba30c52355c5b1631
Casiguran,Aurora,16.25,122.1667,2016,5,May,MAM,Wet Season,3777.9,201,2016-05-01,https://app.powerbi.com/view?r=eyJrIjoiOTJkN2U4MjUtYWE1Ny00NzA4LWExMzctMDBiYjQ2NjZiZWVjIiwidCI6ImJkMDNhNzM1LTJhYTMtNGNjYS05NzIyLTJhZTQ5MjlhYjNlYyIsImMiOjEwfQ%3D%3D&pageName=adfba30c52355c5b1631
Casiguran,Aurora,16.25,122.1667,2016,6,Jun,JJA,Wet Season,3777.9,190.5,2016-06-01,https://app.powerbi.com/view?r=eyJrIjoiOTJkN2U4MjUtYWE1Ny00NzA4LWExMzctMDBiYjQ2NjZiZWVjIiwidCI6ImJkMDNhNzM1LTJhYTMtNGNjYS05NzIyLTJhZTQ5MjlhYjNlYyIsImMiOjEwfQ%3D%3D&pageName=adfba30c52355c5b1631
Casiguran,Aurora,16.25,122.1667,2016,7,Jul,JJA,Wet Season,3777.9,156.4,2016-07-01,https://app.powerbi.com/view?r=eyJrIjoiOTJkN2U4MjUtYWE1Ny00NzA4LWExMzctMDBiYjQ2NjZiZWVjIiwidCI6ImJkMDNhNzM1LTJhYTMtNGNjYS05NzIyLTJhZTQ5MjlhYjNlYyIsImMiOjEwfQ%3D%3D&pageName=adfba30c52355c5b1631
Casiguran,Aurora,16.25,122.1667,2016,8,Aug,JJA,Wet Season,3777.9,119.3,2016-08-01,https://app.powerbi.com/view?r=eyJrIjoiOTJkN2U4MjUtYWE1Ny00NzA4LWExMzctMDBiYjQ2NjZiZWVjIiwidCI6ImJkMDNhNzM1LTJhYTMtNGNjYS05NzIyLTJhZTQ5MjlhYjNlYyIsImMiOjEwfQ%3D%3D&pageName=adfba30c52355c5b1631
Casiguran,Aurora,16.25,122.1667,2016,9,Sep,SON,Wet Season,3777.9,118.2,2016-09-01,https://app.powerbi.com/view?r=eyJrIjoiOTJkN2U4MjUtYWE1Ny00NzA4LWExMzctMDBiYjQ2NjZiZWVjIiwidCI6ImJkMDNhNzM1LTJhYTMtNGNjYS05NzIyLTJhZTQ5MjlhYjNlYyIsImMiOjEwfQ%3D%3D&pageName=adfba30c52355c5b1631
Casiguran,Aurora,16.25,122.1667,2016,10,Oct,SON,Wet Season,3777.9,668.9,2016-10-01,https://app.powerbi.com/view?r=eyJrIjoiOTJkN2U4MjUtYWE1Ny00NzA4LWExMzctMDBiYjQ2NjZiZWVjIiwidCI6ImJkMDNhNzM1LTJhYTMtNGNjYS05NzIyLTJhZTQ5MjlhYjNlYyIsImMiOjEwfQ%3D%3D&pageName=adfba30c52355c5b1631
Casiguran,Aurora,16.25,122.1667,2016,11,Nov,SON,Dry Season,3777.9,814.6,2016-11-01,https://app.powerbi.com/view?r=eyJrIjoiOTJkN2U4MjUtYWE1Ny00NzA4LWExMzctMDBiYjQ2NjZiZWVjIiwidCI6ImJkMDNhNzM1LTJhYTMtNGNjYS05NzIyLTJhZTQ5MjlhYjNlYyIsImMiOjEwfQ%3D%3D&pageName=adfba30c52355c5b1631
Casiguran,Aurora,16.25,122.1667,2016,12,Dec,DJF,Dry Season,3777.9,856.4,2016-12-01,https://app.powerbi.com/view?r=eyJrIjoiOTJkN2U4MjUtYWE1Ny00NzA4LWExMzctMDBiYjQ2NjZiZWVjIiwidCI6ImJkMDNhNzM1LTJhYTMtNGNjYS05NzIyLTJhZTQ5MjlhYjNlYyIsImMiOjEwfQ%3D%3D&pageName=adfba30c52355c5b1631
Casiguran,Aurora,16.25,122.1667,2017,1,Jan,DJF,Dry Season,5005.8,886.9,2017-01-01,https://app.powerbi.com/view?r=eyJrIjoiOTJkN2U4MjUtYWE1Ny00NzA4LWExMzctMDBiYjQ2NjZiZWVjIiwidCI6ImJkMDNhNzM1LTJhYTMtNGNjYS05NzIyLTJhZTQ5MjlhYjNlYyIsImMiOjEwfQ%3D%3D&pageName=adfba30c52355c5b1631
Casiguran,Aurora,16.25,122.1667,2017,2,Feb,DJF,Dry Season,5005.8,380.2,2017-02-01,https://app.powerbi.com/view?r=eyJrIjoiOTJkN2U4MjUtYWE1Ny00NzA4LWExMzctMDBiYjQ2NjZiZWVjIiwidCI6ImJkMDNhNzM1LTJhYTMtNGNjYS05NzIyLTJhZTQ5MjlhYjNlYyIsImMiOjEwfQ%3D%3D&pageName=adfba30c52355c5b1631
Casiguran,Aurora,16.25,122.1667,2017,3,Mar,MAM,Dry Season,5005.8,224.7,2017-03-01,https://app.powerbi.com/view?r=eyJrIjoiOTJkN2U4MjUtYWE1Ny00NzA4LWExMzctMDBiYjQ2NjZiZWVjIiwidCI6ImJkMDNhNzM1LTJhYTMtNGNjYS05NzIyLTJhZTQ5MjlhYjNlYyIsImMiOjEwfQ%3D%3D&pageName=adfba30c52355c5b1631
Casiguran,Aurora,16.25,122.1667,2017,4,Apr,MAM,Dry Season,5005.8,59.6,2017-04-01,https://app.powerbi.com/view?r=eyJrIjoiOTJkN2U4MjUtYWE1Ny00NzA4LWExMzctMDBiYjQ2NjZiZWVjIiwidCI6ImJkMDNhNzM1LTJhYTMtNGNjYS05NzIyLTJhZTQ5MjlhYjNlYyIsImMiOjEwfQ%3D%3D&pageName=adfba30c52355c5b1631
Casiguran,Aurora,16.25,122.1667,2017,5,May,MAM,Wet Season,5005.8,294.1,2017-05-01,https://app.powerbi.com/view?r=eyJrIjoiOTJkN2U4MjUtYWE1Ny00NzA4LWExMzctMDBiYjQ2NjZiZWVjIiwidCI6ImJkMDNhNzM1LTJhYTMtNGNjYS05NzIyLTJhZTQ5MjlhYjNlYyIsImMiOjEwfQ%3D%3D&pageName=adfba30c52355c5b1631
Casiguran,Aurora,16.25,122.1667,2017,6,Jun,JJA,Wet Season,5005.8,240.4,2017-06-01,https://app.powerbi.com/view?r=eyJrIjoiOTJkN2U4MjUtYWE1Ny00NzA4LWExMzctMDBiYjQ2NjZiZWVjIiwidCI6ImJkMDNhNzM1LTJhYTMtNGNjYS05NzIyLTJhZTQ5MjlhYjNlYyIsImMiOjEwfQ%3D%3D&pageName=adfba30c52355c5b1631
Casiguran,Aurora,16.25,122.1667,2017,7,Jul,JJA,Wet Season,5005.8,298.3,2017-07-01,https://app.powerbi.com/view?r=eyJrIjoiOTJkN2U4MjUtYWE1Ny00NzA4LWExMzctMDBiYjQ2NjZiZWVjIiwidCI6ImJkMDNhNzM1LTJhYTMtNGNjYS05NzIyLTJhZTQ5MjlhYjNlYyIsImMiOjEwfQ%3D%3D&pageName=adfba30c52355c5b1631
Casiguran,Aurora,16.25,122.1667,2017,8,Aug,JJA,Wet Season,5005.8,276,2017-08-01,https://app.powerbi.com/view?r=eyJrIjoiOTJkN2U4MjUtYWE1Ny00NzA4LWExMzctMDBiYjQ2NjZiZWVjIiwidCI6ImJkMDNhNzM1LTJhYTMtNGNjYS05NzIyLTJhZTQ5MjlhYjNlYyIsImMiOjEwfQ%3D%3D&pageName=adfba30c52355c5b1631
Casiguran,Aurora,16.25,122.1667,2017,9,Sep,SON,Wet Season,5005.8,145.2,2017-09-01,https://app.powerbi.com/view?r=eyJrIjoiOTJkN2U4MjUtYWE1Ny00NzA4LWExMzctMDBiYjQ2NjZiZWVjIiwidCI6ImJkMDNhNzM1LTJhYTMtNGNjYS05NzIyLTJhZTQ5MjlhYjNlYyIsImMiOjEwfQ%3D%3D&pageName=adfba30c52355c5b1631
Casiguran,Aurora,16.25,122.1667,2017,10,Oct,SON,Wet Season,5005.8,615.9,2017-10-01,https://app.powerbi.com/view?r=eyJrIjoiOTJkN2U4MjUtYWE1Ny00NzA4LWExMzctMDBiYjQ2NjZiZWVjIiwidCI6ImJkMDNhNzM1LTJhYTMtNGNjYS05NzIyLTJhZTQ5MjlhYjNlYyIsImMiOjEwfQ%3D%3D&pageName=adfba30c52355c5b1631
Casiguran,Aurora,16.25,122.1667,2017,11,Nov,SON,Dry Season,5005.8,1004,2017-11-01,https://app.powerbi.com/view?r=eyJrIjoiOTJkN2U4MjUtYWE1Ny00NzA4LWExMzctMDBiYjQ2NjZiZWVjIiwidCI6ImJkMDNhNzM1LTJhYTMtNGNjYS05NzIyLTJhZTQ5MjlhYjNlYyIsImMiOjEwfQ%3D%3D&pageName=adfba30c52355c5b1631
Casiguran,Aurora,16.25,122.1667,2017,12,Dec,DJF,Dry Season,5005.8,580.5,2017-12-01,https://app.powerbi.com/view?r=eyJrIjoiOTJkN2U4MjUtYWE1Ny00NzA4LWExMzctMDBiYjQ2NjZiZWVjIiwidCI6ImJkMDNhNzM1LTJhYTMtNGNjYS05NzIyLTJhZTQ5MjlhYjNlYyIsImMiOjEwfQ%3D%3D&pageName=adfba30c52355c5b1631
Casiguran,Aurora,16.25,122.1667,2018,1,Jan,DJF,Dry Season,2608.2,295.3,2018-01-01,https://app.powerbi.com/view?r=eyJrIjoiOTJkN2U4MjUtYWE1Ny00NzA4LWExMzctMDBiYjQ2NjZiZWVjIiwidCI6ImJkMDNhNzM1LTJhYTMtNGNjYS05NzIyLTJhZTQ5MjlhYjNlYyIsImMiOjEwfQ%3D%3D&pageName=adfba30c52355c5b1631
Casiguran,Aurora,16.25,122.1667,2018,2,Feb,DJF,Dry Season,2608.2,193.7,2018-02-01,https://app.powerbi.com/view?r=eyJrIjoiOTJkN2U4MjUtYWE1Ny00NzA4LWExMzctMDBiYjQ2NjZiZWVjIiwidCI6ImJkMDNhNzM1LTJhYTMtNGNjYS05NzIyLTJhZTQ5MjlhYjNlYyIsImMiOjEwfQ%3D%3D&pageName=adfba30c52355c5b1631
Casiguran,Aurora,16.25,122.1667,2018,3,Mar,MAM,Dry Season,2608.2,91.3,2018-03-01,https://app.powerbi.com/view?r=eyJrIjoiOTJkN2U4MjUtYWE1Ny00NzA4LWExMzctMDBiYjQ2NjZiZWVjIiwidCI6ImJkMDNhNzM1LTJhYTMtNGNjYS05NzIyLTJhZTQ5MjlhYjNlYyIsImMiOjEwfQ%3D%3D&pageName=adfba30c52355c5b1631
Casiguran,Aurora,16.25,122.1667,2018,4,Apr,MAM,Dry Season,2608.2,140.3,2018-04-01,https://app.powerbi.com/view?r=eyJrIjoiOTJkN2U4MjUtYWE1Ny00NzA4LWExMzctMDBiYjQ2NjZiZWVjIiwidCI6ImJkMDNhNzM1LTJhYTMtNGNjYS05NzIyLTJhZTQ5MjlhYjNlYyIsImMiOjEwfQ%3D%3D&pageName=adfba30c52355c5b1631
Casiguran,Aurora,16.25,122.1667,2018,5,May,MAM,Wet Season,2608.2,52.3,2018-05-01,https://app.powerbi.com/view?r=eyJrIjoiOTJkN2U4MjUtYWE1Ny00NzA4LWExMzctMDBiYjQ2NjZiZWVjIiwidCI6ImJkMDNhNzM1LTJhYTMtNGNjYS05NzIyLTJhZTQ5MjlhYjNlYyIsImMiOjEwfQ%3D%3D&pageName=adfba30c52355c5b1631
Casiguran,Aurora,16.25,122.1667,2018,6,Jun,JJA,Wet Season,2608.2,171.6,2018-06-01,https://app.powerbi.com/view?r=eyJrIjoiOTJkN2U4MjUtYWE1Ny00NzA4LWExMzctMDBiYjQ2NjZiZWVjIiwidCI6ImJkMDNhNzM1LTJhYTMtNGNjYS05NzIyLTJhZTQ5MjlhYjNlYyIsImMiOjEwfQ%3D%3D&pageName=adfba30c52355c5b1631
Casiguran,Aurora,16.25,122.1667,2018,7,Jul,JJA,Wet Season,2608.2,433.9,2018-07-01,https://app.powerbi.com/view?r=eyJrIjoiOTJkN2U4MjUtYWE1Ny00NzA4LWExMzctMDBiYjQ2NjZiZWVjIiwidCI6ImJkMDNhNzM1LTJhYTMtNGNjYS05NzIyLTJhZTQ5MjlhYjNlYyIsImMiOjEwfQ%3D%3D&pageName=adfba30c52355c5b1631
Casiguran,Aurora,16.25,122.1667,2018,8,Aug,JJA,Wet Season,2608.2,67,2018-08-01,https://app.powerbi.com/view?r=eyJrIjoiOTJkN2U4MjUtYWE1Ny00NzA4LWExMzctMDBiYjQ2NjZiZWVjIiwidCI6ImJkMDNhNzM1LTJhYTMtNGNjYS05NzIyLTJhZTQ5MjlhYjNlYyIsImMiOjEwfQ%3D%3D&pageName=adfba30c52355c5b1631
Casiguran,Aurora,16.25,122.1667,2018,9,Sep,SON,Wet Season,2608.2,258.1,2018-09-01,https://app.powerbi.com/view?r=eyJrIjoiOTJkN2U4MjUtYWE1Ny00NzA4LWExMzctMDBiYjQ2NjZiZWVjIiwidCI6ImJkMDNhNzM1LTJhYTMtNGNjYS05NzIyLTJhZTQ5MjlhYjNlYyIsImMiOjEwfQ%3D%3D&pageName=adfba30c52355c5b1631
Casiguran,Aurora,16.25,122.1667,2018,10,Oct,SON,Wet Season,2608.2,169.3,2018-10-01,https://app.powerbi.com/view?r=eyJrIjoiOTJkN2U4MjUtYWE1Ny00NzA4LWExMzctMDBiYjQ2NjZiZWVjIiwidCI6ImJkMDNhNzM1LTJhYTMtNGNjYS05NzIyLTJhZTQ5MjlhYjNlYyIsImMiOjEwfQ%3D%3D&pageName=adfba30c52355c5b1631
Casiguran,Aurora,16.25,122.1667,2018,11,Nov,SON,Dry Season,2608.2,224.4,2018-11-01,https://app.powerbi.com/view?r=eyJrIjoiOTJkN2U4MjUtYWE1Ny00NzA4LWExMzctMDBiYjQ2NjZiZWVjIiwidCI6ImJkMDNhNzM1LTJhYTMtNGNjYS05NzIyLTJhZTQ5MjlhYjNlYyIsImMiOjEwfQ%3D%3D&pageName=adfba30c52355c5b1631
Casiguran,Aurora,16.25,122.1667,2018,12,Dec,DJF,Dry Season,2608.2,511,2018-12-01,https://app.powerbi.com/view?r=eyJrIjoiOTJkN2U4MjUtYWE1Ny00NzA4LWExMzctMDBiYjQ2NjZiZWVjIiwidCI6ImJkMDNhNzM1LTJhYTMtNGNjYS05NzIyLTJhZTQ5MjlhYjNlYyIsImMiOjEwfQ%3D%3D&pageName=adfba30c52355c5b1631
Casiguran,Aurora,16.25,122.1667,2019,1,Jan,DJF,Dry Season,2647.4,255.2,2019-01-01,https://app.powerbi.com/view?r=eyJrIjoiOTJkN2U4MjUtYWE1Ny00NzA4LWExMzctMDBiYjQ2NjZiZWVjIiwidCI6ImJkMDNhNzM1LTJhYTMtNGNjYS05NzIyLTJhZTQ5MjlhYjNlYyIsImMiOjEwfQ%3D%3D&pageName=adfba30c52355c5b1631
Casiguran,Aurora,16.25,122.1667,2019,2,Feb,DJF,Dry Season,2647.4,69.3,2019-02-01,https://app.powerbi.com/view?r=eyJrIjoiOTJkN2U4MjUtYWE1Ny00NzA4LWExMzctMDBiYjQ2NjZiZWVjIiwidCI6ImJkMDNhNzM1LTJhYTMtNGNjYS05NzIyLTJhZTQ5MjlhYjNlYyIsImMiOjEwfQ%3D%3D&pageName=adfba30c52355c5b1631
Casiguran,Aurora,16.25,122.1667,2019,3,Mar,MAM,Dry Season,2647.4,93,2019-03-01,https://app.powerbi.com/view?r=eyJrIjoiOTJkN2U4MjUtYWE1Ny00NzA4LWExMzctMDBiYjQ2NjZiZWVjIiwidCI6ImJkMDNhNzM1LTJhYTMtNGNjYS05NzIyLTJhZTQ5MjlhYjNlYyIsImMiOjEwfQ%3D%3D&pageName=adfba30c52355c5b1631
Casiguran,Aurora,16.25,122.1667,2019,4,Apr,MAM,Dry Season,2647.4,205.5,2019-04-01,https://app.powerbi.com/view?r=eyJrIjoiOTJkN2U4MjUtYWE1Ny00NzA4LWExMzctMDBiYjQ2NjZiZWVjIiwidCI6ImJkMDNhNzM1LTJhYTMtNGNjYS05NzIyLTJhZTQ5MjlhYjNlYyIsImMiOjEwfQ%3D%3D&pageName=adfba30c52355c5b1631
Casiguran,Aurora,16.25,122.1667,2019,5,May,MAM,Wet Season,2647.4,273,2019-05-01,https://app.powerbi.com/view?r=eyJrIjoiOTJkN2U4MjUtYWE1Ny00NzA4LWExMzctMDBiYjQ2NjZiZWVjIiwidCI6ImJkMDNhNzM1LTJhYTMtNGNjYS05NzIyLTJhZTQ5MjlhYjNlYyIsImMiOjEwfQ%3D%3D&pageName=adfba30c52355c5b1631
Casiguran,Aurora,16.25,122.1667,2019,6,Jun,JJA,Wet Season,2647.4,77.6,2019-06-01,https://app.powerbi.com/view?r=eyJrIjoiOTJkN2U4MjUtYWE1Ny00NzA4LWExMzctMDBiYjQ2NjZiZWVjIiwidCI6ImJkMDNhNzM1LTJhYTMtNGNjYS05NzIyLTJhZTQ5MjlhYjNlYyIsImMiOjEwfQ%3D%3D&pageName=adfba30c52355c5b1631
Casiguran,Aurora,16.25,122.1667,2019,7,Jul,JJA,Wet Season,2647.4,171.7,2019-07-01,https://app.powerbi.com/view?r=eyJrIjoiOTJkN2U4MjUtYWE1Ny00NzA4LWExMzctMDBiYjQ2NjZiZWVjIiwidCI6ImJkMDNhNzM1LTJhYTMtNGNjYS05NzIyLTJhZTQ5MjlhYjNlYyIsImMiOjEwfQ%3D%3D&pageName=adfba30c52355c5b1631
Casiguran,Aurora,16.25,122.1667,2019,8,Aug,JJA,Wet Season,2647.4,312.2,2019-08-01,https://app.powerbi.com/view?r=eyJrIjoiOTJkN2U4MjUtYWE1Ny00NzA4LWExMzctMDBiYjQ2NjZiZWVjIiwidCI6ImJkMDNhNzM1LTJhYTMtNGNjYS05NzIyLTJhZTQ5MjlhYjNlYyIsImMiOjEwfQ%3D%3D&pageName=adfba30c52355c5b1631
Casiguran,Aurora,16.25,122.1667,2019,9,Sep,SON,Wet Season,2647.4,232.4,2019-09-01,https://app.powerbi.com/view?r=eyJrIjoiOTJkN2U4MjUtYWE1Ny00NzA4LWExMzctMDBiYjQ2NjZiZWVjIiwidCI6ImJkMDNhNzM1LTJhYTMtNGNjYS05NzIyLTJhZTQ5MjlhYjNlYyIsImMiOjEwfQ%3D%3D&pageName=adfba30c52355c5b1631
Casiguran,Aurora,16.25,122.1667,2019,10,Oct,SON,Wet Season,2647.4,165.9,2019-10-01,https://app.powerbi.com/view?r=eyJrIjoiOTJkN2U4MjUtYWE1Ny00NzA4LWExMzctMDBiYjQ2NjZiZWVjIiwidCI6ImJkMDNhNzM1LTJhYTMtNGNjYS05NzIyLTJhZTQ5MjlhYjNlYyIsImMiOjEwfQ%3D%3D&pageName=adfba30c52355c5b1631
Casiguran,Aurora,16.25,122.1667,2019,11,Nov,SON,Dry Season,2647.4,190.2,2019-11-01,https://app.powerbi.com/view?r=eyJrIjoiOTJkN2U4MjUtYWE1Ny00NzA4LWExMzctMDBiYjQ2NjZiZWVjIiwidCI6ImJkMDNhNzM1LTJhYTMtNGNjYS05NzIyLTJhZTQ5MjlhYjNlYyIsImMiOjEwfQ%3D%3D&pageName=adfba30c52355c5b1631
Casiguran,Aurora,16.25,122.1667,2019,12,Dec,DJF,Dry Season,2647.4,601.4,2019-12-01,https://app.powerbi.com/view?r=eyJrIjoiOTJkN2U4MjUtYWE1Ny00NzA4LWExMzctMDBiYjQ2NjZiZWVjIiwidCI6ImJkMDNhNzM1LTJhYTMtNGNjYS05NzIyLTJhZTQ5MjlhYjNlYyIsImMiOjEwfQ%3D%3D&pageName=adfba30c52355c5b1631
Casiguran,Aurora,16.25,122.1667,2020,1,Jan,DJF,Dry Season,4743.9,144.5,2020-01-01,https://app.powerbi.com/view?r=eyJrIjoiOTJkN2U4MjUtYWE1Ny00NzA4LWExMzctMDBiYjQ2NjZiZWVjIiwidCI6ImJkMDNhNzM1LTJhYTMtNGNjYS05NzIyLTJhZTQ5MjlhYjNlYyIsImMiOjEwfQ%3D%3D&pageName=adfba30c52355c5b1631
Casiguran,Aurora,16.25,122.1667,2020,2,Feb,DJF,Dry Season,4743.9,161.1,2020-02-01,https://app.powerbi.com/view?r=eyJrIjoiOTJkN2U4MjUtYWE1Ny00NzA4LWExMzctMDBiYjQ2NjZiZWVjIiwidCI6ImJkMDNhNzM1LTJhYTMtNGNjYS05NzIyLTJhZTQ5MjlhYjNlYyIsImMiOjEwfQ%3D%3D&pageName=adfba30c52355c5b1631
Casiguran,Aurora,16.25,122.1667,2020,3,Mar,MAM,Dry Season,4743.9,96.6,2020-03-01,https://app.powerbi.com/view?r=eyJrIjoiOTJkN2U4MjUtYWE1Ny00NzA4LWExMzctMDBiYjQ2NjZiZWVjIiwidCI6ImJkMDNhNzM1LTJhYTMtNGNjYS05NzIyLTJhZTQ5MjlhYjNlYyIsImMiOjEwfQ%3D%3D&pageName=adfba30c52355c5b1631
Casiguran,Aurora,16.25,122.1667,2020,4,Apr,MAM,Dry Season,4743.9,102.8,2020-04-01,https://app.powerbi.com/view?r=eyJrIjoiOTJkN2U4MjUtYWE1Ny00NzA4LWExMzctMDBiYjQ2NjZiZWVjIiwidCI6ImJkMDNhNzM1LTJhYTMtNGNjYS05NzIyLTJhZTQ5MjlhYjNlYyIsImMiOjEwfQ%3D%3D&pageName=adfba30c52355c5b1631
Casiguran,Aurora,16.25,122.1667,2020,5,May,MAM,Wet Season,4743.9,428,2020-05-01,https://app.powerbi.com/view?r=eyJrIjoiOTJkN2U4MjUtYWE1Ny00NzA4LWExMzctMDBiYjQ2NjZiZWVjIiwidCI6ImJkMDNhNzM1LTJhYTMtNGNjYS05NzIyLTJhZTQ5MjlhYjNlYyIsImMiOjEwfQ%3D%3D&pageName=adfba30c52355c5b1631
Casiguran,Aurora,16.25,122.1667,2020,6,Jun,JJA,Wet Season,4743.9,234.8,2020-06-01,https://app.powerbi.com/view?r=eyJrIjoiOTJkN2U4MjUtYWE1Ny00NzA4LWExMzctMDBiYjQ2NjZiZWVjIiwidCI6ImJkMDNhNzM1LTJhYTMtNGNjYS05NzIyLTJhZTQ5MjlhYjNlYyIsImMiOjEwfQ%3D%3D&pageName=adfba30c52355c5b1631
Casiguran,Aurora,16.25,122.1667,2020,7,Jul,JJA,Wet Season,4743.9,260.9,2020-07-01,https://app.powerbi.com/view?r=eyJrIjoiOTJkN2U4MjUtYWE1Ny00NzA4LWExMzctMDBiYjQ2NjZiZWVjIiwidCI6ImJkMDNhNzM1LTJhYTMtNGNjYS05NzIyLTJhZTQ5MjlhYjNlYyIsImMiOjEwfQ%3D%3D&pageName=adfba30c52355c5b1631
Casiguran,Aurora,16.25,122.1667,2020,8,Aug,JJA,Wet Season,4743.9,233.6,2020-08-01,https://app.powerbi.com/view?r=eyJrIjoiOTJkN2U4MjUtYWE1Ny00NzA4LWExMzctMDBiYjQ2NjZiZWVjIiwidCI6ImJkMDNhNzM1LTJhYTMtNGNjYS05NzIyLTJhZTQ5MjlhYjNlYyIsImMiOjEwfQ%3D%3D&pageName=adfba30c52355c5b1631
Casiguran,Aurora,16.25,122.1667,2020,9,Sep,SON,Wet Season,4743.9,281.9,2020-09-01,https://app.powerbi.com/view?r=eyJrIjoiOTJkN2U4MjUtYWE1Ny00NzA4LWExMzctMDBiYjQ2NjZiZWVjIiwidCI6ImJkMDNhNzM1LTJhYTMtNGNjYS05NzIyLTJhZTQ5MjlhYjNlYyIsImMiOjEwfQ%3D%3D&pageName=adfba30c52355c5b1631
Casiguran,Aurora,16.25,122.1667,2020,10,Oct,SON,Wet Season,4743.9,924.4,2020-10-01,https://app.powerbi.com/view?r=eyJrIjoiOTJkN2U4MjUtYWE1Ny00NzA4LWExMzctMDBiYjQ2NjZiZWVjIiwidCI6ImJkMDNhNzM1LTJhYTMtNGNjYS05NzIyLTJhZTQ5MjlhYjNlYyIsImMiOjEwfQ%3D%3D&pageName=adfba30c52355c5b1631
Casiguran,Aurora,16.25,122.1667,2020,11,Nov,SON,Dry Season,4743.9,879.8,2020-11-01,https://app.powerbi.com/view?r=eyJrIjoiOTJkN2U4MjUtYWE1Ny00NzA4LWExMzctMDBiYjQ2NjZiZWVjIiwidCI6ImJkMDNhNzM1LTJhYTMtNGNjYS05NzIyLTJhZTQ5MjlhYjNlYyIsImMiOjEwfQ%3D%3D&pageName=adfba30c52355c5b1631
Casiguran,Aurora,16.25,122.1667,2020,12,Dec,DJF,Dry Season,4743.9,995.5,2020-12-01,https://app.powerbi.com/view?r=eyJrIjoiOTJkN2U4MjUtYWE1Ny00NzA4LWExMzctMDBiYjQ2NjZiZWVjIiwidCI6ImJkMDNhNzM1LTJhYTMtNGNjYS05NzIyLTJhZTQ5MjlhYjNlYyIsImMiOjEwfQ%3D%3D&pageName=adfba30c52355c5b1631
Itbayat,Batanes,20.7833,121.8333,1991,1,Jan,DJF,Dry Season,2554.7,311.3,1991-01-01,https://app.powerbi.com/view?r=eyJrIjoiOTJkN2U4MjUtYWE1Ny00NzA4LWExMzctMDBiYjQ2NjZiZWVjIiwidCI6ImJkMDNhNzM1LTJhYTMtNGNjYS05NzIyLTJhZTQ5MjlhYjNlYyIsImMiOjEwfQ%3D%3D&pageName=adfba30c52355c5b1631
Itbayat,Batanes,20.7833,121.8333,1991,2,Feb,DJF,Dry Season,2554.7,116.5,1991-02-01,https://app.powerbi.com/view?r=eyJrIjoiOTJkN2U4MjUtYWE1Ny00NzA4LWExMzctMDBiYjQ2NjZiZWVjIiwidCI6ImJkMDNhNzM1LTJhYTMtNGNjYS05NzIyLTJhZTQ5MjlhYjNlYyIsImMiOjEwfQ%3D%3D&pageName=adfba30c52355c5b1631
Itbayat,Batanes,20.7833,121.8333,1991,3,Mar,MAM,Dry Season,2554.7,99.3,1991-03-01,https://app.powerbi.com/view?r=eyJrIjoiOTJkN2U4MjUtYWE1Ny00NzA4LWExMzctMDBiYjQ2NjZiZWVjIiwidCI6ImJkMDNhNzM1LTJhYTMtNGNjYS05NzIyLTJhZTQ5MjlhYjNlYyIsImMiOjEwfQ%3D%3D&pageName=adfba30c52355c5b1631
Itbayat,Batanes,20.7833,121.8333,1991,4,Apr,MAM,Dry Season,2554.7,22.7,1991-04-01,https://app.powerbi.com/view?r=eyJrIjoiOTJkN2U4MjUtYWE1Ny00NzA4LWExMzctMDBiYjQ2NjZiZWVjIiwidCI6ImJkMDNhNzM1LTJhYTMtNGNjYS05NzIyLTJhZTQ5MjlhYjNlYyIsImMiOjEwfQ%3D%3D&pageName=adfba30c52355c5b1631
Itbayat,Batanes,20.7833,121.8333,1991,5,May,MAM,Wet Season,2554.7,6,1991-05-01,https://app.powerbi.com/view?r=eyJrIjoiOTJkN2U4MjUtYWE1Ny00NzA4LWExMzctMDBiYjQ2NjZiZWVjIiwidCI6ImJkMDNhNzM1LTJhYTMtNGNjYS05NzIyLTJhZTQ5MjlhYjNlYyIsImMiOjEwfQ%3D%3D&pageName=adfba30c52355c5b1631
Itbayat,Batanes,20.7833,121.8333,1991,6,Jun,JJA,Wet Season,2554.7,178.4,1991-06-01,https://app.powerbi.com/view?r=eyJrIjoiOTJkN2U4MjUtYWE1Ny00NzA4LWExMzctMDBiYjQ2NjZiZWVjIiwidCI6ImJkMDNhNzM1LTJhYTMtNGNjYS05NzIyLTJhZTQ5MjlhYjNlYyIsImMiOjEwfQ%3D%3D&pageName=adfba30c52355c5b1631
Itbayat,Batanes,20.7833,121.8333,1991,7,Jul,JJA,Wet Season,2554.7,405.9,1991-07-01,https://app.powerbi.com/view?r=eyJrIjoiOTJkN2U4MjUtYWE1Ny00NzA4LWExMzctMDBiYjQ2NjZiZWVjIiwidCI6ImJkMDNhNzM1LTJhYTMtNGNjYS05NzIyLTJhZTQ5MjlhYjNlYyIsImMiOjEwfQ%3D%3D&pageName=adfba30c52355c5b1631
Itbayat,Batanes,20.7833,121.8333,1991,8,Aug,JJA,Wet Season,2554.7,369.2,1991-08-01,https://app.powerbi.com/view?r=eyJrIjoiOTJkN2U4MjUtYWE1Ny00NzA4LWExMzctMDBiYjQ2NjZiZWVjIiwidCI6ImJkMDNhNzM1LTJhYTMtNGNjYS05NzIyLTJhZTQ5MjlhYjNlYyIsImMiOjEwfQ%3D%3D&pageName=adfba30c52355c5b1631
Itbayat,Batanes,20.7833,121.8333,1991,9,Sep,SON,Wet Season,2554.7,289.5,1991-09-01,https://app.powerbi.com/view?r=eyJrIjoiOTJkN2U4MjUtYWE1Ny00NzA4LWExMzctMDBiYjQ2NjZiZWVjIiwidCI6ImJkMDNhNzM1LTJhYTMtNGNjYS05NzIyLTJhZTQ5MjlhYjNlYyIsImMiOjEwfQ%3D%3D&pageName=adfba30c52355c5b1631
Itbayat,Batanes,20.7833,121.8333,1991,10,Oct,SON,Wet Season,2554.7,372.9,1991-10-01,https://app.powerbi.com/view?r=eyJrIjoiOTJkN2U4MjUtYWE1Ny00NzA4LWExMzctMDBiYjQ2NjZiZWVjIiwidCI6ImJkMDNhNzM1LTJhYTMtNGNjYS05NzIyLTJhZTQ5MjlhYjNlYyIsImMiOjEwfQ%3D%3D&pageName=adfba30c52355c5b1631
Itbayat,Batanes,20.7833,121.8333,1991,11,Nov,SON,Dry Season,2554.7,265.1,1991-11-01,https://app.powerbi.com/view?r=eyJrIjoiOTJkN2U4MjUtYWE1Ny00NzA4LWExMzctMDBiYjQ2NjZiZWVjIiwidCI6ImJkMDNhNzM1LTJhYTMtNGNjYS05NzIyLTJhZTQ5MjlhYjNlYyIsImMiOjEwfQ%3D%3D&pageName=adfba30c52355c5b1631
Itbayat,Batanes,20.7833,121.8333,1991,12,Dec,DJF,Dry Season,2554.7,117.9,1991-12-01,https://app.powerbi.com/view?r=eyJrIjoiOTJkN2U4MjUtYWE1Ny00NzA4LWExMzctMDBiYjQ2NjZiZWVjIiwidCI6ImJkMDNhNzM1LTJhYTMtNGNjYS05NzIyLTJhZTQ5MjlhYjNlYyIsImMiOjEwfQ%3D%3D&pageName=adfba30c52355c5b1631
Itbayat,Batanes,20.7833,121.8333,1992,1,Jan,DJF,Dry Season,2423.3,142.7,1992-01-01,https://app.powerbi.com/view?r=eyJrIjoiOTJkN2U4MjUtYWE1Ny00NzA4LWExMzctMDBiYjQ2NjZiZWVjIiwidCI6ImJkMDNhNzM1LTJhYTMtNGNjYS05NzIyLTJhZTQ5MjlhYjNlYyIsImMiOjEwfQ%3D%3D&pageName=adfba30c52355c5b1631
Itbayat,Batanes,20.7833,121.8333,1992,2,Feb,DJF,Dry Season,2423.3,40.6,1992-02-01,https://app.powerbi.com/view?r=eyJrIjoiOTJkN2U4MjUtYWE1Ny00NzA4LWExMzctMDBiYjQ2NjZiZWVjIiwidCI6ImJkMDNhNzM1LTJhYTMtNGNjYS05NzIyLTJhZTQ5MjlhYjNlYyIsImMiOjEwfQ%3D%3D&pageName=adfba30c52355c5b1631
Itbayat,Batanes,20.7833,121.8333,1992,3,Mar,MAM,Dry Season,2423.3,53.5,1992-03-01,https://app.powerbi.com/view?r=eyJrIjoiOTJkN2U4MjUtYWE1Ny00NzA4LWExMzctMDBiYjQ2NjZiZWVjIiwidCI6ImJkMDNhNzM1LTJhYTMtNGNjYS05NzIyLTJhZTQ5MjlhYjNlYyIsImMiOjEwfQ%3D%3D&pageName=adfba30c52355c5b1631
Itbayat,Batanes,20.7833,121.8333,1992,4,Apr,MAM,Dry Season,2423.3,31.5,1992-04-01,https://app.powerbi.com/view?r=eyJrIjoiOTJkN2U4MjUtYWE1Ny00NzA4LWExMzctMDBiYjQ2NjZiZWVjIiwidCI6ImJkMDNhNzM1LTJhYTMtNGNjYS05NzIyLTJhZTQ5MjlhYjNlYyIsImMiOjEwfQ%3D%3D&pageName=adfba30c52355c5b1631
Itbayat,Batanes,20.7833,121.8333,1992,5,May,MAM,Wet Season,2423.3,202.1,1992-05-01,https://app.powerbi.com/view?r=eyJrIjoiOTJkN2U4MjUtYWE1Ny00NzA4LWExMzctMDBiYjQ2NjZiZWVjIiwidCI6ImJkMDNhNzM1LTJhYTMtNGNjYS05NzIyLTJhZTQ5MjlhYjNlYyIsImMiOjEwfQ%3D%3D&pageName=adfba30c52355c5b1631
Itbayat,Batanes,20.7833,121.8333,1992,6,Jun,JJA,Wet Season,2423.3,125.4,1992-06-01,https://app.powerbi.com/view?r=eyJrIjoiOTJkN2U4MjUtYWE1Ny00NzA4LWExMzctMDBiYjQ2NjZiZWVjIiwidCI6ImJkMDNhNzM1LTJhYTMtNGNjYS05NzIyLTJhZTQ5MjlhYjNlYyIsImMiOjEwfQ%3D%3D&pageName=adfba30c52355c5b1631
Itbayat,Batanes,20.7833,121.8333,1992,7,Jul,JJA,Wet Season,2423.3,131.4,1992-07-01,https://app.powerbi.com/view?r=eyJrIjoiOTJkN2U4MjUtYWE1Ny00NzA4LWExMzctMDBiYjQ2NjZiZWVjIiwidCI6ImJkMDNhNzM1LTJhYTMtNGNjYS05NzIyLTJhZTQ5MjlhYjNlYyIsImMiOjEwfQ%3D%3D&pageName=adfba30c52355c5b1631
Itbayat,Batanes,20.7833,121.8333,1992,8,Aug,JJA,Wet Season,2423.3,585,1992-08-01,https://app.powerbi.com/view?r=eyJrIjoiOTJkN2U4MjUtYWE1Ny00NzA4LWExMzctMDBiYjQ2NjZiZWVjIiwidCI6ImJkMDNhNzM1LTJhYTMtNGNjYS05NzIyLTJhZTQ5MjlhYjNlYyIsImMiOjEwfQ%3D%3D&pageName=adfba30c52355c5b1631
Itbayat,Batanes,20.7833,121.8333,1992,9,Sep,SON,Wet Season,2423.3,584.9,1992-09-01,https://app.powerbi.com/view?r=eyJrIjoiOTJkN2U4MjUtYWE1Ny00NzA4LWExMzctMDBiYjQ2NjZiZWVjIiwidCI6ImJkMDNhNzM1LTJhYTMtNGNjYS05NzIyLTJhZTQ5MjlhYjNlYyIsImMiOjEwfQ%3D%3D&pageName=adfba30c52355c5b1631
Itbayat,Batanes,20.7833,121.8333,1992,10,Oct,SON,Wet Season,2423.3,240.9,1992-10-01,https://app.powerbi.com/view?r=eyJrIjoiOTJkN2U4MjUtYWE1Ny00NzA4LWExMzctMDBiYjQ2NjZiZWVjIiwidCI6ImJkMDNhNzM1LTJhYTMtNGNjYS05NzIyLTJhZTQ5MjlhYjNlYyIsImMiOjEwfQ%3D%3D&pageName=adfba30c52355c5b1631
Itbayat,Batanes,20.7833,121.8333,1992,11,Nov,SON,Dry Season,2423.3,64.8,1992-11-01,https://app.powerbi.com/view?r=eyJrIjoiOTJkN2U4MjUtYWE1Ny00NzA4LWExMzctMDBiYjQ2NjZiZWVjIiwidCI6ImJkMDNhNzM1LTJhYTMtNGNjYS05NzIyLTJhZTQ5MjlhYjNlYyIsImMiOjEwfQ%3D%3D&pageName=adfba30c52355c5b1631
Itbayat,Batanes,20.7833,121.8333,1992,12,Dec,DJF,Dry Season,2423.3,220.5,1992-12-01,https://app.powerbi.com/view?r=eyJrIjoiOTJkN2U4MjUtYWE1Ny00NzA4LWExMzctMDBiYjQ2NjZiZWVjIiwidCI6ImJkMDNhNzM1LTJhYTMtNGNjYS05NzIyLTJhZTQ5MjlhYjNlYyIsImMiOjEwfQ%3D%3D&pageName=adfba30c52355c5b1631
Itbayat,Batanes,20.7833,121.8333,1993,1,Jan,DJF,Dry Season,1999.2,163.2,1993-01-01,https://app.powerbi.com/view?r=eyJrIjoiOTJkN2U4MjUtYWE1Ny00NzA4LWExMzctMDBiYjQ2NjZiZWVjIiwidCI6ImJkMDNhNzM1LTJhYTMtNGNjYS05NzIyLTJhZTQ5MjlhYjNlYyIsImMiOjEwfQ%3D%3D&pageName=adfba30c52355c5b1631
Itbayat,Batanes,20.7833,121.8333,1993,2,Feb,DJF,Dry Season,1999.2,140.2,1993-02-01,https://app.powerbi.com/view?r=eyJrIjoiOTJkN2U4MjUtYWE1Ny00NzA4LWExMzctMDBiYjQ2NjZiZWVjIiwidCI6ImJkMDNhNzM1LTJhYTMtNGNjYS05NzIyLTJhZTQ5MjlhYjNlYyIsImMiOjEwfQ%3D%3D&pageName=adfba30c52355c5b1631
Itbayat,Batanes,20.7833,121.8333,1993,3,Mar,MAM,Dry Season,1999.2,44.7,1993-03-01,https://app.powerbi.com/view?r=eyJrIjoiOTJkN2U4MjUtYWE1Ny00NzA4LWExMzctMDBiYjQ2NjZiZWVjIiwidCI6ImJkMDNhNzM1LTJhYTMtNGNjYS05NzIyLTJhZTQ5MjlhYjNlYyIsImMiOjEwfQ%3D%3D&pageName=adfba30c52355c5b1631
Itbayat,Batanes,20.7833,121.8333,1993,4,Apr,MAM,Dry Season,1999.2,18.1,1993-04-01,https://app.powerbi.com/view?r=eyJrIjoiOTJkN2U4MjUtYWE1Ny00NzA4LWExMzctMDBiYjQ2NjZiZWVjIiwidCI6ImJkMDNhNzM1LTJhYTMtNGNjYS05NzIyLTJhZTQ5MjlhYjNlYyIsImMiOjEwfQ%3D%3D&pageName=adfba30c52355c5b1631
Itbayat,Batanes,20.7833,121.8333,1993,5,May,MAM,Wet Season,1999.2,129.2,1993-05-01,https://app.powerbi.com/view?r=eyJrIjoiOTJkN2U4MjUtYWE1Ny00NzA4LWExMzctMDBiYjQ2NjZiZWVjIiwidCI6ImJkMDNhNzM1LTJhYTMtNGNjYS05NzIyLTJhZTQ5MjlhYjNlYyIsImMiOjEwfQ%3D%3D&pageName=adfba30c52355c5b1631
Itbayat,Batanes,20.7833,121.8333,1993,6,Jun,JJA,Wet Season,1999.2,29.6,1993-06-01,https://app.powerbi.com/view?r=eyJrIjoiOTJkN2U4MjUtYWE1Ny00NzA4LWExMzctMDBiYjQ2NjZiZWVjIiwidCI6ImJkMDNhNzM1LTJhYTMtNGNjYS05NzIyLTJhZTQ5MjlhYjNlYyIsImMiOjEwfQ%3D%3D&pageName=adfba30c52355c5b1631
Itbayat,Batanes,20.7833,121.8333,1993,7,Jul,JJA,Wet Season,1999.2,68.7,1993-07-01,https://app.powerbi.com/view?r=eyJrIjoiOTJkN2U4MjUtYWE1Ny00NzA4LWExMzctMDBiYjQ2NjZiZWVjIiwidCI6ImJkMDNhNzM1LTJhYTMtNGNjYS05NzIyLTJhZTQ5MjlhYjNlYyIsImMiOjEwfQ%3D%3D&pageName=adfba30c52355c5b1631
Itbayat,Batanes,20.7833,121.8333,1993,8,Aug,JJA,Wet Season,1999.2,152.7,1993-08-01,https://app.powerbi.com/view?r=eyJrIjoiOTJkN2U4MjUtYWE1Ny00NzA4LWExMzctMDBiYjQ2NjZiZWVjIiwidCI6ImJkMDNhNzM1LTJhYTMtNGNjYS05NzIyLTJhZTQ5MjlhYjNlYyIsImMiOjEwfQ%3D%3D&pageName=adfba30c52355c5b1631
Itbayat,Batanes,20.7833,121.8333,1993,9,Sep,SON,Wet Season,1999.2,325.8,1993-09-01,https://app.powerbi.com/view?r=eyJrIjoiOTJkN2U4MjUtYWE1Ny00NzA4LWExMzctMDBiYjQ2NjZiZWVjIiwidCI6ImJkMDNhNzM1LTJhYTMtNGNjYS05NzIyLTJhZTQ5MjlhYjNlYyIsImMiOjEwfQ%3D%3D&pageName=adfba30c52355c5b1631
Itbayat,Batanes,20.7833,121.8333,1993,10,Oct,SON,Wet Season,1999.2,478.4,1993-10-01,https://app.powerbi.com/view?r=eyJrIjoiOTJkN2U4MjUtYWE1Ny00NzA4LWExMzctMDBiYjQ2NjZiZWVjIiwidCI6ImJkMDNhNzM1LTJhYTMtNGNjYS05NzIyLTJhZTQ5MjlhYjNlYyIsImMiOjEwfQ%3D%3D&pageName=adfba30c52355c5b1631
Itbayat,Batanes,20.7833,121.8333,1993,11,Nov,SON,Dry Season,1999.2,295.8,1993-11-01,https://app.powerbi.com/view?r=eyJrIjoiOTJkN2U4MjUtYWE1Ny00NzA4LWExMzctMDBiYjQ2NjZiZWVjIiwidCI6ImJkMDNhNzM1LTJhYTMtNGNjYS05NzIyLTJhZTQ5MjlhYjNlYyIsImMiOjEwfQ%3D%3D&pageName=adfba30c52355c5b1631
Itbayat,Batanes,20.7833,121.8333,1993,12,Dec,DJF,Dry Season,1999.2,152.8,1993-12-01,https://app.powerbi.com/view?r=eyJrIjoiOTJkN2U4MjUtYWE1Ny00NzA4LWExMzctMDBiYjQ2NjZiZWVjIiwidCI6ImJkMDNhNzM1LTJhYTMtNGNjYS05NzIyLTJhZTQ5MjlhYjNlYyIsImMiOjEwfQ%3D%3D&pageName=adfba30c52355c5b1631
Itbayat,Batanes,20.7833,121.8333,1994,1,Jan,DJF,Dry Season,2032,150.9,1994-01-01,https://app.powerbi.com/view?r=eyJrIjoiOTJkN2U4MjUtYWE1Ny00NzA4LWExMzctMDBiYjQ2NjZiZWVjIiwidCI6ImJkMDNhNzM1LTJhYTMtNGNjYS05NzIyLTJhZTQ5MjlhYjNlYyIsImMiOjEwfQ%3D%3D&pageName=adfba30c52355c5b1631
Itbayat,Batanes,20.7833,121.8333,1994,2,Feb,DJF,Dry Season,2032,47.2,1994-02-01,https://app.powerbi.com/view?r=eyJrIjoiOTJkN2U4MjUtYWE1Ny00NzA4LWExMzctMDBiYjQ2NjZiZWVjIiwidCI6ImJkMDNhNzM1LTJhYTMtNGNjYS05NzIyLTJhZTQ5MjlhYjNlYyIsImMiOjEwfQ%3D%3D&pageName=adfba30c52355c5b1631
Itbayat,Batanes,20.7833,121.8333,1994,3,Mar,MAM,Dry Season,2032,39.2,1994-03-01,https://app.powerbi.com/view?r=eyJrIjoiOTJkN2U4MjUtYWE1Ny00NzA4LWExMzctMDBiYjQ2NjZiZWVjIiwidCI6ImJkMDNhNzM1LTJhYTMtNGNjYS05NzIyLTJhZTQ5MjlhYjNlYyIsImMiOjEwfQ%3D%3D&pageName=adfba30c52355c5b1631
Itbayat,Batanes,20.7833,121.8333,1994,4,Apr,MAM,Dry Season,2032,32.2,1994-04-01,https://app.powerbi.com/view?r=eyJrIjoiOTJkN2U4MjUtYWE1Ny00NzA4LWExMzctMDBiYjQ2NjZiZWVjIiwidCI6ImJkMDNhNzM1LTJhYTMtNGNjYS05NzIyLTJhZTQ5MjlhYjNlYyIsImMiOjEwfQ%3D%3D&pageName=adfba30c52355c5b1631
Itbayat,Batanes,20.7833,121.8333,1994,5,May,MAM,Wet Season,2032,246.1,1994-05-01,https://app.powerbi.com/view?r=eyJrIjoiOTJkN2U4MjUtYWE1Ny00NzA4LWExMzctMDBiYjQ2NjZiZWVjIiwidCI6ImJkMDNhNzM1LTJhYTMtNGNjYS05NzIyLTJhZTQ5MjlhYjNlYyIsImMiOjEwfQ%3D%3D&pageName=adfba30c52355c5b1631
Itbayat,Batanes,20.7833,121.8333,1994,6,Jun,JJA,Wet Season,2032,265.3,1994-06-01,https://app.powerbi.com/view?r=eyJrIjoiOTJkN2U4MjUtYWE1Ny00NzA4LWExMzctMDBiYjQ2NjZiZWVjIiwidCI6ImJkMDNhNzM1LTJhYTMtNGNjYS05NzIyLTJhZTQ5MjlhYjNlYyIsImMiOjEwfQ%3D%3D&pageName=adfba30c52355c5b1631
Itbayat,Batanes,20.7833,121.8333,1994,7,Jul,JJA,Wet Season,2032,299,1994-07-01,https://app.powerbi.com/view?r=eyJrIjoiOTJkN2U4MjUtYWE1Ny00NzA4LWExMzctMDBiYjQ2NjZiZWVjIiwidCI6ImJkMDNhNzM1LTJhYTMtNGNjYS05NzIyLTJhZTQ5MjlhYjNlYyIsImMiOjEwfQ%3D%3D&pageName=adfba30c52355c5b1631
Itbayat,Batanes,20.7833,121.8333,1994,8,Aug,JJA,Wet Season,2032,576.2,1994-08-01,https://app.powerbi.com/view?r=eyJrIjoiOTJkN2U4MjUtYWE1Ny00NzA4LWExMzctMDBiYjQ2NjZiZWVjIiwidCI6ImJkMDNhNzM1LTJhYTMtNGNjYS05NzIyLTJhZTQ5MjlhYjNlYyIsImMiOjEwfQ%3D%3D&pageName=adfba30c52355c5b1631
Itbayat,Batanes,20.7833,121.8333,1994,9,Sep,SON,Wet Season,2032,96.6,1994-09-01,https://app.powerbi.com/view?r=eyJrIjoiOTJkN2U4MjUtYWE1Ny00NzA4LWExMzctMDBiYjQ2NjZiZWVjIiwidCI6ImJkMDNhNzM1LTJhYTMtNGNjYS05NzIyLTJhZTQ5MjlhYjNlYyIsImMiOjEwfQ%3D%3D&pageName=adfba30c52355c5b1631
Itbayat,Batanes,20.7833,121.8333,1994,10,Oct,SON,Wet Season,2032,94.6,1994-10-01,https://app.powerbi.com/view?r=eyJrIjoiOTJkN2U4MjUtYWE1Ny00NzA4LWExMzctMDBiYjQ2NjZiZWVjIiwidCI6ImJkMDNhNzM1LTJhYTMtNGNjYS05NzIyLTJhZTQ5MjlhYjNlYyIsImMiOjEwfQ%3D%3D&pageName=adfba30c52355c5b1631
Itbayat,Batanes,20.7833,121.8333,1994,11,Nov,SON,Dry Season,2032,54.8,1994-11-01,https://app.powerbi.com/view?r=eyJrIjoiOTJkN2U4MjUtYWE1Ny00NzA4LWExMzctMDBiYjQ2NjZiZWVjIiwidCI6ImJkMDNhNzM1LTJhYTMtNGNjYS05NzIyLTJhZTQ5MjlhYjNlYyIsImMiOjEwfQ%3D%3D&pageName=adfba30c52355c5b1631
Itbayat,Batanes,20.7833,121.8333,1994,12,Dec,DJF,Dry Season,2032,129.9,1994-12-01,https://app.powerbi.com/view?r=eyJrIjoiOTJkN2U4MjUtYWE1Ny00NzA4LWExMzctMDBiYjQ2NjZiZWVjIiwidCI6ImJkMDNhNzM1LTJhYTMtNGNjYS05NzIyLTJhZTQ5MjlhYjNlYyIsImMiOjEwfQ%3D%3D&pageName=adfba30c52355c5b1631
Itbayat,Batanes,20.7833,121.8333,1995,1,Jan,DJF,Dry Season,2484.4,36.3,1995-01-01,https://app.powerbi.com/view?r=eyJrIjoiOTJkN2U4MjUtYWE1Ny00NzA4LWExMzctMDBiYjQ2NjZiZWVjIiwidCI6ImJkMDNhNzM1LTJhYTMtNGNjYS05NzIyLTJhZTQ5MjlhYjNlYyIsImMiOjEwfQ%3D%3D&pageName=adfba30c52355c5b1631
Itbayat,Batanes,20.7833,121.8333,1995,2,Feb,DJF,Dry Season,2484.4,111.8,1995-02-01,https://app.powerbi.com/view?r=eyJrIjoiOTJkN2U4MjUtYWE1Ny00NzA4LWExMzctMDBiYjQ2NjZiZWVjIiwidCI6ImJkMDNhNzM1LTJhYTMtNGNjYS05NzIyLTJhZTQ5MjlhYjNlYyIsImMiOjEwfQ%3D%3D&pageName=adfba30c52355c5b1631
Itbayat,Batanes,20.7833,121.8333,1995,3,Mar,MAM,Dry Season,2484.4,65.7,1995-03-01,https://app.powerbi.com/view?r=eyJrIjoiOTJkN2U4MjUtYWE1Ny00NzA4LWExMzctMDBiYjQ2NjZiZWVjIiwidCI6ImJkMDNhNzM1LTJhYTMtNGNjYS05NzIyLTJhZTQ5MjlhYjNlYyIsImMiOjEwfQ%3D%3D&pageName=adfba30c52355c5b1631
Itbayat,Batanes,20.7833,121.8333,1995,4,Apr,MAM,Dry Season,2484.4,2.3,1995-04-01,https://app.powerbi.com/view?r=eyJrIjoiOTJkN2U4MjUtYWE1Ny00NzA4LWExMzctMDBiYjQ2NjZiZWVjIiwidCI6ImJkMDNhNzM1LTJhYTMtNGNjYS05NzIyLTJhZTQ5MjlhYjNlYyIsImMiOjEwfQ%3D%3D&pageName=adfba30c52355c5b1631
Itbayat,Batanes,20.7833,121.8333,1995,5,May,MAM,Wet Season,2484.4,166.5,1995-05-01,https://app.powerbi.com/view?r=eyJrIjoiOTJkN2U4MjUtYWE1Ny00NzA4LWExMzctMDBiYjQ2NjZiZWVjIiwidCI6ImJkMDNhNzM1LTJhYTMtNGNjYS05NzIyLTJhZTQ5MjlhYjNlYyIsImMiOjEwfQ%3D%3D&pageName=adfba30c52355c5b1631
Itbayat,Batanes,20.7833,121.8333,1995,6,Jun,JJA,Wet Season,2484.4,200.3,1995-06-01,https://app.powerbi.com/view?r=eyJrIjoiOTJkN2U4MjUtYWE1Ny00NzA4LWExMzctMDBiYjQ2NjZiZWVjIiwidCI6ImJkMDNhNzM1LTJhYTMtNGNjYS05NzIyLTJhZTQ5MjlhYjNlYyIsImMiOjEwfQ%3D%3D&pageName=adfba30c52355c5b1631
Itbayat,Batanes,20.7833,121.8333,1995,7,Jul,JJA,Wet Season,2484.4,184.4,1995-07-01,https://app.powerbi.com/view?r=eyJrIjoiOTJkN2U4MjUtYWE1Ny00NzA4LWExMzctMDBiYjQ2NjZiZWVjIiwidCI6ImJkMDNhNzM1LTJhYTMtNGNjYS05NzIyLTJhZTQ5MjlhYjNlYyIsImMiOjEwfQ%3D%3D&pageName=adfba30c52355c5b1631
Itbayat,Batanes,20.7833,121.8333,1995,8,Aug,JJA,Wet Season,2484.4,660.3,1995-08-01,https://app.powerbi.com/view?r=eyJrIjoiOTJkN2U4MjUtYWE1Ny00NzA4LWExMzctMDBiYjQ2NjZiZWVjIiwidCI6ImJkMDNhNzM1LTJhYTMtNGNjYS05NzIyLTJhZTQ5MjlhYjNlYyIsImMiOjEwfQ%3D%3D&pageName=adfba30c52355c5b1631
Itbayat,Batanes,20.7833,121.8333,1995,9,Sep,SON,Wet Season,2484.4,471.7,1995-09-01,https://app.powerbi.com/view?r=eyJrIjoiOTJkN2U4MjUtYWE1Ny00NzA4LWExMzctMDBiYjQ2NjZiZWVjIiwidCI6ImJkMDNhNzM1LTJhYTMtNGNjYS05NzIyLTJhZTQ5MjlhYjNlYyIsImMiOjEwfQ%3D%3D&pageName=adfba30c52355c5b1631
Itbayat,Batanes,20.7833,121.8333,1995,10,Oct,SON,Wet Season,2484.4,341.5,1995-10-01,https://app.powerbi.com/view?r=eyJrIjoiOTJkN2U4MjUtYWE1Ny00NzA4LWExMzctMDBiYjQ2NjZiZWVjIiwidCI6ImJkMDNhNzM1LTJhYTMtNGNjYS05NzIyLTJhZTQ5MjlhYjNlYyIsImMiOjEwfQ%3D%3D&pageName=adfba30c52355c5b1631
Itbayat,Batanes,20.7833,121.8333,1995,11,Nov,SON,Dry Season,2484.4,157.5,1995-11-01,https://app.powerbi.com/view?r=eyJrIjoiOTJkN2U4MjUtYWE1Ny00NzA4LWExMzctMDBiYjQ2NjZiZWVjIiwidCI6ImJkMDNhNzM1LTJhYTMtNGNjYS05NzIyLTJhZTQ5MjlhYjNlYyIsImMiOjEwfQ%3D%3D&pageName=adfba30c52355c5b1631
Itbayat,Batanes,20.7833,121.8333,1995,12,Dec,DJF,Dry Season,2484.4,86.1,1995-12-01,https://app.powerbi.com/view?r=eyJrIjoiOTJkN2U4MjUtYWE1Ny00NzA4LWExMzctMDBiYjQ2NjZiZWVjIiwidCI6ImJkMDNhNzM1LTJhYTMtNGNjYS05NzIyLTJhZTQ5MjlhYjNlYyIsImMiOjEwfQ%3D%3D&pageName=adfba30c52355c5b1631
Itbayat,Batanes,20.7833,121.8333,1996,1,Jan,DJF,Dry Season,2467.7,145.3,1996-01-01,https://app.powerbi.com/view?r=eyJrIjoiOTJkN2U4MjUtYWE1Ny00NzA4LWExMzctMDBiYjQ2NjZiZWVjIiwidCI6ImJkMDNhNzM1LTJhYTMtNGNjYS05NzIyLTJhZTQ5MjlhYjNlYyIsImMiOjEwfQ%3D%3D&pageName=adfba30c52355c5b1631
Itbayat,Batanes,20.7833,121.8333,1996,2,Feb,DJF,Dry Season,2467.7,45.6,1996-02-01,https://app.powerbi.com/view?r=eyJrIjoiOTJkN2U4MjUtYWE1Ny00NzA4LWExMzctMDBiYjQ2NjZiZWVjIiwidCI6ImJkMDNhNzM1LTJhYTMtNGNjYS05NzIyLTJhZTQ5MjlhYjNlYyIsImMiOjEwfQ%3D%3D&pageName=adfba30c52355c5b1631
Itbayat,Batanes,20.7833,121.8333,1996,3,Mar,MAM,Dry Season,2467.7,13.1,1996-03-01,https://app.powerbi.com/view?r=eyJrIjoiOTJkN2U4MjUtYWE1Ny00NzA4LWExMzctMDBiYjQ2NjZiZWVjIiwidCI6ImJkMDNhNzM1LTJhYTMtNGNjYS05NzIyLTJhZTQ5MjlhYjNlYyIsImMiOjEwfQ%3D%3D&pageName=adfba30c52355c5b1631
Itbayat,Batanes,20.7833,121.8333,1996,4,Apr,MAM,Dry Season,2467.7,350.4,1996-04-01,https://app.powerbi.com/view?r=eyJrIjoiOTJkN2U4MjUtYWE1Ny00NzA4LWExMzctMDBiYjQ2NjZiZWVjIiwidCI6ImJkMDNhNzM1LTJhYTMtNGNjYS05NzIyLTJhZTQ5MjlhYjNlYyIsImMiOjEwfQ%3D%3D&pageName=adfba30c52355c5b1631
Itbayat,Batanes,20.7833,121.8333,1996,5,May,MAM,Wet Season,2467.7,378.7,1996-05-01,https://app.powerbi.com/view?r=eyJrIjoiOTJkN2U4MjUtYWE1Ny00NzA4LWExMzctMDBiYjQ2NjZiZWVjIiwidCI6ImJkMDNhNzM1LTJhYTMtNGNjYS05NzIyLTJhZTQ5MjlhYjNlYyIsImMiOjEwfQ%3D%3D&pageName=adfba30c52355c5b1631
Itbayat,Batanes,20.7833,121.8333,1996,6,Jun,JJA,Wet Season,2467.7,33.5,1996-06-01,https://app.powerbi.com/view?r=eyJrIjoiOTJkN2U4MjUtYWE1Ny00NzA4LWExMzctMDBiYjQ2NjZiZWVjIiwidCI6ImJkMDNhNzM1LTJhYTMtNGNjYS05NzIyLTJhZTQ5MjlhYjNlYyIsImMiOjEwfQ%3D%3D&pageName=adfba30c52355c5b1631
Itbayat,Batanes,20.7833,121.8333,1996,7,Jul,JJA,Wet Season,2467.7,366.4,1996-07-01,https://app.powerbi.com/view?r=eyJrIjoiOTJkN2U4MjUtYWE1Ny00NzA4LWExMzctMDBiYjQ2NjZiZWVjIiwidCI6ImJkMDNhNzM1LTJhYTMtNGNjYS05NzIyLTJhZTQ5MjlhYjNlYyIsImMiOjEwfQ%3D%3D&pageName=adfba30c52355c5b1631
Itbayat,Batanes,20.7833,121.8333,1996,8,Aug,JJA,Wet Season,2467.7,168.5,1996-08-01,https://app.powerbi.com/view?r=eyJrIjoiOTJkN2U4MjUtYWE1Ny00NzA4LWExMzctMDBiYjQ2NjZiZWVjIiwidCI6ImJkMDNhNzM1LTJhYTMtNGNjYS05NzIyLTJhZTQ5MjlhYjNlYyIsImMiOjEwfQ%3D%3D&pageName=adfba30c52355c5b1631
Itbayat,Batanes,20.7833,121.8333,1996,9,Sep,SON,Wet Season,2467.7,245.6,1996-09-01,https://app.powerbi.com/view?r=eyJrIjoiOTJkN2U4MjUtYWE1Ny00NzA4LWExMzctMDBiYjQ2NjZiZWVjIiwidCI6ImJkMDNhNzM1LTJhYTMtNGNjYS05NzIyLTJhZTQ5MjlhYjNlYyIsImMiOjEwfQ%3D%3D&pageName=adfba30c52355c5b1631
Itbayat,Batanes,20.7833,121.8333,1996,10,Oct,SON,Wet Season,2467.7,314.9,1996-10-01,https://app.powerbi.com/view?r=eyJrIjoiOTJkN2U4MjUtYWE1Ny00NzA4LWExMzctMDBiYjQ2NjZiZWVjIiwidCI6ImJkMDNhNzM1LTJhYTMtNGNjYS05NzIyLTJhZTQ5MjlhYjNlYyIsImMiOjEwfQ%3D%3D&pageName=adfba30c52355c5b1631
Itbayat,Batanes,20.7833,121.8333,1996,11,Nov,SON,Dry Season,2467.7,319.7,1996-11-01,https://app.powerbi.com/view?r=eyJrIjoiOTJkN2U4MjUtYWE1Ny00NzA4LWExMzctMDBiYjQ2NjZiZWVjIiwidCI6ImJkMDNhNzM1LTJhYTMtNGNjYS05NzIyLTJhZTQ5MjlhYjNlYyIsImMiOjEwfQ%3D%3D&pageName=adfba30c52355c5b1631
Itbayat,Batanes,20.7833,121.8333,1996,12,Dec,DJF,Dry Season,2467.7,86,1996-12-01,https://app.powerbi.com/view?r=eyJrIjoiOTJkN2U4MjUtYWE1Ny00NzA4LWExMzctMDBiYjQ2NjZiZWVjIiwidCI6ImJkMDNhNzM1LTJhYTMtNGNjYS05NzIyLTJhZTQ5MjlhYjNlYyIsImMiOjEwfQ%3D%3D&pageName=adfba30c52355c5b1631
Itbayat,Batanes,20.7833,121.8333,1997,1,Jan,DJF,Dry Season,1883.4,226.9,1997-01-01,https://app.powerbi.com/view?r=eyJrIjoiOTJkN2U4MjUtYWE1Ny00NzA4LWExMzctMDBiYjQ2NjZiZWVjIiwidCI6ImJkMDNhNzM1LTJhYTMtNGNjYS05NzIyLTJhZTQ5MjlhYjNlYyIsImMiOjEwfQ%3D%3D&pageName=adfba30c52355c5b1631
Itbayat,Batanes,20.7833,121.8333,1997,2,Feb,DJF,Dry Season,1883.4,59.7,1997-02-01,https://app.powerbi.com/view?r=eyJrIjoiOTJkN2U4MjUtYWE1Ny00NzA4LWExMzctMDBiYjQ2NjZiZWVjIiwidCI6ImJkMDNhNzM1LTJhYTMtNGNjYS05NzIyLTJhZTQ5MjlhYjNlYyIsImMiOjEwfQ%3D%3D&pageName=adfba30c52355c5b1631
Itbayat,Batanes,20.7833,121.8333,1997,3,Mar,MAM,Dry Season,1883.4,102.8,1997-03-01,https://app.powerbi.com/view?r=eyJrIjoiOTJkN2U4MjUtYWE1Ny00NzA4LWExMzctMDBiYjQ2NjZiZWVjIiwidCI6ImJkMDNhNzM1LTJhYTMtNGNjYS05NzIyLTJhZTQ5MjlhYjNlYyIsImMiOjEwfQ%3D%3D&pageName=adfba30c52355c5b1631
Itbayat,Batanes,20.7833,121.8333,1997,4,Apr,MAM,Dry Season,1883.4,10,1997-04-01,https://app.powerbi.com/view?r=eyJrIjoiOTJkN2U4MjUtYWE1Ny00NzA4LWExMzctMDBiYjQ2NjZiZWVjIiwidCI6ImJkMDNhNzM1LTJhYTMtNGNjYS05NzIyLTJhZTQ5MjlhYjNlYyIsImMiOjEwfQ%3D%3D&pageName=adfba30c52355c5b1631
Itbayat,Batanes,20.7833,121.8333,1997,5,May,MAM,Wet Season,1883.4,175.4,1997-05-01,https://app.powerbi.com/view?r=eyJrIjoiOTJkN2U4MjUtYWE1Ny00NzA4LWExMzctMDBiYjQ2NjZiZWVjIiwidCI6ImJkMDNhNzM1LTJhYTMtNGNjYS05NzIyLTJhZTQ5MjlhYjNlYyIsImMiOjEwfQ%3D%3D&pageName=adfba30c52355c5b1631
Itbayat,Batanes,20.7833,121.8333,1997,6,Jun,JJA,Wet Season,1883.4,342.3,1997-06-01,https://app.powerbi.com/view?r=eyJrIjoiOTJkN2U4MjUtYWE1Ny00NzA4LWExMzctMDBiYjQ2NjZiZWVjIiwidCI6ImJkMDNhNzM1LTJhYTMtNGNjYS05NzIyLTJhZTQ5MjlhYjNlYyIsImMiOjEwfQ%3D%3D&pageName=adfba30c52355c5b1631
Itbayat,Batanes,20.7833,121.8333,1997,7,Jul,JJA,Wet Season,1883.4,118.8,1997-07-01,https://app.powerbi.com/view?r=eyJrIjoiOTJkN2U4MjUtYWE1Ny00NzA4LWExMzctMDBiYjQ2NjZiZWVjIiwidCI6ImJkMDNhNzM1LTJhYTMtNGNjYS05NzIyLTJhZTQ5MjlhYjNlYyIsImMiOjEwfQ%3D%3D&pageName=adfba30c52355c5b1631
Itbayat,Batanes,20.7833,121.8333,1997,8,Aug,JJA,Wet Season,1883.4,313.1,1997-08-01,https://app.powerbi.com/view?r=eyJrIjoiOTJkN2U4MjUtYWE1Ny00NzA4LWExMzctMDBiYjQ2NjZiZWVjIiwidCI6ImJkMDNhNzM1LTJhYTMtNGNjYS05NzIyLTJhZTQ5MjlhYjNlYyIsImMiOjEwfQ%3D%3D&pageName=adfba30c52355c5b1631
Itbayat,Batanes,20.7833,121.8333,1997,9,Sep,SON,Wet Season,1883.4,51.9,1997-09-01,https://app.powerbi.com/view?r=eyJrIjoiOTJkN2U4MjUtYWE1Ny00NzA4LWExMzctMDBiYjQ2NjZiZWVjIiwidCI6ImJkMDNhNzM1LTJhYTMtNGNjYS05NzIyLTJhZTQ5MjlhYjNlYyIsImMiOjEwfQ%3D%3D&pageName=adfba30c52355c5b1631
Itbayat,Batanes,20.7833,121.8333,1997,10,Oct,SON,Wet Season,1883.4,264.9,1997-10-01,https://app.powerbi.com/view?r=eyJrIjoiOTJkN2U4MjUtYWE1Ny00NzA4LWExMzctMDBiYjQ2NjZiZWVjIiwidCI6ImJkMDNhNzM1LTJhYTMtNGNjYS05NzIyLTJhZTQ5MjlhYjNlYyIsImMiOjEwfQ%3D%3D&pageName=adfba30c52355c5b1631
Itbayat,Batanes,20.7833,121.8333,1997,11,Nov,SON,Dry Season,1883.4,58.7,1997-11-01,https://app.powerbi.com/view?r=eyJrIjoiOTJkN2U4MjUtYWE1Ny00NzA4LWExMzctMDBiYjQ2NjZiZWVjIiwidCI6ImJkMDNhNzM1LTJhYTMtNGNjYS05NzIyLTJhZTQ5MjlhYjNlYyIsImMiOjEwfQ%3D%3D&pageName=adfba30c52355c5b1631
Itbayat,Batanes,20.7833,121.8333,1997,12,Dec,DJF,Dry Season,1883.4,158.9,1997-12-01,https://app.powerbi.com/view?r=eyJrIjoiOTJkN2U4MjUtYWE1Ny00NzA4LWExMzctMDBiYjQ2NjZiZWVjIiwidCI6ImJkMDNhNzM1LTJhYTMtNGNjYS05NzIyLTJhZTQ5MjlhYjNlYyIsImMiOjEwfQ%3D%3D&pageName=adfba30c52355c5b1631
Itbayat,Batanes,20.7833,121.8333,1998,1,Jan,DJF,Dry Season,3194.5,56.8,1998-01-01,https://app.powerbi.com/view?r=eyJrIjoiOTJkN2U4MjUtYWE1Ny00NzA4LWExMzctMDBiYjQ2NjZiZWVjIiwidCI6ImJkMDNhNzM1LTJhYTMtNGNjYS05NzIyLTJhZTQ5MjlhYjNlYyIsImMiOjEwfQ%3D%3D&pageName=adfba30c52355c5b1631
Itbayat,Batanes,20.7833,121.8333,1998,2,Feb,DJF,Dry Season,3194.5,20.3,1998-02-01,https://app.powerbi.com/view?r=eyJrIjoiOTJkN2U4MjUtYWE1Ny00NzA4LWExMzctMDBiYjQ2NjZiZWVjIiwidCI6ImJkMDNhNzM1LTJhYTMtNGNjYS05NzIyLTJhZTQ5MjlhYjNlYyIsImMiOjEwfQ%3D%3D&pageName=adfba30c52355c5b1631
Itbayat,Batanes,20.7833,121.8333,1998,3,Mar,MAM,Dry Season,3194.5,70.6,1998-03-01,https://app.powerbi.com/view?r=eyJrIjoiOTJkN2U4MjUtYWE1Ny00NzA4LWExMzctMDBiYjQ2NjZiZWVjIiwidCI6ImJkMDNhNzM1LTJhYTMtNGNjYS05NzIyLTJhZTQ5MjlhYjNlYyIsImMiOjEwfQ%3D%3D&pageName=adfba30c52355c5b1631
Itbayat,Batanes,20.7833,121.8333,1998,4,Apr,MAM,Dry Season,3194.5,97.5,1998-04-01,https://app.powerbi.com/view?r=eyJrIjoiOTJkN2U4MjUtYWE1Ny00NzA4LWExMzctMDBiYjQ2NjZiZWVjIiwidCI6ImJkMDNhNzM1LTJhYTMtNGNjYS05NzIyLTJhZTQ5MjlhYjNlYyIsImMiOjEwfQ%3D%3D&pageName=adfba30c52355c5b1631
Itbayat,Batanes,20.7833,121.8333,1998,5,May,MAM,Wet Season,3194.5,98.2,1998-05-01,https://app.powerbi.com/view?r=eyJrIjoiOTJkN2U4MjUtYWE1Ny00NzA4LWExMzctMDBiYjQ2NjZiZWVjIiwidCI6ImJkMDNhNzM1LTJhYTMtNGNjYS05NzIyLTJhZTQ5MjlhYjNlYyIsImMiOjEwfQ%3D%3D&pageName=adfba30c52355c5b1631
Itbayat,Batanes,20.7833,121.8333,1998,6,Jun,JJA,Wet Season,3194.5,361.1,1998-06-01,https://app.powerbi.com/view?r=eyJrIjoiOTJkN2U4MjUtYWE1Ny00NzA4LWExMzctMDBiYjQ2NjZiZWVjIiwidCI6ImJkMDNhNzM1LTJhYTMtNGNjYS05NzIyLTJhZTQ5MjlhYjNlYyIsImMiOjEwfQ%3D%3D&pageName=adfba30c52355c5b1631
Itbayat,Batanes,20.7833,121.8333,1998,7,Jul,JJA,Wet Season,3194.5,264.3,1998-07-01,https://app.powerbi.com/view?r=eyJrIjoiOTJkN2U4MjUtYWE1Ny00NzA4LWExMzctMDBiYjQ2NjZiZWVjIiwidCI6ImJkMDNhNzM1LTJhYTMtNGNjYS05NzIyLTJhZTQ5MjlhYjNlYyIsImMiOjEwfQ%3D%3D&pageName=adfba30c52355c5b1631
Itbayat,Batanes,20.7833,121.8333,1998,8,Aug,JJA,Wet Season,3194.5,256.5,1998-08-01,https://app.powerbi.com/view?r=eyJrIjoiOTJkN2U4MjUtYWE1Ny00NzA4LWExMzctMDBiYjQ2NjZiZWVjIiwidCI6ImJkMDNhNzM1LTJhYTMtNGNjYS05NzIyLTJhZTQ5MjlhYjNlYyIsImMiOjEwfQ%3D%3D&pageName=adfba30c52355c5b1631
Itbayat,Batanes,20.7833,121.8333,1998,9,Sep,SON,Wet Season,3194.5,457.3,1998-09-01,https://app.powerbi.com/view?r=eyJrIjoiOTJkN2U4MjUtYWE1Ny00NzA4LWExMzctMDBiYjQ2NjZiZWVjIiwidCI6ImJkMDNhNzM1LTJhYTMtNGNjYS05NzIyLTJhZTQ5MjlhYjNlYyIsImMiOjEwfQ%3D%3D&pageName=adfba30c52355c5b1631
Itbayat,Batanes,20.7833,121.8333,1998,10,Oct,SON,Wet Season,3194.5,605.7,1998-10-01,https://app.powerbi.com/view?r=eyJrIjoiOTJkN2U4MjUtYWE1Ny00NzA4LWExMzctMDBiYjQ2NjZiZWVjIiwidCI6ImJkMDNhNzM1LTJhYTMtNGNjYS05NzIyLTJhZTQ5MjlhYjNlYyIsImMiOjEwfQ%3D%3D&pageName=adfba30c52355c5b1631
Itbayat,Batanes,20.7833,121.8333,1998,11,Nov,SON,Dry Season,3194.5,801.5,1998-11-01,https://app.powerbi.com/view?r=eyJrIjoiOTJkN2U4MjUtYWE1Ny00NzA4LWExMzctMDBiYjQ2NjZiZWVjIiwidCI6ImJkMDNhNzM1LTJhYTMtNGNjYS05NzIyLTJhZTQ5MjlhYjNlYyIsImMiOjEwfQ%3D%3D&pageName=adfba30c52355c5b1631
Itbayat,Batanes,20.7833,121.8333,1998,12,Dec,DJF,Dry Season,3194.5,104.7,1998-12-01,https://app.powerbi.com/view?r=eyJrIjoiOTJkN2U4MjUtYWE1Ny00NzA4LWExMzctMDBiYjQ2NjZiZWVjIiwidCI6ImJkMDNhNzM1LTJhYTMtNGNjYS05NzIyLTJhZTQ5MjlhYjNlYyIsImMiOjEwfQ%3D%3D&pageName=adfba30c52355c5b1631
Itbayat,Batanes,20.7833,121.8333,1999,1,Jan,DJF,Dry Season,2660.3,84.6,1999-01-01,https://app.powerbi.com/view?r=eyJrIjoiOTJkN2U4MjUtYWE1Ny00NzA4LWExMzctMDBiYjQ2NjZiZWVjIiwidCI6ImJkMDNhNzM1LTJhYTMtNGNjYS05NzIyLTJhZTQ5MjlhYjNlYyIsImMiOjEwfQ%3D%3D&pageName=adfba30c52355c5b1631
Itbayat,Batanes,20.7833,121.8333,1999,2,Feb,DJF,Dry Season,2660.3,112.7,1999-02-01,https://app.powerbi.com/view?r=eyJrIjoiOTJkN2U4MjUtYWE1Ny00NzA4LWExMzctMDBiYjQ2NjZiZWVjIiwidCI6ImJkMDNhNzM1LTJhYTMtNGNjYS05NzIyLTJhZTQ5MjlhYjNlYyIsImMiOjEwfQ%3D%3D&pageName=adfba30c52355c5b1631
Itbayat,Batanes,20.7833,121.8333,1999,3,Mar,MAM,Dry Season,2660.3,123,1999-03-01,https://app.powerbi.com/view?r=eyJrIjoiOTJkN2U4MjUtYWE1Ny00NzA4LWExMzctMDBiYjQ2NjZiZWVjIiwidCI6ImJkMDNhNzM1LTJhYTMtNGNjYS05NzIyLTJhZTQ5MjlhYjNlYyIsImMiOjEwfQ%3D%3D&pageName=adfba30c52355c5b1631
Itbayat,Batanes,20.7833,121.8333,1999,4,Apr,MAM,Dry Season,2660.3,63.4,1999-04-01,https://app.powerbi.com/view?r=eyJrIjoiOTJkN2U4MjUtYWE1Ny00NzA4LWExMzctMDBiYjQ2NjZiZWVjIiwidCI6ImJkMDNhNzM1LTJhYTMtNGNjYS05NzIyLTJhZTQ5MjlhYjNlYyIsImMiOjEwfQ%3D%3D&pageName=adfba30c52355c5b1631
Itbayat,Batanes,20.7833,121.8333,1999,5,May,MAM,Wet Season,2660.3,150,1999-05-01,https://app.powerbi.com/view?r=eyJrIjoiOTJkN2U4MjUtYWE1Ny00NzA4LWExMzctMDBiYjQ2NjZiZWVjIiwidCI6ImJkMDNhNzM1LTJhYTMtNGNjYS05NzIyLTJhZTQ5MjlhYjNlYyIsImMiOjEwfQ%3D%3D&pageName=adfba30c52355c5b1631
Itbayat,Batanes,20.7833,121.8333,1999,6,Jun,JJA,Wet Season,2660.3,176.6,1999-06-01,https://app.powerbi.com/view?r=eyJrIjoiOTJkN2U4MjUtYWE1Ny00NzA4LWExMzctMDBiYjQ2NjZiZWVjIiwidCI6ImJkMDNhNzM1LTJhYTMtNGNjYS05NzIyLTJhZTQ5MjlhYjNlYyIsImMiOjEwfQ%3D%3D&pageName=adfba30c52355c5b1631
Itbayat,Batanes,20.7833,121.8333,1999,7,Jul,JJA,Wet Season,2660.3,399.8,1999-07-01,https://app.powerbi.com/view?r=eyJrIjoiOTJkN2U4MjUtYWE1Ny00NzA4LWExMzctMDBiYjQ2NjZiZWVjIiwidCI6ImJkMDNhNzM1LTJhYTMtNGNjYS05NzIyLTJhZTQ5MjlhYjNlYyIsImMiOjEwfQ%3D%3D&pageName=adfba30c52355c5b1631
Itbayat,Batanes,20.7833,121.8333,1999,8,Aug,JJA,Wet Season,2660.3,323.3,1999-08-01,https://app.powerbi.com/view?r=eyJrIjoiOTJkN2U4MjUtYWE1Ny00NzA4LWExMzctMDBiYjQ2NjZiZWVjIiwidCI6ImJkMDNhNzM1LTJhYTMtNGNjYS05NzIyLTJhZTQ5MjlhYjNlYyIsImMiOjEwfQ%3D%3D&pageName=adfba30c52355c5b1631
Itbayat,Batanes,20.7833,121.8333,1999,9,Sep,SON,Wet Season,2660.3,292.6,1999-09-01,https://app.powerbi.com/view?r=eyJrIjoiOTJkN2U4MjUtYWE1Ny00NzA4LWExMzctMDBiYjQ2NjZiZWVjIiwidCI6ImJkMDNhNzM1LTJhYTMtNGNjYS05NzIyLTJhZTQ5MjlhYjNlYyIsImMiOjEwfQ%3D%3D&pageName=adfba30c52355c5b1631
Itbayat,Batanes,20.7833,121.8333,1999,10,Oct,SON,Wet Season,2660.3,411.5,1999-10-01,https://app.powerbi.com/view?r=eyJrIjoiOTJkN2U4MjUtYWE1Ny00NzA4LWExMzctMDBiYjQ2NjZiZWVjIiwidCI6ImJkMDNhNzM1LTJhYTMtNGNjYS05NzIyLTJhZTQ5MjlhYjNlYyIsImMiOjEwfQ%3D%3D&pageName=adfba30c52355c5b1631
Itbayat,Batanes,20.7833,121.8333,1999,11,Nov,SON,Dry Season,2660.3,141.9,1999-11-01,https://app.powerbi.com/view?r=eyJrIjoiOTJkN2U4MjUtYWE1Ny00NzA4LWExMzctMDBiYjQ2NjZiZWVjIiwidCI6ImJkMDNhNzM1LTJhYTMtNGNjYS05NzIyLTJhZTQ5MjlhYjNlYyIsImMiOjEwfQ%3D%3D&pageName=adfba30c52355c5b1631
Itbayat,Batanes,20.7833,121.8333,1999,12,Dec,DJF,Dry Season,2660.3,380.9,1999-12-01,https://app.powerbi.com/view?r=eyJrIjoiOTJkN2U4MjUtYWE1Ny00NzA4LWExMzctMDBiYjQ2NjZiZWVjIiwidCI6ImJkMDNhNzM1LTJhYTMtNGNjYS05NzIyLTJhZTQ5MjlhYjNlYyIsImMiOjEwfQ%3D%3D&pageName=adfba30c52355c5b1631
Itbayat,Batanes,20.7833,121.8333,2000,1,Jan,DJF,Dry Season,2831.4,127.5,2000-01-01,https://app.powerbi.com/view?r=eyJrIjoiOTJkN2U4MjUtYWE1Ny00NzA4LWExMzctMDBiYjQ2NjZiZWVjIiwidCI6ImJkMDNhNzM1LTJhYTMtNGNjYS05NzIyLTJhZTQ5MjlhYjNlYyIsImMiOjEwfQ%3D%3D&pageName=adfba30c52355c5b1631
Itbayat,Batanes,20.7833,121.8333,2000,2,Feb,DJF,Dry Season,2831.4,118.8,2000-02-01,https://app.powerbi.com/view?r=eyJrIjoiOTJkN2U4MjUtYWE1Ny00NzA4LWExMzctMDBiYjQ2NjZiZWVjIiwidCI6ImJkMDNhNzM1LTJhYTMtNGNjYS05NzIyLTJhZTQ5MjlhYjNlYyIsImMiOjEwfQ%3D%3D&pageName=adfba30c52355c5b1631
Itbayat,Batanes,20.7833,121.8333,2000,3,Mar,MAM,Dry Season,2831.4,4.5,2000-03-01,https://app.powerbi.com/view?r=eyJrIjoiOTJkN2U4MjUtYWE1Ny00NzA4LWExMzctMDBiYjQ2NjZiZWVjIiwidCI6ImJkMDNhNzM1LTJhYTMtNGNjYS05NzIyLTJhZTQ5MjlhYjNlYyIsImMiOjEwfQ%3D%3D&pageName=adfba30c52355c5b1631
Itbayat,Batanes,20.7833,121.8333,2000,4,Apr,MAM,Dry Season,2831.4,89.9,2000-04-01,https://app.powerbi.com/view?r=eyJrIjoiOTJkN2U4MjUtYWE1Ny00NzA4LWExMzctMDBiYjQ2NjZiZWVjIiwidCI6ImJkMDNhNzM1LTJhYTMtNGNjYS05NzIyLTJhZTQ5MjlhYjNlYyIsImMiOjEwfQ%3D%3D&pageName=adfba30c52355c5b1631
Itbayat,Batanes,20.7833,121.8333,2000,5,May,MAM,Wet Season,2831.4,190.3,2000-05-01,https://app.powerbi.com/view?r=eyJrIjoiOTJkN2U4MjUtYWE1Ny00NzA4LWExMzctMDBiYjQ2NjZiZWVjIiwidCI6ImJkMDNhNzM1LTJhYTMtNGNjYS05NzIyLTJhZTQ5MjlhYjNlYyIsImMiOjEwfQ%3D%3D&pageName=adfba30c52355c5b1631
Itbayat,Batanes,20.7833,121.8333,2000,6,Jun,JJA,Wet Season,2831.4,222.4,2000-06-01,https://app.powerbi.com/view?r=eyJrIjoiOTJkN2U4MjUtYWE1Ny00NzA4LWExMzctMDBiYjQ2NjZiZWVjIiwidCI6ImJkMDNhNzM1LTJhYTMtNGNjYS05NzIyLTJhZTQ5MjlhYjNlYyIsImMiOjEwfQ%3D%3D&pageName=adfba30c52355c5b1631
Itbayat,Batanes,20.7833,121.8333,2000,7,Jul,JJA,Wet Season,2831.4,471.7,2000-07-01,https://app.powerbi.com/view?r=eyJrIjoiOTJkN2U4MjUtYWE1Ny00NzA4LWExMzctMDBiYjQ2NjZiZWVjIiwidCI6ImJkMDNhNzM1LTJhYTMtNGNjYS05NzIyLTJhZTQ5MjlhYjNlYyIsImMiOjEwfQ%3D%3D&pageName=adfba30c52355c5b1631
Itbayat,Batanes,20.7833,121.8333,2000,8,Aug,JJA,Wet Season,2831.4,310.1,2000-08-01,https://app.powerbi.com/view?r=eyJrIjoiOTJkN2U4MjUtYWE1Ny00NzA4LWExMzctMDBiYjQ2NjZiZWVjIiwidCI6ImJkMDNhNzM1LTJhYTMtNGNjYS05NzIyLTJhZTQ5MjlhYjNlYyIsImMiOjEwfQ%3D%3D&pageName=adfba30c52355c5b1631
Itbayat,Batanes,20.7833,121.8333,2000,9,Sep,SON,Wet Season,2831.4,151.9,2000-09-01,https://app.powerbi.com/view?r=eyJrIjoiOTJkN2U4MjUtYWE1Ny00NzA4LWExMzctMDBiYjQ2NjZiZWVjIiwidCI6ImJkMDNhNzM1LTJhYTMtNGNjYS05NzIyLTJhZTQ5MjlhYjNlYyIsImMiOjEwfQ%3D%3D&pageName=adfba30c52355c5b1631
Itbayat,Batanes,20.7833,121.8333,2000,10,Oct,SON,Wet Season,2831.4,513.6,2000-10-01,https://app.powerbi.com/view?r=eyJrIjoiOTJkN2U4MjUtYWE1Ny00NzA4LWExMzctMDBiYjQ2NjZiZWVjIiwidCI6ImJkMDNhNzM1LTJhYTMtNGNjYS05NzIyLTJhZTQ5MjlhYjNlYyIsImMiOjEwfQ%3D%3D&pageName=adfba30c52355c5b1631
Itbayat,Batanes,20.7833,121.8333,2000,11,Nov,SON,Dry Season,2831.4,382.9,2000-11-01,https://app.powerbi.com/view?r=eyJrIjoiOTJkN2U4MjUtYWE1Ny00NzA4LWExMzctMDBiYjQ2NjZiZWVjIiwidCI6ImJkMDNhNzM1LTJhYTMtNGNjYS05NzIyLTJhZTQ5MjlhYjNlYyIsImMiOjEwfQ%3D%3D&pageName=adfba30c52355c5b1631
Itbayat,Batanes,20.7833,121.8333,2000,12,Dec,DJF,Dry Season,2831.4,247.8,2000-12-01,https://app.powerbi.com/view?r=eyJrIjoiOTJkN2U4MjUtYWE1Ny00NzA4LWExMzctMDBiYjQ2NjZiZWVjIiwidCI6ImJkMDNhNzM1LTJhYTMtNGNjYS05NzIyLTJhZTQ5MjlhYjNlYyIsImMiOjEwfQ%3D%3D&pageName=adfba30c52355c5b1631
Itbayat,Batanes,20.7833,121.8333,2001,1,Jan,DJF,Dry Season,3400.4,42.2,2001-01-01,https://app.powerbi.com/view?r=eyJrIjoiOTJkN2U4MjUtYWE1Ny00NzA4LWExMzctMDBiYjQ2NjZiZWVjIiwidCI6ImJkMDNhNzM1LTJhYTMtNGNjYS05NzIyLTJhZTQ5MjlhYjNlYyIsImMiOjEwfQ%3D%3D&pageName=adfba30c52355c5b1631
Itbayat,Batanes,20.7833,121.8333,2001,2,Feb,DJF,Dry Season,3400.4,215.5,2001-02-01,https://app.powerbi.com/view?r=eyJrIjoiOTJkN2U4MjUtYWE1Ny00NzA4LWExMzctMDBiYjQ2NjZiZWVjIiwidCI6ImJkMDNhNzM1LTJhYTMtNGNjYS05NzIyLTJhZTQ5MjlhYjNlYyIsImMiOjEwfQ%3D%3D&pageName=adfba30c52355c5b1631
Itbayat,Batanes,20.7833,121.8333,2001,3,Mar,MAM,Dry Season,3400.4,73.8,2001-03-01,https://app.powerbi.com/view?r=eyJrIjoiOTJkN2U4MjUtYWE1Ny00NzA4LWExMzctMDBiYjQ2NjZiZWVjIiwidCI6ImJkMDNhNzM1LTJhYTMtNGNjYS05NzIyLTJhZTQ5MjlhYjNlYyIsImMiOjEwfQ%3D%3D&pageName=adfba30c52355c5b1631
Itbayat,Batanes,20.7833,121.8333,2001,4,Apr,MAM,Dry Season,3400.4,52.6,2001-04-01,https://app.powerbi.com/view?r=eyJrIjoiOTJkN2U4MjUtYWE1Ny00NzA4LWExMzctMDBiYjQ2NjZiZWVjIiwidCI6ImJkMDNhNzM1LTJhYTMtNGNjYS05NzIyLTJhZTQ5MjlhYjNlYyIsImMiOjEwfQ%3D%3D&pageName=adfba30c52355c5b1631
Itbayat,Batanes,20.7833,121.8333,2001,5,May,MAM,Wet Season,3400.4,625.3,2001-05-01,https://app.powerbi.com/view?r=eyJrIjoiOTJkN2U4MjUtYWE1Ny00NzA4LWExMzctMDBiYjQ2NjZiZWVjIiwidCI6ImJkMDNhNzM1LTJhYTMtNGNjYS05NzIyLTJhZTQ5MjlhYjNlYyIsImMiOjEwfQ%3D%3D&pageName=adfba30c52355c5b1631
Itbayat,Batanes,20.7833,121.8333,2001,6,Jun,JJA,Wet Season,3400.4,221.4,2001-06-01,https://app.powerbi.com/view?r=eyJrIjoiOTJkN2U4MjUtYWE1Ny00NzA4LWExMzctMDBiYjQ2NjZiZWVjIiwidCI6ImJkMDNhNzM1LTJhYTMtNGNjYS05NzIyLTJhZTQ5MjlhYjNlYyIsImMiOjEwfQ%3D%3D&pageName=adfba30c52355c5b1631
Itbayat,Batanes,20.7833,121.8333,2001,7,Jul,JJA,Wet Season,3400.4,505.4,2001-07-01,https://app.powerbi.com/view?r=eyJrIjoiOTJkN2U4MjUtYWE1Ny00NzA4LWExMzctMDBiYjQ2NjZiZWVjIiwidCI6ImJkMDNhNzM1LTJhYTMtNGNjYS05NzIyLTJhZTQ5MjlhYjNlYyIsImMiOjEwfQ%3D%3D&pageName=adfba30c52355c5b1631
Itbayat,Batanes,20.7833,121.8333,2001,8,Aug,JJA,Wet Season,3400.4,331.6,2001-08-01,https://app.powerbi.com/view?r=eyJrIjoiOTJkN2U4MjUtYWE1Ny00NzA4LWExMzctMDBiYjQ2NjZiZWVjIiwidCI6ImJkMDNhNzM1LTJhYTMtNGNjYS05NzIyLTJhZTQ5MjlhYjNlYyIsImMiOjEwfQ%3D%3D&pageName=adfba30c52355c5b1631
Itbayat,Batanes,20.7833,121.8333,2001,9,Sep,SON,Wet Season,3400.4,975.3,2001-09-01,https://app.powerbi.com/view?r=eyJrIjoiOTJkN2U4MjUtYWE1Ny00NzA4LWExMzctMDBiYjQ2NjZiZWVjIiwidCI6ImJkMDNhNzM1LTJhYTMtNGNjYS05NzIyLTJhZTQ5MjlhYjNlYyIsImMiOjEwfQ%3D%3D&pageName=adfba30c52355c5b1631
Itbayat,Batanes,20.7833,121.8333,2001,10,Oct,SON,Wet Season,3400.4,227,2001-10-01,https://app.powerbi.com/view?r=eyJrIjoiOTJkN2U4MjUtYWE1Ny00NzA4LWExMzctMDBiYjQ2NjZiZWVjIiwidCI6ImJkMDNhNzM1LTJhYTMtNGNjYS05NzIyLTJhZTQ5MjlhYjNlYyIsImMiOjEwfQ%3D%3D&pageName=adfba30c52355c5b1631
Itbayat,Batanes,20.7833,121.8333,2001,11,Nov,SON,Dry Season,3400.4,99.5,2001-11-01,https://app.powerbi.com/view?r=eyJrIjoiOTJkN2U4MjUtYWE1Ny00NzA4LWExMzctMDBiYjQ2NjZiZWVjIiwidCI6ImJkMDNhNzM1LTJhYTMtNGNjYS05NzIyLTJhZTQ5MjlhYjNlYyIsImMiOjEwfQ%3D%3D&pageName=adfba30c52355c5b1631
Itbayat,Batanes,20.7833,121.8333,2001,12,Dec,DJF,Dry Season,3400.4,30.8,2001-12-01,https://app.powerbi.com/view?r=eyJrIjoiOTJkN2U4MjUtYWE1Ny00NzA4LWExMzctMDBiYjQ2NjZiZWVjIiwidCI6ImJkMDNhNzM1LTJhYTMtNGNjYS05NzIyLTJhZTQ5MjlhYjNlYyIsImMiOjEwfQ%3D%3D&pageName=adfba30c52355c5b1631
Itbayat,Batanes,20.7833,121.8333,2002,1,Jan,DJF,Dry Season,2000.9,63.2,2002-01-01,https://app.powerbi.com/view?r=eyJrIjoiOTJkN2U4MjUtYWE1Ny00NzA4LWExMzctMDBiYjQ2NjZiZWVjIiwidCI6ImJkMDNhNzM1LTJhYTMtNGNjYS05NzIyLTJhZTQ5MjlhYjNlYyIsImMiOjEwfQ%3D%3D&pageName=adfba30c52355c5b1631
Itbayat,Batanes,20.7833,121.8333,2002,2,Feb,DJF,Dry Season,2000.9,38,2002-02-01,https://app.powerbi.com/view?r=eyJrIjoiOTJkN2U4MjUtYWE1Ny00NzA4LWExMzctMDBiYjQ2NjZiZWVjIiwidCI6ImJkMDNhNzM1LTJhYTMtNGNjYS05NzIyLTJhZTQ5MjlhYjNlYyIsImMiOjEwfQ%3D%3D&pageName=adfba30c52355c5b1631
Itbayat,Batanes,20.7833,121.8333,2002,3,Mar,MAM,Dry Season,2000.9,63.1,2002-03-01,https://app.powerbi.com/view?r=eyJrIjoiOTJkN2U4MjUtYWE1Ny00NzA4LWExMzctMDBiYjQ2NjZiZWVjIiwidCI6ImJkMDNhNzM1LTJhYTMtNGNjYS05NzIyLTJhZTQ5MjlhYjNlYyIsImMiOjEwfQ%3D%3D&pageName=adfba30c52355c5b1631
Itbayat,Batanes,20.7833,121.8333,2002,4,Apr,MAM,Dry Season,2000.9,20,2002-04-01,https://app.powerbi.com/view?r=eyJrIjoiOTJkN2U4MjUtYWE1Ny00NzA4LWExMzctMDBiYjQ2NjZiZWVjIiwidCI6ImJkMDNhNzM1LTJhYTMtNGNjYS05NzIyLTJhZTQ5MjlhYjNlYyIsImMiOjEwfQ%3D%3D&pageName=adfba30c52355c5b1631
Itbayat,Batanes,20.7833,121.8333,2002,5,May,MAM,Wet Season,2000.9,176.6,2002-05-01,https://app.powerbi.com/view?r=eyJrIjoiOTJkN2U4MjUtYWE1Ny00NzA4LWExMzctMDBiYjQ2NjZiZWVjIiwidCI6ImJkMDNhNzM1LTJhYTMtNGNjYS05NzIyLTJhZTQ5MjlhYjNlYyIsImMiOjEwfQ%3D%3D&pageName=adfba30c52355c5b1631
Itbayat,Batanes,20.7833,121.8333,2002,6,Jun,JJA,Wet Season,2000.9,514.1,2002-06-01,https://app.powerbi.com/view?r=eyJrIjoiOTJkN2U4MjUtYWE1Ny00NzA4LWExMzctMDBiYjQ2NjZiZWVjIiwidCI6ImJkMDNhNzM1LTJhYTMtNGNjYS05NzIyLTJhZTQ5MjlhYjNlYyIsImMiOjEwfQ%3D%3D&pageName=adfba30c52355c5b1631
Itbayat,Batanes,20.7833,121.8333,2002,7,Jul,JJA,Wet Season,2000.9,161.1,2002-07-01,https://app.powerbi.com/view?r=eyJrIjoiOTJkN2U4MjUtYWE1Ny00NzA4LWExMzctMDBiYjQ2NjZiZWVjIiwidCI6ImJkMDNhNzM1LTJhYTMtNGNjYS05NzIyLTJhZTQ5MjlhYjNlYyIsImMiOjEwfQ%3D%3D&pageName=adfba30c52355c5b1631
Itbayat,Batanes,20.7833,121.8333,2002,8,Aug,JJA,Wet Season,2000.9,210.9,2002-08-01,https://app.powerbi.com/view?r=eyJrIjoiOTJkN2U4MjUtYWE1Ny00NzA4LWExMzctMDBiYjQ2NjZiZWVjIiwidCI6ImJkMDNhNzM1LTJhYTMtNGNjYS05NzIyLTJhZTQ5MjlhYjNlYyIsImMiOjEwfQ%3D%3D&pageName=adfba30c52355c5b1631
Itbayat,Batanes,20.7833,121.8333,2002,9,Sep,SON,Wet Season,2000.9,132.9,2002-09-01,https://app.powerbi.com/view?r=eyJrIjoiOTJkN2U4MjUtYWE1Ny00NzA4LWExMzctMDBiYjQ2NjZiZWVjIiwidCI6ImJkMDNhNzM1LTJhYTMtNGNjYS05NzIyLTJhZTQ5MjlhYjNlYyIsImMiOjEwfQ%3D%3D&pageName=adfba30c52355c5b1631
Itbayat,Batanes,20.7833,121.8333,2002,10,Oct,SON,Wet Season,2000.9,247.5,2002-10-01,https://app.powerbi.com/view?r=eyJrIjoiOTJkN2U4MjUtYWE1Ny00NzA4LWExMzctMDBiYjQ2NjZiZWVjIiwidCI6ImJkMDNhNzM1LTJhYTMtNGNjYS05NzIyLTJhZTQ5MjlhYjNlYyIsImMiOjEwfQ%3D%3D&pageName=adfba30c52355c5b1631
Itbayat,Batanes,20.7833,121.8333,2002,11,Nov,SON,Dry Season,2000.9,225.5,2002-11-01,https://app.powerbi.com/view?r=eyJrIjoiOTJkN2U4MjUtYWE1Ny00NzA4LWExMzctMDBiYjQ2NjZiZWVjIiwidCI6ImJkMDNhNzM1LTJhYTMtNGNjYS05NzIyLTJhZTQ5MjlhYjNlYyIsImMiOjEwfQ%3D%3D&pageName=adfba30c52355c5b1631
Itbayat,Batanes,20.7833,121.8333,2002,12,Dec,DJF,Dry Season,2000.9,148,2002-12-01,https://app.powerbi.com/view?r=eyJrIjoiOTJkN2U4MjUtYWE1Ny00NzA4LWExMzctMDBiYjQ2NjZiZWVjIiwidCI6ImJkMDNhNzM1LTJhYTMtNGNjYS05NzIyLTJhZTQ5MjlhYjNlYyIsImMiOjEwfQ%3D%3D&pageName=adfba30c52355c5b1631
Itbayat,Batanes,20.7833,121.8333,2003,1,Jan,DJF,Dry Season,2684.2,20.2,2003-01-01,https://app.powerbi.com/view?r=eyJrIjoiOTJkN2U4MjUtYWE1Ny00NzA4LWExMzctMDBiYjQ2NjZiZWVjIiwidCI6ImJkMDNhNzM1LTJhYTMtNGNjYS05NzIyLTJhZTQ5MjlhYjNlYyIsImMiOjEwfQ%3D%3D&pageName=adfba30c52355c5b1631
Itbayat,Batanes,20.7833,121.8333,2003,2,Feb,DJF,Dry Season,2684.2,47.6,2003-02-01,https://app.powerbi.com/view?r=eyJrIjoiOTJkN2U4MjUtYWE1Ny00NzA4LWExMzctMDBiYjQ2NjZiZWVjIiwidCI6ImJkMDNhNzM1LTJhYTMtNGNjYS05NzIyLTJhZTQ5MjlhYjNlYyIsImMiOjEwfQ%3D%3D&pageName=adfba30c52355c5b1631
Itbayat,Batanes,20.7833,121.8333,2003,3,Mar,MAM,Dry Season,2684.2,10.5,2003-03-01,https://app.powerbi.com/view?r=eyJrIjoiOTJkN2U4MjUtYWE1Ny00NzA4LWExMzctMDBiYjQ2NjZiZWVjIiwidCI6ImJkMDNhNzM1LTJhYTMtNGNjYS05NzIyLTJhZTQ5MjlhYjNlYyIsImMiOjEwfQ%3D%3D&pageName=adfba30c52355c5b1631
Itbayat,Batanes,20.7833,121.8333,2003,4,Apr,MAM,Dry Season,2684.2,48.2,2003-04-01,https://app.powerbi.com/view?r=eyJrIjoiOTJkN2U4MjUtYWE1Ny00NzA4LWExMzctMDBiYjQ2NjZiZWVjIiwidCI6ImJkMDNhNzM1LTJhYTMtNGNjYS05NzIyLTJhZTQ5MjlhYjNlYyIsImMiOjEwfQ%3D%3D&pageName=adfba30c52355c5b1631
Itbayat,Batanes,20.7833,121.8333,2003,5,May,MAM,Wet Season,2684.2,113,2003-05-01,https://app.powerbi.com/view?r=eyJrIjoiOTJkN2U4MjUtYWE1Ny00NzA4LWExMzctMDBiYjQ2NjZiZWVjIiwidCI6ImJkMDNhNzM1LTJhYTMtNGNjYS05NzIyLTJhZTQ5MjlhYjNlYyIsImMiOjEwfQ%3D%3D&pageName=adfba30c52355c5b1631
Itbayat,Batanes,20.7833,121.8333,2003,6,Jun,JJA,Wet Season,2684.2,405.9,2003-06-01,https://app.powerbi.com/view?r=eyJrIjoiOTJkN2U4MjUtYWE1Ny00NzA4LWExMzctMDBiYjQ2NjZiZWVjIiwidCI6ImJkMDNhNzM1LTJhYTMtNGNjYS05NzIyLTJhZTQ5MjlhYjNlYyIsImMiOjEwfQ%3D%3D&pageName=adfba30c52355c5b1631
Itbayat,Batanes,20.7833,121.8333,2003,7,Jul,JJA,Wet Season,2684.2,20.8,2003-07-01,https://app.powerbi.com/view?r=eyJrIjoiOTJkN2U4MjUtYWE1Ny00NzA4LWExMzctMDBiYjQ2NjZiZWVjIiwidCI6ImJkMDNhNzM1LTJhYTMtNGNjYS05NzIyLTJhZTQ5MjlhYjNlYyIsImMiOjEwfQ%3D%3D&pageName=adfba30c52355c5b1631
Itbayat,Batanes,20.7833,121.8333,2003,8,Aug,JJA,Wet Season,2684.2,581.8,2003-08-01,https://app.powerbi.com/view?r=eyJrIjoiOTJkN2U4MjUtYWE1Ny00NzA4LWExMzctMDBiYjQ2NjZiZWVjIiwidCI6ImJkMDNhNzM1LTJhYTMtNGNjYS05NzIyLTJhZTQ5MjlhYjNlYyIsImMiOjEwfQ%3D%3D&pageName=adfba30c52355c5b1631
Itbayat,Batanes,20.7833,121.8333,2003,9,Sep,SON,Wet Season,2684.2,559.4,2003-09-01,https://app.powerbi.com/view?r=eyJrIjoiOTJkN2U4MjUtYWE1Ny00NzA4LWExMzctMDBiYjQ2NjZiZWVjIiwidCI6ImJkMDNhNzM1LTJhYTMtNGNjYS05NzIyLTJhZTQ5MjlhYjNlYyIsImMiOjEwfQ%3D%3D&pageName=adfba30c52355c5b1631
Itbayat,Batanes,20.7833,121.8333,2003,10,Oct,SON,Wet Season,2684.2,363.1,2003-10-01,https://app.powerbi.com/view?r=eyJrIjoiOTJkN2U4MjUtYWE1Ny00NzA4LWExMzctMDBiYjQ2NjZiZWVjIiwidCI6ImJkMDNhNzM1LTJhYTMtNGNjYS05NzIyLTJhZTQ5MjlhYjNlYyIsImMiOjEwfQ%3D%3D&pageName=adfba30c52355c5b1631
Itbayat,Batanes,20.7833,121.8333,2003,11,Nov,SON,Dry Season,2684.2,336.5,2003-11-01,https://app.powerbi.com/view?r=eyJrIjoiOTJkN2U4MjUtYWE1Ny00NzA4LWExMzctMDBiYjQ2NjZiZWVjIiwidCI6ImJkMDNhNzM1LTJhYTMtNGNjYS05NzIyLTJhZTQ5MjlhYjNlYyIsImMiOjEwfQ%3D%3D&pageName=adfba30c52355c5b1631
Itbayat,Batanes,20.7833,121.8333,2003,12,Dec,DJF,Dry Season,2684.2,177.2,2003-12-01,https://app.powerbi.com/view?r=eyJrIjoiOTJkN2U4MjUtYWE1Ny00NzA4LWExMzctMDBiYjQ2NjZiZWVjIiwidCI6ImJkMDNhNzM1LTJhYTMtNGNjYS05NzIyLTJhZTQ5MjlhYjNlYyIsImMiOjEwfQ%3D%3D&pageName=adfba30c52355c5b1631
Itbayat,Batanes,20.7833,121.8333,2004,1,Jan,DJF,Dry Season,2071.1,70.3,2004-01-01,https://app.powerbi.com/view?r=eyJrIjoiOTJkN2U4MjUtYWE1Ny00NzA4LWExMzctMDBiYjQ2NjZiZWVjIiwidCI6ImJkMDNhNzM1LTJhYTMtNGNjYS05NzIyLTJhZTQ5MjlhYjNlYyIsImMiOjEwfQ%3D%3D&pageName=adfba30c52355c5b1631
Itbayat,Batanes,20.7833,121.8333,2004,2,Feb,DJF,Dry Season,2071.1,116.5,2004-02-01,https://app.powerbi.com/view?r=eyJrIjoiOTJkN2U4MjUtYWE1Ny00NzA4LWExMzctMDBiYjQ2NjZiZWVjIiwidCI6ImJkMDNhNzM1LTJhYTMtNGNjYS05NzIyLTJhZTQ5MjlhYjNlYyIsImMiOjEwfQ%3D%3D&pageName=adfba30c52355c5b1631
Itbayat,Batanes,20.7833,121.8333,2004,3,Mar,MAM,Dry Season,2071.1,81.7,2004-03-01,https://app.powerbi.com/view?r=eyJrIjoiOTJkN2U4MjUtYWE1Ny00NzA4LWExMzctMDBiYjQ2NjZiZWVjIiwidCI6ImJkMDNhNzM1LTJhYTMtNGNjYS05NzIyLTJhZTQ5MjlhYjNlYyIsImMiOjEwfQ%3D%3D&pageName=adfba30c52355c5b1631
Itbayat,Batanes,20.7833,121.8333,2004,4,Apr,MAM,Dry Season,2071.1,38.2,2004-04-01,https://app.powerbi.com/view?r=eyJrIjoiOTJkN2U4MjUtYWE1Ny00NzA4LWExMzctMDBiYjQ2NjZiZWVjIiwidCI6ImJkMDNhNzM1LTJhYTMtNGNjYS05NzIyLTJhZTQ5MjlhYjNlYyIsImMiOjEwfQ%3D%3D&pageName=adfba30c52355c5b1631
Itbayat,Batanes,20.7833,121.8333,2004,5,May,MAM,Wet Season,2071.1,645.9,2004-05-01,https://app.powerbi.com/view?r=eyJrIjoiOTJkN2U4MjUtYWE1Ny00NzA4LWExMzctMDBiYjQ2NjZiZWVjIiwidCI6ImJkMDNhNzM1LTJhYTMtNGNjYS05NzIyLTJhZTQ5MjlhYjNlYyIsImMiOjEwfQ%3D%3D&pageName=adfba30c52355c5b1631
Itbayat,Batanes,20.7833,121.8333,2004,6,Jun,JJA,Wet Season,2071.1,270.5,2004-06-01,https://app.powerbi.com/view?r=eyJrIjoiOTJkN2U4MjUtYWE1Ny00NzA4LWExMzctMDBiYjQ2NjZiZWVjIiwidCI6ImJkMDNhNzM1LTJhYTMtNGNjYS05NzIyLTJhZTQ5MjlhYjNlYyIsImMiOjEwfQ%3D%3D&pageName=adfba30c52355c5b1631
Itbayat,Batanes,20.7833,121.8333,2004,7,Jul,JJA,Wet Season,2071.1,296.5,2004-07-01,https://app.powerbi.com/view?r=eyJrIjoiOTJkN2U4MjUtYWE1Ny00NzA4LWExMzctMDBiYjQ2NjZiZWVjIiwidCI6ImJkMDNhNzM1LTJhYTMtNGNjYS05NzIyLTJhZTQ5MjlhYjNlYyIsImMiOjEwfQ%3D%3D&pageName=adfba30c52355c5b1631
Itbayat,Batanes,20.7833,121.8333,2004,8,Aug,JJA,Wet Season,2071.1,72.8,2004-08-01,https://app.powerbi.com/view?r=eyJrIjoiOTJkN2U4MjUtYWE1Ny00NzA4LWExMzctMDBiYjQ2NjZiZWVjIiwidCI6ImJkMDNhNzM1LTJhYTMtNGNjYS05NzIyLTJhZTQ5MjlhYjNlYyIsImMiOjEwfQ%3D%3D&pageName=adfba30c52355c5b1631
Itbayat,Batanes,20.7833,121.8333,2004,9,Sep,SON,Wet Season,2071.1,249.4,2004-09-01,https://app.powerbi.com/view?r=eyJrIjoiOTJkN2U4MjUtYWE1Ny00NzA4LWExMzctMDBiYjQ2NjZiZWVjIiwidCI6ImJkMDNhNzM1LTJhYTMtNGNjYS05NzIyLTJhZTQ5MjlhYjNlYyIsImMiOjEwfQ%3D%3D&pageName=adfba30c52355c5b1631
Itbayat,Batanes,20.7833,121.8333,2004,10,Oct,SON,Wet Season,2071.1,41.9,2004-10-01,https://app.powerbi.com/view?r=eyJrIjoiOTJkN2U4MjUtYWE1Ny00NzA4LWExMzctMDBiYjQ2NjZiZWVjIiwidCI6ImJkMDNhNzM1LTJhYTMtNGNjYS05NzIyLTJhZTQ5MjlhYjNlYyIsImMiOjEwfQ%3D%3D&pageName=adfba30c52355c5b1631
Itbayat,Batanes,20.7833,121.8333,2004,11,Nov,SON,Dry Season,2071.1,48.3,2004-11-01,https://app.powerbi.com/view?r=eyJrIjoiOTJkN2U4MjUtYWE1Ny00NzA4LWExMzctMDBiYjQ2NjZiZWVjIiwidCI6ImJkMDNhNzM1LTJhYTMtNGNjYS05NzIyLTJhZTQ5MjlhYjNlYyIsImMiOjEwfQ%3D%3D&pageName=adfba30c52355c5b1631
Itbayat,Batanes,20.7833,121.8333,2004,12,Dec,DJF,Dry Season,2071.1,139.1,2004-12-01,https://app.powerbi.com/view?r=eyJrIjoiOTJkN2U4MjUtYWE1Ny00NzA4LWExMzctMDBiYjQ2NjZiZWVjIiwidCI6ImJkMDNhNzM1LTJhYTMtNGNjYS05NzIyLTJhZTQ5MjlhYjNlYyIsImMiOjEwfQ%3D%3D&pageName=adfba30c52355c5b1631
Itbayat,Batanes,20.7833,121.8333,2005,1,Jan,DJF,Dry Season,2451.7,163.8,2005-01-01,https://app.powerbi.com/view?r=eyJrIjoiOTJkN2U4MjUtYWE1Ny00NzA4LWExMzctMDBiYjQ2NjZiZWVjIiwidCI6ImJkMDNhNzM1LTJhYTMtNGNjYS05NzIyLTJhZTQ5MjlhYjNlYyIsImMiOjEwfQ%3D%3D&pageName=adfba30c52355c5b1631
Itbayat,Batanes,20.7833,121.8333,2005,2,Feb,DJF,Dry Season,2451.7,35.1,2005-02-01,https://app.powerbi.com/view?r=eyJrIjoiOTJkN2U4MjUtYWE1Ny00NzA4LWExMzctMDBiYjQ2NjZiZWVjIiwidCI6ImJkMDNhNzM1LTJhYTMtNGNjYS05NzIyLTJhZTQ5MjlhYjNlYyIsImMiOjEwfQ%3D%3D&pageName=adfba30c52355c5b1631
Itbayat,Batanes,20.7833,121.8333,2005,3,Mar,MAM,Dry Season,2451.7,32.1,2005-03-01,https://app.powerbi.com/view?r=eyJrIjoiOTJkN2U4MjUtYWE1Ny00NzA4LWExMzctMDBiYjQ2NjZiZWVjIiwidCI6ImJkMDNhNzM1LTJhYTMtNGNjYS05NzIyLTJhZTQ5MjlhYjNlYyIsImMiOjEwfQ%3D%3D&pageName=adfba30c52355c5b1631
Itbayat,Batanes,20.7833,121.8333,2005,4,Apr,MAM,Dry Season,2451.7,11.9,2005-04-01,https://app.powerbi.com/view?r=eyJrIjoiOTJkN2U4MjUtYWE1Ny00NzA4LWExMzctMDBiYjQ2NjZiZWVjIiwidCI6ImJkMDNhNzM1LTJhYTMtNGNjYS05NzIyLTJhZTQ5MjlhYjNlYyIsImMiOjEwfQ%3D%3D&pageName=adfba30c52355c5b1631
Itbayat,Batanes,20.7833,121.8333,2005,5,May,MAM,Wet Season,2451.7,251.9,2005-05-01,https://app.powerbi.com/view?r=eyJrIjoiOTJkN2U4MjUtYWE1Ny00NzA4LWExMzctMDBiYjQ2NjZiZWVjIiwidCI6ImJkMDNhNzM1LTJhYTMtNGNjYS05NzIyLTJhZTQ5MjlhYjNlYyIsImMiOjEwfQ%3D%3D&pageName=adfba30c52355c5b1631
Itbayat,Batanes,20.7833,121.8333,2005,6,Jun,JJA,Wet Season,2451.7,383.6,2005-06-01,https://app.powerbi.com/view?r=eyJrIjoiOTJkN2U4MjUtYWE1Ny00NzA4LWExMzctMDBiYjQ2NjZiZWVjIiwidCI6ImJkMDNhNzM1LTJhYTMtNGNjYS05NzIyLTJhZTQ5MjlhYjNlYyIsImMiOjEwfQ%3D%3D&pageName=adfba30c52355c5b1631
Itbayat,Batanes,20.7833,121.8333,2005,7,Jul,JJA,Wet Season,2451.7,154.7,2005-07-01,https://app.powerbi.com/view?r=eyJrIjoiOTJkN2U4MjUtYWE1Ny00NzA4LWExMzctMDBiYjQ2NjZiZWVjIiwidCI6ImJkMDNhNzM1LTJhYTMtNGNjYS05NzIyLTJhZTQ5MjlhYjNlYyIsImMiOjEwfQ%3D%3D&pageName=adfba30c52355c5b1631
Itbayat,Batanes,20.7833,121.8333,2005,8,Aug,JJA,Wet Season,2451.7,366.9,2005-08-01,https://app.powerbi.com/view?r=eyJrIjoiOTJkN2U4MjUtYWE1Ny00NzA4LWExMzctMDBiYjQ2NjZiZWVjIiwidCI6ImJkMDNhNzM1LTJhYTMtNGNjYS05NzIyLTJhZTQ5MjlhYjNlYyIsImMiOjEwfQ%3D%3D&pageName=adfba30c52355c5b1631
Itbayat,Batanes,20.7833,121.8333,2005,9,Sep,SON,Wet Season,2451.7,358.7,2005-09-01,https://app.powerbi.com/view?r=eyJrIjoiOTJkN2U4MjUtYWE1Ny00NzA4LWExMzctMDBiYjQ2NjZiZWVjIiwidCI6ImJkMDNhNzM1LTJhYTMtNGNjYS05NzIyLTJhZTQ5MjlhYjNlYyIsImMiOjEwfQ%3D%3D&pageName=adfba30c52355c5b1631
Itbayat,Batanes,20.7833,121.8333,2005,10,Oct,SON,Wet Season,2451.7,356.9,2005-10-01,https://app.powerbi.com/view?r=eyJrIjoiOTJkN2U4MjUtYWE1Ny00NzA4LWExMzctMDBiYjQ2NjZiZWVjIiwidCI6ImJkMDNhNzM1LTJhYTMtNGNjYS05NzIyLTJhZTQ5MjlhYjNlYyIsImMiOjEwfQ%3D%3D&pageName=adfba30c52355c5b1631
Itbayat,Batanes,20.7833,121.8333,2005,11,Nov,SON,Dry Season,2451.7,234.9,2005-11-01,https://app.powerbi.com/view?r=eyJrIjoiOTJkN2U4MjUtYWE1Ny00NzA4LWExMzctMDBiYjQ2NjZiZWVjIiwidCI6ImJkMDNhNzM1LTJhYTMtNGNjYS05NzIyLTJhZTQ5MjlhYjNlYyIsImMiOjEwfQ%3D%3D&pageName=adfba30c52355c5b1631
Itbayat,Batanes,20.7833,121.8333,2005,12,Dec,DJF,Dry Season,2451.7,101.2,2005-12-01,https://app.powerbi.com/view?r=eyJrIjoiOTJkN2U4MjUtYWE1Ny00NzA4LWExMzctMDBiYjQ2NjZiZWVjIiwidCI6ImJkMDNhNzM1LTJhYTMtNGNjYS05NzIyLTJhZTQ5MjlhYjNlYyIsImMiOjEwfQ%3D%3D&pageName=adfba30c52355c5b1631
Itbayat,Batanes,20.7833,121.8333,2006,1,Jan,DJF,Dry Season,1757.9,133.7,2006-01-01,https://app.powerbi.com/view?r=eyJrIjoiOTJkN2U4MjUtYWE1Ny00NzA4LWExMzctMDBiYjQ2NjZiZWVjIiwidCI6ImJkMDNhNzM1LTJhYTMtNGNjYS05NzIyLTJhZTQ5MjlhYjNlYyIsImMiOjEwfQ%3D%3D&pageName=adfba30c52355c5b1631
Itbayat,Batanes,20.7833,121.8333,2006,2,Feb,DJF,Dry Season,1757.9,164.2,2006-02-01,https://app.powerbi.com/view?r=eyJrIjoiOTJkN2U4MjUtYWE1Ny00NzA4LWExMzctMDBiYjQ2NjZiZWVjIiwidCI6ImJkMDNhNzM1LTJhYTMtNGNjYS05NzIyLTJhZTQ5MjlhYjNlYyIsImMiOjEwfQ%3D%3D&pageName=adfba30c52355c5b1631
Itbayat,Batanes,20.7833,121.8333,2006,3,Mar,MAM,Dry Season,1757.9,46.8,2006-03-01,https://app.powerbi.com/view?r=eyJrIjoiOTJkN2U4MjUtYWE1Ny00NzA4LWExMzctMDBiYjQ2NjZiZWVjIiwidCI6ImJkMDNhNzM1LTJhYTMtNGNjYS05NzIyLTJhZTQ5MjlhYjNlYyIsImMiOjEwfQ%3D%3D&pageName=adfba30c52355c5b1631
Itbayat,Batanes,20.7833,121.8333,2006,4,Apr,MAM,Dry Season,1757.9,62.5,2006-04-01,https://app.powerbi.com/view?r=eyJrIjoiOTJkN2U4MjUtYWE1Ny00NzA4LWExMzctMDBiYjQ2NjZiZWVjIiwidCI6ImJkMDNhNzM1LTJhYTMtNGNjYS05NzIyLTJhZTQ5MjlhYjNlYyIsImMiOjEwfQ%3D%3D&pageName=adfba30c52355c5b1631
Itbayat,Batanes,20.7833,121.8333,2006,5,May,MAM,Wet Season,1757.9,107.1,2006-05-01,https://app.powerbi.com/view?r=eyJrIjoiOTJkN2U4MjUtYWE1Ny00NzA4LWExMzctMDBiYjQ2NjZiZWVjIiwidCI6ImJkMDNhNzM1LTJhYTMtNGNjYS05NzIyLTJhZTQ5MjlhYjNlYyIsImMiOjEwfQ%3D%3D&pageName=adfba30c52355c5b1631
Itbayat,Batanes,20.7833,121.8333,2006,6,Jun,JJA,Wet Season,1757.9,150.6,2006-06-01,https://app.powerbi.com/view?r=eyJrIjoiOTJkN2U4MjUtYWE1Ny00NzA4LWExMzctMDBiYjQ2NjZiZWVjIiwidCI6ImJkMDNhNzM1LTJhYTMtNGNjYS05NzIyLTJhZTQ5MjlhYjNlYyIsImMiOjEwfQ%3D%3D&pageName=adfba30c52355c5b1631
Itbayat,Batanes,20.7833,121.8333,2006,7,Jul,JJA,Wet Season,1757.9,414.1,2006-07-01,https://app.powerbi.com/view?r=eyJrIjoiOTJkN2U4MjUtYWE1Ny00NzA4LWExMzctMDBiYjQ2NjZiZWVjIiwidCI6ImJkMDNhNzM1LTJhYTMtNGNjYS05NzIyLTJhZTQ5MjlhYjNlYyIsImMiOjEwfQ%3D%3D&pageName=adfba30c52355c5b1631
Itbayat,Batanes,20.7833,121.8333,2006,8,Aug,JJA,Wet Season,1757.9,158.8,2006-08-01,https://app.powerbi.com/view?r=eyJrIjoiOTJkN2U4MjUtYWE1Ny00NzA4LWExMzctMDBiYjQ2NjZiZWVjIiwidCI6ImJkMDNhNzM1LTJhYTMtNGNjYS05NzIyLTJhZTQ5MjlhYjNlYyIsImMiOjEwfQ%3D%3D&pageName=adfba30c52355c5b1631
Itbayat,Batanes,20.7833,121.8333,2006,9,Sep,SON,Wet Season,1757.9,145.6,2006-09-01,https://app.powerbi.com/view?r=eyJrIjoiOTJkN2U4MjUtYWE1Ny00NzA4LWExMzctMDBiYjQ2NjZiZWVjIiwidCI6ImJkMDNhNzM1LTJhYTMtNGNjYS05NzIyLTJhZTQ5MjlhYjNlYyIsImMiOjEwfQ%3D%3D&pageName=adfba30c52355c5b1631
Itbayat,Batanes,20.7833,121.8333,2006,10,Oct,SON,Wet Season,1757.9,85.5,2006-10-01,https://app.powerbi.com/view?r=eyJrIjoiOTJkN2U4MjUtYWE1Ny00NzA4LWExMzctMDBiYjQ2NjZiZWVjIiwidCI6ImJkMDNhNzM1LTJhYTMtNGNjYS05NzIyLTJhZTQ5MjlhYjNlYyIsImMiOjEwfQ%3D%3D&pageName=adfba30c52355c5b1631
Itbayat,Batanes,20.7833,121.8333,2006,11,Nov,SON,Dry Season,1757.9,197.9,2006-11-01,https://app.powerbi.com/view?r=eyJrIjoiOTJkN2U4MjUtYWE1Ny00NzA4LWExMzctMDBiYjQ2NjZiZWVjIiwidCI6ImJkMDNhNzM1LTJhYTMtNGNjYS05NzIyLTJhZTQ5MjlhYjNlYyIsImMiOjEwfQ%3D%3D&pageName=adfba30c52355c5b1631
Itbayat,Batanes,20.7833,121.8333,2006,12,Dec,DJF,Dry Season,1757.9,91.1,2006-12-01,https://app.powerbi.com/view?r=eyJrIjoiOTJkN2U4MjUtYWE1Ny00NzA4LWExMzctMDBiYjQ2NjZiZWVjIiwidCI6ImJkMDNhNzM1LTJhYTMtNGNjYS05NzIyLTJhZTQ5MjlhYjNlYyIsImMiOjEwfQ%3D%3D&pageName=adfba30c52355c5b1631
Itbayat,Batanes,20.7833,121.8333,2007,1,Jan,DJF,Dry Season,2778.2,178.4,2007-01-01,https://app.powerbi.com/view?r=eyJrIjoiOTJkN2U4MjUtYWE1Ny00NzA4LWExMzctMDBiYjQ2NjZiZWVjIiwidCI6ImJkMDNhNzM1LTJhYTMtNGNjYS05NzIyLTJhZTQ5MjlhYjNlYyIsImMiOjEwfQ%3D%3D&pageName=adfba30c52355c5b1631
Itbayat,Batanes,20.7833,121.8333,2007,2,Feb,DJF,Dry Season,2778.2,12.4,2007-02-01,https://app.powerbi.com/view?r=eyJrIjoiOTJkN2U4MjUtYWE1Ny00NzA4LWExMzctMDBiYjQ2NjZiZWVjIiwidCI6ImJkMDNhNzM1LTJhYTMtNGNjYS05NzIyLTJhZTQ5MjlhYjNlYyIsImMiOjEwfQ%3D%3D&pageName=adfba30c52355c5b1631
Itbayat,Batanes,20.7833,121.8333,2007,3,Mar,MAM,Dry Season,2778.2,8.6,2007-03-01,https://app.powerbi.com/view?r=eyJrIjoiOTJkN2U4MjUtYWE1Ny00NzA4LWExMzctMDBiYjQ2NjZiZWVjIiwidCI6ImJkMDNhNzM1LTJhYTMtNGNjYS05NzIyLTJhZTQ5MjlhYjNlYyIsImMiOjEwfQ%3D%3D&pageName=adfba30c52355c5b1631
Itbayat,Batanes,20.7833,121.8333,2007,4,Apr,MAM,Dry Season,2778.2,66.4,2007-04-01,https://app.powerbi.com/view?r=eyJrIjoiOTJkN2U4MjUtYWE1Ny00NzA4LWExMzctMDBiYjQ2NjZiZWVjIiwidCI6ImJkMDNhNzM1LTJhYTMtNGNjYS05NzIyLTJhZTQ5MjlhYjNlYyIsImMiOjEwfQ%3D%3D&pageName=adfba30c52355c5b1631
Itbayat,Batanes,20.7833,121.8333,2007,5,May,MAM,Wet Season,2778.2,355.6,2007-05-01,https://app.powerbi.com/view?r=eyJrIjoiOTJkN2U4MjUtYWE1Ny00NzA4LWExMzctMDBiYjQ2NjZiZWVjIiwidCI6ImJkMDNhNzM1LTJhYTMtNGNjYS05NzIyLTJhZTQ5MjlhYjNlYyIsImMiOjEwfQ%3D%3D&pageName=adfba30c52355c5b1631
Itbayat,Batanes,20.7833,121.8333,2007,6,Jun,JJA,Wet Season,2778.2,66.3,2007-06-01,https://app.powerbi.com/view?r=eyJrIjoiOTJkN2U4MjUtYWE1Ny00NzA4LWExMzctMDBiYjQ2NjZiZWVjIiwidCI6ImJkMDNhNzM1LTJhYTMtNGNjYS05NzIyLTJhZTQ5MjlhYjNlYyIsImMiOjEwfQ%3D%3D&pageName=adfba30c52355c5b1631
Itbayat,Batanes,20.7833,121.8333,2007,7,Jul,JJA,Wet Season,2778.2,101.6,2007-07-01,https://app.powerbi.com/view?r=eyJrIjoiOTJkN2U4MjUtYWE1Ny00NzA4LWExMzctMDBiYjQ2NjZiZWVjIiwidCI6ImJkMDNhNzM1LTJhYTMtNGNjYS05NzIyLTJhZTQ5MjlhYjNlYyIsImMiOjEwfQ%3D%3D&pageName=adfba30c52355c5b1631
Itbayat,Batanes,20.7833,121.8333,2007,8,Aug,JJA,Wet Season,2778.2,538.2,2007-08-01,https://app.powerbi.com/view?r=eyJrIjoiOTJkN2U4MjUtYWE1Ny00NzA4LWExMzctMDBiYjQ2NjZiZWVjIiwidCI6ImJkMDNhNzM1LTJhYTMtNGNjYS05NzIyLTJhZTQ5MjlhYjNlYyIsImMiOjEwfQ%3D%3D&pageName=adfba30c52355c5b1631
Itbayat,Batanes,20.7833,121.8333,2007,9,Sep,SON,Wet Season,2778.2,515.4,2007-09-01,https://app.powerbi.com/view?r=eyJrIjoiOTJkN2U4MjUtYWE1Ny00NzA4LWExMzctMDBiYjQ2NjZiZWVjIiwidCI6ImJkMDNhNzM1LTJhYTMtNGNjYS05NzIyLTJhZTQ5MjlhYjNlYyIsImMiOjEwfQ%3D%3D&pageName=adfba30c52355c5b1631
Itbayat,Batanes,20.7833,121.8333,2007,10,Oct,SON,Wet Season,2778.2,384.8,2007-10-01,https://app.powerbi.com/view?r=eyJrIjoiOTJkN2U4MjUtYWE1Ny00NzA4LWExMzctMDBiYjQ2NjZiZWVjIiwidCI6ImJkMDNhNzM1LTJhYTMtNGNjYS05NzIyLTJhZTQ5MjlhYjNlYyIsImMiOjEwfQ%3D%3D&pageName=adfba30c52355c5b1631
Itbayat,Batanes,20.7833,121.8333,2007,11,Nov,SON,Dry Season,2778.2,535.3,2007-11-01,https://app.powerbi.com/view?r=eyJrIjoiOTJkN2U4MjUtYWE1Ny00NzA4LWExMzctMDBiYjQ2NjZiZWVjIiwidCI6ImJkMDNhNzM1LTJhYTMtNGNjYS05NzIyLTJhZTQ5MjlhYjNlYyIsImMiOjEwfQ%3D%3D&pageName=adfba30c52355c5b1631
Itbayat,Batanes,20.7833,121.8333,2007,12,Dec,DJF,Dry Season,2778.2,15.2,2007-12-01,https://app.powerbi.com/view?r=eyJrIjoiOTJkN2U4MjUtYWE1Ny00NzA4LWExMzctMDBiYjQ2NjZiZWVjIiwidCI6ImJkMDNhNzM1LTJhYTMtNGNjYS05NzIyLTJhZTQ5MjlhYjNlYyIsImMiOjEwfQ%3D%3D&pageName=adfba30c52355c5b1631
Itbayat,Batanes,20.7833,121.8333,2008,1,Jan,DJF,Dry Season,2730.1,280.7,2008-01-01,https://app.powerbi.com/view?r=eyJrIjoiOTJkN2U4MjUtYWE1Ny00NzA4LWExMzctMDBiYjQ2NjZiZWVjIiwidCI6ImJkMDNhNzM1LTJhYTMtNGNjYS05NzIyLTJhZTQ5MjlhYjNlYyIsImMiOjEwfQ%3D%3D&pageName=adfba30c52355c5b1631
Itbayat,Batanes,20.7833,121.8333,2008,2,Feb,DJF,Dry Season,2730.1,130.4,2008-02-01,https://app.powerbi.com/view?r=eyJrIjoiOTJkN2U4MjUtYWE1Ny00NzA4LWExMzctMDBiYjQ2NjZiZWVjIiwidCI6ImJkMDNhNzM1LTJhYTMtNGNjYS05NzIyLTJhZTQ5MjlhYjNlYyIsImMiOjEwfQ%3D%3D&pageName=adfba30c52355c5b1631
Itbayat,Batanes,20.7833,121.8333,2008,3,Mar,MAM,Dry Season,2730.1,20,2008-03-01,https://app.powerbi.com/view?r=eyJrIjoiOTJkN2U4MjUtYWE1Ny00NzA4LWExMzctMDBiYjQ2NjZiZWVjIiwidCI6ImJkMDNhNzM1LTJhYTMtNGNjYS05NzIyLTJhZTQ5MjlhYjNlYyIsImMiOjEwfQ%3D%3D&pageName=adfba30c52355c5b1631
Itbayat,Batanes,20.7833,121.8333,2008,4,Apr,MAM,Dry Season,2730.1,63.1,2008-04-01,https://app.powerbi.com/view?r=eyJrIjoiOTJkN2U4MjUtYWE1Ny00NzA4LWExMzctMDBiYjQ2NjZiZWVjIiwidCI6ImJkMDNhNzM1LTJhYTMtNGNjYS05NzIyLTJhZTQ5MjlhYjNlYyIsImMiOjEwfQ%3D%3D&pageName=adfba30c52355c5b1631
Itbayat,Batanes,20.7833,121.8333,2008,5,May,MAM,Wet Season,2730.1,38.1,2008-05-01,https://app.powerbi.com/view?r=eyJrIjoiOTJkN2U4MjUtYWE1Ny00NzA4LWExMzctMDBiYjQ2NjZiZWVjIiwidCI6ImJkMDNhNzM1LTJhYTMtNGNjYS05NzIyLTJhZTQ5MjlhYjNlYyIsImMiOjEwfQ%3D%3D&pageName=adfba30c52355c5b1631
Itbayat,Batanes,20.7833,121.8333,2008,6,Jun,JJA,Wet Season,2730.1,112.7,2008-06-01,https://app.powerbi.com/view?r=eyJrIjoiOTJkN2U4MjUtYWE1Ny00NzA4LWExMzctMDBiYjQ2NjZiZWVjIiwidCI6ImJkMDNhNzM1LTJhYTMtNGNjYS05NzIyLTJhZTQ5MjlhYjNlYyIsImMiOjEwfQ%3D%3D&pageName=adfba30c52355c5b1631
Itbayat,Batanes,20.7833,121.8333,2008,7,Jul,JJA,Wet Season,2730.1,555.7,2008-07-01,https://app.powerbi.com/view?r=eyJrIjoiOTJkN2U4MjUtYWE1Ny00NzA4LWExMzctMDBiYjQ2NjZiZWVjIiwidCI6ImJkMDNhNzM1LTJhYTMtNGNjYS05NzIyLTJhZTQ5MjlhYjNlYyIsImMiOjEwfQ%3D%3D&pageName=adfba30c52355c5b1631
Itbayat,Batanes,20.7833,121.8333,2008,8,Aug,JJA,Wet Season,2730.1,588.9,2008-08-01,https://app.powerbi.com/view?r=eyJrIjoiOTJkN2U4MjUtYWE1Ny00NzA4LWExMzctMDBiYjQ2NjZiZWVjIiwidCI6ImJkMDNhNzM1LTJhYTMtNGNjYS05NzIyLTJhZTQ5MjlhYjNlYyIsImMiOjEwfQ%3D%3D&pageName=adfba30c52355c5b1631
Itbayat,Batanes,20.7833,121.8333,2008,9,Sep,SON,Wet Season,2730.1,325.9,2008-09-01,https://app.powerbi.com/view?r=eyJrIjoiOTJkN2U4MjUtYWE1Ny00NzA4LWExMzctMDBiYjQ2NjZiZWVjIiwidCI6ImJkMDNhNzM1LTJhYTMtNGNjYS05NzIyLTJhZTQ5MjlhYjNlYyIsImMiOjEwfQ%3D%3D&pageName=adfba30c52355c5b1631
Itbayat,Batanes,20.7833,121.8333,2008,10,Oct,SON,Wet Season,2730.1,252.5,2008-10-01,https://app.powerbi.com/view?r=eyJrIjoiOTJkN2U4MjUtYWE1Ny00NzA4LWExMzctMDBiYjQ2NjZiZWVjIiwidCI6ImJkMDNhNzM1LTJhYTMtNGNjYS05NzIyLTJhZTQ5MjlhYjNlYyIsImMiOjEwfQ%3D%3D&pageName=adfba30c52355c5b1631
Itbayat,Batanes,20.7833,121.8333,2008,11,Nov,SON,Dry Season,2730.1,255.1,2008-11-01,https://app.powerbi.com/view?r=eyJrIjoiOTJkN2U4MjUtYWE1Ny00NzA4LWExMzctMDBiYjQ2NjZiZWVjIiwidCI6ImJkMDNhNzM1LTJhYTMtNGNjYS05NzIyLTJhZTQ5MjlhYjNlYyIsImMiOjEwfQ%3D%3D&pageName=adfba30c52355c5b1631
Itbayat,Batanes,20.7833,121.8333,2008,12,Dec,DJF,Dry Season,2730.1,107,2008-12-01,https://app.powerbi.com/view?r=eyJrIjoiOTJkN2U4MjUtYWE1Ny00NzA4LWExMzctMDBiYjQ2NjZiZWVjIiwidCI6ImJkMDNhNzM1LTJhYTMtNGNjYS05NzIyLTJhZTQ5MjlhYjNlYyIsImMiOjEwfQ%3D%3D&pageName=adfba30c52355c5b1631
Itbayat,Batanes,20.7833,121.8333,2009,1,Jan,DJF,Dry Season,1863.2,41.4,2009-01-01,https://app.powerbi.com/view?r=eyJrIjoiOTJkN2U4MjUtYWE1Ny00NzA4LWExMzctMDBiYjQ2NjZiZWVjIiwidCI6ImJkMDNhNzM1LTJhYTMtNGNjYS05NzIyLTJhZTQ5MjlhYjNlYyIsImMiOjEwfQ%3D%3D&pageName=adfba30c52355c5b1631
Itbayat,Batanes,20.7833,121.8333,2009,2,Feb,DJF,Dry Season,1863.2,18.9,2009-02-01,https://app.powerbi.com/view?r=eyJrIjoiOTJkN2U4MjUtYWE1Ny00NzA4LWExMzctMDBiYjQ2NjZiZWVjIiwidCI6ImJkMDNhNzM1LTJhYTMtNGNjYS05NzIyLTJhZTQ5MjlhYjNlYyIsImMiOjEwfQ%3D%3D&pageName=adfba30c52355c5b1631
Itbayat,Batanes,20.7833,121.8333,2009,3,Mar,MAM,Dry Season,1863.2,47.9,2009-03-01,https://app.powerbi.com/view?r=eyJrIjoiOTJkN2U4MjUtYWE1Ny00NzA4LWExMzctMDBiYjQ2NjZiZWVjIiwidCI6ImJkMDNhNzM1LTJhYTMtNGNjYS05NzIyLTJhZTQ5MjlhYjNlYyIsImMiOjEwfQ%3D%3D&pageName=adfba30c52355c5b1631
Itbayat,Batanes,20.7833,121.8333,2009,4,Apr,MAM,Dry Season,1863.2,210.1,2009-04-01,https://app.powerbi.com/view?r=eyJrIjoiOTJkN2U4MjUtYWE1Ny00NzA4LWExMzctMDBiYjQ2NjZiZWVjIiwidCI6ImJkMDNhNzM1LTJhYTMtNGNjYS05NzIyLTJhZTQ5MjlhYjNlYyIsImMiOjEwfQ%3D%3D&pageName=adfba30c52355c5b1631
Itbayat,Batanes,20.7833,121.8333,2009,5,May,MAM,Wet Season,1863.2,43.4,2009-05-01,https://app.powerbi.com/view?r=eyJrIjoiOTJkN2U4MjUtYWE1Ny00NzA4LWExMzctMDBiYjQ2NjZiZWVjIiwidCI6ImJkMDNhNzM1LTJhYTMtNGNjYS05NzIyLTJhZTQ5MjlhYjNlYyIsImMiOjEwfQ%3D%3D&pageName=adfba30c52355c5b1631
Itbayat,Batanes,20.7833,121.8333,2009,6,Jun,JJA,Wet Season,1863.2,75,2009-06-01,https://app.powerbi.com/view?r=eyJrIjoiOTJkN2U4MjUtYWE1Ny00NzA4LWExMzctMDBiYjQ2NjZiZWVjIiwidCI6ImJkMDNhNzM1LTJhYTMtNGNjYS05NzIyLTJhZTQ5MjlhYjNlYyIsImMiOjEwfQ%3D%3D&pageName=adfba30c52355c5b1631
Itbayat,Batanes,20.7833,121.8333,2009,7,Jul,JJA,Wet Season,1863.2,160.3,2009-07-01,https://app.powerbi.com/view?r=eyJrIjoiOTJkN2U4MjUtYWE1Ny00NzA4LWExMzctMDBiYjQ2NjZiZWVjIiwidCI6ImJkMDNhNzM1LTJhYTMtNGNjYS05NzIyLTJhZTQ5MjlhYjNlYyIsImMiOjEwfQ%3D%3D&pageName=adfba30c52355c5b1631
Itbayat,Batanes,20.7833,121.8333,2009,8,Aug,JJA,Wet Season,1863.2,406.5,2009-08-01,https://app.powerbi.com/view?r=eyJrIjoiOTJkN2U4MjUtYWE1Ny00NzA4LWExMzctMDBiYjQ2NjZiZWVjIiwidCI6ImJkMDNhNzM1LTJhYTMtNGNjYS05NzIyLTJhZTQ5MjlhYjNlYyIsImMiOjEwfQ%3D%3D&pageName=adfba30c52355c5b1631
Itbayat,Batanes,20.7833,121.8333,2009,9,Sep,SON,Wet Season,1863.2,212,2009-09-01,https://app.powerbi.com/view?r=eyJrIjoiOTJkN2U4MjUtYWE1Ny00NzA4LWExMzctMDBiYjQ2NjZiZWVjIiwidCI6ImJkMDNhNzM1LTJhYTMtNGNjYS05NzIyLTJhZTQ5MjlhYjNlYyIsImMiOjEwfQ%3D%3D&pageName=adfba30c52355c5b1631
Itbayat,Batanes,20.7833,121.8333,2009,10,Oct,SON,Wet Season,1863.2,558.1,2009-10-01,https://app.powerbi.com/view?r=eyJrIjoiOTJkN2U4MjUtYWE1Ny00NzA4LWExMzctMDBiYjQ2NjZiZWVjIiwidCI6ImJkMDNhNzM1LTJhYTMtNGNjYS05NzIyLTJhZTQ5MjlhYjNlYyIsImMiOjEwfQ%3D%3D&pageName=adfba30c52355c5b1631
Itbayat,Batanes,20.7833,121.8333,2009,11,Nov,SON,Dry Season,1863.2,66.3,2009-11-01,https://app.powerbi.com/view?r=eyJrIjoiOTJkN2U4MjUtYWE1Ny00NzA4LWExMzctMDBiYjQ2NjZiZWVjIiwidCI6ImJkMDNhNzM1LTJhYTMtNGNjYS05NzIyLTJhZTQ5MjlhYjNlYyIsImMiOjEwfQ%3D%3D&pageName=adfba30c52355c5b1631
Itbayat,Batanes,20.7833,121.8333,2009,12,Dec,DJF,Dry Season,1863.2,23.3,2009-12-01,https://app.powerbi.com/view?r=eyJrIjoiOTJkN2U4MjUtYWE1Ny00NzA4LWExMzctMDBiYjQ2NjZiZWVjIiwidCI6ImJkMDNhNzM1LTJhYTMtNGNjYS05NzIyLTJhZTQ5MjlhYjNlYyIsImMiOjEwfQ%3D%3D&pageName=adfba30c52355c5b1631
Itbayat,Batanes,20.7833,121.8333,2010,1,Jan,DJF,Dry Season,2528.2,122.9,2010-01-01,https://app.powerbi.com/view?r=eyJrIjoiOTJkN2U4MjUtYWE1Ny00NzA4LWExMzctMDBiYjQ2NjZiZWVjIiwidCI6ImJkMDNhNzM1LTJhYTMtNGNjYS05NzIyLTJhZTQ5MjlhYjNlYyIsImMiOjEwfQ%3D%3D&pageName=adfba30c52355c5b1631
Itbayat,Batanes,20.7833,121.8333,2010,2,Feb,DJF,Dry Season,2528.2,19.2,2010-02-01,https://app.powerbi.com/view?r=eyJrIjoiOTJkN2U4MjUtYWE1Ny00NzA4LWExMzctMDBiYjQ2NjZiZWVjIiwidCI6ImJkMDNhNzM1LTJhYTMtNGNjYS05NzIyLTJhZTQ5MjlhYjNlYyIsImMiOjEwfQ%3D%3D&pageName=adfba30c52355c5b1631
Itbayat,Batanes,20.7833,121.8333,2010,3,Mar,MAM,Dry Season,2528.2,82.8,2010-03-01,https://app.powerbi.com/view?r=eyJrIjoiOTJkN2U4MjUtYWE1Ny00NzA4LWExMzctMDBiYjQ2NjZiZWVjIiwidCI6ImJkMDNhNzM1LTJhYTMtNGNjYS05NzIyLTJhZTQ5MjlhYjNlYyIsImMiOjEwfQ%3D%3D&pageName=adfba30c52355c5b1631
Itbayat,Batanes,20.7833,121.8333,2010,4,Apr,MAM,Dry Season,2528.2,33.9,2010-04-01,https://app.powerbi.com/view?r=eyJrIjoiOTJkN2U4MjUtYWE1Ny00NzA4LWExMzctMDBiYjQ2NjZiZWVjIiwidCI6ImJkMDNhNzM1LTJhYTMtNGNjYS05NzIyLTJhZTQ5MjlhYjNlYyIsImMiOjEwfQ%3D%3D&pageName=adfba30c52355c5b1631
Itbayat,Batanes,20.7833,121.8333,2010,5,May,MAM,Wet Season,2528.2,399.7,2010-05-01,https://app.powerbi.com/view?r=eyJrIjoiOTJkN2U4MjUtYWE1Ny00NzA4LWExMzctMDBiYjQ2NjZiZWVjIiwidCI6ImJkMDNhNzM1LTJhYTMtNGNjYS05NzIyLTJhZTQ5MjlhYjNlYyIsImMiOjEwfQ%3D%3D&pageName=adfba30c52355c5b1631
Itbayat,Batanes,20.7833,121.8333,2010,6,Jun,JJA,Wet Season,2528.2,298,2010-06-01,https://app.powerbi.com/view?r=eyJrIjoiOTJkN2U4MjUtYWE1Ny00NzA4LWExMzctMDBiYjQ2NjZiZWVjIiwidCI6ImJkMDNhNzM1LTJhYTMtNGNjYS05NzIyLTJhZTQ5MjlhYjNlYyIsImMiOjEwfQ%3D%3D&pageName=adfba30c52355c5b1631
Itbayat,Batanes,20.7833,121.8333,2010,7,Jul,JJA,Wet Season,2528.2,137.7,2010-07-01,https://app.powerbi.com/view?r=eyJrIjoiOTJkN2U4MjUtYWE1Ny00NzA4LWExMzctMDBiYjQ2NjZiZWVjIiwidCI6ImJkMDNhNzM1LTJhYTMtNGNjYS05NzIyLTJhZTQ5MjlhYjNlYyIsImMiOjEwfQ%3D%3D&pageName=adfba30c52355c5b1631
Itbayat,Batanes,20.7833,121.8333,2010,8,Aug,JJA,Wet Season,2528.2,390.9,2010-08-01,https://app.powerbi.com/view?r=eyJrIjoiOTJkN2U4MjUtYWE1Ny00NzA4LWExMzctMDBiYjQ2NjZiZWVjIiwidCI6ImJkMDNhNzM1LTJhYTMtNGNjYS05NzIyLTJhZTQ5MjlhYjNlYyIsImMiOjEwfQ%3D%3D&pageName=adfba30c52355c5b1631
Itbayat,Batanes,20.7833,121.8333,2010,9,Sep,SON,Wet Season,2528.2,352.6,2010-09-01,https://app.powerbi.com/view?r=eyJrIjoiOTJkN2U4MjUtYWE1Ny00NzA4LWExMzctMDBiYjQ2NjZiZWVjIiwidCI6ImJkMDNhNzM1LTJhYTMtNGNjYS05NzIyLTJhZTQ5MjlhYjNlYyIsImMiOjEwfQ%3D%3D&pageName=adfba30c52355c5b1631
Itbayat,Batanes,20.7833,121.8333,2010,10,Oct,SON,Wet Season,2528.2,134.7,2010-10-01,https://app.powerbi.com/view?r=eyJrIjoiOTJkN2U4MjUtYWE1Ny00NzA4LWExMzctMDBiYjQ2NjZiZWVjIiwidCI6ImJkMDNhNzM1LTJhYTMtNGNjYS05NzIyLTJhZTQ5MjlhYjNlYyIsImMiOjEwfQ%3D%3D&pageName=adfba30c52355c5b1631
Itbayat,Batanes,20.7833,121.8333,2010,11,Nov,SON,Dry Season,2528.2,414.1,2010-11-01,https://app.powerbi.com/view?r=eyJrIjoiOTJkN2U4MjUtYWE1Ny00NzA4LWExMzctMDBiYjQ2NjZiZWVjIiwidCI6ImJkMDNhNzM1LTJhYTMtNGNjYS05NzIyLTJhZTQ5MjlhYjNlYyIsImMiOjEwfQ%3D%3D&pageName=adfba30c52355c5b1631
Itbayat,Batanes,20.7833,121.8333,2010,12,Dec,DJF,Dry Season,2528.2,141.7,2010-12-01,https://app.powerbi.com/view?r=eyJrIjoiOTJkN2U4MjUtYWE1Ny00NzA4LWExMzctMDBiYjQ2NjZiZWVjIiwidCI6ImJkMDNhNzM1LTJhYTMtNGNjYS05NzIyLTJhZTQ5MjlhYjNlYyIsImMiOjEwfQ%3D%3D&pageName=adfba30c52355c5b1631
Itbayat,Batanes,20.7833,121.8333,2011,1,Jan,DJF,Dry Season,2670.2,281.8,2011-01-01,https://app.powerbi.com/view?r=eyJrIjoiOTJkN2U4MjUtYWE1Ny00NzA4LWExMzctMDBiYjQ2NjZiZWVjIiwidCI6ImJkMDNhNzM1LTJhYTMtNGNjYS05NzIyLTJhZTQ5MjlhYjNlYyIsImMiOjEwfQ%3D%3D&pageName=adfba30c52355c5b1631
Itbayat,Batanes,20.7833,121.8333,2011,2,Feb,DJF,Dry Season,2670.2,60.8,2011-02-01,https://app.powerbi.com/view?r=eyJrIjoiOTJkN2U4MjUtYWE1Ny00NzA4LWExMzctMDBiYjQ2NjZiZWVjIiwidCI6ImJkMDNhNzM1LTJhYTMtNGNjYS05NzIyLTJhZTQ5MjlhYjNlYyIsImMiOjEwfQ%3D%3D&pageName=adfba30c52355c5b1631
Itbayat,Batanes,20.7833,121.8333,2011,3,Mar,MAM,Dry Season,2670.2,40.5,2011-03-01,https://app.powerbi.com/view?r=eyJrIjoiOTJkN2U4MjUtYWE1Ny00NzA4LWExMzctMDBiYjQ2NjZiZWVjIiwidCI6ImJkMDNhNzM1LTJhYTMtNGNjYS05NzIyLTJhZTQ5MjlhYjNlYyIsImMiOjEwfQ%3D%3D&pageName=adfba30c52355c5b1631
Itbayat,Batanes,20.7833,121.8333,2011,4,Apr,MAM,Dry Season,2670.2,24.8,2011-04-01,https://app.powerbi.com/view?r=eyJrIjoiOTJkN2U4MjUtYWE1Ny00NzA4LWExMzctMDBiYjQ2NjZiZWVjIiwidCI6ImJkMDNhNzM1LTJhYTMtNGNjYS05NzIyLTJhZTQ5MjlhYjNlYyIsImMiOjEwfQ%3D%3D&pageName=adfba30c52355c5b1631
Itbayat,Batanes,20.7833,121.8333,2011,5,May,MAM,Wet Season,2670.2,152.6,2011-05-01,https://app.powerbi.com/view?r=eyJrIjoiOTJkN2U4MjUtYWE1Ny00NzA4LWExMzctMDBiYjQ2NjZiZWVjIiwidCI6ImJkMDNhNzM1LTJhYTMtNGNjYS05NzIyLTJhZTQ5MjlhYjNlYyIsImMiOjEwfQ%3D%3D&pageName=adfba30c52355c5b1631
Itbayat,Batanes,20.7833,121.8333,2011,6,Jun,JJA,Wet Season,2670.2,148.4,2011-06-01,https://app.powerbi.com/view?r=eyJrIjoiOTJkN2U4MjUtYWE1Ny00NzA4LWExMzctMDBiYjQ2NjZiZWVjIiwidCI6ImJkMDNhNzM1LTJhYTMtNGNjYS05NzIyLTJhZTQ5MjlhYjNlYyIsImMiOjEwfQ%3D%3D&pageName=adfba30c52355c5b1631
Itbayat,Batanes,20.7833,121.8333,2011,7,Jul,JJA,Wet Season,2670.2,275.1,2011-07-01,https://app.powerbi.com/view?r=eyJrIjoiOTJkN2U4MjUtYWE1Ny00NzA4LWExMzctMDBiYjQ2NjZiZWVjIiwidCI6ImJkMDNhNzM1LTJhYTMtNGNjYS05NzIyLTJhZTQ5MjlhYjNlYyIsImMiOjEwfQ%3D%3D&pageName=adfba30c52355c5b1631
Itbayat,Batanes,20.7833,121.8333,2011,8,Aug,JJA,Wet Season,2670.2,327.6,2011-08-01,https://app.powerbi.com/view?r=eyJrIjoiOTJkN2U4MjUtYWE1Ny00NzA4LWExMzctMDBiYjQ2NjZiZWVjIiwidCI6ImJkMDNhNzM1LTJhYTMtNGNjYS05NzIyLTJhZTQ5MjlhYjNlYyIsImMiOjEwfQ%3D%3D&pageName=adfba30c52355c5b1631
Itbayat,Batanes,20.7833,121.8333,2011,9,Sep,SON,Wet Season,2670.2,189.7,2011-09-01,https://app.powerbi.com/view?r=eyJrIjoiOTJkN2U4MjUtYWE1Ny00NzA4LWExMzctMDBiYjQ2NjZiZWVjIiwidCI6ImJkMDNhNzM1LTJhYTMtNGNjYS05NzIyLTJhZTQ5MjlhYjNlYyIsImMiOjEwfQ%3D%3D&pageName=adfba30c52355c5b1631
Itbayat,Batanes,20.7833,121.8333,2011,10,Oct,SON,Wet Season,2670.2,495.1,2011-10-01,https://app.powerbi.com/view?r=eyJrIjoiOTJkN2U4MjUtYWE1Ny00NzA4LWExMzctMDBiYjQ2NjZiZWVjIiwidCI6ImJkMDNhNzM1LTJhYTMtNGNjYS05NzIyLTJhZTQ5MjlhYjNlYyIsImMiOjEwfQ%3D%3D&pageName=adfba30c52355c5b1631
Itbayat,Batanes,20.7833,121.8333,2011,11,Nov,SON,Dry Season,2670.2,381.4,2011-11-01,https://app.powerbi.com/view?r=eyJrIjoiOTJkN2U4MjUtYWE1Ny00NzA4LWExMzctMDBiYjQ2NjZiZWVjIiwidCI6ImJkMDNhNzM1LTJhYTMtNGNjYS05NzIyLTJhZTQ5MjlhYjNlYyIsImMiOjEwfQ%3D%3D&pageName=adfba30c52355c5b1631
Itbayat,Batanes,20.7833,121.8333,2011,12,Dec,DJF,Dry Season,2670.2,292.4,2011-12-01,https://app.powerbi.com/view?r=eyJrIjoiOTJkN2U4MjUtYWE1Ny00NzA4LWExMzctMDBiYjQ2NjZiZWVjIiwidCI6ImJkMDNhNzM1LTJhYTMtNGNjYS05NzIyLTJhZTQ5MjlhYjNlYyIsImMiOjEwfQ%3D%3D&pageName=adfba30c52355c5b1631
Itbayat,Batanes,20.7833,121.8333,2012,1,Jan,DJF,Dry Season,2184.9,102.4,2012-01-01,https://app.powerbi.com/view?r=eyJrIjoiOTJkN2U4MjUtYWE1Ny00NzA4LWExMzctMDBiYjQ2NjZiZWVjIiwidCI6ImJkMDNhNzM1LTJhYTMtNGNjYS05NzIyLTJhZTQ5MjlhYjNlYyIsImMiOjEwfQ%3D%3D&pageName=adfba30c52355c5b1631
Itbayat,Batanes,20.7833,121.8333,2012,2,Feb,DJF,Dry Season,2184.9,86.9,2012-02-01,https://app.powerbi.com/view?r=eyJrIjoiOTJkN2U4MjUtYWE1Ny00NzA4LWExMzctMDBiYjQ2NjZiZWVjIiwidCI6ImJkMDNhNzM1LTJhYTMtNGNjYS05NzIyLTJhZTQ5MjlhYjNlYyIsImMiOjEwfQ%3D%3D&pageName=adfba30c52355c5b1631
Itbayat,Batanes,20.7833,121.8333,2012,3,Mar,MAM,Dry Season,2184.9,80,2012-03-01,https://app.powerbi.com/view?r=eyJrIjoiOTJkN2U4MjUtYWE1Ny00NzA4LWExMzctMDBiYjQ2NjZiZWVjIiwidCI6ImJkMDNhNzM1LTJhYTMtNGNjYS05NzIyLTJhZTQ5MjlhYjNlYyIsImMiOjEwfQ%3D%3D&pageName=adfba30c52355c5b1631
Itbayat,Batanes,20.7833,121.8333,2012,4,Apr,MAM,Dry Season,2184.9,112.7,2012-04-01,https://app.powerbi.com/view?r=eyJrIjoiOTJkN2U4MjUtYWE1Ny00NzA4LWExMzctMDBiYjQ2NjZiZWVjIiwidCI6ImJkMDNhNzM1LTJhYTMtNGNjYS05NzIyLTJhZTQ5MjlhYjNlYyIsImMiOjEwfQ%3D%3D&pageName=adfba30c52355c5b1631
Itbayat,Batanes,20.7833,121.8333,2012,5,May,MAM,Wet Season,2184.9,222,2012-05-01,https://app.powerbi.com/view?r=eyJrIjoiOTJkN2U4MjUtYWE1Ny00NzA4LWExMzctMDBiYjQ2NjZiZWVjIiwidCI6ImJkMDNhNzM1LTJhYTMtNGNjYS05NzIyLTJhZTQ5MjlhYjNlYyIsImMiOjEwfQ%3D%3D&pageName=adfba30c52355c5b1631
Itbayat,Batanes,20.7833,121.8333,2012,6,Jun,JJA,Wet Season,2184.9,135.7,2012-06-01,https://app.powerbi.com/view?r=eyJrIjoiOTJkN2U4MjUtYWE1Ny00NzA4LWExMzctMDBiYjQ2NjZiZWVjIiwidCI6ImJkMDNhNzM1LTJhYTMtNGNjYS05NzIyLTJhZTQ5MjlhYjNlYyIsImMiOjEwfQ%3D%3D&pageName=adfba30c52355c5b1631
Itbayat,Batanes,20.7833,121.8333,2012,7,Jul,JJA,Wet Season,2184.9,466.7,2012-07-01,https://app.powerbi.com/view?r=eyJrIjoiOTJkN2U4MjUtYWE1Ny00NzA4LWExMzctMDBiYjQ2NjZiZWVjIiwidCI6ImJkMDNhNzM1LTJhYTMtNGNjYS05NzIyLTJhZTQ5MjlhYjNlYyIsImMiOjEwfQ%3D%3D&pageName=adfba30c52355c5b1631
Itbayat,Batanes,20.7833,121.8333,2012,8,Aug,JJA,Wet Season,2184.9,406.7,2012-08-01,https://app.powerbi.com/view?r=eyJrIjoiOTJkN2U4MjUtYWE1Ny00NzA4LWExMzctMDBiYjQ2NjZiZWVjIiwidCI6ImJkMDNhNzM1LTJhYTMtNGNjYS05NzIyLTJhZTQ5MjlhYjNlYyIsImMiOjEwfQ%3D%3D&pageName=adfba30c52355c5b1631
Itbayat,Batanes,20.7833,121.8333,2012,9,Sep,SON,Wet Season,2184.9,110.2,2012-09-01,https://app.powerbi.com/view?r=eyJrIjoiOTJkN2U4MjUtYWE1Ny00NzA4LWExMzctMDBiYjQ2NjZiZWVjIiwidCI6ImJkMDNhNzM1LTJhYTMtNGNjYS05NzIyLTJhZTQ5MjlhYjNlYyIsImMiOjEwfQ%3D%3D&pageName=adfba30c52355c5b1631
Itbayat,Batanes,20.7833,121.8333,2012,10,Oct,SON,Wet Season,2184.9,13.4,2012-10-01,https://app.powerbi.com/view?r=eyJrIjoiOTJkN2U4MjUtYWE1Ny00NzA4LWExMzctMDBiYjQ2NjZiZWVjIiwidCI6ImJkMDNhNzM1LTJhYTMtNGNjYS05NzIyLTJhZTQ5MjlhYjNlYyIsImMiOjEwfQ%3D%3D&pageName=adfba30c52355c5b1631
Itbayat,Batanes,20.7833,121.8333,2012,11,Nov,SON,Dry Season,2184.9,209.9,2012-11-01,https://app.powerbi.com/view?r=eyJrIjoiOTJkN2U4MjUtYWE1Ny00NzA4LWExMzctMDBiYjQ2NjZiZWVjIiwidCI6ImJkMDNhNzM1LTJhYTMtNGNjYS05NzIyLTJhZTQ5MjlhYjNlYyIsImMiOjEwfQ%3D%3D&pageName=adfba30c52355c5b1631
Itbayat,Batanes,20.7833,121.8333,2012,12,Dec,DJF,Dry Season,2184.9,238.3,2012-12-01,https://app.powerbi.com/view?r=eyJrIjoiOTJkN2U4MjUtYWE1Ny00NzA4LWExMzctMDBiYjQ2NjZiZWVjIiwidCI6ImJkMDNhNzM1LTJhYTMtNGNjYS05NzIyLTJhZTQ5MjlhYjNlYyIsImMiOjEwfQ%3D%3D&pageName=adfba30c52355c5b1631
Itbayat,Batanes,20.7833,121.8333,2013,1,Jan,DJF,Dry Season,1954,184.6,2013-01-01,https://app.powerbi.com/view?r=eyJrIjoiOTJkN2U4MjUtYWE1Ny00NzA4LWExMzctMDBiYjQ2NjZiZWVjIiwidCI6ImJkMDNhNzM1LTJhYTMtNGNjYS05NzIyLTJhZTQ5MjlhYjNlYyIsImMiOjEwfQ%3D%3D&pageName=adfba30c52355c5b1631
Itbayat,Batanes,20.7833,121.8333,2013,2,Feb,DJF,Dry Season,1954,54.1,2013-02-01,https://app.powerbi.com/view?r=eyJrIjoiOTJkN2U4MjUtYWE1Ny00NzA4LWExMzctMDBiYjQ2NjZiZWVjIiwidCI6ImJkMDNhNzM1LTJhYTMtNGNjYS05NzIyLTJhZTQ5MjlhYjNlYyIsImMiOjEwfQ%3D%3D&pageName=adfba30c52355c5b1631
Itbayat,Batanes,20.7833,121.8333,2013,3,Mar,MAM,Dry Season,1954,20.3,2013-03-01,https://app.powerbi.com/view?r=eyJrIjoiOTJkN2U4MjUtYWE1Ny00NzA4LWExMzctMDBiYjQ2NjZiZWVjIiwidCI6ImJkMDNhNzM1LTJhYTMtNGNjYS05NzIyLTJhZTQ5MjlhYjNlYyIsImMiOjEwfQ%3D%3D&pageName=adfba30c52355c5b1631
Itbayat,Batanes,20.7833,121.8333,2013,4,Apr,MAM,Dry Season,1954,69.4,2013-04-01,https://app.powerbi.com/view?r=eyJrIjoiOTJkN2U4MjUtYWE1Ny00NzA4LWExMzctMDBiYjQ2NjZiZWVjIiwidCI6ImJkMDNhNzM1LTJhYTMtNGNjYS05NzIyLTJhZTQ5MjlhYjNlYyIsImMiOjEwfQ%3D%3D&pageName=adfba30c52355c5b1631
Itbayat,Batanes,20.7833,121.8333,2013,5,May,MAM,Wet Season,1954,126.8,2013-05-01,https://app.powerbi.com/view?r=eyJrIjoiOTJkN2U4MjUtYWE1Ny00NzA4LWExMzctMDBiYjQ2NjZiZWVjIiwidCI6ImJkMDNhNzM1LTJhYTMtNGNjYS05NzIyLTJhZTQ5MjlhYjNlYyIsImMiOjEwfQ%3D%3D&pageName=adfba30c52355c5b1631
Itbayat,Batanes,20.7833,121.8333,2013,6,Jun,JJA,Wet Season,1954,86.6,2013-06-01,https://app.powerbi.com/view?r=eyJrIjoiOTJkN2U4MjUtYWE1Ny00NzA4LWExMzctMDBiYjQ2NjZiZWVjIiwidCI6ImJkMDNhNzM1LTJhYTMtNGNjYS05NzIyLTJhZTQ5MjlhYjNlYyIsImMiOjEwfQ%3D%3D&pageName=adfba30c52355c5b1631
Itbayat,Batanes,20.7833,121.8333,2013,7,Jul,JJA,Wet Season,1954,248.6,2013-07-01,https://app.powerbi.com/view?r=eyJrIjoiOTJkN2U4MjUtYWE1Ny00NzA4LWExMzctMDBiYjQ2NjZiZWVjIiwidCI6ImJkMDNhNzM1LTJhYTMtNGNjYS05NzIyLTJhZTQ5MjlhYjNlYyIsImMiOjEwfQ%3D%3D&pageName=adfba30c52355c5b1631
Itbayat,Batanes,20.7833,121.8333,2013,8,Aug,JJA,Wet Season,1954,394.3,2013-08-01,https://app.powerbi.com/view?r=eyJrIjoiOTJkN2U4MjUtYWE1Ny00NzA4LWExMzctMDBiYjQ2NjZiZWVjIiwidCI6ImJkMDNhNzM1LTJhYTMtNGNjYS05NzIyLTJhZTQ5MjlhYjNlYyIsImMiOjEwfQ%3D%3D&pageName=adfba30c52355c5b1631
Itbayat,Batanes,20.7833,121.8333,2013,9,Sep,SON,Wet Season,1954,420.4,2013-09-01,https://app.powerbi.com/view?r=eyJrIjoiOTJkN2U4MjUtYWE1Ny00NzA4LWExMzctMDBiYjQ2NjZiZWVjIiwidCI6ImJkMDNhNzM1LTJhYTMtNGNjYS05NzIyLTJhZTQ5MjlhYjNlYyIsImMiOjEwfQ%3D%3D&pageName=adfba30c52355c5b1631
Itbayat,Batanes,20.7833,121.8333,2013,10,Oct,SON,Wet Season,1954,52.1,2013-10-01,https://app.powerbi.com/view?r=eyJrIjoiOTJkN2U4MjUtYWE1Ny00NzA4LWExMzctMDBiYjQ2NjZiZWVjIiwidCI6ImJkMDNhNzM1LTJhYTMtNGNjYS05NzIyLTJhZTQ5MjlhYjNlYyIsImMiOjEwfQ%3D%3D&pageName=adfba30c52355c5b1631
Itbayat,Batanes,20.7833,121.8333,2013,11,Nov,SON,Dry Season,1954,117.3,2013-11-01,https://app.powerbi.com/view?r=eyJrIjoiOTJkN2U4MjUtYWE1Ny00NzA4LWExMzctMDBiYjQ2NjZiZWVjIiwidCI6ImJkMDNhNzM1LTJhYTMtNGNjYS05NzIyLTJhZTQ5MjlhYjNlYyIsImMiOjEwfQ%3D%3D&pageName=adfba30c52355c5b1631
Itbayat,Batanes,20.7833,121.8333,2013,12,Dec,DJF,Dry Season,1954,179.5,2013-12-01,https://app.powerbi.com/view?r=eyJrIjoiOTJkN2U4MjUtYWE1Ny00NzA4LWExMzctMDBiYjQ2NjZiZWVjIiwidCI6ImJkMDNhNzM1LTJhYTMtNGNjYS05NzIyLTJhZTQ5MjlhYjNlYyIsImMiOjEwfQ%3D%3D&pageName=adfba30c52355c5b1631
Itbayat,Batanes,20.7833,121.8333,2014,1,Jan,DJF,Dry Season,1502.7,27.8,2014-01-01,https://app.powerbi.com/view?r=eyJrIjoiOTJkN2U4MjUtYWE1Ny00NzA4LWExMzctMDBiYjQ2NjZiZWVjIiwidCI6ImJkMDNhNzM1LTJhYTMtNGNjYS05NzIyLTJhZTQ5MjlhYjNlYyIsImMiOjEwfQ%3D%3D&pageName=adfba30c52355c5b1631
Itbayat,Batanes,20.7833,121.8333,2014,2,Feb,DJF,Dry Season,1502.7,35.7,2014-02-01,https://app.powerbi.com/view?r=eyJrIjoiOTJkN2U4MjUtYWE1Ny00NzA4LWExMzctMDBiYjQ2NjZiZWVjIiwidCI6ImJkMDNhNzM1LTJhYTMtNGNjYS05NzIyLTJhZTQ5MjlhYjNlYyIsImMiOjEwfQ%3D%3D&pageName=adfba30c52355c5b1631
Itbayat,Batanes,20.7833,121.8333,2014,3,Mar,MAM,Dry Season,1502.7,7.2,2014-03-01,https://app.powerbi.com/view?r=eyJrIjoiOTJkN2U4MjUtYWE1Ny00NzA4LWExMzctMDBiYjQ2NjZiZWVjIiwidCI6ImJkMDNhNzM1LTJhYTMtNGNjYS05NzIyLTJhZTQ5MjlhYjNlYyIsImMiOjEwfQ%3D%3D&pageName=adfba30c52355c5b1631
Itbayat,Batanes,20.7833,121.8333,2014,4,Apr,MAM,Dry Season,1502.7,9.8,2014-04-01,https://app.powerbi.com/view?r=eyJrIjoiOTJkN2U4MjUtYWE1Ny00NzA4LWExMzctMDBiYjQ2NjZiZWVjIiwidCI6ImJkMDNhNzM1LTJhYTMtNGNjYS05NzIyLTJhZTQ5MjlhYjNlYyIsImMiOjEwfQ%3D%3D&pageName=adfba30c52355c5b1631
Itbayat,Batanes,20.7833,121.8333,2014,5,May,MAM,Wet Season,1502.7,105.4,2014-05-01,https://app.powerbi.com/view?r=eyJrIjoiOTJkN2U4MjUtYWE1Ny00NzA4LWExMzctMDBiYjQ2NjZiZWVjIiwidCI6ImJkMDNhNzM1LTJhYTMtNGNjYS05NzIyLTJhZTQ5MjlhYjNlYyIsImMiOjEwfQ%3D%3D&pageName=adfba30c52355c5b1631
Itbayat,Batanes,20.7833,121.8333,2014,6,Jun,JJA,Wet Season,1502.7,389,2014-06-01,https://app.powerbi.com/view?r=eyJrIjoiOTJkN2U4MjUtYWE1Ny00NzA4LWExMzctMDBiYjQ2NjZiZWVjIiwidCI6ImJkMDNhNzM1LTJhYTMtNGNjYS05NzIyLTJhZTQ5MjlhYjNlYyIsImMiOjEwfQ%3D%3D&pageName=adfba30c52355c5b1631
Itbayat,Batanes,20.7833,121.8333,2014,7,Jul,JJA,Wet Season,1502.7,161.8,2014-07-01,https://app.powerbi.com/view?r=eyJrIjoiOTJkN2U4MjUtYWE1Ny00NzA4LWExMzctMDBiYjQ2NjZiZWVjIiwidCI6ImJkMDNhNzM1LTJhYTMtNGNjYS05NzIyLTJhZTQ5MjlhYjNlYyIsImMiOjEwfQ%3D%3D&pageName=adfba30c52355c5b1631
Itbayat,Batanes,20.7833,121.8333,2014,8,Aug,JJA,Wet Season,1502.7,104.6,2014-08-01,https://app.powerbi.com/view?r=eyJrIjoiOTJkN2U4MjUtYWE1Ny00NzA4LWExMzctMDBiYjQ2NjZiZWVjIiwidCI6ImJkMDNhNzM1LTJhYTMtNGNjYS05NzIyLTJhZTQ5MjlhYjNlYyIsImMiOjEwfQ%3D%3D&pageName=adfba30c52355c5b1631
Itbayat,Batanes,20.7833,121.8333,2014,9,Sep,SON,Wet Season,1502.7,301.4,2014-09-01,https://app.powerbi.com/view?r=eyJrIjoiOTJkN2U4MjUtYWE1Ny00NzA4LWExMzctMDBiYjQ2NjZiZWVjIiwidCI6ImJkMDNhNzM1LTJhYTMtNGNjYS05NzIyLTJhZTQ5MjlhYjNlYyIsImMiOjEwfQ%3D%3D&pageName=adfba30c52355c5b1631
Itbayat,Batanes,20.7833,121.8333,2014,10,Oct,SON,Wet Season,1502.7,124.1,2014-10-01,https://app.powerbi.com/view?r=eyJrIjoiOTJkN2U4MjUtYWE1Ny00NzA4LWExMzctMDBiYjQ2NjZiZWVjIiwidCI6ImJkMDNhNzM1LTJhYTMtNGNjYS05NzIyLTJhZTQ5MjlhYjNlYyIsImMiOjEwfQ%3D%3D&pageName=adfba30c52355c5b1631
Itbayat,Batanes,20.7833,121.8333,2014,11,Nov,SON,Dry Season,1502.7,118.1,2014-11-01,https://app.powerbi.com/view?r=eyJrIjoiOTJkN2U4MjUtYWE1Ny00NzA4LWExMzctMDBiYjQ2NjZiZWVjIiwidCI6ImJkMDNhNzM1LTJhYTMtNGNjYS05NzIyLTJhZTQ5MjlhYjNlYyIsImMiOjEwfQ%3D%3D&pageName=adfba30c52355c5b1631
Itbayat,Batanes,20.7833,121.8333,2014,12,Dec,DJF,Dry Season,1502.7,117.8,2014-12-01,https://app.powerbi.com/view?r=eyJrIjoiOTJkN2U4MjUtYWE1Ny00NzA4LWExMzctMDBiYjQ2NjZiZWVjIiwidCI6ImJkMDNhNzM1LTJhYTMtNGNjYS05NzIyLTJhZTQ5MjlhYjNlYyIsImMiOjEwfQ%3D%3D&pageName=adfba30c52355c5b1631
Itbayat,Batanes,20.7833,121.8333,2015,1,Jan,DJF,Dry Season,1805.9,80.1,2015-01-01,https://app.powerbi.com/view?r=eyJrIjoiOTJkN2U4MjUtYWE1Ny00NzA4LWExMzctMDBiYjQ2NjZiZWVjIiwidCI6ImJkMDNhNzM1LTJhYTMtNGNjYS05NzIyLTJhZTQ5MjlhYjNlYyIsImMiOjEwfQ%3D%3D&pageName=adfba30c52355c5b1631
Itbayat,Batanes,20.7833,121.8333,2015,2,Feb,DJF,Dry Season,1805.9,45.8,2015-02-01,https://app.powerbi.com/view?r=eyJrIjoiOTJkN2U4MjUtYWE1Ny00NzA4LWExMzctMDBiYjQ2NjZiZWVjIiwidCI6ImJkMDNhNzM1LTJhYTMtNGNjYS05NzIyLTJhZTQ5MjlhYjNlYyIsImMiOjEwfQ%3D%3D&pageName=adfba30c52355c5b1631
Itbayat,Batanes,20.7833,121.8333,2015,3,Mar,MAM,Dry Season,1805.9,74.5,2015-03-01,https://app.powerbi.com/view?r=eyJrIjoiOTJkN2U4MjUtYWE1Ny00NzA4LWExMzctMDBiYjQ2NjZiZWVjIiwidCI6ImJkMDNhNzM1LTJhYTMtNGNjYS05NzIyLTJhZTQ5MjlhYjNlYyIsImMiOjEwfQ%3D%3D&pageName=adfba30c52355c5b1631
Itbayat,Batanes,20.7833,121.8333,2015,4,Apr,MAM,Dry Season,1805.9,87.4,2015-04-01,https://app.powerbi.com/view?r=eyJrIjoiOTJkN2U4MjUtYWE1Ny00NzA4LWExMzctMDBiYjQ2NjZiZWVjIiwidCI6ImJkMDNhNzM1LTJhYTMtNGNjYS05NzIyLTJhZTQ5MjlhYjNlYyIsImMiOjEwfQ%3D%3D&pageName=adfba30c52355c5b1631
Itbayat,Batanes,20.7833,121.8333,2015,5,May,MAM,Wet Season,1805.9,358,2015-05-01,https://app.powerbi.com/view?r=eyJrIjoiOTJkN2U4MjUtYWE1Ny00NzA4LWExMzctMDBiYjQ2NjZiZWVjIiwidCI6ImJkMDNhNzM1LTJhYTMtNGNjYS05NzIyLTJhZTQ5MjlhYjNlYyIsImMiOjEwfQ%3D%3D&pageName=adfba30c52355c5b1631
Itbayat,Batanes,20.7833,121.8333,2015,6,Jun,JJA,Wet Season,1805.9,8.4,2015-06-01,https://app.powerbi.com/view?r=eyJrIjoiOTJkN2U4MjUtYWE1Ny00NzA4LWExMzctMDBiYjQ2NjZiZWVjIiwidCI6ImJkMDNhNzM1LTJhYTMtNGNjYS05NzIyLTJhZTQ5MjlhYjNlYyIsImMiOjEwfQ%3D%3D&pageName=adfba30c52355c5b1631
Itbayat,Batanes,20.7833,121.8333,2015,7,Jul,JJA,Wet Season,1805.9,306.6,2015-07-01,https://app.powerbi.com/view?r=eyJrIjoiOTJkN2U4MjUtYWE1Ny00NzA4LWExMzctMDBiYjQ2NjZiZWVjIiwidCI6ImJkMDNhNzM1LTJhYTMtNGNjYS05NzIyLTJhZTQ5MjlhYjNlYyIsImMiOjEwfQ%3D%3D&pageName=adfba30c52355c5b1631
Itbayat,Batanes,20.7833,121.8333,2015,8,Aug,JJA,Wet Season,1805.9,217.4,2015-08-01,https://app.powerbi.com/view?r=eyJrIjoiOTJkN2U4MjUtYWE1Ny00NzA4LWExMzctMDBiYjQ2NjZiZWVjIiwidCI6ImJkMDNhNzM1LTJhYTMtNGNjYS05NzIyLTJhZTQ5MjlhYjNlYyIsImMiOjEwfQ%3D%3D&pageName=adfba30c52355c5b1631
Itbayat,Batanes,20.7833,121.8333,2015,9,Sep,SON,Wet Season,1805.9,35.9,2015-09-01,https://app.powerbi.com/view?r=eyJrIjoiOTJkN2U4MjUtYWE1Ny00NzA4LWExMzctMDBiYjQ2NjZiZWVjIiwidCI6ImJkMDNhNzM1LTJhYTMtNGNjYS05NzIyLTJhZTQ5MjlhYjNlYyIsImMiOjEwfQ%3D%3D&pageName=adfba30c52355c5b1631
Itbayat,Batanes,20.7833,121.8333,2015,10,Oct,SON,Wet Season,1805.9,291.7,2015-10-01,https://app.powerbi.com/view?r=eyJrIjoiOTJkN2U4MjUtYWE1Ny00NzA4LWExMzctMDBiYjQ2NjZiZWVjIiwidCI6ImJkMDNhNzM1LTJhYTMtNGNjYS05NzIyLTJhZTQ5MjlhYjNlYyIsImMiOjEwfQ%3D%3D&pageName=adfba30c52355c5b1631
Itbayat,Batanes,20.7833,121.8333,2015,11,Nov,SON,Dry Season,1805.9,226.8,2015-11-01,https://app.powerbi.com/view?r=eyJrIjoiOTJkN2U4MjUtYWE1Ny00NzA4LWExMzctMDBiYjQ2NjZiZWVjIiwidCI6ImJkMDNhNzM1LTJhYTMtNGNjYS05NzIyLTJhZTQ5MjlhYjNlYyIsImMiOjEwfQ%3D%3D&pageName=adfba30c52355c5b1631
Itbayat,Batanes,20.7833,121.8333,2015,12,Dec,DJF,Dry Season,1805.9,73.3,2015-12-01,https://app.powerbi.com/view?r=eyJrIjoiOTJkN2U4MjUtYWE1Ny00NzA4LWExMzctMDBiYjQ2NjZiZWVjIiwidCI6ImJkMDNhNzM1LTJhYTMtNGNjYS05NzIyLTJhZTQ5MjlhYjNlYyIsImMiOjEwfQ%3D%3D&pageName=adfba30c52355c5b1631
Itbayat,Batanes,20.7833,121.8333,2016,1,Jan,DJF,Dry Season,3134.7,375.4,2016-01-01,https://app.powerbi.com/view?r=eyJrIjoiOTJkN2U4MjUtYWE1Ny00NzA4LWExMzctMDBiYjQ2NjZiZWVjIiwidCI6ImJkMDNhNzM1LTJhYTMtNGNjYS05NzIyLTJhZTQ5MjlhYjNlYyIsImMiOjEwfQ%3D%3D&pageName=adfba30c52355c5b1631
Itbayat,Batanes,20.7833,121.8333,2016,2,Feb,DJF,Dry Season,3134.7,113.2,2016-02-01,https://app.powerbi.com/view?r=eyJrIjoiOTJkN2U4MjUtYWE1Ny00NzA4LWExMzctMDBiYjQ2NjZiZWVjIiwidCI6ImJkMDNhNzM1LTJhYTMtNGNjYS05NzIyLTJhZTQ5MjlhYjNlYyIsImMiOjEwfQ%3D%3D&pageName=adfba30c52355c5b1631
Itbayat,Batanes,20.7833,121.8333,2016,3,Mar,MAM,Dry Season,3134.7,44.5,2016-03-01,https://app.powerbi.com/view?r=eyJrIjoiOTJkN2U4MjUtYWE1Ny00NzA4LWExMzctMDBiYjQ2NjZiZWVjIiwidCI6ImJkMDNhNzM1LTJhYTMtNGNjYS05NzIyLTJhZTQ5MjlhYjNlYyIsImMiOjEwfQ%3D%3D&pageName=adfba30c52355c5b1631
Itbayat,Batanes,20.7833,121.8333,2016,4,Apr,MAM,Dry Season,3134.7,18.5,2016-04-01,https://app.powerbi.com/view?r=eyJrIjoiOTJkN2U4MjUtYWE1Ny00NzA4LWExMzctMDBiYjQ2NjZiZWVjIiwidCI6ImJkMDNhNzM1LTJhYTMtNGNjYS05NzIyLTJhZTQ5MjlhYjNlYyIsImMiOjEwfQ%3D%3D&pageName=adfba30c52355c5b1631
Itbayat,Batanes,20.7833,121.8333,2016,5,May,MAM,Wet Season,3134.7,132.4,2016-05-01,https://app.powerbi.com/view?r=eyJrIjoiOTJkN2U4MjUtYWE1Ny00NzA4LWExMzctMDBiYjQ2NjZiZWVjIiwidCI6ImJkMDNhNzM1LTJhYTMtNGNjYS05NzIyLTJhZTQ5MjlhYjNlYyIsImMiOjEwfQ%3D%3D&pageName=adfba30c52355c5b1631
Itbayat,Batanes,20.7833,121.8333,2016,6,Jun,JJA,Wet Season,3134.7,170.2,2016-06-01,https://app.powerbi.com/view?r=eyJrIjoiOTJkN2U4MjUtYWE1Ny00NzA4LWExMzctMDBiYjQ2NjZiZWVjIiwidCI6ImJkMDNhNzM1LTJhYTMtNGNjYS05NzIyLTJhZTQ5MjlhYjNlYyIsImMiOjEwfQ%3D%3D&pageName=adfba30c52355c5b1631
Itbayat,Batanes,20.7833,121.8333,2016,7,Jul,JJA,Wet Season,3134.7,425.3,2016-07-01,https://app.powerbi.com/view?r=eyJrIjoiOTJkN2U4MjUtYWE1Ny00NzA4LWExMzctMDBiYjQ2NjZiZWVjIiwidCI6ImJkMDNhNzM1LTJhYTMtNGNjYS05NzIyLTJhZTQ5MjlhYjNlYyIsImMiOjEwfQ%3D%3D&pageName=adfba30c52355c5b1631
Itbayat,Batanes,20.7833,121.8333,2016,8,Aug,JJA,Wet Season,3134.7,262.4,2016-08-01,https://app.powerbi.com/view?r=eyJrIjoiOTJkN2U4MjUtYWE1Ny00NzA4LWExMzctMDBiYjQ2NjZiZWVjIiwidCI6ImJkMDNhNzM1LTJhYTMtNGNjYS05NzIyLTJhZTQ5MjlhYjNlYyIsImMiOjEwfQ%3D%3D&pageName=adfba30c52355c5b1631
Itbayat,Batanes,20.7833,121.8333,2016,9,Sep,SON,Wet Season,3134.7,724.5,2016-09-01,https://app.powerbi.com/view?r=eyJrIjoiOTJkN2U4MjUtYWE1Ny00NzA4LWExMzctMDBiYjQ2NjZiZWVjIiwidCI6ImJkMDNhNzM1LTJhYTMtNGNjYS05NzIyLTJhZTQ5MjlhYjNlYyIsImMiOjEwfQ%3D%3D&pageName=adfba30c52355c5b1631
Itbayat,Batanes,20.7833,121.8333,2016,10,Oct,SON,Wet Season,3134.7,520.9,2016-10-01,https://app.powerbi.com/view?r=eyJrIjoiOTJkN2U4MjUtYWE1Ny00NzA4LWExMzctMDBiYjQ2NjZiZWVjIiwidCI6ImJkMDNhNzM1LTJhYTMtNGNjYS05NzIyLTJhZTQ5MjlhYjNlYyIsImMiOjEwfQ%3D%3D&pageName=adfba30c52355c5b1631
Itbayat,Batanes,20.7833,121.8333,2016,11,Nov,SON,Dry Season,3134.7,237.5,2016-11-01,https://app.powerbi.com/view?r=eyJrIjoiOTJkN2U4MjUtYWE1Ny00NzA4LWExMzctMDBiYjQ2NjZiZWVjIiwidCI6ImJkMDNhNzM1LTJhYTMtNGNjYS05NzIyLTJhZTQ5MjlhYjNlYyIsImMiOjEwfQ%3D%3D&pageName=adfba30c52355c5b1631
Itbayat,Batanes,20.7833,121.8333,2016,12,Dec,DJF,Dry Season,3134.7,109.9,2016-12-01,https://app.powerbi.com/view?r=eyJrIjoiOTJkN2U4MjUtYWE1Ny00NzA4LWExMzctMDBiYjQ2NjZiZWVjIiwidCI6ImJkMDNhNzM1LTJhYTMtNGNjYS05NzIyLTJhZTQ5MjlhYjNlYyIsImMiOjEwfQ%3D%3D&pageName=adfba30c52355c5b1631
Itbayat,Batanes,20.7833,121.8333,2017,1,Jan,DJF,Dry Season,2322.1,96.5,2017-01-01,https://app.powerbi.com/view?r=eyJrIjoiOTJkN2U4MjUtYWE1Ny00NzA4LWExMzctMDBiYjQ2NjZiZWVjIiwidCI6ImJkMDNhNzM1LTJhYTMtNGNjYS05NzIyLTJhZTQ5MjlhYjNlYyIsImMiOjEwfQ%3D%3D&pageName=adfba30c52355c5b1631
Itbayat,Batanes,20.7833,121.8333,2017,2,Feb,DJF,Dry Season,2322.1,37.3,2017-02-01,https://app.powerbi.com/view?r=eyJrIjoiOTJkN2U4MjUtYWE1Ny00NzA4LWExMzctMDBiYjQ2NjZiZWVjIiwidCI6ImJkMDNhNzM1LTJhYTMtNGNjYS05NzIyLTJhZTQ5MjlhYjNlYyIsImMiOjEwfQ%3D%3D&pageName=adfba30c52355c5b1631
Itbayat,Batanes,20.7833,121.8333,2017,3,Mar,MAM,Dry Season,2322.1,12.5,2017-03-01,https://app.powerbi.com/view?r=eyJrIjoiOTJkN2U4MjUtYWE1Ny00NzA4LWExMzctMDBiYjQ2NjZiZWVjIiwidCI6ImJkMDNhNzM1LTJhYTMtNGNjYS05NzIyLTJhZTQ5MjlhYjNlYyIsImMiOjEwfQ%3D%3D&pageName=adfba30c52355c5b1631
Itbayat,Batanes,20.7833,121.8333,2017,4,Apr,MAM,Dry Season,2322.1,37.6,2017-04-01,https://app.powerbi.com/view?r=eyJrIjoiOTJkN2U4MjUtYWE1Ny00NzA4LWExMzctMDBiYjQ2NjZiZWVjIiwidCI6ImJkMDNhNzM1LTJhYTMtNGNjYS05NzIyLTJhZTQ5MjlhYjNlYyIsImMiOjEwfQ%3D%3D&pageName=adfba30c52355c5b1631
Itbayat,Batanes,20.7833,121.8333,2017,5,May,MAM,Wet Season,2322.1,529.6,2017-05-01,https://app.powerbi.com/view?r=eyJrIjoiOTJkN2U4MjUtYWE1Ny00NzA4LWExMzctMDBiYjQ2NjZiZWVjIiwidCI6ImJkMDNhNzM1LTJhYTMtNGNjYS05NzIyLTJhZTQ5MjlhYjNlYyIsImMiOjEwfQ%3D%3D&pageName=adfba30c52355c5b1631
Itbayat,Batanes,20.7833,121.8333,2017,6,Jun,JJA,Wet Season,2322.1,26.7,2017-06-01,https://app.powerbi.com/view?r=eyJrIjoiOTJkN2U4MjUtYWE1Ny00NzA4LWExMzctMDBiYjQ2NjZiZWVjIiwidCI6ImJkMDNhNzM1LTJhYTMtNGNjYS05NzIyLTJhZTQ5MjlhYjNlYyIsImMiOjEwfQ%3D%3D&pageName=adfba30c52355c5b1631
Itbayat,Batanes,20.7833,121.8333,2017,7,Jul,JJA,Wet Season,2322.1,314.4,2017-07-01,https://app.powerbi.com/view?r=eyJrIjoiOTJkN2U4MjUtYWE1Ny00NzA4LWExMzctMDBiYjQ2NjZiZWVjIiwidCI6ImJkMDNhNzM1LTJhYTMtNGNjYS05NzIyLTJhZTQ5MjlhYjNlYyIsImMiOjEwfQ%3D%3D&pageName=adfba30c52355c5b1631
Itbayat,Batanes,20.7833,121.8333,2017,8,Aug,JJA,Wet Season,2322.1,376.1,2017-08-01,https://app.powerbi.com/view?r=eyJrIjoiOTJkN2U4MjUtYWE1Ny00NzA4LWExMzctMDBiYjQ2NjZiZWVjIiwidCI6ImJkMDNhNzM1LTJhYTMtNGNjYS05NzIyLTJhZTQ5MjlhYjNlYyIsImMiOjEwfQ%3D%3D&pageName=adfba30c52355c5b1631
Itbayat,Batanes,20.7833,121.8333,2017,9,Sep,SON,Wet Season,2322.1,124.4,2017-09-01,https://app.powerbi.com/view?r=eyJrIjoiOTJkN2U4MjUtYWE1Ny00NzA4LWExMzctMDBiYjQ2NjZiZWVjIiwidCI6ImJkMDNhNzM1LTJhYTMtNGNjYS05NzIyLTJhZTQ5MjlhYjNlYyIsImMiOjEwfQ%3D%3D&pageName=adfba30c52355c5b1631
Itbayat,Batanes,20.7833,121.8333,2017,10,Oct,SON,Wet Season,2322.1,268,2017-10-01,https://app.powerbi.com/view?r=eyJrIjoiOTJkN2U4MjUtYWE1Ny00NzA4LWExMzctMDBiYjQ2NjZiZWVjIiwidCI6ImJkMDNhNzM1LTJhYTMtNGNjYS05NzIyLTJhZTQ5MjlhYjNlYyIsImMiOjEwfQ%3D%3D&pageName=adfba30c52355c5b1631
Itbayat,Batanes,20.7833,121.8333,2017,11,Nov,SON,Dry Season,2322.1,343.5,2017-11-01,https://app.powerbi.com/view?r=eyJrIjoiOTJkN2U4MjUtYWE1Ny00NzA4LWExMzctMDBiYjQ2NjZiZWVjIiwidCI6ImJkMDNhNzM1LTJhYTMtNGNjYS05NzIyLTJhZTQ5MjlhYjNlYyIsImMiOjEwfQ%3D%3D&pageName=adfba30c52355c5b1631
Itbayat,Batanes,20.7833,121.8333,2017,12,Dec,DJF,Dry Season,2322.1,155.5,2017-12-01,https://app.powerbi.com/view?r=eyJrIjoiOTJkN2U4MjUtYWE1Ny00NzA4LWExMzctMDBiYjQ2NjZiZWVjIiwidCI6ImJkMDNhNzM1LTJhYTMtNGNjYS05NzIyLTJhZTQ5MjlhYjNlYyIsImMiOjEwfQ%3D%3D&pageName=adfba30c52355c5b1631
Itbayat,Batanes,20.7833,121.8333,2018,1,Jan,DJF,Dry Season,2469.6,111.1,2018-01-01,https://app.powerbi.com/view?r=eyJrIjoiOTJkN2U4MjUtYWE1Ny00NzA4LWExMzctMDBiYjQ2NjZiZWVjIiwidCI6ImJkMDNhNzM1LTJhYTMtNGNjYS05NzIyLTJhZTQ5MjlhYjNlYyIsImMiOjEwfQ%3D%3D&pageName=adfba30c52355c5b1631
Itbayat,Batanes,20.7833,121.8333,2018,2,Feb,DJF,Dry Season,2469.6,104.1,2018-02-01,https://app.powerbi.com/view?r=eyJrIjoiOTJkN2U4MjUtYWE1Ny00NzA4LWExMzctMDBiYjQ2NjZiZWVjIiwidCI6ImJkMDNhNzM1LTJhYTMtNGNjYS05NzIyLTJhZTQ5MjlhYjNlYyIsImMiOjEwfQ%3D%3D&pageName=adfba30c52355c5b1631
Itbayat,Batanes,20.7833,121.8333,2018,3,Mar,MAM,Dry Season,2469.6,10.8,2018-03-01,https://app.powerbi.com/view?r=eyJrIjoiOTJkN2U4MjUtYWE1Ny00NzA4LWExMzctMDBiYjQ2NjZiZWVjIiwidCI6ImJkMDNhNzM1LTJhYTMtNGNjYS05NzIyLTJhZTQ5MjlhYjNlYyIsImMiOjEwfQ%3D%3D&pageName=adfba30c52355c5b1631
Itbayat,Batanes,20.7833,121.8333,2018,4,Apr,MAM,Dry Season,2469.6,5.9,2018-04-01,https://app.powerbi.com/view?r=eyJrIjoiOTJkN2U4MjUtYWE1Ny00NzA4LWExMzctMDBiYjQ2NjZiZWVjIiwidCI6ImJkMDNhNzM1LTJhYTMtNGNjYS05NzIyLTJhZTQ5MjlhYjNlYyIsImMiOjEwfQ%3D%3D&pageName=adfba30c52355c5b1631
Itbayat,Batanes,20.7833,121.8333,2018,5,May,MAM,Wet Season,2469.6,22.4,2018-05-01,https://app.powerbi.com/view?r=eyJrIjoiOTJkN2U4MjUtYWE1Ny00NzA4LWExMzctMDBiYjQ2NjZiZWVjIiwidCI6ImJkMDNhNzM1LTJhYTMtNGNjYS05NzIyLTJhZTQ5MjlhYjNlYyIsImMiOjEwfQ%3D%3D&pageName=adfba30c52355c5b1631
Itbayat,Batanes,20.7833,121.8333,2018,6,Jun,JJA,Wet Season,2469.6,454.2,2018-06-01,https://app.powerbi.com/view?r=eyJrIjoiOTJkN2U4MjUtYWE1Ny00NzA4LWExMzctMDBiYjQ2NjZiZWVjIiwidCI6ImJkMDNhNzM1LTJhYTMtNGNjYS05NzIyLTJhZTQ5MjlhYjNlYyIsImMiOjEwfQ%3D%3D&pageName=adfba30c52355c5b1631
Itbayat,Batanes,20.7833,121.8333,2018,7,Jul,JJA,Wet Season,2469.6,214.9,2018-07-01,https://app.powerbi.com/view?r=eyJrIjoiOTJkN2U4MjUtYWE1Ny00NzA4LWExMzctMDBiYjQ2NjZiZWVjIiwidCI6ImJkMDNhNzM1LTJhYTMtNGNjYS05NzIyLTJhZTQ5MjlhYjNlYyIsImMiOjEwfQ%3D%3D&pageName=adfba30c52355c5b1631
Itbayat,Batanes,20.7833,121.8333,2018,8,Aug,JJA,Wet Season,2469.6,869.1,2018-08-01,https://app.powerbi.com/view?r=eyJrIjoiOTJkN2U4MjUtYWE1Ny00NzA4LWExMzctMDBiYjQ2NjZiZWVjIiwidCI6ImJkMDNhNzM1LTJhYTMtNGNjYS05NzIyLTJhZTQ5MjlhYjNlYyIsImMiOjEwfQ%3D%3D&pageName=adfba30c52355c5b1631
Itbayat,Batanes,20.7833,121.8333,2018,9,Sep,SON,Wet Season,2469.6,388.4,2018-09-01,https://app.powerbi.com/view?r=eyJrIjoiOTJkN2U4MjUtYWE1Ny00NzA4LWExMzctMDBiYjQ2NjZiZWVjIiwidCI6ImJkMDNhNzM1LTJhYTMtNGNjYS05NzIyLTJhZTQ5MjlhYjNlYyIsImMiOjEwfQ%3D%3D&pageName=adfba30c52355c5b1631
Itbayat,Batanes,20.7833,121.8333,2018,10,Oct,SON,Wet Season,2469.6,45.9,2018-10-01,https://app.powerbi.com/view?r=eyJrIjoiOTJkN2U4MjUtYWE1Ny00NzA4LWExMzctMDBiYjQ2NjZiZWVjIiwidCI6ImJkMDNhNzM1LTJhYTMtNGNjYS05NzIyLTJhZTQ5MjlhYjNlYyIsImMiOjEwfQ%3D%3D&pageName=adfba30c52355c5b1631
Itbayat,Batanes,20.7833,121.8333,2018,11,Nov,SON,Dry Season,2469.6,62.3,2018-11-01,https://app.powerbi.com/view?r=eyJrIjoiOTJkN2U4MjUtYWE1Ny00NzA4LWExMzctMDBiYjQ2NjZiZWVjIiwidCI6ImJkMDNhNzM1LTJhYTMtNGNjYS05NzIyLTJhZTQ5MjlhYjNlYyIsImMiOjEwfQ%3D%3D&pageName=adfba30c52355c5b1631
Itbayat,Batanes,20.7833,121.8333,2018,12,Dec,DJF,Dry Season,2469.6,180.5,2018-12-01,https://app.powerbi.com/view?r=eyJrIjoiOTJkN2U4MjUtYWE1Ny00NzA4LWExMzctMDBiYjQ2NjZiZWVjIiwidCI6ImJkMDNhNzM1LTJhYTMtNGNjYS05NzIyLTJhZTQ5MjlhYjNlYyIsImMiOjEwfQ%3D%3D&pageName=adfba30c52355c5b1631
Itbayat,Batanes,20.7833,121.8333,2019,1,Jan,DJF,Dry Season,2621.1,145.8,2019-01-01,https://app.powerbi.com/view?r=eyJrIjoiOTJkN2U4MjUtYWE1Ny00NzA4LWExMzctMDBiYjQ2NjZiZWVjIiwidCI6ImJkMDNhNzM1LTJhYTMtNGNjYS05NzIyLTJhZTQ5MjlhYjNlYyIsImMiOjEwfQ%3D%3D&pageName=adfba30c52355c5b1631
Itbayat,Batanes,20.7833,121.8333,2019,2,Feb,DJF,Dry Season,2621.1,101.1,2019-02-01,https://app.powerbi.com/view?r=eyJrIjoiOTJkN2U4MjUtYWE1Ny00NzA4LWExMzctMDBiYjQ2NjZiZWVjIiwidCI6ImJkMDNhNzM1LTJhYTMtNGNjYS05NzIyLTJhZTQ5MjlhYjNlYyIsImMiOjEwfQ%3D%3D&pageName=adfba30c52355c5b1631
Itbayat,Batanes,20.7833,121.8333,2019,3,Mar,MAM,Dry Season,2621.1,51.1,2019-03-01,https://app.powerbi.com/view?r=eyJrIjoiOTJkN2U4MjUtYWE1Ny00NzA4LWExMzctMDBiYjQ2NjZiZWVjIiwidCI6ImJkMDNhNzM1LTJhYTMtNGNjYS05NzIyLTJhZTQ5MjlhYjNlYyIsImMiOjEwfQ%3D%3D&pageName=adfba30c52355c5b1631
Itbayat,Batanes,20.7833,121.8333,2019,4,Apr,MAM,Dry Season,2621.1,74.7,2019-04-01,https://app.powerbi.com/view?r=eyJrIjoiOTJkN2U4MjUtYWE1Ny00NzA4LWExMzctMDBiYjQ2NjZiZWVjIiwidCI6ImJkMDNhNzM1LTJhYTMtNGNjYS05NzIyLTJhZTQ5MjlhYjNlYyIsImMiOjEwfQ%3D%3D&pageName=adfba30c52355c5b1631
Itbayat,Batanes,20.7833,121.8333,2019,5,May,MAM,Wet Season,2621.1,346.4,2019-05-01,https://app.powerbi.com/view?r=eyJrIjoiOTJkN2U4MjUtYWE1Ny00NzA4LWExMzctMDBiYjQ2NjZiZWVjIiwidCI6ImJkMDNhNzM1LTJhYTMtNGNjYS05NzIyLTJhZTQ5MjlhYjNlYyIsImMiOjEwfQ%3D%3D&pageName=adfba30c52355c5b1631
Itbayat,Batanes,20.7833,121.8333,2019,6,Jun,JJA,Wet Season,2621.1,260.9,2019-06-01,https://app.powerbi.com/view?r=eyJrIjoiOTJkN2U4MjUtYWE1Ny00NzA4LWExMzctMDBiYjQ2NjZiZWVjIiwidCI6ImJkMDNhNzM1LTJhYTMtNGNjYS05NzIyLTJhZTQ5MjlhYjNlYyIsImMiOjEwfQ%3D%3D&pageName=adfba30c52355c5b1631
Itbayat,Batanes,20.7833,121.8333,2019,7,Jul,JJA,Wet Season,2621.1,172.7,2019-07-01,https://app.powerbi.com/view?r=eyJrIjoiOTJkN2U4MjUtYWE1Ny00NzA4LWExMzctMDBiYjQ2NjZiZWVjIiwidCI6ImJkMDNhNzM1LTJhYTMtNGNjYS05NzIyLTJhZTQ5MjlhYjNlYyIsImMiOjEwfQ%3D%3D&pageName=adfba30c52355c5b1631
Itbayat,Batanes,20.7833,121.8333,2019,8,Aug,JJA,Wet Season,2621.1,434.9,2019-08-01,https://app.powerbi.com/view?r=eyJrIjoiOTJkN2U4MjUtYWE1Ny00NzA4LWExMzctMDBiYjQ2NjZiZWVjIiwidCI6ImJkMDNhNzM1LTJhYTMtNGNjYS05NzIyLTJhZTQ5MjlhYjNlYyIsImMiOjEwfQ%3D%3D&pageName=adfba30c52355c5b1631
Itbayat,Batanes,20.7833,121.8333,2019,9,Sep,SON,Wet Season,2621.1,634.6,2019-09-01,https://app.powerbi.com/view?r=eyJrIjoiOTJkN2U4MjUtYWE1Ny00NzA4LWExMzctMDBiYjQ2NjZiZWVjIiwidCI6ImJkMDNhNzM1LTJhYTMtNGNjYS05NzIyLTJhZTQ5MjlhYjNlYyIsImMiOjEwfQ%3D%3D&pageName=adfba30c52355c5b1631
Itbayat,Batanes,20.7833,121.8333,2019,10,Oct,SON,Wet Season,2621.1,124.9,2019-10-01,https://app.powerbi.com/view?r=eyJrIjoiOTJkN2U4MjUtYWE1Ny00NzA4LWExMzctMDBiYjQ2NjZiZWVjIiwidCI6ImJkMDNhNzM1LTJhYTMtNGNjYS05NzIyLTJhZTQ5MjlhYjNlYyIsImMiOjEwfQ%3D%3D&pageName=adfba30c52355c5b1631
Itbayat,Batanes,20.7833,121.8333,2019,11,Nov,SON,Dry Season,2621.1,165.8,2019-11-01,https://app.powerbi.com/view?r=eyJrIjoiOTJkN2U4MjUtYWE1Ny00NzA4LWExMzctMDBiYjQ2NjZiZWVjIiwidCI6ImJkMDNhNzM1LTJhYTMtNGNjYS05NzIyLTJhZTQ5MjlhYjNlYyIsImMiOjEwfQ%3D%3D&pageName=adfba30c52355c5b1631
Itbayat,Batanes,20.7833,121.8333,2019,12,Dec,DJF,Dry Season,2621.1,108.2,2019-12-01,https://app.powerbi.com/view?r=eyJrIjoiOTJkN2U4MjUtYWE1Ny00NzA4LWExMzctMDBiYjQ2NjZiZWVjIiwidCI6ImJkMDNhNzM1LTJhYTMtNGNjYS05NzIyLTJhZTQ5MjlhYjNlYyIsImMiOjEwfQ%3D%3D&pageName=adfba30c52355c5b1631
Itbayat,Batanes,20.7833,121.8333,2020,1,Jan,DJF,Dry Season,1462.2,106.6,2020-01-01,https://app.powerbi.com/view?r=eyJrIjoiOTJkN2U4MjUtYWE1Ny00NzA4LWExMzctMDBiYjQ2NjZiZWVjIiwidCI6ImJkMDNhNzM1LTJhYTMtNGNjYS05NzIyLTJhZTQ5MjlhYjNlYyIsImMiOjEwfQ%3D%3D&pageName=adfba30c52355c5b1631
Itbayat,Batanes,20.7833,121.8333,2020,2,Feb,DJF,Dry Season,1462.2,7.3,2020-02-01,https://app.powerbi.com/view?r=eyJrIjoiOTJkN2U4MjUtYWE1Ny00NzA4LWExMzctMDBiYjQ2NjZiZWVjIiwidCI6ImJkMDNhNzM1LTJhYTMtNGNjYS05NzIyLTJhZTQ5MjlhYjNlYyIsImMiOjEwfQ%3D%3D&pageName=adfba30c52355c5b1631
Itbayat,Batanes,20.7833,121.8333,2020,3,Mar,MAM,Dry Season,1462.2,39,2020-03-01,https://app.powerbi.com/view?r=eyJrIjoiOTJkN2U4MjUtYWE1Ny00NzA4LWExMzctMDBiYjQ2NjZiZWVjIiwidCI6ImJkMDNhNzM1LTJhYTMtNGNjYS05NzIyLTJhZTQ5MjlhYjNlYyIsImMiOjEwfQ%3D%3D&pageName=adfba30c52355c5b1631
Itbayat,Batanes,20.7833,121.8333,2020,4,Apr,MAM,Dry Season,1462.2,37.2,2020-04-01,https://app.powerbi.com/view?r=eyJrIjoiOTJkN2U4MjUtYWE1Ny00NzA4LWExMzctMDBiYjQ2NjZiZWVjIiwidCI6ImJkMDNhNzM1LTJhYTMtNGNjYS05NzIyLTJhZTQ5MjlhYjNlYyIsImMiOjEwfQ%3D%3D&pageName=adfba30c52355c5b1631
Itbayat,Batanes,20.7833,121.8333,2020,5,May,MAM,Wet Season,1462.2,199.4,2020-05-01,https://app.powerbi.com/view?r=eyJrIjoiOTJkN2U4MjUtYWE1Ny00NzA4LWExMzctMDBiYjQ2NjZiZWVjIiwidCI6ImJkMDNhNzM1LTJhYTMtNGNjYS05NzIyLTJhZTQ5MjlhYjNlYyIsImMiOjEwfQ%3D%3D&pageName=adfba30c52355c5b1631
Itbayat,Batanes,20.7833,121.8333,2020,6,Jun,JJA,Wet Season,1462.2,11.4,2020-06-01,https://app.powerbi.com/view?r=eyJrIjoiOTJkN2U4MjUtYWE1Ny00NzA4LWExMzctMDBiYjQ2NjZiZWVjIiwidCI6ImJkMDNhNzM1LTJhYTMtNGNjYS05NzIyLTJhZTQ5MjlhYjNlYyIsImMiOjEwfQ%3D%3D&pageName=adfba30c52355c5b1631
Itbayat,Batanes,20.7833,121.8333,2020,7,Jul,JJA,Wet Season,1462.2,108.1,2020-07-01,https://app.powerbi.com/view?r=eyJrIjoiOTJkN2U4MjUtYWE1Ny00NzA4LWExMzctMDBiYjQ2NjZiZWVjIiwidCI6ImJkMDNhNzM1LTJhYTMtNGNjYS05NzIyLTJhZTQ5MjlhYjNlYyIsImMiOjEwfQ%3D%3D&pageName=adfba30c52355c5b1631
Itbayat,Batanes,20.7833,121.8333,2020,8,Aug,JJA,Wet Season,1462.2,223.4,2020-08-01,https://app.powerbi.com/view?r=eyJrIjoiOTJkN2U4MjUtYWE1Ny00NzA4LWExMzctMDBiYjQ2NjZiZWVjIiwidCI6ImJkMDNhNzM1LTJhYTMtNGNjYS05NzIyLTJhZTQ5MjlhYjNlYyIsImMiOjEwfQ%3D%3D&pageName=adfba30c52355c5b1631
Itbayat,Batanes,20.7833,121.8333,2020,9,Sep,SON,Wet Season,1462.2,162.1,2020-09-01,https://app.powerbi.com/view?r=eyJrIjoiOTJkN2U4MjUtYWE1Ny00NzA4LWExMzctMDBiYjQ2NjZiZWVjIiwidCI6ImJkMDNhNzM1LTJhYTMtNGNjYS05NzIyLTJhZTQ5MjlhYjNlYyIsImMiOjEwfQ%3D%3D&pageName=adfba30c52355c5b1631
Itbayat,Batanes,20.7833,121.8333,2020,10,Oct,SON,Wet Season,1462.2,142.3,2020-10-01,https://app.powerbi.com/view?r=eyJrIjoiOTJkN2U4MjUtYWE1Ny00NzA4LWExMzctMDBiYjQ2NjZiZWVjIiwidCI6ImJkMDNhNzM1LTJhYTMtNGNjYS05NzIyLTJhZTQ5MjlhYjNlYyIsImMiOjEwfQ%3D%3D&pageName=adfba30c52355c5b1631
Itbayat,Batanes,20.7833,121.8333,2020,11,Nov,SON,Dry Season,1462.2,248.9,2020-11-01,https://app.powerbi.com/view?r=eyJrIjoiOTJkN2U4MjUtYWE1Ny00NzA4LWExMzctMDBiYjQ2NjZiZWVjIiwidCI6ImJkMDNhNzM1LTJhYTMtNGNjYS05NzIyLTJhZTQ5MjlhYjNlYyIsImMiOjEwfQ%3D%3D&pageName=adfba30c52355c5b1631
Itbayat,Batanes,20.7833,121.8333,2020,12,Dec,DJF,Dry Season,1462.2,176.5,2020-12-01,https://app.powerbi.com/view?r=eyJrIjoiOTJkN2U4MjUtYWE1Ny00NzA4LWExMzctMDBiYjQ2NjZiZWVjIiwidCI6ImJkMDNhNzM1LTJhYTMtNGNjYS05NzIyLTJhZTQ5MjlhYjNlYyIsImMiOjEwfQ%3D%3D&pageName=adfba30c52355c5b1631
Tuguegarao,Cagayan,17.6333,121.75,1991,1,Jan,DJF,Dry Season,1521.5,26.2,1991-01-01,https://app.powerbi.com/view?r=eyJrIjoiOTJkN2U4MjUtYWE1Ny00NzA4LWExMzctMDBiYjQ2NjZiZWVjIiwidCI6ImJkMDNhNzM1LTJhYTMtNGNjYS05NzIyLTJhZTQ5MjlhYjNlYyIsImMiOjEwfQ%3D%3D&pageName=adfba30c52355c5b1631
Tuguegarao,Cagayan,17.6333,121.75,1991,2,Feb,DJF,Dry Season,1521.5,22.4,1991-02-01,https://app.powerbi.com/view?r=eyJrIjoiOTJkN2U4MjUtYWE1Ny00NzA4LWExMzctMDBiYjQ2NjZiZWVjIiwidCI6ImJkMDNhNzM1LTJhYTMtNGNjYS05NzIyLTJhZTQ5MjlhYjNlYyIsImMiOjEwfQ%3D%3D&pageName=adfba30c52355c5b1631
Tuguegarao,Cagayan,17.6333,121.75,1991,3,Mar,MAM,Dry Season,1521.5,9.2,1991-03-01,https://app.powerbi.com/view?r=eyJrIjoiOTJkN2U4MjUtYWE1Ny00NzA4LWExMzctMDBiYjQ2NjZiZWVjIiwidCI6ImJkMDNhNzM1LTJhYTMtNGNjYS05NzIyLTJhZTQ5MjlhYjNlYyIsImMiOjEwfQ%3D%3D&pageName=adfba30c52355c5b1631
Tuguegarao,Cagayan,17.6333,121.75,1991,4,Apr,MAM,Dry Season,1521.5,106,1991-04-01,https://app.powerbi.com/view?r=eyJrIjoiOTJkN2U4MjUtYWE1Ny00NzA4LWExMzctMDBiYjQ2NjZiZWVjIiwidCI6ImJkMDNhNzM1LTJhYTMtNGNjYS05NzIyLTJhZTQ5MjlhYjNlYyIsImMiOjEwfQ%3D%3D&pageName=adfba30c52355c5b1631
Tuguegarao,Cagayan,17.6333,121.75,1991,5,May,MAM,Wet Season,1521.5,66,1991-05-01,https://app.powerbi.com/view?r=eyJrIjoiOTJkN2U4MjUtYWE1Ny00NzA4LWExMzctMDBiYjQ2NjZiZWVjIiwidCI6ImJkMDNhNzM1LTJhYTMtNGNjYS05NzIyLTJhZTQ5MjlhYjNlYyIsImMiOjEwfQ%3D%3D&pageName=adfba30c52355c5b1631
Tuguegarao,Cagayan,17.6333,121.75,1991,6,Jun,JJA,Wet Season,1521.5,25,1991-06-01,https://app.powerbi.com/view?r=eyJrIjoiOTJkN2U4MjUtYWE1Ny00NzA4LWExMzctMDBiYjQ2NjZiZWVjIiwidCI6ImJkMDNhNzM1LTJhYTMtNGNjYS05NzIyLTJhZTQ5MjlhYjNlYyIsImMiOjEwfQ%3D%3D&pageName=adfba30c52355c5b1631
Tuguegarao,Cagayan,17.6333,121.75,1991,7,Jul,JJA,Wet Season,1521.5,236.8,1991-07-01,https://app.powerbi.com/view?r=eyJrIjoiOTJkN2U4MjUtYWE1Ny00NzA4LWExMzctMDBiYjQ2NjZiZWVjIiwidCI6ImJkMDNhNzM1LTJhYTMtNGNjYS05NzIyLTJhZTQ5MjlhYjNlYyIsImMiOjEwfQ%3D%3D&pageName=adfba30c52355c5b1631
Tuguegarao,Cagayan,17.6333,121.75,1991,8,Aug,JJA,Wet Season,1521.5,463,1991-08-01,https://app.powerbi.com/view?r=eyJrIjoiOTJkN2U4MjUtYWE1Ny00NzA4LWExMzctMDBiYjQ2NjZiZWVjIiwidCI6ImJkMDNhNzM1LTJhYTMtNGNjYS05NzIyLTJhZTQ5MjlhYjNlYyIsImMiOjEwfQ%3D%3D&pageName=adfba30c52355c5b1631
Tuguegarao,Cagayan,17.6333,121.75,1991,9,Sep,SON,Wet Season,1521.5,67.1,1991-09-01,https://app.powerbi.com/view?r=eyJrIjoiOTJkN2U4MjUtYWE1Ny00NzA4LWExMzctMDBiYjQ2NjZiZWVjIiwidCI6ImJkMDNhNzM1LTJhYTMtNGNjYS05NzIyLTJhZTQ5MjlhYjNlYyIsImMiOjEwfQ%3D%3D&pageName=adfba30c52355c5b1631
Tuguegarao,Cagayan,17.6333,121.75,1991,10,Oct,SON,Wet Season,1521.5,303,1991-10-01,https://app.powerbi.com/view?r=eyJrIjoiOTJkN2U4MjUtYWE1Ny00NzA4LWExMzctMDBiYjQ2NjZiZWVjIiwidCI6ImJkMDNhNzM1LTJhYTMtNGNjYS05NzIyLTJhZTQ5MjlhYjNlYyIsImMiOjEwfQ%3D%3D&pageName=adfba30c52355c5b1631
Tuguegarao,Cagayan,17.6333,121.75,1991,11,Nov,SON,Dry Season,1521.5,179,1991-11-01,https://app.powerbi.com/view?r=eyJrIjoiOTJkN2U4MjUtYWE1Ny00NzA4LWExMzctMDBiYjQ2NjZiZWVjIiwidCI6ImJkMDNhNzM1LTJhYTMtNGNjYS05NzIyLTJhZTQ5MjlhYjNlYyIsImMiOjEwfQ%3D%3D&pageName=adfba30c52355c5b1631
Tuguegarao,Cagayan,17.6333,121.75,1991,12,Dec,DJF,Dry Season,1521.5,17.8,1991-12-01,https://app.powerbi.com/view?r=eyJrIjoiOTJkN2U4MjUtYWE1Ny00NzA4LWExMzctMDBiYjQ2NjZiZWVjIiwidCI6ImJkMDNhNzM1LTJhYTMtNGNjYS05NzIyLTJhZTQ5MjlhYjNlYyIsImMiOjEwfQ%3D%3D&pageName=adfba30c52355c5b1631
Tuguegarao,Cagayan,17.6333,121.75,1992,1,Jan,DJF,Dry Season,1534.4,27.7,1992-01-01,https://app.powerbi.com/view?r=eyJrIjoiOTJkN2U4MjUtYWE1Ny00NzA4LWExMzctMDBiYjQ2NjZiZWVjIiwidCI6ImJkMDNhNzM1LTJhYTMtNGNjYS05NzIyLTJhZTQ5MjlhYjNlYyIsImMiOjEwfQ%3D%3D&pageName=adfba30c52355c5b1631
Tuguegarao,Cagayan,17.6333,121.75,1992,2,Feb,DJF,Dry Season,1534.4,1,1992-02-01,https://app.powerbi.com/view?r=eyJrIjoiOTJkN2U4MjUtYWE1Ny00NzA4LWExMzctMDBiYjQ2NjZiZWVjIiwidCI6ImJkMDNhNzM1LTJhYTMtNGNjYS05NzIyLTJhZTQ5MjlhYjNlYyIsImMiOjEwfQ%3D%3D&pageName=adfba30c52355c5b1631
Tuguegarao,Cagayan,17.6333,121.75,1992,3,Mar,MAM,Dry Season,1534.4,0,1992-03-01,https://app.powerbi.com/view?r=eyJrIjoiOTJkN2U4MjUtYWE1Ny00NzA4LWExMzctMDBiYjQ2NjZiZWVjIiwidCI6ImJkMDNhNzM1LTJhYTMtNGNjYS05NzIyLTJhZTQ5MjlhYjNlYyIsImMiOjEwfQ%3D%3D&pageName=adfba30c52355c5b1631
Tuguegarao,Cagayan,17.6333,121.75,1992,4,Apr,MAM,Dry Season,1534.4,14.6,1992-04-01,https://app.powerbi.com/view?r=eyJrIjoiOTJkN2U4MjUtYWE1Ny00NzA4LWExMzctMDBiYjQ2NjZiZWVjIiwidCI6ImJkMDNhNzM1LTJhYTMtNGNjYS05NzIyLTJhZTQ5MjlhYjNlYyIsImMiOjEwfQ%3D%3D&pageName=adfba30c52355c5b1631
Tuguegarao,Cagayan,17.6333,121.75,1992,5,May,MAM,Wet Season,1534.4,145.2,1992-05-01,https://app.powerbi.com/view?r=eyJrIjoiOTJkN2U4MjUtYWE1Ny00NzA4LWExMzctMDBiYjQ2NjZiZWVjIiwidCI6ImJkMDNhNzM1LTJhYTMtNGNjYS05NzIyLTJhZTQ5MjlhYjNlYyIsImMiOjEwfQ%3D%3D&pageName=adfba30c52355c5b1631
Tuguegarao,Cagayan,17.6333,121.75,1992,6,Jun,JJA,Wet Season,1534.4,122.2,1992-06-01,https://app.powerbi.com/view?r=eyJrIjoiOTJkN2U4MjUtYWE1Ny00NzA4LWExMzctMDBiYjQ2NjZiZWVjIiwidCI6ImJkMDNhNzM1LTJhYTMtNGNjYS05NzIyLTJhZTQ5MjlhYjNlYyIsImMiOjEwfQ%3D%3D&pageName=adfba30c52355c5b1631
Tuguegarao,Cagayan,17.6333,121.75,1992,7,Jul,JJA,Wet Season,1534.4,200.9,1992-07-01,https://app.powerbi.com/view?r=eyJrIjoiOTJkN2U4MjUtYWE1Ny00NzA4LWExMzctMDBiYjQ2NjZiZWVjIiwidCI6ImJkMDNhNzM1LTJhYTMtNGNjYS05NzIyLTJhZTQ5MjlhYjNlYyIsImMiOjEwfQ%3D%3D&pageName=adfba30c52355c5b1631
Tuguegarao,Cagayan,17.6333,121.75,1992,8,Aug,JJA,Wet Season,1534.4,98.7,1992-08-01,https://app.powerbi.com/view?r=eyJrIjoiOTJkN2U4MjUtYWE1Ny00NzA4LWExMzctMDBiYjQ2NjZiZWVjIiwidCI6ImJkMDNhNzM1LTJhYTMtNGNjYS05NzIyLTJhZTQ5MjlhYjNlYyIsImMiOjEwfQ%3D%3D&pageName=adfba30c52355c5b1631
Tuguegarao,Cagayan,17.6333,121.75,1992,9,Sep,SON,Wet Season,1534.4,469.8,1992-09-01,https://app.powerbi.com/view?r=eyJrIjoiOTJkN2U4MjUtYWE1Ny00NzA4LWExMzctMDBiYjQ2NjZiZWVjIiwidCI6ImJkMDNhNzM1LTJhYTMtNGNjYS05NzIyLTJhZTQ5MjlhYjNlYyIsImMiOjEwfQ%3D%3D&pageName=adfba30c52355c5b1631
Tuguegarao,Cagayan,17.6333,121.75,1992,10,Oct,SON,Wet Season,1534.4,301.7,1992-10-01,https://app.powerbi.com/view?r=eyJrIjoiOTJkN2U4MjUtYWE1Ny00NzA4LWExMzctMDBiYjQ2NjZiZWVjIiwidCI6ImJkMDNhNzM1LTJhYTMtNGNjYS05NzIyLTJhZTQ5MjlhYjNlYyIsImMiOjEwfQ%3D%3D&pageName=adfba30c52355c5b1631
Tuguegarao,Cagayan,17.6333,121.75,1992,11,Nov,SON,Dry Season,1534.4,135,1992-11-01,https://app.powerbi.com/view?r=eyJrIjoiOTJkN2U4MjUtYWE1Ny00NzA4LWExMzctMDBiYjQ2NjZiZWVjIiwidCI6ImJkMDNhNzM1LTJhYTMtNGNjYS05NzIyLTJhZTQ5MjlhYjNlYyIsImMiOjEwfQ%3D%3D&pageName=adfba30c52355c5b1631
Tuguegarao,Cagayan,17.6333,121.75,1992,12,Dec,DJF,Dry Season,1534.4,17.6,1992-12-01,https://app.powerbi.com/view?r=eyJrIjoiOTJkN2U4MjUtYWE1Ny00NzA4LWExMzctMDBiYjQ2NjZiZWVjIiwidCI6ImJkMDNhNzM1LTJhYTMtNGNjYS05NzIyLTJhZTQ5MjlhYjNlYyIsImMiOjEwfQ%3D%3D&pageName=adfba30c52355c5b1631
Tuguegarao,Cagayan,17.6333,121.75,1993,1,Jan,DJF,Dry Season,1750.1,9.6,1993-01-01,https://app.powerbi.com/view?r=eyJrIjoiOTJkN2U4MjUtYWE1Ny00NzA4LWExMzctMDBiYjQ2NjZiZWVjIiwidCI6ImJkMDNhNzM1LTJhYTMtNGNjYS05NzIyLTJhZTQ5MjlhYjNlYyIsImMiOjEwfQ%3D%3D&pageName=adfba30c52355c5b1631
Tuguegarao,Cagayan,17.6333,121.75,1993,2,Feb,DJF,Dry Season,1750.1,13.4,1993-02-01,https://app.powerbi.com/view?r=eyJrIjoiOTJkN2U4MjUtYWE1Ny00NzA4LWExMzctMDBiYjQ2NjZiZWVjIiwidCI6ImJkMDNhNzM1LTJhYTMtNGNjYS05NzIyLTJhZTQ5MjlhYjNlYyIsImMiOjEwfQ%3D%3D&pageName=adfba30c52355c5b1631
Tuguegarao,Cagayan,17.6333,121.75,1993,3,Mar,MAM,Dry Season,1750.1,21.6,1993-03-01,https://app.powerbi.com/view?r=eyJrIjoiOTJkN2U4MjUtYWE1Ny00NzA4LWExMzctMDBiYjQ2NjZiZWVjIiwidCI6ImJkMDNhNzM1LTJhYTMtNGNjYS05NzIyLTJhZTQ5MjlhYjNlYyIsImMiOjEwfQ%3D%3D&pageName=adfba30c52355c5b1631
Tuguegarao,Cagayan,17.6333,121.75,1993,4,Apr,MAM,Dry Season,1750.1,2.4,1993-04-01,https://app.powerbi.com/view?r=eyJrIjoiOTJkN2U4MjUtYWE1Ny00NzA4LWExMzctMDBiYjQ2NjZiZWVjIiwidCI6ImJkMDNhNzM1LTJhYTMtNGNjYS05NzIyLTJhZTQ5MjlhYjNlYyIsImMiOjEwfQ%3D%3D&pageName=adfba30c52355c5b1631
Tuguegarao,Cagayan,17.6333,121.75,1993,5,May,MAM,Wet Season,1750.1,44.4,1993-05-01,https://app.powerbi.com/view?r=eyJrIjoiOTJkN2U4MjUtYWE1Ny00NzA4LWExMzctMDBiYjQ2NjZiZWVjIiwidCI6ImJkMDNhNzM1LTJhYTMtNGNjYS05NzIyLTJhZTQ5MjlhYjNlYyIsImMiOjEwfQ%3D%3D&pageName=adfba30c52355c5b1631
Tuguegarao,Cagayan,17.6333,121.75,1993,6,Jun,JJA,Wet Season,1750.1,171.6,1993-06-01,https://app.powerbi.com/view?r=eyJrIjoiOTJkN2U4MjUtYWE1Ny00NzA4LWExMzctMDBiYjQ2NjZiZWVjIiwidCI6ImJkMDNhNzM1LTJhYTMtNGNjYS05NzIyLTJhZTQ5MjlhYjNlYyIsImMiOjEwfQ%3D%3D&pageName=adfba30c52355c5b1631
Tuguegarao,Cagayan,17.6333,121.75,1993,7,Jul,JJA,Wet Season,1750.1,165.1,1993-07-01,https://app.powerbi.com/view?r=eyJrIjoiOTJkN2U4MjUtYWE1Ny00NzA4LWExMzctMDBiYjQ2NjZiZWVjIiwidCI6ImJkMDNhNzM1LTJhYTMtNGNjYS05NzIyLTJhZTQ5MjlhYjNlYyIsImMiOjEwfQ%3D%3D&pageName=adfba30c52355c5b1631
Tuguegarao,Cagayan,17.6333,121.75,1993,8,Aug,JJA,Wet Season,1750.1,262.7,1993-08-01,https://app.powerbi.com/view?r=eyJrIjoiOTJkN2U4MjUtYWE1Ny00NzA4LWExMzctMDBiYjQ2NjZiZWVjIiwidCI6ImJkMDNhNzM1LTJhYTMtNGNjYS05NzIyLTJhZTQ5MjlhYjNlYyIsImMiOjEwfQ%3D%3D&pageName=adfba30c52355c5b1631
Tuguegarao,Cagayan,17.6333,121.75,1993,9,Sep,SON,Wet Season,1750.1,284.4,1993-09-01,https://app.powerbi.com/view?r=eyJrIjoiOTJkN2U4MjUtYWE1Ny00NzA4LWExMzctMDBiYjQ2NjZiZWVjIiwidCI6ImJkMDNhNzM1LTJhYTMtNGNjYS05NzIyLTJhZTQ5MjlhYjNlYyIsImMiOjEwfQ%3D%3D&pageName=adfba30c52355c5b1631
Tuguegarao,Cagayan,17.6333,121.75,1993,10,Oct,SON,Wet Season,1750.1,374.2,1993-10-01,https://app.powerbi.com/view?r=eyJrIjoiOTJkN2U4MjUtYWE1Ny00NzA4LWExMzctMDBiYjQ2NjZiZWVjIiwidCI6ImJkMDNhNzM1LTJhYTMtNGNjYS05NzIyLTJhZTQ5MjlhYjNlYyIsImMiOjEwfQ%3D%3D&pageName=adfba30c52355c5b1631
Tuguegarao,Cagayan,17.6333,121.75,1993,11,Nov,SON,Dry Season,1750.1,225,1993-11-01,https://app.powerbi.com/view?r=eyJrIjoiOTJkN2U4MjUtYWE1Ny00NzA4LWExMzctMDBiYjQ2NjZiZWVjIiwidCI6ImJkMDNhNzM1LTJhYTMtNGNjYS05NzIyLTJhZTQ5MjlhYjNlYyIsImMiOjEwfQ%3D%3D&pageName=adfba30c52355c5b1631
Tuguegarao,Cagayan,17.6333,121.75,1993,12,Dec,DJF,Dry Season,1750.1,175.7,1993-12-01,https://app.powerbi.com/view?r=eyJrIjoiOTJkN2U4MjUtYWE1Ny00NzA4LWExMzctMDBiYjQ2NjZiZWVjIiwidCI6ImJkMDNhNzM1LTJhYTMtNGNjYS05NzIyLTJhZTQ5MjlhYjNlYyIsImMiOjEwfQ%3D%3D&pageName=adfba30c52355c5b1631
Tuguegarao,Cagayan,17.6333,121.75,1994,1,Jan,DJF,Dry Season,1317.2,34.7,1994-01-01,https://app.powerbi.com/view?r=eyJrIjoiOTJkN2U4MjUtYWE1Ny00NzA4LWExMzctMDBiYjQ2NjZiZWVjIiwidCI6ImJkMDNhNzM1LTJhYTMtNGNjYS05NzIyLTJhZTQ5MjlhYjNlYyIsImMiOjEwfQ%3D%3D&pageName=adfba30c52355c5b1631
Tuguegarao,Cagayan,17.6333,121.75,1994,2,Feb,DJF,Dry Season,1317.2,7.4,1994-02-01,https://app.powerbi.com/view?r=eyJrIjoiOTJkN2U4MjUtYWE1Ny00NzA4LWExMzctMDBiYjQ2NjZiZWVjIiwidCI6ImJkMDNhNzM1LTJhYTMtNGNjYS05NzIyLTJhZTQ5MjlhYjNlYyIsImMiOjEwfQ%3D%3D&pageName=adfba30c52355c5b1631
Tuguegarao,Cagayan,17.6333,121.75,1994,3,Mar,MAM,Dry Season,1317.2,35.9,1994-03-01,https://app.powerbi.com/view?r=eyJrIjoiOTJkN2U4MjUtYWE1Ny00NzA4LWExMzctMDBiYjQ2NjZiZWVjIiwidCI6ImJkMDNhNzM1LTJhYTMtNGNjYS05NzIyLTJhZTQ5MjlhYjNlYyIsImMiOjEwfQ%3D%3D&pageName=adfba30c52355c5b1631
Tuguegarao,Cagayan,17.6333,121.75,1994,4,Apr,MAM,Dry Season,1317.2,27.6,1994-04-01,https://app.powerbi.com/view?r=eyJrIjoiOTJkN2U4MjUtYWE1Ny00NzA4LWExMzctMDBiYjQ2NjZiZWVjIiwidCI6ImJkMDNhNzM1LTJhYTMtNGNjYS05NzIyLTJhZTQ5MjlhYjNlYyIsImMiOjEwfQ%3D%3D&pageName=adfba30c52355c5b1631
Tuguegarao,Cagayan,17.6333,121.75,1994,5,May,MAM,Wet Season,1317.2,41.8,1994-05-01,https://app.powerbi.com/view?r=eyJrIjoiOTJkN2U4MjUtYWE1Ny00NzA4LWExMzctMDBiYjQ2NjZiZWVjIiwidCI6ImJkMDNhNzM1LTJhYTMtNGNjYS05NzIyLTJhZTQ5MjlhYjNlYyIsImMiOjEwfQ%3D%3D&pageName=adfba30c52355c5b1631
Tuguegarao,Cagayan,17.6333,121.75,1994,6,Jun,JJA,Wet Season,1317.2,111,1994-06-01,https://app.powerbi.com/view?r=eyJrIjoiOTJkN2U4MjUtYWE1Ny00NzA4LWExMzctMDBiYjQ2NjZiZWVjIiwidCI6ImJkMDNhNzM1LTJhYTMtNGNjYS05NzIyLTJhZTQ5MjlhYjNlYyIsImMiOjEwfQ%3D%3D&pageName=adfba30c52355c5b1631
Tuguegarao,Cagayan,17.6333,121.75,1994,7,Jul,JJA,Wet Season,1317.2,309.1,1994-07-01,https://app.powerbi.com/view?r=eyJrIjoiOTJkN2U4MjUtYWE1Ny00NzA4LWExMzctMDBiYjQ2NjZiZWVjIiwidCI6ImJkMDNhNzM1LTJhYTMtNGNjYS05NzIyLTJhZTQ5MjlhYjNlYyIsImMiOjEwfQ%3D%3D&pageName=adfba30c52355c5b1631
Tuguegarao,Cagayan,17.6333,121.75,1994,8,Aug,JJA,Wet Season,1317.2,227.8,1994-08-01,https://app.powerbi.com/view?r=eyJrIjoiOTJkN2U4MjUtYWE1Ny00NzA4LWExMzctMDBiYjQ2NjZiZWVjIiwidCI6ImJkMDNhNzM1LTJhYTMtNGNjYS05NzIyLTJhZTQ5MjlhYjNlYyIsImMiOjEwfQ%3D%3D&pageName=adfba30c52355c5b1631
Tuguegarao,Cagayan,17.6333,121.75,1994,9,Sep,SON,Wet Season,1317.2,335.1,1994-09-01,https://app.powerbi.com/view?r=eyJrIjoiOTJkN2U4MjUtYWE1Ny00NzA4LWExMzctMDBiYjQ2NjZiZWVjIiwidCI6ImJkMDNhNzM1LTJhYTMtNGNjYS05NzIyLTJhZTQ5MjlhYjNlYyIsImMiOjEwfQ%3D%3D&pageName=adfba30c52355c5b1631
Tuguegarao,Cagayan,17.6333,121.75,1994,10,Oct,SON,Wet Season,1317.2,133.6,1994-10-01,https://app.powerbi.com/view?r=eyJrIjoiOTJkN2U4MjUtYWE1Ny00NzA4LWExMzctMDBiYjQ2NjZiZWVjIiwidCI6ImJkMDNhNzM1LTJhYTMtNGNjYS05NzIyLTJhZTQ5MjlhYjNlYyIsImMiOjEwfQ%3D%3D&pageName=adfba30c52355c5b1631
Tuguegarao,Cagayan,17.6333,121.75,1994,11,Nov,SON,Dry Season,1317.2,48.4,1994-11-01,https://app.powerbi.com/view?r=eyJrIjoiOTJkN2U4MjUtYWE1Ny00NzA4LWExMzctMDBiYjQ2NjZiZWVjIiwidCI6ImJkMDNhNzM1LTJhYTMtNGNjYS05NzIyLTJhZTQ5MjlhYjNlYyIsImMiOjEwfQ%3D%3D&pageName=adfba30c52355c5b1631
Tuguegarao,Cagayan,17.6333,121.75,1994,12,Dec,DJF,Dry Season,1317.2,4.8,1994-12-01,https://app.powerbi.com/view?r=eyJrIjoiOTJkN2U4MjUtYWE1Ny00NzA4LWExMzctMDBiYjQ2NjZiZWVjIiwidCI6ImJkMDNhNzM1LTJhYTMtNGNjYS05NzIyLTJhZTQ5MjlhYjNlYyIsImMiOjEwfQ%3D%3D&pageName=adfba30c52355c5b1631
Tuguegarao,Cagayan,17.6333,121.75,1995,1,Jan,DJF,Dry Season,1523.6,5.3,1995-01-01,https://app.powerbi.com/view?r=eyJrIjoiOTJkN2U4MjUtYWE1Ny00NzA4LWExMzctMDBiYjQ2NjZiZWVjIiwidCI6ImJkMDNhNzM1LTJhYTMtNGNjYS05NzIyLTJhZTQ5MjlhYjNlYyIsImMiOjEwfQ%3D%3D&pageName=adfba30c52355c5b1631
Tuguegarao,Cagayan,17.6333,121.75,1995,2,Feb,DJF,Dry Season,1523.6,1.7,1995-02-01,https://app.powerbi.com/view?r=eyJrIjoiOTJkN2U4MjUtYWE1Ny00NzA4LWExMzctMDBiYjQ2NjZiZWVjIiwidCI6ImJkMDNhNzM1LTJhYTMtNGNjYS05NzIyLTJhZTQ5MjlhYjNlYyIsImMiOjEwfQ%3D%3D&pageName=adfba30c52355c5b1631
Tuguegarao,Cagayan,17.6333,121.75,1995,3,Mar,MAM,Dry Season,1523.6,0.1,1995-03-01,https://app.powerbi.com/view?r=eyJrIjoiOTJkN2U4MjUtYWE1Ny00NzA4LWExMzctMDBiYjQ2NjZiZWVjIiwidCI6ImJkMDNhNzM1LTJhYTMtNGNjYS05NzIyLTJhZTQ5MjlhYjNlYyIsImMiOjEwfQ%3D%3D&pageName=adfba30c52355c5b1631
Tuguegarao,Cagayan,17.6333,121.75,1995,4,Apr,MAM,Dry Season,1523.6,0.2,1995-04-01,https://app.powerbi.com/view?r=eyJrIjoiOTJkN2U4MjUtYWE1Ny00NzA4LWExMzctMDBiYjQ2NjZiZWVjIiwidCI6ImJkMDNhNzM1LTJhYTMtNGNjYS05NzIyLTJhZTQ5MjlhYjNlYyIsImMiOjEwfQ%3D%3D&pageName=adfba30c52355c5b1631
Tuguegarao,Cagayan,17.6333,121.75,1995,5,May,MAM,Wet Season,1523.6,119.6,1995-05-01,https://app.powerbi.com/view?r=eyJrIjoiOTJkN2U4MjUtYWE1Ny00NzA4LWExMzctMDBiYjQ2NjZiZWVjIiwidCI6ImJkMDNhNzM1LTJhYTMtNGNjYS05NzIyLTJhZTQ5MjlhYjNlYyIsImMiOjEwfQ%3D%3D&pageName=adfba30c52355c5b1631
Tuguegarao,Cagayan,17.6333,121.75,1995,6,Jun,JJA,Wet Season,1523.6,26.5,1995-06-01,https://app.powerbi.com/view?r=eyJrIjoiOTJkN2U4MjUtYWE1Ny00NzA4LWExMzctMDBiYjQ2NjZiZWVjIiwidCI6ImJkMDNhNzM1LTJhYTMtNGNjYS05NzIyLTJhZTQ5MjlhYjNlYyIsImMiOjEwfQ%3D%3D&pageName=adfba30c52355c5b1631
Tuguegarao,Cagayan,17.6333,121.75,1995,7,Jul,JJA,Wet Season,1523.6,290.2,1995-07-01,https://app.powerbi.com/view?r=eyJrIjoiOTJkN2U4MjUtYWE1Ny00NzA4LWExMzctMDBiYjQ2NjZiZWVjIiwidCI6ImJkMDNhNzM1LTJhYTMtNGNjYS05NzIyLTJhZTQ5MjlhYjNlYyIsImMiOjEwfQ%3D%3D&pageName=adfba30c52355c5b1631
Tuguegarao,Cagayan,17.6333,121.75,1995,8,Aug,JJA,Wet Season,1523.6,215.7,1995-08-01,https://app.powerbi.com/view?r=eyJrIjoiOTJkN2U4MjUtYWE1Ny00NzA4LWExMzctMDBiYjQ2NjZiZWVjIiwidCI6ImJkMDNhNzM1LTJhYTMtNGNjYS05NzIyLTJhZTQ5MjlhYjNlYyIsImMiOjEwfQ%3D%3D&pageName=adfba30c52355c5b1631
Tuguegarao,Cagayan,17.6333,121.75,1995,9,Sep,SON,Wet Season,1523.6,191.4,1995-09-01,https://app.powerbi.com/view?r=eyJrIjoiOTJkN2U4MjUtYWE1Ny00NzA4LWExMzctMDBiYjQ2NjZiZWVjIiwidCI6ImJkMDNhNzM1LTJhYTMtNGNjYS05NzIyLTJhZTQ5MjlhYjNlYyIsImMiOjEwfQ%3D%3D&pageName=adfba30c52355c5b1631
Tuguegarao,Cagayan,17.6333,121.75,1995,10,Oct,SON,Wet Season,1523.6,286.8,1995-10-01,https://app.powerbi.com/view?r=eyJrIjoiOTJkN2U4MjUtYWE1Ny00NzA4LWExMzctMDBiYjQ2NjZiZWVjIiwidCI6ImJkMDNhNzM1LTJhYTMtNGNjYS05NzIyLTJhZTQ5MjlhYjNlYyIsImMiOjEwfQ%3D%3D&pageName=adfba30c52355c5b1631
Tuguegarao,Cagayan,17.6333,121.75,1995,11,Nov,SON,Dry Season,1523.6,160.2,1995-11-01,https://app.powerbi.com/view?r=eyJrIjoiOTJkN2U4MjUtYWE1Ny00NzA4LWExMzctMDBiYjQ2NjZiZWVjIiwidCI6ImJkMDNhNzM1LTJhYTMtNGNjYS05NzIyLTJhZTQ5MjlhYjNlYyIsImMiOjEwfQ%3D%3D&pageName=adfba30c52355c5b1631
Tuguegarao,Cagayan,17.6333,121.75,1995,12,Dec,DJF,Dry Season,1523.6,226,1995-12-01,https://app.powerbi.com/view?r=eyJrIjoiOTJkN2U4MjUtYWE1Ny00NzA4LWExMzctMDBiYjQ2NjZiZWVjIiwidCI6ImJkMDNhNzM1LTJhYTMtNGNjYS05NzIyLTJhZTQ5MjlhYjNlYyIsImMiOjEwfQ%3D%3D&pageName=adfba30c52355c5b1631
Tuguegarao,Cagayan,17.6333,121.75,1996,1,Jan,DJF,Dry Season,2378.2,33.5,1996-01-01,https://app.powerbi.com/view?r=eyJrIjoiOTJkN2U4MjUtYWE1Ny00NzA4LWExMzctMDBiYjQ2NjZiZWVjIiwidCI6ImJkMDNhNzM1LTJhYTMtNGNjYS05NzIyLTJhZTQ5MjlhYjNlYyIsImMiOjEwfQ%3D%3D&pageName=adfba30c52355c5b1631
Tuguegarao,Cagayan,17.6333,121.75,1996,2,Feb,DJF,Dry Season,2378.2,14.3,1996-02-01,https://app.powerbi.com/view?r=eyJrIjoiOTJkN2U4MjUtYWE1Ny00NzA4LWExMzctMDBiYjQ2NjZiZWVjIiwidCI6ImJkMDNhNzM1LTJhYTMtNGNjYS05NzIyLTJhZTQ5MjlhYjNlYyIsImMiOjEwfQ%3D%3D&pageName=adfba30c52355c5b1631
Tuguegarao,Cagayan,17.6333,121.75,1996,3,Mar,MAM,Dry Season,2378.2,1,1996-03-01,https://app.powerbi.com/view?r=eyJrIjoiOTJkN2U4MjUtYWE1Ny00NzA4LWExMzctMDBiYjQ2NjZiZWVjIiwidCI6ImJkMDNhNzM1LTJhYTMtNGNjYS05NzIyLTJhZTQ5MjlhYjNlYyIsImMiOjEwfQ%3D%3D&pageName=adfba30c52355c5b1631
Tuguegarao,Cagayan,17.6333,121.75,1996,4,Apr,MAM,Dry Season,2378.2,50.3,1996-04-01,https://app.powerbi.com/view?r=eyJrIjoiOTJkN2U4MjUtYWE1Ny00NzA4LWExMzctMDBiYjQ2NjZiZWVjIiwidCI6ImJkMDNhNzM1LTJhYTMtNGNjYS05NzIyLTJhZTQ5MjlhYjNlYyIsImMiOjEwfQ%3D%3D&pageName=adfba30c52355c5b1631
Tuguegarao,Cagayan,17.6333,121.75,1996,5,May,MAM,Wet Season,2378.2,298.5,1996-05-01,https://app.powerbi.com/view?r=eyJrIjoiOTJkN2U4MjUtYWE1Ny00NzA4LWExMzctMDBiYjQ2NjZiZWVjIiwidCI6ImJkMDNhNzM1LTJhYTMtNGNjYS05NzIyLTJhZTQ5MjlhYjNlYyIsImMiOjEwfQ%3D%3D&pageName=adfba30c52355c5b1631
Tuguegarao,Cagayan,17.6333,121.75,1996,6,Jun,JJA,Wet Season,2378.2,81.6,1996-06-01,https://app.powerbi.com/view?r=eyJrIjoiOTJkN2U4MjUtYWE1Ny00NzA4LWExMzctMDBiYjQ2NjZiZWVjIiwidCI6ImJkMDNhNzM1LTJhYTMtNGNjYS05NzIyLTJhZTQ5MjlhYjNlYyIsImMiOjEwfQ%3D%3D&pageName=adfba30c52355c5b1631
Tuguegarao,Cagayan,17.6333,121.75,1996,7,Jul,JJA,Wet Season,2378.2,414.9,1996-07-01,https://app.powerbi.com/view?r=eyJrIjoiOTJkN2U4MjUtYWE1Ny00NzA4LWExMzctMDBiYjQ2NjZiZWVjIiwidCI6ImJkMDNhNzM1LTJhYTMtNGNjYS05NzIyLTJhZTQ5MjlhYjNlYyIsImMiOjEwfQ%3D%3D&pageName=adfba30c52355c5b1631
Tuguegarao,Cagayan,17.6333,121.75,1996,8,Aug,JJA,Wet Season,2378.2,157.6,1996-08-01,https://app.powerbi.com/view?r=eyJrIjoiOTJkN2U4MjUtYWE1Ny00NzA4LWExMzctMDBiYjQ2NjZiZWVjIiwidCI6ImJkMDNhNzM1LTJhYTMtNGNjYS05NzIyLTJhZTQ5MjlhYjNlYyIsImMiOjEwfQ%3D%3D&pageName=adfba30c52355c5b1631
Tuguegarao,Cagayan,17.6333,121.75,1996,9,Sep,SON,Wet Season,2378.2,370.5,1996-09-01,https://app.powerbi.com/view?r=eyJrIjoiOTJkN2U4MjUtYWE1Ny00NzA4LWExMzctMDBiYjQ2NjZiZWVjIiwidCI6ImJkMDNhNzM1LTJhYTMtNGNjYS05NzIyLTJhZTQ5MjlhYjNlYyIsImMiOjEwfQ%3D%3D&pageName=adfba30c52355c5b1631
Tuguegarao,Cagayan,17.6333,121.75,1996,10,Oct,SON,Wet Season,2378.2,600.5,1996-10-01,https://app.powerbi.com/view?r=eyJrIjoiOTJkN2U4MjUtYWE1Ny00NzA4LWExMzctMDBiYjQ2NjZiZWVjIiwidCI6ImJkMDNhNzM1LTJhYTMtNGNjYS05NzIyLTJhZTQ5MjlhYjNlYyIsImMiOjEwfQ%3D%3D&pageName=adfba30c52355c5b1631
Tuguegarao,Cagayan,17.6333,121.75,1996,11,Nov,SON,Dry Season,2378.2,323.1,1996-11-01,https://app.powerbi.com/view?r=eyJrIjoiOTJkN2U4MjUtYWE1Ny00NzA4LWExMzctMDBiYjQ2NjZiZWVjIiwidCI6ImJkMDNhNzM1LTJhYTMtNGNjYS05NzIyLTJhZTQ5MjlhYjNlYyIsImMiOjEwfQ%3D%3D&pageName=adfba30c52355c5b1631
Tuguegarao,Cagayan,17.6333,121.75,1996,12,Dec,DJF,Dry Season,2378.2,32.4,1996-12-01,https://app.powerbi.com/view?r=eyJrIjoiOTJkN2U4MjUtYWE1Ny00NzA4LWExMzctMDBiYjQ2NjZiZWVjIiwidCI6ImJkMDNhNzM1LTJhYTMtNGNjYS05NzIyLTJhZTQ5MjlhYjNlYyIsImMiOjEwfQ%3D%3D&pageName=adfba30c52355c5b1631
Tuguegarao,Cagayan,17.6333,121.75,1997,1,Jan,DJF,Dry Season,1680.1,5.4,1997-01-01,https://app.powerbi.com/view?r=eyJrIjoiOTJkN2U4MjUtYWE1Ny00NzA4LWExMzctMDBiYjQ2NjZiZWVjIiwidCI6ImJkMDNhNzM1LTJhYTMtNGNjYS05NzIyLTJhZTQ5MjlhYjNlYyIsImMiOjEwfQ%3D%3D&pageName=adfba30c52355c5b1631
Tuguegarao,Cagayan,17.6333,121.75,1997,2,Feb,DJF,Dry Season,1680.1,12.3,1997-02-01,https://app.powerbi.com/view?r=eyJrIjoiOTJkN2U4MjUtYWE1Ny00NzA4LWExMzctMDBiYjQ2NjZiZWVjIiwidCI6ImJkMDNhNzM1LTJhYTMtNGNjYS05NzIyLTJhZTQ5MjlhYjNlYyIsImMiOjEwfQ%3D%3D&pageName=adfba30c52355c5b1631
Tuguegarao,Cagayan,17.6333,121.75,1997,3,Mar,MAM,Dry Season,1680.1,7.7,1997-03-01,https://app.powerbi.com/view?r=eyJrIjoiOTJkN2U4MjUtYWE1Ny00NzA4LWExMzctMDBiYjQ2NjZiZWVjIiwidCI6ImJkMDNhNzM1LTJhYTMtNGNjYS05NzIyLTJhZTQ5MjlhYjNlYyIsImMiOjEwfQ%3D%3D&pageName=adfba30c52355c5b1631
Tuguegarao,Cagayan,17.6333,121.75,1997,4,Apr,MAM,Dry Season,1680.1,55.1,1997-04-01,https://app.powerbi.com/view?r=eyJrIjoiOTJkN2U4MjUtYWE1Ny00NzA4LWExMzctMDBiYjQ2NjZiZWVjIiwidCI6ImJkMDNhNzM1LTJhYTMtNGNjYS05NzIyLTJhZTQ5MjlhYjNlYyIsImMiOjEwfQ%3D%3D&pageName=adfba30c52355c5b1631
Tuguegarao,Cagayan,17.6333,121.75,1997,5,May,MAM,Wet Season,1680.1,245.7,1997-05-01,https://app.powerbi.com/view?r=eyJrIjoiOTJkN2U4MjUtYWE1Ny00NzA4LWExMzctMDBiYjQ2NjZiZWVjIiwidCI6ImJkMDNhNzM1LTJhYTMtNGNjYS05NzIyLTJhZTQ5MjlhYjNlYyIsImMiOjEwfQ%3D%3D&pageName=adfba30c52355c5b1631
Tuguegarao,Cagayan,17.6333,121.75,1997,6,Jun,JJA,Wet Season,1680.1,62.1,1997-06-01,https://app.powerbi.com/view?r=eyJrIjoiOTJkN2U4MjUtYWE1Ny00NzA4LWExMzctMDBiYjQ2NjZiZWVjIiwidCI6ImJkMDNhNzM1LTJhYTMtNGNjYS05NzIyLTJhZTQ5MjlhYjNlYyIsImMiOjEwfQ%3D%3D&pageName=adfba30c52355c5b1631
Tuguegarao,Cagayan,17.6333,121.75,1997,7,Jul,JJA,Wet Season,1680.1,127.3,1997-07-01,https://app.powerbi.com/view?r=eyJrIjoiOTJkN2U4MjUtYWE1Ny00NzA4LWExMzctMDBiYjQ2NjZiZWVjIiwidCI6ImJkMDNhNzM1LTJhYTMtNGNjYS05NzIyLTJhZTQ5MjlhYjNlYyIsImMiOjEwfQ%3D%3D&pageName=adfba30c52355c5b1631
Tuguegarao,Cagayan,17.6333,121.75,1997,8,Aug,JJA,Wet Season,1680.1,173,1997-08-01,https://app.powerbi.com/view?r=eyJrIjoiOTJkN2U4MjUtYWE1Ny00NzA4LWExMzctMDBiYjQ2NjZiZWVjIiwidCI6ImJkMDNhNzM1LTJhYTMtNGNjYS05NzIyLTJhZTQ5MjlhYjNlYyIsImMiOjEwfQ%3D%3D&pageName=adfba30c52355c5b1631
Tuguegarao,Cagayan,17.6333,121.75,1997,9,Sep,SON,Wet Season,1680.1,155.8,1997-09-01,https://app.powerbi.com/view?r=eyJrIjoiOTJkN2U4MjUtYWE1Ny00NzA4LWExMzctMDBiYjQ2NjZiZWVjIiwidCI6ImJkMDNhNzM1LTJhYTMtNGNjYS05NzIyLTJhZTQ5MjlhYjNlYyIsImMiOjEwfQ%3D%3D&pageName=adfba30c52355c5b1631
Tuguegarao,Cagayan,17.6333,121.75,1997,10,Oct,SON,Wet Season,1680.1,516.1,1997-10-01,https://app.powerbi.com/view?r=eyJrIjoiOTJkN2U4MjUtYWE1Ny00NzA4LWExMzctMDBiYjQ2NjZiZWVjIiwidCI6ImJkMDNhNzM1LTJhYTMtNGNjYS05NzIyLTJhZTQ5MjlhYjNlYyIsImMiOjEwfQ%3D%3D&pageName=adfba30c52355c5b1631
Tuguegarao,Cagayan,17.6333,121.75,1997,11,Nov,SON,Dry Season,1680.1,269.6,1997-11-01,https://app.powerbi.com/view?r=eyJrIjoiOTJkN2U4MjUtYWE1Ny00NzA4LWExMzctMDBiYjQ2NjZiZWVjIiwidCI6ImJkMDNhNzM1LTJhYTMtNGNjYS05NzIyLTJhZTQ5MjlhYjNlYyIsImMiOjEwfQ%3D%3D&pageName=adfba30c52355c5b1631
Tuguegarao,Cagayan,17.6333,121.75,1997,12,Dec,DJF,Dry Season,1680.1,50,1997-12-01,https://app.powerbi.com/view?r=eyJrIjoiOTJkN2U4MjUtYWE1Ny00NzA4LWExMzctMDBiYjQ2NjZiZWVjIiwidCI6ImJkMDNhNzM1LTJhYTMtNGNjYS05NzIyLTJhZTQ5MjlhYjNlYyIsImMiOjEwfQ%3D%3D&pageName=adfba30c52355c5b1631
Tuguegarao,Cagayan,17.6333,121.75,1998,1,Jan,DJF,Dry Season,1957.2,5.2,1998-01-01,https://app.powerbi.com/view?r=eyJrIjoiOTJkN2U4MjUtYWE1Ny00NzA4LWExMzctMDBiYjQ2NjZiZWVjIiwidCI6ImJkMDNhNzM1LTJhYTMtNGNjYS05NzIyLTJhZTQ5MjlhYjNlYyIsImMiOjEwfQ%3D%3D&pageName=adfba30c52355c5b1631
Tuguegarao,Cagayan,17.6333,121.75,1998,2,Feb,DJF,Dry Season,1957.2,4.6,1998-02-01,https://app.powerbi.com/view?r=eyJrIjoiOTJkN2U4MjUtYWE1Ny00NzA4LWExMzctMDBiYjQ2NjZiZWVjIiwidCI6ImJkMDNhNzM1LTJhYTMtNGNjYS05NzIyLTJhZTQ5MjlhYjNlYyIsImMiOjEwfQ%3D%3D&pageName=adfba30c52355c5b1631
Tuguegarao,Cagayan,17.6333,121.75,1998,3,Mar,MAM,Dry Season,1957.2,0.4,1998-03-01,https://app.powerbi.com/view?r=eyJrIjoiOTJkN2U4MjUtYWE1Ny00NzA4LWExMzctMDBiYjQ2NjZiZWVjIiwidCI6ImJkMDNhNzM1LTJhYTMtNGNjYS05NzIyLTJhZTQ5MjlhYjNlYyIsImMiOjEwfQ%3D%3D&pageName=adfba30c52355c5b1631
Tuguegarao,Cagayan,17.6333,121.75,1998,4,Apr,MAM,Dry Season,1957.2,38.8,1998-04-01,https://app.powerbi.com/view?r=eyJrIjoiOTJkN2U4MjUtYWE1Ny00NzA4LWExMzctMDBiYjQ2NjZiZWVjIiwidCI6ImJkMDNhNzM1LTJhYTMtNGNjYS05NzIyLTJhZTQ5MjlhYjNlYyIsImMiOjEwfQ%3D%3D&pageName=adfba30c52355c5b1631
Tuguegarao,Cagayan,17.6333,121.75,1998,5,May,MAM,Wet Season,1957.2,114.9,1998-05-01,https://app.powerbi.com/view?r=eyJrIjoiOTJkN2U4MjUtYWE1Ny00NzA4LWExMzctMDBiYjQ2NjZiZWVjIiwidCI6ImJkMDNhNzM1LTJhYTMtNGNjYS05NzIyLTJhZTQ5MjlhYjNlYyIsImMiOjEwfQ%3D%3D&pageName=adfba30c52355c5b1631
Tuguegarao,Cagayan,17.6333,121.75,1998,6,Jun,JJA,Wet Season,1957.2,99.2,1998-06-01,https://app.powerbi.com/view?r=eyJrIjoiOTJkN2U4MjUtYWE1Ny00NzA4LWExMzctMDBiYjQ2NjZiZWVjIiwidCI6ImJkMDNhNzM1LTJhYTMtNGNjYS05NzIyLTJhZTQ5MjlhYjNlYyIsImMiOjEwfQ%3D%3D&pageName=adfba30c52355c5b1631
Tuguegarao,Cagayan,17.6333,121.75,1998,7,Jul,JJA,Wet Season,1957.2,104.6,1998-07-01,https://app.powerbi.com/view?r=eyJrIjoiOTJkN2U4MjUtYWE1Ny00NzA4LWExMzctMDBiYjQ2NjZiZWVjIiwidCI6ImJkMDNhNzM1LTJhYTMtNGNjYS05NzIyLTJhZTQ5MjlhYjNlYyIsImMiOjEwfQ%3D%3D&pageName=adfba30c52355c5b1631
Tuguegarao,Cagayan,17.6333,121.75,1998,8,Aug,JJA,Wet Season,1957.2,198.6,1998-08-01,https://app.powerbi.com/view?r=eyJrIjoiOTJkN2U4MjUtYWE1Ny00NzA4LWExMzctMDBiYjQ2NjZiZWVjIiwidCI6ImJkMDNhNzM1LTJhYTMtNGNjYS05NzIyLTJhZTQ5MjlhYjNlYyIsImMiOjEwfQ%3D%3D&pageName=adfba30c52355c5b1631
Tuguegarao,Cagayan,17.6333,121.75,1998,9,Sep,SON,Wet Season,1957.2,243.2,1998-09-01,https://app.powerbi.com/view?r=eyJrIjoiOTJkN2U4MjUtYWE1Ny00NzA4LWExMzctMDBiYjQ2NjZiZWVjIiwidCI6ImJkMDNhNzM1LTJhYTMtNGNjYS05NzIyLTJhZTQ5MjlhYjNlYyIsImMiOjEwfQ%3D%3D&pageName=adfba30c52355c5b1631
Tuguegarao,Cagayan,17.6333,121.75,1998,10,Oct,SON,Wet Season,1957.2,517.1,1998-10-01,https://app.powerbi.com/view?r=eyJrIjoiOTJkN2U4MjUtYWE1Ny00NzA4LWExMzctMDBiYjQ2NjZiZWVjIiwidCI6ImJkMDNhNzM1LTJhYTMtNGNjYS05NzIyLTJhZTQ5MjlhYjNlYyIsImMiOjEwfQ%3D%3D&pageName=adfba30c52355c5b1631
Tuguegarao,Cagayan,17.6333,121.75,1998,11,Nov,SON,Dry Season,1957.2,178.8,1998-11-01,https://app.powerbi.com/view?r=eyJrIjoiOTJkN2U4MjUtYWE1Ny00NzA4LWExMzctMDBiYjQ2NjZiZWVjIiwidCI6ImJkMDNhNzM1LTJhYTMtNGNjYS05NzIyLTJhZTQ5MjlhYjNlYyIsImMiOjEwfQ%3D%3D&pageName=adfba30c52355c5b1631
Tuguegarao,Cagayan,17.6333,121.75,1998,12,Dec,DJF,Dry Season,1957.2,451.8,1998-12-01,https://app.powerbi.com/view?r=eyJrIjoiOTJkN2U4MjUtYWE1Ny00NzA4LWExMzctMDBiYjQ2NjZiZWVjIiwidCI6ImJkMDNhNzM1LTJhYTMtNGNjYS05NzIyLTJhZTQ5MjlhYjNlYyIsImMiOjEwfQ%3D%3D&pageName=adfba30c52355c5b1631
Tuguegarao,Cagayan,17.6333,121.75,1999,1,Jan,DJF,Dry Season,2266.3,79.4,1999-01-01,https://app.powerbi.com/view?r=eyJrIjoiOTJkN2U4MjUtYWE1Ny00NzA4LWExMzctMDBiYjQ2NjZiZWVjIiwidCI6ImJkMDNhNzM1LTJhYTMtNGNjYS05NzIyLTJhZTQ5MjlhYjNlYyIsImMiOjEwfQ%3D%3D&pageName=adfba30c52355c5b1631
Tuguegarao,Cagayan,17.6333,121.75,1999,2,Feb,DJF,Dry Season,2266.3,5.6,1999-02-01,https://app.powerbi.com/view?r=eyJrIjoiOTJkN2U4MjUtYWE1Ny00NzA4LWExMzctMDBiYjQ2NjZiZWVjIiwidCI6ImJkMDNhNzM1LTJhYTMtNGNjYS05NzIyLTJhZTQ5MjlhYjNlYyIsImMiOjEwfQ%3D%3D&pageName=adfba30c52355c5b1631
Tuguegarao,Cagayan,17.6333,121.75,1999,3,Mar,MAM,Dry Season,2266.3,53.6,1999-03-01,https://app.powerbi.com/view?r=eyJrIjoiOTJkN2U4MjUtYWE1Ny00NzA4LWExMzctMDBiYjQ2NjZiZWVjIiwidCI6ImJkMDNhNzM1LTJhYTMtNGNjYS05NzIyLTJhZTQ5MjlhYjNlYyIsImMiOjEwfQ%3D%3D&pageName=adfba30c52355c5b1631
Tuguegarao,Cagayan,17.6333,121.75,1999,4,Apr,MAM,Dry Season,2266.3,91.7,1999-04-01,https://app.powerbi.com/view?r=eyJrIjoiOTJkN2U4MjUtYWE1Ny00NzA4LWExMzctMDBiYjQ2NjZiZWVjIiwidCI6ImJkMDNhNzM1LTJhYTMtNGNjYS05NzIyLTJhZTQ5MjlhYjNlYyIsImMiOjEwfQ%3D%3D&pageName=adfba30c52355c5b1631
Tuguegarao,Cagayan,17.6333,121.75,1999,5,May,MAM,Wet Season,2266.3,174.6,1999-05-01,https://app.powerbi.com/view?r=eyJrIjoiOTJkN2U4MjUtYWE1Ny00NzA4LWExMzctMDBiYjQ2NjZiZWVjIiwidCI6ImJkMDNhNzM1LTJhYTMtNGNjYS05NzIyLTJhZTQ5MjlhYjNlYyIsImMiOjEwfQ%3D%3D&pageName=adfba30c52355c5b1631
Tuguegarao,Cagayan,17.6333,121.75,1999,6,Jun,JJA,Wet Season,2266.3,201.1,1999-06-01,https://app.powerbi.com/view?r=eyJrIjoiOTJkN2U4MjUtYWE1Ny00NzA4LWExMzctMDBiYjQ2NjZiZWVjIiwidCI6ImJkMDNhNzM1LTJhYTMtNGNjYS05NzIyLTJhZTQ5MjlhYjNlYyIsImMiOjEwfQ%3D%3D&pageName=adfba30c52355c5b1631
Tuguegarao,Cagayan,17.6333,121.75,1999,7,Jul,JJA,Wet Season,2266.3,145.4,1999-07-01,https://app.powerbi.com/view?r=eyJrIjoiOTJkN2U4MjUtYWE1Ny00NzA4LWExMzctMDBiYjQ2NjZiZWVjIiwidCI6ImJkMDNhNzM1LTJhYTMtNGNjYS05NzIyLTJhZTQ5MjlhYjNlYyIsImMiOjEwfQ%3D%3D&pageName=adfba30c52355c5b1631
Tuguegarao,Cagayan,17.6333,121.75,1999,8,Aug,JJA,Wet Season,2266.3,275.1,1999-08-01,https://app.powerbi.com/view?r=eyJrIjoiOTJkN2U4MjUtYWE1Ny00NzA4LWExMzctMDBiYjQ2NjZiZWVjIiwidCI6ImJkMDNhNzM1LTJhYTMtNGNjYS05NzIyLTJhZTQ5MjlhYjNlYyIsImMiOjEwfQ%3D%3D&pageName=adfba30c52355c5b1631
Tuguegarao,Cagayan,17.6333,121.75,1999,9,Sep,SON,Wet Season,2266.3,289.1,1999-09-01,https://app.powerbi.com/view?r=eyJrIjoiOTJkN2U4MjUtYWE1Ny00NzA4LWExMzctMDBiYjQ2NjZiZWVjIiwidCI6ImJkMDNhNzM1LTJhYTMtNGNjYS05NzIyLTJhZTQ5MjlhYjNlYyIsImMiOjEwfQ%3D%3D&pageName=adfba30c52355c5b1631
Tuguegarao,Cagayan,17.6333,121.75,1999,10,Oct,SON,Wet Season,2266.3,346.6,1999-10-01,https://app.powerbi.com/view?r=eyJrIjoiOTJkN2U4MjUtYWE1Ny00NzA4LWExMzctMDBiYjQ2NjZiZWVjIiwidCI6ImJkMDNhNzM1LTJhYTMtNGNjYS05NzIyLTJhZTQ5MjlhYjNlYyIsImMiOjEwfQ%3D%3D&pageName=adfba30c52355c5b1631
Tuguegarao,Cagayan,17.6333,121.75,1999,11,Nov,SON,Dry Season,2266.3,216.2,1999-11-01,https://app.powerbi.com/view?r=eyJrIjoiOTJkN2U4MjUtYWE1Ny00NzA4LWExMzctMDBiYjQ2NjZiZWVjIiwidCI6ImJkMDNhNzM1LTJhYTMtNGNjYS05NzIyLTJhZTQ5MjlhYjNlYyIsImMiOjEwfQ%3D%3D&pageName=adfba30c52355c5b1631
Tuguegarao,Cagayan,17.6333,121.75,1999,12,Dec,DJF,Dry Season,2266.3,387.9,1999-12-01,https://app.powerbi.com/view?r=eyJrIjoiOTJkN2U4MjUtYWE1Ny00NzA4LWExMzctMDBiYjQ2NjZiZWVjIiwidCI6ImJkMDNhNzM1LTJhYTMtNGNjYS05NzIyLTJhZTQ5MjlhYjNlYyIsImMiOjEwfQ%3D%3D&pageName=adfba30c52355c5b1631
Tuguegarao,Cagayan,17.6333,121.75,2000,1,Jan,DJF,Dry Season,1629.1,25.9,2000-01-01,https://app.powerbi.com/view?r=eyJrIjoiOTJkN2U4MjUtYWE1Ny00NzA4LWExMzctMDBiYjQ2NjZiZWVjIiwidCI6ImJkMDNhNzM1LTJhYTMtNGNjYS05NzIyLTJhZTQ5MjlhYjNlYyIsImMiOjEwfQ%3D%3D&pageName=adfba30c52355c5b1631
Tuguegarao,Cagayan,17.6333,121.75,2000,2,Feb,DJF,Dry Season,1629.1,83.8,2000-02-01,https://app.powerbi.com/view?r=eyJrIjoiOTJkN2U4MjUtYWE1Ny00NzA4LWExMzctMDBiYjQ2NjZiZWVjIiwidCI6ImJkMDNhNzM1LTJhYTMtNGNjYS05NzIyLTJhZTQ5MjlhYjNlYyIsImMiOjEwfQ%3D%3D&pageName=adfba30c52355c5b1631
Tuguegarao,Cagayan,17.6333,121.75,2000,3,Mar,MAM,Dry Season,1629.1,54.8,2000-03-01,https://app.powerbi.com/view?r=eyJrIjoiOTJkN2U4MjUtYWE1Ny00NzA4LWExMzctMDBiYjQ2NjZiZWVjIiwidCI6ImJkMDNhNzM1LTJhYTMtNGNjYS05NzIyLTJhZTQ5MjlhYjNlYyIsImMiOjEwfQ%3D%3D&pageName=adfba30c52355c5b1631
Tuguegarao,Cagayan,17.6333,121.75,2000,4,Apr,MAM,Dry Season,1629.1,16.2,2000-04-01,https://app.powerbi.com/view?r=eyJrIjoiOTJkN2U4MjUtYWE1Ny00NzA4LWExMzctMDBiYjQ2NjZiZWVjIiwidCI6ImJkMDNhNzM1LTJhYTMtNGNjYS05NzIyLTJhZTQ5MjlhYjNlYyIsImMiOjEwfQ%3D%3D&pageName=adfba30c52355c5b1631
Tuguegarao,Cagayan,17.6333,121.75,2000,5,May,MAM,Wet Season,1629.1,189,2000-05-01,https://app.powerbi.com/view?r=eyJrIjoiOTJkN2U4MjUtYWE1Ny00NzA4LWExMzctMDBiYjQ2NjZiZWVjIiwidCI6ImJkMDNhNzM1LTJhYTMtNGNjYS05NzIyLTJhZTQ5MjlhYjNlYyIsImMiOjEwfQ%3D%3D&pageName=adfba30c52355c5b1631
Tuguegarao,Cagayan,17.6333,121.75,2000,6,Jun,JJA,Wet Season,1629.1,100.6,2000-06-01,https://app.powerbi.com/view?r=eyJrIjoiOTJkN2U4MjUtYWE1Ny00NzA4LWExMzctMDBiYjQ2NjZiZWVjIiwidCI6ImJkMDNhNzM1LTJhYTMtNGNjYS05NzIyLTJhZTQ5MjlhYjNlYyIsImMiOjEwfQ%3D%3D&pageName=adfba30c52355c5b1631
Tuguegarao,Cagayan,17.6333,121.75,2000,7,Jul,JJA,Wet Season,1629.1,97.4,2000-07-01,https://app.powerbi.com/view?r=eyJrIjoiOTJkN2U4MjUtYWE1Ny00NzA4LWExMzctMDBiYjQ2NjZiZWVjIiwidCI6ImJkMDNhNzM1LTJhYTMtNGNjYS05NzIyLTJhZTQ5MjlhYjNlYyIsImMiOjEwfQ%3D%3D&pageName=adfba30c52355c5b1631
Tuguegarao,Cagayan,17.6333,121.75,2000,8,Aug,JJA,Wet Season,1629.1,120.6,2000-08-01,https://app.powerbi.com/view?r=eyJrIjoiOTJkN2U4MjUtYWE1Ny00NzA4LWExMzctMDBiYjQ2NjZiZWVjIiwidCI6ImJkMDNhNzM1LTJhYTMtNGNjYS05NzIyLTJhZTQ5MjlhYjNlYyIsImMiOjEwfQ%3D%3D&pageName=adfba30c52355c5b1631
Tuguegarao,Cagayan,17.6333,121.75,2000,9,Sep,SON,Wet Season,1629.1,295.4,2000-09-01,https://app.powerbi.com/view?r=eyJrIjoiOTJkN2U4MjUtYWE1Ny00NzA4LWExMzctMDBiYjQ2NjZiZWVjIiwidCI6ImJkMDNhNzM1LTJhYTMtNGNjYS05NzIyLTJhZTQ5MjlhYjNlYyIsImMiOjEwfQ%3D%3D&pageName=adfba30c52355c5b1631
Tuguegarao,Cagayan,17.6333,121.75,2000,10,Oct,SON,Wet Season,1629.1,241.1,2000-10-01,https://app.powerbi.com/view?r=eyJrIjoiOTJkN2U4MjUtYWE1Ny00NzA4LWExMzctMDBiYjQ2NjZiZWVjIiwidCI6ImJkMDNhNzM1LTJhYTMtNGNjYS05NzIyLTJhZTQ5MjlhYjNlYyIsImMiOjEwfQ%3D%3D&pageName=adfba30c52355c5b1631
Tuguegarao,Cagayan,17.6333,121.75,2000,11,Nov,SON,Dry Season,1629.1,135.8,2000-11-01,https://app.powerbi.com/view?r=eyJrIjoiOTJkN2U4MjUtYWE1Ny00NzA4LWExMzctMDBiYjQ2NjZiZWVjIiwidCI6ImJkMDNhNzM1LTJhYTMtNGNjYS05NzIyLTJhZTQ5MjlhYjNlYyIsImMiOjEwfQ%3D%3D&pageName=adfba30c52355c5b1631
Tuguegarao,Cagayan,17.6333,121.75,2000,12,Dec,DJF,Dry Season,1629.1,268.5,2000-12-01,https://app.powerbi.com/view?r=eyJrIjoiOTJkN2U4MjUtYWE1Ny00NzA4LWExMzctMDBiYjQ2NjZiZWVjIiwidCI6ImJkMDNhNzM1LTJhYTMtNGNjYS05NzIyLTJhZTQ5MjlhYjNlYyIsImMiOjEwfQ%3D%3D&pageName=adfba30c52355c5b1631
Tuguegarao,Cagayan,17.6333,121.75,2001,1,Jan,DJF,Dry Season,5103.4,26.6,2001-01-01,https://app.powerbi.com/view?r=eyJrIjoiOTJkN2U4MjUtYWE1Ny00NzA4LWExMzctMDBiYjQ2NjZiZWVjIiwidCI6ImJkMDNhNzM1LTJhYTMtNGNjYS05NzIyLTJhZTQ5MjlhYjNlYyIsImMiOjEwfQ%3D%3D&pageName=adfba30c52355c5b1631
Tuguegarao,Cagayan,17.6333,121.75,2001,2,Feb,DJF,Dry Season,5103.4,921.5,2001-02-01,https://app.powerbi.com/view?r=eyJrIjoiOTJkN2U4MjUtYWE1Ny00NzA4LWExMzctMDBiYjQ2NjZiZWVjIiwidCI6ImJkMDNhNzM1LTJhYTMtNGNjYS05NzIyLTJhZTQ5MjlhYjNlYyIsImMiOjEwfQ%3D%3D&pageName=adfba30c52355c5b1631
Tuguegarao,Cagayan,17.6333,121.75,2001,3,Mar,MAM,Dry Season,5103.4,1294.1,2001-03-01,https://app.powerbi.com/view?r=eyJrIjoiOTJkN2U4MjUtYWE1Ny00NzA4LWExMzctMDBiYjQ2NjZiZWVjIiwidCI6ImJkMDNhNzM1LTJhYTMtNGNjYS05NzIyLTJhZTQ5MjlhYjNlYyIsImMiOjEwfQ%3D%3D&pageName=adfba30c52355c5b1631
Tuguegarao,Cagayan,17.6333,121.75,2001,4,Apr,MAM,Dry Season,5103.4,268.6,2001-04-01,https://app.powerbi.com/view?r=eyJrIjoiOTJkN2U4MjUtYWE1Ny00NzA4LWExMzctMDBiYjQ2NjZiZWVjIiwidCI6ImJkMDNhNzM1LTJhYTMtNGNjYS05NzIyLTJhZTQ5MjlhYjNlYyIsImMiOjEwfQ%3D%3D&pageName=adfba30c52355c5b1631
Tuguegarao,Cagayan,17.6333,121.75,2001,5,May,MAM,Wet Season,5103.4,137,2001-05-01,https://app.powerbi.com/view?r=eyJrIjoiOTJkN2U4MjUtYWE1Ny00NzA4LWExMzctMDBiYjQ2NjZiZWVjIiwidCI6ImJkMDNhNzM1LTJhYTMtNGNjYS05NzIyLTJhZTQ5MjlhYjNlYyIsImMiOjEwfQ%3D%3D&pageName=adfba30c52355c5b1631
Tuguegarao,Cagayan,17.6333,121.75,2001,6,Jun,JJA,Wet Season,5103.4,196.2,2001-06-01,https://app.powerbi.com/view?r=eyJrIjoiOTJkN2U4MjUtYWE1Ny00NzA4LWExMzctMDBiYjQ2NjZiZWVjIiwidCI6ImJkMDNhNzM1LTJhYTMtNGNjYS05NzIyLTJhZTQ5MjlhYjNlYyIsImMiOjEwfQ%3D%3D&pageName=adfba30c52355c5b1631
Tuguegarao,Cagayan,17.6333,121.75,2001,7,Jul,JJA,Wet Season,5103.4,487.4,2001-07-01,https://app.powerbi.com/view?r=eyJrIjoiOTJkN2U4MjUtYWE1Ny00NzA4LWExMzctMDBiYjQ2NjZiZWVjIiwidCI6ImJkMDNhNzM1LTJhYTMtNGNjYS05NzIyLTJhZTQ5MjlhYjNlYyIsImMiOjEwfQ%3D%3D&pageName=adfba30c52355c5b1631
Tuguegarao,Cagayan,17.6333,121.75,2001,8,Aug,JJA,Wet Season,5103.4,720,2001-08-01,https://app.powerbi.com/view?r=eyJrIjoiOTJkN2U4MjUtYWE1Ny00NzA4LWExMzctMDBiYjQ2NjZiZWVjIiwidCI6ImJkMDNhNzM1LTJhYTMtNGNjYS05NzIyLTJhZTQ5MjlhYjNlYyIsImMiOjEwfQ%3D%3D&pageName=adfba30c52355c5b1631
Tuguegarao,Cagayan,17.6333,121.75,2001,9,Sep,SON,Wet Season,5103.4,348.2,2001-09-01,https://app.powerbi.com/view?r=eyJrIjoiOTJkN2U4MjUtYWE1Ny00NzA4LWExMzctMDBiYjQ2NjZiZWVjIiwidCI6ImJkMDNhNzM1LTJhYTMtNGNjYS05NzIyLTJhZTQ5MjlhYjNlYyIsImMiOjEwfQ%3D%3D&pageName=adfba30c52355c5b1631
Tuguegarao,Cagayan,17.6333,121.75,2001,10,Oct,SON,Wet Season,5103.4,407.8,2001-10-01,https://app.powerbi.com/view?r=eyJrIjoiOTJkN2U4MjUtYWE1Ny00NzA4LWExMzctMDBiYjQ2NjZiZWVjIiwidCI6ImJkMDNhNzM1LTJhYTMtNGNjYS05NzIyLTJhZTQ5MjlhYjNlYyIsImMiOjEwfQ%3D%3D&pageName=adfba30c52355c5b1631
Tuguegarao,Cagayan,17.6333,121.75,2001,11,Nov,SON,Dry Season,5103.4,197.4,2001-11-01,https://app.powerbi.com/view?r=eyJrIjoiOTJkN2U4MjUtYWE1Ny00NzA4LWExMzctMDBiYjQ2NjZiZWVjIiwidCI6ImJkMDNhNzM1LTJhYTMtNGNjYS05NzIyLTJhZTQ5MjlhYjNlYyIsImMiOjEwfQ%3D%3D&pageName=adfba30c52355c5b1631
Tuguegarao,Cagayan,17.6333,121.75,2001,12,Dec,DJF,Dry Season,5103.4,98.6,2001-12-01,https://app.powerbi.com/view?r=eyJrIjoiOTJkN2U4MjUtYWE1Ny00NzA4LWExMzctMDBiYjQ2NjZiZWVjIiwidCI6ImJkMDNhNzM1LTJhYTMtNGNjYS05NzIyLTJhZTQ5MjlhYjNlYyIsImMiOjEwfQ%3D%3D&pageName=adfba30c52355c5b1631
Tuguegarao,Cagayan,17.6333,121.75,2002,1,Jan,DJF,Dry Season,1400.9,20.1,2002-01-01,https://app.powerbi.com/view?r=eyJrIjoiOTJkN2U4MjUtYWE1Ny00NzA4LWExMzctMDBiYjQ2NjZiZWVjIiwidCI6ImJkMDNhNzM1LTJhYTMtNGNjYS05NzIyLTJhZTQ5MjlhYjNlYyIsImMiOjEwfQ%3D%3D&pageName=adfba30c52355c5b1631
Tuguegarao,Cagayan,17.6333,121.75,2002,2,Feb,DJF,Dry Season,1400.9,13.2,2002-02-01,https://app.powerbi.com/view?r=eyJrIjoiOTJkN2U4MjUtYWE1Ny00NzA4LWExMzctMDBiYjQ2NjZiZWVjIiwidCI6ImJkMDNhNzM1LTJhYTMtNGNjYS05NzIyLTJhZTQ5MjlhYjNlYyIsImMiOjEwfQ%3D%3D&pageName=adfba30c52355c5b1631
Tuguegarao,Cagayan,17.6333,121.75,2002,3,Mar,MAM,Dry Season,1400.9,0,2002-03-01,https://app.powerbi.com/view?r=eyJrIjoiOTJkN2U4MjUtYWE1Ny00NzA4LWExMzctMDBiYjQ2NjZiZWVjIiwidCI6ImJkMDNhNzM1LTJhYTMtNGNjYS05NzIyLTJhZTQ5MjlhYjNlYyIsImMiOjEwfQ%3D%3D&pageName=adfba30c52355c5b1631
Tuguegarao,Cagayan,17.6333,121.75,2002,4,Apr,MAM,Dry Season,1400.9,7.2,2002-04-01,https://app.powerbi.com/view?r=eyJrIjoiOTJkN2U4MjUtYWE1Ny00NzA4LWExMzctMDBiYjQ2NjZiZWVjIiwidCI6ImJkMDNhNzM1LTJhYTMtNGNjYS05NzIyLTJhZTQ5MjlhYjNlYyIsImMiOjEwfQ%3D%3D&pageName=adfba30c52355c5b1631
Tuguegarao,Cagayan,17.6333,121.75,2002,5,May,MAM,Wet Season,1400.9,71.9,2002-05-01,https://app.powerbi.com/view?r=eyJrIjoiOTJkN2U4MjUtYWE1Ny00NzA4LWExMzctMDBiYjQ2NjZiZWVjIiwidCI6ImJkMDNhNzM1LTJhYTMtNGNjYS05NzIyLTJhZTQ5MjlhYjNlYyIsImMiOjEwfQ%3D%3D&pageName=adfba30c52355c5b1631
Tuguegarao,Cagayan,17.6333,121.75,2002,6,Jun,JJA,Wet Season,1400.9,70.6,2002-06-01,https://app.powerbi.com/view?r=eyJrIjoiOTJkN2U4MjUtYWE1Ny00NzA4LWExMzctMDBiYjQ2NjZiZWVjIiwidCI6ImJkMDNhNzM1LTJhYTMtNGNjYS05NzIyLTJhZTQ5MjlhYjNlYyIsImMiOjEwfQ%3D%3D&pageName=adfba30c52355c5b1631
Tuguegarao,Cagayan,17.6333,121.75,2002,7,Jul,JJA,Wet Season,1400.9,234.4,2002-07-01,https://app.powerbi.com/view?r=eyJrIjoiOTJkN2U4MjUtYWE1Ny00NzA4LWExMzctMDBiYjQ2NjZiZWVjIiwidCI6ImJkMDNhNzM1LTJhYTMtNGNjYS05NzIyLTJhZTQ5MjlhYjNlYyIsImMiOjEwfQ%3D%3D&pageName=adfba30c52355c5b1631
Tuguegarao,Cagayan,17.6333,121.75,2002,8,Aug,JJA,Wet Season,1400.9,218.3,2002-08-01,https://app.powerbi.com/view?r=eyJrIjoiOTJkN2U4MjUtYWE1Ny00NzA4LWExMzctMDBiYjQ2NjZiZWVjIiwidCI6ImJkMDNhNzM1LTJhYTMtNGNjYS05NzIyLTJhZTQ5MjlhYjNlYyIsImMiOjEwfQ%3D%3D&pageName=adfba30c52355c5b1631
Tuguegarao,Cagayan,17.6333,121.75,2002,9,Sep,SON,Wet Season,1400.9,131.7,2002-09-01,https://app.powerbi.com/view?r=eyJrIjoiOTJkN2U4MjUtYWE1Ny00NzA4LWExMzctMDBiYjQ2NjZiZWVjIiwidCI6ImJkMDNhNzM1LTJhYTMtNGNjYS05NzIyLTJhZTQ5MjlhYjNlYyIsImMiOjEwfQ%3D%3D&pageName=adfba30c52355c5b1631
Tuguegarao,Cagayan,17.6333,121.75,2002,10,Oct,SON,Wet Season,1400.9,85.2,2002-10-01,https://app.powerbi.com/view?r=eyJrIjoiOTJkN2U4MjUtYWE1Ny00NzA4LWExMzctMDBiYjQ2NjZiZWVjIiwidCI6ImJkMDNhNzM1LTJhYTMtNGNjYS05NzIyLTJhZTQ5MjlhYjNlYyIsImMiOjEwfQ%3D%3D&pageName=adfba30c52355c5b1631
Tuguegarao,Cagayan,17.6333,121.75,2002,11,Nov,SON,Dry Season,1400.9,488.4,2002-11-01,https://app.powerbi.com/view?r=eyJrIjoiOTJkN2U4MjUtYWE1Ny00NzA4LWExMzctMDBiYjQ2NjZiZWVjIiwidCI6ImJkMDNhNzM1LTJhYTMtNGNjYS05NzIyLTJhZTQ5MjlhYjNlYyIsImMiOjEwfQ%3D%3D&pageName=adfba30c52355c5b1631
Tuguegarao,Cagayan,17.6333,121.75,2002,12,Dec,DJF,Dry Season,1400.9,59.9,2002-12-01,https://app.powerbi.com/view?r=eyJrIjoiOTJkN2U4MjUtYWE1Ny00NzA4LWExMzctMDBiYjQ2NjZiZWVjIiwidCI6ImJkMDNhNzM1LTJhYTMtNGNjYS05NzIyLTJhZTQ5MjlhYjNlYyIsImMiOjEwfQ%3D%3D&pageName=adfba30c52355c5b1631
Tuguegarao,Cagayan,17.6333,121.75,2003,1,Jan,DJF,Dry Season,1796.7,9.8,2003-01-01,https://app.powerbi.com/view?r=eyJrIjoiOTJkN2U4MjUtYWE1Ny00NzA4LWExMzctMDBiYjQ2NjZiZWVjIiwidCI6ImJkMDNhNzM1LTJhYTMtNGNjYS05NzIyLTJhZTQ5MjlhYjNlYyIsImMiOjEwfQ%3D%3D&pageName=adfba30c52355c5b1631
Tuguegarao,Cagayan,17.6333,121.75,2003,2,Feb,DJF,Dry Season,1796.7,7.4,2003-02-01,https://app.powerbi.com/view?r=eyJrIjoiOTJkN2U4MjUtYWE1Ny00NzA4LWExMzctMDBiYjQ2NjZiZWVjIiwidCI6ImJkMDNhNzM1LTJhYTMtNGNjYS05NzIyLTJhZTQ5MjlhYjNlYyIsImMiOjEwfQ%3D%3D&pageName=adfba30c52355c5b1631
Tuguegarao,Cagayan,17.6333,121.75,2003,3,Mar,MAM,Dry Season,1796.7,15.9,2003-03-01,https://app.powerbi.com/view?r=eyJrIjoiOTJkN2U4MjUtYWE1Ny00NzA4LWExMzctMDBiYjQ2NjZiZWVjIiwidCI6ImJkMDNhNzM1LTJhYTMtNGNjYS05NzIyLTJhZTQ5MjlhYjNlYyIsImMiOjEwfQ%3D%3D&pageName=adfba30c52355c5b1631
Tuguegarao,Cagayan,17.6333,121.75,2003,4,Apr,MAM,Dry Season,1796.7,5.2,2003-04-01,https://app.powerbi.com/view?r=eyJrIjoiOTJkN2U4MjUtYWE1Ny00NzA4LWExMzctMDBiYjQ2NjZiZWVjIiwidCI6ImJkMDNhNzM1LTJhYTMtNGNjYS05NzIyLTJhZTQ5MjlhYjNlYyIsImMiOjEwfQ%3D%3D&pageName=adfba30c52355c5b1631
Tuguegarao,Cagayan,17.6333,121.75,2003,5,May,MAM,Wet Season,1796.7,209.4,2003-05-01,https://app.powerbi.com/view?r=eyJrIjoiOTJkN2U4MjUtYWE1Ny00NzA4LWExMzctMDBiYjQ2NjZiZWVjIiwidCI6ImJkMDNhNzM1LTJhYTMtNGNjYS05NzIyLTJhZTQ5MjlhYjNlYyIsImMiOjEwfQ%3D%3D&pageName=adfba30c52355c5b1631
Tuguegarao,Cagayan,17.6333,121.75,2003,6,Jun,JJA,Wet Season,1796.7,666.4,2003-06-01,https://app.powerbi.com/view?r=eyJrIjoiOTJkN2U4MjUtYWE1Ny00NzA4LWExMzctMDBiYjQ2NjZiZWVjIiwidCI6ImJkMDNhNzM1LTJhYTMtNGNjYS05NzIyLTJhZTQ5MjlhYjNlYyIsImMiOjEwfQ%3D%3D&pageName=adfba30c52355c5b1631
Tuguegarao,Cagayan,17.6333,121.75,2003,7,Jul,JJA,Wet Season,1796.7,125,2003-07-01,https://app.powerbi.com/view?r=eyJrIjoiOTJkN2U4MjUtYWE1Ny00NzA4LWExMzctMDBiYjQ2NjZiZWVjIiwidCI6ImJkMDNhNzM1LTJhYTMtNGNjYS05NzIyLTJhZTQ5MjlhYjNlYyIsImMiOjEwfQ%3D%3D&pageName=adfba30c52355c5b1631
Tuguegarao,Cagayan,17.6333,121.75,2003,8,Aug,JJA,Wet Season,1796.7,124.4,2003-08-01,https://app.powerbi.com/view?r=eyJrIjoiOTJkN2U4MjUtYWE1Ny00NzA4LWExMzctMDBiYjQ2NjZiZWVjIiwidCI6ImJkMDNhNzM1LTJhYTMtNGNjYS05NzIyLTJhZTQ5MjlhYjNlYyIsImMiOjEwfQ%3D%3D&pageName=adfba30c52355c5b1631
Tuguegarao,Cagayan,17.6333,121.75,2003,9,Sep,SON,Wet Season,1796.7,220.3,2003-09-01,https://app.powerbi.com/view?r=eyJrIjoiOTJkN2U4MjUtYWE1Ny00NzA4LWExMzctMDBiYjQ2NjZiZWVjIiwidCI6ImJkMDNhNzM1LTJhYTMtNGNjYS05NzIyLTJhZTQ5MjlhYjNlYyIsImMiOjEwfQ%3D%3D&pageName=adfba30c52355c5b1631
Tuguegarao,Cagayan,17.6333,121.75,2003,10,Oct,SON,Wet Season,1796.7,135.6,2003-10-01,https://app.powerbi.com/view?r=eyJrIjoiOTJkN2U4MjUtYWE1Ny00NzA4LWExMzctMDBiYjQ2NjZiZWVjIiwidCI6ImJkMDNhNzM1LTJhYTMtNGNjYS05NzIyLTJhZTQ5MjlhYjNlYyIsImMiOjEwfQ%3D%3D&pageName=adfba30c52355c5b1631
Tuguegarao,Cagayan,17.6333,121.75,2003,11,Nov,SON,Dry Season,1796.7,261.1,2003-11-01,https://app.powerbi.com/view?r=eyJrIjoiOTJkN2U4MjUtYWE1Ny00NzA4LWExMzctMDBiYjQ2NjZiZWVjIiwidCI6ImJkMDNhNzM1LTJhYTMtNGNjYS05NzIyLTJhZTQ5MjlhYjNlYyIsImMiOjEwfQ%3D%3D&pageName=adfba30c52355c5b1631
Tuguegarao,Cagayan,17.6333,121.75,2003,12,Dec,DJF,Dry Season,1796.7,16.2,2003-12-01,https://app.powerbi.com/view?r=eyJrIjoiOTJkN2U4MjUtYWE1Ny00NzA4LWExMzctMDBiYjQ2NjZiZWVjIiwidCI6ImJkMDNhNzM1LTJhYTMtNGNjYS05NzIyLTJhZTQ5MjlhYjNlYyIsImMiOjEwfQ%3D%3D&pageName=adfba30c52355c5b1631
Tuguegarao,Cagayan,17.6333,121.75,2004,1,Jan,DJF,Dry Season,1287.8,13.2,2004-01-01,https://app.powerbi.com/view?r=eyJrIjoiOTJkN2U4MjUtYWE1Ny00NzA4LWExMzctMDBiYjQ2NjZiZWVjIiwidCI6ImJkMDNhNzM1LTJhYTMtNGNjYS05NzIyLTJhZTQ5MjlhYjNlYyIsImMiOjEwfQ%3D%3D&pageName=adfba30c52355c5b1631
Tuguegarao,Cagayan,17.6333,121.75,2004,2,Feb,DJF,Dry Season,1287.8,62,2004-02-01,https://app.powerbi.com/view?r=eyJrIjoiOTJkN2U4MjUtYWE1Ny00NzA4LWExMzctMDBiYjQ2NjZiZWVjIiwidCI6ImJkMDNhNzM1LTJhYTMtNGNjYS05NzIyLTJhZTQ5MjlhYjNlYyIsImMiOjEwfQ%3D%3D&pageName=adfba30c52355c5b1631
Tuguegarao,Cagayan,17.6333,121.75,2004,3,Mar,MAM,Dry Season,1287.8,0,2004-03-01,https://app.powerbi.com/view?r=eyJrIjoiOTJkN2U4MjUtYWE1Ny00NzA4LWExMzctMDBiYjQ2NjZiZWVjIiwidCI6ImJkMDNhNzM1LTJhYTMtNGNjYS05NzIyLTJhZTQ5MjlhYjNlYyIsImMiOjEwfQ%3D%3D&pageName=adfba30c52355c5b1631
Tuguegarao,Cagayan,17.6333,121.75,2004,4,Apr,MAM,Dry Season,1287.8,8.4,2004-04-01,https://app.powerbi.com/view?r=eyJrIjoiOTJkN2U4MjUtYWE1Ny00NzA4LWExMzctMDBiYjQ2NjZiZWVjIiwidCI6ImJkMDNhNzM1LTJhYTMtNGNjYS05NzIyLTJhZTQ5MjlhYjNlYyIsImMiOjEwfQ%3D%3D&pageName=adfba30c52355c5b1631
Tuguegarao,Cagayan,17.6333,121.75,2004,5,May,MAM,Wet Season,1287.8,95.1,2004-05-01,https://app.powerbi.com/view?r=eyJrIjoiOTJkN2U4MjUtYWE1Ny00NzA4LWExMzctMDBiYjQ2NjZiZWVjIiwidCI6ImJkMDNhNzM1LTJhYTMtNGNjYS05NzIyLTJhZTQ5MjlhYjNlYyIsImMiOjEwfQ%3D%3D&pageName=adfba30c52355c5b1631
Tuguegarao,Cagayan,17.6333,121.75,2004,6,Jun,JJA,Wet Season,1287.8,441.2,2004-06-01,https://app.powerbi.com/view?r=eyJrIjoiOTJkN2U4MjUtYWE1Ny00NzA4LWExMzctMDBiYjQ2NjZiZWVjIiwidCI6ImJkMDNhNzM1LTJhYTMtNGNjYS05NzIyLTJhZTQ5MjlhYjNlYyIsImMiOjEwfQ%3D%3D&pageName=adfba30c52355c5b1631
Tuguegarao,Cagayan,17.6333,121.75,2004,7,Jul,JJA,Wet Season,1287.8,73.4,2004-07-01,https://app.powerbi.com/view?r=eyJrIjoiOTJkN2U4MjUtYWE1Ny00NzA4LWExMzctMDBiYjQ2NjZiZWVjIiwidCI6ImJkMDNhNzM1LTJhYTMtNGNjYS05NzIyLTJhZTQ5MjlhYjNlYyIsImMiOjEwfQ%3D%3D&pageName=adfba30c52355c5b1631
Tuguegarao,Cagayan,17.6333,121.75,2004,8,Aug,JJA,Wet Season,1287.8,78,2004-08-01,https://app.powerbi.com/view?r=eyJrIjoiOTJkN2U4MjUtYWE1Ny00NzA4LWExMzctMDBiYjQ2NjZiZWVjIiwidCI6ImJkMDNhNzM1LTJhYTMtNGNjYS05NzIyLTJhZTQ5MjlhYjNlYyIsImMiOjEwfQ%3D%3D&pageName=adfba30c52355c5b1631
Tuguegarao,Cagayan,17.6333,121.75,2004,9,Sep,SON,Wet Season,1287.8,161.6,2004-09-01,https://app.powerbi.com/view?r=eyJrIjoiOTJkN2U4MjUtYWE1Ny00NzA4LWExMzctMDBiYjQ2NjZiZWVjIiwidCI6ImJkMDNhNzM1LTJhYTMtNGNjYS05NzIyLTJhZTQ5MjlhYjNlYyIsImMiOjEwfQ%3D%3D&pageName=adfba30c52355c5b1631
Tuguegarao,Cagayan,17.6333,121.75,2004,10,Oct,SON,Wet Season,1287.8,44.5,2004-10-01,https://app.powerbi.com/view?r=eyJrIjoiOTJkN2U4MjUtYWE1Ny00NzA4LWExMzctMDBiYjQ2NjZiZWVjIiwidCI6ImJkMDNhNzM1LTJhYTMtNGNjYS05NzIyLTJhZTQ5MjlhYjNlYyIsImMiOjEwfQ%3D%3D&pageName=adfba30c52355c5b1631
Tuguegarao,Cagayan,17.6333,121.75,2004,11,Nov,SON,Dry Season,1287.8,260.9,2004-11-01,https://app.powerbi.com/view?r=eyJrIjoiOTJkN2U4MjUtYWE1Ny00NzA4LWExMzctMDBiYjQ2NjZiZWVjIiwidCI6ImJkMDNhNzM1LTJhYTMtNGNjYS05NzIyLTJhZTQ5MjlhYjNlYyIsImMiOjEwfQ%3D%3D&pageName=adfba30c52355c5b1631
Tuguegarao,Cagayan,17.6333,121.75,2004,12,Dec,DJF,Dry Season,1287.8,49.5,2004-12-01,https://app.powerbi.com/view?r=eyJrIjoiOTJkN2U4MjUtYWE1Ny00NzA4LWExMzctMDBiYjQ2NjZiZWVjIiwidCI6ImJkMDNhNzM1LTJhYTMtNGNjYS05NzIyLTJhZTQ5MjlhYjNlYyIsImMiOjEwfQ%3D%3D&pageName=adfba30c52355c5b1631
Tuguegarao,Cagayan,17.6333,121.75,2005,1,Jan,DJF,Dry Season,2373.9,6.6,2005-01-01,https://app.powerbi.com/view?r=eyJrIjoiOTJkN2U4MjUtYWE1Ny00NzA4LWExMzctMDBiYjQ2NjZiZWVjIiwidCI6ImJkMDNhNzM1LTJhYTMtNGNjYS05NzIyLTJhZTQ5MjlhYjNlYyIsImMiOjEwfQ%3D%3D&pageName=adfba30c52355c5b1631
Tuguegarao,Cagayan,17.6333,121.75,2005,2,Feb,DJF,Dry Season,2373.9,0.9,2005-02-01,https://app.powerbi.com/view?r=eyJrIjoiOTJkN2U4MjUtYWE1Ny00NzA4LWExMzctMDBiYjQ2NjZiZWVjIiwidCI6ImJkMDNhNzM1LTJhYTMtNGNjYS05NzIyLTJhZTQ5MjlhYjNlYyIsImMiOjEwfQ%3D%3D&pageName=adfba30c52355c5b1631
Tuguegarao,Cagayan,17.6333,121.75,2005,3,Mar,MAM,Dry Season,2373.9,119.3,2005-03-01,https://app.powerbi.com/view?r=eyJrIjoiOTJkN2U4MjUtYWE1Ny00NzA4LWExMzctMDBiYjQ2NjZiZWVjIiwidCI6ImJkMDNhNzM1LTJhYTMtNGNjYS05NzIyLTJhZTQ5MjlhYjNlYyIsImMiOjEwfQ%3D%3D&pageName=adfba30c52355c5b1631
Tuguegarao,Cagayan,17.6333,121.75,2005,4,Apr,MAM,Dry Season,2373.9,0,2005-04-01,https://app.powerbi.com/view?r=eyJrIjoiOTJkN2U4MjUtYWE1Ny00NzA4LWExMzctMDBiYjQ2NjZiZWVjIiwidCI6ImJkMDNhNzM1LTJhYTMtNGNjYS05NzIyLTJhZTQ5MjlhYjNlYyIsImMiOjEwfQ%3D%3D&pageName=adfba30c52355c5b1631
Tuguegarao,Cagayan,17.6333,121.75,2005,5,May,MAM,Wet Season,2373.9,136.6,2005-05-01,https://app.powerbi.com/view?r=eyJrIjoiOTJkN2U4MjUtYWE1Ny00NzA4LWExMzctMDBiYjQ2NjZiZWVjIiwidCI6ImJkMDNhNzM1LTJhYTMtNGNjYS05NzIyLTJhZTQ5MjlhYjNlYyIsImMiOjEwfQ%3D%3D&pageName=adfba30c52355c5b1631
Tuguegarao,Cagayan,17.6333,121.75,2005,6,Jun,JJA,Wet Season,2373.9,302.5,2005-06-01,https://app.powerbi.com/view?r=eyJrIjoiOTJkN2U4MjUtYWE1Ny00NzA4LWExMzctMDBiYjQ2NjZiZWVjIiwidCI6ImJkMDNhNzM1LTJhYTMtNGNjYS05NzIyLTJhZTQ5MjlhYjNlYyIsImMiOjEwfQ%3D%3D&pageName=adfba30c52355c5b1631
Tuguegarao,Cagayan,17.6333,121.75,2005,7,Jul,JJA,Wet Season,2373.9,60.3,2005-07-01,https://app.powerbi.com/view?r=eyJrIjoiOTJkN2U4MjUtYWE1Ny00NzA4LWExMzctMDBiYjQ2NjZiZWVjIiwidCI6ImJkMDNhNzM1LTJhYTMtNGNjYS05NzIyLTJhZTQ5MjlhYjNlYyIsImMiOjEwfQ%3D%3D&pageName=adfba30c52355c5b1631
Tuguegarao,Cagayan,17.6333,121.75,2005,8,Aug,JJA,Wet Season,2373.9,527.8,2005-08-01,https://app.powerbi.com/view?r=eyJrIjoiOTJkN2U4MjUtYWE1Ny00NzA4LWExMzctMDBiYjQ2NjZiZWVjIiwidCI6ImJkMDNhNzM1LTJhYTMtNGNjYS05NzIyLTJhZTQ5MjlhYjNlYyIsImMiOjEwfQ%3D%3D&pageName=adfba30c52355c5b1631
Tuguegarao,Cagayan,17.6333,121.75,2005,9,Sep,SON,Wet Season,2373.9,336.9,2005-09-01,https://app.powerbi.com/view?r=eyJrIjoiOTJkN2U4MjUtYWE1Ny00NzA4LWExMzctMDBiYjQ2NjZiZWVjIiwidCI6ImJkMDNhNzM1LTJhYTMtNGNjYS05NzIyLTJhZTQ5MjlhYjNlYyIsImMiOjEwfQ%3D%3D&pageName=adfba30c52355c5b1631
Tuguegarao,Cagayan,17.6333,121.75,2005,10,Oct,SON,Wet Season,2373.9,293.7,2005-10-01,https://app.powerbi.com/view?r=eyJrIjoiOTJkN2U4MjUtYWE1Ny00NzA4LWExMzctMDBiYjQ2NjZiZWVjIiwidCI6ImJkMDNhNzM1LTJhYTMtNGNjYS05NzIyLTJhZTQ5MjlhYjNlYyIsImMiOjEwfQ%3D%3D&pageName=adfba30c52355c5b1631
Tuguegarao,Cagayan,17.6333,121.75,2005,11,Nov,SON,Dry Season,2373.9,197,2005-11-01,https://app.powerbi.com/view?r=eyJrIjoiOTJkN2U4MjUtYWE1Ny00NzA4LWExMzctMDBiYjQ2NjZiZWVjIiwidCI6ImJkMDNhNzM1LTJhYTMtNGNjYS05NzIyLTJhZTQ5MjlhYjNlYyIsImMiOjEwfQ%3D%3D&pageName=adfba30c52355c5b1631
Tuguegarao,Cagayan,17.6333,121.75,2005,12,Dec,DJF,Dry Season,2373.9,392.3,2005-12-01,https://app.powerbi.com/view?r=eyJrIjoiOTJkN2U4MjUtYWE1Ny00NzA4LWExMzctMDBiYjQ2NjZiZWVjIiwidCI6ImJkMDNhNzM1LTJhYTMtNGNjYS05NzIyLTJhZTQ5MjlhYjNlYyIsImMiOjEwfQ%3D%3D&pageName=adfba30c52355c5b1631
Tuguegarao,Cagayan,17.6333,121.75,2006,1,Jan,DJF,Dry Season,2134.8,551.9,2006-01-01,https://app.powerbi.com/view?r=eyJrIjoiOTJkN2U4MjUtYWE1Ny00NzA4LWExMzctMDBiYjQ2NjZiZWVjIiwidCI6ImJkMDNhNzM1LTJhYTMtNGNjYS05NzIyLTJhZTQ5MjlhYjNlYyIsImMiOjEwfQ%3D%3D&pageName=adfba30c52355c5b1631
Tuguegarao,Cagayan,17.6333,121.75,2006,2,Feb,DJF,Dry Season,2134.8,20.1,2006-02-01,https://app.powerbi.com/view?r=eyJrIjoiOTJkN2U4MjUtYWE1Ny00NzA4LWExMzctMDBiYjQ2NjZiZWVjIiwidCI6ImJkMDNhNzM1LTJhYTMtNGNjYS05NzIyLTJhZTQ5MjlhYjNlYyIsImMiOjEwfQ%3D%3D&pageName=adfba30c52355c5b1631
Tuguegarao,Cagayan,17.6333,121.75,2006,3,Mar,MAM,Dry Season,2134.8,53.2,2006-03-01,https://app.powerbi.com/view?r=eyJrIjoiOTJkN2U4MjUtYWE1Ny00NzA4LWExMzctMDBiYjQ2NjZiZWVjIiwidCI6ImJkMDNhNzM1LTJhYTMtNGNjYS05NzIyLTJhZTQ5MjlhYjNlYyIsImMiOjEwfQ%3D%3D&pageName=adfba30c52355c5b1631
Tuguegarao,Cagayan,17.6333,121.75,2006,4,Apr,MAM,Dry Season,2134.8,0,2006-04-01,https://app.powerbi.com/view?r=eyJrIjoiOTJkN2U4MjUtYWE1Ny00NzA4LWExMzctMDBiYjQ2NjZiZWVjIiwidCI6ImJkMDNhNzM1LTJhYTMtNGNjYS05NzIyLTJhZTQ5MjlhYjNlYyIsImMiOjEwfQ%3D%3D&pageName=adfba30c52355c5b1631
Tuguegarao,Cagayan,17.6333,121.75,2006,5,May,MAM,Wet Season,2134.8,71.7,2006-05-01,https://app.powerbi.com/view?r=eyJrIjoiOTJkN2U4MjUtYWE1Ny00NzA4LWExMzctMDBiYjQ2NjZiZWVjIiwidCI6ImJkMDNhNzM1LTJhYTMtNGNjYS05NzIyLTJhZTQ5MjlhYjNlYyIsImMiOjEwfQ%3D%3D&pageName=adfba30c52355c5b1631
Tuguegarao,Cagayan,17.6333,121.75,2006,6,Jun,JJA,Wet Season,2134.8,45.5,2006-06-01,https://app.powerbi.com/view?r=eyJrIjoiOTJkN2U4MjUtYWE1Ny00NzA4LWExMzctMDBiYjQ2NjZiZWVjIiwidCI6ImJkMDNhNzM1LTJhYTMtNGNjYS05NzIyLTJhZTQ5MjlhYjNlYyIsImMiOjEwfQ%3D%3D&pageName=adfba30c52355c5b1631
Tuguegarao,Cagayan,17.6333,121.75,2006,7,Jul,JJA,Wet Season,2134.8,269.4,2006-07-01,https://app.powerbi.com/view?r=eyJrIjoiOTJkN2U4MjUtYWE1Ny00NzA4LWExMzctMDBiYjQ2NjZiZWVjIiwidCI6ImJkMDNhNzM1LTJhYTMtNGNjYS05NzIyLTJhZTQ5MjlhYjNlYyIsImMiOjEwfQ%3D%3D&pageName=adfba30c52355c5b1631
Tuguegarao,Cagayan,17.6333,121.75,2006,8,Aug,JJA,Wet Season,2134.8,138,2006-08-01,https://app.powerbi.com/view?r=eyJrIjoiOTJkN2U4MjUtYWE1Ny00NzA4LWExMzctMDBiYjQ2NjZiZWVjIiwidCI6ImJkMDNhNzM1LTJhYTMtNGNjYS05NzIyLTJhZTQ5MjlhYjNlYyIsImMiOjEwfQ%3D%3D&pageName=adfba30c52355c5b1631
Tuguegarao,Cagayan,17.6333,121.75,2006,9,Sep,SON,Wet Season,2134.8,109.5,2006-09-01,https://app.powerbi.com/view?r=eyJrIjoiOTJkN2U4MjUtYWE1Ny00NzA4LWExMzctMDBiYjQ2NjZiZWVjIiwidCI6ImJkMDNhNzM1LTJhYTMtNGNjYS05NzIyLTJhZTQ5MjlhYjNlYyIsImMiOjEwfQ%3D%3D&pageName=adfba30c52355c5b1631
Tuguegarao,Cagayan,17.6333,121.75,2006,10,Oct,SON,Wet Season,2134.8,445.1,2006-10-01,https://app.powerbi.com/view?r=eyJrIjoiOTJkN2U4MjUtYWE1Ny00NzA4LWExMzctMDBiYjQ2NjZiZWVjIiwidCI6ImJkMDNhNzM1LTJhYTMtNGNjYS05NzIyLTJhZTQ5MjlhYjNlYyIsImMiOjEwfQ%3D%3D&pageName=adfba30c52355c5b1631
Tuguegarao,Cagayan,17.6333,121.75,2006,11,Nov,SON,Dry Season,2134.8,103.4,2006-11-01,https://app.powerbi.com/view?r=eyJrIjoiOTJkN2U4MjUtYWE1Ny00NzA4LWExMzctMDBiYjQ2NjZiZWVjIiwidCI6ImJkMDNhNzM1LTJhYTMtNGNjYS05NzIyLTJhZTQ5MjlhYjNlYyIsImMiOjEwfQ%3D%3D&pageName=adfba30c52355c5b1631
Tuguegarao,Cagayan,17.6333,121.75,2006,12,Dec,DJF,Dry Season,2134.8,327,2006-12-01,https://app.powerbi.com/view?r=eyJrIjoiOTJkN2U4MjUtYWE1Ny00NzA4LWExMzctMDBiYjQ2NjZiZWVjIiwidCI6ImJkMDNhNzM1LTJhYTMtNGNjYS05NzIyLTJhZTQ5MjlhYjNlYyIsImMiOjEwfQ%3D%3D&pageName=adfba30c52355c5b1631
Tuguegarao,Cagayan,17.6333,121.75,2007,1,Jan,DJF,Dry Season,1546.1,30.5,2007-01-01,https://app.powerbi.com/view?r=eyJrIjoiOTJkN2U4MjUtYWE1Ny00NzA4LWExMzctMDBiYjQ2NjZiZWVjIiwidCI6ImJkMDNhNzM1LTJhYTMtNGNjYS05NzIyLTJhZTQ5MjlhYjNlYyIsImMiOjEwfQ%3D%3D&pageName=adfba30c52355c5b1631
Tuguegarao,Cagayan,17.6333,121.75,2007,2,Feb,DJF,Dry Season,1546.1,3.3,2007-02-01,https://app.powerbi.com/view?r=eyJrIjoiOTJkN2U4MjUtYWE1Ny00NzA4LWExMzctMDBiYjQ2NjZiZWVjIiwidCI6ImJkMDNhNzM1LTJhYTMtNGNjYS05NzIyLTJhZTQ5MjlhYjNlYyIsImMiOjEwfQ%3D%3D&pageName=adfba30c52355c5b1631
Tuguegarao,Cagayan,17.6333,121.75,2007,3,Mar,MAM,Dry Season,1546.1,67.2,2007-03-01,https://app.powerbi.com/view?r=eyJrIjoiOTJkN2U4MjUtYWE1Ny00NzA4LWExMzctMDBiYjQ2NjZiZWVjIiwidCI6ImJkMDNhNzM1LTJhYTMtNGNjYS05NzIyLTJhZTQ5MjlhYjNlYyIsImMiOjEwfQ%3D%3D&pageName=adfba30c52355c5b1631
Tuguegarao,Cagayan,17.6333,121.75,2007,4,Apr,MAM,Dry Season,1546.1,29,2007-04-01,https://app.powerbi.com/view?r=eyJrIjoiOTJkN2U4MjUtYWE1Ny00NzA4LWExMzctMDBiYjQ2NjZiZWVjIiwidCI6ImJkMDNhNzM1LTJhYTMtNGNjYS05NzIyLTJhZTQ5MjlhYjNlYyIsImMiOjEwfQ%3D%3D&pageName=adfba30c52355c5b1631
Tuguegarao,Cagayan,17.6333,121.75,2007,5,May,MAM,Wet Season,1546.1,78.9,2007-05-01,https://app.powerbi.com/view?r=eyJrIjoiOTJkN2U4MjUtYWE1Ny00NzA4LWExMzctMDBiYjQ2NjZiZWVjIiwidCI6ImJkMDNhNzM1LTJhYTMtNGNjYS05NzIyLTJhZTQ5MjlhYjNlYyIsImMiOjEwfQ%3D%3D&pageName=adfba30c52355c5b1631
Tuguegarao,Cagayan,17.6333,121.75,2007,6,Jun,JJA,Wet Season,1546.1,208.2,2007-06-01,https://app.powerbi.com/view?r=eyJrIjoiOTJkN2U4MjUtYWE1Ny00NzA4LWExMzctMDBiYjQ2NjZiZWVjIiwidCI6ImJkMDNhNzM1LTJhYTMtNGNjYS05NzIyLTJhZTQ5MjlhYjNlYyIsImMiOjEwfQ%3D%3D&pageName=adfba30c52355c5b1631
Tuguegarao,Cagayan,17.6333,121.75,2007,7,Jul,JJA,Wet Season,1546.1,88.4,2007-07-01,https://app.powerbi.com/view?r=eyJrIjoiOTJkN2U4MjUtYWE1Ny00NzA4LWExMzctMDBiYjQ2NjZiZWVjIiwidCI6ImJkMDNhNzM1LTJhYTMtNGNjYS05NzIyLTJhZTQ5MjlhYjNlYyIsImMiOjEwfQ%3D%3D&pageName=adfba30c52355c5b1631
Tuguegarao,Cagayan,17.6333,121.75,2007,8,Aug,JJA,Wet Season,1546.1,229.9,2007-08-01,https://app.powerbi.com/view?r=eyJrIjoiOTJkN2U4MjUtYWE1Ny00NzA4LWExMzctMDBiYjQ2NjZiZWVjIiwidCI6ImJkMDNhNzM1LTJhYTMtNGNjYS05NzIyLTJhZTQ5MjlhYjNlYyIsImMiOjEwfQ%3D%3D&pageName=adfba30c52355c5b1631
Tuguegarao,Cagayan,17.6333,121.75,2007,9,Sep,SON,Wet Season,1546.1,211.3,2007-09-01,https://app.powerbi.com/view?r=eyJrIjoiOTJkN2U4MjUtYWE1Ny00NzA4LWExMzctMDBiYjQ2NjZiZWVjIiwidCI6ImJkMDNhNzM1LTJhYTMtNGNjYS05NzIyLTJhZTQ5MjlhYjNlYyIsImMiOjEwfQ%3D%3D&pageName=adfba30c52355c5b1631
Tuguegarao,Cagayan,17.6333,121.75,2007,10,Oct,SON,Wet Season,1546.1,253.5,2007-10-01,https://app.powerbi.com/view?r=eyJrIjoiOTJkN2U4MjUtYWE1Ny00NzA4LWExMzctMDBiYjQ2NjZiZWVjIiwidCI6ImJkMDNhNzM1LTJhYTMtNGNjYS05NzIyLTJhZTQ5MjlhYjNlYyIsImMiOjEwfQ%3D%3D&pageName=adfba30c52355c5b1631
Tuguegarao,Cagayan,17.6333,121.75,2007,11,Nov,SON,Dry Season,1546.1,281.3,2007-11-01,https://app.powerbi.com/view?r=eyJrIjoiOTJkN2U4MjUtYWE1Ny00NzA4LWExMzctMDBiYjQ2NjZiZWVjIiwidCI6ImJkMDNhNzM1LTJhYTMtNGNjYS05NzIyLTJhZTQ5MjlhYjNlYyIsImMiOjEwfQ%3D%3D&pageName=adfba30c52355c5b1631
Tuguegarao,Cagayan,17.6333,121.75,2007,12,Dec,DJF,Dry Season,1546.1,64.6,2007-12-01,https://app.powerbi.com/view?r=eyJrIjoiOTJkN2U4MjUtYWE1Ny00NzA4LWExMzctMDBiYjQ2NjZiZWVjIiwidCI6ImJkMDNhNzM1LTJhYTMtNGNjYS05NzIyLTJhZTQ5MjlhYjNlYyIsImMiOjEwfQ%3D%3D&pageName=adfba30c52355c5b1631
Tuguegarao,Cagayan,17.6333,121.75,2008,1,Jan,DJF,Dry Season,1940.3,57.2,2008-01-01,https://app.powerbi.com/view?r=eyJrIjoiOTJkN2U4MjUtYWE1Ny00NzA4LWExMzctMDBiYjQ2NjZiZWVjIiwidCI6ImJkMDNhNzM1LTJhYTMtNGNjYS05NzIyLTJhZTQ5MjlhYjNlYyIsImMiOjEwfQ%3D%3D&pageName=adfba30c52355c5b1631
Tuguegarao,Cagayan,17.6333,121.75,2008,2,Feb,DJF,Dry Season,1940.3,53.2,2008-02-01,https://app.powerbi.com/view?r=eyJrIjoiOTJkN2U4MjUtYWE1Ny00NzA4LWExMzctMDBiYjQ2NjZiZWVjIiwidCI6ImJkMDNhNzM1LTJhYTMtNGNjYS05NzIyLTJhZTQ5MjlhYjNlYyIsImMiOjEwfQ%3D%3D&pageName=adfba30c52355c5b1631
Tuguegarao,Cagayan,17.6333,121.75,2008,3,Mar,MAM,Dry Season,1940.3,6.5,2008-03-01,https://app.powerbi.com/view?r=eyJrIjoiOTJkN2U4MjUtYWE1Ny00NzA4LWExMzctMDBiYjQ2NjZiZWVjIiwidCI6ImJkMDNhNzM1LTJhYTMtNGNjYS05NzIyLTJhZTQ5MjlhYjNlYyIsImMiOjEwfQ%3D%3D&pageName=adfba30c52355c5b1631
Tuguegarao,Cagayan,17.6333,121.75,2008,4,Apr,MAM,Dry Season,1940.3,69,2008-04-01,https://app.powerbi.com/view?r=eyJrIjoiOTJkN2U4MjUtYWE1Ny00NzA4LWExMzctMDBiYjQ2NjZiZWVjIiwidCI6ImJkMDNhNzM1LTJhYTMtNGNjYS05NzIyLTJhZTQ5MjlhYjNlYyIsImMiOjEwfQ%3D%3D&pageName=adfba30c52355c5b1631
Tuguegarao,Cagayan,17.6333,121.75,2008,5,May,MAM,Wet Season,1940.3,170.1,2008-05-01,https://app.powerbi.com/view?r=eyJrIjoiOTJkN2U4MjUtYWE1Ny00NzA4LWExMzctMDBiYjQ2NjZiZWVjIiwidCI6ImJkMDNhNzM1LTJhYTMtNGNjYS05NzIyLTJhZTQ5MjlhYjNlYyIsImMiOjEwfQ%3D%3D&pageName=adfba30c52355c5b1631
Tuguegarao,Cagayan,17.6333,121.75,2008,6,Jun,JJA,Wet Season,1940.3,39.5,2008-06-01,https://app.powerbi.com/view?r=eyJrIjoiOTJkN2U4MjUtYWE1Ny00NzA4LWExMzctMDBiYjQ2NjZiZWVjIiwidCI6ImJkMDNhNzM1LTJhYTMtNGNjYS05NzIyLTJhZTQ5MjlhYjNlYyIsImMiOjEwfQ%3D%3D&pageName=adfba30c52355c5b1631
Tuguegarao,Cagayan,17.6333,121.75,2008,7,Jul,JJA,Wet Season,1940.3,256.5,2008-07-01,https://app.powerbi.com/view?r=eyJrIjoiOTJkN2U4MjUtYWE1Ny00NzA4LWExMzctMDBiYjQ2NjZiZWVjIiwidCI6ImJkMDNhNzM1LTJhYTMtNGNjYS05NzIyLTJhZTQ5MjlhYjNlYyIsImMiOjEwfQ%3D%3D&pageName=adfba30c52355c5b1631
Tuguegarao,Cagayan,17.6333,121.75,2008,8,Aug,JJA,Wet Season,1940.3,384.7,2008-08-01,https://app.powerbi.com/view?r=eyJrIjoiOTJkN2U4MjUtYWE1Ny00NzA4LWExMzctMDBiYjQ2NjZiZWVjIiwidCI6ImJkMDNhNzM1LTJhYTMtNGNjYS05NzIyLTJhZTQ5MjlhYjNlYyIsImMiOjEwfQ%3D%3D&pageName=adfba30c52355c5b1631
Tuguegarao,Cagayan,17.6333,121.75,2008,9,Sep,SON,Wet Season,1940.3,214.3,2008-09-01,https://app.powerbi.com/view?r=eyJrIjoiOTJkN2U4MjUtYWE1Ny00NzA4LWExMzctMDBiYjQ2NjZiZWVjIiwidCI6ImJkMDNhNzM1LTJhYTMtNGNjYS05NzIyLTJhZTQ5MjlhYjNlYyIsImMiOjEwfQ%3D%3D&pageName=adfba30c52355c5b1631
Tuguegarao,Cagayan,17.6333,121.75,2008,10,Oct,SON,Wet Season,1940.3,73.5,2008-10-01,https://app.powerbi.com/view?r=eyJrIjoiOTJkN2U4MjUtYWE1Ny00NzA4LWExMzctMDBiYjQ2NjZiZWVjIiwidCI6ImJkMDNhNzM1LTJhYTMtNGNjYS05NzIyLTJhZTQ5MjlhYjNlYyIsImMiOjEwfQ%3D%3D&pageName=adfba30c52355c5b1631
Tuguegarao,Cagayan,17.6333,121.75,2008,11,Nov,SON,Dry Season,1940.3,587.5,2008-11-01,https://app.powerbi.com/view?r=eyJrIjoiOTJkN2U4MjUtYWE1Ny00NzA4LWExMzctMDBiYjQ2NjZiZWVjIiwidCI6ImJkMDNhNzM1LTJhYTMtNGNjYS05NzIyLTJhZTQ5MjlhYjNlYyIsImMiOjEwfQ%3D%3D&pageName=adfba30c52355c5b1631
Tuguegarao,Cagayan,17.6333,121.75,2008,12,Dec,DJF,Dry Season,1940.3,28.3,2008-12-01,https://app.powerbi.com/view?r=eyJrIjoiOTJkN2U4MjUtYWE1Ny00NzA4LWExMzctMDBiYjQ2NjZiZWVjIiwidCI6ImJkMDNhNzM1LTJhYTMtNGNjYS05NzIyLTJhZTQ5MjlhYjNlYyIsImMiOjEwfQ%3D%3D&pageName=adfba30c52355c5b1631
Tuguegarao,Cagayan,17.6333,121.75,2009,1,Jan,DJF,Dry Season,2306.7,6.6,2009-01-01,https://app.powerbi.com/view?r=eyJrIjoiOTJkN2U4MjUtYWE1Ny00NzA4LWExMzctMDBiYjQ2NjZiZWVjIiwidCI6ImJkMDNhNzM1LTJhYTMtNGNjYS05NzIyLTJhZTQ5MjlhYjNlYyIsImMiOjEwfQ%3D%3D&pageName=adfba30c52355c5b1631
Tuguegarao,Cagayan,17.6333,121.75,2009,2,Feb,DJF,Dry Season,2306.7,146.1,2009-02-01,https://app.powerbi.com/view?r=eyJrIjoiOTJkN2U4MjUtYWE1Ny00NzA4LWExMzctMDBiYjQ2NjZiZWVjIiwidCI6ImJkMDNhNzM1LTJhYTMtNGNjYS05NzIyLTJhZTQ5MjlhYjNlYyIsImMiOjEwfQ%3D%3D&pageName=adfba30c52355c5b1631
Tuguegarao,Cagayan,17.6333,121.75,2009,3,Mar,MAM,Dry Season,2306.7,14,2009-03-01,https://app.powerbi.com/view?r=eyJrIjoiOTJkN2U4MjUtYWE1Ny00NzA4LWExMzctMDBiYjQ2NjZiZWVjIiwidCI6ImJkMDNhNzM1LTJhYTMtNGNjYS05NzIyLTJhZTQ5MjlhYjNlYyIsImMiOjEwfQ%3D%3D&pageName=adfba30c52355c5b1631
Tuguegarao,Cagayan,17.6333,121.75,2009,4,Apr,MAM,Dry Season,2306.7,224.1,2009-04-01,https://app.powerbi.com/view?r=eyJrIjoiOTJkN2U4MjUtYWE1Ny00NzA4LWExMzctMDBiYjQ2NjZiZWVjIiwidCI6ImJkMDNhNzM1LTJhYTMtNGNjYS05NzIyLTJhZTQ5MjlhYjNlYyIsImMiOjEwfQ%3D%3D&pageName=adfba30c52355c5b1631
Tuguegarao,Cagayan,17.6333,121.75,2009,5,May,MAM,Wet Season,2306.7,145.8,2009-05-01,https://app.powerbi.com/view?r=eyJrIjoiOTJkN2U4MjUtYWE1Ny00NzA4LWExMzctMDBiYjQ2NjZiZWVjIiwidCI6ImJkMDNhNzM1LTJhYTMtNGNjYS05NzIyLTJhZTQ5MjlhYjNlYyIsImMiOjEwfQ%3D%3D&pageName=adfba30c52355c5b1631
Tuguegarao,Cagayan,17.6333,121.75,2009,6,Jun,JJA,Wet Season,2306.7,186.1,2009-06-01,https://app.powerbi.com/view?r=eyJrIjoiOTJkN2U4MjUtYWE1Ny00NzA4LWExMzctMDBiYjQ2NjZiZWVjIiwidCI6ImJkMDNhNzM1LTJhYTMtNGNjYS05NzIyLTJhZTQ5MjlhYjNlYyIsImMiOjEwfQ%3D%3D&pageName=adfba30c52355c5b1631
Tuguegarao,Cagayan,17.6333,121.75,2009,7,Jul,JJA,Wet Season,2306.7,277.8,2009-07-01,https://app.powerbi.com/view?r=eyJrIjoiOTJkN2U4MjUtYWE1Ny00NzA4LWExMzctMDBiYjQ2NjZiZWVjIiwidCI6ImJkMDNhNzM1LTJhYTMtNGNjYS05NzIyLTJhZTQ5MjlhYjNlYyIsImMiOjEwfQ%3D%3D&pageName=adfba30c52355c5b1631
Tuguegarao,Cagayan,17.6333,121.75,2009,8,Aug,JJA,Wet Season,2306.7,135.3,2009-08-01,https://app.powerbi.com/view?r=eyJrIjoiOTJkN2U4MjUtYWE1Ny00NzA4LWExMzctMDBiYjQ2NjZiZWVjIiwidCI6ImJkMDNhNzM1LTJhYTMtNGNjYS05NzIyLTJhZTQ5MjlhYjNlYyIsImMiOjEwfQ%3D%3D&pageName=adfba30c52355c5b1631
Tuguegarao,Cagayan,17.6333,121.75,2009,9,Sep,SON,Wet Season,2306.7,389,2009-09-01,https://app.powerbi.com/view?r=eyJrIjoiOTJkN2U4MjUtYWE1Ny00NzA4LWExMzctMDBiYjQ2NjZiZWVjIiwidCI6ImJkMDNhNzM1LTJhYTMtNGNjYS05NzIyLTJhZTQ5MjlhYjNlYyIsImMiOjEwfQ%3D%3D&pageName=adfba30c52355c5b1631
Tuguegarao,Cagayan,17.6333,121.75,2009,10,Oct,SON,Wet Season,2306.7,601.4,2009-10-01,https://app.powerbi.com/view?r=eyJrIjoiOTJkN2U4MjUtYWE1Ny00NzA4LWExMzctMDBiYjQ2NjZiZWVjIiwidCI6ImJkMDNhNzM1LTJhYTMtNGNjYS05NzIyLTJhZTQ5MjlhYjNlYyIsImMiOjEwfQ%3D%3D&pageName=adfba30c52355c5b1631
Tuguegarao,Cagayan,17.6333,121.75,2009,11,Nov,SON,Dry Season,2306.7,147.6,2009-11-01,https://app.powerbi.com/view?r=eyJrIjoiOTJkN2U4MjUtYWE1Ny00NzA4LWExMzctMDBiYjQ2NjZiZWVjIiwidCI6ImJkMDNhNzM1LTJhYTMtNGNjYS05NzIyLTJhZTQ5MjlhYjNlYyIsImMiOjEwfQ%3D%3D&pageName=adfba30c52355c5b1631
Tuguegarao,Cagayan,17.6333,121.75,2009,12,Dec,DJF,Dry Season,2306.7,32.9,2009-12-01,https://app.powerbi.com/view?r=eyJrIjoiOTJkN2U4MjUtYWE1Ny00NzA4LWExMzctMDBiYjQ2NjZiZWVjIiwidCI6ImJkMDNhNzM1LTJhYTMtNGNjYS05NzIyLTJhZTQ5MjlhYjNlYyIsImMiOjEwfQ%3D%3D&pageName=adfba30c52355c5b1631
Tuguegarao,Cagayan,17.6333,121.75,2010,1,Jan,DJF,Dry Season,1712,15.9,2010-01-01,https://app.powerbi.com/view?r=eyJrIjoiOTJkN2U4MjUtYWE1Ny00NzA4LWExMzctMDBiYjQ2NjZiZWVjIiwidCI6ImJkMDNhNzM1LTJhYTMtNGNjYS05NzIyLTJhZTQ5MjlhYjNlYyIsImMiOjEwfQ%3D%3D&pageName=adfba30c52355c5b1631
Tuguegarao,Cagayan,17.6333,121.75,2010,2,Feb,DJF,Dry Season,1712,0,2010-02-01,https://app.powerbi.com/view?r=eyJrIjoiOTJkN2U4MjUtYWE1Ny00NzA4LWExMzctMDBiYjQ2NjZiZWVjIiwidCI6ImJkMDNhNzM1LTJhYTMtNGNjYS05NzIyLTJhZTQ5MjlhYjNlYyIsImMiOjEwfQ%3D%3D&pageName=adfba30c52355c5b1631
Tuguegarao,Cagayan,17.6333,121.75,2010,3,Mar,MAM,Dry Season,1712,6.1,2010-03-01,https://app.powerbi.com/view?r=eyJrIjoiOTJkN2U4MjUtYWE1Ny00NzA4LWExMzctMDBiYjQ2NjZiZWVjIiwidCI6ImJkMDNhNzM1LTJhYTMtNGNjYS05NzIyLTJhZTQ5MjlhYjNlYyIsImMiOjEwfQ%3D%3D&pageName=adfba30c52355c5b1631
Tuguegarao,Cagayan,17.6333,121.75,2010,4,Apr,MAM,Dry Season,1712,70.5,2010-04-01,https://app.powerbi.com/view?r=eyJrIjoiOTJkN2U4MjUtYWE1Ny00NzA4LWExMzctMDBiYjQ2NjZiZWVjIiwidCI6ImJkMDNhNzM1LTJhYTMtNGNjYS05NzIyLTJhZTQ5MjlhYjNlYyIsImMiOjEwfQ%3D%3D&pageName=adfba30c52355c5b1631
Tuguegarao,Cagayan,17.6333,121.75,2010,5,May,MAM,Wet Season,1712,78.1,2010-05-01,https://app.powerbi.com/view?r=eyJrIjoiOTJkN2U4MjUtYWE1Ny00NzA4LWExMzctMDBiYjQ2NjZiZWVjIiwidCI6ImJkMDNhNzM1LTJhYTMtNGNjYS05NzIyLTJhZTQ5MjlhYjNlYyIsImMiOjEwfQ%3D%3D&pageName=adfba30c52355c5b1631
Tuguegarao,Cagayan,17.6333,121.75,2010,6,Jun,JJA,Wet Season,1712,129.4,2010-06-01,https://app.powerbi.com/view?r=eyJrIjoiOTJkN2U4MjUtYWE1Ny00NzA4LWExMzctMDBiYjQ2NjZiZWVjIiwidCI6ImJkMDNhNzM1LTJhYTMtNGNjYS05NzIyLTJhZTQ5MjlhYjNlYyIsImMiOjEwfQ%3D%3D&pageName=adfba30c52355c5b1631
Tuguegarao,Cagayan,17.6333,121.75,2010,7,Jul,JJA,Wet Season,1712,147.5,2010-07-01,https://app.powerbi.com/view?r=eyJrIjoiOTJkN2U4MjUtYWE1Ny00NzA4LWExMzctMDBiYjQ2NjZiZWVjIiwidCI6ImJkMDNhNzM1LTJhYTMtNGNjYS05NzIyLTJhZTQ5MjlhYjNlYyIsImMiOjEwfQ%3D%3D&pageName=adfba30c52355c5b1631
Tuguegarao,Cagayan,17.6333,121.75,2010,8,Aug,JJA,Wet Season,1712,98.3,2010-08-01,https://app.powerbi.com/view?r=eyJrIjoiOTJkN2U4MjUtYWE1Ny00NzA4LWExMzctMDBiYjQ2NjZiZWVjIiwidCI6ImJkMDNhNzM1LTJhYTMtNGNjYS05NzIyLTJhZTQ5MjlhYjNlYyIsImMiOjEwfQ%3D%3D&pageName=adfba30c52355c5b1631
Tuguegarao,Cagayan,17.6333,121.75,2010,9,Sep,SON,Wet Season,1712,127,2010-09-01,https://app.powerbi.com/view?r=eyJrIjoiOTJkN2U4MjUtYWE1Ny00NzA4LWExMzctMDBiYjQ2NjZiZWVjIiwidCI6ImJkMDNhNzM1LTJhYTMtNGNjYS05NzIyLTJhZTQ5MjlhYjNlYyIsImMiOjEwfQ%3D%3D&pageName=adfba30c52355c5b1631
Tuguegarao,Cagayan,17.6333,121.75,2010,10,Oct,SON,Wet Season,1712,269.5,2010-10-01,https://app.powerbi.com/view?r=eyJrIjoiOTJkN2U4MjUtYWE1Ny00NzA4LWExMzctMDBiYjQ2NjZiZWVjIiwidCI6ImJkMDNhNzM1LTJhYTMtNGNjYS05NzIyLTJhZTQ5MjlhYjNlYyIsImMiOjEwfQ%3D%3D&pageName=adfba30c52355c5b1631
Tuguegarao,Cagayan,17.6333,121.75,2010,11,Nov,SON,Dry Season,1712,720.9,2010-11-01,https://app.powerbi.com/view?r=eyJrIjoiOTJkN2U4MjUtYWE1Ny00NzA4LWExMzctMDBiYjQ2NjZiZWVjIiwidCI6ImJkMDNhNzM1LTJhYTMtNGNjYS05NzIyLTJhZTQ5MjlhYjNlYyIsImMiOjEwfQ%3D%3D&pageName=adfba30c52355c5b1631
Tuguegarao,Cagayan,17.6333,121.75,2010,12,Dec,DJF,Dry Season,1712,48.8,2010-12-01,https://app.powerbi.com/view?r=eyJrIjoiOTJkN2U4MjUtYWE1Ny00NzA4LWExMzctMDBiYjQ2NjZiZWVjIiwidCI6ImJkMDNhNzM1LTJhYTMtNGNjYS05NzIyLTJhZTQ5MjlhYjNlYyIsImMiOjEwfQ%3D%3D&pageName=adfba30c52355c5b1631
Tuguegarao,Cagayan,17.6333,121.75,2011,1,Jan,DJF,Dry Season,2278.6,68.4,2011-01-01,https://app.powerbi.com/view?r=eyJrIjoiOTJkN2U4MjUtYWE1Ny00NzA4LWExMzctMDBiYjQ2NjZiZWVjIiwidCI6ImJkMDNhNzM1LTJhYTMtNGNjYS05NzIyLTJhZTQ5MjlhYjNlYyIsImMiOjEwfQ%3D%3D&pageName=adfba30c52355c5b1631
Tuguegarao,Cagayan,17.6333,121.75,2011,2,Feb,DJF,Dry Season,2278.6,6.1,2011-02-01,https://app.powerbi.com/view?r=eyJrIjoiOTJkN2U4MjUtYWE1Ny00NzA4LWExMzctMDBiYjQ2NjZiZWVjIiwidCI6ImJkMDNhNzM1LTJhYTMtNGNjYS05NzIyLTJhZTQ5MjlhYjNlYyIsImMiOjEwfQ%3D%3D&pageName=adfba30c52355c5b1631
Tuguegarao,Cagayan,17.6333,121.75,2011,3,Mar,MAM,Dry Season,2278.6,19.5,2011-03-01,https://app.powerbi.com/view?r=eyJrIjoiOTJkN2U4MjUtYWE1Ny00NzA4LWExMzctMDBiYjQ2NjZiZWVjIiwidCI6ImJkMDNhNzM1LTJhYTMtNGNjYS05NzIyLTJhZTQ5MjlhYjNlYyIsImMiOjEwfQ%3D%3D&pageName=adfba30c52355c5b1631
Tuguegarao,Cagayan,17.6333,121.75,2011,4,Apr,MAM,Dry Season,2278.6,21.3,2011-04-01,https://app.powerbi.com/view?r=eyJrIjoiOTJkN2U4MjUtYWE1Ny00NzA4LWExMzctMDBiYjQ2NjZiZWVjIiwidCI6ImJkMDNhNzM1LTJhYTMtNGNjYS05NzIyLTJhZTQ5MjlhYjNlYyIsImMiOjEwfQ%3D%3D&pageName=adfba30c52355c5b1631
Tuguegarao,Cagayan,17.6333,121.75,2011,5,May,MAM,Wet Season,2278.6,290.3,2011-05-01,https://app.powerbi.com/view?r=eyJrIjoiOTJkN2U4MjUtYWE1Ny00NzA4LWExMzctMDBiYjQ2NjZiZWVjIiwidCI6ImJkMDNhNzM1LTJhYTMtNGNjYS05NzIyLTJhZTQ5MjlhYjNlYyIsImMiOjEwfQ%3D%3D&pageName=adfba30c52355c5b1631
Tuguegarao,Cagayan,17.6333,121.75,2011,6,Jun,JJA,Wet Season,2278.6,25.7,2011-06-01,https://app.powerbi.com/view?r=eyJrIjoiOTJkN2U4MjUtYWE1Ny00NzA4LWExMzctMDBiYjQ2NjZiZWVjIiwidCI6ImJkMDNhNzM1LTJhYTMtNGNjYS05NzIyLTJhZTQ5MjlhYjNlYyIsImMiOjEwfQ%3D%3D&pageName=adfba30c52355c5b1631
Tuguegarao,Cagayan,17.6333,121.75,2011,7,Jul,JJA,Wet Season,2278.6,123.3,2011-07-01,https://app.powerbi.com/view?r=eyJrIjoiOTJkN2U4MjUtYWE1Ny00NzA4LWExMzctMDBiYjQ2NjZiZWVjIiwidCI6ImJkMDNhNzM1LTJhYTMtNGNjYS05NzIyLTJhZTQ5MjlhYjNlYyIsImMiOjEwfQ%3D%3D&pageName=adfba30c52355c5b1631
Tuguegarao,Cagayan,17.6333,121.75,2011,8,Aug,JJA,Wet Season,2278.6,425.6,2011-08-01,https://app.powerbi.com/view?r=eyJrIjoiOTJkN2U4MjUtYWE1Ny00NzA4LWExMzctMDBiYjQ2NjZiZWVjIiwidCI6ImJkMDNhNzM1LTJhYTMtNGNjYS05NzIyLTJhZTQ5MjlhYjNlYyIsImMiOjEwfQ%3D%3D&pageName=adfba30c52355c5b1631
Tuguegarao,Cagayan,17.6333,121.75,2011,9,Sep,SON,Wet Season,2278.6,299.8,2011-09-01,https://app.powerbi.com/view?r=eyJrIjoiOTJkN2U4MjUtYWE1Ny00NzA4LWExMzctMDBiYjQ2NjZiZWVjIiwidCI6ImJkMDNhNzM1LTJhYTMtNGNjYS05NzIyLTJhZTQ5MjlhYjNlYyIsImMiOjEwfQ%3D%3D&pageName=adfba30c52355c5b1631
Tuguegarao,Cagayan,17.6333,121.75,2011,10,Oct,SON,Wet Season,2278.6,279.9,2011-10-01,https://app.powerbi.com/view?r=eyJrIjoiOTJkN2U4MjUtYWE1Ny00NzA4LWExMzctMDBiYjQ2NjZiZWVjIiwidCI6ImJkMDNhNzM1LTJhYTMtNGNjYS05NzIyLTJhZTQ5MjlhYjNlYyIsImMiOjEwfQ%3D%3D&pageName=adfba30c52355c5b1631
Tuguegarao,Cagayan,17.6333,121.75,2011,11,Nov,SON,Dry Season,2278.6,388,2011-11-01,https://app.powerbi.com/view?r=eyJrIjoiOTJkN2U4MjUtYWE1Ny00NzA4LWExMzctMDBiYjQ2NjZiZWVjIiwidCI6ImJkMDNhNzM1LTJhYTMtNGNjYS05NzIyLTJhZTQ5MjlhYjNlYyIsImMiOjEwfQ%3D%3D&pageName=adfba30c52355c5b1631
Tuguegarao,Cagayan,17.6333,121.75,2011,12,Dec,DJF,Dry Season,2278.6,330.7,2011-12-01,https://app.powerbi.com/view?r=eyJrIjoiOTJkN2U4MjUtYWE1Ny00NzA4LWExMzctMDBiYjQ2NjZiZWVjIiwidCI6ImJkMDNhNzM1LTJhYTMtNGNjYS05NzIyLTJhZTQ5MjlhYjNlYyIsImMiOjEwfQ%3D%3D&pageName=adfba30c52355c5b1631
Tuguegarao,Cagayan,17.6333,121.75,2012,1,Jan,DJF,Dry Season,1807.1,65.3,2012-01-01,https://app.powerbi.com/view?r=eyJrIjoiOTJkN2U4MjUtYWE1Ny00NzA4LWExMzctMDBiYjQ2NjZiZWVjIiwidCI6ImJkMDNhNzM1LTJhYTMtNGNjYS05NzIyLTJhZTQ5MjlhYjNlYyIsImMiOjEwfQ%3D%3D&pageName=adfba30c52355c5b1631
Tuguegarao,Cagayan,17.6333,121.75,2012,2,Feb,DJF,Dry Season,1807.1,93.8,2012-02-01,https://app.powerbi.com/view?r=eyJrIjoiOTJkN2U4MjUtYWE1Ny00NzA4LWExMzctMDBiYjQ2NjZiZWVjIiwidCI6ImJkMDNhNzM1LTJhYTMtNGNjYS05NzIyLTJhZTQ5MjlhYjNlYyIsImMiOjEwfQ%3D%3D&pageName=adfba30c52355c5b1631
Tuguegarao,Cagayan,17.6333,121.75,2012,3,Mar,MAM,Dry Season,1807.1,72.8,2012-03-01,https://app.powerbi.com/view?r=eyJrIjoiOTJkN2U4MjUtYWE1Ny00NzA4LWExMzctMDBiYjQ2NjZiZWVjIiwidCI6ImJkMDNhNzM1LTJhYTMtNGNjYS05NzIyLTJhZTQ5MjlhYjNlYyIsImMiOjEwfQ%3D%3D&pageName=adfba30c52355c5b1631
Tuguegarao,Cagayan,17.6333,121.75,2012,4,Apr,MAM,Dry Season,1807.1,46.1,2012-04-01,https://app.powerbi.com/view?r=eyJrIjoiOTJkN2U4MjUtYWE1Ny00NzA4LWExMzctMDBiYjQ2NjZiZWVjIiwidCI6ImJkMDNhNzM1LTJhYTMtNGNjYS05NzIyLTJhZTQ5MjlhYjNlYyIsImMiOjEwfQ%3D%3D&pageName=adfba30c52355c5b1631
Tuguegarao,Cagayan,17.6333,121.75,2012,5,May,MAM,Wet Season,1807.1,130.7,2012-05-01,https://app.powerbi.com/view?r=eyJrIjoiOTJkN2U4MjUtYWE1Ny00NzA4LWExMzctMDBiYjQ2NjZiZWVjIiwidCI6ImJkMDNhNzM1LTJhYTMtNGNjYS05NzIyLTJhZTQ5MjlhYjNlYyIsImMiOjEwfQ%3D%3D&pageName=adfba30c52355c5b1631
Tuguegarao,Cagayan,17.6333,121.75,2012,6,Jun,JJA,Wet Season,1807.1,310.1,2012-06-01,https://app.powerbi.com/view?r=eyJrIjoiOTJkN2U4MjUtYWE1Ny00NzA4LWExMzctMDBiYjQ2NjZiZWVjIiwidCI6ImJkMDNhNzM1LTJhYTMtNGNjYS05NzIyLTJhZTQ5MjlhYjNlYyIsImMiOjEwfQ%3D%3D&pageName=adfba30c52355c5b1631
Tuguegarao,Cagayan,17.6333,121.75,2012,7,Jul,JJA,Wet Season,1807.1,235.5,2012-07-01,https://app.powerbi.com/view?r=eyJrIjoiOTJkN2U4MjUtYWE1Ny00NzA4LWExMzctMDBiYjQ2NjZiZWVjIiwidCI6ImJkMDNhNzM1LTJhYTMtNGNjYS05NzIyLTJhZTQ5MjlhYjNlYyIsImMiOjEwfQ%3D%3D&pageName=adfba30c52355c5b1631
Tuguegarao,Cagayan,17.6333,121.75,2012,8,Aug,JJA,Wet Season,1807.1,296.2,2012-08-01,https://app.powerbi.com/view?r=eyJrIjoiOTJkN2U4MjUtYWE1Ny00NzA4LWExMzctMDBiYjQ2NjZiZWVjIiwidCI6ImJkMDNhNzM1LTJhYTMtNGNjYS05NzIyLTJhZTQ5MjlhYjNlYyIsImMiOjEwfQ%3D%3D&pageName=adfba30c52355c5b1631
Tuguegarao,Cagayan,17.6333,121.75,2012,9,Sep,SON,Wet Season,1807.1,117.9,2012-09-01,https://app.powerbi.com/view?r=eyJrIjoiOTJkN2U4MjUtYWE1Ny00NzA4LWExMzctMDBiYjQ2NjZiZWVjIiwidCI6ImJkMDNhNzM1LTJhYTMtNGNjYS05NzIyLTJhZTQ5MjlhYjNlYyIsImMiOjEwfQ%3D%3D&pageName=adfba30c52355c5b1631
Tuguegarao,Cagayan,17.6333,121.75,2012,10,Oct,SON,Wet Season,1807.1,297.4,2012-10-01,https://app.powerbi.com/view?r=eyJrIjoiOTJkN2U4MjUtYWE1Ny00NzA4LWExMzctMDBiYjQ2NjZiZWVjIiwidCI6ImJkMDNhNzM1LTJhYTMtNGNjYS05NzIyLTJhZTQ5MjlhYjNlYyIsImMiOjEwfQ%3D%3D&pageName=adfba30c52355c5b1631
Tuguegarao,Cagayan,17.6333,121.75,2012,11,Nov,SON,Dry Season,1807.1,52.6,2012-11-01,https://app.powerbi.com/view?r=eyJrIjoiOTJkN2U4MjUtYWE1Ny00NzA4LWExMzctMDBiYjQ2NjZiZWVjIiwidCI6ImJkMDNhNzM1LTJhYTMtNGNjYS05NzIyLTJhZTQ5MjlhYjNlYyIsImMiOjEwfQ%3D%3D&pageName=adfba30c52355c5b1631
Tuguegarao,Cagayan,17.6333,121.75,2012,12,Dec,DJF,Dry Season,1807.1,88.7,2012-12-01,https://app.powerbi.com/view?r=eyJrIjoiOTJkN2U4MjUtYWE1Ny00NzA4LWExMzctMDBiYjQ2NjZiZWVjIiwidCI6ImJkMDNhNzM1LTJhYTMtNGNjYS05NzIyLTJhZTQ5MjlhYjNlYyIsImMiOjEwfQ%3D%3D&pageName=adfba30c52355c5b1631
Tuguegarao,Cagayan,17.6333,121.75,2013,1,Jan,DJF,Dry Season,1678.1,43.2,2013-01-01,https://app.powerbi.com/view?r=eyJrIjoiOTJkN2U4MjUtYWE1Ny00NzA4LWExMzctMDBiYjQ2NjZiZWVjIiwidCI6ImJkMDNhNzM1LTJhYTMtNGNjYS05NzIyLTJhZTQ5MjlhYjNlYyIsImMiOjEwfQ%3D%3D&pageName=adfba30c52355c5b1631
Tuguegarao,Cagayan,17.6333,121.75,2013,2,Feb,DJF,Dry Season,1678.1,30.2,2013-02-01,https://app.powerbi.com/view?r=eyJrIjoiOTJkN2U4MjUtYWE1Ny00NzA4LWExMzctMDBiYjQ2NjZiZWVjIiwidCI6ImJkMDNhNzM1LTJhYTMtNGNjYS05NzIyLTJhZTQ5MjlhYjNlYyIsImMiOjEwfQ%3D%3D&pageName=adfba30c52355c5b1631
Tuguegarao,Cagayan,17.6333,121.75,2013,3,Mar,MAM,Dry Season,1678.1,66.5,2013-03-01,https://app.powerbi.com/view?r=eyJrIjoiOTJkN2U4MjUtYWE1Ny00NzA4LWExMzctMDBiYjQ2NjZiZWVjIiwidCI6ImJkMDNhNzM1LTJhYTMtNGNjYS05NzIyLTJhZTQ5MjlhYjNlYyIsImMiOjEwfQ%3D%3D&pageName=adfba30c52355c5b1631
Tuguegarao,Cagayan,17.6333,121.75,2013,4,Apr,MAM,Dry Season,1678.1,195.7,2013-04-01,https://app.powerbi.com/view?r=eyJrIjoiOTJkN2U4MjUtYWE1Ny00NzA4LWExMzctMDBiYjQ2NjZiZWVjIiwidCI6ImJkMDNhNzM1LTJhYTMtNGNjYS05NzIyLTJhZTQ5MjlhYjNlYyIsImMiOjEwfQ%3D%3D&pageName=adfba30c52355c5b1631
Tuguegarao,Cagayan,17.6333,121.75,2013,5,May,MAM,Wet Season,1678.1,79.4,2013-05-01,https://app.powerbi.com/view?r=eyJrIjoiOTJkN2U4MjUtYWE1Ny00NzA4LWExMzctMDBiYjQ2NjZiZWVjIiwidCI6ImJkMDNhNzM1LTJhYTMtNGNjYS05NzIyLTJhZTQ5MjlhYjNlYyIsImMiOjEwfQ%3D%3D&pageName=adfba30c52355c5b1631
Tuguegarao,Cagayan,17.6333,121.75,2013,6,Jun,JJA,Wet Season,1678.1,157.5,2013-06-01,https://app.powerbi.com/view?r=eyJrIjoiOTJkN2U4MjUtYWE1Ny00NzA4LWExMzctMDBiYjQ2NjZiZWVjIiwidCI6ImJkMDNhNzM1LTJhYTMtNGNjYS05NzIyLTJhZTQ5MjlhYjNlYyIsImMiOjEwfQ%3D%3D&pageName=adfba30c52355c5b1631
Tuguegarao,Cagayan,17.6333,121.75,2013,7,Jul,JJA,Wet Season,1678.1,141.5,2013-07-01,https://app.powerbi.com/view?r=eyJrIjoiOTJkN2U4MjUtYWE1Ny00NzA4LWExMzctMDBiYjQ2NjZiZWVjIiwidCI6ImJkMDNhNzM1LTJhYTMtNGNjYS05NzIyLTJhZTQ5MjlhYjNlYyIsImMiOjEwfQ%3D%3D&pageName=adfba30c52355c5b1631
Tuguegarao,Cagayan,17.6333,121.75,2013,8,Aug,JJA,Wet Season,1678.1,156.1,2013-08-01,https://app.powerbi.com/view?r=eyJrIjoiOTJkN2U4MjUtYWE1Ny00NzA4LWExMzctMDBiYjQ2NjZiZWVjIiwidCI6ImJkMDNhNzM1LTJhYTMtNGNjYS05NzIyLTJhZTQ5MjlhYjNlYyIsImMiOjEwfQ%3D%3D&pageName=adfba30c52355c5b1631
Tuguegarao,Cagayan,17.6333,121.75,2013,9,Sep,SON,Wet Season,1678.1,206.8,2013-09-01,https://app.powerbi.com/view?r=eyJrIjoiOTJkN2U4MjUtYWE1Ny00NzA4LWExMzctMDBiYjQ2NjZiZWVjIiwidCI6ImJkMDNhNzM1LTJhYTMtNGNjYS05NzIyLTJhZTQ5MjlhYjNlYyIsImMiOjEwfQ%3D%3D&pageName=adfba30c52355c5b1631
Tuguegarao,Cagayan,17.6333,121.75,2013,10,Oct,SON,Wet Season,1678.1,203.2,2013-10-01,https://app.powerbi.com/view?r=eyJrIjoiOTJkN2U4MjUtYWE1Ny00NzA4LWExMzctMDBiYjQ2NjZiZWVjIiwidCI6ImJkMDNhNzM1LTJhYTMtNGNjYS05NzIyLTJhZTQ5MjlhYjNlYyIsImMiOjEwfQ%3D%3D&pageName=adfba30c52355c5b1631
Tuguegarao,Cagayan,17.6333,121.75,2013,11,Nov,SON,Dry Season,1678.1,298.2,2013-11-01,https://app.powerbi.com/view?r=eyJrIjoiOTJkN2U4MjUtYWE1Ny00NzA4LWExMzctMDBiYjQ2NjZiZWVjIiwidCI6ImJkMDNhNzM1LTJhYTMtNGNjYS05NzIyLTJhZTQ5MjlhYjNlYyIsImMiOjEwfQ%3D%3D&pageName=adfba30c52355c5b1631
Tuguegarao,Cagayan,17.6333,121.75,2013,12,Dec,DJF,Dry Season,1678.1,99.8,2013-12-01,https://app.powerbi.com/view?r=eyJrIjoiOTJkN2U4MjUtYWE1Ny00NzA4LWExMzctMDBiYjQ2NjZiZWVjIiwidCI6ImJkMDNhNzM1LTJhYTMtNGNjYS05NzIyLTJhZTQ5MjlhYjNlYyIsImMiOjEwfQ%3D%3D&pageName=adfba30c52355c5b1631
Tuguegarao,Cagayan,17.6333,121.75,2014,1,Jan,DJF,Dry Season,1336,6.4,2014-01-01,https://app.powerbi.com/view?r=eyJrIjoiOTJkN2U4MjUtYWE1Ny00NzA4LWExMzctMDBiYjQ2NjZiZWVjIiwidCI6ImJkMDNhNzM1LTJhYTMtNGNjYS05NzIyLTJhZTQ5MjlhYjNlYyIsImMiOjEwfQ%3D%3D&pageName=adfba30c52355c5b1631
Tuguegarao,Cagayan,17.6333,121.75,2014,2,Feb,DJF,Dry Season,1336,20.1,2014-02-01,https://app.powerbi.com/view?r=eyJrIjoiOTJkN2U4MjUtYWE1Ny00NzA4LWExMzctMDBiYjQ2NjZiZWVjIiwidCI6ImJkMDNhNzM1LTJhYTMtNGNjYS05NzIyLTJhZTQ5MjlhYjNlYyIsImMiOjEwfQ%3D%3D&pageName=adfba30c52355c5b1631
Tuguegarao,Cagayan,17.6333,121.75,2014,3,Mar,MAM,Dry Season,1336,15.7,2014-03-01,https://app.powerbi.com/view?r=eyJrIjoiOTJkN2U4MjUtYWE1Ny00NzA4LWExMzctMDBiYjQ2NjZiZWVjIiwidCI6ImJkMDNhNzM1LTJhYTMtNGNjYS05NzIyLTJhZTQ5MjlhYjNlYyIsImMiOjEwfQ%3D%3D&pageName=adfba30c52355c5b1631
Tuguegarao,Cagayan,17.6333,121.75,2014,4,Apr,MAM,Dry Season,1336,75.1,2014-04-01,https://app.powerbi.com/view?r=eyJrIjoiOTJkN2U4MjUtYWE1Ny00NzA4LWExMzctMDBiYjQ2NjZiZWVjIiwidCI6ImJkMDNhNzM1LTJhYTMtNGNjYS05NzIyLTJhZTQ5MjlhYjNlYyIsImMiOjEwfQ%3D%3D&pageName=adfba30c52355c5b1631
Tuguegarao,Cagayan,17.6333,121.75,2014,5,May,MAM,Wet Season,1336,54.4,2014-05-01,https://app.powerbi.com/view?r=eyJrIjoiOTJkN2U4MjUtYWE1Ny00NzA4LWExMzctMDBiYjQ2NjZiZWVjIiwidCI6ImJkMDNhNzM1LTJhYTMtNGNjYS05NzIyLTJhZTQ5MjlhYjNlYyIsImMiOjEwfQ%3D%3D&pageName=adfba30c52355c5b1631
Tuguegarao,Cagayan,17.6333,121.75,2014,6,Jun,JJA,Wet Season,1336,185.4,2014-06-01,https://app.powerbi.com/view?r=eyJrIjoiOTJkN2U4MjUtYWE1Ny00NzA4LWExMzctMDBiYjQ2NjZiZWVjIiwidCI6ImJkMDNhNzM1LTJhYTMtNGNjYS05NzIyLTJhZTQ5MjlhYjNlYyIsImMiOjEwfQ%3D%3D&pageName=adfba30c52355c5b1631
Tuguegarao,Cagayan,17.6333,121.75,2014,7,Jul,JJA,Wet Season,1336,158.4,2014-07-01,https://app.powerbi.com/view?r=eyJrIjoiOTJkN2U4MjUtYWE1Ny00NzA4LWExMzctMDBiYjQ2NjZiZWVjIiwidCI6ImJkMDNhNzM1LTJhYTMtNGNjYS05NzIyLTJhZTQ5MjlhYjNlYyIsImMiOjEwfQ%3D%3D&pageName=adfba30c52355c5b1631
Tuguegarao,Cagayan,17.6333,121.75,2014,8,Aug,JJA,Wet Season,1336,139.6,2014-08-01,https://app.powerbi.com/view?r=eyJrIjoiOTJkN2U4MjUtYWE1Ny00NzA4LWExMzctMDBiYjQ2NjZiZWVjIiwidCI6ImJkMDNhNzM1LTJhYTMtNGNjYS05NzIyLTJhZTQ5MjlhYjNlYyIsImMiOjEwfQ%3D%3D&pageName=adfba30c52355c5b1631
Tuguegarao,Cagayan,17.6333,121.75,2014,9,Sep,SON,Wet Season,1336,302.9,2014-09-01,https://app.powerbi.com/view?r=eyJrIjoiOTJkN2U4MjUtYWE1Ny00NzA4LWExMzctMDBiYjQ2NjZiZWVjIiwidCI6ImJkMDNhNzM1LTJhYTMtNGNjYS05NzIyLTJhZTQ5MjlhYjNlYyIsImMiOjEwfQ%3D%3D&pageName=adfba30c52355c5b1631
Tuguegarao,Cagayan,17.6333,121.75,2014,10,Oct,SON,Wet Season,1336,184.9,2014-10-01,https://app.powerbi.com/view?r=eyJrIjoiOTJkN2U4MjUtYWE1Ny00NzA4LWExMzctMDBiYjQ2NjZiZWVjIiwidCI6ImJkMDNhNzM1LTJhYTMtNGNjYS05NzIyLTJhZTQ5MjlhYjNlYyIsImMiOjEwfQ%3D%3D&pageName=adfba30c52355c5b1631
Tuguegarao,Cagayan,17.6333,121.75,2014,11,Nov,SON,Dry Season,1336,93.8,2014-11-01,https://app.powerbi.com/view?r=eyJrIjoiOTJkN2U4MjUtYWE1Ny00NzA4LWExMzctMDBiYjQ2NjZiZWVjIiwidCI6ImJkMDNhNzM1LTJhYTMtNGNjYS05NzIyLTJhZTQ5MjlhYjNlYyIsImMiOjEwfQ%3D%3D&pageName=adfba30c52355c5b1631
Tuguegarao,Cagayan,17.6333,121.75,2014,12,Dec,DJF,Dry Season,1336,99.3,2014-12-01,https://app.powerbi.com/view?r=eyJrIjoiOTJkN2U4MjUtYWE1Ny00NzA4LWExMzctMDBiYjQ2NjZiZWVjIiwidCI6ImJkMDNhNzM1LTJhYTMtNGNjYS05NzIyLTJhZTQ5MjlhYjNlYyIsImMiOjEwfQ%3D%3D&pageName=adfba30c52355c5b1631
Tuguegarao,Cagayan,17.6333,121.75,2015,1,Jan,DJF,Dry Season,1451.9,65.3,2015-01-01,https://app.powerbi.com/view?r=eyJrIjoiOTJkN2U4MjUtYWE1Ny00NzA4LWExMzctMDBiYjQ2NjZiZWVjIiwidCI6ImJkMDNhNzM1LTJhYTMtNGNjYS05NzIyLTJhZTQ5MjlhYjNlYyIsImMiOjEwfQ%3D%3D&pageName=adfba30c52355c5b1631
Tuguegarao,Cagayan,17.6333,121.75,2015,2,Feb,DJF,Dry Season,1451.9,9.2,2015-02-01,https://app.powerbi.com/view?r=eyJrIjoiOTJkN2U4MjUtYWE1Ny00NzA4LWExMzctMDBiYjQ2NjZiZWVjIiwidCI6ImJkMDNhNzM1LTJhYTMtNGNjYS05NzIyLTJhZTQ5MjlhYjNlYyIsImMiOjEwfQ%3D%3D&pageName=adfba30c52355c5b1631
Tuguegarao,Cagayan,17.6333,121.75,2015,3,Mar,MAM,Dry Season,1451.9,32.9,2015-03-01,https://app.powerbi.com/view?r=eyJrIjoiOTJkN2U4MjUtYWE1Ny00NzA4LWExMzctMDBiYjQ2NjZiZWVjIiwidCI6ImJkMDNhNzM1LTJhYTMtNGNjYS05NzIyLTJhZTQ5MjlhYjNlYyIsImMiOjEwfQ%3D%3D&pageName=adfba30c52355c5b1631
Tuguegarao,Cagayan,17.6333,121.75,2015,4,Apr,MAM,Dry Season,1451.9,52,2015-04-01,https://app.powerbi.com/view?r=eyJrIjoiOTJkN2U4MjUtYWE1Ny00NzA4LWExMzctMDBiYjQ2NjZiZWVjIiwidCI6ImJkMDNhNzM1LTJhYTMtNGNjYS05NzIyLTJhZTQ5MjlhYjNlYyIsImMiOjEwfQ%3D%3D&pageName=adfba30c52355c5b1631
Tuguegarao,Cagayan,17.6333,121.75,2015,5,May,MAM,Wet Season,1451.9,178.8,2015-05-01,https://app.powerbi.com/view?r=eyJrIjoiOTJkN2U4MjUtYWE1Ny00NzA4LWExMzctMDBiYjQ2NjZiZWVjIiwidCI6ImJkMDNhNzM1LTJhYTMtNGNjYS05NzIyLTJhZTQ5MjlhYjNlYyIsImMiOjEwfQ%3D%3D&pageName=adfba30c52355c5b1631
Tuguegarao,Cagayan,17.6333,121.75,2015,6,Jun,JJA,Wet Season,1451.9,52.7,2015-06-01,https://app.powerbi.com/view?r=eyJrIjoiOTJkN2U4MjUtYWE1Ny00NzA4LWExMzctMDBiYjQ2NjZiZWVjIiwidCI6ImJkMDNhNzM1LTJhYTMtNGNjYS05NzIyLTJhZTQ5MjlhYjNlYyIsImMiOjEwfQ%3D%3D&pageName=adfba30c52355c5b1631
Tuguegarao,Cagayan,17.6333,121.75,2015,7,Jul,JJA,Wet Season,1451.9,206.9,2015-07-01,https://app.powerbi.com/view?r=eyJrIjoiOTJkN2U4MjUtYWE1Ny00NzA4LWExMzctMDBiYjQ2NjZiZWVjIiwidCI6ImJkMDNhNzM1LTJhYTMtNGNjYS05NzIyLTJhZTQ5MjlhYjNlYyIsImMiOjEwfQ%3D%3D&pageName=adfba30c52355c5b1631
Tuguegarao,Cagayan,17.6333,121.75,2015,8,Aug,JJA,Wet Season,1451.9,248.4,2015-08-01,https://app.powerbi.com/view?r=eyJrIjoiOTJkN2U4MjUtYWE1Ny00NzA4LWExMzctMDBiYjQ2NjZiZWVjIiwidCI6ImJkMDNhNzM1LTJhYTMtNGNjYS05NzIyLTJhZTQ5MjlhYjNlYyIsImMiOjEwfQ%3D%3D&pageName=adfba30c52355c5b1631
Tuguegarao,Cagayan,17.6333,121.75,2015,9,Sep,SON,Wet Season,1451.9,47.2,2015-09-01,https://app.powerbi.com/view?r=eyJrIjoiOTJkN2U4MjUtYWE1Ny00NzA4LWExMzctMDBiYjQ2NjZiZWVjIiwidCI6ImJkMDNhNzM1LTJhYTMtNGNjYS05NzIyLTJhZTQ5MjlhYjNlYyIsImMiOjEwfQ%3D%3D&pageName=adfba30c52355c5b1631
Tuguegarao,Cagayan,17.6333,121.75,2015,10,Oct,SON,Wet Season,1451.9,298.5,2015-10-01,https://app.powerbi.com/view?r=eyJrIjoiOTJkN2U4MjUtYWE1Ny00NzA4LWExMzctMDBiYjQ2NjZiZWVjIiwidCI6ImJkMDNhNzM1LTJhYTMtNGNjYS05NzIyLTJhZTQ5MjlhYjNlYyIsImMiOjEwfQ%3D%3D&pageName=adfba30c52355c5b1631
Tuguegarao,Cagayan,17.6333,121.75,2015,11,Nov,SON,Dry Season,1451.9,31.6,2015-11-01,https://app.powerbi.com/view?r=eyJrIjoiOTJkN2U4MjUtYWE1Ny00NzA4LWExMzctMDBiYjQ2NjZiZWVjIiwidCI6ImJkMDNhNzM1LTJhYTMtNGNjYS05NzIyLTJhZTQ5MjlhYjNlYyIsImMiOjEwfQ%3D%3D&pageName=adfba30c52355c5b1631
Tuguegarao,Cagayan,17.6333,121.75,2015,12,Dec,DJF,Dry Season,1451.9,228.4,2015-12-01,https://app.powerbi.com/view?r=eyJrIjoiOTJkN2U4MjUtYWE1Ny00NzA4LWExMzctMDBiYjQ2NjZiZWVjIiwidCI6ImJkMDNhNzM1LTJhYTMtNGNjYS05NzIyLTJhZTQ5MjlhYjNlYyIsImMiOjEwfQ%3D%3D&pageName=adfba30c52355c5b1631
Tuguegarao,Cagayan,17.6333,121.75,2016,1,Jan,DJF,Dry Season,1993.9,21.5,2016-01-01,https://app.powerbi.com/view?r=eyJrIjoiOTJkN2U4MjUtYWE1Ny00NzA4LWExMzctMDBiYjQ2NjZiZWVjIiwidCI6ImJkMDNhNzM1LTJhYTMtNGNjYS05NzIyLTJhZTQ5MjlhYjNlYyIsImMiOjEwfQ%3D%3D&pageName=adfba30c52355c5b1631
Tuguegarao,Cagayan,17.6333,121.75,2016,2,Feb,DJF,Dry Season,1993.9,33.1,2016-02-01,https://app.powerbi.com/view?r=eyJrIjoiOTJkN2U4MjUtYWE1Ny00NzA4LWExMzctMDBiYjQ2NjZiZWVjIiwidCI6ImJkMDNhNzM1LTJhYTMtNGNjYS05NzIyLTJhZTQ5MjlhYjNlYyIsImMiOjEwfQ%3D%3D&pageName=adfba30c52355c5b1631
Tuguegarao,Cagayan,17.6333,121.75,2016,3,Mar,MAM,Dry Season,1993.9,3.8,2016-03-01,https://app.powerbi.com/view?r=eyJrIjoiOTJkN2U4MjUtYWE1Ny00NzA4LWExMzctMDBiYjQ2NjZiZWVjIiwidCI6ImJkMDNhNzM1LTJhYTMtNGNjYS05NzIyLTJhZTQ5MjlhYjNlYyIsImMiOjEwfQ%3D%3D&pageName=adfba30c52355c5b1631
Tuguegarao,Cagayan,17.6333,121.75,2016,4,Apr,MAM,Dry Season,1993.9,0.1,2016-04-01,https://app.powerbi.com/view?r=eyJrIjoiOTJkN2U4MjUtYWE1Ny00NzA4LWExMzctMDBiYjQ2NjZiZWVjIiwidCI6ImJkMDNhNzM1LTJhYTMtNGNjYS05NzIyLTJhZTQ5MjlhYjNlYyIsImMiOjEwfQ%3D%3D&pageName=adfba30c52355c5b1631
Tuguegarao,Cagayan,17.6333,121.75,2016,5,May,MAM,Wet Season,1993.9,107.4,2016-05-01,https://app.powerbi.com/view?r=eyJrIjoiOTJkN2U4MjUtYWE1Ny00NzA4LWExMzctMDBiYjQ2NjZiZWVjIiwidCI6ImJkMDNhNzM1LTJhYTMtNGNjYS05NzIyLTJhZTQ5MjlhYjNlYyIsImMiOjEwfQ%3D%3D&pageName=adfba30c52355c5b1631
Tuguegarao,Cagayan,17.6333,121.75,2016,6,Jun,JJA,Wet Season,1993.9,153.1,2016-06-01,https://app.powerbi.com/view?r=eyJrIjoiOTJkN2U4MjUtYWE1Ny00NzA4LWExMzctMDBiYjQ2NjZiZWVjIiwidCI6ImJkMDNhNzM1LTJhYTMtNGNjYS05NzIyLTJhZTQ5MjlhYjNlYyIsImMiOjEwfQ%3D%3D&pageName=adfba30c52355c5b1631
Tuguegarao,Cagayan,17.6333,121.75,2016,7,Jul,JJA,Wet Season,1993.9,402,2016-07-01,https://app.powerbi.com/view?r=eyJrIjoiOTJkN2U4MjUtYWE1Ny00NzA4LWExMzctMDBiYjQ2NjZiZWVjIiwidCI6ImJkMDNhNzM1LTJhYTMtNGNjYS05NzIyLTJhZTQ5MjlhYjNlYyIsImMiOjEwfQ%3D%3D&pageName=adfba30c52355c5b1631
Tuguegarao,Cagayan,17.6333,121.75,2016,8,Aug,JJA,Wet Season,1993.9,119.7,2016-08-01,https://app.powerbi.com/view?r=eyJrIjoiOTJkN2U4MjUtYWE1Ny00NzA4LWExMzctMDBiYjQ2NjZiZWVjIiwidCI6ImJkMDNhNzM1LTJhYTMtNGNjYS05NzIyLTJhZTQ5MjlhYjNlYyIsImMiOjEwfQ%3D%3D&pageName=adfba30c52355c5b1631
Tuguegarao,Cagayan,17.6333,121.75,2016,9,Sep,SON,Wet Season,1993.9,105.3,2016-09-01,https://app.powerbi.com/view?r=eyJrIjoiOTJkN2U4MjUtYWE1Ny00NzA4LWExMzctMDBiYjQ2NjZiZWVjIiwidCI6ImJkMDNhNzM1LTJhYTMtNGNjYS05NzIyLTJhZTQ5MjlhYjNlYyIsImMiOjEwfQ%3D%3D&pageName=adfba30c52355c5b1631
Tuguegarao,Cagayan,17.6333,121.75,2016,10,Oct,SON,Wet Season,1993.9,420.7,2016-10-01,https://app.powerbi.com/view?r=eyJrIjoiOTJkN2U4MjUtYWE1Ny00NzA4LWExMzctMDBiYjQ2NjZiZWVjIiwidCI6ImJkMDNhNzM1LTJhYTMtNGNjYS05NzIyLTJhZTQ5MjlhYjNlYyIsImMiOjEwfQ%3D%3D&pageName=adfba30c52355c5b1631
Tuguegarao,Cagayan,17.6333,121.75,2016,11,Nov,SON,Dry Season,1993.9,416.9,2016-11-01,https://app.powerbi.com/view?r=eyJrIjoiOTJkN2U4MjUtYWE1Ny00NzA4LWExMzctMDBiYjQ2NjZiZWVjIiwidCI6ImJkMDNhNzM1LTJhYTMtNGNjYS05NzIyLTJhZTQ5MjlhYjNlYyIsImMiOjEwfQ%3D%3D&pageName=adfba30c52355c5b1631
Tuguegarao,Cagayan,17.6333,121.75,2016,12,Dec,DJF,Dry Season,1993.9,210.4,2016-12-01,https://app.powerbi.com/view?r=eyJrIjoiOTJkN2U4MjUtYWE1Ny00NzA4LWExMzctMDBiYjQ2NjZiZWVjIiwidCI6ImJkMDNhNzM1LTJhYTMtNGNjYS05NzIyLTJhZTQ5MjlhYjNlYyIsImMiOjEwfQ%3D%3D&pageName=adfba30c52355c5b1631
Tuguegarao,Cagayan,17.6333,121.75,2017,1,Jan,DJF,Dry Season,1527.1,78.1,2017-01-01,https://app.powerbi.com/view?r=eyJrIjoiOTJkN2U4MjUtYWE1Ny00NzA4LWExMzctMDBiYjQ2NjZiZWVjIiwidCI6ImJkMDNhNzM1LTJhYTMtNGNjYS05NzIyLTJhZTQ5MjlhYjNlYyIsImMiOjEwfQ%3D%3D&pageName=adfba30c52355c5b1631
Tuguegarao,Cagayan,17.6333,121.75,2017,2,Feb,DJF,Dry Season,1527.1,89.2,2017-02-01,https://app.powerbi.com/view?r=eyJrIjoiOTJkN2U4MjUtYWE1Ny00NzA4LWExMzctMDBiYjQ2NjZiZWVjIiwidCI6ImJkMDNhNzM1LTJhYTMtNGNjYS05NzIyLTJhZTQ5MjlhYjNlYyIsImMiOjEwfQ%3D%3D&pageName=adfba30c52355c5b1631
Tuguegarao,Cagayan,17.6333,121.75,2017,3,Mar,MAM,Dry Season,1527.1,29.7,2017-03-01,https://app.powerbi.com/view?r=eyJrIjoiOTJkN2U4MjUtYWE1Ny00NzA4LWExMzctMDBiYjQ2NjZiZWVjIiwidCI6ImJkMDNhNzM1LTJhYTMtNGNjYS05NzIyLTJhZTQ5MjlhYjNlYyIsImMiOjEwfQ%3D%3D&pageName=adfba30c52355c5b1631
Tuguegarao,Cagayan,17.6333,121.75,2017,4,Apr,MAM,Dry Season,1527.1,43.6,2017-04-01,https://app.powerbi.com/view?r=eyJrIjoiOTJkN2U4MjUtYWE1Ny00NzA4LWExMzctMDBiYjQ2NjZiZWVjIiwidCI6ImJkMDNhNzM1LTJhYTMtNGNjYS05NzIyLTJhZTQ5MjlhYjNlYyIsImMiOjEwfQ%3D%3D&pageName=adfba30c52355c5b1631
Tuguegarao,Cagayan,17.6333,121.75,2017,5,May,MAM,Wet Season,1527.1,236.7,2017-05-01,https://app.powerbi.com/view?r=eyJrIjoiOTJkN2U4MjUtYWE1Ny00NzA4LWExMzctMDBiYjQ2NjZiZWVjIiwidCI6ImJkMDNhNzM1LTJhYTMtNGNjYS05NzIyLTJhZTQ5MjlhYjNlYyIsImMiOjEwfQ%3D%3D&pageName=adfba30c52355c5b1631
Tuguegarao,Cagayan,17.6333,121.75,2017,6,Jun,JJA,Wet Season,1527.1,43.8,2017-06-01,https://app.powerbi.com/view?r=eyJrIjoiOTJkN2U4MjUtYWE1Ny00NzA4LWExMzctMDBiYjQ2NjZiZWVjIiwidCI6ImJkMDNhNzM1LTJhYTMtNGNjYS05NzIyLTJhZTQ5MjlhYjNlYyIsImMiOjEwfQ%3D%3D&pageName=adfba30c52355c5b1631
Tuguegarao,Cagayan,17.6333,121.75,2017,7,Jul,JJA,Wet Season,1527.1,91.3,2017-07-01,https://app.powerbi.com/view?r=eyJrIjoiOTJkN2U4MjUtYWE1Ny00NzA4LWExMzctMDBiYjQ2NjZiZWVjIiwidCI6ImJkMDNhNzM1LTJhYTMtNGNjYS05NzIyLTJhZTQ5MjlhYjNlYyIsImMiOjEwfQ%3D%3D&pageName=adfba30c52355c5b1631
Tuguegarao,Cagayan,17.6333,121.75,2017,8,Aug,JJA,Wet Season,1527.1,109.1,2017-08-01,https://app.powerbi.com/view?r=eyJrIjoiOTJkN2U4MjUtYWE1Ny00NzA4LWExMzctMDBiYjQ2NjZiZWVjIiwidCI6ImJkMDNhNzM1LTJhYTMtNGNjYS05NzIyLTJhZTQ5MjlhYjNlYyIsImMiOjEwfQ%3D%3D&pageName=adfba30c52355c5b1631
Tuguegarao,Cagayan,17.6333,121.75,2017,9,Sep,SON,Wet Season,1527.1,143.6,2017-09-01,https://app.powerbi.com/view?r=eyJrIjoiOTJkN2U4MjUtYWE1Ny00NzA4LWExMzctMDBiYjQ2NjZiZWVjIiwidCI6ImJkMDNhNzM1LTJhYTMtNGNjYS05NzIyLTJhZTQ5MjlhYjNlYyIsImMiOjEwfQ%3D%3D&pageName=adfba30c52355c5b1631
Tuguegarao,Cagayan,17.6333,121.75,2017,10,Oct,SON,Wet Season,1527.1,262.8,2017-10-01,https://app.powerbi.com/view?r=eyJrIjoiOTJkN2U4MjUtYWE1Ny00NzA4LWExMzctMDBiYjQ2NjZiZWVjIiwidCI6ImJkMDNhNzM1LTJhYTMtNGNjYS05NzIyLTJhZTQ5MjlhYjNlYyIsImMiOjEwfQ%3D%3D&pageName=adfba30c52355c5b1631
Tuguegarao,Cagayan,17.6333,121.75,2017,11,Nov,SON,Dry Season,1527.1,347.2,2017-11-01,https://app.powerbi.com/view?r=eyJrIjoiOTJkN2U4MjUtYWE1Ny00NzA4LWExMzctMDBiYjQ2NjZiZWVjIiwidCI6ImJkMDNhNzM1LTJhYTMtNGNjYS05NzIyLTJhZTQ5MjlhYjNlYyIsImMiOjEwfQ%3D%3D&pageName=adfba30c52355c5b1631
Tuguegarao,Cagayan,17.6333,121.75,2017,12,Dec,DJF,Dry Season,1527.1,52,2017-12-01,https://app.powerbi.com/view?r=eyJrIjoiOTJkN2U4MjUtYWE1Ny00NzA4LWExMzctMDBiYjQ2NjZiZWVjIiwidCI6ImJkMDNhNzM1LTJhYTMtNGNjYS05NzIyLTJhZTQ5MjlhYjNlYyIsImMiOjEwfQ%3D%3D&pageName=adfba30c52355c5b1631
Tuguegarao,Cagayan,17.6333,121.75,2018,1,Jan,DJF,Dry Season,1233.4,7,2018-01-01,https://app.powerbi.com/view?r=eyJrIjoiOTJkN2U4MjUtYWE1Ny00NzA4LWExMzctMDBiYjQ2NjZiZWVjIiwidCI6ImJkMDNhNzM1LTJhYTMtNGNjYS05NzIyLTJhZTQ5MjlhYjNlYyIsImMiOjEwfQ%3D%3D&pageName=adfba30c52355c5b1631
Tuguegarao,Cagayan,17.6333,121.75,2018,2,Feb,DJF,Dry Season,1233.4,23.2,2018-02-01,https://app.powerbi.com/view?r=eyJrIjoiOTJkN2U4MjUtYWE1Ny00NzA4LWExMzctMDBiYjQ2NjZiZWVjIiwidCI6ImJkMDNhNzM1LTJhYTMtNGNjYS05NzIyLTJhZTQ5MjlhYjNlYyIsImMiOjEwfQ%3D%3D&pageName=adfba30c52355c5b1631
Tuguegarao,Cagayan,17.6333,121.75,2018,3,Mar,MAM,Dry Season,1233.4,1,2018-03-01,https://app.powerbi.com/view?r=eyJrIjoiOTJkN2U4MjUtYWE1Ny00NzA4LWExMzctMDBiYjQ2NjZiZWVjIiwidCI6ImJkMDNhNzM1LTJhYTMtNGNjYS05NzIyLTJhZTQ5MjlhYjNlYyIsImMiOjEwfQ%3D%3D&pageName=adfba30c52355c5b1631
Tuguegarao,Cagayan,17.6333,121.75,2018,4,Apr,MAM,Dry Season,1233.4,50.4,2018-04-01,https://app.powerbi.com/view?r=eyJrIjoiOTJkN2U4MjUtYWE1Ny00NzA4LWExMzctMDBiYjQ2NjZiZWVjIiwidCI6ImJkMDNhNzM1LTJhYTMtNGNjYS05NzIyLTJhZTQ5MjlhYjNlYyIsImMiOjEwfQ%3D%3D&pageName=adfba30c52355c5b1631
Tuguegarao,Cagayan,17.6333,121.75,2018,5,May,MAM,Wet Season,1233.4,8.2,2018-05-01,https://app.powerbi.com/view?r=eyJrIjoiOTJkN2U4MjUtYWE1Ny00NzA4LWExMzctMDBiYjQ2NjZiZWVjIiwidCI6ImJkMDNhNzM1LTJhYTMtNGNjYS05NzIyLTJhZTQ5MjlhYjNlYyIsImMiOjEwfQ%3D%3D&pageName=adfba30c52355c5b1631
Tuguegarao,Cagayan,17.6333,121.75,2018,6,Jun,JJA,Wet Season,1233.4,144.8,2018-06-01,https://app.powerbi.com/view?r=eyJrIjoiOTJkN2U4MjUtYWE1Ny00NzA4LWExMzctMDBiYjQ2NjZiZWVjIiwidCI6ImJkMDNhNzM1LTJhYTMtNGNjYS05NzIyLTJhZTQ5MjlhYjNlYyIsImMiOjEwfQ%3D%3D&pageName=adfba30c52355c5b1631
Tuguegarao,Cagayan,17.6333,121.75,2018,7,Jul,JJA,Wet Season,1233.4,250.1,2018-07-01,https://app.powerbi.com/view?r=eyJrIjoiOTJkN2U4MjUtYWE1Ny00NzA4LWExMzctMDBiYjQ2NjZiZWVjIiwidCI6ImJkMDNhNzM1LTJhYTMtNGNjYS05NzIyLTJhZTQ5MjlhYjNlYyIsImMiOjEwfQ%3D%3D&pageName=adfba30c52355c5b1631
Tuguegarao,Cagayan,17.6333,121.75,2018,8,Aug,JJA,Wet Season,1233.4,142,2018-08-01,https://app.powerbi.com/view?r=eyJrIjoiOTJkN2U4MjUtYWE1Ny00NzA4LWExMzctMDBiYjQ2NjZiZWVjIiwidCI6ImJkMDNhNzM1LTJhYTMtNGNjYS05NzIyLTJhZTQ5MjlhYjNlYyIsImMiOjEwfQ%3D%3D&pageName=adfba30c52355c5b1631
Tuguegarao,Cagayan,17.6333,121.75,2018,9,Sep,SON,Wet Season,1233.4,317.9,2018-09-01,https://app.powerbi.com/view?r=eyJrIjoiOTJkN2U4MjUtYWE1Ny00NzA4LWExMzctMDBiYjQ2NjZiZWVjIiwidCI6ImJkMDNhNzM1LTJhYTMtNGNjYS05NzIyLTJhZTQ5MjlhYjNlYyIsImMiOjEwfQ%3D%3D&pageName=adfba30c52355c5b1631
Tuguegarao,Cagayan,17.6333,121.75,2018,10,Oct,SON,Wet Season,1233.4,145.6,2018-10-01,https://app.powerbi.com/view?r=eyJrIjoiOTJkN2U4MjUtYWE1Ny00NzA4LWExMzctMDBiYjQ2NjZiZWVjIiwidCI6ImJkMDNhNzM1LTJhYTMtNGNjYS05NzIyLTJhZTQ5MjlhYjNlYyIsImMiOjEwfQ%3D%3D&pageName=adfba30c52355c5b1631
Tuguegarao,Cagayan,17.6333,121.75,2018,11,Nov,SON,Dry Season,1233.4,11.7,2018-11-01,https://app.powerbi.com/view?r=eyJrIjoiOTJkN2U4MjUtYWE1Ny00NzA4LWExMzctMDBiYjQ2NjZiZWVjIiwidCI6ImJkMDNhNzM1LTJhYTMtNGNjYS05NzIyLTJhZTQ5MjlhYjNlYyIsImMiOjEwfQ%3D%3D&pageName=adfba30c52355c5b1631
Tuguegarao,Cagayan,17.6333,121.75,2018,12,Dec,DJF,Dry Season,1233.4,131.5,2018-12-01,https://app.powerbi.com/view?r=eyJrIjoiOTJkN2U4MjUtYWE1Ny00NzA4LWExMzctMDBiYjQ2NjZiZWVjIiwidCI6ImJkMDNhNzM1LTJhYTMtNGNjYS05NzIyLTJhZTQ5MjlhYjNlYyIsImMiOjEwfQ%3D%3D&pageName=adfba30c52355c5b1631
Tuguegarao,Cagayan,17.6333,121.75,2019,1,Jan,DJF,Dry Season,2005.9,31.1,2019-01-01,https://app.powerbi.com/view?r=eyJrIjoiOTJkN2U4MjUtYWE1Ny00NzA4LWExMzctMDBiYjQ2NjZiZWVjIiwidCI6ImJkMDNhNzM1LTJhYTMtNGNjYS05NzIyLTJhZTQ5MjlhYjNlYyIsImMiOjEwfQ%3D%3D&pageName=adfba30c52355c5b1631
Tuguegarao,Cagayan,17.6333,121.75,2019,2,Feb,DJF,Dry Season,2005.9,0,2019-02-01,https://app.powerbi.com/view?r=eyJrIjoiOTJkN2U4MjUtYWE1Ny00NzA4LWExMzctMDBiYjQ2NjZiZWVjIiwidCI6ImJkMDNhNzM1LTJhYTMtNGNjYS05NzIyLTJhZTQ5MjlhYjNlYyIsImMiOjEwfQ%3D%3D&pageName=adfba30c52355c5b1631
Tuguegarao,Cagayan,17.6333,121.75,2019,3,Mar,MAM,Dry Season,2005.9,11.8,2019-03-01,https://app.powerbi.com/view?r=eyJrIjoiOTJkN2U4MjUtYWE1Ny00NzA4LWExMzctMDBiYjQ2NjZiZWVjIiwidCI6ImJkMDNhNzM1LTJhYTMtNGNjYS05NzIyLTJhZTQ5MjlhYjNlYyIsImMiOjEwfQ%3D%3D&pageName=adfba30c52355c5b1631
Tuguegarao,Cagayan,17.6333,121.75,2019,4,Apr,MAM,Dry Season,2005.9,39.3,2019-04-01,https://app.powerbi.com/view?r=eyJrIjoiOTJkN2U4MjUtYWE1Ny00NzA4LWExMzctMDBiYjQ2NjZiZWVjIiwidCI6ImJkMDNhNzM1LTJhYTMtNGNjYS05NzIyLTJhZTQ5MjlhYjNlYyIsImMiOjEwfQ%3D%3D&pageName=adfba30c52355c5b1631
Tuguegarao,Cagayan,17.6333,121.75,2019,5,May,MAM,Wet Season,2005.9,283.4,2019-05-01,https://app.powerbi.com/view?r=eyJrIjoiOTJkN2U4MjUtYWE1Ny00NzA4LWExMzctMDBiYjQ2NjZiZWVjIiwidCI6ImJkMDNhNzM1LTJhYTMtNGNjYS05NzIyLTJhZTQ5MjlhYjNlYyIsImMiOjEwfQ%3D%3D&pageName=adfba30c52355c5b1631
Tuguegarao,Cagayan,17.6333,121.75,2019,6,Jun,JJA,Wet Season,2005.9,121.4,2019-06-01,https://app.powerbi.com/view?r=eyJrIjoiOTJkN2U4MjUtYWE1Ny00NzA4LWExMzctMDBiYjQ2NjZiZWVjIiwidCI6ImJkMDNhNzM1LTJhYTMtNGNjYS05NzIyLTJhZTQ5MjlhYjNlYyIsImMiOjEwfQ%3D%3D&pageName=adfba30c52355c5b1631
Tuguegarao,Cagayan,17.6333,121.75,2019,7,Jul,JJA,Wet Season,2005.9,201.2,2019-07-01,https://app.powerbi.com/view?r=eyJrIjoiOTJkN2U4MjUtYWE1Ny00NzA4LWExMzctMDBiYjQ2NjZiZWVjIiwidCI6ImJkMDNhNzM1LTJhYTMtNGNjYS05NzIyLTJhZTQ5MjlhYjNlYyIsImMiOjEwfQ%3D%3D&pageName=adfba30c52355c5b1631
Tuguegarao,Cagayan,17.6333,121.75,2019,8,Aug,JJA,Wet Season,2005.9,256.4,2019-08-01,https://app.powerbi.com/view?r=eyJrIjoiOTJkN2U4MjUtYWE1Ny00NzA4LWExMzctMDBiYjQ2NjZiZWVjIiwidCI6ImJkMDNhNzM1LTJhYTMtNGNjYS05NzIyLTJhZTQ5MjlhYjNlYyIsImMiOjEwfQ%3D%3D&pageName=adfba30c52355c5b1631
Tuguegarao,Cagayan,17.6333,121.75,2019,9,Sep,SON,Wet Season,2005.9,215,2019-09-01,https://app.powerbi.com/view?r=eyJrIjoiOTJkN2U4MjUtYWE1Ny00NzA4LWExMzctMDBiYjQ2NjZiZWVjIiwidCI6ImJkMDNhNzM1LTJhYTMtNGNjYS05NzIyLTJhZTQ5MjlhYjNlYyIsImMiOjEwfQ%3D%3D&pageName=adfba30c52355c5b1631
Tuguegarao,Cagayan,17.6333,121.75,2019,10,Oct,SON,Wet Season,2005.9,105.4,2019-10-01,https://app.powerbi.com/view?r=eyJrIjoiOTJkN2U4MjUtYWE1Ny00NzA4LWExMzctMDBiYjQ2NjZiZWVjIiwidCI6ImJkMDNhNzM1LTJhYTMtNGNjYS05NzIyLTJhZTQ5MjlhYjNlYyIsImMiOjEwfQ%3D%3D&pageName=adfba30c52355c5b1631
Tuguegarao,Cagayan,17.6333,121.75,2019,11,Nov,SON,Dry Season,2005.9,443.9,2019-11-01,https://app.powerbi.com/view?r=eyJrIjoiOTJkN2U4MjUtYWE1Ny00NzA4LWExMzctMDBiYjQ2NjZiZWVjIiwidCI6ImJkMDNhNzM1LTJhYTMtNGNjYS05NzIyLTJhZTQ5MjlhYjNlYyIsImMiOjEwfQ%3D%3D&pageName=adfba30c52355c5b1631
Tuguegarao,Cagayan,17.6333,121.75,2019,12,Dec,DJF,Dry Season,2005.9,297,2019-12-01,https://app.powerbi.com/view?r=eyJrIjoiOTJkN2U4MjUtYWE1Ny00NzA4LWExMzctMDBiYjQ2NjZiZWVjIiwidCI6ImJkMDNhNzM1LTJhYTMtNGNjYS05NzIyLTJhZTQ5MjlhYjNlYyIsImMiOjEwfQ%3D%3D&pageName=adfba30c52355c5b1631
Tuguegarao,Cagayan,17.6333,121.75,2020,1,Jan,DJF,Dry Season,2235.3,11.3,2020-01-01,https://app.powerbi.com/view?r=eyJrIjoiOTJkN2U4MjUtYWE1Ny00NzA4LWExMzctMDBiYjQ2NjZiZWVjIiwidCI6ImJkMDNhNzM1LTJhYTMtNGNjYS05NzIyLTJhZTQ5MjlhYjNlYyIsImMiOjEwfQ%3D%3D&pageName=adfba30c52355c5b1631
Tuguegarao,Cagayan,17.6333,121.75,2020,2,Feb,DJF,Dry Season,2235.3,4.6,2020-02-01,https://app.powerbi.com/view?r=eyJrIjoiOTJkN2U4MjUtYWE1Ny00NzA4LWExMzctMDBiYjQ2NjZiZWVjIiwidCI6ImJkMDNhNzM1LTJhYTMtNGNjYS05NzIyLTJhZTQ5MjlhYjNlYyIsImMiOjEwfQ%3D%3D&pageName=adfba30c52355c5b1631
Tuguegarao,Cagayan,17.6333,121.75,2020,3,Mar,MAM,Dry Season,2235.3,27.8,2020-03-01,https://app.powerbi.com/view?r=eyJrIjoiOTJkN2U4MjUtYWE1Ny00NzA4LWExMzctMDBiYjQ2NjZiZWVjIiwidCI6ImJkMDNhNzM1LTJhYTMtNGNjYS05NzIyLTJhZTQ5MjlhYjNlYyIsImMiOjEwfQ%3D%3D&pageName=adfba30c52355c5b1631
Tuguegarao,Cagayan,17.6333,121.75,2020,4,Apr,MAM,Dry Season,2235.3,12.8,2020-04-01,https://app.powerbi.com/view?r=eyJrIjoiOTJkN2U4MjUtYWE1Ny00NzA4LWExMzctMDBiYjQ2NjZiZWVjIiwidCI6ImJkMDNhNzM1LTJhYTMtNGNjYS05NzIyLTJhZTQ5MjlhYjNlYyIsImMiOjEwfQ%3D%3D&pageName=adfba30c52355c5b1631
Tuguegarao,Cagayan,17.6333,121.75,2020,5,May,MAM,Wet Season,2235.3,304.6,2020-05-01,https://app.powerbi.com/view?r=eyJrIjoiOTJkN2U4MjUtYWE1Ny00NzA4LWExMzctMDBiYjQ2NjZiZWVjIiwidCI6ImJkMDNhNzM1LTJhYTMtNGNjYS05NzIyLTJhZTQ5MjlhYjNlYyIsImMiOjEwfQ%3D%3D&pageName=adfba30c52355c5b1631
Tuguegarao,Cagayan,17.6333,121.75,2020,6,Jun,JJA,Wet Season,2235.3,68.2,2020-06-01,https://app.powerbi.com/view?r=eyJrIjoiOTJkN2U4MjUtYWE1Ny00NzA4LWExMzctMDBiYjQ2NjZiZWVjIiwidCI6ImJkMDNhNzM1LTJhYTMtNGNjYS05NzIyLTJhZTQ5MjlhYjNlYyIsImMiOjEwfQ%3D%3D&pageName=adfba30c52355c5b1631
Tuguegarao,Cagayan,17.6333,121.75,2020,7,Jul,JJA,Wet Season,2235.3,147.3,2020-07-01,https://app.powerbi.com/view?r=eyJrIjoiOTJkN2U4MjUtYWE1Ny00NzA4LWExMzctMDBiYjQ2NjZiZWVjIiwidCI6ImJkMDNhNzM1LTJhYTMtNGNjYS05NzIyLTJhZTQ5MjlhYjNlYyIsImMiOjEwfQ%3D%3D&pageName=adfba30c52355c5b1631
Tuguegarao,Cagayan,17.6333,121.75,2020,8,Aug,JJA,Wet Season,2235.3,168,2020-08-01,https://app.powerbi.com/view?r=eyJrIjoiOTJkN2U4MjUtYWE1Ny00NzA4LWExMzctMDBiYjQ2NjZiZWVjIiwidCI6ImJkMDNhNzM1LTJhYTMtNGNjYS05NzIyLTJhZTQ5MjlhYjNlYyIsImMiOjEwfQ%3D%3D&pageName=adfba30c52355c5b1631
Tuguegarao,Cagayan,17.6333,121.75,2020,9,Sep,SON,Wet Season,2235.3,127.5,2020-09-01,https://app.powerbi.com/view?r=eyJrIjoiOTJkN2U4MjUtYWE1Ny00NzA4LWExMzctMDBiYjQ2NjZiZWVjIiwidCI6ImJkMDNhNzM1LTJhYTMtNGNjYS05NzIyLTJhZTQ5MjlhYjNlYyIsImMiOjEwfQ%3D%3D&pageName=adfba30c52355c5b1631
Tuguegarao,Cagayan,17.6333,121.75,2020,10,Oct,SON,Wet Season,2235.3,416.8,2020-10-01,https://app.powerbi.com/view?r=eyJrIjoiOTJkN2U4MjUtYWE1Ny00NzA4LWExMzctMDBiYjQ2NjZiZWVjIiwidCI6ImJkMDNhNzM1LTJhYTMtNGNjYS05NzIyLTJhZTQ5MjlhYjNlYyIsImMiOjEwfQ%3D%3D&pageName=adfba30c52355c5b1631
Tuguegarao,Cagayan,17.6333,121.75,2020,11,Nov,SON,Dry Season,2235.3,549.3,2020-11-01,https://app.powerbi.com/view?r=eyJrIjoiOTJkN2U4MjUtYWE1Ny00NzA4LWExMzctMDBiYjQ2NjZiZWVjIiwidCI6ImJkMDNhNzM1LTJhYTMtNGNjYS05NzIyLTJhZTQ5MjlhYjNlYyIsImMiOjEwfQ%3D%3D&pageName=adfba30c52355c5b1631
Tuguegarao,Cagayan,17.6333,121.75,2020,12,Dec,DJF,Dry Season,2235.3,397.1,2020-12-01,https://app.powerbi.com/view?r=eyJrIjoiOTJkN2U4MjUtYWE1Ny00NzA4LWExMzctMDBiYjQ2NjZiZWVjIiwidCI6ImJkMDNhNzM1LTJhYTMtNGNjYS05NzIyLTJhZTQ5MjlhYjNlYyIsImMiOjEwfQ%3D%3D&pageName=adfba30c52355c5b1631
