trend_scope,year,month,month_num,commodity_group,pest_family,province,municipality,incident_records,incident_points,affected_area_ha,affected_farmers,treated_area_ha,untreated_area_ha,treatment_gap_ha,avg_infestation_pct,max_infestation_pct,avg_severity,high_severity_records,top_pest_family,top_commodity,risk_score,risk_class
region_year,2015,,,,,,,19,18,5033.6,0,4981.6,0,0,2.85,12.5,0,0,Rodents,rice,14.9,Watchlist
region_year,2016,,,,,,,28,28,3999.25,0,3954.25,0,0,3.38,35,0,0,Rodents,rice,13.12,Watchlist
region_year,2017,,,,,,,51,51,5699.01,0,5684.01,0,0,5.63,65,0,1,Bacterial Leaf Streak,rice,11.33,Watchlist
region_year,2018,,,,,,,17,17,2124.45,0,2124.45,0,0,2.37,12.5,0,0,Rodents,rice,12.38,Watchlist
region_year,2019,,,,,,,487,485,1988.77,0,1975.77,0,0,9.12,80,0,12,Fall Armyworm,corn,2.79,Watchlist
region_year,2020,,,,,,,805,803,12555.35,97,12020.35,1535,1535,26.27,100,0,107,Fall Armyworm,corn,8.49,Watchlist
region_year,2021,,,,,,,1231,1227,20941.49,14071,20848.12,231,231,15.41,90,9,79,Fall Armyworm,rice,8.38,Watchlist
region_year,2022,,,,,,,1468,1463,23971.53,20345,23649.16,2,2,18.82,90,0,119,Fall Armyworm,rice,9.36,Watchlist
region_year,2023,,,,,,,1001,991,19832.01,17690,15456.91,12165.26,12165.26,18.46,95,3.12,72,Fall Armyworm,corn,12.82,Watchlist
region_year,2024,,,,,,,1646,1635,26303.5,29691.4,18399.54,8175.54,8175.54,17.42,100,3.79,311,Fall Armyworm,rice,17.37,Watchlist
region_year,2025,,,,,,,1511,1504,14472.23,19545,11342.88,3346.65,3346.65,18.33,100,3.76,237,Fall Armyworm,rice,15.59,Watchlist
region_year,2026,,,,,,,287,284,2406.45,3908,2227.75,828.32,828.32,11.55,63.64,3.5,14,Rodents,rice,13.29,Watchlist
commodity_year,2015,,,corn,,,,3,3,143,0,106,0,0,0.55,0.75,0,0,Rodents,corn,6.1,Watchlist
commodity_year,2015,,,rice,,,,16,15,4890.6,0,4875.6,0,0,3.28,12.5,0,0,Rodents,rice,16.55,Watchlist
commodity_year,2016,,,corn,,,,3,3,173,0,173,0,0,2.02,5,0,0,Rodents,corn,7.7,Watchlist
commodity_year,2016,,,rice,,,,25,25,3826.25,0,3781.25,0,0,3.55,35,0,0,Rodents,rice,13.77,Watchlist
commodity_year,2017,,,corn,,,,5,5,1093.65,0,1093.65,0,0,5,5,0,0,Cutworm/Armyworm,corn,18.2,Watchlist
commodity_year,2017,,,rice,,,,46,46,4605.36,0,4590.36,0,0,5.7,65,0,1,Bacterial Leaf Streak,rice,10.58,Watchlist
commodity_year,2018,,,corn,,,,5,5,463,0,463,0,0,1,1,0,0,Rodents,corn,11.82,Watchlist
commodity_year,2018,,,rice,,,,12,12,1661.45,0,1661.45,0,0,3.05,12.5,0,0,Rodents,rice,12.61,Watchlist
commodity_year,2019,,,corn,,,,273,273,374.98,0,374.98,0,0,13.49,80,0,12,Fall Armyworm,corn,3.55,Watchlist
commodity_year,2019,,,rice,,,,214,212,1613.79,0,1600.79,0,0,3.53,20,0,0,Stem/Shoot/Fruit Borer,rice,1.82,Watchlist
commodity_year,2020,,,corn,,,,716,714,10405.88,97,10405.88,0,0,26.98,100,0,95,Fall Armyworm,corn,8.58,Watchlist
commodity_year,2020,,,rice,,,,89,89,2149.47,0,1614.47,1535,1535,20.35,90,0,12,Leaf Folder/Miner,rice,7.78,Watchlist
commodity_year,2021,,,corn,,,,531,530,12751.27,8785,12745.07,0,0,14.71,78,0,20,Fall Armyworm,corn,9.79,Watchlist
commodity_year,2021,,,hvc,,,,18,18,54.82,80,55.45,0,0,16.65,60,9,6,Stem/Shoot/Fruit Borer,hvc,9.58,Watchlist
commodity_year,2021,,,rice,,,,682,679,8135.4,5206,8047.6,231,231,15.93,90,0,53,Plant Hopper,rice,7.25,Watchlist
commodity_year,2022,,,corn,,,,436,435,13147.82,12251,13166.61,0,0,19.72,80,0,28,Fall Armyworm,corn,13.56,Watchlist
commodity_year,2022,,,rice,,,,1032,1028,10823.7,8094,10482.55,2,2,18.43,90,0,91,Blast/Blight/Spot,rice,7.59,Watchlist
commodity_year,2023,,,cassava,,,,42,42,1126.8,956,0,962.3,962.3,40.19,95,0,13,Cassava Phytoplasma/Mosaic,cassava,21.74,Watchlist
commodity_year,2023,,,corn,,,,564,560,12403.02,11882,9864.96,4583.1,4583.1,19.47,90,3,44,Fall Armyworm,corn,13.95,Watchlist
commodity_year,2023,,,hvc,,,,65,64,327.66,373,81.68,255.8,255.8,10.43,70,9,2,Stem/Shoot/Fruit Borer,hvc,5.61,Watchlist
commodity_year,2023,,,rice,,,,330,325,5974.52,4479,5510.27,6364.06,6364.06,15.55,80,0,13,Plant Hopper,rice,11.18,Watchlist
commodity_year,2024,,,cassava,,,,84,84,3655,2728,872,2865,2865,32.9,80,8.57,78,Cassava Phytoplasma/Mosaic,cassava,39.31,Moderate
commodity_year,2024,,,corn,,,,569,565,9909.59,10469.4,8114.44,2049.13,2049.13,23.9,87.5,3.01,81,Fall Armyworm,corn,17.89,Watchlist
commodity_year,2024,,,hvc,,,,157,155,1151.73,1732,543.61,476.83,476.83,20.63,75,7.59,122,Stem/Shoot/Fruit Borer,hvc,21.99,Watchlist
commodity_year,2024,,,rice,,,,836,831,11587.18,14762,8869.49,2784.58,2784.58,10.85,100,3.14,30,Plant Hopper,rice,13.94,Watchlist
commodity_year,2025,,,corn,,,,474,473,5849.45,7462,5052.84,997.75,997.75,21.25,100,3.26,63,Fall Armyworm,corn,16.61,Watchlist
commodity_year,2025,,,hvc,,,,170,167,239.88,508,109.12,45.29,45.29,30.59,100,4.92,70,Disease - Fungal/Bacterial,hvc,16.91,Watchlist
commodity_year,2025,,,rice,,,,867,864,8382.89,11575,6180.92,2303.61,2303.61,14.32,100,3.81,104,Bacterial Leaf Blight,rice,14.78,Watchlist
commodity_year,2026,,,corn,,,,70,70,1137.44,937,1101.29,71.37,71.37,22.9,63.64,3.2,4,Fall Armyworm,corn,16.67,Watchlist
commodity_year,2026,,,rice,,,,217,214,1269.01,2971,1126.46,756.95,756.95,7.88,50,3.6,10,Bacterial Leaf Blight,rice,12.2,Watchlist
pest_year,2015,,,,Bacterial Leaf Blight,,,1,1,39.8,0,39.8,0,0,5,5,0,0,Bacterial Leaf Blight,rice,6.2,Watchlist
pest_year,2015,,,,Bacterial Leaf Streak,,,1,1,75,0,75,0,0,12.5,12.5,0,0,Bacterial Leaf Streak,rice,12.5,Watchlist
pest_year,2015,,,,Plant Hopper,,,1,1,50,0,50,0,0,0.5,0.5,0,0,Plant Hopper,corn,6.4,Watchlist
pest_year,2015,,,,Rice Tungro Virus,,,3,3,33,0,33,0,0,6.17,8,0,0,Rice Tungro Virus,rice,2.9,Watchlist
pest_year,2015,,,,Rodents,,,13,12,4835.8,0,4783.8,0,0,1.36,6.5,0,0,Rodents,rice,19.18,Watchlist
pest_year,2016,,,,Bacterial Leaf Streak,,,1,1,75,0,75,0,0,5,5,0,0,Bacterial Leaf Streak,rice,10.6,Watchlist
pest_year,2016,,,,Blast/Blight/Spot,,,1,1,23.3,0,23.3,0,0,15,15,0,0,Blast/Blight/Spot,rice,6.7,Watchlist
pest_year,2016,,,,Disease - Fungal/Bacterial,,,1,1,0.5,0,0.5,0,0,0,0,0,0,Disease - Fungal/Bacterial,rice,0.1,Watchlist
pest_year,2016,,,,Plant Hopper,,,1,1,1,0,1,0,0,5,5,0,0,Plant Hopper,corn,1.4,Watchlist
pest_year,2016,,,,Rice Tungro Virus,,,2,2,5,0,5,0,0,0.75,0.75,0,0,Rice Tungro Virus,rice,0.5,Watchlist
pest_year,2016,,,,Rodents,,,20,20,3835.45,0,3790.45,0,0,1.44,6.5,0,0,Rodents,rice,16.55,Watchlist
pest_year,2016,,,,Stem/Shoot/Fruit Borer,,,2,2,59,0,59,0,0,18,35,0,0,Stem/Shoot/Fruit Borer,rice,8.2,Watchlist
pest_year,2017,,,,Bacterial Leaf Blight,,,3,3,565,0,565,0,0,3.83,7.5,0,0,Bacterial Leaf Blight,rice,12.83,Watchlist
pest_year,2017,,,,Bacterial Leaf Streak,,,17,17,2675.26,0,2660.26,0,0,8.27,65,0,1,Bacterial Leaf Streak,rice,16.31,Watchlist
pest_year,2017,,,,Blast/Blight/Spot,,,3,3,42.2,0,42.2,0,0,7.33,12.5,0,0,Blast/Blight/Spot,rice,3.57,Watchlist
pest_year,2017,,,,Cutworm/Armyworm,,,4,4,1053.65,0,1053.65,0,0,5,5,0,0,Cutworm/Armyworm,corn,21.2,Watchlist
pest_year,2017,,,,Leaf Folder/Miner,,,1,1,4,0,4,0,0,0,0,0,0,Leaf Folder/Miner,rice,0.5,Watchlist
pest_year,2017,,,,Plant Hopper,,,7,7,286.5,0,286.5,0,0,7.43,12.5,0,0,Plant Hopper,rice,6.99,Watchlist
pest_year,2017,,,,Rbb,,,5,5,153.5,0,153.5,0,0,3.5,5,0,0,Rbb,rice,4.72,Watchlist
pest_year,2017,,,,Rice Tungro Virus,,,6,6,19.7,0,19.7,0,0,2.75,3.5,0,0,Rice Tungro Virus,rice,1.12,Watchlist
pest_year,2017,,,,Rodents,,,4,4,895.2,0,895.2,0,0,1.2,2,0,0,Rodents,rice,21.4,Watchlist
pest_year,2017,,,,Stem/Shoot/Fruit Borer,,,1,1,4,0,4,0,0,2,2,0,0,Stem/Shoot/Fruit Borer,rice,1,Watchlist
pest_year,2018,,,,Bacterial Leaf Streak,,,2,2,195,0,195,0,0,2,2,0,0,Bacterial Leaf Streak,rice,12.45,Watchlist
pest_year,2018,,,,Blast/Blight/Spot,,,1,1,11,0,11,0,0,12.5,12.5,0,0,Blast/Blight/Spot,rice,4.5,Watchlist
pest_year,2018,,,,Rbb,,,1,1,17,0,17,0,0,0,0,0,0,Rbb,rice,2.1,Watchlist
pest_year,2018,,,,Rodents,,,13,13,1901.45,0,1901.45,0,0,1.62,2,0,0,Rodents,rice,13.76,Watchlist
pest_year,2019,,,,Bacterial Leaf Blight,,,14,14,36,0,35,0,0,3.71,20,0,0,Bacterial Leaf Blight,rice,1.26,Watchlist
pest_year,2019,,,,Bacterial Leaf Streak,,,8,8,14.9,0,14.9,0,0,1.12,2,0,0,Bacterial Leaf Streak,rice,0.53,Watchlist
pest_year,2019,,,,Blast/Blight/Spot,,,36,34,124.55,0,124.55,0,0,3.44,20,0,0,Blast/Blight/Spot,rice,1.3,Watchlist
pest_year,2019,,,,Corn Borer,,,3,3,1.25,0,1.25,0,0,1,1,0,0,Corn Borer,corn,0.3,Watchlist
pest_year,2019,,,,Cutworm/Armyworm,,,29,29,176.9,0,176.9,0,0,2.31,10,0,0,Cutworm/Armyworm,rice,1.34,Watchlist
pest_year,2019,,,,Disease - Fungal/Bacterial,,,17,17,31.1,0,31.1,0,0,4,20,0,0,Disease - Fungal/Bacterial,rice,1.24,Watchlist
pest_year,2019,,,,Earworm,,,4,4,9.3,0,9.3,0,0,1,1,0,0,Earworm,corn,0.53,Watchlist
pest_year,2019,,,,Fall Armyworm,,,214,214,214.93,0,214.93,0,0,16.81,80,0,12,Fall Armyworm,corn,4.33,Watchlist
pest_year,2019,,,,Glh,,,1,1,0.75,0,0.75,0,0,1,1,0,0,Glh,rice,0.3,Watchlist
pest_year,2019,,,,Leaf Folder/Miner,,,9,9,20.7,0,20.7,0,0,4.33,20,0,0,Leaf Folder/Miner,rice,1.37,Watchlist
pest_year,2019,,,,Plant Hopper,,,40,40,326.5,0,316.5,0,0,4.3,15,0,0,Plant Hopper,rice,2.09,Watchlist
pest_year,2019,,,,Rbb,,,27,27,112.8,0,112.8,0,0,4.19,15,0,0,Rbb,rice,1.53,Watchlist
pest_year,2019,,,,Rice Scald,,,2,2,3.5,0,3.5,0,0,2,2,0,0,Rice Scald,rice,0.75,Watchlist
pest_year,2019,,,,Rice Tungro Virus,,,3,3,5.6,0,3.6,0,0,2,2,0,0,Rice Tungro Virus,rice,0.77,Watchlist
pest_year,2019,,,,Rodents,,,36,36,834.3,0,834.3,0,0,1.75,2,0,0,Rodents,rice,3.33,Watchlist
pest_year,2019,,,,Semi Looper,,,1,1,0.8,0,0.8,0,0,2,2,0,0,Semi Looper,rice,0.6,Watchlist
pest_year,2019,,,,Semi-Looper,,,4,4,7,0,7,0,0,1,1,0,0,Semi-Looper,corn,0.48,Watchlist
pest_year,2019,,,,Stem/Shoot/Fruit Borer,,,37,37,66.34,0,66.34,0,0,2.32,5,0,0,Stem/Shoot/Fruit Borer,rice,0.81,Watchlist
pest_year,2019,,,,Whorl Maggot,,,1,1,0.75,0,0.75,0,0,20,20,0,0,Whorl Maggot,rice,5.1,Watchlist
pest_year,2020,,,,Bacterial Leaf Blight,,,10,10,264.7,0,264.7,0,0,25.78,60,0,2,Bacterial Leaf Blight,rice,9.11,Watchlist
pest_year,2020,,,,Bacterial Leaf Streak,,,4,4,26.5,0,26.5,0,0,18.25,50,0,1,Bacterial Leaf Streak,rice,5.38,Watchlist
pest_year,2020,,,,Blast/Blight/Spot,,,7,7,249.3,0,249.3,0,0,24,50,0,1,Blast/Blight/Spot,rice,9.59,Watchlist
pest_year,2020,,,,Cutworm/Armyworm,,,2,2,10.3,2,10.3,0,0,49,90,0,1,Cutworm/Armyworm,rice,13.15,Watchlist
pest_year,2020,,,,Earworm,,,2,2,7.8,3,7.8,0,0,50,90,0,1,Earworm,corn,13.35,Watchlist
pest_year,2020,,,,Fall Armyworm,,,712,710,10384.78,91,10384.78,0,0,26.86,100,0,93,Fall Armyworm,corn,8.55,Watchlist
pest_year,2020,,,,False Smut,,,1,1,6,0,6,0,0,2,2,0,0,False Smut,rice,1.2,Watchlist
pest_year,2020,,,,Glh,,,1,1,8,0,8,0,0,28,28,0,0,Glh,rice,8,Watchlist
pest_year,2020,,,,Golden Apple Snail,,,1,1,0.5,0,0.5,0,0,8,8,0,0,Golden Apple Snail,rice,2.1,Watchlist
pest_year,2020,,,,Greenhorned Catterpillar,,,1,1,3,0,3,0,0,40,40,0,0,Greenhorned Catterpillar,rice,10.4,Watchlist
pest_year,2020,,,,Leaf Folder/Miner,,,20,20,317.92,0,317.92,0,0,16.62,80,0,2,Leaf Folder/Miner,rice,6.13,Watchlist
pest_year,2020,,,,Plant Hopper,,,14,14,175.75,0,175.75,0,0,15,60,0,2,Plant Hopper,rice,5.06,Watchlist
pest_year,2020,,,,Rbb,,,13,13,1032,0,497,1535,1535,20.6,78,0,2,Rbb,rice,14.03,Watchlist
pest_year,2020,,,,Rice Bug,,,4,4,6.25,0,6.25,0,0,30.69,90,0,1,Rice Bug,rice,7.88,Watchlist
pest_year,2020,,,,Rice Skippers,,,1,1,3.2,0,3.2,0,0,10,10,0,0,Rice Skippers,rice,2.9,Watchlist
pest_year,2020,,,,Rodents,,,2,2,10.5,0,10.5,0,0,28.5,30,0,0,Rodents,rice,7.8,Watchlist
pest_year,2020,,,,Semi-Looper,,,1,1,6,1,6,0,0,9,9,0,0,Semi-Looper,corn,3.2,Watchlist
pest_year,2020,,,,Stem/Shoot/Fruit Borer,,,7,7,35.35,0,35.35,0,0,25,75,0,1,Stem/Shoot/Fruit Borer,rice,6.89,Watchlist
pest_year,2020,,,,Taw,,,1,1,2.5,0,2.5,0,0,45,45,0,0,Taw,rice,11.6,Watchlist
pest_year,2020,,,,Whorl Maggot,,,1,1,5,0,5,0,0,10,10,0,0,Whorl Maggot,rice,3.1,Watchlist
pest_year,2021,,,,Bacterial Leaf Blight,,,29,29,223.05,219,223.05,0,0,13.1,40,0,0,Bacterial Leaf Blight,rice,6.12,Watchlist
pest_year,2021,,,,Bacterial Leaf Streak,,,19,19,109.2,254,97.2,0,0,13.16,30,0,0,Bacterial Leaf Streak,rice,6.37,Watchlist
pest_year,2021,,,,Blast/Blight/Spot,,,33,33,275.43,446,275.43,0,0,14.24,70,0,2,Blast/Blight/Spot,rice,7.44,Watchlist
pest_year,2021,,,,Cutworm/Armyworm,,,39,39,1091.89,136,1090.39,0,0,14.37,60,0,1,Cutworm/Armyworm,corn,7.96,Watchlist
pest_year,2021,,,,Disease - Fungal/Bacterial,,,2,2,21.5,4,21.5,0,0,16.5,30,0,0,Disease - Fungal/Bacterial,rice,5.95,Watchlist
pest_year,2021,,,,Downy Mildew,,,1,1,2,0,2,0,0,15,15,0,0,Downy Mildew,corn,4,Watchlist
pest_year,2021,,,,Fall Armyworm,,,503,502,11196.37,8542,11190.67,0,0,14.6,78,0,18,Fall Armyworm,corn,9.64,Watchlist
pest_year,2021,,,,False Smut,,,3,3,8.5,18,8.5,0,0,5.33,8,0,0,False Smut,rice,3.2,Watchlist
pest_year,2021,,,,Glh,,,7,7,35,74,37,0,0,9,15,0,0,Glh,rice,5.5,Watchlist
pest_year,2021,,,,Leaf Folder/Miner,,,63,63,781.4,329,749.4,0,0,12.18,60,0,3,Leaf Folder/Miner,rice,5.9,Watchlist
pest_year,2021,,,,Melon Worm,,,1,1,2.25,1,2.5,0,0,10,10,0,0,Melon Worm,hvc,3,Watchlist
pest_year,2021,,,,Plant Hopper,,,321,319,5642.17,2706,5606.87,0,0,22.49,90,0,48,Plant Hopper,rice,9.65,Watchlist
pest_year,2021,,,,Rbb,,,52,52,579.14,208,571.14,0,0,9.74,30,0,0,Rbb,rice,4.7,Watchlist
pest_year,2021,,,,Rice Bug,,,2,2,17.5,10,17.5,0,0,9,15,0,0,Rice Bug,rice,4.6,Watchlist
pest_year,2021,,,,Rice Tungro Virus,,,4,4,13.5,26,13.5,0,0,25,60,0,1,Rice Tungro Virus,rice,8.3,Watchlist
pest_year,2021,,,,Rodents,,,69,69,619.69,315,619.69,231,231,6.93,25,0,0,Rodents,rice,4.66,Watchlist
pest_year,2021,,,,Stem/Shoot/Fruit Borer,,,40,40,221.94,428,222.32,0,0,10.18,60,9,5,Stem/Shoot/Fruit Borer,rice,6.72,Watchlist
pest_year,2021,,,,Taw,,,16,15,9.65,75,8.15,0,0,5.44,16,0,0,Taw,rice,2.6,Watchlist
pest_year,2021,,,,Twister,,,2,2,1,2,1,0,0,20,20,9,1,Twister,hvc,12.8,Watchlist
pest_year,2021,,,,Wb,,,1,1,0.5,36,0.5,0,0,5,5,0,0,Wb,rice,10.3,Watchlist
pest_year,2021,,,,Whorl Maggot,,,21,21,87,176,87,0,0,7.86,20,0,0,Whorl Maggot,rice,4.58,Watchlist
pest_year,2021,,,,Zinc Defficient,,,3,3,2.8,66,2.8,0,0,6,10,0,0,Zinc Defficient,rice,7.1,Watchlist
pest_year,2022,,,,Aphids/Scale/Mealybug,,,2,2,80.2,45,80.2,0,0,6,10,0,0,Aphids/Scale/Mealybug,corn,12.15,Watchlist
pest_year,2022,,,,Bacterial Leaf Blight,,,92,92,691.12,630,705.48,0,0,14.21,90,0,4,Bacterial Leaf Blight,rice,6.17,Watchlist
pest_year,2022,,,,Bacterial Leaf Streak,,,52,52,340.8,432,342.8,0,0,7.98,50,0,1,Bacterial Leaf Streak,rice,4.86,Watchlist
pest_year,2022,,,,Blast/Blight/Spot,,,299,299,2104.95,2360,2073.76,2,2,22.3,90,0,29,Blast/Blight/Spot,rice,8.15,Watchlist
pest_year,2022,,,,Corn Smut,,,3,3,5.7,4,5.7,0,0,4.33,5,0,0,Corn Smut,corn,1.63,Watchlist
pest_year,2022,,,,Cutworm/Armyworm,,,4,4,1.14,106,1.14,0,0,15,25,0,0,Cutworm/Armyworm,rice,10.43,Watchlist
pest_year,2022,,,,Disease - Fungal/Bacterial,,,27,27,103.44,183,103.44,0,0,17.56,50,0,2,Disease - Fungal/Bacterial,rice,6.56,Watchlist
pest_year,2022,,,,Downy Mildew,,,1,1,12.3,8,12.3,0,0,16,16,0,0,Downy Mildew,corn,7.5,Watchlist
pest_year,2022,,,,Fall Armyworm,,,368,367,10696.79,10138,10715.53,0,0,20.43,80,0,27,Fall Armyworm,corn,13.38,Watchlist
pest_year,2022,,,,False Smut,,,1,1,1.6,5,1.6,0,0,2,2,0,0,False Smut,rice,1.9,Watchlist
pest_year,2022,,,,Glh,,,1,1,5,29,5,0,0,5,5,0,0,Glh,rice,9.1,Watchlist
pest_year,2022,,,,Greenhorned Catterpillar,,,1,1,2,0,2,0,0,1,1,0,0,Greenhorned Catterpillar,rice,0.5,Watchlist
pest_year,2022,,,,Leaf Folder/Miner,,,95,94,1545.08,708,1659.97,0,0,11.69,50,0,2,Leaf Folder/Miner,rice,6.58,Watchlist
pest_year,2022,,,,Plant Hopper,,,198,198,1854.44,1717,1918.09,0,0,29.73,89,0,46,Plant Hopper,rice,10.54,Watchlist
pest_year,2022,,,,Rbb,,,84,84,1252.25,546,820.44,0,0,11.11,70,0,1,Rbb,rice,5.27,Watchlist
pest_year,2022,,,,Rice Bug,,,1,1,5,3,5,0,0,7,7,0,0,Rice Bug,rice,3.1,Watchlist
pest_year,2022,,,,Rodents,,,174,172,4671.22,2921,4671.79,0,0,12.4,60,0,5,Rodents,rice,9.94,Watchlist
pest_year,2022,,,,Stem/Shoot/Fruit Borer,,,58,57,582.01,462,508.41,0,0,13.02,70,0,2,Stem/Shoot/Fruit Borer,rice,6.5,Watchlist
pest_year,2022,,,,Whorl Maggot,,,7,7,16.5,48,16.5,0,0,9.57,20,0,0,Whorl Maggot,rice,4.37,Watchlist
pest_year,2023,,,,Aphids/Scale/Mealybug,,,8,8,66.8,60,9.2,0,0,10.62,15,0,0,Aphids/Scale/Mealybug,hvc,5.58,Watchlist
pest_year,2023,,,,Bacterial Leaf Blight,,,44,42,759.67,461,262.39,421.28,421.28,15.55,70,0,3,Bacterial Leaf Blight,rice,10.42,Watchlist
pest_year,2023,,,,Bacterial Leaf Streak,,,30,30,852,550,1128,852.5,852.5,18.57,70,0,1,Bacterial Leaf Streak,rice,16.26,Watchlist
pest_year,2023,,,,Blast/Blight/Spot,,,18,18,188,291,103.5,18.5,18.5,14.11,60,0,1,Blast/Blight/Spot,rice,7.83,Watchlist
pest_year,2023,,,,Cassava Phytoplasma/Mosaic,,,38,38,996.8,876,0,962.3,962.3,42.84,95,0,13,Cassava Phytoplasma/Mosaic,cassava,22.68,Watchlist
pest_year,2023,,,,Cutworm/Armyworm,,,10,10,49.05,78,48.96,5.12,5.12,22,40,0,0,Cutworm/Armyworm,rice,8.15,Watchlist
pest_year,2023,,,,Dead Heart,,,3,3,8.5,36,8.5,0,0,19.33,20,0,0,Dead Heart,rice,8.17,Watchlist
pest_year,2023,,,,Disease - Fungal/Bacterial,,,19,19,99.76,268,67.5,45,45,15.74,70,0,1,Disease - Fungal/Bacterial,hvc,8.19,Watchlist
pest_year,2023,,,,Fall Armyworm,,,530,525,11809.63,11331,9293.57,4588.13,4588.13,19.99,90,3,45,Fall Armyworm,corn,14.28,Watchlist
pest_year,2023,,,,Fruit Fly,,,9,9,13.7,32,12.7,1,1,8.33,15,0,0,Fruit Fly,hvc,3.19,Watchlist
pest_year,2023,,,,Glh,,,5,5,60.25,86,57,0,0,15,30,0,0,Glh,rice,9.54,Watchlist
pest_year,2023,,,,Gummosis,,,14,13,138,190,7,131,131,5,5,0,0,Gummosis,hvc,7.74,Watchlist
pest_year,2023,,,,Leaf Folder/Miner,,,27,27,302.05,315,358.7,601.25,601.25,14.88,60,0,1,Leaf Folder/Miner,rice,9.53,Watchlist
pest_year,2023,,,,Onion Flies,,,1,1,3.2,2,3.2,0,0,3,3,0,0,Onion Flies,hvc,1.6,Watchlist
pest_year,2023,,,,Onion Flies/Mole Cricket,,,1,1,3.2,1,3.2,0,0,10,10,0,0,Onion Flies/Mole Cricket,hvc,3.1,Watchlist
pest_year,2023,,,,Plant Hopper,,,96,96,2324.07,1108,2070.56,2879.7,2879.7,14.97,50,0,1,Plant Hopper,rice,12.12,Watchlist
pest_year,2023,,,,Rbb,,,25,25,179.5,318,164.2,1,1,11.4,40,0,0,Rbb,rice,6.84,Watchlist
pest_year,2023,,,,Rice Tungro Virus,,,1,1,5,6,5,0,0,80,80,0,1,Rice Tungro Virus,rice,22.1,Watchlist
pest_year,2023,,,,Rodents,,,54,53,1399.15,997,949.05,1189.2,1189.2,17.48,55,0,4,Rodents,rice,13.33,Watchlist
pest_year,2023,,,,Squash Lady Beetle,,,1,1,2.2,3,2.2,0,0,15,15,0,0,Squash Lady Beetle,hvc,4.8,Watchlist
pest_year,2023,,,,Stem/Shoot/Fruit Borer,,,62,61,479.99,665,895.29,394.28,394.28,10.27,45,9,1,Stem/Shoot/Fruit Borer,rice,7.15,Watchlist
pest_year,2023,,,,Twister,,,3,3,7.18,5,7.18,0,0,10,10,0,0,Twister,hvc,3.2,Watchlist
pest_year,2023,,,,White Grub,,,2,2,84.3,11,0,75,75,17.5,20,0,0,White Grub,hvc,16.05,Watchlist
pest_year,2024,,,,Aphids/Scale/Mealybug,,,18,18,142.81,145,143.61,0.11,0.11,12.28,40,6.56,11,Aphids/Scale/Mealybug,hvc,17.03,Watchlist
pest_year,2024,,,,Bacterial Leaf Blight,,,116,116,1602.94,2161,976.2,632.72,632.72,10.5,70,3.21,2,Bacterial Leaf Blight,rice,14.23,Watchlist
pest_year,2024,,,,Bacterial Leaf Streak,,,66,66,1011.51,849,831.21,183.5,183.5,11.23,43,3.09,1,Bacterial Leaf Streak,rice,13.75,Watchlist
pest_year,2024,,,,Banana Spider Mites,,,1,1,0.8,1,0,0.8,0.8,50,50,3,1,Banana Spider Mites,hvc,18.1,Watchlist
pest_year,2024,,,,Blast/Blight/Spot,,,64,63,611.18,922,445.34,178.87,178.87,10.52,85,3.34,5,Blast/Blight/Spot,rice,12.95,Watchlist
pest_year,2024,,,,Budworm,,,1,1,0.5,1,0,0.5,0.5,15,15,9,1,Budworm,hvc,19.2,Watchlist
pest_year,2024,,,,Cassava Phytoplasma/Mosaic,,,83,83,3560,2665,867,2775,2775,32.64,80,8.57,77,Cassava Phytoplasma/Mosaic,cassava,38.89,Moderate
pest_year,2024,,,,Cecid Fly,,,1,1,2,1,2,0,0,5,5,9,1,Cecid Fly,hvc,16.8,Watchlist
pest_year,2024,,,,Coffe Berry Disease,,,1,1,0.35,2,0,0.35,0.35,35,35,3,0,Coffe Berry Disease,hvc,14.5,Watchlist
pest_year,2024,,,,Curly Top,,,1,1,0.3,1,0.3,0,0,10,10,3,0,Curly Top,corn,7.9,Watchlist
pest_year,2024,,,,Cutworm/Armyworm,,,45,43,180.06,339,165.06,23,23,33.78,75,7.89,37,Cutworm/Armyworm,hvc,24.1,Watchlist
pest_year,2024,,,,Diamondback Moth,,,1,1,1.2,8,1.2,0,0,5,5,9,1,Diamondback Moth,hvc,18.4,Watchlist
pest_year,2024,,,,Dirty Panicle,,,3,3,10.2,17,10.2,0,0,61.37,90,5.67,2,Dirty Panicle,rice,26.73,Watchlist
pest_year,2024,,,,Disease - Fungal/Bacterial,,,51,50,197.53,263,96.81,140.15,140.15,10.74,50,3.78,9,Disease - Fungal/Bacterial,corn,11.41,Watchlist
pest_year,2024,,,,Dumping-Off,,,4,4,25,50,0,25,25,13.75,20,9,4,Dumping-Off,hvc,23.58,Watchlist
pest_year,2024,,,,Fall Armyworm,,,475,471,8821.3,9672.4,7646.2,1196.15,1196.15,25.69,87.5,3.01,75,Fall Armyworm,corn,18.56,Watchlist
pest_year,2024,,,,False Smut,,,1,1,1.3,5,0,1.3,1.3,9,9,5,0,False Smut,rice,12.4,Watchlist
pest_year,2024,,,,Fruit Fly,,,10,10,16.73,27,8.73,8,8,16.34,30,6,5,Fruit Fly,hvc,15.19,Watchlist
pest_year,2024,,,,Glh,,,3,3,12,25,9,3,3,2.67,3,2.33,0,Glh,rice,7.43,Watchlist
pest_year,2024,,,,Golden Apple Snail,,,30,30,95.69,567,64.66,0,0,7.07,50,2.93,1,Golden Apple Snail,rice,11.88,Watchlist
pest_year,2024,,,,Green Vegetable Bug,,,1,1,5,10,0,5,5,25,25,5,0,Green Vegetable Bug,hvc,18.9,Watchlist
pest_year,2024,,,,Gummosis,,,7,7,163.57,33,130,13.78,13.78,6.86,10,7.29,5,Gummosis,hvc,18.37,Watchlist
pest_year,2024,,,,Leaf Folder/Miner,,,125,125,1089.31,1501,970.77,161.69,161.69,8.59,70,3.38,4,Leaf Folder/Miner,rice,12.12,Watchlist
pest_year,2024,,,,Onion Twister,,,1,1,16,18,8,17,17,60,60,9,1,Onion Twister,hvc,39.9,Moderate
pest_year,2024,,,,Plant Hopper,,,197,197,4588.48,5038,3462.81,1218.82,1218.82,15.32,100,3.31,20,Plant Hopper,rice,17.88,Watchlist
pest_year,2024,,,,Rbb,,,51,49,843.2,1104,656.33,150.5,150.5,12.01,50,2.96,2,Rbb,rice,15.33,Watchlist
pest_year,2024,,,,Red Palm Weevil,,,1,1,150,1,0,2,2,20,20,9,1,Red Palm Weevil,hvc,39.4,Moderate
pest_year,2024,,,,Red Spider Mites,,,2,2,51.5,77,35,16.5,16.5,38,50,9,2,Red Spider Mites,hvc,39,Moderate
pest_year,2024,,,,Rice Bug,,,7,7,111.68,157,58.18,53.5,53.5,6.57,15,2.71,0,Rice Bug,rice,14.03,Watchlist
pest_year,2024,,,,Rice Grassy Stunt Virus,,,1,1,1,1,1,0,0,3,3,3,0,Rice Grassy Stunt Virus,rice,6.2,Watchlist
pest_year,2024,,,,Rice Tungro Virus,,,3,3,15.4,13,4.4,9,9,20,35,4.33,1,Rice Tungro Virus,rice,14.67,Watchlist
pest_year,2024,,,,Rind Borer,,,1,1,3,8,2,1,1,25,25,3,0,Rind Borer,hvc,13.9,Watchlist
pest_year,2024,,,,Rodents,,,95,95,1452.54,1539,922.34,738,738,11.95,60,3.06,4,Rodents,rice,15.42,Watchlist
pest_year,2024,,,,Semi Looper,,,3,3,17,27,8,9,9,9,12,3,0,Semi Looper,rice,10.9,Watchlist
pest_year,2024,,,,Squash Beetle,,,1,1,0.2,4,0.2,0,0,2,2,1,0,Squash Beetle,hvc,3.2,Watchlist
pest_year,2024,,,,Stem/Shoot/Fruit Borer,,,150,149,1202.1,1927,766.26,423.42,423.42,11.01,60,4.33,35,Stem/Shoot/Fruit Borer,rice,14.65,Watchlist
pest_year,2024,,,,Thrips,,,1,1,3,10,3,0,0,5,5,9,1,Thrips,hvc,19.1,Watchlist
pest_year,2024,,,,Weevil,,,1,1,0.3,1,0.3,0,0,20,20,9,1,Weevil,hvc,20.3,Watchlist
pest_year,2024,,,,White Fly,,,1,1,1,15,0,1,1,10,10,9,1,White Fly,hvc,21.6,Watchlist
pest_year,2024,,,,Whorl Maggot,,,18,18,270.8,455,87.44,182.89,182.89,8.06,27,3,0,Whorl Maggot,rice,16.3,Watchlist
pest_year,2024,,,,Zinc Defficient,,,4,4,25,31,16,4,4,6.25,10,2.5,0,Zinc Defficient,rice,8.72,Watchlist
pest_year,2025,,,,Aphids/Scale/Mealybug,,,8,8,11.32,14,11.32,0,0,27.38,100,4.25,3,Aphids/Scale/Mealybug,hvc,14.61,Watchlist
pest_year,2025,,,,Asian Corn Borer,,,3,3,11.25,20,11.25,0,0,8.33,10,3.67,0,Asian Corn Borer,corn,10.47,Watchlist
pest_year,2025,,,,Bacterial Leaf Blight,,,144,144,1960.9,2131,1508.19,494.2,494.2,17.88,95,4.41,27,Bacterial Leaf Blight,rice,17.62,Watchlist
pest_year,2025,,,,Bacterial Leaf Streak,,,133,133,2607.13,2475,1557.42,1035.37,1035.37,15.99,100,4.26,14,Bacterial Leaf Streak,rice,18.56,Watchlist
pest_year,2025,,,,Bacterial Spot And Speck,,,1,1,0.4,1,0,0.4,0.4,100,100,1,1,Bacterial Spot And Speck,hvc,27.1,Watchlist
pest_year,2025,,,,Banana Pseudostem Weevil,,,1,1,1.11,3,0,1.11,1.11,4.44,4.44,3,0,Banana Pseudostem Weevil,hvc,7.3,Watchlist
pest_year,2025,,,,Bbtv,,,3,3,5.41,6,1.06,4.35,4.35,7.29,10,4.33,0,Bbtv,hvc,10.2,Watchlist
pest_year,2025,,,,Bean Rush,,,1,1,0.07,2,0,0.07,0.07,15,15,5,0,Bean Rush,hvc,12.8,Watchlist
pest_year,2025,,,,Black Spot,,,1,1,20,15,20,0,0,100,100,8,1,Black Spot,hvc,44.9,Moderate
pest_year,2025,,,,Blast/Blight/Spot,,,129,129,728.19,1562,402.7,380.51,380.51,14.04,100,3.77,16,Blast/Blight/Spot,corn,14.04,Watchlist
pest_year,2025,,,,Brontispa,,,1,0,2,1,0,2,2,100,100,3,1,Brontispa,hvc,31,Watchlist
pest_year,2025,,,,Cassava Phytoplasma/Mosaic,,,2,2,0.4,2,0.1,0.3,0.3,60,100,4,1,Cassava Phytoplasma/Mosaic,hvc,22.1,Watchlist
pest_year,2025,,,,Citrus Canker,,,1,1,0.5,5,2.5,0,0,5,5,5,0,Citrus Canker,hvc,11.1,Watchlist
pest_year,2025,,,,Citrus Rind Borer,,,2,2,0.28,2,0.28,0,0,27.5,50,5,1,Citrus Rind Borer,hvc,15.65,Watchlist
pest_year,2025,,,,Citrus Scab,,,5,5,4.65,28,1.4,3.25,3.25,36,50,5,2,Citrus Scab,hvc,19.16,Watchlist
pest_year,2025,,,,Coconut Leaf Bettle,,,2,2,0.61,5,0,0.61,0.61,22.5,25,1,0,Coconut Leaf Bettle,hvc,8.05,Watchlist
pest_year,2025,,,,Corn Smut,,,2,2,5.5,7,0,5.5,5.5,3.74,5,3,0,Corn Smut,corn,7.8,Watchlist
pest_year,2025,,,,Cutworm/Armyworm,,,25,25,69.21,56,68.81,0.4,0.4,31.51,100,8.4,23,Cutworm/Armyworm,hvc,22.82,Watchlist
pest_year,2025,,,,Damping Off,,,1,1,28,20,21,7,7,35,35,1,0,Damping Off,corn,20.3,Watchlist
pest_year,2025,,,,Dirty Panicle,,,2,2,12.9,61,8.9,12.9,12.9,27.5,50,3.5,1,Dirty Panicle,rice,22.55,Watchlist
pest_year,2025,,,,Disease - Fungal/Bacterial,,,58,57,462.52,338,191.44,171.67,171.67,21.9,100,5.03,21,Disease - Fungal/Bacterial,hvc,17,Watchlist
pest_year,2025,,,,Downy Mildew,,,5,5,15.65,21,3.9,11.75,11.75,10,15,3.4,0,Downy Mildew,corn,10.22,Watchlist
pest_year,2025,,,,Dumping-Off,,,2,2,1.1,2,0,1.1,1.1,75,100,9,2,Dumping-Off,hvc,34.2,Watchlist
pest_year,2025,,,,Fall Armyworm,,,362,361,5050.35,6123,4689.85,518.49,518.49,24.07,100,3.04,51,Fall Armyworm,corn,17.32,Watchlist
pest_year,2025,,,,False Smut,,,28,28,78.28,290,70.25,11.3,11.3,4.55,9.2,3.14,0,False Smut,rice,9.5,Watchlist
pest_year,2025,,,,Flea Beatles,,,2,2,1.75,3,1.75,0,0,57.5,100,5,1,Flea Beatles,hvc,23.35,Watchlist
pest_year,2025,,,,Fruit Fly,,,6,6,0.73,10,0.73,0,0,25,100,3,1,Fruit Fly,hvc,11.8,Watchlist
pest_year,2025,,,,Golden Apple Snail,,,29,29,79.1,682,79.1,0,0,5.66,10,3,0,Golden Apple Snail,rice,12.56,Watchlist
pest_year,2025,,,,Gummosis,,,1,1,0.3,6,0,0.3,0.3,10,10,5,0,Gummosis,hvc,12.6,Watchlist
pest_year,2025,,,,Leaf Curl Virus,,,2,2,0.4,2,0.2,0.2,0.2,30,40,4,0,Leaf Curl Virus,hvc,14.6,Watchlist
pest_year,2025,,,,Leaf Folder/Miner,,,129,126,516.71,1352,429.58,89.22,89.22,10.99,100,3.25,12,Leaf Folder/Miner,rice,11.5,Watchlist
pest_year,2025,,,,Leaf Roll,,,1,1,0.2,2,0,0.2,0.2,6.84,6.84,5,0,Leaf Roll,hvc,10.8,Watchlist
pest_year,2025,,,,Leaf Scald Of Rice,,,1,1,2,2,0,2,2,4.33,4.33,1,0,Leaf Scald Of Rice,rice,3.9,Watchlist
pest_year,2025,,,,Onion Twister,,,1,1,1,1,0,1,1,100,100,9,1,Onion Twister,hvc,40.6,Moderate
pest_year,2025,,,,Papaya Ring Spot,,,1,1,0.1,1,0.1,0,0,20,20,7,1,Papaya Ring Spot,hvc,17.2,Watchlist
pest_year,2025,,,,Plant Hopper,,,91,91,1164.19,888,884.73,339.4,339.4,23.4,85,4.18,20,Plant Hopper,rice,17.57,Watchlist
pest_year,2025,,,,Pseudostem Weevil,,,1,1,0.49,1,0,0.49,0.49,2.27,2.27,3,0,Pseudostem Weevil,hvc,6.1,Watchlist
pest_year,2025,,,,Pumpkin Caterpillar,,,1,1,0.5,1,0.5,0,0,33.33,33.33,1,0,Pumpkin Caterpillar,hvc,10.3,Watchlist
pest_year,2025,,,,Rbb,,,6,6,14.7,9,6,8.7,8.7,1.73,3.16,4,1,Rbb,rice,8.15,Watchlist
pest_year,2025,,,,Red Palm Weevil,,,3,3,1.6,9,0,1.6,1.6,28.33,35,1.67,0,Red Palm Weevil,hvc,10.8,Watchlist
pest_year,2025,,,,Red Pumpkin Beetle,,,2,2,1.5,2,0.7,0.8,0.8,100,100,5.5,2,Red Pumpkin Beetle,hvc,34.75,Watchlist
pest_year,2025,,,,Rhinoceros Beetle,,,1,1,1.8,1,1.8,0,0,90,90,9,1,Rhinoceros Beetle,hvc,38,Moderate
pest_year,2025,,,,Rice Bug,,,3,3,24.7,36,25,0,0,10,10,2.33,0,Rice Bug,rice,10.5,Watchlist
pest_year,2025,,,,Rice Grassy Stunt Virus,,,1,1,0.72,1,0.72,0,0,60,60,7,1,Rice Grassy Stunt Virus,rice,27.2,Watchlist
pest_year,2025,,,,Rice Skippers,,,3,3,11,90,11,0,0,8.33,10,3,0,Rice Skippers,rice,15.13,Watchlist
pest_year,2025,,,,Rice Tungro Virus,,,5,5,40.46,24,34.46,0,0,7.92,14,3,0,Rice Tungro Virus,rice,9.28,Watchlist
pest_year,2025,,,,Rind Borer,,,2,2,0.24,6,0.24,0,0,17.5,30,4,0,Rind Borer,hvc,11.95,Watchlist
pest_year,2025,,,,Rodents,,,26,26,163.77,251,124.71,20.77,20.77,9.38,40,4.08,1,Rodents,rice,12.62,Watchlist
pest_year,2025,,,,S.Rys/Rtv/Rolp,,,22,22,177.75,243,90.05,89.7,89.7,62.88,90.32,7.91,21,S.Rys/Rtv/Rolp,rice,33.61,Watchlist
pest_year,2025,,,,Scab,,,6,6,9.45,57,6.65,10.9,10.9,28.33,60,4.33,1,Scab,hvc,17.38,Watchlist
pest_year,2025,,,,Scub,,,1,1,0.7,5,3.5,0,0,20,20,5,0,Scub,hvc,14.8,Watchlist
pest_year,2025,,,,Semi-Looper,,,1,1,2.5,15,1,1.75,1.75,25,25,5,0,Semi-Looper,hvc,19.2,Watchlist
pest_year,2025,,,,Squash Beetle,,,1,1,0.2,1,1,0,0,15.5,15.5,3,0,Squash Beetle,hvc,9.2,Watchlist
pest_year,2025,,,,Stem/Shoot/Fruit Borer,,,171,171,958.33,1843,886.14,7.1,7.1,8.61,100,3.08,2,Stem/Shoot/Fruit Borer,rice,10.61,Watchlist
pest_year,2025,,,,Thrips,,,2,2,1.5,2,0.5,1,1,100,100,5,2,Thrips,hvc,33.8,Watchlist
pest_year,2025,,,,Tobacco Caterpillar,,,1,1,0.4,1,0,0.4,0.4,100,100,1,1,Tobacco Caterpillar,hvc,27.1,Watchlist
pest_year,2025,,,,White Fly,,,2,2,0.42,11,0.42,0,0,6.5,8,6,1,White Fly,hvc,13.1,Watchlist
pest_year,2025,,,,White Grub,,,2,2,10.25,5,7.25,3,3,24.36,28.71,5,0,White Grub,hvc,16.15,Watchlist
pest_year,2025,,,,Whorl Maggot,,,61,60,203.11,787,174.69,103.9,103.9,7.2,77,3.16,1,Whorl Maggot,rice,11.15,Watchlist
pest_year,2025,,,,Yellowing Of New Leaves/Nutrient Defficiency,,,1,1,1.93,5,0,1.93,1.93,70,70,9,1,Yellowing Of New Leaves/Nutrient Defficiency,rice,34.4,Watchlist
pest_year,2026,,,,Aphids/Scale/Mealybug,,,8,8,428.9,110,431.85,6,6,9.62,20,3.25,0,Aphids/Scale/Mealybug,corn,18.23,Watchlist
pest_year,2026,,,,Bacterial Leaf Blight,,,41,40,163.72,436,131.22,78.5,78.5,7.56,50,3.55,1,Bacterial Leaf Blight,rice,10.53,Watchlist
pest_year,2026,,,,Bacterial Leaf Streak,,,17,17,87.32,194,87.57,0,0,7.77,20,4.12,1,Bacterial Leaf Streak,rice,12.04,Watchlist
pest_year,2026,,,,Bakanae,,,1,1,4,5,4,0,0,5,5,3,0,Bakanae,rice,8.1,Watchlist
pest_year,2026,,,,Blast/Blight/Spot,,,18,18,85.65,231,60.08,82.97,82.97,5.7,19.7,3.06,0,Blast/Blight/Spot,rice,11.2,Watchlist
pest_year,2026,,,,Cutworm/Armyworm,,,2,2,4.45,4,4.45,0,0,7.73,10,4,0,Cutworm/Armyworm,rice,9.5,Watchlist
pest_year,2026,,,,Dirty Panicle,,,1,1,0.61,1,0.61,0,0,4.4,4.4,3,0,Dirty Panicle,rice,6.5,Watchlist
pest_year,2026,,,,Disease - Fungal/Bacterial,,,2,2,1.5,2,0.5,1,1,0.53,0.68,2,0,Disease - Fungal/Bacterial,rice,4,Watchlist
pest_year,2026,,,,Fall Armyworm,,,43,43,389.85,526,343.85,9.5,9.5,24.98,63.64,2.67,4,Fall Armyworm,corn,14.91,Watchlist
pest_year,2026,,,,False Smut,,,1,1,2.09,3,2.09,0,0,3.81,3.81,3,0,False Smut,rice,7.1,Watchlist
pest_year,2026,,,,Golden Apple Snail,,,5,5,7.4,82,7.4,0,0,3.23,6.1,3,0,Golden Apple Snail,rice,10.18,Watchlist
pest_year,2026,,,,Grassy Stunt,,,1,1,3.8,4,3.8,0,0,10,10,5,0,Grassy Stunt,rice,12.5,Watchlist
pest_year,2026,,,,Leaf Folder/Miner,,,32,32,153.76,405,147.26,269.9,269.9,3.88,15,3.12,0,Leaf Folder/Miner,rice,11.12,Watchlist
pest_year,2026,,,,Plant Hopper,,,3,3,44.68,53,32.5,24.68,24.68,25,40,3,0,Plant Hopper,rice,19.27,Watchlist
pest_year,2026,,,,Rice Grassy Stunt Virus,,,3,3,9,8,9,0,0,5,5,5,0,Rice Grassy Stunt Virus,rice,10.8,Watchlist
pest_year,2026,,,,Rodents,,,47,47,748.68,1073,734.06,160.32,160.32,17.77,40,4.19,3,Rodents,rice,19.2,Watchlist
pest_year,2026,,,,S.Rys/Rtv/Rolp,,,18,18,106.01,100,98.81,7.2,7.2,16.39,50,4.56,5,S.Rys/Rtv/Rolp,rice,14.05,Watchlist
pest_year,2026,,,,Shield Bug,,,1,1,5.6,3,5.6,0,0,2.22,2.22,3,0,Shield Bug,rice,7.1,Watchlist
pest_year,2026,,,,Stem/Shoot/Fruit Borer,,,32,30,118.3,323,82.2,34.5,34.5,5.26,15,3.47,0,Stem/Shoot/Fruit Borer,rice,9.81,Watchlist
pest_year,2026,,,,Whorl Maggot,,,11,11,41.13,345,40.9,153.75,153.75,4.23,8.4,3.2,0,Whorl Maggot,rice,14.15,Watchlist
province_year,2015,,,,,Cagayan,,5,5,461.6,0,461.6,0,0,3.07,8,0,0,Rodents,rice,11.64,Watchlist
province_year,2015,,,,,Isabela,,9,9,3953.8,0,3938.8,0,0,2.19,6.5,0,0,Rodents,rice,17.4,Watchlist
province_year,2015,,,,,Nueva Vizcaya,,1,1,75,0,75,0,0,12.5,12.5,0,0,Bacterial Leaf Streak,rice,12.5,Watchlist
province_year,2015,,,,,Quirino,,4,3,543.2,0,506.2,0,0,1.66,5,0,0,Rodents,rice,13.95,Watchlist
province_year,2016,,,,,Cagayan,,4,4,461.8,0,461.8,0,0,17.33,35,0,0,Stem/Shoot/Fruit Borer,rice,14.32,Watchlist
province_year,2016,,,,,Isabela,,18,18,3465.2,0,3420.2,0,0,1.05,5,0,0,Rodents,rice,16.43,Watchlist
province_year,2016,,,,,Nueva Vizcaya,,2,2,21,0,21,0,0,1.25,1.5,0,0,Rodents,rice,1.65,Watchlist
province_year,2016,,,,,Quirino,,4,4,51.25,0,51.25,0,0,4.5,6.5,0,0,Rodents,rice,2.73,Watchlist
province_year,2017,,,,,Cagayan,,9,9,492.5,0,477.5,0,0,5.12,12.5,0,0,Bacterial Leaf Streak,rice,7.44,Watchlist
province_year,2017,,,,,Isabela,,30,30,4820.21,0,4820.21,0,0,6.06,65,0,1,Bacterial Leaf Streak,rice,14.96,Watchlist
province_year,2017,,,,,Nueva Vizcaya,,8,8,298.3,0,298.3,0,0,5.88,10.5,0,0,Rbb,rice,6.14,Watchlist
province_year,2017,,,,,Quirino,,4,4,88,0,88,0,0,2.17,3,0,0,Rbb,rice,3.15,Watchlist
province_year,2018,,,,,Cagayan,,1,1,64.45,0,64.45,0,0,2,2,0,0,Rodents,rice,8.6,Watchlist
province_year,2018,,,,,Isabela,,16,16,2060,0,2060,0,0,2.39,12.5,0,0,Rodents,rice,12.61,Watchlist
province_year,2019,,,,,Cagayan,,171,170,440.1,0,440.1,0,0,14.99,70,0,10,Fall Armyworm,corn,4.07,Watchlist
province_year,2019,,,,,Isabela,,181,180,1017.73,0,1014.73,0,0,6.46,50,0,1,Fall Armyworm,corn,2.31,Watchlist
province_year,2019,,,,,Nueva Vizcaya,,67,67,376.24,0,366.24,0,0,7.48,80,0,1,Fall Armyworm,rice,2.57,Watchlist
province_year,2019,,,,,Quirino,,68,68,154.7,0,154.7,0,0,3.02,20,0,0,Plant Hopper,rice,1.04,Watchlist
province_year,2020,,,,,Cagayan,,241,239,2384.53,34,2384.53,0,0,29.96,100,0,58,Fall Armyworm,corn,8.73,Watchlist
province_year,2020,,,,,Isabela,,314,314,4228.62,61,4228.62,0,0,22.11,80,0,15,Fall Armyworm,corn,7.26,Watchlist
province_year,2020,,,,,Nueva Vizcaya,,82,82,3036.45,0,2501.45,1535,1535,24.62,80,0,14,Fall Armyworm,corn,10.29,Watchlist
province_year,2020,,,,,Quirino,,168,168,2905.75,2,2905.75,0,0,29.57,90,0,20,Fall Armyworm,corn,9.55,Watchlist
province_year,2021,,,,,Cagayan,,193,192,2138.5,1510,2128.75,0,0,21.35,60,9,15,Fall Armyworm,rice,8.73,Watchlist
province_year,2021,,,,,Isabela,,557,556,13126.96,9538,13103.84,231,231,14.09,90,9,25,Fall Armyworm,rice,9.7,Watchlist
province_year,2021,,,,,Nueva Vizcaya,,163,162,1514,998,1472,0,0,23.16,80,9,27,Plant Hopper,rice,8.57,Watchlist
province_year,2021,,,,,Quirino,,318,317,4162.02,2025,4143.52,0,0,10.17,70,0,12,Fall Armyworm,rice,5.76,Watchlist
province_year,2022,,,,,Cagayan,,260,259,3488.2,2766,3184.08,2,2,17.23,90,0,16,Blast/Blight/Spot,rice,8.18,Watchlist
province_year,2022,,,,,Isabela,,741,737,15285.92,12670,15179.38,0,0,21.46,89,0,92,Fall Armyworm,rice,11.01,Watchlist
province_year,2022,,,,,Nueva Vizcaya,,162,162,3024.2,2442,3144.1,0,0,18.27,80,0,7,Fall Armyworm,rice,9.76,Watchlist
province_year,2022,,,,,Quirino,,305,305,2173.2,2467,2141.6,0,0,14.24,70,0,4,Blast/Blight/Spot,rice,6.15,Watchlist
province_year,2023,,,,,Cagayan,,95,92,1675.58,1488,1410.32,252.62,252.62,22.49,70,0,8,Fall Armyworm,rice,11.57,Watchlist
province_year,2023,,,,,Isabela,,621,616,13516.59,12103,11219.06,10040.54,10040.54,18.01,95,3.17,48,Fall Armyworm,corn,13.85,Watchlist
province_year,2023,,,,,Nueva Vizcaya,,90,90,1002.94,1155,410.39,813.35,813.35,16.63,90,3,4,Fall Armyworm,rice,9.92,Watchlist
province_year,2023,,,,,Quirino,,195,193,3636.89,2944,2417.14,1058.75,1058.75,18.77,60,3,12,Fall Armyworm,corn,11.5,Watchlist
province_year,2024,,,,,Cagayan,,173,168,2726.4,2680.4,2566.71,169.69,169.69,14.54,90,3.85,16,Fall Armyworm,rice,15.35,Watchlist
province_year,2024,,,,,Isabela,,890,887,13327.09,14961,8691.51,5158.04,5158.04,18.18,87.5,3.95,199,Fall Armyworm,rice,17.83,Watchlist
province_year,2024,,,,,Nueva Vizcaya,,205,202,3918.53,6379,2768.69,1032.82,1032.82,21.97,100,3.64,49,Plant Hopper,rice,20.4,Watchlist
province_year,2024,,,,,Quirino,,378,378,6331.49,5671,4372.63,1814.99,1814.99,14.47,70,3.49,47,Fall Armyworm,rice,15.56,Watchlist
province_year,2025,,,,,Cagayan,,287,282,6630.16,5166,4798.6,1796.92,1796.92,30.21,100,4.85,107,Fall Armyworm,rice,23.43,Watchlist
province_year,2025,,,,,Isabela,,755,754,4828.25,11175,4072.54,953.62,953.62,15.55,100,3.52,69,Fall Armyworm,rice,14.53,Watchlist
province_year,2025,,,,,Nueva Vizcaya,,182,181,1246.98,899,946.11,364.48,364.48,21.93,100,4.37,54,Bacterial Leaf Blight,rice,15.27,Watchlist
province_year,2025,,,,,Quirino,,287,287,1766.84,2305,1525.63,231.63,231.63,11.46,70,2.92,7,Fall Armyworm,rice,10.77,Watchlist
province_year,2026,,,,,Cagayan,,79,79,1060.79,606,1003.68,55.28,55.28,15.04,63.64,3.99,5,Rodents,rice,14.28,Watchlist
province_year,2026,,,,,Isabela,,134,132,1046.95,2888,948.52,761.23,761.23,11.42,50,3.69,9,Fall Armyworm,rice,15.39,Watchlist
province_year,2026,,,,,Nueva Vizcaya,,33,33,119.06,184,110.95,8.11,8.11,8.07,30,2.64,0,Bacterial Leaf Blight,rice,8.39,Watchlist
province_year,2026,,,,,Quirino,,41,40,179.65,230,164.6,3.7,3.7,8.03,35,2.66,0,Stem/Shoot/Fruit Borer,rice,8.49,Watchlist
municipality_year,2015,,,,,Cagayan,Buguey,1,1,307,0,307,0,0,0.75,0.75,0,0,Rodents,rice,35.2,Moderate
municipality_year,2015,,,,,Cagayan,Gonzaga,2,2,83.6,0,83.6,0,0,3.12,5.5,0,0,Rodents,rice,6,Watchlist
municipality_year,2015,,,,,Cagayan,Sta. Ana,2,2,71,0,71,0,0,4.17,8,0,0,Rodents,rice,5.5,Watchlist
municipality_year,2015,,,,,Isabela,Alicia,1,1,759,0,759,0,0,1,1,0,0,Rodents,rice,35.2,Moderate
municipality_year,2015,,,,,Isabela,Aurora,2,2,605,0,600,0,0,2.1,4,0,0,Rodents,rice,18.3,Watchlist
municipality_year,2015,,,,,Isabela,Burgos,1,1,304.8,0,304.8,0,0,0.75,0.75,0,0,Rodents,rice,35.2,Moderate
municipality_year,2015,,,,,Isabela,City of Ilagan,1,1,35,0,35,0,0,0.5,0.5,0,0,Rodents,rice,4.5,Watchlist
municipality_year,2015,,,,,Isabela,Ramon,3,3,2220,0,2210,0,0,4.17,6.5,0,0,Rodents,rice,13.73,Watchlist
municipality_year,2015,,,,,Isabela,Tumauini,1,1,30,0,30,0,0,0.75,0.75,0,0,Rodents,corn,3.9,Watchlist
municipality_year,2015,,,,,Nueva Vizcaya,Bambang,1,1,75,0,75,0,0,12.5,12.5,0,0,Bacterial Leaf Streak,rice,12.5,Watchlist
municipality_year,2015,,,,,Quirino,Diffun,1,1,39.8,0,39.8,0,0,5,5,0,0,Bacterial Leaf Blight,rice,6.2,Watchlist
municipality_year,2015,,,,,Quirino,Maddela,2,2,113,0,76,0,0,0.45,0.5,0,0,Rodents,corn,7.2,Watchlist
municipality_year,2015,,,,,Quirino,Saguday,1,0,390.4,0,390.4,0,0,0.75,0.75,0,0,Rodents,rice,35.2,Moderate
municipality_year,2016,,,,,Cagayan,Enrile,1,1,50,0,50,0,0,35,35,0,0,Stem/Shoot/Fruit Borer,rice,15,Watchlist
municipality_year,2016,,,,,Cagayan,Gonzaga,1,1,388,0,388,0,0,2,2,0,0,Rodents,rice,35.5,Moderate
municipality_year,2016,,,,,Cagayan,Sto. Nino,2,2,23.8,0,23.8,0,0,15,15,0,0,Blast/Blight/Spot,rice,3.4,Watchlist
municipality_year,2016,,,,,Isabela,Alicia,1,1,91,0,91,0,0,0.75,0.75,0,0,Rodents,rice,11.6,Watchlist
municipality_year,2016,,,,,Isabela,Aurora,1,1,10,0,0,0,0,1.5,1.5,0,0,Rodents,rice,1.6,Watchlist
municipality_year,2016,,,,,Isabela,Burgos,1,1,200,0,200,0,0,1.5,1.5,0,0,Rodents,rice,25.4,Watchlist
municipality_year,2016,,,,,Isabela,Cabagan,1,1,125,0,125,0,0,0.06,0.06,0,0,Rodents,corn,15.6,Watchlist
municipality_year,2016,,,,,Isabela,Cabatuan,2,2,1342,0,1342,0,0,1.5,1.5,0,0,Rodents,rice,35.4,Moderate
municipality_year,2016,,,,,Isabela,Cauayan City,1,1,20,0,0,0,0,0.75,0.75,0,0,Rodents,rice,2.7,Watchlist
municipality_year,2016,,,,,Isabela,City of Ilagan,3,3,107,0,107,0,0,0.92,1,0,0,Rodents,rice,4.7,Watchlist
municipality_year,2016,,,,,Isabela,Naguilian,1,1,4,0,4,0,0,0.75,0.75,0,0,Rice Tungro Virus,rice,0.7,Watchlist
municipality_year,2016,,,,,Isabela,Quezon,1,1,1,0,1,0,0,0.75,0.75,0,0,Rice Tungro Virus,rice,0.3,Watchlist
municipality_year,2016,,,,,Isabela,Quirino,1,1,454,0,454,0,0,0.05,0.05,0,0,Rodents,rice,35,Moderate
municipality_year,2016,,,,,Isabela,Ramon,1,1,15,0,0,0,0,0.35,0.35,0,0,Rodents,rice,2,Watchlist
municipality_year,2016,,,,,Isabela,San Manuel,1,1,326.36,0,326.36,0,0,0.05,0.05,0,0,Rodents,rice,35,Moderate
municipality_year,2016,,,,,Isabela,San Mateo,1,1,340,0,340,0,0,1.5,1.5,0,0,Rodents,rice,35.4,Moderate
municipality_year,2016,,,,,Isabela,Santiago City,2,2,429.84,0,429.84,0,0,2.55,5,0,0,Bacterial Leaf Streak,rice,22.8,Watchlist
municipality_year,2016,,,,,Nueva Vizcaya,Bagabag,2,2,21,0,21,0,0,1.25,1.5,0,0,Rodents,rice,1.65,Watchlist
municipality_year,2016,,,,,Quirino,Aglipay,1,1,33.25,0,33.25,0,0,6.5,6.5,0,0,Rodents,rice,5.8,Watchlist
municipality_year,2016,,,,,Quirino,Diffun,1,1,8.5,0,8.5,0,0,3,3,0,0,Rodents,rice,1.8,Watchlist
municipality_year,2016,,,,,Quirino,Maddela,2,2,9.5,0,9.5,0,0,4.25,5,0,0,Rodents,rice,1.65,Watchlist
municipality_year,2017,,,,,Cagayan,Allacapan,1,1,14.5,0,14.5,0,0,7.5,7.5,0,0,Plant Hopper,rice,3.7,Watchlist
municipality_year,2017,,,,,Cagayan,Amulung,1,1,40,0,40,0,0,5,5,0,0,Cutworm/Armyworm,corn,6.2,Watchlist
municipality_year,2017,,,,,Cagayan,Enrile,1,1,40,0,40,0,0,5,5,0,0,Cutworm/Armyworm,corn,6.2,Watchlist
municipality_year,2017,,,,,Cagayan,Gonzaga,3,3,50,0,50,0,0,7.25,12.5,0,0,Bacterial Leaf Streak,rice,3.3,Watchlist
municipality_year,2017,,,,,Cagayan,Solana,2,2,333,0,318,0,0,3.5,5,0,0,Bacterial Leaf Streak,rice,19.3,Watchlist
municipality_year,2017,,,,,Cagayan,Tuao,1,1,15,0,15,0,0,2,2,0,0,Bacterial Leaf Streak,rice,2.4,Watchlist
municipality_year,2017,,,,,Isabela,Alicia,1,1,544,0,544,0,0,2,2,0,0,Bacterial Leaf Streak,rice,35.5,Moderate
municipality_year,2017,,,,,Isabela,Cabagan,1,1,655.65,0,655.65,0,0,5,5,0,0,Cutworm/Armyworm,corn,36.2,Moderate
municipality_year,2017,,,,,Isabela,Cabatuan,2,2,603.46,0,603.46,0,0,2,2,0,0,Bacterial Leaf Streak,rice,32.45,Watchlist
municipality_year,2017,,,,,Isabela,Cauayan City,1,1,112,0,112,0,0,5,5,0,0,Bacterial Leaf Streak,rice,15.2,Watchlist
municipality_year,2017,,,,,Isabela,Echague,1,1,464,0,464,0,0,7.5,7.5,0,0,Bacterial Leaf Streak,rice,36.9,Moderate
municipality_year,2017,,,,,Isabela,Gamu,1,1,34,0,34,0,0,5,5,0,0,Bacterial Leaf Streak,rice,5.5,Watchlist
municipality_year,2017,,,,,Isabela,Luna,1,1,73.2,0,73.2,0,0,2,2,0,0,Plant Hopper,rice,9.7,Watchlist
municipality_year,2017,,,,,Isabela,Naguilian,1,1,25,0,25,0,0,2,2,0,0,Bacterial Leaf Streak,rice,3.6,Watchlist
municipality_year,2017,,,,,Isabela,Quezon,4,4,17.9,0,17.9,0,0,2,2,0,0,Rice Tungro Virus,rice,1.07,Watchlist
municipality_year,2017,,,,,Isabela,Quirino,1,1,62,0,62,0,0,5,5,0,0,Bacterial Leaf Streak,rice,9,Watchlist
municipality_year,2017,,,,,Isabela,Ramon,2,2,1008,0,1008,0,0,33.5,65,0,1,Bacterial Leaf Blight,rice,43.35,Moderate
municipality_year,2017,,,,,Isabela,Roxas,2,2,210,0,210,0,0,5,5,0,0,Bacterial Leaf Streak,rice,14.35,Watchlist
municipality_year,2017,,,,,Isabela,San Guillermo,1,1,69,0,69,0,0,2,2,0,0,Bacterial Leaf Streak,rice,9.1,Watchlist
municipality_year,2017,,,,,Isabela,San Manuel,1,1,460,0,460,0,0,0.6,0.6,0,0,Rodents,rice,35.1,Moderate
municipality_year,2017,,,,,Isabela,Santiago City,2,2,66,0,66,0,0,2,2,0,0,Bacterial Leaf Streak,rice,4.65,Watchlist
municipality_year,2017,,,,,Isabela,Tumauini,8,8,416,0,416,0,0,6.09,12.5,0,0,Rice Tungro Virus,rice,7.4,Watchlist
municipality_year,2017,,,,,Nueva Vizcaya,Aritao,1,1,80,0,80,0,0,5,5,0,0,Rbb,rice,11.2,Watchlist
municipality_year,2017,,,,,Nueva Vizcaya,Bayombong,1,1,38.5,0,38.5,0,0,5,5,0,0,Rbb,rice,6.1,Watchlist
municipality_year,2017,,,,,Nueva Vizcaya,Kasibu,2,2,127.8,0,127.8,0,0,7.25,10,0,0,Plant Hopper,rice,9.8,Watchlist
municipality_year,2017,,,,,Nueva Vizcaya,Solano,1,1,10,0,10,0,0,2,2,0,0,Rbb,rice,1.8,Watchlist
municipality_year,2017,,,,,Nueva Vizcaya,Villaverde,3,3,42,0,42,0,0,6.83,10.5,0,0,Bacterial Leaf Blight,rice,3.47,Watchlist
municipality_year,2017,,,,,Quirino,Diffun,1,1,10,0,10,0,0,3,3,0,0,Rbb,rice,2,Watchlist
municipality_year,2017,,,,,Quirino,Maddela,3,3,78,0,78,0,0,1.75,2,0,0,Leaf Folder/Miner,rice,3.53,Watchlist
municipality_year,2018,,,,,Cagayan,Gonzaga,1,1,64.45,0,64.45,0,0,2,2,0,0,Rodents,rice,8.6,Watchlist
municipality_year,2018,,,,,Isabela,Burgos,2,2,971,0,971,0,0,2,2,0,0,Bacterial Leaf Streak,rice,28.95,Watchlist
municipality_year,2018,,,,,Isabela,City of Ilagan,3,3,87,0,87,0,0,1.5,2,0,0,Rodents,rice,3.87,Watchlist
municipality_year,2018,,,,,Isabela,Echague,2,2,150,0,150,0,0,1.5,2,0,0,Rodents,rice,9.75,Watchlist
municipality_year,2018,,,,,Isabela,Naguilian,2,2,288,0,288,0,0,1.5,2,0,0,Rodents,rice,18.35,Watchlist
municipality_year,2018,,,,,Isabela,Quirino,2,2,333,0,333,0,0,1.5,2,0,0,Rodents,rice,21.2,Watchlist
municipality_year,2018,,,,,Isabela,Roxas,1,1,16,0,16,0,0,2,2,0,0,Bacterial Leaf Streak,rice,2.5,Watchlist
municipality_year,2018,,,,,Isabela,San Mateo,1,1,72,0,72,0,0,2,2,0,0,Rodents,rice,9.5,Watchlist
municipality_year,2018,,,,,Isabela,Sto. Tomas,1,1,11,0,11,0,0,12.5,12.5,0,0,Blast/Blight/Spot,rice,4.5,Watchlist
municipality_year,2018,,,,,Isabela,Tumauini,2,2,132,0,132,0,0,1.5,2,0,0,Rodents,rice,8.6,Watchlist
municipality_year,2019,,,,,Cagayan,Alcala,13,13,14.5,0,14.5,0,0,11.54,32,0,0,Fall Armyworm,corn,3.02,Watchlist
municipality_year,2019,,,,,Cagayan,Allacapan,8,8,21,0,21,0,0,1.88,2,0,0,Blast/Blight/Spot,rice,0.81,Watchlist
municipality_year,2019,,,,,Cagayan,Amulung,5,5,51,0,51,0,0,1,1,0,0,Blast/Blight/Spot,corn,1.54,Watchlist
municipality_year,2019,,,,,Cagayan,Baggao,5,5,7.3,0,7.3,0,0,1.3,2,0,0,Stem/Shoot/Fruit Borer,corn,0.5,Watchlist
municipality_year,2019,,,,,Cagayan,Ballesteros,12,11,23,0,23,0,0,1.75,2,0,0,Rodents,rice,0.67,Watchlist
municipality_year,2019,,,,,Cagayan,Enrile,2,2,8.1,0,8.1,0,0,8.5,15,0,0,Plant Hopper,rice,2.6,Watchlist
municipality_year,2019,,,,,Cagayan,Gonzaga,24,24,78.55,0,78.55,0,0,15.75,70,0,3,Cutworm/Armyworm,rice,4.35,Watchlist
municipality_year,2019,,,,,Cagayan,Iguig,3,3,7,0,7,0,0,1.33,2,0,0,Blast/Blight/Spot,corn,0.63,Watchlist
municipality_year,2019,,,,,Cagayan,Lasam,3,3,6,0,6,0,0,2,2,0,0,Stem/Shoot/Fruit Borer,rice,0.77,Watchlist
municipality_year,2019,,,,,Cagayan,Pe�a Blanca,5,5,7,0,7,0,0,1,1,0,0,Rodents,corn,0.44,Watchlist
municipality_year,2019,,,,,Cagayan,Piat,15,15,18,0,18,0,0,26.33,56,0,2,Fall Armyworm,corn,6.73,Watchlist
municipality_year,2019,,,,,Cagayan,Solana,19,19,31.02,0,31.02,0,0,14.74,42,0,0,Fall Armyworm,corn,3.88,Watchlist
municipality_year,2019,,,,,Cagayan,Sta. Ana,5,5,56.4,0,56.4,0,0,4.6,15,0,0,Cutworm/Armyworm,rice,2.56,Watchlist
municipality_year,2019,,,,,Cagayan,Sta. Praxedes,4,4,40,0,40,0,0,2,2,0,0,Cutworm/Armyworm,rice,1.75,Watchlist
municipality_year,2019,,,,,Cagayan,Sto. Ni�o,11,11,18.5,0,18.5,0,0,14.91,44,0,0,Fall Armyworm,corn,3.95,Watchlist
municipality_year,2019,,,,,Cagayan,Tuao,26,26,48.45,0,48.45,0,0,33.31,62,0,5,Fall Armyworm,corn,8.57,Watchlist
municipality_year,2019,,,,,Cagayan,Tuguegarao City,11,11,4.28,0,4.28,0,0,20,32,0,0,Fall Armyworm,corn,5.05,Watchlist
municipality_year,2019,,,,,Isabela,Angadanan,6,6,9.55,0,9.55,0,0,6.17,20,0,0,Blast/Blight/Spot,rice,1.73,Watchlist
municipality_year,2019,,,,,Isabela,Aurora,15,15,10.5,0,10.5,0,0,6,20,0,0,Fall Armyworm,corn,1.6,Watchlist
municipality_year,2019,,,,,Isabela,Benito Soliven,5,5,5.1,0,5.1,0,0,11,40,0,0,Fall Armyworm,corn,2.9,Watchlist
municipality_year,2019,,,,,Isabela,Burgos,25,25,807.7,0,807.7,0,0,2.58,5,0,0,Rodents,rice,4.66,Watchlist
municipality_year,2019,,,,,Isabela,Cabatuan,1,1,0.5,0,0.5,0,0,10,10,0,0,Fall Armyworm,corn,2.6,Watchlist
municipality_year,2019,,,,,Isabela,Cauayan City,7,7,9.3,0,9.3,0,0,3.57,10,0,0,Plant Hopper,rice,1.06,Watchlist
municipality_year,2019,,,,,Isabela,City of Ilagan,21,21,33.64,0,33.64,0,0,10.52,30,0,0,Fall Armyworm,corn,2.83,Watchlist
municipality_year,2019,,,,,Isabela,Cordon,5,5,11.6,0,11.6,0,0,5.6,20,0,0,Disease - Fungal/Bacterial,rice,1.68,Watchlist
municipality_year,2019,,,,,Isabela,Echague,1,1,2.7,0,2.7,0,0,2,2,0,0,Rbb,rice,0.8,Watchlist
municipality_year,2019,,,,,Isabela,Jones,1,0,3.6,0,3.6,0,0,5,5,0,0,Blast/Blight/Spot,rice,1.7,Watchlist
municipality_year,2019,,,,,Isabela,Luna,11,11,14.4,0,13.4,0,0,7.64,15,0,0,Fall Armyworm,corn,2.07,Watchlist
municipality_year,2019,,,,,Isabela,Maddela,2,2,16,0,16,0,0,1,1,0,0,Fall Armyworm,corn,1.2,Watchlist
municipality_year,2019,,,,,Isabela,Naguilian,4,4,4.8,0,2.8,0,0,2,2,0,0,Plant Hopper,rice,0.68,Watchlist
municipality_year,2019,,,,,Isabela,Ramon,1,1,0.7,0,0.7,0,0,2,2,0,0,Plant Hopper,rice,0.6,Watchlist
municipality_year,2019,,,,,Isabela,Roxas,2,2,0.85,0,0.85,0,0,5,5,0,0,Fall Armyworm,corn,1.3,Watchlist
municipality_year,2019,,,,,Isabela,San Guillermo,6,6,13.45,0,13.45,0,0,3.5,5,0,0,Blast/Blight/Spot,rice,1.17,Watchlist
municipality_year,2019,,,,,Isabela,San Isidro,7,7,2.84,0,2.84,0,0,2,2,0,0,Stem/Shoot/Fruit Borer,rice,0.54,Watchlist
municipality_year,2019,,,,,Isabela,San Mariano,2,2,6,0,6,0,0,1,1,0,0,Plant Hopper,corn,0.65,Watchlist
municipality_year,2019,,,,,Isabela,San Mateo,15,15,9.9,0,9.9,0,0,10.6,50,0,1,Fall Armyworm,corn,2.73,Watchlist
municipality_year,2019,,,,,Isabela,Santiago City,1,1,2.5,0,2.5,0,0,20,20,0,0,Blast/Blight/Spot,rice,5.3,Watchlist
municipality_year,2019,,,,,Isabela,Sto. Tomas,1,1,1.3,0,1.3,0,0,20,20,0,0,Leaf Folder/Miner,rice,5.2,Watchlist
municipality_year,2019,,,,,Isabela,Tumauini,42,42,50.8,0,50.8,0,0,6.81,18,0,0,Fall Armyworm,corn,1.85,Watchlist
municipality_year,2019,,,,,Nueva Vizcaya,Aritao,5,5,98.3,0,88.3,0,0,4.4,5,0,0,Plant Hopper,rice,3.54,Watchlist
municipality_year,2019,,,,,Nueva Vizcaya,Bagabag,10,10,57,0,57,0,0,3.7,10,0,0,Fall Armyworm,corn,1.63,Watchlist
municipality_year,2019,,,,,Nueva Vizcaya,Bambang,1,1,2.3,0,2.3,0,0,2,2,0,0,Rbb,rice,0.8,Watchlist
municipality_year,2019,,,,,Nueva Vizcaya,Bayombong,23,23,16.98,0,16.98,0,0,11.74,80,0,1,Fall Armyworm,corn,3.02,Watchlist
municipality_year,2019,,,,,Nueva Vizcaya,Diadi,1,1,0.75,0,0.75,0,0,30,30,0,0,Fall Armyworm,corn,7.6,Watchlist
municipality_year,2019,,,,,Nueva Vizcaya,Dupax Del Norte,1,1,0.8,0,0.8,0,0,2,2,0,0,Rbb,rice,0.6,Watchlist
municipality_year,2019,,,,,Nueva Vizcaya,Dupax del Sur,4,4,133.65,0,133.65,0,0,5,5,0,0,Plant Hopper,rice,5.42,Watchlist
municipality_year,2019,,,,,Nueva Vizcaya,Kayapa,4,4,5.85,0,5.85,0,0,1.5,2,0,0,Bacterial Leaf Blight,rice,0.58,Watchlist
municipality_year,2019,,,,,Nueva Vizcaya,Quezon,6,6,34.11,0,34.11,0,0,13.5,20,0,0,Plant Hopper,rice,4.07,Watchlist
municipality_year,2019,,,,,Nueva Vizcaya,Solano,6,6,10.7,0,10.7,0,0,2.33,5,0,0,Rbb,rice,0.8,Watchlist
municipality_year,2019,,,,,Nueva Vizcaya,Villaverde,6,6,15.8,0,15.8,0,0,2.83,5,0,0,Rbb,rice,1.05,Watchlist
municipality_year,2019,,,,,Quirino,Aglipay,13,13,17.5,0,17.5,0,0,2.42,20,0,0,Plant Hopper,corn,0.78,Watchlist
municipality_year,2019,,,,,Quirino,Cabarroguis,16,16,33.5,0,33.5,0,0,3.31,20,0,0,Plant Hopper,rice,1.1,Watchlist
municipality_year,2019,,,,,Quirino,Diffun,15,15,22.7,0,22.7,0,0,1.93,2,0,0,Leaf Folder/Miner,rice,0.67,Watchlist
municipality_year,2019,,,,,Quirino,Maddela,19,19,47.4,0,47.4,0,0,2.79,15,0,0,Rbb,corn,1.01,Watchlist
municipality_year,2019,,,,,Quirino,Nagtipunan,1,1,5.2,0,5.2,0,0,15,15,0,0,Plant Hopper,rice,4.4,Watchlist
municipality_year,2019,,,,,Quirino,Saguday,4,4,28.4,0,28.4,0,0,6,15,0,0,Cutworm/Armyworm,rice,2.38,Watchlist
municipality_year,2020,,,,,Cagayan,Abulug,8,8,50.5,0,50.5,0,0,28.12,54,0,1,Fall Armyworm,corn,7.83,Watchlist
municipality_year,2020,,,,,Cagayan,Alcala,5,5,187,0,187,0,0,16,20,0,0,Fall Armyworm,corn,8.68,Watchlist
municipality_year,2020,,,,,Cagayan,Allacapan,1,1,6,0,6,0,0,18,18,0,0,Fall Armyworm,corn,5.2,Watchlist
municipality_year,2020,,,,,Cagayan,Amulung,10,10,76.1,0,76.1,0,0,29.2,70,0,3,Fall Armyworm,corn,8.25,Watchlist
municipality_year,2020,,,,,Cagayan,Appari,3,3,2.5,0,2.5,0,0,5,5,0,0,Fall Armyworm,corn,1.33,Watchlist
municipality_year,2020,,,,,Cagayan,Baggao,11,11,341,0,341,0,0,19.4,40,0,0,Fall Armyworm,corn,8.26,Watchlist
municipality_year,2020,,,,,Cagayan,Buguey,5,5,13,0,13,0,0,30.4,74,0,1,Fall Armyworm,corn,7.94,Watchlist
municipality_year,2020,,,,,Cagayan,Enrile,20,20,277,0,277,0,0,37.65,90,0,7,Fall Armyworm,corn,11.13,Watchlist
municipality_year,2020,,,,,Cagayan,Gattaran,1,1,27.8,0,27.8,0,0,30,30,0,0,Fall Armyworm,corn,11,Watchlist
municipality_year,2020,,,,,Cagayan,Gonzaga,4,4,106.75,0,106.75,0,0,51,80,0,2,Fall Armyworm,corn,16.07,Watchlist
municipality_year,2020,,,,,Cagayan,Iguig,8,8,61.13,4,61.13,0,0,44.38,90,0,4,Fall Armyworm,corn,12.17,Watchlist
municipality_year,2020,,,,,Cagayan,Lal-lo,2,2,1.3,0,1.3,0,0,52.5,100,0,1,Fall Armyworm,corn,13.2,Watchlist
municipality_year,2020,,,,,Cagayan,Lasam,6,6,46,9,46,0,0,36.33,70,0,3,Fall Armyworm,corn,10.42,Watchlist
municipality_year,2020,,,,,Cagayan,Pe�a Blanca,4,4,51.5,0,51.5,0,0,31.5,80,0,1,Fall Armyworm,corn,9.47,Watchlist
municipality_year,2020,,,,,Cagayan,Piat,37,36,236.65,21,236.65,0,0,27.97,100,0,11,Fall Armyworm,corn,7.93,Watchlist
municipality_year,2020,,,,,Cagayan,Rizal,9,9,76.5,0,76.5,0,0,37.56,95,0,3,Fall Armyworm,corn,10.46,Watchlist
municipality_year,2020,,,,,Cagayan,Solana,34,34,342.2,0,342.2,0,0,22.48,90,0,3,Fall Armyworm,corn,6.87,Watchlist
municipality_year,2020,,,,,Cagayan,Sta. Ana,1,1,3.3,0,3.3,0,0,50,50,0,1,Leaf Folder/Miner,rice,12.9,Watchlist
municipality_year,2020,,,,,Cagayan,Sto. Ni�o,5,5,57.8,0,57.8,0,0,24,50,0,1,Fall Armyworm,corn,7.42,Watchlist
municipality_year,2020,,,,,Cagayan,Tuao,45,45,265.05,0,265.05,0,0,33.67,100,0,12,Fall Armyworm,corn,9.15,Watchlist
municipality_year,2020,,,,,Cagayan,Tuguegarao,2,2,3,0,3,0,0,5,8,0,0,Golden Apple Snail,rice,1.45,Watchlist
municipality_year,2020,,,,,Cagayan,Tuguegarao City,20,19,152.45,0,152.45,0,0,29.5,80,0,4,Fall Armyworm,corn,8.33,Watchlist
municipality_year,2020,,,,,Isabela,Angadanan,8,8,234.52,0,234.52,0,0,29.5,80,0,1,Fall Armyworm,corn,11.04,Watchlist
municipality_year,2020,,,,,Isabela,Aurora,37,37,178.2,41,178.2,0,0,20.35,50,0,1,Fall Armyworm,corn,5.97,Watchlist
municipality_year,2020,,,,,Isabela,Benito Soliven,2,2,20,0,20,0,0,26,42,0,0,Fall Armyworm,corn,7.75,Watchlist
municipality_year,2020,,,,,Isabela,Burgos,2,2,14,0,14,0,0,11,16,0,0,Fall Armyworm,corn,3.65,Watchlist
municipality_year,2020,,,,,Isabela,Cabagan,17,17,565.7,0,565.7,0,0,28.06,50,0,1,Fall Armyworm,corn,11.17,Watchlist
municipality_year,2020,,,,,Isabela,Cabatuan,8,8,82.2,0,82.2,0,0,23.75,75,0,1,Fall Armyworm,corn,7.25,Watchlist
municipality_year,2020,,,,,Isabela,Cauayan City,5,5,35,0,35,0,0,34.4,40,0,0,Fall Armyworm,corn,9.46,Watchlist
municipality_year,2020,,,,,Isabela,City of Ilagan,52,52,338.5,0,338.5,0,0,21.31,60,0,2,Fall Armyworm,corn,6.15,Watchlist
municipality_year,2020,,,,,Isabela,Delfin Albano,2,2,70,0,70,0,0,34,44,0,0,Fall Armyworm,corn,12.9,Watchlist
municipality_year,2020,,,,,Isabela,Echague,1,1,4,0,4,0,0,25,25,0,0,Rice Bug,rice,6.8,Watchlist
municipality_year,2020,,,,,Isabela,Gamu,3,3,12.5,0,12.5,0,0,9,15,0,0,Fall Armyworm,corn,2.77,Watchlist
municipality_year,2020,,,,,Isabela,Jones,4,4,58,0,58,0,0,36.25,50,0,2,Fall Armyworm,corn,10.88,Watchlist
municipality_year,2020,,,,,Isabela,Luna,16,16,128.5,4,128.5,0,0,22.31,42,0,0,Fall Armyworm,corn,6.64,Watchlist
municipality_year,2020,,,,,Isabela,Mallig,1,1,1.5,0,1.5,0,0,8,8,0,0,Fall Armyworm,corn,2.2,Watchlist
municipality_year,2020,,,,,Isabela,Naguilian,4,4,24.7,1,24.7,0,0,27,46,0,0,Fall Armyworm,corn,7.58,Watchlist
municipality_year,2020,,,,,Isabela,Quezon,5,5,52.8,5,52.8,0,0,32.6,60,0,1,Fall Armyworm,corn,9.72,Watchlist
municipality_year,2020,,,,,Isabela,Quirino,3,3,12.3,10,12.3,0,0,24,60,0,1,Fall Armyworm,corn,7.33,Watchlist
municipality_year,2020,,,,,Isabela,Reina Mercedes,5,5,26,0,26,0,0,14.4,32,0,0,Fall Armyworm,corn,4.26,Watchlist
municipality_year,2020,,,,,Isabela,Roxas,24,24,131,0,131,0,0,14.29,40,0,0,Fall Armyworm,corn,4.26,Watchlist
municipality_year,2020,,,,,Isabela,San Agustin,19,19,618.09,0,618.09,0,0,19.58,80,0,1,Fall Armyworm,corn,8.97,Watchlist
municipality_year,2020,,,,,Isabela,San Manuel,1,1,5,0,5,0,0,5,5,0,0,Plant Hopper,rice,1.9,Watchlist
municipality_year,2020,,,,,Isabela,San Mariano,13,13,357.7,0,357.7,0,0,35.85,50,0,2,Fall Armyworm,corn,12.42,Watchlist
municipality_year,2020,,,,,Isabela,San Mateo,14,14,56.71,0,56.71,0,0,29.36,64,0,2,Fall Armyworm,corn,7.83,Watchlist
municipality_year,2020,,,,,Isabela,San Pablo,8,8,170,0,170,0,0,26.25,48,0,0,Fall Armyworm,corn,9.22,Watchlist
municipality_year,2020,,,,,Isabela,Sta. Maria,11,11,213.1,0,213.1,0,0,14.27,30,0,0,Fall Armyworm,corn,5.99,Watchlist
municipality_year,2020,,,,,Isabela,Sto. Tomas,13,13,356.6,0,356.6,0,0,18.31,38,0,0,Fall Armyworm,corn,8,Watchlist
municipality_year,2020,,,,,Isabela,Tumauini,36,36,462,0,462,0,0,19.08,48,0,0,Fall Armyworm,corn,6.38,Watchlist
municipality_year,2020,,,,,Nueva Vizcaya,Bagabag,22,22,1521.5,0,986.5,1535,1535,22.49,50,0,2,Fall Armyworm,rice,12.99,Watchlist
municipality_year,2020,,,,,Nueva Vizcaya,Bambang,6,6,130.5,0,130.5,0,0,23.83,60,0,2,Fall Armyworm,corn,8.68,Watchlist
municipality_year,2020,,,,,Nueva Vizcaya,Bayombong,19,19,326.8,0,326.8,0,0,31.19,80,0,5,Fall Armyworm,corn,9.93,Watchlist
municipality_year,2020,,,,,Nueva Vizcaya,Diadi,1,1,5,0,5,0,0,4.5,4.5,0,0,Rbb,rice,1.8,Watchlist
municipality_year,2020,,,,,Nueva Vizcaya,Quezon,14,14,629.7,0,629.7,0,0,22.71,80,0,1,Fall Armyworm,corn,11.31,Watchlist
municipality_year,2020,,,,,Nueva Vizcaya,Solano,6,6,150.55,0,150.55,0,0,30.83,78,0,2,Fall Armyworm,corn,10.85,Watchlist
municipality_year,2020,,,,,Nueva Vizcaya,Villaverde,14,14,272.4,0,272.4,0,0,19.33,70,0,2,Fall Armyworm,corn,6.58,Watchlist
municipality_year,2020,,,,,Quirino,Aglipay,16,16,206.72,0,206.72,0,0,28.19,90,0,1,Fall Armyworm,corn,8.66,Watchlist
municipality_year,2020,,,,,Quirino,Cabarroguis,15,15,102.35,1,102.35,0,0,15.6,35,0,0,Fall Armyworm,corn,4.76,Watchlist
municipality_year,2020,,,,,Quirino,Diffun,24,24,341,1,341,0,0,22.96,50,0,2,Fall Armyworm,corn,7.52,Watchlist
municipality_year,2020,,,,,Quirino,Maddela,76,76,1178.63,0,1178.63,0,0,29.87,90,0,6,Fall Armyworm,corn,9.4,Watchlist
municipality_year,2020,,,,,Quirino,Nagtipunan,33,33,706.05,0,706.05,0,0,41.27,66,0,11,Fall Armyworm,corn,12.99,Watchlist
municipality_year,2020,,,,,Quirino,Saguday,4,4,371,0,371,0,0,24.75,30,0,0,Fall Armyworm,rice,17.8,Watchlist
municipality_year,2021,,,,,Cagayan,Abulug,10,10,210,161,210,0,0,22.3,30,0,0,Fall Armyworm,corn,12.21,Watchlist
municipality_year,2021,,,,,Cagayan,Alcala,2,2,8,6,8,0,0,12,14,0,0,Leaf Folder/Miner,rice,4.25,Watchlist
municipality_year,2021,,,,,Cagayan,Amulung,5,5,26,17,26,0,0,23.2,40,0,0,Leaf Folder/Miner,rice,7.3,Watchlist
municipality_year,2021,,,,,Cagayan,Aparri,1,1,200,3,200,0,0,58,58,0,1,Plant Hopper,rice,40.2,Moderate
municipality_year,2021,,,,,Cagayan,Baggao,8,8,82.6,33,82.6,0,0,14.38,30,0,0,Plant Hopper,rice,5.92,Watchlist
municipality_year,2021,,,,,Cagayan,Ballesteros,9,9,96,31,86,0,0,25,45,0,0,Plant Hopper,rice,8.44,Watchlist
municipality_year,2021,,,,,Cagayan,Camalaniugan,3,3,30.7,3,30.7,0,0,47,55,0,1,Fall Armyworm,corn,13.27,Watchlist
municipality_year,2021,,,,,Cagayan,Claveria,1,0,0.08,8,0.08,0,0,10,10,0,0,Taw,rice,4.5,Watchlist
municipality_year,2021,,,,,Cagayan,Enrile,19,19,177.78,160,177.78,0,0,15.32,30,0,0,Fall Armyworm,corn,7.09,Watchlist
municipality_year,2021,,,,,Cagayan,Gattaran,13,13,136.5,93,136.5,0,0,19.62,20,0,0,Plant Hopper,rice,7.99,Watchlist
municipality_year,2021,,,,,Cagayan,Gonzaga,20,20,78.07,108,78.32,0,0,20.2,60,0,1,Fall Armyworm,rice,6.89,Watchlist
municipality_year,2021,,,,,Cagayan,Iguig,1,1,7.75,4,7.75,0,0,12,12,0,0,Fall Armyworm,corn,5,Watchlist
municipality_year,2021,,,,,Cagayan,Lasam,5,5,268,150,268,0,0,24,30,0,0,Fall Armyworm,corn,19.18,Watchlist
municipality_year,2021,,,,,Cagayan,Pamplona,1,1,50,10,50,0,0,50,50,0,1,Plant Hopper,rice,21.2,Watchlist
municipality_year,2021,,,,,Cagayan,Pe�a Blanca,1,1,0.5,0,0.5,0,0,18,18,0,0,Fall Armyworm,corn,4.6,Watchlist
municipality_year,2021,,,,,Cagayan,Piat,6,6,21.4,177,21.4,0,0,13.67,25,0,0,Stem/Shoot/Fruit Borer,rice,7.08,Watchlist
municipality_year,2021,,,,,Cagayan,Rizal,1,1,4,2,4,0,0,27,27,0,0,Fall Armyworm,corn,7.8,Watchlist
municipality_year,2021,,,,,Cagayan,Sanchez Mira,21,21,256,216,256,0,0,38.81,60,0,5,Plant Hopper,rice,13.8,Watchlist
municipality_year,2021,,,,,Cagayan,Solana,33,33,342.8,159,342.8,0,0,17.24,60,0,2,Fall Armyworm,corn,6.82,Watchlist
municipality_year,2021,,,,,Cagayan,Sta. Ana,9,9,14.82,79,14.82,0,0,14.11,40,0,0,Fall Armyworm,rice,5.93,Watchlist
municipality_year,2021,,,,,Cagayan,Tuao,4,4,9,5,9,0,0,32.75,60,0,1,Fall Armyworm,corn,8.8,Watchlist
municipality_year,2021,,,,,Cagayan,Tuguegarao,4,4,26.75,4,26.75,0,0,22,40,0,0,Stem/Shoot/Fruit Borer,hvc,5.2,Watchlist
municipality_year,2021,,,,,Cagayan,Tuguegarao City,16,16,91.75,81,91.75,0,0,13.75,44,9,3,Fall Armyworm,corn,8.23,Watchlist
municipality_year,2021,,,,,Isabela,Alicia,14,14,29.8,79,29.8,0,0,7,15,0,0,Plant Hopper,rice,3.43,Watchlist
municipality_year,2021,,,,,Isabela,Angadanan,15,15,49.2,24,49.5,0,0,11.67,50,0,1,Fall Armyworm,corn,3.73,Watchlist
municipality_year,2021,,,,,Isabela,Aurora,22,22,270.5,212,270.5,0,0,17.91,50,0,5,Fall Armyworm,corn,8.42,Watchlist
municipality_year,2021,,,,,Isabela,Benito Soliven,1,1,1,1,1,0,0,60,60,0,1,Fall Armyworm,corn,15.4,Watchlist
municipality_year,2021,,,,,Isabela,Burgos,40,40,676.85,455,662.05,0,0,22.7,50,0,2,Plant Hopper,rice,10.01,Watchlist
municipality_year,2021,,,,,Isabela,Cabagan,15,15,541.9,487,541.9,0,0,11.33,28,0,0,Fall Armyworm,corn,12.83,Watchlist
municipality_year,2021,,,,,Isabela,Cabatuan,53,53,619.8,243,619.8,231,231,5.13,15,0,0,Rodents,rice,4.76,Watchlist
municipality_year,2021,,,,,Isabela,Cauayan City,15,15,61.37,153,61.75,0,0,10.47,20,9,1,Plant Hopper,rice,6.68,Watchlist
municipality_year,2021,,,,,Isabela,City of Ilagan,41,41,1307.52,700,1307.52,0,0,20.34,90,0,4,Fall Armyworm,corn,12.49,Watchlist
municipality_year,2021,,,,,Isabela,Delfin Albano,7,7,131.2,204,131.2,0,0,21.14,70,0,1,Plant Hopper,rice,9.77,Watchlist
municipality_year,2021,,,,,Isabela,Echague,6,6,50.5,51,50.5,0,0,13.33,30,0,0,Fall Armyworm,corn,6.48,Watchlist
municipality_year,2021,,,,,Isabela,Gamu,20,20,249.35,179,249.35,0,0,15.53,40,0,0,Plant Hopper,rice,6.87,Watchlist
municipality_year,2021,,,,,Isabela,Jones,20,20,1089.84,1088,1089.84,0,0,16.45,76,0,1,Plant Hopper,corn,17.21,Watchlist
municipality_year,2021,,,,,Isabela,Luna,10,10,107,177,107,0,0,13.3,30,0,0,Fall Armyworm,corn,7.46,Watchlist
municipality_year,2021,,,,,Isabela,Mallig,4,4,75,55,75,0,0,11,20,0,0,Plant Hopper,rice,8.53,Watchlist
municipality_year,2021,,,,,Isabela,Naguilian,4,4,85,23,85,0,0,16,30,0,0,Plant Hopper,rice,8.12,Watchlist
municipality_year,2021,,,,,Isabela,Quezon,9,9,102,93,102,0,0,9.89,20,0,0,Fall Armyworm,rice,6.48,Watchlist
municipality_year,2021,,,,,Isabela,Quirino,14,14,201.8,137,198.8,0,0,7.57,20,0,0,Fall Armyworm,rice,6.14,Watchlist
municipality_year,2021,,,,,Isabela,Ramon,10,10,234.62,118,234.62,0,0,7.9,10,0,0,Plant Hopper,rice,7.85,Watchlist
municipality_year,2021,,,,,Isabela,Reina Mercedes,1,1,10,7,10,0,0,40,40,0,0,Fall Armyworm,corn,13,Watchlist
municipality_year,2021,,,,,Isabela,Roxas,38,38,463.04,252,463.04,0,0,12.35,30,0,0,Rbb,rice,6.18,Watchlist
municipality_year,2021,,,,,Isabela,San Agustin,12,12,160.35,150,157.35,0,0,18.75,60,0,1,Fall Armyworm,corn,9.47,Watchlist
municipality_year,2021,,,,,Isabela,San Guillermo,3,3,49,43,49,0,0,9,10,0,0,Fall Armyworm,corn,7.9,Watchlist
municipality_year,2021,,,,,Isabela,San Manuel,24,24,328.74,98,328.74,0,0,7.08,20,0,0,Rodents,rice,4.5,Watchlist
municipality_year,2021,,,,,Isabela,San Mariano,1,1,15,26,15,0,0,60,60,0,1,Fall Armyworm,corn,23.4,Watchlist
municipality_year,2021,,,,,Isabela,San Mateo,19,19,43.37,145,43.37,0,0,10.82,50,0,1,Plant Hopper,rice,4.89,Watchlist
municipality_year,2021,,,,,Isabela,San Pablo,9,9,888.98,131,888.98,0,0,12.56,18,0,0,Fall Armyworm,corn,18.26,Watchlist
municipality_year,2021,,,,,Isabela,Santiago City,10,10,10.61,97,10.61,0,0,15.5,70,0,1,Plant Hopper,rice,6.28,Watchlist
municipality_year,2021,,,,,Isabela,Sta. Maria,29,29,1435,904,1435,0,0,10.89,38,0,0,Fall Armyworm,corn,13.42,Watchlist
municipality_year,2021,,,,,Isabela,Sto. Tomas,41,41,1915.4,1486,1915.4,0,0,16.85,60,0,2,Fall Armyworm,corn,17.3,Watchlist
municipality_year,2021,,,,,Isabela,Tumauini,50,49,1923.22,1720,1920.22,0,0,18.38,90,0,3,Fall Armyworm,corn,15.06,Watchlist
municipality_year,2021,,,,,Nueva Vizcaya,Ariato,1,1,0.5,1,0.5,0,0,20,20,0,0,Twister,hvc,5.3,Watchlist
municipality_year,2021,,,,,Nueva Vizcaya,Aritao,2,2,0.6,2,0.6,0,0,12,20,9,1,Fall Armyworm,corn,10.8,Watchlist
municipality_year,2021,,,,,Nueva Vizcaya,Bagabag,12,12,17.8,25,17.8,0,0,34.33,54,0,5,Fall Armyworm,corn,9.28,Watchlist
municipality_year,2021,,,,,Nueva Vizcaya,Bambang,12,12,50.15,76,50.15,0,0,22.33,60,0,2,Plant Hopper,corn,7.69,Watchlist
municipality_year,2021,,,,,Nueva Vizcaya,Bayombong,31,31,381.4,179,381.4,0,0,20.45,78,0,4,Fall Armyworm,rice,8.09,Watchlist
municipality_year,2021,,,,,Nueva Vizcaya,Diadi,12,12,16.55,38,16.55,0,0,17.75,55,0,1,Plant Hopper,corn,5.39,Watchlist
municipality_year,2021,,,,,Nueva Vizcaya,Dupax del Sur,6,6,33.08,32,33.08,0,0,14.67,30,0,0,Plant Hopper,rice,5.7,Watchlist
municipality_year,2021,,,,,Nueva Vizcaya,Kasibu,8,7,69.7,18,69.7,0,0,38.75,60,0,2,Plant Hopper,rice,11.32,Watchlist
municipality_year,2021,,,,,Nueva Vizcaya,Kayapa,22,22,309.8,333,309.8,0,0,36.14,80,0,8,Plant Hopper,rice,14.58,Watchlist
municipality_year,2021,,,,,Nueva Vizcaya,Quezon,22,22,411,201,411,0,0,20.64,50,0,1,Fall Armyworm,rice,9.71,Watchlist
municipality_year,2021,,,,,Nueva Vizcaya,Solano,26,26,185.62,77,153.62,0,0,11.88,50,0,2,Rbb,rice,4.61,Watchlist
municipality_year,2021,,,,,Nueva Vizcaya,Sta. Fe,1,1,3,9,3,0,0,10,10,0,0,Cutworm/Armyworm,hvc,5.1,Watchlist
municipality_year,2021,,,,,Nueva Vizcaya,Villaverde,8,8,34.8,7,24.8,0,0,29.75,75,0,1,Plant Hopper,rice,8.22,Watchlist
municipality_year,2021,,,,,Quirino,Aglipay,36,36,201.3,174,201.3,0,0,7.83,30,0,0,Fall Armyworm,corn,3.86,Watchlist
municipality_year,2021,,,,,Quirino,Cabarroguis,57,57,618.76,273,607.68,0,0,12.05,60,0,3,Plant Hopper,rice,5.56,Watchlist
municipality_year,2021,,,,,Quirino,Diffun,74,74,1441.9,582,1441.9,0,0,9.89,50,0,3,Fall Armyworm,rice,6.85,Watchlist
municipality_year,2021,,,,,Quirino,Maddela,102,101,769.86,760,762.44,0,0,8.42,70,0,1,Fall Armyworm,rice,4.91,Watchlist
municipality_year,2021,,,,,Quirino,Nagtipunan,15,15,426,14,426,0,0,9.2,15,0,0,Fall Armyworm,corn,6.07,Watchlist
municipality_year,2021,,,,,Quirino,Naguilian,9,9,32.2,23,32.2,0,0,7,15,0,0,Rbb,rice,2.82,Watchlist
municipality_year,2021,,,,,Quirino,Saguday,24,24,650,159,650,0,0,19.46,50,0,5,Plant Hopper,rice,9.91,Watchlist
municipality_year,2021,,,,,Quirino,Villamor,1,1,22,40,22,0,0,6,6,0,0,Plant Hopper,rice,14.2,Watchlist
municipality_year,2022,,,,,Cagayan,Abulug,5,5,20.2,19,20.2,0,0,8,10,0,0,Fall Armyworm,corn,3.48,Watchlist
municipality_year,2022,,,,,Cagayan,Alcala,10,10,226.2,116,226.2,0,0,13,20,0,0,Fall Armyworm,corn,8.97,Watchlist
municipality_year,2022,,,,,Cagayan,Allacapan,1,1,6.5,1,6.5,0,0,9,9,0,0,Plant Hopper,rice,3.3,Watchlist
municipality_year,2022,,,,,Cagayan,Amulung,12,11,151.45,84,151.45,0,0,25.83,90,0,2,Fall Armyworm,corn,9.8,Watchlist
municipality_year,2022,,,,,Cagayan,Aparri,2,2,97.49,16,97.49,0,0,17.5,20,0,0,Stem/Shoot/Fruit Borer,rice,12.45,Watchlist
municipality_year,2022,,,,,Cagayan,Baggao,3,3,42.3,37,42.3,0,0,15,25,0,0,Fall Armyworm,corn,8.63,Watchlist
municipality_year,2022,,,,,Cagayan,Ballesteros,31,31,192.63,423,207,0,0,13.77,50,0,2,Bacterial Leaf Blight,rice,6.96,Watchlist
municipality_year,2022,,,,,Cagayan,Buguey,4,4,72,30,72,0,0,34,60,0,2,Blast/Blight/Spot,rice,12.62,Watchlist
municipality_year,2022,,,,,Cagayan,Claveria,7,7,136,35,136,0,0,10,10,0,0,Blast/Blight/Spot,rice,6.21,Watchlist
municipality_year,2022,,,,,Cagayan,Enrile,31,31,246.25,299,246.25,0,0,25.32,70,0,5,Stem/Shoot/Fruit Borer,rice,9.16,Watchlist
municipality_year,2022,,,,,Cagayan,Gattaran,1,1,7.9,14,7.9,0,0,10,10,0,0,Fall Armyworm,corn,7,Watchlist
municipality_year,2022,,,,,Cagayan,Gonzaga,31,31,112.14,289,112.14,0,0,16.03,60,0,3,Fall Armyworm,rice,6.74,Watchlist
municipality_year,2022,,,,,Cagayan,Iguig,15,15,154.02,82,154.02,0,0,19.13,30,0,0,Blast/Blight/Spot,rice,7.44,Watchlist
municipality_year,2022,,,,,Cagayan,Lal-lo,31,31,276.36,129,246.88,2,2,20.71,50,0,1,Blast/Blight/Spot,rice,7.36,Watchlist
municipality_year,2022,,,,,Cagayan,Lasam,14,14,28.76,84,28.76,0,0,14,40,0,0,Blast/Blight/Spot,rice,5.26,Watchlist
municipality_year,2022,,,,,Cagayan,Pamplona,5,5,5.23,32,5.23,0,0,15,40,0,0,Bacterial Leaf Blight,rice,5.5,Watchlist
municipality_year,2022,,,,,Cagayan,Pe?a Blanca,3,3,12.8,8,12.8,0,0,8.33,10,0,0,Rbb,rice,3.27,Watchlist
municipality_year,2022,,,,,Cagayan,Pe�a Blanca,2,2,90,44,90,0,0,17.5,20,0,0,Fall Armyworm,corn,15.5,Watchlist
municipality_year,2022,,,,,Cagayan,Piat,1,1,40.5,21,40.5,0,0,15,15,0,0,Fall Armyworm,corn,14.1,Watchlist
municipality_year,2022,,,,,Cagayan,Santa Ana,1,1,0.03,19,0.03,0,0,20,20,0,0,Fall Armyworm,rice,9.8,Watchlist
municipality_year,2022,,,,,Cagayan,Solana,27,27,711.05,254,419.05,0,0,10.93,20,0,0,Fall Armyworm,rice,7.76,Watchlist
municipality_year,2022,,,,,Cagayan,Sta Teresita,4,4,252,351,252,0,0,32,50,0,1,Rodents,corn,23.43,Watchlist
municipality_year,2022,,,,,Cagayan,Sto. Ni�o,8,8,258.89,248,258.89,0,0,19.12,40,0,0,Fall Armyworm,corn,15.6,Watchlist
municipality_year,2022,,,,,Cagayan,Tuao,5,5,271,84,271,0,0,12,15,0,0,Fall Armyworm,corn,13.98,Watchlist
municipality_year,2022,,,,,Cagayan,Tuguegarao City,2,2,61.5,31,61.5,0,0,15,20,0,0,Fall Armyworm,corn,11.45,Watchlist
municipality_year,2022,,,,,Cagayan,Tumauini,4,4,15,16,18,0,0,6.25,10,0,0,Rbb,rice,3.02,Watchlist
municipality_year,2022,,,,,Isabela,Alicia,5,5,15.01,9,15.01,0,0,4.25,5,0,0,Rodents,rice,1.68,Watchlist
municipality_year,2022,,,,,Isabela,Angadanan,42,42,384.22,395,384.27,0,0,34.6,80,0,18,Blast/Blight/Spot,rice,12.14,Watchlist
municipality_year,2022,,,,,Isabela,Aurora,45,45,500.51,508,497.36,0,0,27.5,70,0,5,Fall Armyworm,corn,10.28,Watchlist
municipality_year,2022,,,,,Isabela,Benito Soliven,2,2,2,2,2,0,0,3.5,5,0,0,Fall Armyworm,corn,1.25,Watchlist
municipality_year,2022,,,,,Isabela,Burgos,23,23,225.3,167,225.3,0,0,17.05,35,0,0,Fall Armyworm,rice,6.93,Watchlist
municipality_year,2022,,,,,Isabela,Cabagan,40,40,1891.82,1732,1891.66,0,0,24.38,70,0,4,Fall Armyworm,corn,17.28,Watchlist
municipality_year,2022,,,,,Isabela,Cabatuan,59,59,609.61,581,447.2,0,0,6.25,30,0,0,Bacterial Leaf Streak,rice,5.02,Watchlist
municipality_year,2022,,,,,Isabela,Cauayan City,13,13,48.2,68,48.2,0,0,20,70,0,1,Plant Hopper,rice,5.99,Watchlist
municipality_year,2022,,,,,Isabela,City of Ilagan,36,36,795.9,682,800.9,0,0,24.81,70,0,7,Fall Armyworm,corn,11.88,Watchlist
municipality_year,2022,,,,,Isabela,Delfin Albano,56,56,1466.2,785,1466.2,0,0,37.11,89,0,20,Plant Hopper,rice,15.39,Watchlist
municipality_year,2022,,,,,Isabela,Echague,5,5,13,53,13,0,0,13.75,20,0,0,Plant Hopper,rice,5.72,Watchlist
municipality_year,2022,,,,,Isabela,Gamu,12,12,250,132,250,0,0,12.67,40,0,0,Fall Armyworm,rice,8.52,Watchlist
municipality_year,2022,,,,,Isabela,Jones,3,3,64.34,15,64.34,0,0,23.33,30,0,0,Plant Hopper,rice,9.73,Watchlist
municipality_year,2022,,,,,Isabela,Luna,9,9,224,181,202,0,0,24.29,60,0,1,Fall Armyworm,corn,12.84,Watchlist
municipality_year,2022,,,,,Isabela,Mallig,38,38,344.7,468,346.9,0,0,21.89,50,0,3,Plant Hopper,rice,9.07,Watchlist
municipality_year,2022,,,,,Isabela,Naguilian,2,2,27,10,27,0,0,15,20,0,0,Leaf Folder/Miner,rice,6.7,Watchlist
municipality_year,2022,,,,,Isabela,Quezon,23,23,626.1,141,626.1,0,0,18.5,50,0,7,Rbb,rice,9.36,Watchlist
municipality_year,2022,,,,,Isabela,Quirino,13,13,113.62,108,113.52,0,0,12.8,50,0,1,Rbb,rice,5.65,Watchlist
municipality_year,2022,,,,,Isabela,Ramon,14,14,29.8,111,29.8,0,0,9.42,15,0,0,Plant Hopper,rice,4.26,Watchlist
municipality_year,2022,,,,,Isabela,Reina Mercedes,5,5,175,172,175,0,0,22,50,0,1,Fall Armyworm,corn,14.98,Watchlist
municipality_year,2022,,,,,Isabela,Roxas,31,31,265.1,275,265.1,0,0,13.93,50,0,2,Fall Armyworm,rice,6.66,Watchlist
municipality_year,2022,,,,,Isabela,San Agustin,19,19,130.82,99,130.82,0,0,46.32,60,0,13,Blast/Blight/Spot,rice,13.75,Watchlist
municipality_year,2022,,,,,Isabela,San Guillermo,5,5,76.5,65,76.5,0,0,12,15,0,0,Rodents,corn,8.18,Watchlist
municipality_year,2022,,,,,Isabela,San Isidro,9,9,125.28,38,125.28,0,0,15,15,0,0,Rodents,rice,6.54,Watchlist
municipality_year,2022,,,,,Isabela,San Manuel,31,29,872.09,238,872.61,0,0,10.27,20,0,0,Rodents,rice,7.92,Watchlist
municipality_year,2022,,,,,Isabela,San Mariano,6,6,78.5,54,78.5,0,0,13.83,60,0,1,Blast/Blight/Spot,rice,7.35,Watchlist
municipality_year,2022,,,,,Isabela,San Mateo,7,7,10.05,34,10.05,0,0,16.33,40,0,0,Fall Armyworm,rice,4.9,Watchlist
municipality_year,2022,,,,,Isabela,San Pablo,30,28,1104.15,1174,1104.15,0,0,18.57,50,0,1,Leaf Folder/Miner,rice,14.56,Watchlist
municipality_year,2022,,,,,Isabela,Santiago City,16,16,55.8,127,55.8,0,0,13,30,0,0,Blast/Blight/Spot,rice,5.47,Watchlist
municipality_year,2022,,,,,Isabela,Sta. Maria,24,24,684.31,615,684.31,0,0,24.04,80,0,2,Fall Armyworm,rice,14.34,Watchlist
municipality_year,2022,,,,,Isabela,Sto. Tomas,44,44,1490,1113,1551.5,0,0,20.7,80,0,3,Fall Armyworm,rice,13.74,Watchlist
municipality_year,2022,,,,,Isabela,Tumauini,74,74,2587,2518,2599,0,0,21.58,70,0,2,Fall Armyworm,corn,16.76,Watchlist
municipality_year,2022,,,,,Nueva Vizcaya,Aritao,3,3,1.9,10,1.9,0,0,25,30,0,0,Fall Armyworm,corn,7.17,Watchlist
municipality_year,2022,,,,,Nueva Vizcaya,Bagabag,20,20,1197,372,1312,0,0,20,70,0,3,Leaf Folder/Miner,rice,14.89,Watchlist
municipality_year,2022,,,,,Nueva Vizcaya,Bambang,3,3,350.94,298,350.94,0,0,28.67,46,0,0,Fall Armyworm,corn,26.17,Watchlist
municipality_year,2022,,,,,Nueva Vizcaya,Bangar,2,2,20,17,20,0,0,15,20,0,0,Bacterial Leaf Streak,rice,7.15,Watchlist
municipality_year,2022,,,,,Nueva Vizcaya,Bayombong,32,32,219.04,211,219.04,0,0,17.38,80,0,1,Fall Armyworm,rice,6.86,Watchlist
municipality_year,2022,,,,,Nueva Vizcaya,Diadi,8,8,47,18,47,0,0,14.29,30,0,0,Plant Hopper,rice,4.44,Watchlist
municipality_year,2022,,,,,Nueva Vizcaya,Dupax Del Norte,1,1,1.2,2,1.2,0,0,20,20,0,0,Fall Armyworm,corn,5.7,Watchlist
municipality_year,2022,,,,,Nueva Vizcaya,Dupax del Sur,6,6,130.25,145,130.25,0,0,26.67,40,0,0,Rbb,rice,15,Watchlist
municipality_year,2022,,,,,Nueva Vizcaya,Kasibu,40,40,168.47,406,168.37,0,0,19.32,50,0,1,Blast/Blight/Spot,rice,7.85,Watchlist
municipality_year,2022,,,,,Nueva Vizcaya,Kayapa,1,1,2,5,2,0,0,80,80,0,1,Fall Armyworm,corn,21.5,Watchlist
municipality_year,2022,,,,,Nueva Vizcaya,Quezon,16,16,330,453,330,0,0,16.56,50,0,1,Blast/Blight/Spot,rice,12.37,Watchlist
municipality_year,2022,,,,,Nueva Vizcaya,Solano,20,20,337.4,303,337.4,0,0,15.15,38,0,0,Fall Armyworm,rice,9.43,Watchlist
municipality_year,2022,,,,,Nueva Vizcaya,Villaverde,10,10,219,202,224,0,0,9.4,20,0,0,Fall Armyworm,rice,9.63,Watchlist
municipality_year,2022,,,,,Quirino,Aglipay,46,46,457.9,419,459.4,0,0,20.8,60,0,1,Blast/Blight/Spot,rice,8.72,Watchlist
municipality_year,2022,,,,,Quirino,Cabarroguis,74,74,505.2,740,502.2,0,0,13.05,70,0,1,Blast/Blight/Spot,rice,6.31,Watchlist
municipality_year,2022,,,,,Quirino,Diffun,87,87,636.2,397,606.1,0,0,11.6,50,0,2,Blast/Blight/Spot,rice,4.89,Watchlist
municipality_year,2022,,,,,Quirino,Maddela,58,58,290.55,653,290.55,0,0,13.91,40,0,0,Plant Hopper,rice,5.76,Watchlist
municipality_year,2022,,,,,Quirino,Nagtipunan,1,1,2.8,2,2.8,0,0,9,9,0,0,Fall Armyworm,corn,3.1,Watchlist
municipality_year,2022,,,,,Quirino,Naguilian,12,12,39.95,50,39.95,0,0,19.17,30,0,0,Blast/Blight/Spot,rice,6.26,Watchlist
municipality_year,2022,,,,,Quirino,Saguday,27,27,240.6,206,240.6,0,0,13.3,31,0,0,Blast/Blight/Spot,rice,6.35,Watchlist
municipality_year,2023,,,,,Cagayan,Alcala,1,1,5.7,10,5.7,0,0,15,15,0,0,Fall Armyworm,corn,7,Watchlist
municipality_year,2023,,,,,Cagayan,Amulung,4,4,71,27,81,0,0,11.25,20,0,0,Blast/Blight/Spot,rice,6.72,Watchlist
municipality_year,2023,,,,,Cagayan,Baggao,3,3,91.46,76,91.46,0,0,28.33,50,0,1,Fall Armyworm,corn,17.23,Watchlist
municipality_year,2023,,,,,Cagayan,Buguey,3,3,15,42,0,15,15,51.67,70,0,2,Bacterial Leaf Blight,rice,18.07,Watchlist
municipality_year,2023,,,,,Cagayan,Camalaniugan,6,6,68.4,62,53.4,0,0,15.83,40,0,0,Plant Hopper,rice,7.97,Watchlist
municipality_year,2023,,,,,Cagayan,Gonzaga,23,23,192.7,226,184.64,38.09,38.09,26.83,50,0,2,Fall Armyworm,rice,10.53,Watchlist
municipality_year,2023,,,,,Cagayan,Iguig,13,13,439.25,528,392.75,40,40,25.38,45,0,0,Plant Hopper,rice,17.08,Watchlist
municipality_year,2023,,,,,Cagayan,Pe�a Blanca,3,3,57,24,7,50,50,11.67,15,0,0,Fall Armyworm,corn,10.67,Watchlist
municipality_year,2023,,,,,Cagayan,Piat,4,4,51.4,31,51.4,0,0,14.25,20,0,0,Rodents,corn,7.1,Watchlist
municipality_year,2023,,,,,Cagayan,Rizal,4,4,80,80,80,0,0,20,25,0,0,Fall Armyworm,corn,12.47,Watchlist
municipality_year,2023,,,,,Cagayan,Sanchez Mira,1,1,75,2,0,75,75,20,20,0,0,White Grub,hvc,24.9,Watchlist
municipality_year,2023,,,,,Cagayan,Santa Ana,1,1,0.5,17,0,0.5,0.5,60,60,0,1,Blast/Blight/Spot,rice,19.4,Watchlist
municipality_year,2023,,,,,Cagayan,Santa Teresita,2,2,45,0,5,15,15,45,50,0,1,Fall Armyworm,corn,15.55,Watchlist
municipality_year,2023,,,,,Cagayan,Smart,1,1,6.25,21,6.25,0,0,15,15,0,0,Fall Armyworm,rice,9.8,Watchlist
municipality_year,2023,,,,,Cagayan,Solana,9,9,90.6,38,91.2,0,0,16.11,25,0,0,Rbb,rice,6.36,Watchlist
municipality_year,2023,,,,,Cagayan,Sta. Ana,6,3,111.54,48,99.74,0,0,15.5,50,0,1,Bacterial Leaf Blight,rice,8.2,Watchlist
municipality_year,2023,,,,,Cagayan,Tapel,1,1,5.03,7,5.03,5.03,5.03,15,15,0,0,Fall Armyworm,rice,7.1,Watchlist
municipality_year,2023,,,,,Cagayan,Tuao,9,9,255.75,245,255.75,0,0,18.89,20,0,0,Rodents,corn,14.3,Watchlist
municipality_year,2023,,,,,Cagayan,Tuguegarao City,1,1,14,4,0,14,14,15,15,0,0,Fall Armyworm,corn,9.3,Watchlist
municipality_year,2023,,,,,Isabela,Angadanan,25,25,245.6,494,91.17,695.27,695.27,15.76,70,0,4,Fall Armyworm,corn,12.14,Watchlist
municipality_year,2023,,,,,Isabela,Aurora,110,109,2265.7,1537,1763.2,1564.5,1564.5,16.53,80,3,7,Fall Armyworm,corn,12.51,Watchlist
municipality_year,2023,,,,,Isabela,Benito Soliven,3,3,38.5,26,44.5,0,0,21.67,25,0,0,Fall Armyworm,corn,9.17,Watchlist
municipality_year,2023,,,,,Isabela,Burgos,32,32,1388.5,995,1040.5,584,584,20.1,55,0,3,Fall Armyworm,rice,19.04,Watchlist
municipality_year,2023,,,,,Isabela,Cabagan,6,6,55,271,55,0,0,25,45,0,0,Stem/Shoot/Fruit Borer,rice,16.52,Watchlist
municipality_year,2023,,,,,Isabela,Cabatuan,31,31,392.06,859,317.03,1658.78,1658.78,33.58,78,0,10,Fall Armyworm,rice,19.3,Watchlist
municipality_year,2023,,,,,Isabela,Cauayan City,15,15,1049.02,917,490.4,559,559,34.33,90,0,3,Fall Armyworm,corn,34.69,Watchlist
municipality_year,2023,,,,,Isabela,City of Ilagan,118,118,2528.2,2234,2037.6,786.25,786.25,16.14,95,3,5,Fall Armyworm,corn,13.03,Watchlist
municipality_year,2023,,,,,Isabela,Delfin Albano,17,17,439.5,371,439.5,0,0,8.24,15,0,0,Fall Armyworm,corn,10.15,Watchlist
municipality_year,2023,,,,,Isabela,Echague,22,18,98.05,694,98.05,0,0,14.77,50,0,1,Fall Armyworm,corn,11.75,Watchlist
municipality_year,2023,,,,,Isabela,Gamu,11,11,237,161,710,57,57,11.82,30,3,0,Fall Armyworm,corn,10.8,Watchlist
municipality_year,2023,,,,,Isabela,Jones,6,6,9.6,53,21.7,84.7,84.7,16.17,40,3,0,Stem/Shoot/Fruit Borer,hvc,9.17,Watchlist
municipality_year,2023,,,,,Isabela,Luna,26,26,356.25,292,180.75,175.5,175.5,14.81,30,3,0,Fall Armyworm,corn,9.97,Watchlist
municipality_year,2023,,,,,Isabela,Mallig,10,10,204.3,141,141.3,63,63,13.8,30,0,0,Fall Armyworm,corn,10.79,Watchlist
municipality_year,2023,,,,,Isabela,Naguilian,11,11,321,250,103,345,345,28,60,3,1,Fall Armyworm,corn,22.54,Watchlist
municipality_year,2023,,,,,Isabela,Quezon,10,10,367,325,160,335,335,8.8,15,0,0,Stem/Shoot/Fruit Borer,rice,17.17,Watchlist
municipality_year,2023,,,,,Isabela,Quirino,27,27,713.2,540,357.8,359,359,10.74,30,0,0,Fall Armyworm,corn,12.31,Watchlist
municipality_year,2023,,,,,Isabela,Ramon,4,4,25.6,25,35,0,0,13.75,30,0,0,Blast/Blight/Spot,hvc,5.8,Watchlist
municipality_year,2023,,,,,Isabela,Reina Mercedes,30,30,452.25,522,431.75,40.5,40.5,23.83,80,4.5,5,Fall Armyworm,corn,13.47,Watchlist
municipality_year,2023,,,,,Isabela,Roxas,39,39,649.4,454,1298.4,402,402,12.08,30,0,0,Fall Armyworm,rice,9.2,Watchlist
municipality_year,2023,,,,,Isabela,San Agustin,2,2,4.21,2,0,11.3,11.3,50,70,0,1,Disease - Fungal/Bacterial,hvc,14.1,Watchlist
municipality_year,2023,,,,,Isabela,San Guillermo,3,3,322.05,152,220,342,342,48.33,70,0,2,Fall Armyworm,corn,41.67,Moderate
municipality_year,2023,,,,,Isabela,San Manuel,14,14,725,265,43,522,522,14.64,20,0,0,Bacterial Leaf Streak,rice,20.33,Watchlist
municipality_year,2023,,,,,Isabela,San Mariano,10,10,117,141,111,328,328,40.3,75,0,4,Cassava Phytoplasma/Mosaic,cassava,20.23,Watchlist
municipality_year,2023,,,,,Isabela,San Mateo,12,12,30.11,210,30.41,8,8,22.58,70,0,2,Rbb,rice,10.28,Watchlist
municipality_year,2023,,,,,Isabela,San Pablo,1,1,30,3,55,0,0,33,33,0,0,Plant Hopper,rice,12.8,Watchlist
municipality_year,2023,,,,,Isabela,Santiago,2,2,21.5,3,21.5,0,0,10,15,0,0,Plant Hopper,rice,4.2,Watchlist
municipality_year,2023,,,,,Isabela,Santiago City,3,3,30,36,0,1119.74,1119.74,9,15,0,0,Plant Hopper,rice,15.77,Watchlist
municipality_year,2023,,,,,Isabela,Tumauini,21,21,401,130,921.5,0,0,14.19,27,3,0,Fall Armyworm,corn,8.94,Watchlist
municipality_year,2023,,,,,Nueva Vizcaya,Alfonso Casta�eda,1,1,24.14,2,0,24.14,24.14,17,17,0,0,Plant Hopper,rice,12.6,Watchlist
municipality_year,2023,,,,,Nueva Vizcaya,Ambaguio,3,3,1.5,15,1.25,0.25,0.25,2,2,0,0,Leaf Folder/Miner,rice,1.83,Watchlist
municipality_year,2023,,,,,Nueva Vizcaya,Aritao,5,5,144.09,150,0,54.09,54.09,27.4,45,0,0,Fall Armyworm,rice,18.98,Watchlist
municipality_year,2023,,,,,Nueva Vizcaya,Bagabag,13,13,66.34,109,43.84,16.5,16.5,20.85,81,0,1,Fall Armyworm,corn,8.2,Watchlist
municipality_year,2023,,,,,Nueva Vizcaya,Bambang,2,2,123,75,95,28,28,22.5,30,0,0,Fall Armyworm,corn,25.5,Watchlist
municipality_year,2023,,,,,Nueva Vizcaya,Bayombong,10,10,117,104,60,62,62,13.8,30,3,0,Fall Armyworm,rice,9.27,Watchlist
municipality_year,2023,,,,,Nueva Vizcaya,Diadi,6,6,15.4,55,11.2,0,0,11.33,30,0,0,Bacterial Leaf Streak,rice,5.43,Watchlist
municipality_year,2023,,,,,Nueva Vizcaya,Kasibu,10,10,51.37,208,25,38.37,38.37,11.3,50,0,1,Plant Hopper,rice,7.17,Watchlist
municipality_year,2023,,,,,Nueva Vizcaya,Kayapa,2,2,10,5,10,0,0,20,20,0,0,Fall Armyworm,corn,6.25,Watchlist
municipality_year,2023,,,,,Nueva Vizcaya,Quezon,11,11,149.1,113,59.1,90,90,12.82,30,0,0,Fall Armyworm,corn,9.11,Watchlist
municipality_year,2023,,,,,Nueva Vizcaya,Solano,20,20,221,264,101,100,100,16.65,80,3,1,Fall Armyworm,rice,10.59,Watchlist
municipality_year,2023,,,,,Nueva Vizcaya,Villaverde,7,7,80,55,4,400,400,26.86,90,0,1,Fall Armyworm,corn,14.39,Watchlist
municipality_year,2023,,,,,Quirino,Aglipay,27,27,456.15,354,230.4,159.75,159.75,19.81,50,0,1,Fall Armyworm,corn,11.54,Watchlist
municipality_year,2023,,,,,Quirino,Cabarroguis,33,33,505,466,268.8,229.2,229.2,13.58,40,3,0,Fall Armyworm,corn,10.49,Watchlist
municipality_year,2023,,,,,Quirino,Diffun,58,57,884.94,567,586.64,292.3,292.3,15.6,60,3,3,Fall Armyworm,corn,9.63,Watchlist
municipality_year,2023,,,,,Quirino,Maddela,52,51,891.3,906,514.8,294.5,294.5,24.52,60,0,7,Fall Armyworm,corn,13.13,Watchlist
municipality_year,2023,,,,,Quirino,Nagtipunan,12,12,638.5,483,602.5,36,36,20.92,40,0,0,Fall Armyworm,corn,16.52,Watchlist
municipality_year,2023,,,,,Quirino,Saguday,13,13,261,168,214,47,47,19,50,0,1,Fall Armyworm,corn,11.22,Watchlist
municipality_year,2024,,,,,Cagayan,Alcala,1,0,74,82,74,0,0,15,15,3,0,Fall Armyworm,corn,33.1,Watchlist
municipality_year,2024,,,,,Cagayan,Amulung,2,2,22.5,18,22.5,0,0,15,20,5,0,Plant Hopper,rice,15.9,Watchlist
municipality_year,2024,,,,,Cagayan,Aparri,1,1,21.58,79,21.58,0,0,15,15,3,0,Rodents,rice,26.5,Watchlist
municipality_year,2024,,,,,Cagayan,Baggao,1,0,13.13,16,13.13,0,0,10,10,3,0,Fall Armyworm,corn,13.2,Watchlist
municipality_year,2024,,,,,Cagayan,Ballesteros,11,11,192.95,137,159.25,33.7,33.7,7.79,22,3,0,Plant Hopper,rice,12.96,Watchlist
municipality_year,2024,,,,,Cagayan,Buguey,15,15,294,49.4,291,3,3,25.73,50,5.4,8,Fall Armyworm,corn,18.91,Watchlist
municipality_year,2024,,,,,Cagayan,Gattaran,6,6,103.17,268,103.17,0,0,30.83,40,5,0,Fall Armyworm,corn,25.8,Watchlist
municipality_year,2024,,,,,Cagayan,Gonzaga,50,49,616.2,684,558.61,58.59,58.59,10.84,90,3.32,3,Disease - Fungal/Bacterial,rice,12.21,Watchlist
municipality_year,2024,,,,,Cagayan,Iguig,3,3,8.5,41,8.5,0,0,15,20,4.33,0,Fall Armyworm,corn,14.9,Watchlist
municipality_year,2024,,,,,Cagayan,Lallo,3,3,88.82,117,88.82,0,0,13.33,15,4,0,Rodents,rice,22.33,Watchlist
municipality_year,2024,,,,,Cagayan,Lasam,3,3,32.23,21,32.23,0,0,5.67,7,3,0,Fall Armyworm,corn,9.63,Watchlist
municipality_year,2024,,,,,Cagayan,Pamplona,7,7,412.41,312,412.41,0,0,10,10,3,0,Fall Armyworm,corn,23,Watchlist
municipality_year,2024,,,,,Cagayan,Solana,7,7,145,117,145,0,0,14.29,20,3,0,Fall Armyworm,corn,15.44,Watchlist
municipality_year,2024,,,,,Cagayan,Sta. Ana,19,19,155.54,116,90.14,74.4,74.4,11.74,50,4.05,4,Fall Armyworm,rice,13.11,Watchlist
municipality_year,2024,,,,,Cagayan,Sta. Praxedes,6,6,15.6,54,15.6,0,0,22.28,30,4.83,0,Bacterial Leaf Blight,rice,16.37,Watchlist
municipality_year,2024,,,,,Cagayan,Sta. Teresita,24,24,327.46,269,327.46,0,0,15.83,40,3.75,0,Rodents,corn,14.81,Watchlist
municipality_year,2024,,,,,Cagayan,Sto. Ni�o,2,2,61.24,154,61.24,0,0,22,40,4,0,Rbb,rice,23.75,Watchlist
municipality_year,2024,,,,,Cagayan,Tuao,2,0,20.02,19,20.02,0,0,6,10,3,0,Rbb,rice,10.25,Watchlist
municipality_year,2024,,,,,Cagayan,Tuguegarao City,10,10,122.05,127,122.05,0,0,18.15,50.7,5.1,1,Fall Armyworm,corn,17.92,Watchlist
municipality_year,2024,,,,,Isabela,Alicia,3,3,20,29,10,10,10,7.67,8,3,0,Semi Looper,rice,10.9,Watchlist
municipality_year,2024,,,,,Isabela,Angadanan,25,23,170.63,489,161.03,10.6,10.6,23.12,50,4.12,6,Fall Armyworm,corn,17.88,Watchlist
municipality_year,2024,,,,,Isabela,Aurora,106,105,1038.64,1930,723.57,339.07,339.07,17.79,60,4.02,20,Fall Armyworm,corn,17.62,Watchlist
municipality_year,2024,,,,,Isabela,Burgos,53,53,500.55,829,327.2,178.35,178.35,10.7,35,2.96,2,Leaf Folder/Miner,rice,13.42,Watchlist
municipality_year,2024,,,,,Isabela,Cabagan,4,4,38.09,23,37.09,1,1,4.08,10,3.5,0,Bacterial Leaf Blight,rice,9.68,Watchlist
municipality_year,2024,,,,,Isabela,Cabatuan,72,72,556.26,1303,541.52,108.35,108.35,13.41,60,3.97,20,Fall Armyworm,rice,15.47,Watchlist
municipality_year,2024,,,,,Isabela,Cauayan City,64,64,2197.26,2024,331.28,1935.98,1935.98,32.23,85,6.06,34,Cassava Phytoplasma/Mosaic,cassava,33.23,Watchlist
municipality_year,2024,,,,,Isabela,City of Ilagan,76,76,1683.44,1087,926.24,754.2,754.2,29.41,85,5.2,28,Fall Armyworm,corn,23.51,Watchlist
municipality_year,2024,,,,,Isabela,Cordon,8,8,282.21,133,280.78,1.43,1.43,27.88,60,3.12,4,Fall Armyworm,rice,20.9,Watchlist
municipality_year,2024,,,,,Isabela,Delfin Albano,4,4,65.2,48,78.2,0,0,35.15,70,3.5,1,Bacterial Leaf Streak,rice,19.75,Watchlist
municipality_year,2024,,,,,Isabela,Echague,29,29,760.35,763,758.95,3.39,3.39,34.93,60,2.1,12,Fall Armyworm,corn,21.78,Watchlist
municipality_year,2024,,,,,Isabela,Gamu,40,40,1055.55,753,583.95,480.9,480.9,10.22,59,2.85,1,Rodents,rice,13.66,Watchlist
municipality_year,2024,,,,,Isabela,Jones,8,8,26.1,76,16.09,10.01,10.01,22.5,40,3.75,2,Fall Armyworm,corn,14.96,Watchlist
municipality_year,2024,,,,,Isabela,Luna,48,48,643.54,907,453.75,123.54,123.54,14.62,50,3.38,4,Fall Armyworm,rice,16.29,Watchlist
municipality_year,2024,,,,,Isabela,Mallig,25,25,200.85,137,180.85,0,0,14.49,60,3.64,7,Fall Armyworm,rice,12.11,Watchlist
municipality_year,2024,,,,,Isabela,Naguilian,23,23,767,831,294.5,425,425,20.61,50,5.52,10,Cassava Phytoplasma/Mosaic,rice,30.79,Watchlist
municipality_year,2024,,,,,Isabela,Quezon,22,22,246.31,188,218.31,0,0,12.64,55,2.36,1,Rbb,rice,10.71,Watchlist
municipality_year,2024,,,,,Isabela,Quirino,26,26,434.7,305,412.45,3.25,3.25,13.81,55,2.38,1,Fall Armyworm,rice,12.55,Watchlist
municipality_year,2024,,,,,Isabela,Ramon,10,10,117.39,162,113.79,3.6,3.6,13.46,30,4.2,0,Leaf Folder/Miner,rice,16.1,Watchlist
municipality_year,2024,,,,,Isabela,Reina Mercedes,55,55,151.75,503,155.54,6.3,6.3,17.81,70,3.91,7,Fall Armyworm,corn,13.72,Watchlist
municipality_year,2024,,,,,Isabela,Roxas,76,76,878.35,540,1050.35,10,10,13.76,77,3.61,18,Fall Armyworm,rice,12.76,Watchlist
municipality_year,2024,,,,,Isabela,San Agustin,3,3,32,50,32,0,0,16.67,20,1.67,0,Fall Armyworm,corn,12.5,Watchlist
municipality_year,2024,,,,,Isabela,San Isidro,7,7,82.98,165,74.24,8.74,8.74,6.64,11.5,3.57,0,Leaf Folder/Miner,rice,15.37,Watchlist
municipality_year,2024,,,,,Isabela,San Manuel,19,19,434.24,703,226.1,265.1,265.1,13.79,25,5.32,6,Stem/Shoot/Fruit Borer,hvc,26.63,Watchlist
municipality_year,2024,,,,,Isabela,San Mariano,1,1,17.5,16,17.5,0,0,87.5,87.5,7,1,Fall Armyworm,corn,40,Moderate
municipality_year,2024,,,,,Isabela,San Mateo,10,10,75.5,173,56.8,10.1,10.1,23.9,70,4,4,Fall Armyworm,corn,18.18,Watchlist
municipality_year,2024,,,,,Isabela,San Pablo,1,1,8,10,8,39,39,17,17,7,1,Disease - Fungal/Bacterial,corn,27.4,Watchlist
municipality_year,2024,,,,,Isabela,Santiago City,38,38,383.09,410,355.43,30.03,30.03,8.72,60,4.11,6,Plant Hopper,rice,13.23,Watchlist
municipality_year,2024,,,,,Isabela,Sta Maria,7,7,153.1,99,30,123.1,123.1,23.86,60,4.14,2,Rbb,rice,22.11,Watchlist
municipality_year,2024,,,,,Isabela,Sto. Tomas,4,4,16,20,16,0,0,17.5,30,3,0,Rbb,rice,11.2,Watchlist
municipality_year,2024,,,,,Isabela,Tumauini,23,23,290.5,255,220,277,277,12.04,40,3.61,1,Bacterial Leaf Streak,rice,15.56,Watchlist
municipality_year,2024,,,,,Nueva Vizcaya,Alfoso Castaneda,3,3,55,98,35,20,20,36.67,50,9,3,Red Spider Mites,hvc,35.97,Moderate
municipality_year,2024,,,,,Nueva Vizcaya,Ambaguio,2,2,1,2,1,0,0,50,50,3,2,Golden Apple Snail,rice,17.9,Watchlist
municipality_year,2024,,,,,Nueva Vizcaya,Aritao,28,26,183.06,269,251.2,9.5,9.5,42.68,75,6.5,18,Cutworm/Armyworm,hvc,24.82,Watchlist
municipality_year,2024,,,,,Nueva Vizcaya,Bagabag,39,39,1356.66,2016,757.56,325,325,19.77,80,3.15,5,Plant Hopper,rice,23.85,Watchlist
municipality_year,2024,,,,,Nueva Vizcaya,Bambang,15,14,111,182,101,24,24,22.53,70,6.2,8,Cutworm/Armyworm,hvc,20.29,Watchlist
municipality_year,2024,,,,,Nueva Vizcaya,Bayombong,13,13,476,950,409,82,82,18.85,100,2.54,2,Blast/Blight/Spot,rice,25.92,Watchlist
municipality_year,2024,,,,,Nueva Vizcaya,Diadi,9,9,108,70,95,13,13,23.67,54,1.89,2,Fall Armyworm,corn,12.83,Watchlist
municipality_year,2024,,,,,Nueva Vizcaya,Dupax del Sur,5,5,13.6,64,63.2,0,0,18,30,5.4,2,Plant Hopper,rice,17.08,Watchlist
municipality_year,2024,,,,,Nueva Vizcaya,Kasibu,28,28,245.85,293,211.18,32.52,32.52,10.14,49.86,3.14,3,Plant Hopper,rice,11.56,Watchlist
municipality_year,2024,,,,,Nueva Vizcaya,Kayapa,5,5,70,136,52,21,21,22,60,4.2,2,Bacterial Leaf Blight,rice,21.9,Watchlist
municipality_year,2024,,,,,Nueva Vizcaya,Quezon,19,19,163.05,223,133.05,30,30,18.35,50,3.11,1,Leaf Folder/Miner,rice,13.78,Watchlist
municipality_year,2024,,,,,Nueva Vizcaya,Solano,39,39,1135.3,2076,659.5,475.8,475.8,17.92,50,1.82,1,Bacterial Leaf Blight,rice,22.49,Watchlist
municipality_year,2024,,,,,Quirino,Aglipay,83,83,2011.75,1266,863,989.5,989.5,14.25,70,4.3,21,Cassava Phytoplasma/Mosaic,rice,18.83,Watchlist
municipality_year,2024,,,,,Quirino,Cabarroguis,79,79,863.65,842,567.8,307.85,307.85,11.14,66,3.61,12,Plant Hopper,rice,13.29,Watchlist
municipality_year,2024,,,,,Quirino,Diffun,104,104,1331.09,1354,1145.43,174.54,174.54,13.03,55,3.4,10,Plant Hopper,rice,14.02,Watchlist
municipality_year,2024,,,,,Quirino,Maddela,50,50,1025.4,890,822,221.9,221.9,17.52,50,2.88,1,Fall Armyworm,rice,16.44,Watchlist
municipality_year,2024,,,,,Quirino,Nagtipunan,58,58,1046.5,1249,921.3,121.2,121.2,18.05,70,2.9,2,Fall Armyworm,corn,15.7,Watchlist
municipality_year,2024,,,,,Quirino,Saguday,4,4,53.1,70,53.1,0,0,32.5,50,3,1,Fall Armyworm,corn,19.25,Watchlist
municipality_year,2025,,,,,Cagayan,Abulug,22,22,747.95,528,627.15,120.8,120.8,21.37,100,5.18,6,Fall Armyworm,corn,25.51,Watchlist
municipality_year,2025,,,,,Cagayan,Alcala,2,2,20,36,20,0,0,20,30,3,0,Stem/Shoot/Fruit Borer,rice,15.85,Watchlist
municipality_year,2025,,,,,Cagayan,Amulung,26,26,598.92,534,587.92,21,21,26.69,100,7,18,Fall Armyworm,corn,26.05,Watchlist
municipality_year,2025,,,,,Cagayan,Baggao,11,11,511.95,455,511.95,0,0,31.82,50,3.91,1,Plant Hopper,rice,27.15,Watchlist
municipality_year,2025,,,,,Cagayan,Ballesteros,4,4,29.2,21,0,29.2,29.2,1.3,4,4.75,0,Plant Hopper,rice,12.07,Watchlist
municipality_year,2025,,,,,Cagayan,Buguey,9,8,258.3,130,190.75,60.85,60.85,22.6,40,4.89,2,Disease - Fungal/Bacterial,corn,22.26,Watchlist
municipality_year,2025,,,,,Cagayan,Camalaniugan,5,5,15.85,7,15.85,0,0,1.77,4.03,5.4,1,Plant Hopper,rice,10.36,Watchlist
municipality_year,2025,,,,,Cagayan,Claveria,9,9,500.05,334,184.96,315.09,315.09,47.22,65,8.33,9,Bacterial Leaf Blight,rice,46.77,Moderate
municipality_year,2025,,,,,Cagayan,Enrile,2,2,25,25,5,20,20,40,40,5,0,Fall Armyworm,corn,25.15,Watchlist
municipality_year,2025,,,,,Cagayan,Gattaran,17,17,160.99,188,141.74,6,6,22.82,95,5.18,5,Plant Hopper,rice,18.34,Watchlist
municipality_year,2025,,,,,Cagayan,Gonzaga,80,78,1005.01,617,546.04,434.28,434.28,33.85,100,4.01,31,Bacterial Leaf Streak,rice,19.32,Watchlist
municipality_year,2025,,,,,Cagayan,Iguig,16,16,237.4,138,237.4,0,0,16.88,50,3.38,1,Blast/Blight/Spot,rice,13.96,Watchlist
municipality_year,2025,,,,,Cagayan,Lallo,11,11,319.36,278,311.36,8,8,34.09,50,3.18,2,Bacterial Leaf Blight,rice,23.64,Watchlist
municipality_year,2025,,,,,Cagayan,Lasam,9,9,379.9,310,203.25,176.65,176.65,37.91,75,7.22,5,Bacterial Leaf Blight,rice,35.66,Moderate
municipality_year,2025,,,,,Cagayan,Pamplona,7,7,537.82,356,365.23,172.59,172.59,39.57,80,7,3,Bacterial Leaf Blight,rice,41.86,Moderate
municipality_year,2025,,,,,Cagayan,Rizal,8,8,129,178,129,0,0,41.25,50,4.5,6,Fall Armyworm,corn,25.54,Watchlist
municipality_year,2025,,,,,Cagayan,San Mariano,1,1,5,2,0,5,5,100,100,5,1,Fall Armyworm,corn,35.6,Moderate
municipality_year,2025,,,,,Cagayan,Sanchez Mira,3,3,228.65,153,105,123.65,123.65,41.67,55,8.33,3,Bacterial Leaf Streak,rice,52.83,Moderate
municipality_year,2025,,,,,Cagayan,Solana,6,6,142.2,115,142.2,0,0,18.6,34,6,2,Fall Armyworm,rice,22.53,Watchlist
municipality_year,2025,,,,,Cagayan,Sta. Ana,10,8,283.05,199,35.75,247.3,247.3,28.7,100,4.8,3,Bacterial Leaf Streak,rice,24.02,Watchlist
municipality_year,2025,,,,,Cagayan,Sta. Praxedes,3,3,85.51,107,29,56.51,56.51,51.67,75,5,2,Leaf Folder/Miner,rice,37.67,Moderate
municipality_year,2025,,,,,Cagayan,Sta. Teresita,15,15,123.05,123,123.05,0,0,39.16,100,3,3,Fall Armyworm,corn,17.9,Watchlist
municipality_year,2025,,,,,Cagayan,Sto. Ni�o,10,10,276,322,276,0,0,32,100,4.5,3,Fall Armyworm,rice,25.57,Watchlist
municipality_year,2025,,,,,Cagayan,Tuao,1,1,10,10,10,0,0,20,20,5,0,Fall Armyworm,corn,17.2,Watchlist
municipality_year,2025,,,,,Isabela,Alicia,4,4,38,130,38,0,0,13.75,20,4,0,Bacterial Leaf Streak,rice,19.55,Watchlist
municipality_year,2025,,,,,Isabela,Angadanan,24,24,173.8,405,141.3,102.5,102.5,21.57,50,2.17,2,Fall Armyworm,corn,14.94,Watchlist
municipality_year,2025,,,,,Isabela,Aurora,95,95,397.45,1732,288.98,172.82,172.82,15.59,60,3.99,13,Fall Armyworm,hvc,16.01,Watchlist
municipality_year,2025,,,,,Isabela,Benito Soliven,1,1,19.5,22,19.5,0,0,30,30,5,0,Plant Hopper,rice,23.9,Watchlist
municipality_year,2025,,,,,Isabela,Burgos,54,54,182.18,752,164.53,21.15,21.15,11.2,60,3.15,3,Stem/Shoot/Fruit Borer,rice,12.13,Watchlist
municipality_year,2025,,,,,Isabela,Cabagan,3,3,104.4,13,14.4,2.2,2.2,54.33,90,7.67,2,Disease - Fungal/Bacterial,hvc,32,Watchlist
municipality_year,2025,,,,,Isabela,Cabatuan,65,65,270.75,1105,262.42,53.48,53.48,11.07,40,3.58,4,Leaf Folder/Miner,rice,13.74,Watchlist
municipality_year,2025,,,,,Isabela,Cauayan City,27,27,136.85,540,99.1,37.75,37.75,14.74,80,3.52,1,Fall Armyworm,corn,15.56,Watchlist
municipality_year,2025,,,,,Isabela,City of Ilagan,50,50,451.65,523,380,88.04,88.04,21.07,85,4.58,6,Bacterial Leaf Streak,rice,17.15,Watchlist
municipality_year,2025,,,,,Isabela,Cordon,3,3,7.45,22,7.45,0,0,12.95,30,2.33,0,Leaf Folder/Miner,rice,9.33,Watchlist
municipality_year,2025,,,,,Isabela,Delfin Albano,11,11,122.17,86,117.17,5,5,19.98,70,2.09,2,Stem/Shoot/Fruit Borer,rice,11.99,Watchlist
municipality_year,2025,,,,,Isabela,Dinapiguie,1,1,48,50,10,40,40,50,50,8,1,Plant Hopper,rice,52.6,Moderate
municipality_year,2025,,,,,Isabela,Echague,41,41,262.75,546,236.25,27,27,17.58,64.4,3.73,11,Fall Armyworm,corn,14.95,Watchlist
municipality_year,2025,,,,,Isabela,Gamu,44,44,307.01,986,248.91,56.1,56.1,12.32,70,3.45,3,Leaf Folder/Miner,rice,15.07,Watchlist
municipality_year,2025,,,,,Isabela,Jones,5,5,64.51,101,64.51,0,0,65.97,90.32,5,3,S.Rys/Rtv/Rolp,rice,31.64,Watchlist
municipality_year,2025,,,,,Isabela,Luna,40,40,157.15,763,125.15,31.25,31.25,11.19,30,3.55,2,Fall Armyworm,rice,14.24,Watchlist
municipality_year,2025,,,,,Isabela,Mallig,33,33,206.39,141,203.49,2.9,2.9,13.84,40,2.45,0,Stem/Shoot/Fruit Borer,rice,9.51,Watchlist
municipality_year,2025,,,,,Isabela,Naguilian,25,25,113.75,363,59.33,61.45,61.45,22.08,80,4.76,5,Bacterial Leaf Streak,rice,18.24,Watchlist
municipality_year,2025,,,,,Isabela,Quezon,28,28,310.3,128,220.3,3.5,3.5,11.55,40,2.36,1,Rice Tungro Virus,rice,9.44,Watchlist
municipality_year,2025,,,,,Isabela,Quirino,25,25,260.38,183,215.18,3.2,3.2,17.45,40,2.28,0,Fall Armyworm,rice,11.4,Watchlist
municipality_year,2025,,,,,Isabela,Ramon,13,13,90.46,253,90.55,0,0,12.64,40,4.23,1,Bacterial Leaf Blight,rice,16.07,Watchlist
municipality_year,2025,,,,,Isabela,Reina Mercedes,40,40,172.03,656,126.33,44.5,44.5,17.68,100,3.9,3,Fall Armyworm,corn,15.88,Watchlist
municipality_year,2025,,,,,Isabela,Roxas,51,51,330.19,222,328.32,9.17,9.17,16.13,47,2.76,1,Fall Armyworm,rice,10.66,Watchlist
municipality_year,2025,,,,,Isabela,San Guillermo,4,4,4.09,34,3.19,0,0,8.8,20,3,0,Blast/Blight/Spot,corn,9.55,Watchlist
municipality_year,2025,,,,,Isabela,San Isidro,5,5,14.39,70,14.39,0,0,9.39,16.6,3,0,Bacterial Leaf Blight,rice,11.3,Watchlist
municipality_year,2025,,,,,Isabela,San Manuel,22,22,152.46,585,138.46,14,14,9.64,25,3.27,0,Bacterial Leaf Streak,rice,15.27,Watchlist
municipality_year,2025,,,,,Isabela,San Pablo,1,1,21.5,26,21.5,0,0,25,25,5,0,Fall Armyworm,corn,23.9,Watchlist
municipality_year,2025,,,,,Isabela,Santiago City,26,25,167.07,473,167.57,80,80,12.4,50,4.08,5,Bacterial Leaf Blight,rice,15.95,Watchlist
municipality_year,2025,,,,,Isabela,Sto. Tomas,4,4,97.3,104,97.3,0,0,26.25,30,5,0,Fall Armyworm,corn,24.6,Watchlist
municipality_year,2025,,,,,Isabela,Tumauini,10,10,144.32,161,168.96,97.6,97.6,15.25,40,4.2,0,Fall Armyworm,rice,17.78,Watchlist
municipality_year,2025,,,,,Nueva Vizcaya,Alfoso Castaneda,5,5,213,79,101.5,170,170,66,80,5.2,5,Plant Hopper,rice,38.62,Moderate
municipality_year,2025,,,,,Nueva Vizcaya,Aritao,30,30,18.97,61,15.47,3.5,3.5,34.98,100,8.07,26,Cutworm/Armyworm,hvc,22.85,Watchlist
municipality_year,2025,,,,,Nueva Vizcaya,Bagabag,20,20,249.83,83,198.83,51,51,28.5,100,3.1,5,Fall Armyworm,corn,15.45,Watchlist
municipality_year,2025,,,,,Nueva Vizcaya,Bambang,9,9,28.69,36,26.86,3,3,12.03,66.66,4.22,1,Blast/Blight/Spot,rice,11.6,Watchlist
municipality_year,2025,,,,,Nueva Vizcaya,Bayombong,6,6,55.22,20,52.52,2.7,2.7,22.57,50,2,1,Bacterial Leaf Blight,rice,11.12,Watchlist
municipality_year,2025,,,,,Nueva Vizcaya,Dupax del Sur,9,8,29.07,44,26.07,3,3,19.79,80,5,3,Whorl Maggot,rice,15.07,Watchlist
municipality_year,2025,,,,,Nueva Vizcaya,Kasibu,4,4,66.43,33,66.43,0,0,19.13,40,3,0,Plant Hopper,rice,14,Watchlist
municipality_year,2025,,,,,Nueva Vizcaya,Kayapa,9,9,43.08,76,15,28.08,28.08,76.11,90,8.56,9,Blast/Blight/Spot,rice,36.66,Moderate
municipality_year,2025,,,,,Nueva Vizcaya,Quezon,18,18,145.14,112,108.14,39,39,11.97,45,2.89,0,Bacterial Leaf Blight,rice,10.9,Watchlist
municipality_year,2025,,,,,Nueva Vizcaya,Solano,53,53,254.46,271,197.41,59,59,8.09,45,3.15,1,Stem/Shoot/Fruit Borer,rice,9.48,Watchlist
municipality_year,2025,,,,,Nueva Vizcaya,Villaverde,19,19,143.09,84,137.89,5.2,5.2,11.32,55,3.32,3,Stem/Shoot/Fruit Borer,rice,10.55,Watchlist
municipality_year,2025,,,,,Quirino,Aglipay,59,59,274.51,413,250.76,18.01,18.01,13.26,70,2.83,1,Fall Armyworm,rice,10.52,Watchlist
municipality_year,2025,,,,,Quirino,Cabarroguis,60,60,200.59,285,178.95,16.64,16.64,8.81,44.6,3.1,1,Bacterial Leaf Blight,rice,9.13,Watchlist
municipality_year,2025,,,,,Quirino,Diffun,58,58,291.82,450,279.22,12.61,12.61,8.62,35,2.88,0,Fall Armyworm,rice,9.66,Watchlist
municipality_year,2025,,,,,Quirino,Maddela,74,74,663.59,797,506.87,157.89,157.89,15.41,66,2.95,5,Fall Armyworm,corn,13.09,Watchlist
municipality_year,2025,,,,,Quirino,Nagtipunan,21,21,234,237,207.51,26.49,26.49,11.52,30,2.71,0,Fall Armyworm,corn,11.97,Watchlist
municipality_year,2025,,,,,Quirino,Saguday,15,15,102.33,123,102.33,0,0,6.43,35,2.87,0,Leaf Folder/Miner,rice,9.37,Watchlist
municipality_year,2026,,,,,Cagayan,Allacapan,3,3,19,12,19,0,0,44.65,63.64,3.33,2,Fall Armyworm,corn,18.63,Watchlist
municipality_year,2026,,,,,Cagayan,Amulung,17,17,101.72,74,99.12,2.6,2.6,11.05,50,3.36,1,Bacterial Leaf Blight,rice,10.33,Watchlist
municipality_year,2026,,,,,Cagayan,Aparri,2,2,25,3,25,0,0,25.45,30.54,3,0,Rodents,corn,13.4,Watchlist
municipality_year,2026,,,,,Cagayan,Buguey,2,2,11,2,0,11,11,7.41,14.44,2,0,Disease - Fungal/Bacterial,rice,7.3,Watchlist
municipality_year,2026,,,,,Cagayan,Gonzaga,13,13,76.17,72,44.66,29.68,29.68,6.21,15,3.15,0,Aphids/Scale/Mealybug,rice,9.48,Watchlist
municipality_year,2026,,,,,Cagayan,Lallo,4,4,13.9,11,13.9,0,0,3.14,10,5.5,1,Rodents,rice,11.23,Watchlist
municipality_year,2026,,,,,Cagayan,Lasam,5,5,50,33,50,0,0,30.52,47.06,3.2,0,Fall Armyworm,corn,16,Watchlist
municipality_year,2026,,,,,Cagayan,Penablanca,3,3,400,75,400,0,0,10,10,5,0,Aphids/Scale/Mealybug,corn,33.93,Watchlist
municipality_year,2026,,,,,Cagayan,Solana,7,7,19.6,13,19.6,0,0,3.78,5,4.14,0,Rice Grassy Stunt Virus,rice,8.81,Watchlist
municipality_year,2026,,,,,Cagayan,Sto. Ni�o,18,18,327.9,295,315.9,12,12,24.44,40,5.11,1,Rodents,corn,21.3,Watchlist
municipality_year,2026,,,,,Cagayan,Tuao,5,5,16.5,16,16.5,0,0,11.68,22.6,4.6,0,Bacterial Leaf Blight,rice,11.96,Watchlist
municipality_year,2026,,,,,Isabela,Angadanan,3,3,15.73,18,15.73,49.27,49.27,16.37,25,1.67,0,Plant Hopper,corn,12.37,Watchlist
municipality_year,2026,,,,,Isabela,Aurora,7,7,23.45,174,23.45,0,0,10.14,25,3.29,0,Golden Apple Snail,rice,14.74,Watchlist
municipality_year,2026,,,,,Isabela,Burgos,14,14,69.3,251,64.55,5,5,7.43,15,4.08,1,Bacterial Leaf Streak,rice,13.47,Watchlist
municipality_year,2026,,,,,Isabela,Cabatuan,12,12,160.82,456,175.22,343.68,343.68,10.9,26.3,3.17,0,Rodents,rice,21.09,Watchlist
municipality_year,2026,,,,,Isabela,City of Ilagan,17,16,153.77,94,151.07,0,0,22.07,50,5.12,6,S.Rys/Rtv/Rolp,rice,16.73,Watchlist
municipality_year,2026,,,,,Isabela,Delfin Albano,9,9,110.83,318,41.2,69.63,69.63,7.13,19.7,3.67,0,Blast/Blight/Spot,rice,18.84,Watchlist
municipality_year,2026,,,,,Isabela,Echague,7,7,30.85,68,30.85,17.4,17.4,15.41,25,1.57,0,Fall Armyworm,corn,10,Watchlist
municipality_year,2026,,,,,Isabela,Gamu,9,9,54.6,367,26.85,27.75,27.75,9.01,20,3,0,Whorl Maggot,rice,15.57,Watchlist
municipality_year,2026,,,,,Isabela,Luna,2,2,13.5,95,13.5,0,0,10,10,3,0,Fall Armyworm,corn,20.35,Watchlist
municipality_year,2026,,,,,Isabela,Mallig,3,3,18.4,9,18.4,0,0,5.67,11,3.67,0,S.Rys/Rtv/Rolp,rice,9.2,Watchlist
municipality_year,2026,,,,,Isabela,Quezon,4,4,57.2,37,55.2,0,0,7.47,15,3.67,0,Rodents,rice,10.65,Watchlist
municipality_year,2026,,,,,Isabela,Quirino,9,9,33.2,31,33.2,0,0,9.41,15,4,0,S.Rys/Rtv/Rolp,rice,9.71,Watchlist
municipality_year,2026,,,,,Isabela,Ramon,1,1,1.15,15,1.15,0,0,2.3,2.3,5,0,Leaf Folder/Miner,rice,13,Watchlist
municipality_year,2026,,,,,Isabela,Reina Mercedes,1,1,16.5,79,16.5,0,0,15,15,5,0,Fall Armyworm,corn,29.3,Watchlist
municipality_year,2026,,,,,Isabela,Roxas,9,9,56.2,30,56.2,0,0,7.5,21,5,1,S.Rys/Rtv/Rolp,rice,10.09,Watchlist
municipality_year,2026,,,,,Isabela,San Agustin,2,2,4.45,12,4.45,0,0,5.7,9.2,6,1,Bacterial Leaf Blight,rice,13.3,Watchlist
municipality_year,2026,,,,,Isabela,San Isidro,4,4,62.3,85,62.3,0,0,13.47,19.2,3,0,Rodents,rice,15.75,Watchlist
municipality_year,2026,,,,,Isabela,San Manuel,7,7,42.5,445,42.5,0,0,5.86,10,3,0,Leaf Folder/Miner,rice,19.81,Watchlist
municipality_year,2026,,,,,Isabela,San Mariano,2,2,11.6,14,11.6,0,0,13.65,20,4.5,0,S.Rys/Rtv/Rolp,rice,13.55,Watchlist
municipality_year,2026,,,,,Isabela,Santiago City,8,7,67.7,205,67.7,242.5,242.5,10.29,40,3,0,Leaf Folder/Miner,rice,18.85,Watchlist
municipality_year,2026,,,,,Isabela,Sto. Tomas,3,3,36.9,55,36.9,0,0,26.55,40,4.33,0,Fall Armyworm,corn,20.13,Watchlist
municipality_year,2026,,,,,Isabela,Tumauini,1,1,6,30,0,6,6,15,15,3,0,Stem/Shoot/Fruit Borer,rice,18.3,Watchlist
municipality_year,2026,,,,,Nueva Vizcaya,Bagabag,4,4,19.98,20,19.98,0,0,9.17,25,2.5,0,Blast/Blight/Spot,rice,8.4,Watchlist
municipality_year,2026,,,,,Nueva Vizcaya,Bambang,1,1,0.81,5,0.81,0,0,3.24,3.24,3,0,Leaf Folder/Miner,rice,7.3,Watchlist
municipality_year,2026,,,,,Nueva Vizcaya,Quezon,2,2,11.9,15,11.9,0,0,27.5,30,1,0,Fall Armyworm,corn,11.2,Watchlist
municipality_year,2026,,,,,Nueva Vizcaya,Solano,23,23,49.77,125,41.66,8.11,8.11,4.19,14.74,3,0,Bacterial Leaf Blight,rice,7.85,Watchlist
municipality_year,2026,,,,,Nueva Vizcaya,Villaverde,3,3,36.6,19,36.6,0,0,25,30,1,0,Fall Armyworm,corn,11.03,Watchlist
municipality_year,2026,,,,,Quirino,Aglipay,10,10,29.33,45,36.08,2.2,2.2,9.88,35,2.6,0,Stem/Shoot/Fruit Borer,rice,8.4,Watchlist
municipality_year,2026,,,,,Quirino,Cabarroguis,3,3,13.75,23,13.75,0,0,9.63,25,2.33,0,Blast/Blight/Spot,rice,8.87,Watchlist
municipality_year,2026,,,,,Quirino,Diffun,12,12,34.64,81,56.14,0,0,7.17,30,2.67,0,Stem/Shoot/Fruit Borer,rice,8.37,Watchlist
municipality_year,2026,,,,,Quirino,Maddela,8,8,38.08,37,33.78,0,0,6.3,15,3.25,0,Bacterial Leaf Blight,rice,8.86,Watchlist
municipality_year,2026,,,,,Quirino,Nagtipunan,4,4,60.62,35,21.62,1.5,1.5,14.38,20,1.5,0,Fall Armyworm,corn,10.3,Watchlist
municipality_year,2026,,,,,Quirino,Saguday,4,3,3.23,9,3.23,0,0,1.88,2.7,3,0,Leaf Folder/Miner,rice,6.2,Watchlist
