trend_scope,year,month,month_num,commodity_group,pest_family,province,municipality,incident_records,incident_points,affected_area_ha,affected_farmers,treated_area_ha,untreated_area_ha,treatment_gap_ha,avg_infestation_pct,max_infestation_pct,avg_severity,high_severity_records,top_pest_family,top_commodity,risk_score,risk_class
region_month,2015,January,1,,,,,14,13,4925.6,0,4888.6,0,0,1.26,5,0,0,Rodents,rice,18.61,Watchlist
region_month,2015,July,7,,,,,5,5,108,0,93,0,0,7.3,12.5,0,0,Rodents,rice,4.52,Watchlist
region_month,2016,January,1,,,,,2,2,681,0,671,0,0,1.5,1.5,0,0,Rodents,rice,18.5,Watchlist
region_month,2016,February,2,,,,,11,11,2934.2,0,2899.2,0,0,0.78,2,0,0,Rodents,rice,23.84,Watchlist
region_month,2016,March,3,,,,,7,7,125.05,0,125.05,0,0,11.33,35,0,0,Rodents,rice,4.67,Watchlist
region_month,2016,August,8,,,,,2,2,166,0,166,0,0,2.88,5,0,0,Rodents,rice,11.1,Watchlist
region_month,2016,September,9,,,,,2,2,5,0,5,0,0,0.75,0.75,0,0,Rice Tungro Virus,rice,0.5,Watchlist
region_month,2016,December,12,,,,,4,4,88,0,88,0,0,1.12,1.5,0,0,Rodents,rice,3.05,Watchlist
region_month,2017,January,1,,,,,10,10,1365.46,0,1365.46,0,0,4.62,12.5,0,0,Cutworm/Armyworm,rice,14.25,Watchlist
region_month,2017,February,2,,,,,8,8,1994.65,0,1994.65,0,0,13.34,65,0,1,Bacterial Leaf Streak,rice,22.5,Watchlist
region_month,2017,March,3,,,,,7,7,96.5,0,96.5,0,0,4.36,10.5,0,0,Plant Hopper,rice,2.83,Watchlist
region_month,2017,May,5,,,,,2,2,106,0,106,0,0,11.25,12.5,0,0,Plant Hopper,rice,9.45,Watchlist
region_month,2017,July-August,7,,,,,8,8,1301,0,1301,0,0,3.12,5,0,0,Bacterial Leaf Streak,rice,12.61,Watchlist
region_month,2017,August,8,,,,,12,12,769.9,0,754.9,0,0,2.7,5,0,0,Bacterial Leaf Streak,rice,8.58,Watchlist
region_month,2017,September,9,,,,,1,1,10,0,10,0,0,2,2,0,0,Rbb,rice,1.8,Watchlist
region_month,2017,December,12,,,,,3,3,55.5,0,55.5,0,0,5,7.5,0,0,Rbb,rice,3.57,Watchlist
region_month,2018,January,1,,,,,14,14,1918.45,0,1918.45,0,0,1.62,2,0,0,Rodents,rice,12.93,Watchlist
region_month,2018,February,2,,,,,3,3,206,0,206,0,0,7.25,12.5,0,0,Bacterial Leaf Streak,rice,9.8,Watchlist
region_month,2019,January,1,,,,,30,30,818,0,818,0,0,1.8,5,0,0,Rodents,rice,3.86,Watchlist
region_month,2019,February,2,,,,,64,62,151.05,0,148.05,0,0,3.12,20,0,0,Rbb,rice,1.08,Watchlist
region_month,2019,March,3,,,,,62,62,211.74,0,211.74,0,0,2.44,20,0,0,Stem/Shoot/Fruit Borer,rice,1.04,Watchlist
region_month,2019,April,4,,,,,25,25,115.3,0,115.3,0,0,5.52,20,0,0,Plant Hopper,rice,1.95,Watchlist
region_month,2019,May,5,,,,,8,8,11.9,0,11.9,0,0,2.25,5,0,0,Blast/Blight/Spot,rice,0.76,Watchlist
region_month,2019,June,6,,,,,8,8,23.6,0,23.6,0,0,5.25,20,0,0,Disease - Fungal/Bacterial,corn,1.69,Watchlist
region_month,2019,July,7,,,,,29,29,98.25,0,98.25,0,0,11.66,70,0,2,Fall Armyworm,corn,3.35,Watchlist
region_month,2019,August,8,,,,,28,28,58.3,0,58.3,0,0,12.86,80,0,2,Fall Armyworm,corn,3.47,Watchlist
region_month,2019,September,9,,,,,36,36,20.46,0,20.46,0,0,9.08,50,0,1,Fall Armyworm,corn,2.34,Watchlist
region_month,2019,October,10,,,,,88,88,308.94,0,298.94,0,0,14.81,62,0,6,Fall Armyworm,corn,4.14,Watchlist
region_month,2019,November,11,,,,,99,99,157.03,0,157.03,0,0,14.1,50,0,1,Fall Armyworm,corn,3.69,Watchlist
region_month,2019,December,12,,,,,10,10,14.2,0,14.2,0,0,12,26,0,0,Fall Armyworm,corn,3.19,Watchlist
region_month,2020,January,1,,,,,23,23,64.4,0,64.4,0,0,16.71,70,0,1,Fall Armyworm,corn,4.53,Watchlist
region_month,2020,February,2,,,,,209,209,3781.15,0,3781.15,0,0,28.94,90,0,20,Fall Armyworm,corn,9.5,Watchlist
region_month,2020,MARCH,3,,,,,62,62,502.6,0,502.6,0,0,33.53,80,0,9,Fall Armyworm,corn,9.39,Watchlist
region_month,2020,April,4,,,,,5,5,15,0,15,0,0,32,40,0,0,Fall Armyworm,corn,8.36,Watchlist
region_month,2020,May,5,,,,,27,27,199.68,0,199.68,0,0,33.26,100,0,6,Fall Armyworm,corn,9.24,Watchlist
region_month,2020,June,6,,,,,152,150,3115.26,0,3115.26,0,0,29.69,95,0,28,Fall Armyworm,corn,9.89,Watchlist
region_month,2020,July,7,,,,,119,119,2031.78,0,2031.78,0,0,23.56,100,0,14,Fall Armyworm,corn,8.02,Watchlist
region_month,2020,August,8,,,,,43,43,418.63,5,418.63,0,0,31.12,98,0,11,Fall Armyworm,corn,8.83,Watchlist
region_month,2020,September,9,,,,,38,38,580.65,0,580.65,0,0,27.97,100,0,9,Fall Armyworm,rice,8.54,Watchlist
region_month,2020,October,10,,,,,60,60,545.15,0,545.15,0,0,14.57,80,0,6,Fall Armyworm,corn,4.78,Watchlist
region_month,2020,November,11,,,,,45,45,619.65,1,629.65,990,990,14.31,75,0,3,Fall Armyworm,corn,5.53,Watchlist
region_month,2020,December,12,,,,,22,22,681.4,91,136.4,545,545,15.94,40,0,0,Fall Armyworm,corn,7.82,Watchlist
region_month,2021,January,1,,,,,108,108,2293.44,498,2293.44,0,0,14.54,50,0,2,Fall Armyworm,rice,7.29,Watchlist
region_month,2021,February,2,,,,,142,142,3117.96,2008,3103.41,0,0,17.15,78,9,11,Fall Armyworm,corn,9.7,Watchlist
region_month,2021,March,3,,,,,148,148,1494.24,1839,1493.74,0,0,13.44,55,0,3,Plant Hopper,rice,7.4,Watchlist
region_month,2021,April,4,,,,,78,78,1640.35,1716,1640.35,0,0,24.49,76,0,9,Plant Hopper,rice,12.03,Watchlist
region_month,2021,May,5,,,,,28,28,46.94,108,45.4,0,0,14.61,60,9,2,Fall Armyworm,rice,5.36,Watchlist
region_month,2021,June,6,,,,,62,61,254.19,390,217.11,0,0,12.26,80,0,4,Fall Armyworm,rice,5.1,Watchlist
region_month,2021,July,7,,,,,177,176,3431.96,3003,3423.96,0,0,11.62,70,0,2,Fall Armyworm,corn,8.63,Watchlist
region_month,2021,August,8,,,,,128,128,2323.44,1868,2337.44,0,0,15.35,90,0,5,Plant Hopper,rice,8.92,Watchlist
region_month,2021,September,9,,,,,161,159,3390.19,1050,3370.19,0,0,23.43,90,0,31,Plant Hopper,rice,10.11,Watchlist
region_month,2021,October,10,,,,,42,42,766.4,103,766.4,0,0,19.79,70,0,8,Plant Hopper,rice,7.84,Watchlist
region_month,2021,November,11,,,,,65,65,1053.03,709,1030.03,0,0,9.8,38,9,2,Fall Armyworm,corn,7.55,Watchlist
region_month,2021,December,12,,,,,92,92,1129.34,779,1126.64,231,231,6.73,18,0,0,Fall Armyworm,corn,5.79,Watchlist
region_month,2022,January,1,,,,,213,211,4188.73,2535,4196.26,0,0,11.95,89,0,4,Rodents,rice,8.19,Watchlist
region_month,2022,February,2,,,,,333,333,3352.97,2736,3355.28,0,0,20.45,90,0,30,Blast/Blight/Spot,rice,8.35,Watchlist
region_month,2022,March,3,,,,,224,224,1698.12,1876,1695.08,2,2,29.24,80,0,46,Plant Hopper,rice,9.94,Watchlist
region_month,2022,April,4,,,,,83,83,370.37,452,342.79,0,0,20.22,80,0,11,Blast/Blight/Spot,rice,6.97,Watchlist
region_month,2022,May,5,,,,,80,80,3209.59,3095,3209.89,0,0,27.13,80,0,11,Fall Armyworm,corn,16.04,Watchlist
region_month,2022,June,6,,,,,83,83,2567.53,2438,2564.37,0,0,20.41,70,0,9,Fall Armyworm,corn,13.71,Watchlist
region_month,2022,July,7,,,,,102,102,3453.39,2465,3544.39,0,0,14.69,46,0,0,Fall Armyworm,rice,12.11,Watchlist
region_month,2022,August,8,,,,,82,82,1237.8,1105,1234.8,0,0,12.57,50,0,5,Rodents,rice,7.93,Watchlist
region_month,2022,September,9,,,,,62,60,929.31,715,637.21,0,0,11.81,40,0,0,Plant Hopper,rice,7.41,Watchlist
region_month,2022,October,10,,,,,47,46,419.65,300,431.35,0,0,15.77,70,0,2,Fall Armyworm,corn,6.65,Watchlist
region_month,2022,November,11,,,,,73,73,839.93,884,727.12,0,0,12.53,38,0,0,Fall Armyworm,rice,6.42,Watchlist
region_month,2022,December,12,,,,,86,86,1704.12,1744,1710.62,0,0,14.52,50,0,1,Fall Armyworm,rice,10.09,Watchlist
region_month,2023,January,1,,,,,51,51,1516.3,1288,1516.3,0,0,19,55,0,4,Rodents,corn,12.96,Watchlist
region_month,2023,February,2,,,,,42,40,628.4,423,628.4,0,0,17.67,45,0,0,Fall Armyworm,corn,8.8,Watchlist
region_month,2023,March,3,,,,,58,58,840.76,825,840.76,0,0,12.91,70,0,2,Fall Armyworm,corn,7.63,Watchlist
region_month,2023,April,4,,,,,14,14,247.2,352,90,42,42,21.64,45,0,0,Fall Armyworm,rice,14.14,Watchlist
region_month,2023,May,5,,,,,113,112,2955.97,2391,1360.97,1766.56,1766.56,28.94,81,0,28,Fall Armyworm,corn,17.83,Watchlist
region_month,2023,June,6,,,,,90,88,2942.34,2641,1141.29,2424.15,2424.15,23.56,95,0,10,Fall Armyworm,corn,20.64,Watchlist
region_month,2023,July,7,,,,,77,77,2232.78,1759,2662.63,1051.31,1051.31,19.44,70,0,5,Fall Armyworm,corn,15.16,Watchlist
region_month,2023,August,8,,,,,114,114,3776.5,1959,3170,5697.54,5697.54,19.66,70,0,8,Plant Hopper,rice,17.4,Watchlist
region_month,2023,September,9,,,,,80,80,892.96,676,592.11,796.85,796.85,17.38,70,0,4,Plant Hopper,rice,9.09,Watchlist
region_month,2023,October,10,,,,,87,86,848.4,1057,597.05,299.85,299.85,14,40,0,0,Fall Armyworm,corn,8.42,Watchlist
region_month,2023,November,11,,,,,227,223,2294.7,3714,2228.7,60,60,14.82,90,0,10,Fall Armyworm,corn,8.96,Watchlist
region_month,2023,December,12,,,,,48,48,655.7,605,628.7,27,27,12.83,20,3.12,1,Fall Armyworm,corn,13.48,Watchlist
region_month,2024,January,1,,,,,146,145,2775.53,2291,1522.83,1498.7,1498.7,15.25,70,3.52,19,Rodents,rice,16.88,Watchlist
region_month,2024,February,2,,,,,250,246,4473.9,3874,3027.5,1475.4,1475.4,17.82,85,3.85,43,Plant Hopper,rice,17.72,Watchlist
region_month,2024,March,3,,,,,178,175,3141.93,3702,1826.23,897.3,897.3,20.3,100,4.72,57,Plant Hopper,rice,20.27,Watchlist
region_month,2024,April,4,,,,,140,140,3004.04,4180,1410.34,1623.2,1623.2,15.07,70,6.2,79,Cassava Phytoplasma/Mosaic,rice,24.18,Watchlist
region_month,2024,May,5,,,,,101,101,2258.07,2422,1363.7,932.3,932.3,13.14,80,2.88,13,Fall Armyworm,rice,16.69,Watchlist
region_month,2024,June,6,,,,,110,108,2222.3,2553,1910.9,311.4,311.4,21.33,66,2.8,12,Fall Armyworm,corn,18.22,Watchlist
region_month,2024,July,7,,,,,154,154,3685.42,3620,2788.53,915.89,915.89,29.76,87.5,3.28,47,Fall Armyworm,corn,21.42,Watchlist
region_month,2024,August,8,,,,,204,204,2567.8,2846.4,2712.56,226.42,226.42,15.93,60,3.67,13,Fall Armyworm,rice,15.27,Watchlist
region_month,2024,September,9,,,,,100,99,625.95,798,558.93,63.73,63.73,11.18,55,3.42,6,Stem/Shoot/Fruit Borer,rice,11.51,Watchlist
region_month,2024,October,10,,,,,99,99,612.12,860,584.6,27.24,27.24,13.44,77,2.98,7,Fall Armyworm,rice,11.19,Watchlist
region_month,2024,November,11,,,,,48,48,216.65,483,197.28,21.95,21.95,18.27,90,3.48,2,Fall Armyworm,rice,13.64,Watchlist
region_month,2024,December,12,,,,,116,116,719.79,2062,496.14,182.01,182.01,12.37,50,3.48,13,Fall Armyworm,rice,14.51,Watchlist
region_month,2025,January,1,,,,,152,152,1061.9,2289,973.42,180.61,180.61,14.75,100,3.51,9,Leaf Folder/Miner,rice,14.41,Watchlist
region_month,2025,February,2,,,,,252,252,3184.58,3121,2225.3,972.23,972.23,19.74,100,4.21,54,Bacterial Leaf Streak,rice,17.13,Watchlist
region_month,2025,March,3,,,,,252,250,2950.49,3006,2075.54,844.8,844.8,19.78,100,4.23,63,Fall Armyworm,rice,16.82,Watchlist
region_month,2025,April,4,,,,,133,133,958.42,1253,748.87,192.84,192.84,15.01,100,4.62,28,Stem/Shoot/Fruit Borer,rice,15.08,Watchlist
region_month,2025,May,5,,,,,93,91,645.5,915,560.7,78.55,78.55,24.4,100,3.62,16,Fall Armyworm,rice,15.47,Watchlist
region_month,2025,June,6,,,,,157,157,1523.09,2485,1146.18,151.23,151.23,19.81,100,2.91,20,Fall Armyworm,corn,15.18,Watchlist
region_month,2025,July,7,,,,,81,79,1059.99,1471,1042.46,134.27,134.27,17.92,50,2.44,1,Fall Armyworm,corn,14.96,Watchlist
region_month,2025,August,8,,,,,128,128,1223.51,1807,992.91,277.33,277.33,15.52,80,3.22,8,Fall Armyworm,rice,14.36,Watchlist
region_month,2025,September,9,,,,,94,94,563.83,1279,402.32,216.01,216.01,12.47,75.4,3.67,4,Stem/Shoot/Fruit Borer,rice,13.75,Watchlist
region_month,2025,October,10,,,,,91,91,383.44,680,258.3,138.94,138.94,23.57,90.32,4.63,28,S.Rys/Rtv/Rolp,rice,16.43,Watchlist
region_month,2025,November,11,,,,,56,55,781.93,968,771.09,147.1,147.1,18.61,80,3.21,5,Fall Armyworm,corn,15.78,Watchlist
region_month,2025,December,12,,,,,22,22,135.57,271,145.82,12.75,12.75,14.53,80,2.73,1,Fall Armyworm,rice,12.23,Watchlist
region_month,2026,January,1,,,,,98,98,1263.62,1199,1240.62,164.3,164.3,18.84,63.64,3.79,8,Fall Armyworm,rice,15.91,Watchlist
region_month,2026,February,2,,,,,94,93,680.89,1420,610.2,106.38,106.38,9.57,40,3.34,4,Rodents,rice,12.32,Watchlist
region_month,2026,June,6,,,,,33,33,156.37,431,80.74,75.63,75.63,5.17,19.7,3.15,0,Stem/Shoot/Fruit Borer,rice,9.85,Watchlist
region_month,2026,July,7,,,,,61,59,295.96,855,286.58,482.01,482.01,6.02,21,3.49,2,Stem/Shoot/Fruit Borer,rice,12.48,Watchlist
region_month,2026,December,12,,,,,1,1,9.6,3,9.6,0,0,30,30,1,0,Fall Armyworm,corn,11.1,Watchlist
commodity_month,2015,January,1,corn,,,,3,3,143,0,106,0,0,0.55,0.75,0,0,Rodents,corn,6.1,Watchlist
commodity_month,2015,January,1,rice,,,,11,10,4782.6,0,4782.6,0,0,1.46,5,0,0,Rodents,rice,22.02,Watchlist
commodity_month,2015,July,7,rice,,,,5,5,108,0,93,0,0,7.3,12.5,0,0,Rodents,rice,4.52,Watchlist
commodity_month,2016,January,1,rice,,,,2,2,681,0,671,0,0,1.5,1.5,0,0,Rodents,rice,18.5,Watchlist
commodity_month,2016,February,2,corn,,,,1,1,125,0,125,0,0,0.06,0.06,0,0,Rodents,corn,15.6,Watchlist
commodity_month,2016,February,2,rice,,,,10,10,2809.2,0,2774.2,0,0,0.86,2,0,0,Rodents,rice,24.66,Watchlist
commodity_month,2016,March,3,corn,,,,1,1,1,0,1,0,0,5,5,0,0,Plant Hopper,corn,1.4,Watchlist
commodity_month,2016,March,3,rice,,,,6,6,124.05,0,124.05,0,0,12.6,35,0,0,Rodents,rice,5.22,Watchlist
commodity_month,2016,August,8,rice,,,,2,2,166,0,166,0,0,2.88,5,0,0,Rodents,rice,11.1,Watchlist
commodity_month,2016,September,9,rice,,,,2,2,5,0,5,0,0,0.75,0.75,0,0,Rice Tungro Virus,rice,0.5,Watchlist
commodity_month,2016,December,12,corn,,,,1,1,47,0,47,0,0,1,1,0,0,Rodents,corn,6.1,Watchlist
commodity_month,2016,December,12,rice,,,,3,3,41,0,41,0,0,1.17,1.5,0,0,Rodents,rice,2.03,Watchlist
commodity_month,2017,January,1,corn,,,,4,4,438,0,438,0,0,5,5,0,0,Cutworm/Armyworm,corn,13.7,Watchlist
commodity_month,2017,January,1,rice,,,,6,6,927.46,0,927.46,0,0,4.32,12.5,0,0,Rodents,rice,14.62,Watchlist
commodity_month,2017,February,2,corn,,,,1,1,655.65,0,655.65,0,0,5,5,0,0,Cutworm/Armyworm,corn,36.2,Moderate
commodity_month,2017,February,2,rice,,,,7,7,1339,0,1339,0,0,14.53,65,0,1,Bacterial Leaf Streak,rice,20.54,Watchlist
commodity_month,2017,March,3,rice,,,,7,7,96.5,0,96.5,0,0,4.36,10.5,0,0,Plant Hopper,rice,2.83,Watchlist
commodity_month,2017,May,5,rice,,,,2,2,106,0,106,0,0,11.25,12.5,0,0,Plant Hopper,rice,9.45,Watchlist
commodity_month,2017,July-August,7,rice,,,,8,8,1301,0,1301,0,0,3.12,5,0,0,Bacterial Leaf Streak,rice,12.61,Watchlist
commodity_month,2017,August,8,rice,,,,12,12,769.9,0,754.9,0,0,2.7,5,0,0,Bacterial Leaf Streak,rice,8.58,Watchlist
commodity_month,2017,September,9,rice,,,,1,1,10,0,10,0,0,2,2,0,0,Rbb,rice,1.8,Watchlist
commodity_month,2017,December,12,rice,,,,3,3,55.5,0,55.5,0,0,5,7.5,0,0,Rbb,rice,3.57,Watchlist
commodity_month,2018,January,1,corn,,,,5,5,463,0,463,0,0,1,1,0,0,Rodents,corn,11.82,Watchlist
commodity_month,2018,January,1,rice,,,,9,9,1455.45,0,1455.45,0,0,2,2,0,0,Rodents,rice,13.54,Watchlist
commodity_month,2018,February,2,rice,,,,3,3,206,0,206,0,0,7.25,12.5,0,0,Bacterial Leaf Streak,rice,9.8,Watchlist
commodity_month,2019,January,1,corn,,,,7,7,12,0,12,0,0,1,1,0,0,Rodents,corn,0.47,Watchlist
commodity_month,2019,January,1,rice,,,,23,23,806,0,806,0,0,2.04,5,0,0,Rodents,rice,4.89,Watchlist
commodity_month,2019,February,2,corn,,,,3,3,3,0,3,0,0,1,1,0,0,Plant Hopper,corn,0.37,Watchlist
commodity_month,2019,February,2,rice,,,,61,59,148.05,0,145.05,0,0,3.23,20,0,0,Rbb,rice,1.11,Watchlist
commodity_month,2019,March,3,corn,,,,8,8,29.5,0,29.5,0,0,1,1,0,0,Rodents,corn,0.71,Watchlist
commodity_month,2019,March,3,rice,,,,54,54,182.24,0,182.24,0,0,2.65,20,0,0,Stem/Shoot/Fruit Borer,rice,1.09,Watchlist
commodity_month,2019,April,4,rice,,,,25,25,115.3,0,115.3,0,0,5.52,20,0,0,Plant Hopper,rice,1.95,Watchlist
commodity_month,2019,May,5,rice,,,,8,8,11.9,0,11.9,0,0,2.25,5,0,0,Blast/Blight/Spot,rice,0.76,Watchlist
commodity_month,2019,June,6,corn,,,,5,5,16.3,0,16.3,0,0,3.6,10,0,0,Disease - Fungal/Bacterial,corn,1.32,Watchlist
commodity_month,2019,June,6,rice,,,,3,3,7.3,0,7.3,0,0,8,20,0,0,Rbb,rice,2.3,Watchlist
commodity_month,2019,July,7,corn,,,,20,20,77.45,0,77.45,0,0,16.2,70,0,2,Fall Armyworm,corn,4.55,Watchlist
commodity_month,2019,July,7,rice,,,,9,9,20.8,0,20.8,0,0,1.56,2,0,0,Bacterial Leaf Blight,rice,0.68,Watchlist
commodity_month,2019,August,8,corn,,,,19,19,20.3,0,20.3,0,0,15.68,80,0,2,Fall Armyworm,corn,4.05,Watchlist
commodity_month,2019,August,8,rice,,,,9,9,38,0,38,0,0,6.89,15,0,0,Rbb,rice,2.24,Watchlist
commodity_month,2019,September,9,corn,,,,34,34,13.31,0,13.31,0,0,8.74,50,0,1,Fall Armyworm,corn,2.24,Watchlist
commodity_month,2019,September,9,rice,,,,2,2,7.15,0,7.15,0,0,15,15,0,0,Plant Hopper,rice,4.2,Watchlist
commodity_month,2019,October,10,corn,,,,73,73,61.88,0,61.88,0,0,17.07,62,0,6,Fall Armyworm,corn,4.37,Watchlist
commodity_month,2019,October,10,rice,,,,15,15,247.05,0,237.05,0,0,3.8,5,0,0,Plant Hopper,rice,3,Watchlist
commodity_month,2019,November,11,corn,,,,94,94,127.03,0,127.03,0,0,14.48,50,0,1,Fall Armyworm,corn,3.79,Watchlist
commodity_month,2019,November,11,rice,,,,5,5,30,0,30,0,0,5.25,15,0,0,Rbb,rice,1.78,Watchlist
commodity_month,2019,December,12,corn,,,,10,10,14.2,0,14.2,0,0,12,26,0,0,Fall Armyworm,corn,3.19,Watchlist
commodity_month,2020,January,1,corn,,,,23,23,64.4,0,64.4,0,0,16.71,70,0,1,Fall Armyworm,corn,4.53,Watchlist
commodity_month,2020,February,2,corn,,,,209,209,3781.15,0,3781.15,0,0,28.94,90,0,20,Fall Armyworm,corn,9.5,Watchlist
commodity_month,2020,MARCH,3,corn,,,,62,62,502.6,0,502.6,0,0,33.53,80,0,9,Fall Armyworm,corn,9.39,Watchlist
commodity_month,2020,April,4,corn,,,,5,5,15,0,15,0,0,32,40,0,0,Fall Armyworm,corn,8.36,Watchlist
commodity_month,2020,May,5,corn,,,,27,27,199.68,0,199.68,0,0,33.26,100,0,6,Fall Armyworm,corn,9.24,Watchlist
commodity_month,2020,June,6,corn,,,,152,150,3115.26,0,3115.26,0,0,29.69,95,0,28,Fall Armyworm,corn,9.89,Watchlist
commodity_month,2020,July,7,corn,,,,111,111,1768.96,0,1768.96,0,0,23.82,100,0,13,Fall Armyworm,corn,7.95,Watchlist
commodity_month,2020,July,7,rice,,,,8,8,262.82,0,262.82,0,0,20,60,0,1,Leaf Folder/Miner,rice,9.09,Watchlist
commodity_month,2020,August,8,corn,,,,31,31,244.73,5,244.73,0,0,35.74,98,0,10,Fall Armyworm,corn,9.96,Watchlist
commodity_month,2020,August,8,rice,,,,12,12,173.9,0,173.9,0,0,18.09,60,0,1,Leaf Folder/Miner,rice,5.93,Watchlist
commodity_month,2020,September,9,corn,,,,16,16,74.95,0,74.95,0,0,40.44,100,0,7,Fall Armyworm,corn,10.7,Watchlist
commodity_month,2020,September,9,rice,,,,22,22,505.7,0,505.7,0,0,18,90,0,2,Plant Hopper,rice,6.96,Watchlist
commodity_month,2020,October,10,corn,,,,42,42,318.3,0,318.3,0,0,9.64,50,0,1,Fall Armyworm,corn,3.36,Watchlist
commodity_month,2020,October,10,rice,,,,18,18,226.85,0,226.85,0,0,26.06,80,0,5,Leaf Folder/Miner,rice,8.11,Watchlist
commodity_month,2020,November,11,corn,,,,25,25,243.45,1,243.45,0,0,11.52,40,0,0,Fall Armyworm,corn,4.1,Watchlist
commodity_month,2020,November,11,rice,,,,20,20,376.2,0,386.2,990,990,17.81,75,0,3,Rbb,rice,7.3,Watchlist
commodity_month,2020,December,12,corn,,,,13,13,77.4,91,77.4,0,0,11.15,40,0,0,Fall Armyworm,corn,5.28,Watchlist
commodity_month,2020,December,12,rice,,,,9,9,604,0,59,545,545,22.86,35,0,0,Bacterial Leaf Blight,rice,11.49,Watchlist
commodity_month,2021,January,1,corn,,,,51,51,1980.94,0,1980.94,0,0,16.64,50,0,1,Fall Armyworm,corn,9.02,Watchlist
commodity_month,2021,January,1,rice,,,,57,57,312.5,498,312.5,0,0,12.66,50,0,1,Rodents,rice,5.75,Watchlist
commodity_month,2021,February,2,corn,,,,97,97,2303.06,1632,2303.06,0,0,17.03,78,0,7,Fall Armyworm,corn,9.86,Watchlist
commodity_month,2021,February,2,hvc,,,,12,12,39.8,72,40.05,0,0,21.25,60,9,3,Cutworm/Armyworm,hvc,9.72,Watchlist
commodity_month,2021,February,2,rice,,,,33,33,775.1,304,760.3,0,0,16.03,75,0,1,Leaf Folder/Miner,rice,9.21,Watchlist
commodity_month,2021,March,3,corn,,,,59,59,950.95,751,950.45,0,0,16.58,55,0,1,Fall Armyworm,corn,9.18,Watchlist
commodity_month,2021,March,3,rice,,,,89,89,543.29,1088,543.29,0,0,11.36,50,0,2,Plant Hopper,rice,6.23,Watchlist
commodity_month,2021,April,4,corn,,,,24,24,976.65,991,976.65,0,0,23.33,76,0,3,Fall Armyworm,corn,15.14,Watchlist
commodity_month,2021,April,4,rice,,,,54,54,663.7,725,663.7,0,0,25,60,0,6,Plant Hopper,rice,10.64,Watchlist
commodity_month,2021,May,5,corn,,,,4,4,10.5,10,10.5,0,0,34,60,0,1,Fall Armyworm,corn,9.47,Watchlist
commodity_month,2021,May,5,hvc,,,,1,1,0.02,1,0.4,0,0,5,5,9,1,Stem/Shoot/Fruit Borer,hvc,16.5,Watchlist
commodity_month,2021,May,5,rice,,,,23,23,36.42,97,34.5,0,0,11.65,48,0,0,Fall Armyworm,rice,4.17,Watchlist
commodity_month,2021,June,6,corn,,,,7,7,12.3,7,12.3,0,0,21,52,0,1,Fall Armyworm,corn,5.71,Watchlist
commodity_month,2021,June,6,rice,,,,55,54,241.89,383,204.81,0,0,11.13,80,0,3,Fall Armyworm,rice,5.02,Watchlist
commodity_month,2021,July,7,corn,,,,149,148,3310.64,2799,3307.64,0,0,11.77,60,0,1,Fall Armyworm,corn,9.3,Watchlist
commodity_month,2021,July,7,rice,,,,28,28,121.32,204,116.32,0,0,10.82,70,0,1,Leaf Folder/Miner,rice,5.06,Watchlist
commodity_month,2021,August,8,corn,,,,47,47,1424.5,1047,1424.5,0,0,12.83,40,0,0,Fall Armyworm,corn,11.17,Watchlist
commodity_month,2021,August,8,rice,,,,81,81,898.94,821,912.94,0,0,16.81,90,0,5,Plant Hopper,rice,7.62,Watchlist
commodity_month,2021,September,9,corn,,,,5,5,75,46,75,0,0,11,15,0,0,Fall Armyworm,corn,6.94,Watchlist
commodity_month,2021,September,9,rice,,,,156,154,3315.19,1004,3295.19,0,0,23.83,90,0,31,Plant Hopper,rice,10.21,Watchlist
commodity_month,2021,October,10,corn,,,,10,10,47,21,47,0,0,31.9,60,0,5,Fall Armyworm,corn,9.07,Watchlist
commodity_month,2021,October,10,rice,,,,32,32,719.4,82,719.4,0,0,16,70,0,3,Plant Hopper,rice,7.45,Watchlist
commodity_month,2021,November,11,corn,,,,31,31,837.53,702,837.53,0,0,10.45,38,0,0,Fall Armyworm,corn,11.49,Watchlist
commodity_month,2021,November,11,hvc,,,,5,5,15,7,15,0,0,5.75,6,9,2,Stem/Shoot/Fruit Borer,hvc,7.86,Watchlist
commodity_month,2021,November,11,rice,,,,29,29,200.5,0,177.5,0,0,9.66,30,0,0,Rbb,rice,3.28,Watchlist
commodity_month,2021,December,12,corn,,,,47,47,822.2,779,819.5,0,0,9.23,18,0,0,Fall Armyworm,corn,8.59,Watchlist
commodity_month,2021,December,12,rice,,,,45,45,307.14,0,307.14,231,231,4.05,12,0,0,Rodents,rice,2.86,Watchlist
commodity_month,2022,January,1,corn,,,,65,65,1459.6,1342,1464.6,0,0,18.26,46,0,0,Fall Armyworm,corn,12.29,Watchlist
commodity_month,2022,January,1,rice,,,,148,146,2729.14,1193,2731.66,0,0,9.18,89,0,4,Rodents,rice,6.38,Watchlist
commodity_month,2022,February,2,corn,,,,44,44,1041.48,737,1041.53,0,0,18.43,50,0,4,Fall Armyworm,corn,11.3,Watchlist
commodity_month,2022,February,2,rice,,,,289,289,2311.49,1999,2313.76,0,0,20.76,90,0,26,Blast/Blight/Spot,rice,7.9,Watchlist
commodity_month,2022,March,3,corn,,,,20,20,86.3,85,86.3,0,0,15.6,50,0,1,Fall Armyworm,corn,5.5,Watchlist
commodity_month,2022,March,3,rice,,,,204,204,1611.83,1791,1608.78,2,2,30.57,80,0,45,Plant Hopper,rice,10.37,Watchlist
commodity_month,2022,April,4,corn,,,,8,8,37.4,64,37.3,0,0,22,80,0,1,Fall Armyworm,corn,8.09,Watchlist
commodity_month,2022,April,4,rice,,,,75,75,332.97,388,305.49,0,0,20.03,70,0,10,Blast/Blight/Spot,rice,6.86,Watchlist
commodity_month,2022,May,5,corn,,,,56,56,3067.97,2879,3068.27,0,0,29.93,80,0,11,Fall Armyworm,corn,20.76,Watchlist
commodity_month,2022,May,5,rice,,,,24,24,141.62,216,141.62,0,0,15.08,30,0,0,Rbb,rice,5.03,Watchlist
commodity_month,2022,June,6,corn,,,,59,59,2382.61,2245,2379.45,0,0,24.41,70,0,9,Fall Armyworm,corn,17,Watchlist
commodity_month,2022,June,6,rice,,,,24,24,184.92,193,184.92,0,0,10.58,40,0,0,Leaf Folder/Miner,rice,5.62,Watchlist
commodity_month,2022,July,7,corn,,,,47,47,2074.34,2092,2074.34,0,0,19.55,46,0,0,Fall Armyworm,corn,17.71,Watchlist
commodity_month,2022,July,7,rice,,,,55,55,1379.05,373,1470.05,0,0,10.53,40,0,0,Rbb,rice,7.33,Watchlist
commodity_month,2022,August,8,corn,,,,22,22,667.1,541,667.1,0,0,11,20,0,0,Rodents,corn,11.32,Watchlist
commodity_month,2022,August,8,rice,,,,60,60,570.7,564,567.7,0,0,13.15,50,0,5,Bacterial Leaf Blight,rice,6.69,Watchlist
commodity_month,2022,September,9,corn,,,,11,11,30.62,26,30.62,0,0,13.27,40,0,0,Fall Armyworm,corn,4.25,Watchlist
commodity_month,2022,September,9,rice,,,,51,49,898.69,689,606.59,0,0,11.49,40,0,0,Plant Hopper,rice,8.09,Watchlist
commodity_month,2022,October,10,corn,,,,31,30,339.6,240,351.3,0,0,16.42,50,0,1,Fall Armyworm,corn,7.41,Watchlist
commodity_month,2022,October,10,rice,,,,16,16,80.05,60,80.05,0,0,14.5,70,0,1,Bacterial Leaf Blight,rice,5.18,Watchlist
commodity_month,2022,November,11,corn,,,,34,34,620.5,642,620.5,0,0,14.32,38,0,0,Fall Armyworm,corn,9.52,Watchlist
commodity_month,2022,November,11,rice,,,,39,39,219.43,242,106.62,0,0,9.87,30,0,0,Rbb,rice,3.71,Watchlist
commodity_month,2022,December,12,corn,,,,39,39,1340.3,1358,1345.3,0,0,17.79,50,0,1,Fall Armyworm,corn,15.23,Watchlist
commodity_month,2022,December,12,rice,,,,47,47,363.82,386,365.32,0,0,11.69,30,0,0,Rodents,rice,5.82,Watchlist
commodity_month,2023,January,1,corn,,,,26,26,945.95,1077,945.95,0,0,15.52,30,0,0,Fall Armyworm,corn,15.25,Watchlist
commodity_month,2023,January,1,rice,,,,25,25,570.35,211,570.35,0,0,22.48,55,0,4,Rodents,rice,10.58,Watchlist
commodity_month,2023,February,2,corn,,,,26,26,407.1,263,407.1,0,0,18.35,45,0,0,Fall Armyworm,corn,9.08,Watchlist
commodity_month,2023,February,2,rice,,,,16,14,221.3,160,221.3,0,0,16.56,30,0,0,Blast/Blight/Spot,rice,8.36,Watchlist
commodity_month,2023,March,3,corn,,,,35,35,642.26,572,642.26,0,0,15.71,70,0,2,Fall Armyworm,corn,9.37,Watchlist
commodity_month,2023,March,3,rice,,,,23,23,198.5,253,198.5,0,0,8.65,30,0,0,Bacterial Leaf Blight,rice,5,Watchlist
commodity_month,2023,April,4,corn,,,,7,7,183,261,45,42,42,34.29,45,0,0,Fall Armyworm,corn,21.64,Watchlist
commodity_month,2023,April,4,rice,,,,7,7,64.2,91,45,0,0,9,15,0,0,Plant Hopper,rice,6.64,Watchlist
commodity_month,2023,May,5,cassava,,,,14,14,385.5,276,0,326,326,34.86,60,0,2,Cassava Phytoplasma/Mosaic,cassava,20.59,Watchlist
commodity_month,2023,May,5,corn,,,,75,75,2360.78,1953,1166.6,1430.5,1430.5,30.76,81,0,24,Fall Armyworm,corn,20.52,Watchlist
commodity_month,2023,May,5,hvc,,,,3,3,11.82,13,0.4,0,0,10,15,0,0,Stem/Shoot/Fruit Borer,hvc,4.1,Watchlist
commodity_month,2023,May,5,rice,,,,21,20,197.87,149,193.97,10.06,10.06,21.19,50,0,2,Cutworm/Armyworm,rice,8.34,Watchlist
commodity_month,2023,June,6,cassava,,,,9,9,412,441,0,555,555,82.78,95,0,9,Cassava Phytoplasma/Mosaic,cassava,43.74,Moderate
commodity_month,2023,June,6,corn,,,,59,59,2301.75,1945,963.2,1722.65,1722.65,20.03,50,0,1,Fall Armyworm,corn,21.93,Watchlist
commodity_month,2023,June,6,hvc,,,,8,8,89.5,127,0,89.5,89.5,5,5,0,0,Gummosis,hvc,8.84,Watchlist
commodity_month,2023,June,6,rice,,,,14,12,139.09,128,178.09,57,57,10.93,40,0,0,Stem/Shoot/Fruit Borer,rice,7.07,Watchlist
commodity_month,2023,July,7,corn,,,,46,46,1653.16,1427,1624.13,571.45,571.45,24.43,50,0,4,Fall Armyworm,corn,18.15,Watchlist
commodity_month,2023,July,7,hvc,,,,10,10,111.06,38,0.2,120.3,120.3,17.5,70,0,1,Disease - Fungal/Bacterial,hvc,8.61,Watchlist
commodity_month,2023,July,7,rice,,,,21,21,468.56,294,1038.3,359.56,359.56,9.43,30,0,0,Stem/Shoot/Fruit Borer,rice,11.74,Watchlist
commodity_month,2023,August,8,cassava,,,,2,2,7,5,0,9,9,55,70,0,1,Cassava Phytoplasma/Mosaic,cassava,15.7,Watchlist
commodity_month,2023,August,8,corn,,,,18,18,598,291,973,535,535,23.39,63,0,2,Fall Armyworm,corn,17.19,Watchlist
commodity_month,2023,August,8,hvc,,,,2,2,3,5,3,0,0,5,5,0,0,Aphids/Scale/Mealybug,hvc,2.05,Watchlist
commodity_month,2023,August,8,rice,,,,92,92,3168.5,1658,2194,5153.54,5153.54,18.47,70,0,5,Plant Hopper,rice,17.81,Watchlist
commodity_month,2023,September,9,cassava,,,,11,11,202.3,152,0,12.3,12.3,17.27,50,0,1,Cassava Phytoplasma/Mosaic,cassava,10.31,Watchlist
commodity_month,2023,September,9,corn,,,,14,14,97.75,111,79.25,20.5,20.5,23.57,70,0,2,Fall Armyworm,corn,9.04,Watchlist
commodity_month,2023,September,9,hvc,,,,14,14,51.2,85,22.2,30.5,30.5,10.36,30,0,0,Stem/Shoot/Fruit Borer,hvc,5,Watchlist
commodity_month,2023,September,9,rice,,,,41,41,541.71,328,490.66,733.55,733.55,17.68,50,0,1,Plant Hopper,rice,10.18,Watchlist
commodity_month,2023,October,10,cassava,,,,3,3,60,37,0,0,0,21.67,25,0,0,Cassava Phytoplasma/Mosaic,cassava,11,Watchlist
commodity_month,2023,October,10,corn,,,,44,44,583.3,793,421.5,234,234,17.66,40,0,0,Fall Armyworm,corn,11.59,Watchlist
commodity_month,2023,October,10,hvc,,,,20,19,45.2,87,40,15.5,15.5,9.25,15,0,0,Fruit Fly,hvc,3.84,Watchlist
commodity_month,2023,October,10,rice,,,,20,20,159.9,140,135.55,50.35,50.35,9.55,20,0,0,Rbb,rice,5.64,Watchlist
commodity_month,2023,November,11,cassava,,,,3,3,60,45,0,60,60,30,30,0,0,Cassava Phytoplasma/Mosaic,cassava,17.77,Watchlist
commodity_month,2023,November,11,corn,,,,167,163,1975.27,2587,1969.27,0,0,15.31,90,0,9,Fall Armyworm,corn,9.07,Watchlist
commodity_month,2023,November,11,hvc,,,,7,7,14.88,15,14.88,0,0,11.86,30,0,0,Twister,hvc,3.76,Watchlist
commodity_month,2023,November,11,rice,,,,50,50,244.54,1067,244.54,0,0,12.68,80,0,1,Stem/Shoot/Fruit Borer,rice,8.81,Watchlist
commodity_month,2023,December,12,corn,,,,47,47,654.7,602,627.7,27,27,12.89,20,3,0,Fall Armyworm,corn,13.38,Watchlist
commodity_month,2023,December,12,hvc,,,,1,1,1,3,1,0,0,10,10,9,1,Stem/Shoot/Fruit Borer,hvc,18.4,Watchlist
commodity_month,2024,January,1,corn,,,,41,41,600.45,528,179.95,613,613,13.37,50,3,1,Fall Armyworm,corn,16.1,Watchlist
commodity_month,2024,January,1,hvc,,,,14,13,55.2,125,46.5,26.2,26.2,24.57,70,8.43,13,Cutworm/Armyworm,hvc,23.29,Watchlist
commodity_month,2024,January,1,rice,,,,91,91,2119.88,1638,1296.38,859.5,859.5,14.66,60,3,5,Rodents,rice,16.25,Watchlist
commodity_month,2024,February,2,cassava,,,,18,18,1026,684,88,958,958,51.11,80,9,18,Cassava Phytoplasma/Mosaic,cassava,50.91,Moderate
commodity_month,2024,February,2,corn,,,,86,85,1487.4,1306,1485.4,3,3,19.2,70,3,5,Fall Armyworm,corn,15.5,Watchlist
commodity_month,2024,February,2,hvc,,,,17,17,284.5,63,285.5,0,0,26.65,70,9,17,Cutworm/Armyworm,hvc,24.68,Watchlist
commodity_month,2024,February,2,rice,,,,129,126,1676,1821,1168.6,514.4,514.4,11.1,85,3.02,3,Bacterial Leaf Blight,rice,13.66,Watchlist
commodity_month,2024,March,3,cassava,,,,14,14,323,314,44,329,329,35,80,9,14,Cassava Phytoplasma/Mosaic,cassava,36.77,Moderate
commodity_month,2024,March,3,corn,,,,37,35,740.47,692,583.47,157,157,21.22,70,3,4,Fall Armyworm,corn,17.84,Watchlist
commodity_month,2024,March,3,hvc,,,,35,34,219.9,126,14.2,37.3,37.3,33.77,75,9,35,Cutworm/Armyworm,hvc,25.34,Watchlist
commodity_month,2024,March,3,rice,,,,92,92,1858.56,2570,1184.56,374,374,12.57,100,3.13,4,Plant Hopper,rice,16.81,Watchlist
commodity_month,2024,April,4,cassava,,,,34,34,1404,1202,480,936,936,25.29,70,9,34,Cassava Phytoplasma/Mosaic,cassava,36.35,Moderate
commodity_month,2024,April,4,corn,,,,14,14,53.1,64,53.1,0,0,16.79,25,3,0,Fall Armyworm,corn,10.91,Watchlist
commodity_month,2024,April,4,hvc,,,,45,45,423.8,1043,137.2,289.1,289.1,13.64,50,9,45,Stem/Shoot/Fruit Borer,hvc,26.26,Watchlist
commodity_month,2024,April,4,rice,,,,47,47,1123.14,1871,740.04,398.1,398.1,8.53,27,2.45,0,Bacterial Leaf Blight,rice,17.33,Watchlist
commodity_month,2024,May,5,cassava,,,,12,12,772,354,260,512,512,22,36,6,6,Cassava Phytoplasma/Mosaic,cassava,33.5,Watchlist
commodity_month,2024,May,5,corn,,,,28,28,461.2,330,461.2,0,0,20.04,80,2.43,3,Fall Armyworm,corn,14.14,Watchlist
commodity_month,2024,May,5,hvc,,,,15,15,148.8,297,45.5,121.3,121.3,15.73,50,3.4,2,Stem/Shoot/Fruit Borer,hvc,17.53,Watchlist
commodity_month,2024,May,5,rice,,,,46,46,876.07,1441,597,299,299,5.77,20,2.17,2,Stem/Shoot/Fruit Borer,rice,13.59,Watchlist
commodity_month,2024,June,6,corn,,,,81,80,1835.05,2028,1594.05,241,241,24.54,66,2.73,9,Fall Armyworm,corn,19.79,Watchlist
commodity_month,2024,June,6,hvc,,,,5,5,6.5,6,6.1,0.4,0.4,7.8,12,3.8,1,Leaf Folder/Miner,hvc,8.8,Watchlist
commodity_month,2024,June,6,rice,,,,24,23,380.75,519,310.75,70,70,13.33,50,2.83,2,Leaf Folder/Miner,rice,14.87,Watchlist
commodity_month,2024,July,7,corn,,,,111,111,3307.21,3071,2420.13,897.08,897.08,37.86,87.5,3.39,45,Fall Armyworm,corn,25.4,Watchlist
commodity_month,2024,July,7,hvc,,,,3,3,3.31,10,2.3,1.01,1.01,28.33,40,5,1,Rind Borer,hvc,16.53,Watchlist
commodity_month,2024,July,7,rice,,,,40,40,374.9,539,366.1,17.8,17.8,7.4,35,2.85,1,Leaf Folder/Miner,rice,10.74,Watchlist
commodity_month,2024,August,8,corn,,,,71,71,1022.57,1160.4,970.37,99.7,99.7,24.49,55,3.96,10,Fall Armyworm,corn,18.37,Watchlist
commodity_month,2024,August,8,hvc,,,,5,5,1.54,11,0.64,0.9,0.9,10,30,2.2,0,Squash Beetle,hvc,6.86,Watchlist
commodity_month,2024,August,8,rice,,,,128,128,1543.69,1675,1741.55,125.82,125.82,11.42,60,3.57,3,Leaf Folder/Miner,rice,13.87,Watchlist
commodity_month,2024,September,9,corn,,,,10,10,37.33,38,32.55,5.2,5.2,25.5,55,2.8,3,Fall Armyworm,corn,12.63,Watchlist
commodity_month,2024,September,9,hvc,,,,3,3,0.02,5,0.11,0,0,2,2,3,0,Stem/Shoot/Fruit Borer,hvc,6.03,Watchlist
commodity_month,2024,September,9,rice,,,,87,86,588.6,755,526.27,58.53,58.53,9.85,50,3.51,3,Stem/Shoot/Fruit Borer,rice,11.57,Watchlist
commodity_month,2024,October,10,corn,,,,35,35,107.27,247,95.62,11.65,11.65,18.8,50,2.4,1,Fall Armyworm,corn,11,Watchlist
commodity_month,2024,October,10,rice,,,,64,64,504.86,613,488.98,15.59,15.59,10.5,77,3.3,6,Stem/Shoot/Fruit Borer,rice,11.29,Watchlist
commodity_month,2024,November,11,corn,,,,19,19,98.25,279,80.3,20.5,20.5,20.26,35,2.68,0,Fall Armyworm,corn,14.16,Watchlist
commodity_month,2024,November,11,hvc,,,,3,3,0.85,6,0.53,0.35,0.35,16,35,5,1,Coffe Berry Disease,hvc,13,Watchlist
commodity_month,2024,November,11,rice,,,,26,26,117.55,198,116.45,1.1,1.1,17.07,90,3.88,1,Stem/Shoot/Fruit Borer,rice,13.34,Watchlist
commodity_month,2024,December,12,cassava,,,,6,6,130,174,0,130,130,38.33,50,9,6,Cassava Phytoplasma/Mosaic,cassava,38.87,Moderate
commodity_month,2024,December,12,corn,,,,36,36,159.3,726,158.3,1,1,16.53,30,1.94,0,Fall Armyworm,corn,13.04,Watchlist
commodity_month,2024,December,12,hvc,,,,12,12,7.31,40,5.03,0.27,0.27,15.19,40,6.67,7,Stem/Shoot/Fruit Borer,hvc,15.88,Watchlist
commodity_month,2024,December,12,rice,,,,62,62,423.19,1122,332.81,50.74,50.74,6.89,25,3.23,0,Golden Apple Snail,rice,12.75,Watchlist
commodity_month,2025,January,1,corn,,,,37,37,356.9,712,343.75,13.15,13.15,22.63,55,2.65,1,Fall Armyworm,corn,16.25,Watchlist
commodity_month,2025,January,1,hvc,,,,10,10,12.21,40,5.43,1.07,1.07,43.13,100,6.4,7,Cutworm/Armyworm,hvc,22.67,Watchlist
commodity_month,2025,January,1,rice,,,,105,105,692.78,1537,624.23,166.39,166.39,9.27,77,3.53,1,Leaf Folder/Miner,rice,12.97,Watchlist
commodity_month,2025,February,2,corn,,,,60,60,938.09,931,926.99,9.75,9.75,23,100,3.02,9,Fall Armyworm,corn,16.52,Watchlist
commodity_month,2025,February,2,hvc,,,,32,32,10.88,76,4.26,6.42,6.42,36.09,100,6.09,21,Cutworm/Armyworm,hvc,19.92,Watchlist
commodity_month,2025,February,2,rice,,,,160,160,2235.62,2114,1294.06,956.06,956.06,15.24,100,4.29,24,Bacterial Leaf Streak,rice,16.8,Watchlist
commodity_month,2025,March,3,corn,,,,70,70,937.55,931,723.41,214.14,214.14,18,60,4.6,20,Fall Armyworm,corn,17.86,Watchlist
commodity_month,2025,March,3,hvc,,,,43,42,30.45,115,18.39,7.15,7.15,37.12,100,4.35,21,Leaf Folder/Miner,hvc,17.4,Watchlist
commodity_month,2025,March,3,rice,,,,139,138,1982.48,1960,1333.73,623.51,623.51,15.3,95,4,22,Stem/Shoot/Fruit Borer,rice,16.12,Watchlist
commodity_month,2025,April,4,corn,,,,55,55,670.41,752,482.28,170.63,170.63,19.19,50,5.6,18,Fall Armyworm,corn,19.75,Watchlist
commodity_month,2025,April,4,hvc,,,,21,21,42.61,93,39.45,3.41,3.41,28.87,100,5.43,9,Stem/Shoot/Fruit Borer,hvc,17.76,Watchlist
commodity_month,2025,April,4,rice,,,,57,57,245.4,408,227.14,18.8,18.8,5.87,25,3.39,1,Stem/Shoot/Fruit Borer,rice,9.59,Watchlist
commodity_month,2025,May,5,corn,,,,30,30,268.05,429,221.6,40.2,40.2,20.66,40,2.67,1,Fall Armyworm,corn,14.65,Watchlist
commodity_month,2025,May,5,hvc,,,,15,13,10.42,21,3.65,6.77,6.77,36.63,100,4.73,4,Disease - Fungal/Bacterial,hvc,17.71,Watchlist
commodity_month,2025,May,5,rice,,,,48,48,367.03,465,335.45,31.58,31.58,22.91,100,3.88,11,Stem/Shoot/Fruit Borer,rice,15.28,Watchlist
commodity_month,2025,June,6,corn,,,,80,80,943,1393,763.6,110.64,110.64,27.04,100,2.6,12,Fall Armyworm,corn,17.24,Watchlist
commodity_month,2025,June,6,hvc,,,,12,12,111.14,27,14.76,8.59,8.59,20.58,90,5.67,5,Disease - Fungal/Bacterial,hvc,16.53,Watchlist
commodity_month,2025,June,6,rice,,,,65,65,468.95,1065,367.83,32,32,10.78,100,2.78,3,Stem/Shoot/Fruit Borer,rice,12.41,Watchlist
commodity_month,2025,July,7,corn,,,,40,40,883.1,913,868.6,118.6,118.6,25.34,45,2.15,0,Fall Armyworm,corn,18.68,Watchlist
commodity_month,2025,July,7,hvc,,,,5,5,2.21,14,0,2.21,2.21,26,35,1.4,0,Red Palm Weevil,hvc,9.7,Watchlist
commodity_month,2025,July,7,rice,,,,36,34,174.68,544,173.86,13.46,13.46,8.55,50,2.92,1,Leaf Folder/Miner,rice,11.55,Watchlist
commodity_month,2025,August,8,corn,,,,24,24,281.8,408,276.05,0,0,22.08,45,1.75,0,Fall Armyworm,corn,14.2,Watchlist
commodity_month,2025,August,8,hvc,,,,7,7,5.17,32,4.28,9,9,21.43,30,4.43,1,Scab,hvc,14.37,Watchlist
commodity_month,2025,August,8,rice,,,,97,97,936.53,1367,712.58,268.33,268.33,13.44,80,3.49,7,Plant Hopper,rice,14.4,Watchlist
commodity_month,2025,September,9,corn,,,,18,18,213.19,334,106.17,159.53,159.53,14.65,35,3.39,0,Blast/Blight/Spot,corn,16.28,Watchlist
commodity_month,2025,September,9,hvc,,,,16,16,8.93,64,10.32,0.6,0.6,12.75,50,3.88,2,Stem/Shoot/Fruit Borer,hvc,10.86,Watchlist
commodity_month,2025,September,9,rice,,,,60,60,341.71,881,285.83,55.88,55.88,11.74,75.4,3.7,2,Stem/Shoot/Fruit Borer,rice,13.76,Watchlist
commodity_month,2025,October,10,corn,,,,22,22,50.26,182,46.4,11.76,11.76,12.04,30,3.27,0,Fall Armyworm,corn,11.03,Watchlist
commodity_month,2025,October,10,hvc,,,,9,9,5.85,26,8.57,0.07,0.07,14.56,20,4.11,0,Stem/Shoot/Fruit Borer,hvc,11.44,Watchlist
commodity_month,2025,October,10,rice,,,,60,60,327.33,472,203.32,127.1,127.1,29.14,90.32,5.2,28,S.Rys/Rtv/Rolp,rice,19.15,Watchlist
commodity_month,2025,November,11,corn,,,,29,28,196.9,355,194.55,138.6,138.6,17.34,30,2.52,2,Fall Armyworm,corn,13.48,Watchlist
commodity_month,2025,November,11,rice,,,,27,27,585.03,613,576.53,8.5,8.5,19.97,80,3.96,3,Bacterial Leaf Blight,rice,18.25,Watchlist
commodity_month,2025,December,12,corn,,,,9,9,110.2,122,99.45,10.75,10.75,20,35,1.44,0,Fall Armyworm,corn,12.61,Watchlist
commodity_month,2025,December,12,rice,,,,13,13,25.37,149,46.37,2,2,10.74,80,3.62,1,Bacterial Leaf Blight,rice,11.96,Watchlist
commodity_month,2026,January,1,corn,,,,47,47,967.91,753,950.61,14.6,14.6,26.41,63.64,3.43,3,Fall Armyworm,corn,18.97,Watchlist
commodity_month,2026,January,1,rice,,,,51,51,295.71,446,290.01,149.7,149.7,11.87,50,4.12,5,Bacterial Leaf Blight,rice,13.1,Watchlist
commodity_month,2026,February,2,corn,,,,22,22,159.93,181,141.08,56.77,56.77,15.06,35,2.82,1,Fall Armyworm,corn,12.02,Watchlist
commodity_month,2026,February,2,rice,,,,72,71,520.96,1239,469.12,49.61,49.61,7.89,40,3.5,3,Rodents,rice,12.41,Watchlist
commodity_month,2026,June,6,rice,,,,33,33,156.37,431,80.74,75.63,75.63,5.17,19.7,3.15,0,Stem/Shoot/Fruit Borer,rice,9.85,Watchlist
commodity_month,2026,July,7,rice,,,,61,59,295.96,855,286.58,482.01,482.01,6.02,21,3.49,2,Stem/Shoot/Fruit Borer,rice,12.48,Watchlist
commodity_month,2026,December,12,corn,,,,1,1,9.6,3,9.6,0,0,30,30,1,0,Fall Armyworm,corn,11.1,Watchlist
pest_month,2015,January,1,,Bacterial Leaf Blight,,,1,1,39.8,0,39.8,0,0,5,5,0,0,Bacterial Leaf Blight,rice,6.2,Watchlist
pest_month,2015,January,1,,Plant Hopper,,,1,1,50,0,50,0,0,0.5,0.5,0,0,Plant Hopper,corn,6.4,Watchlist
pest_month,2015,January,1,,Rice Tungro Virus,,,1,1,15,0,15,0,0,5,5,0,0,Rice Tungro Virus,rice,3.1,Watchlist
pest_month,2015,January,1,,Rodents,,,11,10,4820.8,0,4783.8,0,0,0.65,1,0,0,Rodents,rice,22.25,Watchlist
pest_month,2015,July,7,,Bacterial Leaf Streak,,,1,1,75,0,75,0,0,12.5,12.5,0,0,Bacterial Leaf Streak,rice,12.5,Watchlist
pest_month,2015,July,7,,Rice Tungro Virus,,,2,2,18,0,18,0,0,6.75,8,0,0,Rice Tungro Virus,rice,2.8,Watchlist
pest_month,2015,July,7,,Rodents,,,2,2,15,0,0,0,0,5.25,6.5,0,0,Rodents,rice,2.25,Watchlist
pest_month,2016,January,1,,Rodents,,,2,2,681,0,671,0,0,1.5,1.5,0,0,Rodents,rice,18.5,Watchlist
pest_month,2016,February,2,,Rodents,,,11,11,2934.2,0,2899.2,0,0,0.78,2,0,0,Rodents,rice,23.84,Watchlist
pest_month,2016,March,3,,Blast/Blight/Spot,,,1,1,23.3,0,23.3,0,0,15,15,0,0,Blast/Blight/Spot,rice,6.7,Watchlist
pest_month,2016,March,3,,Disease - Fungal/Bacterial,,,1,1,0.5,0,0.5,0,0,0,0,0,0,Disease - Fungal/Bacterial,rice,0.1,Watchlist
pest_month,2016,March,3,,Plant Hopper,,,1,1,1,0,1,0,0,5,5,0,0,Plant Hopper,corn,1.4,Watchlist
pest_month,2016,March,3,,Rodents,,,3,3,50.25,0,50.25,0,0,4.33,6.5,0,0,Rodents,rice,3.17,Watchlist
pest_month,2016,March,3,,Stem/Shoot/Fruit Borer,,,1,1,50,0,50,0,0,35,35,0,0,Stem/Shoot/Fruit Borer,rice,15,Watchlist
pest_month,2016,August,8,,Bacterial Leaf Streak,,,1,1,75,0,75,0,0,5,5,0,0,Bacterial Leaf Streak,rice,10.6,Watchlist
pest_month,2016,August,8,,Rodents,,,1,1,91,0,91,0,0,0.75,0.75,0,0,Rodents,rice,11.6,Watchlist
pest_month,2016,September,9,,Rice Tungro Virus,,,2,2,5,0,5,0,0,0.75,0.75,0,0,Rice Tungro Virus,rice,0.5,Watchlist
pest_month,2016,December,12,,Rodents,,,3,3,79,0,79,0,0,1.17,1.5,0,0,Rodents,rice,3.6,Watchlist
pest_month,2016,December,12,,Stem/Shoot/Fruit Borer,,,1,1,9,0,9,0,0,1,1,0,0,Stem/Shoot/Fruit Borer,rice,1.4,Watchlist
pest_month,2017,January,1,,Bacterial Leaf Streak,,,1,1,368.46,0,368.46,0,0,0,0,0,0,Bacterial Leaf Streak,rice,35,Moderate
pest_month,2017,January,1,,Blast/Blight/Spot,,,1,1,23,0,23,0,0,12.5,12.5,0,0,Blast/Blight/Spot,rice,6,Watchlist
pest_month,2017,January,1,,Cutworm/Armyworm,,,3,3,398,0,398,0,0,5,5,0,0,Cutworm/Armyworm,corn,16.2,Watchlist
pest_month,2017,January,1,,Plant Hopper,,,1,1,40,0,40,0,0,5,5,0,0,Plant Hopper,corn,6.2,Watchlist
pest_month,2017,January,1,,Rice Tungro Virus,,,2,2,6,0,6,0,0,3.5,3.5,0,0,Rice Tungro Virus,rice,1.25,Watchlist
pest_month,2017,January,1,,Rodents,,,2,2,530,0,530,0,0,1.05,1.5,0,0,Rodents,rice,22.1,Watchlist
pest_month,2017,February,2,,Bacterial Leaf Streak,,,3,3,925,0,925,0,0,28.33,65,0,1,Bacterial Leaf Streak,rice,30.97,Watchlist
pest_month,2017,February,2,,Blast/Blight/Spot,,,1,1,10,0,10,0,0,7.5,7.5,0,0,Blast/Blight/Spot,rice,3.1,Watchlist
pest_month,2017,February,2,,Cutworm/Armyworm,,,1,1,655.65,0,655.65,0,0,5,5,0,0,Cutworm/Armyworm,corn,36.2,Moderate
pest_month,2017,February,2,,Rbb,,,1,1,80,0,80,0,0,5,5,0,0,Rbb,rice,11.2,Watchlist
pest_month,2017,February,2,,Rice Tungro Virus,,,1,1,4,0,4,0,0,3.5,3.5,0,0,Rice Tungro Virus,rice,1.4,Watchlist
pest_month,2017,February,2,,Rodents,,,1,1,320,0,320,0,0,0.7,0.7,0,0,Rodents,rice,35.2,Moderate
pest_month,2017,March,3,,Bacterial Leaf Blight,,,1,1,3,0,3,0,0,2,2,0,0,Bacterial Leaf Blight,rice,0.9,Watchlist
pest_month,2017,March,3,,Bacterial Leaf Streak,,,1,1,15,0,15,0,0,2,2,0,0,Bacterial Leaf Streak,rice,2.4,Watchlist
pest_month,2017,March,3,,Blast/Blight/Spot,,,1,1,9.2,0,9.2,0,0,2,2,0,0,Blast/Blight/Spot,rice,1.6,Watchlist
pest_month,2017,March,3,,Plant Hopper,,,3,3,67.3,0,67.3,0,0,7.5,10.5,0,0,Plant Hopper,rice,4.7,Watchlist
pest_month,2017,March,3,,Rice Tungro Virus,,,1,1,2,0,2,0,0,2,2,0,0,Rice Tungro Virus,rice,0.8,Watchlist
pest_month,2017,May,5,,Plant Hopper,,,2,2,106,0,106,0,0,11.25,12.5,0,0,Plant Hopper,rice,9.45,Watchlist
pest_month,2017,July-August,7,,Bacterial Leaf Blight,,,1,1,560,0,560,0,0,2,2,0,0,Bacterial Leaf Blight,rice,35.5,Moderate
pest_month,2017,July-August,7,,Bacterial Leaf Streak,,,6,6,695.8,0,695.8,0,0,3.5,5,0,0,Bacterial Leaf Streak,rice,9.87,Watchlist
pest_month,2017,July-August,7,,Rodents,,,1,1,45.2,0,45.2,0,0,2,2,0,0,Rodents,rice,6.2,Watchlist
pest_month,2017,August,8,,Bacterial Leaf Streak,,,6,6,671,0,656,0,0,3.2,5,0,0,Bacterial Leaf Streak,rice,14.63,Watchlist
pest_month,2017,August,8,,Leaf Folder/Miner,,,1,1,4,0,4,0,0,0,0,0,0,Leaf Folder/Miner,rice,0.5,Watchlist
pest_month,2017,August,8,,Plant Hopper,,,1,1,73.2,0,73.2,0,0,2,2,0,0,Plant Hopper,rice,9.7,Watchlist
pest_month,2017,August,8,,Rbb,,,1,1,10,0,10,0,0,3,3,0,0,Rbb,rice,2,Watchlist
pest_month,2017,August,8,,Rice Tungro Virus,,,2,2,7.7,0,7.7,0,0,2,2,0,0,Rice Tungro Virus,rice,1,Watchlist
pest_month,2017,August,8,,Stem/Shoot/Fruit Borer,,,1,1,4,0,4,0,0,2,2,0,0,Stem/Shoot/Fruit Borer,rice,1,Watchlist
pest_month,2017,September,9,,Rbb,,,1,1,10,0,10,0,0,2,2,0,0,Rbb,rice,1.8,Watchlist
pest_month,2017,December,12,,Bacterial Leaf Blight,,,1,1,2,0,2,0,0,7.5,7.5,0,0,Bacterial Leaf Blight,rice,2.1,Watchlist
pest_month,2017,December,12,,Rbb,,,2,2,53.5,0,53.5,0,0,3.75,5,0,0,Rbb,rice,4.3,Watchlist
pest_month,2018,January,1,,Rbb,,,1,1,17,0,17,0,0,0,0,0,0,Rbb,rice,2.1,Watchlist
pest_month,2018,January,1,,Rodents,,,13,13,1901.45,0,1901.45,0,0,1.62,2,0,0,Rodents,rice,13.76,Watchlist
pest_month,2018,February,2,,Bacterial Leaf Streak,,,2,2,195,0,195,0,0,2,2,0,0,Bacterial Leaf Streak,rice,12.45,Watchlist
pest_month,2018,February,2,,Blast/Blight/Spot,,,1,1,11,0,11,0,0,12.5,12.5,0,0,Blast/Blight/Spot,rice,4.5,Watchlist
pest_month,2019,January,1,,Bacterial Leaf Blight,,,1,1,1,0,1,0,0,1,1,0,0,Bacterial Leaf Blight,rice,0.4,Watchlist
pest_month,2019,January,1,,Bacterial Leaf Streak,,,1,1,2,0,2,0,0,1,1,0,0,Bacterial Leaf Streak,rice,0.5,Watchlist
pest_month,2019,January,1,,Blast/Blight/Spot,,,2,2,3,0,3,0,0,1,1,0,0,Blast/Blight/Spot,corn,0.45,Watchlist
pest_month,2019,January,1,,Rbb,,,2,2,2,0,2,0,0,3.5,5,0,0,Rbb,rice,1,Watchlist
pest_month,2019,January,1,,Rodents,,,22,22,805,0,805,0,0,1.77,2,0,0,Rodents,rice,5.01,Watchlist
pest_month,2019,January,1,,Stem/Shoot/Fruit Borer,,,2,2,5,0,5,0,0,2,2,0,0,Stem/Shoot/Fruit Borer,rice,0.8,Watchlist
pest_month,2019,February,2,,Bacterial Leaf Blight,,,5,5,8.1,0,7.1,0,0,1.8,2,0,0,Bacterial Leaf Blight,rice,0.66,Watchlist
pest_month,2019,February,2,,Bacterial Leaf Streak,,,4,4,5.9,0,5.9,0,0,1,1,0,0,Bacterial Leaf Streak,rice,0.45,Watchlist
pest_month,2019,February,2,,Blast/Blight/Spot,,,13,11,27.8,0,27.8,0,0,7.08,20,0,0,Blast/Blight/Spot,rice,2.03,Watchlist
pest_month,2019,February,2,,Disease - Fungal/Bacterial,,,6,6,6.1,0,6.1,0,0,3.5,5,0,0,Disease - Fungal/Bacterial,rice,1,Watchlist
pest_month,2019,February,2,,Glh,,,1,1,0.75,0,0.75,0,0,1,1,0,0,Glh,rice,0.3,Watchlist
pest_month,2019,February,2,,Plant Hopper,,,7,7,7.8,0,7.8,0,0,1.57,2,0,0,Plant Hopper,rice,0.53,Watchlist
pest_month,2019,February,2,,Rbb,,,14,14,59.8,0,59.8,0,0,2.43,5,0,0,Rbb,rice,1.14,Watchlist
pest_month,2019,February,2,,Rice Tungro Virus,,,1,1,2,0,0,0,0,2,2,0,0,Rice Tungro Virus,rice,0.8,Watchlist
pest_month,2019,February,2,,Rodents,,,8,8,13.3,0,13.3,0,0,2,2,0,0,Rodents,rice,0.7,Watchlist
pest_month,2019,February,2,,Stem/Shoot/Fruit Borer,,,5,5,19.5,0,19.5,0,0,2,2,0,0,Stem/Shoot/Fruit Borer,rice,1.02,Watchlist
pest_month,2019,March,3,,Bacterial Leaf Blight,,,2,2,7.4,0,7.4,0,0,11,20,0,0,Bacterial Leaf Blight,rice,3.2,Watchlist
pest_month,2019,March,3,,Bacterial Leaf Streak,,,1,1,4,0,4,0,0,1,1,0,0,Bacterial Leaf Streak,rice,0.8,Watchlist
pest_month,2019,March,3,,Blast/Blight/Spot,,,9,9,20,0,20,0,0,1.89,2,0,0,Blast/Blight/Spot,rice,0.77,Watchlist
pest_month,2019,March,3,,Cutworm/Armyworm,,,12,12,99.4,0,99.4,0,0,2,2,0,0,Cutworm/Armyworm,rice,1.53,Watchlist
pest_month,2019,March,3,,Disease - Fungal/Bacterial,,,3,3,6.3,0,6.3,0,0,8,20,0,0,Disease - Fungal/Bacterial,rice,2.27,Watchlist
pest_month,2019,March,3,,Earworm,,,1,1,8,0,8,0,0,1,1,0,0,Earworm,corn,1.2,Watchlist
pest_month,2019,March,3,,Fall Armyworm,,,1,1,8,0,8,0,0,1,1,0,0,Fall Armyworm,corn,1.2,Watchlist
pest_month,2019,March,3,,Plant Hopper,,,6,6,16.8,0,16.8,0,0,1.67,2,0,0,Plant Hopper,rice,0.78,Watchlist
pest_month,2019,March,3,,Rice Scald,,,2,2,3.5,0,3.5,0,0,2,2,0,0,Rice Scald,rice,0.75,Watchlist
pest_month,2019,March,3,,Rodents,,,4,4,9.5,0,9.5,0,0,1.25,2,0,0,Rodents,corn,0.62,Watchlist
pest_month,2019,March,3,,Semi Looper,,,1,1,0.8,0,0.8,0,0,2,2,0,0,Semi Looper,rice,0.6,Watchlist
pest_month,2019,March,3,,Stem/Shoot/Fruit Borer,,,20,20,28.04,0,28.04,0,0,2,2,0,0,Stem/Shoot/Fruit Borer,rice,0.67,Watchlist
pest_month,2019,April,4,,Cutworm/Armyworm,,,6,6,50,0,50,0,0,2,2,0,0,Cutworm/Armyworm,rice,1.53,Watchlist
pest_month,2019,April,4,,Disease - Fungal/Bacterial,,,3,3,2.4,0,2.4,0,0,3,5,0,0,Disease - Fungal/Bacterial,rice,0.87,Watchlist
pest_month,2019,April,4,,Plant Hopper,,,9,9,53.35,0,53.35,0,0,8.11,15,0,0,Plant Hopper,rice,2.76,Watchlist
pest_month,2019,April,4,,Stem/Shoot/Fruit Borer,,,6,6,8.8,0,8.8,0,0,4,5,0,0,Stem/Shoot/Fruit Borer,rice,1.18,Watchlist
pest_month,2019,April,4,,Whorl Maggot,,,1,1,0.75,0,0.75,0,0,20,20,0,0,Whorl Maggot,rice,5.1,Watchlist
pest_month,2019,May,5,,Bacterial Leaf Blight,,,1,1,1,0,1,0,0,1,1,0,0,Bacterial Leaf Blight,rice,0.4,Watchlist
pest_month,2019,May,5,,Bacterial Leaf Streak,,,1,1,1,0,1,0,0,2,2,0,0,Bacterial Leaf Streak,rice,0.6,Watchlist
pest_month,2019,May,5,,Blast/Blight/Spot,,,2,2,3,0,3,0,0,2,2,0,0,Blast/Blight/Spot,rice,0.7,Watchlist
pest_month,2019,May,5,,Rbb,,,1,1,1.3,0,1.3,0,0,5,5,0,0,Rbb,rice,1.4,Watchlist
pest_month,2019,May,5,,Rice Tungro Virus,,,1,1,2.1,0,2.1,0,0,2,2,0,0,Rice Tungro Virus,rice,0.8,Watchlist
pest_month,2019,May,5,,Rodents,,,1,1,1.5,0,1.5,0,0,2,2,0,0,Rodents,rice,0.7,Watchlist
pest_month,2019,May,5,,Stem/Shoot/Fruit Borer,,,1,1,2,0,2,0,0,2,2,0,0,Stem/Shoot/Fruit Borer,rice,0.8,Watchlist
pest_month,2019,June,6,,Disease - Fungal/Bacterial,,,4,4,15.3,0,15.3,0,0,3.25,10,0,0,Disease - Fungal/Bacterial,corn,1.3,Watchlist
pest_month,2019,June,6,,Fall Armyworm,,,1,1,1,0,1,0,0,5,5,0,0,Fall Armyworm,corn,1.4,Watchlist
pest_month,2019,June,6,,Leaf Folder/Miner,,,1,1,1.3,0,1.3,0,0,20,20,0,0,Leaf Folder/Miner,rice,5.2,Watchlist
pest_month,2019,June,6,,Rbb,,,2,2,6,0,6,0,0,2,2,0,0,Rbb,rice,0.85,Watchlist
pest_month,2019,July,7,,Bacterial Leaf Blight,,,3,3,6,0,6,0,0,1,1,0,0,Bacterial Leaf Blight,rice,0.5,Watchlist
pest_month,2019,July,7,,Bacterial Leaf Streak,,,1,1,2,0,2,0,0,1,1,0,0,Bacterial Leaf Streak,rice,0.5,Watchlist
pest_month,2019,July,7,,Blast/Blight/Spot,,,7,7,57,0,57,0,0,1,2,0,0,Blast/Blight/Spot,corn,1.27,Watchlist
pest_month,2019,July,7,,Cutworm/Armyworm,,,1,1,1.3,0,1.3,0,0,2,2,0,0,Cutworm/Armyworm,rice,0.7,Watchlist
pest_month,2019,July,7,,Disease - Fungal/Bacterial,,,1,1,1,0,1,0,0,1,1,0,0,Disease - Fungal/Bacterial,corn,0.4,Watchlist
pest_month,2019,July,7,,Earworm,,,1,1,0.3,0,0.3,0,0,1,1,0,0,Earworm,corn,0.3,Watchlist
pest_month,2019,July,7,,Fall Armyworm,,,11,11,18.15,0,18.15,0,0,28.73,70,0,2,Fall Armyworm,corn,7.41,Watchlist
pest_month,2019,July,7,,Rbb,,,1,1,5,0,5,0,0,2,2,0,0,Rbb,rice,1.1,Watchlist
pest_month,2019,July,7,,Rice Tungro Virus,,,1,1,1.5,0,1.5,0,0,2,2,0,0,Rice Tungro Virus,rice,0.7,Watchlist
pest_month,2019,July,7,,Rodents,,,1,1,5,0,5,0,0,1,1,0,0,Rodents,corn,0.9,Watchlist
pest_month,2019,July,7,,Stem/Shoot/Fruit Borer,,,1,1,1,0,1,0,0,2,2,0,0,Stem/Shoot/Fruit Borer,rice,0.6,Watchlist
pest_month,2019,August,8,,Bacterial Leaf Blight,,,2,2,12.5,0,12.5,0,0,8,15,0,0,Bacterial Leaf Blight,rice,2.8,Watchlist
pest_month,2019,August,8,,Blast/Blight/Spot,,,1,1,12.5,0,12.5,0,0,1,1,0,0,Blast/Blight/Spot,corn,1.8,Watchlist
pest_month,2019,August,8,,Fall Armyworm,,,18,18,7.8,0,7.8,0,0,16.5,80,0,2,Fall Armyworm,corn,4.18,Watchlist
pest_month,2019,August,8,,Leaf Folder/Miner,,,3,3,15,0,15,0,0,3,5,0,0,Leaf Folder/Miner,rice,1.37,Watchlist
pest_month,2019,August,8,,Rbb,,,3,3,9.5,0,9.5,0,0,11.67,15,0,0,Rbb,rice,3.3,Watchlist
pest_month,2019,August,8,,Stem/Shoot/Fruit Borer,,,1,1,1,0,1,0,0,2,2,0,0,Stem/Shoot/Fruit Borer,rice,0.6,Watchlist
pest_month,2019,September,9,,Blast/Blight/Spot,,,2,2,1.25,0,1.25,0,0,0.5,0.5,0,0,Blast/Blight/Spot,corn,0.2,Watchlist
pest_month,2019,September,9,,Fall Armyworm,,,30,30,11.31,0,11.31,0,0,9.8,50,0,1,Fall Armyworm,corn,2.5,Watchlist
pest_month,2019,September,9,,Plant Hopper,,,4,4,7.9,0,7.9,0,0,8,15,0,0,Plant Hopper,rice,2.25,Watchlist
pest_month,2019,October,10,,Corn Borer,,,2,2,0.75,0,0.75,0,0,1,1,0,0,Corn Borer,corn,0.3,Watchlist
pest_month,2019,October,10,,Cutworm/Armyworm,,,3,3,12.7,0,12.7,0,0,4.33,10,0,0,Cutworm/Armyworm,corn,1.6,Watchlist
pest_month,2019,October,10,,Earworm,,,1,1,0.5,0,0.5,0,0,1,1,0,0,Earworm,corn,0.3,Watchlist
pest_month,2019,October,10,,Fall Armyworm,,,67,67,58.44,0,58.44,0,0,18.37,62,0,6,Fall Armyworm,corn,4.7,Watchlist
pest_month,2019,October,10,,Leaf Folder/Miner,,,4,4,3.4,0,3.4,0,0,2,2,0,0,Leaf Folder/Miner,rice,0.6,Watchlist
pest_month,2019,October,10,,Plant Hopper,,,9,9,231.15,0,221.15,0,0,4.56,5,0,0,Plant Hopper,rice,4.34,Watchlist
pest_month,2019,October,10,,Rbb,,,1,1,1,0,1,0,0,5,5,0,0,Rbb,rice,1.4,Watchlist
pest_month,2019,October,10,,Stem/Shoot/Fruit Borer,,,1,1,1,0,1,0,0,2,2,0,0,Stem/Shoot/Fruit Borer,rice,0.6,Watchlist
pest_month,2019,November,11,,Corn Borer,,,1,1,0.5,0,0.5,0,0,1,1,0,0,Corn Borer,corn,0.3,Watchlist
pest_month,2019,November,11,,Cutworm/Armyworm,,,7,7,13.5,0,13.5,0,0,2.29,10,0,0,Cutworm/Armyworm,corn,0.81,Watchlist
pest_month,2019,November,11,,Earworm,,,1,1,0.5,0,0.5,0,0,1,1,0,0,Earworm,corn,0.3,Watchlist
pest_month,2019,November,11,,Fall Armyworm,,,76,76,96.03,0,96.03,0,0,17.55,50,0,1,Fall Armyworm,corn,4.54,Watchlist
pest_month,2019,November,11,,Leaf Folder/Miner,,,1,1,1,0,1,0,0,2,2,0,0,Leaf Folder/Miner,rice,0.6,Watchlist
pest_month,2019,November,11,,Plant Hopper,,,5,5,9.5,0,9.5,0,0,1,1,0,0,Plant Hopper,corn,0.5,Watchlist
pest_month,2019,November,11,,Rbb,,,3,3,28.2,0,28.2,0,0,8.5,15,0,0,Rbb,rice,2.57,Watchlist
pest_month,2019,November,11,,Semi-Looper,,,4,4,7,0,7,0,0,1,1,0,0,Semi-Looper,corn,0.48,Watchlist
pest_month,2019,December,12,,Fall Armyworm,,,10,10,14.2,0,14.2,0,0,12,26,0,0,Fall Armyworm,corn,3.19,Watchlist
pest_month,2020,January,1,,Fall Armyworm,,,23,23,64.4,0,64.4,0,0,16.71,70,0,1,Fall Armyworm,corn,4.53,Watchlist
pest_month,2020,February,2,,Fall Armyworm,,,209,209,3781.15,0,3781.15,0,0,28.94,90,0,20,Fall Armyworm,corn,9.5,Watchlist
pest_month,2020,MARCH,3,,Fall Armyworm,,,62,62,502.6,0,502.6,0,0,33.53,80,0,9,Fall Armyworm,corn,9.39,Watchlist
pest_month,2020,April,4,,Fall Armyworm,,,5,5,15,0,15,0,0,32,40,0,0,Fall Armyworm,corn,8.36,Watchlist
pest_month,2020,May,5,,Fall Armyworm,,,27,27,199.68,0,199.68,0,0,33.26,100,0,6,Fall Armyworm,corn,9.24,Watchlist
pest_month,2020,June,6,,Fall Armyworm,,,152,150,3115.26,0,3115.26,0,0,29.69,95,0,28,Fall Armyworm,corn,9.89,Watchlist
pest_month,2020,July,7,,Bacterial Leaf Blight,,,1,1,10,0,10,0,0,12,12,0,0,Bacterial Leaf Blight,rice,4.2,Watchlist
pest_month,2020,July,7,,Fall Armyworm,,,111,111,1768.96,0,1768.96,0,0,23.82,100,0,13,Fall Armyworm,corn,7.95,Watchlist
pest_month,2020,July,7,,Leaf Folder/Miner,,,3,3,160.22,0,160.22,0,0,16,40,0,0,Leaf Folder/Miner,rice,10.63,Watchlist
pest_month,2020,July,7,,Plant Hopper,,,1,1,0.6,0,0.6,0,0,60,60,0,1,Plant Hopper,rice,15.1,Watchlist
pest_month,2020,July,7,,Rbb,,,1,1,80,0,80,0,0,10,10,0,0,Rbb,rice,12.5,Watchlist
pest_month,2020,July,7,,Rice Bug,,,1,1,4,0,4,0,0,25,25,0,0,Rice Bug,rice,6.8,Watchlist
pest_month,2020,July,7,,Stem/Shoot/Fruit Borer,,,1,1,8,0,8,0,0,5,5,0,0,Stem/Shoot/Fruit Borer,rice,2.2,Watchlist
pest_month,2020,August,8,,Bacterial Leaf Blight,,,3,3,57,0,57,0,0,31.5,60,0,1,Bacterial Leaf Blight,rice,7.6,Watchlist
pest_month,2020,August,8,,Bacterial Leaf Streak,,,1,1,2,0,2,0,0,8,8,0,0,Bacterial Leaf Streak,rice,2.2,Watchlist
pest_month,2020,August,8,,Cutworm/Armyworm,,,1,1,7.3,2,7.3,0,0,90,90,0,1,Cutworm/Armyworm,corn,23.9,Watchlist
pest_month,2020,August,8,,Earworm,,,2,2,7.8,3,7.8,0,0,50,90,0,1,Earworm,corn,13.35,Watchlist
pest_month,2020,August,8,,Fall Armyworm,,,28,28,229.63,0,229.63,0,0,32.79,98,0,8,Fall Armyworm,corn,9.22,Watchlist
pest_month,2020,August,8,,Leaf Folder/Miner,,,5,5,57.1,0,57.1,0,0,10.6,25,0,0,Leaf Folder/Miner,rice,4.06,Watchlist
pest_month,2020,August,8,,Rbb,,,1,1,40,0,40,0,0,25,25,0,0,Rbb,rice,11.2,Watchlist
pest_month,2020,August,8,,Stem/Shoot/Fruit Borer,,,1,1,12.8,0,12.8,0,0,40,40,0,0,Stem/Shoot/Fruit Borer,rice,11.6,Watchlist
pest_month,2020,August,8,,Whorl Maggot,,,1,1,5,0,5,0,0,10,10,0,0,Whorl Maggot,rice,3.1,Watchlist
pest_month,2020,September,9,,Bacterial Leaf Blight,,,3,3,182.2,0,182.2,0,0,17.67,30,0,0,Bacterial Leaf Blight,rice,12.03,Watchlist
pest_month,2020,September,9,,Bacterial Leaf Streak,,,1,1,10,0,10,0,0,5,5,0,0,Bacterial Leaf Streak,rice,2.5,Watchlist
pest_month,2020,September,9,,Blast/Blight/Spot,,,4,4,188.4,0,188.4,0,0,24.67,32,0,0,Blast/Blight/Spot,rice,10.5,Watchlist
pest_month,2020,September,9,,Fall Armyworm,,,16,16,74.95,0,74.95,0,0,40.44,100,0,7,Fall Armyworm,corn,10.7,Watchlist
pest_month,2020,September,9,,Leaf Folder/Miner,,,2,2,5.6,0,5.6,0,0,28,50,0,1,Leaf Folder/Miner,rice,7.35,Watchlist
pest_month,2020,September,9,,Plant Hopper,,,9,9,113.75,0,113.75,0,0,5.88,10,0,0,Plant Hopper,rice,2.89,Watchlist
pest_month,2020,September,9,,Rice Bug,,,1,1,0.25,0,0.25,0,0,90,90,0,1,Rice Bug,rice,22.5,Watchlist
pest_month,2020,September,9,,Rodents,,,1,1,2.5,0,2.5,0,0,30,30,0,0,Rodents,rice,7.8,Watchlist
pest_month,2020,September,9,,Stem/Shoot/Fruit Borer,,,1,1,3,0,3,0,0,5,5,0,0,Stem/Shoot/Fruit Borer,rice,1.6,Watchlist
pest_month,2020,October,10,,Blast/Blight/Spot,,,2,2,51.9,0,51.9,0,0,28,50,0,1,Blast/Blight/Spot,rice,10.25,Watchlist
pest_month,2020,October,10,,Cutworm/Armyworm,,,1,1,3,0,3,0,0,8,8,0,0,Cutworm/Armyworm,rice,2.4,Watchlist
pest_month,2020,October,10,,Fall Armyworm,,,42,42,318.3,0,318.3,0,0,9.64,50,0,1,Fall Armyworm,corn,3.36,Watchlist
pest_month,2020,October,10,,Leaf Folder/Miner,,,6,6,57,0,57,0,0,23.67,80,0,1,Leaf Folder/Miner,rice,7.1,Watchlist
pest_month,2020,October,10,,Plant Hopper,,,2,2,49.9,0,49.9,0,0,27.5,50,0,1,Plant Hopper,rice,10,Watchlist
pest_month,2020,October,10,,Rbb,,,4,4,62,0,62,0,0,37,78,0,2,Rbb,rice,11.22,Watchlist
pest_month,2020,October,10,,Stem/Shoot/Fruit Borer,,,2,2,0.55,0,0.55,0,0,7.5,10,0,0,Stem/Shoot/Fruit Borer,rice,1.95,Watchlist
pest_month,2020,October,10,,Taw,,,1,1,2.5,0,2.5,0,0,45,45,0,0,Taw,rice,11.6,Watchlist
pest_month,2020,November,11,,Bacterial Leaf Blight,,,1,1,1.5,0,1.5,0,0,50,50,0,1,Bacterial Leaf Blight,rice,12.7,Watchlist
pest_month,2020,November,11,,Bacterial Leaf Streak,,,2,2,14.5,0,14.5,0,0,30,50,0,1,Bacterial Leaf Streak,rice,8.4,Watchlist
pest_month,2020,November,11,,Blast/Blight/Spot,,,1,1,9,0,9,0,0,14,14,0,0,Blast/Blight/Spot,rice,4.6,Watchlist
pest_month,2020,November,11,,Fall Armyworm,,,24,24,237.45,0,237.45,0,0,11.62,40,0,0,Fall Armyworm,corn,4.14,Watchlist
pest_month,2020,November,11,,False Smut,,,1,1,6,0,6,0,0,2,2,0,0,False Smut,rice,1.2,Watchlist
pest_month,2020,November,11,,Golden Apple Snail,,,1,1,0.5,0,0.5,0,0,8,8,0,0,Golden Apple Snail,rice,2.1,Watchlist
pest_month,2020,November,11,,Greenhorned Catterpillar,,,1,1,3,0,3,0,0,40,40,0,0,Greenhorned Catterpillar,rice,10.4,Watchlist
pest_month,2020,November,11,,Leaf Folder/Miner,,,3,3,34,0,34,0,0,6.45,9.36,0,0,Leaf Folder/Miner,rice,3.03,Watchlist
pest_month,2020,November,11,,Plant Hopper,,,1,1,2.5,0,2.5,0,0,2,2,0,0,Plant Hopper,rice,0.8,Watchlist
pest_month,2020,November,11,,Rbb,,,6,6,300,0,310,990,990,11.63,19,0,0,Rbb,rice,10.83,Watchlist
pest_month,2020,November,11,,Rice Bug,,,1,1,1,0,1,0,0,6,6,0,0,Rice Bug,rice,1.6,Watchlist
pest_month,2020,November,11,,Rice Skippers,,,1,1,3.2,0,3.2,0,0,10,10,0,0,Rice Skippers,rice,2.9,Watchlist
pest_month,2020,November,11,,Semi-Looper,,,1,1,6,1,6,0,0,9,9,0,0,Semi-Looper,corn,3.2,Watchlist
pest_month,2020,November,11,,Stem/Shoot/Fruit Borer,,,1,1,1,0,1,0,0,75,75,0,1,Stem/Shoot/Fruit Borer,rice,18.9,Watchlist
pest_month,2020,December,12,,Bacterial Leaf Blight,,,2,2,14,0,14,0,0,27,30,0,0,Bacterial Leaf Blight,rice,7.65,Watchlist
pest_month,2020,December,12,,Fall Armyworm,,,13,13,77.4,91,77.4,0,0,11.15,40,0,0,Fall Armyworm,corn,5.28,Watchlist
pest_month,2020,December,12,,Glh,,,1,1,8,0,8,0,0,28,28,0,0,Glh,rice,8,Watchlist
pest_month,2020,December,12,,Leaf Folder/Miner,,,1,1,4,0,4,0,0,14,14,0,0,Leaf Folder/Miner,rice,4,Watchlist
pest_month,2020,December,12,,Plant Hopper,,,1,1,9,0,9,0,0,31,31,0,0,Plant Hopper,rice,8.9,Watchlist
pest_month,2020,December,12,,Rbb,,,1,1,550,0,5,545,545,15,15,0,0,Rbb,rice,48.8,Moderate
pest_month,2020,December,12,,Rice Bug,,,1,1,1,0,1,0,0,1.75,1.75,0,0,Rice Bug,rice,0.6,Watchlist
pest_month,2020,December,12,,Rodents,,,1,1,8,0,8,0,0,27,27,0,0,Rodents,rice,7.8,Watchlist
pest_month,2020,December,12,,Stem/Shoot/Fruit Borer,,,1,1,10,0,10,0,0,35,35,0,0,Stem/Shoot/Fruit Borer,rice,10,Watchlist
pest_month,2021,January,1,,Bacterial Leaf Blight,,,3,3,15.2,28,15.2,0,0,15.33,40,0,0,Bacterial Leaf Blight,rice,6.8,Watchlist
pest_month,2021,January,1,,Bacterial Leaf Streak,,,5,5,28.5,17,28.5,0,0,13.2,30,0,0,Bacterial Leaf Streak,rice,4.88,Watchlist
pest_month,2021,January,1,,Blast/Blight/Spot,,,5,5,1.3,151,1.3,0,0,14.4,40,0,0,Blast/Blight/Spot,rice,7.94,Watchlist
pest_month,2021,January,1,,Cutworm/Armyworm,,,14,14,776.74,0,776.74,0,0,17.18,30,0,0,Cutworm/Armyworm,corn,11.23,Watchlist
pest_month,2021,January,1,,Downy Mildew,,,1,1,2,0,2,0,0,15,15,0,0,Downy Mildew,corn,4,Watchlist
pest_month,2021,January,1,,Fall Armyworm,,,29,29,1181.2,0,1181.2,0,0,17.66,50,0,1,Fall Armyworm,corn,9.51,Watchlist
pest_month,2021,January,1,,Leaf Folder/Miner,,,11,11,29.25,50,29.25,0,0,16.14,50,0,1,Leaf Folder/Miner,rice,5.5,Watchlist
pest_month,2021,January,1,,Plant Hopper,,,6,6,16,0,16,0,0,13,30,0,0,Plant Hopper,corn,3.6,Watchlist
pest_month,2021,January,1,,Rbb,,,3,3,35,27,35,0,0,5,5,0,0,Rbb,rice,5,Watchlist
pest_month,2021,January,1,,Rice Bug,,,1,1,2.5,10,2.5,0,0,15,15,0,0,Rice Bug,rice,6.6,Watchlist
pest_month,2021,January,1,,Rodents,,,25,25,188.25,205,188.25,0,0,11.24,25,0,0,Rodents,rice,5.79,Watchlist
pest_month,2021,January,1,,Stem/Shoot/Fruit Borer,,,1,1,5,0,5,0,0,16,16,0,0,Stem/Shoot/Fruit Borer,rice,4.6,Watchlist
pest_month,2021,January,1,,Whorl Maggot,,,4,4,12.5,10,12.5,0,0,9,10,0,0,Whorl Maggot,rice,3.27,Watchlist
pest_month,2021,February,2,,Bacterial Leaf Blight,,,1,1,10,2,10,0,0,10,10,0,0,Bacterial Leaf Blight,rice,4.2,Watchlist
pest_month,2021,February,2,,Bacterial Leaf Streak,,,1,1,10,0,10,0,0,10,10,0,0,Bacterial Leaf Streak,rice,3.8,Watchlist
pest_month,2021,February,2,,Blast/Blight/Spot,,,4,4,23.5,30,23.5,0,0,15.5,33,0,0,Blast/Blight/Spot,rice,6.5,Watchlist
pest_month,2021,February,2,,Cutworm/Armyworm,,,14,14,310.51,58,310.51,0,0,18.71,60,0,1,Cutworm/Armyworm,corn,8.49,Watchlist
pest_month,2021,February,2,,Fall Armyworm,,,74,74,1852.24,1564,1852.24,0,0,17.7,78,0,6,Fall Armyworm,corn,10.78,Watchlist
pest_month,2021,February,2,,Leaf Folder/Miner,,,11,11,330,64,330,0,0,13,33,0,0,Leaf Folder/Miner,rice,8.46,Watchlist
pest_month,2021,February,2,,Melon Worm,,,1,1,2.25,1,2.5,0,0,10,10,0,0,Melon Worm,hvc,3,Watchlist
pest_month,2021,February,2,,Plant Hopper,,,20,20,325.96,71,311.16,0,0,19.25,75,0,2,Plant Hopper,corn,7.73,Watchlist
pest_month,2021,February,2,,Rbb,,,4,4,215,132,215,0,0,21.25,30,0,0,Rbb,rice,19.93,Watchlist
pest_month,2021,February,2,,Stem/Shoot/Fruit Borer,,,2,2,1.5,2,1.5,0,0,20,20,9,1,Stem/Shoot/Fruit Borer,hvc,12.8,Watchlist
pest_month,2021,February,2,,Twister,,,2,2,1,2,1,0,0,20,20,9,1,Twister,hvc,12.8,Watchlist
pest_month,2021,February,2,,Whorl Maggot,,,8,8,36,82,36,0,0,9.88,20,0,0,Whorl Maggot,rice,5.59,Watchlist
pest_month,2021,March,3,,Bacterial Leaf Blight,,,8,8,36.5,63,36.5,0,0,19.25,40,0,0,Bacterial Leaf Blight,rice,7.35,Watchlist
pest_month,2021,March,3,,Bacterial Leaf Streak,,,2,2,9,75,9,0,0,11,14,0,0,Bacterial Leaf Streak,rice,11.45,Watchlist
pest_month,2021,March,3,,Blast/Blight/Spot,,,7,7,17.5,73,17.5,0,0,15.86,30,0,0,Blast/Blight/Spot,rice,6.87,Watchlist
pest_month,2021,March,3,,Disease - Fungal/Bacterial,,,1,1,20,4,20,0,0,30,30,0,0,Disease - Fungal/Bacterial,rice,11,Watchlist
pest_month,2021,March,3,,Fall Armyworm,,,39,39,703.95,516,703.95,0,0,20.44,55,0,1,Fall Armyworm,corn,10.54,Watchlist
pest_month,2021,March,3,,False Smut,,,3,3,8.5,18,8.5,0,0,5.33,8,0,0,False Smut,rice,3.2,Watchlist
pest_month,2021,March,3,,Glh,,,2,2,6.5,17,6.5,0,0,4,5,0,0,Glh,rice,3.5,Watchlist
pest_month,2021,March,3,,Leaf Folder/Miner,,,4,4,10.6,62,10.6,0,0,7.5,12,0,0,Leaf Folder/Miner,rice,6.1,Watchlist
pest_month,2021,March,3,,Plant Hopper,,,50,50,472.45,678,471.95,0,0,12.94,50,0,2,Plant Hopper,rice,7.01,Watchlist
pest_month,2021,March,3,,Rodents,,,19,19,168.74,91,168.74,0,0,5,5,0,0,Rodents,rice,3.56,Watchlist
pest_month,2021,March,3,,Stem/Shoot/Fruit Borer,,,8,8,29,170,29,0,0,5.88,12,0,0,Stem/Shoot/Fruit Borer,rice,7.23,Watchlist
pest_month,2021,March,3,,Taw,,,1,1,1.5,1,1.5,0,0,16,16,0,0,Taw,rice,4.4,Watchlist
pest_month,2021,March,3,,Wb,,,1,1,0.5,36,0.5,0,0,5,5,0,0,Wb,rice,10.3,Watchlist
pest_month,2021,March,3,,Whorl Maggot,,,3,3,9.5,35,9.5,0,0,3.67,5,0,0,Whorl Maggot,rice,4.23,Watchlist
pest_month,2021,April,4,,Bacterial Leaf Blight,,,2,2,7,30,7,0,0,6.5,10,0,0,Bacterial Leaf Blight,rice,5.85,Watchlist
pest_month,2021,April,4,,Blast/Blight/Spot,,,3,3,4,122,4,0,0,3.67,5,0,0,Blast/Blight/Spot,rice,10.67,Watchlist
pest_month,2021,April,4,,Fall Armyworm,,,20,20,834.3,843,834.3,0,0,21.05,70,0,2,Fall Armyworm,corn,14.72,Watchlist
pest_month,2021,April,4,,Leaf Folder/Miner,,,2,2,8,55,8,0,0,7,8,0,0,Leaf Folder/Miner,rice,9.1,Watchlist
pest_month,2021,April,4,,Plant Hopper,,,46,46,776.15,480,776.15,0,0,30.15,76,0,7,Plant Hopper,rice,11.8,Watchlist
pest_month,2021,April,4,,Stem/Shoot/Fruit Borer,,,5,5,10.9,186,10.9,0,0,12.8,25,0,0,Stem/Shoot/Fruit Borer,rice,7.78,Watchlist
pest_month,2021,May,5,,Blast/Blight/Spot,,,1,1,0.3,10,0.3,0,0,10,10,0,0,Blast/Blight/Spot,rice,5,Watchlist
pest_month,2021,May,5,,Cutworm/Armyworm,,,5,5,1.64,65,0.68,0,0,5,10,0,0,Cutworm/Armyworm,rice,4.54,Watchlist
pest_month,2021,May,5,,Fall Armyworm,,,16,16,43.34,32,43.34,0,0,21.5,60,0,1,Fall Armyworm,rice,6.22,Watchlist
pest_month,2021,May,5,,Stem/Shoot/Fruit Borer,,,1,1,0.02,1,0.4,0,0,5,5,9,1,Stem/Shoot/Fruit Borer,hvc,16.5,Watchlist
pest_month,2021,May,5,,Taw,,,5,5,1.64,0,0.68,0,0,5,10,0,0,Taw,rice,1.28,Watchlist
pest_month,2021,June,6,,Bacterial Leaf Blight,,,2,2,12,19,12,0,0,6.5,10,0,0,Bacterial Leaf Blight,rice,4.7,Watchlist
pest_month,2021,June,6,,Bacterial Leaf Streak,,,2,2,18,0,6,0,0,4,5,0,0,Bacterial Leaf Streak,rice,2.1,Watchlist
pest_month,2021,June,6,,Cutworm/Armyworm,,,2,2,0.8,11,0.26,0,0,3.5,5,0,0,Cutworm/Armyworm,rice,2.3,Watchlist
pest_month,2021,June,6,,Fall Armyworm,,,32,32,72.88,168,72.88,0,0,13.5,52,0,1,Fall Armyworm,rice,4.97,Watchlist
pest_month,2021,June,6,,Leaf Folder/Miner,,,4,4,41,30,29,0,0,18,60,0,1,Leaf Folder/Miner,rice,7.65,Watchlist
pest_month,2021,June,6,,Plant Hopper,,,1,1,6,35,6,0,0,80,80,0,1,Plant Hopper,rice,29.5,Watchlist
pest_month,2021,June,6,,Rbb,,,4,4,63,29,51,0,0,6,10,0,0,Rbb,rice,4.9,Watchlist
pest_month,2021,June,6,,Stem/Shoot/Fruit Borer,,,4,4,28,24,28,0,0,17.25,60,0,1,Stem/Shoot/Fruit Borer,rice,6.7,Watchlist
pest_month,2021,June,6,,Taw,,,10,9,6.51,74,5.97,0,0,4.6,10,0,0,Taw,rice,3.08,Watchlist
pest_month,2021,June,6,,Whorl Maggot,,,1,1,6,0,6,0,0,3,3,0,0,Whorl Maggot,rice,1.5,Watchlist
pest_month,2021,July,7,,Bacterial Leaf Blight,,,1,1,10,34,10,0,0,3,3,0,0,Bacterial Leaf Blight,rice,10.5,Watchlist
pest_month,2021,July,7,,Bacterial Leaf Streak,,,3,3,13.5,2,13.5,0,0,12,30,0,0,Bacterial Leaf Streak,rice,3.7,Watchlist
pest_month,2021,July,7,,Blast/Blight/Spot,,,2,2,30.03,2,30.03,0,0,38,70,0,1,Blast/Blight/Spot,rice,11.6,Watchlist
pest_month,2021,July,7,,Cutworm/Armyworm,,,4,4,2.2,2,2.2,0,0,6.5,10,0,0,Cutworm/Armyworm,rice,1.8,Watchlist
pest_month,2021,July,7,,Fall Armyworm,,,152,151,3299.23,2823,3296.23,0,0,11.68,60,0,1,Fall Armyworm,corn,9.19,Watchlist
pest_month,2021,July,7,,Leaf Folder/Miner,,,5,5,45.5,13,45.5,0,0,14,25,0,0,Leaf Folder/Miner,rice,5.28,Watchlist
pest_month,2021,July,7,,Rbb,,,1,1,5,0,0,0,0,3,3,0,0,Rbb,rice,1.4,Watchlist
pest_month,2021,July,7,,Rodents,,,1,1,12.7,15,12.7,0,0,3,3,0,0,Rodents,corn,6.1,Watchlist
pest_month,2021,July,7,,Stem/Shoot/Fruit Borer,,,2,2,4,3,4,0,0,17.5,30,0,0,Stem/Shoot/Fruit Borer,rice,5,Watchlist
pest_month,2021,July,7,,Whorl Maggot,,,4,4,8,49,8,0,0,5.25,8,0,0,Whorl Maggot,rice,4.62,Watchlist
pest_month,2021,July,7,,Zinc Defficient,,,2,2,1.8,60,1.8,0,0,4,5,0,0,Zinc Defficient,rice,8.6,Watchlist
pest_month,2021,August,8,,Bacterial Leaf Blight,,,8,8,87.15,43,87.15,0,0,14.12,20,0,0,Bacterial Leaf Blight,rice,6.25,Watchlist
pest_month,2021,August,8,,Bacterial Leaf Streak,,,3,3,11,160,11,0,0,20.67,30,0,0,Bacterial Leaf Streak,rice,13.53,Watchlist
pest_month,2021,August,8,,Blast/Blight/Spot,,,2,2,23,18,23,0,0,9,10,0,0,Blast/Blight/Spot,rice,5.9,Watchlist
pest_month,2021,August,8,,Fall Armyworm,,,48,48,1427.5,1048,1427.5,0,0,12.98,40,0,0,Fall Armyworm,corn,11.05,Watchlist
pest_month,2021,August,8,,Glh,,,3,3,21,55,23,0,0,11.67,15,0,0,Glh,rice,8.37,Watchlist
pest_month,2021,August,8,,Leaf Folder/Miner,,,6,6,44.05,13,44.05,0,0,8.17,15,0,0,Leaf Folder/Miner,rice,3.5,Watchlist
pest_month,2021,August,8,,Plant Hopper,,,48,48,621.22,467,621.22,0,0,18.02,90,0,4,Plant Hopper,rice,8.04,Watchlist
pest_month,2021,August,8,,Rbb,,,3,3,5.5,20,17.5,0,0,11.67,15,0,0,Rbb,rice,4.8,Watchlist
pest_month,2021,August,8,,Rice Tungro Virus,,,2,2,6,26,6,0,0,40,60,0,1,Rice Tungro Virus,rice,13.65,Watchlist
pest_month,2021,August,8,,Rodents,,,2,2,71,4,71,0,0,20,20,0,0,Rodents,rice,9.95,Watchlist
pest_month,2021,August,8,,Stem/Shoot/Fruit Borer,,,2,2,5.02,8,5.02,0,0,17.5,30,0,0,Stem/Shoot/Fruit Borer,rice,5.7,Watchlist
pest_month,2021,August,8,,Zinc Defficient,,,1,1,1,6,1,0,0,10,10,0,0,Zinc Defficient,rice,4.1,Watchlist
pest_month,2021,September,9,,Blast/Blight/Spot,,,3,3,35,40,35,0,0,10,15,0,0,Blast/Blight/Spot,rice,7.3,Watchlist
pest_month,2021,September,9,,Fall Armyworm,,,5,5,75,46,75,0,0,11,15,0,0,Fall Armyworm,corn,6.94,Watchlist
pest_month,2021,September,9,,Leaf Folder/Miner,,,9,9,146,10,146,0,0,14.11,50,0,1,Leaf Folder/Miner,rice,5.81,Watchlist
pest_month,2021,September,9,,Plant Hopper,,,138,136,3024.19,927,3004.19,0,0,25.51,90,0,30,Plant Hopper,rice,10.78,Watchlist
pest_month,2021,September,9,,Rice Bug,,,1,1,15,0,15,0,0,3,3,0,0,Rice Bug,rice,2.6,Watchlist
pest_month,2021,September,9,,Stem/Shoot/Fruit Borer,,,4,4,80,27,80,0,0,5.75,8,0,0,Stem/Shoot/Fruit Borer,rice,5.62,Watchlist
pest_month,2021,September,9,,Whorl Maggot,,,1,1,15,0,15,0,0,15,15,0,0,Whorl Maggot,rice,5.6,Watchlist
pest_month,2021,October,10,,Bacterial Leaf Blight,,,1,1,38,0,38,0,0,8,8,0,0,Bacterial Leaf Blight,rice,6.8,Watchlist
pest_month,2021,October,10,,Bacterial Leaf Streak,,,2,2,4.2,0,4.2,0,0,20,30,0,0,Bacterial Leaf Streak,rice,5.3,Watchlist
pest_month,2021,October,10,,Blast/Blight/Spot,,,4,4,138.5,0,138.5,0,0,17.5,50,0,1,Blast/Blight/Spot,rice,8.75,Watchlist
pest_month,2021,October,10,,Fall Armyworm,,,10,10,47,21,47,0,0,31.9,60,0,5,Fall Armyworm,corn,9.07,Watchlist
pest_month,2021,October,10,,Glh,,,1,1,5,2,5,0,0,10,10,0,0,Glh,rice,3.6,Watchlist
pest_month,2021,October,10,,Leaf Folder/Miner,,,5,5,87,32,87,0,0,7.2,10,0,0,Leaf Folder/Miner,rice,5.58,Watchlist
pest_month,2021,October,10,,Plant Hopper,,,12,12,400.2,48,400.2,0,0,21.5,70,0,2,Plant Hopper,rice,10.53,Watchlist
pest_month,2021,October,10,,Rbb,,,2,2,23,0,23,0,0,25,30,0,0,Rbb,rice,7.7,Watchlist
pest_month,2021,October,10,,Rice Tungro Virus,,,1,1,5,0,5,0,0,10,10,0,0,Rice Tungro Virus,rice,3.1,Watchlist
pest_month,2021,October,10,,Stem/Shoot/Fruit Borer,,,4,4,18.5,0,18.5,0,0,7.5,14,0,0,Stem/Shoot/Fruit Borer,rice,2.42,Watchlist
pest_month,2021,November,11,,Bacterial Leaf Streak,,,1,1,15,0,15,0,0,6,6,0,0,Bacterial Leaf Streak,rice,3.4,Watchlist
pest_month,2021,November,11,,Fall Armyworm,,,31,31,837.53,702,837.53,0,0,10.45,38,0,0,Fall Armyworm,corn,11.49,Watchlist
pest_month,2021,November,11,,Glh,,,1,1,2.5,0,2.5,0,0,10,10,0,0,Glh,rice,2.8,Watchlist
pest_month,2021,November,11,,Leaf Folder/Miner,,,5,5,37,0,17,0,0,8.8,12,0,0,Leaf Folder/Miner,rice,3.16,Watchlist
pest_month,2021,November,11,,Rbb,,,19,19,118.5,0,115.5,0,0,10.53,30,0,0,Rbb,rice,3.4,Watchlist
pest_month,2021,November,11,,Rice Tungro Virus,,,1,1,2.5,0,2.5,0,0,10,10,0,0,Rice Tungro Virus,rice,2.8,Watchlist
pest_month,2021,November,11,,Stem/Shoot/Fruit Borer,,,7,7,40,7,40,0,0,5.5,6,9,2,Stem/Shoot/Fruit Borer,hvc,6.41,Watchlist
pest_month,2021,December,12,,Bacterial Leaf Blight,,,3,3,7.2,0,7.2,0,0,6.67,12,0,0,Bacterial Leaf Blight,rice,1.93,Watchlist
pest_month,2021,December,12,,Blast/Blight/Spot,,,2,2,2.3,0,2.3,0,0,5,5,0,0,Blast/Blight/Spot,rice,1.4,Watchlist
pest_month,2021,December,12,,Disease - Fungal/Bacterial,,,1,1,1.5,0,1.5,0,0,3,3,0,0,Disease - Fungal/Bacterial,rice,0.9,Watchlist
pest_month,2021,December,12,,Fall Armyworm,,,47,47,822.2,779,819.5,0,0,9.23,18,0,0,Fall Armyworm,corn,8.59,Watchlist
pest_month,2021,December,12,,Leaf Folder/Miner,,,1,1,3,0,3,0,0,5,5,0,0,Leaf Folder/Miner,rice,1.6,Watchlist
pest_month,2021,December,12,,Rbb,,,16,16,114.14,0,114.14,0,0,5.4,10,0,0,Rbb,rice,2.15,Watchlist
pest_month,2021,December,12,,Rodents,,,22,22,179,0,179,231,231,2.68,5,0,0,Rodents,rice,3.79,Watchlist
pest_month,2022,January,1,,Aphids/Scale/Mealybug,,,1,1,0.2,29,0.2,0,0,2,2,0,0,Aphids/Scale/Mealybug,corn,7.8,Watchlist
pest_month,2022,January,1,,Bacterial Leaf Blight,,,9,9,104.06,44,104.06,0,0,10.78,23,0,0,Bacterial Leaf Blight,rice,5.38,Watchlist
pest_month,2022,January,1,,Bacterial Leaf Streak,,,20,20,94,209,96,0,0,4.2,15,0,0,Bacterial Leaf Streak,rice,4.24,Watchlist
pest_month,2022,January,1,,Blast/Blight/Spot,,,28,28,209.73,283,209.73,0,0,10.57,30,0,0,Blast/Blight/Spot,rice,5.62,Watchlist
pest_month,2022,January,1,,Fall Armyworm,,,36,36,615.9,508,620.9,0,0,17.78,46,0,0,Fall Armyworm,corn,10.08,Watchlist
pest_month,2022,January,1,,Leaf Folder/Miner,,,15,15,136.2,224,136.2,0,0,9.73,50,0,1,Leaf Folder/Miner,rice,6.1,Watchlist
pest_month,2022,January,1,,Plant Hopper,,,5,5,48,15,48,0,0,51.2,89,0,3,Plant Hopper,rice,14.78,Watchlist
pest_month,2022,January,1,,Rbb,,,10,10,347.6,31,347.6,0,0,3,3,0,0,Rbb,rice,5.86,Watchlist
pest_month,2022,January,1,,Rice Bug,,,1,1,5,3,5,0,0,7,7,0,0,Rice Bug,rice,3.1,Watchlist
pest_month,2022,January,1,,Rodents,,,81,79,2536.34,1132,2536.87,0,0,11.65,35,0,0,Rodents,rice,10.11,Watchlist
pest_month,2022,January,1,,Stem/Shoot/Fruit Borer,,,6,6,89.7,56,89.7,0,0,6.17,20,0,0,Stem/Shoot/Fruit Borer,rice,5.75,Watchlist
pest_month,2022,January,1,,Whorl Maggot,,,1,1,2,1,2,0,0,7,7,0,0,Whorl Maggot,rice,2.2,Watchlist
pest_month,2022,February,2,,Aphids/Scale/Mealybug,,,1,1,80,16,80,0,0,10,10,0,0,Aphids/Scale/Mealybug,corn,16.5,Watchlist
pest_month,2022,February,2,,Bacterial Leaf Blight,,,32,32,202.09,168,216.45,0,0,15.41,90,0,1,Bacterial Leaf Blight,rice,5.95,Watchlist
pest_month,2022,February,2,,Bacterial Leaf Streak,,,10,10,59.7,159,59.7,0,0,9.1,15,0,0,Bacterial Leaf Streak,rice,6.83,Watchlist
pest_month,2022,February,2,,Blast/Blight/Spot,,,144,144,1170.42,977,1170.42,0,0,23.48,90,0,14,Blast/Blight/Spot,rice,8.56,Watchlist
pest_month,2022,February,2,,Corn Smut,,,2,2,2.7,2,2.7,0,0,4,5,0,0,Corn Smut,corn,1.4,Watchlist
pest_month,2022,February,2,,Disease - Fungal/Bacterial,,,9,9,51.22,45,51.22,0,0,17,50,0,1,Disease - Fungal/Bacterial,rice,6.21,Watchlist
pest_month,2022,February,2,,Fall Armyworm,,,23,23,362.23,297,362.23,0,0,21.91,50,0,3,Fall Armyworm,corn,10.45,Watchlist
pest_month,2022,February,2,,Leaf Folder/Miner,,,28,28,286.6,168,286.6,0,0,13,40,0,0,Leaf Folder/Miner,rice,6.04,Watchlist
pest_month,2022,February,2,,Plant Hopper,,,26,26,217.14,195,278.64,0,0,35.31,80,0,7,Plant Hopper,rice,11.75,Watchlist
pest_month,2022,February,2,,Rodents,,,43,43,774.75,629,774.8,0,0,16.63,60,0,4,Rodents,rice,9.73,Watchlist
pest_month,2022,February,2,,Stem/Shoot/Fruit Borer,,,12,12,142.62,63,69.02,0,0,11.17,20,0,0,Stem/Shoot/Fruit Borer,rice,5.58,Watchlist
pest_month,2022,February,2,,Whorl Maggot,,,3,3,3.5,17,3.5,0,0,13.33,20,0,0,Whorl Maggot,rice,4.87,Watchlist
pest_month,2022,March,3,,Bacterial Leaf Blight,,,7,7,47.52,41,47.52,0,0,27.14,70,0,1,Bacterial Leaf Blight,rice,9.1,Watchlist
pest_month,2022,March,3,,Bacterial Leaf Streak,,,1,1,10,1,10,0,0,20,20,0,0,Bacterial Leaf Streak,rice,6.5,Watchlist
pest_month,2022,March,3,,Blast/Blight/Spot,,,64,64,373.41,692,368.26,2,2,29.09,62,0,9,Blast/Blight/Spot,rice,9.73,Watchlist
pest_month,2022,March,3,,Corn Smut,,,1,1,3,2,3,0,0,5,5,0,0,Corn Smut,corn,2.1,Watchlist
pest_month,2022,March,3,,Disease - Fungal/Bacterial,,,10,10,20.97,104,20.97,0,0,17,50,0,1,Disease - Fungal/Bacterial,rice,7.11,Watchlist
pest_month,2022,March,3,,Fall Armyworm,,,19,19,83.3,83,83.3,0,0,16.16,50,0,1,Fall Armyworm,corn,5.67,Watchlist
pest_month,2022,March,3,,Leaf Folder/Miner,,,9,9,36.48,38,36.38,0,0,17.78,50,0,1,Leaf Folder/Miner,rice,6.01,Watchlist
pest_month,2022,March,3,,Plant Hopper,,,101,101,1073.76,829,1075.96,0,0,35.51,80,0,32,Plant Hopper,rice,11.96,Watchlist
pest_month,2022,March,3,,Rodents,,,2,2,5.79,31,5.79,0,0,31.5,33,0,0,Rodents,rice,12.1,Watchlist
pest_month,2022,March,3,,Stem/Shoot/Fruit Borer,,,10,10,43.9,55,43.9,0,0,18.5,70,0,1,Stem/Shoot/Fruit Borer,rice,6.54,Watchlist
pest_month,2022,April,4,,Bacterial Leaf Blight,,,1,1,1.6,6,1.6,0,0,10,10,0,0,Bacterial Leaf Blight,rice,4.2,Watchlist
pest_month,2022,April,4,,Blast/Blight/Spot,,,41,41,178.58,187,151.1,0,0,18.61,70,0,5,Blast/Blight/Spot,rice,6.34,Watchlist
pest_month,2022,April,4,,Disease - Fungal/Bacterial,,,1,1,2.7,15,2.7,0,0,40,40,0,0,Disease - Fungal/Bacterial,rice,14.1,Watchlist
pest_month,2022,April,4,,Fall Armyworm,,,8,8,37.4,64,37.3,0,0,22,80,0,1,Fall Armyworm,corn,8.09,Watchlist
pest_month,2022,April,4,,False Smut,,,1,1,1.6,5,1.6,0,0,2,2,0,0,False Smut,rice,1.9,Watchlist
pest_month,2022,April,4,,Leaf Folder/Miner,,,6,6,11.6,22,11.6,0,0,11.33,40,0,0,Leaf Folder/Miner,rice,3.98,Watchlist
pest_month,2022,April,4,,Plant Hopper,,,20,20,126.99,140,126.99,0,0,27.55,60,0,4,Plant Hopper,rice,9.43,Watchlist
pest_month,2022,April,4,,Stem/Shoot/Fruit Borer,,,3,3,3.9,7,3.9,0,0,19.33,50,0,1,Stem/Shoot/Fruit Borer,rice,5.6,Watchlist
pest_month,2022,April,4,,Whorl Maggot,,,2,2,6,6,6,0,0,5,5,0,0,Whorl Maggot,rice,2.35,Watchlist
pest_month,2022,May,5,,Blast/Blight/Spot,,,1,1,20,15,20,0,0,30,30,0,0,Blast/Blight/Spot,rice,13.8,Watchlist
pest_month,2022,May,5,,Cutworm/Armyworm,,,1,1,0.1,57,0.1,0,0,15,15,0,0,Cutworm/Armyworm,rice,18,Watchlist
pest_month,2022,May,5,,Fall Armyworm,,,62,62,3068.49,2934,3068.79,0,0,28.4,80,0,11,Fall Armyworm,corn,19.32,Watchlist
pest_month,2022,May,5,,Greenhorned Catterpillar,,,1,1,2,0,2,0,0,1,1,0,0,Greenhorned Catterpillar,rice,0.5,Watchlist
pest_month,2022,May,5,,Rbb,,,13,13,82,86,82,0,0,7.5,10,0,0,Rbb,rice,2.72,Watchlist
pest_month,2022,May,5,,Stem/Shoot/Fruit Borer,,,2,2,37,3,37,0,0,25,30,0,0,Stem/Shoot/Fruit Borer,rice,8.95,Watchlist
pest_month,2022,June,6,,Bacterial Leaf Blight,,,2,2,12,26,12,0,0,4.5,6,0,0,Bacterial Leaf Blight,rice,5.15,Watchlist
pest_month,2022,June,6,,Bacterial Leaf Streak,,,4,4,23,9,23,0,0,8.25,10,0,0,Bacterial Leaf Streak,rice,3.35,Watchlist
pest_month,2022,June,6,,Cutworm/Armyworm,,,2,2,0.04,41,0.04,0,0,10,10,0,0,Cutworm/Armyworm,rice,7.65,Watchlist
pest_month,2022,June,6,,Fall Armyworm,,,59,59,2382.61,2245,2379.45,0,0,24.41,70,0,9,Fall Armyworm,corn,17,Watchlist
pest_month,2022,June,6,,Leaf Folder/Miner,,,6,6,34.3,46,34.3,0,0,9,20,0,0,Leaf Folder/Miner,rice,4.87,Watchlist
pest_month,2022,June,6,,Rodents,,,5,5,88.68,28,88.68,0,0,15,15,0,0,Rodents,rice,7.36,Watchlist
pest_month,2022,June,6,,Stem/Shoot/Fruit Borer,,,5,5,26.9,43,26.9,0,0,12.6,40,0,0,Stem/Shoot/Fruit Borer,rice,5.96,Watchlist
pest_month,2022,July,7,,Bacterial Leaf Blight,,,10,10,86,113,86,0,0,12.3,30,0,0,Bacterial Leaf Blight,rice,6.72,Watchlist
pest_month,2022,July,7,,Bacterial Leaf Streak,,,6,6,66.5,15,66.5,0,0,9.17,10,0,0,Bacterial Leaf Streak,rice,4.3,Watchlist
pest_month,2022,July,7,,Blast/Blight/Spot,,,3,3,80,4,80,0,0,10,10,0,0,Blast/Blight/Spot,rice,6.2,Watchlist
pest_month,2022,July,7,,Cutworm/Armyworm,,,1,1,1,8,1,0,0,25,25,0,0,Cutworm/Armyworm,rice,8.4,Watchlist
pest_month,2022,July,7,,Downy Mildew,,,1,1,12.3,8,12.3,0,0,16,16,0,0,Downy Mildew,corn,7.5,Watchlist
pest_month,2022,July,7,,Fall Armyworm,,,46,46,2062.04,2084,2062.04,0,0,19.63,46,0,0,Fall Armyworm,corn,17.93,Watchlist
pest_month,2022,July,7,,Leaf Folder/Miner,,,13,13,890.5,83,1005.5,0,0,10.15,20,0,0,Leaf Folder/Miner,rice,12.34,Watchlist
pest_month,2022,July,7,,Rbb,,,16,16,201.55,113,177.55,0,0,12,40,0,0,Rbb,rice,6.33,Watchlist
pest_month,2022,July,7,,Rodents,,,4,4,29,20,29,0,0,4,10,0,0,Rodents,rice,3.15,Watchlist
pest_month,2022,July,7,,Stem/Shoot/Fruit Borer,,,2,2,24.5,17,24.5,0,0,3,3,0,0,Stem/Shoot/Fruit Borer,rice,4.45,Watchlist
pest_month,2022,August,8,,Bacterial Leaf Blight,,,15,15,100.55,131,100.55,0,0,15.33,50,0,2,Bacterial Leaf Blight,rice,6.85,Watchlist
pest_month,2022,August,8,,Bacterial Leaf Streak,,,6,6,71.7,21,71.7,0,0,16.33,50,0,1,Bacterial Leaf Streak,rice,6.45,Watchlist
pest_month,2022,August,8,,Blast/Blight/Spot,,,7,7,12.25,138,12.25,0,0,15.71,50,0,1,Blast/Blight/Spot,rice,8.66,Watchlist
pest_month,2022,August,8,,Disease - Fungal/Bacterial,,,4,4,24.25,9,24.25,0,0,16.5,20,0,0,Disease - Fungal/Bacterial,corn,5.42,Watchlist
pest_month,2022,August,8,,Fall Armyworm,,,5,5,12.5,15,12.5,0,0,6.4,10,0,0,Fall Armyworm,corn,2.66,Watchlist
pest_month,2022,August,8,,Leaf Folder/Miner,,,5,5,63.8,31,63.8,0,0,8,15,0,0,Leaf Folder/Miner,rice,5.14,Watchlist
pest_month,2022,August,8,,Plant Hopper,,,9,9,48.1,40,48.1,0,0,12,40,0,0,Plant Hopper,rice,4.78,Watchlist
pest_month,2022,August,8,,Rbb,,,11,11,111.8,79,108.8,0,0,11.18,20,0,0,Rbb,rice,5.85,Watchlist
pest_month,2022,August,8,,Rodents,,,17,17,785.35,620,785.35,0,0,12.59,50,0,1,Rodents,corn,15.96,Watchlist
pest_month,2022,August,8,,Stem/Shoot/Fruit Borer,,,3,3,7.5,21,7.5,0,0,3.33,5,0,0,Stem/Shoot/Fruit Borer,rice,2.9,Watchlist
pest_month,2022,September,9,,Bacterial Leaf Blight,,,5,5,78.2,58,78.2,0,0,4.8,10,0,0,Bacterial Leaf Blight,rice,6.04,Watchlist
pest_month,2022,September,9,,Bacterial Leaf Streak,,,2,2,4.9,11,4.9,0,0,3,3,0,0,Bacterial Leaf Streak,rice,2.4,Watchlist
pest_month,2022,September,9,,Blast/Blight/Spot,,,4,4,11.55,41,11.5,0,0,8.75,10,0,0,Blast/Blight/Spot,rice,5.1,Watchlist
pest_month,2022,September,9,,Fall Armyworm,,,9,9,22.92,19,22.92,0,0,15.33,40,0,0,Fall Armyworm,corn,4.68,Watchlist
pest_month,2022,September,9,,Glh,,,1,1,5,29,5,0,0,5,5,0,0,Glh,rice,9.1,Watchlist
pest_month,2022,September,9,,Leaf Folder/Miner,,,5,4,49.8,59,49.8,0,0,15.2,35,0,0,Leaf Folder/Miner,rice,8.02,Watchlist
pest_month,2022,September,9,,Plant Hopper,,,23,23,244.25,347,244.2,0,0,10.26,30,0,0,Plant Hopper,rice,7,Watchlist
pest_month,2022,September,9,,Rbb,,,3,3,314,16,22,0,0,23.33,40,0,0,Rbb,rice,19.3,Watchlist
pest_month,2022,September,9,,Rodents,,,1,1,2.7,1,2.7,0,0,3,3,0,0,Rodents,corn,1.3,Watchlist
pest_month,2022,September,9,,Stem/Shoot/Fruit Borer,,,9,8,195.99,134,195.99,0,0,15.44,35,0,0,Stem/Shoot/Fruit Borer,rice,10.3,Watchlist
pest_month,2022,October,10,,Bacterial Leaf Blight,,,3,3,7.2,15,7.2,0,0,7,15,0,0,Bacterial Leaf Blight,rice,3.3,Watchlist
pest_month,2022,October,10,,Bacterial Leaf Streak,,,1,1,5,2,5,0,0,3,3,0,0,Bacterial Leaf Streak,rice,1.9,Watchlist
pest_month,2022,October,10,,Disease - Fungal/Bacterial,,,1,1,0.5,1,0.5,0,0,10,10,0,0,Disease - Fungal/Bacterial,rice,2.8,Watchlist
pest_month,2022,October,10,,Fall Armyworm,,,31,30,339.6,240,351.3,0,0,16.42,50,0,1,Fall Armyworm,corn,7.41,Watchlist
pest_month,2022,October,10,,Leaf Folder/Miner,,,3,3,8.5,5,8.5,0,0,6.67,15,0,0,Leaf Folder/Miner,rice,2.43,Watchlist
pest_month,2022,October,10,,Plant Hopper,,,3,3,36.2,4,36.2,0,0,14.33,20,0,0,Plant Hopper,rice,5.4,Watchlist
pest_month,2022,October,10,,Rbb,,,2,2,17.65,2,17.65,0,0,42.5,70,0,1,Rbb,rice,11.95,Watchlist
pest_month,2022,October,10,,Stem/Shoot/Fruit Borer,,,3,3,5,31,5,0,0,16.67,30,0,0,Stem/Shoot/Fruit Borer,rice,6.97,Watchlist
pest_month,2022,November,11,,Bacterial Leaf Blight,,,6,6,34.9,22,34.9,0,0,10,15,0,0,Bacterial Leaf Blight,rice,4.15,Watchlist
pest_month,2022,November,11,,Bacterial Leaf Streak,,,2,2,6,5,6,0,0,12.5,15,0,0,Bacterial Leaf Streak,rice,4.15,Watchlist
pest_month,2022,November,11,,Disease - Fungal/Bacterial,,,1,1,2.8,1,2.8,0,0,30,30,0,0,Disease - Fungal/Bacterial,rice,8.1,Watchlist
pest_month,2022,November,11,,Fall Armyworm,,,32,32,469.5,466,469.5,0,0,14.03,38,0,0,Fall Armyworm,corn,8.75,Watchlist
pest_month,2022,November,11,,Leaf Folder/Miner,,,2,2,5,8,5,0,0,4,5,0,0,Leaf Folder/Miner,rice,2.3,Watchlist
pest_month,2022,November,11,,Plant Hopper,,,1,1,1,1,1,0,0,3,3,0,0,Plant Hopper,corn,1.1,Watchlist
pest_month,2022,November,11,,Rbb,,,24,24,165.53,160,52.72,0,0,9.75,20,0,0,Rbb,rice,3.35,Watchlist
pest_month,2022,November,11,,Rodents,,,2,2,150.2,189,150.2,0,0,19,35,0,0,Rodents,rice,23.4,Watchlist
pest_month,2022,November,11,,Stem/Shoot/Fruit Borer,,,3,3,5,32,5,0,0,7.67,15,0,0,Stem/Shoot/Fruit Borer,rice,4.77,Watchlist
pest_month,2022,December,12,,Bacterial Leaf Blight,,,2,2,17,6,17,0,0,25,30,0,0,Bacterial Leaf Blight,rice,8.05,Watchlist
pest_month,2022,December,12,,Blast/Blight/Spot,,,7,7,49,23,50.5,0,0,22.86,30,0,0,Blast/Blight/Spot,rice,7.41,Watchlist
pest_month,2022,December,12,,Disease - Fungal/Bacterial,,,1,1,1,8,1,0,0,5,5,0,0,Disease - Fungal/Bacterial,rice,3.4,Watchlist
pest_month,2022,December,12,,Fall Armyworm,,,38,38,1240.3,1183,1245.3,0,0,17.34,50,0,1,Fall Armyworm,corn,14.68,Watchlist
pest_month,2022,December,12,,Leaf Folder/Miner,,,3,3,22.3,24,22.3,0,0,14.33,20,0,0,Leaf Folder/Miner,rice,6.5,Watchlist
pest_month,2022,December,12,,Plant Hopper,,,10,10,59,146,59,0,0,18.5,30,0,0,Plant Hopper,rice,9.01,Watchlist
pest_month,2022,December,12,,Rbb,,,5,5,12.12,59,12.12,0,0,6,10,0,0,Rbb,rice,4.18,Watchlist
pest_month,2022,December,12,,Rodents,,,19,19,298.4,271,298.4,0,0,4.74,35,0,0,Rodents,rice,5.19,Watchlist
pest_month,2022,December,12,,Whorl Maggot,,,1,1,5,24,5,0,0,10,10,0,0,Whorl Maggot,rice,9.1,Watchlist
pest_month,2023,January,1,,Bacterial Leaf Blight,,,3,3,21,3,21,0,0,10.67,20,0,0,Bacterial Leaf Blight,rice,3.77,Watchlist
pest_month,2023,January,1,,Blast/Blight/Spot,,,1,1,25,2,25,0,0,20,20,0,0,Blast/Blight/Spot,rice,8.6,Watchlist
pest_month,2023,January,1,,Fall Armyworm,,,13,13,613.9,731,613.9,0,0,14,30,0,0,Fall Armyworm,corn,16.95,Watchlist
pest_month,2023,January,1,,Leaf Folder/Miner,,,1,1,2,1,2,0,0,3,3,0,0,Leaf Folder/Miner,rice,1.2,Watchlist
pest_month,2023,January,1,,Plant Hopper,,,4,4,83.3,70,83.3,0,0,12.5,20,0,0,Plant Hopper,corn,10.12,Watchlist
pest_month,2023,January,1,,Rbb,,,1,1,0.05,25,0.05,0,0,20,20,0,0,Rbb,rice,11.3,Watchlist
pest_month,2023,January,1,,Rodents,,,28,28,771.05,456,771.05,0,0,23.46,55,0,4,Rodents,rice,13.13,Watchlist
pest_month,2023,February,2,,Bacterial Leaf Blight,,,5,4,75.8,14,75.8,0,0,21,30,0,0,Bacterial Leaf Blight,rice,7.84,Watchlist
pest_month,2023,February,2,,Bacterial Leaf Streak,,,2,2,18,63,18,0,0,12.5,15,0,0,Bacterial Leaf Streak,rice,12,Watchlist
pest_month,2023,February,2,,Blast/Blight/Spot,,,5,5,53,22,53,0,0,17,30,0,0,Blast/Blight/Spot,rice,6.68,Watchlist
pest_month,2023,February,2,,Fall Armyworm,,,17,17,298.7,178,298.7,0,0,20.59,45,0,0,Fall Armyworm,corn,9.97,Watchlist
pest_month,2023,February,2,,Plant Hopper,,,3,3,60,33,60,0,0,11.67,15,0,0,Plant Hopper,corn,8.13,Watchlist
pest_month,2023,February,2,,Rodents,,,10,9,122.9,113,122.9,0,0,14.2,30,0,0,Rodents,corn,7.92,Watchlist
pest_month,2023,March,3,,Bacterial Leaf Blight,,,8,8,62,46,62,0,0,6.62,15,0,0,Bacterial Leaf Blight,rice,4.05,Watchlist
pest_month,2023,March,3,,Blast/Blight/Spot,,,4,4,25,152,25,0,0,4,5,0,0,Blast/Blight/Spot,rice,5.65,Watchlist
pest_month,2023,March,3,,Disease - Fungal/Bacterial,,,3,3,24,20,24,0,0,18.33,30,0,0,Disease - Fungal/Bacterial,rice,7.23,Watchlist
pest_month,2023,March,3,,Fall Armyworm,,,23,23,461.16,423,461.16,0,0,19.57,70,0,2,Fall Armyworm,corn,10.55,Watchlist
pest_month,2023,March,3,,Plant Hopper,,,18,18,242.6,138,242.6,0,0,8.61,15,0,0,Plant Hopper,corn,5.76,Watchlist
pest_month,2023,March,3,,Rodents,,,2,2,26,46,26,0,0,10,10,0,0,Rodents,rice,9.85,Watchlist
pest_month,2023,April,4,,Bacterial Leaf Blight,,,1,1,15,19,0,0,0,10,10,0,0,Bacterial Leaf Blight,rice,9.1,Watchlist
pest_month,2023,April,4,,Fall Armyworm,,,7,7,183,261,45,42,42,34.29,45,0,0,Fall Armyworm,corn,21.64,Watchlist
pest_month,2023,April,4,,Leaf Folder/Miner,,,1,1,0.6,28,0,0,0,5,5,0,0,Leaf Folder/Miner,rice,8.3,Watchlist
pest_month,2023,April,4,,Plant Hopper,,,4,4,47,34,45,0,0,11.25,15,0,0,Plant Hopper,rice,6.4,Watchlist
pest_month,2023,April,4,,Rbb,,,1,1,1.6,10,0,0,0,3,3,0,0,Rbb,rice,3.5,Watchlist
pest_month,2023,May,5,,Aphids/Scale/Mealybug,,,1,1,2.5,3,0,0,0,10,10,0,0,Aphids/Scale/Mealybug,hvc,3.6,Watchlist
pest_month,2023,May,5,,Bacterial Leaf Blight,,,2,2,1.5,8,2,0,0,30,50,0,1,Bacterial Leaf Blight,rice,8.6,Watchlist
pest_month,2023,May,5,,Cassava Phytoplasma/Mosaic,,,14,14,385.5,276,0,326,326,34.86,60,0,2,Cassava Phytoplasma/Mosaic,cassava,20.59,Watchlist
pest_month,2023,May,5,,Cutworm/Armyworm,,,8,8,47.46,74,47.46,5.03,5.03,23.75,40,0,0,Cutworm/Armyworm,rice,9.1,Watchlist
pest_month,2023,May,5,,Fall Armyworm,,,79,78,2421.89,1988,1249.71,1435.53,1435.53,31.18,81,0,25,Fall Armyworm,corn,20.19,Watchlist
pest_month,2023,May,5,,Plant Hopper,,,3,3,62,14,50,0,0,4.67,10,0,0,Plant Hopper,corn,4.93,Watchlist
pest_month,2023,May,5,,Rbb,,,1,1,15,1,0,0,0,5,5,0,0,Rbb,rice,3.4,Watchlist
pest_month,2023,May,5,,Stem/Shoot/Fruit Borer,,,4,4,10.82,18,11.8,0,0,6.25,10,0,0,Stem/Shoot/Fruit Borer,rice,3,Watchlist
pest_month,2023,May,5,,White Grub,,,1,1,9.3,9,0,0,0,15,15,0,0,White Grub,hvc,7.2,Watchlist
pest_month,2023,June,6,,Bacterial Leaf Blight,,,5,4,60.59,84,25.59,35,35,5.6,6,0,0,Bacterial Leaf Blight,rice,8.5,Watchlist
pest_month,2023,June,6,,Bacterial Leaf Streak,,,2,2,37,24,115,18,18,20,30,0,0,Bacterial Leaf Streak,rice,12.1,Watchlist
pest_month,2023,June,6,,Cassava Phytoplasma/Mosaic,,,9,9,412,441,0,555,555,82.78,95,0,9,Cassava Phytoplasma/Mosaic,cassava,43.74,Moderate
pest_month,2023,June,6,,Fall Armyworm,,,59,59,2301.75,1945,963.2,1722.65,1722.65,20.03,50,0,1,Fall Armyworm,corn,21.93,Watchlist
pest_month,2023,June,6,,Gummosis,,,8,8,89.5,127,0,89.5,89.5,5,5,0,0,Gummosis,hvc,8.84,Watchlist
pest_month,2023,June,6,,Leaf Folder/Miner,,,1,1,5,1,5,0,0,10,10,0,0,Leaf Folder/Miner,rice,3.4,Watchlist
pest_month,2023,June,6,,Stem/Shoot/Fruit Borer,,,6,5,36.5,19,32.5,4,4,12.5,40,0,0,Stem/Shoot/Fruit Borer,rice,4.82,Watchlist
pest_month,2023,July,7,,Bacterial Leaf Blight,,,3,3,7.78,88,3,2.78,2.78,12,30,0,0,Bacterial Leaf Blight,rice,9.83,Watchlist
pest_month,2023,July,7,,Bacterial Leaf Streak,,,4,4,67,24,350,60,60,12.5,15,0,0,Bacterial Leaf Streak,rice,9.72,Watchlist
pest_month,2023,July,7,,Disease - Fungal/Bacterial,,,8,8,35.76,35,0.2,43.8,43.8,18.75,70,0,1,Disease - Fungal/Bacterial,hvc,7.42,Watchlist
pest_month,2023,July,7,,Fall Armyworm,,,46,46,1653.16,1427,1624.13,571.45,571.45,24.43,50,0,4,Fall Armyworm,corn,18.15,Watchlist
pest_month,2023,July,7,,Leaf Folder/Miner,,,1,1,15,4,0,15,15,5,5,0,0,Leaf Folder/Miner,rice,7.1,Watchlist
pest_month,2023,July,7,,Rbb,,,2,2,2,8,3.3,1,1,8.5,15,0,0,Rbb,rice,3.35,Watchlist
pest_month,2023,July,7,,Rodents,,,5,5,235,116,15,220,220,6,10,0,0,Rodents,rice,21.18,Watchlist
pest_month,2023,July,7,,Stem/Shoot/Fruit Borer,,,7,7,142.08,55,667,62.28,62.28,9.29,30,0,0,Stem/Shoot/Fruit Borer,rice,8.6,Watchlist
pest_month,2023,July,7,,White Grub,,,1,1,75,2,0,75,75,20,20,0,0,White Grub,hvc,24.9,Watchlist
pest_month,2023,August,8,,Aphids/Scale/Mealybug,,,1,1,1,2,1,0,0,5,5,0,0,Aphids/Scale/Mealybug,hvc,1.9,Watchlist
pest_month,2023,August,8,,Bacterial Leaf Blight,,,11,11,419.5,78,13,333.5,333.5,25.18,70,0,2,Bacterial Leaf Blight,rice,18.57,Watchlist
pest_month,2023,August,8,,Bacterial Leaf Streak,,,20,20,713.5,435,630,759.5,759.5,19.6,70,0,1,Bacterial Leaf Streak,rice,19.11,Watchlist
pest_month,2023,August,8,,Blast/Blight/Spot,,,2,2,2.5,25,0,6.5,6.5,32.5,60,0,1,Blast/Blight/Spot,rice,12.05,Watchlist
pest_month,2023,August,8,,Cassava Phytoplasma/Mosaic,,,2,2,7,5,0,9,9,55,70,0,1,Cassava Phytoplasma/Mosaic,cassava,15.7,Watchlist
pest_month,2023,August,8,,Disease - Fungal/Bacterial,,,1,1,8,8,8,0,0,20,20,0,0,Disease - Fungal/Bacterial,corn,8,Watchlist
pest_month,2023,August,8,,Fall Armyworm,,,17,17,590,283,965,535,535,23.59,63,0,2,Fall Armyworm,corn,17.74,Watchlist
pest_month,2023,August,8,,Glh,,,3,3,55.25,53,52,0,0,21.67,30,0,0,Glh,rice,12.1,Watchlist
pest_month,2023,August,8,,Leaf Folder/Miner,,,10,10,201,189,35,546,546,22.33,60,0,1,Leaf Folder/Miner,rice,15.57,Watchlist
pest_month,2023,August,8,,Plant Hopper,,,38,38,1529.25,602,1442,2533.44,2533.44,15.68,40,0,0,Plant Hopper,rice,18.09,Watchlist
pest_month,2023,August,8,,Rodents,,,6,6,235,243,10,964.1,964.1,10.83,20,0,0,Rodents,rice,22,Watchlist
pest_month,2023,August,8,,Stem/Shoot/Fruit Borer,,,3,3,14.5,36,14,10.5,10.5,8.33,15,0,0,Stem/Shoot/Fruit Borer,rice,6.37,Watchlist
pest_month,2023,September,9,,Aphids/Scale/Mealybug,,,2,2,60,40,0,0,0,10,10,0,0,Aphids/Scale/Mealybug,cassava,11.2,Watchlist
pest_month,2023,September,9,,Bacterial Leaf Blight,,,4,4,76.5,50,55,35,35,15.75,40,0,0,Bacterial Leaf Blight,rice,11.22,Watchlist
pest_month,2023,September,9,,Bacterial Leaf Streak,,,1,1,1.5,2,15,0,0,40,40,0,0,Bacterial Leaf Streak,rice,10.7,Watchlist
pest_month,2023,September,9,,Blast/Blight/Spot,,,4,4,82,55,0,12,12,12,20,0,0,Blast/Blight/Spot,rice,9.6,Watchlist
pest_month,2023,September,9,,Cassava Phytoplasma/Mosaic,,,7,7,72.3,72,0,12.3,12.3,18.57,50,0,1,Cassava Phytoplasma/Mosaic,cassava,8.89,Watchlist
pest_month,2023,September,9,,Cutworm/Armyworm,,,1,1,0.09,1,0,0.09,0.09,15,15,0,0,Cutworm/Armyworm,rice,4,Watchlist
pest_month,2023,September,9,,Disease - Fungal/Bacterial,,,3,3,6.4,14,5.2,1.2,1.2,6.33,11,0,0,Disease - Fungal/Bacterial,rice,3.1,Watchlist
pest_month,2023,September,9,,Fall Armyworm,,,14,14,97.75,111,79.25,20.5,20.5,23.57,70,0,2,Fall Armyworm,corn,9.04,Watchlist
pest_month,2023,September,9,,Fruit Fly,,,2,2,1.5,3,1.5,0,0,10,15,0,0,Fruit Fly,hvc,3,Watchlist
pest_month,2023,September,9,,Gummosis,,,3,3,28,32,0,28,28,5,5,0,0,Gummosis,hvc,6.93,Watchlist
pest_month,2023,September,9,,Leaf Folder/Miner,,,5,5,65.5,35,283,40,40,21,30,0,0,Leaf Folder/Miner,rice,10.22,Watchlist
pest_month,2023,September,9,,Plant Hopper,,,20,20,255.92,186,103.66,346.26,346.26,21.85,50,0,1,Plant Hopper,rice,11.38,Watchlist
pest_month,2023,September,9,,Rbb,,,1,1,20,5,20,0,0,15,15,0,0,Rbb,rice,7.5,Watchlist
pest_month,2023,September,9,,Stem/Shoot/Fruit Borer,,,13,13,125.5,70,29.5,301.5,301.5,10.23,30,0,0,Stem/Shoot/Fruit Borer,hvc,7.38,Watchlist
pest_month,2023,October,10,,Aphids/Scale/Mealybug,,,4,4,3.3,15,8.2,0,0,12.5,15,0,0,Aphids/Scale/Mealybug,hvc,4.17,Watchlist
pest_month,2023,October,10,,Bacterial Leaf Blight,,,1,1,15,41,0,15,15,10,10,0,0,Bacterial Leaf Blight,rice,17.6,Watchlist
pest_month,2023,October,10,,Bacterial Leaf Streak,,,1,1,15,2,0,15,15,10,10,0,0,Bacterial Leaf Streak,rice,7.9,Watchlist
pest_month,2023,October,10,,Cassava Phytoplasma/Mosaic,,,3,3,60,37,0,0,0,21.67,25,0,0,Cassava Phytoplasma/Mosaic,cassava,11,Watchlist
pest_month,2023,October,10,,Cutworm/Armyworm,,,1,1,1.5,3,1.5,0,0,15,15,0,0,Cutworm/Armyworm,rice,4.7,Watchlist
pest_month,2023,October,10,,Disease - Fungal/Bacterial,,,1,1,0.5,1,5,0,0,10,10,0,0,Disease - Fungal/Bacterial,hvc,2.8,Watchlist
pest_month,2023,October,10,,Fall Armyworm,,,44,44,583.3,793,421.5,234,234,17.66,40,0,0,Fall Armyworm,corn,11.59,Watchlist
pest_month,2023,October,10,,Fruit Fly,,,6,6,10.2,27,9.2,1,1,8.33,15,0,0,Fruit Fly,hvc,3.45,Watchlist
pest_month,2023,October,10,,Gummosis,,,3,2,20.5,31,7,13.5,13.5,5,5,0,0,Gummosis,hvc,5.6,Watchlist
pest_month,2023,October,10,,Leaf Folder/Miner,,,4,4,5.45,19,26.2,0.25,0.25,3.25,5,0,0,Leaf Folder/Miner,rice,2.18,Watchlist
pest_month,2023,October,10,,Onion Flies/Mole Cricket,,,1,1,3.2,1,3.2,0,0,10,10,0,0,Onion Flies/Mole Cricket,hvc,3.1,Watchlist
pest_month,2023,October,10,,Plant Hopper,,,2,2,19,13,19,0,0,12.5,15,0,0,Plant Hopper,rice,5.95,Watchlist
pest_month,2023,October,10,,Rbb,,,6,6,65.8,22,65.8,0,0,15.83,20,0,0,Rbb,rice,6.25,Watchlist
pest_month,2023,October,10,,Rodents,,,2,2,8.1,3,3,5.1,5.1,5,5,0,0,Rodents,rice,2.65,Watchlist
pest_month,2023,October,10,,Squash Lady Beetle,,,1,1,2.2,3,2.2,0,0,15,15,0,0,Squash Lady Beetle,hvc,4.8,Watchlist
pest_month,2023,October,10,,Stem/Shoot/Fruit Borer,,,7,7,35.35,46,25.25,16,16,6.86,10,0,0,Stem/Shoot/Fruit Borer,rice,4.44,Watchlist
pest_month,2023,November,11,,Bacterial Leaf Blight,,,1,1,5,30,5,0,0,10,10,0,0,Bacterial Leaf Blight,rice,10.6,Watchlist
pest_month,2023,November,11,,Blast/Blight/Spot,,,2,2,0.51,35,0.51,0,0,10,10,0,0,Blast/Blight/Spot,rice,6.95,Watchlist
pest_month,2023,November,11,,Cassava Phytoplasma/Mosaic,,,3,3,60,45,0,60,60,30,30,0,0,Cassava Phytoplasma/Mosaic,cassava,17.77,Watchlist
pest_month,2023,November,11,,Dead Heart,,,3,3,8.5,36,8.5,0,0,19.33,20,0,0,Dead Heart,rice,8.17,Watchlist
pest_month,2023,November,11,,Disease - Fungal/Bacterial,,,3,3,25.1,190,25.1,0,0,15,20,0,0,Disease - Fungal/Bacterial,rice,18.13,Watchlist
pest_month,2023,November,11,,Fall Armyworm,,,164,160,1950.32,2589,1944.32,0,0,15.13,90,0,9,Fall Armyworm,corn,9.1,Watchlist
pest_month,2023,November,11,,Fruit Fly,,,1,1,2,2,2,0,0,5,5,0,0,Fruit Fly,hvc,2,Watchlist
pest_month,2023,November,11,,Glh,,,2,2,5,33,5,0,0,5,5,0,0,Glh,rice,5.7,Watchlist
pest_month,2023,November,11,,Leaf Folder/Miner,,,4,4,7.5,38,7.5,0,0,11.25,30,0,0,Leaf Folder/Miner,rice,5.45,Watchlist
pest_month,2023,November,11,,Onion Flies,,,1,1,3.2,2,3.2,0,0,3,3,0,0,Onion Flies,hvc,1.6,Watchlist
pest_month,2023,November,11,,Plant Hopper,,,4,4,25,18,25,0,0,20,20,0,0,Plant Hopper,corn,6.93,Watchlist
pest_month,2023,November,11,,Rbb,,,13,13,75.05,247,75.05,0,0,10,40,0,0,Rbb,rice,7.78,Watchlist
pest_month,2023,November,11,,Rice Tungro Virus,,,1,1,5,6,5,0,0,80,80,0,1,Rice Tungro Virus,rice,22.1,Watchlist
pest_month,2023,November,11,,Rodents,,,1,1,1.1,20,1.1,0,0,20,20,0,0,Rodents,rice,10.1,Watchlist
pest_month,2023,November,11,,Stem/Shoot/Fruit Borer,,,21,21,114.24,418,114.24,0,0,12.19,45,0,0,Stem/Shoot/Fruit Borer,rice,8.45,Watchlist
pest_month,2023,November,11,,Twister,,,3,3,7.18,5,7.18,0,0,10,10,0,0,Twister,hvc,3.2,Watchlist
pest_month,2023,December,12,,Fall Armyworm,,,47,47,654.7,602,627.7,27,27,12.89,20,3,0,Fall Armyworm,corn,13.38,Watchlist
pest_month,2023,December,12,,Stem/Shoot/Fruit Borer,,,1,1,1,3,1,0,0,10,10,9,1,Stem/Shoot/Fruit Borer,hvc,18.4,Watchlist
pest_month,2024,January,1,,Bacterial Leaf Blight,,,20,20,169.7,169,69.7,100,100,6.7,20,3,0,Bacterial Leaf Blight,rice,10.94,Watchlist
pest_month,2024,January,1,,Bacterial Leaf Streak,,,15,15,310,247,217,103,103,17,40,3,0,Bacterial Leaf Streak,rice,17.43,Watchlist
pest_month,2024,January,1,,Blast/Blight/Spot,,,4,4,27.5,26,26,1.5,1.5,6,13,3,0,Blast/Blight/Spot,rice,9.12,Watchlist
pest_month,2024,January,1,,Budworm,,,1,1,0.5,1,0,0.5,0.5,15,15,9,1,Budworm,hvc,19.2,Watchlist
pest_month,2024,January,1,,Cutworm/Armyworm,,,10,9,55.8,117,55.8,7,7,18.8,60,8.4,9,Cutworm/Armyworm,hvc,22.47,Watchlist
pest_month,2024,January,1,,Disease - Fungal/Bacterial,,,3,3,7.2,8,0.7,6.5,6.5,11,25,2.33,0,Disease - Fungal/Bacterial,rice,8.1,Watchlist
pest_month,2024,January,1,,Fall Armyworm,,,17,17,178.45,153,178.45,0,0,16.65,50,3,1,Fall Armyworm,corn,12.83,Watchlist
pest_month,2024,January,1,,Leaf Folder/Miner,,,4,4,26.7,30,26.5,0.2,0.2,28.75,70,4.5,1,Leaf Folder/Miner,rice,17.5,Watchlist
pest_month,2024,January,1,,Onion Twister,,,1,1,16,18,8,17,17,60,60,9,1,Onion Twister,hvc,39.9,Moderate
pest_month,2024,January,1,,Plant Hopper,,,13,13,1014,503,430,623,623,16.77,59,3,1,Plant Hopper,corn,26.17,Watchlist
pest_month,2024,January,1,,Rbb,,,12,12,130.1,109,89.1,13,13,10.25,30,3,0,Rbb,rice,11.49,Watchlist
pest_month,2024,January,1,,Rodents,,,45,45,838.08,906,420.08,625.5,625.5,16.62,60,3,4,Rodents,rice,18.88,Watchlist
pest_month,2024,January,1,,Stem/Shoot/Fruit Borer,,,1,1,1.5,4,1.5,1.5,1.5,30,30,9,1,Stem/Shoot/Fruit Borer,hvc,24,Watchlist
pest_month,2024,February,2,,Aphids/Scale/Mealybug,,,5,5,131.4,8,132.4,0,0,19.2,40,5.4,2,Aphids/Scale/Mealybug,corn,17.52,Watchlist
pest_month,2024,February,2,,Bacterial Leaf Blight,,,33,33,410,382,264.1,137.9,137.9,11.7,30,3,0,Bacterial Leaf Blight,rice,13.3,Watchlist
pest_month,2024,February,2,,Bacterial Leaf Streak,,,16,16,283.5,252,211.5,67,67,9.75,20,3,0,Bacterial Leaf Streak,rice,14.53,Watchlist
pest_month,2024,February,2,,Blast/Blight/Spot,,,20,19,244.5,265,148,96.5,96.5,17.2,85,3.6,4,Blast/Blight/Spot,rice,16.19,Watchlist
pest_month,2024,February,2,,Cassava Phytoplasma/Mosaic,,,16,16,926,614,78,868,868,53.75,80,9,16,Cassava Phytoplasma/Mosaic,cassava,51.46,Moderate
pest_month,2024,February,2,,Cutworm/Armyworm,,,10,10,27.4,57,27.4,0,0,29.9,70,8.4,9,Cutworm/Armyworm,hvc,23.25,Watchlist
pest_month,2024,February,2,,Disease - Fungal/Bacterial,,,5,5,10,7,7,3,3,4.6,7,3,0,Disease - Fungal/Bacterial,corn,6.94,Watchlist
pest_month,2024,February,2,,Fall Armyworm,,,43,42,654,601,654,0,0,20.95,70,3,1,Fall Armyworm,corn,15.46,Watchlist
pest_month,2024,February,2,,Gummosis,,,1,1,126,1,126,0,0,5,5,9,1,Gummosis,hvc,32.2,Watchlist
pest_month,2024,February,2,,Leaf Folder/Miner,,,13,13,215.2,220,106.2,89,89,11.28,20,3.62,1,Leaf Folder/Miner,rice,16.12,Watchlist
pest_month,2024,February,2,,Plant Hopper,,,51,51,976.3,972,931.3,97,97,15.12,50,3.12,5,Plant Hopper,corn,15.95,Watchlist
pest_month,2024,February,2,,Rbb,,,7,5,185.06,159,94.06,91,91,15.86,50,3,1,Rbb,rice,20.66,Watchlist
pest_month,2024,February,2,,Rice Grassy Stunt Virus,,,1,1,1,1,1,0,0,3,3,3,0,Rice Grassy Stunt Virus,rice,6.2,Watchlist
pest_month,2024,February,2,,Rice Tungro Virus,,,1,1,11,6,0,0,0,5,5,3,0,Rice Tungro Virus,rice,9.2,Watchlist
pest_month,2024,February,2,,Rodents,,,17,17,170.75,220,160.75,10,10,9.71,20,3,0,Rodents,rice,11.92,Watchlist
pest_month,2024,February,2,,Stem/Shoot/Fruit Borer,,,9,9,93.79,89,81.79,12,12,18.78,60,4.33,2,Stem/Shoot/Fruit Borer,rice,16.03,Watchlist
pest_month,2024,February,2,,Thrips,,,1,1,3,10,3,0,0,5,5,9,1,Thrips,hvc,19.1,Watchlist
pest_month,2024,February,2,,Zinc Defficient,,,1,1,5,10,1,4,4,10,10,3,0,Zinc Defficient,rice,11.5,Watchlist
pest_month,2024,March,3,,Aphids/Scale/Mealybug,,,2,2,0.4,3,0.3,0,0,4.5,5,9,2,Aphids/Scale/Mealybug,hvc,16.55,Watchlist
pest_month,2024,March,3,,Bacterial Leaf Blight,,,1,1,12,2,25,0,0,70,70,3,1,Bacterial Leaf Blight,rice,24.6,Watchlist
pest_month,2024,March,3,,Blast/Blight/Spot,,,12,12,82.5,103,59.5,23,23,9.25,15,3,0,Blast/Blight/Spot,rice,10.81,Watchlist
pest_month,2024,March,3,,Cassava Phytoplasma/Mosaic,,,14,14,323,314,44,329,329,35,80,9,14,Cassava Phytoplasma/Mosaic,cassava,36.77,Moderate
pest_month,2024,March,3,,Cutworm/Armyworm,,,18,17,84.4,129,74.9,9.5,9.5,52.61,75,7.67,14,Cutworm/Armyworm,hvc,28.44,Watchlist
pest_month,2024,March,3,,Disease - Fungal/Bacterial,,,9,9,35.35,24,10.25,25.1,25.1,5.78,10,4.33,2,Disease - Fungal/Bacterial,rice,10.44,Watchlist
pest_month,2024,March,3,,Dumping-Off,,,4,4,25,50,0,25,25,13.75,20,9,4,Dumping-Off,hvc,23.58,Watchlist
pest_month,2024,March,3,,Fall Armyworm,,,26,24,570.47,547,570.47,0,0,24,70,3,3,Fall Armyworm,corn,18.27,Watchlist
pest_month,2024,March,3,,Fruit Fly,,,2,2,1,5,1,0,0,25,30,9,2,Fruit Fly,hvc,21.95,Watchlist
pest_month,2024,March,3,,Gummosis,,,1,1,20,1,0,0.2,0.2,5,5,9,1,Gummosis,hvc,19,Watchlist
pest_month,2024,March,3,,Leaf Folder/Miner,,,4,4,88,80,1,0,0,15.25,30,6,2,Leaf Folder/Miner,rice,20.85,Watchlist
pest_month,2024,March,3,,Plant Hopper,,,64,64,1476.35,2201,936.35,411,411,14.48,100,3.28,5,Plant Hopper,rice,19.22,Watchlist
pest_month,2024,March,3,,Rbb,,,4,4,127,123,20,15,15,17.75,40,4.5,1,Rbb,rice,23.68,Watchlist
pest_month,2024,March,3,,Red Palm Weevil,,,1,1,150,1,0,2,2,20,20,9,1,Red Palm Weevil,hvc,39.4,Moderate
pest_month,2024,March,3,,Rodents,,,7,7,119.96,85,62.96,57,57,4.71,5,3,0,Rodents,corn,13.1,Watchlist
pest_month,2024,March,3,,Stem/Shoot/Fruit Borer,,,7,7,16.5,21,15.5,0.5,0.5,11.86,20,7.29,5,Stem/Shoot/Fruit Borer,hvc,16.2,Watchlist
pest_month,2024,March,3,,Zinc Defficient,,,2,2,10,13,5,0,0,2.5,3,3,0,Zinc Defficient,rice,7.95,Watchlist
pest_month,2024,April,4,,Aphids/Scale/Mealybug,,,5,5,5.2,121,5.1,0.1,0.1,4.8,10,9,5,Aphids/Scale/Mealybug,hvc,22.38,Watchlist
pest_month,2024,April,4,,Bacterial Leaf Blight,,,13,13,660,949,395,270,270,8.08,10,1.62,0,Bacterial Leaf Blight,rice,26.89,Watchlist
pest_month,2024,April,4,,Blast/Blight/Spot,,,3,3,160,359,120,50,50,5,5,3,0,Blast/Blight/Spot,rice,31.37,Watchlist
pest_month,2024,April,4,,Cassava Phytoplasma/Mosaic,,,35,35,1409,1209,485,936,936,24.71,70,9,35,Cassava Phytoplasma/Mosaic,cassava,35.85,Moderate
pest_month,2024,April,4,,Cecid Fly,,,1,1,2,1,2,0,0,5,5,9,1,Cecid Fly,hvc,16.8,Watchlist
pest_month,2024,April,4,,Cutworm/Armyworm,,,3,3,7.5,32,4,6.5,6.5,19.67,34,9,3,Cutworm/Armyworm,hvc,23.33,Watchlist
pest_month,2024,April,4,,Diamondback Moth,,,1,1,1.2,8,1.2,0,0,5,5,9,1,Diamondback Moth,hvc,18.4,Watchlist
pest_month,2024,April,4,,Disease - Fungal/Bacterial,,,3,3,10.5,10,1,9.5,9.5,8.33,10,5,1,Disease - Fungal/Bacterial,rice,12.4,Watchlist
pest_month,2024,April,4,,Fall Armyworm,,,14,14,53.1,64,53.1,0,0,16.79,25,3,0,Fall Armyworm,corn,10.91,Watchlist
pest_month,2024,April,4,,Fruit Fly,,,3,3,14,6,6,8,8,21.67,30,9,3,Fruit Fly,hvc,22.07,Watchlist
pest_month,2024,April,4,,Gummosis,,,3,3,17,23,4,13,13,8.33,10,9,3,Gummosis,hvc,20.6,Watchlist
pest_month,2024,April,4,,Leaf Folder/Miner,,,8,8,14.6,94,9.5,5.1,5.1,6.12,10,3,0,Leaf Folder/Miner,rice,9.94,Watchlist
pest_month,2024,April,4,,Plant Hopper,,,9,9,200.94,358,153.94,47,47,8.56,20,3.89,2,Plant Hopper,rice,18.22,Watchlist
pest_month,2024,April,4,,Red Spider Mites,,,2,2,51.5,77,35,16.5,16.5,38,50,9,2,Red Spider Mites,hvc,39,Moderate
pest_month,2024,April,4,,Rodents,,,2,2,8,4,0,8,8,10,10,3,0,Rodents,rice,9.4,Watchlist
pest_month,2024,April,4,,Stem/Shoot/Fruit Borer,,,30,30,369.5,782,126.5,242.5,242.5,12.93,30,7.27,22,Stem/Shoot/Fruit Borer,hvc,24.41,Watchlist
pest_month,2024,April,4,,White Fly,,,1,1,1,15,0,1,1,10,10,9,1,White Fly,hvc,21.6,Watchlist
pest_month,2024,April,4,,Whorl Maggot,,,4,4,19,68,9,10,10,15.5,27,3,0,Whorl Maggot,rice,14.32,Watchlist
pest_month,2024,May,5,,Aphids/Scale/Mealybug,,,1,1,0.7,2,0.7,0,0,5,5,3,0,Aphids/Scale/Mealybug,hvc,6.9,Watchlist
pest_month,2024,May,5,,Bacterial Leaf Blight,,,2,2,44,373,8.5,35.5,35.5,17.5,20,1,0,Bacterial Leaf Blight,rice,27.35,Watchlist
pest_month,2024,May,5,,Banana Spider Mites,,,1,1,0.8,1,0,0.8,0.8,50,50,3,1,Banana Spider Mites,hvc,18.1,Watchlist
pest_month,2024,May,5,,Cassava Phytoplasma/Mosaic,,,12,12,772,354,260,512,512,22,36,6,6,Cassava Phytoplasma/Mosaic,cassava,33.5,Watchlist
pest_month,2024,May,5,,Cutworm/Armyworm,,,1,1,2,1,2,0,0,5,5,1,0,Cutworm/Armyworm,rice,3.5,Watchlist
pest_month,2024,May,5,,Disease - Fungal/Bacterial,,,3,3,37.8,24,0.8,37,37,4,6,4,1,Disease - Fungal/Bacterial,hvc,13.83,Watchlist
pest_month,2024,May,5,,Fall Armyworm,,,32,32,748.7,673,748.7,0,0,18.16,80,2.84,5,Fall Armyworm,corn,15.84,Watchlist
pest_month,2024,May,5,,Fruit Fly,,,1,1,1,2,1,0,0,15,15,3,0,Fruit Fly,hvc,9.5,Watchlist
pest_month,2024,May,5,,Glh,,,2,2,6,21,3,3,3,2.5,3,3,0,Glh,rice,9.05,Watchlist
pest_month,2024,May,5,,Golden Apple Snail,,,1,1,5,7,5,0,0,2,2,1,0,Golden Apple Snail,rice,4.6,Watchlist
pest_month,2024,May,5,,Green Vegetable Bug,,,1,1,5,10,0,5,5,25,25,5,0,Green Vegetable Bug,hvc,18.9,Watchlist
pest_month,2024,May,5,,Leaf Folder/Miner,,,7,7,104.5,159,64,40.5,40.5,8.14,20,2.14,0,Leaf Folder/Miner,rice,13.83,Watchlist
pest_month,2024,May,5,,Rbb,,,6,6,16.87,71,59,2.5,2.5,4.6,10,2.33,0,Rbb,rice,8.5,Watchlist
pest_month,2024,May,5,,Rodents,,,1,1,2.2,3,0,2.5,2.5,5,5,3,0,Rodents,rice,7.9,Watchlist
pest_month,2024,May,5,,Stem/Shoot/Fruit Borer,,,24,24,294.5,440,153,129.5,129.5,8.33,20,1.92,0,Stem/Shoot/Fruit Borer,rice,12.55,Watchlist
pest_month,2024,May,5,,Whorl Maggot,,,6,6,217,281,58,164,164,6.33,8,2.33,0,Whorl Maggot,rice,24.08,Watchlist
pest_month,2024,June,6,,Bacterial Leaf Streak,,,2,2,11,6,11,0,0,26,26,5,1,Bacterial Leaf Streak,rice,16.45,Watchlist
pest_month,2024,June,6,,Curly Top,,,1,1,0.3,1,0.3,0,0,10,10,3,0,Curly Top,corn,7.9,Watchlist
pest_month,2024,June,6,,Disease - Fungal/Bacterial,,,4,3,15.75,24,11.75,4,4,25,50,7,3,Disease - Fungal/Bacterial,rice,20.2,Watchlist
pest_month,2024,June,6,,Fall Armyworm,,,82,81,1983.75,2181,1746.75,237,237,24.2,66,2.59,8,Fall Armyworm,corn,19.9,Watchlist
pest_month,2024,June,6,,Fruit Fly,,,1,1,0.1,2,0.1,0,0,12,12,3,0,Fruit Fly,hvc,8.6,Watchlist
pest_month,2024,June,6,,Gummosis,,,1,1,0.4,2,0,0.4,0.4,8,8,3,0,Gummosis,hvc,7.7,Watchlist
pest_month,2024,June,6,,Leaf Folder/Miner,,,6,6,17.7,18,11.7,6,6,9.17,17,2.67,0,Leaf Folder/Miner,rice,8.12,Watchlist
pest_month,2024,June,6,,Rbb,,,2,2,27,31,27,0,0,9.5,14,2,0,Rbb,rice,11.35,Watchlist
pest_month,2024,June,6,,Rice Bug,,,3,3,105.5,146,52,53.5,53.5,7.33,12,1.67,0,Rice Bug,rice,21.63,Watchlist
pest_month,2024,June,6,,Semi Looper,,,3,3,17,27,8,9,9,9,12,3,0,Semi Looper,rice,10.9,Watchlist
pest_month,2024,June,6,,Stem/Shoot/Fruit Borer,,,5,5,43.8,115,42.3,1.5,1.5,11.4,17,3,0,Stem/Shoot/Fruit Borer,rice,13.1,Watchlist
pest_month,2024,July,7,,Aphids/Scale/Mealybug,,,2,2,4.01,6,4,0.01,0.01,25,40,2,0,Aphids/Scale/Mealybug,corn,10.7,Watchlist
pest_month,2024,July,7,,Bacterial Leaf Blight,,,4,4,20.89,22,20.89,0,0,4.15,6.3,3,0,Bacterial Leaf Blight,rice,8.18,Watchlist
pest_month,2024,July,7,,Bacterial Leaf Streak,,,6,6,33.5,51,25,8.5,8.5,8.17,10,2.67,0,Bacterial Leaf Streak,rice,9.67,Watchlist
pest_month,2024,July,7,,Blast/Blight/Spot,,,6,6,8.87,24,4.49,4.38,4.38,7.6,13,2.67,0,Blast/Blight/Spot,rice,7.75,Watchlist
pest_month,2024,July,7,,Cutworm/Armyworm,,,1,1,0.96,1,0.96,0,0,2,2,3,0,Cutworm/Armyworm,rice,6,Watchlist
pest_month,2024,July,7,,Disease - Fungal/Bacterial,,,5,5,2.88,32,0.48,2.4,2.4,3.8,5,2.6,0,Disease - Fungal/Bacterial,corn,7.16,Watchlist
pest_month,2024,July,7,,Fall Armyworm,,,103,103,3296.43,3015,2416.13,890.3,890.3,40.28,87.5,3.46,45,Fall Armyworm,corn,26.75,Watchlist
pest_month,2024,July,7,,Leaf Folder/Miner,,,16,16,115.58,203,115.28,0.3,0.3,7.25,26,2.88,0,Leaf Folder/Miner,rice,10.78,Watchlist
pest_month,2024,July,7,,Rbb,,,1,1,30,150,30,0,0,10,10,1,0,Rbb,rice,22.9,Watchlist
pest_month,2024,July,7,,Rice Bug,,,1,1,0.63,2,0.63,0,0,1,1,3,0,Rice Bug,rice,5.9,Watchlist
pest_month,2024,July,7,,Rice Tungro Virus,,,1,1,2,1,2,9,9,35,35,7,1,Rice Tungro Virus,rice,22.9,Watchlist
pest_month,2024,July,7,,Rind Borer,,,1,1,3,8,2,1,1,25,25,3,0,Rind Borer,hvc,13.9,Watchlist
pest_month,2024,July,7,,Rodents,,,1,1,104,63,104,0,0,2,2,3,0,Rodents,rice,33.6,Watchlist
pest_month,2024,July,7,,Stem/Shoot/Fruit Borer,,,5,5,62.38,41,62.38,0,0,8.8,26,2.6,0,Stem/Shoot/Fruit Borer,rice,10.24,Watchlist
pest_month,2024,July,7,,Weevil,,,1,1,0.3,1,0.3,0,0,20,20,9,1,Weevil,hvc,20.3,Watchlist
pest_month,2024,August,8,,Bacterial Leaf Blight,,,16,16,185.77,119,107.53,78.24,78.24,11.27,30,3.75,0,Bacterial Leaf Blight,rice,13.26,Watchlist
pest_month,2024,August,8,,Bacterial Leaf Streak,,,13,13,245,197,238,5,5,9.57,43,3.15,0,Bacterial Leaf Streak,rice,13.96,Watchlist
pest_month,2024,August,8,,Blast/Blight/Spot,,,7,7,52.41,99,52.64,1.9,1.9,5.46,13.43,3.57,0,Blast/Blight/Spot,rice,11.96,Watchlist
pest_month,2024,August,8,,Disease - Fungal/Bacterial,,,13,13,64.7,93,52.05,51.65,51.65,14.06,30,3.15,2,Disease - Fungal/Bacterial,corn,12.08,Watchlist
pest_month,2024,August,8,,Fall Armyworm,,,60,60,960.12,1080.4,925.12,43.5,43.5,26.61,55,4.1,8,Fall Armyworm,corn,19.51,Watchlist
pest_month,2024,August,8,,Fruit Fly,,,1,1,0.4,2,0.4,0,0,8,8,1,0,Fruit Fly,hvc,4.2,Watchlist
pest_month,2024,August,8,,Leaf Folder/Miner,,,40,40,442.99,515,576.5,19.73,19.73,8.71,40,3.52,0,Leaf Folder/Miner,rice,12.88,Watchlist
pest_month,2024,August,8,,Plant Hopper,,,29,29,346.52,463,477.22,0.6,0.6,19.25,60,3.69,2,Plant Hopper,rice,16.57,Watchlist
pest_month,2024,August,8,,Rbb,,,1,1,11,25,50,0,0,22,22,3,0,Rbb,rice,18.2,Watchlist
pest_month,2024,August,8,,Rice Bug,,,1,1,1.3,5,1.3,0,0,3,3,3,0,Rice Bug,rice,7.3,Watchlist
pest_month,2024,August,8,,Rodents,,,7,7,135.38,110,121.38,14,14,10.59,30,3.86,0,Rodents,rice,15.96,Watchlist
pest_month,2024,August,8,,Squash Beetle,,,1,1,0.2,4,0.2,0,0,2,2,1,0,Squash Beetle,hvc,3.2,Watchlist
pest_month,2024,August,8,,Stem/Shoot/Fruit Borer,,,14,14,112.02,126,100.22,11.8,11.8,7.33,20,3.71,1,Stem/Shoot/Fruit Borer,rice,11.57,Watchlist
pest_month,2024,August,8,,Zinc Defficient,,,1,1,10,8,10,0,0,10,10,1,0,Zinc Defficient,rice,7.5,Watchlist
pest_month,2024,September,9,,Aphids/Scale/Mealybug,,,1,1,0.01,2,0.01,0,0,2,2,3,0,Aphids/Scale/Mealybug,hvc,6.1,Watchlist
pest_month,2024,September,9,,Bacterial Leaf Blight,,,15,15,38.7,87,30,4.7,4.7,14.3,50,4.47,1,Bacterial Leaf Blight,rice,13.01,Watchlist
pest_month,2024,September,9,,Bacterial Leaf Streak,,,9,9,97.65,76,97.85,0,0,6.18,26.6,2.78,0,Bacterial Leaf Streak,rice,9.73,Watchlist
pest_month,2024,September,9,,Blast/Blight/Spot,,,4,4,27.73,30,27.73,0,0,5.11,8.92,3.5,0,Blast/Blight/Spot,rice,9.97,Watchlist
pest_month,2024,September,9,,Dirty Panicle,,,1,1,3.4,15,3.4,0,0,17.1,17.1,3,0,Dirty Panicle,rice,13.6,Watchlist
pest_month,2024,September,9,,Disease - Fungal/Bacterial,,,4,4,4.36,29,4.78,0,0,14.94,25,3.5,0,Disease - Fungal/Bacterial,rice,11.62,Watchlist
pest_month,2024,September,9,,Fall Armyworm,,,7,7,31.05,32,31.05,0,0,27.86,55,3,3,Fall Armyworm,corn,13.73,Watchlist
pest_month,2024,September,9,,False Smut,,,1,1,1.3,5,0,1.3,1.3,9,9,5,0,False Smut,rice,12.4,Watchlist
pest_month,2024,September,9,,Fruit Fly,,,1,1,0,2,0,0,0,2,2,3,0,Fruit Fly,hvc,6.1,Watchlist
pest_month,2024,September,9,,Glh,,,1,1,6,4,6,0,0,3,3,1,0,Glh,rice,4.2,Watchlist
pest_month,2024,September,9,,Leaf Folder/Miner,,,7,7,20.52,50,19.66,0.86,0.86,3.26,10,3.29,0,Leaf Folder/Miner,rice,8.57,Watchlist
pest_month,2024,September,9,,Plant Hopper,,,16,16,266.95,220,233.25,33.7,33.7,16.55,50,3.12,2,Plant Hopper,rice,15.39,Watchlist
pest_month,2024,September,9,,Rice Bug,,,1,1,3,2,3,0,0,15,15,5,0,Rice Bug,rice,13.1,Watchlist
pest_month,2024,September,9,,Rodents,,,9,9,11.09,69,4.89,6.2,6.2,4.78,20,3,0,Rodents,rice,8.49,Watchlist
pest_month,2024,September,9,,Stem/Shoot/Fruit Borer,,,21,20,104.41,164,87.53,16.97,16.97,8.71,40,3.57,0,Stem/Shoot/Fruit Borer,rice,10.98,Watchlist
pest_month,2024,September,9,,Whorl Maggot,,,2,2,9.78,11,9.78,0,0,5.43,7.86,3,0,Whorl Maggot,rice,8.45,Watchlist
pest_month,2024,October,10,,Bacterial Leaf Blight,,,7,7,27.4,28,26,1.38,1.38,2.61,7,3.57,0,Bacterial Leaf Blight,rice,8.24,Watchlist
pest_month,2024,October,10,,Blast/Blight/Spot,,,6,6,7.08,12,6.48,1.49,1.49,6.17,20,3,0,Blast/Blight/Spot,rice,7.33,Watchlist
pest_month,2024,October,10,,Dirty Panicle,,,1,1,3.3,1,3.3,0,0,77,77,5,1,Dirty Panicle,rice,28.4,Watchlist
pest_month,2024,October,10,,Fall Armyworm,,,33,33,61.88,213,57.03,4.85,4.85,19.03,50,2.36,1,Fall Armyworm,corn,10.66,Watchlist
pest_month,2024,October,10,,Golden Apple Snail,,,1,1,0.5,1,0.5,0,0,50,50,3,1,Golden Apple Snail,rice,17.9,Watchlist
pest_month,2024,October,10,,Leaf Folder/Miner,,,8,8,18.98,36,18.98,0,0,4.99,20,3,0,Leaf Folder/Miner,rice,7.78,Watchlist
pest_month,2024,October,10,,Plant Hopper,,,15,15,307.42,321,300.75,6.52,6.52,13.44,49.86,3.47,3,Plant Hopper,rice,16.55,Watchlist
pest_month,2024,October,10,,Rbb,,,1,1,93.67,113,93.67,0,0,47,47,3,0,Rbb,rice,43.6,Moderate
pest_month,2024,October,10,,Rice Bug,,,1,1,1.25,2,1.25,0,0,5,5,3,0,Rice Bug,rice,7,Watchlist
pest_month,2024,October,10,,Rice Tungro Virus,,,1,1,2.4,6,2.4,0,0,20,20,3,0,Rice Tungro Virus,rice,11.9,Watchlist
pest_month,2024,October,10,,Rodents,,,4,4,46.08,46,39.28,6.8,6.8,8.75,20,3,0,Rodents,rice,11.97,Watchlist
pest_month,2024,October,10,,Stem/Shoot/Fruit Borer,,,19,19,41.89,73,34.8,6.05,6.05,8.78,50,3.32,1,Stem/Shoot/Fruit Borer,rice,9.14,Watchlist
pest_month,2024,October,10,,Whorl Maggot,,,2,2,0.28,8,0.16,0.15,0.15,2.2,2.4,3,0,Whorl Maggot,rice,6.7,Watchlist
pest_month,2024,November,11,,Bacterial Leaf Blight,,,2,2,22.7,19,22.7,0,0,23.9,35,5,0,Bacterial Leaf Blight,rice,18.25,Watchlist
pest_month,2024,November,11,,Bacterial Leaf Streak,,,4,4,26.36,18,26.36,0,0,10.41,12,4,0,Bacterial Leaf Streak,rice,11.38,Watchlist
pest_month,2024,November,11,,Blast/Blight/Spot,,,1,1,0.5,3,0.5,0,0,5,5,3,0,Blast/Blight/Spot,hvc,7.2,Watchlist
pest_month,2024,November,11,,Coffe Berry Disease,,,1,1,0.35,2,0,0.35,0.35,35,35,3,0,Coffe Berry Disease,hvc,14.5,Watchlist
pest_month,2024,November,11,,Dirty Panicle,,,1,1,3.5,1,3.5,0,0,90,90,9,1,Dirty Panicle,rice,38.2,Moderate
pest_month,2024,November,11,,Disease - Fungal/Bacterial,,,1,1,8,7,8,0,0,21,21,4,0,Disease - Fungal/Bacterial,rice,14.8,Watchlist
pest_month,2024,November,11,,Fall Armyworm,,,21,21,108.05,342,90.1,20.5,20.5,20.24,35,2.71,0,Fall Armyworm,corn,14.59,Watchlist
pest_month,2024,November,11,,Golden Apple Snail,,,5,5,2.6,35,2.6,0,0,12,20,3,0,Golden Apple Snail,rice,9.9,Watchlist
pest_month,2024,November,11,,Leaf Folder/Miner,,,3,3,6.87,6,6.87,0,0,4.47,5,3.67,0,Leaf Folder/Miner,rice,8.17,Watchlist
pest_month,2024,November,11,,Stem/Shoot/Fruit Borer,,,9,9,37.72,50,36.65,1.1,1.1,15.33,40,4.33,1,Stem/Shoot/Fruit Borer,rice,13.1,Watchlist
pest_month,2024,December,12,,Aphids/Scale/Mealybug,,,2,2,1.1,3,1.1,0,0,17.5,20,9,2,Aphids/Scale/Mealybug,hvc,19.8,Watchlist
pest_month,2024,December,12,,Bacterial Leaf Blight,,,3,3,11.78,11,6.78,5,5,3.67,5,4.33,0,Bacterial Leaf Blight,rice,10.03,Watchlist
pest_month,2024,December,12,,Bacterial Leaf Streak,,,1,1,4.5,2,4.5,0,0,7.6,7.6,3,0,Bacterial Leaf Streak,rice,8.1,Watchlist
pest_month,2024,December,12,,Blast/Blight/Spot,,,1,1,0.1,1,0,0.1,0.1,33,33,9,1,Blast/Blight/Spot,hvc,23.5,Watchlist
pest_month,2024,December,12,,Cassava Phytoplasma/Mosaic,,,6,6,130,174,0,130,130,38.33,50,9,6,Cassava Phytoplasma/Mosaic,cassava,38.87,Moderate
pest_month,2024,December,12,,Cutworm/Armyworm,,,2,2,2,2,0,0,0,10,10,9,2,Cutworm/Armyworm,hvc,17.9,Watchlist
pest_month,2024,December,12,,Disease - Fungal/Bacterial,,,1,1,1,5,0,1,1,20,20,5,0,Disease - Fungal/Bacterial,corn,15.1,Watchlist
pest_month,2024,December,12,,Fall Armyworm,,,37,37,175.3,771,175.3,0,0,16.22,30,1.92,0,Fall Armyworm,corn,13.12,Watchlist
pest_month,2024,December,12,,Fruit Fly,,,1,1,0.23,8,0.23,0,0,11.4,11.4,5,0,Fruit Fly,hvc,13.4,Watchlist
pest_month,2024,December,12,,Golden Apple Snail,,,23,23,87.59,524,56.55,0,0,4.36,10,3,0,Golden Apple Snail,rice,12.36,Watchlist
pest_month,2024,December,12,,Gummosis,,,1,1,0.17,6,0,0.17,0.17,5,5,3,0,Gummosis,hvc,7.9,Watchlist
pest_month,2024,December,12,,Leaf Folder/Miner,,,9,9,17.68,90,14.58,0,0,5.47,12.6,3.67,0,Leaf Folder/Miner,rice,10.33,Watchlist
pest_month,2024,December,12,,Rbb,,,17,17,222.5,323,193.5,29,29,10.71,25,3,0,Rbb,rice,14.49,Watchlist
pest_month,2024,December,12,,Rodents,,,2,2,17,33,9,8,8,5,5,3,0,Rodents,rice,12.35,Watchlist
pest_month,2024,December,12,,Stem/Shoot/Fruit Borer,,,6,6,24.09,22,24.09,0,0,15.09,40,5,2,Stem/Shoot/Fruit Borer,hvc,13.6,Watchlist
pest_month,2024,December,12,,Whorl Maggot,,,4,4,24.74,87,10.5,8.74,8.74,7.45,10,4,0,Whorl Maggot,rice,15.32,Watchlist
pest_month,2025,January,1,,Aphids/Scale/Mealybug,,,1,1,3,1,3,0,0,5,5,3,0,Aphids/Scale/Mealybug,corn,7,Watchlist
pest_month,2025,January,1,,Bacterial Leaf Blight,,,20,20,102.95,331,118.73,8.86,8.86,9.14,22.6,4.2,0,Bacterial Leaf Blight,rice,14.31,Watchlist
pest_month,2025,January,1,,Bacterial Leaf Streak,,,24,24,299.22,417,276.22,23,23,10.54,21.7,3.83,0,Bacterial Leaf Streak,rice,14.58,Watchlist
pest_month,2025,January,1,,Blast/Blight/Spot,,,7,7,43.98,135,43.38,0.6,0.6,12.16,30,2.43,0,Blast/Blight/Spot,corn,12.79,Watchlist
pest_month,2025,January,1,,Cutworm/Armyworm,,,4,4,1.3,6,1.3,0,0,54.91,80,9,4,Cutworm/Armyworm,hvc,29.12,Watchlist
pest_month,2025,January,1,,Disease - Fungal/Bacterial,,,5,5,21.36,23,14.86,0.8,0.8,30.06,100,4.2,1,Disease - Fungal/Bacterial,corn,16.36,Watchlist
pest_month,2025,January,1,,Downy Mildew,,,3,3,11.75,12,0,11.75,11.75,11.67,15,3.67,0,Downy Mildew,corn,11.47,Watchlist
pest_month,2025,January,1,,Fall Armyworm,,,26,26,283.85,624,283.85,0,0,25.78,55,2.58,1,Fall Armyworm,corn,18.19,Watchlist
pest_month,2025,January,1,,False Smut,,,2,2,1.7,36,1.7,0,0,2.5,3,3,0,False Smut,rice,10.3,Watchlist
pest_month,2025,January,1,,Golden Apple Snail,,,8,8,32.4,127,32.4,0,0,8,10,3,0,Golden Apple Snail,rice,11.56,Watchlist
pest_month,2025,January,1,,Leaf Folder/Miner,,,29,29,140.17,355,111.97,30.2,30.2,8.16,20,3.41,1,Leaf Folder/Miner,rice,11.7,Watchlist
pest_month,2025,January,1,,Plant Hopper,,,1,1,4.5,5,4.5,0,0,30,30,3,0,Plant Hopper,rice,14.4,Watchlist
pest_month,2025,January,1,,Rice Tungro Virus,,,2,2,26.4,13,20.4,0,0,11,14,3,0,Rice Tungro Virus,rice,11.1,Watchlist
pest_month,2025,January,1,,Rodents,,,6,6,41.02,77,35.52,5.5,5.5,8.55,15,3.33,0,Rodents,rice,12.03,Watchlist
pest_month,2025,January,1,,Scab,,,1,1,3,8,2,1,1,60,60,5,1,Scab,hvc,26.1,Watchlist
pest_month,2025,January,1,,Stem/Shoot/Fruit Borer,,,6,6,19,40,19,0,0,10.98,30,3,0,Stem/Shoot/Fruit Borer,rice,9.92,Watchlist
pest_month,2025,January,1,,Whorl Maggot,,,7,7,26.29,79,4.59,98.9,98.9,15.06,77,3,1,Whorl Maggot,rice,14.99,Watchlist
pest_month,2025,February,2,,Asian Corn Borer,,,1,1,3.75,6,3.75,0,0,5,5,3,0,Asian Corn Borer,corn,8.3,Watchlist
pest_month,2025,February,2,,Bacterial Leaf Blight,,,41,41,830.85,766,454.79,376.06,376.06,20.04,65,5.22,12,Bacterial Leaf Blight,rice,22.39,Watchlist
pest_month,2025,February,2,,Bacterial Leaf Streak,,,52,52,1119.69,931,562.09,568.8,568.8,20.32,100,4.75,8,Bacterial Leaf Streak,rice,21.25,Watchlist
pest_month,2025,February,2,,Banana Pseudostem Weevil,,,1,1,1.11,3,0,1.11,1.11,4.44,4.44,3,0,Banana Pseudostem Weevil,hvc,7.3,Watchlist
pest_month,2025,February,2,,Blast/Blight/Spot,,,14,14,39.02,62,34.37,4,4,6.58,20,3.29,0,Blast/Blight/Spot,rice,8.74,Watchlist
pest_month,2025,February,2,,Cassava Phytoplasma/Mosaic,,,1,1,0.3,1,0,0.3,0.3,100,100,5,1,Cassava Phytoplasma/Mosaic,hvc,33.8,Watchlist
pest_month,2025,February,2,,Cutworm/Armyworm,,,11,11,0.85,22,0.85,0,0,24.45,100,9,11,Cutworm/Armyworm,hvc,21.65,Watchlist
pest_month,2025,February,2,,Disease - Fungal/Bacterial,,,6,6,132.1,45,130.4,0,0,21.78,50,4,1,Disease - Fungal/Bacterial,corn,16.88,Watchlist
pest_month,2025,February,2,,Downy Mildew,,,1,1,0.5,5,0.5,0,0,5,5,3,0,Downy Mildew,corn,7.7,Watchlist
pest_month,2025,February,2,,Dumping-Off,,,2,2,1.1,2,0,1.1,1.1,75,100,9,2,Dumping-Off,hvc,34.2,Watchlist
pest_month,2025,February,2,,Fall Armyworm,,,45,45,759.29,790,753.54,5.75,5.75,26.93,100,2.89,9,Fall Armyworm,corn,17.86,Watchlist
pest_month,2025,February,2,,False Smut,,,4,4,7.95,28,11.25,0,0,3.38,6.6,2.5,0,False Smut,rice,7.1,Watchlist
pest_month,2025,February,2,,Fruit Fly,,,1,1,0.5,1,0.5,0,0,100,100,1,1,Fruit Fly,hvc,27,Watchlist
pest_month,2025,February,2,,Golden Apple Snail,,,1,1,0.2,5,0.2,0,0,2,2,3,0,Golden Apple Snail,rice,6.9,Watchlist
pest_month,2025,February,2,,Leaf Folder/Miner,,,16,16,58.12,90,58.12,0,0,13.04,80,3.38,3,Leaf Folder/Miner,rice,10.84,Watchlist
pest_month,2025,February,2,,Leaf Roll,,,1,1,0.2,2,0,0.2,0.2,6.84,6.84,5,0,Leaf Roll,hvc,10.8,Watchlist
pest_month,2025,February,2,,Onion Twister,,,1,1,1,1,0,1,1,100,100,9,1,Onion Twister,hvc,40.6,Moderate
pest_month,2025,February,2,,Plant Hopper,,,3,3,45,15,45,0,0,50,50,3,3,Plant Hopper,rice,20.73,Watchlist
pest_month,2025,February,2,,Rbb,,,5,5,11.2,8,2.5,8.7,8.7,1.8,3.16,3,0,Rbb,rice,6.58,Watchlist
pest_month,2025,February,2,,Red Pumpkin Beetle,,,1,1,0.8,1,0,0.8,0.8,100,100,8,1,Red Pumpkin Beetle,hvc,39.1,Moderate
pest_month,2025,February,2,,Rice Tungro Virus,,,3,3,14.06,11,14.06,0,0,5.87,12.7,3,0,Rice Tungro Virus,rice,8.07,Watchlist
pest_month,2025,February,2,,Rind Borer,,,1,1,0.15,5,0.15,0,0,5,5,3,0,Rind Borer,hvc,7.6,Watchlist
pest_month,2025,February,2,,Rodents,,,8,8,57.44,91,57.44,0,0,8.28,15,3.5,0,Rodents,rice,11.76,Watchlist
pest_month,2025,February,2,,Scab,,,2,2,1.05,11,0.15,0.9,0.9,17.5,30,4,0,Scab,hvc,12.7,Watchlist
pest_month,2025,February,2,,Squash Beetle,,,1,1,0.2,1,1,0,0,15.5,15.5,3,0,Squash Beetle,hvc,9.2,Watchlist
pest_month,2025,February,2,,Stem/Shoot/Fruit Borer,,,14,14,34.92,105,34.92,0,0,6.44,11.05,3.14,0,Stem/Shoot/Fruit Borer,rice,9.14,Watchlist
pest_month,2025,February,2,,Thrips,,,1,1,1,1,0,1,1,100,100,9,1,Thrips,hvc,40.6,Moderate
pest_month,2025,February,2,,Whorl Maggot,,,14,14,62.22,112,59.72,2.5,2.5,7.69,18,3.71,0,Whorl Maggot,rice,10.81,Watchlist
pest_month,2025,March,3,,Aphids/Scale/Mealybug,,,2,2,0.55,3,0.55,0,0,52.5,100,2,1,Aphids/Scale/Mealybug,hvc,16.95,Watchlist
pest_month,2025,March,3,,Asian Corn Borer,,,1,1,7,10,7,0,0,10,10,5,0,Asian Corn Borer,corn,14.4,Watchlist
pest_month,2025,March,3,,Bacterial Leaf Blight,,,22,22,450.33,401,358.66,83.57,83.57,33.2,95,4.91,9,Bacterial Leaf Blight,rice,24.45,Watchlist
pest_month,2025,March,3,,Bacterial Leaf Streak,,,17,17,920.62,646,514.76,397.57,397.57,25.47,70,5.71,6,Bacterial Leaf Streak,rice,31.38,Watchlist
pest_month,2025,March,3,,Bacterial Spot And Speck,,,1,1,0.4,1,0,0.4,0.4,100,100,1,1,Bacterial Spot And Speck,hvc,27.1,Watchlist
pest_month,2025,March,3,,Bbtv,,,2,2,3.36,3,1.06,2.3,2.3,8.8,10,5,0,Bbtv,hvc,11.5,Watchlist
pest_month,2025,March,3,,Blast/Blight/Spot,,,39,39,254.67,409,154.5,100.17,100.17,15.74,100,3.31,3,Blast/Blight/Spot,corn,13.51,Watchlist
pest_month,2025,March,3,,Citrus Scab,,,3,3,3.25,21,0,3.25,3.25,41.67,50,5,2,Citrus Scab,hvc,21.03,Watchlist
pest_month,2025,March,3,,Corn Smut,,,1,1,3.5,6,0,3.5,3.5,5,5,3,0,Corn Smut,corn,9,Watchlist
pest_month,2025,March,3,,Cutworm/Armyworm,,,8,8,6.66,19,6.66,0,0,18.62,27,7.88,6,Cutworm/Armyworm,hvc,18.55,Watchlist
pest_month,2025,March,3,,Disease - Fungal/Bacterial,,,10,10,33.95,58,9.48,19.47,19.47,31.03,100,3.2,2,Disease - Fungal/Bacterial,hvc,15.46,Watchlist
pest_month,2025,March,3,,Fall Armyworm,,,40,40,703.72,567,610.92,92.8,92.8,19.98,60,5.45,18,Fall Armyworm,corn,20.35,Watchlist
pest_month,2025,March,3,,False Smut,,,8,8,24.95,85,21.05,3.9,3.9,5.58,6.9,3.5,0,False Smut,rice,10.49,Watchlist
pest_month,2025,March,3,,Fruit Fly,,,2,2,0.06,3,0.06,0,0,7.5,10,3,0,Fruit Fly,hvc,7.35,Watchlist
pest_month,2025,March,3,,Leaf Folder/Miner,,,16,15,68.02,104,18.11,50,50,26.36,100,3.56,6,Leaf Folder/Miner,rice,15.37,Watchlist
pest_month,2025,March,3,,Plant Hopper,,,29,29,270.68,284,193.92,76.2,76.2,16.9,45,4.14,5,Plant Hopper,rice,15.38,Watchlist
pest_month,2025,March,3,,Pumpkin Caterpillar,,,1,1,0.5,1,0.5,0,0,33.33,33.33,1,0,Pumpkin Caterpillar,hvc,10.3,Watchlist
pest_month,2025,March,3,,Rbb,,,1,1,3.5,1,3.5,0,0,1.4,1.4,9,1,Rbb,rice,16,Watchlist
pest_month,2025,March,3,,Rodents,,,6,6,15.56,30,0,7.27,7.27,1.31,2.58,4.67,0,Rodents,rice,10.05,Watchlist
pest_month,2025,March,3,,Stem/Shoot/Fruit Borer,,,35,35,169.12,333,167.62,1.5,1.5,9.48,30,3,0,Stem/Shoot/Fruit Borer,rice,10.46,Watchlist
pest_month,2025,March,3,,Thrips,,,1,1,0.5,1,0.5,0,0,100,100,1,1,Thrips,hvc,27,Watchlist
pest_month,2025,March,3,,Tobacco Caterpillar,,,1,1,0.4,1,0,0.4,0.4,100,100,1,1,Tobacco Caterpillar,hvc,27.1,Watchlist
pest_month,2025,March,3,,White Fly,,,1,1,0.02,3,0.02,0,0,8,8,9,1,White Fly,hvc,17.8,Watchlist
pest_month,2025,March,3,,Whorl Maggot,,,5,4,9.17,16,6.67,2.5,2.5,6.3,9.6,3,0,Whorl Maggot,rice,7.78,Watchlist
pest_month,2025,April,4,,Aphids/Scale/Mealybug,,,2,2,4.38,7,4.38,0,0,32.5,40,9,2,Aphids/Scale/Mealybug,hvc,24.3,Watchlist
pest_month,2025,April,4,,Asian Corn Borer,,,1,1,0.5,4,0.5,0,0,10,10,3,0,Asian Corn Borer,corn,8.7,Watchlist
pest_month,2025,April,4,,Bacterial Leaf Blight,,,2,2,7,7,0,7,7,6.6,8.89,3,0,Bacterial Leaf Blight,rice,8.75,Watchlist
pest_month,2025,April,4,,Bacterial Leaf Streak,,,1,1,4.42,9,4.42,0,0,6.71,6.71,5,0,Bacterial Leaf Streak,rice,13,Watchlist
pest_month,2025,April,4,,Black Spot,,,1,1,20,15,20,0,0,100,100,8,1,Black Spot,hvc,44.9,Moderate
pest_month,2025,April,4,,Blast/Blight/Spot,,,18,18,132.48,320,62.75,69.73,69.73,15.53,30,6.11,9,Blast/Blight/Spot,corn,20.24,Watchlist
pest_month,2025,April,4,,Corn Smut,,,1,1,2,1,0,2,2,2.47,2.47,3,0,Corn Smut,corn,6.6,Watchlist
pest_month,2025,April,4,,Disease - Fungal/Bacterial,,,11,11,70.21,56,1.45,68.76,68.76,11.72,20,6.64,6,Disease - Fungal/Bacterial,corn,17.22,Watchlist
pest_month,2025,April,4,,Fall Armyworm,,,23,23,392.78,305,362.78,22.5,22.5,23.36,50,5.57,5,Fall Armyworm,corn,20.89,Watchlist
pest_month,2025,April,4,,False Smut,,,10,10,29.25,33,29.22,0,0,4.92,9.2,3.2,0,False Smut,rice,7.86,Watchlist
pest_month,2025,April,4,,Fruit Fly,,,1,1,0.03,2,0.03,0,0,5,5,3,0,Fruit Fly,hvc,6.9,Watchlist
pest_month,2025,April,4,,Gummosis,,,1,1,0.3,6,0,0.3,0.3,10,10,5,0,Gummosis,hvc,12.6,Watchlist
pest_month,2025,April,4,,Leaf Curl Virus,,,1,1,0.2,1,0.2,0,0,20,20,5,0,Leaf Curl Virus,hvc,13.8,Watchlist
pest_month,2025,April,4,,Leaf Folder/Miner,,,5,5,5.06,19,5.06,0,0,22.76,100,2.6,1,Leaf Folder/Miner,rice,11.18,Watchlist
pest_month,2025,April,4,,Plant Hopper,,,18,18,150.34,158,139.14,11.2,11.2,12.18,40,4.44,2,Plant Hopper,rice,13.94,Watchlist
pest_month,2025,April,4,,Red Pumpkin Beetle,,,1,1,0.7,1,0.7,0,0,100,100,3,1,Red Pumpkin Beetle,hvc,30.4,Watchlist
pest_month,2025,April,4,,Rodents,,,2,2,18,19,0,8,8,30,40,7,1,Rodents,corn,23.55,Watchlist
pest_month,2025,April,4,,Semi-Looper,,,1,1,2.5,15,1,1.75,1.75,25,25,5,0,Semi-Looper,hvc,19.2,Watchlist
pest_month,2025,April,4,,Stem/Shoot/Fruit Borer,,,27,27,106.83,233,105.8,1.6,1.6,7.51,40,3,0,Stem/Shoot/Fruit Borer,rice,9.6,Watchlist
pest_month,2025,April,4,,White Grub,,,1,1,7.25,4,7.25,0,0,28.71,28.71,5,0,White Grub,hvc,17.6,Watchlist
pest_month,2025,April,4,,Whorl Maggot,,,5,5,4.2,38,4.2,0,0,3.93,5,3,0,Whorl Maggot,rice,8.06,Watchlist
pest_month,2025,May,5,,Bacterial Leaf Blight,,,11,11,24.96,55,9.35,15.61,15.61,23.15,90,4.27,3,Bacterial Leaf Blight,rice,14.8,Watchlist
pest_month,2025,May,5,,Bacterial Leaf Streak,,,1,1,2,10,2,0,0,20,20,5,0,Bacterial Leaf Streak,rice,16.2,Watchlist
pest_month,2025,May,5,,Blast/Blight/Spot,,,7,7,33.29,47,1,32.29,32.29,47.11,90,6.14,4,Blast/Blight/Spot,rice,25.26,Watchlist
pest_month,2025,May,5,,Brontispa,,,1,0,2,1,0,2,2,100,100,3,1,Brontispa,hvc,31,Watchlist
pest_month,2025,May,5,,Cassava Phytoplasma/Mosaic,,,1,1,0.1,1,0.1,0,0,20,20,3,0,Cassava Phytoplasma/Mosaic,hvc,10.4,Watchlist
pest_month,2025,May,5,,Citrus Scab,,,2,2,1.4,7,1.4,0,0,27.5,30,5,0,Citrus Scab,hvc,16.35,Watchlist
pest_month,2025,May,5,,Cutworm/Armyworm,,,1,1,0.4,1,0,0.4,0.4,50,50,9,1,Cutworm/Armyworm,hvc,27.9,Watchlist
pest_month,2025,May,5,,Disease - Fungal/Bacterial,,,4,4,1.24,5,0.56,0.68,0.68,8.04,10,4.5,0,Disease - Fungal/Bacterial,hvc,10.05,Watchlist
pest_month,2025,May,5,,Fall Armyworm,,,27,27,338.2,479,310,21.95,21.95,27.96,100,2.85,3,Fall Armyworm,corn,17.66,Watchlist
pest_month,2025,May,5,,Flea Beatles,,,1,1,0.75,1,0.75,0,0,100,100,5,1,Flea Beatles,hvc,33.8,Watchlist
pest_month,2025,May,5,,Golden Apple Snail,,,3,3,1.4,37,1.4,0,0,2.33,3,3,0,Golden Apple Snail,rice,8.83,Watchlist
pest_month,2025,May,5,,Leaf Curl Virus,,,1,1,0.2,1,0,0.2,0.2,40,40,3,0,Leaf Curl Virus,hvc,15.4,Watchlist
pest_month,2025,May,5,,Leaf Folder/Miner,,,7,6,9.36,39,9.36,0,0,17.45,100,3.29,1,Leaf Folder/Miner,rice,11.5,Watchlist
pest_month,2025,May,5,,Plant Hopper,,,2,2,31.6,38,31.6,0,0,17.5,20,3,0,Plant Hopper,corn,16.2,Watchlist
pest_month,2025,May,5,,Pseudostem Weevil,,,1,1,0.49,1,0,0.49,0.49,2.27,2.27,3,0,Pseudostem Weevil,hvc,6.1,Watchlist
pest_month,2025,May,5,,Rind Borer,,,1,1,0.09,1,0.09,0,0,30,30,5,0,Rind Borer,hvc,16.3,Watchlist
pest_month,2025,May,5,,Stem/Shoot/Fruit Borer,,,14,14,185.77,164,185.77,0,0,13.61,100,2.71,1,Stem/Shoot/Fruit Borer,rice,11.54,Watchlist
pest_month,2025,May,5,,White Grub,,,1,1,3,1,0,3,3,20,20,5,0,White Grub,hvc,14.7,Watchlist
pest_month,2025,May,5,,Whorl Maggot,,,6,6,7.32,21,7.32,0,0,5.87,10,2.67,0,Whorl Maggot,rice,7.02,Watchlist
pest_month,2025,May,5,,Yellowing Of New Leaves/Nutrient Defficiency,,,1,1,1.93,5,0,1.93,1.93,70,70,9,1,Yellowing Of New Leaves/Nutrient Defficiency,rice,34.4,Watchlist
pest_month,2025,June,6,,Bacterial Leaf Blight,,,8,8,14.69,31,14.69,0,0,3.14,4.69,3,0,Bacterial Leaf Blight,rice,7.09,Watchlist
pest_month,2025,June,6,,Bacterial Leaf Streak,,,9,9,41.98,76,40.23,0,0,8.76,20,2.56,0,Bacterial Leaf Streak,rice,9.22,Watchlist
pest_month,2025,June,6,,Bbtv,,,1,1,2.05,3,0,2.05,2.05,4.28,4.28,3,0,Bbtv,hvc,7.6,Watchlist
pest_month,2025,June,6,,Blast/Blight/Spot,,,5,5,17.5,69,15.5,0,0,10.28,15,2.6,0,Blast/Blight/Spot,corn,10.88,Watchlist
pest_month,2025,June,6,,Cutworm/Armyworm,,,1,1,60,8,60,0,0,100,100,3,1,Cutworm/Armyworm,rice,39.6,Moderate
pest_month,2025,June,6,,Disease - Fungal/Bacterial,,,9,9,141.97,74,22.63,31.54,31.54,23.08,100,5.89,5,Disease - Fungal/Bacterial,hvc,20.39,Watchlist
pest_month,2025,June,6,,Fall Armyworm,,,78,78,991.5,1353,814.1,110.64,110.64,28.5,100,2.59,13,Fall Armyworm,corn,17.69,Watchlist
pest_month,2025,June,6,,Fruit Fly,,,1,1,0.12,2,0.12,0,0,25,25,5,0,Fruit Fly,hvc,15.3,Watchlist
pest_month,2025,June,6,,Golden Apple Snail,,,11,11,29.5,318,29.5,0,0,6.36,10,3,0,Golden Apple Snail,rice,13.81,Watchlist
pest_month,2025,June,6,,Leaf Folder/Miner,,,6,6,20.91,73,17.91,3,3,4.23,15,2.67,0,Leaf Folder/Miner,rice,9.18,Watchlist
pest_month,2025,June,6,,Rhinoceros Beetle,,,1,1,1.8,1,1.8,0,0,90,90,9,1,Rhinoceros Beetle,hvc,38,Moderate
pest_month,2025,June,6,,Rice Skippers,,,3,3,11,90,11,0,0,8.33,10,3,0,Rice Skippers,rice,15.13,Watchlist
pest_month,2025,June,6,,Rodents,,,1,1,3.4,20,3.4,0,0,3.4,3.4,3,0,Rodents,rice,11.4,Watchlist
pest_month,2025,June,6,,Stem/Shoot/Fruit Borer,,,14,14,159.9,132,90.25,4,4,9.1,20,2.29,0,Stem/Shoot/Fruit Borer,rice,9.81,Watchlist
pest_month,2025,June,6,,Whorl Maggot,,,9,9,26.77,235,25.05,0,0,6.04,10,3.22,0,Whorl Maggot,rice,13.88,Watchlist
pest_month,2025,July,7,,Bacterial Leaf Blight,,,4,4,4.95,6,4.95,0,0,4.58,10,3.5,0,Bacterial Leaf Blight,rice,7.65,Watchlist
pest_month,2025,July,7,,Bacterial Leaf Streak,,,3,3,13.26,26,17,0,0,22.27,48,3,0,Bacterial Leaf Streak,rice,13.4,Watchlist
pest_month,2025,July,7,,Blast/Blight/Spot,,,3,3,19.09,16,19.09,0,0,2.44,3,1.67,0,Blast/Blight/Spot,rice,5.53,Watchlist
pest_month,2025,July,7,,Coconut Leaf Bettle,,,2,2,0.61,5,0,0.61,0.61,22.5,25,1,0,Coconut Leaf Bettle,hvc,8.05,Watchlist
pest_month,2025,July,7,,Dirty Panicle,,,1,1,8.9,11,8.9,8.9,8.9,50,50,4,1,Dirty Panicle,rice,24.9,Watchlist
pest_month,2025,July,7,,Disease - Fungal/Bacterial,,,1,0,2.44,2,0,2.44,2.44,4.56,4.56,3,0,Disease - Fungal/Bacterial,rice,7.5,Watchlist
pest_month,2025,July,7,,Fall Armyworm,,,41,41,890.9,917,876.4,118.6,118.6,25.09,45,2.12,0,Fall Armyworm,corn,18.41,Watchlist
pest_month,2025,July,7,,Golden Apple Snail,,,1,1,3.5,45,3.5,0,0,5,5,3,0,Golden Apple Snail,rice,18,Watchlist
pest_month,2025,July,7,,Leaf Folder/Miner,,,10,9,50.39,152,50.27,0.12,0.12,4.8,25,2.8,0,Leaf Folder/Miner,rice,10.4,Watchlist
pest_month,2025,July,7,,Leaf Scald Of Rice,,,1,1,2,2,0,2,2,4.33,4.33,1,0,Leaf Scald Of Rice,rice,3.9,Watchlist
pest_month,2025,July,7,,Red Palm Weevil,,,3,3,1.6,9,0,1.6,1.6,28.33,35,1.67,0,Red Palm Weevil,hvc,10.8,Watchlist
pest_month,2025,July,7,,Stem/Shoot/Fruit Borer,,,8,8,52.35,186,52.35,0,0,9.18,12.1,3.5,0,Stem/Shoot/Fruit Borer,rice,14.86,Watchlist
pest_month,2025,July,7,,Whorl Maggot,,,3,3,10,94,10,0,0,5,5,3,0,Whorl Maggot,rice,14.6,Watchlist
pest_month,2025,August,8,,Aphids/Scale/Mealybug,,,1,1,0.2,1,0.2,0,0,19,19,3,0,Aphids/Scale/Mealybug,hvc,10.1,Watchlist
pest_month,2025,August,8,,Bacterial Leaf Blight,,,12,12,29.35,71,31.3,0,0,6.1,16.6,3,0,Bacterial Leaf Blight,rice,8.41,Watchlist
pest_month,2025,August,8,,Bacterial Leaf Streak,,,16,16,170.45,311,105.21,46,46,9.41,20,3.25,0,Bacterial Leaf Streak,rice,14.64,Watchlist
pest_month,2025,August,8,,Blast/Blight/Spot,,,11,11,44.46,75,39.2,6.43,6.43,5.04,12.8,3.27,0,Blast/Blight/Spot,rice,9.15,Watchlist
pest_month,2025,August,8,,Disease - Fungal/Bacterial,,,2,2,0.28,5,0.28,0,0,27.5,30,6,1,Disease - Fungal/Bacterial,hvc,17.7,Watchlist
pest_month,2025,August,8,,Fall Armyworm,,,24,24,281.8,408,276.05,0,0,22.08,45,1.75,0,Fall Armyworm,corn,14.2,Watchlist
pest_month,2025,August,8,,Leaf Folder/Miner,,,18,18,112.01,343,106.11,5.9,5.9,9.86,40,3.28,0,Leaf Folder/Miner,rice,13.51,Watchlist
pest_month,2025,August,8,,Plant Hopper,,,23,23,528.1,266,378.6,210,210,32.62,80,4.3,7,Plant Hopper,rice,22.44,Watchlist
pest_month,2025,August,8,,Scab,,,2,2,3.3,17,2.4,9,9,27.5,30,4,0,Scab,hvc,16.9,Watchlist
pest_month,2025,August,8,,Stem/Shoot/Fruit Borer,,,13,13,35.53,175,35.53,0,0,5.75,16,3.46,0,Stem/Shoot/Fruit Borer,rice,11.02,Watchlist
pest_month,2025,August,8,,White Fly,,,1,1,0.4,8,0.4,0,0,5,5,3,0,White Fly,hvc,8.4,Watchlist
pest_month,2025,August,8,,Whorl Maggot,,,5,5,17.63,127,17.63,0,0,6.96,15,3.4,0,Whorl Maggot,rice,14.32,Watchlist
pest_month,2025,September,9,,Aphids/Scale/Mealybug,,,2,2,3.2,2,3.2,0,0,12.5,20,3,0,Aphids/Scale/Mealybug,hvc,8.65,Watchlist
pest_month,2025,September,9,,Bacterial Leaf Blight,,,5,5,70.86,72,70.86,0,0,10.74,17,3.8,0,Bacterial Leaf Blight,rice,14.54,Watchlist
pest_month,2025,September,9,,Bacterial Leaf Streak,,,4,4,19.86,35,19.86,0,0,6.47,8.8,4,0,Bacterial Leaf Streak,rice,11.22,Watchlist
pest_month,2025,September,9,,Blast/Blight/Spot,,,15,15,123.7,359,26.07,150.13,150.13,14.05,49.1,3.67,0,Blast/Blight/Spot,corn,17.35,Watchlist
pest_month,2025,September,9,,Citrus Canker,,,1,1,0.5,5,2.5,0,0,5,5,5,0,Citrus Canker,hvc,11.1,Watchlist
pest_month,2025,September,9,,Citrus Rind Borer,,,2,2,0.28,2,0.28,0,0,27.5,50,5,1,Citrus Rind Borer,hvc,15.65,Watchlist
pest_month,2025,September,9,,Dirty Panicle,,,1,1,4,50,0,4,4,5,5,3,0,Dirty Panicle,rice,20.2,Watchlist
pest_month,2025,September,9,,Disease - Fungal/Bacterial,,,2,2,5.48,6,3,2.48,2.48,39.36,75.4,5,1,Disease - Fungal/Bacterial,rice,19.7,Watchlist
pest_month,2025,September,9,,Fall Armyworm,,,7,7,94.2,70,84.2,10,10,14.61,20,2.86,0,Fall Armyworm,corn,12.97,Watchlist
pest_month,2025,September,9,,False Smut,,,2,2,7.4,100,0,7.4,7.4,3.5,5,3,0,False Smut,rice,19.7,Watchlist
pest_month,2025,September,9,,Fruit Fly,,,1,1,0.03,2,0.03,0,0,5,5,3,0,Fruit Fly,hvc,6.9,Watchlist
pest_month,2025,September,9,,Leaf Folder/Miner,,,13,13,44.66,145,44.66,0,0,3.72,15,3.31,0,Leaf Folder/Miner,rice,9.78,Watchlist
pest_month,2025,September,9,,Papaya Ring Spot,,,1,1,0.1,1,0.1,0,0,20,20,7,1,Papaya Ring Spot,hvc,17.2,Watchlist
pest_month,2025,September,9,,Plant Hopper,,,13,13,114.97,96,72.97,42,42,25.39,70,3.92,1,Plant Hopper,rice,16.62,Watchlist
pest_month,2025,September,9,,Rodents,,,2,2,15.35,6,15.35,0,0,17.5,20,4,0,Rodents,corn,12.9,Watchlist
pest_month,2025,September,9,,Scab,,,1,1,2.1,21,2.1,0,0,20,20,5,0,Scab,hvc,19,Watchlist
pest_month,2025,September,9,,Stem/Shoot/Fruit Borer,,,20,20,49.63,288,49.63,0,0,6.86,14,3.6,0,Stem/Shoot/Fruit Borer,rice,11.75,Watchlist
pest_month,2025,September,9,,Whorl Maggot,,,2,2,7.51,19,7.51,0,0,4.15,4.3,3,0,Whorl Maggot,rice,9,Watchlist
pest_month,2025,October,10,,Bacterial Leaf Blight,,,8,8,12.51,54,12.51,0,0,5.92,15,4,1,Bacterial Leaf Blight,rice,10.16,Watchlist
pest_month,2025,October,10,,Bacterial Leaf Streak,,,3,3,12.6,7,12.6,0,0,6.53,9.6,3,0,Bacterial Leaf Streak,rice,7.83,Watchlist
pest_month,2025,October,10,,Bean Rush,,,1,1,0.07,2,0,0.07,0.07,15,15,5,0,Bean Rush,hvc,12.8,Watchlist
pest_month,2025,October,10,,Blast/Blight/Spot,,,5,5,7.59,23,1.83,9.76,9.76,7.42,20,3.4,0,Blast/Blight/Spot,corn,9.34,Watchlist
pest_month,2025,October,10,,Disease - Fungal/Bacterial,,,7,7,50.67,59,5.97,45.5,45.5,23.69,50,5.86,4,Disease - Fungal/Bacterial,rice,20.2,Watchlist
pest_month,2025,October,10,,Fall Armyworm,,,18,18,39.5,162,43.4,0,0,13.33,30,3.11,0,Fall Armyworm,corn,11.14,Watchlist
pest_month,2025,October,10,,False Smut,,,1,1,4.92,5,4.92,0,0,4.43,4.43,3,0,False Smut,rice,8.1,Watchlist
pest_month,2025,October,10,,Flea Beatles,,,1,1,1,2,1,0,0,15,15,5,0,Flea Beatles,hvc,12.9,Watchlist
pest_month,2025,October,10,,Leaf Folder/Miner,,,7,7,6.07,25,6.07,0,0,1.64,2.17,3,0,Leaf Folder/Miner,rice,6.51,Watchlist
pest_month,2025,October,10,,Plant Hopper,,,2,2,19,26,19,0,0,62.5,85,6,2,Plant Hopper,rice,30.25,Watchlist
pest_month,2025,October,10,,Rice Bug,,,1,1,0.7,13,1,0,0,10,10,5,0,Rice Bug,rice,14.3,Watchlist
pest_month,2025,October,10,,Rice Grassy Stunt Virus,,,1,1,0.72,1,0.72,0,0,60,60,7,1,Rice Grassy Stunt Virus,rice,27.2,Watchlist
pest_month,2025,October,10,,Rodents,,,1,1,13,8,13,0,0,20,20,5,0,Rodents,corn,17.1,Watchlist
pest_month,2025,October,10,,S.Rys/Rtv/Rolp,,,20,20,171.65,230,90.05,83.6,83.6,61.67,90.32,7.8,19,S.Rys/Rtv/Rolp,rice,33.34,Watchlist
pest_month,2025,October,10,,Scub,,,1,1,0.7,5,3.5,0,0,20,20,5,0,Scub,hvc,14.8,Watchlist
pest_month,2025,October,10,,Stem/Shoot/Fruit Borer,,,13,13,17.72,38,17.72,0,0,8.48,16,3.15,1,Stem/Shoot/Fruit Borer,rice,8.39,Watchlist
pest_month,2025,October,10,,Whorl Maggot,,,1,1,25,20,25,0,0,10,10,1,0,Whorl Maggot,rice,12.3,Watchlist
pest_month,2025,November,11,,Bacterial Leaf Blight,,,8,8,406.54,324,405.44,1.1,1.1,30.93,50,4.5,1,Bacterial Leaf Blight,rice,27.06,Watchlist
pest_month,2025,November,11,,Bacterial Leaf Streak,,,1,1,1.2,1,1.2,0,0,6.4,6.4,5,0,Bacterial Leaf Streak,rice,10.5,Watchlist
pest_month,2025,November,11,,Blast/Blight/Spot,,,4,4,8.65,35,5,3.65,3.65,10.82,23.5,3,0,Blast/Blight/Spot,corn,10.43,Watchlist
pest_month,2025,November,11,,Disease - Fungal/Bacterial,,,1,1,2.82,5,2.82,0,0,6,6,5,0,Disease - Fungal/Bacterial,rice,11.6,Watchlist
pest_month,2025,November,11,,Fall Armyworm,,,27,26,199.55,362,199.55,136.25,136.25,17.94,30,2.56,2,Fall Armyworm,corn,14.11,Watchlist
pest_month,2025,November,11,,False Smut,,,1,1,2.11,3,2.11,0,0,3.51,3.51,3,0,False Smut,rice,7,Watchlist
pest_month,2025,November,11,,Golden Apple Snail,,,2,2,6.75,40,6.75,0,0,5,5,3,0,Golden Apple Snail,rice,11.75,Watchlist
pest_month,2025,November,11,,Rice Bug,,,2,2,24,23,24,0,0,10,10,1,0,Rice Bug,rice,8.6,Watchlist
pest_month,2025,November,11,,S.Rys/Rtv/Rolp,,,2,2,6.1,13,0,6.1,6.1,75,80,9,2,S.Rys/Rtv/Rolp,rice,36.35,Moderate
pest_month,2025,November,11,,Stem/Shoot/Fruit Borer,,,6,6,123.22,146,123.22,0,0,10.18,30,3,0,Stem/Shoot/Fruit Borer,rice,14.15,Watchlist
pest_month,2025,November,11,,Whorl Maggot,,,2,2,1,16,1,0,0,5,5,3,0,Whorl Maggot,rice,8.4,Watchlist
pest_month,2025,December,12,,Bacterial Leaf Blight,,,3,3,5.9,13,26.9,2,2,35.67,80,5,1,Bacterial Leaf Blight,rice,18.87,Watchlist
pest_month,2025,December,12,,Bacterial Leaf Streak,,,2,2,1.83,6,1.83,0,0,4.44,7,3,0,Bacterial Leaf Streak,rice,7.05,Watchlist
pest_month,2025,December,12,,Blast/Blight/Spot,,,1,1,3.75,12,0,3.75,3.75,5,5,3,0,Blast/Blight/Spot,corn,10.6,Watchlist
pest_month,2025,December,12,,Damping Off,,,1,1,28,20,21,7,7,35,35,1,0,Damping Off,corn,20.3,Watchlist
pest_month,2025,December,12,,Downy Mildew,,,1,1,3.4,4,3.4,0,0,10,10,3,0,Downy Mildew,corn,9,Watchlist
pest_month,2025,December,12,,Fall Armyworm,,,6,6,75.05,86,75.05,0,0,21.67,25,1,0,Fall Armyworm,corn,12.27,Watchlist
pest_month,2025,December,12,,Golden Apple Snail,,,3,3,5.35,110,5.35,0,0,2,2,3,0,Golden Apple Snail,rice,15,Watchlist
pest_month,2025,December,12,,Leaf Folder/Miner,,,2,2,1.93,7,1.93,0,0,1.73,2.03,3,0,Leaf Folder/Miner,rice,6.5,Watchlist
pest_month,2025,December,12,,Stem/Shoot/Fruit Borer,,,1,1,4.35,3,4.35,0,0,7.25,7.25,5,0,Stem/Shoot/Fruit Borer,rice,11.6,Watchlist
pest_month,2025,December,12,,Whorl Maggot,,,2,2,6,10,6,0,0,3.5,5,3,0,Whorl Maggot,rice,7.6,Watchlist
pest_month,2026,January,1,,Aphids/Scale/Mealybug,,,4,4,407.5,85,407.5,0,0,11.25,15,4,0,Aphids/Scale/Mealybug,corn,27.68,Watchlist
pest_month,2026,January,1,,Bacterial Leaf Blight,,,13,13,49.17,53,49.17,0,0,11.43,50,3.77,1,Bacterial Leaf Blight,rice,10.75,Watchlist
pest_month,2026,January,1,,Blast/Blight/Spot,,,3,3,5.38,22,5.38,0,0,5.35,7.31,3.33,0,Blast/Blight/Spot,rice,9.07,Watchlist
pest_month,2026,January,1,,Cutworm/Armyworm,,,1,1,2.7,3,2.7,0,0,10,10,5,0,Cutworm/Armyworm,corn,12.1,Watchlist
pest_month,2026,January,1,,Fall Armyworm,,,28,28,266.95,420,264.25,0,0,28.57,63.64,2.57,3,Fall Armyworm,corn,16.29,Watchlist
pest_month,2026,January,1,,False Smut,,,1,1,2.09,3,2.09,0,0,3.81,3.81,3,0,False Smut,rice,7.1,Watchlist
pest_month,2026,January,1,,Golden Apple Snail,,,2,2,2.8,71,2.8,0,0,2,2,3,0,Golden Apple Snail,rice,14.65,Watchlist
pest_month,2026,January,1,,Leaf Folder/Miner,,,6,6,17.14,38,13.64,3.5,3.5,5.45,12.4,3.67,0,Leaf Folder/Miner,rice,9.65,Watchlist
pest_month,2026,January,1,,Rice Grassy Stunt Virus,,,3,3,9,8,9,0,0,5,5,5,0,Rice Grassy Stunt Virus,rice,10.8,Watchlist
pest_month,2026,January,1,,Rodents,,,21,21,407.16,343,392.56,14.6,14.6,25.48,40,5,1,Rodents,corn,21.5,Watchlist
pest_month,2026,January,1,,S.Rys/Rtv/Rolp,,,12,12,78.8,63,76.6,2.2,2.2,17.96,50,4.5,3,S.Rys/Rtv/Rolp,rice,14.32,Watchlist
pest_month,2026,January,1,,Stem/Shoot/Fruit Borer,,,2,2,7.43,12,7.43,0,0,6.03,6.31,4,0,Stem/Shoot/Fruit Borer,rice,10.3,Watchlist
pest_month,2026,January,1,,Whorl Maggot,,,2,2,7.5,78,7.5,144,144,4.55,5,3,0,Whorl Maggot,rice,21.45,Watchlist
pest_month,2026,February,2,,Aphids/Scale/Mealybug,,,4,4,21.4,25,24.35,6,6,7.99,20,2.5,0,Aphids/Scale/Mealybug,corn,8.78,Watchlist
pest_month,2026,February,2,,Bacterial Leaf Blight,,,13,12,76.47,296,43.97,32.5,32.5,7.83,25,3.92,0,Bacterial Leaf Blight,rice,13.05,Watchlist
pest_month,2026,February,2,,Bacterial Leaf Streak,,,5,5,22.5,73,22.5,0,0,7.52,20,4.2,0,Bacterial Leaf Streak,rice,13.24,Watchlist
pest_month,2026,February,2,,Bakanae,,,1,1,4,5,4,0,0,5,5,3,0,Bakanae,rice,8.1,Watchlist
pest_month,2026,February,2,,Blast/Blight/Spot,,,11,11,34.31,70,50.12,32.46,32.46,4.04,11.8,2.82,0,Blast/Blight/Spot,rice,8.36,Watchlist
pest_month,2026,February,2,,Dirty Panicle,,,1,1,0.61,1,0.61,0,0,4.4,4.4,3,0,Dirty Panicle,rice,6.5,Watchlist
pest_month,2026,February,2,,Disease - Fungal/Bacterial,,,1,1,1,1,0,1,1,0.38,0.38,1,0,Disease - Fungal/Bacterial,rice,2.4,Watchlist
pest_month,2026,February,2,,Fall Armyworm,,,14,14,113.3,103,70,9.5,9.5,17.46,35,3,1,Fall Armyworm,corn,12.44,Watchlist
pest_month,2026,February,2,,Leaf Folder/Miner,,,8,8,20.43,107,17.43,3,3,3.62,10,3,0,Leaf Folder/Miner,rice,9.72,Watchlist
pest_month,2026,February,2,,Plant Hopper,,,2,2,32.5,20,32.5,12.5,12.5,32.5,40,2,0,Plant Hopper,rice,17.3,Watchlist
pest_month,2026,February,2,,Rodents,,,20,20,302.32,567,297.9,4.42,4.42,11.11,26.3,3.5,1,Rodents,rice,16.49,Watchlist
pest_month,2026,February,2,,S.Rys/Rtv/Rolp,,,6,6,27.21,37,22.21,5,5,13.27,20,4.67,2,S.Rys/Rtv/Rolp,rice,13.52,Watchlist
pest_month,2026,February,2,,Stem/Shoot/Fruit Borer,,,5,5,9.36,18,9.36,0,0,3.77,6.8,3,0,Stem/Shoot/Fruit Borer,rice,7.18,Watchlist
pest_month,2026,February,2,,Whorl Maggot,,,3,3,15.48,97,15.25,0,0,5.03,8.4,3.67,0,Whorl Maggot,rice,14.97,Watchlist
pest_month,2026,June,6,,Bacterial Leaf Blight,,,8,8,18.1,36,18.1,0,0,3.62,5.67,2.73,0,Bacterial Leaf Blight,rice,6.38,Watchlist
pest_month,2026,June,6,,Bacterial Leaf Streak,,,4,4,16.38,18,16.38,0,0,6.34,12.3,3.67,0,Bacterial Leaf Streak,rice,7.9,Watchlist
pest_month,2026,June,6,,Blast/Blight/Spot,,,3,3,45.09,135,3.71,41.38,41.38,11.16,19.7,3.67,0,Blast/Blight/Spot,rice,24.07,Watchlist
pest_month,2026,June,6,,Cutworm/Armyworm,,,1,1,1.75,1,1.75,0,0,5.46,5.46,3,0,Cutworm/Armyworm,rice,6.9,Watchlist
pest_month,2026,June,6,,Golden Apple Snail,,,2,2,4,2,4,0,0,3.04,3.96,3,0,Golden Apple Snail,rice,6.35,Watchlist
pest_month,2026,June,6,,Leaf Folder/Miner,,,4,4,4.77,19,4.77,0,0,3,3.32,3,0,Leaf Folder/Miner,rice,7.17,Watchlist
pest_month,2026,June,6,,Stem/Shoot/Fruit Borer,,,9,9,57.38,217,23.13,34.25,34.25,6.03,15,3.29,0,Stem/Shoot/Fruit Borer,rice,12.63,Watchlist
pest_month,2026,June,6,,Whorl Maggot,,,2,2,8.9,3,8.9,0,0,2.45,3.6,3,0,Whorl Maggot,rice,4.1,Watchlist
pest_month,2026,July,7,,Bacterial Leaf Blight,,,7,7,19.98,51,19.98,46,46,4.41,8,3.29,0,Bacterial Leaf Blight,rice,10.19,Watchlist
pest_month,2026,July,7,,Bacterial Leaf Streak,,,8,8,48.44,103,48.69,0,0,8.64,15,4.25,1,Bacterial Leaf Streak,rice,13.35,Watchlist
pest_month,2026,July,7,,Blast/Blight/Spot,,,1,1,0.87,4,0.87,9.13,9.13,8.7,8.7,3,0,Blast/Blight/Spot,rice,10.2,Watchlist
pest_month,2026,July,7,,Disease - Fungal/Bacterial,,,1,1,0.5,1,0.5,0,0,0.68,0.68,3,0,Disease - Fungal/Bacterial,rice,5.6,Watchlist
pest_month,2026,July,7,,Golden Apple Snail,,,1,1,0.6,9,0.6,0,0,6.1,6.1,3,0,Golden Apple Snail,rice,8.9,Watchlist
pest_month,2026,July,7,,Grassy Stunt,,,1,1,3.8,4,3.8,0,0,10,10,5,0,Grassy Stunt,rice,12.5,Watchlist
pest_month,2026,July,7,,Leaf Folder/Miner,,,14,14,111.42,241,111.42,263.4,263.4,3.61,15,3,0,Leaf Folder/Miner,rice,13.67,Watchlist
pest_month,2026,July,7,,Plant Hopper,,,1,1,12.18,33,0,12.18,12.18,10,10,5,0,Plant Hopper,rice,23.2,Watchlist
pest_month,2026,July,7,,Rodents,,,6,6,39.2,163,43.6,141.3,141.3,13.04,21,3.67,1,Rodents,rice,20.13,Watchlist
pest_month,2026,July,7,,Shield Bug,,,1,1,5.6,3,5.6,0,0,2.22,2.22,3,0,Shield Bug,rice,7.1,Watchlist
pest_month,2026,July,7,,Stem/Shoot/Fruit Borer,,,16,14,44.13,76,42.28,0.25,0.25,5.2,14.2,3.62,0,Stem/Shoot/Fruit Borer,rice,8.99,Watchlist
pest_month,2026,July,7,,Whorl Maggot,,,4,4,9.25,167,9.25,9.75,9.75,4.38,5,3,0,Whorl Maggot,rice,14.9,Watchlist
pest_month,2026,December,12,,Fall Armyworm,,,1,1,9.6,3,9.6,0,0,30,30,1,0,Fall Armyworm,corn,11.1,Watchlist
province_month,2015,January,1,,,Cagayan,,3,3,443.6,0,443.6,0,0,0.62,0.75,0,0,Rodents,rice,17.53,Watchlist
province_month,2015,January,1,,,Isabela,,7,7,3938.8,0,3938.8,0,0,1.31,5,0,0,Rodents,rice,21.73,Watchlist
province_month,2015,January,1,,,Quirino,,4,3,543.2,0,506.2,0,0,1.66,5,0,0,Rodents,rice,13.95,Watchlist
province_month,2015,July,7,,,Cagayan,,2,2,18,0,18,0,0,6.75,8,0,0,Rice Tungro Virus,rice,2.8,Watchlist
province_month,2015,July,7,,,Isabela,,2,2,15,0,0,0,0,5.25,6.5,0,0,Rodents,rice,2.25,Watchlist
province_month,2015,July,7,,,Nueva Vizcaya,,1,1,75,0,75,0,0,12.5,12.5,0,0,Bacterial Leaf Streak,rice,12.5,Watchlist
province_month,2016,January,1,,,Isabela,,2,2,681,0,671,0,0,1.5,1.5,0,0,Rodents,rice,18.5,Watchlist
province_month,2016,February,2,,,Cagayan,,1,1,388,0,388,0,0,2,2,0,0,Rodents,rice,35.5,Moderate
province_month,2016,February,2,,,Isabela,,10,10,2546.2,0,2511.2,0,0,0.66,1.5,0,0,Rodents,rice,22.67,Watchlist
province_month,2016,March,3,,,Cagayan,,3,3,73.8,0,73.8,0,0,25,35,0,0,Stem/Shoot/Fruit Borer,rice,7.27,Watchlist
province_month,2016,March,3,,,Quirino,,4,4,51.25,0,51.25,0,0,4.5,6.5,0,0,Rodents,rice,2.73,Watchlist
province_month,2016,August,8,,,Isabela,,2,2,166,0,166,0,0,2.88,5,0,0,Rodents,rice,11.1,Watchlist
province_month,2016,September,9,,,Isabela,,2,2,5,0,5,0,0,0.75,0.75,0,0,Rice Tungro Virus,rice,0.5,Watchlist
province_month,2016,December,12,,,Isabela,,2,2,67,0,67,0,0,1,1,0,0,Rodents,rice,4.45,Watchlist
province_month,2016,December,12,,,Nueva Vizcaya,,2,2,21,0,21,0,0,1.25,1.5,0,0,Rodents,rice,1.65,Watchlist
province_month,2017,January,1,,,Cagayan,,3,3,398,0,398,0,0,5,5,0,0,Cutworm/Armyworm,corn,16.2,Watchlist
province_month,2017,January,1,,,Isabela,,6,6,897.46,0,897.46,0,0,5.02,12.5,0,0,Rice Tungro Virus,rice,14.13,Watchlist
province_month,2017,January,1,,,Quirino,,1,1,70,0,70,0,0,1.5,1.5,0,0,Rodents,rice,9.1,Watchlist
province_month,2017,February,2,,,Isabela,,7,7,1914.65,0,1914.65,0,0,14.53,65,0,1,Bacterial Leaf Streak,rice,24.11,Watchlist
province_month,2017,February,2,,,Nueva Vizcaya,,1,1,80,0,80,0,0,5,5,0,0,Rbb,rice,11.2,Watchlist
province_month,2017,March,3,,,Cagayan,,2,2,29.5,0,29.5,0,0,4.75,7.5,0,0,Plant Hopper,rice,3.05,Watchlist
province_month,2017,March,3,,,Isabela,,3,3,14.2,0,14.2,0,0,2,2,0,0,Bacterial Leaf Blight,rice,1.1,Watchlist
province_month,2017,March,3,,,Nueva Vizcaya,,2,2,52.8,0,52.8,0,0,7.5,10.5,0,0,Plant Hopper,rice,5.2,Watchlist
province_month,2017,May,5,,,Cagayan,,1,1,6,0,6,0,0,12.5,12.5,0,0,Plant Hopper,rice,3.9,Watchlist
province_month,2017,May,5,,,Nueva Vizcaya,,1,1,100,0,100,0,0,10,10,0,0,Plant Hopper,rice,15,Watchlist
province_month,2017,July-August,7,,,Isabela,,8,8,1301,0,1301,0,0,3.12,5,0,0,Bacterial Leaf Streak,rice,12.61,Watchlist
province_month,2017,August,8,,,Cagayan,,3,3,59,0,44,0,0,2,2,0,0,Bacterial Leaf Streak,rice,2.8,Watchlist
province_month,2017,August,8,,,Isabela,,6,6,692.9,0,692.9,0,0,3,5,0,0,Bacterial Leaf Streak,rice,15.18,Watchlist
province_month,2017,August,8,,,Quirino,,3,3,18,0,18,0,0,2.5,3,0,0,Rbb,rice,1.17,Watchlist
province_month,2017,September,9,,,Nueva Vizcaya,,1,1,10,0,10,0,0,2,2,0,0,Rbb,rice,1.8,Watchlist
province_month,2017,December,12,,,Nueva Vizcaya,,3,3,55.5,0,55.5,0,0,5,7.5,0,0,Rbb,rice,3.57,Watchlist
province_month,2018,January,1,,,Cagayan,,1,1,64.45,0,64.45,0,0,2,2,0,0,Rodents,rice,8.6,Watchlist
province_month,2018,January,1,,,Isabela,,13,13,1854,0,1854,0,0,1.58,2,0,0,Rodents,rice,13.26,Watchlist
province_month,2018,February,2,,,Isabela,,3,3,206,0,206,0,0,7.25,12.5,0,0,Bacterial Leaf Streak,rice,9.8,Watchlist
province_month,2019,January,1,,,Cagayan,,14,14,24,0,24,0,0,1.36,2,0,0,Rodents,rice,0.56,Watchlist
province_month,2019,January,1,,,Isabela,,16,16,794,0,794,0,0,2.19,5,0,0,Rodents,rice,6.74,Watchlist
province_month,2019,February,2,,,Cagayan,,13,12,28.2,0,28.2,0,0,1.77,2,0,0,Rodents,rice,0.72,Watchlist
province_month,2019,February,2,,,Isabela,,24,23,36.1,0,33.1,0,0,5.04,20,0,0,Blast/Blight/Spot,rice,1.45,Watchlist
province_month,2019,February,2,,,Nueva Vizcaya,,13,13,56.55,0,56.55,0,0,2.38,5,0,0,Rbb,rice,1.14,Watchlist
province_month,2019,February,2,,,Quirino,,14,14,30.2,0,30.2,0,0,1.79,2,0,0,Bacterial Leaf Blight,rice,0.72,Watchlist
province_month,2019,March,3,,,Cagayan,,33,33,149.4,0,149.4,0,0,1.94,2,0,0,Cutworm/Armyworm,rice,1.06,Watchlist
province_month,2019,March,3,,,Isabela,,22,22,46.24,0,46.24,0,0,2.55,20,0,0,Stem/Shoot/Fruit Borer,rice,0.9,Watchlist
province_month,2019,March,3,,,Quirino,,7,7,16.1,0,16.1,0,0,4.43,20,0,0,Stem/Shoot/Fruit Borer,rice,1.4,Watchlist
province_month,2019,April,4,,,Cagayan,,8,8,58.1,0,58.1,0,0,3.62,15,0,0,Cutworm/Armyworm,rice,1.8,Watchlist
province_month,2019,April,4,,,Isabela,,10,10,16.25,0,16.25,0,0,3.8,5,0,0,Stem/Shoot/Fruit Borer,rice,1.16,Watchlist
province_month,2019,April,4,,,Nueva Vizcaya,,4,4,33.95,0,33.95,0,0,16.25,20,0,0,Plant Hopper,rice,5.1,Watchlist
province_month,2019,April,4,,,Quirino,,3,3,7,0,7,0,0,2,2,0,0,Plant Hopper,rice,0.8,Watchlist
province_month,2019,May,5,,,Isabela,,2,2,2.3,0,2.3,0,0,3.5,5,0,0,Bacterial Leaf Streak,rice,1,Watchlist
province_month,2019,May,5,,,Nueva Vizcaya,,6,6,9.6,0,9.6,0,0,1.83,2,0,0,Blast/Blight/Spot,rice,0.68,Watchlist
province_month,2019,June,6,,,Cagayan,,1,1,1,0,1,0,0,5,5,0,0,Fall Armyworm,corn,1.4,Watchlist
province_month,2019,June,6,,,Isabela,,2,2,3.6,0,3.6,0,0,15,20,0,0,Leaf Folder/Miner,rice,4,Watchlist
province_month,2019,June,6,,,Nueva Vizcaya,,5,5,19,0,19,0,0,1.4,2,0,0,Disease - Fungal/Bacterial,corn,0.82,Watchlist
province_month,2019,July,7,,,Cagayan,,20,20,82.75,0,82.75,0,0,16.18,70,0,2,Fall Armyworm,corn,4.57,Watchlist
province_month,2019,July,7,,,Isabela,,3,3,2.5,0,2.5,0,0,1.67,2,0,0,Bacterial Leaf Blight,rice,0.53,Watchlist
province_month,2019,July,7,,,Nueva Vizcaya,,2,2,5.4,0,5.4,0,0,2,2,0,0,Rbb,rice,0.85,Watchlist
province_month,2019,July,7,,,Quirino,,4,4,7.6,0,7.6,0,0,1.38,2,0,0,Blast/Blight/Spot,rice,0.6,Watchlist
province_month,2019,August,8,,,Cagayan,,3,3,1.3,0,1.3,0,0,24,60,0,1,Fall Armyworm,corn,6.07,Watchlist
province_month,2019,August,8,,,Isabela,,9,9,5.2,0,5.2,0,0,9.44,40,0,0,Fall Armyworm,corn,2.44,Watchlist
province_month,2019,August,8,,,Nueva Vizcaya,,7,7,2.8,0,2.8,0,0,20.71,80,0,1,Fall Armyworm,corn,5.2,Watchlist
province_month,2019,August,8,,,Quirino,,9,9,49,0,49,0,0,6.44,15,0,0,Leaf Folder/Miner,rice,2.29,Watchlist
province_month,2019,September,9,,,Cagayan,,6,6,3.84,0,3.84,0,0,16.33,30,0,0,Fall Armyworm,corn,4.15,Watchlist
province_month,2019,September,9,,,Isabela,,18,18,7.62,0,7.62,0,0,9.72,50,0,1,Fall Armyworm,corn,2.49,Watchlist
province_month,2019,September,9,,,Nueva Vizcaya,,6,6,1.55,0,1.55,0,0,5.83,10,0,0,Fall Armyworm,corn,1.5,Watchlist
province_month,2019,September,9,,,Quirino,,6,6,7.45,0,7.45,0,0,3.17,15,0,0,Plant Hopper,corn,0.95,Watchlist
province_month,2019,October,10,,,Cagayan,,27,27,22.39,0,22.39,0,0,33.33,62,0,6,Fall Armyworm,corn,8.44,Watchlist
province_month,2019,October,10,,,Isabela,,36,36,35.17,0,35.17,0,0,6.28,18,0,0,Fall Armyworm,corn,1.69,Watchlist
province_month,2019,October,10,,,Nueva Vizcaya,,15,15,234.83,0,224.83,0,0,10.73,40,0,0,Plant Hopper,rice,4.63,Watchlist
province_month,2019,October,10,,,Quirino,,10,10,16.55,0,16.55,0,0,1.6,2,0,0,Leaf Folder/Miner,rice,0.6,Watchlist
province_month,2019,November,11,,,Cagayan,,46,46,69.12,0,69.12,0,0,22.39,50,0,1,Fall Armyworm,corn,5.78,Watchlist
province_month,2019,November,11,,,Isabela,,30,30,55.05,0,55.05,0,0,9.48,30,0,0,Fall Armyworm,corn,2.52,Watchlist
province_month,2019,November,11,,,Nueva Vizcaya,,9,9,12.56,0,12.56,0,0,4.67,10,0,0,Fall Armyworm,corn,1.33,Watchlist
province_month,2019,November,11,,,Quirino,,14,14,20.3,0,20.3,0,0,2.5,20,0,0,Plant Hopper,corn,0.81,Watchlist
province_month,2019,December,12,,,Isabela,,9,9,13.7,0,13.7,0,0,12.22,26,0,0,Fall Armyworm,corn,3.26,Watchlist
province_month,2019,December,12,,,Quirino,,1,1,0.5,0,0.5,0,0,10,10,0,0,Fall Armyworm,corn,2.6,Watchlist
province_month,2020,January,1,,,Cagayan,,6,6,14.2,0,14.2,0,0,18.72,36.5,0,0,Fall Armyworm,corn,4.97,Watchlist
province_month,2020,January,1,,,Isabela,,9,9,23.6,0,23.6,0,0,18.44,38,0,0,Fall Armyworm,corn,4.94,Watchlist
province_month,2020,January,1,,,Nueva Vizcaya,,7,7,26.35,0,26.35,0,0,14.57,70,0,1,Fall Armyworm,corn,4.13,Watchlist
province_month,2020,January,1,,,Quirino,,1,1,0.25,0,0.25,0,0,4,4,0,0,Fall Armyworm,corn,1,Watchlist
province_month,2020,February,2,,,Cagayan,,50,50,971.9,0,971.9,0,0,31.76,90,0,12,Fall Armyworm,corn,10.37,Watchlist
province_month,2020,February,2,,,Isabela,,101,101,1775.45,0,1775.45,0,0,28.11,64,0,4,Fall Armyworm,corn,9.23,Watchlist
province_month,2020,February,2,,,Nueva Vizcaya,,4,4,105.2,0,105.2,0,0,18.25,50,0,1,Fall Armyworm,corn,7.85,Watchlist
province_month,2020,February,2,,,Quirino,,54,54,928.6,0,928.6,0,0,28.69,90,0,3,Fall Armyworm,corn,9.32,Watchlist
province_month,2020,MARCH,3,,,Cagayan,,16,16,126.05,0,126.05,0,0,33.12,80,0,4,Fall Armyworm,corn,9.26,Watchlist
province_month,2020,MARCH,3,,,Isabela,,24,24,114.6,0,114.6,0,0,30.33,50,0,1,Fall Armyworm,corn,8.18,Watchlist
province_month,2020,MARCH,3,,,Nueva Vizcaya,,5,5,5.2,0,5.2,0,0,39.2,80,0,2,Fall Armyworm,corn,9.92,Watchlist
province_month,2020,MARCH,3,,,Quirino,,17,17,256.75,0,256.75,0,0,36.76,50,0,2,Fall Armyworm,corn,11.08,Watchlist
province_month,2020,April,4,,,Cagayan,,2,2,3,0,3,0,0,35,40,0,0,Fall Armyworm,corn,8.9,Watchlist
province_month,2020,April,4,,,Isabela,,3,3,12,0,12,0,0,30,40,0,0,Fall Armyworm,corn,8,Watchlist
province_month,2020,May,5,,,Cagayan,,6,6,6.5,0,6.5,0,0,42.67,100,0,2,Fall Armyworm,corn,10.78,Watchlist
province_month,2020,May,5,,,Isabela,,13,13,59.8,0,59.8,0,0,21.23,50,0,1,Fall Armyworm,corn,5.89,Watchlist
province_month,2020,May,5,,,Nueva Vizcaya,,5,5,109.53,0,109.53,0,0,39.2,80,0,2,Fall Armyworm,corn,12.54,Watchlist
province_month,2020,May,5,,,Quirino,,3,3,23.85,0,23.85,0,0,56.67,90,0,1,Fall Armyworm,corn,15.13,Watchlist
province_month,2020,June,6,,,Cagayan,,47,45,304.4,0,304.4,0,0,33.02,95,0,14,Fall Armyworm,corn,9.06,Watchlist
province_month,2020,June,6,,,Isabela,,40,40,640.36,0,640.36,0,0,19.07,60,0,1,Fall Armyworm,corn,6.77,Watchlist
province_month,2020,June,6,,,Nueva Vizcaya,,13,13,1277.5,0,1277.5,0,0,27.31,50,0,1,Fall Armyworm,corn,17.98,Watchlist
province_month,2020,June,6,,,Quirino,,52,52,893,0,893,0,0,35.44,66,0,12,Fall Armyworm,corn,11,Watchlist
province_month,2020,July,7,,,Cagayan,,42,42,499.55,0,499.55,0,0,25,100,0,8,Fall Armyworm,corn,7.73,Watchlist
province_month,2020,July,7,,,Isabela,,49,49,1006.11,0,1006.11,0,0,21.8,80,0,4,Fall Armyworm,corn,8.02,Watchlist
province_month,2020,July,7,,,Nueva Vizcaya,,8,8,291.12,0,291.12,0,0,34.38,80,0,2,Fall Armyworm,corn,13.14,Watchlist
province_month,2020,July,7,,,Quirino,,20,20,235,0,235,0,0,20.55,36,0,0,Fall Armyworm,corn,6.6,Watchlist
province_month,2020,August,8,,,Cagayan,,22,22,230.03,4,230.03,0,0,42.62,98,0,9,Fall Armyworm,corn,11.51,Watchlist
province_month,2020,August,8,,,Isabela,,13,13,80.7,1,80.7,0,0,21.92,60,0,2,Fall Armyworm,corn,6.28,Watchlist
province_month,2020,August,8,,,Nueva Vizcaya,,4,4,85.4,0,85.4,0,0,22.5,30,0,0,Leaf Folder/Miner,rice,8.25,Watchlist
province_month,2020,August,8,,,Quirino,,4,4,22.5,0,22.5,0,0,9.25,15,0,0,Leaf Folder/Miner,rice,3.02,Watchlist
province_month,2020,September,9,,,Cagayan,,17,17,118.65,0,118.65,0,0,36.06,100,0,7,Fall Armyworm,rice,9.89,Watchlist
province_month,2020,September,9,,,Isabela,,12,12,89,0,89,0,0,15.83,50,0,1,Fall Armyworm,corn,4.89,Watchlist
province_month,2020,September,9,,,Nueva Vizcaya,,4,4,8.4,0,8.4,0,0,50,80,0,1,Bacterial Leaf Blight,rice,6.5,Watchlist
province_month,2020,September,9,,,Quirino,,5,5,364.6,0,364.6,0,0,20.8,32,0,0,Blast/Blight/Spot,rice,14.32,Watchlist
province_month,2020,October,10,,,Cagayan,,15,15,44.55,0,44.55,0,0,18.6,80,0,2,Fall Armyworm,corn,5.03,Watchlist
province_month,2020,October,10,,,Isabela,,28,28,262,0,262,0,0,8.89,45,0,0,Fall Armyworm,corn,3.39,Watchlist
province_month,2020,October,10,,,Nueva Vizcaya,,12,12,99.8,0,99.8,0,0,17.17,78,0,2,Fall Armyworm,corn,5.34,Watchlist
province_month,2020,October,10,,,Quirino,,5,5,138.8,0,138.8,0,0,28,50,0,2,Blast/Blight/Spot,rice,10.48,Watchlist
province_month,2020,November,11,,,Cagayan,,14,14,59.7,0,59.7,0,0,15.86,40,0,0,Fall Armyworm,rice,4.49,Watchlist
province_month,2020,November,11,,,Isabela,,14,14,95,0,95,0,0,13,75,0,1,Fall Armyworm,corn,4.1,Watchlist
province_month,2020,November,11,,,Nueva Vizcaya,,12,12,430.95,0,440.95,990,990,16.76,50,0,2,Rbb,rice,9.52,Watchlist
province_month,2020,November,11,,,Quirino,,5,5,34,1,34,0,0,7.8,11,0,0,Leaf Folder/Miner,corn,2.84,Watchlist
province_month,2020,December,12,,,Cagayan,,4,4,6,30,6,0,0,5.5,8,0,0,Fall Armyworm,corn,3.45,Watchlist
province_month,2020,December,12,,,Isabela,,8,8,70,60,70,0,0,13.5,40,0,0,Fall Armyworm,corn,6.34,Watchlist
province_month,2020,December,12,,,Nueva Vizcaya,,8,8,597,0,52,545,545,21.97,35,0,0,Bacterial Leaf Blight,rice,11.88,Watchlist
province_month,2020,December,12,,,Quirino,,2,2,8.4,1,8.4,0,0,22.5,30,0,0,Bacterial Leaf Blight,rice,6.3,Watchlist
province_month,2021,January,1,,,Cagayan,,12,12,30.75,33,30.75,0,0,15.67,30,0,0,Leaf Folder/Miner,rice,4.92,Watchlist
province_month,2021,January,1,,,Isabela,,75,75,2179.39,414,2179.39,0,0,14.23,50,0,1,Rodents,rice,8.36,Watchlist
province_month,2021,January,1,,,Nueva Vizcaya,,7,7,52.5,38,52.5,0,0,9.86,45,0,0,Rbb,rice,4.77,Watchlist
province_month,2021,January,1,,,Quirino,,14,14,30.8,13,30.8,0,0,17.57,50,0,1,Fall Armyworm,corn,4.9,Watchlist
province_month,2021,February,2,,,Cagayan,,19,19,62.05,51,62.3,0,0,12.32,44,9,1,Fall Armyworm,corn,4.93,Watchlist
province_month,2021,February,2,,,Isabela,,55,55,2381.14,1549,2366.34,0,0,14.07,24,0,0,Fall Armyworm,corn,13.21,Watchlist
province_month,2021,February,2,,,Nueva Vizcaya,,47,47,413.27,279,413.27,0,0,26.21,78,9,10,Fall Armyworm,corn,9.43,Watchlist
province_month,2021,February,2,,,Quirino,,21,21,261.5,129,261.5,0,0,9.33,20,0,0,Whorl Maggot,rice,5.42,Watchlist
province_month,2021,March,3,,,Cagayan,,36,36,697.25,432,697.25,0,0,25,55,0,2,Fall Armyworm,corn,11.53,Watchlist
province_month,2021,March,3,,,Isabela,,55,55,519.79,800,519.79,0,0,10.33,50,0,1,Plant Hopper,rice,6.67,Watchlist
province_month,2021,March,3,,,Nueva Vizcaya,,18,18,83.5,239,83.5,0,0,12.72,30,0,0,Plant Hopper,rice,7.08,Watchlist
province_month,2021,March,3,,,Quirino,,39,39,193.7,368,193.2,0,0,7.49,15,0,0,Plant Hopper,rice,4.79,Watchlist
province_month,2021,April,4,,,Cagayan,,52,52,649.55,508,649.55,0,0,28.96,60,0,7,Plant Hopper,rice,10.76,Watchlist
province_month,2021,April,4,,,Isabela,,16,16,959.3,1078,959.3,0,0,16.12,76,0,1,Fall Armyworm,corn,19.11,Watchlist
province_month,2021,April,4,,,Quirino,,10,10,31.5,130,31.5,0,0,14.6,70,0,1,Fall Armyworm,rice,7.28,Watchlist
province_month,2021,May,5,,,Cagayan,,8,8,36.54,22,36.54,0,0,30.62,48,0,0,Fall Armyworm,rice,8.93,Watchlist
province_month,2021,May,5,,,Isabela,,4,4,5.18,7,5.56,0,0,19.75,60,9,2,Fall Armyworm,corn,9.3,Watchlist
province_month,2021,May,5,,,Nueva Vizcaya,,1,1,0.3,10,0.3,0,0,10,10,0,0,Blast/Blight/Spot,rice,5,Watchlist
province_month,2021,May,5,,,Quirino,,15,15,4.92,69,3,0,0,5,10,0,0,Taw,rice,2.44,Watchlist
province_month,2021,June,6,,,Cagayan,,23,22,99.16,204,99.16,0,0,17.57,60,0,2,Fall Armyworm,rice,7.15,Watchlist
province_month,2021,June,6,,,Isabela,,9,9,40.7,62,40.7,0,0,8.12,20,0,0,Fall Armyworm,rice,4.09,Watchlist
province_month,2021,June,6,,,Nueva Vizcaya,,20,20,86.73,88,50.73,0,0,11.9,80,0,2,Fall Armyworm,rice,4.61,Watchlist
province_month,2021,June,6,,,Quirino,,10,10,27.6,36,26.52,0,0,4.1,10,0,0,Taw,rice,2.26,Watchlist
province_month,2021,July,7,,,Cagayan,,9,9,136.5,76,136.5,0,0,12.89,30,0,0,Fall Armyworm,corn,7.23,Watchlist
province_month,2021,July,7,,,Isabela,,81,80,2276.96,2377,2273.96,0,0,14.42,70,0,2,Fall Armyworm,corn,12.41,Watchlist
province_month,2021,July,7,,,Nueva Vizcaya,,12,12,33.3,85,33.3,0,0,13.92,25,0,0,Fall Armyworm,corn,5.59,Watchlist
province_month,2021,July,7,,,Quirino,,75,75,985.2,465,980.2,0,0,8.07,15,0,0,Fall Armyworm,corn,5.21,Watchlist
province_month,2021,August,8,,,Cagayan,,9,9,91.5,56,91.5,0,0,22.89,60,0,1,Fall Armyworm,corn,8.56,Watchlist
province_month,2021,August,8,,,Isabela,,69,69,1781.04,1511,1781.04,0,0,16.93,90,0,4,Plant Hopper,rice,11.38,Watchlist
province_month,2021,August,8,,,Nueva Vizcaya,,14,14,111.2,36,125.2,0,0,17.86,40,0,0,Fall Armyworm,rice,6.09,Watchlist
province_month,2021,August,8,,,Quirino,,36,36,339.7,265,339.7,0,0,9.47,25,0,0,Fall Armyworm,rice,5.39,Watchlist
province_month,2021,September,9,,,Cagayan,,10,10,231,42,221,0,0,18.5,40,0,0,Plant Hopper,rice,8.57,Watchlist
province_month,2021,September,9,,,Isabela,,69,69,1136.69,493,1136.69,0,0,19.43,90,0,8,Plant Hopper,rice,8.68,Watchlist
province_month,2021,September,9,,,Nueva Vizcaya,,26,25,608.5,164,608.5,0,0,47.69,70,0,13,Plant Hopper,rice,16.43,Watchlist
province_month,2021,September,9,,,Quirino,,56,55,1414,351,1404,0,0,17.98,60,0,10,Plant Hopper,rice,9.22,Watchlist
province_month,2021,October,10,,,Isabela,,15,15,110.2,22,110.2,0,0,29.93,70,0,6,Fall Armyworm,corn,8.75,Watchlist
province_month,2021,October,10,,,Nueva Vizcaya,,8,8,36.7,33,36.7,0,0,28.75,50,0,2,Bacterial Leaf Streak,rice,8.8,Watchlist
province_month,2021,October,10,,,Quirino,,19,19,619.5,48,619.5,0,0,8,14,0,0,Plant Hopper,rice,6.72,Watchlist
province_month,2021,November,11,,,Cagayan,,7,7,18.5,10,18.5,0,0,5.83,6,9,2,Stem/Shoot/Fruit Borer,hvc,6.21,Watchlist
province_month,2021,November,11,,,Isabela,,41,41,795.53,619,792.53,0,0,11.12,38,0,0,Fall Armyworm,corn,8.85,Watchlist
province_month,2021,November,11,,,Nueva Vizcaya,,6,6,67,0,47,0,0,10,20,0,0,Rbb,rice,3.92,Watchlist
province_month,2021,November,11,,,Quirino,,11,11,172,80,172,0,0,6.91,12,0,0,Fall Armyworm,corn,5.51,Watchlist
province_month,2021,December,12,,,Cagayan,,8,8,85.7,76,85.7,0,0,10,15,0,0,Fall Armyworm,corn,6.22,Watchlist
province_month,2021,December,12,,,Isabela,,68,68,941.04,606,938.34,231,231,6.34,18,0,0,Fall Armyworm,rice,6.16,Watchlist
province_month,2021,December,12,,,Nueva Vizcaya,,4,4,21,26,21,0,0,12.5,15,0,0,Fall Armyworm,corn,5.4,Watchlist
province_month,2021,December,12,,,Quirino,,12,12,81.6,71,81.6,0,0,4.75,7,0,0,Fall Armyworm,corn,3.51,Watchlist
province_month,2022,January,1,,,Cagayan,,21,21,234,228,234,0,0,11.19,15,0,0,Fall Armyworm,corn,6.06,Watchlist
province_month,2022,January,1,,,Isabela,,145,143,3555.86,2012,3563.38,0,0,12.5,89,0,4,Rodents,rice,9.44,Watchlist
province_month,2022,January,1,,,Nueva Vizcaya,,6,6,38.1,50,38.1,0,0,26,46,0,0,Fall Armyworm,corn,9.38,Watchlist
province_month,2022,January,1,,,Quirino,,41,41,360.78,245,360.78,0,0,8.34,23,0,0,Blast/Blight/Spot,rice,4.68,Watchlist
province_month,2022,February,2,,,Cagayan,,64,64,717.97,543,732.33,0,0,16.84,90,0,4,Blast/Blight/Spot,rice,7.71,Watchlist
province_month,2022,February,2,,,Isabela,,162,162,1666.92,1505,1654.87,0,0,22.94,80,0,24,Blast/Blight/Spot,rice,9.21,Watchlist
province_month,2022,February,2,,,Nueva Vizcaya,,20,20,137.54,175,137.54,0,0,23.25,40,0,0,Blast/Blight/Spot,rice,8.79,Watchlist
province_month,2022,February,2,,,Quirino,,87,87,830.55,513,830.55,0,0,17.83,60,0,2,Blast/Blight/Spot,rice,7.12,Watchlist
province_month,2022,March,3,,,Cagayan,,51,51,316,246,314,2,2,25.16,70,0,6,Blast/Blight/Spot,rice,8.28,Watchlist
province_month,2022,March,3,,,Isabela,,103,103,1027.53,720,1026.48,0,0,37.9,80,0,39,Plant Hopper,rice,12.39,Watchlist
province_month,2022,March,3,,,Nueva Vizcaya,,25,25,108.5,140,108.5,0,0,18.2,40,0,0,Plant Hopper,rice,6.5,Watchlist
province_month,2022,March,3,,,Quirino,,45,45,246.1,770,246.1,0,0,20.16,50,0,1,Blast/Blight/Spot,rice,8.09,Watchlist
province_month,2022,April,4,,,Cagayan,,38,38,146.54,172,119.06,0,0,15.61,50,0,2,Blast/Blight/Spot,rice,5.52,Watchlist
province_month,2022,April,4,,,Isabela,,14,14,47.7,33,47.7,0,0,29.07,60,0,6,Fall Armyworm,rice,8.29,Watchlist
province_month,2022,April,4,,,Nueva Vizcaya,,16,16,94.93,139,94.93,0,0,20.81,80,0,2,Blast/Blight/Spot,rice,8.11,Watchlist
province_month,2022,April,4,,,Quirino,,15,15,81.2,108,81.1,0,0,23,70,0,1,Plant Hopper,rice,8.22,Watchlist
province_month,2022,May,5,,,Cagayan,,16,16,57.82,143,57.82,0,0,14.44,30,0,0,Fall Armyworm,rice,6.31,Watchlist
province_month,2022,May,5,,,Isabela,,52,52,2835.77,2665,2836.07,0,0,29.73,80,0,7,Fall Armyworm,corn,19.34,Watchlist
province_month,2022,May,5,,,Nueva Vizcaya,,9,9,302.5,276,302.5,0,0,43.56,80,0,4,Fall Armyworm,corn,18.32,Watchlist
province_month,2022,May,5,,,Quirino,,3,3,13.5,11,13.5,0,0,10,10,0,0,Fall Armyworm,corn,3.97,Watchlist
province_month,2022,June,6,,,Cagayan,,10,10,259.9,197,259.9,0,0,22,60,0,1,Fall Armyworm,corn,13.31,Watchlist
province_month,2022,June,6,,,Isabela,,41,41,1965.69,1769,1965.53,0,0,26.98,70,0,8,Fall Armyworm,corn,18.78,Watchlist
province_month,2022,June,6,,,Nueva Vizcaya,,15,15,237.54,336,237.54,0,0,13,20,0,0,Fall Armyworm,rice,9.67,Watchlist
province_month,2022,June,6,,,Quirino,,17,17,104.4,136,101.4,0,0,10.18,30,0,0,Fall Armyworm,corn,5.29,Watchlist
province_month,2022,July,7,,,Cagayan,,19,19,520.44,305,523.44,0,0,11.95,40,0,0,Fall Armyworm,corn,10.22,Watchlist
province_month,2022,July,7,,,Isabela,,39,39,1340.46,1499,1340.46,0,0,15.92,30,0,0,Fall Armyworm,corn,14.95,Watchlist
province_month,2022,July,7,,,Nueva Vizcaya,,24,24,1458.19,507,1573.19,0,0,17.25,46,0,0,Leaf Folder/Miner,rice,14.33,Watchlist
province_month,2022,July,7,,,Quirino,,20,20,134.3,154,107.3,0,0,11.8,31,0,0,Fall Armyworm,rice,5.73,Watchlist
province_month,2022,August,8,,,Cagayan,,13,13,100.5,173,100.5,0,0,14.31,50,0,2,Bacterial Leaf Blight,rice,7.46,Watchlist
province_month,2022,August,8,,,Isabela,,40,40,938.35,655,938.35,0,0,14.45,50,0,2,Rodents,rice,9.89,Watchlist
province_month,2022,August,8,,,Nueva Vizcaya,,13,13,91.3,202,91.3,0,0,13.38,50,0,1,Blast/Blight/Spot,rice,7.88,Watchlist
province_month,2022,August,8,,,Quirino,,16,16,107.65,75,104.65,0,0,5.81,10,0,0,Bacterial Leaf Blight,rice,3.46,Watchlist
province_month,2022,September,9,,,Cagayan,,14,14,673.49,218,381.49,0,0,10.86,20,0,0,Plant Hopper,rice,11.31,Watchlist
province_month,2022,September,9,,,Isabela,,21,19,133.12,222,133.12,0,0,19.38,40,0,0,Fall Armyworm,rice,8.29,Watchlist
province_month,2022,September,9,,,Nueva Vizcaya,,13,13,45.6,125,45.5,0,0,8.46,15,0,0,Plant Hopper,rice,4.95,Watchlist
province_month,2022,September,9,,,Quirino,,14,14,77.1,150,77.1,0,0,4.5,15,0,0,Plant Hopper,rice,4.48,Watchlist
province_month,2022,October,10,,,Cagayan,,4,3,57.95,19,57.95,0,0,26.25,70,0,1,Rbb,rice,9.55,Watchlist
province_month,2022,October,10,,,Isabela,,32,32,331.2,244,342.9,0,0,17.66,50,0,1,Fall Armyworm,corn,7.61,Watchlist
province_month,2022,October,10,,,Quirino,,11,11,30.5,37,30.5,0,0,6.45,15,0,0,Leaf Folder/Miner,rice,2.81,Watchlist
province_month,2022,November,11,,,Cagayan,,7,7,182.6,215,182.6,0,0,15.71,35,0,0,Rbb,rice,10.76,Watchlist
province_month,2022,November,11,,,Isabela,,39,39,324.33,296,211.52,0,0,12.92,30,0,0,Rbb,rice,5.02,Watchlist
province_month,2022,November,11,,,Nueva Vizcaya,,18,18,300,311,300,0,0,12.82,38,0,0,Fall Armyworm,rice,9.02,Watchlist
province_month,2022,November,11,,,Quirino,,9,9,33,62,33,0,0,7.88,15,0,0,Fall Armyworm,rice,3.91,Watchlist
province_month,2022,December,12,,,Cagayan,,3,3,221,307,221,0,0,20,35,0,0,Fall Armyworm,corn,25.53,Watchlist
province_month,2022,December,12,,,Isabela,,53,53,1119,1050,1119,0,0,13.28,50,0,1,Fall Armyworm,corn,10.18,Watchlist
province_month,2022,December,12,,,Nueva Vizcaya,,3,3,210,181,215,0,0,10,10,0,0,Fall Armyworm,corn,24.67,Watchlist
province_month,2022,December,12,,,Quirino,,27,27,154.12,206,155.62,0,0,17.04,30,0,0,Plant Hopper,rice,6.57,Watchlist
province_month,2023,January,1,,,Cagayan,,9,9,257.75,242,257.75,0,0,18.33,20,0,0,Rodents,corn,14.1,Watchlist
province_month,2023,January,1,,,Isabela,,28,28,964.45,730,964.45,0,0,24,55,0,4,Rodents,rice,14.51,Watchlist
province_month,2023,January,1,,,Quirino,,14,14,294.1,316,294.1,0,0,9.79,20,0,0,Fall Armyworm,corn,9.11,Watchlist
province_month,2023,February,2,,,Cagayan,,14,14,193.1,127,193.1,0,0,21.57,45,0,0,Fall Armyworm,corn,9.39,Watchlist
province_month,2023,February,2,,,Isabela,,6,6,110,38,110,0,0,15,20,0,0,Fall Armyworm,corn,7.65,Watchlist
province_month,2023,February,2,,,Nueva Vizcaya,,4,4,53.8,90,53.8,0,0,12.5,15,0,0,Bacterial Leaf Streak,rice,10.38,Watchlist
province_month,2023,February,2,,,Quirino,,18,16,271.5,168,271.5,0,0,16.67,30,0,0,Rodents,rice,8.38,Watchlist
province_month,2023,March,3,,,Cagayan,,5,5,342.21,332,342.21,0,0,41,50,0,1,Fall Armyworm,corn,28.76,Watchlist
province_month,2023,March,3,,,Isabela,,14,14,159.75,123,159.75,0,0,12.5,70,0,1,Plant Hopper,corn,6.75,Watchlist
province_month,2023,March,3,,,Nueva Vizcaya,,12,12,85,195,85,0,0,9.42,20,0,0,Plant Hopper,rice,5.41,Watchlist
province_month,2023,March,3,,,Quirino,,27,27,253.8,175,253.8,0,0,9.48,15,0,0,Fall Armyworm,corn,5.17,Watchlist
province_month,2023,April,4,,,Cagayan,,4,4,60,52,45,0,0,11.25,15,0,0,Plant Hopper,rice,7.92,Watchlist
province_month,2023,April,4,,,Isabela,,4,4,87,114,45,42,42,27.5,35,0,0,Fall Armyworm,corn,18.82,Watchlist
province_month,2023,April,4,,,Nueva Vizcaya,,6,6,100.2,186,0,0,0,24.67,45,0,0,Fall Armyworm,rice,15.17,Watchlist
province_month,2023,May,5,,,Cagayan,,25,24,267.17,186,201.97,74.06,74.06,18.6,50,0,1,Fall Armyworm,rice,8.44,Watchlist
province_month,2023,May,5,,,Isabela,,61,61,2171.8,1781,1049,1464.5,1464.5,35.03,80,0,24,Fall Armyworm,corn,23.3,Watchlist
province_month,2023,May,5,,,Nueva Vizcaya,,8,8,147,135,60,67,67,25.5,81,0,1,Fall Armyworm,corn,14.56,Watchlist
province_month,2023,May,5,,,Quirino,,19,19,370,289,50,161,161,24.42,50,0,2,Fall Armyworm,corn,13.96,Watchlist
province_month,2023,June,6,,,Cagayan,,6,4,54.79,104,54.79,0,0,12.5,40,0,0,Bacterial Leaf Blight,rice,8.6,Watchlist
province_month,2023,June,6,,,Isabela,,64,64,2406.15,2202,867.5,2149.75,2149.75,25.73,95,0,9,Fall Armyworm,corn,23.56,Watchlist
province_month,2023,June,6,,,Nueva Vizcaya,,7,7,166,97,60,118,118,10.43,30,0,0,Fall Armyworm,corn,12.4,Watchlist
province_month,2023,June,6,,,Quirino,,13,13,315.4,238,159,156.4,156.4,25,50,0,1,Fall Armyworm,corn,16.25,Watchlist
province_month,2023,July,7,,,Cagayan,,9,9,172.06,99,89,108.06,108.06,28.89,50,0,2,Fall Armyworm,corn,14.2,Watchlist
province_month,2023,July,7,,,Isabela,,48,48,1223.42,901,1965.33,716.25,716.25,18.52,70,0,3,Fall Armyworm,corn,14.55,Watchlist
province_month,2023,July,7,,,Nueva Vizcaya,,3,3,31,8,0,31,31,4,5,0,0,Leaf Folder/Miner,rice,5,Watchlist
province_month,2023,July,7,,,Quirino,,17,17,806.3,751,608.3,196,196,19.76,40,0,0,Fall Armyworm,corn,19.19,Watchlist
province_month,2023,August,8,,,Cagayan,,17,17,249,331,147,70.5,70.5,30.29,70,0,4,Plant Hopper,rice,13.8,Watchlist
province_month,2023,August,8,,,Isabela,,75,75,2934,1227,2892,4840.54,4840.54,18.8,70,0,3,Plant Hopper,rice,18.6,Watchlist
province_month,2023,August,8,,,Nueva Vizcaya,,3,3,51,26,0,375,375,11.67,15,0,0,Fall Armyworm,corn,15.53,Watchlist
province_month,2023,August,8,,,Quirino,,19,19,542.5,375,131,411.5,411.5,14.79,50,0,1,Bacterial Leaf Blight,rice,16.21,Watchlist
province_month,2023,September,9,,,Cagayan,,1,1,20,5,20,0,0,15,15,0,0,Rbb,rice,7.5,Watchlist
province_month,2023,September,9,,,Isabela,,48,48,546.75,446,490.75,552,552,17.62,70,0,2,Fall Armyworm,rice,9.21,Watchlist
province_month,2023,September,9,,,Nueva Vizcaya,,16,16,168.46,121,11.36,157.1,157.1,14.25,50,0,1,Plant Hopper,rice,8.71,Watchlist
province_month,2023,September,9,,,Quirino,,15,15,157.75,104,70,87.75,87.75,20.07,50,0,1,Plant Hopper,rice,9.24,Watchlist
province_month,2023,October,10,,,Cagayan,,5,5,59.5,10,59.5,0,0,18,20,0,0,Rbb,rice,6.5,Watchlist
province_month,2023,October,10,,,Isabela,,66,65,631.3,894,486.3,188.5,188.5,14.08,40,0,0,Fall Armyworm,corn,8.64,Watchlist
province_month,2023,October,10,,,Nueva Vizcaya,,10,10,96.5,117,36.25,65.25,65.25,12.6,35,0,0,Fall Armyworm,rice,8.59,Watchlist
province_month,2023,October,10,,,Quirino,,6,6,61.1,36,15,46.1,46.1,12.17,30,0,0,Fall Armyworm,rice,7.38,Watchlist
province_month,2023,November,11,,,Isabela,,171,167,1867.28,3247,1801.28,60,60,10.92,80,0,1,Fall Armyworm,corn,8.71,Watchlist
province_month,2023,November,11,,,Nueva Vizcaya,,17,17,58.98,143,58.98,0,0,26.35,90,0,2,Fall Armyworm,corn,9.12,Watchlist
province_month,2023,November,11,,,Quirino,,39,39,368.44,324,368.44,0,0,26.87,60,0,7,Fall Armyworm,corn,9.98,Watchlist
province_month,2023,December,12,,,Isabela,,36,36,414.7,400,387.7,27,27,11.56,20,3.17,1,Fall Armyworm,corn,12.62,Watchlist
province_month,2023,December,12,,,Nueva Vizcaya,,4,4,45,37,45,0,0,15,20,3,0,Fall Armyworm,corn,12.57,Watchlist
province_month,2023,December,12,,,Quirino,,8,8,196,168,196,0,0,17.5,20,3,0,Fall Armyworm,corn,17.79,Watchlist
province_month,2024,January,1,,,Cagayan,,7,7,31.58,89,30.08,1.5,1.5,6.14,15,2.71,0,Fall Armyworm,corn,9.26,Watchlist
province_month,2024,January,1,,,Isabela,,70,70,1926.95,1418,1203.25,952.7,952.7,18.93,70,3.26,8,Rodents,rice,19.08,Watchlist
province_month,2024,January,1,,,Nueva Vizcaya,,14,13,83,150,75,24,24,20.93,60,7.29,10,Cutworm/Armyworm,hvc,21.16,Watchlist
province_month,2024,January,1,,,Quirino,,55,55,734,634,214.5,520.5,520.5,10.27,50,3,1,Rodents,rice,13.96,Watchlist
province_month,2024,February,2,,,Cagayan,,43,40,463.25,451,448.35,14.9,14.9,8.58,40,3,0,Fall Armyworm,corn,11.06,Watchlist
province_month,2024,February,2,,,Isabela,,93,93,2221.25,1744,1048.75,1201.5,1201.5,24.66,85,5.09,38,Cassava Phytoplasma/Mosaic,rice,23.95,Watchlist
province_month,2024,February,2,,,Nueva Vizcaya,,43,42,487.3,604,269.3,216,216,14.15,70,3.42,3,Plant Hopper,rice,15.12,Watchlist
province_month,2024,February,2,,,Quirino,,71,71,1302.1,1075,1261.1,43,43,16.69,70,3,2,Plant Hopper,corn,15.19,Watchlist
province_month,2024,March,3,,,Cagayan,,23,22,623.33,503,622.33,1,1,6.3,10,3,0,Fall Armyworm,rice,14.6,Watchlist
province_month,2024,March,3,,,Isabela,,67,66,974.5,1231,673.5,363.5,363.5,23.61,80,5.42,32,Plant Hopper,rice,22.43,Watchlist
province_month,2024,March,3,,,Nueva Vizcaya,,43,42,999.6,1673,390,296.5,296.5,35.02,100,5.37,18,Plant Hopper,rice,27.63,Watchlist
province_month,2024,March,3,,,Quirino,,45,45,544.5,295,140.4,236.3,236.3,8.44,20,3.93,7,Plant Hopper,rice,12.94,Watchlist
province_month,2024,April,4,,,Cagayan,,2,2,22.5,18,22.5,0,0,15,20,5,0,Plant Hopper,rice,15.9,Watchlist
province_month,2024,April,4,,,Isabela,,82,82,1378.54,2001,284.84,1093.2,1093.2,17.01,70,6.59,50,Stem/Shoot/Fruit Borer,hvc,24.29,Watchlist
province_month,2024,April,4,,,Nueva Vizcaya,,24,24,1068,1749,688,398,398,12.71,50,3.25,5,Bacterial Leaf Blight,rice,28.7,Watchlist
province_month,2024,April,4,,,Quirino,,32,32,535,412,415,132,132,11.88,20,7.5,24,Cassava Phytoplasma/Mosaic,cassava,21.02,Watchlist
province_month,2024,May,5,,,Cagayan,,6,6,325.5,365,289.5,36,36,5.17,7,4.67,2,Fall Armyworm,rice,23.28,Watchlist
province_month,2024,May,5,,,Isabela,,68,68,940.57,1110,680.2,298.3,298.3,8.48,50,2.44,2,Stem/Shoot/Fruit Borer,rice,12.68,Watchlist
province_month,2024,May,5,,,Nueva Vizcaya,,11,11,198,579,113,85,85,31.73,80,1.36,3,Fall Armyworm,rice,21.09,Watchlist
province_month,2024,May,5,,,Quirino,,16,16,794,368,281,513,513,23.12,45,5.12,6,Cassava Phytoplasma/Mosaic,cassava,28.24,Watchlist
province_month,2024,June,6,,,Cagayan,,6,5,213.25,226,159.75,53.5,53.5,17.33,50,2.67,1,Fall Armyworm,rice,22.42,Watchlist
province_month,2024,June,6,,,Isabela,,79,78,1152.05,1375,1094.15,57.9,57.9,19.4,60,3.28,8,Fall Armyworm,corn,16.51,Watchlist
province_month,2024,June,6,,,Nueva Vizcaya,,9,9,185,298,180,5,5,16.22,48,1.22,0,Fall Armyworm,corn,15.14,Watchlist
province_month,2024,June,6,,,Quirino,,16,16,672,654,477,195,195,35.25,66,1.38,3,Fall Armyworm,corn,26.82,Watchlist
province_month,2024,July,7,,,Cagayan,,16,16,144.44,131,144.14,9.3,9.3,9.38,40,3.5,2,Fall Armyworm,rice,11.54,Watchlist
province_month,2024,July,7,,,Isabela,,86,86,2233.22,1433,1396.63,846.59,846.59,35.78,87.5,3.87,38,Fall Armyworm,corn,23.85,Watchlist
province_month,2024,July,7,,,Nueva Vizcaya,,17,17,223.65,535,223.65,0,0,23.53,50,2.41,3,Fall Armyworm,corn,17.71,Watchlist
province_month,2024,July,7,,,Quirino,,35,35,1084.11,1521,1024.11,60,60,27.33,70,2.14,4,Fall Armyworm,corn,21.77,Watchlist
province_month,2024,August,8,,,Cagayan,,40,40,645.88,711.4,630.09,15.79,15.79,26.68,50.7,5.12,7,Fall Armyworm,corn,20.78,Watchlist
province_month,2024,August,8,,,Isabela,,98,98,1347.5,1552,1415.26,126.99,126.99,11.59,60,3.35,6,Leaf Folder/Miner,rice,14.52,Watchlist
province_month,2024,August,8,,,Nueva Vizcaya,,16,16,146.62,230,311.05,1.8,1.8,27,40,1.88,0,Plant Hopper,rice,14.69,Watchlist
province_month,2024,August,8,,,Quirino,,50,50,427.8,353,356.16,81.84,81.84,12.31,40,3.72,0,Plant Hopper,rice,12.5,Watchlist
province_month,2024,September,9,,,Cagayan,,16,16,160.25,116,123.55,36.7,36.7,19.42,50,4.38,3,Plant Hopper,rice,15.82,Watchlist
province_month,2024,September,9,,,Isabela,,57,56,207.15,443,198.03,9.63,9.63,10.94,55,3.42,3,Stem/Shoot/Fruit Borer,rice,10.97,Watchlist
province_month,2024,September,9,,,Nueva Vizcaya,,6,6,124.25,117,124.25,0,0,15.17,26,1.67,0,Plant Hopper,rice,14.08,Watchlist
province_month,2024,September,9,,,Quirino,,21,21,134.3,122,113.1,17.4,17.4,4.42,20,3.19,0,Bacterial Leaf Blight,rice,8.95,Watchlist
province_month,2024,October,10,,,Cagayan,,8,8,64.42,55,64.42,1,1,12.5,20,4.5,0,Stem/Shoot/Fruit Borer,rice,13.53,Watchlist
province_month,2024,October,10,,,Isabela,,57,57,124.95,321,113.62,10.22,10.22,14.58,77,2.72,2,Fall Armyworm,corn,9.99,Watchlist
province_month,2024,October,10,,,Nueva Vizcaya,,19,19,400.11,441,393.44,6.52,6.52,17.79,50,3.21,5,Plant Hopper,rice,17.16,Watchlist
province_month,2024,October,10,,,Quirino,,15,15,22.64,43,13.12,9.5,9.5,4.06,20,2.87,0,Leaf Folder/Miner,rice,6.92,Watchlist
province_month,2024,November,11,,,Cagayan,,3,3,6.5,3,6.5,0,0,45,90,6.33,1,Stem/Shoot/Fruit Borer,rice,22.43,Watchlist
province_month,2024,November,11,,,Isabela,,36,36,198.06,457,177.59,20.5,20.5,17.68,40,3.53,1,Fall Armyworm,rice,14.39,Watchlist
province_month,2024,November,11,,,Quirino,,9,9,12.09,23,13.19,1.45,1.45,11.71,35,2.33,0,Fall Armyworm,rice,7.73,Watchlist
province_month,2024,December,12,,,Cagayan,,3,3,25.5,12,25.5,0,0,10,15,3,0,Stem/Shoot/Fruit Borer,rice,9.67,Watchlist
province_month,2024,December,12,,,Isabela,,97,97,622.35,1876,405.69,177.01,177.01,12.11,50,3.56,11,Fall Armyworm,rice,15.04,Watchlist
province_month,2024,December,12,,,Nueva Vizcaya,,3,3,3,3,1,0,0,11.67,15,7,2,Cutworm/Armyworm,hvc,15,Watchlist
province_month,2024,December,12,,,Quirino,,13,13,68.94,171,63.94,5,5,15.01,30,2.23,0,Fall Armyworm,corn,11.58,Watchlist
province_month,2025,January,1,,,Cagayan,,12,12,64.71,41,19.75,44.96,44.96,13.77,77,3.67,1,Leaf Folder/Miner,rice,11.97,Watchlist
province_month,2025,January,1,,,Isabela,,111,111,845.74,1876,811.67,131.9,131.9,13.58,100,3.47,4,Bacterial Leaf Streak,rice,14.55,Watchlist
province_month,2025,January,1,,,Nueva Vizcaya,,4,4,1.3,6,1.3,0,0,54.91,80,9,4,Cutworm/Armyworm,hvc,29.12,Watchlist
province_month,2025,January,1,,,Quirino,,25,25,150.15,366,140.69,3.75,3.75,13.99,35,2.72,0,Fall Armyworm,rice,12.57,Watchlist
province_month,2025,February,2,,,Cagayan,,54,54,1925.3,1241,1027.44,901.36,901.36,35.59,100,5.3,28,Bacterial Leaf Streak,rice,29.58,Watchlist
province_month,2025,February,2,,,Isabela,,127,127,966.22,1467,917.92,57.75,57.75,15.94,85,3.66,10,Bacterial Leaf Streak,rice,14.13,Watchlist
province_month,2025,February,2,,,Nueva Vizcaya,,28,28,42.12,72,30.32,11.8,11.8,24.05,100,6.43,16,Cutworm/Armyworm,hvc,17.7,Watchlist
province_month,2025,February,2,,,Quirino,,43,43,250.94,341,249.63,1.32,1.32,8.23,30,3.05,0,Bacterial Leaf Blight,rice,9.95,Watchlist
province_month,2025,March,3,,,Cagayan,,104,103,2188.75,1781,1487.5,684.11,684.11,29.28,100,5.03,46,Fall Armyworm,rice,23.11,Watchlist
province_month,2025,March,3,,,Isabela,,95,95,434.44,947,323.18,101.25,101.25,14.43,60,3.42,9,Stem/Shoot/Fruit Borer,rice,12.7,Watchlist
province_month,2025,March,3,,,Nueva Vizcaya,,16,15,47.66,55,19.16,30.5,30.5,12.96,30,6,8,Cutworm/Armyworm,rice,14.91,Watchlist
province_month,2025,March,3,,,Quirino,,37,37,279.63,223,245.69,28.94,28.94,9.74,30,3.27,0,Blast/Blight/Spot,rice,10.59,Watchlist
province_month,2025,April,4,,,Cagayan,,51,51,692.48,587,567.28,107.7,107.7,22.96,100,5.55,15,Fall Armyworm,corn,20.06,Watchlist
province_month,2025,April,4,,,Isabela,,45,45,152.91,522,100.61,52.55,52.55,13.53,40,4.56,12,Stem/Shoot/Fruit Borer,rice,14.6,Watchlist
province_month,2025,April,4,,,Nueva Vizcaya,,12,12,34.5,49,27.5,7,7,3.61,8.89,3.5,1,Stem/Shoot/Fruit Borer,rice,8.33,Watchlist
province_month,2025,April,4,,,Quirino,,25,25,78.53,95,53.48,25.59,25.59,6.93,20,3.4,0,Stem/Shoot/Fruit Borer,rice,9.06,Watchlist
province_month,2025,May,5,,,Cagayan,,7,5,268.25,232,263.25,5,5,88.57,100,4.71,6,Fall Armyworm,hvc,39.93,Moderate
province_month,2025,May,5,,,Isabela,,50,50,228.71,504,200.51,21.95,21.95,15.37,40,2.72,1,Fall Armyworm,corn,11.64,Watchlist
province_month,2025,May,5,,,Nueva Vizcaya,,23,23,95.68,110,63.5,32.18,32.18,34,90,5.35,9,Bacterial Leaf Blight,rice,19.48,Watchlist
province_month,2025,May,5,,,Quirino,,13,13,52.85,69,33.44,19.42,19.42,7.58,20,3.46,0,Disease - Fungal/Bacterial,hvc,9.92,Watchlist
province_month,2025,June,6,,,Cagayan,,16,16,316.9,290,282.15,37,37,51.52,100,4.38,10,Fall Armyworm,corn,27.74,Watchlist
province_month,2025,June,6,,,Isabela,,93,93,799.16,1969,513.39,57.84,57.84,15.71,90,3.11,6,Fall Armyworm,corn,15.57,Watchlist
province_month,2025,June,6,,,Nueva Vizcaya,,22,22,322.03,115,272.03,50,50,24.84,55,2.09,4,Fall Armyworm,corn,13.35,Watchlist
province_month,2025,June,6,,,Quirino,,26,26,85,111,78.61,6.39,6.39,10.74,35,2,0,Fall Armyworm,corn,7.62,Watchlist
province_month,2025,July,7,,,Cagayan,,14,13,309.79,344,305.35,4.44,4.44,20.65,40,3.71,0,Fall Armyworm,corn,20.09,Watchlist
province_month,2025,July,7,,,Isabela,,25,24,220.54,545,230.78,106.5,106.5,12.88,50,2.48,1,Leaf Folder/Miner,rice,14.45,Watchlist
province_month,2025,July,7,,,Nueva Vizcaya,,11,11,151.38,62,130.38,21,21,24.16,45,2.64,0,Fall Armyworm,corn,14.03,Watchlist
province_month,2025,July,7,,,Quirino,,31,31,378.28,520,375.95,2.33,2.33,18.53,35,1.77,0,Fall Armyworm,corn,13.38,Watchlist
province_month,2025,August,8,,,Cagayan,,9,9,169.75,82,164,0,0,22.22,40,3.78,0,Plant Hopper,rice,16.6,Watchlist
province_month,2025,August,8,,,Isabela,,70,70,493.74,1287,378.6,106,106,13.12,50,3.3,2,Bacterial Leaf Streak,rice,14.62,Watchlist
province_month,2025,August,8,,,Nueva Vizcaya,,19,19,341.6,185,233.22,170,170,27.47,80,3.84,6,Plant Hopper,rice,19.13,Watchlist
province_month,2025,August,8,,,Quirino,,30,30,218.42,253,217.09,1.33,1.33,11.43,40,2.47,0,Fall Armyworm,rice,10.07,Watchlist
province_month,2025,September,9,,,Cagayan,,5,5,124,78,114,10,10,12.26,20,4.4,0,Fall Armyworm,corn,17.98,Watchlist
province_month,2025,September,9,,,Isabela,,51,51,279.3,1029,184.79,149,149,15.08,75.4,3.71,3,Stem/Shoot/Fruit Borer,rice,15.97,Watchlist
province_month,2025,September,9,,,Nueva Vizcaya,,15,15,81.21,87,39.21,42,42,8.54,30,3.67,0,Stem/Shoot/Fruit Borer,rice,11.06,Watchlist
province_month,2025,September,9,,,Quirino,,23,23,79.32,85,64.31,15.01,15.01,9.3,70,3.43,1,Plant Hopper,rice,9.65,Watchlist
province_month,2025,October,10,,,Cagayan,,2,2,27,23,27,0,0,5.61,10,1,0,Stem/Shoot/Fruit Borer,rice,7.65,Watchlist
province_month,2025,October,10,,,Isabela,,48,48,157.29,366,156.72,13.78,13.78,26.15,90.32,4.88,16,Fall Armyworm,rice,17.16,Watchlist
province_month,2025,October,10,,,Nueva Vizcaya,,17,17,42.36,92,42.35,0,0,27.24,85,4.53,6,Bacterial Leaf Blight,rice,16.13,Watchlist
province_month,2025,October,10,,,Quirino,,24,24,156.79,199,32.23,125.16,125.16,17.28,66,4.5,6,Stem/Shoot/Fruit Borer,rice,15.9,Watchlist
province_month,2025,November,11,,,Cagayan,,13,12,543.23,467,540.88,2.35,2.35,27.91,50,3.31,1,Bacterial Leaf Blight,rice,22.88,Watchlist
province_month,2025,November,11,,,Isabela,,28,28,145.41,439,139.31,142.35,142.35,17.73,80,3.71,4,Fall Armyworm,corn,16.31,Watchlist
province_month,2025,November,11,,,Nueva Vizcaya,,9,9,77.33,44,77.33,0,0,13.85,30,2.11,0,Stem/Shoot/Fruit Borer,rice,9.34,Watchlist
province_month,2025,November,11,,,Quirino,,6,6,15.97,18,13.57,2.4,2.4,9.7,20,2.33,0,Fall Armyworm,rice,7.57,Watchlist
province_month,2025,December,12,,,Isabela,,12,12,104.8,224,115.05,12.75,12.75,19.42,80,2.83,1,Golden Apple Snail,rice,15.63,Watchlist
province_month,2025,December,12,,,Nueva Vizcaya,,6,6,9.82,22,9.82,0,0,2.77,7.25,3.33,0,Leaf Folder/Miner,rice,7.47,Watchlist
province_month,2025,December,12,,,Quirino,,4,4,20.95,25,20.95,0,0,17.5,25,1.5,0,Fall Armyworm,corn,9.15,Watchlist
province_month,2026,January,1,,,Cagayan,,47,47,925.76,511,907.66,18.1,18.1,21.2,63.64,4.45,4,Rodents,rice,18.12,Watchlist
province_month,2026,January,1,,,Isabela,,33,33,199.55,531,196.85,144,144,17.24,50,3.76,4,Fall Armyworm,rice,15.64,Watchlist
province_month,2026,January,1,,,Nueva Vizcaya,,10,10,63.14,64,63.14,0,0,14.46,30,2.2,0,Fall Armyworm,rice,9.75,Watchlist
province_month,2026,January,1,,,Quirino,,8,8,75.17,93,72.97,2.2,2.2,17.09,30,2,0,Fall Armyworm,corn,11.81,Watchlist
province_month,2026,February,2,,,Cagayan,,17,17,84.13,42,68.9,15,15,7.8,30.54,3.59,1,Rodents,rice,9.46,Watchlist
province_month,2026,February,2,,,Isabela,,50,49,494.82,1255,460.32,81.77,81.77,11.48,40,3.6,3,Rodents,rice,15.6,Watchlist
province_month,2026,February,2,,,Nueva Vizcaya,,4,4,8.11,9,0,8.11,8.11,6.99,14.74,2.5,0,Blast/Blight/Spot,rice,7.2,Watchlist
province_month,2026,February,2,,,Quirino,,23,23,93.83,114,80.98,1.5,1.5,7.17,35,2.74,0,Leaf Folder/Miner,rice,8.2,Watchlist
province_month,2026,June,6,,,Cagayan,,6,6,13.02,6,13.02,0,0,3.93,5.67,2.68,0,Golden Apple Snail,rice,6.07,Watchlist
province_month,2026,June,6,,,Isabela,,14,14,120.54,362,44.91,75.63,75.63,7.31,19.7,3.67,0,Stem/Shoot/Fruit Borer,rice,13.76,Watchlist
province_month,2026,June,6,,,Nueva Vizcaya,,11,11,21.86,60,21.86,0,0,3.68,6.94,3,0,Bacterial Leaf Blight,rice,7.63,Watchlist
province_month,2026,June,6,,,Quirino,,2,2,0.95,3,0.95,0,0,2.1,2.2,3,0,Leaf Folder/Miner,rice,6.05,Watchlist
province_month,2026,July,7,,,Cagayan,,9,9,37.88,47,14.1,22.18,22.18,3.96,14.44,3.22,0,Stem/Shoot/Fruit Borer,rice,8.79,Watchlist
province_month,2026,July,7,,,Isabela,,37,36,232.04,740,246.44,459.83,459.83,7.7,21,3.76,2,Leaf Folder/Miner,rice,15.51,Watchlist
province_month,2026,July,7,,,Nueva Vizcaya,,7,7,16.35,48,16.35,0,0,3.31,4.07,3,0,Bacterial Leaf Blight,rice,7.94,Watchlist
province_month,2026,July,7,,,Quirino,,8,7,9.7,20,9.7,0,0,2.9,5.4,3,0,Stem/Shoot/Fruit Borer,rice,6.59,Watchlist
province_month,2026,December,12,,,Nueva Vizcaya,,1,1,9.6,3,9.6,0,0,30,30,1,0,Fall Armyworm,corn,11.1,Watchlist
municipality_month,2015,January,1,,,Cagayan,Buguey,1,1,307,0,307,0,0,0.75,0.75,0,0,Rodents,rice,35.2,Moderate
municipality_month,2015,January,1,,,Cagayan,Gonzaga,1,1,76.6,0,76.6,0,0,0.75,0.75,0,0,Rodents,rice,9.8,Watchlist
municipality_month,2015,January,1,,,Cagayan,Sta. Ana,1,1,60,0,60,0,0,0.35,0.35,0,0,Rodents,rice,7.6,Watchlist
municipality_month,2015,January,1,,,Isabela,Alicia,1,1,759,0,759,0,0,1,1,0,0,Rodents,rice,35.2,Moderate
municipality_month,2015,January,1,,,Isabela,Aurora,1,1,600,0,600,0,0,0.2,0.2,0,0,Rodents,rice,35,Moderate
municipality_month,2015,January,1,,,Isabela,Burgos,1,1,304.8,0,304.8,0,0,0.75,0.75,0,0,Rodents,rice,35.2,Moderate
municipality_month,2015,January,1,,,Isabela,City of Ilagan,1,1,35,0,35,0,0,0.5,0.5,0,0,Rodents,rice,4.5,Watchlist
municipality_month,2015,January,1,,,Isabela,Ramon,2,2,2210,0,2210,0,0,3,5,0,0,Rice Tungro Virus,rice,19.15,Watchlist
municipality_month,2015,January,1,,,Isabela,Tumauini,1,1,30,0,30,0,0,0.75,0.75,0,0,Rodents,corn,3.9,Watchlist
municipality_month,2015,January,1,,,Quirino,Diffun,1,1,39.8,0,39.8,0,0,5,5,0,0,Bacterial Leaf Blight,rice,6.2,Watchlist
municipality_month,2015,January,1,,,Quirino,Maddela,2,2,113,0,76,0,0,0.45,0.5,0,0,Rodents,corn,7.2,Watchlist
municipality_month,2015,January,1,,,Quirino,Saguday,1,0,390.4,0,390.4,0,0,0.75,0.75,0,0,Rodents,rice,35.2,Moderate
municipality_month,2015,July,7,,,Cagayan,Gonzaga,1,1,7,0,7,0,0,5.5,5.5,0,0,Rice Tungro Virus,rice,2.2,Watchlist
municipality_month,2015,July,7,,,Cagayan,Sta. Ana,1,1,11,0,11,0,0,8,8,0,0,Rice Tungro Virus,rice,3.4,Watchlist
municipality_month,2015,July,7,,,Isabela,Aurora,1,1,5,0,0,0,0,4,4,0,0,Rodents,rice,1.6,Watchlist
municipality_month,2015,July,7,,,Isabela,Ramon,1,1,10,0,0,0,0,6.5,6.5,0,0,Rodents,rice,2.9,Watchlist
municipality_month,2015,July,7,,,Nueva Vizcaya,Bambang,1,1,75,0,75,0,0,12.5,12.5,0,0,Bacterial Leaf Streak,rice,12.5,Watchlist
municipality_month,2016,January,1,,,Isabela,Aurora,1,1,10,0,0,0,0,1.5,1.5,0,0,Rodents,rice,1.6,Watchlist
municipality_month,2016,January,1,,,Isabela,Cabatuan,1,1,671,0,671,0,0,1.5,1.5,0,0,Rodents,rice,35.4,Moderate
municipality_month,2016,February,2,,,Cagayan,Gonzaga,1,1,388,0,388,0,0,2,2,0,0,Rodents,rice,35.5,Moderate
municipality_month,2016,February,2,,,Isabela,Burgos,1,1,200,0,200,0,0,1.5,1.5,0,0,Rodents,rice,25.4,Watchlist
municipality_month,2016,February,2,,,Isabela,Cabagan,1,1,125,0,125,0,0,0.06,0.06,0,0,Rodents,corn,15.6,Watchlist
municipality_month,2016,February,2,,,Isabela,Cabatuan,1,1,671,0,671,0,0,1.5,1.5,0,0,Rodents,rice,35.4,Moderate
municipality_month,2016,February,2,,,Isabela,Cauayan City,1,1,20,0,0,0,0,0.75,0.75,0,0,Rodents,rice,2.7,Watchlist
municipality_month,2016,February,2,,,Isabela,City of Ilagan,1,1,40,0,40,0,0,0.75,0.75,0,0,Rodents,rice,5.2,Watchlist
municipality_month,2016,February,2,,,Isabela,Quirino,1,1,454,0,454,0,0,0.05,0.05,0,0,Rodents,rice,35,Moderate
municipality_month,2016,February,2,,,Isabela,Ramon,1,1,15,0,0,0,0,0.35,0.35,0,0,Rodents,rice,2,Watchlist
municipality_month,2016,February,2,,,Isabela,San Manuel,1,1,326.36,0,326.36,0,0,0.05,0.05,0,0,Rodents,rice,35,Moderate
municipality_month,2016,February,2,,,Isabela,San Mateo,1,1,340,0,340,0,0,1.5,1.5,0,0,Rodents,rice,35.4,Moderate
municipality_month,2016,February,2,,,Isabela,Santiago City,1,1,354.84,0,354.84,0,0,0.1,0.1,0,0,Rodents,rice,35,Moderate
municipality_month,2016,March,3,,,Cagayan,Enrile,1,1,50,0,50,0,0,35,35,0,0,Stem/Shoot/Fruit Borer,rice,15,Watchlist
municipality_month,2016,March,3,,,Cagayan,Sto. Nino,2,2,23.8,0,23.8,0,0,15,15,0,0,Blast/Blight/Spot,rice,3.4,Watchlist
municipality_month,2016,March,3,,,Quirino,Aglipay,1,1,33.25,0,33.25,0,0,6.5,6.5,0,0,Rodents,rice,5.8,Watchlist
municipality_month,2016,March,3,,,Quirino,Diffun,1,1,8.5,0,8.5,0,0,3,3,0,0,Rodents,rice,1.8,Watchlist
municipality_month,2016,March,3,,,Quirino,Maddela,2,2,9.5,0,9.5,0,0,4.25,5,0,0,Rodents,rice,1.65,Watchlist
municipality_month,2016,August,8,,,Isabela,Alicia,1,1,91,0,91,0,0,0.75,0.75,0,0,Rodents,rice,11.6,Watchlist
municipality_month,2016,August,8,,,Isabela,Santiago City,1,1,75,0,75,0,0,5,5,0,0,Bacterial Leaf Streak,rice,10.6,Watchlist
municipality_month,2016,September,9,,,Isabela,Naguilian,1,1,4,0,4,0,0,0.75,0.75,0,0,Rice Tungro Virus,rice,0.7,Watchlist
municipality_month,2016,September,9,,,Isabela,Quezon,1,1,1,0,1,0,0,0.75,0.75,0,0,Rice Tungro Virus,rice,0.3,Watchlist
municipality_month,2016,December,12,,,Isabela,City of Ilagan,2,2,67,0,67,0,0,1,1,0,0,Rodents,rice,4.45,Watchlist
municipality_month,2016,December,12,,,Nueva Vizcaya,Bagabag,2,2,21,0,21,0,0,1.25,1.5,0,0,Rodents,rice,1.65,Watchlist
municipality_month,2017,January,1,,,Cagayan,Amulung,1,1,40,0,40,0,0,5,5,0,0,Cutworm/Armyworm,corn,6.2,Watchlist
municipality_month,2017,January,1,,,Cagayan,Enrile,1,1,40,0,40,0,0,5,5,0,0,Cutworm/Armyworm,corn,6.2,Watchlist
municipality_month,2017,January,1,,,Cagayan,Solana,1,1,318,0,318,0,0,5,5,0,0,Cutworm/Armyworm,corn,36.2,Moderate
municipality_month,2017,January,1,,,Isabela,Cabatuan,1,1,368.46,0,368.46,0,0,0,0,0,0,Bacterial Leaf Streak,rice,35,Moderate
municipality_month,2017,January,1,,,Isabela,San Manuel,1,1,460,0,460,0,0,0.6,0.6,0,0,Rodents,rice,35.1,Moderate
municipality_month,2017,January,1,,,Isabela,Tumauini,4,4,69,0,69,0,0,6.12,12.5,0,0,Rice Tungro Virus,rice,3.67,Watchlist
municipality_month,2017,January,1,,,Quirino,Maddela,1,1,70,0,70,0,0,1.5,1.5,0,0,Rodents,rice,9.1,Watchlist
municipality_month,2017,February,2,,,Isabela,Cabagan,1,1,655.65,0,655.65,0,0,5,5,0,0,Cutworm/Armyworm,corn,36.2,Moderate
municipality_month,2017,February,2,,,Isabela,Echague,1,1,464,0,464,0,0,7.5,7.5,0,0,Bacterial Leaf Streak,rice,36.9,Moderate
municipality_month,2017,February,2,,,Isabela,Ramon,1,1,448,0,448,0,0,65,65,0,1,Bacterial Leaf Streak,rice,51.2,Moderate
municipality_month,2017,February,2,,,Isabela,Tumauini,4,4,347,0,347,0,0,6.05,12.5,0,0,Bacterial Leaf Streak,rice,11.12,Watchlist
municipality_month,2017,February,2,,,Nueva Vizcaya,Aritao,1,1,80,0,80,0,0,5,5,0,0,Rbb,rice,11.2,Watchlist
municipality_month,2017,March,3,,,Cagayan,Allacapan,1,1,14.5,0,14.5,0,0,7.5,7.5,0,0,Plant Hopper,rice,3.7,Watchlist
municipality_month,2017,March,3,,,Cagayan,Tuao,1,1,15,0,15,0,0,2,2,0,0,Bacterial Leaf Streak,rice,2.4,Watchlist
municipality_month,2017,March,3,,,Isabela,Quezon,3,3,14.2,0,14.2,0,0,2,2,0,0,Bacterial Leaf Blight,rice,1.1,Watchlist
municipality_month,2017,March,3,,,Nueva Vizcaya,Kasibu,1,1,27.8,0,27.8,0,0,4.5,4.5,0,0,Plant Hopper,rice,4.6,Watchlist
municipality_month,2017,March,3,,,Nueva Vizcaya,Villaverde,1,1,25,0,25,0,0,10.5,10.5,0,0,Plant Hopper,rice,5.8,Watchlist
municipality_month,2017,May,5,,,Cagayan,Gonzaga,1,1,6,0,6,0,0,12.5,12.5,0,0,Plant Hopper,rice,3.9,Watchlist
municipality_month,2017,May,5,,,Nueva Vizcaya,Kasibu,1,1,100,0,100,0,0,10,10,0,0,Plant Hopper,rice,15,Watchlist
municipality_month,2017,July-August,7,,,Isabela,Alicia,1,1,544,0,544,0,0,2,2,0,0,Bacterial Leaf Streak,rice,35.5,Moderate
municipality_month,2017,July-August,7,,,Isabela,Gamu,1,1,34,0,34,0,0,5,5,0,0,Bacterial Leaf Streak,rice,5.5,Watchlist
municipality_month,2017,July-August,7,,,Isabela,Naguilian,1,1,25,0,25,0,0,2,2,0,0,Bacterial Leaf Streak,rice,3.6,Watchlist
municipality_month,2017,July-August,7,,,Isabela,Quirino,1,1,62,0,62,0,0,5,5,0,0,Bacterial Leaf Streak,rice,9,Watchlist
municipality_month,2017,July-August,7,,,Isabela,Ramon,1,1,560,0,560,0,0,2,2,0,0,Bacterial Leaf Blight,rice,35.5,Moderate
municipality_month,2017,July-August,7,,,Isabela,Roxas,1,1,10,0,10,0,0,5,5,0,0,Bacterial Leaf Streak,rice,2.5,Watchlist
municipality_month,2017,July-August,7,,,Isabela,Santiago City,2,2,66,0,66,0,0,2,2,0,0,Bacterial Leaf Streak,rice,4.65,Watchlist
municipality_month,2017,August,8,,,Cagayan,Gonzaga,2,2,44,0,44,0,0,2,2,0,0,Bacterial Leaf Streak,rice,3,Watchlist
municipality_month,2017,August,8,,,Cagayan,Solana,1,1,15,0,0,0,0,2,2,0,0,Bacterial Leaf Streak,rice,2.4,Watchlist
municipality_month,2017,August,8,,,Isabela,Cabatuan,1,1,235,0,235,0,0,2,2,0,0,Bacterial Leaf Streak,rice,29.9,Watchlist
municipality_month,2017,August,8,,,Isabela,Cauayan City,1,1,112,0,112,0,0,5,5,0,0,Bacterial Leaf Streak,rice,15.2,Watchlist
municipality_month,2017,August,8,,,Isabela,Luna,1,1,73.2,0,73.2,0,0,2,2,0,0,Plant Hopper,rice,9.7,Watchlist
municipality_month,2017,August,8,,,Isabela,Quezon,1,1,3.7,0,3.7,0,0,2,2,0,0,Rice Tungro Virus,rice,1,Watchlist
municipality_month,2017,August,8,,,Isabela,Roxas,1,1,200,0,200,0,0,5,5,0,0,Bacterial Leaf Streak,rice,26.2,Watchlist
municipality_month,2017,August,8,,,Isabela,San Guillermo,1,1,69,0,69,0,0,2,2,0,0,Bacterial Leaf Streak,rice,9.1,Watchlist
municipality_month,2017,August,8,,,Quirino,Diffun,1,1,10,0,10,0,0,3,3,0,0,Rbb,rice,2,Watchlist
municipality_month,2017,August,8,,,Quirino,Maddela,2,2,8,0,8,0,0,2,2,0,0,Leaf Folder/Miner,rice,0.75,Watchlist
municipality_month,2017,September,9,,,Nueva Vizcaya,Solano,1,1,10,0,10,0,0,2,2,0,0,Rbb,rice,1.8,Watchlist
municipality_month,2017,December,12,,,Nueva Vizcaya,Bayombong,1,1,38.5,0,38.5,0,0,5,5,0,0,Rbb,rice,6.1,Watchlist
municipality_month,2017,December,12,,,Nueva Vizcaya,Villaverde,2,2,17,0,17,0,0,5,7.5,0,0,Bacterial Leaf Blight,rice,2.3,Watchlist
municipality_month,2018,January,1,,,Cagayan,Gonzaga,1,1,64.45,0,64.45,0,0,2,2,0,0,Rodents,rice,8.6,Watchlist
municipality_month,2018,January,1,,,Isabela,Burgos,1,1,792,0,792,0,0,2,2,0,0,Rodents,rice,35.5,Moderate
municipality_month,2018,January,1,,,Isabela,City of Ilagan,3,3,87,0,87,0,0,1.5,2,0,0,Rodents,rice,3.87,Watchlist
municipality_month,2018,January,1,,,Isabela,Echague,2,2,150,0,150,0,0,1.5,2,0,0,Rodents,rice,9.75,Watchlist
municipality_month,2018,January,1,,,Isabela,Naguilian,2,2,288,0,288,0,0,1.5,2,0,0,Rodents,rice,18.35,Watchlist
municipality_month,2018,January,1,,,Isabela,Quirino,2,2,333,0,333,0,0,1.5,2,0,0,Rodents,rice,21.2,Watchlist
municipality_month,2018,January,1,,,Isabela,San Mateo,1,1,72,0,72,0,0,2,2,0,0,Rodents,rice,9.5,Watchlist
municipality_month,2018,January,1,,,Isabela,Tumauini,2,2,132,0,132,0,0,1.5,2,0,0,Rodents,rice,8.6,Watchlist
municipality_month,2018,February,2,,,Isabela,Burgos,1,1,179,0,179,0,0,0,0,0,0,Bacterial Leaf Streak,rice,22.4,Watchlist
municipality_month,2018,February,2,,,Isabela,Roxas,1,1,16,0,16,0,0,2,2,0,0,Bacterial Leaf Streak,rice,2.5,Watchlist
municipality_month,2018,February,2,,,Isabela,Sto. Tomas,1,1,11,0,11,0,0,12.5,12.5,0,0,Blast/Blight/Spot,rice,4.5,Watchlist
municipality_month,2019,January,1,,,Cagayan,Amulung,1,1,1,0,1,0,0,1,1,0,0,Blast/Blight/Spot,corn,0.4,Watchlist
municipality_month,2019,January,1,,,Cagayan,Enrile,1,1,1,0,1,0,0,2,2,0,0,Rodents,rice,0.6,Watchlist
municipality_month,2019,January,1,,,Cagayan,Iguig,2,2,6,0,6,0,0,1.5,2,0,0,Stem/Shoot/Fruit Borer,rice,0.75,Watchlist
municipality_month,2019,January,1,,,Cagayan,Pe�a Blanca,4,4,6,0,6,0,0,1,1,0,0,Rodents,corn,0.45,Watchlist
municipality_month,2019,January,1,,,Cagayan,Solana,6,6,10,0,10,0,0,1.5,2,0,0,Rodents,rice,0.58,Watchlist
municipality_month,2019,January,1,,,Isabela,Burgos,14,14,792,0,792,0,0,2,2,0,0,Rodents,rice,7.56,Watchlist
municipality_month,2019,January,1,,,Isabela,Cauayan City,1,1,1,0,1,0,0,2,2,0,0,Rbb,rice,0.6,Watchlist
municipality_month,2019,January,1,,,Isabela,City of Ilagan,1,1,1,0,1,0,0,5,5,0,0,Rbb,rice,1.4,Watchlist
municipality_month,2019,February,2,,,Cagayan,Ballesteros,10,9,13,0,13,0,0,1.7,2,0,0,Rodents,rice,0.59,Watchlist
municipality_month,2019,February,2,,,Cagayan,Tuao,3,3,15.2,0,15.2,0,0,2,2,0,0,Stem/Shoot/Fruit Borer,rice,1.13,Watchlist
municipality_month,2019,February,2,,,Isabela,Angadanan,5,5,9.4,0,9.4,0,0,6.8,20,0,0,Blast/Blight/Spot,rice,1.92,Watchlist
municipality_month,2019,February,2,,,Isabela,Burgos,1,1,0,0,0,0,0,1,1,0,0,Plant Hopper,corn,0.2,Watchlist
municipality_month,2019,February,2,,,Isabela,Cauayan City,4,4,7.6,0,7.6,0,0,2,2,0,0,Plant Hopper,rice,0.75,Watchlist
municipality_month,2019,February,2,,,Isabela,Jones,1,0,3.6,0,3.6,0,0,5,5,0,0,Blast/Blight/Spot,rice,1.7,Watchlist
municipality_month,2019,February,2,,,Isabela,Luna,1,1,1,0,0,0,0,1,1,0,0,Bacterial Leaf Blight,rice,0.4,Watchlist
municipality_month,2019,February,2,,,Isabela,Naguilian,1,1,2,0,0,0,0,2,2,0,0,Rice Tungro Virus,rice,0.8,Watchlist
municipality_month,2019,February,2,,,Isabela,Ramon,1,1,0.7,0,0.7,0,0,2,2,0,0,Plant Hopper,rice,0.6,Watchlist
municipality_month,2019,February,2,,,Isabela,San Guillermo,4,4,4.4,0,4.4,0,0,2.75,5,0,0,Blast/Blight/Spot,rice,0.85,Watchlist
municipality_month,2019,February,2,,,Isabela,San Mateo,5,5,4.9,0,4.9,0,0,7.4,20,0,0,Disease - Fungal/Bacterial,rice,1.96,Watchlist
municipality_month,2019,February,2,,,Isabela,Santiago City,1,1,2.5,0,2.5,0,0,20,20,0,0,Blast/Blight/Spot,rice,5.3,Watchlist
municipality_month,2019,February,2,,,Nueva Vizcaya,Aritao,1,1,1,0,1,0,0,2,2,0,0,Rbb,rice,0.6,Watchlist
municipality_month,2019,February,2,,,Nueva Vizcaya,Bagabag,2,2,35.7,0,35.7,0,0,2,2,0,0,Rbb,rice,2.7,Watchlist
municipality_month,2019,February,2,,,Nueva Vizcaya,Bambang,1,1,2.3,0,2.3,0,0,2,2,0,0,Rbb,rice,0.8,Watchlist
municipality_month,2019,February,2,,,Nueva Vizcaya,Dupax Del Norte,1,1,0.8,0,0.8,0,0,2,2,0,0,Rbb,rice,0.6,Watchlist
municipality_month,2019,February,2,,,Nueva Vizcaya,Kayapa,1,1,0.75,0,0.75,0,0,1,1,0,0,Glh,rice,0.3,Watchlist
municipality_month,2019,February,2,,,Nueva Vizcaya,Solano,2,2,2.2,0,2.2,0,0,2,2,0,0,Rbb,rice,0.65,Watchlist
municipality_month,2019,February,2,,,Nueva Vizcaya,Villaverde,5,5,13.8,0,13.8,0,0,3.2,5,0,0,Rbb,rice,1.16,Watchlist
municipality_month,2019,February,2,,,Quirino,Cabarroguis,1,1,1,0,1,0,0,1,1,0,0,Plant Hopper,corn,0.4,Watchlist
municipality_month,2019,February,2,,,Quirino,Diffun,5,5,10.3,0,10.3,0,0,1.8,2,0,0,Bacterial Leaf Blight,rice,0.72,Watchlist
municipality_month,2019,February,2,,,Quirino,Maddela,8,8,18.9,0,18.9,0,0,1.88,2,0,0,Bacterial Leaf Blight,rice,0.76,Watchlist
municipality_month,2019,March,3,,,Cagayan,Alcala,2,2,6.7,0,6.7,0,0,2,2,0,0,Stem/Shoot/Fruit Borer,rice,0.95,Watchlist
municipality_month,2019,March,3,,,Cagayan,Allacapan,8,8,21,0,21,0,0,1.88,2,0,0,Blast/Blight/Spot,rice,0.81,Watchlist
municipality_month,2019,March,3,,,Cagayan,Baggao,2,2,4.3,0,4.3,0,0,2,2,0,0,Stem/Shoot/Fruit Borer,rice,0.75,Watchlist
municipality_month,2019,March,3,,,Cagayan,Gonzaga,13,13,59,0,59,0,0,2,2,0,0,Cutworm/Armyworm,rice,1.07,Watchlist
municipality_month,2019,March,3,,,Cagayan,Iguig,1,1,1,0,1,0,0,1,1,0,0,Blast/Blight/Spot,corn,0.4,Watchlist
municipality_month,2019,March,3,,,Cagayan,Lasam,3,3,6,0,6,0,0,2,2,0,0,Stem/Shoot/Fruit Borer,rice,0.77,Watchlist
municipality_month,2019,March,3,,,Cagayan,Sta. Ana,4,4,51.4,0,51.4,0,0,2,2,0,0,Cutworm/Armyworm,rice,2.1,Watchlist
municipality_month,2019,March,3,,,Isabela,Benito Soliven,2,2,4,0,4,0,0,1,1,0,0,Rodents,corn,0.5,Watchlist
municipality_month,2019,March,3,,,Isabela,City of Ilagan,1,1,3,0,3,0,0,2,2,0,0,Plant Hopper,rice,0.9,Watchlist
municipality_month,2019,March,3,,,Isabela,Cordon,5,5,11.6,0,11.6,0,0,5.6,20,0,0,Disease - Fungal/Bacterial,rice,1.68,Watchlist
municipality_month,2019,March,3,,,Isabela,Maddela,2,2,16,0,16,0,0,1,1,0,0,Fall Armyworm,corn,1.2,Watchlist
municipality_month,2019,March,3,,,Isabela,Naguilian,3,3,2.8,0,2.8,0,0,2,2,0,0,Plant Hopper,rice,0.63,Watchlist
municipality_month,2019,March,3,,,Isabela,San Isidro,7,7,2.84,0,2.84,0,0,2,2,0,0,Stem/Shoot/Fruit Borer,rice,0.54,Watchlist
municipality_month,2019,March,3,,,Isabela,San Mariano,2,2,6,0,6,0,0,1,1,0,0,Plant Hopper,corn,0.65,Watchlist
municipality_month,2019,March,3,,,Quirino,Aglipay,1,1,2.5,0,2.5,0,0,1,1,0,0,Plant Hopper,corn,0.6,Watchlist
municipality_month,2019,March,3,,,Quirino,Cabarroguis,4,4,12.1,0,12.1,0,0,6.5,20,0,0,Disease - Fungal/Bacterial,rice,2,Watchlist
municipality_month,2019,March,3,,,Quirino,Diffun,2,2,1.5,0,1.5,0,0,2,2,0,0,Stem/Shoot/Fruit Borer,rice,0.6,Watchlist
municipality_month,2019,April,4,,,Cagayan,Alcala,1,1,1,0,1,0,0,2,2,0,0,Plant Hopper,rice,0.6,Watchlist
municipality_month,2019,April,4,,,Cagayan,Ballesteros,2,2,10,0,10,0,0,2,2,0,0,Cutworm/Armyworm,rice,1.1,Watchlist
municipality_month,2019,April,4,,,Cagayan,Enrile,1,1,7.1,0,7.1,0,0,15,15,0,0,Plant Hopper,rice,4.6,Watchlist
municipality_month,2019,April,4,,,Cagayan,Sta. Praxedes,4,4,40,0,40,0,0,2,2,0,0,Cutworm/Armyworm,rice,1.75,Watchlist
municipality_month,2019,April,4,,,Isabela,Burgos,8,8,7.2,0,7.2,0,0,3.5,5,0,0,Stem/Shoot/Fruit Borer,rice,1,Watchlist
municipality_month,2019,April,4,,,Isabela,San Guillermo,2,2,9.05,0,9.05,0,0,5,5,0,0,Plant Hopper,rice,1.8,Watchlist
municipality_month,2019,April,4,,,Nueva Vizcaya,Quezon,4,4,33.95,0,33.95,0,0,16.25,20,0,0,Plant Hopper,rice,5.1,Watchlist
municipality_month,2019,April,4,,,Quirino,Cabarroguis,3,3,7,0,7,0,0,2,2,0,0,Plant Hopper,rice,0.8,Watchlist
municipality_month,2019,May,5,,,Isabela,City of Ilagan,2,2,2.3,0,2.3,0,0,3.5,5,0,0,Bacterial Leaf Streak,rice,1,Watchlist
municipality_month,2019,May,5,,,Nueva Vizcaya,Bayombong,3,3,4.5,0,4.5,0,0,2,2,0,0,Blast/Blight/Spot,rice,0.7,Watchlist
municipality_month,2019,May,5,,,Nueva Vizcaya,Kayapa,3,3,5.1,0,5.1,0,0,1.67,2,0,0,Bacterial Leaf Blight,rice,0.67,Watchlist
municipality_month,2019,June,6,,,Cagayan,Piat,1,1,1,0,1,0,0,5,5,0,0,Fall Armyworm,corn,1.4,Watchlist
municipality_month,2019,June,6,,,Isabela,City of Ilagan,1,1,2.3,0,2.3,0,0,10,10,0,0,Disease - Fungal/Bacterial,corn,2.8,Watchlist
municipality_month,2019,June,6,,,Isabela,Sto. Tomas,1,1,1.3,0,1.3,0,0,20,20,0,0,Leaf Folder/Miner,rice,5.2,Watchlist
municipality_month,2019,June,6,,,Nueva Vizcaya,Bagabag,1,1,10,0,10,0,0,1,1,0,0,Disease - Fungal/Bacterial,corn,1.5,Watchlist
municipality_month,2019,June,6,,,Nueva Vizcaya,Solano,3,3,7,0,7,0,0,1.67,2,0,0,Rbb,rice,0.7,Watchlist
municipality_month,2019,June,6,,,Nueva Vizcaya,Villaverde,1,1,2,0,2,0,0,1,1,0,0,Disease - Fungal/Bacterial,corn,0.5,Watchlist
municipality_month,2019,July,7,,,Cagayan,Amulung,4,4,50,0,50,0,0,1,1,0,0,Blast/Blight/Spot,corn,1.82,Watchlist
municipality_month,2019,July,7,,,Cagayan,Baggao,3,3,3,0,3,0,0,0.83,1,0,0,Fall Armyworm,corn,0.33,Watchlist
municipality_month,2019,July,7,,,Cagayan,Gonzaga,9,9,18.75,0,18.75,0,0,31.56,70,0,2,Fall Armyworm,corn,8.17,Watchlist
municipality_month,2019,July,7,,,Cagayan,Solana,3,3,6,0,6,0,0,6,16,0,0,Bacterial Leaf Blight,rice,1.73,Watchlist
municipality_month,2019,July,7,,,Cagayan,Sta. Ana,1,1,5,0,5,0,0,15,15,0,0,Fall Armyworm,corn,4.4,Watchlist
municipality_month,2019,July,7,,,Isabela,City of Ilagan,1,1,0.5,0,0.5,0,0,2,2,0,0,Fall Armyworm,corn,0.6,Watchlist
municipality_month,2019,July,7,,,Isabela,Tumauini,2,2,2,0,2,0,0,1.5,2,0,0,Bacterial Leaf Blight,rice,0.5,Watchlist
municipality_month,2019,July,7,,,Nueva Vizcaya,Bagabag,1,1,0.4,0,0.4,0,0,2,2,0,0,Fall Armyworm,corn,0.6,Watchlist
municipality_month,2019,July,7,,,Nueva Vizcaya,Bayombong,1,1,5,0,5,0,0,2,2,0,0,Rbb,rice,1.1,Watchlist
municipality_month,2019,July,7,,,Quirino,Aglipay,1,1,2,0,2,0,0,0.5,0.5,0,0,Blast/Blight/Spot,corn,0.4,Watchlist
municipality_month,2019,July,7,,,Quirino,Cabarroguis,2,2,4.3,0,4.3,0,0,1.5,2,0,0,Blast/Blight/Spot,rice,0.65,Watchlist
municipality_month,2019,July,7,,,Quirino,Diffun,1,1,1.3,0,1.3,0,0,2,2,0,0,Cutworm/Armyworm,rice,0.7,Watchlist
municipality_month,2019,August,8,,,Cagayan,Alcala,2,2,0.9,0,0.9,0,0,6,10,0,0,Fall Armyworm,corn,1.55,Watchlist
municipality_month,2019,August,8,,,Cagayan,Gonzaga,1,1,0.4,0,0.4,0,0,60,60,0,1,Fall Armyworm,corn,15.1,Watchlist
municipality_month,2019,August,8,,,Isabela,Aurora,6,6,4.1,0,4.1,0,0,5,8,0,0,Fall Armyworm,corn,1.35,Watchlist
municipality_month,2019,August,8,,,Isabela,Benito Soliven,1,1,0.4,0,0.4,0,0,40,40,0,0,Fall Armyworm,corn,10.1,Watchlist
municipality_month,2019,August,8,,,Isabela,Cauayan City,2,2,0.7,0,0.7,0,0,7.5,10,0,0,Fall Armyworm,corn,1.9,Watchlist
municipality_month,2019,August,8,,,Nueva Vizcaya,Bayombong,5,5,1.2,0,1.2,0,0,26,80,0,1,Fall Armyworm,corn,6.5,Watchlist
municipality_month,2019,August,8,,,Nueva Vizcaya,Quezon,1,1,0.1,0,0.1,0,0,10,10,0,0,Fall Armyworm,corn,2.5,Watchlist
municipality_month,2019,August,8,,,Nueva Vizcaya,Solano,1,1,1.5,0,1.5,0,0,5,5,0,0,Rbb,rice,1.4,Watchlist
municipality_month,2019,August,8,,,Quirino,Cabarroguis,2,2,7,0,7,0,0,1.5,2,0,0,Stem/Shoot/Fruit Borer,rice,0.8,Watchlist
municipality_month,2019,August,8,,,Quirino,Diffun,2,2,4.6,0,4.6,0,0,2,2,0,0,Leaf Folder/Miner,rice,0.8,Watchlist
municipality_month,2019,August,8,,,Quirino,Maddela,3,3,20.5,0,20.5,0,0,10.33,15,0,0,Rbb,rice,3.43,Watchlist
municipality_month,2019,August,8,,,Quirino,Saguday,2,2,16.9,0,16.9,0,0,10,15,0,0,Bacterial Leaf Blight,rice,3.55,Watchlist
municipality_month,2019,September,9,,,Cagayan,Alcala,4,4,3.5,0,3.5,0,0,16.25,20,0,0,Fall Armyworm,corn,4.15,Watchlist
municipality_month,2019,September,9,,,Cagayan,Tuguegarao City,2,2,0.34,0,0.34,0,0,16.5,30,0,0,Fall Armyworm,corn,4.15,Watchlist
municipality_month,2019,September,9,,,Isabela,Angadanan,1,1,0.15,0,0.15,0,0,3,3,0,0,Fall Armyworm,corn,0.8,Watchlist
municipality_month,2019,September,9,,,Isabela,Aurora,3,3,1.4,0,1.4,0,0,6,8,0,0,Fall Armyworm,corn,1.57,Watchlist
municipality_month,2019,September,9,,,Isabela,Benito Soliven,2,2,0.7,0,0.7,0,0,6.5,10,0,0,Fall Armyworm,corn,1.7,Watchlist
municipality_month,2019,September,9,,,Isabela,Burgos,1,1,0.5,0,0.5,0,0,5,5,0,0,Fall Armyworm,corn,1.3,Watchlist
municipality_month,2019,September,9,,,Isabela,City of Ilagan,7,7,2.97,0,2.97,0,0,10.43,20,0,0,Fall Armyworm,corn,2.66,Watchlist
municipality_month,2019,September,9,,,Isabela,San Mateo,4,4,1.9,0,1.9,0,0,15.75,50,0,1,Fall Armyworm,corn,4,Watchlist
municipality_month,2019,September,9,,,Nueva Vizcaya,Bayombong,6,6,1.55,0,1.55,0,0,5.83,10,0,0,Fall Armyworm,corn,1.5,Watchlist
municipality_month,2019,September,9,,,Quirino,Aglipay,1,1,0.5,0,0.5,0,0,1,1,0,0,Plant Hopper,corn,0.3,Watchlist
municipality_month,2019,September,9,,,Quirino,Maddela,4,4,1.75,0,1.75,0,0,0.75,1,0,0,Blast/Blight/Spot,corn,0.25,Watchlist
municipality_month,2019,September,9,,,Quirino,Nagtipunan,1,1,5.2,0,5.2,0,0,15,15,0,0,Plant Hopper,rice,4.4,Watchlist
municipality_month,2019,October,10,,,Cagayan,Alcala,3,3,1.4,0,1.4,0,0,20.33,32,0,0,Fall Armyworm,corn,5.17,Watchlist
municipality_month,2019,October,10,,,Cagayan,Pe�a Blanca,1,1,1,0,1,0,0,1,1,0,0,Cutworm/Armyworm,corn,0.4,Watchlist
municipality_month,2019,October,10,,,Cagayan,Piat,7,7,7.9,0,7.9,0,0,41.71,56,0,2,Fall Armyworm,corn,10.57,Watchlist
municipality_month,2019,October,10,,,Cagayan,Tuao,11,11,10.45,0,10.45,0,0,43,62,0,4,Fall Armyworm,corn,10.87,Watchlist
municipality_month,2019,October,10,,,Cagayan,Tuguegarao City,5,5,1.64,0,1.64,0,0,14.6,32,0,0,Fall Armyworm,corn,3.7,Watchlist
municipality_month,2019,October,10,,,Isabela,Aurora,3,3,0.9,0,0.9,0,0,6.67,14,0,0,Fall Armyworm,corn,1.73,Watchlist
municipality_month,2019,October,10,,,Isabela,City of Ilagan,2,2,0.57,0,0.57,0,0,6.5,10,0,0,Fall Armyworm,corn,1.65,Watchlist
municipality_month,2019,October,10,,,Isabela,Luna,6,6,7.2,0,7.2,0,0,7.5,15,0,0,Fall Armyworm,corn,2.02,Watchlist
municipality_month,2019,October,10,,,Isabela,Roxas,2,2,0.85,0,0.85,0,0,5,5,0,0,Fall Armyworm,corn,1.3,Watchlist
municipality_month,2019,October,10,,,Isabela,San Mateo,4,4,1.5,0,1.5,0,0,5.25,11,0,0,Fall Armyworm,corn,1.35,Watchlist
municipality_month,2019,October,10,,,Isabela,Tumauini,19,19,24.15,0,24.15,0,0,6.16,18,0,0,Fall Armyworm,corn,1.69,Watchlist
municipality_month,2019,October,10,,,Nueva Vizcaya,Aritao,4,4,97.3,0,87.3,0,0,5,5,0,0,Plant Hopper,rice,4.28,Watchlist
municipality_month,2019,October,10,,,Nueva Vizcaya,Bayombong,6,6,3.13,0,3.13,0,0,15.17,40,0,0,Fall Armyworm,corn,3.85,Watchlist
municipality_month,2019,October,10,,,Nueva Vizcaya,Diadi,1,1,0.75,0,0.75,0,0,30,30,0,0,Fall Armyworm,corn,7.6,Watchlist
municipality_month,2019,October,10,,,Nueva Vizcaya,Dupax del Sur,4,4,133.65,0,133.65,0,0,5,5,0,0,Plant Hopper,rice,5.42,Watchlist
municipality_month,2019,October,10,,,Quirino,Aglipay,2,2,1,0,1,0,0,1,1,0,0,Corn Borer,corn,0.3,Watchlist
municipality_month,2019,October,10,,,Quirino,Cabarroguis,2,2,0.6,0,0.6,0,0,1.5,2,0,0,Leaf Folder/Miner,rice,0.45,Watchlist
municipality_month,2019,October,10,,,Quirino,Diffun,4,4,4,0,4,0,0,2,2,0,0,Leaf Folder/Miner,rice,0.6,Watchlist
municipality_month,2019,October,10,,,Quirino,Maddela,1,1,0.25,0,0.25,0,0,1,1,0,0,Corn Borer,corn,0.3,Watchlist
municipality_month,2019,October,10,,,Quirino,Saguday,1,1,10.7,0,10.7,0,0,2,2,0,0,Cutworm/Armyworm,rice,1.8,Watchlist
municipality_month,2019,November,11,,,Cagayan,Alcala,1,1,1,0,1,0,0,6,6,0,0,Fall Armyworm,corn,1.6,Watchlist
municipality_month,2019,November,11,,,Cagayan,Gonzaga,1,1,0.4,0,0.4,0,0,8,8,0,0,Fall Armyworm,corn,2,Watchlist
municipality_month,2019,November,11,,,Cagayan,Piat,7,7,9.1,0,9.1,0,0,14,42,0,0,Fall Armyworm,corn,3.66,Watchlist
municipality_month,2019,November,11,,,Cagayan,Solana,10,10,15.02,0,15.02,0,0,25.3,42,0,0,Fall Armyworm,corn,6.5,Watchlist
municipality_month,2019,November,11,,,Cagayan,Sto. Ni�o,11,11,18.5,0,18.5,0,0,14.91,44,0,0,Fall Armyworm,corn,3.95,Watchlist
municipality_month,2019,November,11,,,Cagayan,Tuao,12,12,22.8,0,22.8,0,0,32.25,50,0,1,Fall Armyworm,corn,8.31,Watchlist
municipality_month,2019,November,11,,,Cagayan,Tuguegarao City,4,4,2.3,0,2.3,0,0,28.5,32,0,0,Fall Armyworm,corn,7.2,Watchlist
municipality_month,2019,November,11,,,Isabela,Aurora,2,2,1,0,1,0,0,1,1,0,0,Cutworm/Armyworm,corn,0.3,Watchlist
municipality_month,2019,November,11,,,Isabela,Burgos,1,1,8,0,8,0,0,0,0,0,0,Rbb,rice,1,Watchlist
municipality_month,2019,November,11,,,Isabela,City of Ilagan,5,5,20,0,20,0,0,20.2,30,0,0,Fall Armyworm,corn,5.54,Watchlist
municipality_month,2019,November,11,,,Isabela,Echague,1,1,2.7,0,2.7,0,0,2,2,0,0,Rbb,rice,0.8,Watchlist
municipality_month,2019,November,11,,,Isabela,Luna,1,1,0.2,0,0.2,0,0,8,8,0,0,Fall Armyworm,corn,2,Watchlist
municipality_month,2019,November,11,,,Isabela,Tumauini,20,20,23.15,0,23.15,0,0,8.1,12,0,0,Fall Armyworm,corn,2.17,Watchlist
municipality_month,2019,November,11,,,Nueva Vizcaya,Bagabag,6,6,10.9,0,10.9,0,0,5,10,0,0,Fall Armyworm,corn,1.47,Watchlist
municipality_month,2019,November,11,,,Nueva Vizcaya,Bayombong,2,2,1.6,0,1.6,0,0,3,4,0,0,Fall Armyworm,corn,0.85,Watchlist
municipality_month,2019,November,11,,,Nueva Vizcaya,Quezon,1,1,0.06,0,0.06,0,0,6,6,0,0,Fall Armyworm,corn,1.5,Watchlist
municipality_month,2019,November,11,,,Quirino,Aglipay,8,8,11.5,0,11.5,0,0,3.38,20,0,0,Plant Hopper,corn,1.02,Watchlist
municipality_month,2019,November,11,,,Quirino,Cabarroguis,1,1,1,0,1,0,0,1,1,0,0,Plant Hopper,corn,0.4,Watchlist
municipality_month,2019,November,11,,,Quirino,Diffun,1,1,1,0,1,0,0,2,2,0,0,Leaf Folder/Miner,rice,0.6,Watchlist
municipality_month,2019,November,11,,,Quirino,Maddela,3,3,6,0,6,0,0,1,1,0,0,Semi-Looper,corn,0.5,Watchlist
municipality_month,2019,November,11,,,Quirino,Saguday,1,1,0.8,0,0.8,0,0,2,2,0,0,,rice,0.6,Watchlist
municipality_month,2019,December,12,,,Isabela,Aurora,1,1,3.1,0,3.1,0,0,20,20,0,0,Fall Armyworm,corn,5.4,Watchlist
municipality_month,2019,December,12,,,Isabela,Cabatuan,1,1,0.5,0,0.5,0,0,10,10,0,0,Fall Armyworm,corn,2.6,Watchlist
municipality_month,2019,December,12,,,Isabela,City of Ilagan,1,1,1,0,1,0,0,8,8,0,0,Fall Armyworm,corn,2.1,Watchlist
municipality_month,2019,December,12,,,Isabela,Luna,3,3,6,0,6,0,0,10,10,0,0,Fall Armyworm,corn,2.77,Watchlist
municipality_month,2019,December,12,,,Isabela,San Mateo,2,2,1.6,0,1.6,0,0,19,26,0,0,Fall Armyworm,corn,4.85,Watchlist
municipality_month,2019,December,12,,,Isabela,Tumauini,1,1,1.5,0,1.5,0,0,4,4,0,0,Fall Armyworm,corn,1.2,Watchlist
municipality_month,2019,December,12,,,Quirino,Cabarroguis,1,1,0.5,0,0.5,0,0,10,10,0,0,Fall Armyworm,corn,2.6,Watchlist
municipality_month,2020,January,1,,,Cagayan,Solana,3,3,8,0,8,0,0,16.78,28,0,0,Fall Armyworm,corn,4.5,Watchlist
municipality_month,2020,January,1,,,Cagayan,Tuguegarao City,3,3,6.2,0,6.2,0,0,20.67,36.5,0,0,Fall Armyworm,corn,5.43,Watchlist
municipality_month,2020,January,1,,,Isabela,Angadanan,1,1,1,0,1,0,0,30,30,0,0,Fall Armyworm,corn,7.6,Watchlist
municipality_month,2020,January,1,,,Isabela,Cabatuan,1,1,0.7,0,0.7,0,0,26,26,0,0,Fall Armyworm,corn,6.6,Watchlist
municipality_month,2020,January,1,,,Isabela,City of Ilagan,1,1,0.5,0,0.5,0,0,4,4,0,0,Fall Armyworm,corn,1.1,Watchlist
municipality_month,2020,January,1,,,Isabela,Luna,2,2,8,0,8,0,0,36,38,0,0,Fall Armyworm,corn,9.5,Watchlist
municipality_month,2020,January,1,,,Isabela,Sta. Maria,4,4,13.4,0,13.4,0,0,8.5,12,0,0,Fall Armyworm,corn,2.55,Watchlist
municipality_month,2020,January,1,,,Nueva Vizcaya,Bagabag,2,2,18.5,0,18.5,0,0,5,5,0,0,Fall Armyworm,corn,2.45,Watchlist
municipality_month,2020,January,1,,,Nueva Vizcaya,Quezon,1,1,3,0,3,0,0,10,10,0,0,Fall Armyworm,corn,2.9,Watchlist
municipality_month,2020,January,1,,,Nueva Vizcaya,Villaverde,4,4,4.85,0,4.85,0,0,20.5,70,0,1,Fall Armyworm,corn,5.28,Watchlist
municipality_month,2020,January,1,,,Quirino,Cabarroguis,1,1,0.25,0,0.25,0,0,4,4,0,0,Fall Armyworm,corn,1,Watchlist
municipality_month,2020,February,2,,,Cagayan,Abulug,4,4,28,0,28,0,0,25.75,30,0,0,Fall Armyworm,corn,7.33,Watchlist
municipality_month,2020,February,2,,,Cagayan,Alcala,2,2,135,0,135,0,0,15,20,0,0,Fall Armyworm,corn,12.2,Watchlist
municipality_month,2020,February,2,,,Cagayan,Amulung,2,2,16.8,0,16.8,0,0,40,50,0,1,Fall Armyworm,corn,11.05,Watchlist
municipality_month,2020,February,2,,,Cagayan,Baggao,5,5,295,0,295,0,0,24,34,0,0,Fall Armyworm,corn,13.36,Watchlist
municipality_month,2020,February,2,,,Cagayan,Buguey,5,5,13,0,13,0,0,30.4,74,0,1,Fall Armyworm,corn,7.94,Watchlist
municipality_month,2020,February,2,,,Cagayan,Enrile,8,8,72.5,0,72.5,0,0,38.75,60,0,3,Fall Armyworm,corn,10.81,Watchlist
municipality_month,2020,February,2,,,Cagayan,Gattaran,1,1,27.8,0,27.8,0,0,30,30,0,0,Fall Armyworm,corn,11,Watchlist
municipality_month,2020,February,2,,,Cagayan,Gonzaga,2,2,60,0,60,0,0,32,34,0,0,Fall Armyworm,corn,11.75,Watchlist
municipality_month,2020,February,2,,,Cagayan,Lasam,4,4,40,0,40,0,0,50,70,0,3,Fall Armyworm,corn,13.75,Watchlist
municipality_month,2020,February,2,,,Cagayan,Piat,2,2,8,0,8,0,0,55,60,0,2,Fall Armyworm,corn,14.25,Watchlist
municipality_month,2020,February,2,,,Cagayan,Rizal,3,3,25.9,0,25.9,0,0,15,20,0,0,Fall Armyworm,corn,4.83,Watchlist
municipality_month,2020,February,2,,,Cagayan,Solana,8,8,234.9,0,234.9,0,0,25.62,80,0,1,Fall Armyworm,corn,10.07,Watchlist
municipality_month,2020,February,2,,,Cagayan,Tuao,4,4,15,0,15,0,0,34.75,90,0,1,Fall Armyworm,corn,9.18,Watchlist
municipality_month,2020,February,2,,,Isabela,Aurora,8,8,26.6,0,26.6,0,0,26.75,36,0,0,Fall Armyworm,corn,7.11,Watchlist
municipality_month,2020,February,2,,,Isabela,Cabagan,12,12,454.7,0,454.7,0,0,35.5,50,0,1,Fall Armyworm,corn,13.61,Watchlist
municipality_month,2020,February,2,,,Isabela,City of Ilagan,33,33,235,0,235,0,0,19.33,36,0,0,Fall Armyworm,corn,5.72,Watchlist
municipality_month,2020,February,2,,,Isabela,Delfin Albano,2,2,70,0,70,0,0,34,44,0,0,Fall Armyworm,corn,12.9,Watchlist
municipality_month,2020,February,2,,,Isabela,Roxas,1,1,4,0,4,0,0,12,12,0,0,Fall Armyworm,corn,3.5,Watchlist
municipality_month,2020,February,2,,,Isabela,San Mariano,9,9,295.7,0,295.7,0,0,43.33,50,0,2,Fall Armyworm,corn,14.97,Watchlist
municipality_month,2020,February,2,,,Isabela,San Mateo,7,7,30,0,30,0,0,32.71,64,0,1,Fall Armyworm,corn,8.7,Watchlist
municipality_month,2020,February,2,,,Isabela,San Pablo,5,5,148,0,148,0,0,36,48,0,0,Fall Armyworm,corn,12.7,Watchlist
municipality_month,2020,February,2,,,Isabela,Sta. Maria,4,4,30.2,0,30.2,0,0,21.5,30,0,0,Fall Armyworm,corn,6.33,Watchlist
municipality_month,2020,February,2,,,Isabela,Sto. Tomas,7,7,308,0,308,0,0,28.29,38,0,0,Fall Armyworm,corn,12.57,Watchlist
municipality_month,2020,February,2,,,Isabela,Tumauini,13,13,173.25,0,173.25,0,0,30.62,48,0,0,Fall Armyworm,corn,9.32,Watchlist
municipality_month,2020,February,2,,,Nueva Vizcaya,Bambang,3,3,105,0,105,0,0,7.67,10,0,0,Fall Armyworm,corn,6.3,Watchlist
municipality_month,2020,February,2,,,Nueva Vizcaya,Bayombong,1,1,0.2,0,0.2,0,0,50,50,0,1,Fall Armyworm,corn,12.5,Watchlist
municipality_month,2020,February,2,,,Quirino,Aglipay,7,7,92.97,0,92.97,0,0,25.71,40,0,0,Fall Armyworm,corn,8.09,Watchlist
municipality_month,2020,February,2,,,Quirino,Diffun,5,5,52,0,52,0,0,24,30,0,0,Fall Armyworm,corn,7.3,Watchlist
municipality_month,2020,February,2,,,Quirino,Maddela,38,38,757.63,0,757.63,0,0,29.18,90,0,3,Fall Armyworm,corn,9.78,Watchlist
municipality_month,2020,February,2,,,Quirino,Nagtipunan,4,4,26,0,26,0,0,35,40,0,0,Fall Armyworm,corn,9.55,Watchlist
municipality_month,2020,MARCH,3,,,Cagayan,Abulug,2,2,15,0,15,0,0,51,54,0,1,Fall Armyworm,corn,13.7,Watchlist
municipality_month,2020,MARCH,3,,,Cagayan,Enrile,2,2,10,0,10,0,0,54,60,0,1,Fall Armyworm,corn,14.1,Watchlist
municipality_month,2020,MARCH,3,,,Cagayan,Piat,2,2,12,0,12,0,0,21,28,0,0,Fall Armyworm,corn,6,Watchlist
municipality_month,2020,MARCH,3,,,Cagayan,Solana,2,2,8.25,0,8.25,0,0,15,18,0,0,Fall Armyworm,corn,4.25,Watchlist
municipality_month,2020,MARCH,3,,,Cagayan,Sto. Ni�o,1,1,22.8,0,22.8,0,0,50,50,0,1,Fall Armyworm,corn,15.3,Watchlist
municipality_month,2020,MARCH,3,,,Cagayan,Tuguegarao City,7,7,58,0,58,0,0,28.29,80,0,1,Fall Armyworm,corn,8.11,Watchlist
municipality_month,2020,MARCH,3,,,Isabela,Aurora,3,3,13,0,13,0,0,31.33,46,0,0,Fall Armyworm,corn,8.4,Watchlist
municipality_month,2020,MARCH,3,,,Isabela,Benito Soliven,1,1,5,0,5,0,0,42,42,0,0,Fall Armyworm,corn,11.1,Watchlist
municipality_month,2020,MARCH,3,,,Isabela,Cauayan City,4,4,25,0,25,0,0,34,40,0,0,Fall Armyworm,corn,9.28,Watchlist
municipality_month,2020,MARCH,3,,,Isabela,City of Ilagan,4,4,21,0,21,0,0,27.5,32,0,0,Fall Armyworm,corn,7.53,Watchlist
municipality_month,2020,MARCH,3,,,Isabela,Luna,3,3,7,0,7,0,0,33.33,42,0,0,Fall Armyworm,corn,8.6,Watchlist
municipality_month,2020,MARCH,3,,,Isabela,Naguilian,2,2,23,0,23,0,0,46,46,0,0,Fall Armyworm,corn,12.95,Watchlist
municipality_month,2020,MARCH,3,,,Isabela,Reina Mercedes,2,2,10,0,10,0,0,24,32,0,0,Fall Armyworm,corn,6.65,Watchlist
municipality_month,2020,MARCH,3,,,Isabela,Roxas,4,4,10.5,0,10.5,0,0,14,20,0,0,Fall Armyworm,corn,3.83,Watchlist
municipality_month,2020,MARCH,3,,,Isabela,San Mateo,1,1,0.1,0,0.1,0,0,50,50,0,1,Fall Armyworm,corn,12.5,Watchlist
municipality_month,2020,MARCH,3,,,Nueva Vizcaya,Bayombong,3,3,4.5,0,4.5,0,0,36.67,80,0,1,Fall Armyworm,corn,9.33,Watchlist
municipality_month,2020,MARCH,3,,,Nueva Vizcaya,Quezon,2,2,0.7,0,0.7,0,0,43,80,0,1,Fall Armyworm,corn,10.8,Watchlist
municipality_month,2020,MARCH,3,,,Quirino,Cabarroguis,1,1,2,0,2,0,0,35,35,0,0,Fall Armyworm,corn,9,Watchlist
municipality_month,2020,MARCH,3,,,Quirino,Maddela,4,4,89,0,89,0,0,45,50,0,2,Fall Armyworm,corn,14.05,Watchlist
municipality_month,2020,MARCH,3,,,Quirino,Nagtipunan,12,12,165.75,0,165.75,0,0,34.17,42,0,0,Fall Armyworm,corn,10.26,Watchlist
municipality_month,2020,April,4,,,Cagayan,Tuao,2,2,3,0,3,0,0,35,40,0,0,Fall Armyworm,corn,8.9,Watchlist
municipality_month,2020,April,4,,,Isabela,Roxas,3,3,12,0,12,0,0,30,40,0,0,Fall Armyworm,corn,8,Watchlist
municipality_month,2020,May,5,,,Cagayan,Alcala,1,1,1,0,1,0,0,20,20,0,0,Fall Armyworm,corn,5.1,Watchlist
municipality_month,2020,May,5,,,Cagayan,Piat,2,2,0.5,0,0.5,0,0,38,60,0,1,Fall Armyworm,corn,9.5,Watchlist
municipality_month,2020,May,5,,,Cagayan,Tuao,3,3,5,0,5,0,0,53.33,100,0,1,Fall Armyworm,corn,13.53,Watchlist
municipality_month,2020,May,5,,,Isabela,Aurora,2,2,4.3,0,4.3,0,0,14,18,0,0,Fall Armyworm,corn,3.75,Watchlist
municipality_month,2020,May,5,,,Isabela,Burgos,1,1,4,0,4,0,0,16,16,0,0,Fall Armyworm,corn,4.5,Watchlist
municipality_month,2020,May,5,,,Isabela,City of Ilagan,8,8,14.5,0,14.5,0,0,25,50,0,1,Fall Armyworm,corn,6.5,Watchlist
municipality_month,2020,May,5,,,Isabela,Roxas,2,2,37,0,37,0,0,16,20,0,0,Fall Armyworm,corn,6.3,Watchlist
municipality_month,2020,May,5,,,Nueva Vizcaya,Bayombong,3,3,19.8,0,19.8,0,0,42,80,0,1,Fall Armyworm,corn,11.3,Watchlist
municipality_month,2020,May,5,,,Nueva Vizcaya,Villaverde,2,2,89.73,0,89.73,0,0,35,55,0,1,Fall Armyworm,corn,14.4,Watchlist
municipality_month,2020,May,5,,,Quirino,Aglipay,2,2,22.25,0,22.25,0,0,68,90,0,1,Fall Armyworm,corn,18.35,Watchlist
municipality_month,2020,May,5,,,Quirino,Cabarroguis,1,1,1.6,0,1.6,0,0,34,34,0,0,Fall Armyworm,corn,8.7,Watchlist
municipality_month,2020,June,6,,,Cagayan,Alcala,1,1,1,0,1,0,0,20,20,0,0,Fall Armyworm,corn,5.1,Watchlist
municipality_month,2020,June,6,,,Cagayan,Amulung,2,2,8.6,0,8.6,0,0,50,70,0,1,Fall Armyworm,corn,13.05,Watchlist
municipality_month,2020,June,6,,,Cagayan,Enrile,2,2,6,0,6,0,0,31,50,0,1,Fall Armyworm,corn,8.1,Watchlist
municipality_month,2020,June,6,,,Cagayan,Gonzaga,2,2,46.75,0,46.75,0,0,70,80,0,2,Fall Armyworm,corn,20.4,Watchlist
municipality_month,2020,June,6,,,Cagayan,Pe�a Blanca,3,3,50,0,50,0,0,40,80,0,1,Fall Armyworm,corn,12.07,Watchlist
municipality_month,2020,June,6,,,Cagayan,Piat,5,4,39.25,0,39.25,0,0,10.4,14,0,0,Fall Armyworm,corn,3.56,Watchlist
municipality_month,2020,June,6,,,Cagayan,Rizal,2,2,34.6,0,34.6,0,0,77.5,95,0,2,Fall Armyworm,corn,21.55,Watchlist
municipality_month,2020,June,6,,,Cagayan,Solana,5,5,22.05,0,22.05,0,0,16.8,20,0,0,Fall Armyworm,corn,4.74,Watchlist
municipality_month,2020,June,6,,,Cagayan,Sto. Ni�o,2,2,17,0,17,0,0,26,40,0,0,Fall Armyworm,corn,7.55,Watchlist
municipality_month,2020,June,6,,,Cagayan,Tuao,17,17,59.15,0,59.15,0,0,33.47,90,0,5,Fall Armyworm,corn,8.81,Watchlist
municipality_month,2020,June,6,,,Cagayan,Tuguegarao City,6,5,20,0,20,0,0,33,70,0,2,Fall Armyworm,corn,8.67,Watchlist
municipality_month,2020,June,6,,,Isabela,Angadanan,4,4,134.4,0,134.4,0,0,16.5,20,0,0,Fall Armyworm,corn,8.32,Watchlist
municipality_month,2020,June,6,,,Isabela,Aurora,6,6,29,0,29,0,0,16.17,20,0,0,Fall Armyworm,corn,4.63,Watchlist
municipality_month,2020,June,6,,,Isabela,Cabagan,1,1,6,0,6,0,0,14,14,0,0,Fall Armyworm,corn,4.2,Watchlist
municipality_month,2020,June,6,,,Isabela,Cabatuan,2,2,20,0,20,0,0,30,30,0,0,Fall Armyworm,corn,8.8,Watchlist
municipality_month,2020,June,6,,,Isabela,Cauayan City,1,1,10,0,10,0,0,36,36,0,0,Fall Armyworm,corn,10.2,Watchlist
municipality_month,2020,June,6,,,Isabela,City of Ilagan,2,2,53,0,53,0,0,50,60,0,1,Fall Armyworm,corn,15.8,Watchlist
municipality_month,2020,June,6,,,Isabela,Luna,2,2,20.5,0,20.5,0,0,30,30,0,0,Fall Armyworm,corn,8.8,Watchlist
municipality_month,2020,June,6,,,Isabela,Reina Mercedes,1,1,10,0,10,0,0,10,10,0,0,Fall Armyworm,corn,3.8,Watchlist
municipality_month,2020,June,6,,,Isabela,Roxas,1,1,15,0,15,0,0,10,10,0,0,Fall Armyworm,corn,4.4,Watchlist
municipality_month,2020,June,6,,,Isabela,San Mariano,1,1,3,0,3,0,0,16,16,0,0,Fall Armyworm,corn,4.4,Watchlist
municipality_month,2020,June,6,,,Isabela,San Mateo,4,4,16.21,0,16.21,0,0,18.5,24,0,0,Fall Armyworm,corn,5.12,Watchlist
municipality_month,2020,June,6,,,Isabela,Sta. Maria,2,2,168,0,168,0,0,17,24,0,0,Fall Armyworm,corn,14.75,Watchlist
municipality_month,2020,June,6,,,Isabela,Sto. Tomas,2,2,7,0,7,0,0,12,16,0,0,Fall Armyworm,corn,3.4,Watchlist
municipality_month,2020,June,6,,,Isabela,Tumauini,11,11,148.25,0,148.25,0,0,14.73,22,0,0,Fall Armyworm,corn,5.37,Watchlist
municipality_month,2020,June,6,,,Nueva Vizcaya,Bagabag,5,5,793,0,793,0,0,24.4,32,0,0,Fall Armyworm,corn,23,Watchlist
municipality_month,2020,June,6,,,Nueva Vizcaya,Bambang,1,1,0.5,0,0.5,0,0,50,50,0,1,Fall Armyworm,corn,12.6,Watchlist
municipality_month,2020,June,6,,,Nueva Vizcaya,Quezon,7,7,484,0,484,0,0,26.14,45,0,0,Fall Armyworm,corn,15.17,Watchlist
municipality_month,2020,June,6,,,Quirino,Aglipay,1,1,21.5,0,21.5,0,0,30,30,0,0,Fall Armyworm,corn,10.2,Watchlist
municipality_month,2020,June,6,,,Quirino,Cabarroguis,3,3,36,0,36,0,0,24.67,28,0,0,Fall Armyworm,corn,7.63,Watchlist
municipality_month,2020,June,6,,,Quirino,Diffun,6,6,86.2,0,86.2,0,0,26.17,33,0,0,Fall Armyworm,corn,8.32,Watchlist
municipality_month,2020,June,6,,,Quirino,Maddela,24,24,221,0,221,0,0,31.42,50,0,1,Fall Armyworm,corn,9,Watchlist
municipality_month,2020,June,6,,,Quirino,Nagtipunan,17,17,514.3,0,514.3,0,0,47.76,66,0,11,Fall Armyworm,corn,15.73,Watchlist
municipality_month,2020,June,6,,,Quirino,Saguday,1,1,14,0,14,0,0,16,16,0,0,Fall Armyworm,corn,5.8,Watchlist
municipality_month,2020,July,7,,,Cagayan,Abulug,2,2,7.5,0,7.5,0,0,10,12,0,0,Fall Armyworm,corn,2.95,Watchlist
municipality_month,2020,July,7,,,Cagayan,Allacapan,1,1,6,0,6,0,0,18,18,0,0,Fall Armyworm,corn,5.2,Watchlist
municipality_month,2020,July,7,,,Cagayan,Amulung,2,2,23,0,23,0,0,10,15,0,0,Stem/Shoot/Fruit Borer,rice,3.9,Watchlist
municipality_month,2020,July,7,,,Cagayan,Enrile,6,6,185.25,0,185.25,0,0,29.67,80,0,1,Fall Armyworm,corn,11.27,Watchlist
municipality_month,2020,July,7,,,Cagayan,Lasam,1,1,4,0,4,0,0,14,14,0,0,Fall Armyworm,corn,4,Watchlist
municipality_month,2020,July,7,,,Cagayan,Piat,10,10,97.55,0,97.55,0,0,33.9,100,0,4,Fall Armyworm,corn,9.69,Watchlist
municipality_month,2020,July,7,,,Cagayan,Rizal,2,2,13,0,13,0,0,14,20,0,0,Fall Armyworm,corn,4.3,Watchlist
municipality_month,2020,July,7,,,Cagayan,Solana,9,9,51.7,0,51.7,0,0,18.67,60,0,1,Fall Armyworm,corn,5.38,Watchlist
municipality_month,2020,July,7,,,Cagayan,Sto. Ni�o,2,2,18,0,18,0,0,9,10,0,0,Fall Armyworm,corn,3.35,Watchlist
municipality_month,2020,July,7,,,Cagayan,Tuao,3,3,25.3,0,25.3,0,0,38.33,90,0,1,Fall Armyworm,corn,10.63,Watchlist
municipality_month,2020,July,7,,,Cagayan,Tuguegarao City,4,4,68.25,0,68.25,0,0,33,68,0,1,Fall Armyworm,corn,10.4,Watchlist
municipality_month,2020,July,7,,,Isabela,Angadanan,3,3,99.12,0,99.12,0,0,46.67,80,0,1,Fall Armyworm,corn,15.8,Watchlist
municipality_month,2020,July,7,,,Isabela,Aurora,1,1,8,0,8,0,0,15,15,0,0,Fall Armyworm,corn,4.8,Watchlist
municipality_month,2020,July,7,,,Isabela,Benito Soliven,1,1,15,0,15,0,0,10,10,0,0,Fall Armyworm,corn,4.4,Watchlist
municipality_month,2020,July,7,,,Isabela,Cabagan,1,1,20,0,20,0,0,24,24,0,0,Fall Armyworm,corn,8.5,Watchlist
municipality_month,2020,July,7,,,Isabela,Cabatuan,1,1,12,0,12,0,0,10,10,0,0,Fall Armyworm,corn,4,Watchlist
municipality_month,2020,July,7,,,Isabela,City of Ilagan,3,3,14,0,14,0,0,12,16,0,0,Fall Armyworm,corn,3.6,Watchlist
municipality_month,2020,July,7,,,Isabela,Echague,1,1,4,0,4,0,0,25,25,0,0,Rice Bug,rice,6.8,Watchlist
municipality_month,2020,July,7,,,Isabela,Gamu,1,1,7,0,7,0,0,15,15,0,0,Fall Armyworm,corn,4.6,Watchlist
municipality_month,2020,July,7,,,Isabela,Jones,4,4,58,0,58,0,0,36.25,50,0,2,Fall Armyworm,corn,10.88,Watchlist
municipality_month,2020,July,7,,,Isabela,Luna,3,3,33,0,33,0,0,23.33,30,0,0,Fall Armyworm,corn,7.23,Watchlist
municipality_month,2020,July,7,,,Isabela,Quezon,1,1,20,0,20,0,0,40,40,0,0,Fall Armyworm,corn,12.5,Watchlist
municipality_month,2020,July,7,,,Isabela,Roxas,1,1,5,0,5,0,0,15,15,0,0,Fall Armyworm,corn,4.4,Watchlist
municipality_month,2020,July,7,,,Isabela,San Agustin,19,19,618.09,0,618.09,0,0,19.58,80,0,1,Fall Armyworm,corn,8.97,Watchlist
municipality_month,2020,July,7,,,Isabela,San Mariano,3,3,59,0,59,0,0,20,20,0,0,Fall Armyworm,corn,7.47,Watchlist
municipality_month,2020,July,7,,,Isabela,San Mateo,2,2,10.4,0,10.4,0,0,29,40,0,0,Fall Armyworm,corn,7.85,Watchlist
municipality_month,2020,July,7,,,Isabela,San Pablo,3,3,22,0,22,0,0,10,12,0,0,Fall Armyworm,corn,3.43,Watchlist
municipality_month,2020,July,7,,,Isabela,Sta. Maria,1,1,1.5,0,1.5,0,0,3,3,0,0,Leaf Folder/Miner,rice,0.9,Watchlist
municipality_month,2020,July,7,,,Nueva Vizcaya,Bayombong,4,4,89.8,0,89.8,0,0,33.75,80,0,1,Fall Armyworm,corn,11.25,Watchlist
municipality_month,2020,July,7,,,Nueva Vizcaya,Solano,3,3,50.6,0,50.6,0,0,33.33,60,0,1,Fall Armyworm,corn,10.43,Watchlist
municipality_month,2020,July,7,,,Nueva Vizcaya,Villaverde,1,1,150.72,0,150.72,0,0,40,40,0,0,Leaf Folder/Miner,rice,28.8,Watchlist
municipality_month,2020,July,7,,,Quirino,Aglipay,5,5,65.5,0,65.5,0,0,20,29,0,0,Fall Armyworm,corn,6.64,Watchlist
municipality_month,2020,July,7,,,Quirino,Cabarroguis,4,4,25.5,0,25.5,0,0,9.75,19,0,0,Fall Armyworm,corn,3.2,Watchlist
municipality_month,2020,July,7,,,Quirino,Diffun,3,3,48,0,48,0,0,24.67,36,0,0,Fall Armyworm,corn,8.17,Watchlist
municipality_month,2020,July,7,,,Quirino,Maddela,7,7,89,0,89,0,0,25,30,0,0,Fall Armyworm,corn,7.84,Watchlist
municipality_month,2020,July,7,,,Quirino,Saguday,1,1,7,0,7,0,0,23,23,0,0,Fall Armyworm,corn,6.6,Watchlist
municipality_month,2020,August,8,,,Cagayan,Alcala,1,1,50,0,50,0,0,10,10,0,0,Fall Armyworm,corn,8.8,Watchlist
municipality_month,2020,August,8,,,Cagayan,Baggao,3,3,29,0,29,0,0,9,12,0,0,Fall Armyworm,corn,2.67,Watchlist
municipality_month,2020,August,8,,,Cagayan,Iguig,6,6,21.88,4,21.88,0,0,56.67,90,0,4,Fall Armyworm,corn,14.78,Watchlist
municipality_month,2020,August,8,,,Cagayan,Piat,7,7,28.25,0,28.25,0,0,33.57,98,0,2,Fall Armyworm,corn,8.87,Watchlist
municipality_month,2020,August,8,,,Cagayan,Solana,1,1,1,0,1,0,0,90,90,0,1,Fall Armyworm,corn,22.6,Watchlist
municipality_month,2020,August,8,,,Cagayan,Tuao,4,4,99.9,0,99.9,0,0,50.5,90,0,2,Fall Armyworm,corn,15.75,Watchlist
municipality_month,2020,August,8,,,Isabela,Aurora,4,4,5.3,0,5.3,0,0,21.25,30,0,0,Fall Armyworm,corn,5.5,Watchlist
municipality_month,2020,August,8,,,Isabela,Cabagan,1,1,50,0,50,0,0,3,3,0,0,Bacterial Leaf Blight,rice,7,Watchlist
municipality_month,2020,August,8,,,Isabela,Naguilian,2,2,1.7,1,1.7,0,0,8,10,0,0,Fall Armyworm,corn,2.2,Watchlist
municipality_month,2020,August,8,,,Isabela,Quezon,2,2,17.8,0,17.8,0,0,50,60,0,1,Bacterial Leaf Blight,rice,13.6,Watchlist
municipality_month,2020,August,8,,,Isabela,Quirino,1,1,1.3,0,1.3,0,0,60,60,0,1,Fall Armyworm,corn,15.2,Watchlist
municipality_month,2020,August,8,,,Isabela,Roxas,2,2,4,0,4,0,0,9,10,0,0,Bacterial Leaf Streak,rice,2.5,Watchlist
municipality_month,2020,August,8,,,Isabela,Sto. Tomas,1,1,0.6,0,0.6,0,0,3,3,0,0,Leaf Folder/Miner,rice,0.8,Watchlist
municipality_month,2020,August,8,,,Nueva Vizcaya,Bagabag,2,2,80,0,80,0,0,25,25,0,0,Leaf Folder/Miner,rice,11.2,Watchlist
municipality_month,2020,August,8,,,Nueva Vizcaya,Bambang,1,1,5,0,5,0,0,10,10,0,0,Whorl Maggot,rice,3.1,Watchlist
municipality_month,2020,August,8,,,Nueva Vizcaya,Bayombong,1,1,0.4,0,0.4,0,0,30,30,0,0,Fall Armyworm,corn,7.5,Watchlist
municipality_month,2020,August,8,,,Quirino,Aglipay,1,1,4.5,0,4.5,0,0,5,5,0,0,Leaf Folder/Miner,rice,1.8,Watchlist
municipality_month,2020,August,8,,,Quirino,Cabarroguis,1,1,6,0,6,0,0,12,12,0,0,Fall Armyworm,corn,3.8,Watchlist
municipality_month,2020,August,8,,,Quirino,Maddela,2,2,12,0,12,0,0,10,15,0,0,Leaf Folder/Miner,rice,3.25,Watchlist
municipality_month,2020,September,9,,,Cagayan,Amulung,4,4,27.7,0,27.7,0,0,23,70,0,1,Bacterial Leaf Streak,rice,6.62,Watchlist
municipality_month,2020,September,9,,,Cagayan,Enrile,2,2,3.25,0,3.25,0,0,47.5,90,0,1,Rice Bug,rice,12.05,Watchlist
municipality_month,2020,September,9,,,Cagayan,Iguig,2,2,39.25,0,39.25,0,0,7.5,10,0,0,Plant Hopper,rice,4.35,Watchlist
municipality_month,2020,September,9,,,Cagayan,Lal-lo,2,2,1.3,0,1.3,0,0,52.5,100,0,1,Fall Armyworm,corn,13.2,Watchlist
municipality_month,2020,September,9,,,Cagayan,Piat,3,3,40.6,0,40.6,0,0,42,60,0,2,Fall Armyworm,corn,12.2,Watchlist
municipality_month,2020,September,9,,,Cagayan,Rizal,1,1,2.5,0,2.5,0,0,30,30,0,0,Rodents,rice,7.8,Watchlist
municipality_month,2020,September,9,,,Cagayan,Sta. Ana,1,1,3.3,0,3.3,0,0,50,50,0,1,Leaf Folder/Miner,rice,12.9,Watchlist
municipality_month,2020,September,9,,,Cagayan,Tuao,2,2,0.75,0,0.75,0,0,50,80,0,1,Fall Armyworm,corn,12.55,Watchlist
municipality_month,2020,September,9,,,Isabela,Aurora,4,4,13,0,13,0,0,27,50,0,1,Fall Armyworm,corn,7.15,Watchlist
municipality_month,2020,September,9,,,Isabela,Cabatuan,1,1,29,0,29,0,0,5,5,0,0,Plant Hopper,rice,4.9,Watchlist
municipality_month,2020,September,9,,,Isabela,City of Ilagan,1,1,0.5,0,0.5,0,0,20,20,0,0,Fall Armyworm,corn,5.1,Watchlist
municipality_month,2020,September,9,,,Isabela,Luna,1,1,15,0,15,0,0,5,5,0,0,Plant Hopper,rice,3.1,Watchlist
municipality_month,2020,September,9,,,Isabela,Roxas,3,3,20.5,0,20.5,0,0,14.67,30,0,0,Fall Armyworm,corn,4.53,Watchlist
municipality_month,2020,September,9,,,Isabela,San Manuel,1,1,5,0,5,0,0,5,5,0,0,Plant Hopper,rice,1.9,Watchlist
municipality_month,2020,September,9,,,Isabela,Sto. Tomas,1,1,6,0,6,0,0,3,3,0,0,Bacterial Leaf Blight,rice,1.5,Watchlist
municipality_month,2020,September,9,,,Nueva Vizcaya,Bayombong,1,1,4.8,0,4.8,0,0,80,80,0,1,Fall Armyworm,corn,20.6,Watchlist
municipality_month,2020,September,9,,,Nueva Vizcaya,Villaverde,3,3,3.6,0,3.6,0,0,20,20,0,0,Bacterial Leaf Blight,rice,1.8,Watchlist
municipality_month,2020,September,9,,,Quirino,Cabarroguis,2,2,4.6,0,4.6,0,0,6,6,0,0,Plant Hopper,rice,1.8,Watchlist
municipality_month,2020,September,9,,,Quirino,Maddela,1,1,10,0,10,0,0,32,32,0,0,Blast/Blight/Spot,rice,9.2,Watchlist
municipality_month,2020,September,9,,,Quirino,Saguday,2,2,350,0,350,0,0,30,30,0,0,Bacterial Leaf Blight,rice,29.4,Watchlist
municipality_month,2020,October,10,,,Cagayan,Appari,3,3,2.5,0,2.5,0,0,5,5,0,0,Fall Armyworm,corn,1.33,Watchlist
municipality_month,2020,October,10,,,Cagayan,Piat,3,3,6.5,0,6.5,0,0,12.33,30,0,0,Fall Armyworm,corn,3.37,Watchlist
municipality_month,2020,October,10,,,Cagayan,Rizal,1,1,0.5,0,0.5,0,0,80,80,0,1,Leaf Folder/Miner,rice,20.1,Watchlist
municipality_month,2020,October,10,,,Cagayan,Solana,4,4,15.55,0,15.55,0,0,17.75,48,0,0,Leaf Folder/Miner,rice,4.92,Watchlist
municipality_month,2020,October,10,,,Cagayan,Tuao,4,4,19.5,0,19.5,0,0,19,50,0,1,Fall Armyworm,corn,5.38,Watchlist
municipality_month,2020,October,10,,,Isabela,Aurora,2,2,20,0,20,0,0,9,10,0,0,Fall Armyworm,corn,3.5,Watchlist
municipality_month,2020,October,10,,,Isabela,Burgos,1,1,10,0,10,0,0,6,6,0,0,Fall Armyworm,corn,2.8,Watchlist
municipality_month,2020,October,10,,,Isabela,Cabagan,2,2,35,0,35,0,0,5,6,0,0,Fall Armyworm,corn,3.45,Watchlist
municipality_month,2020,October,10,,,Isabela,Cabatuan,2,2,19.5,0,19.5,0,0,7,8,0,0,Fall Armyworm,corn,3,Watchlist
municipality_month,2020,October,10,,,Isabela,Luna,2,2,22,0,22,0,0,10.5,15,0,0,Fall Armyworm,corn,4,Watchlist
municipality_month,2020,October,10,,,Isabela,Mallig,1,1,1.5,0,1.5,0,0,8,8,0,0,Fall Armyworm,corn,2.2,Watchlist
municipality_month,2020,October,10,,,Isabela,Reina Mercedes,2,2,6,0,6,0,0,7,8,0,0,Fall Armyworm,corn,2.1,Watchlist
municipality_month,2020,October,10,,,Isabela,Roxas,4,4,7.5,0,7.5,0,0,7.75,10,0,0,Fall Armyworm,corn,2.17,Watchlist
municipality_month,2020,October,10,,,Isabela,Tumauini,12,12,140.5,0,140.5,0,0,10.58,45,0,0,Fall Armyworm,corn,4.1,Watchlist
municipality_month,2020,October,10,,,Nueva Vizcaya,Bagabag,1,1,10,0,10,0,0,3,3,0,0,Fall Armyworm,corn,2,Watchlist
municipality_month,2020,October,10,,,Nueva Vizcaya,Bambang,1,1,20,0,20,0,0,60,60,0,1,Rbb,rice,17.5,Watchlist
municipality_month,2020,October,10,,,Nueva Vizcaya,Bayombong,3,3,4.3,0,4.3,0,0,11.67,25,0,0,Fall Armyworm,corn,3.07,Watchlist
municipality_month,2020,October,10,,,Nueva Vizcaya,Quezon,2,2,32,0,32,0,0,5,5,0,0,Rbb,rice,3.3,Watchlist
municipality_month,2020,October,10,,,Nueva Vizcaya,Solano,1,1,10,0,10,0,0,78,78,0,1,Rbb,rice,20.8,Watchlist
municipality_month,2020,October,10,,,Nueva Vizcaya,Villaverde,4,4,23.5,0,23.5,0,0,5,5,0,0,Fall Armyworm,corn,2,Watchlist
municipality_month,2020,October,10,,,Quirino,Cabarroguis,1,1,25,0,25,0,0,9,9,0,0,Leaf Folder/Miner,rice,5.4,Watchlist
municipality_month,2020,October,10,,,Quirino,Diffun,4,4,113.8,0,113.8,0,0,32.75,50,0,2,Blast/Blight/Spot,rice,11.75,Watchlist
municipality_month,2020,November,11,,,Cagayan,Baggao,3,3,17,0,17,0,0,18.67,40,0,0,Bacterial Leaf Streak,rice,5.37,Watchlist
municipality_month,2020,November,11,,,Cagayan,Pe�a Blanca,1,1,1.5,0,1.5,0,0,6,6,0,0,Fall Armyworm,corn,1.7,Watchlist
municipality_month,2020,November,11,,,Cagayan,Solana,2,2,0.75,0,0.75,0,0,33,36,0,0,Fall Armyworm,corn,8.3,Watchlist
municipality_month,2020,November,11,,,Cagayan,Tuao,6,6,37.45,0,37.45,0,0,14,40,0,0,Fall Armyworm,rice,4.27,Watchlist
municipality_month,2020,November,11,,,Cagayan,Tuguegarao,2,2,3,0,3,0,0,5,8,0,0,Golden Apple Snail,rice,1.45,Watchlist
municipality_month,2020,November,11,,,Isabela,Aurora,3,3,17,0,17,0,0,10.67,20,0,0,Fall Armyworm,corn,3.37,Watchlist
municipality_month,2020,November,11,,,Isabela,Cabatuan,1,1,1,0,1,0,0,75,75,0,1,Stem/Shoot/Fruit Borer,rice,18.9,Watchlist
municipality_month,2020,November,11,,,Isabela,Gamu,2,2,5.5,0,5.5,0,0,6,8,0,0,Fall Armyworm,corn,1.85,Watchlist
municipality_month,2020,November,11,,,Isabela,Luna,2,2,11,0,11,0,0,7,10,0,0,Fall Armyworm,corn,2.45,Watchlist
municipality_month,2020,November,11,,,Isabela,Quirino,1,1,10,0,10,0,0,4,4,0,0,Fall Armyworm,corn,2.2,Watchlist
municipality_month,2020,November,11,,,Isabela,Roxas,3,3,15.5,0,15.5,0,0,11.67,15,0,0,Fall Armyworm,corn,3.57,Watchlist
municipality_month,2020,November,11,,,Isabela,Sto. Tomas,2,2,35,0,35,0,0,5,6,0,0,Fall Armyworm,corn,3.45,Watchlist
municipality_month,2020,November,11,,,Nueva Vizcaya,Bagabag,4,4,23,0,33,990,990,33.5,50,0,2,Rbb,rice,11.6,Watchlist
municipality_month,2020,November,11,,,Nueva Vizcaya,Bayombong,3,3,203,0,203,0,0,8.89,13.7,0,0,Rbb,rice,10.67,Watchlist
municipality_month,2020,November,11,,,Nueva Vizcaya,Diadi,1,1,5,0,5,0,0,4.5,4.5,0,0,Rbb,rice,1.8,Watchlist
municipality_month,2020,November,11,,,Nueva Vizcaya,Quezon,2,2,110,0,110,0,0,14.5,15,0,0,Rbb,rice,10.5,Watchlist
municipality_month,2020,November,11,,,Nueva Vizcaya,Solano,2,2,89.95,0,89.95,0,0,3.5,5,0,0,Fall Armyworm,corn,6.5,Watchlist
municipality_month,2020,November,11,,,Quirino,Diffun,5,5,34,1,34,0,0,7.8,11,0,0,Leaf Folder/Miner,corn,2.84,Watchlist
municipality_month,2020,December,12,,,Cagayan,Lasam,1,1,2,9,2,0,0,4,4,0,0,Fall Armyworm,corn,3.5,Watchlist
municipality_month,2020,December,12,,,Cagayan,Piat,3,3,4,21,4,0,0,6,8,0,0,Fall Armyworm,corn,3.43,Watchlist
municipality_month,2020,December,12,,,Isabela,Aurora,4,4,42,41,42,0,0,15.5,40,0,0,Fall Armyworm,corn,7.75,Watchlist
municipality_month,2020,December,12,,,Isabela,Luna,1,1,12,4,12,0,0,15,15,0,0,Fall Armyworm,corn,6.2,Watchlist
municipality_month,2020,December,12,,,Isabela,Quezon,2,2,15,5,15,0,0,11.5,15,0,0,Fall Armyworm,corn,4.45,Watchlist
municipality_month,2020,December,12,,,Isabela,Quirino,1,1,1,10,1,0,0,8,8,0,0,Fall Armyworm,corn,4.6,Watchlist
municipality_month,2020,December,12,,,Nueva Vizcaya,Bagabag,8,8,597,0,52,545,545,21.97,35,0,0,Bacterial Leaf Blight,rice,11.88,Watchlist
municipality_month,2020,December,12,,,Quirino,Cabarroguis,1,1,1.4,1,1.4,0,0,15,15,0,0,Fall Armyworm,corn,4.2,Watchlist
municipality_month,2020,December,12,,,Quirino,Diffun,1,1,7,0,7,0,0,30,30,0,0,Bacterial Leaf Blight,rice,8.4,Watchlist
municipality_month,2021,January,1,,,Cagayan,Amulung,3,3,16,15,16,0,0,12,16,0,0,Leaf Folder/Miner,rice,4.9,Watchlist
municipality_month,2021,January,1,,,Cagayan,Enrile,2,2,1.25,0,1.25,0,0,17.5,20,0,0,Cutworm/Armyworm,corn,4.45,Watchlist
municipality_month,2021,January,1,,,Cagayan,Pe�a Blanca,1,1,0.5,0,0.5,0,0,18,18,0,0,Fall Armyworm,corn,4.6,Watchlist
municipality_month,2021,January,1,,,Cagayan,Solana,4,4,8,18,8,0,0,11,15,0,0,Leaf Folder/Miner,rice,4.12,Watchlist
municipality_month,2021,January,1,,,Cagayan,Tuguegarao City,2,2,5,0,5,0,0,27.5,30,0,0,Cutworm/Armyworm,corn,7.2,Watchlist
municipality_month,2021,January,1,,,Isabela,Alicia,5,5,2.9,20,2.9,0,0,6.4,10,0,0,Blast/Blight/Spot,rice,2.7,Watchlist
municipality_month,2021,January,1,,,Isabela,Aurora,2,2,3,0,3,0,0,30,50,0,1,Fall Armyworm,corn,7.7,Watchlist
municipality_month,2021,January,1,,,Isabela,Burgos,10,10,51.25,72,51.25,0,0,25,25,0,0,Rodents,rice,8.68,Watchlist
municipality_month,2021,January,1,,,Isabela,Cabagan,2,2,10,15,10,0,0,3,3,0,0,Bacterial Leaf Streak,rice,3.25,Watchlist
municipality_month,2021,January,1,,,Isabela,Cabatuan,14,14,132,133,132,0,0,2,2,0,0,Rodents,rice,4.04,Watchlist
municipality_month,2021,January,1,,,Isabela,City of Ilagan,12,12,523.94,5,523.94,0,0,14.17,25,0,0,Fall Armyworm,corn,9.12,Watchlist
municipality_month,2021,January,1,,,Isabela,Gamu,3,3,5.9,128,5.9,0,0,32.5,40,0,0,Bacterial Leaf Blight,rice,13.63,Watchlist
municipality_month,2021,January,1,,,Isabela,Jones,3,3,12,0,12,0,0,13.33,15,0,0,Plant Hopper,corn,3.87,Watchlist
municipality_month,2021,January,1,,,Isabela,Roxas,3,3,13,15,13,0,0,18.33,30,0,0,Bacterial Leaf Streak,rice,6.4,Watchlist
municipality_month,2021,January,1,,,Isabela,San Mateo,2,2,0.5,14,0.5,0,0,9.25,12.5,0,0,Blast/Blight/Spot,rice,4.1,Watchlist
municipality_month,2021,January,1,,,Isabela,San Pablo,4,4,667.9,0,667.9,0,0,16.5,18,0,0,Fall Armyworm,corn,24.98,Watchlist
municipality_month,2021,January,1,,,Isabela,Sta. Maria,10,10,672,0,672,0,0,16.4,38,0,0,Fall Armyworm,corn,12.51,Watchlist
municipality_month,2021,January,1,,,Isabela,Sto. Tomas,5,5,85,12,85,0,0,16,32,0,0,Fall Armyworm,corn,6.72,Watchlist
municipality_month,2021,January,1,,,Nueva Vizcaya,Quezon,3,3,17,11,17,0,0,3,5,0,0,Fall Armyworm,corn,2.37,Watchlist
municipality_month,2021,January,1,,,Nueva Vizcaya,Solano,3,3,35,27,35,0,0,5,5,0,0,Rbb,rice,5,Watchlist
municipality_month,2021,January,1,,,Nueva Vizcaya,Villaverde,1,1,0.5,0,0.5,0,0,45,45,0,0,Fall Armyworm,corn,11.3,Watchlist
municipality_month,2021,January,1,,,Quirino,Aglipay,3,3,4,0,4,0,0,12.67,30,0,0,Plant Hopper,corn,3.33,Watchlist
municipality_month,2021,January,1,,,Quirino,Cabarroguis,3,3,5.3,1,5.3,0,0,37.33,50,0,1,Leaf Folder/Miner,rice,9.63,Watchlist
municipality_month,2021,January,1,,,Quirino,Diffun,2,2,7,3,7,0,0,10,10,0,0,Whorl Maggot,rice,3.3,Watchlist
municipality_month,2021,January,1,,,Quirino,Maddela,6,6,14.5,9,14.5,0,0,12.67,35,0,0,Fall Armyworm,corn,3.85,Watchlist
municipality_month,2021,February,2,,,Cagayan,Alcala,2,2,8,6,8,0,0,12,14,0,0,Leaf Folder/Miner,rice,4.25,Watchlist
municipality_month,2021,February,2,,,Cagayan,Enrile,2,2,7,8,7,0,0,8,10,0,0,Fall Armyworm,corn,3.4,Watchlist
municipality_month,2021,February,2,,,Cagayan,Gonzaga,3,3,8.75,9,9,0,0,12,14,0,0,Fall Armyworm,corn,4.1,Watchlist
municipality_month,2021,February,2,,,Cagayan,Solana,4,4,8.8,9,8.8,0,0,7,12,0,0,Fall Armyworm,corn,2.58,Watchlist
municipality_month,2021,February,2,,,Cagayan,Tuguegarao,1,1,0.75,1,0.75,0,0,20,20,0,0,Stem/Shoot/Fruit Borer,hvc,5.3,Watchlist
municipality_month,2021,February,2,,,Cagayan,Tuguegarao City,7,7,28.75,18,28.75,0,0,15.71,44,9,1,Fall Armyworm,corn,7.21,Watchlist
municipality_month,2021,February,2,,,Isabela,Aurora,3,3,10,10,10,0,0,4.67,6,0,0,Fall Armyworm,corn,2.4,Watchlist
municipality_month,2021,February,2,,,Isabela,Burgos,10,10,275.6,91,260.8,0,0,13.6,20,0,0,Plant Hopper,rice,9.13,Watchlist
municipality_month,2021,February,2,,,Isabela,Cabagan,3,3,405.7,323,405.7,0,0,16,18,0,0,Fall Armyworm,corn,34.73,Watchlist
municipality_month,2021,February,2,,,Isabela,Delfin Albano,2,2,70,0,70,0,0,14,16,0,0,Fall Armyworm,corn,7.9,Watchlist
municipality_month,2021,February,2,,,Isabela,Gamu,1,1,15,0,15,0,0,20,20,0,0,Plant Hopper,rice,6.9,Watchlist
municipality_month,2021,February,2,,,Isabela,Jones,2,2,75,0,75,0,0,10,15,0,0,Fall Armyworm,corn,7.2,Watchlist
municipality_month,2021,February,2,,,Isabela,Luna,2,2,10,7,10,0,0,12.5,15,0,0,Fall Armyworm,corn,4.65,Watchlist
municipality_month,2021,February,2,,,Isabela,San Pablo,2,2,183.92,91,183.92,0,0,11,12,0,0,Fall Armyworm,corn,21.75,Watchlist
municipality_month,2021,February,2,,,Isabela,Sta. Maria,1,1,1,0,1,0,0,3,3,0,0,Whorl Maggot,rice,0.9,Watchlist
municipality_month,2021,February,2,,,Isabela,Sto. Tomas,8,8,252,186,252,0,0,21,24,0,0,Fall Armyworm,corn,14.36,Watchlist
municipality_month,2021,February,2,,,Isabela,Tumauini,21,21,1082.92,841,1082.92,0,0,13.81,18,0,0,Fall Armyworm,corn,15.15,Watchlist
municipality_month,2021,February,2,,,Nueva Vizcaya,Ariato,1,1,0.5,1,0.5,0,0,20,20,0,0,Twister,hvc,5.3,Watchlist
municipality_month,2021,February,2,,,Nueva Vizcaya,Aritao,2,2,0.6,2,0.6,0,0,12,20,9,1,Fall Armyworm,corn,10.8,Watchlist
municipality_month,2021,February,2,,,Nueva Vizcaya,Bagabag,7,7,13.5,13,13.5,0,0,43.86,54,0,4,Fall Armyworm,corn,11.67,Watchlist
municipality_month,2021,February,2,,,Nueva Vizcaya,Bambang,7,7,21.15,38,21.15,0,0,23.43,60,0,1,Cutworm/Armyworm,hvc,7.6,Watchlist
municipality_month,2021,February,2,,,Nueva Vizcaya,Bayombong,5,5,9.52,8,9.52,0,0,27.6,78,0,1,Fall Armyworm,corn,7.52,Watchlist
municipality_month,2021,February,2,,,Nueva Vizcaya,Diadi,9,9,11.05,18,11.05,0,0,18.89,55,0,1,Fall Armyworm,corn,5.37,Watchlist
municipality_month,2021,February,2,,,Nueva Vizcaya,Dupax del Sur,1,1,8.55,14,8.55,0,0,10,10,0,0,Cutworm/Armyworm,hvc,7.1,Watchlist
municipality_month,2021,February,2,,,Nueva Vizcaya,Quezon,9,9,338,167,338,0,0,21.78,33,0,0,Rbb,rice,14.62,Watchlist
municipality_month,2021,February,2,,,Nueva Vizcaya,Solano,2,2,1.3,2,1.3,0,0,32.5,50,0,1,Fall Armyworm,corn,8.45,Watchlist
municipality_month,2021,February,2,,,Nueva Vizcaya,Sta. Fe,1,1,3,9,3,0,0,10,10,0,0,Cutworm/Armyworm,hvc,5.1,Watchlist
municipality_month,2021,February,2,,,Nueva Vizcaya,Villaverde,3,3,6.1,7,6.1,0,0,42.67,75,0,1,Plant Hopper,corn,11.53,Watchlist
municipality_month,2021,February,2,,,Quirino,Aglipay,1,1,6.5,9,6.5,0,0,15,15,0,0,Blast/Blight/Spot,hvc,6.8,Watchlist
municipality_month,2021,February,2,,,Quirino,Cabarroguis,7,7,184,11,184,0,0,9.71,15,0,0,Whorl Maggot,corn,6.09,Watchlist
municipality_month,2021,February,2,,,Quirino,Diffun,7,7,52,20,52,0,0,8.14,10,0,0,Leaf Folder/Miner,rice,3.69,Watchlist
municipality_month,2021,February,2,,,Quirino,Maddela,4,4,12,82,12,0,0,10.25,20,0,0,Whorl Maggot,rice,8.08,Watchlist
municipality_month,2021,February,2,,,Quirino,Nagtipunan,2,2,7,7,7,0,0,7.5,10,0,0,Fall Armyworm,corn,3.15,Watchlist
municipality_month,2021,March,3,,,Cagayan,Abulug,9,9,205,157,205,0,0,22.78,30,0,0,Fall Armyworm,corn,12.89,Watchlist
municipality_month,2021,March,3,,,Cagayan,Amulung,2,2,10,2,10,0,0,40,40,0,0,Fall Armyworm,corn,10.9,Watchlist
municipality_month,2021,March,3,,,Cagayan,Baggao,4,4,41.3,24,41.3,0,0,13.75,30,0,0,Plant Hopper,rice,6.25,Watchlist
municipality_month,2021,March,3,,,Cagayan,Ballesteros,4,4,66.5,18,66.5,0,0,30,40,0,0,Plant Hopper,rice,10.72,Watchlist
municipality_month,2021,March,3,,,Cagayan,Camalaniugan,3,3,30.7,3,30.7,0,0,47,55,0,1,Fall Armyworm,corn,13.27,Watchlist
municipality_month,2021,March,3,,,Cagayan,Enrile,3,3,11,59,11,0,0,14.67,20,0,0,Leaf Folder/Miner,rice,9.03,Watchlist
municipality_month,2021,March,3,,,Cagayan,Iguig,1,1,7.75,4,7.75,0,0,12,12,0,0,Fall Armyworm,corn,5,Watchlist
municipality_month,2021,March,3,,,Cagayan,Lasam,5,5,268,150,268,0,0,24,30,0,0,Fall Armyworm,corn,19.18,Watchlist
municipality_month,2021,March,3,,,Cagayan,Pamplona,1,1,50,10,50,0,0,50,50,0,1,Plant Hopper,rice,21.2,Watchlist
municipality_month,2021,March,3,,,Cagayan,Piat,1,1,1.5,1,1.5,0,0,16,16,0,0,Taw,rice,4.4,Watchlist
municipality_month,2021,March,3,,,Cagayan,Rizal,1,1,4,2,4,0,0,27,27,0,0,Fall Armyworm,corn,7.8,Watchlist
municipality_month,2021,March,3,,,Cagayan,Solana,2,2,1.5,2,1.5,0,0,15,20,0,0,Fall Armyworm,corn,4.1,Watchlist
municipality_month,2021,March,3,,,Isabela,Alicia,1,1,0.9,3,0.9,0,0,15,15,0,0,Plant Hopper,rice,4.6,Watchlist
municipality_month,2021,March,3,,,Isabela,Burgos,1,1,1,0,1,0,0,50,50,0,1,Plant Hopper,rice,12.6,Watchlist
municipality_month,2021,March,3,,,Isabela,Cabagan,1,1,5,7,5,0,0,3,3,0,0,Glh,rice,3.1,Watchlist
municipality_month,2021,March,3,,,Isabela,Cauayan City,4,4,3.35,55,3.35,0,0,9.25,15,0,0,Plant Hopper,rice,5.85,Watchlist
municipality_month,2021,March,3,,,Isabela,City of Ilagan,8,8,114.45,54,114.45,0,0,13.5,30,0,0,Plant Hopper,corn,6.86,Watchlist
municipality_month,2021,March,3,,,Isabela,Delfin Albano,1,1,1,204,1,0,0,3,3,0,0,Plant Hopper,rice,15.9,Watchlist
municipality_month,2021,March,3,,,Isabela,Gamu,1,1,0.25,0,0.25,0,0,5,5,0,0,Plant Hopper,rice,1.3,Watchlist
municipality_month,2021,March,3,,,Isabela,Jones,6,6,50,100,50,0,0,15,20,0,0,Fall Armyworm,corn,8.95,Watchlist
municipality_month,2021,March,3,,,Isabela,Luna,1,1,4,3,4,0,0,12,12,0,0,Fall Armyworm,corn,4.2,Watchlist
municipality_month,2021,March,3,,,Isabela,Roxas,2,2,4,43,4,0,0,12,12,0,0,Bacterial Leaf Blight,rice,8.6,Watchlist
municipality_month,2021,March,3,,,Isabela,San Manuel,19,19,168.74,91,168.74,0,0,5,5,0,0,Rodents,rice,3.56,Watchlist
municipality_month,2021,March,3,,,Isabela,Santiago City,3,3,3.6,7,3.6,0,0,15,15,0,0,Plant Hopper,rice,4.47,Watchlist
municipality_month,2021,March,3,,,Isabela,Sta. Maria,1,1,5.5,1,5.5,0,0,3,3,0,0,Whorl Maggot,rice,1.7,Watchlist
municipality_month,2021,March,3,,,Isabela,Sto. Tomas,6,6,158,232,158,0,0,13,22,0,0,Fall Armyworm,corn,15.5,Watchlist
municipality_month,2021,March,3,,,Nueva Vizcaya,Bambang,2,2,20,24,20,0,0,9.5,10,0,0,Plant Hopper,rice,6.65,Watchlist
municipality_month,2021,March,3,,,Nueva Vizcaya,Bayombong,1,1,20,3,20,0,0,7,7,0,0,Plant Hopper,rice,5,Watchlist
municipality_month,2021,March,3,,,Nueva Vizcaya,Diadi,2,2,2.5,19,2.5,0,0,6.5,10,0,0,Plant Hopper,rice,4.15,Watchlist
municipality_month,2021,March,3,,,Nueva Vizcaya,Dupax del Sur,4,4,24.5,15,24.5,0,0,18.75,30,0,0,Plant Hopper,rice,6.4,Watchlist
municipality_month,2021,March,3,,,Nueva Vizcaya,Kasibu,1,1,1,12,1,0,0,10,10,0,0,Blast/Blight/Spot,rice,5.6,Watchlist
municipality_month,2021,March,3,,,Nueva Vizcaya,Kayapa,8,8,15.5,166,15.5,0,0,13.12,30,0,0,Blast/Blight/Spot,rice,8.7,Watchlist
municipality_month,2021,March,3,,,Quirino,Aglipay,5,5,11,10,11,0,0,6.6,10,0,0,Stem/Shoot/Fruit Borer,corn,2.42,Watchlist
municipality_month,2021,March,3,,,Quirino,Cabarroguis,4,4,5,7,5,0,0,9.5,12,0,0,Fall Armyworm,corn,3,Watchlist
municipality_month,2021,March,3,,,Quirino,Diffun,4,4,19,93,19,0,0,10.5,14,0,0,Blast/Blight/Spot,rice,8.4,Watchlist
municipality_month,2021,March,3,,,Quirino,Maddela,20,20,140.7,239,140.2,0,0,6.4,15,0,0,Plant Hopper,corn,5.46,Watchlist
municipality_month,2021,March,3,,,Quirino,Nagtipunan,1,1,4,3,4,0,0,15,15,0,0,Fall Armyworm,corn,5,Watchlist
municipality_month,2021,March,3,,,Quirino,Saguday,5,5,14,16,14,0,0,7.2,12,0,0,Bacterial Leaf Blight,rice,2.94,Watchlist
municipality_month,2021,April,4,,,Cagayan,Aparri,1,1,200,3,200,0,0,58,58,0,1,Plant Hopper,rice,40.2,Moderate
municipality_month,2021,April,4,,,Cagayan,Baggao,3,3,31.3,7,31.3,0,0,15,25,0,0,Plant Hopper,rice,5.63,Watchlist
municipality_month,2021,April,4,,,Cagayan,Ballesteros,4,4,9.5,13,9.5,0,0,23.75,45,0,0,Plant Hopper,rice,7.03,Watchlist
municipality_month,2021,April,4,,,Cagayan,Enrile,2,2,2.35,3,2.35,0,0,19,20,0,0,Fall Armyworm,corn,5.25,Watchlist
municipality_month,2021,April,4,,,Cagayan,Gattaran,13,13,136.5,93,136.5,0,0,19.62,20,0,0,Plant Hopper,rice,7.99,Watchlist
municipality_month,2021,April,4,,,Cagayan,Piat,3,3,5.9,164,5.9,0,0,16.67,25,0,0,Stem/Shoot/Fruit Borer,rice,9.77,Watchlist
municipality_month,2021,April,4,,,Cagayan,Sanchez Mira,20,20,253.5,213,253.5,0,0,39.25,60,0,5,Plant Hopper,rice,14.06,Watchlist
municipality_month,2021,April,4,,,Cagayan,Solana,5,5,9,11,9,0,0,24,30,0,0,Plant Hopper,corn,6.78,Watchlist
municipality_month,2021,April,4,,,Cagayan,Tuao,1,1,1.5,1,1.5,0,0,60,60,0,1,Fall Armyworm,corn,15.4,Watchlist
municipality_month,2021,April,4,,,Isabela,Aurora,5,5,16,11,16,0,0,10,20,0,0,Fall Armyworm,corn,3.46,Watchlist
municipality_month,2021,April,4,,,Isabela,Jones,6,6,927.8,946,927.8,0,0,28.5,76,0,1,Fall Armyworm,corn,41.45,Moderate
municipality_month,2021,April,4,,,Isabela,Roxas,1,1,3,4,3,0,0,10,10,0,0,Fall Armyworm,corn,3.9,Watchlist
municipality_month,2021,April,4,,,Isabela,Sta. Maria,2,2,2.5,92,2.5,0,0,3,3,0,0,Blast/Blight/Spot,rice,11.55,Watchlist
municipality_month,2021,April,4,,,Isabela,Sto. Tomas,2,2,10,25,10,0,0,10.5,18,0,0,Bacterial Leaf Blight,rice,6.4,Watchlist
municipality_month,2021,April,4,,,Quirino,Aglipay,3,3,5.5,33,5.5,0,0,7.67,15,0,0,Blast/Blight/Spot,corn,4.87,Watchlist
municipality_month,2021,April,4,,,Quirino,Diffun,4,4,13,77,13,0,0,7,10,0,0,Stem/Shoot/Fruit Borer,rice,6.95,Watchlist
municipality_month,2021,April,4,,,Quirino,Maddela,3,3,13,20,13,0,0,31.67,70,0,1,Fall Armyworm,corn,10.13,Watchlist
municipality_month,2021,May,5,,,Cagayan,Enrile,1,1,0.48,9,0.48,0,0,22,22,0,0,Fall Armyworm,rice,7.8,Watchlist
municipality_month,2021,May,5,,,Cagayan,Gonzaga,3,3,23.88,3,23.88,0,0,34.33,48,0,0,Fall Armyworm,rice,9.83,Watchlist
municipality_month,2021,May,5,,,Cagayan,Sta. Ana,2,2,6.68,6,6.68,0,0,27.5,40,0,0,Fall Armyworm,rice,8.05,Watchlist
municipality_month,2021,May,5,,,Cagayan,Tuao,2,2,5.5,4,5.5,0,0,32.5,35,0,0,Fall Armyworm,corn,9,Watchlist
municipality_month,2021,May,5,,,Isabela,Benito Soliven,1,1,1,1,1,0,0,60,60,0,1,Fall Armyworm,corn,15.4,Watchlist
municipality_month,2021,May,5,,,Isabela,Cauayan City,1,1,0.02,1,0.4,0,0,5,5,9,1,Stem/Shoot/Fruit Borer,hvc,16.5,Watchlist
municipality_month,2021,May,5,,,Isabela,Roxas,1,1,4,5,4,0,0,11,11,0,0,Fall Armyworm,corn,4.5,Watchlist
municipality_month,2021,May,5,,,Isabela,San Pablo,1,1,0.16,0,0.16,0,0,3,3,0,0,Fall Armyworm,rice,0.8,Watchlist
municipality_month,2021,May,5,,,Nueva Vizcaya,Kayapa,1,1,0.3,10,0.3,0,0,10,10,0,0,Blast/Blight/Spot,rice,5,Watchlist
municipality_month,2021,May,5,,,Quirino,Cabarroguis,2,2,0.56,2,0.56,0,0,4,5,0,0,Fall Armyworm,rice,1.3,Watchlist
municipality_month,2021,May,5,,,Quirino,Maddela,13,13,4.36,67,2.44,0,0,5.15,10,0,0,Taw,rice,2.62,Watchlist
municipality_month,2021,June,6,,,Cagayan,Claveria,1,0,0.08,8,0.08,0,0,10,10,0,0,Taw,rice,4.5,Watchlist
municipality_month,2021,June,6,,,Cagayan,Enrile,1,1,9,14,9,0,0,22,22,0,0,Fall Armyworm,rice,10.1,Watchlist
municipality_month,2021,June,6,,,Cagayan,Gonzaga,12,12,41.94,88,41.94,0,0,15,40,0,0,Fall Armyworm,rice,6.02,Watchlist
municipality_month,2021,June,6,,,Cagayan,Solana,2,2,40,21,40,0,0,60,60,0,2,Leaf Folder/Miner,rice,20.15,Watchlist
municipality_month,2021,June,6,,,Cagayan,Sta. Ana,7,7,8.14,73,8.14,0,0,10.29,12,0,0,Fall Armyworm,rice,5.33,Watchlist
municipality_month,2021,June,6,,,Isabela,Angadanan,4,4,4.4,0,4.4,0,0,13.75,20,0,0,Fall Armyworm,corn,3.58,Watchlist
municipality_month,2021,June,6,,,Isabela,Cabagan,1,1,3.2,0,3.2,0,0,3,3,0,0,Taw,rice,1.1,Watchlist
municipality_month,2021,June,6,,,Isabela,Roxas,2,2,32,30,32,0,0,2,2,0,0,Rbb,rice,6,Watchlist
municipality_month,2021,June,6,,,Isabela,San Mateo,1,1,0.1,19,0.1,0,0,3,3,0,0,Fall Armyworm,rice,5.5,Watchlist
municipality_month,2021,June,6,,,Isabela,Tumauini,1,1,1,13,1,0,0,2,2,0,0,Stem/Shoot/Fruit Borer,rice,3.9,Watchlist
municipality_month,2021,June,6,,,Nueva Vizcaya,Bagabag,4,4,2.3,10,2.3,0,0,22.5,52,0,1,Fall Armyworm,rice,6.3,Watchlist
municipality_month,2021,June,6,,,Nueva Vizcaya,Bayombong,3,3,16.08,1,16.08,0,0,5.33,10,0,0,Fall Armyworm,rice,2.1,Watchlist
municipality_month,2021,June,6,,,Nueva Vizcaya,Dupax del Sur,1,1,0.03,3,0.03,0,0,3,3,0,0,Taw,rice,1.5,Watchlist
municipality_month,2021,June,6,,,Nueva Vizcaya,Kayapa,2,2,14,54,14,0,0,45,80,0,1,Plant Hopper,rice,18.85,Watchlist
municipality_month,2021,June,6,,,Nueva Vizcaya,Solano,10,10,54.32,20,18.32,0,0,3.9,5,0,0,Bacterial Leaf Streak,rice,2.15,Watchlist
municipality_month,2021,June,6,,,Quirino,Cabarroguis,6,6,7.6,31,6.52,0,0,3.67,5,0,0,Taw,rice,2.37,Watchlist
municipality_month,2021,June,6,,,Quirino,Diffun,2,2,12,5,12,0,0,6.5,10,0,0,Whorl Maggot,rice,3,Watchlist
municipality_month,2021,June,6,,,Quirino,Maddela,2,2,8,0,8,0,0,3,3,0,0,Bacterial Leaf Blight,rice,1.2,Watchlist
municipality_month,2021,July,7,,,Cagayan,Enrile,3,3,40,16,40,0,0,10.67,18,0,0,Fall Armyworm,corn,5.67,Watchlist
municipality_month,2021,July,7,,,Cagayan,Sanchez Mira,1,1,2.5,3,2.5,0,0,30,30,0,0,Fall Armyworm,corn,8.6,Watchlist
municipality_month,2021,July,7,,,Cagayan,Solana,3,3,79,39,79,0,0,12.67,16,0,0,Fall Armyworm,corn,9.7,Watchlist
municipality_month,2021,July,7,,,Cagayan,Tuguegarao City,2,2,15,18,15,0,0,8,10,0,0,Fall Armyworm,corn,5.2,Watchlist
municipality_month,2021,July,7,,,Isabela,Angadanan,6,6,37.7,21,37.7,0,0,7.5,10,0,0,Fall Armyworm,corn,3.55,Watchlist
municipality_month,2021,July,7,,,Isabela,Aurora,2,2,85,75,85,0,0,14,14,0,0,Fall Armyworm,corn,18.2,Watchlist
municipality_month,2021,July,7,,,Isabela,Burgos,3,3,16,5,16,0,0,22.67,30,0,0,Bacterial Leaf Streak,rice,6.73,Watchlist
municipality_month,2021,July,7,,,Isabela,Cabagan,4,4,31.5,53,31.5,0,0,19.25,28,0,0,Fall Armyworm,corn,9.1,Watchlist
municipality_month,2021,July,7,,,Isabela,Cabatuan,5,5,43.5,43,43.5,0,0,11,15,0,0,Fall Armyworm,corn,5.98,Watchlist
municipality_month,2021,July,7,,,Isabela,City of Ilagan,8,8,304.4,442,304.4,0,0,12.38,24,0,0,Fall Armyworm,corn,17.44,Watchlist
municipality_month,2021,July,7,,,Isabela,Gamu,3,3,25.2,18,25.2,0,0,4,4,0,0,Fall Armyworm,corn,3.53,Watchlist
municipality_month,2021,July,7,,,Isabela,Jones,1,1,0.04,7,0.04,0,0,4,4,0,0,Fall Armyworm,rice,2.8,Watchlist
municipality_month,2021,July,7,,,Isabela,Luna,3,3,70,28,70,0,0,5.33,6,0,0,Fall Armyworm,corn,6.6,Watchlist
municipality_month,2021,July,7,,,Isabela,Mallig,1,1,30,45,30,0,0,10,10,0,0,Fall Armyworm,corn,17.5,Watchlist
municipality_month,2021,July,7,,,Isabela,Naguilian,1,1,10,10,10,0,0,4,4,0,0,Fall Armyworm,corn,4.8,Watchlist
municipality_month,2021,July,7,,,Isabela,Quezon,2,2,20,30,20,0,0,9.5,15,0,0,Fall Armyworm,corn,7.4,Watchlist
municipality_month,2021,July,7,,,Isabela,Quirino,3,3,115,95,115,0,0,4.67,6,0,0,Fall Armyworm,corn,13.87,Watchlist
municipality_month,2021,July,7,,,Isabela,Reina Mercedes,1,1,10,7,10,0,0,40,40,0,0,Fall Armyworm,corn,13,Watchlist
municipality_month,2021,July,7,,,Isabela,Roxas,3,3,105,85,105,0,0,19.33,30,0,0,Fall Armyworm,corn,16.27,Watchlist
municipality_month,2021,July,7,,,Isabela,San Agustin,11,11,150,145,147,0,0,15,20,0,0,Fall Armyworm,corn,8.74,Watchlist
municipality_month,2021,July,7,,,Isabela,San Guillermo,1,1,2,1,2,0,0,10,10,0,0,Fall Armyworm,corn,3,Watchlist
municipality_month,2021,July,7,,,Isabela,San Mariano,1,1,15,26,15,0,0,60,60,0,1,Fall Armyworm,corn,23.4,Watchlist
municipality_month,2021,July,7,,,Isabela,San Mateo,1,1,0.01,1,0.01,0,0,4,4,0,0,Fall Armyworm,corn,1.3,Watchlist
municipality_month,2021,July,7,,,Isabela,Santiago City,3,3,0.11,13,0.11,0,0,26.67,70,0,1,Fall Armyworm,rice,7.77,Watchlist
municipality_month,2021,July,7,,,Isabela,Sta. Maria,4,4,260,372,260,0,0,13.5,24,0,0,Fall Armyworm,corn,23.48,Watchlist
municipality_month,2021,July,7,,,Isabela,Sto. Tomas,7,7,611.5,435,611.5,0,0,14.86,26,0,0,Fall Armyworm,corn,24.2,Watchlist
municipality_month,2021,July,7,,,Isabela,Tumauini,7,6,335,420,335,0,0,20.29,30,0,0,Fall Armyworm,corn,19.61,Watchlist
municipality_month,2021,July,7,,,Nueva Vizcaya,Bagabag,1,1,2,2,2,0,0,15,15,0,0,Fall Armyworm,corn,4.5,Watchlist
municipality_month,2021,July,7,,,Nueva Vizcaya,Bayombong,8,8,22.3,75,22.3,0,0,12.88,25,0,0,Fall Armyworm,corn,5.9,Watchlist
municipality_month,2021,July,7,,,Nueva Vizcaya,Quezon,3,3,9,8,9,0,0,16.33,24,0,0,Fall Armyworm,corn,5.13,Watchlist
municipality_month,2021,July,7,,,Quirino,Aglipay,13,13,78.5,62,78.5,0,0,7.15,14,0,0,Fall Armyworm,corn,3.72,Watchlist
municipality_month,2021,July,7,,,Quirino,Cabarroguis,8,8,68.8,25,68.8,0,0,9.12,15,0,0,Fall Armyworm,rice,4.14,Watchlist
municipality_month,2021,July,7,,,Quirino,Diffun,10,10,113.4,69,113.4,0,0,7.5,15,0,0,Fall Armyworm,rice,5.02,Watchlist
municipality_month,2021,July,7,,,Quirino,Maddela,26,26,261,247,256,0,0,7.88,15,0,0,Fall Armyworm,corn,5.61,Watchlist
municipality_month,2021,July,7,,,Quirino,Nagtipunan,11,11,413,1,413,0,0,8.45,15,0,0,Fall Armyworm,corn,6.82,Watchlist
municipality_month,2021,July,7,,,Quirino,Naguilian,3,3,5.5,19,5.5,0,0,8,15,0,0,Whorl Maggot,rice,3.8,Watchlist
municipality_month,2021,July,7,,,Quirino,Saguday,4,4,45,42,45,0,0,10.5,12,0,0,Fall Armyworm,corn,6.68,Watchlist
municipality_month,2021,August,8,,,Cagayan,Abulug,1,1,5,4,5,0,0,18,18,0,0,Fall Armyworm,corn,6.1,Watchlist
municipality_month,2021,August,8,,,Cagayan,Enrile,2,2,62,33,62,0,0,22.5,30,0,0,Fall Armyworm,corn,13.65,Watchlist
municipality_month,2021,August,8,,,Cagayan,Gonzaga,2,2,3.5,8,3.5,0,0,42.5,60,0,1,Rice Tungro Virus,rice,11.85,Watchlist
municipality_month,2021,August,8,,,Cagayan,Solana,4,4,21,11,21,0,0,14.5,20,0,0,Fall Armyworm,rice,4.97,Watchlist
municipality_month,2021,August,8,,,Isabela,Alicia,2,2,10.5,34,10.5,0,0,6,10,0,0,Plant Hopper,rice,6.4,Watchlist
municipality_month,2021,August,8,,,Isabela,Aurora,1,1,8,0,8,0,0,8,8,0,0,Fall Armyworm,corn,3,Watchlist
municipality_month,2021,August,8,,,Isabela,Burgos,11,11,280,242,280,0,0,26.36,50,0,1,Plant Hopper,rice,13.02,Watchlist
municipality_month,2021,August,8,,,Isabela,City of Ilagan,8,8,119.1,34,119.1,0,0,36.5,90,0,3,Plant Hopper,rice,12.04,Watchlist
municipality_month,2021,August,8,,,Isabela,Echague,6,6,50.5,51,50.5,0,0,13.33,30,0,0,Fall Armyworm,corn,6.48,Watchlist
municipality_month,2021,August,8,,,Isabela,Gamu,2,2,45,3,45,0,0,35,40,0,0,Plant Hopper,rice,11.95,Watchlist
municipality_month,2021,August,8,,,Isabela,Jones,2,2,25,35,25,0,0,2,2,0,0,Plant Hopper,rice,6.45,Watchlist
municipality_month,2021,August,8,,,Isabela,Luna,3,3,13,135,13,0,0,20,30,0,0,Bacterial Leaf Streak,rice,11.37,Watchlist
municipality_month,2021,August,8,,,Isabela,Quezon,2,2,15,15,15,0,0,5,6,0,0,Fall Armyworm,corn,4.1,Watchlist
municipality_month,2021,August,8,,,Isabela,Quirino,2,2,20,2,20,0,0,14,20,0,0,Plant Hopper,rice,5,Watchlist
municipality_month,2021,August,8,,,Isabela,Ramon,5,5,21.08,61,21.08,0,0,5.8,10,0,0,Plant Hopper,rice,5.04,Watchlist
municipality_month,2021,August,8,,,Isabela,Roxas,9,9,174.8,59,174.8,0,0,13.11,30,0,0,Plant Hopper,rice,7.33,Watchlist
municipality_month,2021,August,8,,,Isabela,San Mateo,4,4,1.06,65,1.06,0,0,6,10,0,0,Plant Hopper,rice,5.6,Watchlist
municipality_month,2021,August,8,,,Isabela,Santiago City,1,1,0.5,11,0.5,0,0,10,10,0,0,Plant Hopper,rice,5.3,Watchlist
municipality_month,2021,August,8,,,Isabela,Sta. Maria,4,4,438,399,438,0,0,10,12,0,0,Fall Armyworm,corn,29.7,Watchlist
municipality_month,2021,August,8,,,Isabela,Sto. Tomas,5,5,558,365,558,0,0,11.6,16,0,0,Fall Armyworm,corn,31.1,Watchlist
municipality_month,2021,August,8,,,Isabela,Tumauini,2,2,1.5,0,1.5,0,0,17.5,30,0,0,Plant Hopper,rice,4.5,Watchlist
municipality_month,2021,August,8,,,Nueva Vizcaya,Bayombong,4,4,64,9,64,0,0,16.25,20,0,0,Bacterial Leaf Blight,rice,6.62,Watchlist
municipality_month,2021,August,8,,,Nueva Vizcaya,Kasibu,1,1,0.2,2,0.2,0,0,40,40,0,0,Fall Armyworm,corn,10.5,Watchlist
municipality_month,2021,August,8,,,Nueva Vizcaya,Quezon,4,4,24,10,24,0,0,20,30,0,0,Plant Hopper,rice,6.38,Watchlist
municipality_month,2021,August,8,,,Nueva Vizcaya,Solano,5,5,23,15,37,0,0,13,20,0,0,Fall Armyworm,rice,4.56,Watchlist
municipality_month,2021,August,8,,,Quirino,Aglipay,3,3,16.8,12,16.8,0,0,8,14,0,0,Fall Armyworm,corn,3.7,Watchlist
municipality_month,2021,August,8,,,Quirino,Cabarroguis,7,7,31.5,69,31.5,0,0,10.14,15,0,0,Rbb,rice,5.56,Watchlist
municipality_month,2021,August,8,,,Quirino,Diffun,11,11,147.5,98,147.5,0,0,9.91,20,0,0,Fall Armyworm,corn,6.39,Watchlist
municipality_month,2021,August,8,,,Quirino,Maddela,10,10,122.8,79,122.8,0,0,8.9,25,0,0,Plant Hopper,rice,5.73,Watchlist
municipality_month,2021,August,8,,,Quirino,Nagtipunan,1,1,2,3,2,0,0,15,15,0,0,Fall Armyworm,corn,4.8,Watchlist
municipality_month,2021,August,8,,,Quirino,Naguilian,4,4,19.1,4,19.1,0,0,8.25,15,0,0,Plant Hopper,rice,2.9,Watchlist
municipality_month,2021,September,9,,,Cagayan,Baggao,1,1,10,2,10,0,0,15,15,0,0,Plant Hopper,rice,5.5,Watchlist
municipality_month,2021,September,9,,,Cagayan,Ballesteros,1,1,20,0,10,0,0,10,10,0,0,Plant Hopper,rice,5,Watchlist
municipality_month,2021,September,9,,,Cagayan,Enrile,2,2,42,18,42,0,0,12.5,15,0,0,Fall Armyworm,corn,8,Watchlist
municipality_month,2021,September,9,,,Cagayan,Solana,3,3,120,3,120,0,0,25,40,0,0,Plant Hopper,rice,11.5,Watchlist
municipality_month,2021,September,9,,,Cagayan,Tuguegarao,1,1,21,1,21,0,0,40,40,0,0,Plant Hopper,rice,12.9,Watchlist
municipality_month,2021,September,9,,,Cagayan,Tuguegarao City,2,2,18,18,18,0,0,10,10,0,0,Fall Armyworm,corn,5.9,Watchlist
municipality_month,2021,September,9,,,Isabela,Alicia,5,5,14,22,14,0,0,6.8,8,0,0,Plant Hopper,rice,3.14,Watchlist
municipality_month,2021,September,9,,,Isabela,Angadanan,2,2,4.2,0,4.2,0,0,30,50,0,1,Plant Hopper,rice,7.8,Watchlist
municipality_month,2021,September,9,,,Isabela,Burgos,2,2,22,30,22,0,0,30,30,0,0,Plant Hopper,rice,12.6,Watchlist
municipality_month,2021,September,9,,,Isabela,Cabatuan,11,11,240.3,52,240.3,0,0,10.91,15,0,0,Plant Hopper,rice,6.65,Watchlist
municipality_month,2021,September,9,,,Isabela,Cauayan City,9,9,57.2,97,57.2,0,0,12.22,20,0,0,Plant Hopper,rice,6.54,Watchlist
municipality_month,2021,September,9,,,Isabela,City of Ilagan,1,1,20,0,20,0,0,80,80,0,1,Plant Hopper,rice,22.5,Watchlist
municipality_month,2021,September,9,,,Isabela,Gamu,3,3,30,8,30,0,0,23.33,30,0,0,Plant Hopper,rice,7.77,Watchlist
municipality_month,2021,September,9,,,Isabela,Mallig,2,2,40,6,40,0,0,15,20,0,0,Plant Hopper,rice,7,Watchlist
municipality_month,2021,September,9,,,Isabela,Naguilian,3,3,75,13,75,0,0,20,30,0,0,Plant Hopper,rice,9.23,Watchlist
municipality_month,2021,September,9,,,Isabela,Quezon,3,3,55,48,55,0,0,13.33,20,0,0,Plant Hopper,rice,9.6,Watchlist
municipality_month,2021,September,9,,,Isabela,Ramon,5,5,213.54,57,213.54,0,0,10,10,0,0,Plant Hopper,rice,10.66,Watchlist
municipality_month,2021,September,9,,,Isabela,Roxas,2,2,73,4,73,0,0,17.5,20,0,0,Plant Hopper,rice,9.4,Watchlist
municipality_month,2021,September,9,,,Isabela,San Agustin,1,1,10.35,5,10.35,0,0,60,60,0,1,Plant Hopper,rice,17.5,Watchlist
municipality_month,2021,September,9,,,Isabela,San Manuel,5,5,160,7,160,0,0,15,20,0,0,Plant Hopper,rice,8.08,Watchlist
municipality_month,2021,September,9,,,Isabela,San Mateo,9,9,23.7,46,23.7,0,0,16.89,50,0,1,Plant Hopper,rice,5.82,Watchlist
municipality_month,2021,September,9,,,Isabela,Santiago City,2,2,3.4,66,3.4,0,0,7.5,10,0,0,Plant Hopper,rice,9.6,Watchlist
municipality_month,2021,September,9,,,Isabela,Sto. Tomas,1,1,20,0,20,0,0,50,50,0,1,Plant Hopper,rice,15,Watchlist
municipality_month,2021,September,9,,,Isabela,Tumauini,3,3,75,32,75,0,0,80,90,0,3,Plant Hopper,rice,25.8,Watchlist
municipality_month,2021,September,9,,,Nueva Vizcaya,Bambang,1,1,3,7,3,0,0,60,60,0,1,Plant Hopper,rice,17.1,Watchlist
municipality_month,2021,September,9,,,Nueva Vizcaya,Bayombong,4,4,213,32,213,0,0,40,60,0,1,Plant Hopper,rice,18.68,Watchlist
municipality_month,2021,September,9,,,Nueva Vizcaya,Kasibu,6,5,68.5,4,68.5,0,0,43.33,60,0,2,Plant Hopper,rice,12.42,Watchlist
municipality_month,2021,September,9,,,Nueva Vizcaya,Kayapa,11,11,280,103,280,0,0,53.64,70,0,7,Plant Hopper,rice,18.95,Watchlist
municipality_month,2021,September,9,,,Nueva Vizcaya,Quezon,3,3,23,5,23,0,0,40,50,0,1,Plant Hopper,rice,11.37,Watchlist
municipality_month,2021,September,9,,,Nueva Vizcaya,Solano,1,1,21,13,21,0,0,50,50,0,1,Plant Hopper,rice,18.4,Watchlist
municipality_month,2021,September,9,,,Quirino,Aglipay,3,3,47,25,47,0,0,10.33,18,0,0,Plant Hopper,rice,6.63,Watchlist
municipality_month,2021,September,9,,,Quirino,Cabarroguis,13,13,249,101,239,0,0,19,60,0,2,Plant Hopper,rice,9.08,Watchlist
municipality_month,2021,September,9,,,Quirino,Diffun,14,14,447,117,447,0,0,17.64,50,0,3,Plant Hopper,rice,10.49,Watchlist
municipality_month,2021,September,9,,,Quirino,Maddela,13,12,173,4,173,0,0,8.69,20,0,0,Plant Hopper,rice,3.9,Watchlist
municipality_month,2021,September,9,,,Quirino,Saguday,12,12,476,64,476,0,0,30.25,50,0,5,Plant Hopper,rice,13.86,Watchlist
municipality_month,2021,September,9,,,Quirino,Villamor,1,1,22,40,22,0,0,6,6,0,0,Plant Hopper,rice,14.2,Watchlist
municipality_month,2021,October,10,,,Isabela,Alicia,1,1,1.5,0,1.5,0,0,5,5,0,0,Stem/Shoot/Fruit Borer,rice,1.4,Watchlist
municipality_month,2021,October,10,,,Isabela,Aurora,4,4,11.5,6,11.5,0,0,50,50,0,4,Fall Armyworm,corn,13.22,Watchlist
municipality_month,2021,October,10,,,Isabela,Delfin Albano,2,2,49.2,0,49.2,0,0,55,70,0,1,Plant Hopper,rice,16.8,Watchlist
municipality_month,2021,October,10,,,Isabela,Luna,1,1,10,4,10,0,0,20,20,0,0,Fall Armyworm,corn,7.2,Watchlist
municipality_month,2021,October,10,,,Isabela,Mallig,1,1,5,4,5,0,0,4,4,0,0,Fall Armyworm,corn,2.6,Watchlist
municipality_month,2021,October,10,,,Isabela,Roxas,4,4,25,7,25,0,0,11.25,15,0,0,Fall Armyworm,rice,4,Watchlist
municipality_month,2021,October,10,,,Isabela,Santiago City,1,1,3,0,3,0,0,5,5,0,0,Stem/Shoot/Fruit Borer,rice,1.6,Watchlist
municipality_month,2021,October,10,,,Isabela,Sto. Tomas,1,1,5,1,5,0,0,60,60,0,1,Fall Armyworm,corn,15.9,Watchlist
municipality_month,2021,October,10,,,Nueva Vizcaya,Bayombong,3,3,6.5,32,6.5,0,0,36.67,50,0,2,Blast/Blight/Spot,rice,12.1,Watchlist
municipality_month,2021,October,10,,,Nueva Vizcaya,Diadi,1,1,3,1,3,0,0,30,30,0,0,Plant Hopper,rice,8.1,Watchlist
municipality_month,2021,October,10,,,Nueva Vizcaya,Solano,3,3,26,0,26,0,0,20,30,0,0,Rbb,rice,6.1,Watchlist
municipality_month,2021,October,10,,,Nueva Vizcaya,Villaverde,1,1,1.2,0,1.2,0,0,30,30,0,0,Bacterial Leaf Streak,rice,7.7,Watchlist
municipality_month,2021,October,10,,,Quirino,Cabarroguis,4,4,36,3,36,0,0,7.5,10,0,0,Plant Hopper,rice,3.17,Watchlist
municipality_month,2021,October,10,,,Quirino,Diffun,11,11,497,29,497,0,0,7.09,10,0,0,Plant Hopper,rice,8.11,Watchlist
municipality_month,2021,October,10,,,Quirino,Maddela,2,2,6.5,1,6.5,0,0,12,14,0,0,Stem/Shoot/Fruit Borer,rice,3.5,Watchlist
municipality_month,2021,October,10,,,Quirino,Saguday,2,2,80,15,80,0,0,10,10,0,0,Plant Hopper,rice,9.35,Watchlist
municipality_month,2021,November,11,,,Cagayan,Solana,2,2,6.5,6,6.5,0,0,6,6,0,0,Fall Armyworm,corn,2.65,Watchlist
municipality_month,2021,November,11,,,Cagayan,Tuao,1,1,2,0,2,0,0,6,6,0,0,Leaf Folder/Miner,rice,1.8,Watchlist
municipality_month,2021,November,11,,,Cagayan,Tuguegarao,2,2,5,2,5,0,0,6,6,0,0,Stem/Shoot/Fruit Borer,hvc,1.3,Watchlist
municipality_month,2021,November,11,,,Cagayan,Tuguegarao City,2,2,5,2,5,0,0,5.5,6,9,2,Stem/Shoot/Fruit Borer,hvc,16.9,Watchlist
municipality_month,2021,November,11,,,Isabela,Aurora,5,5,137,110,137,0,0,6.8,10,0,0,Fall Armyworm,corn,10.6,Watchlist
municipality_month,2021,November,11,,,Isabela,Burgos,2,2,11,0,11,0,0,25,30,0,0,Rbb,rice,6.9,Watchlist
municipality_month,2021,November,11,,,Isabela,Cabagan,3,3,85,89,85,0,0,9.33,12,0,0,Fall Armyworm,corn,13.27,Watchlist
municipality_month,2021,November,11,,,Isabela,Cabatuan,1,1,25,15,25,0,0,10,10,0,0,Fall Armyworm,corn,9.4,Watchlist
municipality_month,2021,November,11,,,Isabela,City of Ilagan,4,4,225.63,165,225.63,0,0,21.25,38,0,0,Fall Armyworm,corn,22.35,Watchlist
municipality_month,2021,November,11,,,Isabela,Delfin Albano,1,1,1,0,1,0,0,2,2,0,0,Rbb,rice,0.6,Watchlist
municipality_month,2021,November,11,,,Isabela,Gamu,4,4,25,2,25,0,0,6,10,0,0,Rice Tungro Virus,rice,2.4,Watchlist
municipality_month,2021,November,11,,,Isabela,Quezon,2,2,12,0,12,0,0,10,10,0,0,Rbb,rice,3.25,Watchlist
municipality_month,2021,November,11,,,Isabela,Quirino,4,4,9,0,6,0,0,10,10,0,0,Rbb,rice,2.75,Watchlist
municipality_month,2021,November,11,,,Isabela,Roxas,3,3,8.5,0,8.5,0,0,15,20,0,0,Rbb,rice,4.1,Watchlist
municipality_month,2021,November,11,,,Isabela,San Mateo,2,2,18,0,18,0,0,2,2,0,0,Rbb,rice,1.6,Watchlist
municipality_month,2021,November,11,,,Isabela,San Pablo,2,2,37,40,37,0,0,11,12,0,0,Fall Armyworm,corn,10.05,Watchlist
municipality_month,2021,November,11,,,Isabela,Sta. Maria,1,1,5,7,5,0,0,10,10,0,0,Fall Armyworm,corn,4.9,Watchlist
municipality_month,2021,November,11,,,Isabela,Sto. Tomas,5,5,175.9,178,175.9,0,0,12.4,16,0,0,Fall Armyworm,corn,15.7,Watchlist
municipality_month,2021,November,11,,,Isabela,Tumauini,2,2,20.5,13,20.5,0,0,10,12,0,0,Fall Armyworm,corn,5.4,Watchlist
municipality_month,2021,November,11,,,Nueva Vizcaya,Bayombong,1,1,15,0,15,0,0,10,10,0,0,Rbb,rice,4.4,Watchlist
municipality_month,2021,November,11,,,Nueva Vizcaya,Solano,2,2,25,0,15,0,0,7.5,10,0,0,Leaf Folder/Miner,rice,3.45,Watchlist
municipality_month,2021,November,11,,,Nueva Vizcaya,Villaverde,3,3,27,0,17,0,0,11.67,20,0,0,Rbb,rice,4.07,Watchlist
municipality_month,2021,November,11,,,Quirino,Aglipay,1,1,4,2,4,0,0,6,6,0,0,Fall Armyworm,corn,2.5,Watchlist
municipality_month,2021,November,11,,,Quirino,Cabarroguis,2,2,22,3,22,0,0,6,8,0,0,Rbb,rice,3.25,Watchlist
municipality_month,2021,November,11,,,Quirino,Diffun,7,7,111,53,111,0,0,7.43,12,0,0,Fall Armyworm,corn,5.74,Watchlist
municipality_month,2021,November,11,,,Quirino,Saguday,1,1,35,22,35,0,0,6,6,0,0,Fall Armyworm,corn,11.4,Watchlist
municipality_month,2021,December,12,,,Cagayan,Enrile,1,1,2.7,0,2.7,0,0,12,12,0,0,Bacterial Leaf Blight,rice,3.3,Watchlist
municipality_month,2021,December,12,,,Cagayan,Piat,2,2,14,12,14,0,0,8,10,0,0,Fall Armyworm,corn,4.4,Watchlist
municipality_month,2021,December,12,,,Cagayan,Solana,4,4,49,39,49,0,0,11,15,0,0,Fall Armyworm,corn,6.72,Watchlist
municipality_month,2021,December,12,,,Cagayan,Tuguegarao City,1,1,20,25,20,0,0,8,8,0,0,Fall Armyworm,corn,10.8,Watchlist
municipality_month,2021,December,12,,,Isabela,Angadanan,3,3,2.9,3,3.2,0,0,5,5,0,0,Fall Armyworm,corn,1.6,Watchlist
municipality_month,2021,December,12,,,Isabela,Burgos,1,1,20,15,20,0,0,4,4,0,0,Fall Armyworm,corn,7.2,Watchlist
municipality_month,2021,December,12,,,Isabela,Cabagan,1,1,1.5,0,1.5,0,0,5,5,0,0,Blast/Blight/Spot,rice,1.4,Watchlist
municipality_month,2021,December,12,,,Isabela,Cabatuan,22,22,179,0,179,231,231,2.68,5,0,0,Rodents,rice,3.79,Watchlist
municipality_month,2021,December,12,,,Isabela,Cauayan City,1,1,0.8,0,0.8,0,0,5,5,0,0,Blast/Blight/Spot,rice,1.4,Watchlist
municipality_month,2021,December,12,,,Isabela,Delfin Albano,1,1,10,0,10,0,0,5,5,0,0,Rbb,rice,2.5,Watchlist
municipality_month,2021,December,12,,,Isabela,Gamu,3,3,103,20,103,0,0,4,5,0,0,Rbb,rice,6.97,Watchlist
municipality_month,2021,December,12,,,Isabela,Quirino,5,5,57.8,40,57.8,0,0,4.8,6,0,0,Fall Armyworm,corn,4.66,Watchlist
municipality_month,2021,December,12,,,Isabela,Roxas,8,8,20.74,0,20.74,0,0,6.75,10,0,0,Rbb,rice,2,Watchlist
municipality_month,2021,December,12,,,Isabela,San Guillermo,2,2,47,42,47,0,0,8.5,10,0,0,Fall Armyworm,corn,10.35,Watchlist
municipality_month,2021,December,12,,,Isabela,Sta. Maria,6,6,51,33,51,0,0,5,8,0,0,Fall Armyworm,rice,3.47,Watchlist
municipality_month,2021,December,12,,,Isabela,Sto. Tomas,1,1,40,52,40,0,0,10,10,0,0,Fall Armyworm,corn,20.5,Watchlist
municipality_month,2021,December,12,,,Isabela,Tumauini,14,14,407.3,401,404.3,0,0,13.57,18,0,0,Fall Armyworm,corn,14.01,Watchlist
municipality_month,2021,December,12,,,Nueva Vizcaya,Bambang,2,2,6,7,6,0,0,12.5,15,0,0,Fall Armyworm,corn,4.35,Watchlist
municipality_month,2021,December,12,,,Nueva Vizcaya,Bayombong,2,2,15,19,15,0,0,12.5,15,0,0,Fall Armyworm,corn,6.45,Watchlist
municipality_month,2021,December,12,,,Quirino,Aglipay,4,4,28,21,28,0,0,4.75,6,0,0,Fall Armyworm,corn,3.38,Watchlist
municipality_month,2021,December,12,,,Quirino,Cabarroguis,1,1,9,20,9,0,0,6,6,0,0,Fall Armyworm,corn,7.6,Watchlist
municipality_month,2021,December,12,,,Quirino,Diffun,2,2,23,18,23,0,0,5.5,6,0,0,Bacterial Leaf Blight,rice,5.05,Watchlist
municipality_month,2021,December,12,,,Quirino,Maddela,3,3,14,12,14,0,0,5,7,0,0,Fall Armyworm,corn,2.83,Watchlist
municipality_month,2021,December,12,,,Quirino,Naguilian,2,2,7.6,0,7.6,0,0,3,3,0,0,Rbb,rice,1.2,Watchlist
municipality_month,2022,January,1,,,Cagayan,Alcala,4,4,30.5,10,30.5,0,0,10,10,0,0,Fall Armyworm,corn,4.05,Watchlist
municipality_month,2022,January,1,,,Cagayan,Enrile,4,4,40,142,40,0,0,15,15,0,0,Rodents,rice,9.45,Watchlist
municipality_month,2022,January,1,,,Cagayan,Solana,12,12,138.5,73,138.5,0,0,10,10,0,0,Fall Armyworm,corn,5.47,Watchlist
municipality_month,2022,January,1,,,Cagayan,Sto. Ni�o,1,1,25,3,25,0,0,15,15,0,0,Fall Armyworm,corn,7.6,Watchlist
municipality_month,2022,January,1,,,Isabela,Alicia,4,4,15.01,7,15.01,0,0,4.25,5,0,0,Rodents,rice,1.98,Watchlist
municipality_month,2022,January,1,,,Isabela,Angadanan,1,1,0.2,29,0.2,0,0,2,2,0,0,Aphids/Scale/Mealybug,corn,7.8,Watchlist
municipality_month,2022,January,1,,,Isabela,Burgos,1,1,15,3,15,0,0,3,3,0,0,Rodents,rice,3.4,Watchlist
municipality_month,2022,January,1,,,Isabela,Cabagan,3,3,21,23,21,0,0,31.67,50,0,1,Leaf Folder/Miner,rice,10.7,Watchlist
municipality_month,2022,January,1,,,Isabela,Cabatuan,30,30,155,381,157,0,0,5.7,15,0,0,Bacterial Leaf Streak,rice,4.77,Watchlist
municipality_month,2022,January,1,,,Isabela,Cauayan City,1,1,0.2,1,0.2,0,0,10,10,0,0,Rodents,rice,2.8,Watchlist
municipality_month,2022,January,1,,,Isabela,City of Ilagan,1,1,5,2,10,0,0,16,16,0,0,Fall Armyworm,corn,5.1,Watchlist
municipality_month,2022,January,1,,,Isabela,Delfin Albano,14,14,795.94,111,795.94,0,0,22.21,89,0,3,Rodents,rice,14.44,Watchlist
municipality_month,2022,January,1,,,Isabela,Gamu,2,2,35,17,35,0,0,7.5,10,0,0,Leaf Folder/Miner,rice,6.2,Watchlist
municipality_month,2022,January,1,,,Isabela,Quezon,13,13,397.9,44,397.9,0,0,3,3,0,0,Rbb,rice,5.42,Watchlist
municipality_month,2022,January,1,,,Isabela,Quirino,3,3,23,5,23,0,0,4.33,5,0,0,Rodents,rice,2.5,Watchlist
municipality_month,2022,January,1,,,Isabela,Ramon,5,5,19.3,59,19.3,0,0,7.6,15,0,0,Rodents,rice,5.34,Watchlist
municipality_month,2022,January,1,,,Isabela,Roxas,5,5,44.6,45,44.6,0,0,20,30,0,0,Fall Armyworm,corn,8.38,Watchlist
municipality_month,2022,January,1,,,Isabela,San Guillermo,5,5,76.5,65,76.5,0,0,12,15,0,0,Rodents,corn,8.18,Watchlist
municipality_month,2022,January,1,,,Isabela,San Manuel,19,17,701.71,124,702.23,0,0,10,10,0,0,Rodents,rice,8.75,Watchlist
municipality_month,2022,January,1,,,Isabela,San Mateo,2,2,5.5,18,5.5,0,0,6.5,10,0,0,Blast/Blight/Spot,rice,4.25,Watchlist
municipality_month,2022,January,1,,,Isabela,San Pablo,3,3,212,196,212,0,0,31.67,35,0,0,Rodents,corn,30,Watchlist
municipality_month,2022,January,1,,,Isabela,Sta. Maria,3,3,85,76,85,0,0,12.33,18,0,0,Blast/Blight/Spot,rice,12.5,Watchlist
municipality_month,2022,January,1,,,Isabela,Sto. Tomas,2,2,14,9,14,0,0,4,5,0,0,Leaf Folder/Miner,rice,3,Watchlist
municipality_month,2022,January,1,,,Isabela,Tumauini,28,28,934,797,934,0,0,20.71,30,0,0,Rodents,corn,16.28,Watchlist
municipality_month,2022,January,1,,,Nueva Vizcaya,Bagabag,1,1,2,3,2,0,0,15,15,0,0,Fall Armyworm,corn,4.8,Watchlist
municipality_month,2022,January,1,,,Nueva Vizcaya,Bayombong,3,3,11,14,11,0,0,38.67,46,0,0,Fall Armyworm,corn,11.3,Watchlist
municipality_month,2022,January,1,,,Nueva Vizcaya,Solano,2,2,25.1,33,25.1,0,0,12.5,15,0,0,Bacterial Leaf Blight,rice,8.8,Watchlist
municipality_month,2022,January,1,,,Quirino,Aglipay,5,5,52.3,43,52.3,0,0,17.2,20,0,0,Blast/Blight/Spot,rice,7.76,Watchlist
municipality_month,2022,January,1,,,Quirino,Cabarroguis,10,10,139,95,139,0,0,10.8,23,0,0,Leaf Folder/Miner,rice,6.81,Watchlist
municipality_month,2022,January,1,,,Quirino,Diffun,17,17,146.48,67,146.48,0,0,5.47,7,0,0,Blast/Blight/Spot,rice,3.44,Watchlist
municipality_month,2022,January,1,,,Quirino,Maddela,8,8,22,38,22,0,0,6.25,7,0,0,Leaf Folder/Miner,rice,3.08,Watchlist
municipality_month,2022,January,1,,,Quirino,Naguilian,1,1,1,2,1,0,0,5,5,0,0,Blast/Blight/Spot,rice,1.9,Watchlist
municipality_month,2022,February,2,,,Cagayan,Alcala,1,1,10,2,10,0,0,20,20,0,0,Fall Armyworm,corn,6.8,Watchlist
municipality_month,2022,February,2,,,Cagayan,Amulung,4,4,36,15,36,0,0,50,90,0,2,Bacterial Leaf Blight,rice,14.6,Watchlist
municipality_month,2022,February,2,,,Cagayan,Baggao,2,2,41.4,36,41.4,0,0,17.5,25,0,0,Fall Armyworm,corn,11.5,Watchlist
municipality_month,2022,February,2,,,Cagayan,Ballesteros,14,14,25.34,77,39.7,0,0,10,20,0,0,Bacterial Leaf Blight,rice,4.09,Watchlist
municipality_month,2022,February,2,,,Cagayan,Buguey,2,2,15,10,15,0,0,60,60,0,2,Blast/Blight/Spot,rice,17.2,Watchlist
municipality_month,2022,February,2,,,Cagayan,Claveria,3,3,6,31,6,0,0,10,10,0,0,Rodents,rice,5.37,Watchlist
municipality_month,2022,February,2,,,Cagayan,Enrile,6,6,38,53,38,0,0,13.33,20,0,0,Blast/Blight/Spot,rice,6.33,Watchlist
municipality_month,2022,February,2,,,Cagayan,Gattaran,1,1,7.9,14,7.9,0,0,10,10,0,0,Fall Armyworm,corn,7,Watchlist
municipality_month,2022,February,2,,,Cagayan,Gonzaga,3,3,5.5,74,5.5,0,0,4,10,0,0,Whorl Maggot,rice,6.83,Watchlist
municipality_month,2022,February,2,,,Cagayan,Iguig,13,13,49.02,82,49.02,0,0,20.15,30,0,0,Blast/Blight/Spot,rice,7.09,Watchlist
municipality_month,2022,February,2,,,Cagayan,Lal-lo,1,1,5.3,5,5.3,0,0,34,34,0,0,Fall Armyworm,corn,10.4,Watchlist
municipality_month,2022,February,2,,,Cagayan,Pe?a Blanca,1,1,2.5,3,2.5,0,0,5,5,0,0,Blast/Blight/Spot,rice,2.3,Watchlist
municipality_month,2022,February,2,,,Cagayan,Pe�a Blanca,2,2,90,44,90,0,0,17.5,20,0,0,Fall Armyworm,corn,15.5,Watchlist
municipality_month,2022,February,2,,,Cagayan,Solana,7,7,130,31,130,0,0,7.14,15,0,0,Bacterial Leaf Streak,rice,5.21,Watchlist
municipality_month,2022,February,2,,,Cagayan,Tuao,4,4,256,66,256,0,0,11.25,15,0,0,Rodents,corn,14.95,Watchlist
municipality_month,2022,February,2,,,Isabela,Angadanan,29,29,187.87,191,187.92,0,0,32.45,65,0,12,Blast/Blight/Spot,rice,10.56,Watchlist
municipality_month,2022,February,2,,,Isabela,Aurora,7,7,47.6,77,47.6,0,0,18.29,38,0,0,Blast/Blight/Spot,rice,8.19,Watchlist
municipality_month,2022,February,2,,,Isabela,Burgos,10,10,96.7,52,96.7,0,0,19.5,35,0,0,Plant Hopper,rice,7.39,Watchlist
municipality_month,2022,February,2,,,Isabela,Cabagan,10,10,285,238,285,0,0,21.5,70,0,1,Blast/Blight/Spot,rice,13.39,Watchlist
municipality_month,2022,February,2,,,Isabela,Cabatuan,3,3,87.6,15,14,0,0,8.33,10,0,0,Stem/Shoot/Fruit Borer,rice,6.97,Watchlist
municipality_month,2022,February,2,,,Isabela,Cauayan City,1,1,3,1,3,0,0,10,10,0,0,Blast/Blight/Spot,rice,3.1,Watchlist
municipality_month,2022,February,2,,,Isabela,City of Ilagan,12,12,110.6,130,110.6,0,0,33.25,70,0,4,Fall Armyworm,corn,12.17,Watchlist
municipality_month,2022,February,2,,,Isabela,Delfin Albano,14,14,86,122,86,0,0,26.64,70,0,1,Blast/Blight/Spot,rice,9.46,Watchlist
municipality_month,2022,February,2,,,Isabela,Echague,3,3,6,46,6,0,0,15,20,0,0,Plant Hopper,rice,7.83,Watchlist
municipality_month,2022,February,2,,,Isabela,Gamu,5,5,53,42,53,0,0,20.6,40,0,0,Plant Hopper,rice,8.56,Watchlist
municipality_month,2022,February,2,,,Isabela,Jones,1,1,29.34,15,29.34,0,0,30,30,0,0,Plant Hopper,rice,14.9,Watchlist
municipality_month,2022,February,2,,,Isabela,Mallig,18,18,79.9,145,79.9,0,0,11.67,25,0,0,Rodents,rice,5.49,Watchlist
municipality_month,2022,February,2,,,Isabela,Roxas,4,4,29,17,29,0,0,5.75,8,0,0,Stem/Shoot/Fruit Borer,rice,3.4,Watchlist
municipality_month,2022,February,2,,,Isabela,San Isidro,4,4,36.6,10,36.6,0,0,15,15,0,0,Disease - Fungal/Bacterial,rice,5.53,Watchlist
municipality_month,2022,February,2,,,Isabela,San Manuel,7,7,134.18,84,134.18,0,0,10.71,15,0,0,Blast/Blight/Spot,rice,8.07,Watchlist
municipality_month,2022,February,2,,,Isabela,San Mariano,3,3,18.5,11,18.5,0,0,1,1,0,0,Blast/Blight/Spot,rice,1.93,Watchlist
municipality_month,2022,February,2,,,Isabela,San Mateo,1,1,0.03,1,0.03,0,0,20,20,0,0,Fall Armyworm,corn,5.3,Watchlist
municipality_month,2022,February,2,,,Isabela,San Pablo,4,4,48.3,27,48.3,0,0,23.75,50,0,1,Leaf Folder/Miner,rice,9.12,Watchlist
municipality_month,2022,February,2,,,Isabela,Santiago City,6,6,10.4,55,10.4,0,0,11.67,15,0,0,Blast/Blight/Spot,rice,5.43,Watchlist
municipality_month,2022,February,2,,,Isabela,Sta. Maria,6,6,116,44,116,0,0,38.33,80,0,2,Blast/Blight/Spot,rice,13.85,Watchlist
municipality_month,2022,February,2,,,Isabela,Sto. Tomas,12,12,193.8,162,255.3,0,0,32.83,70,0,2,Plant Hopper,rice,13.15,Watchlist
municipality_month,2022,February,2,,,Isabela,Tumauini,2,2,7.5,20,7.5,0,0,36.5,70,0,1,Leaf Folder/Miner,rice,12.05,Watchlist
municipality_month,2022,February,2,,,Nueva Vizcaya,Bayombong,1,1,5,15,5,0,0,10,10,0,0,Bacterial Leaf Streak,rice,6.9,Watchlist
municipality_month,2022,February,2,,,Nueva Vizcaya,Diadi,1,1,15,0,15,0,0,30,30,0,0,Blast/Blight/Spot,rice,9.4,Watchlist
municipality_month,2022,February,2,,,Nueva Vizcaya,Kasibu,10,10,45.54,141,45.54,0,0,28.5,40,0,0,Blast/Blight/Spot,rice,11.08,Watchlist
municipality_month,2022,February,2,,,Nueva Vizcaya,Quezon,5,5,61,7,61,0,0,20,40,0,0,Blast/Blight/Spot,rice,6.88,Watchlist
municipality_month,2022,February,2,,,Nueva Vizcaya,Villaverde,3,3,11,12,11,0,0,13.33,20,0,0,Leaf Folder/Miner,rice,4.8,Watchlist
municipality_month,2022,February,2,,,Quirino,Aglipay,12,12,201.7,60,201.7,0,0,29.92,60,0,1,Blast/Blight/Spot,rice,10.82,Watchlist
municipality_month,2022,February,2,,,Quirino,Cabarroguis,21,21,128.4,207,128.4,0,0,11.57,30,0,0,Blast/Blight/Spot,rice,6.11,Watchlist
municipality_month,2022,February,2,,,Quirino,Diffun,16,16,155.5,89,155.5,0,0,16.94,50,0,1,Blast/Blight/Spot,rice,6.83,Watchlist
municipality_month,2022,February,2,,,Quirino,Maddela,19,19,132.8,85,132.8,0,0,17.16,30,0,0,Blast/Blight/Spot,rice,6.29,Watchlist
municipality_month,2022,February,2,,,Quirino,Naguilian,8,8,36.35,31,36.35,0,0,24.38,30,0,0,Blast/Blight/Spot,rice,7.62,Watchlist
municipality_month,2022,February,2,,,Quirino,Saguday,11,11,175.8,41,175.8,0,0,14.27,20,0,0,Blast/Blight/Spot,rice,6.5,Watchlist
municipality_month,2022,March,3,,,Cagayan,Abulug,1,1,1.2,1,1.2,0,0,10,10,0,0,Fall Armyworm,corn,2.9,Watchlist
municipality_month,2022,March,3,,,Cagayan,Amulung,2,2,11,2,11,0,0,17.5,30,0,0,Blast/Blight/Spot,rice,5.3,Watchlist
municipality_month,2022,March,3,,,Cagayan,Ballesteros,7,7,3.29,67,3.29,0,0,19.29,40,0,0,Plant Hopper,rice,7.29,Watchlist
municipality_month,2022,March,3,,,Cagayan,Enrile,6,6,79.4,24,79.4,0,0,35.83,70,0,2,Bacterial Leaf Blight,rice,11.62,Watchlist
municipality_month,2022,March,3,,,Cagayan,Gonzaga,10,10,32.25,42,32.25,0,0,24.7,50,0,2,Plant Hopper,rice,7.62,Watchlist
municipality_month,2022,March,3,,,Cagayan,Lal-lo,16,16,169.88,97,167.88,2,2,28.94,50,0,1,Blast/Blight/Spot,rice,10.11,Watchlist
municipality_month,2022,March,3,,,Cagayan,Lasam,1,1,0.7,1,0.7,0,0,40,40,0,0,Plant Hopper,rice,10.3,Watchlist
municipality_month,2022,March,3,,,Cagayan,Pamplona,2,2,0.28,2,0.28,0,0,10,10,0,0,Bacterial Leaf Blight,rice,2.8,Watchlist
municipality_month,2022,March,3,,,Cagayan,Solana,2,2,12.5,3,12.5,0,0,20,20,0,0,Bacterial Leaf Streak,rice,6.15,Watchlist
municipality_month,2022,March,3,,,Cagayan,Sta Teresita,2,2,2,1,2,0,0,29,50,0,1,Blast/Blight/Spot,rice,7.5,Watchlist
municipality_month,2022,March,3,,,Cagayan,Tuguegarao City,1,1,1.5,1,1.5,0,0,10,10,0,0,Fall Armyworm,corn,2.9,Watchlist
municipality_month,2022,March,3,,,Cagayan,Tumauini,1,1,2,5,2,0,0,10,10,0,0,Plant Hopper,rice,4,Watchlist
municipality_month,2022,March,3,,,Isabela,Aurora,15,15,47.21,63,44.06,0,0,34.8,62,0,2,Blast/Blight/Spot,rice,10.15,Watchlist
municipality_month,2022,March,3,,,Isabela,Cabagan,7,7,20,60,20,0,0,33.57,70,0,2,Plant Hopper,rice,10.89,Watchlist
municipality_month,2022,March,3,,,Isabela,Cauayan City,5,5,6,36,6,0,0,10,15,0,0,Plant Hopper,rice,4.44,Watchlist
municipality_month,2022,March,3,,,Isabela,City of Ilagan,1,1,3.8,7,3.8,0,0,15,15,0,0,Leaf Folder/Miner,rice,6,Watchlist
municipality_month,2022,March,3,,,Isabela,Delfin Albano,17,17,164.9,100,164.9,0,0,70.88,80,0,16,Plant Hopper,rice,20.41,Watchlist
municipality_month,2022,March,3,,,Isabela,Mallig,15,15,102.8,185,105,0,0,37.53,50,0,3,Plant Hopper,rice,12.79,Watchlist
municipality_month,2022,March,3,,,Isabela,Quezon,8,8,226.2,39,226.2,0,0,45.62,50,0,7,Plant Hopper,rice,16.15,Watchlist
municipality_month,2022,March,3,,,Isabela,Quirino,3,3,13.6,39,13.5,0,0,11.67,15,0,0,Blast/Blight/Spot,rice,6.73,Watchlist
municipality_month,2022,March,3,,,Isabela,Ramon,7,7,10.5,48,10.5,0,0,10.71,15,0,0,Plant Hopper,rice,4.57,Watchlist
municipality_month,2022,March,3,,,Isabela,Roxas,4,4,15.3,16,15.3,0,0,11,15,0,0,Leaf Folder/Miner,rice,4.2,Watchlist
municipality_month,2022,March,3,,,Isabela,San Agustin,10,10,81.82,72,81.82,0,0,47,50,0,7,Blast/Blight/Spot,rice,14.59,Watchlist
municipality_month,2022,March,3,,,Isabela,San Manuel,1,1,5,0,5,0,0,20,20,0,0,Plant Hopper,rice,5.6,Watchlist
municipality_month,2022,March,3,,,Isabela,San Pablo,1,1,10,4,10,0,0,30,30,0,0,Blast/Blight/Spot,rice,9.8,Watchlist
municipality_month,2022,March,3,,,Isabela,Santiago City,4,4,29.4,44,29.4,0,0,16.25,30,0,0,Plant Hopper,rice,7.75,Watchlist
municipality_month,2022,March,3,,,Isabela,Sta. Maria,3,3,12,3,12,0,0,26.67,30,0,0,Plant Hopper,rice,7.43,Watchlist
municipality_month,2022,March,3,,,Isabela,Sto. Tomas,1,1,274.8,0,274.8,0,0,80,80,0,1,Plant Hopper,rice,54.4,Moderate
municipality_month,2022,March,3,,,Isabela,Tumauini,1,1,4.2,4,4.2,0,0,50,50,0,1,Plant Hopper,rice,14,Watchlist
municipality_month,2022,March,3,,,Nueva Vizcaya,Bagabag,2,2,2,23,2,0,0,20,30,0,0,Plant Hopper,rice,8,Watchlist
municipality_month,2022,March,3,,,Nueva Vizcaya,Bambang,2,2,2,27,2,0,0,20,30,0,0,Blast/Blight/Spot,rice,8.5,Watchlist
municipality_month,2022,March,3,,,Nueva Vizcaya,Bayombong,5,5,66,10,66,0,0,20,40,0,0,Plant Hopper,rice,7.16,Watchlist
municipality_month,2022,March,3,,,Nueva Vizcaya,Diadi,3,3,9,3,9,0,0,11.67,15,0,0,Plant Hopper,rice,3.57,Watchlist
municipality_month,2022,March,3,,,Nueva Vizcaya,Dupax Del Norte,1,1,1.2,2,1.2,0,0,20,20,0,0,Fall Armyworm,corn,5.7,Watchlist
municipality_month,2022,March,3,,,Nueva Vizcaya,Kasibu,7,7,16,41,16,0,0,22.14,40,0,0,Blast/Blight/Spot,rice,7.29,Watchlist
municipality_month,2022,March,3,,,Nueva Vizcaya,Quezon,2,2,6,30,6,0,0,15,20,0,0,Plant Hopper,rice,7.9,Watchlist
municipality_month,2022,March,3,,,Nueva Vizcaya,Solano,1,1,1.3,1,1.3,0,0,15,15,0,0,Fall Armyworm,corn,4.2,Watchlist
municipality_month,2022,March,3,,,Nueva Vizcaya,Villaverde,2,2,5,3,5,0,0,10,10,0,0,Plant Hopper,rice,3.2,Watchlist
municipality_month,2022,March,3,,,Quirino,Aglipay,8,8,45.1,77,45.1,0,0,23.75,30,0,0,Plant Hopper,rice,9.05,Watchlist
municipality_month,2022,March,3,,,Quirino,Cabarroguis,13,13,81.6,213,81.6,0,0,18.23,30,0,0,Blast/Blight/Spot,rice,7.7,Watchlist
municipality_month,2022,March,3,,,Quirino,Diffun,8,8,62.3,26,62.3,0,0,24.38,50,0,1,Blast/Blight/Spot,rice,7.91,Watchlist
municipality_month,2022,March,3,,,Quirino,Maddela,8,8,38.1,363,38.1,0,0,23.75,40,0,0,Plant Hopper,rice,9.9,Watchlist
municipality_month,2022,March,3,,,Quirino,Naguilian,2,2,1.6,14,1.6,0,0,5,5,0,0,Plant Hopper,rice,3.15,Watchlist
municipality_month,2022,March,3,,,Quirino,Saguday,6,6,17.4,77,17.4,0,0,14.17,20,0,0,Disease - Fungal/Bacterial,rice,7.12,Watchlist
municipality_month,2022,April,4,,,Cagayan,Enrile,6,6,10.3,33,10.3,0,0,35,50,0,2,Plant Hopper,rice,10.33,Watchlist
municipality_month,2022,April,4,,,Cagayan,Gonzaga,6,6,22.3,49,22.3,0,0,8.67,15,0,0,Plant Hopper,rice,4.67,Watchlist
municipality_month,2022,April,4,,,Cagayan,Lal-lo,14,14,101.18,27,73.7,0,0,10.36,25,0,0,Blast/Blight/Spot,rice,3.99,Watchlist
municipality_month,2022,April,4,,,Cagayan,Lasam,11,11,10.06,48,10.06,0,0,13.27,15,0,0,Blast/Blight/Spot,rice,4.54,Watchlist
municipality_month,2022,April,4,,,Cagayan,Pamplona,1,1,2.7,15,2.7,0,0,40,40,0,0,Disease - Fungal/Bacterial,rice,14.1,Watchlist
municipality_month,2022,April,4,,,Isabela,Aurora,1,1,0.6,3,0.6,0,0,30,30,0,0,Fall Armyworm,corn,8.3,Watchlist
municipality_month,2022,April,4,,,Isabela,Cabagan,1,1,1.3,0,1.3,0,0,3,3,0,0,Stem/Shoot/Fruit Borer,rice,0.9,Watchlist
municipality_month,2022,April,4,,,Isabela,Cabatuan,2,2,5.5,7,5.5,0,0,10,15,0,0,Whorl Maggot,rice,3.7,Watchlist
municipality_month,2022,April,4,,,Isabela,Roxas,2,2,9.5,8,9.5,0,0,4,4,0,0,Fall Armyworm,corn,2.6,Watchlist
municipality_month,2022,April,4,,,Isabela,San Agustin,6,6,26,13,26,0,0,56.67,60,0,6,Plant Hopper,rice,15.27,Watchlist
municipality_month,2022,April,4,,,Isabela,San Pablo,2,2,4.8,2,4.8,0,0,3,3,0,0,Leaf Folder/Miner,rice,1.3,Watchlist
municipality_month,2022,April,4,,,Nueva Vizcaya,Aritao,1,1,0.4,1,0.4,0,0,20,20,0,0,Fall Armyworm,corn,5.3,Watchlist
municipality_month,2022,April,4,,,Nueva Vizcaya,Bayombong,3,3,14,22,14,0,0,35,80,0,1,Leaf Folder/Miner,rice,11.17,Watchlist
municipality_month,2022,April,4,,,Nueva Vizcaya,Dupax del Sur,2,2,25,31,25,0,0,10,10,0,0,Plant Hopper,rice,7.95,Watchlist
municipality_month,2022,April,4,,,Nueva Vizcaya,Kasibu,10,10,55.53,85,55.53,0,0,18.8,50,0,1,Blast/Blight/Spot,rice,7.5,Watchlist
municipality_month,2022,April,4,,,Quirino,Aglipay,5,5,28.8,77,28.8,0,0,24,40,0,0,Plant Hopper,rice,10.56,Watchlist
municipality_month,2022,April,4,,,Quirino,Cabarroguis,5,5,29,12,29,0,0,31,70,0,1,Plant Hopper,rice,9.06,Watchlist
municipality_month,2022,April,4,,,Quirino,Diffun,3,3,12.4,16,12.3,0,0,11.67,20,0,0,Plant Hopper,rice,4.77,Watchlist
municipality_month,2022,April,4,,,Quirino,Maddela,1,1,10,0,10,0,0,15,15,0,0,Plant Hopper,rice,5,Watchlist
municipality_month,2022,April,4,,,Quirino,Naguilian,1,1,1,3,1,0,0,20,20,0,0,Plant Hopper,rice,5.9,Watchlist
municipality_month,2022,May,5,,,Cagayan,Alcala,2,2,1.7,5,1.7,0,0,10,10,0,0,Fall Armyworm,corn,3.25,Watchlist
municipality_month,2022,May,5,,,Cagayan,Amulung,1,1,3.5,3,3.5,0,0,20,20,0,0,Fall Armyworm,corn,6.2,Watchlist
municipality_month,2022,May,5,,,Cagayan,Enrile,4,4,49,22,49,0,0,17.5,30,0,0,Fall Armyworm,rice,7.3,Watchlist
municipality_month,2022,May,5,,,Cagayan,Gonzaga,7,7,2.59,93,2.59,0,0,11.57,20,0,0,Fall Armyworm,rice,6.27,Watchlist
municipality_month,2022,May,5,,,Cagayan,Santa Ana,1,1,0.03,19,0.03,0,0,20,20,0,0,Fall Armyworm,rice,9.8,Watchlist
municipality_month,2022,May,5,,,Cagayan,Solana,1,1,1,1,1,0,0,20,20,0,0,Fall Armyworm,corn,5.4,Watchlist
municipality_month,2022,May,5,,,Isabela,Alicia,1,1,0,2,0,0,0,0,0,0,0,Rbb,rice,0.5,Watchlist
municipality_month,2022,May,5,,,Isabela,Angadanan,4,4,79.75,78,79.75,0,0,80,80,0,4,Fall Armyworm,corn,27.38,Watchlist
municipality_month,2022,May,5,,,Isabela,Aurora,4,4,202.8,155,202.8,0,0,30,40,0,0,Fall Armyworm,corn,21.78,Watchlist
municipality_month,2022,May,5,,,Isabela,Burgos,1,1,0,2,0,0,0,0,0,0,0,Rbb,rice,0.5,Watchlist
municipality_month,2022,May,5,,,Isabela,Cabagan,7,7,1052.9,992,1052.9,0,0,22.86,32,0,0,Fall Armyworm,corn,36.3,Moderate
municipality_month,2022,May,5,,,Isabela,Cabatuan,1,1,0,16,0,0,0,0,0,0,0,Rbb,rice,4,Watchlist
municipality_month,2022,May,5,,,Isabela,Cauayan City,1,1,0,1,0,0,0,0,0,0,0,Rbb,rice,0.2,Watchlist
municipality_month,2022,May,5,,,Isabela,City of Ilagan,4,4,9.92,6,9.92,0,0,28,50,0,1,Fall Armyworm,corn,7.7,Watchlist
municipality_month,2022,May,5,,,Isabela,Gamu,1,1,62,1,62,0,0,5,5,0,0,Rbb,rice,9.2,Watchlist
municipality_month,2022,May,5,,,Isabela,Luna,3,3,80,84,80,0,0,50,60,0,1,Fall Armyworm,corn,18.63,Watchlist
municipality_month,2022,May,5,,,Isabela,Mallig,1,1,0,13,0,0,0,0,0,0,0,Rbb,rice,3.2,Watchlist
municipality_month,2022,May,5,,,Isabela,Quirino,2,2,20,2,20,0,0,10,10,0,0,Rbb,rice,2.75,Watchlist
municipality_month,2022,May,5,,,Isabela,Ramon,1,1,0,3,0,0,0,0,0,0,0,Rbb,rice,0.8,Watchlist
municipality_month,2022,May,5,,,Isabela,Reina Mercedes,1,1,120,130,120,0,0,50,50,0,1,Fall Armyworm,corn,42.5,Moderate
municipality_month,2022,May,5,,,Isabela,Roxas,1,1,0,9,0,0,0,0,0,0,0,Rbb,rice,2.2,Watchlist
municipality_month,2022,May,5,,,Isabela,San Mateo,1,1,0,9,0,0,0,0,0,0,0,Rbb,rice,2.2,Watchlist
municipality_month,2022,May,5,,,Isabela,San Pablo,1,1,14.2,12,14.2,0,0,18,18,0,0,Fall Armyworm,corn,9.3,Watchlist
municipality_month,2022,May,5,,,Isabela,Sto. Tomas,9,9,643.5,572,643.8,0,0,22,30,0,0,Fall Armyworm,corn,22.82,Watchlist
municipality_month,2022,May,5,,,Isabela,Tumauini,8,8,550.7,578,550.7,0,0,18.5,26,0,0,Fall Armyworm,corn,22.82,Watchlist
municipality_month,2022,May,5,,,Nueva Vizcaya,Aritao,1,1,0.5,1,0.5,0,0,30,30,0,0,Fall Armyworm,corn,7.8,Watchlist
municipality_month,2022,May,5,,,Nueva Vizcaya,Bagabag,3,3,229,230,229,0,0,60.67,70,0,3,Fall Armyworm,corn,30.57,Watchlist
municipality_month,2022,May,5,,,Nueva Vizcaya,Bayombong,1,1,4,5,4,0,0,30,30,0,0,Fall Armyworm,corn,9.2,Watchlist
municipality_month,2022,May,5,,,Nueva Vizcaya,Kayapa,1,1,2,5,2,0,0,80,80,0,1,Fall Armyworm,corn,21.5,Watchlist
municipality_month,2022,May,5,,,Nueva Vizcaya,Solano,3,3,67,35,67,0,0,23.33,30,0,0,Fall Armyworm,corn,11.57,Watchlist
municipality_month,2022,May,5,,,Quirino,Diffun,2,2,7.5,6,7.5,0,0,10,10,0,0,Fall Armyworm,corn,3.7,Watchlist
municipality_month,2022,May,5,,,Quirino,Saguday,1,1,6,5,6,0,0,10,10,0,0,Fall Armyworm,corn,4.5,Watchlist
municipality_month,2022,June,6,,,Cagayan,Abulug,2,2,3,2,3,0,0,10,10,0,0,Fall Armyworm,corn,2.95,Watchlist
municipality_month,2022,June,6,,,Cagayan,Amulung,1,1,5,5,5,0,0,10,10,0,0,Fall Armyworm,corn,4.4,Watchlist
municipality_month,2022,June,6,,,Cagayan,Enrile,1,1,1.9,17,1.9,0,0,40,40,0,0,Stem/Shoot/Fruit Borer,rice,14.5,Watchlist
municipality_month,2022,June,6,,,Cagayan,Gonzaga,1,1,25,15,25,0,0,60,60,0,1,Fall Armyworm,corn,21.9,Watchlist
municipality_month,2022,June,6,,,Cagayan,Piat,1,1,40.5,21,40.5,0,0,15,15,0,0,Fall Armyworm,corn,14.1,Watchlist
municipality_month,2022,June,6,,,Cagayan,Solana,1,1,20,13,20,0,0,15,15,0,0,Fall Armyworm,corn,9.5,Watchlist
municipality_month,2022,June,6,,,Cagayan,Sto. Ni�o,2,2,104.5,94,104.5,0,0,20,20,0,0,Fall Armyworm,corn,21.4,Watchlist
municipality_month,2022,June,6,,,Cagayan,Tuguegarao City,1,1,60,30,60,0,0,20,20,0,0,Fall Armyworm,corn,20,Watchlist
municipality_month,2022,June,6,,,Isabela,Angadanan,3,3,82.4,60,82.4,0,0,54.67,70,0,2,Fall Armyworm,corn,22.1,Watchlist
municipality_month,2022,June,6,,,Isabela,Aurora,2,2,6.1,4,6.1,0,0,70,70,0,2,Fall Armyworm,corn,18.4,Watchlist
municipality_month,2022,June,6,,,Isabela,Burgos,1,1,60,47,60,0,0,20,20,0,0,Fall Armyworm,corn,24.2,Watchlist
municipality_month,2022,June,6,,,Isabela,Cabagan,3,3,445.82,346,445.66,0,0,30,32,0,0,Fall Armyworm,corn,41.07,Moderate
municipality_month,2022,June,6,,,Isabela,Cabatuan,1,1,50,38,50,0,0,20,20,0,0,Fall Armyworm,corn,20.8,Watchlist
municipality_month,2022,June,6,,,Isabela,Cauayan City,2,2,14,15,14,0,0,55,70,0,1,Fall Armyworm,corn,16.5,Watchlist
municipality_month,2022,June,6,,,Isabela,City of Ilagan,4,4,404.78,378,404.78,0,0,32.25,70,0,1,Fall Armyworm,corn,28.45,Watchlist
municipality_month,2022,June,6,,,Isabela,Delfin Albano,1,1,12.7,4,12.7,0,0,3,3,0,0,Stem/Shoot/Fruit Borer,rice,3.3,Watchlist
municipality_month,2022,June,6,,,Isabela,Quirino,2,2,42,33,42,0,0,30,50,0,1,Fall Armyworm,corn,14.25,Watchlist
municipality_month,2022,June,6,,,Isabela,Roxas,3,3,75,60,75,0,0,16.67,20,0,0,Fall Armyworm,corn,12.33,Watchlist
municipality_month,2022,June,6,,,Isabela,San Isidro,5,5,88.68,28,88.68,0,0,15,15,0,0,Rodents,rice,7.36,Watchlist
municipality_month,2022,June,6,,,Isabela,San Mariano,3,3,60,43,60,0,0,26.67,60,0,1,Fall Armyworm,corn,12.77,Watchlist
municipality_month,2022,June,6,,,Isabela,San Pablo,4,4,350.9,408,350.9,0,0,12.5,24,0,0,Fall Armyworm,rice,21.77,Watchlist
municipality_month,2022,June,6,,,Isabela,Sta. Maria,4,4,252.31,299,252.31,0,0,26.5,30,0,0,Fall Armyworm,corn,28.57,Watchlist
municipality_month,2022,June,6,,,Isabela,Sto. Tomas,3,3,21,6,21,0,0,3,3,0,0,Bacterial Leaf Streak,rice,2.13,Watchlist
municipality_month,2022,June,6,,,Nueva Vizcaya,Bangar,2,2,20,17,20,0,0,15,20,0,0,Bacterial Leaf Streak,rice,7.15,Watchlist
municipality_month,2022,June,6,,,Nueva Vizcaya,Bayombong,4,4,21.54,60,21.54,0,0,13.75,20,0,0,Cutworm/Armyworm,rice,7.88,Watchlist
municipality_month,2022,June,6,,,Nueva Vizcaya,Quezon,3,3,150,222,150,0,0,10,10,0,0,Fall Armyworm,corn,21.43,Watchlist
municipality_month,2022,June,6,,,Nueva Vizcaya,Solano,6,6,46,37,46,0,0,13.33,20,0,0,Bacterial Leaf Streak,rice,5.82,Watchlist
municipality_month,2022,June,6,,,Quirino,Aglipay,2,2,26,24,26,0,0,10,10,0,0,Fall Armyworm,corn,7.1,Watchlist
municipality_month,2022,June,6,,,Quirino,Cabarroguis,8,8,32.1,74,29.1,0,0,7.5,10,0,0,Fall Armyworm,rice,4.66,Watchlist
municipality_month,2022,June,6,,,Quirino,Diffun,5,5,37.5,28,37.5,0,0,15,30,0,0,Fall Armyworm,corn,6.08,Watchlist
municipality_month,2022,June,6,,,Quirino,Maddela,1,1,6,8,6,0,0,9,9,0,0,Fall Armyworm,corn,5,Watchlist
municipality_month,2022,June,6,,,Quirino,Nagtipunan,1,1,2.8,2,2.8,0,0,9,9,0,0,Fall Armyworm,corn,3.1,Watchlist
municipality_month,2022,July,7,,,Cagayan,Alcala,3,3,184,99,184,0,0,16.67,20,0,0,Fall Armyworm,corn,20.07,Watchlist
municipality_month,2022,July,7,,,Cagayan,Amulung,1,1,35,25,35,0,0,10,10,0,0,Fall Armyworm,corn,13.1,Watchlist
municipality_month,2022,July,7,,,Cagayan,Claveria,4,4,130,4,130,0,0,10,10,0,0,Blast/Blight/Spot,rice,6.85,Watchlist
municipality_month,2022,July,7,,,Cagayan,Gonzaga,3,3,24,14,24,0,0,10,10,0,0,Fall Armyworm,corn,4.67,Watchlist
municipality_month,2022,July,7,,,Cagayan,Pe?a Blanca,2,2,10.3,5,10.3,0,0,10,10,0,0,Rbb,rice,3.75,Watchlist
municipality_month,2022,July,7,,,Cagayan,Sto. Ni�o,3,3,124.14,147,124.14,0,0,20.67,40,0,0,Fall Armyworm,corn,21.27,Watchlist
municipality_month,2022,July,7,,,Cagayan,Tumauini,3,3,13,11,16,0,0,5,5,0,0,Rbb,rice,2.7,Watchlist
municipality_month,2022,July,7,,,Isabela,Angadanan,4,4,32,36,32,0,0,2.75,5,0,0,Rodents,rice,3.92,Watchlist
municipality_month,2022,July,7,,,Isabela,Burgos,1,1,12,0,12,0,0,10,10,0,0,Rodents,rice,4,Watchlist
municipality_month,2022,July,7,,,Isabela,Cabagan,1,1,10,10,10,0,0,10,10,0,0,Rbb,rice,6.2,Watchlist
municipality_month,2022,July,7,,,Isabela,Delfin Albano,8,8,382.16,444,382.16,0,0,21.38,30,0,0,Fall Armyworm,corn,21.14,Watchlist
municipality_month,2022,July,7,,,Isabela,Echague,1,1,7,1,7,0,0,10,10,0,0,Rbb,rice,3.6,Watchlist
municipality_month,2022,July,7,,,Isabela,Gamu,2,2,65,48,65,0,0,5,5,0,0,Fall Armyworm,corn,11.3,Watchlist
municipality_month,2022,July,7,,,Isabela,Mallig,2,2,150,118,150,0,0,5,5,0,0,Fall Armyworm,corn,23.15,Watchlist
municipality_month,2022,July,7,,,Isabela,Roxas,1,1,5,1,5,0,0,20,20,0,0,Bacterial Leaf Blight,rice,5.9,Watchlist
municipality_month,2022,July,7,,,Isabela,San Mateo,1,1,1.5,3,1.5,0,0,10,10,0,0,Bacterial Leaf Blight,rice,3.4,Watchlist
municipality_month,2022,July,7,,,Isabela,San Pablo,2,2,212.3,223,212.3,0,0,15.5,16,0,0,Fall Armyworm,corn,25.65,Watchlist
municipality_month,2022,July,7,,,Isabela,Santiago City,3,3,5.5,7,5.5,0,0,10,20,0,0,Rbb,rice,3.3,Watchlist
municipality_month,2022,July,7,,,Isabela,Sta. Maria,3,3,38,8,38,0,0,4.33,5,0,0,Bacterial Leaf Streak,rice,3.33,Watchlist
municipality_month,2022,July,7,,,Isabela,Tumauini,10,10,420,600,420,0,0,28.5,30,0,0,Fall Armyworm,corn,23.51,Watchlist
municipality_month,2022,July,7,,,Nueva Vizcaya,Aritao,1,1,1,8,1,0,0,25,25,0,0,Cutworm/Armyworm,rice,8.4,Watchlist
municipality_month,2022,July,7,,,Nueva Vizcaya,Bagabag,11,11,872,61,987,0,0,12.09,20,0,0,Leaf Folder/Miner,rice,13.88,Watchlist
municipality_month,2022,July,7,,,Nueva Vizcaya,Bambang,1,1,348.94,271,348.94,0,0,46,46,0,0,Fall Armyworm,corn,61.5,High
municipality_month,2022,July,7,,,Nueva Vizcaya,Bayombong,6,6,61,13,61,0,0,10,10,0,0,Bacterial Leaf Streak,rice,4.32,Watchlist
municipality_month,2022,July,7,,,Nueva Vizcaya,Dupax del Sur,4,4,105.25,114,105.25,0,0,35,40,0,0,Rbb,rice,18.52,Watchlist
municipality_month,2022,July,7,,,Nueva Vizcaya,Villaverde,1,1,70,40,70,0,0,10,10,0,0,Fall Armyworm,corn,21.2,Watchlist
municipality_month,2022,July,7,,,Quirino,Aglipay,3,3,19,13,19,0,0,20,25,0,0,Fall Armyworm,corn,6.87,Watchlist
municipality_month,2022,July,7,,,Quirino,Cabarroguis,7,7,30.3,45,30.3,0,0,4.86,10,0,0,Leaf Folder/Miner,rice,3.39,Watchlist
municipality_month,2022,July,7,,,Quirino,Diffun,3,3,57,38,30,0,0,21.67,30,0,0,Fall Armyworm,corn,10.97,Watchlist
municipality_month,2022,July,7,,,Quirino,Maddela,6,6,26,51,26,0,0,7.67,20,0,0,Fall Armyworm,rice,4.6,Watchlist
municipality_month,2022,July,7,,,Quirino,Saguday,1,1,2,7,2,0,0,31,31,0,0,Rbb,rice,9.8,Watchlist
municipality_month,2022,August,8,,,Cagayan,Abulug,2,2,16,16,16,0,0,5,5,0,0,Bacterial Leaf Blight,rice,4.3,Watchlist
municipality_month,2022,August,8,,,Cagayan,Ballesteros,5,5,59,103,59,0,0,23,50,0,2,Bacterial Leaf Blight,rice,11.3,Watchlist
municipality_month,2022,August,8,,,Cagayan,Lasam,2,2,18,35,18,0,0,5,5,0,0,Blast/Blight/Spot,rice,6.75,Watchlist
municipality_month,2022,August,8,,,Cagayan,Pamplona,2,2,2.25,15,2.25,0,0,7.5,10,0,0,Stem/Shoot/Fruit Borer,rice,3.9,Watchlist
municipality_month,2022,August,8,,,Cagayan,Sto. Ni�o,2,2,5.25,4,5.25,0,0,18,20,0,0,Disease - Fungal/Bacterial,corn,5.3,Watchlist
municipality_month,2022,August,8,,,Isabela,Benito Soliven,2,2,2,2,2,0,0,3.5,5,0,0,Fall Armyworm,corn,1.25,Watchlist
municipality_month,2022,August,8,,,Isabela,Burgos,2,2,10,15,10,0,0,10,10,0,0,Leaf Folder/Miner,rice,5,Watchlist
municipality_month,2022,August,8,,,Isabela,Cabatuan,3,3,22.3,20,22.3,0,0,21.67,30,0,0,Bacterial Leaf Blight,rice,8,Watchlist
municipality_month,2022,August,8,,,Isabela,Cauayan City,2,2,25,9,25,0,0,20,20,0,0,Bacterial Leaf Streak,rice,7.7,Watchlist
municipality_month,2022,August,8,,,Isabela,City of Ilagan,5,5,126.6,17,126.6,0,0,17,40,0,0,Plant Hopper,rice,8.28,Watchlist
municipality_month,2022,August,8,,,Isabela,Delfin Albano,1,1,12,1,12,0,0,10,10,0,0,Disease - Fungal/Bacterial,corn,4.2,Watchlist
municipality_month,2022,August,8,,,Isabela,Roxas,5,5,54.7,25,54.7,0,0,27,50,0,2,Bacterial Leaf Streak,rice,9.38,Watchlist
municipality_month,2022,August,8,,,Isabela,San Agustin,2,2,13,2,13,0,0,15,20,0,0,Rbb,rice,4.8,Watchlist
municipality_month,2022,August,8,,,Isabela,San Manuel,2,2,31,13,31,0,0,10,10,0,0,Bacterial Leaf Streak,rice,6.05,Watchlist
municipality_month,2022,August,8,,,Isabela,San Pablo,3,3,133.65,131,133.65,0,0,3,3,0,0,Leaf Folder/Miner,rice,12.33,Watchlist
municipality_month,2022,August,8,,,Isabela,Santiago City,1,1,10,9,10,0,0,20,20,0,0,Rbb,rice,8.5,Watchlist
municipality_month,2022,August,8,,,Isabela,Sto. Tomas,4,4,233.4,201,233.4,0,0,3,3,0,0,Rodents,rice,16.8,Watchlist
municipality_month,2022,August,8,,,Isabela,Tumauini,8,8,264.7,210,264.7,0,0,15.62,20,0,0,Rodents,corn,14.6,Watchlist
municipality_month,2022,August,8,,,Nueva Vizcaya,Bayombong,1,1,0.5,1,0.5,0,0,15,15,0,0,Blast/Blight/Spot,rice,4.1,Watchlist
municipality_month,2022,August,8,,,Nueva Vizcaya,Kasibu,6,6,35.8,80,35.8,0,0,12.5,20,0,0,Rbb,rice,7.2,Watchlist
municipality_month,2022,August,8,,,Nueva Vizcaya,Quezon,4,4,52,109,52,0,0,20,50,0,1,Blast/Blight/Spot,rice,12.7,Watchlist
municipality_month,2022,August,8,,,Nueva Vizcaya,Villaverde,2,2,3,12,3,0,0,2,2,0,0,Leaf Folder/Miner,rice,2.15,Watchlist
municipality_month,2022,August,8,,,Quirino,Aglipay,4,4,12.5,26,12.5,0,0,5.25,6,0,0,Rbb,rice,3.33,Watchlist
municipality_month,2022,August,8,,,Quirino,Cabarroguis,1,1,3,2,3,0,0,3,3,0,0,Rbb,rice,1.6,Watchlist
municipality_month,2022,August,8,,,Quirino,Diffun,5,5,54,16,51,0,0,6.2,10,0,0,Fall Armyworm,rice,3.68,Watchlist
municipality_month,2022,August,8,,,Quirino,Maddela,4,4,12.15,20,12.15,0,0,7,10,0,0,Bacterial Leaf Blight,rice,3.38,Watchlist
municipality_month,2022,August,8,,,Quirino,Saguday,2,2,26,11,26,0,0,5,5,0,0,Rbb,rice,4.25,Watchlist
municipality_month,2022,September,9,,,Cagayan,Allacapan,1,1,6.5,1,6.5,0,0,9,9,0,0,Plant Hopper,rice,3.3,Watchlist
municipality_month,2022,September,9,,,Cagayan,Aparri,2,2,97.49,16,97.49,0,0,17.5,20,0,0,Stem/Shoot/Fruit Borer,rice,12.45,Watchlist
municipality_month,2022,September,9,,,Cagayan,Ballesteros,5,5,105,176,105,0,0,7.4,15,0,0,Plant Hopper,rice,10.18,Watchlist
municipality_month,2022,September,9,,,Cagayan,Buguey,2,2,57,20,57,0,0,8,8,0,0,Stem/Shoot/Fruit Borer,rice,8.05,Watchlist
municipality_month,2022,September,9,,,Cagayan,Gonzaga,1,1,0.5,2,0.5,0,0,15,15,0,0,Stem/Shoot/Fruit Borer,rice,4.3,Watchlist
municipality_month,2022,September,9,,,Cagayan,Iguig,2,2,105,0,105,0,0,12.5,15,0,0,Plant Hopper,rice,9.7,Watchlist
municipality_month,2022,September,9,,,Cagayan,Solana,1,1,302,3,10,0,0,15,15,0,0,Rbb,rice,39.5,Moderate
municipality_month,2022,September,9,,,Isabela,Angadanan,1,1,2,1,2,0,0,15,15,0,0,Rbb,rice,4.2,Watchlist
municipality_month,2022,September,9,,,Isabela,Aurora,3,3,3.5,3,3.5,0,0,15,15,0,0,Fall Armyworm,corn,4.13,Watchlist
municipality_month,2022,September,9,,,Isabela,Cabagan,1,1,1.5,1,1.5,0,0,30,30,0,0,Plant Hopper,rice,7.9,Watchlist
municipality_month,2022,September,9,,,Isabela,Delfin Albano,1,1,12.5,3,12.5,0,0,5,5,0,0,Leaf Folder/Miner,rice,3.6,Watchlist
municipality_month,2022,September,9,,,Isabela,Roxas,2,2,8,7,8,0,0,5,5,0,0,Fall Armyworm,corn,2.65,Watchlist
municipality_month,2022,September,9,,,Isabela,San Agustin,1,1,10,12,10,0,0,40,40,0,0,Rbb,rice,14.2,Watchlist
municipality_month,2022,September,9,,,Isabela,San Mateo,1,1,0.02,1,0.02,0,0,40,40,0,0,Fall Armyworm,corn,10.3,Watchlist
municipality_month,2022,September,9,,,Isabela,San Pablo,7,5,75,139,75,0,0,23.71,35,0,0,Leaf Folder/Miner,rice,12.24,Watchlist
municipality_month,2022,September,9,,,Isabela,Sto. Tomas,3,3,18.9,46,18.9,0,0,17.67,30,0,0,Plant Hopper,rice,9.07,Watchlist
municipality_month,2022,September,9,,,Isabela,Tumauini,1,1,1.7,9,1.7,0,0,3,3,0,0,Bacterial Leaf Streak,rice,3.2,Watchlist
municipality_month,2022,September,9,,,Nueva Vizcaya,Bayombong,6,6,30,66,30,0,0,6.67,10,0,0,Plant Hopper,rice,5.05,Watchlist
municipality_month,2022,September,9,,,Nueva Vizcaya,Kasibu,7,7,15.6,59,15.5,0,0,10,15,0,0,Plant Hopper,rice,4.87,Watchlist
municipality_month,2022,September,9,,,Quirino,Aglipay,2,2,32,30,32,0,0,3,3,0,0,Bacterial Leaf Blight,rice,6.5,Watchlist
municipality_month,2022,September,9,,,Quirino,Cabarroguis,4,4,9,42,9,0,0,3,3,0,0,Plant Hopper,rice,3.67,Watchlist
municipality_month,2022,September,9,,,Quirino,Diffun,3,3,11.7,13,11.7,0,0,9.33,15,0,0,Plant Hopper,rice,3.87,Watchlist
municipality_month,2022,September,9,,,Quirino,Maddela,3,3,18,52,18,0,0,3.67,5,0,0,Plant Hopper,rice,5.97,Watchlist
municipality_month,2022,September,9,,,Quirino,Saguday,2,2,6.4,13,6.4,0,0,3,3,0,0,Bacterial Leaf Streak,rice,2.75,Watchlist
municipality_month,2022,October,10,,,Cagayan,Amulung,1,0,30.95,8,30.95,0,0,10,10,0,0,Fall Armyworm,corn,8.4,Watchlist
municipality_month,2022,October,10,,,Cagayan,Enrile,2,2,17.65,2,17.65,0,0,42.5,70,0,1,Rbb,rice,11.95,Watchlist
municipality_month,2022,October,10,,,Cagayan,Solana,1,1,9.35,9,9.35,0,0,10,10,0,0,Fall Armyworm,corn,5.9,Watchlist
municipality_month,2022,October,10,,,Isabela,Aurora,8,8,39.5,32,39.5,0,0,20,50,0,1,Fall Armyworm,corn,6.62,Watchlist
municipality_month,2022,October,10,,,Isabela,Burgos,3,3,8.6,4,8.6,0,0,20,20,0,0,Fall Armyworm,corn,5.7,Watchlist
municipality_month,2022,October,10,,,Isabela,Cabagan,4,4,33.9,49,33.9,0,0,18,30,0,0,Fall Armyworm,corn,8.62,Watchlist
municipality_month,2022,October,10,,,Isabela,Jones,2,2,35,0,35,0,0,20,20,0,0,Plant Hopper,rice,7.15,Watchlist
municipality_month,2022,October,10,,,Isabela,Luna,4,4,97,62,97,0,0,13.75,20,0,0,Fall Armyworm,corn,10.32,Watchlist
municipality_month,2022,October,10,,,Isabela,Reina Mercedes,3,3,48,36,48,0,0,15,15,0,0,Fall Armyworm,corn,8.77,Watchlist
municipality_month,2022,October,10,,,Isabela,Santiago City,1,1,0.5,1,0.5,0,0,10,10,0,0,Disease - Fungal/Bacterial,rice,2.8,Watchlist
municipality_month,2022,October,10,,,Isabela,Sta. Maria,1,1,1,3,1,0,0,15,15,0,0,Bacterial Leaf Blight,rice,4.6,Watchlist
municipality_month,2022,October,10,,,Isabela,Sto. Tomas,4,4,53.7,48,53.4,0,0,16.5,20,0,0,Fall Armyworm,corn,8.8,Watchlist
municipality_month,2022,October,10,,,Isabela,Tumauini,2,2,14,9,26,0,0,21,22,0,0,Fall Armyworm,corn,7.2,Watchlist
municipality_month,2022,October,10,,,Quirino,Cabarroguis,1,1,2.8,1,2.8,0,0,9,9,0,0,Fall Armyworm,corn,2.9,Watchlist
municipality_month,2022,October,10,,,Quirino,Diffun,10,10,27.7,36,27.7,0,0,6.2,15,0,0,Leaf Folder/Miner,rice,2.8,Watchlist
municipality_month,2022,November,11,,,Cagayan,Amulung,1,1,5,10,5,0,0,10,10,0,0,Fall Armyworm,corn,5.6,Watchlist
municipality_month,2022,November,11,,,Cagayan,Baggao,1,1,0.9,1,0.9,0,0,10,10,0,0,Bacterial Leaf Blight,rice,2.9,Watchlist
municipality_month,2022,November,11,,,Cagayan,Enrile,2,2,10,6,10,0,0,12.5,15,0,0,Rbb,rice,4.5,Watchlist
municipality_month,2022,November,11,,,Cagayan,Solana,1,1,1.7,5,1.7,0,0,15,15,0,0,Rbb,rice,5.2,Watchlist
municipality_month,2022,November,11,,,Cagayan,Sta Teresita,1,1,150,175,150,0,0,35,35,0,0,Rodents,corn,42.5,Moderate
municipality_month,2022,November,11,,,Cagayan,Tuao,1,1,15,18,15,0,0,15,15,0,0,Fall Armyworm,corn,10.1,Watchlist
municipality_month,2022,November,11,,,Isabela,Aurora,4,4,28,20,28,0,0,11.67,15,0,0,Fall Armyworm,corn,4.33,Watchlist
municipality_month,2022,November,11,,,Isabela,Burgos,1,1,0,9,0,0,0,0,0,0,0,Rbb,rice,2.2,Watchlist
municipality_month,2022,November,11,,,Isabela,Cabagan,3,3,20.4,13,20.4,0,0,21.67,30,0,0,Fall Armyworm,corn,7.37,Watchlist
municipality_month,2022,November,11,,,Isabela,Cabatuan,1,1,90.81,8,0,0,0,0,0,0,0,Rbb,rice,13.4,Watchlist
municipality_month,2022,November,11,,,Isabela,Cauayan City,1,1,0,5,0,0,0,0,0,0,0,Rbb,rice,1.2,Watchlist
municipality_month,2022,November,11,,,Isabela,City of Ilagan,2,2,20.2,7,20.2,0,0,16.5,18,0,0,Fall Armyworm,corn,6.25,Watchlist
municipality_month,2022,November,11,,,Isabela,Echague,1,1,0,6,0,0,0,0,0,0,0,Rbb,rice,1.5,Watchlist
municipality_month,2022,November,11,,,Isabela,Gamu,1,1,30,20,30,0,0,4,4,0,0,Fall Armyworm,corn,9.8,Watchlist
municipality_month,2022,November,11,,,Isabela,Luna,1,1,22,1,0,0,0,0,0,0,0,Rbb,rice,3,Watchlist
municipality_month,2022,November,11,,,Isabela,Mallig,2,2,12,7,12,0,0,5,5,0,0,Rbb,rice,2.2,Watchlist
municipality_month,2022,November,11,,,Isabela,Quezon,2,2,2,58,2,0,0,3,3,0,0,Rbb,rice,7.8,Watchlist
municipality_month,2022,November,11,,,Isabela,Quirino,3,3,15.02,29,15.02,0,0,10,10,0,0,Rbb,rice,3.9,Watchlist
municipality_month,2022,November,11,,,Isabela,Ramon,1,1,0,1,0,0,0,0,0,0,0,Rbb,rice,0.2,Watchlist
municipality_month,2022,November,11,,,Isabela,Roxas,1,1,7,1,7,0,0,5,5,0,0,Rbb,rice,2.4,Watchlist
municipality_month,2022,November,11,,,Isabela,San Manuel,2,2,0.2,17,0.2,0,0,3,3,0,0,Rodents,rice,2.55,Watchlist
municipality_month,2022,November,11,,,Isabela,San Pablo,3,3,43,32,43,0,0,19,24,0,0,Fall Armyworm,corn,9.2,Watchlist
municipality_month,2022,November,11,,,Isabela,Santiago City,1,1,0,11,0,0,0,0,0,0,0,Rbb,rice,2.8,Watchlist
municipality_month,2022,November,11,,,Isabela,Sta. Maria,2,2,5,7,5,0,0,16,16,0,0,Rbb,rice,3.2,Watchlist
municipality_month,2022,November,11,,,Isabela,Sto. Tomas,4,4,14.4,32,14.4,0,0,11.5,26,0,0,Fall Armyworm,rice,5.35,Watchlist
municipality_month,2022,November,11,,,Isabela,Tumauini,3,3,14.3,12,14.3,0,0,13.67,20,0,0,Fall Armyworm,corn,5,Watchlist
municipality_month,2022,November,11,,,Nueva Vizcaya,Bagabag,2,2,12,9,12,0,0,10,10,0,0,Bacterial Leaf Blight,rice,4.35,Watchlist
municipality_month,2022,November,11,,,Nueva Vizcaya,Bayombong,2,2,6,5,6,0,0,12.5,15,0,0,Bacterial Leaf Streak,rice,4.15,Watchlist
municipality_month,2022,November,11,,,Nueva Vizcaya,Diadi,4,4,23,15,23,0,0,11.67,20,0,0,Rbb,rice,3.85,Watchlist
municipality_month,2022,November,11,,,Nueva Vizcaya,Quezon,2,2,61,85,61,0,0,12.5,15,0,0,Fall Armyworm,corn,16.3,Watchlist
municipality_month,2022,November,11,,,Nueva Vizcaya,Solano,8,8,198,197,198,0,0,14.12,38,0,0,Fall Armyworm,corn,12.16,Watchlist
municipality_month,2022,November,11,,,Quirino,Aglipay,1,1,15,20,15,0,0,5,5,0,0,Fall Armyworm,corn,8.1,Watchlist
municipality_month,2022,November,11,,,Quirino,Diffun,7,7,18,36,18,0,0,8.29,15,0,0,Fall Armyworm,rice,3.66,Watchlist
municipality_month,2022,November,11,,,Quirino,Maddela,1,1,0,6,0,0,0,0,0,0,0,Rbb,rice,1.5,Watchlist
municipality_month,2022,December,12,,,Cagayan,Amulung,1,1,25,16,25,0,0,15,15,0,0,Fall Armyworm,corn,10.9,Watchlist
municipality_month,2022,December,12,,,Cagayan,Solana,1,1,96,116,96,0,0,10,10,0,0,Fall Armyworm,corn,29.5,Watchlist
municipality_month,2022,December,12,,,Cagayan,Sta Teresita,1,1,100,175,100,0,0,35,35,0,0,Rodents,corn,36.2,Moderate
municipality_month,2022,December,12,,,Isabela,Aurora,1,1,125.2,151,125.2,0,0,30,30,0,0,Fall Armyworm,corn,38.1,Moderate
municipality_month,2022,December,12,,,Isabela,Burgos,3,3,23,35,23,0,0,16.67,20,0,0,Fall Armyworm,corn,8.03,Watchlist
municipality_month,2022,December,12,,,Isabela,Cabatuan,18,18,198.4,96,198.4,0,0,3.06,5,0,0,Rodents,rice,3.47,Watchlist
municipality_month,2022,December,12,,,Isabela,City of Ilagan,7,7,115,135,115,0,0,14.86,50,0,1,Fall Armyworm,corn,10.29,Watchlist
municipality_month,2022,December,12,,,Isabela,Gamu,1,1,5,4,5,0,0,15,15,0,0,Fall Armyworm,corn,5.4,Watchlist
municipality_month,2022,December,12,,,Isabela,Luna,1,1,25,34,25,0,0,15,15,0,0,Fall Armyworm,corn,15.4,Watchlist
municipality_month,2022,December,12,,,Isabela,Naguilian,2,2,27,10,27,0,0,15,20,0,0,Leaf Folder/Miner,rice,6.7,Watchlist
municipality_month,2022,December,12,,,Isabela,Reina Mercedes,1,1,7,6,7,0,0,15,15,0,0,Fall Armyworm,corn,6.1,Watchlist
municipality_month,2022,December,12,,,Isabela,Roxas,3,3,17,86,17,0,0,7.67,10,0,0,Leaf Folder/Miner,rice,9.77,Watchlist
municipality_month,2022,December,12,,,Isabela,San Mateo,1,1,3,2,3,0,0,15,15,0,0,Fall Armyworm,corn,4.6,Watchlist
municipality_month,2022,December,12,,,Isabela,Sta. Maria,2,2,175,175,175,0,0,28,30,0,0,Fall Armyworm,corn,32.95,Watchlist
municipality_month,2022,December,12,,,Isabela,Sto. Tomas,2,2,22.5,37,22.5,0,0,23,26,0,0,Leaf Folder/Miner,rice,11.75,Watchlist
municipality_month,2022,December,12,,,Isabela,Tumauini,11,11,375.9,279,375.9,0,0,22.73,30,0,0,Fall Armyworm,corn,16.29,Watchlist
municipality_month,2022,December,12,,,Nueva Vizcaya,Bagabag,1,1,80,46,80,0,0,10,10,0,0,Fall Armyworm,corn,24,Watchlist
municipality_month,2022,December,12,,,Nueva Vizcaya,Villaverde,2,2,130,135,135,0,0,10,10,0,0,Fall Armyworm,corn,25,Watchlist
municipality_month,2022,December,12,,,Quirino,Aglipay,4,4,25.5,49,27,0,0,22.5,30,0,0,Plant Hopper,rice,9.48,Watchlist
municipality_month,2022,December,12,,,Quirino,Cabarroguis,4,4,50,49,50,0,0,26.25,30,0,0,Plant Hopper,rice,11.18,Watchlist
municipality_month,2022,December,12,,,Quirino,Diffun,8,8,46.12,26,46.12,0,0,8.83,20,0,0,Rbb,rice,3.21,Watchlist
municipality_month,2022,December,12,,,Quirino,Maddela,7,7,25.5,30,25.5,0,0,16.86,30,0,0,Plant Hopper,rice,5.74,Watchlist
municipality_month,2022,December,12,,,Quirino,Saguday,4,4,7,52,7,0,0,15,20,0,0,Bacterial Leaf Blight,rice,7.22,Watchlist
municipality_month,2023,January,1,,,Cagayan,Piat,1,1,25,2,25,0,0,20,20,0,0,Blast/Blight/Spot,rice,8.6,Watchlist
municipality_month,2023,January,1,,,Cagayan,Sta. Ana,1,1,15,1,15,0,0,10,10,0,0,Bacterial Leaf Blight,rice,4.6,Watchlist
municipality_month,2023,January,1,,,Cagayan,Tuao,7,7,217.75,239,217.75,0,0,19.29,20,0,0,Rodents,corn,16.24,Watchlist
municipality_month,2023,January,1,,,Isabela,Angadanan,2,2,0.4,5,0.4,0,0,10,10,0,0,Plant Hopper,corn,3.15,Watchlist
municipality_month,2023,January,1,,,Isabela,Aurora,2,2,43.5,47,43.5,0,0,17.5,20,0,0,Plant Hopper,corn,13,Watchlist
municipality_month,2023,January,1,,,Isabela,Burgos,9,9,673.5,543,673.5,0,0,38.5,55,0,3,Rodents,rice,26.44,Watchlist
municipality_month,2023,January,1,,,Isabela,Cauayan City,1,1,50,37,50,0,0,20,20,0,0,Fall Armyworm,corn,20.5,Watchlist
municipality_month,2023,January,1,,,Isabela,Echague,3,3,11.55,29,11.55,0,0,33.33,50,0,1,Rodents,rice,11.23,Watchlist
municipality_month,2023,January,1,,,Isabela,Ramon,1,1,20,22,20,0,0,30,30,0,0,Fall Armyworm,corn,15.5,Watchlist
municipality_month,2023,January,1,,,Isabela,Tumauini,10,10,165.5,47,165.5,0,0,13.5,15,0,0,Rodents,rice,6.63,Watchlist
municipality_month,2023,January,1,,,Quirino,Aglipay,1,1,3,4,3,0,0,10,10,0,0,Fall Armyworm,corn,3.9,Watchlist
municipality_month,2023,January,1,,,Quirino,Cabarroguis,5,5,22.8,20,22.8,0,0,10.6,20,0,0,Fall Armyworm,corn,4.2,Watchlist
municipality_month,2023,January,1,,,Quirino,Diffun,1,1,18,16,18,0,0,10,10,0,0,Fall Armyworm,corn,8.8,Watchlist
municipality_month,2023,January,1,,,Quirino,Maddela,3,3,93.3,156,93.3,0,0,10.67,20,0,0,Rodents,corn,12.07,Watchlist
municipality_month,2023,January,1,,,Quirino,Nagtipunan,1,1,25,19,25,0,0,10,10,0,0,Fall Armyworm,corn,10.4,Watchlist
municipality_month,2023,January,1,,,Quirino,Saguday,3,3,132,101,132,0,0,7.33,10,0,0,Bacterial Leaf Blight,corn,15.77,Watchlist
municipality_month,2023,February,2,,,Cagayan,Amulung,1,1,20,12,20,0,0,20,20,0,0,Blast/Blight/Spot,rice,10.5,Watchlist
municipality_month,2023,February,2,,,Cagayan,Gonzaga,6,6,100,63,100,0,0,29.17,45,0,0,Fall Armyworm,corn,12,Watchlist
municipality_month,2023,February,2,,,Cagayan,Pe�a Blanca,1,1,4,3,4,0,0,10,10,0,0,Rodents,corn,3.8,Watchlist
municipality_month,2023,February,2,,,Cagayan,Piat,3,3,26.4,29,26.4,0,0,12.33,20,0,0,Rodents,corn,6.6,Watchlist
municipality_month,2023,February,2,,,Cagayan,Solana,3,3,42.7,20,42.7,0,0,20,25,0,0,Fall Armyworm,corn,8.47,Watchlist
municipality_month,2023,February,2,,,Isabela,City of Ilagan,5,5,105,37,105,0,0,16,20,0,0,Fall Armyworm,corn,8.5,Watchlist
municipality_month,2023,February,2,,,Isabela,Ramon,1,1,5,1,5,0,0,10,10,0,0,Blast/Blight/Spot,rice,3.4,Watchlist
municipality_month,2023,February,2,,,Nueva Vizcaya,Bambang,1,1,35,25,35,0,0,15,15,0,0,Fall Armyworm,corn,14.4,Watchlist
municipality_month,2023,February,2,,,Nueva Vizcaya,Diadi,1,1,8,2,8,0,0,15,15,0,0,Bacterial Leaf Streak,rice,5.2,Watchlist
municipality_month,2023,February,2,,,Nueva Vizcaya,Solano,2,2,10.8,63,10.8,0,0,10,10,0,0,Blast/Blight/Spot,rice,10.95,Watchlist
municipality_month,2023,February,2,,,Quirino,Aglipay,1,1,26,20,26,0,0,10,10,0,0,Fall Armyworm,corn,10.8,Watchlist
municipality_month,2023,February,2,,,Quirino,Cabarroguis,4,4,50,42,50,0,0,10,10,0,0,Fall Armyworm,corn,6.65,Watchlist
municipality_month,2023,February,2,,,Quirino,Diffun,8,7,131,17,131,0,0,20.62,30,0,0,Bacterial Leaf Blight,rice,7.72,Watchlist
municipality_month,2023,February,2,,,Quirino,Maddela,5,4,64.5,89,64.5,0,0,17,30,0,0,Rodents,corn,10.32,Watchlist
municipality_month,2023,March,3,,,Cagayan,Baggao,1,1,63.46,53,63.46,0,0,50,50,0,1,Fall Armyworm,corn,33.7,Watchlist
municipality_month,2023,March,3,,,Cagayan,Iguig,4,4,278.75,279,278.75,0,0,38.75,45,0,0,Fall Armyworm,corn,27.52,Watchlist
municipality_month,2023,March,3,,,Isabela,Aurora,1,1,5,7,5,0,0,15,15,0,0,Fall Armyworm,corn,6.1,Watchlist
municipality_month,2023,March,3,,,Isabela,City of Ilagan,7,7,129,104,129,0,0,5,5,0,0,Plant Hopper,corn,7.29,Watchlist
municipality_month,2023,March,3,,,Isabela,Luna,2,2,1.75,2,1.75,0,0,15,15,0,0,Fall Armyworm,corn,4.1,Watchlist
municipality_month,2023,March,3,,,Isabela,Roxas,1,1,1.5,2,1.5,0,0,5,5,0,0,Fall Armyworm,corn,1.9,Watchlist
municipality_month,2023,March,3,,,Isabela,San Mateo,1,1,1,5,1,0,0,70,70,0,1,Fall Armyworm,corn,18.9,Watchlist
municipality_month,2023,March,3,,,Isabela,Santiago,2,2,21.5,3,21.5,0,0,10,15,0,0,Plant Hopper,rice,4.2,Watchlist
municipality_month,2023,March,3,,,Nueva Vizcaya,Kasibu,7,7,25,187,25,0,0,6.14,10,0,0,Blast/Blight/Spot,rice,5.43,Watchlist
municipality_month,2023,March,3,,,Nueva Vizcaya,Kayapa,2,2,10,5,10,0,0,20,20,0,0,Fall Armyworm,corn,6.25,Watchlist
municipality_month,2023,March,3,,,Nueva Vizcaya,Solano,3,3,50,3,50,0,0,10,10,0,0,Plant Hopper,rice,4.8,Watchlist
municipality_month,2023,March,3,,,Quirino,Aglipay,6,6,33.6,26,33.6,0,0,11.67,15,0,0,Fall Armyworm,corn,4.72,Watchlist
municipality_month,2023,March,3,,,Quirino,Cabarroguis,1,1,3,8,3,0,0,5,5,0,0,Bacterial Leaf Blight,rice,3.6,Watchlist
municipality_month,2023,March,3,,,Quirino,Diffun,10,10,63.2,38,63.2,0,0,10,15,0,0,Plant Hopper,rice,4.24,Watchlist
municipality_month,2023,March,3,,,Quirino,Maddela,6,6,101,81,101,0,0,9.17,10,0,0,Fall Armyworm,corn,7.77,Watchlist
municipality_month,2023,March,3,,,Quirino,Nagtipunan,4,4,53,22,53,0,0,6.5,10,0,0,Fall Armyworm,rice,4.65,Watchlist
municipality_month,2023,April,4,,,Cagayan,Camalaniugan,4,4,60,52,45,0,0,11.25,15,0,0,Plant Hopper,rice,7.92,Watchlist
municipality_month,2023,April,4,,,Isabela,Aurora,3,3,75,105,40,35,35,31.67,35,0,0,Fall Armyworm,corn,22.13,Watchlist
municipality_month,2023,April,4,,,Isabela,Gamu,1,1,12,9,5,7,7,15,15,0,0,Fall Armyworm,corn,8.9,Watchlist
municipality_month,2023,April,4,,,Nueva Vizcaya,Aritao,2,2,90,140,0,0,0,45,45,0,0,Fall Armyworm,corn,31.85,Watchlist
municipality_month,2023,April,4,,,Nueva Vizcaya,Bagabag,1,1,6,7,0,0,0,40,40,0,0,Fall Armyworm,corn,12.5,Watchlist
municipality_month,2023,April,4,,,Nueva Vizcaya,Diadi,3,3,4.2,39,0,0,0,6,10,0,0,Leaf Folder/Miner,rice,4.93,Watchlist
municipality_month,2023,May,5,,,Cagayan,Amulung,3,3,51,15,61,0,0,8.33,10,0,0,Plant Hopper,rice,5.47,Watchlist
municipality_month,2023,May,5,,,Cagayan,Camalaniugan,1,1,0.4,3,0.4,0,0,10,10,0,0,Stem/Shoot/Fruit Borer,rice,3.3,Watchlist
municipality_month,2023,May,5,,,Cagayan,Gonzaga,11,11,65.55,92,65.55,5.03,5.03,24.55,40,0,0,Cutworm/Armyworm,rice,9.05,Watchlist
municipality_month,2023,May,5,,,Cagayan,Pe�a Blanca,2,2,53,21,3,50,50,12.5,15,0,0,Fall Armyworm,corn,14.1,Watchlist
municipality_month,2023,May,5,,,Cagayan,Smart,1,1,6.25,21,6.25,0,0,15,15,0,0,Fall Armyworm,rice,9.8,Watchlist
municipality_month,2023,May,5,,,Cagayan,Solana,2,2,6.4,9,7,0,0,7.5,10,0,0,Stem/Shoot/Fruit Borer,rice,3.4,Watchlist
municipality_month,2023,May,5,,,Cagayan,Sta. Ana,3,2,65.54,14,53.74,0,0,25,50,0,1,Fall Armyworm,hvc,10.17,Watchlist
municipality_month,2023,May,5,,,Cagayan,Tapel,1,1,5.03,7,5.03,5.03,5.03,15,15,0,0,Fall Armyworm,rice,7.1,Watchlist
municipality_month,2023,May,5,,,Cagayan,Tuguegarao City,1,1,14,4,0,14,14,15,15,0,0,Fall Armyworm,corn,9.3,Watchlist
municipality_month,2023,May,5,,,Isabela,Angadanan,4,4,199.68,201,50,232.27,232.27,70,70,0,4,Fall Armyworm,corn,40.77,Moderate
municipality_month,2023,May,5,,,Isabela,Aurora,13,13,349,357,278,77,77,41.15,80,0,7,Fall Armyworm,corn,21.02,Watchlist
municipality_month,2023,May,5,,,Isabela,Cabatuan,6,6,124.8,158,94.3,62.23,62.23,68.5,78,0,6,Fall Armyworm,corn,28.38,Watchlist
municipality_month,2023,May,5,,,Isabela,Cauayan City,1,1,0.02,1,0.4,0,0,5,5,0,0,Stem/Shoot/Fruit Borer,hvc,1.5,Watchlist
municipality_month,2023,May,5,,,Isabela,City of Ilagan,14,14,409.8,356,92.3,225,225,7.36,20,0,0,Fall Armyworm,corn,14.54,Watchlist
municipality_month,2023,May,5,,,Isabela,Luna,1,1,5,5,5,0,0,15,15,0,0,Fall Armyworm,corn,5.6,Watchlist
municipality_month,2023,May,5,,,Isabela,Mallig,1,1,85,60,50,35,35,15,15,0,0,Fall Armyworm,corn,36.4,Moderate
municipality_month,2023,May,5,,,Isabela,Naguilian,6,6,226,142,0,287,287,37.17,60,0,1,Cassava Phytoplasma/Mosaic,cassava,26.82,Watchlist
municipality_month,2023,May,5,,,Isabela,Quirino,1,1,70,50,5,65,65,5,5,0,0,Fall Armyworm,corn,32.5,Watchlist
municipality_month,2023,May,5,,,Isabela,Reina Mercedes,7,7,230,208,217,33,33,50,80,0,4,Fall Armyworm,corn,24.97,Watchlist
municipality_month,2023,May,5,,,Isabela,Roxas,4,4,150,92,37,108,108,8.75,10,0,0,Fall Armyworm,corn,17.88,Watchlist
municipality_month,2023,May,5,,,Isabela,San Guillermo,2,2,322,150,220,340,340,70,70,0,2,Fall Armyworm,corn,61.4,High
municipality_month,2023,May,5,,,Isabela,Tumauini,1,1,0.5,1,0,0,0,20,20,0,0,Fall Armyworm,corn,5.3,Watchlist
municipality_month,2023,May,5,,,Nueva Vizcaya,Bagabag,2,2,30,45,30,0,0,55.5,81,0,1,Fall Armyworm,corn,21.35,Watchlist
municipality_month,2023,May,5,,,Nueva Vizcaya,Bayombong,1,1,7,6,0,7,7,3,3,0,0,Fall Armyworm,corn,4.5,Watchlist
municipality_month,2023,May,5,,,Nueva Vizcaya,Quezon,2,2,80,62,30,50,50,12.5,15,0,0,Fall Armyworm,corn,20.9,Watchlist
municipality_month,2023,May,5,,,Nueva Vizcaya,Solano,3,3,30,22,0,10,10,21.67,40,0,0,Fall Armyworm,corn,9.17,Watchlist
municipality_month,2023,May,5,,,Quirino,Aglipay,5,5,134,107,6,62,62,28,50,0,1,Cassava Phytoplasma/Mosaic,cassava,18.2,Watchlist
municipality_month,2023,May,5,,,Quirino,Cabarroguis,3,3,26,25,0,19,19,26.67,30,0,0,Cassava Phytoplasma/Mosaic,cassava,11.1,Watchlist
municipality_month,2023,May,5,,,Quirino,Diffun,2,2,6,5,0,0,0,30,50,0,1,Fall Armyworm,corn,8.5,Watchlist
municipality_month,2023,May,5,,,Quirino,Maddela,9,9,204,152,44,80,80,20.44,40,0,0,Fall Armyworm,corn,13.78,Watchlist
municipality_month,2023,June,6,,,Cagayan,Alcala,1,1,5.7,10,5.7,0,0,15,15,0,0,Fall Armyworm,corn,7,Watchlist
municipality_month,2023,June,6,,,Cagayan,Camalaniugan,1,1,8,7,8,0,0,40,40,0,0,Stem/Shoot/Fruit Borer,rice,12.8,Watchlist
municipality_month,2023,June,6,,,Cagayan,Gonzaga,2,2,10.09,54,10.09,0,0,6,6,0,0,Bacterial Leaf Blight,rice,8.85,Watchlist
municipality_month,2023,June,6,,,Cagayan,Sta. Ana,2,0,31,33,31,0,0,4,6,0,0,Bacterial Leaf Blight,rice,7.05,Watchlist
municipality_month,2023,June,6,,,Isabela,Aurora,9,9,99,111,17.5,81.5,81.5,10,35,0,0,Gummosis,hvc,8.77,Watchlist
municipality_month,2023,June,6,,,Isabela,Burgos,10,10,332,302,194,239,239,14,25,0,0,Fall Armyworm,corn,17.3,Watchlist
municipality_month,2023,June,6,,,Isabela,Cabatuan,1,1,1,1,0.5,0.5,0.5,10,10,0,0,Stem/Shoot/Fruit Borer,rice,3,Watchlist
municipality_month,2023,June,6,,,Isabela,Cauayan City,5,5,425,410,70,355,355,61,90,0,3,Cassava Phytoplasma/Mosaic,cassava,49.06,Moderate
municipality_month,2023,June,6,,,Isabela,City of Ilagan,16,16,672.25,610,280.5,461.25,461.25,34,95,0,3,Fall Armyworm,corn,28.44,Watchlist
municipality_month,2023,June,6,,,Isabela,Gamu,1,1,30,4,17,13,13,30,30,0,0,Bacterial Leaf Streak,rice,14.8,Watchlist
municipality_month,2023,June,6,,,Isabela,Luna,5,5,66.5,74,36,30.5,30.5,20.6,30,0,0,Fall Armyworm,corn,11.76,Watchlist
municipality_month,2023,June,6,,,Isabela,Naguilian,2,2,40,35,66,40,40,17.5,25,0,0,Fall Armyworm,corn,15.25,Watchlist
municipality_month,2023,June,6,,,Isabela,Quezon,4,4,325,282,75,325,325,12.5,15,0,0,Fall Armyworm,corn,36.05,Moderate
municipality_month,2023,June,6,,,Isabela,Quirino,4,4,345.4,240,60,285,285,18.75,30,0,0,Fall Armyworm,corn,36.48,Moderate
municipality_month,2023,June,6,,,Isabela,San Mariano,7,7,70,133,51,319,319,37.86,75,0,3,Fall Armyworm,corn,22.59,Watchlist
municipality_month,2023,June,6,,,Nueva Vizcaya,Bambang,1,1,88,50,60,28,28,30,30,0,0,Fall Armyworm,corn,36.6,Moderate
municipality_month,2023,June,6,,,Nueva Vizcaya,Bayombong,1,1,20,3,0,20,20,5,5,0,0,Bacterial Leaf Blight,rice,8.5,Watchlist
municipality_month,2023,June,6,,,Nueva Vizcaya,Kasibu,1,1,3,2,0,15,15,15,15,0,0,Fall Armyworm,corn,7.6,Watchlist
municipality_month,2023,June,6,,,Nueva Vizcaya,Solano,2,2,30,17,0,30,30,4,5,0,0,Bacterial Leaf Blight,rice,8,Watchlist
municipality_month,2023,June,6,,,Nueva Vizcaya,Villaverde,2,2,25,25,0,25,25,7.5,10,0,0,Fall Armyworm,corn,9.05,Watchlist
municipality_month,2023,June,6,,,Quirino,Aglipay,1,1,44.5,40,0,44.5,44.5,15,15,0,0,Fall Armyworm,corn,28.2,Watchlist
municipality_month,2023,June,6,,,Quirino,Cabarroguis,4,4,69.9,58,22,47.9,47.9,12.5,20,0,0,Fall Armyworm,corn,11.32,Watchlist
municipality_month,2023,June,6,,,Quirino,Diffun,3,3,106,60,42,64,64,20,40,0,0,Fall Armyworm,corn,18.67,Watchlist
municipality_month,2023,June,6,,,Quirino,Maddela,3,3,70,55,70,0,0,43.33,50,0,1,Fall Armyworm,corn,18.3,Watchlist
municipality_month,2023,June,6,,,Quirino,Saguday,2,2,25,25,25,0,0,35,40,0,0,Fall Armyworm,corn,13.45,Watchlist
municipality_month,2023,July,7,,,Cagayan,Gonzaga,4,4,17.06,17,9,33.06,33.06,40,50,0,2,Fall Armyworm,rice,13.25,Watchlist
municipality_month,2023,July,7,,,Cagayan,Rizal,4,4,80,80,80,0,0,20,25,0,0,Fall Armyworm,corn,12.47,Watchlist
municipality_month,2023,July,7,,,Cagayan,Sanchez Mira,1,1,75,2,0,75,75,20,20,0,0,White Grub,hvc,24.9,Watchlist
municipality_month,2023,July,7,,,Isabela,Aurora,8,8,74.5,49,0,74.5,74.5,22.5,30,0,0,Fall Armyworm,corn,10.19,Watchlist
municipality_month,2023,July,7,,,Isabela,Benito Soliven,3,3,38.5,26,44.5,0,0,21.67,25,0,0,Fall Armyworm,corn,9.17,Watchlist
municipality_month,2023,July,7,,,Isabela,Burgos,4,4,140,59,150,125,125,7.5,10,0,0,Bacterial Leaf Streak,rice,16.2,Watchlist
municipality_month,2023,July,7,,,Isabela,Cabatuan,4,4,24.26,27,65.73,169.95,169.95,36.25,50,0,2,Fall Armyworm,corn,15.45,Watchlist
municipality_month,2023,July,7,,,Isabela,Cauayan City,6,6,514,422,370,144,144,25.83,30,0,0,Fall Armyworm,corn,35.7,Moderate
municipality_month,2023,July,7,,,Isabela,City of Ilagan,11,11,192.15,204,456.8,38.5,38.5,11.55,25,0,0,Fall Armyworm,corn,10.43,Watchlist
municipality_month,2023,July,7,,,Isabela,Gamu,2,2,115,35,610,35,35,6,10,0,0,Stem/Shoot/Fruit Borer,rice,16.55,Watchlist
municipality_month,2023,July,7,,,Isabela,Jones,2,2,0.8,2,0,3,3,5,5,0,0,Disease - Fungal/Bacterial,hvc,1.85,Watchlist
municipality_month,2023,July,7,,,Isabela,Quezon,1,1,7,5,50,10,10,10,10,0,0,Stem/Shoot/Fruit Borer,rice,6.6,Watchlist
municipality_month,2023,July,7,,,Isabela,Roxas,2,2,27,6,200,35,35,15,15,0,0,Bacterial Leaf Streak,rice,9.7,Watchlist
municipality_month,2023,July,7,,,Isabela,San Agustin,2,2,4.21,2,0,11.3,11.3,50,70,0,1,Disease - Fungal/Bacterial,hvc,14.1,Watchlist
municipality_month,2023,July,7,,,Isabela,San Manuel,1,1,70,45,0,70,70,5,5,0,0,Rodents,rice,31.2,Watchlist
municipality_month,2023,July,7,,,Isabela,San Mateo,2,2,16,19,18.3,0,0,10,15,0,0,Rbb,rice,5.9,Watchlist
municipality_month,2023,July,7,,,Nueva Vizcaya,Aritao,1,1,1,4,0,1,1,2,2,0,0,Rbb,rice,1.8,Watchlist
municipality_month,2023,July,7,,,Nueva Vizcaya,Solano,2,2,30,4,0,30,30,5,5,0,0,Leaf Folder/Miner,rice,6.6,Watchlist
municipality_month,2023,July,7,,,Quirino,Aglipay,4,4,66.8,59,63.8,3,3,26.25,40,0,0,Fall Armyworm,corn,12.45,Watchlist
municipality_month,2023,July,7,,,Quirino,Cabarroguis,7,7,161,150,0,161,161,16.43,40,0,0,Fall Armyworm,corn,16.03,Watchlist
municipality_month,2023,July,7,,,Quirino,Diffun,1,1,98,75,68,30,30,10,10,0,0,Fall Armyworm,corn,35.8,Moderate
municipality_month,2023,July,7,,,Quirino,Maddela,2,2,7,87,3,2,2,3,3,0,0,Bacterial Leaf Blight,rice,10.75,Watchlist
municipality_month,2023,July,7,,,Quirino,Nagtipunan,3,3,473.5,380,473.5,0,0,33.33,40,0,0,Fall Armyworm,corn,35.67,Moderate
municipality_month,2023,August,8,,,Cagayan,Baggao,2,2,28,23,28,0,0,17.5,20,0,0,Disease - Fungal/Bacterial,corn,9,Watchlist
municipality_month,2023,August,8,,,Cagayan,Buguey,3,3,15,42,0,15,15,51.67,70,0,2,Bacterial Leaf Blight,rice,18.07,Watchlist
municipality_month,2023,August,8,,,Cagayan,Iguig,9,9,160.5,249,114,40,40,19.44,30,0,0,Plant Hopper,rice,12.43,Watchlist
municipality_month,2023,August,8,,,Cagayan,Santa Ana,1,1,0.5,17,0,0.5,0.5,60,60,0,1,Blast/Blight/Spot,rice,19.4,Watchlist
municipality_month,2023,August,8,,,Cagayan,Santa Teresita,2,2,45,0,5,15,15,45,50,0,1,Fall Armyworm,corn,15.55,Watchlist
municipality_month,2023,August,8,,,Isabela,Aurora,22,22,1176,226,1009,1218,1218,11.14,20,0,0,Plant Hopper,rice,18.51,Watchlist
municipality_month,2023,August,8,,,Isabela,Burgos,4,4,183,26,0,183,183,15,15,0,0,Bacterial Leaf Streak,rice,20.27,Watchlist
municipality_month,2023,August,8,,,Isabela,Cabatuan,7,7,167,340,80,1426.1,1426.1,26.43,60,0,1,Rodents,rice,28.66,Watchlist
municipality_month,2023,August,8,,,Isabela,Cauayan City,2,2,60,47,0,60,60,15,20,0,0,Bacterial Leaf Blight,rice,19.4,Watchlist
municipality_month,2023,August,8,,,Isabela,City of Ilagan,4,4,165,71,375,0,0,32.5,63,0,1,Plant Hopper,rice,17.72,Watchlist
municipality_month,2023,August,8,,,Isabela,Jones,1,1,5,42,20,78.7,78.7,40,40,0,0,Plant Hopper,rice,31.1,Watchlist
municipality_month,2023,August,8,,,Isabela,Luna,2,2,75,19,0,75,75,20,20,0,0,Bacterial Leaf Blight,rice,19.6,Watchlist
municipality_month,2023,August,8,,,Isabela,Quirino,2,2,7,43,12,5,5,17.5,30,0,0,Bacterial Leaf Streak,rice,10.7,Watchlist
municipality_month,2023,August,8,,,Isabela,Roxas,8,8,260,136,630,223,223,18,30,0,0,Bacterial Leaf Streak,rice,14.19,Watchlist
municipality_month,2023,August,8,,,Isabela,San Manuel,11,11,597,204,0,437,437,16.36,20,0,0,Bacterial Leaf Streak,rice,21.28,Watchlist
municipality_month,2023,August,8,,,Isabela,San Mariano,3,3,47,8,60,9,9,46,70,0,1,Cassava Phytoplasma/Mosaic,cassava,14.73,Watchlist
municipality_month,2023,August,8,,,Isabela,San Mateo,1,1,2,8,0,6,6,5,5,0,0,Blast/Blight/Spot,rice,4.7,Watchlist
municipality_month,2023,August,8,,,Isabela,San Pablo,1,1,30,3,55,0,0,33,33,0,0,Plant Hopper,rice,12.8,Watchlist
municipality_month,2023,August,8,,,Isabela,Santiago City,3,3,30,36,0,1119.74,1119.74,9,15,0,0,Plant Hopper,rice,15.77,Watchlist
municipality_month,2023,August,8,,,Isabela,Tumauini,4,4,130,18,651,0,0,27,27,0,0,Fall Armyworm,corn,11.95,Watchlist
municipality_month,2023,August,8,,,Nueva Vizcaya,Villaverde,3,3,51,26,0,375,375,11.67,15,0,0,Fall Armyworm,corn,15.53,Watchlist
municipality_month,2023,August,8,,,Quirino,Aglipay,1,1,24,21,0,24,24,10,10,0,0,Fall Armyworm,corn,15.6,Watchlist
municipality_month,2023,August,8,,,Quirino,Diffun,8,8,189,129,77,112,112,7.88,20,0,0,Bacterial Leaf Blight,rice,11.72,Watchlist
municipality_month,2023,August,8,,,Quirino,Maddela,7,7,230.5,188,33,197.5,197.5,23.29,50,0,1,Bacterial Leaf Blight,rice,21.44,Watchlist
municipality_month,2023,August,8,,,Quirino,Nagtipunan,1,1,36,26,0,36,36,15,15,0,0,Fall Armyworm,corn,21.9,Watchlist
municipality_month,2023,August,8,,,Quirino,Saguday,2,2,63,11,21,42,42,15,15,0,0,Plant Hopper,rice,13.25,Watchlist
municipality_month,2023,September,9,,,Cagayan,Tuao,1,1,20,5,20,0,0,15,15,0,0,Rbb,rice,7.5,Watchlist
municipality_month,2023,September,9,,,Isabela,Angadanan,2,2,30,26,30,398,398,15,20,0,0,Plant Hopper,rice,18.85,Watchlist
municipality_month,2023,September,9,,,Isabela,Aurora,11,11,75,88,42,33,33,9.55,15,0,0,Stem/Shoot/Fruit Borer,hvc,5.84,Watchlist
municipality_month,2023,September,9,,,Isabela,Burgos,1,1,10,3,0,10,10,25,25,0,0,Leaf Folder/Miner,rice,10.2,Watchlist
municipality_month,2023,September,9,,,Isabela,Cabatuan,3,3,25.5,22,27,0,0,30,70,0,1,Stem/Shoot/Fruit Borer,hvc,10.4,Watchlist
municipality_month,2023,September,9,,,Isabela,City of Ilagan,14,14,202.5,207,40.5,1.5,1.5,19,40,0,0,Cassava Phytoplasma/Mosaic,cassava,10.28,Watchlist
municipality_month,2023,September,9,,,Isabela,Jones,1,1,3,6,1,2,2,30,30,0,0,Stem/Shoot/Fruit Borer,hvc,9.8,Watchlist
municipality_month,2023,September,9,,,Isabela,Luna,6,6,80.5,41,10.5,70,70,10,15,0,0,Stem/Shoot/Fruit Borer,rice,8.22,Watchlist
municipality_month,2023,September,9,,,Isabela,Reina Mercedes,5,5,12.25,38,11.75,0.5,0.5,17,25,0,0,Fall Armyworm,corn,6.48,Watchlist
municipality_month,2023,September,9,,,Isabela,Roxas,3,3,50,7,285,20,20,26.67,30,0,0,Leaf Folder/Miner,rice,10.67,Watchlist
municipality_month,2023,September,9,,,Isabela,San Manuel,1,1,55,3,40,15,15,15,15,0,0,Bacterial Leaf Blight,rice,14.4,Watchlist
municipality_month,2023,September,9,,,Isabela,San Mateo,1,1,3,5,3,2,2,60,60,0,1,Fall Armyworm,corn,17,Watchlist
municipality_month,2023,September,9,,,Nueva Vizcaya,Alfonso Casta�eda,1,1,24.14,2,0,24.14,24.14,17,17,0,0,Plant Hopper,rice,12.6,Watchlist
municipality_month,2023,September,9,,,Nueva Vizcaya,Aritao,2,2,53.09,6,0,53.09,53.09,22.5,30,0,0,Cutworm/Armyworm,rice,14.7,Watchlist
municipality_month,2023,September,9,,,Nueva Vizcaya,Bagabag,5,5,16.66,50,0.16,16.5,16.5,12,15,0,0,Plant Hopper,rice,6.6,Watchlist
municipality_month,2023,September,9,,,Nueva Vizcaya,Bayombong,1,1,10,0,10,0,0,30,30,0,0,Plant Hopper,rice,8.8,Watchlist
municipality_month,2023,September,9,,,Nueva Vizcaya,Diadi,1,1,1.2,12,1.2,0,0,5,5,0,0,Disease - Fungal/Bacterial,hvc,4.4,Watchlist
municipality_month,2023,September,9,,,Nueva Vizcaya,Kasibu,2,2,23.37,19,0,23.37,23.37,27.5,50,0,1,Plant Hopper,rice,13.05,Watchlist
municipality_month,2023,September,9,,,Nueva Vizcaya,Quezon,4,4,40,32,0,40,40,4,5,0,0,Bacterial Leaf Blight,rice,6.25,Watchlist
municipality_month,2023,September,9,,,Quirino,Aglipay,4,4,57.25,19,31,26.25,26.25,16.25,30,0,0,Plant Hopper,rice,8.35,Watchlist
municipality_month,2023,September,9,,,Quirino,Cabarroguis,1,1,1.3,1,0,1.3,1.3,10,10,0,0,Cassava Phytoplasma/Mosaic,cassava,3.2,Watchlist
municipality_month,2023,September,9,,,Quirino,Diffun,7,7,74.2,59,29,45.2,45.2,15.14,50,0,1,Plant Hopper,rice,8.51,Watchlist
municipality_month,2023,September,9,,,Quirino,Maddela,3,3,25,25,10,15,15,40,40,0,0,Plant Hopper,rice,14.13,Watchlist
municipality_month,2023,October,10,,,Cagayan,Solana,4,4,41.5,9,41.5,0,0,17.5,20,0,0,Rbb,rice,6.25,Watchlist
municipality_month,2023,October,10,,,Cagayan,Tuao,1,1,18,1,18,0,0,20,20,0,0,Rbb,rice,7.5,Watchlist
municipality_month,2023,October,10,,,Isabela,Angadanan,5,5,4.75,55,0,65,65,5,5,0,0,Fall Armyworm,corn,6.72,Watchlist
municipality_month,2023,October,10,,,Isabela,Aurora,20,19,190.2,279,149.7,45.5,45.5,11.75,20,0,0,Fall Armyworm,hvc,8.08,Watchlist
municipality_month,2023,October,10,,,Isabela,Burgos,4,4,50,62,23,27,27,15,20,0,0,Fall Armyworm,corn,10.55,Watchlist
municipality_month,2023,October,10,,,Isabela,Cabatuan,5,5,28.5,176,28.5,0,0,23,40,0,0,Fall Armyworm,corn,14.74,Watchlist
municipality_month,2023,October,10,,,Isabela,City of Ilagan,5,5,74,53,40,0,0,14.4,25,0,0,Cassava Phytoplasma/Mosaic,cassava,8.08,Watchlist
municipality_month,2023,October,10,,,Isabela,Jones,1,1,0.1,1,0,1,1,10,10,0,0,Stem/Shoot/Fruit Borer,hvc,3,Watchlist
municipality_month,2023,October,10,,,Isabela,Luna,3,3,47,52,47,0,0,15.67,20,0,0,Fall Armyworm,corn,10.2,Watchlist
municipality_month,2023,October,10,,,Isabela,Mallig,6,6,104.1,75,76.1,28,28,15.83,30,0,0,Fall Armyworm,corn,10.2,Watchlist
municipality_month,2023,October,10,,,Isabela,Quirino,2,2,14.8,5,10.8,4,4,22.5,30,0,0,Rbb,rice,7.55,Watchlist
municipality_month,2023,October,10,,,Isabela,Ramon,2,2,0.6,2,10,0,0,7.5,10,0,0,Disease - Fungal/Bacterial,hvc,2.15,Watchlist
municipality_month,2023,October,10,,,Isabela,Reina Mercedes,7,7,72,93,72,0,0,19.29,25,0,0,Fall Armyworm,corn,9.43,Watchlist
municipality_month,2023,October,10,,,Isabela,Roxas,4,4,40.2,36,24.2,16,16,15,30,0,0,Fall Armyworm,corn,8.05,Watchlist
municipality_month,2023,October,10,,,Isabela,San Guillermo,1,1,0.05,2,0,2,2,5,5,0,0,Fall Armyworm,corn,2.2,Watchlist
municipality_month,2023,October,10,,,Isabela,San Mateo,1,1,5,3,5,0,0,10,10,0,0,Fall Armyworm,corn,3.9,Watchlist
municipality_month,2023,October,10,,,Nueva Vizcaya,Ambaguio,3,3,1.5,15,1.25,0.25,0.25,2,2,0,0,Leaf Folder/Miner,rice,1.83,Watchlist
municipality_month,2023,October,10,,,Nueva Vizcaya,Bayombong,5,5,60,55,30,35,35,16,30,0,0,Fall Armyworm,rice,9.66,Watchlist
municipality_month,2023,October,10,,,Nueva Vizcaya,Solano,2,2,35,47,5,30,30,20,35,0,0,Rbb,rice,16.05,Watchlist
municipality_month,2023,October,10,,,Quirino,Diffun,4,4,43.1,21,2,41.1,41.1,12,30,0,0,Fall Armyworm,rice,7.75,Watchlist
municipality_month,2023,October,10,,,Quirino,Saguday,2,2,18,15,13,5,5,12.5,15,0,0,Plant Hopper,rice,6.65,Watchlist
municipality_month,2023,November,11,,,Isabela,Angadanan,12,12,10.77,207,10.77,0,0,3.25,5,0,0,Fall Armyworm,corn,5.24,Watchlist
municipality_month,2023,November,11,,,Isabela,Aurora,11,11,129,198,129,0,0,11.64,25,0,0,Fall Armyworm,corn,8.88,Watchlist
municipality_month,2023,November,11,,,Isabela,Cabagan,6,6,55,271,55,0,0,25,45,0,0,Stem/Shoot/Fruit Borer,rice,16.52,Watchlist
municipality_month,2023,November,11,,,Isabela,Cabatuan,5,5,21,135,21,0,0,17,20,0,0,Stem/Shoot/Fruit Borer,rice,11.52,Watchlist
municipality_month,2023,November,11,,,Isabela,City of Ilagan,33,33,432.5,485,372.5,60,60,14.67,80,0,1,Fall Armyworm,corn,9.34,Watchlist
municipality_month,2023,November,11,,,Isabela,Delfin Albano,17,17,439.5,371,439.5,0,0,8.24,15,0,0,Fall Armyworm,corn,10.15,Watchlist
municipality_month,2023,November,11,,,Isabela,Echague,19,15,86.5,665,86.5,0,0,11.84,20,0,0,Fall Armyworm,corn,11.83,Watchlist
municipality_month,2023,November,11,,,Isabela,Gamu,6,6,72,103,72,0,0,9.67,15,0,0,Fall Armyworm,corn,8.2,Watchlist
municipality_month,2023,November,11,,,Isabela,Luna,5,5,76,90,76,0,0,12,15,0,0,Fall Armyworm,corn,9.4,Watchlist
municipality_month,2023,November,11,,,Isabela,Mallig,3,3,15.2,6,15.2,0,0,9.33,15,0,0,Fall Armyworm,corn,3.43,Watchlist
municipality_month,2023,November,11,,,Isabela,Quezon,5,5,35,38,35,0,0,5.6,10,0,0,Stem/Shoot/Fruit Borer,rice,4.18,Watchlist
municipality_month,2023,November,11,,,Isabela,Quirino,18,18,276,202,270,0,0,7.22,15,0,0,Fall Armyworm,corn,6.53,Watchlist
municipality_month,2023,November,11,,,Isabela,Reina Mercedes,7,7,92,118,92,0,0,12.14,15,0,0,Fall Armyworm,corn,8.9,Watchlist
municipality_month,2023,November,11,,,Isabela,Roxas,17,17,120.7,175,120.7,0,0,6.88,30,0,0,Rbb,rice,5.19,Watchlist
municipality_month,2023,November,11,,,Isabela,San Manuel,1,1,3,13,3,0,0,5,5,0,0,Glh,rice,4.9,Watchlist
municipality_month,2023,November,11,,,Isabela,San Mateo,6,6,3.1,170,3.1,0,0,17.67,40,0,0,Rbb,rice,11.17,Watchlist
municipality_month,2023,November,11,,,Nueva Vizcaya,Bagabag,5,5,13.68,7,13.68,0,0,12,20,0,0,Twister,hvc,3.68,Watchlist
municipality_month,2023,November,11,,,Nueva Vizcaya,Bayombong,1,1,5,30,5,0,0,10,10,0,0,Bacterial Leaf Blight,rice,10.6,Watchlist
municipality_month,2023,November,11,,,Nueva Vizcaya,Diadi,1,1,2,2,2,0,0,30,30,0,0,Fall Armyworm,corn,8.2,Watchlist
municipality_month,2023,November,11,,,Nueva Vizcaya,Quezon,5,5,29.1,19,29.1,0,0,20,30,0,0,Fall Armyworm,corn,6.68,Watchlist
municipality_month,2023,November,11,,,Nueva Vizcaya,Solano,3,3,5.2,81,5.2,0,0,36.67,80,0,1,Rodents,rice,16.13,Watchlist
municipality_month,2023,November,11,,,Nueva Vizcaya,Villaverde,2,2,4,4,4,0,0,69,90,0,1,Fall Armyworm,corn,18,Watchlist
municipality_month,2023,November,11,,,Quirino,Aglipay,4,4,67,58,67,0,0,27.5,40,0,0,Fall Armyworm,corn,12.62,Watchlist
municipality_month,2023,November,11,,,Quirino,Cabarroguis,5,5,47,53,47,0,0,7,10,0,0,Rbb,rice,5.56,Watchlist
municipality_month,2023,November,11,,,Quirino,Diffun,9,9,84.44,88,84.44,0,0,22.56,60,0,1,Fall Armyworm,corn,9.26,Watchlist
municipality_month,2023,November,11,,,Quirino,Maddela,14,14,96,73,96,0,0,35.71,60,0,5,Fall Armyworm,corn,11.1,Watchlist
municipality_month,2023,November,11,,,Quirino,Nagtipunan,3,3,51,36,51,0,0,33.33,40,0,0,Fall Armyworm,corn,13.43,Watchlist
municipality_month,2023,November,11,,,Quirino,Saguday,4,4,23,16,23,0,0,25,50,0,1,Fall Armyworm,corn,7.95,Watchlist
municipality_month,2023,December,12,,,Isabela,Aurora,10,10,49.5,70,49.5,0,0,15.5,20,3,0,Fall Armyworm,corn,11.34,Watchlist
municipality_month,2023,December,12,,,Isabela,City of Ilagan,9,9,146,107,146,0,0,7.11,15,3,0,Fall Armyworm,corn,11.88,Watchlist
municipality_month,2023,December,12,,,Isabela,Gamu,1,1,8,10,6,2,2,15,15,3,0,Fall Armyworm,corn,12.8,Watchlist
municipality_month,2023,December,12,,,Isabela,Jones,1,1,0.7,2,0.7,0,0,7,7,3,0,Fall Armyworm,corn,7.4,Watchlist
municipality_month,2023,December,12,,,Isabela,Luna,2,2,4.5,9,4.5,0,0,15,15,3,0,Fall Armyworm,corn,10.25,Watchlist
municipality_month,2023,December,12,,,Isabela,Naguilian,3,3,55,73,37,18,18,16.67,20,3,0,Fall Armyworm,corn,18.83,Watchlist
municipality_month,2023,December,12,,,Isabela,Reina Mercedes,4,4,46,65,39,7,7,15,20,4.5,1,Fall Armyworm,corn,17.15,Watchlist
municipality_month,2023,December,12,,,Isabela,Tumauini,6,6,105,64,105,0,0,5.83,10,3,0,Fall Armyworm,corn,11.4,Watchlist
municipality_month,2023,December,12,,,Nueva Vizcaya,Bayombong,1,1,15,10,15,0,0,10,10,3,0,Fall Armyworm,corn,12,Watchlist
municipality_month,2023,December,12,,,Nueva Vizcaya,Solano,3,3,30,27,30,0,0,16.67,20,3,0,Fall Armyworm,corn,12.77,Watchlist
municipality_month,2023,December,12,,,Quirino,Cabarroguis,3,3,124,109,124,0,0,20,20,3,0,Fall Armyworm,corn,24.37,Watchlist
municipality_month,2023,December,12,,,Quirino,Diffun,5,5,72,59,72,0,0,16,20,3,0,Fall Armyworm,corn,13.84,Watchlist
municipality_month,2024,January,1,,,Cagayan,Aparri,1,1,21.58,79,21.58,0,0,15,15,3,0,Rodents,rice,26.5,Watchlist
municipality_month,2024,January,1,,,Cagayan,Gonzaga,4,4,4.2,5,2.7,1.5,1.5,4,7,2.5,0,Disease - Fungal/Bacterial,corn,5.78,Watchlist
municipality_month,2024,January,1,,,Cagayan,Lasam,2,2,5.8,5,5.8,0,0,6,7,3,0,Fall Armyworm,corn,7.6,Watchlist
municipality_month,2024,January,1,,,Isabela,Aurora,9,9,285,304,137,148,148,17.22,20,3,0,Rodents,rice,24.98,Watchlist
municipality_month,2024,January,1,,,Isabela,Burgos,3,3,85,117,25,60,60,15,15,3,0,Bacterial Leaf Streak,rice,26.17,Watchlist
municipality_month,2024,January,1,,,Isabela,Cabatuan,8,8,44,65,44,0,0,43.12,60,3,4,Rodents,rice,18.61,Watchlist
municipality_month,2024,January,1,,,Isabela,City of Ilagan,3,3,42.65,45,42.65,0,0,12.67,20,3,0,Fall Armyworm,corn,13.8,Watchlist
municipality_month,2024,January,1,,,Isabela,Gamu,5,5,797,345,453,383,383,20.8,59,3,1,Rodents,rice,32.86,Watchlist
municipality_month,2024,January,1,,,Isabela,Luna,3,3,6,10,5.5,0.5,0.5,11.67,15,5,1,Fall Armyworm,corn,12.43,Watchlist
municipality_month,2024,January,1,,,Isabela,Naguilian,4,4,300,269,215,85,85,15,15,3,0,Rodents,rice,36.92,Moderate
municipality_month,2024,January,1,,,Isabela,Quezon,6,6,104.1,87,76.1,0,0,9.67,20,3,0,Rbb,rice,13.3,Watchlist
municipality_month,2024,January,1,,,Isabela,Quirino,1,1,12,5,12,0,0,5,5,3,0,Bacterial Leaf Streak,rice,9.1,Watchlist
municipality_month,2024,January,1,,,Isabela,Reina Mercedes,4,4,9.2,19,9,1.7,1.7,30,70,6,2,Fall Armyworm,corn,19.1,Watchlist
municipality_month,2024,January,1,,,Isabela,Roxas,8,8,133,45,133,10,10,18.12,40,3,0,Bacterial Leaf Streak,rice,13.35,Watchlist
municipality_month,2024,January,1,,,Isabela,Santiago City,4,4,9.5,15,0,9.5,9.5,10.5,25,3,0,Plant Hopper,rice,9.43,Watchlist
municipality_month,2024,January,1,,,Isabela,Sto. Tomas,4,4,16,20,16,0,0,17.5,30,3,0,Rbb,rice,11.2,Watchlist
municipality_month,2024,January,1,,,Isabela,Tumauini,8,8,83.5,72,35,255,255,12.88,40,3,0,Rodents,corn,17.27,Watchlist
municipality_month,2024,January,1,,,Nueva Vizcaya,Aritao,5,4,13.8,25,13.8,0,0,16,20,9,5,Cutworm/Armyworm,hvc,20.62,Watchlist
municipality_month,2024,January,1,,,Nueva Vizcaya,Bambang,2,2,24,34,16,24,24,36.5,60,9,2,Cutworm/Armyworm,hvc,32.25,Watchlist
municipality_month,2024,January,1,,,Nueva Vizcaya,Dupax del Sur,3,3,8.2,37,8.2,0,0,10,15,7,2,Cutworm/Armyworm,hvc,17.6,Watchlist
municipality_month,2024,January,1,,,Nueva Vizcaya,Kayapa,1,1,7,29,7,0,0,60,60,9,1,Cutworm/Armyworm,hvc,38.1,Moderate
municipality_month,2024,January,1,,,Nueva Vizcaya,Quezon,2,2,25,23,25,0,0,15,20,3,0,Leaf Folder/Miner,rice,13.3,Watchlist
municipality_month,2024,January,1,,,Nueva Vizcaya,Solano,1,1,5,2,5,0,0,20,20,3,0,Bacterial Leaf Blight,rice,11.2,Watchlist
municipality_month,2024,January,1,,,Quirino,Aglipay,16,16,285.5,265,11,260.5,260.5,13.12,20,3,0,Rodents,rice,17.51,Watchlist
municipality_month,2024,January,1,,,Quirino,Cabarroguis,12,12,141,120,54,87,87,5.42,15,3,0,Bacterial Leaf Blight,rice,11.85,Watchlist
municipality_month,2024,January,1,,,Quirino,Diffun,4,4,33,30,25,8,8,5,5,3,0,Bacterial Leaf Blight,rice,9.65,Watchlist
municipality_month,2024,January,1,,,Quirino,Maddela,10,10,70,58,35,50,50,6,10,3,0,Rodents,rice,9.91,Watchlist
municipality_month,2024,January,1,,,Quirino,Nagtipunan,13,13,204.5,161,89.5,115,115,16.15,50,3,1,Bacterial Leaf Blight,corn,15.98,Watchlist
municipality_month,2024,February,2,,,Cagayan,Alcala,1,0,74,82,74,0,0,15,15,3,0,Fall Armyworm,corn,33.1,Watchlist
municipality_month,2024,February,2,,,Cagayan,Gonzaga,13,13,38.1,36,35.1,3,3,10,40,3,0,Disease - Fungal/Bacterial,corn,8.68,Watchlist
municipality_month,2024,February,2,,,Cagayan,Lallo,1,1,35,75,35,0,0,15,15,3,0,Rodents,rice,28.2,Watchlist
municipality_month,2024,February,2,,,Cagayan,Solana,6,6,140,112,140,0,0,15,20,3,0,Fall Armyworm,corn,16.43,Watchlist
municipality_month,2024,February,2,,,Cagayan,Sta. Ana,10,10,80.59,50,68.69,11.9,11.9,5.8,10,3,0,Bacterial Leaf Blight,rice,9.05,Watchlist
municipality_month,2024,February,2,,,Cagayan,Sta. Teresita,9,9,75.5,76,75.5,0,0,5,6,3,0,Rodents,rice,9.51,Watchlist
municipality_month,2024,February,2,,,Cagayan,Sto. Ni�o,1,1,0.04,1,0.04,0,0,4,4,3,0,Rbb,rice,6.4,Watchlist
municipality_month,2024,February,2,,,Cagayan,Tuao,2,0,20.02,19,20.02,0,0,6,10,3,0,Rbb,rice,10.25,Watchlist
municipality_month,2024,February,2,,,Isabela,Angadanan,9,9,44.75,56,37.75,8,8,26.44,50,4.33,5,Plant Hopper,corn,16.29,Watchlist
municipality_month,2024,February,2,,,Isabela,Aurora,6,6,120,120,94,26,26,30.83,50,3,1,Fall Armyworm,corn,21.2,Watchlist
municipality_month,2024,February,2,,,Isabela,Burgos,4,4,90,76,70,20,20,10,15,3,0,Plant Hopper,rice,16.18,Watchlist
municipality_month,2024,February,2,,,Isabela,Cabatuan,3,3,56,130,34,72,72,9.33,15,3,0,Stem/Shoot/Fruit Borer,rice,20.73,Watchlist
municipality_month,2024,February,2,,,Isabela,Cauayan City,21,21,1103,810,151,972,972,51.67,85,7.57,18,Cassava Phytoplasma/Mosaic,cassava,47.48,Moderate
municipality_month,2024,February,2,,,Isabela,City of Ilagan,7,7,17.6,31,7.6,10,10,26.43,60,4.71,2,Fall Armyworm,rice,16.24,Watchlist
municipality_month,2024,February,2,,,Isabela,Gamu,1,1,30,14,30,0,0,20,20,3,0,Plant Hopper,rice,17.4,Watchlist
municipality_month,2024,February,2,,,Isabela,Luna,4,4,93,74,73,20,20,25,40,3,0,Bacterial Leaf Streak,rice,19.88,Watchlist
municipality_month,2024,February,2,,,Isabela,Mallig,9,9,63,48,43,0,0,18.44,50,7,6,Cutworm/Armyworm,hvc,18.51,Watchlist
municipality_month,2024,February,2,,,Isabela,Naguilian,3,3,65,90,35,30,30,10,15,3,0,Rodents,rice,19.8,Watchlist
municipality_month,2024,February,2,,,Isabela,Quirino,4,4,51,31,34,0,0,5,5,3,0,Bacterial Leaf Streak,rice,9.85,Watchlist
municipality_month,2024,February,2,,,Isabela,Roxas,11,11,120.9,69,114.9,0,0,10.73,40,4.64,3,Stem/Shoot/Fruit Borer,rice,13.42,Watchlist
municipality_month,2024,February,2,,,Isabela,San Manuel,1,1,75,85,40,35,35,15,15,5,0,Leaf Folder/Miner,rice,43.6,Moderate
municipality_month,2024,February,2,,,Isabela,Santiago City,9,9,288,108,280.5,8.5,8.5,6.44,10,5,3,Plant Hopper,rice,17.19,Watchlist
municipality_month,2024,February,2,,,Isabela,Tumauini,1,1,4,2,4,0,0,5,5,3,0,Rbb,rice,7.3,Watchlist
municipality_month,2024,February,2,,,Nueva Vizcaya,Bagabag,3,3,92.5,92,92.5,0,0,5.67,10,3,0,Fall Armyworm,corn,15.97,Watchlist
municipality_month,2024,February,2,,,Nueva Vizcaya,Bambang,10,9,84,145,84,0,0,23.8,70,4.8,3,Cutworm/Armyworm,rice,18.69,Watchlist
municipality_month,2024,February,2,,,Nueva Vizcaya,Kasibu,14,14,35.8,54,7.8,26,26,8.36,20,3,0,Plant Hopper,rice,8.84,Watchlist
municipality_month,2024,February,2,,,Nueva Vizcaya,Quezon,9,9,40,36,10,30,30,10.73,20,3,0,Leaf Folder/Miner,rice,10,Watchlist
municipality_month,2024,February,2,,,Nueva Vizcaya,Solano,7,7,235,277,75,160,160,20,20,3,0,Bacterial Leaf Blight,rice,28.77,Watchlist
municipality_month,2024,February,2,,,Quirino,Aglipay,5,5,16,12,13,3,3,5,5,3,0,Blast/Blight/Spot,rice,7.46,Watchlist
municipality_month,2024,February,2,,,Quirino,Cabarroguis,8,8,76,68,76,0,0,15.62,30,3,0,Bacterial Leaf Blight,rice,12.3,Watchlist
municipality_month,2024,February,2,,,Quirino,Diffun,32,32,770.1,660,732.1,40,40,15.16,50,3,1,Plant Hopper,corn,16.68,Watchlist
municipality_month,2024,February,2,,,Quirino,Nagtipunan,26,26,440,335,440,0,0,21.15,70,3,1,Fall Armyworm,corn,15.72,Watchlist
municipality_month,2024,March,3,,,Cagayan,Baggao,1,0,13.13,16,13.13,0,0,10,10,3,0,Fall Armyworm,corn,13.2,Watchlist
municipality_month,2024,March,3,,,Cagayan,Ballesteros,5,5,57.4,40,57.4,0,0,3,7,3,0,Disease - Fungal/Bacterial,rice,9.28,Watchlist
municipality_month,2024,March,3,,,Cagayan,Gonzaga,3,3,47,70,46,1,1,6.33,7,3,0,Cutworm/Armyworm,rice,14.53,Watchlist
municipality_month,2024,March,3,,,Cagayan,Lasam,1,1,26.43,16,26.43,0,0,5,5,3,0,Fall Armyworm,corn,13.7,Watchlist
municipality_month,2024,March,3,,,Cagayan,Pamplona,7,7,412.41,312,412.41,0,0,10,10,3,0,Fall Armyworm,corn,23,Watchlist
municipality_month,2024,March,3,,,Cagayan,Sta. Ana,2,2,4,4,4,0,0,4,4,3,0,Fall Armyworm,rice,6.85,Watchlist
municipality_month,2024,March,3,,,Cagayan,Sta. Teresita,4,4,62.96,45,62.96,0,0,4.5,5,3,0,Rodents,rice,11.03,Watchlist
municipality_month,2024,March,3,,,Isabela,Aurora,17,16,248.2,323,244.7,3,3,22.06,60,4.41,5,Fall Armyworm,corn,19.46,Watchlist
municipality_month,2024,March,3,,,Isabela,Burgos,4,4,88,130,87.5,0.5,0.5,13.75,15,4.5,1,Plant Hopper,rice,21.92,Watchlist
municipality_month,2024,March,3,,,Isabela,Cabatuan,3,3,15,35,0,15,15,15,20,9,3,Dumping-Off,hvc,23.27,Watchlist
municipality_month,2024,March,3,,,Isabela,Cauayan City,6,6,100,76,14,136,136,33.33,80,9,6,Cassava Phytoplasma/Mosaic,cassava,33.13,Watchlist
municipality_month,2024,March,3,,,Isabela,City of Ilagan,5,5,9,27,8,1,1,31.2,75,5.4,2,Cassava Phytoplasma/Mosaic,rice,18.48,Watchlist
municipality_month,2024,March,3,,,Isabela,Delfin Albano,1,1,12,2,25,0,0,70,70,3,1,Bacterial Leaf Blight,rice,24.6,Watchlist
municipality_month,2024,March,3,,,Isabela,Jones,2,2,20,59,10,10,10,12.5,15,3,0,Blast/Blight/Spot,rice,17.85,Watchlist
municipality_month,2024,March,3,,,Isabela,Luna,7,7,166,166,166,0,0,22.14,50,3,1,Plant Hopper,rice,19.51,Watchlist
municipality_month,2024,March,3,,,Isabela,Mallig,1,1,12,8,12,0,0,10,10,3,0,Blast/Blight/Spot,rice,11.1,Watchlist
municipality_month,2024,March,3,,,Isabela,Naguilian,4,4,210,230,30,180,180,27.5,30,9,4,Cassava Phytoplasma/Mosaic,cassava,51.2,Moderate
municipality_month,2024,March,3,,,Isabela,Reina Mercedes,6,6,12,26,12,0,0,28.33,30,6,3,Fall Armyworm,corn,18.47,Watchlist
municipality_month,2024,March,3,,,Isabela,Roxas,5,5,8.1,8,8.1,0,0,7.2,20,6.6,3,Stem/Shoot/Fruit Borer,hvc,13.44,Watchlist
municipality_month,2024,March,3,,,Isabela,San Mateo,5,5,64.2,121,54.2,10,10,34,70,4.2,3,Fall Armyworm,corn,23.64,Watchlist
municipality_month,2024,March,3,,,Isabela,Santiago City,1,1,10,20,2,8,8,5,5,3,0,Plant Hopper,rice,14.2,Watchlist
municipality_month,2024,March,3,,,Nueva Vizcaya,Aritao,12,11,9.5,35,0,9.5,9.5,75,75,9,12,Cutworm/Armyworm,hvc,34.74,Watchlist
municipality_month,2024,March,3,,,Nueva Vizcaya,Bagabag,24,24,868.1,1341,278,277,277,17.12,40,3.75,3,Plant Hopper,rice,25.22,Watchlist
municipality_month,2024,March,3,,,Nueva Vizcaya,Bambang,1,1,1,1,1,0,0,7,7,9,1,Cutworm/Armyworm,hvc,17.1,Watchlist
municipality_month,2024,March,3,,,Nueva Vizcaya,Bayombong,3,3,21,21,21,0,0,39.33,100,5,2,Plant Hopper,rice,20.87,Watchlist
municipality_month,2024,March,3,,,Nueva Vizcaya,Solano,3,3,100,275,90,10,10,23.33,30,3,0,Plant Hopper,rice,28.67,Watchlist
municipality_month,2024,March,3,,,Quirino,Aglipay,18,18,348,160,37,163,163,8.89,20,3.33,1,Plant Hopper,rice,14.32,Watchlist
municipality_month,2024,March,3,,,Quirino,Cabarroguis,20,20,154,118,81,73,73,8.75,20,3.6,2,Plant Hopper,rice,11.43,Watchlist
municipality_month,2024,March,3,,,Quirino,Diffun,7,7,42.5,17,22.4,0.3,0.3,6.43,10,6.43,4,Plant Hopper,hvc,13.73,Watchlist
municipality_month,2024,April,4,,,Cagayan,Amulung,2,2,22.5,18,22.5,0,0,15,20,5,0,Plant Hopper,rice,15.9,Watchlist
municipality_month,2024,April,4,,,Isabela,Aurora,19,19,91.5,147,42.5,48.5,48.5,16.58,30,6.79,12,Stem/Shoot/Fruit Borer,hvc,18.54,Watchlist
municipality_month,2024,April,4,,,Isabela,Burgos,1,1,5,7,1,4,4,10,10,9,1,Gummosis,hvc,20.7,Watchlist
municipality_month,2024,April,4,,,Isabela,Cabatuan,23,23,40.24,567,20.64,19.6,19.6,6.83,27,5.78,11,Leaf Folder/Miner,rice,17.41,Watchlist
municipality_month,2024,April,4,,,Isabela,Cauayan City,10,10,910,822,90,820,820,54,70,9,10,Cassava Phytoplasma/Mosaic,cassava,63.54,High
municipality_month,2024,April,4,,,Isabela,City of Ilagan,2,2,8,5,8,0,0,5,5,1,0,Stem/Shoot/Fruit Borer,rice,4.05,Watchlist
municipality_month,2024,April,4,,,Isabela,Luna,3,3,46,62,6,40,40,21.67,25,7,2,Stem/Shoot/Fruit Borer,hvc,26.9,Watchlist
municipality_month,2024,April,4,,,Isabela,Quezon,2,2,20,10,20,0,0,4,5,3,0,Stem/Shoot/Fruit Borer,rice,8.6,Watchlist
municipality_month,2024,April,4,,,Isabela,Reina Mercedes,3,3,6.5,11,6.5,0,0,25,30,5,1,Fall Armyworm,corn,15.87,Watchlist
municipality_month,2024,April,4,,,Isabela,Roxas,10,10,58.2,57,58.2,0,0,6.5,15,6.6,6,Stem/Shoot/Fruit Borer,hvc,14.81,Watchlist
municipality_month,2024,April,4,,,Isabela,San Manuel,6,6,185.1,291,25,160.1,160.1,19.17,25,9,6,Stem/Shoot/Fruit Borer,hvc,40.07,Moderate
municipality_month,2024,April,4,,,Isabela,Santiago City,1,1,1,15,0,1,1,10,10,9,1,White Fly,hvc,21.6,Watchlist
municipality_month,2024,April,4,,,Isabela,Tumauini,2,2,7,7,7,0,0,12.5,15,3,0,Stem/Shoot/Fruit Borer,rice,9.5,Watchlist
municipality_month,2024,April,4,,,Nueva Vizcaya,Alfoso Castaneda,3,3,55,98,35,20,20,36.67,50,9,3,Red Spider Mites,hvc,35.97,Moderate
municipality_month,2024,April,4,,,Nueva Vizcaya,Bagabag,3,3,177,333,130,47,47,10,10,1,0,Plant Hopper,rice,29.73,Watchlist
municipality_month,2024,April,4,,,Nueva Vizcaya,Bayombong,6,6,320,664,253,82,82,7.5,10,2,0,Blast/Blight/Spot,rice,29.68,Watchlist
municipality_month,2024,April,4,,,Nueva Vizcaya,Diadi,1,1,13,2,5,8,8,25,25,9,1,Fruit Fly,hvc,25,Watchlist
municipality_month,2024,April,4,,,Nueva Vizcaya,Kayapa,4,4,63,107,45,21,21,12.5,20,3,1,Bacterial Leaf Blight,rice,17.85,Watchlist
municipality_month,2024,April,4,,,Nueva Vizcaya,Solano,7,7,440,545,220,220,220,6.43,10,2.14,0,Bacterial Leaf Blight,rice,31.03,Watchlist
municipality_month,2024,April,4,,,Quirino,Aglipay,14,14,410,308,360,50,50,13.57,20,8.14,12,Cassava Phytoplasma/Mosaic,cassava,25.48,Watchlist
municipality_month,2024,April,4,,,Quirino,Cabarroguis,8,8,64,50,30,46,46,12.5,15,9,8,Cassava Phytoplasma/Mosaic,cassava,21.82,Watchlist
municipality_month,2024,April,4,,,Quirino,Diffun,6,6,36,32,0,36,36,11.67,15,7,4,Cassava Phytoplasma/Mosaic,cassava,17.9,Watchlist
municipality_month,2024,April,4,,,Quirino,Nagtipunan,4,4,25,22,25,0,0,5,5,3,0,Whorl Maggot,rice,8.5,Watchlist
municipality_month,2024,May,5,,,Cagayan,Gonzaga,4,4,319,360,283,36,36,5.25,6,4,1,Fall Armyworm,rice,28.75,Watchlist
municipality_month,2024,May,5,,,Cagayan,Sta. Ana,2,2,6.5,5,6.5,0,0,5,7,6,1,Fall Armyworm,rice,12.35,Watchlist
municipality_month,2024,May,5,,,Isabela,Aurora,7,7,61.5,158,23.5,53,53,11.71,20,2.43,0,Stem/Shoot/Fruit Borer,rice,15.33,Watchlist
municipality_month,2024,May,5,,,Isabela,Burgos,11,11,136.5,211,52.5,89,89,4.73,8,2.27,0,Whorl Maggot,rice,12.79,Watchlist
municipality_month,2024,May,5,,,Isabela,Cabagan,1,1,15,4,15,0,0,10,10,3,0,Rbb,rice,10.5,Watchlist
municipality_month,2024,May,5,,,Isabela,Cabatuan,6,6,61.82,93,105,0,0,4.98,13.5,2,0,Rbb,rice,9.78,Watchlist
municipality_month,2024,May,5,,,Isabela,City of Ilagan,3,3,90.8,62,90.8,0,0,16.67,30,5.67,1,Fall Armyworm,corn,22.77,Watchlist
municipality_month,2024,May,5,,,Isabela,Echague,1,1,0.8,1,0,0.8,0.8,50,50,3,1,Banana Spider Mites,hvc,18.1,Watchlist
municipality_month,2024,May,5,,,Isabela,Gamu,8,8,174.2,169,62,82.5,82.5,3.88,8,2.25,0,Whorl Maggot,rice,12.8,Watchlist
municipality_month,2024,May,5,,,Isabela,Mallig,5,5,60.5,39,60.5,0,0,4,5,1.4,0,Fall Armyworm,corn,6.84,Watchlist
municipality_month,2024,May,5,,,Isabela,Naguilian,1,1,5,9,5,0,0,14,14,1,0,Fall Armyworm,corn,8.1,Watchlist
municipality_month,2024,May,5,,,Isabela,Quirino,1,1,5,2,5,0,0,7,7,1,0,Stem/Shoot/Fruit Borer,rice,4.6,Watchlist
municipality_month,2024,May,5,,,Isabela,Reina Mercedes,4,4,6.7,13,5.2,1.5,1.5,21.25,25,4.5,0,Fall Armyworm,corn,14.07,Watchlist
municipality_month,2024,May,5,,,Isabela,Roxas,14,14,227.7,154,230.7,0,0,3.86,5,1.71,0,Fall Armyworm,corn,8.66,Watchlist
municipality_month,2024,May,5,,,Isabela,San Manuel,5,5,95,185,25,70,70,18,25,3.8,0,Stem/Shoot/Fruit Borer,hvc,25.4,Watchlist
municipality_month,2024,May,5,,,Isabela,Santiago City,1,1,0.05,10,0,1.5,1.5,2,2,1,0,Rbb,rice,5,Watchlist
municipality_month,2024,May,5,,,Nueva Vizcaya,Bagabag,3,3,11,18,10,1,1,56.67,80,2.33,2,Fall Armyworm,corn,20.13,Watchlist
municipality_month,2024,May,5,,,Nueva Vizcaya,Diadi,1,1,10,3,10,0,0,54,54,1,1,Fall Armyworm,corn,17.2,Watchlist
municipality_month,2024,May,5,,,Nueva Vizcaya,Solano,7,7,177,558,93,84,84,17.86,40,1,0,Leaf Folder/Miner,rice,22.06,Watchlist
municipality_month,2024,May,5,,,Quirino,Aglipay,13,13,773,355,260,513,513,20.38,36,5.62,6,Cassava Phytoplasma/Mosaic,cassava,31.12,Watchlist
municipality_month,2024,May,5,,,Quirino,Diffun,2,2,12,7,12,0,0,37.5,45,3,0,Fall Armyworm,corn,16.1,Watchlist
municipality_month,2024,May,5,,,Quirino,Saguday,1,1,9,6,9,0,0,30,30,3,0,Fall Armyworm,corn,15.2,Watchlist
municipality_month,2024,June,6,,,Cagayan,Gonzaga,5,4,159.75,177,159.75,0,0,20.4,50,2.6,1,Fall Armyworm,rice,20,Watchlist
municipality_month,2024,June,6,,,Cagayan,Sta. Ana,1,1,53.5,49,0,53.5,53.5,2,2,3,0,Rice Bug,rice,34.5,Watchlist
municipality_month,2024,June,6,,,Isabela,Alicia,3,3,20,29,10,10,10,7.67,8,3,0,Semi Looper,rice,10.9,Watchlist
municipality_month,2024,June,6,,,Isabela,Angadanan,10,9,116.75,390,116.75,0,0,28,50,3.4,1,Fall Armyworm,corn,22.2,Watchlist
municipality_month,2024,June,6,,,Isabela,Aurora,6,6,16.8,28,10.4,6.4,6.4,19.5,30,3,0,Fall Armyworm,corn,11.7,Watchlist
municipality_month,2024,June,6,,,Isabela,Burgos,9,9,40.7,46,40.7,0,0,17.11,30,2.56,0,Fall Armyworm,rice,10.46,Watchlist
municipality_month,2024,June,6,,,Isabela,Cabatuan,3,3,3.5,20,2,1.5,1.5,9.33,10,3,0,Stem/Shoot/Fruit Borer,rice,9.33,Watchlist
municipality_month,2024,June,6,,,Isabela,Cauayan City,7,7,50,96,50,0,0,11.55,13,3,0,Fall Armyworm,corn,12.3,Watchlist
municipality_month,2024,June,6,,,Isabela,City of Ilagan,15,15,525,319,490,35,35,14.73,26,5.13,3,Fall Armyworm,corn,22.55,Watchlist
municipality_month,2024,June,6,,,Isabela,Echague,5,5,82.5,185,82.5,0,0,38,55,1.4,1,Fall Armyworm,corn,23.16,Watchlist
municipality_month,2024,June,6,,,Isabela,Gamu,4,4,16,28,11,5,5,17.5,22,3,0,Fall Armyworm,corn,12,Watchlist
municipality_month,2024,June,6,,,Isabela,Mallig,2,2,4,3,4,0,0,43,60,3,1,Bacterial Leaf Streak,rice,16.5,Watchlist
municipality_month,2024,June,6,,,Isabela,Quirino,5,5,158,123,158,0,0,25,55,2.2,1,Fall Armyworm,corn,20.1,Watchlist
municipality_month,2024,June,6,,,Isabela,Reina Mercedes,4,4,41.5,66,41.5,0,0,10.9,12.5,3,0,Fall Armyworm,corn,13.27,Watchlist
municipality_month,2024,June,6,,,Isabela,Roxas,6,6,77.3,42,77.3,0,0,19,40,3.33,1,Fall Armyworm,corn,13.72,Watchlist
municipality_month,2024,June,6,,,Nueva Vizcaya,Bayombong,4,4,135,265,135,0,0,20.5,48,1.5,0,Rbb,rice,24.07,Watchlist
municipality_month,2024,June,6,,,Nueva Vizcaya,Diadi,5,5,50,33,45,5,5,12.8,20,1,0,Fall Armyworm,corn,8,Watchlist
municipality_month,2024,June,6,,,Quirino,Aglipay,3,3,75,58,75,0,0,33.33,40,1,0,Fall Armyworm,corn,17.97,Watchlist
municipality_month,2024,June,6,,,Quirino,Cabarroguis,5,5,329,338,235,94,94,43.2,66,1.4,2,Fall Armyworm,corn,36.02,Moderate
municipality_month,2024,June,6,,,Quirino,Diffun,5,5,120,103,52,68,68,29.6,55,1.8,1,Fall Armyworm,corn,21.32,Watchlist
municipality_month,2024,June,6,,,Quirino,Maddela,3,3,148,155,115,33,33,33.33,35,1,0,Fall Armyworm,corn,29.53,Watchlist
municipality_month,2024,July,7,,,Cagayan,Buguey,3,3,5.38,3,5.38,0,0,5.33,9,3.67,1,Fall Armyworm,corn,8.03,Watchlist
municipality_month,2024,July,7,,,Cagayan,Gattaran,2,2,20,50,20,0,0,40,40,6,0,Fall Armyworm,corn,27.7,Watchlist
municipality_month,2024,July,7,,,Cagayan,Gonzaga,9,9,13.06,14,12.76,0.3,0.3,1.89,3,2.56,0,Stem/Shoot/Fruit Borer,rice,5.4,Watchlist
municipality_month,2024,July,7,,,Cagayan,Sta. Ana,1,1,2,1,2,9,9,35,35,7,1,Rice Tungro Virus,rice,22.9,Watchlist
municipality_month,2024,July,7,,,Cagayan,Sta. Teresita,1,1,104,63,104,0,0,2,2,3,0,Rodents,rice,33.6,Watchlist
municipality_month,2024,July,7,,,Isabela,Aurora,8,8,84.98,148,57.48,37.5,37.5,25.75,50,4.25,1,Fall Armyworm,corn,20.56,Watchlist
municipality_month,2024,July,7,,,Isabela,Burgos,2,2,7,4,7,0,0,9,9,3,0,Bacterial Leaf Streak,rice,8.25,Watchlist
municipality_month,2024,July,7,,,Isabela,Cauayan City,5,5,17.98,42,10,7.98,7.98,17.4,25,3.4,0,Fall Armyworm,corn,13,Watchlist
municipality_month,2024,July,7,,,Isabela,City of Ilagan,19,19,782.8,309,107.6,675.2,675.2,66.58,85,7,19,Fall Armyworm,corn,40.93,Moderate
municipality_month,2024,July,7,,,Isabela,Cordon,4,4,280,100,280,0,0,52.5,60,3.25,4,Fall Armyworm,corn,33.67,Watchlist
municipality_month,2024,July,7,,,Isabela,Echague,13,13,665.95,410,665.95,0,0,51,60,2.54,10,Fall Armyworm,corn,30.48,Watchlist
municipality_month,2024,July,7,,,Isabela,Jones,2,2,0.05,2,0.04,0.01,0.01,30,40,2,0,Fall Armyworm,corn,11.2,Watchlist
municipality_month,2024,July,7,,,Isabela,Luna,3,3,1.5,20,0,1.5,1.5,4,4,2.33,0,Disease - Fungal/Bacterial,corn,6.8,Watchlist
municipality_month,2024,July,7,,,Isabela,Mallig,1,1,3.3,2,3.3,0,0,3,3,1,0,Bacterial Leaf Streak,rice,3.4,Watchlist
municipality_month,2024,July,7,,,Isabela,Quezon,4,4,53.25,37,53.25,0,0,22,35,1.5,0,Fall Armyworm,corn,12.03,Watchlist
municipality_month,2024,July,7,,,Isabela,Quirino,1,1,4,1,4,0,0,30,30,3,0,Fall Armyworm,corn,13.3,Watchlist
municipality_month,2024,July,7,,,Isabela,Reina Mercedes,2,2,1.3,15,0,1.3,1.3,5,5,3,0,Disease - Fungal/Bacterial,corn,8.45,Watchlist
municipality_month,2024,July,7,,,Isabela,Roxas,8,8,52.75,31,52.75,0,0,15.38,55,2.5,1,Leaf Folder/Miner,rice,9.88,Watchlist
municipality_month,2024,July,7,,,Isabela,San Agustin,3,3,32,50,32,0,0,16.67,20,1.67,0,Fall Armyworm,corn,12.5,Watchlist
municipality_month,2024,July,7,,,Isabela,San Isidro,5,5,66.74,110,66.74,0,0,6.34,11.5,3,0,Leaf Folder/Miner,rice,13.86,Watchlist
municipality_month,2024,July,7,,,Isabela,San Manuel,1,1,16.8,32,16.8,0,0,8,8,3,0,Leaf Folder/Miner,rice,17.2,Watchlist
municipality_month,2024,July,7,,,Isabela,San Mariano,1,1,17.5,16,17.5,0,0,87.5,87.5,7,1,Fall Armyworm,corn,40,Moderate
municipality_month,2024,July,7,,,Isabela,Santiago City,2,2,22.22,35,22.22,0,0,7.55,8.3,3,0,Leaf Folder/Miner,rice,12.75,Watchlist
municipality_month,2024,July,7,,,Isabela,Sta Maria,2,2,123.1,69,0,123.1,123.1,55,60,7,2,Fall Armyworm,corn,51.95,Moderate
municipality_month,2024,July,7,,,Nueva Vizcaya,Aritao,1,1,0.3,1,0.3,0,0,20,20,9,1,Weevil,hvc,20.3,Watchlist
municipality_month,2024,July,7,,,Nueva Vizcaya,Quezon,6,6,72.85,142,72.85,0,0,26,50,3.67,1,Fall Armyworm,rice,18.9,Watchlist
municipality_month,2024,July,7,,,Nueva Vizcaya,Solano,10,10,150.5,392,150.5,0,0,22.4,50,1,1,Fall Armyworm,corn,16.73,Watchlist
municipality_month,2024,July,7,,,Quirino,Aglipay,2,2,10.7,12,10.7,0,0,60,70,6,2,Fall Armyworm,corn,27.2,Watchlist
municipality_month,2024,July,7,,,Quirino,Cabarroguis,1,1,40,32,40,0,0,20,20,1,0,Fall Armyworm,corn,19.7,Watchlist
municipality_month,2024,July,7,,,Quirino,Diffun,11,11,117.21,236,111.21,6,6,18.31,40,1.73,0,Fall Armyworm,corn,14.33,Watchlist
municipality_month,2024,July,7,,,Quirino,Maddela,13,13,549.65,495,495.65,54,54,27.31,50,1.92,1,Fall Armyworm,corn,23.58,Watchlist
municipality_month,2024,July,7,,,Quirino,Nagtipunan,7,7,347.05,707,347.05,0,0,30,45,2.14,0,Fall Armyworm,corn,27.7,Watchlist
municipality_month,2024,July,7,,,Quirino,Saguday,1,1,19.5,39,19.5,0,0,50,50,3,1,Fall Armyworm,corn,29.8,Watchlist
municipality_month,2024,August,8,,,Cagayan,Buguey,7,7,276.62,39.4,276.62,0,0,40,50,6.71,6,Fall Armyworm,corn,27.71,Watchlist
municipality_month,2024,August,8,,,Cagayan,Gattaran,3,3,63.17,212,63.17,0,0,30,30,5,0,Fall Armyworm,corn,28.87,Watchlist
municipality_month,2024,August,8,,,Cagayan,Gonzaga,4,4,17.79,9,2,15.79,15.79,9.25,20,4,0,Stem/Shoot/Fruit Borer,rice,11.03,Watchlist
municipality_month,2024,August,8,,,Cagayan,Iguig,2,2,8,40,8,0,0,20,20,5,0,Fall Armyworm,corn,19,Watchlist
municipality_month,2024,August,8,,,Cagayan,Sta. Praxedes,6,6,15.6,54,15.6,0,0,22.28,30,4.83,0,Bacterial Leaf Blight,rice,16.37,Watchlist
municipality_month,2024,August,8,,,Cagayan,Sta. Teresita,9,9,84,84,84,0,0,32.22,40,4.78,0,Fall Armyworm,corn,19.67,Watchlist
municipality_month,2024,August,8,,,Cagayan,Sto. Ni�o,1,1,61.2,153,61.2,0,0,40,40,5,0,Fall Armyworm,corn,41.1,Moderate
municipality_month,2024,August,8,,,Cagayan,Tuguegarao City,8,8,119.5,120,119.5,0,0,19.56,50.7,5,1,Fall Armyworm,corn,19.02,Watchlist
municipality_month,2024,August,8,,,Isabela,Aurora,5,5,38,93,25,13,13,14,25,3.8,0,Fall Armyworm,corn,16.06,Watchlist
municipality_month,2024,August,8,,,Isabela,Burgos,9,9,29.95,108,25.1,4.85,4.85,7.44,25,2.78,0,Leaf Folder/Miner,rice,10.12,Watchlist
municipality_month,2024,August,8,,,Isabela,Cabatuan,14,14,312.28,305,312.28,0,0,9.49,50,3.14,1,Bacterial Leaf Blight,rice,15.95,Watchlist
municipality_month,2024,August,8,,,Isabela,Cauayan City,9,9,10.48,98,10.48,0,0,3.24,5.2,3,0,Disease - Fungal/Bacterial,rice,8.79,Watchlist
municipality_month,2024,August,8,,,Isabela,City of Ilagan,3,3,28,21,14,14,14,12,20,5,1,Stem/Shoot/Fruit Borer,corn,15.33,Watchlist
municipality_month,2024,August,8,,,Isabela,Gamu,3,3,5.64,32,3.24,2.4,2.4,7.67,8,3,0,Leaf Folder/Miner,rice,10.07,Watchlist
municipality_month,2024,August,8,,,Isabela,Luna,7,7,130.74,180,32.75,31.74,31.74,16.14,35,3.86,0,Leaf Folder/Miner,rice,20.27,Watchlist
municipality_month,2024,August,8,,,Isabela,Mallig,2,2,42,28,42,0,0,3.15,3.3,1,0,Bacterial Leaf Streak,rice,8.6,Watchlist
municipality_month,2024,August,8,,,Isabela,Naguilian,2,2,50,18,2.5,0,0,5,5,3,0,Leaf Folder/Miner,rice,11.75,Watchlist
municipality_month,2024,August,8,,,Isabela,Quezon,3,3,36.3,36,36.3,0,0,21.67,55,1,1,Fall Armyworm,hvc,11.6,Watchlist
municipality_month,2024,August,8,,,Isabela,Quirino,6,6,148.9,116,146.9,0,0,12.9,30,2.67,0,Stem/Shoot/Fruit Borer,rice,15.68,Watchlist
municipality_month,2024,August,8,,,Isabela,Ramon,7,7,111.79,125,111.79,0,0,15.96,30,4.43,0,Leaf Folder/Miner,rice,17.99,Watchlist
municipality_month,2024,August,8,,,Isabela,Reina Mercedes,4,4,14.7,30,23.2,0,0,14.25,20,3,0,Fall Armyworm,corn,11,Watchlist
municipality_month,2024,August,8,,,Isabela,Roxas,5,5,130.6,88,305.6,0,0,14.4,43,3,0,Bacterial Leaf Streak,rice,16.34,Watchlist
municipality_month,2024,August,8,,,Isabela,San Manuel,1,1,25,15,113,0,0,22,22,5,0,Leaf Folder/Miner,rice,20.9,Watchlist
municipality_month,2024,August,8,,,Isabela,San Pablo,1,1,8,10,8,39,39,17,17,7,1,Disease - Fungal/Bacterial,corn,27.4,Watchlist
municipality_month,2024,August,8,,,Isabela,Santiago City,5,5,29.12,75,29.12,0,0,16.49,60,3,1,Plant Hopper,rice,13.72,Watchlist
municipality_month,2024,August,8,,,Isabela,Tumauini,12,12,196,174,174,22,22,12,29,4.17,1,Bacterial Leaf Streak,rice,16.12,Watchlist
municipality_month,2024,August,8,,,Nueva Vizcaya,Aritao,5,5,40.41,98,118.05,0,0,26,30,2.6,0,Plant Hopper,rice,16.84,Watchlist
municipality_month,2024,August,8,,,Nueva Vizcaya,Bagabag,3,3,19,32,58,0,0,24,30,1.67,0,Fall Armyworm,corn,12.27,Watchlist
municipality_month,2024,August,8,,,Nueva Vizcaya,Diadi,2,2,35,32,35,0,0,35,40,1,0,Fall Armyworm,corn,16.65,Watchlist
municipality_month,2024,August,8,,,Nueva Vizcaya,Dupax del Sur,2,2,5.4,27,55,0,0,30,30,3,0,Plant Hopper,rice,16.3,Watchlist
municipality_month,2024,August,8,,,Nueva Vizcaya,Quezon,1,1,20,15,20,0,0,40,40,1,0,Leaf Folder/Miner,rice,17.9,Watchlist
municipality_month,2024,August,8,,,Nueva Vizcaya,Solano,3,3,26.8,26,25,1.8,1.8,20,30,1,0,Stem/Shoot/Fruit Borer,rice,10.1,Watchlist
municipality_month,2024,August,8,,,Quirino,Aglipay,5,5,50.45,48,50.45,0,0,12.44,25,3.4,0,Fall Armyworm,corn,12.56,Watchlist
municipality_month,2024,August,8,,,Quirino,Cabarroguis,6,6,6.28,10,5.38,0.9,0.9,8.07,30,3,0,Leaf Folder/Miner,rice,7.68,Watchlist
municipality_month,2024,August,8,,,Quirino,Diffun,16,16,107.12,108,109.08,4.74,4.74,9.01,30,4.12,0,Plant Hopper,rice,11.86,Watchlist
municipality_month,2024,August,8,,,Quirino,Maddela,21,21,247.95,172,175.25,76.2,76.2,15.89,40,3.76,0,Plant Hopper,rice,14.46,Watchlist
municipality_month,2024,August,8,,,Quirino,Nagtipunan,1,1,1,1,1,0,0,7,7,1,0,Fall Armyworm,corn,3.8,Watchlist
municipality_month,2024,August,8,,,Quirino,Saguday,1,1,15,14,15,0,0,20,20,5,0,Plant Hopper,rice,18.9,Watchlist
municipality_month,2024,September,9,,,Cagayan,Ballesteros,6,6,135.55,97,101.85,33.7,33.7,11.78,22,3,0,Plant Hopper,rice,16.03,Watchlist
municipality_month,2024,September,9,,,Cagayan,Buguey,4,4,10,6,7,3,3,17.5,50,4.5,1,Bacterial Leaf Blight,rice,12.88,Watchlist
municipality_month,2024,September,9,,,Cagayan,Gonzaga,3,3,5.75,6,5.75,0,0,20,25,5,0,Rice Bug,rice,14.23,Watchlist
municipality_month,2024,September,9,,,Cagayan,Sta. Ana,3,3,8.95,7,8.95,0,0,36.67,50,6.33,2,Plant Hopper,rice,20.9,Watchlist
municipality_month,2024,September,9,,,Isabela,Angadanan,6,5,9.13,43,6.53,2.6,2.6,9.98,14,5,0,Stem/Shoot/Fruit Borer,rice,13.05,Watchlist
municipality_month,2024,September,9,,,Isabela,Aurora,2,2,0.35,6,0.35,0,0,12.5,15,3,0,Fall Armyworm,corn,9,Watchlist
municipality_month,2024,September,9,,,Isabela,Cabatuan,4,4,3.88,26,4.3,0,0,16.25,35,4.5,1,Bacterial Leaf Blight,rice,13.38,Watchlist
municipality_month,2024,September,9,,,Isabela,Cauayan City,4,4,2.4,27,2.4,0,0,9.25,30,3.5,0,Rodents,rice,10,Watchlist
municipality_month,2024,September,9,,,Isabela,City of Ilagan,1,1,12,7,10,2,2,18,18,5,0,Stem/Shoot/Fruit Borer,rice,16.6,Watchlist
municipality_month,2024,September,9,,,Isabela,Cordon,4,4,2.21,33,0.78,1.43,1.43,3.25,7.86,3,0,Leaf Folder/Miner,rice,8.12,Watchlist
municipality_month,2024,September,9,,,Isabela,Delfin Albano,3,3,53.2,46,53.2,0,0,23.53,40,3.67,0,Bacterial Leaf Streak,rice,18.13,Watchlist
municipality_month,2024,September,9,,,Isabela,Gamu,3,3,1.26,23,1.26,0,0,2.67,3,3,0,Leaf Folder/Miner,rice,7.73,Watchlist
municipality_month,2024,September,9,,,Isabela,Luna,4,4,3.1,22,3.1,0,0,9.75,30,3.5,0,Rodents,rice,9.88,Watchlist
municipality_month,2024,September,9,,,Isabela,Mallig,1,1,1.5,1,1.5,0,0,3,3,3,0,Stem/Shoot/Fruit Borer,rice,6.3,Watchlist
municipality_month,2024,September,9,,,Isabela,Quezon,3,3,22,11,22,0,0,4,6,2.33,0,Glh,rice,6.8,Watchlist
municipality_month,2024,September,9,,,Isabela,Quirino,2,2,27.6,10,27.6,0,0,7,11,1,0,Stem/Shoot/Fruit Borer,rice,6.4,Watchlist
municipality_month,2024,September,9,,,Isabela,Ramon,3,3,5.6,37,2,3.6,3.6,7.63,10,3.67,0,Bacterial Leaf Blight,rice,11.7,Watchlist
municipality_month,2024,September,9,,,Isabela,Reina Mercedes,4,4,0.17,7,0.26,0,0,5.25,15,3,0,Fall Armyworm,hvc,6.88,Watchlist
municipality_month,2024,September,9,,,Isabela,Roxas,4,4,48.5,32,48.5,0,0,37.75,55,2,2,Fall Armyworm,corn,16.35,Watchlist
municipality_month,2024,September,9,,,Isabela,San Manuel,4,4,5.34,54,5.34,0,0,2.25,3,3,0,Rodents,rice,9.2,Watchlist
municipality_month,2024,September,9,,,Isabela,Santiago City,5,5,8.91,58,8.91,0,0,10.99,17.1,4.2,0,Disease - Fungal/Bacterial,rice,13.02,Watchlist
municipality_month,2024,September,9,,,Nueva Vizcaya,Aritao,5,5,119.05,110,119.05,0,0,13,25,1.4,0,Plant Hopper,rice,14.1,Watchlist
municipality_month,2024,September,9,,,Nueva Vizcaya,Quezon,1,1,5.2,7,5.2,0,0,26,26,3,0,Stem/Shoot/Fruit Borer,rice,14,Watchlist
municipality_month,2024,September,9,,,Quirino,Aglipay,4,4,35.65,38,35.85,0,0,2.57,4.1,3,0,Bacterial Leaf Streak,rice,9.22,Watchlist
municipality_month,2024,September,9,,,Quirino,Cabarroguis,6,6,40.3,38,34.1,6.2,6.2,2.83,4.3,3,0,Stem/Shoot/Fruit Borer,rice,8.43,Watchlist
municipality_month,2024,September,9,,,Quirino,Diffun,4,4,29.4,23,24.4,5,5,3.9,6.3,3.5,0,Blast/Blight/Spot,rice,9.53,Watchlist
municipality_month,2024,September,9,,,Quirino,Nagtipunan,7,7,28.95,23,18.75,6.2,6.2,7.13,20,3.29,0,Bacterial Leaf Blight,rice,8.9,Watchlist
municipality_month,2024,October,10,,,Cagayan,Gonzaga,4,4,8.05,6,8.05,1,1,12.5,20,4,0,Stem/Shoot/Fruit Borer,rice,10.6,Watchlist
municipality_month,2024,October,10,,,Cagayan,Lallo,2,2,53.82,42,53.82,0,0,12.5,15,4.5,0,Plant Hopper,rice,19.4,Watchlist
municipality_month,2024,October,10,,,Cagayan,Tuguegarao City,2,2,2.55,7,2.55,0,0,12.5,15,5.5,0,Fall Armyworm,corn,13.5,Watchlist
municipality_month,2024,October,10,,,Isabela,Aurora,5,5,2.55,36,2.55,0,0,10,10,3,0,Fall Armyworm,corn,9.46,Watchlist
municipality_month,2024,October,10,,,Isabela,Burgos,2,2,1.5,10,1.5,0,0,15,20,3,0,Stem/Shoot/Fruit Borer,rice,10.2,Watchlist
municipality_month,2024,October,10,,,Isabela,Cabagan,3,3,23.09,19,22.09,1,1,2.11,2.2,3.67,0,Bacterial Leaf Blight,rice,9.4,Watchlist
municipality_month,2024,October,10,,,Isabela,Cabatuan,4,4,3.3,11,3.05,0.25,0.25,20,35,1.5,0,Fall Armyworm,corn,8.38,Watchlist
municipality_month,2024,October,10,,,Isabela,City of Ilagan,3,3,25.4,30,22.4,0,0,11,20,3.67,0,Stem/Shoot/Fruit Borer,rice,12.53,Watchlist
municipality_month,2024,October,10,,,Isabela,Echague,4,4,0.6,12,0,2.59,2.59,3.77,5.6,3,0,Stem/Shoot/Fruit Borer,rice,6.92,Watchlist
municipality_month,2024,October,10,,,Isabela,Gamu,5,5,3.3,28,3.3,0,0,6,20,3,0,Rodents,rice,8.1,Watchlist
municipality_month,2024,October,10,,,Isabela,Luna,6,6,6.1,49,5.3,0.8,0.8,15,40,2,0,Fall Armyworm,corn,9.35,Watchlist
municipality_month,2024,October,10,,,Isabela,Mallig,4,4,14.55,8,14.55,0,0,17,35,1.5,0,Fall Armyworm,corn,7.75,Watchlist
municipality_month,2024,October,10,,,Isabela,Quirino,2,2,6.5,5,3.25,3.25,3.25,20,35,1,0,Stem/Shoot/Fruit Borer,rice,8.1,Watchlist
municipality_month,2024,October,10,,,Isabela,Reina Mercedes,9,9,14.53,88,13.73,0.8,0.8,20.89,40,3,0,Fall Armyworm,corn,12.99,Watchlist
municipality_month,2024,October,10,,,Isabela,Roxas,4,4,20.8,11,20.8,0,0,40.75,77,2.5,2,Fall Armyworm,rice,15.77,Watchlist
municipality_month,2024,October,10,,,Isabela,San Mateo,1,1,1.1,1,1.1,0,0,10,10,1,0,Fall Armyworm,corn,4.6,Watchlist
municipality_month,2024,October,10,,,Isabela,Santiago City,5,5,1.64,13,0,1.53,1.53,5.55,7.75,4.2,0,Stem/Shoot/Fruit Borer,rice,9.28,Watchlist
municipality_month,2024,October,10,,,Nueva Vizcaya,Ambaguio,2,2,1,2,1,0,0,50,50,3,2,Golden Apple Snail,rice,17.9,Watchlist
municipality_month,2024,October,10,,,Nueva Vizcaya,Bagabag,3,3,189.06,200,189.06,0,0,23.67,47,3,0,Rbb,rice,30.17,Watchlist
municipality_month,2024,October,10,,,Nueva Vizcaya,Kasibu,14,14,210.05,239,203.38,6.52,6.52,11.93,49.86,3.29,3,Plant Hopper,rice,14.27,Watchlist
municipality_month,2024,October,10,,,Quirino,Cabarroguis,6,6,1.99,16,1.59,0.4,0.4,2.28,3.1,3,0,Leaf Folder/Miner,rice,6.38,Watchlist
municipality_month,2024,October,10,,,Quirino,Diffun,6,6,10.85,17,10.43,0.4,0.4,3.32,5.8,3,0,Stem/Shoot/Fruit Borer,rice,6.88,Watchlist
municipality_month,2024,October,10,,,Quirino,Maddela,3,3,9.8,10,1.1,8.7,8.7,9.1,20,2.33,0,Leaf Folder/Miner,rice,8.07,Watchlist
municipality_month,2024,November,11,,,Cagayan,Buguey,1,1,2,1,2,0,0,20,20,5,0,Stem/Shoot/Fruit Borer,rice,14,Watchlist
municipality_month,2024,November,11,,,Cagayan,Gonzaga,1,1,3.5,1,3.5,0,0,90,90,9,1,Dirty Panicle,rice,38.2,Moderate
municipality_month,2024,November,11,,,Cagayan,Sta. Teresita,1,1,1,1,1,0,0,25,25,5,0,Stem/Shoot/Fruit Borer,rice,15.1,Watchlist
municipality_month,2024,November,11,,,Isabela,Aurora,7,7,31.8,187,28.3,3.5,3.5,22.14,25,3,0,Fall Armyworm,corn,17.99,Watchlist
municipality_month,2024,November,11,,,Isabela,Burgos,4,4,6.6,40,6.6,0,0,20,35,3.5,0,Golden Apple Snail,rice,13.65,Watchlist
municipality_month,2024,November,11,,,Isabela,City of Ilagan,9,9,129.5,137,112.5,17,17,19.83,40,4,0,Stem/Shoot/Fruit Borer,rice,17.73,Watchlist
municipality_month,2024,November,11,,,Isabela,Gamu,4,4,2.3,24,2.3,0,0,18.75,35,3.5,0,Golden Apple Snail,rice,12.2,Watchlist
municipality_month,2024,November,11,,,Isabela,Quezon,4,4,10.66,7,10.66,0,0,11.75,20,3,0,Bacterial Leaf Streak,rice,8.82,Watchlist
municipality_month,2024,November,11,,,Isabela,Quirino,2,2,7.2,3,7.2,0,0,6.5,8,4,0,Leaf Folder/Miner,rice,9.3,Watchlist
municipality_month,2024,November,11,,,Isabela,Reina Mercedes,3,3,8,50,8,0,0,20,20,3,0,Fall Armyworm,corn,14.6,Watchlist
municipality_month,2024,November,11,,,Isabela,Roxas,1,1,0.5,3,0.5,0,0,5,5,3,0,Blast/Blight/Spot,hvc,7.2,Watchlist
municipality_month,2024,November,11,,,Isabela,San Mateo,1,1,1.5,5,1.5,0,0,15,15,1,0,Fall Armyworm,corn,6.9,Watchlist
municipality_month,2024,November,11,,,Isabela,Santiago City,1,1,0,1,0.03,0,0,8,8,9,1,Stem/Shoot/Fruit Borer,hvc,17.3,Watchlist
municipality_month,2024,November,11,,,Quirino,Aglipay,3,3,7.45,10,10,0,0,13.33,15,1,0,Fall Armyworm,corn,6.17,Watchlist
municipality_month,2024,November,11,,,Quirino,Cabarroguis,4,4,2.81,9,2.46,0.35,0.35,13.9,35,3,0,Leaf Folder/Miner,rice,9.25,Watchlist
municipality_month,2024,November,11,,,Quirino,Diffun,2,2,1.83,4,0.73,1.1,1.1,4.9,4.9,3,0,Stem/Shoot/Fruit Borer,rice,7.05,Watchlist
municipality_month,2024,December,12,,,Cagayan,Gattaran,1,1,20,6,20,0,0,15,15,3,0,Stem/Shoot/Fruit Borer,rice,12.8,Watchlist
municipality_month,2024,December,12,,,Cagayan,Iguig,1,1,0.5,1,0.5,0,0,5,5,3,0,Stem/Shoot/Fruit Borer,rice,6.7,Watchlist
municipality_month,2024,December,12,,,Cagayan,Solana,1,1,5,5,5,0,0,10,10,3,0,Rbb,rice,9.5,Watchlist
municipality_month,2024,December,12,,,Isabela,Aurora,15,15,57.97,380,57.79,0.17,0.17,10.08,25,3.13,1,Golden Apple Snail,rice,14.64,Watchlist
municipality_month,2024,December,12,,,Isabela,Burgos,4,4,10.3,80,10.3,0,0,4,10,2.5,0,Golden Apple Snail,rice,10.57,Watchlist
municipality_month,2024,December,12,,,Isabela,Cabatuan,4,4,16.25,51,16.25,0,0,13.75,25,1,0,Fall Armyworm,corn,8.85,Watchlist
municipality_month,2024,December,12,,,Isabela,Cauayan City,2,2,3.4,53,3.4,0,0,2,2,3,0,Golden Apple Snail,rice,12.45,Watchlist
municipality_month,2024,December,12,,,Isabela,City of Ilagan,6,6,12.69,94,12.69,0,0,7.5,15,5,0,Fall Armyworm,rice,14.57,Watchlist
municipality_month,2024,December,12,,,Isabela,Echague,6,6,10.5,155,10.5,0,0,15.83,25,1,0,Fall Armyworm,corn,12.32,Watchlist
municipality_month,2024,December,12,,,Isabela,Gamu,7,7,25.85,90,17.85,8,8,6.86,15,2.71,0,Golden Apple Snail,rice,10.23,Watchlist
municipality_month,2024,December,12,,,Isabela,Jones,4,4,6.05,15,6.05,0,0,23.75,40,5,2,Fall Armyworm,corn,15.4,Watchlist
municipality_month,2024,December,12,,,Isabela,Luna,11,11,191.1,324,162.1,29,29,8.45,10,3,0,Rbb,rice,17.28,Watchlist
municipality_month,2024,December,12,,,Isabela,Naguilian,9,9,137,215,7,130,130,27.78,50,7,6,Cassava Phytoplasma/Mosaic,cassava,29.41,Watchlist
municipality_month,2024,December,12,,,Isabela,Quirino,2,2,14.5,9,14.5,0,0,13.8,20,2,0,Bacterial Leaf Streak,rice,8.9,Watchlist
municipality_month,2024,December,12,,,Isabela,Reina Mercedes,12,12,37.15,178,36.15,1,1,12.5,20,3.67,1,Fall Armyworm,rice,13.45,Watchlist
municipality_month,2024,December,12,,,Isabela,San Isidro,2,2,16.24,55,7.5,8.74,8.74,7.39,7.5,5,0,Whorl Maggot,rice,19.15,Watchlist
municipality_month,2024,December,12,,,Isabela,San Manuel,1,1,32,41,0.96,0,0,3,3,3,0,Golden Apple Snail,rice,20.1,Watchlist
municipality_month,2024,December,12,,,Isabela,San Mateo,3,3,8.7,46,0,0.1,0.1,14.67,33,5.67,1,Leaf Folder/Miner,rice,17.37,Watchlist
municipality_month,2024,December,12,,,Isabela,Santiago City,4,4,12.65,60,12.65,0,0,6.5,12.6,3.5,0,Leaf Folder/Miner,rice,11.7,Watchlist
municipality_month,2024,December,12,,,Isabela,Sta Maria,5,5,30,30,30,0,0,11.4,25,3,0,Rbb,rice,10.18,Watchlist
municipality_month,2024,December,12,,,Nueva Vizcaya,Bambang,2,2,2,2,0,0,0,10,10,9,2,Cutworm/Armyworm,hvc,17.9,Watchlist
municipality_month,2024,December,12,,,Nueva Vizcaya,Solano,1,1,1,1,1,0,0,15,15,3,0,Rbb,rice,9.2,Watchlist
municipality_month,2024,December,12,,,Quirino,Cabarroguis,3,3,8.27,43,8.27,0,0,14.7,25,2.33,0,Fall Armyworm,corn,11.57,Watchlist
municipality_month,2024,December,12,,,Quirino,Diffun,9,9,51.07,117,46.07,5,5,13.45,25,2.33,0,Fall Armyworm,corn,11.41,Watchlist
municipality_month,2024,December,12,,,Quirino,Saguday,1,1,9.6,11,9.6,0,0,30,30,1,0,Fall Armyworm,corn,13.1,Watchlist
municipality_month,2025,January,1,,,Cagayan,Amulung,3,3,25.5,19,11.5,14,14,32.33,77,3,1,Stem/Shoot/Fruit Borer,rice,16.77,Watchlist
municipality_month,2025,January,1,,,Cagayan,Buguey,1,1,0.25,1,0.25,0,0,5,5,3,0,Rodents,rice,6.6,Watchlist
municipality_month,2025,January,1,,,Cagayan,Gonzaga,7,7,36.96,17,6,30.96,30.96,8.31,15,4.14,0,Leaf Folder/Miner,corn,11.3,Watchlist
municipality_month,2025,January,1,,,Cagayan,Sta. Ana,1,1,2,4,2,0,0,5,5,3,0,Leaf Folder/Miner,rice,7.6,Watchlist
municipality_month,2025,January,1,,,Isabela,Angadanan,9,9,62.74,135,62.74,0,0,19.07,30,2.56,0,Blast/Blight/Spot,corn,13.71,Watchlist
municipality_month,2025,January,1,,,Isabela,Aurora,10,10,56.85,174,55.25,1.6,1.6,23.7,60,3.6,2,Golden Apple Snail,corn,17.14,Watchlist
municipality_month,2025,January,1,,,Isabela,Burgos,11,11,66.12,172,66.12,0,0,7.62,21.7,3.18,0,Leaf Folder/Miner,rice,11.97,Watchlist
municipality_month,2025,January,1,,,Isabela,Cabagan,1,1,12.6,11,12.6,0,0,30,30,5,0,Disease - Fungal/Bacterial,corn,20.3,Watchlist
municipality_month,2025,January,1,,,Isabela,Cabatuan,15,15,70.56,348,58.33,12.23,12.23,8.93,30,4.07,1,Bacterial Leaf Blight,rice,15.67,Watchlist
municipality_month,2025,January,1,,,Isabela,Cauayan City,4,4,19.65,58,19.65,0,0,11.5,16,3,0,Leaf Folder/Miner,rice,12.2,Watchlist
municipality_month,2025,January,1,,,Isabela,City of Ilagan,11,11,58.39,89,52.09,6.3,6.3,9.7,15,4.82,0,Bacterial Leaf Streak,rice,13.43,Watchlist
municipality_month,2025,January,1,,,Isabela,Cordon,2,2,3.15,12,3.15,0,0,17.27,30,2,0,Leaf Folder/Miner,rice,9.4,Watchlist
municipality_month,2025,January,1,,,Isabela,Echague,2,2,12.63,60,12.63,0,0,8.47,10.8,4,0,Bacterial Leaf Blight,rice,17.25,Watchlist
municipality_month,2025,January,1,,,Isabela,Gamu,8,8,110.26,195,90.26,20,20,7.78,20,3,0,Leaf Folder/Miner,rice,13.34,Watchlist
municipality_month,2025,January,1,,,Isabela,Luna,4,4,24.55,88,24.55,0,0,7.67,13,3,0,Leaf Folder/Miner,rice,13.3,Watchlist
municipality_month,2025,January,1,,,Isabela,Mallig,2,2,25.95,17,25.95,0,0,11.85,12,4,0,Bacterial Leaf Streak,rice,13.5,Watchlist
municipality_month,2025,January,1,,,Isabela,Quezon,2,2,26.4,13,20.4,0,0,11,14,3,0,Rice Tungro Virus,rice,11.1,Watchlist
municipality_month,2025,January,1,,,Isabela,Quirino,8,8,90.68,60,89.08,1.6,1.6,18.62,40,2.5,0,Bacterial Leaf Streak,rice,12.25,Watchlist
municipality_month,2025,January,1,,,Isabela,Reina Mercedes,3,3,8,48,8,0,0,41.67,100,3,1,Fall Armyworm,corn,19.83,Watchlist
municipality_month,2025,January,1,,,Isabela,Roxas,5,5,48.19,26,43.02,7.17,7.17,8.6,14,3.4,0,Bacterial Leaf Streak,rice,10.72,Watchlist
municipality_month,2025,January,1,,,Isabela,San Manuel,7,7,63,195,60,3,3,11.43,20,3,0,Leaf Folder/Miner,rice,16.11,Watchlist
municipality_month,2025,January,1,,,Isabela,San Pablo,1,1,21.5,26,21.5,0,0,25,25,5,0,Fall Armyworm,corn,23.9,Watchlist
municipality_month,2025,January,1,,,Isabela,Santiago City,3,3,11.3,80,8.5,80,80,6.2,10.7,3.67,0,Whorl Maggot,rice,20.23,Watchlist
municipality_month,2025,January,1,,,Isabela,Tumauini,3,3,53.21,69,77.85,0,0,22.41,40,5,0,Fall Armyworm,corn,22.07,Watchlist
municipality_month,2025,January,1,,,Nueva Vizcaya,Aritao,2,2,0.7,3,0.7,0,0,36.5,40,9,2,Cutworm/Armyworm,hvc,24.55,Watchlist
municipality_month,2025,January,1,,,Nueva Vizcaya,Bambang,1,1,0.2,1,0.2,0,0,66.66,66.66,9,1,Cutworm/Armyworm,hvc,31.9,Watchlist
municipality_month,2025,January,1,,,Nueva Vizcaya,Dupax del Sur,1,1,0.4,2,0.4,0,0,80,80,9,1,Cutworm/Armyworm,hvc,35.5,Moderate
municipality_month,2025,January,1,,,Quirino,Aglipay,8,8,72.14,165,66.44,0,0,18.83,35,2,0,Fall Armyworm,corn,14.4,Watchlist
municipality_month,2025,January,1,,,Quirino,Cabarroguis,3,3,5.3,8,5.3,0,0,4.27,4.84,3,0,Leaf Folder/Miner,rice,7.07,Watchlist
municipality_month,2025,January,1,,,Quirino,Diffun,6,6,30.31,59,30.31,0,0,7.2,25,3.5,0,Bacterial Leaf Blight,rice,10.85,Watchlist
municipality_month,2025,January,1,,,Quirino,Maddela,8,8,42.4,134,38.65,3.75,3.75,17.88,30,2.75,0,Fall Armyworm,corn,14.1,Watchlist
municipality_month,2025,February,2,,,Cagayan,Abulug,10,10,343.5,261,323.5,20,20,25.58,100,5.8,6,Bacterial Leaf Streak,rice,27.48,Watchlist
municipality_month,2025,February,2,,,Cagayan,Alcala,2,2,20,36,20,0,0,20,30,3,0,Stem/Shoot/Fruit Borer,rice,15.85,Watchlist
municipality_month,2025,February,2,,,Cagayan,Amulung,3,3,185,185,185,0,0,51.67,100,3,1,Fall Armyworm,corn,36.6,Moderate
municipality_month,2025,February,2,,,Cagayan,Buguey,2,2,119.7,28,119,0,0,24.83,38.66,5,0,Disease - Fungal/Bacterial,corn,25.7,Watchlist
municipality_month,2025,February,2,,,Cagayan,Claveria,9,9,500.05,334,184.96,315.09,315.09,47.22,65,8.33,9,Bacterial Leaf Blight,rice,46.77,Moderate
municipality_month,2025,February,2,,,Cagayan,Gonzaga,18,18,375.21,78,37.68,341.73,341.73,42.41,100,4.5,10,Bacterial Leaf Streak,rice,24.74,Watchlist
municipality_month,2025,February,2,,,Cagayan,Lasam,4,4,38,46,38,0,0,10.31,20,6,1,Bacterial Leaf Blight,rice,16.82,Watchlist
municipality_month,2025,February,2,,,Cagayan,Solana,2,2,112,90,112,0,0,31.3,34,3.5,0,Bacterial Leaf Streak,rice,32.05,Watchlist
municipality_month,2025,February,2,,,Cagayan,Sta. Ana,3,3,224.54,180,0,224.54,224.54,33.27,81.5,5,1,Bacterial Leaf Streak,rice,40.37,Moderate
municipality_month,2025,February,2,,,Cagayan,Sta. Teresita,1,1,7.3,3,7.3,0,0,29.2,29.2,1,0,Fall Armyworm,corn,10.7,Watchlist
municipality_month,2025,February,2,,,Isabela,Angadanan,6,6,33.5,40,33.5,0,0,28.33,50,2,2,Fall Armyworm,corn,12.85,Watchlist
municipality_month,2025,February,2,,,Isabela,Aurora,7,7,5.59,38,4.69,0.9,0.9,9.57,30,3.29,0,Stem/Shoot/Fruit Borer,hvc,9.46,Watchlist
municipality_month,2025,February,2,,,Isabela,Burgos,2,2,14,10,14,0,0,15,20,2,0,Bacterial Leaf Streak,rice,9.25,Watchlist
municipality_month,2025,February,2,,,Isabela,Cabatuan,16,16,88.95,203,88.95,0,0,10.81,25,4,1,Bacterial Leaf Streak,rice,13.35,Watchlist
municipality_month,2025,February,2,,,Isabela,Cauayan City,2,2,7.7,16,7.7,0,0,13.5,25,4,0,Golden Apple Snail,rice,12.65,Watchlist
municipality_month,2025,February,2,,,Isabela,City of Ilagan,14,14,144.56,179,144.56,0,0,21.73,85,5,3,Fall Armyworm,corn,18.41,Watchlist
municipality_month,2025,February,2,,,Isabela,Delfin Albano,4,4,94.7,66,89.7,5,5,45.5,70,1.5,2,Fall Armyworm,corn,21.27,Watchlist
municipality_month,2025,February,2,,,Isabela,Echague,1,1,1.25,10,1.25,0,0,2.5,2.5,3,0,Leaf Folder/Miner,rice,8.4,Watchlist
municipality_month,2025,February,2,,,Isabela,Gamu,4,4,10.75,23,10.75,0,0,10,15,3,0,Bacterial Leaf Streak,rice,9.38,Watchlist
municipality_month,2025,February,2,,,Isabela,Luna,9,9,40.6,108,20.6,19.25,19.25,13.89,25,3.67,0,Fall Armyworm,corn,13.7,Watchlist
municipality_month,2025,February,2,,,Isabela,Mallig,3,3,24.12,17,24.12,0,0,11.17,13.8,3,0,Bacterial Leaf Streak,rice,10.3,Watchlist
municipality_month,2025,February,2,,,Isabela,Naguilian,8,8,36.05,73,33.05,10,10,10.88,20,4,0,Bacterial Leaf Streak,rice,12.61,Watchlist
municipality_month,2025,February,2,,,Isabela,Quezon,6,6,49.1,28,45.6,3.5,3.5,9.99,15.8,3.67,0,Rice Tungro Virus,rice,11.02,Watchlist
municipality_month,2025,February,2,,,Isabela,Quirino,5,5,40,28,38.4,1.6,1.6,15.54,30,3,0,Bacterial Leaf Blight,rice,11.46,Watchlist
municipality_month,2025,February,2,,,Isabela,Ramon,3,3,27.3,65,27.3,0,0,16.67,18,5,0,Bacterial Leaf Blight,rice,19.2,Watchlist
municipality_month,2025,February,2,,,Isabela,Reina Mercedes,7,7,45,153,33.5,11.5,11.5,17.43,30,4.14,1,Bacterial Leaf Streak,rice,17.99,Watchlist
municipality_month,2025,February,2,,,Isabela,Roxas,8,8,46.5,34,46.3,1,1,14.26,25,2.75,0,Bacterial Leaf Streak,rice,10.05,Watchlist
municipality_month,2025,February,2,,,Isabela,San Guillermo,4,4,4.09,34,3.19,0,0,8.8,20,3,0,Blast/Blight/Spot,corn,9.55,Watchlist
municipality_month,2025,February,2,,,Isabela,San Manuel,6,6,52.2,87,47.2,5,5,12.83,25,4,0,Bacterial Leaf Streak,rice,14.88,Watchlist
municipality_month,2025,February,2,,,Isabela,Santiago City,5,5,55.3,95,58.6,0,0,18.02,50,3.4,1,Bacterial Leaf Blight,rice,16.42,Watchlist
municipality_month,2025,February,2,,,Isabela,Sto. Tomas,4,4,97.3,104,97.3,0,0,26.25,30,5,0,Fall Armyworm,corn,24.6,Watchlist
municipality_month,2025,February,2,,,Isabela,Tumauini,3,3,47.65,56,47.65,0,0,17.42,35,4.33,0,Bacterial Leaf Streak,rice,18.4,Watchlist
municipality_month,2025,February,2,,,Nueva Vizcaya,Aritao,13,13,3.62,22,0.52,3.1,3.1,39.31,100,9,13,Cutworm/Armyworm,hvc,25.36,Watchlist
municipality_month,2025,February,2,,,Nueva Vizcaya,Bagabag,4,4,7.3,9,7.3,0,0,28.34,100,7.5,3,Fall Armyworm,corn,20.4,Watchlist
municipality_month,2025,February,2,,,Nueva Vizcaya,Quezon,1,1,2.5,3,2.5,0,0,8.33,8.33,3,0,Blast/Blight/Spot,rice,8.2,Watchlist
municipality_month,2025,February,2,,,Nueva Vizcaya,Solano,6,6,21,31,17.5,3.5,3.5,5.55,10,3,0,Bacterial Leaf Streak,rice,8.35,Watchlist
municipality_month,2025,February,2,,,Nueva Vizcaya,Villaverde,4,4,7.7,7,2.5,5.2,5.2,1.86,3.16,3,0,Rbb,rice,6.5,Watchlist
municipality_month,2025,February,2,,,Quirino,Aglipay,7,7,29.65,37,29.65,0,0,7.58,15,3,0,Rodents,rice,8.86,Watchlist
municipality_month,2025,February,2,,,Quirino,Cabarroguis,8,8,27.48,69,27.48,0,0,6.09,15,3,0,Leaf Folder/Miner,rice,9.2,Watchlist
municipality_month,2025,February,2,,,Quirino,Diffun,12,12,62.2,78,62,0.2,0.2,7.53,20,3.67,0,Whorl Maggot,rice,10.38,Watchlist
municipality_month,2025,February,2,,,Quirino,Maddela,7,7,51.26,59,50.15,1.11,1.11,12.14,30,2.14,0,Fall Armyworm,corn,9.74,Watchlist
municipality_month,2025,February,2,,,Quirino,Nagtipunan,4,4,62.41,70,62.41,0,0,14.34,25,2.5,0,Fall Armyworm,rice,14.18,Watchlist
municipality_month,2025,February,2,,,Quirino,Saguday,5,5,17.93,28,17.93,0,0,3.87,8.46,3.4,0,Bacterial Leaf Blight,rice,8.58,Watchlist
municipality_month,2025,March,3,,,Cagayan,Abulug,3,3,160.8,107,70,90.8,90.8,26.67,35,4.33,0,Fall Armyworm,corn,35.7,Moderate
municipality_month,2025,March,3,,,Cagayan,Amulung,17,17,359.42,292,359.42,0,0,20.71,30,8.76,16,Fall Armyworm,corn,26.74,Watchlist
municipality_month,2025,March,3,,,Cagayan,Baggao,1,1,6.8,15,6.8,0,0,30,30,3,0,Plant Hopper,rice,17.2,Watchlist
municipality_month,2025,March,3,,,Cagayan,Ballesteros,2,2,18,12,0,18,18,2.5,4,5.5,0,Plant Hopper,rice,14.4,Watchlist
municipality_month,2025,March,3,,,Cagayan,Gattaran,9,9,48.44,58,48.44,0,0,22.55,95,5,4,Plant Hopper,rice,16.38,Watchlist
municipality_month,2025,March,3,,,Cagayan,Gonzaga,34,33,137.31,194,91.58,28.59,28.59,31.83,100,3.53,11,Bacterial Leaf Streak,rice,16.03,Watchlist
municipality_month,2025,March,3,,,Cagayan,Iguig,8,8,62.4,57,62.4,0,0,10,10,3,0,Blast/Blight/Spot,rice,10.36,Watchlist
municipality_month,2025,March,3,,,Cagayan,Lallo,10,10,311.36,268,311.36,0,0,33.5,50,3,2,Bacterial Leaf Blight,rice,23.64,Watchlist
municipality_month,2025,March,3,,,Cagayan,Lasam,5,5,341.9,264,165.25,176.65,176.65,60,75,8.2,4,Bacterial Leaf Blight,rice,50.72,Moderate
municipality_month,2025,March,3,,,Cagayan,Pamplona,3,3,382.59,255,210,172.59,172.59,66.67,80,9,3,Bacterial Leaf Blight,rice,63.9,High
municipality_month,2025,March,3,,,Cagayan,Sanchez Mira,3,3,228.65,153,105,123.65,123.65,41.67,55,8.33,3,Bacterial Leaf Streak,rice,52.83,Moderate
municipality_month,2025,March,3,,,Cagayan,Solana,2,2,25,19,25,0,0,4.5,7,5.5,0,Blast/Blight/Spot,rice,14.45,Watchlist
municipality_month,2025,March,3,,,Cagayan,Sta. Ana,2,2,43.07,7,25.75,17.32,17.32,14.47,27.71,5,1,Bacterial Leaf Streak,rice,17.25,Watchlist
municipality_month,2025,March,3,,,Cagayan,Sta. Praxedes,2,2,61.51,77,5,56.51,56.51,57.5,75,5.5,2,Bacterial Leaf Blight,rice,42.85,Moderate
municipality_month,2025,March,3,,,Cagayan,Sta. Teresita,3,3,1.5,3,1.5,0,0,33.33,33.33,1,0,Leaf Folder/Miner,hvc,10.3,Watchlist
municipality_month,2025,March,3,,,Isabela,Aurora,14,14,51.85,122,26.1,25.75,25.75,15.36,50,4,3,Fall Armyworm,corn,13.66,Watchlist
municipality_month,2025,March,3,,,Isabela,Burgos,7,7,31,60,23,8,8,26.43,60,3.86,2,Stem/Shoot/Fruit Borer,rice,16.09,Watchlist
municipality_month,2025,March,3,,,Isabela,Cabatuan,4,4,1.19,20,1.19,0,0,11.15,20,5.5,2,Whorl Maggot,hvc,13.28,Watchlist
municipality_month,2025,March,3,,,Isabela,Cauayan City,7,7,38.25,102,5.5,32.75,32.75,12.86,25,3.57,0,Blast/Blight/Spot,corn,14.54,Watchlist
municipality_month,2025,March,3,,,Isabela,City of Ilagan,6,6,20.48,52,20.48,0,0,9.88,20.45,3.67,0,Stem/Shoot/Fruit Borer,rice,11.28,Watchlist
municipality_month,2025,March,3,,,Isabela,Delfin Albano,1,1,6.27,11,6.27,0,0,5.7,5.7,5,0,Stem/Shoot/Fruit Borer,rice,13.5,Watchlist
municipality_month,2025,March,3,,,Isabela,Echague,11,11,33.49,114,33.49,0,0,12.1,30,2.82,0,Stem/Shoot/Fruit Borer,corn,10.79,Watchlist
municipality_month,2025,March,3,,,Isabela,Luna,2,2,6.75,18,6.75,0,0,7.5,10,3,0,False Smut,rice,9.65,Watchlist
municipality_month,2025,March,3,,,Isabela,Mallig,5,5,42.7,30,42.7,0,0,11.6,19,1.8,0,Stem/Shoot/Fruit Borer,rice,8.56,Watchlist
municipality_month,2025,March,3,,,Isabela,Naguilian,3,3,26.75,63,1.75,25,25,18.33,25,4.33,0,Blast/Blight/Spot,corn,19.97,Watchlist
municipality_month,2025,March,3,,,Isabela,Quezon,3,3,31.5,13,21.4,0,0,6.5,12.7,2.33,0,Leaf Folder/Miner,rice,8,Watchlist
municipality_month,2025,March,3,,,Isabela,Quirino,3,3,15.1,18,15.1,0,0,12.63,18.9,2.33,0,Bacterial Leaf Blight,rice,9.27,Watchlist
municipality_month,2025,March,3,,,Isabela,Ramon,8,8,56.26,128,56.35,0,0,13.43,40,4.25,1,False Smut,rice,15.44,Watchlist
municipality_month,2025,March,3,,,Isabela,Reina Mercedes,4,4,17.25,31,8.5,8.75,8.75,21.25,50,4,1,Blast/Blight/Spot,corn,15.03,Watchlist
municipality_month,2025,March,3,,,Isabela,Roxas,8,8,30.7,37,29.7,1,1,25.68,47,2.25,0,Leaf Folder/Miner,hvc,11.9,Watchlist
municipality_month,2025,March,3,,,Isabela,San Isidro,3,3,11.39,50,11.39,0,0,8.49,14.9,3,0,Stem/Shoot/Fruit Borer,rice,11.87,Watchlist
municipality_month,2025,March,3,,,Isabela,San Manuel,4,4,8.76,38,8.76,0,0,5,5,3,0,Stem/Shoot/Fruit Borer,rice,9.02,Watchlist
municipality_month,2025,March,3,,,Isabela,Santiago City,2,2,4.75,40,4.75,0,0,4.79,7.5,3,0,Leaf Folder/Miner,rice,11.55,Watchlist
municipality_month,2025,March,3,,,Nueva Vizcaya,Aritao,6,6,0.36,6,0.36,0,0,20,20,9,6,Cutworm/Armyworm,hvc,20.3,Watchlist
municipality_month,2025,March,3,,,Nueva Vizcaya,Bayombong,1,1,2.5,1,0,2.5,2.5,5,5,3,0,Whorl Maggot,rice,7.4,Watchlist
municipality_month,2025,March,3,,,Nueva Vizcaya,Dupax del Sur,4,3,8.3,6,5.3,3,3,12.92,30,4.5,1,Whorl Maggot,rice,11.57,Watchlist
municipality_month,2025,March,3,,,Nueva Vizcaya,Quezon,2,2,25,35,10,17,17,13,17.54,3,0,Bacterial Leaf Blight,rice,16,Watchlist
municipality_month,2025,March,3,,,Nueva Vizcaya,Solano,3,3,11.5,7,3.5,8,8,1.53,1.6,5,1,Bacterial Leaf Blight,rice,10.37,Watchlist
municipality_month,2025,March,3,,,Quirino,Aglipay,4,4,5.76,7,5.76,0,0,8.24,17.46,4,0,Leaf Folder/Miner,rice,9.47,Watchlist
municipality_month,2025,March,3,,,Quirino,Cabarroguis,10,10,52.09,50,44.79,2.3,2.3,8.65,25,3.8,0,Blast/Blight/Spot,rice,10.57,Watchlist
municipality_month,2025,March,3,,,Quirino,Diffun,6,6,30.29,33,22.85,7.44,7.44,7.9,25,3.33,0,Blast/Blight/Spot,rice,9.88,Watchlist
municipality_month,2025,March,3,,,Quirino,Maddela,13,13,100.74,91,89.24,11.5,11.5,11.69,30,3,0,Bacterial Leaf Blight,corn,10.89,Watchlist
municipality_month,2025,March,3,,,Quirino,Nagtipunan,3,3,87.95,39,80.25,7.7,7.7,12.7,25,1.67,0,Fall Armyworm,corn,13.43,Watchlist
municipality_month,2025,March,3,,,Quirino,Saguday,1,1,2.8,3,2.8,0,0,3.3,3.3,3,0,Leaf Folder/Miner,rice,7,Watchlist
municipality_month,2025,April,4,,,Cagayan,Abulug,5,5,169.65,113,169.65,0,0,18,25,5.2,0,Fall Armyworm,corn,23.26,Watchlist
municipality_month,2025,April,4,,,Cagayan,Baggao,5,5,111.27,143,111.27,0,0,22,25,3,0,Plant Hopper,rice,20.34,Watchlist
municipality_month,2025,April,4,,,Cagayan,Ballesteros,2,2,11.2,9,0,11.2,11.2,0.1,0.11,4,0,Plant Hopper,rice,9.75,Watchlist
municipality_month,2025,April,4,,,Cagayan,Buguey,2,2,92,58,33.5,58.5,58.5,25,30,9,2,Disease - Fungal/Bacterial,corn,39.25,Moderate
municipality_month,2025,April,4,,,Cagayan,Camalaniugan,5,5,15.85,7,15.85,0,0,1.77,4.03,5.4,1,Plant Hopper,rice,10.36,Watchlist
municipality_month,2025,April,4,,,Cagayan,Enrile,2,2,25,25,5,20,20,40,40,5,0,Fall Armyworm,corn,25.15,Watchlist
municipality_month,2025,April,4,,,Cagayan,Gattaran,5,5,32.5,27,19,6,6,26,40,5.8,1,Fall Armyworm,corn,18.7,Watchlist
municipality_month,2025,April,4,,,Cagayan,Gonzaga,10,10,25.13,20,11.13,4,4,9.32,20,5.8,3,Plant Hopper,corn,12.99,Watchlist
municipality_month,2025,April,4,,,Cagayan,Iguig,1,1,35,35,35,0,0,50,50,5,1,Fall Armyworm,corn,34.1,Watchlist
municipality_month,2025,April,4,,,Cagayan,Lallo,1,1,8,10,0,8,8,40,40,5,0,Rodents,corn,23.6,Watchlist
municipality_month,2025,April,4,,,Cagayan,Pamplona,3,3,105.23,70,105.23,0,0,20,25,5.67,0,Fall Armyworm,corn,24.83,Watchlist
municipality_month,2025,April,4,,,Cagayan,Solana,2,2,5.2,6,5.2,0,0,20,30,9,2,Fall Armyworm,corn,21.1,Watchlist
municipality_month,2025,April,4,,,Cagayan,Sta. Ana,1,1,7.25,4,7.25,0,0,28.71,28.71,5,0,White Grub,hvc,17.6,Watchlist
municipality_month,2025,April,4,,,Cagayan,Sta. Teresita,3,3,6.2,6,6.2,0,0,73.33,100,3.67,2,Fall Armyworm,hvc,25.3,Watchlist
municipality_month,2025,April,4,,,Cagayan,Sto. Ni�o,3,3,33,44,33,0,0,50,100,8.67,3,Fall Armyworm,corn,32.1,Watchlist
municipality_month,2025,April,4,,,Cagayan,Tuao,1,1,10,10,10,0,0,20,20,5,0,Fall Armyworm,corn,17.2,Watchlist
municipality_month,2025,April,4,,,Isabela,Aurora,5,5,12.35,51,5.85,6.75,6.75,22,40,5.4,2,Stem/Shoot/Fruit Borer,hvc,17.76,Watchlist
municipality_month,2025,April,4,,,Isabela,Burgos,5,5,1.9,26,0.85,1.05,1.05,8,10,3.4,0,Whorl Maggot,corn,9.18,Watchlist
municipality_month,2025,April,4,,,Isabela,Cabatuan,3,3,2.27,30,2.27,0,0,2.83,5.7,3,0,Leaf Folder/Miner,rice,8.4,Watchlist
municipality_month,2025,April,4,,,Isabela,City of Ilagan,2,2,5.34,13,5.34,0,0,5.92,6.71,4,0,Stem/Shoot/Fruit Borer,rice,10.25,Watchlist
municipality_month,2025,April,4,,,Isabela,Echague,6,6,21,49,21,0,0,15.76,30,7,4,Disease - Fungal/Bacterial,hvc,18.13,Watchlist
municipality_month,2025,April,4,,,Isabela,Gamu,4,4,6.75,98,6.75,0,0,6.25,10,3,0,Stem/Shoot/Fruit Borer,rice,12.97,Watchlist
municipality_month,2025,April,4,,,Isabela,Jones,1,1,2,2,2,0,0,40,40,3,0,Stem/Shoot/Fruit Borer,hvc,15.8,Watchlist
municipality_month,2025,April,4,,,Isabela,Luna,4,4,12.5,48,0.5,12,12,17.5,30,5.5,2,Blast/Blight/Spot,corn,17.7,Watchlist
municipality_month,2025,April,4,,,Isabela,Mallig,2,2,8.5,4,8.5,0,0,10.5,11,1,0,Stem/Shoot/Fruit Borer,rice,5.35,Watchlist
municipality_month,2025,April,4,,,Isabela,Naguilian,1,1,18.75,55,0,18.75,18.75,25,25,5,0,Blast/Blight/Spot,corn,34.6,Watchlist
municipality_month,2025,April,4,,,Isabela,Quezon,2,2,11.1,4,11.1,0,0,6.95,8,1,0,Stem/Shoot/Fruit Borer,rice,4.65,Watchlist
municipality_month,2025,April,4,,,Isabela,Reina Mercedes,3,3,14.28,72,0.28,14,14,10,20,3.67,0,Stem/Shoot/Fruit Borer,rice,15.83,Watchlist
municipality_month,2025,April,4,,,Isabela,Roxas,2,2,1.2,2,1.2,0,0,12.5,20,3,0,Leaf Folder/Miner,hvc,8.55,Watchlist
municipality_month,2025,April,4,,,Isabela,Santiago City,5,5,34.98,68,34.98,0,0,18.84,40,7.8,4,Blast/Blight/Spot,corn,21.98,Watchlist
municipality_month,2025,April,4,,,Nueva Vizcaya,Aritao,2,2,5,8,5,0,0,4.44,5.55,3,0,Stem/Shoot/Fruit Borer,rice,7.5,Watchlist
municipality_month,2025,April,4,,,Nueva Vizcaya,Bagabag,1,1,3,2,3,0,0,6,6,3,0,Leaf Folder/Miner,rice,7.5,Watchlist
municipality_month,2025,April,4,,,Nueva Vizcaya,Bambang,2,2,6.5,5,3.5,3,3,4.65,5,3,0,Bacterial Leaf Blight,rice,7.55,Watchlist
municipality_month,2025,April,4,,,Nueva Vizcaya,Quezon,3,3,7,11,3,4,4,4.03,8.89,3,0,Stem/Shoot/Fruit Borer,rice,7.6,Watchlist
municipality_month,2025,April,4,,,Nueva Vizcaya,Solano,2,2,6.5,10,6.5,0,0,1.3,1.8,3,0,Stem/Shoot/Fruit Borer,rice,7.1,Watchlist
municipality_month,2025,April,4,,,Nueva Vizcaya,Villaverde,2,2,6.5,13,6.5,0,0,2.24,2.25,6,1,Stem/Shoot/Fruit Borer,rice,12.65,Watchlist
municipality_month,2025,April,4,,,Quirino,Aglipay,7,7,19.43,23,9.53,9.87,9.87,7.27,15,3.57,0,Stem/Shoot/Fruit Borer,rice,9.36,Watchlist
municipality_month,2025,April,4,,,Quirino,Cabarroguis,3,3,2.13,4,1.53,0.6,0.6,4.19,5.3,3,0,Stem/Shoot/Fruit Borer,rice,6.6,Watchlist
municipality_month,2025,April,4,,,Quirino,Diffun,4,4,16.1,19,16.1,0,0,5.72,8.1,4,0,False Smut,rice,9.93,Watchlist
municipality_month,2025,April,4,,,Quirino,Maddela,5,5,27.53,30,25.12,2.98,2.98,7.32,20,3,0,False Smut,rice,9.22,Watchlist
municipality_month,2025,April,4,,,Quirino,Nagtipunan,6,6,13.34,19,1.2,12.14,12.14,8.38,20,3.33,0,Disease - Fungal/Bacterial,corn,9.25,Watchlist
municipality_month,2025,May,5,,,Cagayan,Gonzaga,4,3,263.75,229,261.75,2,2,100,100,4,4,Fall Armyworm,rice,48.45,Moderate
municipality_month,2025,May,5,,,Cagayan,Sta. Ana,2,1,3.75,2,0.75,3,3,60,100,6,1,White Grub,hvc,25.95,Watchlist
municipality_month,2025,May,5,,,Cagayan,Sta. Teresita,1,1,0.75,1,0.75,0,0,100,100,5,1,Flea Beatles,hvc,33.8,Watchlist
municipality_month,2025,May,5,,,Isabela,Aurora,9,9,32.19,112,23.94,8,8,17.78,30,4.11,1,Fall Armyworm,corn,15.18,Watchlist
municipality_month,2025,May,5,,,Isabela,Burgos,9,9,11.8,82,11.8,0,0,8.2,20,2.78,0,Golden Apple Snail,rice,9.21,Watchlist
municipality_month,2025,May,5,,,Isabela,Cabatuan,4,4,3.42,34,3.42,0,0,3.3,6.1,3,0,Stem/Shoot/Fruit Borer,rice,8.18,Watchlist
municipality_month,2025,May,5,,,Isabela,City of Ilagan,1,1,56.7,43,45,11.7,11.7,35,35,5,0,Fall Armyworm,corn,37.4,Moderate
municipality_month,2025,May,5,,,Isabela,Delfin Albano,3,3,9.6,4,9.6,0,0,6.57,9,1,0,Stem/Shoot/Fruit Borer,rice,4.1,Watchlist
municipality_month,2025,May,5,,,Isabela,Gamu,1,1,2.25,15,2.25,0,0,15,15,3,0,Fall Armyworm,corn,12.9,Watchlist
municipality_month,2025,May,5,,,Isabela,Luna,4,4,7.5,50,7.5,0,0,13.75,15,3,0,Fall Armyworm,corn,11.88,Watchlist
municipality_month,2025,May,5,,,Isabela,Mallig,5,5,25.1,20,25.1,0,0,18.78,40,1.4,0,Fall Armyworm,rice,8.7,Watchlist
municipality_month,2025,May,5,,,Isabela,Quezon,3,3,20.4,14,20.4,0,0,15.67,35,2.33,0,Whorl Maggot,rice,9.87,Watchlist
municipality_month,2025,May,5,,,Isabela,Quirino,2,2,7.1,5,7.1,0,0,17.85,30,1,0,Whorl Maggot,rice,7.2,Watchlist
municipality_month,2025,May,5,,,Isabela,Reina Mercedes,5,5,22.65,105,14.4,2.25,2.25,20,30,3.8,0,Fall Armyworm,corn,17.36,Watchlist
municipality_month,2025,May,5,,,Isabela,Roxas,4,4,30,20,30,0,0,30,40,1,0,Fall Armyworm,corn,11.38,Watchlist
municipality_month,2025,May,5,,,Nueva Vizcaya,Aritao,1,1,0.4,1,0,0.4,0.4,50,50,9,1,Cutworm/Armyworm,hvc,27.9,Watchlist
municipality_month,2025,May,5,,,Nueva Vizcaya,Bagabag,2,2,2.76,13,2.76,0,0,2.85,3.17,3,0,Leaf Folder/Miner,rice,7.6,Watchlist
municipality_month,2025,May,5,,,Nueva Vizcaya,Bambang,1,1,8.57,2,8.57,0,0,9.52,9.52,5,0,Stem/Shoot/Fruit Borer,rice,12.5,Watchlist
municipality_month,2025,May,5,,,Nueva Vizcaya,Bayombong,2,2,1.7,4,1.5,0.2,0.2,21.07,40,2,0,Bacterial Leaf Blight,rice,9.3,Watchlist
municipality_month,2025,May,5,,,Nueva Vizcaya,Kayapa,8,8,28.08,54,0,28.08,28.08,75,90,9,8,Blast/Blight/Spot,rice,36.6,Moderate
municipality_month,2025,May,5,,,Nueva Vizcaya,Quezon,2,2,32,4,32,0,0,21.45,35,3,0,Stem/Shoot/Fruit Borer,rice,12.95,Watchlist
municipality_month,2025,May,5,,,Nueva Vizcaya,Solano,4,4,9,18,5.5,3.5,3.5,4.04,7,2.5,0,Bacterial Leaf Blight,rice,6.85,Watchlist
municipality_month,2025,May,5,,,Nueva Vizcaya,Villaverde,3,3,13.18,14,13.18,0,0,5.16,7.97,3.67,0,Bacterial Leaf Blight,rice,9.23,Watchlist
municipality_month,2025,May,5,,,Quirino,Aglipay,5,5,1.57,6,0.41,1.17,1.17,5.7,10,3.8,0,Disease - Fungal/Bacterial,hvc,8.28,Watchlist
municipality_month,2025,May,5,,,Quirino,Cabarroguis,3,3,1.1,5,1.1,0,0,2.27,4.02,3,0,Stem/Shoot/Fruit Borer,rice,6.13,Watchlist
municipality_month,2025,May,5,,,Quirino,Maddela,5,5,50.18,58,31.93,18.25,18.25,12.64,20,3.4,0,Blast/Blight/Spot,corn,13.82,Watchlist
municipality_month,2025,June,6,,,Cagayan,Amulung,3,3,29,38,32,7,7,30,30,5,0,Fall Armyworm,corn,20.83,Watchlist
municipality_month,2025,June,6,,,Cagayan,Buguey,1,1,6,3,0,0,0,5.21,5.21,3,0,Fall Armyworm,corn,7.9,Watchlist
municipality_month,2025,June,6,,,Cagayan,Gonzaga,4,4,158.25,73,131.5,25,25,75.37,100,3,3,Fall Armyworm,rice,34.7,Watchlist
municipality_month,2025,June,6,,,Cagayan,Rizal,6,6,57,111,57,0,0,50,50,5,6,Fall Armyworm,corn,26.82,Watchlist
municipality_month,2025,June,6,,,Cagayan,San Mariano,1,1,5,2,0,5,5,100,100,5,1,Fall Armyworm,corn,35.6,Moderate
municipality_month,2025,June,6,,,Cagayan,Sta. Teresita,1,1,61.65,63,61.65,0,0,27.67,27.67,5,0,Fall Armyworm,corn,38.1,Moderate
municipality_month,2025,June,6,,,Isabela,Angadanan,3,3,40,160,7.5,7.5,7.5,21.67,25,1,0,Fall Armyworm,corn,21.77,Watchlist
municipality_month,2025,June,6,,,Isabela,Aurora,4,4,13.75,160,13.5,0,0,5,5,3,0,Golden Apple Snail,rice,16.8,Watchlist
municipality_month,2025,June,6,,,Isabela,Burgos,6,6,16,125,19.5,0,0,13.33,25,3.67,0,Golden Apple Snail,rice,15.1,Watchlist
municipality_month,2025,June,6,,,Isabela,Cabagan,2,2,91.8,2,1.8,2.2,2.2,66.5,90,9,2,Rhinoceros Beetle,hvc,37.85,Moderate
municipality_month,2025,June,6,,,Isabela,Cabatuan,4,4,13.32,118,13.32,0,0,17.85,25,1.5,0,Fall Armyworm,corn,14.8,Watchlist
municipality_month,2025,June,6,,,Isabela,Cauayan City,10,10,50.25,255,48.25,0,0,13,20,3.2,0,Fall Armyworm,corn,15.68,Watchlist
municipality_month,2025,June,6,,,Isabela,City of Ilagan,6,6,66.78,89,53.63,13.14,13.14,24.98,40,4.33,0,Fall Armyworm,corn,19.15,Watchlist
municipality_month,2025,June,6,,,Isabela,Echague,5,5,28.88,51,8.88,20,20,16.52,20,4.2,2,Fall Armyworm,corn,15.2,Watchlist
municipality_month,2025,June,6,,,Isabela,Gamu,15,15,99.25,334,90.25,7,7,11.33,35,3.13,1,Fall Armyworm,rice,14.48,Watchlist
municipality_month,2025,June,6,,,Isabela,Luna,5,5,28.75,145,28.75,0,0,13,20,3.8,0,Rice Skippers,rice,17.66,Watchlist
municipality_month,2025,June,6,,,Isabela,Mallig,3,3,23.02,18,23.02,0,0,22.27,35,1,0,Fall Armyworm,corn,9.73,Watchlist
municipality_month,2025,June,6,,,Isabela,Naguilian,5,5,16.25,130,16.28,0,0,10,20,3,0,Whorl Maggot,rice,14.5,Watchlist
municipality_month,2025,June,6,,,Isabela,Quezon,6,6,139.8,32,69.4,0,0,17.73,40,1,0,Stem/Shoot/Fruit Borer,rice,10.37,Watchlist
municipality_month,2025,June,6,,,Isabela,Quirino,2,2,49,35,5,0,0,25,30,1,0,Fall Armyworm,corn,15.4,Watchlist
municipality_month,2025,June,6,,,Isabela,Ramon,2,2,6.9,60,6.9,0,0,3.45,3.5,3,0,Whorl Maggot,rice,13.9,Watchlist
municipality_month,2025,June,6,,,Isabela,Reina Mercedes,7,7,44.12,120,36.12,8,8,19.29,25,4.14,0,Fall Armyworm,corn,17.17,Watchlist
municipality_month,2025,June,6,,,Isabela,Roxas,5,5,60.8,34,60.8,0,0,12.4,35,2.6,1,Leaf Folder/Miner,rice,10.68,Watchlist
municipality_month,2025,June,6,,,Isabela,San Manuel,1,1,6,80,6,0,0,5,5,3,0,Golden Apple Snail,rice,22.1,Watchlist
municipality_month,2025,June,6,,,Isabela,Santiago City,1,1,3.8,20,3.8,0,0,7.7,7.7,3,0,Blast/Blight/Spot,rice,12.5,Watchlist
municipality_month,2025,June,6,,,Isabela,Tumauini,1,1,0.69,1,0.69,0,0,4.34,4.34,3,0,Bacterial Leaf Streak,rice,6.5,Watchlist
municipality_month,2025,June,6,,,Nueva Vizcaya,Bagabag,3,3,93,16,63,30,30,46.67,50,1,1,Fall Armyworm,corn,20.57,Watchlist
municipality_month,2025,June,6,,,Nueva Vizcaya,Bayombong,2,2,47.75,9,47.75,0,0,42.5,50,1,1,Fall Armyworm,corn,16.45,Watchlist
municipality_month,2025,June,6,,,Nueva Vizcaya,Dupax del Sur,1,1,2.59,5,2.59,0,0,8.66,8.66,5,0,Whorl Maggot,rice,12.2,Watchlist
municipality_month,2025,June,6,,,Nueva Vizcaya,Quezon,2,2,44,9,44,0,0,35,45,1,0,Fall Armyworm,corn,14.35,Watchlist
municipality_month,2025,June,6,,,Nueva Vizcaya,Solano,12,12,71.69,64,51.69,20,20,11.48,40,2.67,0,Bacterial Leaf Blight,rice,9.82,Watchlist
municipality_month,2025,June,6,,,Nueva Vizcaya,Villaverde,2,2,63,12,63,0,0,52.5,55,1,2,Fall Armyworm,corn,20.25,Watchlist
municipality_month,2025,June,6,,,Quirino,Aglipay,6,6,6.45,11,5.56,0.89,0.89,6.07,15,2.33,0,Bacterial Leaf Blight,rice,6.12,Watchlist
municipality_month,2025,June,6,,,Quirino,Cabarroguis,8,8,11.68,21,6.18,5.5,5.5,7.22,15,2.5,0,Disease - Fungal/Bacterial,hvc,7.04,Watchlist
municipality_month,2025,June,6,,,Quirino,Diffun,2,2,5.05,6,5.05,0,0,12.5,15,1,0,Fall Armyworm,corn,5.9,Watchlist
municipality_month,2025,June,6,,,Quirino,Maddela,10,10,61.82,73,61.82,0,0,15.99,35,1.6,0,Fall Armyworm,corn,9.32,Watchlist
municipality_month,2025,July,7,,,Cagayan,Buguey,1,1,35,38,35,0,0,40,40,4,0,Fall Armyworm,corn,30.7,Watchlist
municipality_month,2025,July,7,,,Cagayan,Gattaran,2,2,74.3,97,74.3,0,0,17.5,20,4.5,0,Fall Armyworm,corn,27.55,Watchlist
municipality_month,2025,July,7,,,Cagayan,Gonzaga,3,3,8.4,6,6.4,2,2,3.19,4.33,1.67,0,Leaf Scald Of Rice,rice,4.6,Watchlist
municipality_month,2025,July,7,,,Cagayan,Rizal,1,1,47,47,47,0,0,20,20,5,0,Fall Armyworm,corn,31.1,Watchlist
municipality_month,2025,July,7,,,Cagayan,Sta. Ana,1,0,2.44,2,0,2.44,2.44,4.56,4.56,3,0,Disease - Fungal/Bacterial,rice,7.5,Watchlist
municipality_month,2025,July,7,,,Cagayan,Sta. Teresita,4,4,41.65,43,41.65,0,0,25,40,4.5,0,Fall Armyworm,corn,17.9,Watchlist
municipality_month,2025,July,7,,,Cagayan,Sto. Ni�o,2,2,101,111,101,0,0,40,40,4,0,Fall Armyworm,corn,35.75,Moderate
municipality_month,2025,July,7,,,Isabela,Aurora,2,2,9.5,95,9.5,0,0,5,5,3,0,Whorl Maggot,rice,18.8,Watchlist
municipality_month,2025,July,7,,,Isabela,Burgos,1,1,1.6,1,1.6,0,0,2,2,1,0,Blast/Blight/Spot,rice,2.6,Watchlist
municipality_month,2025,July,7,,,Isabela,Cabatuan,1,1,3.75,40,3.75,0,0,5,5,3,0,Whorl Maggot,rice,16.8,Watchlist
municipality_month,2025,July,7,,,Isabela,Cauayan City,1,1,3.5,45,3.5,0,0,5,5,3,0,Leaf Folder/Miner,rice,18,Watchlist
municipality_month,2025,July,7,,,Isabela,City of Ilagan,3,3,13.14,22,16.88,8.9,8.9,34.5,50,3.33,1,Bacterial Leaf Blight,rice,17.27,Watchlist
municipality_month,2025,July,7,,,Isabela,Gamu,3,3,37.25,109,37.25,0,0,13.33,25,3.67,0,Leaf Folder/Miner,rice,20.2,Watchlist
municipality_month,2025,July,7,,,Isabela,Luna,3,3,13.75,115,13.75,0,0,6.67,10,3,0,Stem/Shoot/Fruit Borer,rice,16.93,Watchlist
municipality_month,2025,July,7,,,Isabela,Naguilian,1,1,3,2,3,0,0,5,5,3,0,Bacterial Leaf Streak,rice,7.2,Watchlist
municipality_month,2025,July,7,,,Isabela,Quezon,2,2,22.8,16,22.8,0,0,9,15,1,0,Blast/Blight/Spot,rice,7.35,Watchlist
municipality_month,2025,July,7,,,Isabela,Quirino,1,1,28,16,30,0,0,35,35,1,0,Fall Armyworm,corn,17.9,Watchlist
municipality_month,2025,July,7,,,Isabela,Roxas,3,3,51.1,26,55.6,0,0,13.67,25,1,0,Leaf Folder/Miner,rice,9.43,Watchlist
municipality_month,2025,July,7,,,Isabela,Santiago City,3,2,8.75,40,8.75,0,0,5.8,13.8,3,0,Leaf Folder/Miner,rice,10.27,Watchlist
municipality_month,2025,July,7,,,Isabela,Tumauini,1,1,24.4,18,24.4,97.6,97.6,20,20,1,0,Fall Armyworm,corn,24.2,Watchlist
municipality_month,2025,July,7,,,Nueva Vizcaya,Bagabag,5,5,101.4,23,80.4,21,21,37,45,1,0,Fall Armyworm,corn,15.46,Watchlist
municipality_month,2025,July,7,,,Nueva Vizcaya,Solano,4,4,17.04,26,17.04,0,0,8.42,12.1,4.5,0,Stem/Shoot/Fruit Borer,rice,11.9,Watchlist
municipality_month,2025,July,7,,,Nueva Vizcaya,Villaverde,2,2,32.94,13,32.94,0,0,23.55,45,3,0,Leaf Folder/Miner,rice,14.7,Watchlist
municipality_month,2025,July,7,,,Quirino,Aglipay,8,8,80.56,103,78.35,2.21,2.21,27.5,35,1.25,0,Fall Armyworm,hvc,13.51,Watchlist
municipality_month,2025,July,7,,,Quirino,Cabarroguis,3,3,36.7,41,36.7,0,0,25,30,1,0,Fall Armyworm,corn,12.9,Watchlist
municipality_month,2025,July,7,,,Quirino,Diffun,7,7,92.59,176,92.47,0.12,0.12,17.06,35,1.86,0,Fall Armyworm,corn,15.37,Watchlist
municipality_month,2025,July,7,,,Quirino,Maddela,7,7,83,90,83,0,0,9.29,15,2.43,0,Fall Armyworm,corn,11.16,Watchlist
municipality_month,2025,July,7,,,Quirino,Nagtipunan,1,1,10.5,29,10.5,0,0,30,30,1,0,Fall Armyworm,corn,17.8,Watchlist
municipality_month,2025,July,7,,,Quirino,Saguday,5,5,74.93,81,74.93,0,0,13.04,35,2.2,0,Fall Armyworm,corn,12.9,Watchlist
municipality_month,2025,August,8,,,Cagayan,Gattaran,1,1,5.75,6,0,0,0,20,20,5,0,Fall Armyworm,corn,15.7,Watchlist
municipality_month,2025,August,8,,,Cagayan,Iguig,7,7,140,46,140,0,0,20,20,3.57,0,Plant Hopper,rice,15.2,Watchlist
municipality_month,2025,August,8,,,Cagayan,Sta. Praxedes,1,1,24,30,24,0,0,40,40,4,0,Leaf Folder/Miner,rice,27.3,Watchlist
municipality_month,2025,August,8,,,Isabela,Alicia,4,4,38,130,38,0,0,13.75,20,4,0,Bacterial Leaf Streak,rice,19.55,Watchlist
municipality_month,2025,August,8,,,Isabela,Angadanan,2,2,4.56,25,4.56,0,0,3.1,4,3,0,Stem/Shoot/Fruit Borer,rice,9.25,Watchlist
municipality_month,2025,August,8,,,Isabela,Aurora,14,14,81.97,335,81.08,9,9,17.14,30,4.29,1,Leaf Folder/Miner,rice,18.41,Watchlist
municipality_month,2025,August,8,,,Isabela,Benito Soliven,1,1,19.5,22,19.5,0,0,30,30,5,0,Plant Hopper,rice,23.9,Watchlist
municipality_month,2025,August,8,,,Isabela,Burgos,5,5,20.85,85,12.75,8.1,8.1,7,15,2.6,0,Blast/Blight/Spot,rice,11.26,Watchlist
municipality_month,2025,August,8,,,Isabela,Cabatuan,3,3,10,60,10,0,0,7.5,10,3,0,Leaf Folder/Miner,rice,11.8,Watchlist
municipality_month,2025,August,8,,,Isabela,Cauayan City,2,2,9.5,50,9.5,0,0,10,10,3,0,Leaf Folder/Miner,rice,14.45,Watchlist
municipality_month,2025,August,8,,,Isabela,City of Ilagan,3,3,77.8,19,12.56,46,46,24.53,40,3.67,0,Plant Hopper,rice,20.27,Watchlist
municipality_month,2025,August,8,,,Isabela,Delfin Albano,3,3,11.6,5,11.6,0,0,4.13,6,3,0,Bacterial Leaf Streak,rice,7,Watchlist
municipality_month,2025,August,8,,,Isabela,Dinapiguie,1,1,48,50,10,40,40,50,50,8,1,Plant Hopper,rice,52.6,Moderate
municipality_month,2025,August,8,,,Isabela,Echague,5,5,47.5,140,47.5,0,0,21,25,1,0,Fall Armyworm,corn,15.1,Watchlist
municipality_month,2025,August,8,,,Isabela,Gamu,3,3,6.25,75,6.25,0,0,5,5,3,0,Whorl Maggot,rice,12.87,Watchlist
municipality_month,2025,August,8,,,Isabela,Jones,1,1,10,20,10,0,0,20,20,1,0,Fall Armyworm,corn,12.9,Watchlist
municipality_month,2025,August,8,,,Isabela,Luna,3,3,13,90,13,0,0,6.67,10,3,0,Stem/Shoot/Fruit Borer,rice,14.8,Watchlist
municipality_month,2025,August,8,,,Isabela,Mallig,5,5,32.7,16,29.8,2.9,2.9,9.94,25,3,0,Bacterial Leaf Streak,rice,9.32,Watchlist
municipality_month,2025,August,8,,,Isabela,Roxas,8,8,27,20,27,0,0,9.61,20,3.5,0,Leaf Folder/Miner,rice,9.4,Watchlist
municipality_month,2025,August,8,,,Isabela,San Isidro,2,2,3,20,3,0,0,10.75,16.6,3,0,Bacterial Leaf Streak,rice,10.45,Watchlist
municipality_month,2025,August,8,,,Isabela,San Manuel,2,2,10.5,65,10.5,0,0,10,15,3,0,Whorl Maggot,rice,16.4,Watchlist
municipality_month,2025,August,8,,,Isabela,Santiago City,3,3,22,60,22,0,0,13.43,15,3,0,Bacterial Leaf Blight,rice,14.4,Watchlist
municipality_month,2025,August,8,,,Nueva Vizcaya,Alfoso Castaneda,5,5,213,79,101.5,170,170,66,80,5.2,5,Plant Hopper,rice,38.62,Moderate
municipality_month,2025,August,8,,,Nueva Vizcaya,Bambang,2,2,6.94,14,8.11,0,0,4.48,4.67,3.5,0,Leaf Folder/Miner,rice,9.25,Watchlist
municipality_month,2025,August,8,,,Nueva Vizcaya,Bayombong,1,1,3.27,6,3.27,0,0,3.27,3.27,3,0,Bacterial Leaf Blight,rice,7.8,Watchlist
municipality_month,2025,August,8,,,Nueva Vizcaya,Dupax del Sur,1,1,15,20,15,0,0,34.04,34.04,7,1,Plant Hopper,rice,27.3,Watchlist
municipality_month,2025,August,8,,,Nueva Vizcaya,Kasibu,2,2,59.18,18,59.18,0,0,35,40,3,0,Plant Hopper,rice,19.75,Watchlist
municipality_month,2025,August,8,,,Nueva Vizcaya,Quezon,2,2,5.38,12,5.38,0,0,4.48,4.8,3,0,Bacterial Leaf Blight,rice,8.05,Watchlist
municipality_month,2025,August,8,,,Nueva Vizcaya,Solano,4,4,30.59,27,32.54,0,0,13.74,45,2.5,0,Bacterial Leaf Blight,rice,10.32,Watchlist
municipality_month,2025,August,8,,,Nueva Vizcaya,Villaverde,2,2,8.25,9,8.25,0,0,5.89,8.64,4,0,Bacterial Leaf Blight,rice,9.9,Watchlist
municipality_month,2025,August,8,,,Quirino,Aglipay,3,3,29.11,31,29.11,0,0,12.86,20,2.33,0,Fall Armyworm,corn,10.97,Watchlist
municipality_month,2025,August,8,,,Quirino,Cabarroguis,11,11,28.23,45,26.9,1.33,1.33,11.06,40,2.64,0,Bacterial Leaf Blight,rice,8.61,Watchlist
municipality_month,2025,August,8,,,Quirino,Diffun,7,7,15.7,22,15.7,0,0,4.37,15,2.71,0,Blast/Blight/Spot,rice,6.77,Watchlist
municipality_month,2025,August,8,,,Quirino,Maddela,5,5,92,99,92,0,0,21,35,1.8,0,Fall Armyworm,corn,15.54,Watchlist
municipality_month,2025,August,8,,,Quirino,Nagtipunan,3,3,51.3,53,51.3,0,0,15,20,2.33,0,Fall Armyworm,corn,14.27,Watchlist
municipality_month,2025,August,8,,,Quirino,Saguday,1,1,2.08,3,2.08,0,0,2.15,2.15,3,0,Bacterial Leaf Blight,rice,6.6,Watchlist
municipality_month,2025,September,9,,,Cagayan,Abulug,4,4,74,47,64,10,10,11.07,20,4.25,0,Fall Armyworm,corn,15.78,Watchlist
municipality_month,2025,September,9,,,Cagayan,Pamplona,1,1,50,31,50,0,0,17,17,5,0,Bacterial Leaf Blight,rice,26.8,Watchlist
municipality_month,2025,September,9,,,Isabela,Angadanan,1,1,8,10,8,0,0,40,40,5,0,Plant Hopper,rice,22,Watchlist
municipality_month,2025,September,9,,,Isabela,Aurora,13,13,83.95,395,24.45,112,112,17.08,50,4.38,2,Stem/Shoot/Fruit Borer,hvc,20.99,Watchlist
municipality_month,2025,September,9,,,Isabela,Burgos,5,5,14,173,10,4,4,5,5,3,0,Stem/Shoot/Fruit Borer,rice,15.52,Watchlist
municipality_month,2025,September,9,,,Isabela,Cabatuan,5,5,52.3,100,52.3,0,0,20.22,40,3,0,Bacterial Leaf Streak,rice,16.48,Watchlist
municipality_month,2025,September,9,,,Isabela,City of Ilagan,2,2,4.9,6,4.9,0,0,62.25,75.4,6,1,Blast/Blight/Spot,rice,26.85,Watchlist
municipality_month,2025,September,9,,,Isabela,Cordon,1,1,4.3,10,4.3,0,0,4.3,4.3,3,0,Whorl Maggot,rice,9.2,Watchlist
municipality_month,2025,September,9,,,Isabela,Echague,1,1,10,10,10,0,0,20,20,1,0,Fall Armyworm,corn,10.4,Watchlist
municipality_month,2025,September,9,,,Isabela,Gamu,1,1,27,90,0,27,27,30,30,5,0,Blast/Blight/Spot,corn,39.8,Moderate
municipality_month,2025,September,9,,,Isabela,Luna,1,1,0.75,2,0.75,0,0,5,5,3,0,Fall Armyworm,corn,6.9,Watchlist
municipality_month,2025,September,9,,,Isabela,Mallig,6,6,13.3,12,13.3,0,0,13.18,30,3.67,0,Stem/Shoot/Fruit Borer,rice,10.32,Watchlist
municipality_month,2025,September,9,,,Isabela,Quezon,2,2,0.6,2,0.6,0,0,7.5,10,2,0,Aphids/Scale/Mealybug,hvc,5.55,Watchlist
municipality_month,2025,September,9,,,Isabela,Reina Mercedes,4,4,0.62,11,2.62,0,0,5,5,3.5,0,Citrus Rind Borer,hvc,7.92,Watchlist
municipality_month,2025,September,9,,,Isabela,Roxas,1,1,3,1,3,0,0,20,20,5,0,Aphids/Scale/Mealybug,hvc,14.1,Watchlist
municipality_month,2025,September,9,,,Isabela,San Manuel,2,2,12,120,6,6,6,5,5,3,0,Blast/Blight/Spot,rice,21.45,Watchlist
municipality_month,2025,September,9,,,Isabela,Santiago City,4,4,26.2,70,26.2,0,0,11.12,15,3,0,Bacterial Leaf Blight,rice,13.07,Watchlist
municipality_month,2025,September,9,,,Isabela,Tumauini,2,2,18.37,17,18.37,0,0,4.34,5.29,5,0,Bacterial Leaf Streak,rice,12.85,Watchlist
municipality_month,2025,September,9,,,Nueva Vizcaya,Aritao,2,2,3.75,10,3.75,0,0,2.45,2.71,3,0,Leaf Folder/Miner,rice,7.2,Watchlist
municipality_month,2025,September,9,,,Nueva Vizcaya,Bambang,1,1,4.64,6,4.64,0,0,7.74,7.74,5,0,Stem/Shoot/Fruit Borer,rice,12.5,Watchlist
municipality_month,2025,September,9,,,Nueva Vizcaya,Dupax del Sur,2,2,2.78,11,2.78,0,0,1.85,2.22,3,0,Leaf Folder/Miner,rice,7.15,Watchlist
municipality_month,2025,September,9,,,Nueva Vizcaya,Quezon,3,3,25.67,22,7.67,18,18,13.65,30,3.67,0,Plant Hopper,rice,13.73,Watchlist
municipality_month,2025,September,9,,,Nueva Vizcaya,Solano,7,7,44.37,38,20.37,24,24,10.11,30,3.86,0,Stem/Shoot/Fruit Borer,rice,11.93,Watchlist
municipality_month,2025,September,9,,,Quirino,Aglipay,6,6,22.12,18,20.65,1.47,1.47,22.13,70,3.67,1,Plant Hopper,rice,13.02,Watchlist
municipality_month,2025,September,9,,,Quirino,Cabarroguis,3,3,11.31,12,10.5,0.81,0.81,4.71,7,3.67,0,Plant Hopper,rice,8.93,Watchlist
municipality_month,2025,September,9,,,Quirino,Diffun,2,2,3.25,5,0.77,2.48,2.48,2.79,3.31,3,0,Disease - Fungal/Bacterial,rice,6.9,Watchlist
municipality_month,2025,September,9,,,Quirino,Maddela,6,6,30.55,30,26.95,3.6,3.6,8.11,15,3.67,0,Plant Hopper,rice,10.27,Watchlist
municipality_month,2025,September,9,,,Quirino,Nagtipunan,3,3,7.5,12,0.85,6.65,6.65,2.05,2.87,3,0,Blast/Blight/Spot,rice,7.4,Watchlist
municipality_month,2025,September,9,,,Quirino,Saguday,3,3,4.59,8,4.59,0,0,2.17,3.08,3,0,Leaf Folder/Miner,rice,6.5,Watchlist
municipality_month,2025,October,10,,,Cagayan,Rizal,1,1,25,20,25,0,0,10,10,1,0,Whorl Maggot,rice,12.3,Watchlist
municipality_month,2025,October,10,,,Cagayan,Sta. Teresita,1,1,2,3,2,0,0,1.21,1.21,1,0,Stem/Shoot/Fruit Borer,rice,3,Watchlist
municipality_month,2025,October,10,,,Isabela,Aurora,10,10,8.2,86,7.12,5.08,5.08,11.5,20,3.6,0,Fall Armyworm,corn,11.34,Watchlist
municipality_month,2025,October,10,,,Isabela,Burgos,3,3,4.9,18,4.9,0,0,16.67,30,3.67,1,Stem/Shoot/Fruit Borer,rice,12.13,Watchlist
municipality_month,2025,October,10,,,Isabela,Cabatuan,6,6,8.63,47,12.53,0,0,14.83,20,4,0,Fall Armyworm,corn,12.67,Watchlist
municipality_month,2025,October,10,,,Isabela,Cauayan City,1,1,8,14,5,5,5,80,80,9,1,S.Rys/Rtv/Rolp,rice,40.5,Moderate
municipality_month,2025,October,10,,,Isabela,Echague,5,5,21.8,25,22.3,0,0,30.8,64.4,7,5,Disease - Fungal/Bacterial,rice,21.4,Watchlist
municipality_month,2025,October,10,,,Isabela,Gamu,2,2,4,20,4,0,0,32.5,50,7,1,S.Rys/Rtv/Rolp,rice,22.65,Watchlist
municipality_month,2025,October,10,,,Isabela,Jones,3,3,52.51,79,52.51,0,0,89.94,90.32,7,3,S.Rys/Rtv/Rolp,rice,43.17,Moderate
municipality_month,2025,October,10,,,Isabela,Luna,1,1,0.5,10,0.5,0,0,5,5,3,0,Fall Armyworm,corn,8.9,Watchlist
municipality_month,2025,October,10,,,Isabela,Mallig,1,1,2,1,2,0,0,16,16,3,0,Stem/Shoot/Fruit Borer,rice,9.6,Watchlist
municipality_month,2025,October,10,,,Isabela,Naguilian,4,4,7.6,13,3.9,3.7,3.7,60,80,9,4,S.Rys/Rtv/Rolp,rice,31.25,Watchlist
municipality_month,2025,October,10,,,Isabela,Quezon,2,2,8.6,6,8.6,0,0,10.8,12,5,1,Bacterial Leaf Blight,rice,12.5,Watchlist
municipality_month,2025,October,10,,,Isabela,Quirino,2,2,3,2,3,0,0,8,10,2,0,Bacterial Leaf Streak,rice,5.85,Watchlist
municipality_month,2025,October,10,,,Isabela,Reina Mercedes,3,3,2.05,29,4.85,0,0,10,20,3.67,0,Fall Armyworm,corn,11.2,Watchlist
municipality_month,2025,October,10,,,Isabela,Roxas,5,5,25.5,16,25.5,0,0,20.8,30,3.4,0,Fall Armyworm,rice,12.4,Watchlist
municipality_month,2025,October,10,,,Nueva Vizcaya,Aritao,4,4,5.14,11,5.14,0,0,70.39,80,8,4,S.Rys/Rtv/Rolp,rice,31.9,Watchlist
municipality_month,2025,October,10,,,Nueva Vizcaya,Bagabag,1,1,0.72,1,0.72,0,0,60,60,7,1,Rice Grassy Stunt Virus,rice,27.2,Watchlist
municipality_month,2025,October,10,,,Nueva Vizcaya,Bambang,2,2,1.83,8,1.83,0,0,3.06,3.45,3,0,Blast/Blight/Spot,rice,6.95,Watchlist
municipality_month,2025,October,10,,,Nueva Vizcaya,Kasibu,2,2,7.25,15,7.25,0,0,3.26,4.43,3,0,Bacterial Leaf Blight,rice,8.25,Watchlist
municipality_month,2025,October,10,,,Nueva Vizcaya,Kayapa,1,1,15,22,15,0,0,85,85,5,1,Plant Hopper,rice,37.1,Moderate
municipality_month,2025,October,10,,,Nueva Vizcaya,Quezon,3,3,3.58,16,3.58,0,0,2.06,2.65,3,0,Bacterial Leaf Blight,rice,7.1,Watchlist
municipality_month,2025,October,10,,,Nueva Vizcaya,Solano,2,2,3.29,12,3.29,0,0,1.94,2.51,3,0,Leaf Folder/Miner,rice,7.25,Watchlist
municipality_month,2025,October,10,,,Nueva Vizcaya,Villaverde,2,2,5.54,7,5.54,0,0,6.92,12.34,3,0,Leaf Folder/Miner,rice,8.05,Watchlist
municipality_month,2025,October,10,,,Quirino,Aglipay,5,5,7.71,12,5.31,2.4,2.4,7.65,13.8,3.4,0,Stem/Shoot/Fruit Borer,rice,8.6,Watchlist
municipality_month,2025,October,10,,,Quirino,Cabarroguis,5,5,19.35,21,15.65,3.7,3.7,15.85,44.6,4.6,1,Bacterial Leaf Blight,rice,13.48,Watchlist
municipality_month,2025,October,10,,,Quirino,Diffun,6,6,10.43,21,8.07,2.36,2.36,3.38,5.5,3,0,Stem/Shoot/Fruit Borer,rice,7.12,Watchlist
municipality_month,2025,October,10,,,Quirino,Maddela,7,7,118.3,130,2.2,116.7,116.7,37.41,66,6.43,5,S.Rys/Rtv/Rolp,rice,30.33,Watchlist
municipality_month,2025,October,10,,,Quirino,Nagtipunan,1,1,1,15,1,0,0,15,15,5,0,Bacterial Leaf Blight,rice,16.1,Watchlist
municipality_month,2025,November,11,,,Cagayan,Baggao,5,5,393.88,297,393.88,0,0,42,50,5,1,Bacterial Leaf Blight,rice,35.96,Moderate
municipality_month,2025,November,11,,,Cagayan,Buguey,2,1,5.35,2,3,2.35,2.35,26.75,30,3,0,Blast/Blight/Spot,corn,12.6,Watchlist
municipality_month,2025,November,11,,,Cagayan,Sta. Teresita,1,1,2,1,2,0,0,9.3,9.3,1,0,Fall Armyworm,corn,4.5,Watchlist
municipality_month,2025,November,11,,,Cagayan,Sto. Ni�o,5,5,142,167,142,0,0,18,30,2.2,0,Stem/Shoot/Fruit Borer,rice,17.58,Watchlist
municipality_month,2025,November,11,,,Isabela,Angadanan,3,3,25,35,25,95,95,21.67,25,1,0,Fall Armyworm,corn,17.4,Watchlist
municipality_month,2025,November,11,,,Isabela,Aurora,6,6,37.5,152,37.5,0,0,13.33,25,4.33,2,Fall Armyworm,corn,17.8,Watchlist
municipality_month,2025,November,11,,,Isabela,Cabatuan,2,2,13.75,25,13.75,41.25,41.25,25,25,1,0,Fall Armyworm,corn,16.05,Watchlist
municipality_month,2025,November,11,,,Isabela,City of Ilagan,1,1,1.56,9,1.56,0,0,5.06,5.06,5,0,Bacterial Leaf Blight,rice,12.2,Watchlist
municipality_month,2025,November,11,,,Isabela,Gamu,3,3,3.25,27,1.15,2.1,2.1,26.67,70,5,1,Whorl Maggot,rice,17.57,Watchlist
municipality_month,2025,November,11,,,Isabela,Luna,2,2,3.25,51,3.25,0,0,5,5,3,0,Fall Armyworm,corn,12.95,Watchlist
municipality_month,2025,November,11,,,Isabela,Mallig,1,1,9,6,9,0,0,15,15,3,0,Fall Armyworm,corn,11.5,Watchlist
municipality_month,2025,November,11,,,Isabela,Naguilian,3,3,5.35,27,1.35,4,4,30,80,5,1,Whorl Maggot,rice,18.63,Watchlist
municipality_month,2025,November,11,,,Isabela,Quirino,2,2,27.5,19,27.5,0,0,17.5,20,3,0,Fall Armyworm,corn,13.55,Watchlist
municipality_month,2025,November,11,,,Isabela,Reina Mercedes,4,4,18.05,87,18.05,0,0,15,20,4.5,0,Fall Armyworm,corn,17.43,Watchlist
municipality_month,2025,November,11,,,Isabela,Roxas,1,1,1.2,1,1.2,0,0,6.4,6.4,5,0,Bacterial Leaf Streak,rice,10.5,Watchlist
municipality_month,2025,November,11,,,Nueva Vizcaya,Bagabag,4,4,41.66,19,41.66,0,0,14.99,25,2,0,Stem/Shoot/Fruit Borer,rice,9.62,Watchlist
municipality_month,2025,November,11,,,Nueva Vizcaya,Solano,3,3,29.68,16,29.68,0,0,18.23,30,1.67,0,Fall Armyworm,corn,9.97,Watchlist
municipality_month,2025,November,11,,,Nueva Vizcaya,Villaverde,2,2,5.99,9,5.99,0,0,4.99,6.47,3,0,Stem/Shoot/Fruit Borer,rice,7.85,Watchlist
municipality_month,2025,November,11,,,Quirino,Cabarroguis,3,3,5.22,9,2.82,2.4,2.4,4.4,6,3.67,0,Blast/Blight/Spot,rice,8.47,Watchlist
municipality_month,2025,November,11,,,Quirino,Diffun,2,2,4.95,6,4.95,0,0,12.5,15,1,0,Fall Armyworm,corn,5.9,Watchlist
municipality_month,2025,November,11,,,Quirino,Maddela,1,1,5.8,3,5.8,0,0,20,20,1,0,Fall Armyworm,corn,8.2,Watchlist
municipality_month,2025,December,12,,,Isabela,Aurora,1,1,3.75,12,0,3.75,3.75,5,5,3,0,Blast/Blight/Spot,corn,10.6,Watchlist
municipality_month,2025,December,12,,,Isabela,Cabatuan,2,2,2.6,80,2.6,0,0,2,2,3,0,Golden Apple Snail,rice,15.8,Watchlist
municipality_month,2025,December,12,,,Isabela,City of Ilagan,1,1,2,2,23,2,2,80,80,7,1,Bacterial Leaf Blight,rice,33,Watchlist
municipality_month,2025,December,12,,,Isabela,Echague,5,5,86.2,87,79.2,7,7,22.4,35,1.4,0,Fall Armyworm,corn,14.74,Watchlist
municipality_month,2025,December,12,,,Isabela,Luna,2,2,5.25,38,5.25,0,0,13.5,25,4,0,Bacterial Leaf Blight,rice,15.25,Watchlist
municipality_month,2025,December,12,,,Isabela,Roxas,1,1,5,5,5,0,0,5,5,3,0,Whorl Maggot,rice,8.2,Watchlist
municipality_month,2025,December,12,,,Nueva Vizcaya,Solano,6,6,9.82,22,9.82,0,0,2.77,7.25,3.33,0,Leaf Folder/Miner,rice,7.47,Watchlist
municipality_month,2025,December,12,,,Quirino,Diffun,4,4,20.95,25,20.95,0,0,17.5,25,1.5,0,Fall Armyworm,corn,9.15,Watchlist
municipality_month,2026,January,1,,,Cagayan,Allacapan,2,2,14,8,14,0,0,63.64,63.64,3,2,Fall Armyworm,corn,22.9,Watchlist
municipality_month,2026,January,1,,,Cagayan,Amulung,10,10,86.1,62,83.5,2.6,2.6,16.46,50,3.8,1,Bacterial Leaf Blight,rice,13.24,Watchlist
municipality_month,2026,January,1,,,Cagayan,Gonzaga,2,2,32.16,21,28.66,3.5,3.5,10,15,3,0,Rodents,rice,12.6,Watchlist
municipality_month,2026,January,1,,,Cagayan,Lasam,4,4,40,26,40,0,0,34.4,47.06,3,0,Fall Armyworm,corn,16.6,Watchlist
municipality_month,2026,January,1,,,Cagayan,Penablanca,3,3,400,75,400,0,0,10,10,5,0,Aphids/Scale/Mealybug,corn,33.93,Watchlist
municipality_month,2026,January,1,,,Cagayan,Solana,4,4,11.6,10,11.6,0,0,5,5,5,0,Rice Grassy Stunt Virus,rice,10.75,Watchlist
municipality_month,2026,January,1,,,Cagayan,Sto. Ni�o,18,18,327.9,295,315.9,12,12,24.44,40,5.11,1,Rodents,corn,21.3,Watchlist
municipality_month,2026,January,1,,,Cagayan,Tuao,4,4,14,14,14,0,0,14.23,22.6,5,0,Bacterial Leaf Blight,rice,13.38,Watchlist
municipality_month,2026,January,1,,,Isabela,Aurora,3,3,8.8,81,8.8,0,0,8,20,3,0,Golden Apple Snail,rice,14.2,Watchlist
municipality_month,2026,January,1,,,Isabela,City of Ilagan,7,7,40.4,25,37.7,0,0,36.43,50,5.57,4,S.Rys/Rtv/Rolp,corn,20.2,Watchlist
municipality_month,2026,January,1,,,Isabela,Echague,5,5,24.25,55,24.25,0,0,17.32,25,1.4,0,Fall Armyworm,corn,10.06,Watchlist
municipality_month,2026,January,1,,,Isabela,Gamu,1,1,1.5,28,1.5,0,0,5,5,3,0,Whorl Maggot,rice,13.5,Watchlist
municipality_month,2026,January,1,,,Isabela,Luna,2,2,13.5,95,13.5,0,0,10,10,3,0,Fall Armyworm,corn,20.35,Watchlist
municipality_month,2026,January,1,,,Isabela,Mallig,3,3,18.4,9,18.4,0,0,5.67,11,3.67,0,S.Rys/Rtv/Rolp,rice,9.2,Watchlist
municipality_month,2026,January,1,,,Isabela,Quirino,3,3,9.8,16,9.8,0,0,8.77,15,3.67,0,S.Rys/Rtv/Rolp,rice,10.17,Watchlist
municipality_month,2026,January,1,,,Isabela,Reina Mercedes,1,1,16.5,79,16.5,0,0,15,15,5,0,Fall Armyworm,corn,29.3,Watchlist
municipality_month,2026,January,1,,,Isabela,Roxas,2,2,12.8,7,12.8,0,0,6.25,8.5,4,0,S.Rys/Rtv/Rolp,rice,10,Watchlist
municipality_month,2026,January,1,,,Isabela,San Mariano,2,2,11.6,14,11.6,0,0,13.65,20,4.5,0,S.Rys/Rtv/Rolp,rice,13.55,Watchlist
municipality_month,2026,January,1,,,Isabela,Santiago City,2,2,7.1,70,7.1,144,144,2.6,4.1,3,0,Whorl Maggot,rice,19.95,Watchlist
municipality_month,2026,January,1,,,Isabela,Sto. Tomas,2,2,34.9,52,34.9,0,0,37.5,40,5,0,Fall Armyworm,corn,26.55,Watchlist
municipality_month,2026,January,1,,,Nueva Vizcaya,Bagabag,3,3,16.27,15,16.27,0,0,10.32,25,2.33,0,Blast/Blight/Spot,rice,8.47,Watchlist
municipality_month,2026,January,1,,,Nueva Vizcaya,Quezon,2,2,11.9,15,11.9,0,0,27.5,30,1,0,Fall Armyworm,corn,11.2,Watchlist
municipality_month,2026,January,1,,,Nueva Vizcaya,Solano,3,3,7.97,18,7.97,0,0,4.56,6.31,3.67,0,Stem/Shoot/Fruit Borer,rice,9.23,Watchlist
municipality_month,2026,January,1,,,Nueva Vizcaya,Villaverde,2,2,27,16,27,0,0,22.5,25,1,0,Fall Armyworm,corn,11,Watchlist
municipality_month,2026,January,1,,,Quirino,Aglipay,2,2,17.95,16,15.75,2.2,2.2,14.85,15,3,0,S.Rys/Rtv/Rolp,rice,12.15,Watchlist
municipality_month,2026,January,1,,,Quirino,Cabarroguis,1,1,12,19,12,0,0,25,25,1,0,Fall Armyworm,corn,14.2,Watchlist
municipality_month,2026,January,1,,,Quirino,Diffun,3,3,23.95,26,23.95,0,0,19.83,30,1.67,0,Fall Armyworm,corn,10.97,Watchlist
municipality_month,2026,January,1,,,Quirino,Nagtipunan,2,2,21.27,32,21.27,0,0,11.25,20,2,0,Bacterial Leaf Blight,rice,11.55,Watchlist
municipality_month,2026,February,2,,,Cagayan,Allacapan,1,1,5,4,5,0,0,6.67,6.67,4,0,Fall Armyworm,corn,10.1,Watchlist
municipality_month,2026,February,2,,,Cagayan,Aparri,2,2,25,3,25,0,0,25.45,30.54,3,0,Rodents,corn,13.4,Watchlist
municipality_month,2026,February,2,,,Cagayan,Buguey,1,1,1,1,0,1,1,0.38,0.38,1,0,Disease - Fungal/Bacterial,rice,2.4,Watchlist
municipality_month,2026,February,2,,,Cagayan,Gonzaga,8,8,29.23,16,15,14,14,5.9,12.46,3,0,Aphids/Scale/Mealybug,rice,7.88,Watchlist
municipality_month,2026,February,2,,,Cagayan,Lallo,4,4,13.9,11,13.9,0,0,3.14,10,5.5,1,Rodents,rice,11.23,Watchlist
municipality_month,2026,February,2,,,Cagayan,Lasam,1,1,10,7,10,0,0,15.01,15.01,4,0,Fall Armyworm,corn,13.6,Watchlist
municipality_month,2026,February,2,,,Isabela,Angadanan,3,3,15.73,18,15.73,49.27,49.27,16.37,25,1.67,0,Plant Hopper,corn,12.37,Watchlist
municipality_month,2026,February,2,,,Isabela,Aurora,4,4,14.65,93,14.65,0,0,11.75,25,3.5,0,Bacterial Leaf Blight,rice,15.15,Watchlist
municipality_month,2026,February,2,,,Isabela,Burgos,3,3,11,22,6,5,5,6.33,10,3.67,0,Rodents,rice,10.43,Watchlist
municipality_month,2026,February,2,,,Isabela,Cabatuan,5,5,134.5,360,134.5,0,0,14.42,26.3,3.4,0,Rodents,rice,25.26,Watchlist
municipality_month,2026,February,2,,,Isabela,City of Ilagan,4,4,25.6,29,25.6,0,0,18.75,25,5.5,2,S.Rys/Rtv/Rolp,rice,16.62,Watchlist
municipality_month,2026,February,2,,,Isabela,Delfin Albano,2,2,17.89,9,17.89,0,0,5.09,6.8,3,0,Blast/Blight/Spot,rice,8.6,Watchlist
municipality_month,2026,February,2,,,Isabela,Echague,1,1,4,8,4,0,0,20,20,1,0,Fall Armyworm,corn,9.2,Watchlist
municipality_month,2026,February,2,,,Isabela,Gamu,3,3,48,245,20.5,27.5,27.5,13.33,20,3,0,Bacterial Leaf Streak,rice,22.67,Watchlist
municipality_month,2026,February,2,,,Isabela,Quezon,3,3,50,32,48,0,0,7.97,15,3.67,0,Rodents,rice,13,Watchlist
municipality_month,2026,February,2,,,Isabela,Quirino,4,4,9.2,6,9.2,0,0,10.75,15,4.5,0,Bacterial Leaf Streak,rice,11,Watchlist
municipality_month,2026,February,2,,,Isabela,Ramon,1,1,1.15,15,1.15,0,0,2.3,2.3,5,0,Leaf Folder/Miner,rice,13,Watchlist
municipality_month,2026,February,2,,,Isabela,Roxas,2,2,13,8,13,0,0,3.65,3.8,5,0,Bacterial Leaf Blight,rice,11.2,Watchlist
municipality_month,2026,February,2,,,Isabela,San Agustin,2,2,4.45,12,4.45,0,0,5.7,9.2,6,1,Bacterial Leaf Blight,rice,13.3,Watchlist
municipality_month,2026,February,2,,,Isabela,San Isidro,4,4,62.3,85,62.3,0,0,13.47,19.2,3,0,Rodents,rice,15.75,Watchlist
municipality_month,2026,February,2,,,Isabela,San Manuel,4,4,22.25,195,22.25,0,0,5.25,10,3,0,Leaf Folder/Miner,rice,18.35,Watchlist
municipality_month,2026,February,2,,,Isabela,Santiago City,4,3,59.1,115,59.1,0,0,18.52,40,3,0,Rodents,rice,18.77,Watchlist
municipality_month,2026,February,2,,,Isabela,Sto. Tomas,1,1,2,3,2,0,0,4.66,4.66,3,0,Stem/Shoot/Fruit Borer,rice,7.3,Watchlist
municipality_month,2026,February,2,,,Nueva Vizcaya,Solano,4,4,8.11,9,0,8.11,8.11,6.99,14.74,2.5,0,Blast/Blight/Spot,rice,7.2,Watchlist
municipality_month,2026,February,2,,,Quirino,Aglipay,8,8,11.38,29,20.33,0,0,8.64,35,2.5,0,Stem/Shoot/Fruit Borer,rice,7.46,Watchlist
municipality_month,2026,February,2,,,Quirino,Cabarroguis,1,1,0.85,2,0.85,0,0,1.5,1.5,3,0,Blast/Blight/Spot,rice,6.1,Watchlist
municipality_month,2026,February,2,,,Quirino,Diffun,3,3,2.69,40,24.19,0,0,2.8,5.4,3,0,Bacterial Leaf Blight,rice,9.23,Watchlist
municipality_month,2026,February,2,,,Quirino,Maddela,7,7,37.46,35,33.16,0,0,6.91,15,3.29,0,Bacterial Leaf Blight,rice,9.24,Watchlist
municipality_month,2026,February,2,,,Quirino,Nagtipunan,2,2,39.35,3,0.35,1.5,1.5,17.5,20,1,0,Fall Armyworm,corn,9.05,Watchlist
municipality_month,2026,February,2,,,Quirino,Saguday,2,2,2.1,5,2.1,0,0,1.3,1.4,3,0,Leaf Folder/Miner,rice,6.15,Watchlist
municipality_month,2026,June,6,,,Cagayan,Amulung,4,4,6.02,4,6.02,0,0,4.58,5.67,2.52,0,Cutworm/Armyworm,rice,5.88,Watchlist
municipality_month,2026,June,6,,,Cagayan,Solana,2,2,7,2,7,0,0,2.62,3.96,3,0,Whorl Maggot,rice,6.45,Watchlist
municipality_month,2026,June,6,,,Isabela,Burgos,5,5,21.31,41,21.31,0,0,5.96,12.3,4,0,Stem/Shoot/Fruit Borer,rice,9.52,Watchlist
municipality_month,2026,June,6,,,Isabela,Delfin Albano,4,4,69.63,279,0,69.63,69.63,9.05,19.7,3.5,0,Blast/Blight/Spot,rice,28.88,Watchlist
municipality_month,2026,June,6,,,Isabela,Quezon,1,1,7.2,5,7.2,0,0,6,6,0,0,Stem/Shoot/Fruit Borer,rice,3.6,Watchlist
municipality_month,2026,June,6,,,Isabela,Quirino,1,1,7.5,3,7.5,0,0,7,7,0,0,Stem/Shoot/Fruit Borer,rice,3.4,Watchlist
municipality_month,2026,June,6,,,Isabela,Roxas,2,2,8.9,4,8.9,0,0,4.15,4.7,0,0,Whorl Maggot,rice,2.1,Watchlist
municipality_month,2026,June,6,,,Isabela,Tumauini,1,1,6,30,0,6,6,15,15,3,0,Stem/Shoot/Fruit Borer,rice,18.3,Watchlist
municipality_month,2026,June,6,,,Nueva Vizcaya,Bagabag,1,1,3.71,5,3.71,0,0,5.71,5.71,3,0,Blast/Blight/Spot,rice,8.2,Watchlist
municipality_month,2026,June,6,,,Nueva Vizcaya,Bambang,1,1,0.81,5,0.81,0,0,3.24,3.24,3,0,Leaf Folder/Miner,rice,7.3,Watchlist
municipality_month,2026,June,6,,,Nueva Vizcaya,Solano,9,9,17.34,50,17.34,0,0,3.5,6.94,3,0,Bacterial Leaf Blight,rice,7.6,Watchlist
municipality_month,2026,June,6,,,Quirino,Maddela,1,1,0.62,2,0.62,0,0,2,2,3,0,Stem/Shoot/Fruit Borer,rice,6.2,Watchlist
municipality_month,2026,June,6,,,Quirino,Saguday,1,1,0.33,1,0.33,0,0,2.2,2.2,3,0,Leaf Folder/Miner,rice,5.9,Watchlist
municipality_month,2026,July,7,,,Cagayan,Amulung,3,3,9.6,8,9.6,0,0,1.63,2.22,3,0,Stem/Shoot/Fruit Borer,rice,6.57,Watchlist
municipality_month,2026,July,7,,,Cagayan,Buguey,1,1,10,1,0,10,10,14.44,14.44,3,0,Rodents,rice,12.2,Watchlist
municipality_month,2026,July,7,,,Cagayan,Gonzaga,3,3,14.78,35,1,12.18,12.18,4.52,10,3.67,0,Disease - Fungal/Bacterial,rice,11.7,Watchlist
municipality_month,2026,July,7,,,Cagayan,Solana,1,1,1,1,1,0,0,1.21,1.21,3,0,Stem/Shoot/Fruit Borer,rice,5.8,Watchlist
municipality_month,2026,July,7,,,Cagayan,Tuao,1,1,2.5,2,2.5,0,0,1.51,1.51,3,0,Leaf Folder/Miner,rice,6.3,Watchlist
municipality_month,2026,July,7,,,Isabela,Burgos,6,6,36.99,188,37.24,0,0,9.19,15,4.33,1,Leaf Folder/Miner,rice,18.28,Watchlist
municipality_month,2026,July,7,,,Isabela,Cabatuan,7,7,26.32,96,40.72,343.68,343.68,8.39,14.2,3,0,Rodents,rice,18.11,Watchlist
municipality_month,2026,July,7,,,Isabela,City of Ilagan,6,5,87.77,40,87.77,0,0,7.53,14.2,4.33,0,Stem/Shoot/Fruit Borer,rice,12.75,Watchlist
municipality_month,2026,July,7,,,Isabela,Delfin Albano,3,3,23.31,30,23.31,0,0,5.93,7.03,4.33,0,Bacterial Leaf Streak,rice,12.3,Watchlist
municipality_month,2026,July,7,,,Isabela,Echague,1,1,2.6,5,2.6,17.4,17.4,1.3,1.3,3,0,Leaf Folder/Miner,rice,10.5,Watchlist
municipality_month,2026,July,7,,,Isabela,Gamu,5,5,5.1,94,4.85,0.25,0.25,7.22,15,3,0,Whorl Maggot,rice,11.72,Watchlist
municipality_month,2026,July,7,,,Isabela,Quirino,1,1,6.7,6,6.7,0,0,8.4,8.4,3,0,Stem/Shoot/Fruit Borer,rice,9.5,Watchlist
municipality_month,2026,July,7,,,Isabela,Roxas,3,3,21.5,11,21.5,0,0,13.13,21,5.67,1,Stem/Shoot/Fruit Borer,rice,14.73,Watchlist
municipality_month,2026,July,7,,,Isabela,San Manuel,3,3,20.25,250,20.25,0,0,6.67,10,3,0,Whorl Maggot,rice,21.77,Watchlist
municipality_month,2026,July,7,,,Isabela,Santiago City,2,2,1.5,20,1.5,98.5,98.5,1.5,1.6,3,0,Leaf Folder/Miner,rice,17.9,Watchlist
municipality_month,2026,July,7,,,Nueva Vizcaya,Solano,7,7,16.35,48,16.35,0,0,3.31,4.07,3,0,Bacterial Leaf Blight,rice,7.94,Watchlist
municipality_month,2026,July,7,,,Quirino,Cabarroguis,1,1,0.9,2,0.9,0,0,2.4,2.4,3,0,Stem/Shoot/Fruit Borer,rice,6.3,Watchlist
municipality_month,2026,July,7,,,Quirino,Diffun,6,6,8,15,8,0,0,3.02,5.4,3,0,Stem/Shoot/Fruit Borer,rice,6.63,Watchlist
municipality_month,2026,July,7,,,Quirino,Saguday,1,0,0.8,3,0.8,0,0,2.7,2.7,3,0,Stem/Shoot/Fruit Borer,rice,6.6,Watchlist
municipality_month,2026,December,12,,,Nueva Vizcaya,Villaverde,1,1,9.6,3,9.6,0,0,30,30,1,0,Fall Armyworm,corn,11.1,Watchlist
